time,rank,id,title
01:00,1,1621328561,"MONOPOLY GO!"
01:00,2,1482155847,"Royal Match"
01:00,3,1623318294,"Gossip Harbor®: Merge & Story"
01:00,4,553834731,"Candy Crush Saga"
01:00,5,6739554056,"Kingshot"
01:00,6,6448786147,"Last War:Survival"
01:00,7,1606549505,"Royal Kingdom"
01:00,8,6443575749,"Whiteout Survival"
01:00,9,638689075,"Township"
01:00,10,1176027022,"Toon Blast"
01:00,11,1094591345,"Pokémon GO"
01:00,12,1606356401,"Zenless Zone Zero - Anniv."
01:00,13,1300146617,"Free Fire: 9th Anniversary"
01:00,14,6503272652,"Last Z: Survival Shooter"
01:00,15,6471045672,"Tasty Travels: Merge Game"
01:00,16,1105855019,"Gardenscapes"
01:00,17,921022358,"Star Wars™: Galaxy of Heroes"
01:00,18,6751056652,"Pixel Flow!"
01:00,19,6449094229,"Match Factory!"
01:00,20,6752672568,"Block Out! - Color Sort Puzzle"
01:00,21,1243005112,"Lightning Link Casino Slots"
01:00,22,1094930513,"EA SPORTS FC Soccer Mobile 26"
01:00,23,529479190,"Clash of Clans"
01:00,24,406889139,"Coin Master"
01:00,25,1195621598,"Homescapes: Match 3 Games"
01:00,26,1643509748,"Merge Cooking®"
01:00,27,6475757306,"Disney Solitaire"
01:00,28,6499209744,"Magic Sort!"
01:00,29,664575829,"Fishdom"
01:00,30,1274132545,"Total Battle: War Strategy"
01:00,31,1287282214,"Call of Duty®: Mobile"
01:00,32,1358222641,"DRAGON BALL LEGENDS"
01:00,33,6740043080,"Screwdom"
01:00,34,6503284107,"All in Hole: Black Hole Games"
01:00,35,575980917,"Jackpot Party - Casino Slots"
01:00,36,1123582513,"Cashman Casino Slots Games"
01:00,37,307569751,"NYT Games: Wordle & Crossword"
01:00,38,1117270703,"eFootball™"
01:00,39,6670441558,"Dark War:Survival"
01:00,40,951627425,"DRAGON BALL Z DOKKAN BATTLE"
01:00,41,6748950306,"Solitaire Associations Journey"
01:00,42,850417475,"Candy Crush Soda Saga"
01:00,43,1098157959,"Evony"
01:00,44,1480516829,"Free Fire MAX"
01:00,45,6504332779,"Color Block Jam"
01:00,46,6755183085,"Yarn Loop: Knit Puzzle"
01:00,47,6751270546,"Sword x Staff"
01:00,48,1330123889,"PUBG MOBILE"
01:00,49,6618142292,"Flambé®: Merge and Cook"
01:00,50,1484468651,"Dice Dreams™"
01:00,51,945621521,"Quick Hit Casino - Vegas Slots"
01:00,52,1183802626,"Fate/Grand Order (English)"
01:00,53,1376515087,"Age of Origins:Tower Defense"
01:00,54,1521236603,"Travel Town - Merge Adventure"
01:00,55,1053012308,"Clash Royale"
01:00,56,506627515,"Hay Day"
01:00,57,1597760047,"OneState RP: Role Play Online"
01:00,58,890378044,"Toy Blast"
01:00,59,538212549,"Big Fish Casino: Slots Games"
01:00,60,6615077767,"Bingo Voyage: Live Bingo Games"
01:00,61,6479970832,"Pokémon TCG Pocket"
01:00,62,6443755785,"Seaside Escape®: Merge & Story"
01:00,63,6744812012,"X-Clash: Survival Challenge"
01:00,64,6756641249,"hololive Dreams"
01:00,65,6779167923,"Colony Flow!"
01:00,66,6754558455,"Marble Sort!"
01:00,67,479516143,"Minecraft: Play with Friends!"
01:00,68,6756058501,"Jelly Busters: Puzzle Game"
01:00,69,1517980891,"Puzzles & Survival"
01:00,70,1484442152,"Merge Mansion: Puzzles & Story"
01:00,71,6483539426,"Fortnite"
01:00,72,6756989323,"Last Asylum: Plague"
01:00,73,6503603603,"Mystery Town: Merge Games"
01:00,74,6748084174,"Smash Fest!"
01:00,75,529996768,"Bingo Blitz™ - BINGO Games"
01:00,76,6450110217,"Triple Match City"
01:00,77,1509450845,"CookieRun: Kingdom"
01:00,78,1558803930,"Matching Story - Merge & Match"
01:00,79,485126024,"DoubleDown™ Casino Vegas Slots"
01:00,80,1642607669,"Game of Thrones: Dragonfire"
01:00,81,1607122287,"Triple Match 3D"
01:00,82,1356045010,"Lotsa Slots™ - Vegas Casino"
01:00,83,1599719154,"Honkai: Star Rail"
01:00,84,719525810,"WSOP Poker: Texas Holdem Game"
01:00,85,329218549,"Chess.com - Play and Learn"
01:00,86,785537179,"Heart of Vegas - Casino Slots"
01:00,87,1462911602,"Dream League Soccer 2026"
01:00,88,6480433538,"Umamusume: Pretty Derby"
01:00,89,1522699215,"Love Island: The Game"
01:00,90,1404165333,"Cash Frenzy™ - Slots Casino"
01:00,91,6450834358,"Sunday City: Life Simulator"
01:00,92,1089225191,"Golf Clash - Golfing Simulator"
01:00,93,896112560,"Marvel Contest of Champions"
01:00,94,6746328263,"Castle Busters"
01:00,95,1229016807,"Brawl Stars"
01:00,96,1483058899,"Project Makeover"
01:00,97,880047117,"Angry Birds 2"
01:00,98,6741567125,"Clash of Critters"
01:00,99,6758138698,"Car Sort: Color Puzzle"
01:00,100,6504324020,"Hexa Away"
01:00,101,1591887467,"Cash Club Casino - Vegas Slots"
01:00,102,6747028173,"Hole Stars: Puzzle Game"
01:00,103,1090242126,"Jackpot Magic Slots & Casino"
01:00,104,447553564,"Slotomania™ Slots Machine Game"
01:00,105,1635337354,"Piggy Kingdom - Match 3 Games"
01:00,106,6757154335,"Cube Land Puzzle Game"
01:00,107,1223338261,"Solitaire Grand Harvest"
01:00,108,1206967173,"Yahtzee® with Buddies Dice"
01:00,109,1215145992,"MONOPOLY Slots Casino: Go Spin"
01:00,110,6738109752,"Tiles Survive!"
01:00,111,1356980152,"Jackpot World™ - Casino Slots"
01:00,112,6446389130,"Puzzles & Chaos: Frozen Castle"
01:00,113,806393795,"Gold Fish Casino Slots Games"
01:00,114,6769314786,"Food Hunt: Pixel Puzzle"
01:00,115,1091301948,"88 Fortunes™ Casino Slot Games"
01:00,116,6476976929,"Truck Star"
01:00,117,1311478292,"Mighty Fu Casino: Slots Game"
01:00,118,6762268182,"Z Route: Redemption"
01:00,119,6755455500,"Hollywood Merge"
01:00,120,6446005634,"Hunting Sniper"
01:00,121,6754593077,"NTE: Neverness to Everness"
01:00,122,543186831,"8 Ball Pool™"
01:00,123,6479752688,"Match Villains"
01:00,124,6745761596,"Coin Master - Board Adventure"
01:00,125,6746636289,"Forge Master – Idle RPG"
01:00,126,1496227521,"Magic: The Gathering Arena"
01:00,127,6740699102,"Hole It 3D"
01:00,128,1463509237,"Phase 10: Casual Card Game"
01:00,129,6752886832,"Hotel Legacy: Merge Game"
01:00,130,6504421808,"Car Match - Traffic Puzzle"
01:00,131,6744547461,"Happy Screw Trip 3D"
01:00,132,6444043291,"Domino Dreams™"
01:00,133,6747875092,"Yarn Fever! Unravel Puzzle"
01:00,134,1200391796,"June's Journey: Hidden Objects"
01:00,135,6446197181,"Glow Fashion Idol"
01:00,136,1343688545,"ONE PIECE Bounty Rush"
01:00,137,608206510,"Farm Heroes Saga"
01:00,138,6482849843,"Goods Puzzle: Sort Challenge"
01:00,139,1585915174,"GODDESS OF VICTORY: NIKKE"
01:00,140,6447612873,"Sea War: Uboat Raid"
01:00,141,1487911239,"Bingo Frenzy™-Live Bingo Games"
01:00,142,1354260888,"Rise of Kingdoms"
01:00,143,6739616715,"MapleStory : Idle RPG"
01:00,144,6740618570,"XP Hero"
01:00,145,6739124364,"Top Tycoon: Coin Theme Empire"
01:00,146,6444056676,"Tile Family®:Match Puzzle Game"
01:00,147,6740966864,"Dicero!"
01:00,148,6737595599,"Foundation: Galactic Frontier"
01:00,149,892521917,"Tiki Solitaire TriPeaks"
01:00,150,1480805172,"Cash Tornado™ Slots - Casino"
01:00,151,6449822109,"Cash Rally - Slots Casino Game"
01:00,152,6502820653,"Archero 2"
01:00,153,1117841866,"Empires & Puzzles: Match-3 RPG"
01:00,154,1071744151,"War and Order"
01:00,155,6738469826,"Lands of Jail"
01:00,156,1562817072,"Mob Control"
01:00,157,6741568655,"Mobile Legends: Bang Bang.US"
01:00,158,6449294809,"Invincible: Guarding the Globe"
01:00,159,6755173751,"Evo Defense"
01:00,160,642727743,"DoubleU Casino™ - Vegas Slots"
01:00,161,6740766025,"Gecko Out"
01:00,162,603097018,"Caesars Slots - Casino Games"
01:00,163,1578212119,"Jackpot Master™ Slots-Casino"
01:00,164,1479198816,"Top War: Battle Game"
01:00,165,1371565796,"RAID: Shadow Legends"
01:00,166,959038492,"Blackjack 21: Blackjackist"
01:00,167,1216575026,"Matchington Mansion"
01:00,168,1208952944,"Merge Dragons!"
01:00,169,852912420,"Summoners War X Frieren"
01:00,170,1492005122,"Diablo Immortal"
01:00,171,1662335371,"Raid Rush: Tower Defense TD"
01:00,172,887947640,"CSR 2 - Realistic Drag Racing"
01:00,173,6754839783,"Bubble Word Jam"
01:00,174,1419536376,"Yalla Ludo - Ludo&Jackaroo"
01:00,175,1198143062,"Ludo STAR"
01:00,176,6754363534,"Sand Loop"
01:00,177,1517783697,"Genshin Impact"
01:00,178,1599937506,"Warhammer 40,000: Tacticus ™"
01:00,179,6759763476,"Bus Traffic Fever!"
01:00,180,850057092,"The Battle Cats"
01:00,181,656971078,"Episode - Choose Your Story"
01:00,182,6746151928,"Heartopia"
01:00,183,806077016,"War Robots Multiplayer Battles"
01:00,184,714508224,"myVEGAS Slots - Real Rewards"
01:00,185,1196764367,"Words With Friends Word Game"
01:00,186,6450953550,"Top Heroes: Kingdom Saga"
01:00,187,354902315,"Zynga Poker ™ - Texas Hold'em"
01:00,188,1035712810,"Game of Thrones: Conquest ™"
01:00,189,1487451427,"Infinity Kingdom"
01:00,190,1269648762,"Old School RuneScape"
01:00,191,1207472156,"Wordscapes - Word Game"
01:00,192,466965151,"The Sims™ FreePlay"
01:00,193,6754925146,"Jigsaw Block Sort"
01:00,194,1010962391,"Design Home™: House Makeover"
01:00,195,1292952049,"MARVEL Strike Force: Squad RPG"
01:00,196,6757350661,"Police Chief"
01:00,197,6739867121,"Sort Express!"
01:00,198,1427744264,"Star Trek Fleet Command"
01:00,199,1510997559,"Supremacy: World War 3"
01:00,200,6475709488,"Carnival Tycoon: Coin Games"
02:30,1,1621328561,"MONOPOLY GO!"
02:30,2,1482155847,"Royal Match"
02:30,3,1623318294,"Gossip Harbor®: Merge & Story"
02:30,4,553834731,"Candy Crush Saga"
02:30,5,6739554056,"Kingshot"
02:30,6,6448786147,"Last War:Survival"
02:30,7,1606549505,"Royal Kingdom"
02:30,8,6443575749,"Whiteout Survival"
02:30,9,638689075,"Township"
02:30,10,1176027022,"Toon Blast"
02:30,11,1094591345,"Pokémon GO"
02:30,12,1606356401,"Zenless Zone Zero - Anniv."
02:30,13,1300146617,"Free Fire: 9th Anniversary"
02:30,14,6503272652,"Last Z: Survival Shooter"
02:30,15,6471045672,"Tasty Travels: Merge Game"
02:30,16,1105855019,"Gardenscapes"
02:30,17,921022358,"Star Wars™: Galaxy of Heroes"
02:30,18,6751056652,"Pixel Flow!"
02:30,19,6449094229,"Match Factory!"
02:30,20,6752672568,"Block Out! - Color Sort Puzzle"
02:30,21,1243005112,"Lightning Link Casino Slots"
02:30,22,529479190,"Clash of Clans"
02:30,23,1094930513,"EA SPORTS FC Soccer Mobile 26"
02:30,24,1358222641,"DRAGON BALL LEGENDS"
02:30,25,1195621598,"Homescapes: Match 3 Games"
02:30,26,406889139,"Coin Master"
02:30,27,1643509748,"Merge Cooking®"
02:30,28,6475757306,"Disney Solitaire"
02:30,29,664575829,"Fishdom"
02:30,30,6499209744,"Magic Sort!"
02:30,31,1183802626,"Fate/Grand Order (English)"
02:30,32,1274132545,"Total Battle: War Strategy"
02:30,33,951627425,"DRAGON BALL Z DOKKAN BATTLE"
02:30,34,307569751,"NYT Games: Wordle & Crossword"
02:30,35,1287282214,"Call of Duty®: Mobile"
02:30,36,6503284107,"All in Hole: Black Hole Games"
02:30,37,575980917,"Jackpot Party - Casino Slots"
02:30,38,6740043080,"Screwdom"
02:30,39,1123582513,"Cashman Casino Slots Games"
02:30,40,1480516829,"Free Fire MAX"
02:30,41,6670441558,"Dark War:Survival"
02:30,42,1117270703,"eFootball™"
02:30,43,1098157959,"Evony"
02:30,44,850417475,"Candy Crush Soda Saga"
02:30,45,6748950306,"Solitaire Associations Journey"
02:30,46,6751270546,"Sword x Staff"
02:30,47,6504332779,"Color Block Jam"
02:30,48,6755183085,"Yarn Loop: Knit Puzzle"
02:30,49,1330123889,"PUBG MOBILE"
02:30,50,6618142292,"Flambé®: Merge and Cook"
02:30,51,1484468651,"Dice Dreams™"
02:30,52,945621521,"Quick Hit Casino - Vegas Slots"
02:30,53,1521236603,"Travel Town - Merge Adventure"
02:30,54,1376515087,"Age of Origins:Tower Defense"
02:30,55,6479970832,"Pokémon TCG Pocket"
02:30,56,1053012308,"Clash Royale"
02:30,57,890378044,"Toy Blast"
02:30,58,506627515,"Hay Day"
02:30,59,6615077767,"Bingo Voyage: Live Bingo Games"
02:30,60,1597760047,"OneState RP: Role Play Online"
02:30,61,538212549,"Big Fish Casino: Slots Games"
02:30,62,6443755785,"Seaside Escape®: Merge & Story"
02:30,63,6744812012,"X-Clash: Survival Challenge"
02:30,64,6754558455,"Marble Sort!"
02:30,65,6779167923,"Colony Flow!"
02:30,66,6756641249,"hololive Dreams"
02:30,67,479516143,"Minecraft: Play with Friends!"
02:30,68,1484442152,"Merge Mansion: Puzzles & Story"
02:30,69,529996768,"Bingo Blitz™ - BINGO Games"
02:30,70,6756058501,"Jelly Busters: Puzzle Game"
02:30,71,1517980891,"Puzzles & Survival"
02:30,72,485126024,"DoubleDown™ Casino Vegas Slots"
02:30,73,6450110217,"Triple Match City"
02:30,74,6503603603,"Mystery Town: Merge Games"
02:30,75,6748084174,"Smash Fest!"
02:30,76,6756989323,"Last Asylum: Plague"
02:30,77,6483539426,"Fortnite"
02:30,78,1509450845,"CookieRun: Kingdom"
02:30,79,1558803930,"Matching Story - Merge & Match"
02:30,80,1607122287,"Triple Match 3D"
02:30,81,329218549,"Chess.com - Play and Learn"
02:30,82,1356045010,"Lotsa Slots™ - Vegas Casino"
02:30,83,1642607669,"Game of Thrones: Dragonfire"
02:30,84,1089225191,"Golf Clash - Golfing Simulator"
02:30,85,719525810,"WSOP Poker: Texas Holdem Game"
02:30,86,1599719154,"Honkai: Star Rail"
02:30,87,1522699215,"Love Island: The Game"
02:30,88,1404165333,"Cash Frenzy™ - Slots Casino"
02:30,89,6450834358,"Sunday City: Life Simulator"
02:30,90,785537179,"Heart of Vegas - Casino Slots"
02:30,91,1462911602,"Dream League Soccer 2026"
02:30,92,6480433538,"Umamusume: Pretty Derby"
02:30,93,6746328263,"Castle Busters"
02:30,94,896112560,"Marvel Contest of Champions"
02:30,95,1229016807,"Brawl Stars"
02:30,96,6741567125,"Clash of Critters"
02:30,97,1483058899,"Project Makeover"
02:30,98,880047117,"Angry Birds 2"
02:30,99,6758138698,"Car Sort: Color Puzzle"
02:30,100,1635337354,"Piggy Kingdom - Match 3 Games"
02:30,101,447553564,"Slotomania™ Slots Machine Game"
02:30,102,6504324020,"Hexa Away"
02:30,103,1090242126,"Jackpot Magic Slots & Casino"
02:30,104,6747028173,"Hole Stars: Puzzle Game"
02:30,105,1591887467,"Cash Club Casino - Vegas Slots"
02:30,106,6757154335,"Cube Land Puzzle Game"
02:30,107,1206967173,"Yahtzee® with Buddies Dice"
02:30,108,1223338261,"Solitaire Grand Harvest"
02:30,109,1356980152,"Jackpot World™ - Casino Slots"
02:30,110,543186831,"8 Ball Pool™"
02:30,111,6738109752,"Tiles Survive!"
02:30,112,6446389130,"Puzzles & Chaos: Frozen Castle"
02:30,113,1215145992,"MONOPOLY Slots Casino: Go Spin"
02:30,114,6476976929,"Truck Star"
02:30,115,6769314786,"Food Hunt: Pixel Puzzle"
02:30,116,6762268182,"Z Route: Redemption"
02:30,117,1091301948,"88 Fortunes™ Casino Slot Games"
02:30,118,1311478292,"Mighty Fu Casino: Slots Game"
02:30,119,806393795,"Gold Fish Casino Slots Games"
02:30,120,6446005634,"Hunting Sniper"
02:30,121,6479752688,"Match Villains"
02:30,122,6755455500,"Hollywood Merge"
02:30,123,6754593077,"NTE: Neverness to Everness"
02:30,124,6745761596,"Coin Master - Board Adventure"
02:30,125,6746636289,"Forge Master – Idle RPG"
02:30,126,1496227521,"Magic: The Gathering Arena"
02:30,127,6752886832,"Hotel Legacy: Merge Game"
02:30,128,6740699102,"Hole It 3D"
02:30,129,1463509237,"Phase 10: Casual Card Game"
02:30,130,1343688545,"ONE PIECE Bounty Rush"
02:30,131,6504421808,"Car Match - Traffic Puzzle"
02:30,132,6744547461,"Happy Screw Trip 3D"
02:30,133,1200391796,"June's Journey: Hidden Objects"
02:30,134,1585915174,"GODDESS OF VICTORY: NIKKE"
02:30,135,6444043291,"Domino Dreams™"
02:30,136,6747875092,"Yarn Fever! Unravel Puzzle"
02:30,137,6446197181,"Glow Fashion Idol"
02:30,138,608206510,"Farm Heroes Saga"
02:30,139,1487911239,"Bingo Frenzy™-Live Bingo Games"
02:30,140,6482849843,"Goods Puzzle: Sort Challenge"
02:30,141,6739124364,"Top Tycoon: Coin Theme Empire"
02:30,142,892521917,"Tiki Solitaire TriPeaks"
02:30,143,1354260888,"Rise of Kingdoms"
02:30,144,6447612873,"Sea War: Uboat Raid"
02:30,145,1492005122,"Diablo Immortal"
02:30,146,6739616715,"MapleStory : Idle RPG"
02:30,147,6740618570,"XP Hero"
02:30,148,6502326151,"Chaos Zero Nightmare"
02:30,149,852912420,"Summoners War X Frieren"
02:30,150,6444056676,"Tile Family®:Match Puzzle Game"
02:30,151,6740966864,"Dicero!"
02:30,152,1480805172,"Cash Tornado™ Slots - Casino"
02:30,153,1117841866,"Empires & Puzzles: Match-3 RPG"
02:30,154,6449294809,"Invincible: Guarding the Globe"
02:30,155,1371565796,"RAID: Shadow Legends"
02:30,156,6737595599,"Foundation: Galactic Frontier"
02:30,157,1562817072,"Mob Control"
02:30,158,6449822109,"Cash Rally - Slots Casino Game"
02:30,159,1071744151,"War and Order"
02:30,160,6738469826,"Lands of Jail"
02:30,161,603097018,"Caesars Slots - Casino Games"
02:30,162,6502820653,"Archero 2"
02:30,163,6741568655,"Mobile Legends: Bang Bang.US"
02:30,164,6755173751,"Evo Defense"
02:30,165,1578212119,"Jackpot Master™ Slots-Casino"
02:30,166,1662335371,"Raid Rush: Tower Defense TD"
02:30,167,1216575026,"Matchington Mansion"
02:30,168,1479198816,"Top War: Battle Game"
02:30,169,642727743,"DoubleU Casino™ - Vegas Slots"
02:30,170,6740766025,"Gecko Out"
02:30,171,1208952944,"Merge Dragons!"
02:30,172,887947640,"CSR 2 - Realistic Drag Racing"
02:30,173,1419536376,"Yalla Ludo - Ludo&Jackaroo"
02:30,174,959038492,"Blackjack 21: Blackjackist"
02:30,175,6754839783,"Bubble Word Jam"
02:30,176,1198143062,"Ludo STAR"
02:30,177,1354796403,"Golf Rival - Multiplayer Game"
02:30,178,6754363534,"Sand Loop"
02:30,179,1196764367,"Words With Friends Word Game"
02:30,180,1269648762,"Old School RuneScape"
02:30,181,806077016,"War Robots Multiplayer Battles"
02:30,182,1207472156,"Wordscapes - Word Game"
02:30,183,6759763476,"Bus Traffic Fever!"
02:30,184,1517783697,"Genshin Impact"
02:30,185,1035712810,"Game of Thrones: Conquest ™"
02:30,186,850057092,"The Battle Cats"
02:30,187,1599937506,"Warhammer 40,000: Tacticus ™"
02:30,188,656971078,"Episode - Choose Your Story"
02:30,189,6450953550,"Top Heroes: Kingdom Saga"
02:30,190,1510997559,"Supremacy: World War 3"
02:30,191,1487451427,"Infinity Kingdom"
02:30,192,6754925146,"Jigsaw Block Sort"
02:30,193,1010962391,"Design Home™: House Makeover"
02:30,194,6746151928,"Heartopia"
02:30,195,6475709488,"Carnival Tycoon: Coin Games"
02:30,196,1292952049,"MARVEL Strike Force: Squad RPG"
02:30,197,1427744264,"Star Trek Fleet Command"
02:30,198,354902315,"Zynga Poker ™ - Texas Hold'em"
02:30,199,714508224,"myVEGAS Slots - Real Rewards"
02:30,200,1181774280,"Fire Emblem Heroes"
03:30,1,1621328561,"MONOPOLY GO!"
03:30,2,1482155847,"Royal Match"
03:30,3,1623318294,"Gossip Harbor®: Merge & Story"
03:30,4,553834731,"Candy Crush Saga"
03:30,5,6739554056,"Kingshot"
03:30,6,6448786147,"Last War:Survival"
03:30,7,1606549505,"Royal Kingdom"
03:30,8,6443575749,"Whiteout Survival"
03:30,9,638689075,"Township"
03:30,10,1176027022,"Toon Blast"
03:30,11,1094591345,"Pokémon GO"
03:30,12,1606356401,"Zenless Zone Zero - Anniv."
03:30,13,1300146617,"Free Fire: 9th Anniversary"
03:30,14,6503272652,"Last Z: Survival Shooter"
03:30,15,6471045672,"Tasty Travels: Merge Game"
03:30,16,1105855019,"Gardenscapes"
03:30,17,921022358,"Star Wars™: Galaxy of Heroes"
03:30,18,6751056652,"Pixel Flow!"
03:30,19,6449094229,"Match Factory!"
03:30,20,6752672568,"Block Out! - Color Sort Puzzle"
03:30,21,1243005112,"Lightning Link Casino Slots"
03:30,22,529479190,"Clash of Clans"
03:30,23,1094930513,"EA SPORTS FC Soccer Mobile 26"
03:30,24,1358222641,"DRAGON BALL LEGENDS"
03:30,25,1195621598,"Homescapes: Match 3 Games"
03:30,26,406889139,"Coin Master"
03:30,27,1643509748,"Merge Cooking®"
03:30,28,6475757306,"Disney Solitaire"
03:30,29,664575829,"Fishdom"
03:30,30,6499209744,"Magic Sort!"
03:30,31,1183802626,"Fate/Grand Order (English)"
03:30,32,1274132545,"Total Battle: War Strategy"
03:30,33,951627425,"DRAGON BALL Z DOKKAN BATTLE"
03:30,34,307569751,"NYT Games: Wordle & Crossword"
03:30,35,1287282214,"Call of Duty®: Mobile"
03:30,36,6503284107,"All in Hole: Black Hole Games"
03:30,37,575980917,"Jackpot Party - Casino Slots"
03:30,38,6740043080,"Screwdom"
03:30,39,1123582513,"Cashman Casino Slots Games"
03:30,40,1480516829,"Free Fire MAX"
03:30,41,6670441558,"Dark War:Survival"
03:30,42,1117270703,"eFootball™"
03:30,43,1098157959,"Evony"
03:30,44,850417475,"Candy Crush Soda Saga"
03:30,45,6748950306,"Solitaire Associations Journey"
03:30,46,6751270546,"Sword x Staff"
03:30,47,6504332779,"Color Block Jam"
03:30,48,6755183085,"Yarn Loop: Knit Puzzle"
03:30,49,1330123889,"PUBG MOBILE"
03:30,50,6618142292,"Flambé®: Merge and Cook"
03:30,51,1484468651,"Dice Dreams™"
03:30,52,945621521,"Quick Hit Casino - Vegas Slots"
03:30,53,1521236603,"Travel Town - Merge Adventure"
03:30,54,1376515087,"Age of Origins:Tower Defense"
03:30,55,6479970832,"Pokémon TCG Pocket"
03:30,56,1053012308,"Clash Royale"
03:30,57,890378044,"Toy Blast"
03:30,58,506627515,"Hay Day"
03:30,59,6615077767,"Bingo Voyage: Live Bingo Games"
03:30,60,1597760047,"OneState RP: Role Play Online"
03:30,61,538212549,"Big Fish Casino: Slots Games"
03:30,62,6443755785,"Seaside Escape®: Merge & Story"
03:30,63,6744812012,"X-Clash: Survival Challenge"
03:30,64,6754558455,"Marble Sort!"
03:30,65,6779167923,"Colony Flow!"
03:30,66,6756641249,"hololive Dreams"
03:30,67,479516143,"Minecraft: Play with Friends!"
03:30,68,1484442152,"Merge Mansion: Puzzles & Story"
03:30,69,529996768,"Bingo Blitz™ - BINGO Games"
03:30,70,6756058501,"Jelly Busters: Puzzle Game"
03:30,71,1517980891,"Puzzles & Survival"
03:30,72,485126024,"DoubleDown™ Casino Vegas Slots"
03:30,73,6450110217,"Triple Match City"
03:30,74,6503603603,"Mystery Town: Merge Games"
03:30,75,6748084174,"Smash Fest!"
03:30,76,6756989323,"Last Asylum: Plague"
03:30,77,6483539426,"Fortnite"
03:30,78,1509450845,"CookieRun: Kingdom"
03:30,79,1558803930,"Matching Story - Merge & Match"
03:30,80,1607122287,"Triple Match 3D"
03:30,81,329218549,"Chess.com - Play and Learn"
03:30,82,1356045010,"Lotsa Slots™ - Vegas Casino"
03:30,83,1642607669,"Game of Thrones: Dragonfire"
03:30,84,1089225191,"Golf Clash - Golfing Simulator"
03:30,85,719525810,"WSOP Poker: Texas Holdem Game"
03:30,86,1599719154,"Honkai: Star Rail"
03:30,87,1522699215,"Love Island: The Game"
03:30,88,1404165333,"Cash Frenzy™ - Slots Casino"
03:30,89,6450834358,"Sunday City: Life Simulator"
03:30,90,785537179,"Heart of Vegas - Casino Slots"
03:30,91,1462911602,"Dream League Soccer 2026"
03:30,92,6480433538,"Umamusume: Pretty Derby"
03:30,93,6746328263,"Castle Busters"
03:30,94,896112560,"Marvel Contest of Champions"
03:30,95,1229016807,"Brawl Stars"
03:30,96,6741567125,"Clash of Critters"
03:30,97,1483058899,"Project Makeover"
03:30,98,880047117,"Angry Birds 2"
03:30,99,6758138698,"Car Sort: Color Puzzle"
03:30,100,1635337354,"Piggy Kingdom - Match 3 Games"
03:30,101,447553564,"Slotomania™ Slots Machine Game"
03:30,102,6504324020,"Hexa Away"
03:30,103,1090242126,"Jackpot Magic Slots & Casino"
03:30,104,6747028173,"Hole Stars: Puzzle Game"
03:30,105,1591887467,"Cash Club Casino - Vegas Slots"
03:30,106,6757154335,"Cube Land Puzzle Game"
03:30,107,1206967173,"Yahtzee® with Buddies Dice"
03:30,108,1223338261,"Solitaire Grand Harvest"
03:30,109,1356980152,"Jackpot World™ - Casino Slots"
03:30,110,543186831,"8 Ball Pool™"
03:30,111,6738109752,"Tiles Survive!"
03:30,112,6446389130,"Puzzles & Chaos: Frozen Castle"
03:30,113,1215145992,"MONOPOLY Slots Casino: Go Spin"
03:30,114,6476976929,"Truck Star"
03:30,115,6769314786,"Food Hunt: Pixel Puzzle"
03:30,116,6762268182,"Z Route: Redemption"
03:30,117,1091301948,"88 Fortunes™ Casino Slot Games"
03:30,118,1311478292,"Mighty Fu Casino: Slots Game"
03:30,119,806393795,"Gold Fish Casino Slots Games"
03:30,120,6446005634,"Hunting Sniper"
03:30,121,6479752688,"Match Villains"
03:30,122,6755455500,"Hollywood Merge"
03:30,123,6754593077,"NTE: Neverness to Everness"
03:30,124,6745761596,"Coin Master - Board Adventure"
03:30,125,6746636289,"Forge Master – Idle RPG"
03:30,126,1496227521,"Magic: The Gathering Arena"
03:30,127,6752886832,"Hotel Legacy: Merge Game"
03:30,128,6740699102,"Hole It 3D"
03:30,129,1463509237,"Phase 10: Casual Card Game"
03:30,130,1343688545,"ONE PIECE Bounty Rush"
03:30,131,6504421808,"Car Match - Traffic Puzzle"
03:30,132,6744547461,"Happy Screw Trip 3D"
03:30,133,1200391796,"June's Journey: Hidden Objects"
03:30,134,1585915174,"GODDESS OF VICTORY: NIKKE"
03:30,135,6444043291,"Domino Dreams™"
03:30,136,6747875092,"Yarn Fever! Unravel Puzzle"
03:30,137,6446197181,"Glow Fashion Idol"
03:30,138,608206510,"Farm Heroes Saga"
03:30,139,1487911239,"Bingo Frenzy™-Live Bingo Games"
03:30,140,6482849843,"Goods Puzzle: Sort Challenge"
03:30,141,6739124364,"Top Tycoon: Coin Theme Empire"
03:30,142,892521917,"Tiki Solitaire TriPeaks"
03:30,143,1354260888,"Rise of Kingdoms"
03:30,144,6447612873,"Sea War: Uboat Raid"
03:30,145,1492005122,"Diablo Immortal"
03:30,146,6739616715,"MapleStory : Idle RPG"
03:30,147,6740618570,"XP Hero"
03:30,148,6502326151,"Chaos Zero Nightmare"
03:30,149,852912420,"Summoners War X Frieren"
03:30,150,6444056676,"Tile Family®:Match Puzzle Game"
03:30,151,6740966864,"Dicero!"
03:30,152,1480805172,"Cash Tornado™ Slots - Casino"
03:30,153,1117841866,"Empires & Puzzles: Match-3 RPG"
03:30,154,6449294809,"Invincible: Guarding the Globe"
03:30,155,1371565796,"RAID: Shadow Legends"
03:30,156,6737595599,"Foundation: Galactic Frontier"
03:30,157,1562817072,"Mob Control"
03:30,158,6449822109,"Cash Rally - Slots Casino Game"
03:30,159,1071744151,"War and Order"
03:30,160,6738469826,"Lands of Jail"
03:30,161,603097018,"Caesars Slots - Casino Games"
03:30,162,6502820653,"Archero 2"
03:30,163,6741568655,"Mobile Legends: Bang Bang.US"
03:30,164,6755173751,"Evo Defense"
03:30,165,1578212119,"Jackpot Master™ Slots-Casino"
03:30,166,1662335371,"Raid Rush: Tower Defense TD"
03:30,167,1216575026,"Matchington Mansion"
03:30,168,1479198816,"Top War: Battle Game"
03:30,169,642727743,"DoubleU Casino™ - Vegas Slots"
03:30,170,6740766025,"Gecko Out"
03:30,171,1208952944,"Merge Dragons!"
03:30,172,887947640,"CSR 2 - Realistic Drag Racing"
03:30,173,1419536376,"Yalla Ludo - Ludo&Jackaroo"
03:30,174,959038492,"Blackjack 21: Blackjackist"
03:30,175,6754839783,"Bubble Word Jam"
03:30,176,1198143062,"Ludo STAR"
03:30,177,1354796403,"Golf Rival - Multiplayer Game"
03:30,178,6754363534,"Sand Loop"
03:30,179,1196764367,"Words With Friends Word Game"
03:30,180,1269648762,"Old School RuneScape"
03:30,181,806077016,"War Robots Multiplayer Battles"
03:30,182,1207472156,"Wordscapes - Word Game"
03:30,183,6759763476,"Bus Traffic Fever!"
03:30,184,1517783697,"Genshin Impact"
03:30,185,1035712810,"Game of Thrones: Conquest ™"
03:30,186,850057092,"The Battle Cats"
03:30,187,1599937506,"Warhammer 40,000: Tacticus ™"
03:30,188,656971078,"Episode - Choose Your Story"
03:30,189,6450953550,"Top Heroes: Kingdom Saga"
03:30,190,1510997559,"Supremacy: World War 3"
03:30,191,1487451427,"Infinity Kingdom"
03:30,192,6754925146,"Jigsaw Block Sort"
03:30,193,1010962391,"Design Home™: House Makeover"
03:30,194,6746151928,"Heartopia"
03:30,195,6475709488,"Carnival Tycoon: Coin Games"
03:30,196,1292952049,"MARVEL Strike Force: Squad RPG"
03:30,197,1427744264,"Star Trek Fleet Command"
03:30,198,354902315,"Zynga Poker ™ - Texas Hold'em"
03:30,199,714508224,"myVEGAS Slots - Real Rewards"
03:30,200,1181774280,"Fire Emblem Heroes"
05:00,1,1621328561,"MONOPOLY GO!"
05:00,2,1482155847,"Royal Match"
05:00,3,553834731,"Candy Crush Saga"
05:00,4,1623318294,"Gossip Harbor®: Merge & Story"
05:00,5,6739554056,"Kingshot"
05:00,6,6448786147,"Last War:Survival"
05:00,7,1606549505,"Royal Kingdom"
05:00,8,638689075,"Township"
05:00,9,6443575749,"Whiteout Survival"
05:00,10,1094591345,"Pokémon GO"
05:00,11,1176027022,"Toon Blast"
05:00,12,1606356401,"Zenless Zone Zero - Anniv."
05:00,13,1300146617,"Free Fire: 9th Anniversary"
05:00,14,6503272652,"Last Z: Survival Shooter"
05:00,15,6471045672,"Tasty Travels: Merge Game"
05:00,16,1105855019,"Gardenscapes"
05:00,17,921022358,"Star Wars™: Galaxy of Heroes"
05:00,18,6751056652,"Pixel Flow!"
05:00,19,6449094229,"Match Factory!"
05:00,20,1358222641,"DRAGON BALL LEGENDS"
05:00,21,6752672568,"Block Out! - Color Sort Puzzle"
05:00,22,529479190,"Clash of Clans"
05:00,23,1243005112,"Lightning Link Casino Slots"
05:00,24,406889139,"Coin Master"
05:00,25,1195621598,"Homescapes: Match 3 Games"
05:00,26,1094930513,"EA SPORTS FC Soccer Mobile 26"
05:00,27,1183802626,"Fate/Grand Order (English)"
05:00,28,1643509748,"Merge Cooking®"
05:00,29,6475757306,"Disney Solitaire"
05:00,30,664575829,"Fishdom"
05:00,31,6499209744,"Magic Sort!"
05:00,32,951627425,"DRAGON BALL Z DOKKAN BATTLE"
05:00,33,1274132545,"Total Battle: War Strategy"
05:00,34,307569751,"NYT Games: Wordle & Crossword"
05:00,35,6503284107,"All in Hole: Black Hole Games"
05:00,36,1287282214,"Call of Duty®: Mobile"
05:00,37,1480516829,"Free Fire MAX"
05:00,38,6740043080,"Screwdom"
05:00,39,575980917,"Jackpot Party - Casino Slots"
05:00,40,1123582513,"Cashman Casino Slots Games"
05:00,41,6670441558,"Dark War:Survival"
05:00,42,850417475,"Candy Crush Soda Saga"
05:00,43,1098157959,"Evony"
05:00,44,1117270703,"eFootball™"
05:00,45,6751270546,"Sword x Staff"
05:00,46,6748950306,"Solitaire Associations Journey"
05:00,47,6504332779,"Color Block Jam"
05:00,48,1330123889,"PUBG MOBILE"
05:00,49,6755183085,"Yarn Loop: Knit Puzzle"
05:00,50,6618142292,"Flambé®: Merge and Cook"
05:00,51,1484468651,"Dice Dreams™"
05:00,52,945621521,"Quick Hit Casino - Vegas Slots"
05:00,53,1521236603,"Travel Town - Merge Adventure"
05:00,54,1053012308,"Clash Royale"
05:00,55,6479970832,"Pokémon TCG Pocket"
05:00,56,506627515,"Hay Day"
05:00,57,890378044,"Toy Blast"
05:00,58,1376515087,"Age of Origins:Tower Defense"
05:00,59,6615077767,"Bingo Voyage: Live Bingo Games"
05:00,60,538212549,"Big Fish Casino: Slots Games"
05:00,61,1597760047,"OneState RP: Role Play Online"
05:00,62,6443755785,"Seaside Escape®: Merge & Story"
05:00,63,1484442152,"Merge Mansion: Puzzles & Story"
05:00,64,6744812012,"X-Clash: Survival Challenge"
05:00,65,6754558455,"Marble Sort!"
05:00,66,6779167923,"Colony Flow!"
05:00,67,479516143,"Minecraft: Play with Friends!"
05:00,68,529996768,"Bingo Blitz™ - BINGO Games"
05:00,69,6756641249,"hololive Dreams"
05:00,70,6756058501,"Jelly Busters: Puzzle Game"
05:00,71,6503603603,"Mystery Town: Merge Games"
05:00,72,6756989323,"Last Asylum: Plague"
05:00,73,1517980891,"Puzzles & Survival"
05:00,74,6450110217,"Triple Match City"
05:00,75,6748084174,"Smash Fest!"
05:00,76,1509450845,"CookieRun: Kingdom"
05:00,77,329218549,"Chess.com - Play and Learn"
05:00,78,1558803930,"Matching Story - Merge & Match"
05:00,79,6483539426,"Fortnite"
05:00,80,485126024,"DoubleDown™ Casino Vegas Slots"
05:00,81,1607122287,"Triple Match 3D"
05:00,82,1356045010,"Lotsa Slots™ - Vegas Casino"
05:00,83,1642607669,"Game of Thrones: Dragonfire"
05:00,84,1089225191,"Golf Clash - Golfing Simulator"
05:00,85,719525810,"WSOP Poker: Texas Holdem Game"
05:00,86,1522699215,"Love Island: The Game"
05:00,87,1599719154,"Honkai: Star Rail"
05:00,88,6450834358,"Sunday City: Life Simulator"
05:00,89,1462911602,"Dream League Soccer 2026"
05:00,90,6741567125,"Clash of Critters"
05:00,91,1404165333,"Cash Frenzy™ - Slots Casino"
05:00,92,6480433538,"Umamusume: Pretty Derby"
05:00,93,1229016807,"Brawl Stars"
05:00,94,6746328263,"Castle Busters"
05:00,95,785537179,"Heart of Vegas - Casino Slots"
05:00,96,896112560,"Marvel Contest of Champions"
05:00,97,1483058899,"Project Makeover"
05:00,98,880047117,"Angry Birds 2"
05:00,99,6758138698,"Car Sort: Color Puzzle"
05:00,100,1635337354,"Piggy Kingdom - Match 3 Games"
05:00,101,447553564,"Slotomania™ Slots Machine Game"
05:00,102,1090242126,"Jackpot Magic Slots & Casino"
05:00,103,6504324020,"Hexa Away"
05:00,104,543186831,"8 Ball Pool™"
05:00,105,6747028173,"Hole Stars: Puzzle Game"
05:00,106,1591887467,"Cash Club Casino - Vegas Slots"
05:00,107,1206967173,"Yahtzee® with Buddies Dice"
05:00,108,6757154335,"Cube Land Puzzle Game"
05:00,109,6738109752,"Tiles Survive!"
05:00,110,1356980152,"Jackpot World™ - Casino Slots"
05:00,111,1223338261,"Solitaire Grand Harvest"
05:00,112,6762268182,"Z Route: Redemption"
05:00,113,1215145992,"MONOPOLY Slots Casino: Go Spin"
05:00,114,6476976929,"Truck Star"
05:00,115,6769314786,"Food Hunt: Pixel Puzzle"
05:00,116,6446389130,"Puzzles & Chaos: Frozen Castle"
05:00,117,1311478292,"Mighty Fu Casino: Slots Game"
05:00,118,1091301948,"88 Fortunes™ Casino Slot Games"
05:00,119,6745761596,"Coin Master - Board Adventure"
05:00,120,6479752688,"Match Villains"
05:00,121,6446005634,"Hunting Sniper"
05:00,122,806393795,"Gold Fish Casino Slots Games"
05:00,123,6755455500,"Hollywood Merge"
05:00,124,6754593077,"NTE: Neverness to Everness"
05:00,125,1496227521,"Magic: The Gathering Arena"
05:00,126,6746636289,"Forge Master – Idle RPG"
05:00,127,6502326151,"Chaos Zero Nightmare"
05:00,128,1585915174,"GODDESS OF VICTORY: NIKKE"
05:00,129,6752886832,"Hotel Legacy: Merge Game"
05:00,130,1343688545,"ONE PIECE Bounty Rush"
05:00,131,852912420,"Summoners War X Frieren"
05:00,132,1463509237,"Phase 10: Casual Card Game"
05:00,133,6740699102,"Hole It 3D"
05:00,134,6504421808,"Car Match - Traffic Puzzle"
05:00,135,6744547461,"Happy Screw Trip 3D"
05:00,136,1492005122,"Diablo Immortal"
05:00,137,1200391796,"June's Journey: Hidden Objects"
05:00,138,6444043291,"Domino Dreams™"
05:00,139,6747875092,"Yarn Fever! Unravel Puzzle"
05:00,140,1487911239,"Bingo Frenzy™-Live Bingo Games"
05:00,141,608206510,"Farm Heroes Saga"
05:00,142,1371565796,"RAID: Shadow Legends"
05:00,143,892521917,"Tiki Solitaire TriPeaks"
05:00,144,6446197181,"Glow Fashion Idol"
05:00,145,6739124364,"Top Tycoon: Coin Theme Empire"
05:00,146,6482849843,"Goods Puzzle: Sort Challenge"
05:00,147,1354260888,"Rise of Kingdoms"
05:00,148,6740618570,"XP Hero"
05:00,149,1117841866,"Empires & Puzzles: Match-3 RPG"
05:00,150,6449294809,"Invincible: Guarding the Globe"
05:00,151,6739616715,"MapleStory : Idle RPG"
05:00,152,6444056676,"Tile Family®:Match Puzzle Game"
05:00,153,6447612873,"Sea War: Uboat Raid"
05:00,154,1480805172,"Cash Tornado™ Slots - Casino"
05:00,155,6740966864,"Dicero!"
05:00,156,6737595599,"Foundation: Galactic Frontier"
05:00,157,1562817072,"Mob Control"
05:00,158,603097018,"Caesars Slots - Casino Games"
05:00,159,6449822109,"Cash Rally - Slots Casino Game"
05:00,160,1071744151,"War and Order"
05:00,161,6738469826,"Lands of Jail"
05:00,162,6741568655,"Mobile Legends: Bang Bang.US"
05:00,163,6502820653,"Archero 2"
05:00,164,1479198816,"Top War: Battle Game"
05:00,165,1578212119,"Jackpot Master™ Slots-Casino"
05:00,166,1354796403,"Golf Rival - Multiplayer Game"
05:00,167,6740766025,"Gecko Out"
05:00,168,1419536376,"Yalla Ludo - Ludo&Jackaroo"
05:00,169,1216575026,"Matchington Mansion"
05:00,170,1662335371,"Raid Rush: Tower Defense TD"
05:00,171,642727743,"DoubleU Casino™ - Vegas Slots"
05:00,172,6755173751,"Evo Defense"
05:00,173,887947640,"CSR 2 - Realistic Drag Racing"
05:00,174,850057092,"The Battle Cats"
05:00,175,1181774280,"Fire Emblem Heroes"
05:00,176,1269648762,"Old School RuneScape"
05:00,177,1208952944,"Merge Dragons!"
05:00,178,6754839783,"Bubble Word Jam"
05:00,179,1196764367,"Words With Friends Word Game"
05:00,180,6754363534,"Sand Loop"
05:00,181,1198143062,"Ludo STAR"
05:00,182,959038492,"Blackjack 21: Blackjackist"
05:00,183,1517783697,"Genshin Impact"
05:00,184,1510997559,"Supremacy: World War 3"
05:00,185,431946152,"Roblox"
05:00,186,806077016,"War Robots Multiplayer Battles"
05:00,187,1010962391,"Design Home™: House Makeover"
05:00,188,1207472156,"Wordscapes - Word Game"
05:00,189,6759763476,"Bus Traffic Fever!"
05:00,190,1427744264,"Star Trek Fleet Command"
05:00,191,6754925146,"Jigsaw Block Sort"
05:00,192,1599937506,"Warhammer 40,000: Tacticus ™"
05:00,193,656971078,"Episode - Choose Your Story"
05:00,194,6746151928,"Heartopia"
05:00,195,6450953550,"Top Heroes: Kingdom Saga"
05:00,196,1035712810,"Game of Thrones: Conquest ™"
05:00,197,6475709488,"Carnival Tycoon: Coin Games"
05:00,198,1292952049,"MARVEL Strike Force: Squad RPG"
05:00,199,6473058122,"Charades Guess Game · Guessly"
05:00,200,354902315,"Zynga Poker ™ - Texas Hold'em"
06:00,1,1621328561,"MONOPOLY GO!"
06:00,2,1482155847,"Royal Match"
06:00,3,553834731,"Candy Crush Saga"
06:00,4,1623318294,"Gossip Harbor®: Merge & Story"
06:00,5,6739554056,"Kingshot"
06:00,6,6448786147,"Last War:Survival"
06:00,7,1606549505,"Royal Kingdom"
06:00,8,638689075,"Township"
06:00,9,6443575749,"Whiteout Survival"
06:00,10,1094591345,"Pokémon GO"
06:00,11,1176027022,"Toon Blast"
06:00,12,1606356401,"Zenless Zone Zero - Anniv."
06:00,13,1300146617,"Free Fire: 9th Anniversary"
06:00,14,6503272652,"Last Z: Survival Shooter"
06:00,15,6471045672,"Tasty Travels: Merge Game"
06:00,16,1105855019,"Gardenscapes"
06:00,17,921022358,"Star Wars™: Galaxy of Heroes"
06:00,18,6751056652,"Pixel Flow!"
06:00,19,6449094229,"Match Factory!"
06:00,20,1358222641,"DRAGON BALL LEGENDS"
06:00,21,6752672568,"Block Out! - Color Sort Puzzle"
06:00,22,529479190,"Clash of Clans"
06:00,23,1243005112,"Lightning Link Casino Slots"
06:00,24,406889139,"Coin Master"
06:00,25,1195621598,"Homescapes: Match 3 Games"
06:00,26,1094930513,"EA SPORTS FC Soccer Mobile 26"
06:00,27,1183802626,"Fate/Grand Order (English)"
06:00,28,1643509748,"Merge Cooking®"
06:00,29,6475757306,"Disney Solitaire"
06:00,30,664575829,"Fishdom"
06:00,31,6499209744,"Magic Sort!"
06:00,32,951627425,"DRAGON BALL Z DOKKAN BATTLE"
06:00,33,1274132545,"Total Battle: War Strategy"
06:00,34,307569751,"NYT Games: Wordle & Crossword"
06:00,35,6503284107,"All in Hole: Black Hole Games"
06:00,36,1287282214,"Call of Duty®: Mobile"
06:00,37,1480516829,"Free Fire MAX"
06:00,38,6740043080,"Screwdom"
06:00,39,575980917,"Jackpot Party - Casino Slots"
06:00,40,1123582513,"Cashman Casino Slots Games"
06:00,41,6670441558,"Dark War:Survival"
06:00,42,850417475,"Candy Crush Soda Saga"
06:00,43,1098157959,"Evony"
06:00,44,1117270703,"eFootball™"
06:00,45,6751270546,"Sword x Staff"
06:00,46,6748950306,"Solitaire Associations Journey"
06:00,47,6504332779,"Color Block Jam"
06:00,48,1330123889,"PUBG MOBILE"
06:00,49,6755183085,"Yarn Loop: Knit Puzzle"
06:00,50,6618142292,"Flambé®: Merge and Cook"
06:00,51,1484468651,"Dice Dreams™"
06:00,52,945621521,"Quick Hit Casino - Vegas Slots"
06:00,53,1521236603,"Travel Town - Merge Adventure"
06:00,54,1053012308,"Clash Royale"
06:00,55,6479970832,"Pokémon TCG Pocket"
06:00,56,506627515,"Hay Day"
06:00,57,890378044,"Toy Blast"
06:00,58,1376515087,"Age of Origins:Tower Defense"
06:00,59,6615077767,"Bingo Voyage: Live Bingo Games"
06:00,60,538212549,"Big Fish Casino: Slots Games"
06:00,61,1597760047,"OneState RP: Role Play Online"
06:00,62,6443755785,"Seaside Escape®: Merge & Story"
06:00,63,1484442152,"Merge Mansion: Puzzles & Story"
06:00,64,6744812012,"X-Clash: Survival Challenge"
06:00,65,6754558455,"Marble Sort!"
06:00,66,6779167923,"Colony Flow!"
06:00,67,479516143,"Minecraft: Play with Friends!"
06:00,68,529996768,"Bingo Blitz™ - BINGO Games"
06:00,69,6756641249,"hololive Dreams"
06:00,70,6756058501,"Jelly Busters: Puzzle Game"
06:00,71,6503603603,"Mystery Town: Merge Games"
06:00,72,6756989323,"Last Asylum: Plague"
06:00,73,1517980891,"Puzzles & Survival"
06:00,74,6450110217,"Triple Match City"
06:00,75,6748084174,"Smash Fest!"
06:00,76,1509450845,"CookieRun: Kingdom"
06:00,77,329218549,"Chess.com - Play and Learn"
06:00,78,1558803930,"Matching Story - Merge & Match"
06:00,79,6483539426,"Fortnite"
06:00,80,485126024,"DoubleDown™ Casino Vegas Slots"
06:00,81,1607122287,"Triple Match 3D"
06:00,82,1356045010,"Lotsa Slots™ - Vegas Casino"
06:00,83,1642607669,"Game of Thrones: Dragonfire"
06:00,84,1089225191,"Golf Clash - Golfing Simulator"
06:00,85,719525810,"WSOP Poker: Texas Holdem Game"
06:00,86,1522699215,"Love Island: The Game"
06:00,87,1599719154,"Honkai: Star Rail"
06:00,88,6450834358,"Sunday City: Life Simulator"
06:00,89,1462911602,"Dream League Soccer 2026"
06:00,90,6741567125,"Clash of Critters"
06:00,91,1404165333,"Cash Frenzy™ - Slots Casino"
06:00,92,6480433538,"Umamusume: Pretty Derby"
06:00,93,1229016807,"Brawl Stars"
06:00,94,6746328263,"Castle Busters"
06:00,95,785537179,"Heart of Vegas - Casino Slots"
06:00,96,896112560,"Marvel Contest of Champions"
06:00,97,1483058899,"Project Makeover"
06:00,98,880047117,"Angry Birds 2"
06:00,99,6758138698,"Car Sort: Color Puzzle"
06:00,100,1635337354,"Piggy Kingdom - Match 3 Games"
06:00,101,447553564,"Slotomania™ Slots Machine Game"
06:00,102,1090242126,"Jackpot Magic Slots & Casino"
06:00,103,6504324020,"Hexa Away"
06:00,104,543186831,"8 Ball Pool™"
06:00,105,6747028173,"Hole Stars: Puzzle Game"
06:00,106,1591887467,"Cash Club Casino - Vegas Slots"
06:00,107,1206967173,"Yahtzee® with Buddies Dice"
06:00,108,6757154335,"Cube Land Puzzle Game"
06:00,109,6738109752,"Tiles Survive!"
06:00,110,1356980152,"Jackpot World™ - Casino Slots"
06:00,111,1223338261,"Solitaire Grand Harvest"
06:00,112,6762268182,"Z Route: Redemption"
06:00,113,1215145992,"MONOPOLY Slots Casino: Go Spin"
06:00,114,6476976929,"Truck Star"
06:00,115,6769314786,"Food Hunt: Pixel Puzzle"
06:00,116,6446389130,"Puzzles & Chaos: Frozen Castle"
06:00,117,1311478292,"Mighty Fu Casino: Slots Game"
06:00,118,1091301948,"88 Fortunes™ Casino Slot Games"
06:00,119,6745761596,"Coin Master - Board Adventure"
06:00,120,6479752688,"Match Villains"
06:00,121,6446005634,"Hunting Sniper"
06:00,122,806393795,"Gold Fish Casino Slots Games"
06:00,123,6755455500,"Hollywood Merge"
06:00,124,6754593077,"NTE: Neverness to Everness"
06:00,125,1496227521,"Magic: The Gathering Arena"
06:00,126,6746636289,"Forge Master – Idle RPG"
06:00,127,6502326151,"Chaos Zero Nightmare"
06:00,128,1585915174,"GODDESS OF VICTORY: NIKKE"
06:00,129,6752886832,"Hotel Legacy: Merge Game"
06:00,130,1343688545,"ONE PIECE Bounty Rush"
06:00,131,852912420,"Summoners War X Frieren"
06:00,132,1463509237,"Phase 10: Casual Card Game"
06:00,133,6740699102,"Hole It 3D"
06:00,134,6504421808,"Car Match - Traffic Puzzle"
06:00,135,6744547461,"Happy Screw Trip 3D"
06:00,136,1492005122,"Diablo Immortal"
06:00,137,1200391796,"June's Journey: Hidden Objects"
06:00,138,6444043291,"Domino Dreams™"
06:00,139,6747875092,"Yarn Fever! Unravel Puzzle"
06:00,140,1487911239,"Bingo Frenzy™-Live Bingo Games"
06:00,141,608206510,"Farm Heroes Saga"
06:00,142,1371565796,"RAID: Shadow Legends"
06:00,143,892521917,"Tiki Solitaire TriPeaks"
06:00,144,6446197181,"Glow Fashion Idol"
06:00,145,6739124364,"Top Tycoon: Coin Theme Empire"
06:00,146,6482849843,"Goods Puzzle: Sort Challenge"
06:00,147,1354260888,"Rise of Kingdoms"
06:00,148,6740618570,"XP Hero"
06:00,149,1117841866,"Empires & Puzzles: Match-3 RPG"
06:00,150,6449294809,"Invincible: Guarding the Globe"
06:00,151,6739616715,"MapleStory : Idle RPG"
06:00,152,6444056676,"Tile Family®:Match Puzzle Game"
06:00,153,6447612873,"Sea War: Uboat Raid"
06:00,154,1480805172,"Cash Tornado™ Slots - Casino"
06:00,155,6740966864,"Dicero!"
06:00,156,6737595599,"Foundation: Galactic Frontier"
06:00,157,1562817072,"Mob Control"
06:00,158,603097018,"Caesars Slots - Casino Games"
06:00,159,6449822109,"Cash Rally - Slots Casino Game"
06:00,160,1071744151,"War and Order"
06:00,161,6738469826,"Lands of Jail"
06:00,162,6741568655,"Mobile Legends: Bang Bang.US"
06:00,163,6502820653,"Archero 2"
06:00,164,1479198816,"Top War: Battle Game"
06:00,165,1578212119,"Jackpot Master™ Slots-Casino"
06:00,166,1354796403,"Golf Rival - Multiplayer Game"
06:00,167,6740766025,"Gecko Out"
06:00,168,1419536376,"Yalla Ludo - Ludo&Jackaroo"
06:00,169,1216575026,"Matchington Mansion"
06:00,170,1662335371,"Raid Rush: Tower Defense TD"
06:00,171,642727743,"DoubleU Casino™ - Vegas Slots"
06:00,172,6755173751,"Evo Defense"
06:00,173,887947640,"CSR 2 - Realistic Drag Racing"
06:00,174,850057092,"The Battle Cats"
06:00,175,1181774280,"Fire Emblem Heroes"
06:00,176,1269648762,"Old School RuneScape"
06:00,177,1208952944,"Merge Dragons!"
06:00,178,6754839783,"Bubble Word Jam"
06:00,179,1196764367,"Words With Friends Word Game"
06:00,180,6754363534,"Sand Loop"
06:00,181,1198143062,"Ludo STAR"
06:00,182,959038492,"Blackjack 21: Blackjackist"
06:00,183,1517783697,"Genshin Impact"
06:00,184,1510997559,"Supremacy: World War 3"
06:00,185,431946152,"Roblox"
06:00,186,806077016,"War Robots Multiplayer Battles"
06:00,187,1010962391,"Design Home™: House Makeover"
06:00,188,1207472156,"Wordscapes - Word Game"
06:00,189,6759763476,"Bus Traffic Fever!"
06:00,190,1427744264,"Star Trek Fleet Command"
06:00,191,6754925146,"Jigsaw Block Sort"
06:00,192,1599937506,"Warhammer 40,000: Tacticus ™"
06:00,193,656971078,"Episode - Choose Your Story"
06:00,194,6746151928,"Heartopia"
06:00,195,6450953550,"Top Heroes: Kingdom Saga"
06:00,196,1035712810,"Game of Thrones: Conquest ™"
06:00,197,6475709488,"Carnival Tycoon: Coin Games"
06:00,198,1292952049,"MARVEL Strike Force: Squad RPG"
06:00,199,6473058122,"Charades Guess Game · Guessly"
06:00,200,354902315,"Zynga Poker ™ - Texas Hold'em"
07:00,1,1621328561,"MONOPOLY GO!"
07:00,2,1482155847,"Royal Match"
07:00,3,553834731,"Candy Crush Saga"
07:00,4,1623318294,"Gossip Harbor®: Merge & Story"
07:00,5,6739554056,"Kingshot"
07:00,6,6448786147,"Last War:Survival"
07:00,7,1606549505,"Royal Kingdom"
07:00,8,638689075,"Township"
07:00,9,6443575749,"Whiteout Survival"
07:00,10,1094591345,"Pokémon GO"
07:00,11,1176027022,"Toon Blast"
07:00,12,1606356401,"Zenless Zone Zero - Anniv."
07:00,13,1300146617,"Free Fire: 9th Anniversary"
07:00,14,6503272652,"Last Z: Survival Shooter"
07:00,15,6471045672,"Tasty Travels: Merge Game"
07:00,16,1105855019,"Gardenscapes"
07:00,17,921022358,"Star Wars™: Galaxy of Heroes"
07:00,18,6751056652,"Pixel Flow!"
07:00,19,6449094229,"Match Factory!"
07:00,20,1358222641,"DRAGON BALL LEGENDS"
07:00,21,6752672568,"Block Out! - Color Sort Puzzle"
07:00,22,529479190,"Clash of Clans"
07:00,23,1243005112,"Lightning Link Casino Slots"
07:00,24,406889139,"Coin Master"
07:00,25,1195621598,"Homescapes: Match 3 Games"
07:00,26,1094930513,"EA SPORTS FC Soccer Mobile 26"
07:00,27,1183802626,"Fate/Grand Order (English)"
07:00,28,1643509748,"Merge Cooking®"
07:00,29,6475757306,"Disney Solitaire"
07:00,30,664575829,"Fishdom"
07:00,31,6499209744,"Magic Sort!"
07:00,32,951627425,"DRAGON BALL Z DOKKAN BATTLE"
07:00,33,1274132545,"Total Battle: War Strategy"
07:00,34,307569751,"NYT Games: Wordle & Crossword"
07:00,35,6503284107,"All in Hole: Black Hole Games"
07:00,36,1287282214,"Call of Duty®: Mobile"
07:00,37,1480516829,"Free Fire MAX"
07:00,38,6740043080,"Screwdom"
07:00,39,575980917,"Jackpot Party - Casino Slots"
07:00,40,1123582513,"Cashman Casino Slots Games"
07:00,41,6670441558,"Dark War:Survival"
07:00,42,850417475,"Candy Crush Soda Saga"
07:00,43,1098157959,"Evony"
07:00,44,1117270703,"eFootball™"
07:00,45,6751270546,"Sword x Staff"
07:00,46,6748950306,"Solitaire Associations Journey"
07:00,47,6504332779,"Color Block Jam"
07:00,48,1330123889,"PUBG MOBILE"
07:00,49,6755183085,"Yarn Loop: Knit Puzzle"
07:00,50,6618142292,"Flambé®: Merge and Cook"
07:00,51,1484468651,"Dice Dreams™"
07:00,52,945621521,"Quick Hit Casino - Vegas Slots"
07:00,53,1521236603,"Travel Town - Merge Adventure"
07:00,54,1053012308,"Clash Royale"
07:00,55,6479970832,"Pokémon TCG Pocket"
07:00,56,506627515,"Hay Day"
07:00,57,890378044,"Toy Blast"
07:00,58,1376515087,"Age of Origins:Tower Defense"
07:00,59,6615077767,"Bingo Voyage: Live Bingo Games"
07:00,60,538212549,"Big Fish Casino: Slots Games"
07:00,61,1597760047,"OneState RP: Role Play Online"
07:00,62,6443755785,"Seaside Escape®: Merge & Story"
07:00,63,1484442152,"Merge Mansion: Puzzles & Story"
07:00,64,6744812012,"X-Clash: Survival Challenge"
07:00,65,6754558455,"Marble Sort!"
07:00,66,6779167923,"Colony Flow!"
07:00,67,479516143,"Minecraft: Play with Friends!"
07:00,68,529996768,"Bingo Blitz™ - BINGO Games"
07:00,69,6756641249,"hololive Dreams"
07:00,70,6756058501,"Jelly Busters: Puzzle Game"
07:00,71,6503603603,"Mystery Town: Merge Games"
07:00,72,6756989323,"Last Asylum: Plague"
07:00,73,1517980891,"Puzzles & Survival"
07:00,74,6450110217,"Triple Match City"
07:00,75,6748084174,"Smash Fest!"
07:00,76,1509450845,"CookieRun: Kingdom"
07:00,77,329218549,"Chess.com - Play and Learn"
07:00,78,1558803930,"Matching Story - Merge & Match"
07:00,79,6483539426,"Fortnite"
07:00,80,485126024,"DoubleDown™ Casino Vegas Slots"
07:00,81,1607122287,"Triple Match 3D"
07:00,82,1356045010,"Lotsa Slots™ - Vegas Casino"
07:00,83,1642607669,"Game of Thrones: Dragonfire"
07:00,84,1089225191,"Golf Clash - Golfing Simulator"
07:00,85,719525810,"WSOP Poker: Texas Holdem Game"
07:00,86,1522699215,"Love Island: The Game"
07:00,87,1599719154,"Honkai: Star Rail"
07:00,88,6450834358,"Sunday City: Life Simulator"
07:00,89,1462911602,"Dream League Soccer 2026"
07:00,90,6741567125,"Clash of Critters"
07:00,91,1404165333,"Cash Frenzy™ - Slots Casino"
07:00,92,6480433538,"Umamusume: Pretty Derby"
07:00,93,1229016807,"Brawl Stars"
07:00,94,6746328263,"Castle Busters"
07:00,95,785537179,"Heart of Vegas - Casino Slots"
07:00,96,896112560,"Marvel Contest of Champions"
07:00,97,1483058899,"Project Makeover"
07:00,98,880047117,"Angry Birds 2"
07:00,99,6758138698,"Car Sort: Color Puzzle"
07:00,100,1635337354,"Piggy Kingdom - Match 3 Games"
07:00,101,447553564,"Slotomania™ Slots Machine Game"
07:00,102,1090242126,"Jackpot Magic Slots & Casino"
07:00,103,6504324020,"Hexa Away"
07:00,104,543186831,"8 Ball Pool™"
07:00,105,6747028173,"Hole Stars: Puzzle Game"
07:00,106,1591887467,"Cash Club Casino - Vegas Slots"
07:00,107,1206967173,"Yahtzee® with Buddies Dice"
07:00,108,6757154335,"Cube Land Puzzle Game"
07:00,109,6738109752,"Tiles Survive!"
07:00,110,1356980152,"Jackpot World™ - Casino Slots"
07:00,111,1223338261,"Solitaire Grand Harvest"
07:00,112,6762268182,"Z Route: Redemption"
07:00,113,1215145992,"MONOPOLY Slots Casino: Go Spin"
07:00,114,6476976929,"Truck Star"
07:00,115,6769314786,"Food Hunt: Pixel Puzzle"
07:00,116,6446389130,"Puzzles & Chaos: Frozen Castle"
07:00,117,1311478292,"Mighty Fu Casino: Slots Game"
07:00,118,1091301948,"88 Fortunes™ Casino Slot Games"
07:00,119,6745761596,"Coin Master - Board Adventure"
07:00,120,6479752688,"Match Villains"
07:00,121,6446005634,"Hunting Sniper"
07:00,122,806393795,"Gold Fish Casino Slots Games"
07:00,123,6755455500,"Hollywood Merge"
07:00,124,6754593077,"NTE: Neverness to Everness"
07:00,125,1496227521,"Magic: The Gathering Arena"
07:00,126,6746636289,"Forge Master – Idle RPG"
07:00,127,6502326151,"Chaos Zero Nightmare"
07:00,128,1585915174,"GODDESS OF VICTORY: NIKKE"
07:00,129,6752886832,"Hotel Legacy: Merge Game"
07:00,130,1343688545,"ONE PIECE Bounty Rush"
07:00,131,852912420,"Summoners War X Frieren"
07:00,132,1463509237,"Phase 10: Casual Card Game"
07:00,133,6740699102,"Hole It 3D"
07:00,134,6504421808,"Car Match - Traffic Puzzle"
07:00,135,6744547461,"Happy Screw Trip 3D"
07:00,136,1492005122,"Diablo Immortal"
07:00,137,1200391796,"June's Journey: Hidden Objects"
07:00,138,6444043291,"Domino Dreams™"
07:00,139,6747875092,"Yarn Fever! Unravel Puzzle"
07:00,140,1487911239,"Bingo Frenzy™-Live Bingo Games"
07:00,141,608206510,"Farm Heroes Saga"
07:00,142,1371565796,"RAID: Shadow Legends"
07:00,143,892521917,"Tiki Solitaire TriPeaks"
07:00,144,6446197181,"Glow Fashion Idol"
07:00,145,6739124364,"Top Tycoon: Coin Theme Empire"
07:00,146,6482849843,"Goods Puzzle: Sort Challenge"
07:00,147,1354260888,"Rise of Kingdoms"
07:00,148,6740618570,"XP Hero"
07:00,149,1117841866,"Empires & Puzzles: Match-3 RPG"
07:00,150,6449294809,"Invincible: Guarding the Globe"
07:00,151,6739616715,"MapleStory : Idle RPG"
07:00,152,6444056676,"Tile Family®:Match Puzzle Game"
07:00,153,6447612873,"Sea War: Uboat Raid"
07:00,154,1480805172,"Cash Tornado™ Slots - Casino"
07:00,155,6740966864,"Dicero!"
07:00,156,6737595599,"Foundation: Galactic Frontier"
07:00,157,1562817072,"Mob Control"
07:00,158,603097018,"Caesars Slots - Casino Games"
07:00,159,6449822109,"Cash Rally - Slots Casino Game"
07:00,160,1071744151,"War and Order"
07:00,161,6738469826,"Lands of Jail"
07:00,162,6741568655,"Mobile Legends: Bang Bang.US"
07:00,163,6502820653,"Archero 2"
07:00,164,1479198816,"Top War: Battle Game"
07:00,165,1578212119,"Jackpot Master™ Slots-Casino"
07:00,166,1354796403,"Golf Rival - Multiplayer Game"
07:00,167,6740766025,"Gecko Out"
07:00,168,1419536376,"Yalla Ludo - Ludo&Jackaroo"
07:00,169,1216575026,"Matchington Mansion"
07:00,170,1662335371,"Raid Rush: Tower Defense TD"
07:00,171,642727743,"DoubleU Casino™ - Vegas Slots"
07:00,172,6755173751,"Evo Defense"
07:00,173,887947640,"CSR 2 - Realistic Drag Racing"
07:00,174,850057092,"The Battle Cats"
07:00,175,1181774280,"Fire Emblem Heroes"
07:00,176,1269648762,"Old School RuneScape"
07:00,177,1208952944,"Merge Dragons!"
07:00,178,6754839783,"Bubble Word Jam"
07:00,179,1196764367,"Words With Friends Word Game"
07:00,180,6754363534,"Sand Loop"
07:00,181,1198143062,"Ludo STAR"
07:00,182,959038492,"Blackjack 21: Blackjackist"
07:00,183,1517783697,"Genshin Impact"
07:00,184,1510997559,"Supremacy: World War 3"
07:00,185,431946152,"Roblox"
07:00,186,806077016,"War Robots Multiplayer Battles"
07:00,187,1010962391,"Design Home™: House Makeover"
07:00,188,1207472156,"Wordscapes - Word Game"
07:00,189,6759763476,"Bus Traffic Fever!"
07:00,190,1427744264,"Star Trek Fleet Command"
07:00,191,6754925146,"Jigsaw Block Sort"
07:00,192,1599937506,"Warhammer 40,000: Tacticus ™"
07:00,193,656971078,"Episode - Choose Your Story"
07:00,194,6746151928,"Heartopia"
07:00,195,6450953550,"Top Heroes: Kingdom Saga"
07:00,196,1035712810,"Game of Thrones: Conquest ™"
07:00,197,6475709488,"Carnival Tycoon: Coin Games"
07:00,198,1292952049,"MARVEL Strike Force: Squad RPG"
07:00,199,6473058122,"Charades Guess Game · Guessly"
07:00,200,354902315,"Zynga Poker ™ - Texas Hold'em"
08:00,1,1621328561,"MONOPOLY GO!"
08:00,2,1482155847,"Royal Match"
08:00,3,553834731,"Candy Crush Saga"
08:00,4,1623318294,"Gossip Harbor®: Merge & Story"
08:00,5,6739554056,"Kingshot"
08:00,6,1606549505,"Royal Kingdom"
08:00,7,6448786147,"Last War:Survival"
08:00,8,638689075,"Township"
08:00,9,1094591345,"Pokémon GO"
08:00,10,6443575749,"Whiteout Survival"
08:00,11,1176027022,"Toon Blast"
08:00,12,1300146617,"Free Fire: 9th Anniversary"
08:00,13,1606356401,"Zenless Zone Zero - Anniv."
08:00,14,6503272652,"Last Z: Survival Shooter"
08:00,15,6471045672,"Tasty Travels: Merge Game"
08:00,16,1105855019,"Gardenscapes"
08:00,17,6751056652,"Pixel Flow!"
08:00,18,6449094229,"Match Factory!"
08:00,19,921022358,"Star Wars™: Galaxy of Heroes"
08:00,20,1358222641,"DRAGON BALL LEGENDS"
08:00,21,6752672568,"Block Out! - Color Sort Puzzle"
08:00,22,1183802626,"Fate/Grand Order (English)"
08:00,23,406889139,"Coin Master"
08:00,24,529479190,"Clash of Clans"
08:00,25,1195621598,"Homescapes: Match 3 Games"
08:00,26,1243005112,"Lightning Link Casino Slots"
08:00,27,1274132545,"Total Battle: War Strategy"
08:00,28,1643509748,"Merge Cooking®"
08:00,29,1094930513,"EA SPORTS FC Soccer Mobile 26"
08:00,30,6475757306,"Disney Solitaire"
08:00,31,664575829,"Fishdom"
08:00,32,951627425,"DRAGON BALL Z DOKKAN BATTLE"
08:00,33,6499209744,"Magic Sort!"
08:00,34,1480516829,"Free Fire MAX"
08:00,35,307569751,"NYT Games: Wordle & Crossword"
08:00,36,6503284107,"All in Hole: Black Hole Games"
08:00,37,1287282214,"Call of Duty®: Mobile"
08:00,38,6740043080,"Screwdom"
08:00,39,575980917,"Jackpot Party - Casino Slots"
08:00,40,1123582513,"Cashman Casino Slots Games"
08:00,41,850417475,"Candy Crush Soda Saga"
08:00,42,6751270546,"Sword x Staff"
08:00,43,6670441558,"Dark War:Survival"
08:00,44,1098157959,"Evony"
08:00,45,1117270703,"eFootball™"
08:00,46,6748950306,"Solitaire Associations Journey"
08:00,47,6504332779,"Color Block Jam"
08:00,48,6755183085,"Yarn Loop: Knit Puzzle"
08:00,49,1330123889,"PUBG MOBILE"
08:00,50,6618142292,"Flambé®: Merge and Cook"
08:00,51,1484468651,"Dice Dreams™"
08:00,52,1521236603,"Travel Town - Merge Adventure"
08:00,53,6479970832,"Pokémon TCG Pocket"
08:00,54,1053012308,"Clash Royale"
08:00,55,945621521,"Quick Hit Casino - Vegas Slots"
08:00,56,506627515,"Hay Day"
08:00,57,890378044,"Toy Blast"
08:00,58,1376515087,"Age of Origins:Tower Defense"
08:00,59,6615077767,"Bingo Voyage: Live Bingo Games"
08:00,60,538212549,"Big Fish Casino: Slots Games"
08:00,61,6443755785,"Seaside Escape®: Merge & Story"
08:00,62,1597760047,"OneState RP: Role Play Online"
08:00,63,1484442152,"Merge Mansion: Puzzles & Story"
08:00,64,479516143,"Minecraft: Play with Friends!"
08:00,65,6779167923,"Colony Flow!"
08:00,66,6754558455,"Marble Sort!"
08:00,67,529996768,"Bingo Blitz™ - BINGO Games"
08:00,68,6744812012,"X-Clash: Survival Challenge"
08:00,69,6756058501,"Jelly Busters: Puzzle Game"
08:00,70,329218549,"Chess.com - Play and Learn"
08:00,71,6756641249,"hololive Dreams"
08:00,72,6503603603,"Mystery Town: Merge Games"
08:00,73,6756989323,"Last Asylum: Plague"
08:00,74,6450110217,"Triple Match City"
08:00,75,6483539426,"Fortnite"
08:00,76,1509450845,"CookieRun: Kingdom"
08:00,77,6748084174,"Smash Fest!"
08:00,78,1607122287,"Triple Match 3D"
08:00,79,1558803930,"Matching Story - Merge & Match"
08:00,80,485126024,"DoubleDown™ Casino Vegas Slots"
08:00,81,1517980891,"Puzzles & Survival"
08:00,82,1462911602,"Dream League Soccer 2026"
08:00,83,1642607669,"Game of Thrones: Dragonfire"
08:00,84,1522699215,"Love Island: The Game"
08:00,85,1356045010,"Lotsa Slots™ - Vegas Casino"
08:00,86,1089225191,"Golf Clash - Golfing Simulator"
08:00,87,719525810,"WSOP Poker: Texas Holdem Game"
08:00,88,1599719154,"Honkai: Star Rail"
08:00,89,6741567125,"Clash of Critters"
08:00,90,6450834358,"Sunday City: Life Simulator"
08:00,91,1229016807,"Brawl Stars"
08:00,92,6480433538,"Umamusume: Pretty Derby"
08:00,93,1404165333,"Cash Frenzy™ - Slots Casino"
08:00,94,896112560,"Marvel Contest of Champions"
08:00,95,6746328263,"Castle Busters"
08:00,96,785537179,"Heart of Vegas - Casino Slots"
08:00,97,1483058899,"Project Makeover"
08:00,98,880047117,"Angry Birds 2"
08:00,99,6758138698,"Car Sort: Color Puzzle"
08:00,100,1635337354,"Piggy Kingdom - Match 3 Games"
08:00,101,543186831,"8 Ball Pool™"
08:00,102,1090242126,"Jackpot Magic Slots & Casino"
08:00,103,447553564,"Slotomania™ Slots Machine Game"
08:00,104,6504324020,"Hexa Away"
08:00,105,6747028173,"Hole Stars: Puzzle Game"
08:00,106,1591887467,"Cash Club Casino - Vegas Slots"
08:00,107,1206967173,"Yahtzee® with Buddies Dice"
08:00,108,6757154335,"Cube Land Puzzle Game"
08:00,109,1356980152,"Jackpot World™ - Casino Slots"
08:00,110,1223338261,"Solitaire Grand Harvest"
08:00,111,6738109752,"Tiles Survive!"
08:00,112,6769314786,"Food Hunt: Pixel Puzzle"
08:00,113,6476976929,"Truck Star"
08:00,114,6762268182,"Z Route: Redemption"
08:00,115,6446389130,"Puzzles & Chaos: Frozen Castle"
08:00,116,1215145992,"MONOPOLY Slots Casino: Go Spin"
08:00,117,6745761596,"Coin Master - Board Adventure"
08:00,118,1091301948,"88 Fortunes™ Casino Slot Games"
08:00,119,852912420,"Summoners War X Frieren"
08:00,120,1311478292,"Mighty Fu Casino: Slots Game"
08:00,121,6479752688,"Match Villains"
08:00,122,6446005634,"Hunting Sniper"
08:00,123,1585915174,"GODDESS OF VICTORY: NIKKE"
08:00,124,6502326151,"Chaos Zero Nightmare"
08:00,125,6755455500,"Hollywood Merge"
08:00,126,806393795,"Gold Fish Casino Slots Games"
08:00,127,1496227521,"Magic: The Gathering Arena"
08:00,128,6752886832,"Hotel Legacy: Merge Game"
08:00,129,6754593077,"NTE: Neverness to Everness"
08:00,130,1492005122,"Diablo Immortal"
08:00,131,1528941310,"Survivor!.io"
08:00,132,6746636289,"Forge Master – Idle RPG"
08:00,133,1463509237,"Phase 10: Casual Card Game"
08:00,134,1343688545,"ONE PIECE Bounty Rush"
08:00,135,6740699102,"Hole It 3D"
08:00,136,6744547461,"Happy Screw Trip 3D"
08:00,137,1371565796,"RAID: Shadow Legends"
08:00,138,6504421808,"Car Match - Traffic Puzzle"
08:00,139,6444043291,"Domino Dreams™"
08:00,140,1487911239,"Bingo Frenzy™-Live Bingo Games"
08:00,141,1200391796,"June's Journey: Hidden Objects"
08:00,142,6747875092,"Yarn Fever! Unravel Puzzle"
08:00,143,608206510,"Farm Heroes Saga"
08:00,144,6446197181,"Glow Fashion Idol"
08:00,145,892521917,"Tiki Solitaire TriPeaks"
08:00,146,850057092,"The Battle Cats"
08:00,147,6740966864,"Dicero!"
08:00,148,6739124364,"Top Tycoon: Coin Theme Empire"
08:00,149,6482849843,"Goods Puzzle: Sort Challenge"
08:00,150,6449294809,"Invincible: Guarding the Globe"
08:00,151,6740618570,"XP Hero"
08:00,152,1354260888,"Rise of Kingdoms"
08:00,153,6444056676,"Tile Family®:Match Puzzle Game"
08:00,154,6739616715,"MapleStory : Idle RPG"
08:00,155,1117841866,"Empires & Puzzles: Match-3 RPG"
08:00,156,1479198816,"Top War: Battle Game"
08:00,157,1480805172,"Cash Tornado™ Slots - Casino"
08:00,158,6447612873,"Sea War: Uboat Raid"
08:00,159,1562817072,"Mob Control"
08:00,160,6449822109,"Cash Rally - Slots Casino Game"
08:00,161,6737595599,"Foundation: Galactic Frontier"
08:00,162,603097018,"Caesars Slots - Casino Games"
08:00,163,6741568655,"Mobile Legends: Bang Bang.US"
08:00,164,6502820653,"Archero 2"
08:00,165,6738469826,"Lands of Jail"
08:00,166,1419536376,"Yalla Ludo - Ludo&Jackaroo"
08:00,167,1354796403,"Golf Rival - Multiplayer Game"
08:00,168,1578212119,"Jackpot Master™ Slots-Casino"
08:00,169,1071744151,"War and Order"
08:00,170,6740766025,"Gecko Out"
08:00,171,1269648762,"Old School RuneScape"
08:00,172,1216575026,"Matchington Mansion"
08:00,173,1662335371,"Raid Rush: Tower Defense TD"
08:00,174,642727743,"DoubleU Casino™ - Vegas Slots"
08:00,175,1181774280,"Fire Emblem Heroes"
08:00,176,1208952944,"Merge Dragons!"
08:00,177,1010962391,"Design Home™: House Makeover"
08:00,178,887947640,"CSR 2 - Realistic Drag Racing"
08:00,179,1198143062,"Ludo STAR"
08:00,180,1510997559,"Supremacy: World War 3"
08:00,181,1196764367,"Words With Friends Word Game"
08:00,182,431946152,"Roblox"
08:00,183,6754839783,"Bubble Word Jam"
08:00,184,6755173751,"Evo Defense"
08:00,185,6754363534,"Sand Loop"
08:00,186,1517783697,"Genshin Impact"
08:00,187,806077016,"War Robots Multiplayer Battles"
08:00,188,6473058122,"Charades Guess Game · Guessly"
08:00,189,1453837845,"Charades - Family & Party Game"
08:00,190,959038492,"Blackjack 21: Blackjackist"
08:00,191,1207472156,"Wordscapes - Word Game"
08:00,192,6746151928,"Heartopia"
08:00,193,6759763476,"Bus Traffic Fever!"
08:00,194,6754925146,"Jigsaw Block Sort"
08:00,195,354902315,"Zynga Poker ™ - Texas Hold'em"
08:00,196,1487451427,"Infinity Kingdom"
08:00,197,1292952049,"MARVEL Strike Force: Squad RPG"
08:00,198,466965151,"The Sims™ FreePlay"
08:00,199,656971078,"Episode - Choose Your Story"
08:00,200,1464872022,"Arknights"
09:30,1,1621328561,"MONOPOLY GO!"
09:30,2,1482155847,"Royal Match"
09:30,3,553834731,"Candy Crush Saga"
09:30,4,1623318294,"Gossip Harbor®: Merge & Story"
09:30,5,6739554056,"Kingshot"
09:30,6,1606549505,"Royal Kingdom"
09:30,7,6448786147,"Last War:Survival"
09:30,8,638689075,"Township"
09:30,9,1094591345,"Pokémon GO"
09:30,10,6443575749,"Whiteout Survival"
09:30,11,1176027022,"Toon Blast"
09:30,12,1300146617,"Free Fire: 9th Anniversary"
09:30,13,1606356401,"Zenless Zone Zero - Anniv."
09:30,14,6503272652,"Last Z: Survival Shooter"
09:30,15,6471045672,"Tasty Travels: Merge Game"
09:30,16,1105855019,"Gardenscapes"
09:30,17,6751056652,"Pixel Flow!"
09:30,18,6449094229,"Match Factory!"
09:30,19,921022358,"Star Wars™: Galaxy of Heroes"
09:30,20,1358222641,"DRAGON BALL LEGENDS"
09:30,21,6752672568,"Block Out! - Color Sort Puzzle"
09:30,22,1183802626,"Fate/Grand Order (English)"
09:30,23,406889139,"Coin Master"
09:30,24,529479190,"Clash of Clans"
09:30,25,1195621598,"Homescapes: Match 3 Games"
09:30,26,1243005112,"Lightning Link Casino Slots"
09:30,27,1274132545,"Total Battle: War Strategy"
09:30,28,1643509748,"Merge Cooking®"
09:30,29,1094930513,"EA SPORTS FC Soccer Mobile 26"
09:30,30,6475757306,"Disney Solitaire"
09:30,31,664575829,"Fishdom"
09:30,32,951627425,"DRAGON BALL Z DOKKAN BATTLE"
09:30,33,6499209744,"Magic Sort!"
09:30,34,1480516829,"Free Fire MAX"
09:30,35,307569751,"NYT Games: Wordle & Crossword"
09:30,36,6503284107,"All in Hole: Black Hole Games"
09:30,37,1287282214,"Call of Duty®: Mobile"
09:30,38,6740043080,"Screwdom"
09:30,39,575980917,"Jackpot Party - Casino Slots"
09:30,40,1123582513,"Cashman Casino Slots Games"
09:30,41,850417475,"Candy Crush Soda Saga"
09:30,42,6751270546,"Sword x Staff"
09:30,43,6670441558,"Dark War:Survival"
09:30,44,1098157959,"Evony"
09:30,45,1117270703,"eFootball™"
09:30,46,6748950306,"Solitaire Associations Journey"
09:30,47,6504332779,"Color Block Jam"
09:30,48,6755183085,"Yarn Loop: Knit Puzzle"
09:30,49,1330123889,"PUBG MOBILE"
09:30,50,6618142292,"Flambé®: Merge and Cook"
09:30,51,1484468651,"Dice Dreams™"
09:30,52,1521236603,"Travel Town - Merge Adventure"
09:30,53,6479970832,"Pokémon TCG Pocket"
09:30,54,1053012308,"Clash Royale"
09:30,55,945621521,"Quick Hit Casino - Vegas Slots"
09:30,56,506627515,"Hay Day"
09:30,57,890378044,"Toy Blast"
09:30,58,1376515087,"Age of Origins:Tower Defense"
09:30,59,6615077767,"Bingo Voyage: Live Bingo Games"
09:30,60,538212549,"Big Fish Casino: Slots Games"
09:30,61,6443755785,"Seaside Escape®: Merge & Story"
09:30,62,1597760047,"OneState RP: Role Play Online"
09:30,63,1484442152,"Merge Mansion: Puzzles & Story"
09:30,64,479516143,"Minecraft: Play with Friends!"
09:30,65,6779167923,"Colony Flow!"
09:30,66,6754558455,"Marble Sort!"
09:30,67,529996768,"Bingo Blitz™ - BINGO Games"
09:30,68,6744812012,"X-Clash: Survival Challenge"
09:30,69,6756058501,"Jelly Busters: Puzzle Game"
09:30,70,329218549,"Chess.com - Play and Learn"
09:30,71,6756641249,"hololive Dreams"
09:30,72,6503603603,"Mystery Town: Merge Games"
09:30,73,6756989323,"Last Asylum: Plague"
09:30,74,6450110217,"Triple Match City"
09:30,75,6483539426,"Fortnite"
09:30,76,1509450845,"CookieRun: Kingdom"
09:30,77,6748084174,"Smash Fest!"
09:30,78,1607122287,"Triple Match 3D"
09:30,79,1558803930,"Matching Story - Merge & Match"
09:30,80,485126024,"DoubleDown™ Casino Vegas Slots"
09:30,81,1517980891,"Puzzles & Survival"
09:30,82,1462911602,"Dream League Soccer 2026"
09:30,83,1642607669,"Game of Thrones: Dragonfire"
09:30,84,1522699215,"Love Island: The Game"
09:30,85,1356045010,"Lotsa Slots™ - Vegas Casino"
09:30,86,1089225191,"Golf Clash - Golfing Simulator"
09:30,87,719525810,"WSOP Poker: Texas Holdem Game"
09:30,88,1599719154,"Honkai: Star Rail"
09:30,89,6741567125,"Clash of Critters"
09:30,90,6450834358,"Sunday City: Life Simulator"
09:30,91,1229016807,"Brawl Stars"
09:30,92,6480433538,"Umamusume: Pretty Derby"
09:30,93,1404165333,"Cash Frenzy™ - Slots Casino"
09:30,94,896112560,"Marvel Contest of Champions"
09:30,95,6746328263,"Castle Busters"
09:30,96,785537179,"Heart of Vegas - Casino Slots"
09:30,97,1483058899,"Project Makeover"
09:30,98,880047117,"Angry Birds 2"
09:30,99,6758138698,"Car Sort: Color Puzzle"
09:30,100,1635337354,"Piggy Kingdom - Match 3 Games"
09:30,101,543186831,"8 Ball Pool™"
09:30,102,1090242126,"Jackpot Magic Slots & Casino"
09:30,103,447553564,"Slotomania™ Slots Machine Game"
09:30,104,6504324020,"Hexa Away"
09:30,105,6747028173,"Hole Stars: Puzzle Game"
09:30,106,1591887467,"Cash Club Casino - Vegas Slots"
09:30,107,1206967173,"Yahtzee® with Buddies Dice"
09:30,108,6757154335,"Cube Land Puzzle Game"
09:30,109,1356980152,"Jackpot World™ - Casino Slots"
09:30,110,1223338261,"Solitaire Grand Harvest"
09:30,111,6738109752,"Tiles Survive!"
09:30,112,6769314786,"Food Hunt: Pixel Puzzle"
09:30,113,6476976929,"Truck Star"
09:30,114,6762268182,"Z Route: Redemption"
09:30,115,6446389130,"Puzzles & Chaos: Frozen Castle"
09:30,116,1215145992,"MONOPOLY Slots Casino: Go Spin"
09:30,117,6745761596,"Coin Master - Board Adventure"
09:30,118,1091301948,"88 Fortunes™ Casino Slot Games"
09:30,119,852912420,"Summoners War X Frieren"
09:30,120,1311478292,"Mighty Fu Casino: Slots Game"
09:30,121,6479752688,"Match Villains"
09:30,122,6446005634,"Hunting Sniper"
09:30,123,1585915174,"GODDESS OF VICTORY: NIKKE"
09:30,124,6502326151,"Chaos Zero Nightmare"
09:30,125,6755455500,"Hollywood Merge"
09:30,126,806393795,"Gold Fish Casino Slots Games"
09:30,127,1496227521,"Magic: The Gathering Arena"
09:30,128,6752886832,"Hotel Legacy: Merge Game"
09:30,129,6754593077,"NTE: Neverness to Everness"
09:30,130,1492005122,"Diablo Immortal"
09:30,131,1528941310,"Survivor!.io"
09:30,132,6746636289,"Forge Master – Idle RPG"
09:30,133,1463509237,"Phase 10: Casual Card Game"
09:30,134,1343688545,"ONE PIECE Bounty Rush"
09:30,135,6740699102,"Hole It 3D"
09:30,136,6744547461,"Happy Screw Trip 3D"
09:30,137,1371565796,"RAID: Shadow Legends"
09:30,138,6504421808,"Car Match - Traffic Puzzle"
09:30,139,6444043291,"Domino Dreams™"
09:30,140,1487911239,"Bingo Frenzy™-Live Bingo Games"
09:30,141,1200391796,"June's Journey: Hidden Objects"
09:30,142,6747875092,"Yarn Fever! Unravel Puzzle"
09:30,143,608206510,"Farm Heroes Saga"
09:30,144,6446197181,"Glow Fashion Idol"
09:30,145,892521917,"Tiki Solitaire TriPeaks"
09:30,146,850057092,"The Battle Cats"
09:30,147,6740966864,"Dicero!"
09:30,148,6739124364,"Top Tycoon: Coin Theme Empire"
09:30,149,6482849843,"Goods Puzzle: Sort Challenge"
09:30,150,6449294809,"Invincible: Guarding the Globe"
09:30,151,6740618570,"XP Hero"
09:30,152,1354260888,"Rise of Kingdoms"
09:30,153,6444056676,"Tile Family®:Match Puzzle Game"
09:30,154,6739616715,"MapleStory : Idle RPG"
09:30,155,1117841866,"Empires & Puzzles: Match-3 RPG"
09:30,156,1479198816,"Top War: Battle Game"
09:30,157,1480805172,"Cash Tornado™ Slots - Casino"
09:30,158,6447612873,"Sea War: Uboat Raid"
09:30,159,1562817072,"Mob Control"
09:30,160,6449822109,"Cash Rally - Slots Casino Game"
09:30,161,6737595599,"Foundation: Galactic Frontier"
09:30,162,603097018,"Caesars Slots - Casino Games"
09:30,163,6741568655,"Mobile Legends: Bang Bang.US"
09:30,164,6502820653,"Archero 2"
09:30,165,6738469826,"Lands of Jail"
09:30,166,1419536376,"Yalla Ludo - Ludo&Jackaroo"
09:30,167,1354796403,"Golf Rival - Multiplayer Game"
09:30,168,1578212119,"Jackpot Master™ Slots-Casino"
09:30,169,1071744151,"War and Order"
09:30,170,6740766025,"Gecko Out"
09:30,171,1269648762,"Old School RuneScape"
09:30,172,1216575026,"Matchington Mansion"
09:30,173,1662335371,"Raid Rush: Tower Defense TD"
09:30,174,642727743,"DoubleU Casino™ - Vegas Slots"
09:30,175,1181774280,"Fire Emblem Heroes"
09:30,176,1208952944,"Merge Dragons!"
09:30,177,1010962391,"Design Home™: House Makeover"
09:30,178,887947640,"CSR 2 - Realistic Drag Racing"
09:30,179,1198143062,"Ludo STAR"
09:30,180,1510997559,"Supremacy: World War 3"
09:30,181,1196764367,"Words With Friends Word Game"
09:30,182,431946152,"Roblox"
09:30,183,6754839783,"Bubble Word Jam"
09:30,184,6755173751,"Evo Defense"
09:30,185,6754363534,"Sand Loop"
09:30,186,1517783697,"Genshin Impact"
09:30,187,806077016,"War Robots Multiplayer Battles"
09:30,188,6473058122,"Charades Guess Game · Guessly"
09:30,189,1453837845,"Charades - Family & Party Game"
09:30,190,959038492,"Blackjack 21: Blackjackist"
09:30,191,1207472156,"Wordscapes - Word Game"
09:30,192,6746151928,"Heartopia"
09:30,193,6759763476,"Bus Traffic Fever!"
09:30,194,6754925146,"Jigsaw Block Sort"
09:30,195,354902315,"Zynga Poker ™ - Texas Hold'em"
09:30,196,1487451427,"Infinity Kingdom"
09:30,197,1292952049,"MARVEL Strike Force: Squad RPG"
09:30,198,466965151,"The Sims™ FreePlay"
09:30,199,656971078,"Episode - Choose Your Story"
09:30,200,1464872022,"Arknights"
12:30,1,1621328561,"MONOPOLY GO!"
12:30,2,1482155847,"Royal Match"
12:30,3,553834731,"Candy Crush Saga"
12:30,4,1623318294,"Gossip Harbor®: Merge & Story"
12:30,5,6739554056,"Kingshot"
12:30,6,1606549505,"Royal Kingdom"
12:30,7,638689075,"Township"
12:30,8,6448786147,"Last War:Survival"
12:30,9,1094591345,"Pokémon GO"
12:30,10,1300146617,"Free Fire: 9th Anniversary"
12:30,11,1176027022,"Toon Blast"
12:30,12,6443575749,"Whiteout Survival"
12:30,13,1606356401,"Zenless Zone Zero - Anniv."
12:30,14,6471045672,"Tasty Travels: Merge Game"
12:30,15,6503272652,"Last Z: Survival Shooter"
12:30,16,1105855019,"Gardenscapes"
12:30,17,6751056652,"Pixel Flow!"
12:30,18,6449094229,"Match Factory!"
12:30,19,921022358,"Star Wars™: Galaxy of Heroes"
12:30,20,1358222641,"DRAGON BALL LEGENDS"
12:30,21,6752672568,"Block Out! - Color Sort Puzzle"
12:30,22,1183802626,"Fate/Grand Order (English)"
12:30,23,1274132545,"Total Battle: War Strategy"
12:30,24,406889139,"Coin Master"
12:30,25,529479190,"Clash of Clans"
12:30,26,1195621598,"Homescapes: Match 3 Games"
12:30,27,1243005112,"Lightning Link Casino Slots"
12:30,28,1643509748,"Merge Cooking®"
12:30,29,1094930513,"EA SPORTS FC Soccer Mobile 26"
12:30,30,6475757306,"Disney Solitaire"
12:30,31,1480516829,"Free Fire MAX"
12:30,32,664575829,"Fishdom"
12:30,33,6499209744,"Magic Sort!"
12:30,34,951627425,"DRAGON BALL Z DOKKAN BATTLE"
12:30,35,307569751,"NYT Games: Wordle & Crossword"
12:30,36,6503284107,"All in Hole: Black Hole Games"
12:30,37,6740043080,"Screwdom"
12:30,38,1287282214,"Call of Duty®: Mobile"
12:30,39,575980917,"Jackpot Party - Casino Slots"
12:30,40,1123582513,"Cashman Casino Slots Games"
12:30,41,850417475,"Candy Crush Soda Saga"
12:30,42,6751270546,"Sword x Staff"
12:30,43,6748950306,"Solitaire Associations Journey"
12:30,44,6670441558,"Dark War:Survival"
12:30,45,1098157959,"Evony"
12:30,46,1117270703,"eFootball™"
12:30,47,6504332779,"Color Block Jam"
12:30,48,6755183085,"Yarn Loop: Knit Puzzle"
12:30,49,1330123889,"PUBG MOBILE"
12:30,50,6618142292,"Flambé®: Merge and Cook"
12:30,51,1484468651,"Dice Dreams™"
12:30,52,6479970832,"Pokémon TCG Pocket"
12:30,53,945621521,"Quick Hit Casino - Vegas Slots"
12:30,54,1053012308,"Clash Royale"
12:30,55,1521236603,"Travel Town - Merge Adventure"
12:30,56,506627515,"Hay Day"
12:30,57,890378044,"Toy Blast"
12:30,58,538212549,"Big Fish Casino: Slots Games"
12:30,59,6615077767,"Bingo Voyage: Live Bingo Games"
12:30,60,6443755785,"Seaside Escape®: Merge & Story"
12:30,61,1376515087,"Age of Origins:Tower Defense"
12:30,62,479516143,"Minecraft: Play with Friends!"
12:30,63,6779167923,"Colony Flow!"
12:30,64,1484442152,"Merge Mansion: Puzzles & Story"
12:30,65,6754558455,"Marble Sort!"
12:30,66,529996768,"Bingo Blitz™ - BINGO Games"
12:30,67,1597760047,"OneState RP: Role Play Online"
12:30,68,6756058501,"Jelly Busters: Puzzle Game"
12:30,69,329218549,"Chess.com - Play and Learn"
12:30,70,6744812012,"X-Clash: Survival Challenge"
12:30,71,6450110217,"Triple Match City"
12:30,72,6756641249,"hololive Dreams"
12:30,73,6756989323,"Last Asylum: Plague"
12:30,74,6748084174,"Smash Fest!"
12:30,75,6503603603,"Mystery Town: Merge Games"
12:30,76,6483539426,"Fortnite"
12:30,77,1558803930,"Matching Story - Merge & Match"
12:30,78,1607122287,"Triple Match 3D"
12:30,79,1509450845,"CookieRun: Kingdom"
12:30,80,1462911602,"Dream League Soccer 2026"
12:30,81,1522699215,"Love Island: The Game"
12:30,82,485126024,"DoubleDown™ Casino Vegas Slots"
12:30,83,719525810,"WSOP Poker: Texas Holdem Game"
12:30,84,1517980891,"Puzzles & Survival"
12:30,85,1642607669,"Game of Thrones: Dragonfire"
12:30,86,896112560,"Marvel Contest of Champions"
12:30,87,1356045010,"Lotsa Slots™ - Vegas Casino"
12:30,88,1089225191,"Golf Clash - Golfing Simulator"
12:30,89,1229016807,"Brawl Stars"
12:30,90,6741567125,"Clash of Critters"
12:30,91,6450834358,"Sunday City: Life Simulator"
12:30,92,1404165333,"Cash Frenzy™ - Slots Casino"
12:30,93,1599719154,"Honkai: Star Rail"
12:30,94,6746328263,"Castle Busters"
12:30,95,6480433538,"Umamusume: Pretty Derby"
12:30,96,785537179,"Heart of Vegas - Casino Slots"
12:30,97,1090242126,"Jackpot Magic Slots & Casino"
12:30,98,1483058899,"Project Makeover"
12:30,99,6758138698,"Car Sort: Color Puzzle"
12:30,100,1635337354,"Piggy Kingdom - Match 3 Games"
12:30,101,1585915174,"GODDESS OF VICTORY: NIKKE"
12:30,102,880047117,"Angry Birds 2"
12:30,103,543186831,"8 Ball Pool™"
12:30,104,6504324020,"Hexa Away"
12:30,105,1591887467,"Cash Club Casino - Vegas Slots"
12:30,106,447553564,"Slotomania™ Slots Machine Game"
12:30,107,6747028173,"Hole Stars: Puzzle Game"
12:30,108,6757154335,"Cube Land Puzzle Game"
12:30,109,1206967173,"Yahtzee® with Buddies Dice"
12:30,110,1356980152,"Jackpot World™ - Casino Slots"
12:30,111,1223338261,"Solitaire Grand Harvest"
12:30,112,6769314786,"Food Hunt: Pixel Puzzle"
12:30,113,1215145992,"MONOPOLY Slots Casino: Go Spin"
12:30,114,6476976929,"Truck Star"
12:30,115,6738109752,"Tiles Survive!"
12:30,116,6762268182,"Z Route: Redemption"
12:30,117,6745761596,"Coin Master - Board Adventure"
12:30,118,1091301948,"88 Fortunes™ Casino Slot Games"
12:30,119,6446389130,"Puzzles & Chaos: Frozen Castle"
12:30,120,852912420,"Summoners War X Frieren"
12:30,121,6502326151,"Chaos Zero Nightmare"
12:30,122,806393795,"Gold Fish Casino Slots Games"
12:30,123,1311478292,"Mighty Fu Casino: Slots Game"
12:30,124,6479752688,"Match Villains"
12:30,125,1496227521,"Magic: The Gathering Arena"
12:30,126,6446005634,"Hunting Sniper"
12:30,127,1528941310,"Survivor!.io"
12:30,128,6752886832,"Hotel Legacy: Merge Game"
12:30,129,6755455500,"Hollywood Merge"
12:30,130,1492005122,"Diablo Immortal"
12:30,131,850057092,"The Battle Cats"
12:30,132,1463509237,"Phase 10: Casual Card Game"
12:30,133,6740699102,"Hole It 3D"
12:30,134,1371565796,"RAID: Shadow Legends"
12:30,135,6744547461,"Happy Screw Trip 3D"
12:30,136,6746636289,"Forge Master – Idle RPG"
12:30,137,1343688545,"ONE PIECE Bounty Rush"
12:30,138,6504421808,"Car Match - Traffic Puzzle"
12:30,139,892521917,"Tiki Solitaire TriPeaks"
12:30,140,6444043291,"Domino Dreams™"
12:30,141,6754593077,"NTE: Neverness to Everness"
12:30,142,1487911239,"Bingo Frenzy™-Live Bingo Games"
12:30,143,6747875092,"Yarn Fever! Unravel Puzzle"
12:30,144,608206510,"Farm Heroes Saga"
12:30,145,6446197181,"Glow Fashion Idol"
12:30,146,1200391796,"June's Journey: Hidden Objects"
12:30,147,6449294809,"Invincible: Guarding the Globe"
12:30,148,6740966864,"Dicero!"
12:30,149,6482849843,"Goods Puzzle: Sort Challenge"
12:30,150,6739124364,"Top Tycoon: Coin Theme Empire"
12:30,151,1354260888,"Rise of Kingdoms"
12:30,152,1479198816,"Top War: Battle Game"
12:30,153,6444056676,"Tile Family®:Match Puzzle Game"
12:30,154,6740618570,"XP Hero"
12:30,155,1117841866,"Empires & Puzzles: Match-3 RPG"
12:30,156,6739616715,"MapleStory : Idle RPG"
12:30,157,1480805172,"Cash Tornado™ Slots - Casino"
12:30,158,1562817072,"Mob Control"
12:30,159,1419536376,"Yalla Ludo - Ludo&Jackaroo"
12:30,160,603097018,"Caesars Slots - Casino Games"
12:30,161,6449822109,"Cash Rally - Slots Casino Game"
12:30,162,6502820653,"Archero 2"
12:30,163,6447612873,"Sea War: Uboat Raid"
12:30,164,6741568655,"Mobile Legends: Bang Bang.US"
12:30,165,1198143062,"Ludo STAR"
12:30,166,1578212119,"Jackpot Master™ Slots-Casino"
12:30,167,1354796403,"Golf Rival - Multiplayer Game"
12:30,168,642727743,"DoubleU Casino™ - Vegas Slots"
12:30,169,6740766025,"Gecko Out"
12:30,170,6737595599,"Foundation: Galactic Frontier"
12:30,171,6738469826,"Lands of Jail"
12:30,172,1269648762,"Old School RuneScape"
12:30,173,1216575026,"Matchington Mansion"
12:30,174,1662335371,"Raid Rush: Tower Defense TD"
12:30,175,1071744151,"War and Order"
12:30,176,1510997559,"Supremacy: World War 3"
12:30,177,6754839783,"Bubble Word Jam"
12:30,178,1208952944,"Merge Dragons!"
12:30,179,1010962391,"Design Home™: House Makeover"
12:30,180,887947640,"CSR 2 - Realistic Drag Racing"
12:30,181,1181774280,"Fire Emblem Heroes"
12:30,182,1196764367,"Words With Friends Word Game"
12:30,183,6754363534,"Sand Loop"
12:30,184,806077016,"War Robots Multiplayer Battles"
12:30,185,1517783697,"Genshin Impact"
12:30,186,431946152,"Roblox"
12:30,187,6746151928,"Heartopia"
12:30,188,959038492,"Blackjack 21: Blackjackist"
12:30,189,1453837845,"Charades - Family & Party Game"
12:30,190,6759763476,"Bus Traffic Fever!"
12:30,191,354902315,"Zynga Poker ™ - Texas Hold'em"
12:30,192,6473058122,"Charades Guess Game · Guessly"
12:30,193,1207472156,"Wordscapes - Word Game"
12:30,194,6754925146,"Jigsaw Block Sort"
12:30,195,466965151,"The Sims™ FreePlay"
12:30,196,6755173751,"Evo Defense"
12:30,197,1464872022,"Arknights"
12:30,198,656971078,"Episode - Choose Your Story"
12:30,199,6739867121,"Sort Express!"
12:30,200,1660171117,"Zen Word® - Relax Puzzle Game"
15:00,1,1621328561,"MONOPOLY GO!"
15:00,2,1482155847,"Royal Match"
15:00,3,1623318294,"Gossip Harbor®: Merge & Story"
15:00,4,553834731,"Candy Crush Saga"
15:00,5,6739554056,"Kingshot"
15:00,6,1606549505,"Royal Kingdom"
15:00,7,1300146617,"Free Fire: 9th Anniversary"
15:00,8,638689075,"Township"
15:00,9,6443575749,"Whiteout Survival"
15:00,10,1094591345,"Pokémon GO"
15:00,11,6448786147,"Last War:Survival"
15:00,12,1176027022,"Toon Blast"
15:00,13,1606356401,"Zenless Zone Zero - Anniv."
15:00,14,6471045672,"Tasty Travels: Merge Game"
15:00,15,6503272652,"Last Z: Survival Shooter"
15:00,16,1105855019,"Gardenscapes"
15:00,17,6751056652,"Pixel Flow!"
15:00,18,6449094229,"Match Factory!"
15:00,19,1358222641,"DRAGON BALL LEGENDS"
15:00,20,6752672568,"Block Out! - Color Sort Puzzle"
15:00,21,921022358,"Star Wars™: Galaxy of Heroes"
15:00,22,1274132545,"Total Battle: War Strategy"
15:00,23,406889139,"Coin Master"
15:00,24,1195621598,"Homescapes: Match 3 Games"
15:00,25,1243005112,"Lightning Link Casino Slots"
15:00,26,1094930513,"EA SPORTS FC Soccer Mobile 26"
15:00,27,1183802626,"Fate/Grand Order (English)"
15:00,28,1643509748,"Merge Cooking®"
15:00,29,529479190,"Clash of Clans"
15:00,30,1480516829,"Free Fire MAX"
15:00,31,6475757306,"Disney Solitaire"
15:00,32,6499209744,"Magic Sort!"
15:00,33,664575829,"Fishdom"
15:00,34,6503284107,"All in Hole: Black Hole Games"
15:00,35,951627425,"DRAGON BALL Z DOKKAN BATTLE"
15:00,36,6740043080,"Screwdom"
15:00,37,575980917,"Jackpot Party - Casino Slots"
15:00,38,1287282214,"Call of Duty®: Mobile"
15:00,39,1123582513,"Cashman Casino Slots Games"
15:00,40,307569751,"NYT Games: Wordle & Crossword"
15:00,41,850417475,"Candy Crush Soda Saga"
15:00,42,6748950306,"Solitaire Associations Journey"
15:00,43,6504332779,"Color Block Jam"
15:00,44,6751270546,"Sword x Staff"
15:00,45,6755183085,"Yarn Loop: Knit Puzzle"
15:00,46,6670441558,"Dark War:Survival"
15:00,47,1098157959,"Evony"
15:00,48,1117270703,"eFootball™"
15:00,49,1330123889,"PUBG MOBILE"
15:00,50,6618142292,"Flambé®: Merge and Cook"
15:00,51,6479970832,"Pokémon TCG Pocket"
15:00,52,1376515087,"Age of Origins:Tower Defense"
15:00,53,945621521,"Quick Hit Casino - Vegas Slots"
15:00,54,1521236603,"Travel Town - Merge Adventure"
15:00,55,1484468651,"Dice Dreams™"
15:00,56,1053012308,"Clash Royale"
15:00,57,538212549,"Big Fish Casino: Slots Games"
15:00,58,890378044,"Toy Blast"
15:00,59,506627515,"Hay Day"
15:00,60,6443755785,"Seaside Escape®: Merge & Story"
15:00,61,6615077767,"Bingo Voyage: Live Bingo Games"
15:00,62,1484442152,"Merge Mansion: Puzzles & Story"
15:00,63,6779167923,"Colony Flow!"
15:00,64,6754558455,"Marble Sort!"
15:00,65,479516143,"Minecraft: Play with Friends!"
15:00,66,529996768,"Bingo Blitz™ - BINGO Games"
15:00,67,6756058501,"Jelly Busters: Puzzle Game"
15:00,68,6503603603,"Mystery Town: Merge Games"
15:00,69,1597760047,"OneState RP: Role Play Online"
15:00,70,1517980891,"Puzzles & Survival"
15:00,71,6450110217,"Triple Match City"
15:00,72,6748084174,"Smash Fest!"
15:00,73,1607122287,"Triple Match 3D"
15:00,74,1558803930,"Matching Story - Merge & Match"
15:00,75,6744812012,"X-Clash: Survival Challenge"
15:00,76,6483539426,"Fortnite"
15:00,77,1462911602,"Dream League Soccer 2026"
15:00,78,1522699215,"Love Island: The Game"
15:00,79,1642607669,"Game of Thrones: Dragonfire"
15:00,80,6756989323,"Last Asylum: Plague"
15:00,81,485126024,"DoubleDown™ Casino Vegas Slots"
15:00,82,719525810,"WSOP Poker: Texas Holdem Game"
15:00,83,329218549,"Chess.com - Play and Learn"
15:00,84,6741567125,"Clash of Critters"
15:00,85,6756641249,"hololive Dreams"
15:00,86,896112560,"Marvel Contest of Champions"
15:00,87,1509450845,"CookieRun: Kingdom"
15:00,88,1356045010,"Lotsa Slots™ - Vegas Casino"
15:00,89,1089225191,"Golf Clash - Golfing Simulator"
15:00,90,1404165333,"Cash Frenzy™ - Slots Casino"
15:00,91,1229016807,"Brawl Stars"
15:00,92,6450834358,"Sunday City: Life Simulator"
15:00,93,6746328263,"Castle Busters"
15:00,94,1090242126,"Jackpot Magic Slots & Casino"
15:00,95,1585915174,"GODDESS OF VICTORY: NIKKE"
15:00,96,785537179,"Heart of Vegas - Casino Slots"
15:00,97,1599719154,"Honkai: Star Rail"
15:00,98,1635337354,"Piggy Kingdom - Match 3 Games"
15:00,99,6758138698,"Car Sort: Color Puzzle"
15:00,100,1483058899,"Project Makeover"
15:00,101,6480433538,"Umamusume: Pretty Derby"
15:00,102,543186831,"8 Ball Pool™"
15:00,103,6757154335,"Cube Land Puzzle Game"
15:00,104,880047117,"Angry Birds 2"
15:00,105,6504324020,"Hexa Away"
15:00,106,6747028173,"Hole Stars: Puzzle Game"
15:00,107,447553564,"Slotomania™ Slots Machine Game"
15:00,108,1591887467,"Cash Club Casino - Vegas Slots"
15:00,109,6738109752,"Tiles Survive!"
15:00,110,6769314786,"Food Hunt: Pixel Puzzle"
15:00,111,1356980152,"Jackpot World™ - Casino Slots"
15:00,112,1206967173,"Yahtzee® with Buddies Dice"
15:00,113,1223338261,"Solitaire Grand Harvest"
15:00,114,6476976929,"Truck Star"
15:00,115,6446389130,"Puzzles & Chaos: Frozen Castle"
15:00,116,1215145992,"MONOPOLY Slots Casino: Go Spin"
15:00,117,1091301948,"88 Fortunes™ Casino Slot Games"
15:00,118,6745761596,"Coin Master - Board Adventure"
15:00,119,806393795,"Gold Fish Casino Slots Games"
15:00,120,6762268182,"Z Route: Redemption"
15:00,121,6479752688,"Match Villains"
15:00,122,1311478292,"Mighty Fu Casino: Slots Game"
15:00,123,6746636289,"Forge Master – Idle RPG"
15:00,124,852912420,"Summoners War X Frieren"
15:00,125,6752886832,"Hotel Legacy: Merge Game"
15:00,126,6755455500,"Hollywood Merge"
15:00,127,6446005634,"Hunting Sniper"
15:00,128,1496227521,"Magic: The Gathering Arena"
15:00,129,6502326151,"Chaos Zero Nightmare"
15:00,130,6744547461,"Happy Screw Trip 3D"
15:00,131,1492005122,"Diablo Immortal"
15:00,132,1463509237,"Phase 10: Casual Card Game"
15:00,133,6504421808,"Car Match - Traffic Puzzle"
15:00,134,850057092,"The Battle Cats"
15:00,135,1528941310,"Survivor!.io"
15:00,136,1487911239,"Bingo Frenzy™-Live Bingo Games"
15:00,137,6740699102,"Hole It 3D"
15:00,138,6747875092,"Yarn Fever! Unravel Puzzle"
15:00,139,6444043291,"Domino Dreams™"
15:00,140,892521917,"Tiki Solitaire TriPeaks"
15:00,141,6449294809,"Invincible: Guarding the Globe"
15:00,142,1354260888,"Rise of Kingdoms"
15:00,143,1371565796,"RAID: Shadow Legends"
15:00,144,608206510,"Farm Heroes Saga"
15:00,145,6446197181,"Glow Fashion Idol"
15:00,146,6482849843,"Goods Puzzle: Sort Challenge"
15:00,147,6444056676,"Tile Family®:Match Puzzle Game"
15:00,148,1200391796,"June's Journey: Hidden Objects"
15:00,149,1343688545,"ONE PIECE Bounty Rush"
15:00,150,6739124364,"Top Tycoon: Coin Theme Empire"
15:00,151,6737595599,"Foundation: Galactic Frontier"
15:00,152,6447612873,"Sea War: Uboat Raid"
15:00,153,1479198816,"Top War: Battle Game"
15:00,154,6754593077,"NTE: Neverness to Everness"
15:00,155,6740966864,"Dicero!"
15:00,156,6740618570,"XP Hero"
15:00,157,1117841866,"Empires & Puzzles: Match-3 RPG"
15:00,158,1480805172,"Cash Tornado™ Slots - Casino"
15:00,159,1071744151,"War and Order"
15:00,160,6739616715,"MapleStory : Idle RPG"
15:00,161,6449822109,"Cash Rally - Slots Casino Game"
15:00,162,1562817072,"Mob Control"
15:00,163,1419536376,"Yalla Ludo - Ludo&Jackaroo"
15:00,164,603097018,"Caesars Slots - Casino Games"
15:00,165,642727743,"DoubleU Casino™ - Vegas Slots"
15:00,166,1208952944,"Merge Dragons!"
15:00,167,1198143062,"Ludo STAR"
15:00,168,6740766025,"Gecko Out"
15:00,169,6502820653,"Archero 2"
15:00,170,1487451427,"Infinity Kingdom"
15:00,171,6754839783,"Bubble Word Jam"
15:00,172,1010962391,"Design Home™: House Makeover"
15:00,173,1216575026,"Matchington Mansion"
15:00,174,6741568655,"Mobile Legends: Bang Bang.US"
15:00,175,1578212119,"Jackpot Master™ Slots-Casino"
15:00,176,1354796403,"Golf Rival - Multiplayer Game"
15:00,177,1269648762,"Old School RuneScape"
15:00,178,1662335371,"Raid Rush: Tower Defense TD"
15:00,179,1510997559,"Supremacy: World War 3"
15:00,180,6754363534,"Sand Loop"
15:00,181,1196764367,"Words With Friends Word Game"
15:00,182,887947640,"CSR 2 - Realistic Drag Racing"
15:00,183,6759763476,"Bus Traffic Fever!"
15:00,184,6738469826,"Lands of Jail"
15:00,185,1599937506,"Warhammer 40,000: Tacticus ™"
15:00,186,806077016,"War Robots Multiplayer Battles"
15:00,187,1181774280,"Fire Emblem Heroes"
15:00,188,1517783697,"Genshin Impact"
15:00,189,354902315,"Zynga Poker ™ - Texas Hold'em"
15:00,190,6476261995,"Age of Empires Mobile"
15:00,191,1065980436,"POP! Slots™"
15:00,192,466965151,"The Sims™ FreePlay"
15:00,193,6746151928,"Heartopia"
15:00,194,1207472156,"Wordscapes - Word Game"
15:00,195,6739867121,"Sort Express!"
15:00,196,6754925146,"Jigsaw Block Sort"
15:00,197,959038492,"Blackjack 21: Blackjackist"
15:00,198,1660171117,"Zen Word® - Relax Puzzle Game"
15:00,199,6475709488,"Carnival Tycoon: Coin Games"
15:00,200,1292952049,"MARVEL Strike Force: Squad RPG"
18:00,1,1621328561,"MONOPOLY GO!"
18:00,2,1482155847,"Royal Match"
18:00,3,1623318294,"Gossip Harbor®: Merge & Story"
18:00,4,553834731,"Candy Crush Saga"
18:00,5,6479970832,"Pokémon TCG Pocket"
18:00,6,6739554056,"Kingshot"
18:00,7,6448786147,"Last War:Survival"
18:00,8,1606549505,"Royal Kingdom"
18:00,9,1300146617,"Free Fire: 9th Anniversary"
18:00,10,638689075,"Township"
18:00,11,6443575749,"Whiteout Survival"
18:00,12,1094591345,"Pokémon GO"
18:00,13,6503272652,"Last Z: Survival Shooter"
18:00,14,1176027022,"Toon Blast"
18:00,15,6471045672,"Tasty Travels: Merge Game"
18:00,16,1094930513,"EA SPORTS FC Soccer Mobile 26"
18:00,17,1606356401,"Zenless Zone Zero - Anniv."
18:00,18,1105855019,"Gardenscapes"
18:00,19,6751056652,"Pixel Flow!"
18:00,20,6449094229,"Match Factory!"
18:00,21,1358222641,"DRAGON BALL LEGENDS"
18:00,22,6752672568,"Block Out! - Color Sort Puzzle"
18:00,23,1195621598,"Homescapes: Match 3 Games"
18:00,24,406889139,"Coin Master"
18:00,25,1643509748,"Merge Cooking®"
18:00,26,1243005112,"Lightning Link Casino Slots"
18:00,27,1274132545,"Total Battle: War Strategy"
18:00,28,1480516829,"Free Fire MAX"
18:00,29,6499209744,"Magic Sort!"
18:00,30,529479190,"Clash of Clans"
18:00,31,6475757306,"Disney Solitaire"
18:00,32,921022358,"Star Wars™: Galaxy of Heroes"
18:00,33,1183802626,"Fate/Grand Order (English)"
18:00,34,664575829,"Fishdom"
18:00,35,6503284107,"All in Hole: Black Hole Games"
18:00,36,6740043080,"Screwdom"
18:00,37,575980917,"Jackpot Party - Casino Slots"
18:00,38,1287282214,"Call of Duty®: Mobile"
18:00,39,951627425,"DRAGON BALL Z DOKKAN BATTLE"
18:00,40,1123582513,"Cashman Casino Slots Games"
18:00,41,6748950306,"Solitaire Associations Journey"
18:00,42,6670441558,"Dark War:Survival"
18:00,43,850417475,"Candy Crush Soda Saga"
18:00,44,6755183085,"Yarn Loop: Knit Puzzle"
18:00,45,6504332779,"Color Block Jam"
18:00,46,1290086677,"MapleStory M: Fantasy MMORPG"
18:00,47,6618142292,"Flambé®: Merge and Cook"
18:00,48,6751270546,"Sword x Staff"
18:00,49,1330123889,"PUBG MOBILE"
18:00,50,307569751,"NYT Games: Wordle & Crossword"
18:00,51,945621521,"Quick Hit Casino - Vegas Slots"
18:00,52,1521236603,"Travel Town - Merge Adventure"
18:00,53,1098157959,"Evony"
18:00,54,1376515087,"Age of Origins:Tower Defense"
18:00,55,538212549,"Big Fish Casino: Slots Games"
18:00,56,6744812012,"X-Clash: Survival Challenge"
18:00,57,1484468651,"Dice Dreams™"
18:00,58,6443755785,"Seaside Escape®: Merge & Story"
18:00,59,890378044,"Toy Blast"
18:00,60,1053012308,"Clash Royale"
18:00,61,506627515,"Hay Day"
18:00,62,6615077767,"Bingo Voyage: Live Bingo Games"
18:00,63,6779167923,"Colony Flow!"
18:00,64,6754558455,"Marble Sort!"
18:00,65,1117270703,"eFootball™"
18:00,66,1484442152,"Merge Mansion: Puzzles & Story"
18:00,67,6756058501,"Jelly Busters: Puzzle Game"
18:00,68,6756989323,"Last Asylum: Plague"
18:00,69,6503603603,"Mystery Town: Merge Games"
18:00,70,6748084174,"Smash Fest!"
18:00,71,529996768,"Bingo Blitz™ - BINGO Games"
18:00,72,479516143,"Minecraft: Play with Friends!"
18:00,73,6450110217,"Triple Match City"
18:00,74,1558803930,"Matching Story - Merge & Match"
18:00,75,1517980891,"Puzzles & Survival"
18:00,76,1522699215,"Love Island: The Game"
18:00,77,1607122287,"Triple Match 3D"
18:00,78,1462911602,"Dream League Soccer 2026"
18:00,79,719525810,"WSOP Poker: Texas Holdem Game"
18:00,80,1597760047,"OneState RP: Role Play Online"
18:00,81,6741567125,"Clash of Critters"
18:00,82,1642607669,"Game of Thrones: Dragonfire"
18:00,83,6483539426,"Fortnite"
18:00,84,485126024,"DoubleDown™ Casino Vegas Slots"
18:00,85,896112560,"Marvel Contest of Champions"
18:00,86,6450834358,"Sunday City: Life Simulator"
18:00,87,1404165333,"Cash Frenzy™ - Slots Casino"
18:00,88,1090242126,"Jackpot Magic Slots & Casino"
18:00,89,1089225191,"Golf Clash - Golfing Simulator"
18:00,90,1356045010,"Lotsa Slots™ - Vegas Casino"
18:00,91,6746328263,"Castle Busters"
18:00,92,6756641249,"hololive Dreams"
18:00,93,6758138698,"Car Sort: Color Puzzle"
18:00,94,785537179,"Heart of Vegas - Casino Slots"
18:00,95,1229016807,"Brawl Stars"
18:00,96,1509450845,"CookieRun: Kingdom"
18:00,97,1483058899,"Project Makeover"
18:00,98,6757154335,"Cube Land Puzzle Game"
18:00,99,1585915174,"GODDESS OF VICTORY: NIKKE"
18:00,100,329218549,"Chess.com - Play and Learn"
18:00,101,6504324020,"Hexa Away"
18:00,102,1635337354,"Piggy Kingdom - Match 3 Games"
18:00,103,6747028173,"Hole Stars: Puzzle Game"
18:00,104,6480433538,"Umamusume: Pretty Derby"
18:00,105,880047117,"Angry Birds 2"
18:00,106,6762268182,"Z Route: Redemption"
18:00,107,543186831,"8 Ball Pool™"
18:00,108,1599719154,"Honkai: Star Rail"
18:00,109,1356980152,"Jackpot World™ - Casino Slots"
18:00,110,6769314786,"Food Hunt: Pixel Puzzle"
18:00,111,1591887467,"Cash Club Casino - Vegas Slots"
18:00,112,1206967173,"Yahtzee® with Buddies Dice"
18:00,113,1215145992,"MONOPOLY Slots Casino: Go Spin"
18:00,114,1223338261,"Solitaire Grand Harvest"
18:00,115,447553564,"Slotomania™ Slots Machine Game"
18:00,116,6476976929,"Truck Star"
18:00,117,1091301948,"88 Fortunes™ Casino Slot Games"
18:00,118,6755455500,"Hollywood Merge"
18:00,119,806393795,"Gold Fish Casino Slots Games"
18:00,120,6738109752,"Tiles Survive!"
18:00,121,6752886832,"Hotel Legacy: Merge Game"
18:00,122,6446389130,"Puzzles & Chaos: Frozen Castle"
18:00,123,852912420,"Summoners War X Frieren"
18:00,124,6745761596,"Coin Master - Board Adventure"
18:00,125,1311478292,"Mighty Fu Casino: Slots Game"
18:00,126,6479752688,"Match Villains"
18:00,127,6446005634,"Hunting Sniper"
18:00,128,6744547461,"Happy Screw Trip 3D"
18:00,129,6746636289,"Forge Master – Idle RPG"
18:00,130,6747875092,"Yarn Fever! Unravel Puzzle"
18:00,131,1487911239,"Bingo Frenzy™-Live Bingo Games"
18:00,132,1463509237,"Phase 10: Casual Card Game"
18:00,133,6740699102,"Hole It 3D"
18:00,134,850057092,"The Battle Cats"
18:00,135,1496227521,"Magic: The Gathering Arena"
18:00,136,6504421808,"Car Match - Traffic Puzzle"
18:00,137,1492005122,"Diablo Immortal"
18:00,138,6482849843,"Goods Puzzle: Sort Challenge"
18:00,139,892521917,"Tiki Solitaire TriPeaks"
18:00,140,6444043291,"Domino Dreams™"
18:00,141,6444056676,"Tile Family®:Match Puzzle Game"
18:00,142,6449294809,"Invincible: Guarding the Globe"
18:00,143,1528941310,"Survivor!.io"
18:00,144,6446197181,"Glow Fashion Idol"
18:00,145,6739124364,"Top Tycoon: Coin Theme Empire"
18:00,146,1371565796,"RAID: Shadow Legends"
18:00,147,1354260888,"Rise of Kingdoms"
18:00,148,608206510,"Farm Heroes Saga"
18:00,149,6740618570,"XP Hero"
18:00,150,6502326151,"Chaos Zero Nightmare"
18:00,151,1200391796,"June's Journey: Hidden Objects"
18:00,152,1479198816,"Top War: Battle Game"
18:00,153,6737595599,"Foundation: Galactic Frontier"
18:00,154,1071744151,"War and Order"
18:00,155,6447612873,"Sea War: Uboat Raid"
18:00,156,6738469826,"Lands of Jail"
18:00,157,1480805172,"Cash Tornado™ Slots - Casino"
18:00,158,1343688545,"ONE PIECE Bounty Rush"
18:00,159,1117841866,"Empires & Puzzles: Match-3 RPG"
18:00,160,6740966864,"Dicero!"
18:00,161,1562817072,"Mob Control"
18:00,162,603097018,"Caesars Slots - Casino Games"
18:00,163,6740766025,"Gecko Out"
18:00,164,6449822109,"Cash Rally - Slots Casino Game"
18:00,165,1010962391,"Design Home™: House Makeover"
18:00,166,1487451427,"Infinity Kingdom"
18:00,167,1208952944,"Merge Dragons!"
18:00,168,6502820653,"Archero 2"
18:00,169,6754839783,"Bubble Word Jam"
18:00,170,642727743,"DoubleU Casino™ - Vegas Slots"
18:00,171,6749251466,"CookieRun: Crumble - Idle RPG"
18:00,172,6759763476,"Bus Traffic Fever!"
18:00,173,1216575026,"Matchington Mansion"
18:00,174,6754363534,"Sand Loop"
18:00,175,6754593077,"NTE: Neverness to Everness"
18:00,176,6739616715,"MapleStory : Idle RPG"
18:00,177,1419536376,"Yalla Ludo - Ludo&Jackaroo"
18:00,178,1198143062,"Ludo STAR"
18:00,179,6741568655,"Mobile Legends: Bang Bang.US"
18:00,180,1662335371,"Raid Rush: Tower Defense TD"
18:00,181,1578212119,"Jackpot Master™ Slots-Casino"
18:00,182,1196764367,"Words With Friends Word Game"
18:00,183,1065980436,"POP! Slots™"
18:00,184,887947640,"CSR 2 - Realistic Drag Racing"
18:00,185,1158967485,"Hero Wars: Alliance Adventure"
18:00,186,6450953550,"Top Heroes: Kingdom Saga"
18:00,187,806077016,"War Robots Multiplayer Battles"
18:00,188,1660171117,"Zen Word® - Relax Puzzle Game"
18:00,189,1181774280,"Fire Emblem Heroes"
18:00,190,1354796403,"Golf Rival - Multiplayer Game"
18:00,191,6754925146,"Jigsaw Block Sort"
18:00,192,6476261995,"Age of Empires Mobile"
18:00,193,1269648762,"Old School RuneScape"
18:00,194,6739867121,"Sort Express!"
18:00,195,1599937506,"Warhammer 40,000: Tacticus ™"
18:00,196,6740718591,"Hole Busters 3D"
18:00,197,6746151928,"Heartopia"
18:00,198,834185106,"Spades Plus - Card Game"
18:00,199,6757350661,"Police Chief"
18:00,200,6475709488,"Carnival Tycoon: Coin Games"
20:00,1,1621328561,"MONOPOLY GO!"
20:00,2,1482155847,"Royal Match"
20:00,3,1623318294,"Gossip Harbor®: Merge & Story"
20:00,4,6479970832,"Pokémon TCG Pocket"
20:00,5,553834731,"Candy Crush Saga"
20:00,6,6739554056,"Kingshot"
20:00,7,6448786147,"Last War:Survival"
20:00,8,1606549505,"Royal Kingdom"
20:00,9,638689075,"Township"
20:00,10,1300146617,"Free Fire: 9th Anniversary"
20:00,11,6443575749,"Whiteout Survival"
20:00,12,6503272652,"Last Z: Survival Shooter"
20:00,13,1094591345,"Pokémon GO"
20:00,14,1176027022,"Toon Blast"
20:00,15,6471045672,"Tasty Travels: Merge Game"
20:00,16,1094930513,"EA SPORTS FC Soccer Mobile 26"
20:00,17,1606356401,"Zenless Zone Zero - Anniv."
20:00,18,1105855019,"Gardenscapes"
20:00,19,6751056652,"Pixel Flow!"
20:00,20,6449094229,"Match Factory!"
20:00,21,1358222641,"DRAGON BALL LEGENDS"
20:00,22,6752672568,"Block Out! - Color Sort Puzzle"
20:00,23,1195621598,"Homescapes: Match 3 Games"
20:00,24,406889139,"Coin Master"
20:00,25,1243005112,"Lightning Link Casino Slots"
20:00,26,1643509748,"Merge Cooking®"
20:00,27,1274132545,"Total Battle: War Strategy"
20:00,28,6499209744,"Magic Sort!"
20:00,29,529479190,"Clash of Clans"
20:00,30,1183802626,"Fate/Grand Order (English)"
20:00,31,1480516829,"Free Fire MAX"
20:00,32,6475757306,"Disney Solitaire"
20:00,33,664575829,"Fishdom"
20:00,34,6740043080,"Screwdom"
20:00,35,921022358,"Star Wars™: Galaxy of Heroes"
20:00,36,6503284107,"All in Hole: Black Hole Games"
20:00,37,575980917,"Jackpot Party - Casino Slots"
20:00,38,1290086677,"MapleStory M: Fantasy MMORPG"
20:00,39,1287282214,"Call of Duty®: Mobile"
20:00,40,1123582513,"Cashman Casino Slots Games"
20:00,41,951627425,"DRAGON BALL Z DOKKAN BATTLE"
20:00,42,6748950306,"Solitaire Associations Journey"
20:00,43,6670441558,"Dark War:Survival"
20:00,44,850417475,"Candy Crush Soda Saga"
20:00,45,6504332779,"Color Block Jam"
20:00,46,1330123889,"PUBG MOBILE"
20:00,47,6755183085,"Yarn Loop: Knit Puzzle"
20:00,48,307569751,"NYT Games: Wordle & Crossword"
20:00,49,6618142292,"Flambé®: Merge and Cook"
20:00,50,6751270546,"Sword x Staff"
20:00,51,945621521,"Quick Hit Casino - Vegas Slots"
20:00,52,1521236603,"Travel Town - Merge Adventure"
20:00,53,1098157959,"Evony"
20:00,54,6744812012,"X-Clash: Survival Challenge"
20:00,55,538212549,"Big Fish Casino: Slots Games"
20:00,56,1484468651,"Dice Dreams™"
20:00,57,1376515087,"Age of Origins:Tower Defense"
20:00,58,1053012308,"Clash Royale"
20:00,59,6443755785,"Seaside Escape®: Merge & Story"
20:00,60,890378044,"Toy Blast"
20:00,61,506627515,"Hay Day"
20:00,62,6779167923,"Colony Flow!"
20:00,63,6615077767,"Bingo Voyage: Live Bingo Games"
20:00,64,6754558455,"Marble Sort!"
20:00,65,6756058501,"Jelly Busters: Puzzle Game"
20:00,66,1484442152,"Merge Mansion: Puzzles & Story"
20:00,67,6756989323,"Last Asylum: Plague"
20:00,68,6503603603,"Mystery Town: Merge Games"
20:00,69,6748084174,"Smash Fest!"
20:00,70,529996768,"Bingo Blitz™ - BINGO Games"
20:00,71,1522699215,"Love Island: The Game"
20:00,72,479516143,"Minecraft: Play with Friends!"
20:00,73,1462911602,"Dream League Soccer 2026"
20:00,74,1597760047,"OneState RP: Role Play Online"
20:00,75,6450110217,"Triple Match City"
20:00,76,1117270703,"eFootball™"
20:00,77,719525810,"WSOP Poker: Texas Holdem Game"
20:00,78,1558803930,"Matching Story - Merge & Match"
20:00,79,1607122287,"Triple Match 3D"
20:00,80,1517980891,"Puzzles & Survival"
20:00,81,6741567125,"Clash of Critters"
20:00,82,1642607669,"Game of Thrones: Dragonfire"
20:00,83,6483539426,"Fortnite"
20:00,84,6450834358,"Sunday City: Life Simulator"
20:00,85,896112560,"Marvel Contest of Champions"
20:00,86,1404165333,"Cash Frenzy™ - Slots Casino"
20:00,87,1090242126,"Jackpot Magic Slots & Casino"
20:00,88,485126024,"DoubleDown™ Casino Vegas Slots"
20:00,89,6746328263,"Castle Busters"
20:00,90,1356045010,"Lotsa Slots™ - Vegas Casino"
20:00,91,1585915174,"GODDESS OF VICTORY: NIKKE"
20:00,92,785537179,"Heart of Vegas - Casino Slots"
20:00,93,6756641249,"hololive Dreams"
20:00,94,1089225191,"Golf Clash - Golfing Simulator"
20:00,95,6758138698,"Car Sort: Color Puzzle"
20:00,96,1229016807,"Brawl Stars"
20:00,97,1483058899,"Project Makeover"
20:00,98,880047117,"Angry Birds 2"
20:00,99,6757154335,"Cube Land Puzzle Game"
20:00,100,1509450845,"CookieRun: Kingdom"
20:00,101,329218549,"Chess.com - Play and Learn"
20:00,102,6480433538,"Umamusume: Pretty Derby"
20:00,103,6504324020,"Hexa Away"
20:00,104,543186831,"8 Ball Pool™"
20:00,105,1599719154,"Honkai: Star Rail"
20:00,106,1356980152,"Jackpot World™ - Casino Slots"
20:00,107,6747028173,"Hole Stars: Puzzle Game"
20:00,108,6762268182,"Z Route: Redemption"
20:00,109,1635337354,"Piggy Kingdom - Match 3 Games"
20:00,110,1591887467,"Cash Club Casino - Vegas Slots"
20:00,111,1206967173,"Yahtzee® with Buddies Dice"
20:00,112,6769314786,"Food Hunt: Pixel Puzzle"
20:00,113,1091301948,"88 Fortunes™ Casino Slot Games"
20:00,114,1223338261,"Solitaire Grand Harvest"
20:00,115,1215145992,"MONOPOLY Slots Casino: Go Spin"
20:00,116,806393795,"Gold Fish Casino Slots Games"
20:00,117,6755455500,"Hollywood Merge"
20:00,118,852912420,"Summoners War X Frieren"
20:00,119,6476976929,"Truck Star"
20:00,120,1311478292,"Mighty Fu Casino: Slots Game"
20:00,121,6446389130,"Puzzles & Chaos: Frozen Castle"
20:00,122,447553564,"Slotomania™ Slots Machine Game"
20:00,123,6738109752,"Tiles Survive!"
20:00,124,6752886832,"Hotel Legacy: Merge Game"
20:00,125,6745761596,"Coin Master - Board Adventure"
20:00,126,850057092,"The Battle Cats"
20:00,127,6479752688,"Match Villains"
20:00,128,6749251466,"CookieRun: Crumble - Idle RPG"
20:00,129,6744547461,"Happy Screw Trip 3D"
20:00,130,6446005634,"Hunting Sniper"
20:00,131,1463509237,"Phase 10: Casual Card Game"
20:00,132,1487911239,"Bingo Frenzy™-Live Bingo Games"
20:00,133,1496227521,"Magic: The Gathering Arena"
20:00,134,6504421808,"Car Match - Traffic Puzzle"
20:00,135,6747875092,"Yarn Fever! Unravel Puzzle"
20:00,136,6740699102,"Hole It 3D"
20:00,137,1492005122,"Diablo Immortal"
20:00,138,6746636289,"Forge Master – Idle RPG"
20:00,139,6482849843,"Goods Puzzle: Sort Challenge"
20:00,140,1371565796,"RAID: Shadow Legends"
20:00,141,6446197181,"Glow Fashion Idol"
20:00,142,6449294809,"Invincible: Guarding the Globe"
20:00,143,6444056676,"Tile Family®:Match Puzzle Game"
20:00,144,892521917,"Tiki Solitaire TriPeaks"
20:00,145,6444043291,"Domino Dreams™"
20:00,146,1528941310,"Survivor!.io"
20:00,147,6739124364,"Top Tycoon: Coin Theme Empire"
20:00,148,6740618570,"XP Hero"
20:00,149,608206510,"Farm Heroes Saga"
20:00,150,1354260888,"Rise of Kingdoms"
20:00,151,6502326151,"Chaos Zero Nightmare"
20:00,152,1200391796,"June's Journey: Hidden Objects"
20:00,153,6738469826,"Lands of Jail"
20:00,154,6737595599,"Foundation: Galactic Frontier"
20:00,155,6740966864,"Dicero!"
20:00,156,1343688545,"ONE PIECE Bounty Rush"
20:00,157,1480805172,"Cash Tornado™ Slots - Casino"
20:00,158,6449822109,"Cash Rally - Slots Casino Game"
20:00,159,1117841866,"Empires & Puzzles: Match-3 RPG"
20:00,160,1071744151,"War and Order"
20:00,161,6447612873,"Sea War: Uboat Raid"
20:00,162,1562817072,"Mob Control"
20:00,163,6740766025,"Gecko Out"
20:00,164,6475033368,"Wuthering Waves - To Xuanfang"
20:00,165,1479198816,"Top War: Battle Game"
20:00,166,6502820653,"Archero 2"
20:00,167,1208952944,"Merge Dragons!"
20:00,168,1487451427,"Infinity Kingdom"
20:00,169,6739616715,"MapleStory : Idle RPG"
20:00,170,1010962391,"Design Home™: House Makeover"
20:00,171,603097018,"Caesars Slots - Casino Games"
20:00,172,6759763476,"Bus Traffic Fever!"
20:00,173,6741568655,"Mobile Legends: Bang Bang.US"
20:00,174,1198143062,"Ludo STAR"
20:00,175,1419536376,"Yalla Ludo - Ludo&Jackaroo"
20:00,176,6754839783,"Bubble Word Jam"
20:00,177,1065980436,"POP! Slots™"
20:00,178,1464872022,"Arknights"
20:00,179,1216575026,"Matchington Mansion"
20:00,180,642727743,"DoubleU Casino™ - Vegas Slots"
20:00,181,6754363534,"Sand Loop"
20:00,182,6754593077,"NTE: Neverness to Everness"
20:00,183,1578212119,"Jackpot Master™ Slots-Casino"
20:00,184,806077016,"War Robots Multiplayer Battles"
20:00,185,887947640,"CSR 2 - Realistic Drag Racing"
20:00,186,1158967485,"Hero Wars: Alliance Adventure"
20:00,187,1662335371,"Raid Rush: Tower Defense TD"
20:00,188,6746151928,"Heartopia"
20:00,189,1196764367,"Words With Friends Word Game"
20:00,190,1181774280,"Fire Emblem Heroes"
20:00,191,1269648762,"Old School RuneScape"
20:00,192,1354796403,"Golf Rival - Multiplayer Game"
20:00,193,656971078,"Episode - Choose Your Story"
20:00,194,6476261995,"Age of Empires Mobile"
20:00,195,6754925146,"Jigsaw Block Sort"
20:00,196,1660171117,"Zen Word® - Relax Puzzle Game"
20:00,197,6450953550,"Top Heroes: Kingdom Saga"
20:00,198,466965151,"The Sims™ FreePlay"
20:00,199,6740718591,"Hole Busters 3D"
20:00,200,1599937506,"Warhammer 40,000: Tacticus ™"
22:00,1,1621328561,"MONOPOLY GO!"
22:00,2,1482155847,"Royal Match"
22:00,3,1623318294,"Gossip Harbor®: Merge & Story"
22:00,4,6479970832,"Pokémon TCG Pocket"
22:00,5,553834731,"Candy Crush Saga"
22:00,6,6739554056,"Kingshot"
22:00,7,6448786147,"Last War:Survival"
22:00,8,1606549505,"Royal Kingdom"
22:00,9,638689075,"Township"
22:00,10,1300146617,"Free Fire: 9th Anniversary"
22:00,11,6443575749,"Whiteout Survival"
22:00,12,6503272652,"Last Z: Survival Shooter"
22:00,13,1094591345,"Pokémon GO"
22:00,14,1176027022,"Toon Blast"
22:00,15,6471045672,"Tasty Travels: Merge Game"
22:00,16,1094930513,"EA SPORTS FC Soccer Mobile 26"
22:00,17,1606356401,"Zenless Zone Zero - Anniv."
22:00,18,1105855019,"Gardenscapes"
22:00,19,6751056652,"Pixel Flow!"
22:00,20,6449094229,"Match Factory!"
22:00,21,1358222641,"DRAGON BALL LEGENDS"
22:00,22,6752672568,"Block Out! - Color Sort Puzzle"
22:00,23,1195621598,"Homescapes: Match 3 Games"
22:00,24,406889139,"Coin Master"
22:00,25,1243005112,"Lightning Link Casino Slots"
22:00,26,1643509748,"Merge Cooking®"
22:00,27,1274132545,"Total Battle: War Strategy"
22:00,28,6499209744,"Magic Sort!"
22:00,29,529479190,"Clash of Clans"
22:00,30,1183802626,"Fate/Grand Order (English)"
22:00,31,1480516829,"Free Fire MAX"
22:00,32,6475757306,"Disney Solitaire"
22:00,33,664575829,"Fishdom"
22:00,34,6740043080,"Screwdom"
22:00,35,921022358,"Star Wars™: Galaxy of Heroes"
22:00,36,6503284107,"All in Hole: Black Hole Games"
22:00,37,575980917,"Jackpot Party - Casino Slots"
22:00,38,1290086677,"MapleStory M: Fantasy MMORPG"
22:00,39,1287282214,"Call of Duty®: Mobile"
22:00,40,1123582513,"Cashman Casino Slots Games"
22:00,41,951627425,"DRAGON BALL Z DOKKAN BATTLE"
22:00,42,6748950306,"Solitaire Associations Journey"
22:00,43,6670441558,"Dark War:Survival"
22:00,44,850417475,"Candy Crush Soda Saga"
22:00,45,6504332779,"Color Block Jam"
22:00,46,1330123889,"PUBG MOBILE"
22:00,47,6755183085,"Yarn Loop: Knit Puzzle"
22:00,48,307569751,"NYT Games: Wordle & Crossword"
22:00,49,6618142292,"Flambé®: Merge and Cook"
22:00,50,6751270546,"Sword x Staff"
22:00,51,945621521,"Quick Hit Casino - Vegas Slots"
22:00,52,1521236603,"Travel Town - Merge Adventure"
22:00,53,1098157959,"Evony"
22:00,54,6744812012,"X-Clash: Survival Challenge"
22:00,55,538212549,"Big Fish Casino: Slots Games"
22:00,56,1484468651,"Dice Dreams™"
22:00,57,1376515087,"Age of Origins:Tower Defense"
22:00,58,1053012308,"Clash Royale"
22:00,59,6443755785,"Seaside Escape®: Merge & Story"
22:00,60,890378044,"Toy Blast"
22:00,61,506627515,"Hay Day"
22:00,62,6779167923,"Colony Flow!"
22:00,63,6615077767,"Bingo Voyage: Live Bingo Games"
22:00,64,6754558455,"Marble Sort!"
22:00,65,6756058501,"Jelly Busters: Puzzle Game"
22:00,66,1484442152,"Merge Mansion: Puzzles & Story"
22:00,67,6756989323,"Last Asylum: Plague"
22:00,68,6503603603,"Mystery Town: Merge Games"
22:00,69,6748084174,"Smash Fest!"
22:00,70,529996768,"Bingo Blitz™ - BINGO Games"
22:00,71,1522699215,"Love Island: The Game"
22:00,72,479516143,"Minecraft: Play with Friends!"
22:00,73,1462911602,"Dream League Soccer 2026"
22:00,74,1597760047,"OneState RP: Role Play Online"
22:00,75,6450110217,"Triple Match City"
22:00,76,1117270703,"eFootball™"
22:00,77,719525810,"WSOP Poker: Texas Holdem Game"
22:00,78,1558803930,"Matching Story - Merge & Match"
22:00,79,1607122287,"Triple Match 3D"
22:00,80,1517980891,"Puzzles & Survival"
22:00,81,6741567125,"Clash of Critters"
22:00,82,1642607669,"Game of Thrones: Dragonfire"
22:00,83,6483539426,"Fortnite"
22:00,84,6450834358,"Sunday City: Life Simulator"
22:00,85,896112560,"Marvel Contest of Champions"
22:00,86,1404165333,"Cash Frenzy™ - Slots Casino"
22:00,87,1090242126,"Jackpot Magic Slots & Casino"
22:00,88,485126024,"DoubleDown™ Casino Vegas Slots"
22:00,89,6746328263,"Castle Busters"
22:00,90,1356045010,"Lotsa Slots™ - Vegas Casino"
22:00,91,1585915174,"GODDESS OF VICTORY: NIKKE"
22:00,92,785537179,"Heart of Vegas - Casino Slots"
22:00,93,6756641249,"hololive Dreams"
22:00,94,1089225191,"Golf Clash - Golfing Simulator"
22:00,95,6758138698,"Car Sort: Color Puzzle"
22:00,96,1229016807,"Brawl Stars"
22:00,97,1483058899,"Project Makeover"
22:00,98,880047117,"Angry Birds 2"
22:00,99,6757154335,"Cube Land Puzzle Game"
22:00,100,1509450845,"CookieRun: Kingdom"
22:00,101,329218549,"Chess.com - Play and Learn"
22:00,102,6480433538,"Umamusume: Pretty Derby"
22:00,103,6504324020,"Hexa Away"
22:00,104,543186831,"8 Ball Pool™"
22:00,105,1599719154,"Honkai: Star Rail"
22:00,106,1356980152,"Jackpot World™ - Casino Slots"
22:00,107,6747028173,"Hole Stars: Puzzle Game"
22:00,108,6762268182,"Z Route: Redemption"
22:00,109,1635337354,"Piggy Kingdom - Match 3 Games"
22:00,110,1591887467,"Cash Club Casino - Vegas Slots"
22:00,111,1206967173,"Yahtzee® with Buddies Dice"
22:00,112,6769314786,"Food Hunt: Pixel Puzzle"
22:00,113,1091301948,"88 Fortunes™ Casino Slot Games"
22:00,114,1223338261,"Solitaire Grand Harvest"
22:00,115,1215145992,"MONOPOLY Slots Casino: Go Spin"
22:00,116,806393795,"Gold Fish Casino Slots Games"
22:00,117,6755455500,"Hollywood Merge"
22:00,118,852912420,"Summoners War X Frieren"
22:00,119,6476976929,"Truck Star"
22:00,120,1311478292,"Mighty Fu Casino: Slots Game"
22:00,121,6446389130,"Puzzles & Chaos: Frozen Castle"
22:00,122,447553564,"Slotomania™ Slots Machine Game"
22:00,123,6738109752,"Tiles Survive!"
22:00,124,6752886832,"Hotel Legacy: Merge Game"
22:00,125,6745761596,"Coin Master - Board Adventure"
22:00,126,850057092,"The Battle Cats"
22:00,127,6479752688,"Match Villains"
22:00,128,6749251466,"CookieRun: Crumble - Idle RPG"
22:00,129,6744547461,"Happy Screw Trip 3D"
22:00,130,6446005634,"Hunting Sniper"
22:00,131,1463509237,"Phase 10: Casual Card Game"
22:00,132,1487911239,"Bingo Frenzy™-Live Bingo Games"
22:00,133,1496227521,"Magic: The Gathering Arena"
22:00,134,6504421808,"Car Match - Traffic Puzzle"
22:00,135,6747875092,"Yarn Fever! Unravel Puzzle"
22:00,136,6740699102,"Hole It 3D"
22:00,137,1492005122,"Diablo Immortal"
22:00,138,6746636289,"Forge Master – Idle RPG"
22:00,139,6482849843,"Goods Puzzle: Sort Challenge"
22:00,140,1371565796,"RAID: Shadow Legends"
22:00,141,6446197181,"Glow Fashion Idol"
22:00,142,6449294809,"Invincible: Guarding the Globe"
22:00,143,6444056676,"Tile Family®:Match Puzzle Game"
22:00,144,892521917,"Tiki Solitaire TriPeaks"
22:00,145,6444043291,"Domino Dreams™"
22:00,146,1528941310,"Survivor!.io"
22:00,147,6739124364,"Top Tycoon: Coin Theme Empire"
22:00,148,6740618570,"XP Hero"
22:00,149,608206510,"Farm Heroes Saga"
22:00,150,1354260888,"Rise of Kingdoms"
22:00,151,6502326151,"Chaos Zero Nightmare"
22:00,152,1200391796,"June's Journey: Hidden Objects"
22:00,153,6738469826,"Lands of Jail"
22:00,154,6737595599,"Foundation: Galactic Frontier"
22:00,155,6740966864,"Dicero!"
22:00,156,1343688545,"ONE PIECE Bounty Rush"
22:00,157,1480805172,"Cash Tornado™ Slots - Casino"
22:00,158,6449822109,"Cash Rally - Slots Casino Game"
22:00,159,1117841866,"Empires & Puzzles: Match-3 RPG"
22:00,160,1071744151,"War and Order"
22:00,161,6447612873,"Sea War: Uboat Raid"
22:00,162,1562817072,"Mob Control"
22:00,163,6740766025,"Gecko Out"
22:00,164,6475033368,"Wuthering Waves - To Xuanfang"
22:00,165,1479198816,"Top War: Battle Game"
22:00,166,6502820653,"Archero 2"
22:00,167,1208952944,"Merge Dragons!"
22:00,168,1487451427,"Infinity Kingdom"
22:00,169,6739616715,"MapleStory : Idle RPG"
22:00,170,1010962391,"Design Home™: House Makeover"
22:00,171,603097018,"Caesars Slots - Casino Games"
22:00,172,6759763476,"Bus Traffic Fever!"
22:00,173,6741568655,"Mobile Legends: Bang Bang.US"
22:00,174,1198143062,"Ludo STAR"
22:00,175,1419536376,"Yalla Ludo - Ludo&Jackaroo"
22:00,176,6754839783,"Bubble Word Jam"
22:00,177,1065980436,"POP! Slots™"
22:00,178,1464872022,"Arknights"
22:00,179,1216575026,"Matchington Mansion"
22:00,180,642727743,"DoubleU Casino™ - Vegas Slots"
22:00,181,6754363534,"Sand Loop"
22:00,182,6754593077,"NTE: Neverness to Everness"
22:00,183,1578212119,"Jackpot Master™ Slots-Casino"
22:00,184,806077016,"War Robots Multiplayer Battles"
22:00,185,887947640,"CSR 2 - Realistic Drag Racing"
22:00,186,1158967485,"Hero Wars: Alliance Adventure"
22:00,187,1662335371,"Raid Rush: Tower Defense TD"
22:00,188,6746151928,"Heartopia"
22:00,189,1196764367,"Words With Friends Word Game"
22:00,190,1181774280,"Fire Emblem Heroes"
22:00,191,1269648762,"Old School RuneScape"
22:00,192,1354796403,"Golf Rival - Multiplayer Game"
22:00,193,656971078,"Episode - Choose Your Story"
22:00,194,6476261995,"Age of Empires Mobile"
22:00,195,6754925146,"Jigsaw Block Sort"
22:00,196,1660171117,"Zen Word® - Relax Puzzle Game"
22:00,197,6450953550,"Top Heroes: Kingdom Saga"
22:00,198,466965151,"The Sims™ FreePlay"
22:00,199,6740718591,"Hole Busters 3D"
22:00,200,1599937506,"Warhammer 40,000: Tacticus ™"
