time,rank,id,title
01:30,1,com.roblox.client,"Roblox"
01:30,2,com.oakever.meowdoku,"Meowdoku: Brain Puzzle Games"
01:30,3,com.cyphergames.royalsmash,"Royal Smash! - Physics Puzzle"
01:30,4,com.ecffri.arrows,"Arrows – Puzzle Escape"
01:30,5,com.vitastudio.mahjong,"Vita Mahjong"
01:30,6,com.block.juggle,"Block Blast!"
01:30,7,com.fungames.blockcraft,"Block Craft 3D：Building Game"
01:30,8,com.kayac.slow_mo_strike,"Slow Mo Strike: Knives in Time"
01:30,9,com.grandgames.magicsort,"Magic Sort!"
01:30,10,jp.co.goodroid.hyper.busflow,"Bus Traffic Fever!"
01:30,11,com.mergegames.gossipharbor,"Gossip Harbor: Merge & Story"
01:30,12,com.nebula.mahjongtile,"Mahjong Blast"
01:30,13,com.oakever.arrows,"Amaze GO!"
01:30,14,com.studio27.MelonPlayground,"Melon Sandbox"
01:30,15,com.unept.leveldevil,"Level Devil - NOT A Troll Game"
01:30,16,com.combo.yarnflow,"Yarn Loop"
01:30,17,com.playrix.township,"Township"
01:30,18,com.easybrain.arrow.puzzle.game,"Arrow Puzzle: Tap Puzzle Games"
01:30,19,com.scopely.monopolygo,"MONOPOLY GO!"
01:30,20,com.loomgames.pixelflow,"Pixel Flow!"
01:30,21,com.ea.gp.fifamobile,"EA SPORTS FC Soccer Mobile 26"
01:30,22,com.sled.surfers.game,"Sled Surfers"
01:30,23,com.totalbattle,"Total Battle: War Strategy"
01:30,24,com.run.tower.defense,"Kingshot"
01:30,25,com.newai.ooc,"OOC: The Playable Anime"
01:30,26,com.gameloft.android.ANMP.GloftA9HM,"Asphalt Legends - Racing Game"
01:30,27,io.voodoo.paper2,"Paper.io 2"
01:30,28,com.pocket.sort.coin.puzzle.game,"Pocket Sort: Coin Merge Puzzle"
01:30,29,com.youmusic.magictiles,"Magic Tiles 3™ - Piano Game"
01:30,30,com.tripledot.blockssmashgame,"Stack Smash - Block 3D Puzzle"
01:30,31,com.tocaboca.tocalifeworld,"Toca Boca World"
01:30,32,com.puzzlegames.puzzlebrickslegend,"Color Block: Combo Blast"
01:30,33,com.mobsmile.coincollector,"Coin Collector"
01:30,34,com.vincentb.MobControl,"Mob Control"
01:30,35,com.epicgames.fortnite,"Fortnite"
01:30,36,com.tripledot.blockbash,"Woodoku Blast"
01:30,37,com.pixel.art.coloring.color.number,"Happy Color®: Color by Number"
01:30,38,io.supercent.linkedcubic,"Snake Clash!"
01:30,39,io.voodoo.holeio,"Hole.io"
01:30,40,com.innersloth.spacemafia,"Among Us"
01:30,41,com.phs.global,"Last Asylum: Plague"
01:30,42,color.number.paint.pixle.art.sort.jigsaw,"Jewel Coloring"
01:30,43,com.media720.games2020,"Offline Games No WiFi internet"
01:30,44,com.kiloo.subwaysurf,"Subway Surfers"
01:30,45,solitaire.patience.card.games.klondike.free,"Solitaire - Classic Card Games"
01:30,46,com.epicoro.castleclashers,"Castle Busters"
01:30,47,com.rotatelab.cubeblast,"Cube Land Puzzle Game"
01:30,48,com.robtopx.geometryjumplite,"Geometry Dash Lite"
01:30,49,com.oakever.jigsawcard,"Jigsawcard Solitaire Puzzle"
01:30,50,com.oakever.tiletrip,"Tile Explorer - Triple Match"
01:30,51,com.dreamgames.royalkingdom,"Royal Kingdom"
01:30,52,kidultlovin.word.zen,"Zen Word® - Relax Puzzle Game"
01:30,53,com.soccer.score.star,"Soccer Superstar"
01:30,54,com.cdt.mega.mechagame,"Painty Hide n Seek"
01:30,55,com.tencent.ig,"PUBG MOBILE"
01:30,56,com.dreamgames.royalmatch,"Royal Match"
01:30,57,com.tfgco.apps.coloring.free.color.by.number,"Color by Number：Coloring Games"
01:30,58,com.loop.clear.cube.free.card.puzzle.sort.match,"Loop Master™: Color Jam Sort"
01:30,59,com.nianticlabs.pokemongo,"Pokémon GO"
01:30,60,com.miniclip.eightballpool,"8 Ball Pool"
01:30,61,com.cliffs.pro.cell.building.crazy.clever.craft,"Block Crazy Robo World Craft"
01:30,62,com.spark.sp.gp,"Narco Empire"
01:30,63,com.NewFolderGames.IAmCat,"I Am Cat"
01:30,64,hidden.object.find.seek.search.mystery.puzzle.games.free,"Hidden Object Games: Seek It"
01:30,65,com.Chillgaming.oneState,"OneState RP - Role Play Life"
01:30,66,block.color.game.jam.blocks.sort.puzzle.games.slide.free,"Block Color Mania, Puzzle Game"
01:30,67,com.outfit7.mytalkingtom2,"My Talking Tom 2: Pet Game"
01:30,68,com.arrow.out,"Point Out: Color Escape Puzzle"
01:30,69,net.peakgames.match,"Match Factory!"
01:30,70,com.hmbl.perfect.makeover.cleaning.asmr,"Perfect Makeover Cleaning ASMR"
01:30,71,com.nutsbolts.zgsn,"Romantic Nuts & Bolts Sorting"
01:30,72,com.king.candycrushsaga,"Candy Crush Saga"
01:30,73,com.colorrful.sunny.sodda.sort,"Colorful Soda Sort"
01:30,74,com.football.soccer.league,"Football League 2026"
01:30,75,jp.pokemon.pokemontcgp,"Pokémon TCG Pocket - Card Game"
01:30,76,com.advant.streamer,"Lamar - Idle Vlogger"
01:30,77,com.gtsy.annoying.punch.game,"Annoying Uncle Punch Game®"
01:30,78,jigsaw.solitaire.match.games.free,"Jigsaw Drop: Solitaire Puzzle"
01:30,79,io.supercent.pizzaidle,"Pizza Ready!"
01:30,80,com.playrix.gardenscapes,"Gardenscapes"
01:30,81,air.com.buffalo_studios.newflashbingo,"Bingo Blitz™️ - Bingo Games"
01:30,82,com.activision.callofduty.shooter,"Call of Duty®: Mobile"
01:30,83,com.fugo.wow,"Words of Wonders: Crossword"
01:30,84,com.superplaystudios.disneysolitairedreams,"Disney Solitaire"
01:30,85,com.hitappsgames.wordsolitaire,"Solitaire Associations Journey"
01:30,86,com.chirpysort.game.android,"Chirpy Sort: Bird Color Puzzle"
01:30,87,com.ocean.block.shoot,"Ocean Block Shoot"
01:30,88,com.comes.membership.importance,"Merge Blast 2248"
01:30,89,com.bunbunstudio.magicblocktiles,"Music Piano 7: Tiles Song Game"
01:30,90,com.brain.crazy.joygame,"Brain Puzzle 3: Crazy Mind"
01:30,91,com.funcraft.farkle,"Farkle Dice Roll"
01:30,92,com.leap.searchit,"Search It - Hidden Objects"
01:30,93,com.yolo.hiddenobjects,"Find Hidden Objects - Spot It!"
01:30,94,com.backspingames.backspin,"Backspin Games: Earn Money"
01:30,95,com.gof.global,"Whiteout Survival"
01:30,96,water.sort.puzzle.game.color.sorting.free,"Water Sort Puzzle - Sort Color"
01:30,97,com.playgendary.kickthebuddy,"Kick the Buddy－Fun Action Game"
01:30,98,com.rovio.baba,"Angry Birds 2"
01:30,99,com.tensquaregames.letsfish2,"Fishing Clash: Sport Simulator"
01:30,100,com.bandainamcoent.dgup_ww,"DIGIMON UP"
01:30,101,com.monopoly.dream.idle.king,"Top Tycoon: Coin Theme Empire"
01:30,102,com.farlightgames.warline.gp.global,"Warline: Sniper Strike"
01:30,103,com.smilerlee.klondike,"Solitaire"
01:30,104,com.JindoBlu.OfflineGames,"Offline Games - No Wifi Games"
01:30,105,com.dts.freefireth,"Free Fire: 9th Anniversary"
01:30,106,com.candyroom.clubcraft,"School Party Craft"
01:30,107,com.mahjong.master.solitaire.match.puzzle,"Mahjong Master: Daily Match"
01:30,108,jp.konami.pesam,"eFootball™"
01:30,109,com.aim.racing,"Extreme Car Driving Simulator"
01:30,110,com.funplus.ts.global,"Tiles Survive!"
01:30,111,com.piano.music.rhythm.tiles.games,"Rhythm Tiles: Pop Songs"
01:30,112,com.master.hotelmaster,"My Perfect Hotel"
01:30,113,com.moonactive.holestars,"Hole Stars: Puzzle Game"
01:30,114,com.gimica.treasuremaster,"Treasure Master"
01:30,115,ball.sort.puzzle.color.sorting.bubble.games,"Ball Sort Puzzle - Color Game"
01:30,116,com.amelosinteractive.snake,"Snake.io - Fun Snake .io Games"
01:30,117,com.combo.knockout,"Knock Out"
01:30,118,com.peoplefun.wordsearch,"Wordscapes Search: Word Games"
01:30,119,com.dino.race.master,"Car Race"
01:30,120,com.hollywood.merge,"Hollywood Merge"
01:30,121,com.pronetis.ironball2,"Going Balls"
01:30,122,com.yzlmus.google,"Whoa Adventure"
01:30,123,dress.up.fashion.makeup.style.makeover.girl.rebel.queen,"Rebel Glam: Dress Up Games"
01:30,124,com.fatmerge.global,"Tasty Travels: Merge Game"
01:30,125,com.moonactive.coinmaster,"Coin Master"
01:30,126,com.wood.block.sudoku.puzzle.bm,"Block Crush!"
01:30,127,com.pazugames.avatarworld,"Avatar World ®"
01:30,128,com.craft.city.blockbuilder.pro,"Craft Explore: Block Builder"
01:30,129,in.playsimple.wordtrip.association,"Word Connect Association"
01:30,130,com.NewFolderGames.IAmSecurirty,"I Am Security"
01:30,131,com.u1.relax.minigame3,"Mini Challenges: Calm Games"
01:30,132,com.playflix.kick.breakragdoll.games,"Kick & Break The Ragdoll Games"
01:30,133,com.fluffydrop.op.gp,"Fluffy Drop - No Timer"
01:30,134,com.playgames.block,"Block Blitz: Puzzle Adventure"
01:30,135,sorting.games.goods.sort.triple.match3d.puzzle.stuff,"Goods Puzzle: 3D Sorting Games"
01:30,136,jp.pokemon.pokemonchampions,"Pokémon Champions"
01:30,137,com.JindoBlu.TwoPlayerGamesChallenge,"2 Player games : the Challenge"
01:30,138,com.grass.cut.game,"Grass Master – Cutting Game"
01:30,139,com.fiogonia.rummy500,"Rummy 500 - Card Game"
01:30,140,com.GybeGames.ColorBlockJam,"Color Block Jam"
01:30,141,game.qualiarts.hololive.dreams.com,"hololive Dreams"
01:30,142,com.fun.brain.game,"Brain Puzzle: Tricky Quest"
01:30,143,com.hp.keyboard.obby.asmr.speed.run,"Keyboard Obby: ASMR Speed Run"
01:30,144,com.devsisters.cc,"CookieRun: Crumble - Idle RPG"
01:30,145,com.gimica.spidersolitaire,"Spider Solitaire"
01:30,146,com.paradyme.solarsmash,"Solar Smash"
01:30,147,com.outfit7.mytalkingtomfriends,"My Talking Tom Friends"
01:30,148,io.supercent.weaponrpg,"XP Hero"
01:30,149,com.superplaystudios.dicedreams,"Dice Dreams™️"
01:30,150,com.mini.football.filter.games,"Mini Soccer: Football Cup 2026"
01:30,151,com.higame.annoying.tricky.story.puzzle.game,"Tricky Prank: Brain Quest"
01:30,152,wool.match.color.sort.jam.puzzle,"Wool Crush™"
01:30,153,com.peoplefun.wordcross,"Wordscapes: Word puzzle game"
01:30,154,com.sh.fidget.toys.mini.relaxing.antistress.games,"Mini Relaxing Game- pop it"
01:30,155,com.easybrain.art.puzzle,"Art Puzzle - Puzzle Games"
01:30,156,com.goodville.goodgame,"Goodville: Farm Game Adventure"
01:30,157,in.playsimple.wordsearch,"Word Search Explorer"
01:30,158,com.outfit7.mytalkingangela2,"My Talking Angela 2"
01:30,159,com.s01.global,"Lordrush"
01:30,160,com.sanbox.ragdoll.playground.ragdollfall.dismount,"Doll PlayGround"
01:30,161,com.merge.game.foodstars,"Foodstars: Merge & Cook"
01:30,162,find.difference.spot.differences.hidden.puzzle.games.free,"Differences - Find & Spot It"
01:30,163,com.farlightgames.pgame.gp,"Clash of Critters"
01:30,164,com.budgestudios.googleplay.BlueyBLU,"Bluey: Let's Play!"
01:30,165,com.xman.na.gp,"X-Clash"
01:30,166,in.playsimple.crossword.go,"Crossword Go!"
01:30,167,com.meta.trafficcar.racer.driving3d,"Traffic Car Racer: Driving 3D"
01:30,168,com.nebula.tiles,"Tap Tile!"
01:30,169,com.vigafun.funfinity.foodhunt,"Food Hunt: Pixel Puzzle"
01:30,170,com.carnival.blast.smash3d,"Carnival Blast!"
01:30,171,com.wb.goog.hotd.socialstrategy,"Game of Thrones: Dragonfire"
01:30,172,net.happywit.screw.out.jam,"Screw Out 3D: Nut Sort Jam"
01:30,173,com.fc.goods.sort.matching.puzzle.triplemaster,"Goods Puzzle: Sort Challenge™"
01:30,174,com.firsttouchgames.dls7,"Dream League Soccer 2026"
01:30,175,com.sega.sonicdash,"Sonic Dash Run"
01:30,176,com.easybrain.sudoku.android,"Sudoku.com - Sudoku Puzzle"
01:30,177,com.arrows.escape,"Redirect It! - Logic Puzzle"
01:30,178,com.os.space.force.galaxy.alien,"Galaxiga: Galaxy Arcade Game"
01:30,179,com.gamovation.tileclub,"Tile Club - Match Puzzle Games"
01:30,180,com.unicostudio.braintest,"Brain Test: Tricky Puzzles"
01:30,181,com.easybrain.number.puzzle.game,"Number Match - Number Games"
01:30,182,com.gimica.sugarmatch,"Sugar Rush Adventure"
01:30,183,com.sprunki.mod.horror.incredibox.monster.beats.music.game,"Sprunki Beat: Full Mod Music"
01:30,184,net.peakgames.toonblast,"Toon Blast"
01:30,185,com.rush.xtreme.sports,"RUSH: Xtreme"
01:30,186,com.oculus.twilight,"Meta Horizon"
01:30,187,com.awesome.puzzlehexasort,"Color Slide - Hexa Puzzle"
01:30,188,com.merge.cooking.theme.restaurant.food,"Merge Cooking®"
01:30,189,com.craze.luck.tacoslots,"Craze Luck Slots"
01:30,190,sniper.war.target.soldier.shooter.aldagames.com,"Ghost Sniper: War FPS Shooter"
01:30,191,gg.sunday.dog.escape.puzzle,"Dog Escape: Cute Pet Care Life"
01:30,192,com.matteljv.uno,"UNO!™"
01:30,193,com.cedargames.mysterytown,"Mystery Town: Merge Games"
01:30,194,com.kkz.antistress.satisfying.relax.toys.games,"Satisfying Toys : Calm Games"
01:30,195,com.openmygame.games.android.jigsaw.solitaire.puzzle,"Cardscapes™: Jigsaw Puzzle"
01:30,196,com.tvf.anti.stress.relaxing.mini.games,"Mini Fidget Antistress Games"
01:30,197,com.godlike.vigormahjong,"Vigor Mahjong"
01:30,198,com.crazylabs.fashion.squad,"Glow Fashion Idol"
01:30,199,com.innplaylabs.animalkingdomraid,"Animals & Coins Adventure Game"
01:30,200,game.bubble.physics.world,"3D Bubble Shoot - ASMR Game"
03:00,1,com.roblox.client,"Roblox"
03:00,2,com.oakever.meowdoku,"Meowdoku: Brain Puzzle Games"
03:00,3,com.cyphergames.royalsmash,"Royal Smash! - Physics Puzzle"
03:00,4,com.ecffri.arrows,"Arrows – Puzzle Escape"
03:00,5,com.vitastudio.mahjong,"Vita Mahjong"
03:00,6,com.block.juggle,"Block Blast!"
03:00,7,com.fungames.blockcraft,"Block Craft 3D：Building Game"
03:00,8,com.kayac.slow_mo_strike,"Slow Mo Strike: Knives in Time"
03:00,9,com.grandgames.magicsort,"Magic Sort!"
03:00,10,jp.co.goodroid.hyper.busflow,"Bus Traffic Fever!"
03:00,11,com.nebula.mahjongtile,"Mahjong Blast"
03:00,12,com.oakever.arrows,"Amaze GO!"
03:00,13,com.studio27.MelonPlayground,"Melon Sandbox"
03:00,14,com.unept.leveldevil,"Level Devil - NOT A Troll Game"
03:00,15,com.combo.yarnflow,"Yarn Loop"
03:00,16,com.playrix.township,"Township"
03:00,17,com.easybrain.arrow.puzzle.game,"Arrow Puzzle: Tap Puzzle Games"
03:00,18,com.loomgames.pixelflow,"Pixel Flow!"
03:00,19,com.ea.gp.fifamobile,"EA SPORTS FC Soccer Mobile 26"
03:00,20,com.sled.surfers.game,"Sled Surfers"
03:00,21,com.totalbattle,"Total Battle: War Strategy"
03:00,22,com.run.tower.defense,"Kingshot"
03:00,23,com.newai.ooc,"OOC: The Playable Anime"
03:00,24,io.voodoo.paper2,"Paper.io 2"
03:00,25,com.pocket.sort.coin.puzzle.game,"Pocket Sort: Coin Merge Puzzle"
03:00,26,com.youmusic.magictiles,"Magic Tiles 3™ - Piano Game"
03:00,27,com.tripledot.blockssmashgame,"Stack Smash - Block 3D Puzzle"
03:00,28,com.tocaboca.tocalifeworld,"Toca Boca World"
03:00,29,com.puzzlegames.puzzlebrickslegend,"Color Block: Combo Blast"
03:00,30,com.mobsmile.coincollector,"Coin Collector"
03:00,31,com.vincentb.MobControl,"Mob Control"
03:00,32,com.epicgames.fortnite,"Fortnite"
03:00,33,com.tripledot.blockbash,"Woodoku Blast"
03:00,34,com.mergegames.gossipharbor,"Gossip Harbor: Merge & Story"
03:00,35,com.pixel.art.coloring.color.number,"Happy Color®: Color by Number"
03:00,36,io.voodoo.holeio,"Hole.io"
03:00,37,com.innersloth.spacemafia,"Among Us"
03:00,38,com.phs.global,"Last Asylum: Plague"
03:00,39,color.number.paint.pixle.art.sort.jigsaw,"Jewel Coloring"
03:00,40,com.media720.games2020,"Offline Games No WiFi internet"
03:00,41,solitaire.patience.card.games.klondike.free,"Solitaire - Classic Card Games"
03:00,42,com.epicoro.castleclashers,"Castle Busters"
03:00,43,com.robtopx.geometryjumplite,"Geometry Dash Lite"
03:00,44,com.dreamgames.royalkingdom,"Royal Kingdom"
03:00,45,kidultlovin.word.zen,"Zen Word® - Relax Puzzle Game"
03:00,46,com.cdt.mega.mechagame,"Painty Hide n Seek"
03:00,47,com.tencent.ig,"PUBG MOBILE"
03:00,48,com.dreamgames.royalmatch,"Royal Match"
03:00,49,com.tfgco.apps.coloring.free.color.by.number,"Color by Number：Coloring Games"
03:00,50,com.loop.clear.cube.free.card.puzzle.sort.match,"Loop Master™: Color Jam Sort"
03:00,51,com.miniclip.eightballpool,"8 Ball Pool"
03:00,52,com.cliffs.pro.cell.building.crazy.clever.craft,"Block Crazy Robo World Craft"
03:00,53,com.spark.sp.gp,"Narco Empire"
03:00,54,com.NewFolderGames.IAmCat,"I Am Cat"
03:00,55,com.scopely.monopolygo,"MONOPOLY GO!"
03:00,56,hidden.object.find.seek.search.mystery.puzzle.games.free,"Hidden Object Games: Seek It"
03:00,57,com.Chillgaming.oneState,"OneState RP - Role Play Life"
03:00,58,block.color.game.jam.blocks.sort.puzzle.games.slide.free,"Block Color Mania, Puzzle Game"
03:00,59,com.outfit7.mytalkingtom2,"My Talking Tom 2: Pet Game"
03:00,60,com.arrow.out,"Point Out: Color Escape Puzzle"
03:00,61,net.peakgames.match,"Match Factory!"
03:00,62,com.hmbl.perfect.makeover.cleaning.asmr,"Perfect Makeover Cleaning ASMR"
03:00,63,com.nutsbolts.zgsn,"Romantic Nuts & Bolts Sorting"
03:00,64,com.king.candycrushsaga,"Candy Crush Saga"
03:00,65,com.colorrful.sunny.sodda.sort,"Colorful Soda Sort"
03:00,66,com.football.soccer.league,"Football League 2026"
03:00,67,jp.pokemon.pokemontcgp,"Pokémon TCG Pocket - Card Game"
03:00,68,com.advant.streamer,"Lamar - Idle Vlogger"
03:00,69,com.gtsy.annoying.punch.game,"Annoying Uncle Punch Game®"
03:00,70,com.gameloft.android.ANMP.GloftA9HM,"Asphalt Legends - Racing Game"
03:00,71,jigsaw.solitaire.match.games.free,"Jigsaw Drop: Solitaire Puzzle"
03:00,72,io.supercent.pizzaidle,"Pizza Ready!"
03:00,73,com.playrix.gardenscapes,"Gardenscapes"
03:00,74,com.activision.callofduty.shooter,"Call of Duty®: Mobile"
03:00,75,com.fugo.wow,"Words of Wonders: Crossword"
03:00,76,com.superplaystudios.disneysolitairedreams,"Disney Solitaire"
03:00,77,com.hitappsgames.wordsolitaire,"Solitaire Associations Journey"
03:00,78,com.chirpysort.game.android,"Chirpy Sort: Bird Color Puzzle"
03:00,79,com.ocean.block.shoot,"Ocean Block Shoot"
03:00,80,com.comes.membership.importance,"Merge Blast 2248"
03:00,81,com.bunbunstudio.magicblocktiles,"Music Piano 7: Tiles Song Game"
03:00,82,com.brain.crazy.joygame,"Brain Puzzle 3: Crazy Mind"
03:00,83,com.funcraft.farkle,"Farkle Dice Roll"
03:00,84,com.yolo.hiddenobjects,"Find Hidden Objects - Spot It!"
03:00,85,com.backspingames.backspin,"Backspin Games: Earn Money"
03:00,86,com.gof.global,"Whiteout Survival"
03:00,87,water.sort.puzzle.game.color.sorting.free,"Water Sort Puzzle - Sort Color"
03:00,88,com.playgendary.kickthebuddy,"Kick the Buddy－Fun Action Game"
03:00,89,com.bandainamcoent.dgup_ww,"DIGIMON UP"
03:00,90,com.monopoly.dream.idle.king,"Top Tycoon: Coin Theme Empire"
03:00,91,com.farlightgames.warline.gp.global,"Warline: Sniper Strike"
03:00,92,io.supercent.linkedcubic,"Snake Clash!"
03:00,93,com.smilerlee.klondike,"Solitaire"
03:00,94,com.JindoBlu.OfflineGames,"Offline Games - No Wifi Games"
03:00,95,com.dts.freefireth,"Free Fire: 9th Anniversary"
03:00,96,com.candyroom.clubcraft,"School Party Craft"
03:00,97,com.mahjong.master.solitaire.match.puzzle,"Mahjong Master: Daily Match"
03:00,98,com.kiloo.subwaysurf,"Subway Surfers"
03:00,99,jp.konami.pesam,"eFootball™"
03:00,100,com.aim.racing,"Extreme Car Driving Simulator"
03:00,101,com.master.hotelmaster,"My Perfect Hotel"
03:00,102,com.moonactive.holestars,"Hole Stars: Puzzle Game"
03:00,103,com.gimica.treasuremaster,"Treasure Master"
03:00,104,ball.sort.puzzle.color.sorting.bubble.games,"Ball Sort Puzzle - Color Game"
03:00,105,com.amelosinteractive.snake,"Snake.io - Fun Snake .io Games"
03:00,106,com.combo.knockout,"Knock Out"
03:00,107,com.peoplefun.wordsearch,"Wordscapes Search: Word Games"
03:00,108,com.hollywood.merge,"Hollywood Merge"
03:00,109,com.pronetis.ironball2,"Going Balls"
03:00,110,com.yzlmus.google,"Whoa Adventure"
03:00,111,dress.up.fashion.makeup.style.makeover.girl.rebel.queen,"Rebel Glam: Dress Up Games"
03:00,112,com.fatmerge.global,"Tasty Travels: Merge Game"
03:00,113,com.rotatelab.cubeblast,"Cube Land Puzzle Game"
03:00,114,com.moonactive.coinmaster,"Coin Master"
03:00,115,com.craft.city.blockbuilder.pro,"Craft Explore: Block Builder"
03:00,116,in.playsimple.wordtrip.association,"Word Connect Association"
03:00,117,com.u1.relax.minigame3,"Mini Challenges: Calm Games"
03:00,118,com.playflix.kick.breakragdoll.games,"Kick & Break The Ragdoll Games"
03:00,119,com.fluffydrop.op.gp,"Fluffy Drop - No Timer"
03:00,120,sorting.games.goods.sort.triple.match3d.puzzle.stuff,"Goods Puzzle: 3D Sorting Games"
03:00,121,com.oakever.jigsawcard,"Jigsawcard Solitaire Puzzle"
03:00,122,jp.pokemon.pokemonchampions,"Pokémon Champions"
03:00,123,com.oakever.tiletrip,"Tile Explorer - Triple Match"
03:00,124,com.soccer.score.star,"Soccer Superstar"
03:00,125,com.grass.cut.game,"Grass Master – Cutting Game"
03:00,126,com.fiogonia.rummy500,"Rummy 500 - Card Game"
03:00,127,com.GybeGames.ColorBlockJam,"Color Block Jam"
03:00,128,com.fun.brain.game,"Brain Puzzle: Tricky Quest"
03:00,129,com.hp.keyboard.obby.asmr.speed.run,"Keyboard Obby: ASMR Speed Run"
03:00,130,com.devsisters.cc,"CookieRun: Crumble - Idle RPG"
03:00,131,com.gimica.spidersolitaire,"Spider Solitaire"
03:00,132,com.paradyme.solarsmash,"Solar Smash"
03:00,133,com.outfit7.mytalkingtomfriends,"My Talking Tom Friends"
03:00,134,io.supercent.weaponrpg,"XP Hero"
03:00,135,com.superplaystudios.dicedreams,"Dice Dreams™️"
03:00,136,com.mini.football.filter.games,"Mini Soccer: Football Cup 2026"
03:00,137,com.higame.annoying.tricky.story.puzzle.game,"Tricky Prank: Brain Quest"
03:00,138,com.peoplefun.wordcross,"Wordscapes: Word puzzle game"
03:00,139,com.sh.fidget.toys.mini.relaxing.antistress.games,"Mini Relaxing Game- pop it"
03:00,140,com.easybrain.art.puzzle,"Art Puzzle - Puzzle Games"
03:00,141,com.goodville.goodgame,"Goodville: Farm Game Adventure"
03:00,142,in.playsimple.wordsearch,"Word Search Explorer"
03:00,143,com.nianticlabs.pokemongo,"Pokémon GO"
03:00,144,com.outfit7.mytalkingangela2,"My Talking Angela 2"
03:00,145,com.s01.global,"Lordrush"
03:00,146,com.sanbox.ragdoll.playground.ragdollfall.dismount,"Doll PlayGround"
03:00,147,com.merge.game.foodstars,"Foodstars: Merge & Cook"
03:00,148,find.difference.spot.differences.hidden.puzzle.games.free,"Differences - Find & Spot It"
03:00,149,com.farlightgames.pgame.gp,"Clash of Critters"
03:00,150,com.budgestudios.googleplay.BlueyBLU,"Bluey: Let's Play!"
03:00,151,com.xman.na.gp,"X-Clash"
03:00,152,in.playsimple.crossword.go,"Crossword Go!"
03:00,153,com.meta.trafficcar.racer.driving3d,"Traffic Car Racer: Driving 3D"
03:00,154,com.nebula.tiles,"Tap Tile!"
03:00,155,com.vigafun.funfinity.foodhunt,"Food Hunt: Pixel Puzzle"
03:00,156,com.carnival.blast.smash3d,"Carnival Blast!"
03:00,157,com.wb.goog.hotd.socialstrategy,"Game of Thrones: Dragonfire"
03:00,158,com.fc.goods.sort.matching.puzzle.triplemaster,"Goods Puzzle: Sort Challenge™"
03:00,159,com.firsttouchgames.dls7,"Dream League Soccer 2026"
03:00,160,com.sega.sonicdash,"Sonic Dash Run"
03:00,161,com.arrows.escape,"Redirect It! - Logic Puzzle"
03:00,162,com.os.space.force.galaxy.alien,"Galaxiga: Galaxy Arcade Game"
03:00,163,com.gamovation.tileclub,"Tile Club - Match Puzzle Games"
03:00,164,com.easybrain.number.puzzle.game,"Number Match - Number Games"
03:00,165,com.gimica.sugarmatch,"Sugar Rush Adventure"
03:00,166,com.sprunki.mod.horror.incredibox.monster.beats.music.game,"Sprunki Beat: Full Mod Music"
03:00,167,net.peakgames.toonblast,"Toon Blast"
03:00,168,com.rush.xtreme.sports,"RUSH: Xtreme"
03:00,169,com.oculus.twilight,"Meta Horizon"
03:00,170,com.awesome.puzzlehexasort,"Color Slide - Hexa Puzzle"
03:00,171,com.merge.cooking.theme.restaurant.food,"Merge Cooking®"
03:00,172,com.craze.luck.tacoslots,"Craze Luck Slots"
03:00,173,sniper.war.target.soldier.shooter.aldagames.com,"Ghost Sniper: War FPS Shooter"
03:00,174,gg.sunday.dog.escape.puzzle,"Dog Escape: Cute Pet Care Life"
03:00,175,com.matteljv.uno,"UNO!™"
03:00,176,com.cedargames.mysterytown,"Mystery Town: Merge Games"
03:00,177,com.kkz.antistress.satisfying.relax.toys.games,"Satisfying Toys : Calm Games"
03:00,178,com.openmygame.games.android.jigsaw.solitaire.puzzle,"Cardscapes™: Jigsaw Puzzle"
03:00,179,com.tvf.anti.stress.relaxing.mini.games,"Mini Fidget Antistress Games"
03:00,180,com.godlike.vigormahjong,"Vigor Mahjong"
03:00,181,com.crazylabs.fashion.squad,"Glow Fashion Idol"
03:00,182,game.bubble.physics.world,"3D Bubble Shoot - ASMR Game"
03:00,183,com.arrow.madness.games.arrows.escape.puzzle.game,"Maze Madness - Brain Puzzle"
03:00,184,com.openmygame.games.android.fillwordsoffline,"Fillwords: Word Search Puzzles"
03:00,185,com.hypgames.sniperbattle,"Sniper Battle: 3D War Shooter"
03:00,186,com.gimica.solitaireverse,"Solitaire Verse"
03:00,187,com.zm.pickpack,"Cube Tap Sort"
03:00,188,com.zjcs.android.us,"Sword x Staff"
03:00,189,com.tripledot.spades,"Spades - Classic Cards"
03:00,190,com.readygo.barrel.gp,"Last Z: Survival Shooter"
03:00,191,com.nights.forest.sandbox.playground,"Survival Sandbox: Playground"
03:00,192,com.moonactive.cmboard,"Coin Master - Board Adventure"
03:00,193,com.animal.hunter.sniper,"Animal Hunter: Wild Shooting"
03:00,194,com.playgendary.bowmasters,"Bowmasters: Archery Shooting"
03:00,195,cats.tap.dacing.games.free,"Cat Beats - Tiles Music Games"
03:00,196,com.crazylabs.amaze.game,"AMAZE!"
03:00,197,com.zm.watersort,"Get Color - Water Sort Puzzle"
03:00,198,com.cdtg.ragdoll.playground,"Ragdoll Playground"
03:00,199,com.islandmatch.tripletilegp,"Island Match"
03:00,200,com.braingames.powerquest,"Power Spin Quest"
05:00,1,com.roblox.client,"Roblox"
05:00,2,com.block.juggle,"Block Blast!"
05:00,3,com.oakever.meowdoku,"Meowdoku: Brain Puzzle Games"
05:00,4,com.kayac.slow_mo_strike,"Slow Mo Strike: Knives in Time"
05:00,5,jp.co.goodroid.hyper.busflow,"Bus Traffic Fever!"
05:00,6,com.cyphergames.royalsmash,"Royal Smash! - Physics Puzzle"
05:00,7,com.combo.yarnflow,"Yarn Loop"
05:00,8,com.ecffri.arrows,"Arrows – Puzzle Escape"
05:00,9,com.vitastudio.mahjong,"Vita Mahjong"
05:00,10,com.sled.surfers.game,"Sled Surfers"
05:00,11,com.fungames.blockcraft,"Block Craft 3D：Building Game"
05:00,12,io.voodoo.paper2,"Paper.io 2"
05:00,13,com.pocket.sort.coin.puzzle.game,"Pocket Sort: Coin Merge Puzzle"
05:00,14,com.youmusic.magictiles,"Magic Tiles 3™ - Piano Game"
05:00,15,com.tripledot.blockssmashgame,"Stack Smash - Block 3D Puzzle"
05:00,16,com.tocaboca.tocalifeworld,"Toca Boca World"
05:00,17,com.puzzlegames.puzzlebrickslegend,"Color Block: Combo Blast"
05:00,18,com.grandgames.magicsort,"Magic Sort!"
05:00,19,com.mobsmile.coincollector,"Coin Collector"
05:00,20,com.epicgames.fortnite,"Fortnite"
05:00,21,com.nebula.mahjongtile,"Mahjong Blast"
05:00,22,com.mergegames.gossipharbor,"Gossip Harbor: Merge & Story"
05:00,23,com.oakever.arrows,"Amaze GO!"
05:00,24,com.innersloth.spacemafia,"Among Us"
05:00,25,color.number.paint.pixle.art.sort.jigsaw,"Jewel Coloring"
05:00,26,com.unept.leveldevil,"Level Devil - NOT A Troll Game"
05:00,27,com.dreamgames.royalmatch,"Royal Match"
05:00,28,com.loop.clear.cube.free.card.puzzle.sort.match,"Loop Master™: Color Jam Sort"
05:00,29,com.studio27.MelonPlayground,"Melon Sandbox"
05:00,30,com.playrix.township,"Township"
05:00,31,com.easybrain.arrow.puzzle.game,"Arrow Puzzle: Tap Puzzle Games"
05:00,32,com.cliffs.pro.cell.building.crazy.clever.craft,"Block Crazy Robo World Craft"
05:00,33,com.spark.sp.gp,"Narco Empire"
05:00,34,com.NewFolderGames.IAmCat,"I Am Cat"
05:00,35,com.scopely.monopolygo,"MONOPOLY GO!"
05:00,36,com.loomgames.pixelflow,"Pixel Flow!"
05:00,37,hidden.object.find.seek.search.mystery.puzzle.games.free,"Hidden Object Games: Seek It"
05:00,38,com.Chillgaming.oneState,"OneState RP - Role Play Life"
05:00,39,com.outfit7.mytalkingtom2,"My Talking Tom 2: Pet Game"
05:00,40,com.ea.gp.fifamobile,"EA SPORTS FC Soccer Mobile 26"
05:00,41,net.peakgames.match,"Match Factory!"
05:00,42,com.nutsbolts.zgsn,"Romantic Nuts & Bolts Sorting"
05:00,43,com.newai.ooc,"OOC: The Playable Anime"
05:00,44,com.run.tower.defense,"Kingshot"
05:00,45,com.totalbattle,"Total Battle: War Strategy"
05:00,46,com.football.soccer.league,"Football League 2026"
05:00,47,jp.pokemon.pokemontcgp,"Pokémon TCG Pocket - Card Game"
05:00,48,com.gtsy.annoying.punch.game,"Annoying Uncle Punch Game®"
05:00,49,com.gameloft.android.ANMP.GloftA9HM,"Asphalt Legends - Racing Game"
05:00,50,com.fugo.wow,"Words of Wonders: Crossword"
05:00,51,com.chirpysort.game.android,"Chirpy Sort: Bird Color Puzzle"
05:00,52,com.comes.membership.importance,"Merge Blast 2248"
05:00,53,com.vincentb.MobControl,"Mob Control"
05:00,54,com.tripledot.blockbash,"Woodoku Blast"
05:00,55,com.brain.crazy.joygame,"Brain Puzzle 3: Crazy Mind"
05:00,56,com.gof.global,"Whiteout Survival"
05:00,57,com.pixel.art.coloring.color.number,"Happy Color®: Color by Number"
05:00,58,water.sort.puzzle.game.color.sorting.free,"Water Sort Puzzle - Sort Color"
05:00,59,com.bandainamcoent.dgup_ww,"DIGIMON UP"
05:00,60,com.monopoly.dream.idle.king,"Top Tycoon: Coin Theme Empire"
05:00,61,com.farlightgames.warline.gp.global,"Warline: Sniper Strike"
05:00,62,io.supercent.linkedcubic,"Snake Clash!"
05:00,63,com.smilerlee.klondike,"Solitaire"
05:00,64,com.media720.games2020,"Offline Games No WiFi internet"
05:00,65,com.epicoro.castleclashers,"Castle Busters"
05:00,66,com.mahjong.master.solitaire.match.puzzle,"Mahjong Master: Daily Match"
05:00,67,com.phs.global,"Last Asylum: Plague"
05:00,68,io.voodoo.holeio,"Hole.io"
05:00,69,com.kiloo.subwaysurf,"Subway Surfers"
05:00,70,jp.konami.pesam,"eFootball™"
05:00,71,solitaire.patience.card.games.klondike.free,"Solitaire - Classic Card Games"
05:00,72,com.moonactive.holestars,"Hole Stars: Puzzle Game"
05:00,73,com.gimica.treasuremaster,"Treasure Master"
05:00,74,com.combo.knockout,"Knock Out"
05:00,75,kidultlovin.word.zen,"Zen Word® - Relax Puzzle Game"
05:00,76,com.hollywood.merge,"Hollywood Merge"
05:00,77,com.pronetis.ironball2,"Going Balls"
05:00,78,com.yzlmus.google,"Whoa Adventure"
05:00,79,com.rotatelab.cubeblast,"Cube Land Puzzle Game"
05:00,80,com.craft.city.blockbuilder.pro,"Craft Explore: Block Builder"
05:00,81,com.robtopx.geometryjumplite,"Geometry Dash Lite"
05:00,82,in.playsimple.wordtrip.association,"Word Connect Association"
05:00,83,com.dreamgames.royalkingdom,"Royal Kingdom"
05:00,84,com.tencent.ig,"PUBG MOBILE"
05:00,85,com.u1.relax.minigame3,"Mini Challenges: Calm Games"
05:00,86,com.fluffydrop.op.gp,"Fluffy Drop - No Timer"
05:00,87,com.cdt.mega.mechagame,"Painty Hide n Seek"
05:00,88,com.oakever.jigsawcard,"Jigsawcard Solitaire Puzzle"
05:00,89,jp.pokemon.pokemonchampions,"Pokémon Champions"
05:00,90,com.oakever.tiletrip,"Tile Explorer - Triple Match"
05:00,91,com.soccer.score.star,"Soccer Superstar"
05:00,92,com.GybeGames.ColorBlockJam,"Color Block Jam"
05:00,93,com.fun.brain.game,"Brain Puzzle: Tricky Quest"
05:00,94,com.devsisters.cc,"CookieRun: Crumble - Idle RPG"
05:00,95,com.gimica.spidersolitaire,"Spider Solitaire"
05:00,96,com.miniclip.eightballpool,"8 Ball Pool"
05:00,97,com.mini.football.filter.games,"Mini Soccer: Football Cup 2026"
05:00,98,com.higame.annoying.tricky.story.puzzle.game,"Tricky Prank: Brain Quest"
05:00,99,com.tfgco.apps.coloring.free.color.by.number,"Color by Number：Coloring Games"
05:00,100,in.playsimple.wordsearch,"Word Search Explorer"
05:00,101,com.nianticlabs.pokemongo,"Pokémon GO"
05:00,102,com.s01.global,"Lordrush"
05:00,103,com.budgestudios.googleplay.BlueyBLU,"Bluey: Let's Play!"
05:00,104,com.xman.na.gp,"X-Clash"
05:00,105,in.playsimple.crossword.go,"Crossword Go!"
05:00,106,com.meta.trafficcar.racer.driving3d,"Traffic Car Racer: Driving 3D"
05:00,107,com.nebula.tiles,"Tap Tile!"
05:00,108,com.carnival.blast.smash3d,"Carnival Blast!"
05:00,109,com.fc.goods.sort.matching.puzzle.triplemaster,"Goods Puzzle: Sort Challenge™"
05:00,110,com.arrows.escape,"Redirect It! - Logic Puzzle"
05:00,111,block.color.game.jam.blocks.sort.puzzle.games.slide.free,"Block Color Mania, Puzzle Game"
05:00,112,com.arrow.out,"Point Out: Color Escape Puzzle"
05:00,113,com.rush.xtreme.sports,"RUSH: Xtreme"
05:00,114,com.craze.luck.tacoslots,"Craze Luck Slots"
05:00,115,gg.sunday.dog.escape.puzzle,"Dog Escape: Cute Pet Care Life"
05:00,116,com.kkz.antistress.satisfying.relax.toys.games,"Satisfying Toys : Calm Games"
05:00,117,com.openmygame.games.android.jigsaw.solitaire.puzzle,"Cardscapes™: Jigsaw Puzzle"
05:00,118,com.tvf.anti.stress.relaxing.mini.games,"Mini Fidget Antistress Games"
05:00,119,com.godlike.vigormahjong,"Vigor Mahjong"
05:00,120,com.king.candycrushsaga,"Candy Crush Saga"
05:00,121,game.bubble.physics.world,"3D Bubble Shoot - ASMR Game"
05:00,122,com.hmbl.perfect.makeover.cleaning.asmr,"Perfect Makeover Cleaning ASMR"
05:00,123,com.openmygame.games.android.fillwordsoffline,"Fillwords: Word Search Puzzles"
05:00,124,com.hypgames.sniperbattle,"Sniper Battle: 3D War Shooter"
05:00,125,com.gimica.solitaireverse,"Solitaire Verse"
05:00,126,com.zm.pickpack,"Cube Tap Sort"
05:00,127,com.nights.forest.sandbox.playground,"Survival Sandbox: Playground"
05:00,128,jigsaw.solitaire.match.games.free,"Jigsaw Drop: Solitaire Puzzle"
05:00,129,com.advant.streamer,"Lamar - Idle Vlogger"
05:00,130,com.animal.hunter.sniper,"Animal Hunter: Wild Shooting"
05:00,131,com.playgendary.bowmasters,"Bowmasters: Archery Shooting"
05:00,132,cats.tap.dacing.games.free,"Cat Beats - Tiles Music Games"
05:00,133,com.playrix.gardenscapes,"Gardenscapes"
05:00,134,com.crazylabs.amaze.game,"AMAZE!"
05:00,135,com.zm.watersort,"Get Color - Water Sort Puzzle"
05:00,136,com.cdtg.ragdoll.playground,"Ragdoll Playground"
05:00,137,com.activision.callofduty.shooter,"Call of Duty®: Mobile"
05:00,138,io.supercent.pizzaidle,"Pizza Ready!"
05:00,139,com.roomperfect.global,"Family Farm Merge"
05:00,140,com.funcraft.farkle,"Farkle Dice Roll"
05:00,141,air.com.buffalo_studios.newflashbingo,"Bingo Blitz™️ - Bingo Games"
05:00,142,com.ps.burger.stack.master.cooking.games,"Burger Master: Cooking Games"
05:00,143,com.duykanbakay.carconveyortransfer,"Car Sort: Color Puzzle"
05:00,144,com.supercell.brawlstars,"Brawl Stars"
05:00,145,com.KingSpeed.TrafficRiderMotorbikeRush,"Traffic Bike Rider Rush"
05:00,146,com.playvalve.solitaire,"Solitaire - Classic Card Game"
05:00,147,com.fiogonia.maze,"Maze Escape: Block Puzzle"
05:00,148,com.hitappsgames.wordsolitaire,"Solitaire Associations Journey"
05:00,149,com.colorrful.sunny.sodda.sort,"Colorful Soda Sort"
05:00,150,com.tinybuildgames.helloneighbor,"Hello Neighbor"
05:00,151,com.backspingames.backspin,"Backspin Games: Earn Money"
05:00,152,com.dramaton.slimepet,"Bruno – My Talking Slime Pet"
05:00,153,com.gimica.hexapuzzlefun,"2048 Puzzle Fun"
05:00,154,com.superplaystudios.disneysolitairedreams,"Disney Solitaire"
05:00,155,com.luwukmeliana.profileperfect,"Profile Perfect"
05:00,156,com.minigames.antistress.relaxinggames.toys,"Antistress Relaxing Mini Games"
05:00,157,com.kayac.PistolDuel,"Pistol Duel"
05:00,158,com.satorisysplay.arrowsdash,"Line Dash"
05:00,159,com.cover.release.resistance,"Royal Arrow: Merge & Match"
05:00,160,com.ocean.block.shoot,"Ocean Block Shoot"
05:00,161,com.bunbunstudio.magicblocktiles,"Music Piano 7: Tiles Song Game"
05:00,162,com.leap.searchit,"Search It - Hidden Objects"
05:00,163,com.gimica.ballbounce,"Ball Bounce"
05:00,164,com.hypervation.goodssort,"Goods Sort Match - Sorting Fun"
05:00,165,com.yolo.hiddenobjects,"Find Hidden Objects - Spot It!"
05:00,166,com.funcraft.diceyatzy,"Dice Yatzy - Classic Fun Game"
05:00,167,com.easybrain.color.pixel.sort,"Sort Art - Pixel Coloring Game"
05:00,168,com.rescue.agent,"Helicopter Escape 3D"
05:00,169,com.blaze.casino.b.android,"Jackpot Fury"
05:00,170,com.starplay.spider.fighter.openworld,"Spider Fighter 3: Action Game"
05:00,171,com.pinmaster.screwpuzzle,"Pin Master - Nailed It!"
05:00,172,com.pikpok.dc.play,"Doomsday Clicker"
05:00,173,com.mnogogames.triviascapes,"IQ & brain test: Triviascapes"
05:00,174,com.JindoBlu.OfflineGames,"Offline Games - No Wifi Games"
05:00,175,com.bag.blob,"Quack Bag: Duck Mafia"
05:00,176,com.playgames.sorting,"Sort Journey - Travel Puzzle"
05:00,177,com.Kayac.ShurikenCut,"Shuriken Cut"
05:00,178,com.rovio.baba,"Angry Birds 2"
05:00,179,com.dts.freefireth,"Free Fire: 9th Anniversary"
05:00,180,com.play.arrow.cash.dash,"Arrow Dash Cash"
05:00,181,com.tensquaregames.letsfish2,"Fishing Clash: Sport Simulator"
05:00,182,com.brain.logic.joygame,"Brain Puzzle 2: Logic Twist"
05:00,183,com.wilds.craft.mysticland.explore,"Block Craft 3D: Realm Builder"
05:00,184,com.slg.policewar,"Police Chief"
05:00,185,com.sciplay.ultimatefirelink,"Ultimate Fire Link™ Slots"
05:00,186,com.luckyskeletonstudios.idlebanktycoon,"Idle Bank Tycoon: Money Empire"
05:00,187,com.aim.racing,"Extreme Car Driving Simulator"
05:00,188,com.playspare.supermarket.store.simulator,"My Supermarket Simulator 3D®"
05:00,189,com.gimica.threadform,"Threadform"
05:00,190,com.candyroom.clubcraft,"School Party Craft"
05:00,191,com.playgendary.kickthebuddy,"Kick the Buddy－Fun Action Game"
05:00,192,wheelie.master.street.elite.bikegame,"Wheelie Master: Moto Ride 3D"
05:00,193,com.dts.freefiremax,"Free Fire MAX"
05:00,194,com.funplus.ts.global,"Tiles Survive!"
05:00,195,com.bigcake.android.spadesclassic,"Spades - Classic Card Games"
05:00,196,com.hp.keyboard.obby.asmr.speed.run,"Keyboard Obby: ASMR Speed Run"
05:00,197,com.peoplefun.wordsearch,"Wordscapes Search: Word Games"
05:00,198,daily.number.match.free.puzzle,"Daily Number Match"
05:00,199,com.brain.puzzle.tricky.test.annoying.quest,"Brain Puzzle: Tricky Test"
05:00,200,ball.sort.puzzle.color.sorting.bubble.games,"Ball Sort Puzzle - Color Game"
06:00,1,com.roblox.client,"Roblox"
06:00,2,com.block.juggle,"Block Blast!"
06:00,3,com.oakever.meowdoku,"Meowdoku: Brain Puzzle Games"
06:00,4,com.kayac.slow_mo_strike,"Slow Mo Strike: Knives in Time"
06:00,5,com.cyphergames.royalsmash,"Royal Smash! - Physics Puzzle"
06:00,6,com.combo.yarnflow,"Yarn Loop"
06:00,7,com.ecffri.arrows,"Arrows – Puzzle Escape"
06:00,8,com.vitastudio.mahjong,"Vita Mahjong"
06:00,9,com.fungames.blockcraft,"Block Craft 3D：Building Game"
06:00,10,io.voodoo.paper2,"Paper.io 2"
06:00,11,com.grandgames.magicsort,"Magic Sort!"
06:00,12,com.pocket.sort.coin.puzzle.game,"Pocket Sort: Coin Merge Puzzle"
06:00,13,com.youmusic.magictiles,"Magic Tiles 3™ - Piano Game"
06:00,14,com.tripledot.blockssmashgame,"Stack Smash - Block 3D Puzzle"
06:00,15,com.tocaboca.tocalifeworld,"Toca Boca World"
06:00,16,com.puzzlegames.puzzlebrickslegend,"Color Block: Combo Blast"
06:00,17,com.mobsmile.coincollector,"Coin Collector"
06:00,18,jp.co.goodroid.hyper.busflow,"Bus Traffic Fever!"
06:00,19,com.epicgames.fortnite,"Fortnite"
06:00,20,com.nebula.mahjongtile,"Mahjong Blast"
06:00,21,com.mergegames.gossipharbor,"Gossip Harbor: Merge & Story"
06:00,22,com.oakever.arrows,"Amaze GO!"
06:00,23,com.innersloth.spacemafia,"Among Us"
06:00,24,color.number.paint.pixle.art.sort.jigsaw,"Jewel Coloring"
06:00,25,com.unept.leveldevil,"Level Devil - NOT A Troll Game"
06:00,26,com.dreamgames.royalmatch,"Royal Match"
06:00,27,com.studio27.MelonPlayground,"Melon Sandbox"
06:00,28,com.playrix.township,"Township"
06:00,29,com.easybrain.arrow.puzzle.game,"Arrow Puzzle: Tap Puzzle Games"
06:00,30,com.cliffs.pro.cell.building.crazy.clever.craft,"Block Crazy Robo World Craft"
06:00,31,com.spark.sp.gp,"Narco Empire"
06:00,32,com.NewFolderGames.IAmCat,"I Am Cat"
06:00,33,com.scopely.monopolygo,"MONOPOLY GO!"
06:00,34,com.loomgames.pixelflow,"Pixel Flow!"
06:00,35,hidden.object.find.seek.search.mystery.puzzle.games.free,"Hidden Object Games: Seek It"
06:00,36,com.Chillgaming.oneState,"OneState RP - Role Play Life"
06:00,37,com.outfit7.mytalkingtom2,"My Talking Tom 2: Pet Game"
06:00,38,com.ea.gp.fifamobile,"EA SPORTS FC Soccer Mobile 26"
06:00,39,net.peakgames.match,"Match Factory!"
06:00,40,com.newai.ooc,"OOC: The Playable Anime"
06:00,41,com.run.tower.defense,"Kingshot"
06:00,42,com.sled.surfers.game,"Sled Surfers"
06:00,43,com.totalbattle,"Total Battle: War Strategy"
06:00,44,com.football.soccer.league,"Football League 2026"
06:00,45,jp.pokemon.pokemontcgp,"Pokémon TCG Pocket - Card Game"
06:00,46,com.gtsy.annoying.punch.game,"Annoying Uncle Punch Game®"
06:00,47,com.gameloft.android.ANMP.GloftA9HM,"Asphalt Legends - Racing Game"
06:00,48,com.fugo.wow,"Words of Wonders: Crossword"
06:00,49,com.chirpysort.game.android,"Chirpy Sort: Bird Color Puzzle"
06:00,50,com.vincentb.MobControl,"Mob Control"
06:00,51,com.tripledot.blockbash,"Woodoku Blast"
06:00,52,com.brain.crazy.joygame,"Brain Puzzle 3: Crazy Mind"
06:00,53,com.gof.global,"Whiteout Survival"
06:00,54,com.pixel.art.coloring.color.number,"Happy Color®: Color by Number"
06:00,55,water.sort.puzzle.game.color.sorting.free,"Water Sort Puzzle - Sort Color"
06:00,56,com.monopoly.dream.idle.king,"Top Tycoon: Coin Theme Empire"
06:00,57,com.farlightgames.warline.gp.global,"Warline: Sniper Strike"
06:00,58,io.supercent.linkedcubic,"Snake Clash!"
06:00,59,com.smilerlee.klondike,"Solitaire"
06:00,60,com.media720.games2020,"Offline Games No WiFi internet"
06:00,61,com.epicoro.castleclashers,"Castle Busters"
06:00,62,com.mahjong.master.solitaire.match.puzzle,"Mahjong Master: Daily Match"
06:00,63,com.phs.global,"Last Asylum: Plague"
06:00,64,io.voodoo.holeio,"Hole.io"
06:00,65,com.kiloo.subwaysurf,"Subway Surfers"
06:00,66,jp.konami.pesam,"eFootball™"
06:00,67,solitaire.patience.card.games.klondike.free,"Solitaire - Classic Card Games"
06:00,68,com.moonactive.holestars,"Hole Stars: Puzzle Game"
06:00,69,com.gimica.treasuremaster,"Treasure Master"
06:00,70,kidultlovin.word.zen,"Zen Word® - Relax Puzzle Game"
06:00,71,com.hollywood.merge,"Hollywood Merge"
06:00,72,com.rotatelab.cubeblast,"Cube Land Puzzle Game"
06:00,73,com.craft.city.blockbuilder.pro,"Craft Explore: Block Builder"
06:00,74,com.robtopx.geometryjumplite,"Geometry Dash Lite"
06:00,75,com.dreamgames.royalkingdom,"Royal Kingdom"
06:00,76,com.tencent.ig,"PUBG MOBILE"
06:00,77,com.u1.relax.minigame3,"Mini Challenges: Calm Games"
06:00,78,com.fluffydrop.op.gp,"Fluffy Drop - No Timer"
06:00,79,com.cdt.mega.mechagame,"Painty Hide n Seek"
06:00,80,com.oakever.jigsawcard,"Jigsawcard Solitaire Puzzle"
06:00,81,jp.pokemon.pokemonchampions,"Pokémon Champions"
06:00,82,com.oakever.tiletrip,"Tile Explorer - Triple Match"
06:00,83,com.soccer.score.star,"Soccer Superstar"
06:00,84,com.GybeGames.ColorBlockJam,"Color Block Jam"
06:00,85,com.fun.brain.game,"Brain Puzzle: Tricky Quest"
06:00,86,com.loop.clear.cube.free.card.puzzle.sort.match,"Loop Master™: Color Jam Sort"
06:00,87,com.devsisters.cc,"CookieRun: Crumble - Idle RPG"
06:00,88,com.gimica.spidersolitaire,"Spider Solitaire"
06:00,89,com.miniclip.eightballpool,"8 Ball Pool"
06:00,90,com.higame.annoying.tricky.story.puzzle.game,"Tricky Prank: Brain Quest"
06:00,91,com.tfgco.apps.coloring.free.color.by.number,"Color by Number：Coloring Games"
06:00,92,in.playsimple.wordsearch,"Word Search Explorer"
06:00,93,com.nianticlabs.pokemongo,"Pokémon GO"
06:00,94,com.budgestudios.googleplay.BlueyBLU,"Bluey: Let's Play!"
06:00,95,com.arrow.out,"Point Out: Color Escape Puzzle"
06:00,96,com.meta.trafficcar.racer.driving3d,"Traffic Car Racer: Driving 3D"
06:00,97,com.nebula.tiles,"Tap Tile!"
06:00,98,com.carnival.blast.smash3d,"Carnival Blast!"
06:00,99,com.fc.goods.sort.matching.puzzle.triplemaster,"Goods Puzzle: Sort Challenge™"
06:00,100,com.arrows.escape,"Redirect It! - Logic Puzzle"
06:00,101,com.nutsbolts.zgsn,"Romantic Nuts & Bolts Sorting"
06:00,102,block.color.game.jam.blocks.sort.puzzle.games.slide.free,"Block Color Mania, Puzzle Game"
06:00,103,gg.sunday.dog.escape.puzzle,"Dog Escape: Cute Pet Care Life"
06:00,104,com.openmygame.games.android.jigsaw.solitaire.puzzle,"Cardscapes™: Jigsaw Puzzle"
06:00,105,com.king.candycrushsaga,"Candy Crush Saga"
06:00,106,com.hmbl.perfect.makeover.cleaning.asmr,"Perfect Makeover Cleaning ASMR"
06:00,107,com.openmygame.games.android.fillwordsoffline,"Fillwords: Word Search Puzzles"
06:00,108,com.hypgames.sniperbattle,"Sniper Battle: 3D War Shooter"
06:00,109,com.gimica.solitaireverse,"Solitaire Verse"
06:00,110,com.zm.pickpack,"Cube Tap Sort"
06:00,111,jigsaw.solitaire.match.games.free,"Jigsaw Drop: Solitaire Puzzle"
06:00,112,com.advant.streamer,"Lamar - Idle Vlogger"
06:00,113,com.animal.hunter.sniper,"Animal Hunter: Wild Shooting"
06:00,114,cats.tap.dacing.games.free,"Cat Beats - Tiles Music Games"
06:00,115,com.playrix.gardenscapes,"Gardenscapes"
06:00,116,com.activision.callofduty.shooter,"Call of Duty®: Mobile"
06:00,117,io.supercent.pizzaidle,"Pizza Ready!"
06:00,118,com.roomperfect.global,"Family Farm Merge"
06:00,119,com.funcraft.farkle,"Farkle Dice Roll"
06:00,120,air.com.buffalo_studios.newflashbingo,"Bingo Blitz™️ - Bingo Games"
06:00,121,com.duykanbakay.carconveyortransfer,"Car Sort: Color Puzzle"
06:00,122,com.playvalve.solitaire,"Solitaire - Classic Card Game"
06:00,123,com.fiogonia.maze,"Maze Escape: Block Puzzle"
06:00,124,com.hitappsgames.wordsolitaire,"Solitaire Associations Journey"
06:00,125,com.colorrful.sunny.sodda.sort,"Colorful Soda Sort"
06:00,126,com.tinybuildgames.helloneighbor,"Hello Neighbor"
06:00,127,com.backspingames.backspin,"Backspin Games: Earn Money"
06:00,128,com.dramaton.slimepet,"Bruno – My Talking Slime Pet"
06:00,129,com.gimica.hexapuzzlefun,"2048 Puzzle Fun"
06:00,130,com.superplaystudios.disneysolitairedreams,"Disney Solitaire"
06:00,131,com.luwukmeliana.profileperfect,"Profile Perfect"
06:00,132,com.yzlmus.google,"Whoa Adventure"
06:00,133,com.ocean.block.shoot,"Ocean Block Shoot"
06:00,134,com.bunbunstudio.magicblocktiles,"Music Piano 7: Tiles Song Game"
06:00,135,com.leap.searchit,"Search It - Hidden Objects"
06:00,136,com.gimica.ballbounce,"Ball Bounce"
06:00,137,com.hypervation.goodssort,"Goods Sort Match - Sorting Fun"
06:00,138,com.yolo.hiddenobjects,"Find Hidden Objects - Spot It!"
06:00,139,com.comes.membership.importance,"Merge Blast 2248"
06:00,140,com.easybrain.color.pixel.sort,"Sort Art - Pixel Coloring Game"
06:00,141,com.rescue.agent,"Helicopter Escape 3D"
06:00,142,com.blaze.casino.b.android,"Jackpot Fury"
06:00,143,com.starplay.spider.fighter.openworld,"Spider Fighter 3: Action Game"
06:00,144,com.pinmaster.screwpuzzle,"Pin Master - Nailed It!"
06:00,145,com.mnogogames.triviascapes,"IQ & brain test: Triviascapes"
06:00,146,com.JindoBlu.OfflineGames,"Offline Games - No Wifi Games"
06:00,147,com.mini.football.filter.games,"Mini Soccer: Football Cup 2026"
06:00,148,com.playgames.sorting,"Sort Journey - Travel Puzzle"
06:00,149,com.Kayac.ShurikenCut,"Shuriken Cut"
06:00,150,com.rovio.baba,"Angry Birds 2"
06:00,151,com.dts.freefireth,"Free Fire: 9th Anniversary"
06:00,152,com.play.arrow.cash.dash,"Arrow Dash Cash"
06:00,153,com.tensquaregames.letsfish2,"Fishing Clash: Sport Simulator"
06:00,154,com.brain.logic.joygame,"Brain Puzzle 2: Logic Twist"
06:00,155,com.slg.policewar,"Police Chief"
06:00,156,com.sciplay.ultimatefirelink,"Ultimate Fire Link™ Slots"
06:00,157,com.luckyskeletonstudios.idlebanktycoon,"Idle Bank Tycoon: Money Empire"
06:00,158,com.aim.racing,"Extreme Car Driving Simulator"
06:00,159,com.playspare.supermarket.store.simulator,"My Supermarket Simulator 3D®"
06:00,160,com.gimica.threadform,"Threadform"
06:00,161,com.candyroom.clubcraft,"School Party Craft"
06:00,162,com.playgendary.kickthebuddy,"Kick the Buddy－Fun Action Game"
06:00,163,wheelie.master.street.elite.bikegame,"Wheelie Master: Moto Ride 3D"
06:00,164,com.dts.freefiremax,"Free Fire MAX"
06:00,165,com.funplus.ts.global,"Tiles Survive!"
06:00,166,com.bigcake.android.spadesclassic,"Spades - Classic Card Games"
06:00,167,com.hp.keyboard.obby.asmr.speed.run,"Keyboard Obby: ASMR Speed Run"
06:00,168,com.peoplefun.wordsearch,"Wordscapes Search: Word Games"
06:00,169,daily.number.match.free.puzzle,"Daily Number Match"
06:00,170,ball.sort.puzzle.color.sorting.bubble.games,"Ball Sort Puzzle - Color Game"
06:00,171,com.bandainamcoent.dgup_ww,"DIGIMON UP"
06:00,172,com.piano.music.rhythm.tiles.games,"Rhythm Tiles: Pop Songs"
06:00,173,com.master.hotelmaster,"My Perfect Hotel"
06:00,174,com.gimica.madsmash,"Mad Smash"
06:00,175,com.moonactive.coinmaster,"Coin Master"
06:00,176,com.JindoBlu.Antistress,"Antistress - relaxation toys"
06:00,177,com.topwar.gp,"Top War: Battle Game"
06:00,178,com.pronetis.ironball2,"Going Balls"
06:00,179,com.ballytechnologies.quickhitslots,"Quick Hit Casino Slots Games"
06:00,180,com.playvalve.watersort,"Water Sort Puz - Color Game"
06:00,181,com.AppFore.BubbleWordJam,"Bubble Word Jam"
06:00,182,com.ta.strike.ops,"FPS Strike Ops : Modern Arena"
06:00,183,com.nexters.herowars,"Hero Wars: Alliance RPG Legend"
06:00,184,com.amelosinteractive.snake,"Snake.io - Fun Snake .io Games"
06:00,185,com.wood.block.sudoku.puzzle.bm,"Block Crush!"
06:00,186,com.Earthkwak.Platformer,"Super Bear Adventure"
06:00,187,com.fatmerge.global,"Tasty Travels: Merge Game"
06:00,188,com.combo.knockout,"Knock Out"
06:00,189,dress.up.fashion.makeup.style.makeover.girl.rebel.queen,"Rebel Glam: Dress Up Games"
06:00,190,com.dino.race.master,"Car Race"
06:00,191,com.tapcolor.color.coloring.number.paint.free,"Color Oasis - Color by Number"
06:00,192,com.playgames.block,"Block Blitz: Puzzle Adventure"
06:00,193,com.Ericetto.RagdollArchers,"Ragdoll Archers"
06:00,194,com.fiogonia.rummy500,"Rummy 500 - Card Game"
06:00,195,com.gimica.hexmatch,"Hex Match"
06:00,196,in.playsimple.wordtrip.association,"Word Connect Association"
06:00,197,com.grass.cut.game,"Grass Master – Cutting Game"
06:00,198,com.NewFolderGames.IAmSecurirty,"I Am Security"
06:00,199,sorting.games.goods.sort.triple.match3d.puzzle.stuff,"Goods Puzzle: 3D Sorting Games"
06:00,200,com.JindoBlu.TwoPlayerGamesChallenge,"2 Player games : the Challenge"
07:00,1,com.roblox.client,"Roblox"
07:00,2,com.oakever.meowdoku,"Meowdoku: Brain Puzzle Games"
07:00,3,com.kayac.slow_mo_strike,"Slow Mo Strike: Knives in Time"
07:00,4,com.ecffri.arrows,"Arrows – Puzzle Escape"
07:00,5,com.cyphergames.royalsmash,"Royal Smash! - Physics Puzzle"
07:00,6,com.vitastudio.mahjong,"Vita Mahjong"
07:00,7,com.block.juggle,"Block Blast!"
07:00,8,com.fungames.blockcraft,"Block Craft 3D：Building Game"
07:00,9,com.grandgames.magicsort,"Magic Sort!"
07:00,10,jp.co.goodroid.hyper.busflow,"Bus Traffic Fever!"
07:00,11,com.tripledot.blockssmashgame,"Stack Smash - Block 3D Puzzle"
07:00,12,com.nebula.mahjongtile,"Mahjong Blast"
07:00,13,com.mobsmile.coincollector,"Coin Collector"
07:00,14,com.mergegames.gossipharbor,"Gossip Harbor: Merge & Story"
07:00,15,com.oakever.arrows,"Amaze GO!"
07:00,16,com.unept.leveldevil,"Level Devil - NOT A Troll Game"
07:00,17,com.combo.yarnflow,"Yarn Loop"
07:00,18,com.easybrain.arrow.puzzle.game,"Arrow Puzzle: Tap Puzzle Games"
07:00,19,com.playrix.township,"Township"
07:00,20,com.studio27.MelonPlayground,"Melon Sandbox"
07:00,21,com.cliffs.pro.cell.building.crazy.clever.craft,"Block Crazy Robo World Craft"
07:00,22,com.scopely.monopolygo,"MONOPOLY GO!"
07:00,23,com.ea.gp.fifamobile,"EA SPORTS FC Soccer Mobile 26"
07:00,24,com.loomgames.pixelflow,"Pixel Flow!"
07:00,25,com.newai.ooc,"OOC: The Playable Anime"
07:00,26,com.run.tower.defense,"Kingshot"
07:00,27,com.totalbattle,"Total Battle: War Strategy"
07:00,28,com.gameloft.android.ANMP.GloftA9HM,"Asphalt Legends - Racing Game"
07:00,29,com.sled.surfers.game,"Sled Surfers"
07:00,30,com.gtsy.annoying.punch.game,"Annoying Uncle Punch Game®"
07:00,31,com.puzzlegames.puzzlebrickslegend,"Color Block: Combo Blast"
07:00,32,io.voodoo.paper2,"Paper.io 2"
07:00,33,com.vincentb.MobControl,"Mob Control"
07:00,34,com.youmusic.magictiles,"Magic Tiles 3™ - Piano Game"
07:00,35,com.pocket.sort.coin.puzzle.game,"Pocket Sort: Coin Merge Puzzle"
07:00,36,com.tocaboca.tocalifeworld,"Toca Boca World"
07:00,37,com.tripledot.blockbash,"Woodoku Blast"
07:00,38,com.chirpysort.game.android,"Chirpy Sort: Bird Color Puzzle"
07:00,39,com.epicgames.fortnite,"Fortnite"
07:00,40,com.brain.crazy.joygame,"Brain Puzzle 3: Crazy Mind"
07:00,41,com.pixel.art.coloring.color.number,"Happy Color®: Color by Number"
07:00,42,com.epicoro.castleclashers,"Castle Busters"
07:00,43,io.supercent.linkedcubic,"Snake Clash!"
07:00,44,com.media720.games2020,"Offline Games No WiFi internet"
07:00,45,com.phs.global,"Last Asylum: Plague"
07:00,46,com.kiloo.subwaysurf,"Subway Surfers"
07:00,47,io.voodoo.holeio,"Hole.io"
07:00,48,color.number.paint.pixle.art.sort.jigsaw,"Jewel Coloring"
07:00,49,com.farlightgames.warline.gp.global,"Warline: Sniper Strike"
07:00,50,solitaire.patience.card.games.klondike.free,"Solitaire - Classic Card Games"
07:00,51,com.innersloth.spacemafia,"Among Us"
07:00,52,com.mahjong.master.solitaire.match.puzzle,"Mahjong Master: Daily Match"
07:00,53,kidultlovin.word.zen,"Zen Word® - Relax Puzzle Game"
07:00,54,com.gimica.treasuremaster,"Treasure Master"
07:00,55,com.tencent.ig,"PUBG MOBILE"
07:00,56,com.dreamgames.royalkingdom,"Royal Kingdom"
07:00,57,com.dreamgames.royalmatch,"Royal Match"
07:00,58,com.rotatelab.cubeblast,"Cube Land Puzzle Game"
07:00,59,com.cdt.mega.mechagame,"Painty Hide n Seek"
07:00,60,com.soccer.score.star,"Soccer Superstar"
07:00,61,com.oakever.jigsawcard,"Jigsawcard Solitaire Puzzle"
07:00,62,com.oakever.tiletrip,"Tile Explorer - Triple Match"
07:00,63,com.robtopx.geometryjumplite,"Geometry Dash Lite"
07:00,64,com.fluffydrop.op.gp,"Fluffy Drop - No Timer"
07:00,65,jp.pokemon.pokemonchampions,"Pokémon Champions"
07:00,66,com.GybeGames.ColorBlockJam,"Color Block Jam"
07:00,67,com.fun.brain.game,"Brain Puzzle: Tricky Quest"
07:00,68,com.miniclip.eightballpool,"8 Ball Pool"
07:00,69,com.loop.clear.cube.free.card.puzzle.sort.match,"Loop Master™: Color Jam Sort"
07:00,70,com.devsisters.cc,"CookieRun: Crumble - Idle RPG"
07:00,71,com.gimica.spidersolitaire,"Spider Solitaire"
07:00,72,com.tfgco.apps.coloring.free.color.by.number,"Color by Number：Coloring Games"
07:00,73,com.nianticlabs.pokemongo,"Pokémon GO"
07:00,74,net.peakgames.match,"Match Factory!"
07:00,75,com.spark.sp.gp,"Narco Empire"
07:00,76,block.color.game.jam.blocks.sort.puzzle.games.slide.free,"Block Color Mania, Puzzle Game"
07:00,77,com.arrow.out,"Point Out: Color Escape Puzzle"
07:00,78,com.meta.trafficcar.racer.driving3d,"Traffic Car Racer: Driving 3D"
07:00,79,hidden.object.find.seek.search.mystery.puzzle.games.free,"Hidden Object Games: Seek It"
07:00,80,com.nebula.tiles,"Tap Tile!"
07:00,81,com.arrows.escape,"Redirect It! - Logic Puzzle"
07:00,82,com.nutsbolts.zgsn,"Romantic Nuts & Bolts Sorting"
07:00,83,com.Chillgaming.oneState,"OneState RP - Role Play Life"
07:00,84,com.king.candycrushsaga,"Candy Crush Saga"
07:00,85,com.outfit7.mytalkingtom2,"My Talking Tom 2: Pet Game"
07:00,86,com.football.soccer.league,"Football League 2026"
07:00,87,gg.sunday.dog.escape.puzzle,"Dog Escape: Cute Pet Care Life"
07:00,88,com.NewFolderGames.IAmCat,"I Am Cat"
07:00,89,com.hmbl.perfect.makeover.cleaning.asmr,"Perfect Makeover Cleaning ASMR"
07:00,90,com.playrix.gardenscapes,"Gardenscapes"
07:00,91,jp.pokemon.pokemontcgp,"Pokémon TCG Pocket - Card Game"
07:00,92,com.advant.streamer,"Lamar - Idle Vlogger"
07:00,93,com.gimica.solitaireverse,"Solitaire Verse"
07:00,94,com.zm.pickpack,"Cube Tap Sort"
07:00,95,io.supercent.pizzaidle,"Pizza Ready!"
07:00,96,jigsaw.solitaire.match.games.free,"Jigsaw Drop: Solitaire Puzzle"
07:00,97,air.com.buffalo_studios.newflashbingo,"Bingo Blitz™️ - Bingo Games"
07:00,98,com.animal.hunter.sniper,"Animal Hunter: Wild Shooting"
07:00,99,com.activision.callofduty.shooter,"Call of Duty®: Mobile"
07:00,100,com.hitappsgames.wordsolitaire,"Solitaire Associations Journey"
07:00,101,com.fugo.wow,"Words of Wonders: Crossword"
07:00,102,com.funcraft.farkle,"Farkle Dice Roll"
07:00,103,com.duykanbakay.carconveyortransfer,"Car Sort: Color Puzzle"
07:00,104,com.superplaystudios.disneysolitairedreams,"Disney Solitaire"
07:00,105,com.gof.global,"Whiteout Survival"
07:00,106,com.colorrful.sunny.sodda.sort,"Colorful Soda Sort"
07:00,107,jp.konami.pesam,"eFootball™"
07:00,108,com.backspingames.backspin,"Backspin Games: Earn Money"
07:00,109,com.ocean.block.shoot,"Ocean Block Shoot"
07:00,110,com.JindoBlu.OfflineGames,"Offline Games - No Wifi Games"
07:00,111,com.yolo.hiddenobjects,"Find Hidden Objects - Spot It!"
07:00,112,com.gimica.hexapuzzlefun,"2048 Puzzle Fun"
07:00,113,com.luwukmeliana.profileperfect,"Profile Perfect"
07:00,114,com.yzlmus.google,"Whoa Adventure"
07:00,115,com.dts.freefireth,"Free Fire: 9th Anniversary"
07:00,116,com.monopoly.dream.idle.king,"Top Tycoon: Coin Theme Empire"
07:00,117,com.bunbunstudio.magicblocktiles,"Music Piano 7: Tiles Song Game"
07:00,118,com.rovio.baba,"Angry Birds 2"
07:00,119,com.leap.searchit,"Search It - Hidden Objects"
07:00,120,com.tensquaregames.letsfish2,"Fishing Clash: Sport Simulator"
07:00,121,com.hypervation.goodssort,"Goods Sort Match - Sorting Fun"
07:00,122,com.moonactive.holestars,"Hole Stars: Puzzle Game"
07:00,123,com.comes.membership.importance,"Merge Blast 2248"
07:00,124,water.sort.puzzle.game.color.sorting.free,"Water Sort Puzzle - Sort Color"
07:00,125,com.easybrain.color.pixel.sort,"Sort Art - Pixel Coloring Game"
07:00,126,com.rescue.agent,"Helicopter Escape 3D"
07:00,127,com.smilerlee.klondike,"Solitaire"
07:00,128,com.pinmaster.screwpuzzle,"Pin Master - Nailed It!"
07:00,129,com.aim.racing,"Extreme Car Driving Simulator"
07:00,130,com.mini.football.filter.games,"Mini Soccer: Football Cup 2026"
07:00,131,ball.sort.puzzle.color.sorting.bubble.games,"Ball Sort Puzzle - Color Game"
07:00,132,com.brain.logic.joygame,"Brain Puzzle 2: Logic Twist"
07:00,133,com.peoplefun.wordsearch,"Wordscapes Search: Word Games"
07:00,134,com.slg.policewar,"Police Chief"
07:00,135,com.playgendary.kickthebuddy,"Kick the Buddy－Fun Action Game"
07:00,136,com.funplus.ts.global,"Tiles Survive!"
07:00,137,com.hollywood.merge,"Hollywood Merge"
07:00,138,com.moonactive.coinmaster,"Coin Master"
07:00,139,com.candyroom.clubcraft,"School Party Craft"
07:00,140,com.piano.music.rhythm.tiles.games,"Rhythm Tiles: Pop Songs"
07:00,141,wheelie.master.street.elite.bikegame,"Wheelie Master: Moto Ride 3D"
07:00,142,com.wood.block.sudoku.puzzle.bm,"Block Crush!"
07:00,143,com.bigcake.android.spadesclassic,"Spades - Classic Card Games"
07:00,144,com.hp.keyboard.obby.asmr.speed.run,"Keyboard Obby: ASMR Speed Run"
07:00,145,com.amelosinteractive.snake,"Snake.io - Fun Snake .io Games"
07:00,146,com.craft.city.blockbuilder.pro,"Craft Explore: Block Builder"
07:00,147,dress.up.fashion.makeup.style.makeover.girl.rebel.queen,"Rebel Glam: Dress Up Games"
07:00,148,com.fatmerge.global,"Tasty Travels: Merge Game"
07:00,149,com.u1.relax.minigame3,"Mini Challenges: Calm Games"
07:00,150,com.bandainamcoent.dgup_ww,"DIGIMON UP"
07:00,151,com.master.hotelmaster,"My Perfect Hotel"
07:00,152,com.dino.race.master,"Car Race"
07:00,153,com.gimica.madsmash,"Mad Smash"
07:00,154,com.topwar.gp,"Top War: Battle Game"
07:00,155,com.playgames.block,"Block Blitz: Puzzle Adventure"
07:00,156,com.pronetis.ironball2,"Going Balls"
07:00,157,com.JindoBlu.TwoPlayerGamesChallenge,"2 Player games : the Challenge"
07:00,158,sorting.games.goods.sort.triple.match3d.puzzle.stuff,"Goods Puzzle: 3D Sorting Games"
07:00,159,com.combo.knockout,"Knock Out"
07:00,160,com.fiogonia.rummy500,"Rummy 500 - Card Game"
07:00,161,com.firsttouchgames.dls7,"Dream League Soccer 2026"
07:00,162,com.NewFolderGames.IAmSecurirty,"I Am Security"
07:00,163,com.outfit7.mytalkingtomfriends,"My Talking Tom Friends"
07:00,164,com.pazugames.avatarworld,"Avatar World ®"
07:00,165,com.paradyme.solarsmash,"Solar Smash"
07:00,166,com.peoplefun.wordcross,"Wordscapes: Word puzzle game"
07:00,167,com.goodville.goodgame,"Goodville: Farm Game Adventure"
07:00,168,io.supercent.weaponrpg,"XP Hero"
07:00,169,com.superplaystudios.dicedreams,"Dice Dreams™️"
07:00,170,com.Ericetto.RagdollArchers,"Ragdoll Archers"
07:00,171,in.playsimple.wordtrip.association,"Word Connect Association"
07:00,172,com.grass.cut.game,"Grass Master – Cutting Game"
07:00,173,com.stealthgame.master,"Stealth Master: Assassin Ninja"
07:00,174,com.farlightgames.pgame.gp,"Clash of Critters"
07:00,175,game.qualiarts.hololive.dreams.com,"hololive Dreams"
07:00,176,wool.match.color.sort.jam.puzzle,"Wool Crush™"
07:00,177,com.playflix.kick.breakragdoll.games,"Kick & Break The Ragdoll Games"
07:00,178,com.budgestudios.googleplay.BlueyBLU,"Bluey: Let's Play!"
07:00,179,water.sort.master.colors.games,"Water Sort: Master Colors"
07:00,180,com.vigafun.funfinity.foodhunt,"Food Hunt: Pixel Puzzle"
07:00,181,com.islandmatch.tripletilegp,"Island Match"
07:00,182,com.pixelfederation.truck.real.simulator.transport.tycoon.offroad.manager,"Highway Heroes: Truck Manager"
07:00,183,com.gamovation.tileclub,"Tile Club - Match Puzzle Games"
07:00,184,com.easybrain.art.puzzle,"Art Puzzle - Puzzle Games"
07:00,185,com.merge.game.foodstars,"Foodstars: Merge & Cook"
07:00,186,com.outfit7.mytalkingangela2,"My Talking Angela 2"
07:00,187,net.happywit.screw.out.jam,"Screw Out 3D: Nut Sort Jam"
07:00,188,com.rocket.holeit,"Hole it!"
07:00,189,com.sh.fidget.toys.mini.relaxing.antistress.games,"Mini Relaxing Game- pop it"
07:00,190,com.easybrain.number.puzzle.game,"Number Match - Number Games"
07:00,191,com.easybrain.sudoku.android,"Sudoku.com - Sudoku Puzzle"
07:00,192,com.craze.luck.tacoslots,"Craze Luck Slots"
07:00,193,in.playsimple.wordsearch,"Word Search Explorer"
07:00,194,com.s01.global,"Lordrush"
07:00,195,com.higame.annoying.tricky.story.puzzle.game,"Tricky Prank: Brain Quest"
07:00,196,com.easybrain.brainy.joygame,"Puzzle Time: Brainy Challenge"
07:00,197,find.difference.spot.differences.hidden.puzzle.games.free,"Differences - Find & Spot It"
07:00,198,com.ares.baseball,"Baseball Hits 26"
07:00,199,com.fc.goods.sort.matching.puzzle.triplemaster,"Goods Puzzle: Sort Challenge™"
07:00,200,com.innplaylabs.animalkingdomraid,"Animals & Coins Adventure Game"
08:00,1,com.roblox.client,"Roblox"
08:00,2,com.oakever.meowdoku,"Meowdoku: Brain Puzzle Games"
08:00,3,com.ecffri.arrows,"Arrows – Puzzle Escape"
08:00,4,com.cyphergames.royalsmash,"Royal Smash! - Physics Puzzle"
08:00,5,com.vitastudio.mahjong,"Vita Mahjong"
08:00,6,com.block.juggle,"Block Blast!"
08:00,7,com.fungames.blockcraft,"Block Craft 3D：Building Game"
08:00,8,com.grandgames.magicsort,"Magic Sort!"
08:00,9,jp.co.goodroid.hyper.busflow,"Bus Traffic Fever!"
08:00,10,com.tripledot.blockssmashgame,"Stack Smash - Block 3D Puzzle"
08:00,11,com.nebula.mahjongtile,"Mahjong Blast"
08:00,12,com.mergegames.gossipharbor,"Gossip Harbor: Merge & Story"
08:00,13,com.kayac.slow_mo_strike,"Slow Mo Strike: Knives in Time"
08:00,14,com.oakever.arrows,"Amaze GO!"
08:00,15,com.unept.leveldevil,"Level Devil - NOT A Troll Game"
08:00,16,com.combo.yarnflow,"Yarn Loop"
08:00,17,com.easybrain.arrow.puzzle.game,"Arrow Puzzle: Tap Puzzle Games"
08:00,18,com.playrix.township,"Township"
08:00,19,com.studio27.MelonPlayground,"Melon Sandbox"
08:00,20,com.scopely.monopolygo,"MONOPOLY GO!"
08:00,21,com.devsisters.cc,"CookieRun: Crumble - Idle RPG"
08:00,22,com.ea.gp.fifamobile,"EA SPORTS FC Soccer Mobile 26"
08:00,23,com.loomgames.pixelflow,"Pixel Flow!"
08:00,24,com.newai.ooc,"OOC: The Playable Anime"
08:00,25,com.run.tower.defense,"Kingshot"
08:00,26,com.sled.surfers.game,"Sled Surfers"
08:00,27,com.totalbattle,"Total Battle: War Strategy"
08:00,28,com.gameloft.android.ANMP.GloftA9HM,"Asphalt Legends - Racing Game"
08:00,29,com.pocket.sort.coin.puzzle.game,"Pocket Sort: Coin Merge Puzzle"
08:00,30,com.puzzlegames.puzzlebrickslegend,"Color Block: Combo Blast"
08:00,31,io.voodoo.paper2,"Paper.io 2"
08:00,32,com.vincentb.MobControl,"Mob Control"
08:00,33,com.youmusic.magictiles,"Magic Tiles 3™ - Piano Game"
08:00,34,com.tocaboca.tocalifeworld,"Toca Boca World"
08:00,35,com.tripledot.blockbash,"Woodoku Blast"
08:00,36,com.mobsmile.coincollector,"Coin Collector"
08:00,37,com.epicgames.fortnite,"Fortnite"
08:00,38,com.pixel.art.coloring.color.number,"Happy Color®: Color by Number"
08:00,39,com.epicoro.castleclashers,"Castle Busters"
08:00,40,io.supercent.linkedcubic,"Snake Clash!"
08:00,41,com.media720.games2020,"Offline Games No WiFi internet"
08:00,42,com.phs.global,"Last Asylum: Plague"
08:00,43,com.kiloo.subwaysurf,"Subway Surfers"
08:00,44,io.voodoo.holeio,"Hole.io"
08:00,45,color.number.paint.pixle.art.sort.jigsaw,"Jewel Coloring"
08:00,46,com.farlightgames.warline.gp.global,"Warline: Sniper Strike"
08:00,47,solitaire.patience.card.games.klondike.free,"Solitaire - Classic Card Games"
08:00,48,com.innersloth.spacemafia,"Among Us"
08:00,49,kidultlovin.word.zen,"Zen Word® - Relax Puzzle Game"
08:00,50,com.tencent.ig,"PUBG MOBILE"
08:00,51,com.dreamgames.royalkingdom,"Royal Kingdom"
08:00,52,com.dreamgames.royalmatch,"Royal Match"
08:00,53,com.rotatelab.cubeblast,"Cube Land Puzzle Game"
08:00,54,com.loop.clear.cube.free.card.puzzle.sort.match,"Loop Master™: Color Jam Sort"
08:00,55,com.cdt.mega.mechagame,"Painty Hide n Seek"
08:00,56,com.soccer.score.star,"Soccer Superstar"
08:00,57,com.oakever.jigsawcard,"Jigsawcard Solitaire Puzzle"
08:00,58,com.oakever.tiletrip,"Tile Explorer - Triple Match"
08:00,59,com.robtopx.geometryjumplite,"Geometry Dash Lite"
08:00,60,com.GybeGames.ColorBlockJam,"Color Block Jam"
08:00,61,com.miniclip.eightballpool,"8 Ball Pool"
08:00,62,com.tfgco.apps.coloring.free.color.by.number,"Color by Number：Coloring Games"
08:00,63,com.nianticlabs.pokemongo,"Pokémon GO"
08:00,64,com.cliffs.pro.cell.building.crazy.clever.craft,"Block Crazy Robo World Craft"
08:00,65,net.peakgames.match,"Match Factory!"
08:00,66,com.spark.sp.gp,"Narco Empire"
08:00,67,block.color.game.jam.blocks.sort.puzzle.games.slide.free,"Block Color Mania, Puzzle Game"
08:00,68,com.arrow.out,"Point Out: Color Escape Puzzle"
08:00,69,com.meta.trafficcar.racer.driving3d,"Traffic Car Racer: Driving 3D"
08:00,70,hidden.object.find.seek.search.mystery.puzzle.games.free,"Hidden Object Games: Seek It"
08:00,71,com.nutsbolts.zgsn,"Romantic Nuts & Bolts Sorting"
08:00,72,com.Chillgaming.oneState,"OneState RP - Role Play Life"
08:00,73,com.king.candycrushsaga,"Candy Crush Saga"
08:00,74,com.outfit7.mytalkingtom2,"My Talking Tom 2: Pet Game"
08:00,75,com.football.soccer.league,"Football League 2026"
08:00,76,com.hmbl.perfect.makeover.cleaning.asmr,"Perfect Makeover Cleaning ASMR"
08:00,77,com.NewFolderGames.IAmCat,"I Am Cat"
08:00,78,com.playrix.gardenscapes,"Gardenscapes"
08:00,79,jp.pokemon.pokemontcgp,"Pokémon TCG Pocket - Card Game"
08:00,80,jigsaw.solitaire.match.games.free,"Jigsaw Drop: Solitaire Puzzle"
08:00,81,com.advant.streamer,"Lamar - Idle Vlogger"
08:00,82,com.funcraft.farkle,"Farkle Dice Roll"
08:00,83,io.supercent.pizzaidle,"Pizza Ready!"
08:00,84,air.com.buffalo_studios.newflashbingo,"Bingo Blitz™️ - Bingo Games"
08:00,85,com.yzlmus.google,"Whoa Adventure"
08:00,86,com.animal.hunter.sniper,"Animal Hunter: Wild Shooting"
08:00,87,com.activision.callofduty.shooter,"Call of Duty®: Mobile"
08:00,88,com.gtsy.annoying.punch.game,"Annoying Uncle Punch Game®"
08:00,89,com.hitappsgames.wordsolitaire,"Solitaire Associations Journey"
08:00,90,com.fugo.wow,"Words of Wonders: Crossword"
08:00,91,com.superplaystudios.disneysolitairedreams,"Disney Solitaire"
08:00,92,com.gof.global,"Whiteout Survival"
08:00,93,com.mini.football.filter.games,"Mini Soccer: Football Cup 2026"
08:00,94,com.colorrful.sunny.sodda.sort,"Colorful Soda Sort"
08:00,95,jp.konami.pesam,"eFootball™"
08:00,96,com.backspingames.backspin,"Backspin Games: Earn Money"
08:00,97,com.ocean.block.shoot,"Ocean Block Shoot"
08:00,98,com.JindoBlu.OfflineGames,"Offline Games - No Wifi Games"
08:00,99,com.yolo.hiddenobjects,"Find Hidden Objects - Spot It!"
08:00,100,com.dts.freefireth,"Free Fire: 9th Anniversary"
08:00,101,com.chirpysort.game.android,"Chirpy Sort: Bird Color Puzzle"
08:00,102,com.monopoly.dream.idle.king,"Top Tycoon: Coin Theme Empire"
08:00,103,com.bunbunstudio.magicblocktiles,"Music Piano 7: Tiles Song Game"
08:00,104,com.rovio.baba,"Angry Birds 2"
08:00,105,com.brain.crazy.joygame,"Brain Puzzle 3: Crazy Mind"
08:00,106,com.leap.searchit,"Search It - Hidden Objects"
08:00,107,com.tensquaregames.letsfish2,"Fishing Clash: Sport Simulator"
08:00,108,com.moonactive.holestars,"Hole Stars: Puzzle Game"
08:00,109,com.comes.membership.importance,"Merge Blast 2248"
08:00,110,water.sort.puzzle.game.color.sorting.free,"Water Sort Puzzle - Sort Color"
08:00,111,com.smilerlee.klondike,"Solitaire"
08:00,112,com.aim.racing,"Extreme Car Driving Simulator"
08:00,113,ball.sort.puzzle.color.sorting.bubble.games,"Ball Sort Puzzle - Color Game"
08:00,114,com.mahjong.master.solitaire.match.puzzle,"Mahjong Master: Daily Match"
08:00,115,com.candyroom.clubcraft,"School Party Craft"
08:00,116,com.peoplefun.wordsearch,"Wordscapes Search: Word Games"
08:00,117,com.gimica.treasuremaster,"Treasure Master"
08:00,118,com.playgendary.kickthebuddy,"Kick the Buddy－Fun Action Game"
08:00,119,com.funplus.ts.global,"Tiles Survive!"
08:00,120,com.hollywood.merge,"Hollywood Merge"
08:00,121,com.moonactive.coinmaster,"Coin Master"
08:00,122,com.piano.music.rhythm.tiles.games,"Rhythm Tiles: Pop Songs"
08:00,123,com.combo.knockout,"Knock Out"
08:00,124,wheelie.master.street.elite.bikegame,"Wheelie Master: Moto Ride 3D"
08:00,125,com.wood.block.sudoku.puzzle.bm,"Block Crush!"
08:00,126,com.bandainamcoent.dgup_ww,"DIGIMON UP"
08:00,127,com.hp.keyboard.obby.asmr.speed.run,"Keyboard Obby: ASMR Speed Run"
08:00,128,com.amelosinteractive.snake,"Snake.io - Fun Snake .io Games"
08:00,129,com.fluffydrop.op.gp,"Fluffy Drop - No Timer"
08:00,130,com.craft.city.blockbuilder.pro,"Craft Explore: Block Builder"
08:00,131,dress.up.fashion.makeup.style.makeover.girl.rebel.queen,"Rebel Glam: Dress Up Games"
08:00,132,com.fatmerge.global,"Tasty Travels: Merge Game"
08:00,133,com.u1.relax.minigame3,"Mini Challenges: Calm Games"
08:00,134,com.master.hotelmaster,"My Perfect Hotel"
08:00,135,com.dino.race.master,"Car Race"
08:00,136,com.topwar.gp,"Top War: Battle Game"
08:00,137,com.playgames.block,"Block Blitz: Puzzle Adventure"
08:00,138,com.pronetis.ironball2,"Going Balls"
08:00,139,jp.pokemon.pokemonchampions,"Pokémon Champions"
08:00,140,com.JindoBlu.TwoPlayerGamesChallenge,"2 Player games : the Challenge"
08:00,141,sorting.games.goods.sort.triple.match3d.puzzle.stuff,"Goods Puzzle: 3D Sorting Games"
08:00,142,com.fiogonia.rummy500,"Rummy 500 - Card Game"
08:00,143,com.firsttouchgames.dls7,"Dream League Soccer 2026"
08:00,144,com.NewFolderGames.IAmSecurirty,"I Am Security"
08:00,145,com.outfit7.mytalkingtomfriends,"My Talking Tom Friends"
08:00,146,com.pazugames.avatarworld,"Avatar World ®"
08:00,147,com.paradyme.solarsmash,"Solar Smash"
08:00,148,com.peoplefun.wordcross,"Wordscapes: Word puzzle game"
08:00,149,com.playflix.kick.breakragdoll.games,"Kick & Break The Ragdoll Games"
08:00,150,com.nebula.tiles,"Tap Tile!"
08:00,151,com.goodville.goodgame,"Goodville: Farm Game Adventure"
08:00,152,io.supercent.weaponrpg,"XP Hero"
08:00,153,com.superplaystudios.dicedreams,"Dice Dreams™️"
08:00,154,in.playsimple.wordtrip.association,"Word Connect Association"
08:00,155,com.grass.cut.game,"Grass Master – Cutting Game"
08:00,156,com.gimica.spidersolitaire,"Spider Solitaire"
08:00,157,com.farlightgames.pgame.gp,"Clash of Critters"
08:00,158,game.qualiarts.hololive.dreams.com,"hololive Dreams"
08:00,159,wool.match.color.sort.jam.puzzle,"Wool Crush™"
08:00,160,com.budgestudios.googleplay.BlueyBLU,"Bluey: Let's Play!"
08:00,161,com.fun.brain.game,"Brain Puzzle: Tricky Quest"
08:00,162,com.vigafun.funfinity.foodhunt,"Food Hunt: Pixel Puzzle"
08:00,163,com.islandmatch.tripletilegp,"Island Match"
08:00,164,com.gamovation.tileclub,"Tile Club - Match Puzzle Games"
08:00,165,com.easybrain.art.puzzle,"Art Puzzle - Puzzle Games"
08:00,166,com.merge.game.foodstars,"Foodstars: Merge & Cook"
08:00,167,com.outfit7.mytalkingangela2,"My Talking Angela 2"
08:00,168,net.happywit.screw.out.jam,"Screw Out 3D: Nut Sort Jam"
08:00,169,com.s01.global,"Lordrush"
08:00,170,com.higame.annoying.tricky.story.puzzle.game,"Tricky Prank: Brain Quest"
08:00,171,com.rocket.holeit,"Hole it!"
08:00,172,com.sh.fidget.toys.mini.relaxing.antistress.games,"Mini Relaxing Game- pop it"
08:00,173,com.easybrain.number.puzzle.game,"Number Match - Number Games"
08:00,174,com.easybrain.sudoku.android,"Sudoku.com - Sudoku Puzzle"
08:00,175,com.craze.luck.tacoslots,"Craze Luck Slots"
08:00,176,in.playsimple.wordsearch,"Word Search Explorer"
08:00,177,com.easybrain.brainy.joygame,"Puzzle Time: Brainy Challenge"
08:00,178,find.difference.spot.differences.hidden.puzzle.games.free,"Differences - Find & Spot It"
08:00,179,com.fc.goods.sort.matching.puzzle.triplemaster,"Goods Puzzle: Sort Challenge™"
08:00,180,com.innplaylabs.animalkingdomraid,"Animals & Coins Adventure Game"
08:00,181,com.playstrom.my.sticker.room,"My Sticker Room - Decor Game"
08:00,182,com.wb.goog.hotd.socialstrategy,"Game of Thrones: Dragonfire"
08:00,183,com.xman.na.gp,"X-Clash"
08:00,184,in.playsimple.crossword.go,"Crossword Go!"
08:00,185,com.arrows.escape,"Redirect It! - Logic Puzzle"
08:00,186,com.unicostudio.braintest,"Brain Test: Tricky Puzzles"
08:00,187,com.sega.sonicdash,"Sonic Dash Run"
08:00,188,net.peakgames.toonblast,"Toon Blast"
08:00,189,com.zm.pickpack,"Cube Tap Sort"
08:00,190,sniper.war.target.soldier.shooter.aldagames.com,"Ghost Sniper: War FPS Shooter"
08:00,191,com.sanbox.ragdoll.playground.ragdollfall.dismount,"Doll PlayGround"
08:00,192,com.godlike.vigormahjong,"Vigor Mahjong"
08:00,193,com.tvf.anti.stress.relaxing.mini.games,"Mini Fidget Antistress Games"
08:00,194,com.gimica.sugarmatch,"Sugar Rush Adventure"
08:00,195,com.zm.watersort,"Get Color - Water Sort Puzzle"
08:00,196,com.merge.cooking.theme.restaurant.food,"Merge Cooking®"
08:00,197,com.openmygame.games.android.jigsaw.solitaire.puzzle,"Cardscapes™: Jigsaw Puzzle"
08:00,198,com.moonactive.cmboard,"Coin Master - Board Adventure"
08:00,199,com.gimica.hexapuzzlefun,"2048 Puzzle Fun"
08:00,200,com.cedargames.mysterytown,"Mystery Town: Merge Games"
10:00,1,com.oakever.meowdoku,"Meowdoku: Brain Puzzle Games"
10:00,2,com.roblox.client,"Roblox"
10:00,3,com.vitastudio.mahjong,"Vita Mahjong"
10:00,4,com.block.juggle,"Block Blast!"
10:00,5,com.nebula.mahjongtile,"Mahjong Blast"
10:00,6,com.mergegames.gossipharbor,"Gossip Harbor: Merge & Story"
10:00,7,com.ecffri.arrows,"Arrows – Puzzle Escape"
10:00,8,com.cyphergames.royalsmash,"Royal Smash! - Physics Puzzle"
10:00,9,com.studio27.MelonPlayground,"Melon Sandbox"
10:00,10,com.fungames.blockcraft,"Block Craft 3D：Building Game"
10:00,11,com.grandgames.magicsort,"Magic Sort!"
10:00,12,com.newai.ooc,"OOC: The Playable Anime"
10:00,13,jp.co.goodroid.hyper.busflow,"Bus Traffic Fever!"
10:00,14,com.ea.gp.fifamobile,"EA SPORTS FC Soccer Mobile 26"
10:00,15,com.totalbattle,"Total Battle: War Strategy"
10:00,16,com.youmusic.magictiles,"Magic Tiles 3™ - Piano Game"
10:00,17,com.run.tower.defense,"Kingshot"
10:00,18,com.kayac.slow_mo_strike,"Slow Mo Strike: Knives in Time"
10:00,19,com.oakever.arrows,"Amaze GO!"
10:00,20,com.epicgames.fortnite,"Fortnite"
10:00,21,io.voodoo.paper2,"Paper.io 2"
10:00,22,com.pixel.art.coloring.color.number,"Happy Color®: Color by Number"
10:00,23,com.innersloth.spacemafia,"Among Us"
10:00,24,com.media720.games2020,"Offline Games No WiFi internet"
10:00,25,color.number.paint.pixle.art.sort.jigsaw,"Jewel Coloring"
10:00,26,com.kiloo.subwaysurf,"Subway Surfers"
10:00,27,io.voodoo.holeio,"Hole.io"
10:00,28,com.unept.leveldevil,"Level Devil - NOT A Troll Game"
10:00,29,com.phs.global,"Last Asylum: Plague"
10:00,30,com.combo.yarnflow,"Yarn Loop"
10:00,31,com.easybrain.arrow.puzzle.game,"Arrow Puzzle: Tap Puzzle Games"
10:00,32,com.playrix.township,"Township"
10:00,33,kidultlovin.word.zen,"Zen Word® - Relax Puzzle Game"
10:00,34,com.oakever.jigsawcard,"Jigsawcard Solitaire Puzzle"
10:00,35,com.dreamgames.royalkingdom,"Royal Kingdom"
10:00,36,com.oakever.tiletrip,"Tile Explorer - Triple Match"
10:00,37,com.scopely.monopolygo,"MONOPOLY GO!"
10:00,38,com.tencent.ig,"PUBG MOBILE"
10:00,39,com.soccer.score.star,"Soccer Superstar"
10:00,40,net.peakgames.match,"Match Factory!"
10:00,41,com.miniclip.eightballpool,"8 Ball Pool"
10:00,42,com.tfgco.apps.coloring.free.color.by.number,"Color by Number：Coloring Games"
10:00,43,com.devsisters.cc,"CookieRun: Crumble - Idle RPG"
10:00,44,com.loomgames.pixelflow,"Pixel Flow!"
10:00,45,com.nianticlabs.pokemongo,"Pokémon GO"
10:00,46,com.NewFolderGames.IAmCat,"I Am Cat"
10:00,47,com.sled.surfers.game,"Sled Surfers"
10:00,48,com.gameloft.android.ANMP.GloftA9HM,"Asphalt Legends - Racing Game"
10:00,49,com.pocket.sort.coin.puzzle.game,"Pocket Sort: Coin Merge Puzzle"
10:00,50,com.king.candycrushsaga,"Candy Crush Saga"
10:00,51,com.puzzlegames.puzzlebrickslegend,"Color Block: Combo Blast"
10:00,52,com.vincentb.MobControl,"Mob Control"
10:00,53,com.tripledot.blockssmashgame,"Stack Smash - Block 3D Puzzle"
10:00,54,com.tocaboca.tocalifeworld,"Toca Boca World"
10:00,55,com.tripledot.blockbash,"Woodoku Blast"
10:00,56,com.mobsmile.coincollector,"Coin Collector"
10:00,57,com.superplaystudios.disneysolitairedreams,"Disney Solitaire"
10:00,58,com.epicoro.castleclashers,"Castle Busters"
10:00,59,com.budgestudios.googleplay.BlueyBLU,"Bluey: Let's Play!"
10:00,60,com.hitappsgames.wordsolitaire,"Solitaire Associations Journey"
10:00,61,io.supercent.linkedcubic,"Snake Clash!"
10:00,62,air.com.buffalo_studios.newflashbingo,"Bingo Blitz™️ - Bingo Games"
10:00,63,com.gof.global,"Whiteout Survival"
10:00,64,com.Chillgaming.oneState,"OneState RP - Role Play Life"
10:00,65,com.moonactive.holestars,"Hole Stars: Puzzle Game"
10:00,66,solitaire.patience.card.games.klondike.free,"Solitaire - Classic Card Games"
10:00,67,com.leap.searchit,"Search It - Hidden Objects"
10:00,68,com.rovio.baba,"Angry Birds 2"
10:00,69,com.yolo.hiddenobjects,"Find Hidden Objects - Spot It!"
10:00,70,water.sort.puzzle.game.color.sorting.free,"Water Sort Puzzle - Sort Color"
10:00,71,com.rotatelab.cubeblast,"Cube Land Puzzle Game"
10:00,72,com.piano.music.rhythm.tiles.games,"Rhythm Tiles: Pop Songs"
10:00,73,com.dreamgames.royalmatch,"Royal Match"
10:00,74,com.robtopx.geometryjumplite,"Geometry Dash Lite"
10:00,75,com.monopoly.dream.idle.king,"Top Tycoon: Coin Theme Empire"
10:00,76,com.amelosinteractive.snake,"Snake.io - Fun Snake .io Games"
10:00,77,com.playgendary.kickthebuddy,"Kick the Buddy－Fun Action Game"
10:00,78,com.aim.racing,"Extreme Car Driving Simulator"
10:00,79,com.tensquaregames.letsfish2,"Fishing Clash: Sport Simulator"
10:00,80,com.dts.freefireth,"Free Fire: 9th Anniversary"
10:00,81,ball.sort.puzzle.color.sorting.bubble.games,"Ball Sort Puzzle - Color Game"
10:00,82,com.loop.clear.cube.free.card.puzzle.sort.match,"Loop Master™: Color Jam Sort"
10:00,83,com.cdt.mega.mechagame,"Painty Hide n Seek"
10:00,84,com.fatmerge.global,"Tasty Travels: Merge Game"
10:00,85,com.outfit7.mytalkingtomfriends,"My Talking Tom Friends"
10:00,86,jp.konami.pesam,"eFootball™"
10:00,87,com.moonactive.coinmaster,"Coin Master"
10:00,88,com.openmygame.games.android.jigsaw.solitaire.puzzle,"Cardscapes™: Jigsaw Puzzle"
10:00,89,com.u1.relax.minigame3,"Mini Challenges: Calm Games"
10:00,90,com.fiogonia.rummy500,"Rummy 500 - Card Game"
10:00,91,com.funplus.ts.global,"Tiles Survive!"
10:00,92,com.pazugames.avatarworld,"Avatar World ®"
10:00,93,com.NewFolderGames.IAmSecurirty,"I Am Security"
10:00,94,sorting.games.goods.sort.triple.match3d.puzzle.stuff,"Goods Puzzle: 3D Sorting Games"
10:00,95,com.dino.race.master,"Car Race"
10:00,96,com.cliffs.pro.cell.building.crazy.clever.craft,"Block Crazy Robo World Craft"
10:00,97,com.nutsbolts.zgsn,"Romantic Nuts & Bolts Sorting"
10:00,98,com.JindoBlu.TwoPlayerGamesChallenge,"2 Player games : the Challenge"
10:00,99,com.spark.sp.gp,"Narco Empire"
10:00,100,block.color.game.jam.blocks.sort.puzzle.games.slide.free,"Block Color Mania, Puzzle Game"
10:00,101,com.superplaystudios.dicedreams,"Dice Dreams™️"
10:00,102,com.arrow.out,"Point Out: Color Escape Puzzle"
10:00,103,wool.match.color.sort.jam.puzzle,"Wool Crush™"
10:00,104,hidden.object.find.seek.search.mystery.puzzle.games.free,"Hidden Object Games: Seek It"
10:00,105,com.peoplefun.wordcross,"Wordscapes: Word puzzle game"
10:00,106,com.playgames.block,"Block Blitz: Puzzle Adventure"
10:00,107,com.outfit7.mytalkingtom2,"My Talking Tom 2: Pet Game"
10:00,108,com.football.soccer.league,"Football League 2026"
10:00,109,com.hmbl.perfect.makeover.cleaning.asmr,"Perfect Makeover Cleaning ASMR"
10:00,110,com.merge.cooking.theme.restaurant.food,"Merge Cooking®"
10:00,111,com.farlightgames.pgame.gp,"Clash of Critters"
10:00,112,com.wb.goog.hotd.socialstrategy,"Game of Thrones: Dragonfire"
10:00,113,com.easybrain.sudoku.android,"Sudoku.com - Sudoku Puzzle"
10:00,114,com.goodville.goodgame,"Goodville: Farm Game Adventure"
10:00,115,net.happywit.screw.out.jam,"Screw Out 3D: Nut Sort Jam"
10:00,116,com.playrix.gardenscapes,"Gardenscapes"
10:00,117,com.easybrain.number.puzzle.game,"Number Match - Number Games"
10:00,118,jp.pokemon.pokemontcgp,"Pokémon TCG Pocket - Card Game"
10:00,119,sniper.war.target.soldier.shooter.aldagames.com,"Ghost Sniper: War FPS Shooter"
10:00,120,jigsaw.solitaire.match.games.free,"Jigsaw Drop: Solitaire Puzzle"
10:00,121,com.advant.streamer,"Lamar - Idle Vlogger"
10:00,122,com.funcraft.farkle,"Farkle Dice Roll"
10:00,123,find.difference.spot.differences.hidden.puzzle.games.free,"Differences - Find & Spot It"
10:00,124,com.arrow.madness.games.arrows.escape.puzzle.game,"Maze Madness - Brain Puzzle"
10:00,125,game.qualiarts.hololive.dreams.com,"hololive Dreams"
10:00,126,io.supercent.pizzaidle,"Pizza Ready!"
10:00,127,com.unicostudio.braintest,"Brain Test: Tricky Puzzles"
10:00,128,com.openmygame.games.android.fillwordsoffline,"Fillwords: Word Search Puzzles"
10:00,129,com.matteljv.uno,"UNO!™"
10:00,130,com.merge.game.foodstars,"Foodstars: Merge & Cook"
10:00,131,com.yzlmus.google,"Whoa Adventure"
10:00,132,com.backspingames.backspin,"Backspin Games: Earn Money"
10:00,133,com.activision.callofduty.shooter,"Call of Duty®: Mobile"
10:00,134,com.gtsy.annoying.punch.game,"Annoying Uncle Punch Game®"
10:00,135,com.fc.goods.sort.matching.puzzle.triplemaster,"Goods Puzzle: Sort Challenge™"
10:00,136,com.fugo.wow,"Words of Wonders: Crossword"
10:00,137,com.king.candycrushsodasaga,"Candy Crush Soda Saga"
10:00,138,net.peakgames.toonblast,"Toon Blast"
10:00,139,com.hypgames.sniperbattle,"Sniper Battle: 3D War Shooter"
10:00,140,hide.seek.room,"Hide in The Backrooms: Horror"
10:00,141,com.fungames.sniper3d,"Sniper 3D：Gun Shooting Games"
10:00,142,com.tripledot.spades,"Spades - Classic Cards"
10:00,143,com.kiwifun.game.android.screw.master,"Unscrew Frenzy 3D"
10:00,144,com.mini.football.filter.games,"Mini Soccer: Football Cup 2026"
10:00,145,com.igg.android.doomsdaylastsurvivors,"Doomsday: Odysseus Returns"
10:00,146,com.crazylabs.fashion.squad,"Glow Fashion Idol"
10:00,147,com.colorrful.sunny.sodda.sort,"Colorful Soda Sort"
10:00,148,com.zjcs.android.us,"Sword x Staff"
10:00,149,com.ocean.block.shoot,"Ocean Block Shoot"
10:00,150,com.JindoBlu.OfflineGames,"Offline Games - No Wifi Games"
10:00,151,com.innplaylabs.animalkingdomraid,"Animals & Coins Adventure Game"
10:00,152,com.WalkTalk.FlightMaster,"Epic Plane Evolution"
10:00,153,com.comes.membership.importance,"Merge Blast 2248"
10:00,154,com.bunbunstudio.magicblocktiles,"Music Piano 7: Tiles Song Game"
10:00,155,com.chirpysort.game.android,"Chirpy Sort: Bird Color Puzzle"
10:00,156,com.easybrain.crossword.puzzles,"Crossword Master - Word Puzzle"
10:00,157,com.brain.crazy.joygame,"Brain Puzzle 3: Crazy Mind"
10:00,158,com.smilerlee.klondike,"Solitaire"
10:00,159,com.Neurononfire.SupremeDuelist,"Supreme Duelist"
10:00,160,com.farlightgames.warline.gp.global,"Warline: Sniper Strike"
10:00,161,com.mahjong.master.solitaire.match.puzzle,"Mahjong Master: Daily Match"
10:00,162,com.candyroom.clubcraft,"School Party Craft"
10:00,163,com.hp.keyboard.obby.asmr.speed.run,"Keyboard Obby: ASMR Speed Run"
10:00,164,com.peoplefun.wordsearch,"Wordscapes Search: Word Games"
10:00,165,com.fiogonia.maze,"Maze Escape: Block Puzzle"
10:00,166,com.gimica.treasuremaster,"Treasure Master"
10:00,167,com.chess,"Chess - Play and Learn Online"
10:00,168,com.hollywood.merge,"Hollywood Merge"
10:00,169,com.starplay.spider.fighter.openworld,"Spider Fighter 3: Action Game"
10:00,170,com.combo.knockout,"Knock Out"
10:00,171,com.wood.block.sudoku.puzzle.bm,"Block Crush!"
10:00,172,com.bandainamcoent.dgup_ww,"DIGIMON UP"
10:00,173,com.playgendary.ktbremaster,"Kick the Buddy: Second Kick"
10:00,174,com.GybeGames.ColorBlockJam,"Color Block Jam"
10:00,175,com.fluffydrop.op.gp,"Fluffy Drop - No Timer"
10:00,176,com.craft.city.blockbuilder.pro,"Craft Explore: Block Builder"
10:00,177,dress.up.fashion.makeup.style.makeover.girl.rebel.queen,"Rebel Glam: Dress Up Games"
10:00,178,daily.number.match.free.puzzle,"Daily Number Match"
10:00,179,com.master.hotelmaster,"My Perfect Hotel"
10:00,180,com.Garawell.LoopSort,"Loop Sort"
10:00,181,com.pronetis.ironball2,"Going Balls"
10:00,182,adventure.party.real.life,"Sunday City: Life RolePlay"
10:00,183,jp.pokemon.pokemonchampions,"Pokémon Champions"
10:00,184,com.dts.freefiremax,"Free Fire MAX"
10:00,185,com.dramaton.squisher,"Squishy Magic: ASMR Toy Maker"
10:00,186,com.Chodun.CatGunner,"Idle Cat Gunner: Shooter RPG"
10:00,187,com.game.acm_android,"Color Maze Master: Tap & Clear"
10:00,188,com.outfit7.mytalkingtomfree,"My Talking Tom"
10:00,189,com.playgames.sorting,"Sort Journey - Travel Puzzle"
10:00,190,com.firsttouchgames.dls7,"Dream League Soccer 2026"
10:00,191,com.grass.cut.game,"Grass Master – Cutting Game"
10:00,192,com.paradyme.solarsmash,"Solar Smash"
10:00,193,in.playsimple.wordtrip.association,"Word Connect Association"
10:00,194,io.randomco.travel,"Travel Town - Merge Adventure"
10:00,195,com.playflix.kick.breakragdoll.games,"Kick & Break The Ragdoll Games"
10:00,196,com.runawayplay.dragons,"Hatch Dragons"
10:00,197,com.nebula.tiles,"Tap Tile!"
10:00,198,io.supercent.weaponrpg,"XP Hero"
10:00,199,com.cola.game,"Flambé®: Merge & Cook"
10:00,200,com.hungrystudio.mahjong,"Double Tile!"
13:30,1,com.roblox.client,"Roblox"
13:30,2,com.oakever.meowdoku,"Meowdoku: Brain Puzzle Games"
13:30,3,com.vitastudio.mahjong,"Vita Mahjong"
13:30,4,com.ecffri.arrows,"Arrows – Puzzle Escape"
13:30,5,com.block.juggle,"Block Blast!"
13:30,6,com.fungames.blockcraft,"Block Craft 3D：Building Game"
13:30,7,jp.co.goodroid.hyper.busflow,"Bus Traffic Fever!"
13:30,8,com.nebula.mahjongtile,"Mahjong Blast"
13:30,9,com.mergegames.gossipharbor,"Gossip Harbor: Merge & Story"
13:30,10,com.kayac.slow_mo_strike,"Slow Mo Strike: Knives in Time"
13:30,11,com.oakever.arrows,"Amaze GO!"
13:30,12,com.unept.leveldevil,"Level Devil - NOT A Troll Game"
13:30,13,com.studio27.MelonPlayground,"Melon Sandbox"
13:30,14,com.cyphergames.royalsmash,"Royal Smash! - Physics Puzzle"
13:30,15,com.combo.yarnflow,"Yarn Loop"
13:30,16,com.easybrain.arrow.puzzle.game,"Arrow Puzzle: Tap Puzzle Games"
13:30,17,com.playrix.township,"Township"
13:30,18,com.loomgames.pixelflow,"Pixel Flow!"
13:30,19,com.scopely.monopolygo,"MONOPOLY GO!"
13:30,20,com.newai.ooc,"OOC: The Playable Anime"
13:30,21,com.ea.gp.fifamobile,"EA SPORTS FC Soccer Mobile 26"
13:30,22,com.grandgames.magicsort,"Magic Sort!"
13:30,23,com.totalbattle,"Total Battle: War Strategy"
13:30,24,com.sled.surfers.game,"Sled Surfers"
13:30,25,com.run.tower.defense,"Kingshot"
13:30,26,com.tocaboca.tocalifeworld,"Toca Boca World"
13:30,27,com.puzzlegames.puzzlebrickslegend,"Color Block: Combo Blast"
13:30,28,com.youmusic.magictiles,"Magic Tiles 3™ - Piano Game"
13:30,29,com.pocket.sort.coin.puzzle.game,"Pocket Sort: Coin Merge Puzzle"
13:30,30,com.tripledot.blockssmashgame,"Stack Smash - Block 3D Puzzle"
13:30,31,com.epicgames.fortnite,"Fortnite"
13:30,32,com.vincentb.MobControl,"Mob Control"
13:30,33,io.voodoo.paper2,"Paper.io 2"
13:30,34,com.tripledot.blockbash,"Woodoku Blast"
13:30,35,com.pixel.art.coloring.color.number,"Happy Color®: Color by Number"
13:30,36,com.innersloth.spacemafia,"Among Us"
13:30,37,solitaire.patience.card.games.klondike.free,"Solitaire - Classic Card Games"
13:30,38,com.gameloft.android.ANMP.GloftA9HM,"Asphalt Legends - Racing Game"
13:30,39,io.supercent.linkedcubic,"Snake Clash!"
13:30,40,com.kiloo.subwaysurf,"Subway Surfers"
13:30,41,com.media720.games2020,"Offline Games No WiFi internet"
13:30,42,com.epicoro.castleclashers,"Castle Busters"
13:30,43,io.voodoo.holeio,"Hole.io"
13:30,44,color.number.paint.pixle.art.sort.jigsaw,"Jewel Coloring"
13:30,45,com.mobsmile.coincollector,"Coin Collector"
13:30,46,com.rotatelab.cubeblast,"Cube Land Puzzle Game"
13:30,47,com.phs.global,"Last Asylum: Plague"
13:30,48,com.dreamgames.royalmatch,"Royal Match"
13:30,49,com.robtopx.geometryjumplite,"Geometry Dash Lite"
13:30,50,com.loop.clear.cube.free.card.puzzle.sort.match,"Loop Master™: Color Jam Sort"
13:30,51,kidultlovin.word.zen,"Zen Word® - Relax Puzzle Game"
13:30,52,com.dreamgames.royalkingdom,"Royal Kingdom"
13:30,53,com.oakever.jigsawcard,"Jigsawcard Solitaire Puzzle"
13:30,54,com.oakever.tiletrip,"Tile Explorer - Triple Match"
13:30,55,com.tencent.ig,"PUBG MOBILE"
13:30,56,com.cdt.mega.mechagame,"Painty Hide n Seek"
13:30,57,com.soccer.score.star,"Soccer Superstar"
13:30,58,com.tfgco.apps.coloring.free.color.by.number,"Color by Number：Coloring Games"
13:30,59,com.cliffs.pro.cell.building.crazy.clever.craft,"Block Crazy Robo World Craft"
13:30,60,com.nianticlabs.pokemongo,"Pokémon GO"
13:30,61,net.peakgames.match,"Match Factory!"
13:30,62,com.miniclip.eightballpool,"8 Ball Pool"
13:30,63,com.mini.football.filter.games,"Mini Soccer: Football Cup 2026"
13:30,64,com.devsisters.cc,"CookieRun: Crumble - Idle RPG"
13:30,65,com.NewFolderGames.IAmCat,"I Am Cat"
13:30,66,block.color.game.jam.blocks.sort.puzzle.games.slide.free,"Block Color Mania, Puzzle Game"
13:30,67,hidden.object.find.seek.search.mystery.puzzle.games.free,"Hidden Object Games: Seek It"
13:30,68,jp.pokemon.pokemontcgp,"Pokémon TCG Pocket - Card Game"
13:30,69,com.arrow.out,"Point Out: Color Escape Puzzle"
13:30,70,com.nutsbolts.zgsn,"Romantic Nuts & Bolts Sorting"
13:30,71,com.king.candycrushsaga,"Candy Crush Saga"
13:30,72,com.hmbl.perfect.makeover.cleaning.asmr,"Perfect Makeover Cleaning ASMR"
13:30,73,com.yzlmus.google,"Whoa Adventure"
13:30,74,com.outfit7.mytalkingtom2,"My Talking Tom 2: Pet Game"
13:30,75,jigsaw.solitaire.match.games.free,"Jigsaw Drop: Solitaire Puzzle"
13:30,76,com.bunbunstudio.magicblocktiles,"Music Piano 7: Tiles Song Game"
13:30,77,com.playrix.gardenscapes,"Gardenscapes"
13:30,78,com.advant.streamer,"Lamar - Idle Vlogger"
13:30,79,com.farlightgames.warline.gp.global,"Warline: Sniper Strike"
13:30,80,com.activision.callofduty.shooter,"Call of Duty®: Mobile"
13:30,81,com.spark.sp.gp,"Narco Empire"
13:30,82,com.gtsy.annoying.punch.game,"Annoying Uncle Punch Game®"
13:30,83,com.football.soccer.league,"Football League 2026"
13:30,84,com.budgestudios.googleplay.BlueyBLU,"Bluey: Let's Play!"
13:30,85,io.supercent.pizzaidle,"Pizza Ready!"
13:30,86,air.com.buffalo_studios.newflashbingo,"Bingo Blitz™️ - Bingo Games"
13:30,87,com.hitappsgames.wordsolitaire,"Solitaire Associations Journey"
13:30,88,com.gof.global,"Whiteout Survival"
13:30,89,com.comes.membership.importance,"Merge Blast 2248"
13:30,90,com.moonactive.holestars,"Hole Stars: Puzzle Game"
13:30,91,com.superplaystudios.disneysolitairedreams,"Disney Solitaire"
13:30,92,com.JindoBlu.OfflineGames,"Offline Games - No Wifi Games"
13:30,93,com.Chillgaming.oneState,"OneState RP - Role Play Life"
13:30,94,com.backspingames.backspin,"Backspin Games: Earn Money"
13:30,95,com.leap.searchit,"Search It - Hidden Objects"
13:30,96,com.fugo.wow,"Words of Wonders: Crossword"
13:30,97,com.piano.music.rhythm.tiles.games,"Rhythm Tiles: Pop Songs"
13:30,98,com.peoplefun.wordsearch,"Wordscapes Search: Word Games"
13:30,99,com.brain.crazy.joygame,"Brain Puzzle 3: Crazy Mind"
13:30,100,ball.sort.puzzle.color.sorting.bubble.games,"Ball Sort Puzzle - Color Game"
13:30,101,com.yolo.hiddenobjects,"Find Hidden Objects - Spot It!"
13:30,102,water.sort.puzzle.game.color.sorting.free,"Water Sort Puzzle - Sort Color"
13:30,103,com.smilerlee.klondike,"Solitaire"
13:30,104,com.craft.city.blockbuilder.pro,"Craft Explore: Block Builder"
13:30,105,com.monopoly.dream.idle.king,"Top Tycoon: Coin Theme Empire"
13:30,106,com.master.hotelmaster,"My Perfect Hotel"
13:30,107,com.aim.racing,"Extreme Car Driving Simulator"
13:30,108,com.playgendary.kickthebuddy,"Kick the Buddy－Fun Action Game"
13:30,109,com.rovio.baba,"Angry Birds 2"
13:30,110,com.hollywood.merge,"Hollywood Merge"
13:30,111,com.chirpysort.game.android,"Chirpy Sort: Bird Color Puzzle"
13:30,112,com.dts.freefireth,"Free Fire: 9th Anniversary"
13:30,113,com.funcraft.farkle,"Farkle Dice Roll"
13:30,114,com.tensquaregames.letsfish2,"Fishing Clash: Sport Simulator"
13:30,115,dress.up.fashion.makeup.style.makeover.girl.rebel.queen,"Rebel Glam: Dress Up Games"
13:30,116,com.combo.knockout,"Knock Out"
13:30,117,com.mahjong.master.solitaire.match.puzzle,"Mahjong Master: Daily Match"
13:30,118,com.fatmerge.global,"Tasty Travels: Merge Game"
13:30,119,jp.konami.pesam,"eFootball™"
13:30,120,com.gimica.treasuremaster,"Treasure Master"
13:30,121,com.amelosinteractive.snake,"Snake.io - Fun Snake .io Games"
13:30,122,com.pronetis.ironball2,"Going Balls"
13:30,123,com.moonactive.coinmaster,"Coin Master"
13:30,124,com.wood.block.sudoku.puzzle.bm,"Block Crush!"
13:30,125,com.u1.relax.minigame3,"Mini Challenges: Calm Games"
13:30,126,com.nebula.tiles,"Tap Tile!"
13:30,127,com.bandainamcoent.dgup_ww,"DIGIMON UP"
13:30,128,com.playflix.kick.breakragdoll.games,"Kick & Break The Ragdoll Games"
13:30,129,com.pazugames.avatarworld,"Avatar World ®"
13:30,130,com.paradyme.solarsmash,"Solar Smash"
13:30,131,com.openmygame.games.android.jigsaw.solitaire.puzzle,"Cardscapes™: Jigsaw Puzzle"
13:30,132,com.funplus.ts.global,"Tiles Survive!"
13:30,133,com.dino.race.master,"Car Race"
13:30,134,com.NewFolderGames.IAmSecurirty,"I Am Security"
13:30,135,com.vigafun.funfinity.foodhunt,"Food Hunt: Pixel Puzzle"
13:30,136,com.JindoBlu.TwoPlayerGamesChallenge,"2 Player games : the Challenge"
13:30,137,com.outfit7.mytalkingtomfriends,"My Talking Tom Friends"
13:30,138,com.candyroom.clubcraft,"School Party Craft"
13:30,139,com.higame.annoying.tricky.story.puzzle.game,"Tricky Prank: Brain Quest"
13:30,140,com.fiogonia.rummy500,"Rummy 500 - Card Game"
13:30,141,jp.pokemon.pokemonchampions,"Pokémon Champions"
13:30,142,com.grass.cut.game,"Grass Master – Cutting Game"
13:30,143,sorting.games.goods.sort.triple.match3d.puzzle.stuff,"Goods Puzzle: 3D Sorting Games"
13:30,144,com.gimica.hexapuzzlefun,"2048 Puzzle Fun"
13:30,145,com.superplaystudios.dicedreams,"Dice Dreams™️"
13:30,146,com.meta.trafficcar.racer.driving3d,"Traffic Car Racer: Driving 3D"
13:30,147,wool.match.color.sort.jam.puzzle,"Wool Crush™"
13:30,148,com.peoplefun.wordcross,"Wordscapes: Word puzzle game"
13:30,149,in.playsimple.wordtrip.association,"Word Connect Association"
13:30,150,in.playsimple.wordsearch,"Word Search Explorer"
13:30,151,com.GybeGames.ColorBlockJam,"Color Block Jam"
13:30,152,com.outfit7.mytalkingangela2,"My Talking Angela 2"
13:30,153,com.sh.fidget.toys.mini.relaxing.antistress.games,"Mini Relaxing Game- pop it"
13:30,154,com.playgames.block,"Block Blitz: Puzzle Adventure"
13:30,155,com.colorrful.sunny.sodda.sort,"Colorful Soda Sort"
13:30,156,com.s01.global,"Lordrush"
13:30,157,bus.games.car.out.traffic.parking.jam.escape.puzzle,"Car Parking Games: Bus Madness"
13:30,158,com.fun.brain.game,"Brain Puzzle: Tricky Quest"
13:30,159,io.supercent.weaponrpg,"XP Hero"
13:30,160,com.easybrain.art.puzzle,"Art Puzzle - Puzzle Games"
13:30,161,in.playsimple.crossword.go,"Crossword Go!"
13:30,162,com.farlightgames.pgame.gp,"Clash of Critters"
13:30,163,com.goodville.goodgame,"Goodville: Farm Game Adventure"
13:30,164,com.firsttouchgames.dls7,"Dream League Soccer 2026"
13:30,165,com.easybrain.sudoku.android,"Sudoku.com - Sudoku Puzzle"
13:30,166,net.happywit.screw.out.jam,"Screw Out 3D: Nut Sort Jam"
13:30,167,com.zm.pickpack,"Cube Tap Sort"
13:30,168,com.easybrain.number.puzzle.game,"Number Match - Number Games"
13:30,169,com.gamovation.tileclub,"Tile Club - Match Puzzle Games"
13:30,170,com.sprunki.mod.horror.incredibox.monster.beats.music.game,"Sprunki Beat: Full Mod Music"
13:30,171,sniper.war.target.soldier.shooter.aldagames.com,"Ghost Sniper: War FPS Shooter"
13:30,172,com.sanbox.ragdoll.playground.ragdollfall.dismount,"Doll PlayGround"
13:30,173,com.oculus.twilight,"Meta Horizon"
13:30,174,com.craze.luck.tacoslots,"Craze Luck Slots"
13:30,175,com.arrow.madness.games.arrows.escape.puzzle.game,"Maze Madness - Brain Puzzle"
13:30,176,com.merge.cooking.theme.restaurant.food,"Merge Cooking®"
13:30,177,find.difference.spot.differences.hidden.puzzle.games.free,"Differences - Find & Spot It"
13:30,178,com.sega.sonicdash,"Sonic Dash Run"
13:30,179,com.unicostudio.braintest,"Brain Test: Tricky Puzzles"
13:30,180,com.wb.goog.hotd.socialstrategy,"Game of Thrones: Dragonfire"
13:30,181,game.qualiarts.hololive.dreams.com,"hololive Dreams"
13:30,182,com.openmygame.games.android.fillwordsoffline,"Fillwords: Word Search Puzzles"
13:30,183,com.rush.xtreme.sports,"RUSH: Xtreme"
13:30,184,com.matteljv.uno,"UNO!™"
13:30,185,com.godlike.vigormahjong,"Vigor Mahjong"
13:30,186,com.zm.watersort,"Get Color - Water Sort Puzzle"
13:30,187,com.awesome.puzzlehexasort,"Color Slide - Hexa Puzzle"
13:30,188,com.tvf.anti.stress.relaxing.mini.games,"Mini Fidget Antistress Games"
13:30,189,com.gimica.aeroescape,"Aero Escape"
13:30,190,com.playvalve.wsjourney,"Word Search - Word Puzzle Game"
13:30,191,com.readygo.barrel.gp,"Last Z: Survival Shooter"
13:30,192,com.merge.game.foodstars,"Foodstars: Merge & Cook"
13:30,193,com.king.candycrushsodasaga,"Candy Crush Soda Saga"
13:30,194,com.fc.goods.sort.matching.puzzle.triplemaster,"Goods Puzzle: Sort Challenge™"
13:30,195,com.cedargames.mysterytown,"Mystery Town: Merge Games"
13:30,196,com.islandmatch.tripletilegp,"Island Match"
13:30,197,com.tripledot.spades,"Spades - Classic Cards"
13:30,198,com.moonactive.cmboard,"Coin Master - Board Adventure"
13:30,199,com.os.space.force.galaxy.alien,"Galaxiga: Galaxy Arcade Game"
13:30,200,com.bag.blob,"Quack Bag: Duck Mafia"
16:00,1,com.roblox.client,"Roblox"
16:00,2,com.oakever.meowdoku,"Meowdoku: Brain Puzzle Games"
16:00,3,com.cyphergames.royalsmash,"Royal Smash! - Physics Puzzle"
16:00,4,com.vitastudio.mahjong,"Vita Mahjong"
16:00,5,com.ecffri.arrows,"Arrows – Puzzle Escape"
16:00,6,com.block.juggle,"Block Blast!"
16:00,7,com.fungames.blockcraft,"Block Craft 3D：Building Game"
16:00,8,com.grandgames.magicsort,"Magic Sort!"
16:00,9,jp.co.goodroid.hyper.busflow,"Bus Traffic Fever!"
16:00,10,com.nebula.mahjongtile,"Mahjong Blast"
16:00,11,com.kayac.slow_mo_strike,"Slow Mo Strike: Knives in Time"
16:00,12,com.mergegames.gossipharbor,"Gossip Harbor: Merge & Story"
16:00,13,com.oakever.arrows,"Amaze GO!"
16:00,14,com.unept.leveldevil,"Level Devil - NOT A Troll Game"
16:00,15,com.studio27.MelonPlayground,"Melon Sandbox"
16:00,16,com.combo.yarnflow,"Yarn Loop"
16:00,17,com.easybrain.arrow.puzzle.game,"Arrow Puzzle: Tap Puzzle Games"
16:00,18,com.playrix.township,"Township"
16:00,19,com.loomgames.pixelflow,"Pixel Flow!"
16:00,20,com.scopely.monopolygo,"MONOPOLY GO!"
16:00,21,com.sled.surfers.game,"Sled Surfers"
16:00,22,com.newai.ooc,"OOC: The Playable Anime"
16:00,23,com.devsisters.cc,"CookieRun: Crumble - Idle RPG"
16:00,24,com.ea.gp.fifamobile,"EA SPORTS FC Soccer Mobile 26"
16:00,25,com.totalbattle,"Total Battle: War Strategy"
16:00,26,com.run.tower.defense,"Kingshot"
16:00,27,com.tocaboca.tocalifeworld,"Toca Boca World"
16:00,28,com.tripledot.blockssmashgame,"Stack Smash - Block 3D Puzzle"
16:00,29,com.puzzlegames.puzzlebrickslegend,"Color Block: Combo Blast"
16:00,30,com.youmusic.magictiles,"Magic Tiles 3™ - Piano Game"
16:00,31,com.pocket.sort.coin.puzzle.game,"Pocket Sort: Coin Merge Puzzle"
16:00,32,com.epicgames.fortnite,"Fortnite"
16:00,33,com.vincentb.MobControl,"Mob Control"
16:00,34,io.voodoo.paper2,"Paper.io 2"
16:00,35,com.tripledot.blockbash,"Woodoku Blast"
16:00,36,com.pixel.art.coloring.color.number,"Happy Color®: Color by Number"
16:00,37,com.innersloth.spacemafia,"Among Us"
16:00,38,com.mobsmile.coincollector,"Coin Collector"
16:00,39,solitaire.patience.card.games.klondike.free,"Solitaire - Classic Card Games"
16:00,40,com.gameloft.android.ANMP.GloftA9HM,"Asphalt Legends - Racing Game"
16:00,41,io.supercent.linkedcubic,"Snake Clash!"
16:00,42,com.kiloo.subwaysurf,"Subway Surfers"
16:00,43,com.media720.games2020,"Offline Games No WiFi internet"
16:00,44,com.epicoro.castleclashers,"Castle Busters"
16:00,45,io.voodoo.holeio,"Hole.io"
16:00,46,color.number.paint.pixle.art.sort.jigsaw,"Jewel Coloring"
16:00,47,com.rotatelab.cubeblast,"Cube Land Puzzle Game"
16:00,48,com.phs.global,"Last Asylum: Plague"
16:00,49,com.dreamgames.royalmatch,"Royal Match"
16:00,50,com.robtopx.geometryjumplite,"Geometry Dash Lite"
16:00,51,com.loop.clear.cube.free.card.puzzle.sort.match,"Loop Master™: Color Jam Sort"
16:00,52,kidultlovin.word.zen,"Zen Word® - Relax Puzzle Game"
16:00,53,com.dreamgames.royalkingdom,"Royal Kingdom"
16:00,54,com.oakever.jigsawcard,"Jigsawcard Solitaire Puzzle"
16:00,55,com.hp.keyboard.obby.asmr.speed.run,"Keyboard Obby: ASMR Speed Run"
16:00,56,com.oakever.tiletrip,"Tile Explorer - Triple Match"
16:00,57,com.tencent.ig,"PUBG MOBILE"
16:00,58,com.cdt.mega.mechagame,"Painty Hide n Seek"
16:00,59,com.soccer.score.star,"Soccer Superstar"
16:00,60,com.tfgco.apps.coloring.free.color.by.number,"Color by Number：Coloring Games"
16:00,61,com.cliffs.pro.cell.building.crazy.clever.craft,"Block Crazy Robo World Craft"
16:00,62,com.nianticlabs.pokemongo,"Pokémon GO"
16:00,63,net.peakgames.match,"Match Factory!"
16:00,64,com.miniclip.eightballpool,"8 Ball Pool"
16:00,65,com.mini.football.filter.games,"Mini Soccer: Football Cup 2026"
16:00,66,com.nutsbolts.zgsn,"Romantic Nuts & Bolts Sorting"
16:00,67,com.NewFolderGames.IAmCat,"I Am Cat"
16:00,68,block.color.game.jam.blocks.sort.puzzle.games.slide.free,"Block Color Mania, Puzzle Game"
16:00,69,hidden.object.find.seek.search.mystery.puzzle.games.free,"Hidden Object Games: Seek It"
16:00,70,jp.pokemon.pokemontcgp,"Pokémon TCG Pocket - Card Game"
16:00,71,com.arrow.out,"Point Out: Color Escape Puzzle"
16:00,72,jigsaw.solitaire.match.games.free,"Jigsaw Drop: Solitaire Puzzle"
16:00,73,com.king.candycrushsaga,"Candy Crush Saga"
16:00,74,com.hmbl.perfect.makeover.cleaning.asmr,"Perfect Makeover Cleaning ASMR"
16:00,75,com.yzlmus.google,"Whoa Adventure"
16:00,76,com.outfit7.mytalkingtom2,"My Talking Tom 2: Pet Game"
16:00,77,com.gtsy.annoying.punch.game,"Annoying Uncle Punch Game®"
16:00,78,com.bunbunstudio.magicblocktiles,"Music Piano 7: Tiles Song Game"
16:00,79,com.playrix.gardenscapes,"Gardenscapes"
16:00,80,com.advant.streamer,"Lamar - Idle Vlogger"
16:00,81,com.farlightgames.warline.gp.global,"Warline: Sniper Strike"
16:00,82,com.activision.callofduty.shooter,"Call of Duty®: Mobile"
16:00,83,com.spark.sp.gp,"Narco Empire"
16:00,84,com.football.soccer.league,"Football League 2026"
16:00,85,com.budgestudios.googleplay.BlueyBLU,"Bluey: Let's Play!"
16:00,86,io.supercent.pizzaidle,"Pizza Ready!"
16:00,87,air.com.buffalo_studios.newflashbingo,"Bingo Blitz™️ - Bingo Games"
16:00,88,com.hitappsgames.wordsolitaire,"Solitaire Associations Journey"
16:00,89,com.gof.global,"Whiteout Survival"
16:00,90,com.comes.membership.importance,"Merge Blast 2248"
16:00,91,com.moonactive.holestars,"Hole Stars: Puzzle Game"
16:00,92,com.superplaystudios.disneysolitairedreams,"Disney Solitaire"
16:00,93,com.JindoBlu.OfflineGames,"Offline Games - No Wifi Games"
16:00,94,com.Chillgaming.oneState,"OneState RP - Role Play Life"
16:00,95,com.backspingames.backspin,"Backspin Games: Earn Money"
16:00,96,com.leap.searchit,"Search It - Hidden Objects"
16:00,97,com.fugo.wow,"Words of Wonders: Crossword"
16:00,98,com.funcraft.farkle,"Farkle Dice Roll"
16:00,99,com.piano.music.rhythm.tiles.games,"Rhythm Tiles: Pop Songs"
16:00,100,com.peoplefun.wordsearch,"Wordscapes Search: Word Games"
16:00,101,com.brain.crazy.joygame,"Brain Puzzle 3: Crazy Mind"
16:00,102,ball.sort.puzzle.color.sorting.bubble.games,"Ball Sort Puzzle - Color Game"
16:00,103,com.yolo.hiddenobjects,"Find Hidden Objects - Spot It!"
16:00,104,water.sort.puzzle.game.color.sorting.free,"Water Sort Puzzle - Sort Color"
16:00,105,com.smilerlee.klondike,"Solitaire"
16:00,106,com.mahjong.master.solitaire.match.puzzle,"Mahjong Master: Daily Match"
16:00,107,com.ocean.block.shoot,"Ocean Block Shoot"
16:00,108,com.craft.city.blockbuilder.pro,"Craft Explore: Block Builder"
16:00,109,com.monopoly.dream.idle.king,"Top Tycoon: Coin Theme Empire"
16:00,110,com.master.hotelmaster,"My Perfect Hotel"
16:00,111,com.aim.racing,"Extreme Car Driving Simulator"
16:00,112,com.playgendary.kickthebuddy,"Kick the Buddy－Fun Action Game"
16:00,113,com.rovio.baba,"Angry Birds 2"
16:00,114,com.hollywood.merge,"Hollywood Merge"
16:00,115,com.chirpysort.game.android,"Chirpy Sort: Bird Color Puzzle"
16:00,116,com.dts.freefireth,"Free Fire: 9th Anniversary"
16:00,117,com.tensquaregames.letsfish2,"Fishing Clash: Sport Simulator"
16:00,118,dress.up.fashion.makeup.style.makeover.girl.rebel.queen,"Rebel Glam: Dress Up Games"
16:00,119,com.combo.knockout,"Knock Out"
16:00,120,com.fatmerge.global,"Tasty Travels: Merge Game"
16:00,121,jp.konami.pesam,"eFootball™"
16:00,122,com.gimica.treasuremaster,"Treasure Master"
16:00,123,com.amelosinteractive.snake,"Snake.io - Fun Snake .io Games"
16:00,124,com.fluffydrop.op.gp,"Fluffy Drop - No Timer"
16:00,125,com.candyroom.clubcraft,"School Party Craft"
16:00,126,com.pronetis.ironball2,"Going Balls"
16:00,127,com.moonactive.coinmaster,"Coin Master"
16:00,128,com.wood.block.sudoku.puzzle.bm,"Block Crush!"
16:00,129,com.u1.relax.minigame3,"Mini Challenges: Calm Games"
16:00,130,com.nebula.tiles,"Tap Tile!"
16:00,131,com.bandainamcoent.dgup_ww,"DIGIMON UP"
16:00,132,com.playflix.kick.breakragdoll.games,"Kick & Break The Ragdoll Games"
16:00,133,com.pazugames.avatarworld,"Avatar World ®"
16:00,134,com.paradyme.solarsmash,"Solar Smash"
16:00,135,com.openmygame.games.android.jigsaw.solitaire.puzzle,"Cardscapes™: Jigsaw Puzzle"
16:00,136,com.funplus.ts.global,"Tiles Survive!"
16:00,137,com.dino.race.master,"Car Race"
16:00,138,com.NewFolderGames.IAmSecurirty,"I Am Security"
16:00,139,com.vigafun.funfinity.foodhunt,"Food Hunt: Pixel Puzzle"
16:00,140,com.JindoBlu.TwoPlayerGamesChallenge,"2 Player games : the Challenge"
16:00,141,com.outfit7.mytalkingtomfriends,"My Talking Tom Friends"
16:00,142,com.higame.annoying.tricky.story.puzzle.game,"Tricky Prank: Brain Quest"
16:00,143,com.fiogonia.rummy500,"Rummy 500 - Card Game"
16:00,144,jp.pokemon.pokemonchampions,"Pokémon Champions"
16:00,145,com.grass.cut.game,"Grass Master – Cutting Game"
16:00,146,com.gimica.hexapuzzlefun,"2048 Puzzle Fun"
16:00,147,sorting.games.goods.sort.triple.match3d.puzzle.stuff,"Goods Puzzle: 3D Sorting Games"
16:00,148,com.superplaystudios.dicedreams,"Dice Dreams™️"
16:00,149,com.meta.trafficcar.racer.driving3d,"Traffic Car Racer: Driving 3D"
16:00,150,wool.match.color.sort.jam.puzzle,"Wool Crush™"
16:00,151,com.peoplefun.wordcross,"Wordscapes: Word puzzle game"
16:00,152,in.playsimple.wordtrip.association,"Word Connect Association"
16:00,153,in.playsimple.wordsearch,"Word Search Explorer"
16:00,154,com.GybeGames.ColorBlockJam,"Color Block Jam"
16:00,155,com.outfit7.mytalkingangela2,"My Talking Angela 2"
16:00,156,com.sh.fidget.toys.mini.relaxing.antistress.games,"Mini Relaxing Game- pop it"
16:00,157,com.playgames.block,"Block Blitz: Puzzle Adventure"
16:00,158,com.colorrful.sunny.sodda.sort,"Colorful Soda Sort"
16:00,159,com.s01.global,"Lordrush"
16:00,160,com.zm.pickpack,"Cube Tap Sort"
16:00,161,bus.games.car.out.traffic.parking.jam.escape.puzzle,"Car Parking Games: Bus Madness"
16:00,162,com.fun.brain.game,"Brain Puzzle: Tricky Quest"
16:00,163,io.supercent.weaponrpg,"XP Hero"
16:00,164,com.easybrain.art.puzzle,"Art Puzzle - Puzzle Games"
16:00,165,in.playsimple.crossword.go,"Crossword Go!"
16:00,166,com.farlightgames.pgame.gp,"Clash of Critters"
16:00,167,com.sanbox.ragdoll.playground.ragdollfall.dismount,"Doll PlayGround"
16:00,168,com.goodville.goodgame,"Goodville: Farm Game Adventure"
16:00,169,com.firsttouchgames.dls7,"Dream League Soccer 2026"
16:00,170,com.arrows.escape,"Redirect It! - Logic Puzzle"
16:00,171,com.easybrain.sudoku.android,"Sudoku.com - Sudoku Puzzle"
16:00,172,net.happywit.screw.out.jam,"Screw Out 3D: Nut Sort Jam"
16:00,173,com.easybrain.number.puzzle.game,"Number Match - Number Games"
16:00,174,com.gamovation.tileclub,"Tile Club - Match Puzzle Games"
16:00,175,com.sprunki.mod.horror.incredibox.monster.beats.music.game,"Sprunki Beat: Full Mod Music"
16:00,176,sniper.war.target.soldier.shooter.aldagames.com,"Ghost Sniper: War FPS Shooter"
16:00,177,gg.sunday.dog.escape.puzzle,"Dog Escape: Cute Pet Care Life"
16:00,178,com.oculus.twilight,"Meta Horizon"
16:00,179,com.craze.luck.tacoslots,"Craze Luck Slots"
16:00,180,com.arrow.madness.games.arrows.escape.puzzle.game,"Maze Madness - Brain Puzzle"
16:00,181,com.awesome.puzzlehexasort,"Color Slide - Hexa Puzzle"
16:00,182,com.merge.cooking.theme.restaurant.food,"Merge Cooking®"
16:00,183,find.difference.spot.differences.hidden.puzzle.games.free,"Differences - Find & Spot It"
16:00,184,com.sega.sonicdash,"Sonic Dash Run"
16:00,185,com.unicostudio.braintest,"Brain Test: Tricky Puzzles"
16:00,186,com.wb.goog.hotd.socialstrategy,"Game of Thrones: Dragonfire"
16:00,187,game.qualiarts.hololive.dreams.com,"hololive Dreams"
16:00,188,com.openmygame.games.android.fillwordsoffline,"Fillwords: Word Search Puzzles"
16:00,189,com.rush.xtreme.sports,"RUSH: Xtreme"
16:00,190,com.matteljv.uno,"UNO!™"
16:00,191,com.xman.na.gp,"X-Clash"
16:00,192,com.godlike.vigormahjong,"Vigor Mahjong"
16:00,193,com.zm.watersort,"Get Color - Water Sort Puzzle"
16:00,194,com.tvf.anti.stress.relaxing.mini.games,"Mini Fidget Antistress Games"
16:00,195,com.gimica.aeroescape,"Aero Escape"
16:00,196,com.playvalve.wsjourney,"Word Search - Word Puzzle Game"
16:00,197,com.readygo.barrel.gp,"Last Z: Survival Shooter"
16:00,198,com.merge.game.foodstars,"Foodstars: Merge & Cook"
16:00,199,com.king.candycrushsodasaga,"Candy Crush Soda Saga"
16:00,200,com.fc.goods.sort.matching.puzzle.triplemaster,"Goods Puzzle: Sort Challenge™"
18:30,1,com.roblox.client,"Roblox"
18:30,2,com.oakever.meowdoku,"Meowdoku: Brain Puzzle Games"
18:30,3,com.cyphergames.royalsmash,"Royal Smash! - Physics Puzzle"
18:30,4,com.vitastudio.mahjong,"Vita Mahjong"
18:30,5,com.ecffri.arrows,"Arrows – Puzzle Escape"
18:30,6,com.block.juggle,"Block Blast!"
18:30,7,com.fungames.blockcraft,"Block Craft 3D：Building Game"
18:30,8,com.grandgames.magicsort,"Magic Sort!"
18:30,9,jp.co.goodroid.hyper.busflow,"Bus Traffic Fever!"
18:30,10,com.nebula.mahjongtile,"Mahjong Blast"
18:30,11,com.kayac.slow_mo_strike,"Slow Mo Strike: Knives in Time"
18:30,12,com.mergegames.gossipharbor,"Gossip Harbor: Merge & Story"
18:30,13,com.oakever.arrows,"Amaze GO!"
18:30,14,com.unept.leveldevil,"Level Devil - NOT A Troll Game"
18:30,15,com.studio27.MelonPlayground,"Melon Sandbox"
18:30,16,com.combo.yarnflow,"Yarn Loop"
18:30,17,com.easybrain.arrow.puzzle.game,"Arrow Puzzle: Tap Puzzle Games"
18:30,18,com.playrix.township,"Township"
18:30,19,com.loomgames.pixelflow,"Pixel Flow!"
18:30,20,com.scopely.monopolygo,"MONOPOLY GO!"
18:30,21,com.sled.surfers.game,"Sled Surfers"
18:30,22,com.newai.ooc,"OOC: The Playable Anime"
18:30,23,com.devsisters.cc,"CookieRun: Crumble - Idle RPG"
18:30,24,com.ea.gp.fifamobile,"EA SPORTS FC Soccer Mobile 26"
18:30,25,com.totalbattle,"Total Battle: War Strategy"
18:30,26,com.run.tower.defense,"Kingshot"
18:30,27,com.tocaboca.tocalifeworld,"Toca Boca World"
18:30,28,com.tripledot.blockssmashgame,"Stack Smash - Block 3D Puzzle"
18:30,29,com.puzzlegames.puzzlebrickslegend,"Color Block: Combo Blast"
18:30,30,com.youmusic.magictiles,"Magic Tiles 3™ - Piano Game"
18:30,31,com.pocket.sort.coin.puzzle.game,"Pocket Sort: Coin Merge Puzzle"
18:30,32,com.epicgames.fortnite,"Fortnite"
18:30,33,com.vincentb.MobControl,"Mob Control"
18:30,34,io.voodoo.paper2,"Paper.io 2"
18:30,35,com.tripledot.blockbash,"Woodoku Blast"
18:30,36,com.pixel.art.coloring.color.number,"Happy Color®: Color by Number"
18:30,37,com.innersloth.spacemafia,"Among Us"
18:30,38,com.mobsmile.coincollector,"Coin Collector"
18:30,39,solitaire.patience.card.games.klondike.free,"Solitaire - Classic Card Games"
18:30,40,com.gameloft.android.ANMP.GloftA9HM,"Asphalt Legends - Racing Game"
18:30,41,io.supercent.linkedcubic,"Snake Clash!"
18:30,42,com.kiloo.subwaysurf,"Subway Surfers"
18:30,43,com.media720.games2020,"Offline Games No WiFi internet"
18:30,44,com.epicoro.castleclashers,"Castle Busters"
18:30,45,io.voodoo.holeio,"Hole.io"
18:30,46,color.number.paint.pixle.art.sort.jigsaw,"Jewel Coloring"
18:30,47,com.rotatelab.cubeblast,"Cube Land Puzzle Game"
18:30,48,com.phs.global,"Last Asylum: Plague"
18:30,49,com.dreamgames.royalmatch,"Royal Match"
18:30,50,com.robtopx.geometryjumplite,"Geometry Dash Lite"
18:30,51,com.loop.clear.cube.free.card.puzzle.sort.match,"Loop Master™: Color Jam Sort"
18:30,52,kidultlovin.word.zen,"Zen Word® - Relax Puzzle Game"
18:30,53,com.dreamgames.royalkingdom,"Royal Kingdom"
18:30,54,com.oakever.jigsawcard,"Jigsawcard Solitaire Puzzle"
18:30,55,com.hp.keyboard.obby.asmr.speed.run,"Keyboard Obby: ASMR Speed Run"
18:30,56,com.oakever.tiletrip,"Tile Explorer - Triple Match"
18:30,57,com.tencent.ig,"PUBG MOBILE"
18:30,58,com.cdt.mega.mechagame,"Painty Hide n Seek"
18:30,59,com.soccer.score.star,"Soccer Superstar"
18:30,60,com.tfgco.apps.coloring.free.color.by.number,"Color by Number：Coloring Games"
18:30,61,com.cliffs.pro.cell.building.crazy.clever.craft,"Block Crazy Robo World Craft"
18:30,62,com.nianticlabs.pokemongo,"Pokémon GO"
18:30,63,net.peakgames.match,"Match Factory!"
18:30,64,com.miniclip.eightballpool,"8 Ball Pool"
18:30,65,com.mini.football.filter.games,"Mini Soccer: Football Cup 2026"
18:30,66,com.nutsbolts.zgsn,"Romantic Nuts & Bolts Sorting"
18:30,67,com.NewFolderGames.IAmCat,"I Am Cat"
18:30,68,block.color.game.jam.blocks.sort.puzzle.games.slide.free,"Block Color Mania, Puzzle Game"
18:30,69,hidden.object.find.seek.search.mystery.puzzle.games.free,"Hidden Object Games: Seek It"
18:30,70,jp.pokemon.pokemontcgp,"Pokémon TCG Pocket - Card Game"
18:30,71,com.arrow.out,"Point Out: Color Escape Puzzle"
18:30,72,jigsaw.solitaire.match.games.free,"Jigsaw Drop: Solitaire Puzzle"
18:30,73,com.king.candycrushsaga,"Candy Crush Saga"
18:30,74,com.hmbl.perfect.makeover.cleaning.asmr,"Perfect Makeover Cleaning ASMR"
18:30,75,com.yzlmus.google,"Whoa Adventure"
18:30,76,com.outfit7.mytalkingtom2,"My Talking Tom 2: Pet Game"
18:30,77,com.gtsy.annoying.punch.game,"Annoying Uncle Punch Game®"
18:30,78,com.bunbunstudio.magicblocktiles,"Music Piano 7: Tiles Song Game"
18:30,79,com.playrix.gardenscapes,"Gardenscapes"
18:30,80,com.advant.streamer,"Lamar - Idle Vlogger"
18:30,81,com.farlightgames.warline.gp.global,"Warline: Sniper Strike"
18:30,82,com.activision.callofduty.shooter,"Call of Duty®: Mobile"
18:30,83,com.spark.sp.gp,"Narco Empire"
18:30,84,com.football.soccer.league,"Football League 2026"
18:30,85,com.budgestudios.googleplay.BlueyBLU,"Bluey: Let's Play!"
18:30,86,io.supercent.pizzaidle,"Pizza Ready!"
18:30,87,air.com.buffalo_studios.newflashbingo,"Bingo Blitz™️ - Bingo Games"
18:30,88,com.hitappsgames.wordsolitaire,"Solitaire Associations Journey"
18:30,89,com.gof.global,"Whiteout Survival"
18:30,90,com.comes.membership.importance,"Merge Blast 2248"
18:30,91,com.moonactive.holestars,"Hole Stars: Puzzle Game"
18:30,92,com.superplaystudios.disneysolitairedreams,"Disney Solitaire"
18:30,93,com.JindoBlu.OfflineGames,"Offline Games - No Wifi Games"
18:30,94,com.Chillgaming.oneState,"OneState RP - Role Play Life"
18:30,95,com.backspingames.backspin,"Backspin Games: Earn Money"
18:30,96,com.leap.searchit,"Search It - Hidden Objects"
18:30,97,com.fugo.wow,"Words of Wonders: Crossword"
18:30,98,com.funcraft.farkle,"Farkle Dice Roll"
18:30,99,com.piano.music.rhythm.tiles.games,"Rhythm Tiles: Pop Songs"
18:30,100,com.peoplefun.wordsearch,"Wordscapes Search: Word Games"
18:30,101,com.brain.crazy.joygame,"Brain Puzzle 3: Crazy Mind"
18:30,102,ball.sort.puzzle.color.sorting.bubble.games,"Ball Sort Puzzle - Color Game"
18:30,103,com.yolo.hiddenobjects,"Find Hidden Objects - Spot It!"
18:30,104,water.sort.puzzle.game.color.sorting.free,"Water Sort Puzzle - Sort Color"
18:30,105,com.smilerlee.klondike,"Solitaire"
18:30,106,com.mahjong.master.solitaire.match.puzzle,"Mahjong Master: Daily Match"
18:30,107,com.ocean.block.shoot,"Ocean Block Shoot"
18:30,108,com.craft.city.blockbuilder.pro,"Craft Explore: Block Builder"
18:30,109,com.monopoly.dream.idle.king,"Top Tycoon: Coin Theme Empire"
18:30,110,com.master.hotelmaster,"My Perfect Hotel"
18:30,111,com.aim.racing,"Extreme Car Driving Simulator"
18:30,112,com.playgendary.kickthebuddy,"Kick the Buddy－Fun Action Game"
18:30,113,com.rovio.baba,"Angry Birds 2"
18:30,114,com.hollywood.merge,"Hollywood Merge"
18:30,115,com.chirpysort.game.android,"Chirpy Sort: Bird Color Puzzle"
18:30,116,com.dts.freefireth,"Free Fire: 9th Anniversary"
18:30,117,com.tensquaregames.letsfish2,"Fishing Clash: Sport Simulator"
18:30,118,dress.up.fashion.makeup.style.makeover.girl.rebel.queen,"Rebel Glam: Dress Up Games"
18:30,119,com.combo.knockout,"Knock Out"
18:30,120,com.fatmerge.global,"Tasty Travels: Merge Game"
18:30,121,jp.konami.pesam,"eFootball™"
18:30,122,com.gimica.treasuremaster,"Treasure Master"
18:30,123,com.amelosinteractive.snake,"Snake.io - Fun Snake .io Games"
18:30,124,com.fluffydrop.op.gp,"Fluffy Drop - No Timer"
18:30,125,com.candyroom.clubcraft,"School Party Craft"
18:30,126,com.pronetis.ironball2,"Going Balls"
18:30,127,com.moonactive.coinmaster,"Coin Master"
18:30,128,com.wood.block.sudoku.puzzle.bm,"Block Crush!"
18:30,129,com.u1.relax.minigame3,"Mini Challenges: Calm Games"
18:30,130,com.nebula.tiles,"Tap Tile!"
18:30,131,com.bandainamcoent.dgup_ww,"DIGIMON UP"
18:30,132,com.playflix.kick.breakragdoll.games,"Kick & Break The Ragdoll Games"
18:30,133,com.pazugames.avatarworld,"Avatar World ®"
18:30,134,com.paradyme.solarsmash,"Solar Smash"
18:30,135,com.openmygame.games.android.jigsaw.solitaire.puzzle,"Cardscapes™: Jigsaw Puzzle"
18:30,136,com.funplus.ts.global,"Tiles Survive!"
18:30,137,com.dino.race.master,"Car Race"
18:30,138,com.NewFolderGames.IAmSecurirty,"I Am Security"
18:30,139,com.vigafun.funfinity.foodhunt,"Food Hunt: Pixel Puzzle"
18:30,140,com.JindoBlu.TwoPlayerGamesChallenge,"2 Player games : the Challenge"
18:30,141,com.outfit7.mytalkingtomfriends,"My Talking Tom Friends"
18:30,142,com.higame.annoying.tricky.story.puzzle.game,"Tricky Prank: Brain Quest"
18:30,143,com.fiogonia.rummy500,"Rummy 500 - Card Game"
18:30,144,jp.pokemon.pokemonchampions,"Pokémon Champions"
18:30,145,com.grass.cut.game,"Grass Master – Cutting Game"
18:30,146,com.gimica.hexapuzzlefun,"2048 Puzzle Fun"
18:30,147,sorting.games.goods.sort.triple.match3d.puzzle.stuff,"Goods Puzzle: 3D Sorting Games"
18:30,148,com.superplaystudios.dicedreams,"Dice Dreams™️"
18:30,149,com.meta.trafficcar.racer.driving3d,"Traffic Car Racer: Driving 3D"
18:30,150,wool.match.color.sort.jam.puzzle,"Wool Crush™"
18:30,151,com.peoplefun.wordcross,"Wordscapes: Word puzzle game"
18:30,152,in.playsimple.wordtrip.association,"Word Connect Association"
18:30,153,in.playsimple.wordsearch,"Word Search Explorer"
18:30,154,com.GybeGames.ColorBlockJam,"Color Block Jam"
18:30,155,com.outfit7.mytalkingangela2,"My Talking Angela 2"
18:30,156,com.sh.fidget.toys.mini.relaxing.antistress.games,"Mini Relaxing Game- pop it"
18:30,157,com.playgames.block,"Block Blitz: Puzzle Adventure"
18:30,158,com.colorrful.sunny.sodda.sort,"Colorful Soda Sort"
18:30,159,com.s01.global,"Lordrush"
18:30,160,com.zm.pickpack,"Cube Tap Sort"
18:30,161,bus.games.car.out.traffic.parking.jam.escape.puzzle,"Car Parking Games: Bus Madness"
18:30,162,com.fun.brain.game,"Brain Puzzle: Tricky Quest"
18:30,163,io.supercent.weaponrpg,"XP Hero"
18:30,164,com.easybrain.art.puzzle,"Art Puzzle - Puzzle Games"
18:30,165,in.playsimple.crossword.go,"Crossword Go!"
18:30,166,com.farlightgames.pgame.gp,"Clash of Critters"
18:30,167,com.sanbox.ragdoll.playground.ragdollfall.dismount,"Doll PlayGround"
18:30,168,com.goodville.goodgame,"Goodville: Farm Game Adventure"
18:30,169,com.firsttouchgames.dls7,"Dream League Soccer 2026"
18:30,170,com.arrows.escape,"Redirect It! - Logic Puzzle"
18:30,171,com.easybrain.sudoku.android,"Sudoku.com - Sudoku Puzzle"
18:30,172,net.happywit.screw.out.jam,"Screw Out 3D: Nut Sort Jam"
18:30,173,com.easybrain.number.puzzle.game,"Number Match - Number Games"
18:30,174,com.gamovation.tileclub,"Tile Club - Match Puzzle Games"
18:30,175,com.sprunki.mod.horror.incredibox.monster.beats.music.game,"Sprunki Beat: Full Mod Music"
18:30,176,sniper.war.target.soldier.shooter.aldagames.com,"Ghost Sniper: War FPS Shooter"
18:30,177,gg.sunday.dog.escape.puzzle,"Dog Escape: Cute Pet Care Life"
18:30,178,com.oculus.twilight,"Meta Horizon"
18:30,179,com.craze.luck.tacoslots,"Craze Luck Slots"
18:30,180,com.arrow.madness.games.arrows.escape.puzzle.game,"Maze Madness - Brain Puzzle"
18:30,181,com.awesome.puzzlehexasort,"Color Slide - Hexa Puzzle"
18:30,182,com.merge.cooking.theme.restaurant.food,"Merge Cooking®"
18:30,183,find.difference.spot.differences.hidden.puzzle.games.free,"Differences - Find & Spot It"
18:30,184,com.sega.sonicdash,"Sonic Dash Run"
18:30,185,com.unicostudio.braintest,"Brain Test: Tricky Puzzles"
18:30,186,com.wb.goog.hotd.socialstrategy,"Game of Thrones: Dragonfire"
18:30,187,game.qualiarts.hololive.dreams.com,"hololive Dreams"
18:30,188,com.openmygame.games.android.fillwordsoffline,"Fillwords: Word Search Puzzles"
18:30,189,com.rush.xtreme.sports,"RUSH: Xtreme"
18:30,190,com.matteljv.uno,"UNO!™"
18:30,191,com.xman.na.gp,"X-Clash"
18:30,192,com.godlike.vigormahjong,"Vigor Mahjong"
18:30,193,com.zm.watersort,"Get Color - Water Sort Puzzle"
18:30,194,com.tvf.anti.stress.relaxing.mini.games,"Mini Fidget Antistress Games"
18:30,195,com.gimica.aeroescape,"Aero Escape"
18:30,196,com.playvalve.wsjourney,"Word Search - Word Puzzle Game"
18:30,197,com.readygo.barrel.gp,"Last Z: Survival Shooter"
18:30,198,com.merge.game.foodstars,"Foodstars: Merge & Cook"
18:30,199,com.king.candycrushsodasaga,"Candy Crush Soda Saga"
18:30,200,com.fc.goods.sort.matching.puzzle.triplemaster,"Goods Puzzle: Sort Challenge™"
19:30,1,com.roblox.client,"Roblox"
19:30,2,com.oakever.meowdoku,"Meowdoku: Brain Puzzle Games"
19:30,3,com.cyphergames.royalsmash,"Royal Smash! - Physics Puzzle"
19:30,4,com.vitastudio.mahjong,"Vita Mahjong"
19:30,5,com.ecffri.arrows,"Arrows – Puzzle Escape"
19:30,6,com.block.juggle,"Block Blast!"
19:30,7,com.fungames.blockcraft,"Block Craft 3D：Building Game"
19:30,8,com.grandgames.magicsort,"Magic Sort!"
19:30,9,jp.co.goodroid.hyper.busflow,"Bus Traffic Fever!"
19:30,10,com.nebula.mahjongtile,"Mahjong Blast"
19:30,11,com.kayac.slow_mo_strike,"Slow Mo Strike: Knives in Time"
19:30,12,com.mergegames.gossipharbor,"Gossip Harbor: Merge & Story"
19:30,13,com.oakever.arrows,"Amaze GO!"
19:30,14,com.unept.leveldevil,"Level Devil - NOT A Troll Game"
19:30,15,com.studio27.MelonPlayground,"Melon Sandbox"
19:30,16,com.combo.yarnflow,"Yarn Loop"
19:30,17,com.easybrain.arrow.puzzle.game,"Arrow Puzzle: Tap Puzzle Games"
19:30,18,com.playrix.township,"Township"
19:30,19,com.loomgames.pixelflow,"Pixel Flow!"
19:30,20,com.scopely.monopolygo,"MONOPOLY GO!"
19:30,21,com.sled.surfers.game,"Sled Surfers"
19:30,22,com.newai.ooc,"OOC: The Playable Anime"
19:30,23,com.devsisters.cc,"CookieRun: Crumble - Idle RPG"
19:30,24,com.ea.gp.fifamobile,"EA SPORTS FC Soccer Mobile 26"
19:30,25,com.totalbattle,"Total Battle: War Strategy"
19:30,26,com.run.tower.defense,"Kingshot"
19:30,27,com.tocaboca.tocalifeworld,"Toca Boca World"
19:30,28,com.tripledot.blockssmashgame,"Stack Smash - Block 3D Puzzle"
19:30,29,com.puzzlegames.puzzlebrickslegend,"Color Block: Combo Blast"
19:30,30,com.youmusic.magictiles,"Magic Tiles 3™ - Piano Game"
19:30,31,com.pocket.sort.coin.puzzle.game,"Pocket Sort: Coin Merge Puzzle"
19:30,32,com.epicgames.fortnite,"Fortnite"
19:30,33,com.vincentb.MobControl,"Mob Control"
19:30,34,io.voodoo.paper2,"Paper.io 2"
19:30,35,com.tripledot.blockbash,"Woodoku Blast"
19:30,36,com.pixel.art.coloring.color.number,"Happy Color®: Color by Number"
19:30,37,com.innersloth.spacemafia,"Among Us"
19:30,38,com.mobsmile.coincollector,"Coin Collector"
19:30,39,solitaire.patience.card.games.klondike.free,"Solitaire - Classic Card Games"
19:30,40,com.gameloft.android.ANMP.GloftA9HM,"Asphalt Legends - Racing Game"
19:30,41,io.supercent.linkedcubic,"Snake Clash!"
19:30,42,com.kiloo.subwaysurf,"Subway Surfers"
19:30,43,com.media720.games2020,"Offline Games No WiFi internet"
19:30,44,com.epicoro.castleclashers,"Castle Busters"
19:30,45,io.voodoo.holeio,"Hole.io"
19:30,46,color.number.paint.pixle.art.sort.jigsaw,"Jewel Coloring"
19:30,47,com.rotatelab.cubeblast,"Cube Land Puzzle Game"
19:30,48,com.phs.global,"Last Asylum: Plague"
19:30,49,com.dreamgames.royalmatch,"Royal Match"
19:30,50,com.robtopx.geometryjumplite,"Geometry Dash Lite"
19:30,51,com.loop.clear.cube.free.card.puzzle.sort.match,"Loop Master™: Color Jam Sort"
19:30,52,kidultlovin.word.zen,"Zen Word® - Relax Puzzle Game"
19:30,53,com.dreamgames.royalkingdom,"Royal Kingdom"
19:30,54,com.oakever.jigsawcard,"Jigsawcard Solitaire Puzzle"
19:30,55,com.hp.keyboard.obby.asmr.speed.run,"Keyboard Obby: ASMR Speed Run"
19:30,56,com.oakever.tiletrip,"Tile Explorer - Triple Match"
19:30,57,com.tencent.ig,"PUBG MOBILE"
19:30,58,com.cdt.mega.mechagame,"Painty Hide n Seek"
19:30,59,com.soccer.score.star,"Soccer Superstar"
19:30,60,com.tfgco.apps.coloring.free.color.by.number,"Color by Number：Coloring Games"
19:30,61,com.cliffs.pro.cell.building.crazy.clever.craft,"Block Crazy Robo World Craft"
19:30,62,com.nianticlabs.pokemongo,"Pokémon GO"
19:30,63,net.peakgames.match,"Match Factory!"
19:30,64,com.miniclip.eightballpool,"8 Ball Pool"
19:30,65,com.mini.football.filter.games,"Mini Soccer: Football Cup 2026"
19:30,66,com.nutsbolts.zgsn,"Romantic Nuts & Bolts Sorting"
19:30,67,com.NewFolderGames.IAmCat,"I Am Cat"
19:30,68,block.color.game.jam.blocks.sort.puzzle.games.slide.free,"Block Color Mania, Puzzle Game"
19:30,69,hidden.object.find.seek.search.mystery.puzzle.games.free,"Hidden Object Games: Seek It"
19:30,70,jp.pokemon.pokemontcgp,"Pokémon TCG Pocket - Card Game"
19:30,71,com.arrow.out,"Point Out: Color Escape Puzzle"
19:30,72,jigsaw.solitaire.match.games.free,"Jigsaw Drop: Solitaire Puzzle"
19:30,73,com.king.candycrushsaga,"Candy Crush Saga"
19:30,74,com.hmbl.perfect.makeover.cleaning.asmr,"Perfect Makeover Cleaning ASMR"
19:30,75,com.yzlmus.google,"Whoa Adventure"
19:30,76,com.outfit7.mytalkingtom2,"My Talking Tom 2: Pet Game"
19:30,77,com.gtsy.annoying.punch.game,"Annoying Uncle Punch Game®"
19:30,78,com.bunbunstudio.magicblocktiles,"Music Piano 7: Tiles Song Game"
19:30,79,com.playrix.gardenscapes,"Gardenscapes"
19:30,80,com.advant.streamer,"Lamar - Idle Vlogger"
19:30,81,com.farlightgames.warline.gp.global,"Warline: Sniper Strike"
19:30,82,com.activision.callofduty.shooter,"Call of Duty®: Mobile"
19:30,83,com.spark.sp.gp,"Narco Empire"
19:30,84,com.football.soccer.league,"Football League 2026"
19:30,85,com.budgestudios.googleplay.BlueyBLU,"Bluey: Let's Play!"
19:30,86,io.supercent.pizzaidle,"Pizza Ready!"
19:30,87,air.com.buffalo_studios.newflashbingo,"Bingo Blitz™️ - Bingo Games"
19:30,88,com.hitappsgames.wordsolitaire,"Solitaire Associations Journey"
19:30,89,com.gof.global,"Whiteout Survival"
19:30,90,com.comes.membership.importance,"Merge Blast 2248"
19:30,91,com.moonactive.holestars,"Hole Stars: Puzzle Game"
19:30,92,com.superplaystudios.disneysolitairedreams,"Disney Solitaire"
19:30,93,com.JindoBlu.OfflineGames,"Offline Games - No Wifi Games"
19:30,94,com.Chillgaming.oneState,"OneState RP - Role Play Life"
19:30,95,com.backspingames.backspin,"Backspin Games: Earn Money"
19:30,96,com.leap.searchit,"Search It - Hidden Objects"
19:30,97,com.fugo.wow,"Words of Wonders: Crossword"
19:30,98,com.funcraft.farkle,"Farkle Dice Roll"
19:30,99,com.piano.music.rhythm.tiles.games,"Rhythm Tiles: Pop Songs"
19:30,100,com.peoplefun.wordsearch,"Wordscapes Search: Word Games"
19:30,101,com.brain.crazy.joygame,"Brain Puzzle 3: Crazy Mind"
19:30,102,ball.sort.puzzle.color.sorting.bubble.games,"Ball Sort Puzzle - Color Game"
19:30,103,com.yolo.hiddenobjects,"Find Hidden Objects - Spot It!"
19:30,104,water.sort.puzzle.game.color.sorting.free,"Water Sort Puzzle - Sort Color"
19:30,105,com.smilerlee.klondike,"Solitaire"
19:30,106,com.mahjong.master.solitaire.match.puzzle,"Mahjong Master: Daily Match"
19:30,107,com.ocean.block.shoot,"Ocean Block Shoot"
19:30,108,com.craft.city.blockbuilder.pro,"Craft Explore: Block Builder"
19:30,109,com.monopoly.dream.idle.king,"Top Tycoon: Coin Theme Empire"
19:30,110,com.master.hotelmaster,"My Perfect Hotel"
19:30,111,com.aim.racing,"Extreme Car Driving Simulator"
19:30,112,com.playgendary.kickthebuddy,"Kick the Buddy－Fun Action Game"
19:30,113,com.rovio.baba,"Angry Birds 2"
19:30,114,com.hollywood.merge,"Hollywood Merge"
19:30,115,com.chirpysort.game.android,"Chirpy Sort: Bird Color Puzzle"
19:30,116,com.dts.freefireth,"Free Fire: 9th Anniversary"
19:30,117,com.tensquaregames.letsfish2,"Fishing Clash: Sport Simulator"
19:30,118,dress.up.fashion.makeup.style.makeover.girl.rebel.queen,"Rebel Glam: Dress Up Games"
19:30,119,com.combo.knockout,"Knock Out"
19:30,120,com.fatmerge.global,"Tasty Travels: Merge Game"
19:30,121,jp.konami.pesam,"eFootball™"
19:30,122,com.gimica.treasuremaster,"Treasure Master"
19:30,123,com.amelosinteractive.snake,"Snake.io - Fun Snake .io Games"
19:30,124,com.fluffydrop.op.gp,"Fluffy Drop - No Timer"
19:30,125,com.candyroom.clubcraft,"School Party Craft"
19:30,126,com.pronetis.ironball2,"Going Balls"
19:30,127,com.moonactive.coinmaster,"Coin Master"
19:30,128,com.wood.block.sudoku.puzzle.bm,"Block Crush!"
19:30,129,com.u1.relax.minigame3,"Mini Challenges: Calm Games"
19:30,130,com.nebula.tiles,"Tap Tile!"
19:30,131,com.bandainamcoent.dgup_ww,"DIGIMON UP"
19:30,132,com.playflix.kick.breakragdoll.games,"Kick & Break The Ragdoll Games"
19:30,133,com.pazugames.avatarworld,"Avatar World ®"
19:30,134,com.paradyme.solarsmash,"Solar Smash"
19:30,135,com.openmygame.games.android.jigsaw.solitaire.puzzle,"Cardscapes™: Jigsaw Puzzle"
19:30,136,com.funplus.ts.global,"Tiles Survive!"
19:30,137,com.dino.race.master,"Car Race"
19:30,138,com.NewFolderGames.IAmSecurirty,"I Am Security"
19:30,139,com.vigafun.funfinity.foodhunt,"Food Hunt: Pixel Puzzle"
19:30,140,com.JindoBlu.TwoPlayerGamesChallenge,"2 Player games : the Challenge"
19:30,141,com.outfit7.mytalkingtomfriends,"My Talking Tom Friends"
19:30,142,com.higame.annoying.tricky.story.puzzle.game,"Tricky Prank: Brain Quest"
19:30,143,com.fiogonia.rummy500,"Rummy 500 - Card Game"
19:30,144,jp.pokemon.pokemonchampions,"Pokémon Champions"
19:30,145,com.grass.cut.game,"Grass Master – Cutting Game"
19:30,146,com.gimica.hexapuzzlefun,"2048 Puzzle Fun"
19:30,147,sorting.games.goods.sort.triple.match3d.puzzle.stuff,"Goods Puzzle: 3D Sorting Games"
19:30,148,com.superplaystudios.dicedreams,"Dice Dreams™️"
19:30,149,com.meta.trafficcar.racer.driving3d,"Traffic Car Racer: Driving 3D"
19:30,150,wool.match.color.sort.jam.puzzle,"Wool Crush™"
19:30,151,com.peoplefun.wordcross,"Wordscapes: Word puzzle game"
19:30,152,in.playsimple.wordtrip.association,"Word Connect Association"
19:30,153,in.playsimple.wordsearch,"Word Search Explorer"
19:30,154,com.GybeGames.ColorBlockJam,"Color Block Jam"
19:30,155,com.outfit7.mytalkingangela2,"My Talking Angela 2"
19:30,156,com.sh.fidget.toys.mini.relaxing.antistress.games,"Mini Relaxing Game- pop it"
19:30,157,com.playgames.block,"Block Blitz: Puzzle Adventure"
19:30,158,com.colorrful.sunny.sodda.sort,"Colorful Soda Sort"
19:30,159,com.s01.global,"Lordrush"
19:30,160,com.zm.pickpack,"Cube Tap Sort"
19:30,161,bus.games.car.out.traffic.parking.jam.escape.puzzle,"Car Parking Games: Bus Madness"
19:30,162,com.fun.brain.game,"Brain Puzzle: Tricky Quest"
19:30,163,io.supercent.weaponrpg,"XP Hero"
19:30,164,com.easybrain.art.puzzle,"Art Puzzle - Puzzle Games"
19:30,165,in.playsimple.crossword.go,"Crossword Go!"
19:30,166,com.farlightgames.pgame.gp,"Clash of Critters"
19:30,167,com.sanbox.ragdoll.playground.ragdollfall.dismount,"Doll PlayGround"
19:30,168,com.goodville.goodgame,"Goodville: Farm Game Adventure"
19:30,169,com.firsttouchgames.dls7,"Dream League Soccer 2026"
19:30,170,com.arrows.escape,"Redirect It! - Logic Puzzle"
19:30,171,com.easybrain.sudoku.android,"Sudoku.com - Sudoku Puzzle"
19:30,172,net.happywit.screw.out.jam,"Screw Out 3D: Nut Sort Jam"
19:30,173,com.easybrain.number.puzzle.game,"Number Match - Number Games"
19:30,174,com.gamovation.tileclub,"Tile Club - Match Puzzle Games"
19:30,175,com.sprunki.mod.horror.incredibox.monster.beats.music.game,"Sprunki Beat: Full Mod Music"
19:30,176,sniper.war.target.soldier.shooter.aldagames.com,"Ghost Sniper: War FPS Shooter"
19:30,177,gg.sunday.dog.escape.puzzle,"Dog Escape: Cute Pet Care Life"
19:30,178,com.oculus.twilight,"Meta Horizon"
19:30,179,com.craze.luck.tacoslots,"Craze Luck Slots"
19:30,180,com.arrow.madness.games.arrows.escape.puzzle.game,"Maze Madness - Brain Puzzle"
19:30,181,com.awesome.puzzlehexasort,"Color Slide - Hexa Puzzle"
19:30,182,com.merge.cooking.theme.restaurant.food,"Merge Cooking®"
19:30,183,find.difference.spot.differences.hidden.puzzle.games.free,"Differences - Find & Spot It"
19:30,184,com.sega.sonicdash,"Sonic Dash Run"
19:30,185,com.unicostudio.braintest,"Brain Test: Tricky Puzzles"
19:30,186,com.wb.goog.hotd.socialstrategy,"Game of Thrones: Dragonfire"
19:30,187,game.qualiarts.hololive.dreams.com,"hololive Dreams"
19:30,188,com.openmygame.games.android.fillwordsoffline,"Fillwords: Word Search Puzzles"
19:30,189,com.rush.xtreme.sports,"RUSH: Xtreme"
19:30,190,com.matteljv.uno,"UNO!™"
19:30,191,com.xman.na.gp,"X-Clash"
19:30,192,com.godlike.vigormahjong,"Vigor Mahjong"
19:30,193,com.zm.watersort,"Get Color - Water Sort Puzzle"
19:30,194,com.tvf.anti.stress.relaxing.mini.games,"Mini Fidget Antistress Games"
19:30,195,com.gimica.aeroescape,"Aero Escape"
19:30,196,com.playvalve.wsjourney,"Word Search - Word Puzzle Game"
19:30,197,com.readygo.barrel.gp,"Last Z: Survival Shooter"
19:30,198,com.merge.game.foodstars,"Foodstars: Merge & Cook"
19:30,199,com.king.candycrushsodasaga,"Candy Crush Soda Saga"
19:30,200,com.fc.goods.sort.matching.puzzle.triplemaster,"Goods Puzzle: Sort Challenge™"
20:30,1,com.roblox.client,"Roblox"
20:30,2,com.oakever.meowdoku,"Meowdoku: Brain Puzzle Games"
20:30,3,com.cyphergames.royalsmash,"Royal Smash! - Physics Puzzle"
20:30,4,com.vitastudio.mahjong,"Vita Mahjong"
20:30,5,com.ecffri.arrows,"Arrows – Puzzle Escape"
20:30,6,com.block.juggle,"Block Blast!"
20:30,7,com.fungames.blockcraft,"Block Craft 3D：Building Game"
20:30,8,com.grandgames.magicsort,"Magic Sort!"
20:30,9,jp.co.goodroid.hyper.busflow,"Bus Traffic Fever!"
20:30,10,com.nebula.mahjongtile,"Mahjong Blast"
20:30,11,com.kayac.slow_mo_strike,"Slow Mo Strike: Knives in Time"
20:30,12,com.mergegames.gossipharbor,"Gossip Harbor: Merge & Story"
20:30,13,com.oakever.arrows,"Amaze GO!"
20:30,14,com.unept.leveldevil,"Level Devil - NOT A Troll Game"
20:30,15,com.studio27.MelonPlayground,"Melon Sandbox"
20:30,16,com.combo.yarnflow,"Yarn Loop"
20:30,17,com.easybrain.arrow.puzzle.game,"Arrow Puzzle: Tap Puzzle Games"
20:30,18,com.playrix.township,"Township"
20:30,19,com.loomgames.pixelflow,"Pixel Flow!"
20:30,20,com.scopely.monopolygo,"MONOPOLY GO!"
20:30,21,com.sled.surfers.game,"Sled Surfers"
20:30,22,com.newai.ooc,"OOC: The Playable Anime"
20:30,23,com.devsisters.cc,"CookieRun: Crumble - Idle RPG"
20:30,24,com.ea.gp.fifamobile,"EA SPORTS FC Soccer Mobile 26"
20:30,25,com.totalbattle,"Total Battle: War Strategy"
20:30,26,com.run.tower.defense,"Kingshot"
20:30,27,com.tocaboca.tocalifeworld,"Toca Boca World"
20:30,28,com.tripledot.blockssmashgame,"Stack Smash - Block 3D Puzzle"
20:30,29,com.puzzlegames.puzzlebrickslegend,"Color Block: Combo Blast"
20:30,30,com.youmusic.magictiles,"Magic Tiles 3™ - Piano Game"
20:30,31,com.pocket.sort.coin.puzzle.game,"Pocket Sort: Coin Merge Puzzle"
20:30,32,com.epicgames.fortnite,"Fortnite"
20:30,33,com.vincentb.MobControl,"Mob Control"
20:30,34,io.voodoo.paper2,"Paper.io 2"
20:30,35,com.tripledot.blockbash,"Woodoku Blast"
20:30,36,com.pixel.art.coloring.color.number,"Happy Color®: Color by Number"
20:30,37,com.innersloth.spacemafia,"Among Us"
20:30,38,com.mobsmile.coincollector,"Coin Collector"
20:30,39,solitaire.patience.card.games.klondike.free,"Solitaire - Classic Card Games"
20:30,40,com.gameloft.android.ANMP.GloftA9HM,"Asphalt Legends - Racing Game"
20:30,41,io.supercent.linkedcubic,"Snake Clash!"
20:30,42,com.kiloo.subwaysurf,"Subway Surfers"
20:30,43,com.media720.games2020,"Offline Games No WiFi internet"
20:30,44,com.epicoro.castleclashers,"Castle Busters"
20:30,45,io.voodoo.holeio,"Hole.io"
20:30,46,color.number.paint.pixle.art.sort.jigsaw,"Jewel Coloring"
20:30,47,com.rotatelab.cubeblast,"Cube Land Puzzle Game"
20:30,48,com.phs.global,"Last Asylum: Plague"
20:30,49,com.dreamgames.royalmatch,"Royal Match"
20:30,50,com.robtopx.geometryjumplite,"Geometry Dash Lite"
20:30,51,com.loop.clear.cube.free.card.puzzle.sort.match,"Loop Master™: Color Jam Sort"
20:30,52,kidultlovin.word.zen,"Zen Word® - Relax Puzzle Game"
20:30,53,com.dreamgames.royalkingdom,"Royal Kingdom"
20:30,54,com.oakever.jigsawcard,"Jigsawcard Solitaire Puzzle"
20:30,55,com.hp.keyboard.obby.asmr.speed.run,"Keyboard Obby: ASMR Speed Run"
20:30,56,com.oakever.tiletrip,"Tile Explorer - Triple Match"
20:30,57,com.tencent.ig,"PUBG MOBILE"
20:30,58,com.cdt.mega.mechagame,"Painty Hide n Seek"
20:30,59,com.soccer.score.star,"Soccer Superstar"
20:30,60,com.tfgco.apps.coloring.free.color.by.number,"Color by Number：Coloring Games"
20:30,61,com.cliffs.pro.cell.building.crazy.clever.craft,"Block Crazy Robo World Craft"
20:30,62,com.nianticlabs.pokemongo,"Pokémon GO"
20:30,63,net.peakgames.match,"Match Factory!"
20:30,64,com.miniclip.eightballpool,"8 Ball Pool"
20:30,65,com.mini.football.filter.games,"Mini Soccer: Football Cup 2026"
20:30,66,com.nutsbolts.zgsn,"Romantic Nuts & Bolts Sorting"
20:30,67,com.NewFolderGames.IAmCat,"I Am Cat"
20:30,68,block.color.game.jam.blocks.sort.puzzle.games.slide.free,"Block Color Mania, Puzzle Game"
20:30,69,hidden.object.find.seek.search.mystery.puzzle.games.free,"Hidden Object Games: Seek It"
20:30,70,jp.pokemon.pokemontcgp,"Pokémon TCG Pocket - Card Game"
20:30,71,com.arrow.out,"Point Out: Color Escape Puzzle"
20:30,72,jigsaw.solitaire.match.games.free,"Jigsaw Drop: Solitaire Puzzle"
20:30,73,com.king.candycrushsaga,"Candy Crush Saga"
20:30,74,com.hmbl.perfect.makeover.cleaning.asmr,"Perfect Makeover Cleaning ASMR"
20:30,75,com.yzlmus.google,"Whoa Adventure"
20:30,76,com.outfit7.mytalkingtom2,"My Talking Tom 2: Pet Game"
20:30,77,com.gtsy.annoying.punch.game,"Annoying Uncle Punch Game®"
20:30,78,com.bunbunstudio.magicblocktiles,"Music Piano 7: Tiles Song Game"
20:30,79,com.playrix.gardenscapes,"Gardenscapes"
20:30,80,com.advant.streamer,"Lamar - Idle Vlogger"
20:30,81,com.farlightgames.warline.gp.global,"Warline: Sniper Strike"
20:30,82,com.activision.callofduty.shooter,"Call of Duty®: Mobile"
20:30,83,com.spark.sp.gp,"Narco Empire"
20:30,84,com.football.soccer.league,"Football League 2026"
20:30,85,com.budgestudios.googleplay.BlueyBLU,"Bluey: Let's Play!"
20:30,86,io.supercent.pizzaidle,"Pizza Ready!"
20:30,87,air.com.buffalo_studios.newflashbingo,"Bingo Blitz™️ - Bingo Games"
20:30,88,com.hitappsgames.wordsolitaire,"Solitaire Associations Journey"
20:30,89,com.gof.global,"Whiteout Survival"
20:30,90,com.comes.membership.importance,"Merge Blast 2248"
20:30,91,com.moonactive.holestars,"Hole Stars: Puzzle Game"
20:30,92,com.superplaystudios.disneysolitairedreams,"Disney Solitaire"
20:30,93,com.JindoBlu.OfflineGames,"Offline Games - No Wifi Games"
20:30,94,com.Chillgaming.oneState,"OneState RP - Role Play Life"
20:30,95,com.backspingames.backspin,"Backspin Games: Earn Money"
20:30,96,com.leap.searchit,"Search It - Hidden Objects"
20:30,97,com.fugo.wow,"Words of Wonders: Crossword"
20:30,98,com.funcraft.farkle,"Farkle Dice Roll"
20:30,99,com.piano.music.rhythm.tiles.games,"Rhythm Tiles: Pop Songs"
20:30,100,com.peoplefun.wordsearch,"Wordscapes Search: Word Games"
20:30,101,com.brain.crazy.joygame,"Brain Puzzle 3: Crazy Mind"
20:30,102,ball.sort.puzzle.color.sorting.bubble.games,"Ball Sort Puzzle - Color Game"
20:30,103,com.yolo.hiddenobjects,"Find Hidden Objects - Spot It!"
20:30,104,water.sort.puzzle.game.color.sorting.free,"Water Sort Puzzle - Sort Color"
20:30,105,com.smilerlee.klondike,"Solitaire"
20:30,106,com.mahjong.master.solitaire.match.puzzle,"Mahjong Master: Daily Match"
20:30,107,com.ocean.block.shoot,"Ocean Block Shoot"
20:30,108,com.craft.city.blockbuilder.pro,"Craft Explore: Block Builder"
20:30,109,com.monopoly.dream.idle.king,"Top Tycoon: Coin Theme Empire"
20:30,110,com.master.hotelmaster,"My Perfect Hotel"
20:30,111,com.aim.racing,"Extreme Car Driving Simulator"
20:30,112,com.playgendary.kickthebuddy,"Kick the Buddy－Fun Action Game"
20:30,113,com.rovio.baba,"Angry Birds 2"
20:30,114,com.hollywood.merge,"Hollywood Merge"
20:30,115,com.chirpysort.game.android,"Chirpy Sort: Bird Color Puzzle"
20:30,116,com.dts.freefireth,"Free Fire: 9th Anniversary"
20:30,117,com.tensquaregames.letsfish2,"Fishing Clash: Sport Simulator"
20:30,118,dress.up.fashion.makeup.style.makeover.girl.rebel.queen,"Rebel Glam: Dress Up Games"
20:30,119,com.combo.knockout,"Knock Out"
20:30,120,com.fatmerge.global,"Tasty Travels: Merge Game"
20:30,121,jp.konami.pesam,"eFootball™"
20:30,122,com.gimica.treasuremaster,"Treasure Master"
20:30,123,com.amelosinteractive.snake,"Snake.io - Fun Snake .io Games"
20:30,124,com.fluffydrop.op.gp,"Fluffy Drop - No Timer"
20:30,125,com.candyroom.clubcraft,"School Party Craft"
20:30,126,com.pronetis.ironball2,"Going Balls"
20:30,127,com.moonactive.coinmaster,"Coin Master"
20:30,128,com.wood.block.sudoku.puzzle.bm,"Block Crush!"
20:30,129,com.u1.relax.minigame3,"Mini Challenges: Calm Games"
20:30,130,com.nebula.tiles,"Tap Tile!"
20:30,131,com.bandainamcoent.dgup_ww,"DIGIMON UP"
20:30,132,com.playflix.kick.breakragdoll.games,"Kick & Break The Ragdoll Games"
20:30,133,com.pazugames.avatarworld,"Avatar World ®"
20:30,134,com.paradyme.solarsmash,"Solar Smash"
20:30,135,com.openmygame.games.android.jigsaw.solitaire.puzzle,"Cardscapes™: Jigsaw Puzzle"
20:30,136,com.funplus.ts.global,"Tiles Survive!"
20:30,137,com.dino.race.master,"Car Race"
20:30,138,com.NewFolderGames.IAmSecurirty,"I Am Security"
20:30,139,com.vigafun.funfinity.foodhunt,"Food Hunt: Pixel Puzzle"
20:30,140,com.JindoBlu.TwoPlayerGamesChallenge,"2 Player games : the Challenge"
20:30,141,com.outfit7.mytalkingtomfriends,"My Talking Tom Friends"
20:30,142,com.higame.annoying.tricky.story.puzzle.game,"Tricky Prank: Brain Quest"
20:30,143,com.fiogonia.rummy500,"Rummy 500 - Card Game"
20:30,144,jp.pokemon.pokemonchampions,"Pokémon Champions"
20:30,145,com.grass.cut.game,"Grass Master – Cutting Game"
20:30,146,com.gimica.hexapuzzlefun,"2048 Puzzle Fun"
20:30,147,sorting.games.goods.sort.triple.match3d.puzzle.stuff,"Goods Puzzle: 3D Sorting Games"
20:30,148,com.superplaystudios.dicedreams,"Dice Dreams™️"
20:30,149,com.meta.trafficcar.racer.driving3d,"Traffic Car Racer: Driving 3D"
20:30,150,wool.match.color.sort.jam.puzzle,"Wool Crush™"
20:30,151,com.peoplefun.wordcross,"Wordscapes: Word puzzle game"
20:30,152,in.playsimple.wordtrip.association,"Word Connect Association"
20:30,153,in.playsimple.wordsearch,"Word Search Explorer"
20:30,154,com.GybeGames.ColorBlockJam,"Color Block Jam"
20:30,155,com.outfit7.mytalkingangela2,"My Talking Angela 2"
20:30,156,com.sh.fidget.toys.mini.relaxing.antistress.games,"Mini Relaxing Game- pop it"
20:30,157,com.playgames.block,"Block Blitz: Puzzle Adventure"
20:30,158,com.colorrful.sunny.sodda.sort,"Colorful Soda Sort"
20:30,159,com.s01.global,"Lordrush"
20:30,160,com.zm.pickpack,"Cube Tap Sort"
20:30,161,bus.games.car.out.traffic.parking.jam.escape.puzzle,"Car Parking Games: Bus Madness"
20:30,162,com.fun.brain.game,"Brain Puzzle: Tricky Quest"
20:30,163,io.supercent.weaponrpg,"XP Hero"
20:30,164,com.easybrain.art.puzzle,"Art Puzzle - Puzzle Games"
20:30,165,in.playsimple.crossword.go,"Crossword Go!"
20:30,166,com.farlightgames.pgame.gp,"Clash of Critters"
20:30,167,com.sanbox.ragdoll.playground.ragdollfall.dismount,"Doll PlayGround"
20:30,168,com.goodville.goodgame,"Goodville: Farm Game Adventure"
20:30,169,com.firsttouchgames.dls7,"Dream League Soccer 2026"
20:30,170,com.arrows.escape,"Redirect It! - Logic Puzzle"
20:30,171,com.easybrain.sudoku.android,"Sudoku.com - Sudoku Puzzle"
20:30,172,net.happywit.screw.out.jam,"Screw Out 3D: Nut Sort Jam"
20:30,173,com.easybrain.number.puzzle.game,"Number Match - Number Games"
20:30,174,com.gamovation.tileclub,"Tile Club - Match Puzzle Games"
20:30,175,com.sprunki.mod.horror.incredibox.monster.beats.music.game,"Sprunki Beat: Full Mod Music"
20:30,176,sniper.war.target.soldier.shooter.aldagames.com,"Ghost Sniper: War FPS Shooter"
20:30,177,gg.sunday.dog.escape.puzzle,"Dog Escape: Cute Pet Care Life"
20:30,178,com.oculus.twilight,"Meta Horizon"
20:30,179,com.craze.luck.tacoslots,"Craze Luck Slots"
20:30,180,com.arrow.madness.games.arrows.escape.puzzle.game,"Maze Madness - Brain Puzzle"
20:30,181,com.awesome.puzzlehexasort,"Color Slide - Hexa Puzzle"
20:30,182,com.merge.cooking.theme.restaurant.food,"Merge Cooking®"
20:30,183,find.difference.spot.differences.hidden.puzzle.games.free,"Differences - Find & Spot It"
20:30,184,com.sega.sonicdash,"Sonic Dash Run"
20:30,185,com.unicostudio.braintest,"Brain Test: Tricky Puzzles"
20:30,186,com.wb.goog.hotd.socialstrategy,"Game of Thrones: Dragonfire"
20:30,187,game.qualiarts.hololive.dreams.com,"hololive Dreams"
20:30,188,com.openmygame.games.android.fillwordsoffline,"Fillwords: Word Search Puzzles"
20:30,189,com.rush.xtreme.sports,"RUSH: Xtreme"
20:30,190,com.matteljv.uno,"UNO!™"
20:30,191,com.xman.na.gp,"X-Clash"
20:30,192,com.godlike.vigormahjong,"Vigor Mahjong"
20:30,193,com.zm.watersort,"Get Color - Water Sort Puzzle"
20:30,194,com.tvf.anti.stress.relaxing.mini.games,"Mini Fidget Antistress Games"
20:30,195,com.gimica.aeroescape,"Aero Escape"
20:30,196,com.playvalve.wsjourney,"Word Search - Word Puzzle Game"
20:30,197,com.readygo.barrel.gp,"Last Z: Survival Shooter"
20:30,198,com.merge.game.foodstars,"Foodstars: Merge & Cook"
20:30,199,com.king.candycrushsodasaga,"Candy Crush Soda Saga"
20:30,200,com.fc.goods.sort.matching.puzzle.triplemaster,"Goods Puzzle: Sort Challenge™"
21:30,1,com.roblox.client,"Roblox"
21:30,2,com.oakever.meowdoku,"Meowdoku: Brain Puzzle Games"
21:30,3,com.cyphergames.royalsmash,"Royal Smash! - Physics Puzzle"
21:30,4,com.vitastudio.mahjong,"Vita Mahjong"
21:30,5,com.ecffri.arrows,"Arrows – Puzzle Escape"
21:30,6,com.block.juggle,"Block Blast!"
21:30,7,com.fungames.blockcraft,"Block Craft 3D：Building Game"
21:30,8,com.grandgames.magicsort,"Magic Sort!"
21:30,9,com.sled.surfers.game,"Sled Surfers"
21:30,10,jp.co.goodroid.hyper.busflow,"Bus Traffic Fever!"
21:30,11,com.nebula.mahjongtile,"Mahjong Blast"
21:30,12,com.kayac.slow_mo_strike,"Slow Mo Strike: Knives in Time"
21:30,13,com.mergegames.gossipharbor,"Gossip Harbor: Merge & Story"
21:30,14,com.oakever.arrows,"Amaze GO!"
21:30,15,com.unept.leveldevil,"Level Devil - NOT A Troll Game"
21:30,16,com.studio27.MelonPlayground,"Melon Sandbox"
21:30,17,com.combo.yarnflow,"Yarn Loop"
21:30,18,com.easybrain.arrow.puzzle.game,"Arrow Puzzle: Tap Puzzle Games"
21:30,19,com.playrix.township,"Township"
21:30,20,com.loomgames.pixelflow,"Pixel Flow!"
21:30,21,com.scopely.monopolygo,"MONOPOLY GO!"
21:30,22,com.newai.ooc,"OOC: The Playable Anime"
21:30,23,com.devsisters.cc,"CookieRun: Crumble - Idle RPG"
21:30,24,com.ea.gp.fifamobile,"EA SPORTS FC Soccer Mobile 26"
21:30,25,com.totalbattle,"Total Battle: War Strategy"
21:30,26,com.run.tower.defense,"Kingshot"
21:30,27,com.tocaboca.tocalifeworld,"Toca Boca World"
21:30,28,com.tripledot.blockssmashgame,"Stack Smash - Block 3D Puzzle"
21:30,29,com.puzzlegames.puzzlebrickslegend,"Color Block: Combo Blast"
21:30,30,com.youmusic.magictiles,"Magic Tiles 3™ - Piano Game"
21:30,31,com.pocket.sort.coin.puzzle.game,"Pocket Sort: Coin Merge Puzzle"
21:30,32,com.epicgames.fortnite,"Fortnite"
21:30,33,com.vincentb.MobControl,"Mob Control"
21:30,34,io.voodoo.paper2,"Paper.io 2"
21:30,35,com.tripledot.blockbash,"Woodoku Blast"
21:30,36,com.pixel.art.coloring.color.number,"Happy Color®: Color by Number"
21:30,37,com.innersloth.spacemafia,"Among Us"
21:30,38,com.mobsmile.coincollector,"Coin Collector"
21:30,39,solitaire.patience.card.games.klondike.free,"Solitaire - Classic Card Games"
21:30,40,com.gameloft.android.ANMP.GloftA9HM,"Asphalt Legends - Racing Game"
21:30,41,io.supercent.linkedcubic,"Snake Clash!"
21:30,42,com.kiloo.subwaysurf,"Subway Surfers"
21:30,43,com.media720.games2020,"Offline Games No WiFi internet"
21:30,44,com.epicoro.castleclashers,"Castle Busters"
21:30,45,io.voodoo.holeio,"Hole.io"
21:30,46,color.number.paint.pixle.art.sort.jigsaw,"Jewel Coloring"
21:30,47,com.rotatelab.cubeblast,"Cube Land Puzzle Game"
21:30,48,com.phs.global,"Last Asylum: Plague"
21:30,49,com.dreamgames.royalmatch,"Royal Match"
21:30,50,com.robtopx.geometryjumplite,"Geometry Dash Lite"
21:30,51,com.loop.clear.cube.free.card.puzzle.sort.match,"Loop Master™: Color Jam Sort"
21:30,52,kidultlovin.word.zen,"Zen Word® - Relax Puzzle Game"
21:30,53,com.dreamgames.royalkingdom,"Royal Kingdom"
21:30,54,com.oakever.jigsawcard,"Jigsawcard Solitaire Puzzle"
21:30,55,com.hp.keyboard.obby.asmr.speed.run,"Keyboard Obby: ASMR Speed Run"
21:30,56,com.oakever.tiletrip,"Tile Explorer - Triple Match"
21:30,57,com.tencent.ig,"PUBG MOBILE"
21:30,58,com.cdt.mega.mechagame,"Painty Hide n Seek"
21:30,59,com.soccer.score.star,"Soccer Superstar"
21:30,60,com.paradyme.solarsmash,"Solar Smash"
21:30,61,com.tfgco.apps.coloring.free.color.by.number,"Color by Number：Coloring Games"
21:30,62,com.cliffs.pro.cell.building.crazy.clever.craft,"Block Crazy Robo World Craft"
21:30,63,com.nianticlabs.pokemongo,"Pokémon GO"
21:30,64,net.peakgames.match,"Match Factory!"
21:30,65,com.miniclip.eightballpool,"8 Ball Pool"
21:30,66,com.moonactive.coinmaster,"Coin Master"
21:30,67,com.mini.football.filter.games,"Mini Soccer: Football Cup 2026"
21:30,68,com.nutsbolts.zgsn,"Romantic Nuts & Bolts Sorting"
21:30,69,com.NewFolderGames.IAmCat,"I Am Cat"
21:30,70,block.color.game.jam.blocks.sort.puzzle.games.slide.free,"Block Color Mania, Puzzle Game"
21:30,71,hidden.object.find.seek.search.mystery.puzzle.games.free,"Hidden Object Games: Seek It"
21:30,72,jp.pokemon.pokemontcgp,"Pokémon TCG Pocket - Card Game"
21:30,73,com.arrow.out,"Point Out: Color Escape Puzzle"
21:30,74,jigsaw.solitaire.match.games.free,"Jigsaw Drop: Solitaire Puzzle"
21:30,75,com.king.candycrushsaga,"Candy Crush Saga"
21:30,76,com.hmbl.perfect.makeover.cleaning.asmr,"Perfect Makeover Cleaning ASMR"
21:30,77,com.yzlmus.google,"Whoa Adventure"
21:30,78,com.outfit7.mytalkingtom2,"My Talking Tom 2: Pet Game"
21:30,79,com.gtsy.annoying.punch.game,"Annoying Uncle Punch Game®"
21:30,80,com.bunbunstudio.magicblocktiles,"Music Piano 7: Tiles Song Game"
21:30,81,com.playrix.gardenscapes,"Gardenscapes"
21:30,82,com.advant.streamer,"Lamar - Idle Vlogger"
21:30,83,com.farlightgames.warline.gp.global,"Warline: Sniper Strike"
21:30,84,com.activision.callofduty.shooter,"Call of Duty®: Mobile"
21:30,85,com.spark.sp.gp,"Narco Empire"
21:30,86,com.football.soccer.league,"Football League 2026"
21:30,87,com.budgestudios.googleplay.BlueyBLU,"Bluey: Let's Play!"
21:30,88,io.supercent.pizzaidle,"Pizza Ready!"
21:30,89,air.com.buffalo_studios.newflashbingo,"Bingo Blitz™️ - Bingo Games"
21:30,90,com.hitappsgames.wordsolitaire,"Solitaire Associations Journey"
21:30,91,com.gof.global,"Whiteout Survival"
21:30,92,com.comes.membership.importance,"Merge Blast 2248"
21:30,93,com.moonactive.holestars,"Hole Stars: Puzzle Game"
21:30,94,com.superplaystudios.disneysolitairedreams,"Disney Solitaire"
21:30,95,com.JindoBlu.OfflineGames,"Offline Games - No Wifi Games"
21:30,96,com.Chillgaming.oneState,"OneState RP - Role Play Life"
21:30,97,com.backspingames.backspin,"Backspin Games: Earn Money"
21:30,98,com.cdtg.ragdoll.playground,"Ragdoll Playground"
21:30,99,com.leap.searchit,"Search It - Hidden Objects"
21:30,100,com.fugo.wow,"Words of Wonders: Crossword"
21:30,101,com.funcraft.farkle,"Farkle Dice Roll"
21:30,102,com.piano.music.rhythm.tiles.games,"Rhythm Tiles: Pop Songs"
21:30,103,com.peoplefun.wordsearch,"Wordscapes Search: Word Games"
21:30,104,com.brain.crazy.joygame,"Brain Puzzle 3: Crazy Mind"
21:30,105,ball.sort.puzzle.color.sorting.bubble.games,"Ball Sort Puzzle - Color Game"
21:30,106,com.yolo.hiddenobjects,"Find Hidden Objects - Spot It!"
21:30,107,water.sort.puzzle.game.color.sorting.free,"Water Sort Puzzle - Sort Color"
21:30,108,com.smilerlee.klondike,"Solitaire"
21:30,109,com.mahjong.master.solitaire.match.puzzle,"Mahjong Master: Daily Match"
21:30,110,com.ocean.block.shoot,"Ocean Block Shoot"
21:30,111,com.craft.city.blockbuilder.pro,"Craft Explore: Block Builder"
21:30,112,com.monopoly.dream.idle.king,"Top Tycoon: Coin Theme Empire"
21:30,113,com.master.hotelmaster,"My Perfect Hotel"
21:30,114,com.aim.racing,"Extreme Car Driving Simulator"
21:30,115,com.playgendary.kickthebuddy,"Kick the Buddy－Fun Action Game"
21:30,116,com.rovio.baba,"Angry Birds 2"
21:30,117,com.hollywood.merge,"Hollywood Merge"
21:30,118,com.chirpysort.game.android,"Chirpy Sort: Bird Color Puzzle"
21:30,119,com.dts.freefireth,"Free Fire: 9th Anniversary"
21:30,120,com.tensquaregames.letsfish2,"Fishing Clash: Sport Simulator"
21:30,121,dress.up.fashion.makeup.style.makeover.girl.rebel.queen,"Rebel Glam: Dress Up Games"
21:30,122,com.combo.knockout,"Knock Out"
21:30,123,com.fatmerge.global,"Tasty Travels: Merge Game"
21:30,124,jp.konami.pesam,"eFootball™"
21:30,125,com.gimica.treasuremaster,"Treasure Master"
21:30,126,com.amelosinteractive.snake,"Snake.io - Fun Snake .io Games"
21:30,127,com.fluffydrop.op.gp,"Fluffy Drop - No Timer"
21:30,128,com.candyroom.clubcraft,"School Party Craft"
21:30,129,com.pronetis.ironball2,"Going Balls"
21:30,130,com.wood.block.sudoku.puzzle.bm,"Block Crush!"
21:30,131,com.u1.relax.minigame3,"Mini Challenges: Calm Games"
21:30,132,com.nebula.tiles,"Tap Tile!"
21:30,133,com.bandainamcoent.dgup_ww,"DIGIMON UP"
21:30,134,com.playflix.kick.breakragdoll.games,"Kick & Break The Ragdoll Games"
21:30,135,com.pazugames.avatarworld,"Avatar World ®"
21:30,136,com.openmygame.games.android.jigsaw.solitaire.puzzle,"Cardscapes™: Jigsaw Puzzle"
21:30,137,com.funplus.ts.global,"Tiles Survive!"
21:30,138,com.dino.race.master,"Car Race"
21:30,139,com.NewFolderGames.IAmSecurirty,"I Am Security"
21:30,140,com.vigafun.funfinity.foodhunt,"Food Hunt: Pixel Puzzle"
21:30,141,com.JindoBlu.TwoPlayerGamesChallenge,"2 Player games : the Challenge"
21:30,142,com.outfit7.mytalkingtomfriends,"My Talking Tom Friends"
21:30,143,com.higame.annoying.tricky.story.puzzle.game,"Tricky Prank: Brain Quest"
21:30,144,com.fiogonia.rummy500,"Rummy 500 - Card Game"
21:30,145,com.animal.hunter.shooting.apex,"Apex Hunter: Animal Shooting"
21:30,146,jp.pokemon.pokemonchampions,"Pokémon Champions"
21:30,147,com.grass.cut.game,"Grass Master – Cutting Game"
21:30,148,com.gimica.hexapuzzlefun,"2048 Puzzle Fun"
21:30,149,sorting.games.goods.sort.triple.match3d.puzzle.stuff,"Goods Puzzle: 3D Sorting Games"
21:30,150,com.superplaystudios.dicedreams,"Dice Dreams™️"
21:30,151,com.meta.trafficcar.racer.driving3d,"Traffic Car Racer: Driving 3D"
21:30,152,wool.match.color.sort.jam.puzzle,"Wool Crush™"
21:30,153,com.peoplefun.wordcross,"Wordscapes: Word puzzle game"
21:30,154,in.playsimple.wordtrip.association,"Word Connect Association"
21:30,155,in.playsimple.wordsearch,"Word Search Explorer"
21:30,156,com.GybeGames.ColorBlockJam,"Color Block Jam"
21:30,157,com.outfit7.mytalkingangela2,"My Talking Angela 2"
21:30,158,com.sh.fidget.toys.mini.relaxing.antistress.games,"Mini Relaxing Game- pop it"
21:30,159,com.playgames.block,"Block Blitz: Puzzle Adventure"
21:30,160,com.colorrful.sunny.sodda.sort,"Colorful Soda Sort"
21:30,161,com.s01.global,"Lordrush"
21:30,162,com.zm.pickpack,"Cube Tap Sort"
21:30,163,bus.games.car.out.traffic.parking.jam.escape.puzzle,"Car Parking Games: Bus Madness"
21:30,164,com.fun.brain.game,"Brain Puzzle: Tricky Quest"
21:30,165,io.supercent.weaponrpg,"XP Hero"
21:30,166,com.easybrain.art.puzzle,"Art Puzzle - Puzzle Games"
21:30,167,in.playsimple.crossword.go,"Crossword Go!"
21:30,168,com.farlightgames.pgame.gp,"Clash of Critters"
21:30,169,com.sanbox.ragdoll.playground.ragdollfall.dismount,"Doll PlayGround"
21:30,170,com.goodville.goodgame,"Goodville: Farm Game Adventure"
21:30,171,com.firsttouchgames.dls7,"Dream League Soccer 2026"
21:30,172,com.arrows.escape,"Redirect It! - Logic Puzzle"
21:30,173,com.easybrain.sudoku.android,"Sudoku.com - Sudoku Puzzle"
21:30,174,net.happywit.screw.out.jam,"Screw Out 3D: Nut Sort Jam"
21:30,175,com.easybrain.number.puzzle.game,"Number Match - Number Games"
21:30,176,com.gamovation.tileclub,"Tile Club - Match Puzzle Games"
21:30,177,com.sprunki.mod.horror.incredibox.monster.beats.music.game,"Sprunki Beat: Full Mod Music"
21:30,178,sniper.war.target.soldier.shooter.aldagames.com,"Ghost Sniper: War FPS Shooter"
21:30,179,gg.sunday.dog.escape.puzzle,"Dog Escape: Cute Pet Care Life"
21:30,180,com.oculus.twilight,"Meta Horizon"
21:30,181,com.craze.luck.tacoslots,"Craze Luck Slots"
21:30,182,com.arrow.madness.games.arrows.escape.puzzle.game,"Maze Madness - Brain Puzzle"
21:30,183,com.awesome.puzzlehexasort,"Color Slide - Hexa Puzzle"
21:30,184,com.merge.cooking.theme.restaurant.food,"Merge Cooking®"
21:30,185,find.difference.spot.differences.hidden.puzzle.games.free,"Differences - Find & Spot It"
21:30,186,com.sega.sonicdash,"Sonic Dash Run"
21:30,187,com.unicostudio.braintest,"Brain Test: Tricky Puzzles"
21:30,188,com.wb.goog.hotd.socialstrategy,"Game of Thrones: Dragonfire"
21:30,189,game.qualiarts.hololive.dreams.com,"hololive Dreams"
21:30,190,com.openmygame.games.android.fillwordsoffline,"Fillwords: Word Search Puzzles"
21:30,191,com.rush.xtreme.sports,"RUSH: Xtreme"
21:30,192,com.matteljv.uno,"UNO!™"
21:30,193,com.xman.na.gp,"X-Clash"
21:30,194,com.godlike.vigormahjong,"Vigor Mahjong"
21:30,195,com.zm.watersort,"Get Color - Water Sort Puzzle"
21:30,196,com.easybrain.jigsaw.puzzles,"Jigsaw Puzzles - Puzzle Games"
21:30,197,com.tvf.anti.stress.relaxing.mini.games,"Mini Fidget Antistress Games"
21:30,198,com.gimica.aeroescape,"Aero Escape"
21:30,199,com.playvalve.wsjourney,"Word Search - Word Puzzle Game"
21:30,200,com.readygo.barrel.gp,"Last Z: Survival Shooter"
23:00,1,com.roblox.client,"Roblox"
23:00,2,com.cyphergames.royalsmash,"Royal Smash! - Physics Puzzle"
23:00,3,com.oakever.meowdoku,"Meowdoku: Brain Puzzle Games"
23:00,4,com.block.juggle,"Block Blast!"
23:00,5,com.grandgames.magicsort,"Magic Sort!"
23:00,6,jp.co.goodroid.hyper.busflow,"Bus Traffic Fever!"
23:00,7,com.kayac.slow_mo_strike,"Slow Mo Strike: Knives in Time"
23:00,8,com.vitastudio.mahjong,"Vita Mahjong"
23:00,9,com.ecffri.arrows,"Arrows – Puzzle Escape"
23:00,10,com.fungames.blockcraft,"Block Craft 3D：Building Game"
23:00,11,com.combo.yarnflow,"Yarn Loop"
23:00,12,com.loomgames.pixelflow,"Pixel Flow!"
23:00,13,com.sled.surfers.game,"Sled Surfers"
23:00,14,com.nebula.mahjongtile,"Mahjong Blast"
23:00,15,com.mergegames.gossipharbor,"Gossip Harbor: Merge & Story"
23:00,16,com.puzzlegames.puzzlebrickslegend,"Color Block: Combo Blast"
23:00,17,com.tripledot.blockssmashgame,"Stack Smash - Block 3D Puzzle"
23:00,18,com.oakever.arrows,"Amaze GO!"
23:00,19,com.mini.football.filter.games,"Mini Soccer: Football Cup 2026"
23:00,20,com.unept.leveldevil,"Level Devil - NOT A Troll Game"
23:00,21,com.studio27.MelonPlayground,"Melon Sandbox"
23:00,22,com.easybrain.arrow.puzzle.game,"Arrow Puzzle: Tap Puzzle Games"
23:00,23,com.playrix.township,"Township"
23:00,24,com.scopely.monopolygo,"MONOPOLY GO!"
23:00,25,com.cliffs.pro.cell.building.crazy.clever.craft,"Block Crazy Robo World Craft"
23:00,26,com.cdt.mega.mechagame,"Painty Hide n Seek"
23:00,27,com.newai.ooc,"OOC: The Playable Anime"
23:00,28,com.devsisters.cc,"CookieRun: Crumble - Idle RPG"
23:00,29,com.ea.gp.fifamobile,"EA SPORTS FC Soccer Mobile 26"
23:00,30,com.totalbattle,"Total Battle: War Strategy"
23:00,31,com.gtsy.annoying.punch.game,"Annoying Uncle Punch Game®"
23:00,32,com.farlightgames.warline.gp.global,"Warline: Sniper Strike"
23:00,33,com.run.tower.defense,"Kingshot"
23:00,34,com.tocaboca.tocalifeworld,"Toca Boca World"
23:00,35,jigsaw.solitaire.match.games.free,"Jigsaw Drop: Solitaire Puzzle"
23:00,36,com.youmusic.magictiles,"Magic Tiles 3™ - Piano Game"
23:00,37,com.pocket.sort.coin.puzzle.game,"Pocket Sort: Coin Merge Puzzle"
23:00,38,com.epicgames.fortnite,"Fortnite"
23:00,39,com.vincentb.MobControl,"Mob Control"
23:00,40,io.voodoo.paper2,"Paper.io 2"
23:00,41,com.advant.streamer,"Lamar - Idle Vlogger"
23:00,42,com.tripledot.blockbash,"Woodoku Blast"
23:00,43,com.pixel.art.coloring.color.number,"Happy Color®: Color by Number"
23:00,44,com.innersloth.spacemafia,"Among Us"
23:00,45,com.mobsmile.coincollector,"Coin Collector"
23:00,46,solitaire.patience.card.games.klondike.free,"Solitaire - Classic Card Games"
23:00,47,com.gameloft.android.ANMP.GloftA9HM,"Asphalt Legends - Racing Game"
23:00,48,io.supercent.linkedcubic,"Snake Clash!"
23:00,49,com.kiloo.subwaysurf,"Subway Surfers"
23:00,50,com.media720.games2020,"Offline Games No WiFi internet"
23:00,51,com.comes.membership.importance,"Merge Blast 2248"
23:00,52,com.epicoro.castleclashers,"Castle Busters"
23:00,53,io.voodoo.holeio,"Hole.io"
23:00,54,color.number.paint.pixle.art.sort.jigsaw,"Jewel Coloring"
23:00,55,com.craft.city.blockbuilder.pro,"Craft Explore: Block Builder"
23:00,56,com.backspingames.backspin,"Backspin Games: Earn Money"
23:00,57,com.rotatelab.cubeblast,"Cube Land Puzzle Game"
23:00,58,com.phs.global,"Last Asylum: Plague"
23:00,59,com.dreamgames.royalmatch,"Royal Match"
23:00,60,com.mahjong.master.solitaire.match.puzzle,"Mahjong Master: Daily Match"
23:00,61,com.robtopx.geometryjumplite,"Geometry Dash Lite"
23:00,62,com.loop.clear.cube.free.card.puzzle.sort.match,"Loop Master™: Color Jam Sort"
23:00,63,com.brain.crazy.joygame,"Brain Puzzle 3: Crazy Mind"
23:00,64,com.ocean.block.shoot,"Ocean Block Shoot"
23:00,65,com.master.hotelmaster,"My Perfect Hotel"
23:00,66,kidultlovin.word.zen,"Zen Word® - Relax Puzzle Game"
23:00,67,com.aim.racing,"Extreme Car Driving Simulator"
23:00,68,com.dreamgames.royalkingdom,"Royal Kingdom"
23:00,69,com.oakever.jigsawcard,"Jigsawcard Solitaire Puzzle"
23:00,70,com.funcraft.farkle,"Farkle Dice Roll"
23:00,71,com.hp.keyboard.obby.asmr.speed.run,"Keyboard Obby: ASMR Speed Run"
23:00,72,com.oakever.tiletrip,"Tile Explorer - Triple Match"
23:00,73,com.tencent.ig,"PUBG MOBILE"
23:00,74,com.meta.trafficcar.racer.driving3d,"Traffic Car Racer: Driving 3D"
23:00,75,com.soccer.score.star,"Soccer Superstar"
23:00,76,com.paradyme.solarsmash,"Solar Smash"
23:00,77,com.RC12B.ragdoll.sandbox.monster,"Ragdoll Monster Sandbox !"
23:00,78,com.tfgco.apps.coloring.free.color.by.number,"Color by Number：Coloring Games"
23:00,79,com.candyroom.clubcraft,"School Party Craft"
23:00,80,com.gimica.treasuremaster,"Treasure Master"
23:00,81,com.nianticlabs.pokemongo,"Pokémon GO"
23:00,82,net.peakgames.match,"Match Factory!"
23:00,83,com.miniclip.eightballpool,"8 Ball Pool"
23:00,84,com.moonactive.coinmaster,"Coin Master"
23:00,85,com.bandainamcoent.dgup_ww,"DIGIMON UP"
23:00,86,com.nutsbolts.zgsn,"Romantic Nuts & Bolts Sorting"
23:00,87,com.sh.fidget.toys.mini.relaxing.antistress.games,"Mini Relaxing Game- pop it"
23:00,88,com.NewFolderGames.IAmCat,"I Am Cat"
23:00,89,block.color.game.jam.blocks.sort.puzzle.games.slide.free,"Block Color Mania, Puzzle Game"
23:00,90,hidden.object.find.seek.search.mystery.puzzle.games.free,"Hidden Object Games: Seek It"
23:00,91,jp.pokemon.pokemontcgp,"Pokémon TCG Pocket - Card Game"
23:00,92,com.arrow.out,"Point Out: Color Escape Puzzle"
23:00,93,com.king.candycrushsaga,"Candy Crush Saga"
23:00,94,com.hmbl.perfect.makeover.cleaning.asmr,"Perfect Makeover Cleaning ASMR"
23:00,95,com.yzlmus.google,"Whoa Adventure"
23:00,96,com.outfit7.mytalkingtom2,"My Talking Tom 2: Pet Game"
23:00,97,com.bunbunstudio.magicblocktiles,"Music Piano 7: Tiles Song Game"
23:00,98,in.playsimple.wordtrip.association,"Word Connect Association"
23:00,99,in.playsimple.crossword.go,"Crossword Go!"
23:00,100,com.playrix.gardenscapes,"Gardenscapes"
23:00,101,com.fp.helpmeplease.trickystories,"Tricky Puzzle: Fun Brain Story"
23:00,102,com.activision.callofduty.shooter,"Call of Duty®: Mobile"
23:00,103,com.spark.sp.gp,"Narco Empire"
23:00,104,com.football.soccer.league,"Football League 2026"
23:00,105,com.budgestudios.googleplay.BlueyBLU,"Bluey: Let's Play!"
23:00,106,io.supercent.pizzaidle,"Pizza Ready!"
23:00,107,com.minigames.antistress.relaxinggames.toys,"Antistress Relaxing Mini Games"
23:00,108,com.zm.pickpack,"Cube Tap Sort"
23:00,109,air.com.buffalo_studios.newflashbingo,"Bingo Blitz™️ - Bingo Games"
23:00,110,com.hitappsgames.wordsolitaire,"Solitaire Associations Journey"
23:00,111,com.kkz.antistress.satisfying.relax.toys.games,"Satisfying Toys : Calm Games"
23:00,112,com.gof.global,"Whiteout Survival"
23:00,113,com.moonactive.holestars,"Hole Stars: Puzzle Game"
23:00,114,com.roomperfect.global,"Family Farm Merge"
23:00,115,com.superplaystudios.disneysolitairedreams,"Disney Solitaire"
23:00,116,com.JindoBlu.OfflineGames,"Offline Games - No Wifi Games"
23:00,117,com.Chillgaming.oneState,"OneState RP - Role Play Life"
23:00,118,cats.tap.dacing.games.free,"Cat Beats - Tiles Music Games"
23:00,119,com.cdtg.ragdoll.playground,"Ragdoll Playground"
23:00,120,com.animal.hunter.sniper,"Animal Hunter: Wild Shooting"
23:00,121,com.tinybuildgames.helloneighbor,"Hello Neighbor"
23:00,122,com.leap.searchit,"Search It - Hidden Objects"
23:00,123,com.fugo.wow,"Words of Wonders: Crossword"
23:00,124,wheelie.master.street.elite.bikegame,"Wheelie Master: Moto Ride 3D"
23:00,125,com.awesome.puzzlehexasort,"Color Slide - Hexa Puzzle"
23:00,126,com.piano.music.rhythm.tiles.games,"Rhythm Tiles: Pop Songs"
23:00,127,com.peoplefun.wordsearch,"Wordscapes Search: Word Games"
23:00,128,com.relaxingcardgame.solitaire,"Solitaire: Relaxing Card Game"
23:00,129,ball.sort.puzzle.color.sorting.bubble.games,"Ball Sort Puzzle - Color Game"
23:00,130,com.yolo.hiddenobjects,"Find Hidden Objects - Spot It!"
23:00,131,water.sort.puzzle.game.color.sorting.free,"Water Sort Puzzle - Sort Color"
23:00,132,com.smilerlee.klondike,"Solitaire"
23:00,133,com.monopoly.dream.idle.king,"Top Tycoon: Coin Theme Empire"
23:00,134,com.metax.climb.jump.tower.obby.challenge,"Climb & Jump: Obby 3D Tower"
23:00,135,com.playgendary.kickthebuddy,"Kick the Buddy－Fun Action Game"
23:00,136,com.rovio.baba,"Angry Birds 2"
23:00,137,com.hollywood.merge,"Hollywood Merge"
23:00,138,com.chirpysort.game.android,"Chirpy Sort: Bird Color Puzzle"
23:00,139,com.dts.freefireth,"Free Fire: 9th Anniversary"
23:00,140,com.game.friends.us,"TopTop : Games & Chat"
23:00,141,com.tensquaregames.letsfish2,"Fishing Clash: Sport Simulator"
23:00,142,com.cover.release.resistance,"Royal Arrow: Merge & Match"
23:00,143,dress.up.fashion.makeup.style.makeover.girl.rebel.queen,"Rebel Glam: Dress Up Games"
23:00,144,com.combo.knockout,"Knock Out"
23:00,145,com.fatmerge.global,"Tasty Travels: Merge Game"
23:00,146,jp.konami.pesam,"eFootball™"
23:00,147,com.amelosinteractive.snake,"Snake.io - Fun Snake .io Games"
23:00,148,com.fluffydrop.op.gp,"Fluffy Drop - No Timer"
23:00,149,com.dvloper.granny,"Granny"
23:00,150,com.pronetis.ironball2,"Going Balls"
23:00,151,com.flyingwhalegames.carout,"Car Out! Traffic Parking Games"
23:00,152,com.wood.block.sudoku.puzzle.bm,"Block Crush!"
23:00,153,com.u1.relax.minigame3,"Mini Challenges: Calm Games"
23:00,154,com.nebula.tiles,"Tap Tile!"
23:00,155,com.cryptoapps.craftarena,"Craftarena"
23:00,156,com.playflix.kick.breakragdoll.games,"Kick & Break The Ragdoll Games"
23:00,157,com.pazugames.avatarworld,"Avatar World ®"
23:00,158,com.openmygame.games.android.jigsaw.solitaire.puzzle,"Cardscapes™: Jigsaw Puzzle"
23:00,159,com.funplus.ts.global,"Tiles Survive!"
23:00,160,com.dino.race.master,"Car Race"
23:00,161,com.NewFolderGames.IAmSecurirty,"I Am Security"
23:00,162,com.vigafun.funfinity.foodhunt,"Food Hunt: Pixel Puzzle"
23:00,163,com.blaze.casino.b.android,"Jackpot Fury"
23:00,164,com.JindoBlu.TwoPlayerGamesChallenge,"2 Player games : the Challenge"
23:00,165,com.playvalve.solitaire,"Solitaire - Classic Card Game"
23:00,166,com.outfit7.mytalkingtomfriends,"My Talking Tom Friends"
23:00,167,com.higame.annoying.tricky.story.puzzle.game,"Tricky Prank: Brain Quest"
23:00,168,com.fiogonia.rummy500,"Rummy 500 - Card Game"
23:00,169,com.gimica.ballbounce,"Ball Bounce"
23:00,170,com.animal.hunter.shooting.apex,"Apex Hunter: Animal Shooting"
23:00,171,air.com.lunime.gachalife2,"Gacha Life 2"
23:00,172,jp.pokemon.pokemonchampions,"Pokémon Champions"
23:00,173,com.FishEatFish.FeedGrow,"Fish Eat Fish.io"
23:00,174,com.grass.cut.game,"Grass Master – Cutting Game"
23:00,175,com.Kayac.ShurikenCut,"Shuriken Cut"
23:00,176,com.gimica.hexapuzzlefun,"2048 Puzzle Fun"
23:00,177,sorting.games.goods.sort.triple.match3d.puzzle.stuff,"Goods Puzzle: 3D Sorting Games"
23:00,178,com.brain.logic.joygame,"Brain Puzzle 2: Logic Twist"
23:00,179,com.superplaystudios.dicedreams,"Dice Dreams™️"
23:00,180,com.TeamTerrible.BabyInYellow,"The Baby In Yellow"
23:00,181,com.sciplay.ultimatefirelink,"Ultimate Fire Link™ Slots"
23:00,182,wool.match.color.sort.jam.puzzle,"Wool Crush™"
23:00,183,com.gameous.police.bus.simulator.game.offroad.rescue.game,"Aria: My Anime School Story"
23:00,184,com.peoplefun.wordcross,"Wordscapes: Word puzzle game"
23:00,185,in.playsimple.wordsearch,"Word Search Explorer"
23:00,186,com.GybeGames.ColorBlockJam,"Color Block Jam"
23:00,187,com.outfit7.mytalkingangela2,"My Talking Angela 2"
23:00,188,com.playgames.block,"Block Blitz: Puzzle Adventure"
23:00,189,com.colorrful.sunny.sodda.sort,"Colorful Soda Sort"
23:00,190,com.s01.global,"Lordrush"
23:00,191,bus.games.car.out.traffic.parking.jam.escape.puzzle,"Car Parking Games: Bus Madness"
23:00,192,com.fun.brain.game,"Brain Puzzle: Tricky Quest"
23:00,193,com.pinmaster.screwpuzzle,"Pin Master - Nailed It!"
23:00,194,com.bamboobreeze.mahjonggame,"Bamboo Breeze Mahjong"
23:00,195,com.satorisysplay.arrowsdash,"Line Dash"
23:00,196,com.mnogogames.triviascapes,"IQ & brain test: Triviascapes"
23:00,197,io.supercent.weaponrpg,"XP Hero"
23:00,198,com.kadka.forknsausage,"Fork N Sausage"
23:00,199,com.easybrain.art.puzzle,"Art Puzzle - Puzzle Games"
23:00,200,com.playrix.fishdomdd.gplay,"Fishdom"
