time,rank,id,title
00:00,1,com.oakever.meowdoku,"Meowdoku: 腦力解謎遊戲"
00:00,2,com.nexon.devcat.mm.tw,"瑪奇 Mobile"
00:00,3,game.qualiarts.hololive.dreams.com,"hololive Dreams"
00:00,4,com.phstw.global,"醫起救世界：鼠裡逃生"
00:00,5,com.zyyad.mihuan,"赵云与阿斗"
00:00,6,com.wydxb.words.puzzle.an,"天天拼詞王"
00:00,7,com.xman.tw.gp,"超能戰爭"
00:00,8,com.cyphergames.royalsmash,"Royal Smash! - Physics Puzzle"
00:00,9,com.teaegg.puzzle.master,"茶葉蛋大冒險"
00:00,10,com.nianticlabs.pikmin,"Pikmin Bloom"
00:00,11,com.roblox.client,"Roblox"
00:00,12,com.familygo.simgame,"家族物語 - 治癒系世代模擬"
00:00,13,com.hortor.femsj.asia,"肥鵝美食街"
00:00,14,com.block.juggle,"Block Blast!"
00:00,15,com.mergegames.gossipharbor,"緋聞港口：合併&故事"
00:00,16,com.flow.cannonball,"Smash Fest!"
00:00,17,com.kayac.slow_mo_strike,"Slow Mo Strike: Knives in Time"
00:00,18,com.vitastudio.mahjong,"Vita 麻將"
00:00,19,com.capetown.mh.ap.gp,"完蛋！我被美少女攻略了"
00:00,20,com.dreamgames.royalkingdom,"Royal Kingdom"
00:00,21,jp.co.goodroid.hyper.busflow,"Bus Traffic Fever!"
00:00,22,com.run.tower.defense,"Kingshot"
00:00,23,com.oakever.arrows,"Amaze GO! - 箭頭解謎"
00:00,24,com.wydxb.wordcross.an,"我要當學霸"
00:00,25,com.puzzlegames.puzzlebrickslegend,"Color Block: Combo Blast"
00:00,26,com.unept.leveldevil,"Level Devil - NOT A Troll Game"
00:00,27,com.nianticlabs.pokemongo,"Pokémon GO"
00:00,28,com.hollywood.merge,"好萊塢合成：星夢逆襲"
00:00,29,com.warrior.screw.gp,"擰螺絲高高手"
00:00,30,com.garena.game.df,"Garena® 三角洲行動"
00:00,31,com.media720.games2020,"離線遊戲: 無網單機好玩的桌遊 - Offline 100+"
00:00,32,com.agavegames.findthecat2,"Find The Cat 2 - Spot It!"
00:00,33,com.a3.tavernlegend.googleplay,"酒館傳奇"
00:00,34,com.fun.brain.game,"Brain Puzzle: Tricky Quest"
00:00,35,com.JoyPlay.DogsWarShootingGames.GP,"修勾逃生巨人危機-狗狗戰爭射擊遊戲-超好玩狗狗摸金搜打撤遊戲"
00:00,36,com.netease.eggypartyhmt,"蛋仔派對"
00:00,37,com.studiobside.starMain,"星之救援者"
00:00,38,com.yoyogames.love.makeover.dressup.dating.crush.game,"Love Makeover: 時尚換裝物語"
00:00,39,com.newtv.cricketduel,"蟋蟀江湖 - 模擬經營養成手遊"
00:00,40,com.s01.global,"Lordrush"
00:00,41,com.helpgirlmatch.geakkz2.game,"Help Girl Match"
00:00,42,com.wxdmxtw.android,"新武俠大明星"
00:00,43,com.brain.crazy.joygame,"Brain Puzzle 3: Crazy Mind"
00:00,44,color.number.paint.pixle.art.sort.jigsaw,"Jewel Coloring"
00:00,45,jp.co.ponos.battlecatstw,"貓咪大戰爭"
00:00,46,com.pocket.sort.coin.puzzle.game,"Pocket Sort: Coin Merge Puzzle"
00:00,47,com.dynastytk.king,"三國志KING"
00:00,48,com.cliffs.pro.cell.building.crazy.clever.craft,"Block Crazy Robo World Craft"
00:00,49,jigsaw.solitaire.match.games.free,"拼圖疊疊樂"
00:00,50,com.nexon.ma,"楓之谷：放置冒險記"
00:00,51,com.grandgames.magicsort,"Magic Sort!"
00:00,52,com.fox.jstwgp,"青丘世界：緣起"
00:00,53,com.bravestars.savethedog.drawgame,"Save The Pets"
00:00,54,com.gameloft.android.ANMP.GloftA9HM,"狂野飆車：競速傳奇"
00:00,55,io.voodoo.holeio,"Hole.io"
00:00,56,com.brain.logic.joygame,"Brain Puzzle 2: Logic Twist"
00:00,57,com.ageofempiresmobile.tw,"世紀帝國M"
00:00,58,com.funnyjoy.snysw.an,"燒腦眼神王"
00:00,59,com.epicoro.castleclashers,"Castle Busters"
00:00,60,com.fiveminlab.overgeared.hero.backpack.merge,"靠裝勇者：背包合成RPG"
00:00,61,io.voodoo.paper2,"Paper.io 2"
00:00,62,com.wildfire.waifus,"與二次元女友的同居日常"
00:00,63,com.nebula.mahjongtile,"Mahjong Blast（麻將消消樂益智遊戲）"
00:00,64,com.gametree.sultan.pd,"蘇丹的遊戲"
00:00,65,com.merge.game.foodstars,"美食之星:合併與烹飪"
00:00,66,com.whoyaho.tanghulu,"糖葫蘆達人－便利店、學校午餐、聖代咖啡館吃播ASMR"
00:00,67,com.igs.mjstar31,"麻將 明星3缺1麻將"
00:00,68,com.wood.block.sudoku.puzzle.bm,"Block Crush!"
00:00,69,com.ayb.abtq,"這都能有錯"
00:00,70,io.supercent.pizzaidle,"Pizza Ready"
00:00,71,com.funplus.ts.global,"點點大作戰"
00:00,72,com.percent.aos.cooptd,"同盟塔防戰：並肩作戰"
00:00,73,com.reels.tiles.spicy.gp,"Secret Tiles - Spicy Reels"
00:00,74,com.pixel.art.coloring.color.number,"Happy Color® – 按數字編號上色的塗色書"
00:00,75,com.youmusic.magictiles,"Magic Tiles 3™ - 鋼琴遊戲"
00:00,76,jp.pokemon.pokemonsleep,"Pokémon Sleep"
00:00,77,diamond.pixel.art.jewel.color.flow.sort.puzzle,"寶石顏色分類：鑽石遊戲"
00:00,78,com.hp.keyboard.obby.asmr.speed.run,"Keyboard Obby: ASMR Speed Run"
00:00,79,com.hmbl.perfect.makeover.cleaning.asmr,"Perfect Makeover Cleaning ASMR"
00:00,80,com.pubg.uropa,"Astro Arena : 恆星激鬥 PvP"
00:00,81,com.haunteddorm.mihuan,"Haunted Dorm - 猛鬼宿舍"
00:00,82,com.vincentb.MobControl,"Mob Control"
00:00,83,com.unicostudio.farmblockescape,"Farm Block Escape"
00:00,84,io.supercent.linkedcubic,"蛇衝突 (Snake Clash)"
00:00,85,beats.color.sing.star.rush,"音樂遊戲 9：鋼琴 音樂魔法方塊"
00:00,86,com.gof.global,"寒霜啟示錄"
00:00,87,com.gtsy.annoying.punch.game,"Annoying Uncle - 拳擊遊戲"
00:00,88,com.dts.freefireth,"Free Fire: 9周年"
00:00,89,com.king.candycrushsaga,"糖果傳奇"
00:00,90,com.rush.xtreme.sports,"RUSH: Xtreme"
00:00,91,com.igs.starparty.aos,"玩星派對"
00:00,92,com.ecffri.arrows,"Arrows – Puzzle Escape"
00:00,93,com.readygo.dark.gp,"Dark War Survival"
00:00,94,com.JindoBlu.TwoPlayerGamesChallenge,"2 Player games : the Challenge"
00:00,95,bus.games.car.out.traffic.parking.jam.escape.puzzle,"巴士挑戰：解決交通堵塞"
00:00,96,com.pronetis.ironball2,"Going Balls"
00:00,97,com.kite.kittypick,"Kitty Pick"
00:00,98,com.easybrain.brainy.joygame,"Puzzle Time: Brainy Challenge"
00:00,99,com.leap.searchit,"Search It - Hidden Objects"
00:00,100,com.bverf.kmnrf.olrgm,"精靈覺醒：對決"
00:00,101,com.garena.game.codm,"決勝時刻®: Mobile - Garena"
00:00,102,com.ventogames.findthecat,"Find The Cat - Spot It!"
00:00,103,com.mondayoff.dinomutant,"恐龍突變 : T-Rex"
00:00,104,com.simulation.manager.furry.farm.food,"解憂小食光：萌系店員養成 & 餐廳模擬經營"
00:00,105,com.fatmerge.global,"食光旅行"
00:00,106,org.gg.crazy.brain,"瘋狂大腦洞: 思維急轉彎"
00:00,107,com.fungames.blockcraft,"3D 方塊城 (Block Craft)：建造模擬遊戲"
00:00,108,com.tg.sc33t.tw,"生存33天"
00:00,109,com.bunbunstudio.magicblocktiles,"音乐钢琴 7: 极速歌曲游戏"
00:00,110,com.megagames.sensultra,"超感穿梭"
00:00,111,com.nebula.tiles,"Tap Tile!"
00:00,112,com.actgames.HelloKittyMDS,"Hello Kitty My Dream Store"
00:00,113,com.mover.twrxjhw,"新熱血江湖：世界"
00:00,114,com.JindoBlu.OfflineGames,"Offline Games - No Wifi Games"
00:00,115,com.godgame.mj.android,"麻將 神來也麻將－台灣16張、麻雀"
00:00,116,com.cedargames.mysterytown,"迷霧小鎮: 合成遊戲 (Mystery Town)"
00:00,117,jp.pokemon.pokemontcgp,"Pokémon TCG Pocket"
00:00,118,com.abi.dream.unpacking,"Dreamy Room - 夢幻房間"
00:00,119,com.rekoo.pubgm,"PUBG MOBILE：絕地求生M"
00:00,120,find.difference.spot.differences.hidden.puzzle.games.free,"找不同 - 發現並找出所有不同"
00:00,121,com.hermes.mk.asia,"世界計畫 繽紛舞台！feat. 初音未來"
00:00,122,com.ea.gp.fifamobile,"EA SPORTS FC™ 足球 Mobile 2026"
00:00,123,com.tgc.sky.android,"Sky光·遇"
00:00,124,com.haegin.playtogether,"天天玩樂園 (Play Together)"
00:00,125,com.playrix.township,"夢想小鎮"
00:00,126,com.soccer.score.star,"Soccer Superstar - 足球巨星"
00:00,127,com.igg.android.lordsmobile,"王國紀元 (Lords Mobile)：全面戰爭"
00:00,128,com.mmzzhx.goo,"萌萌武道：主宰幻想"
00:00,129,solitaire.word.association.connections.puzzle,"字詞接龍"
00:00,130,com.yzlm.tw.and,"勇者來開團"
00:00,131,com.majesti.mcahjong.aerew2.game,"Majestic Mahjong"
00:00,132,com.studio27.MelonPlayground,"Melon Sandbox"
00:00,133,com.gsbeauty.gp.midnighttales,"Midnight Tales"
00:00,134,com.moonactive.holestars,"Hole Stars: 謎題挑戰"
00:00,135,com.cyberjoy.galaxydefense,"太空防禦(Galaxy Defense)"
00:00,136,com.kiloo.subwaysurf,"Subway Surfers"
00:00,137,com.craft.city.blockbuilder.pro,"Craft Explore: Block Builder"
00:00,138,com.flower.forest.word.puzzle,"Flower Forest - Word Puzzle"
00:00,139,com.walk.king.race.on.stairs,"Walk King - Race on Stairs"
00:00,140,io.supercent.weaponrpg,"XP Hero (XP英雄)"
00:00,141,com.unicostudio.braintest,"腦力測試 (Brain Test)：謎題急轉彎"
00:00,142,com.gamedots.seasideescape,"漫遊小鎮®：合併&故事"
00:00,143,com.sh.fidget.toys.mini.relaxing.antistress.games,"迷你放鬆遊戲 - pop it"
00:00,144,jigsolitaire.jigsort.jigsaw.solitaire.puzzle,"Jigsort™ 拼圖遊戲：單人樂趣無窮"
00:00,145,com.xianni.tw,"仙逆M-官方正版授權"
00:00,146,com.kunpan.android.lili.tw,"莉莉的冒險衣櫥"
00:00,147,com.Chodun.CatGunner,"槍手貓咪：放置射擊RPG"
00:00,148,com.pikpok.dc.play,"Doomsday Clicker"
00:00,149,sheep.animal.parking.puzzle.game.jam,"Sheep Dash: Sheep Away"
00:00,150,com.netmarble.stonkey,"石器時代：放置冒險"
00:00,151,com.igg.android.doomsdaylastsurvivors,"黎明再現-FAIRY TAIL魔導少年聯動"
00:00,152,com.kayac.PistolDuel,"Pistol Duel"
00:00,153,easy.sudoku.puzzle.solver.free,"數獨 - 經典數獨謎題"
00:00,154,com.oakever.tiletrip,"Tile Explorer - Triple Match"
00:00,155,com.arargames.blocked,"Blocked Pixel Panzer"
00:00,156,com.whoyaho.pendeco,"串珠筆達人 - 手作筆ASMR"
00:00,157,com.monopoly.dream.idle.king,"Top Tycoon: Coin Theme Empire"
00:00,158,com.fc.p.cp.jelly.mukbang.asmr.live.diy,"果冻大师：吃播 ASMR"
00:00,159,com.wood.bolt.wordle.screw.nuts.puzzle,"Woodle Screw™ Pin: 螺帽與螺栓"
00:00,160,com.autoall.arrowpm,"Arrow Puzzle Master"
00:00,161,com.sled.surfers.game,"Sled Surfers"
00:00,162,block.color.game.jam.blocks.sort.puzzle.games.slide.free,"色彩方塊：益智解謎遊戲"
00:00,163,com.tfgco.apps.coloring.free.color.by.number,"填色一二三：像素著色遊戲"
00:00,164,com.gamesofa.android.allchess,"象棋 神來也暗棋2：象棋暗棋、象棋麻將"
00:00,165,com.hks.brain,"剪影收納達人：Brainstorming Master"
00:00,166,com.kayac.level_up_number,"Number Master: 號碼大師"
00:00,167,jp.garud.ssimulator,"SAKURA School Simulator"
00:00,168,casual.soundboard.ar.trending,"Trending AR Soundboard"
00:00,169,com.streetcomplete.pixelmagician,"我的法杖有點強：放置RPG"
00:00,170,com.tfv.block.line.fill.puzzle,"Single Line Block Fill Puzzle"
00:00,171,com.topwar.gp,"口袋奇兵（Top War）-超休閒的策略遊戲"
00:00,172,com.chillyroom.containerofsoul.gp,"魂墜深境 - 肉鴿卡牌RPG"
00:00,173,com.pathdefenders.game,"Path Defenders：英雄塔防"
00:00,174,com.ultimatelavashgames.rollthehole,"Jelly Hole: Roll & Eat Pals"
00:00,175,piggy.escape.jam.farm.puzzle.game,"Piggy Escape: Pig Jam Farm"
00:00,176,com.global.sgdbztw,"時光大爆炸"
00:00,177,com.xh.wxlh.android,"無盡輪迴：鬼域摸金"
00:00,178,com.jumbo.yirufa,"包你發-王識賢、安心亞推薦休閒娛樂城-老虎機、捕魚機多款遊戲"
00:00,179,com.fluffydrop.op.gp,"Fluffy Drop - No Timer"
00:00,180,jp.pokemon.pokemonchampions,"Pokémon Champions"
00:00,181,com.gf.fpjtwtw.hwyad.google,"巡夢少女"
00:00,182,com.ltgames.android.m71.tw,"一念逍遙"
00:00,183,com.xd.xdtglobal.gp,"心動小鎮"
00:00,184,com.cat.hole.puzzle.aos,"貓咪掉下去"
00:00,185,com.magic.dancing.tiles.game.piano,"Piano Pink Music: Rhythm Game"
00:00,186,com.nexters.herowars,"勇士爭霸：群雄聯盟 - 角色扮演戰鬥多人手遊戲"
00:00,187,com.chirpysort.game.android,"Chirpy Sort: Bird Color Puzzle"
00:00,188,com.gamesofa.android.catcafe2,"貓咪造咖－有故事的貓咪咖啡廳"
00:00,189,com.playspare.supermarket.store.simulator,"超市商店模擬器"
00:00,190,com.mover.twzqzs,"最強宗師"
00:00,191,com.yzzg.mdgame,"暗影紀元-魔幻冒险之旅"
00:00,192,com.choice.craft,"趣穿書ChoiceCraft-沉浸式重生逆襲言情穿越互動小說"
00:00,193,com.puzzlegame.heartwavegirls011,"Jigsaw Heartwave Girls"
00:00,194,com.easybrain.brick.balls.blast,"Brick Blast：小球打磚塊"
00:00,195,com.readygo.barrel.gp,"Last Z：Survival Shooter（倖存者逃亡）"
00:00,196,com.mobsmile.coincollector,"Coin Collector"
00:00,197,flexus.dye.hard,"終極渲染: 顏色大戰"
00:00,198,com.aim.racing,"Extreme Car Driving Simulator"
00:00,199,com.RC13B.ragdoll.survival.playground,"Ragdoll Survival Playground"
00:00,200,com.rsgjmnq.sfchuanglian,"人生軌跡模擬器"
01:30,1,com.oakever.meowdoku,"Meowdoku: 腦力解謎遊戲"
01:30,2,com.nexon.devcat.mm.tw,"瑪奇 Mobile"
01:30,3,game.qualiarts.hololive.dreams.com,"hololive Dreams"
01:30,4,com.phstw.global,"醫起救世界：鼠裡逃生"
01:30,5,com.zyyad.mihuan,"赵云与阿斗"
01:30,6,com.wydxb.words.puzzle.an,"天天拼詞王"
01:30,7,com.xman.tw.gp,"超能戰爭"
01:30,8,com.cyphergames.royalsmash,"Royal Smash! - Physics Puzzle"
01:30,9,com.teaegg.puzzle.master,"茶葉蛋大冒險"
01:30,10,com.nianticlabs.pikmin,"Pikmin Bloom"
01:30,11,com.roblox.client,"Roblox"
01:30,12,com.familygo.simgame,"家族物語 - 治癒系世代模擬"
01:30,13,com.hortor.femsj.asia,"肥鵝美食街"
01:30,14,com.block.juggle,"Block Blast!"
01:30,15,com.mergegames.gossipharbor,"緋聞港口：合併&故事"
01:30,16,com.flow.cannonball,"Smash Fest!"
01:30,17,com.kayac.slow_mo_strike,"Slow Mo Strike: Knives in Time"
01:30,18,com.vitastudio.mahjong,"Vita 麻將"
01:30,19,com.capetown.mh.ap.gp,"完蛋！我被美少女攻略了"
01:30,20,com.dreamgames.royalkingdom,"Royal Kingdom"
01:30,21,jp.co.goodroid.hyper.busflow,"Bus Traffic Fever!"
01:30,22,com.run.tower.defense,"Kingshot"
01:30,23,com.oakever.arrows,"Amaze GO! - 箭頭解謎"
01:30,24,com.wydxb.wordcross.an,"我要當學霸"
01:30,25,com.puzzlegames.puzzlebrickslegend,"Color Block: Combo Blast"
01:30,26,com.unept.leveldevil,"Level Devil - NOT A Troll Game"
01:30,27,com.nianticlabs.pokemongo,"Pokémon GO"
01:30,28,com.hollywood.merge,"好萊塢合成：星夢逆襲"
01:30,29,com.warrior.screw.gp,"擰螺絲高高手"
01:30,30,com.garena.game.df,"Garena® 三角洲行動"
01:30,31,com.media720.games2020,"離線遊戲: 無網單機好玩的桌遊 - Offline 100+"
01:30,32,com.agavegames.findthecat2,"Find The Cat 2 - Spot It!"
01:30,33,com.a3.tavernlegend.googleplay,"酒館傳奇"
01:30,34,com.fun.brain.game,"Brain Puzzle: Tricky Quest"
01:30,35,com.JoyPlay.DogsWarShootingGames.GP,"修勾逃生巨人危機-狗狗戰爭射擊遊戲-超好玩狗狗摸金搜打撤遊戲"
01:30,36,com.netease.eggypartyhmt,"蛋仔派對"
01:30,37,com.studiobside.starMain,"星之救援者"
01:30,38,com.yoyogames.love.makeover.dressup.dating.crush.game,"Love Makeover: 時尚換裝物語"
01:30,39,com.newtv.cricketduel,"蟋蟀江湖 - 模擬經營養成手遊"
01:30,40,com.s01.global,"Lordrush"
01:30,41,com.helpgirlmatch.geakkz2.game,"Help Girl Match"
01:30,42,com.wxdmxtw.android,"新武俠大明星"
01:30,43,com.brain.crazy.joygame,"Brain Puzzle 3: Crazy Mind"
01:30,44,color.number.paint.pixle.art.sort.jigsaw,"Jewel Coloring"
01:30,45,jp.co.ponos.battlecatstw,"貓咪大戰爭"
01:30,46,com.pocket.sort.coin.puzzle.game,"Pocket Sort: Coin Merge Puzzle"
01:30,47,com.dynastytk.king,"三國志KING"
01:30,48,com.cliffs.pro.cell.building.crazy.clever.craft,"Block Crazy Robo World Craft"
01:30,49,jigsaw.solitaire.match.games.free,"拼圖疊疊樂"
01:30,50,com.nexon.ma,"楓之谷：放置冒險記"
01:30,51,com.grandgames.magicsort,"Magic Sort!"
01:30,52,com.fox.jstwgp,"青丘世界：緣起"
01:30,53,com.bravestars.savethedog.drawgame,"Save The Pets"
01:30,54,com.gameloft.android.ANMP.GloftA9HM,"狂野飆車：競速傳奇"
01:30,55,io.voodoo.holeio,"Hole.io"
01:30,56,com.brain.logic.joygame,"Brain Puzzle 2: Logic Twist"
01:30,57,com.ageofempiresmobile.tw,"世紀帝國M"
01:30,58,com.funnyjoy.snysw.an,"燒腦眼神王"
01:30,59,com.epicoro.castleclashers,"Castle Busters"
01:30,60,com.fiveminlab.overgeared.hero.backpack.merge,"靠裝勇者：背包合成RPG"
01:30,61,io.voodoo.paper2,"Paper.io 2"
01:30,62,com.wildfire.waifus,"與二次元女友的同居日常"
01:30,63,com.nebula.mahjongtile,"Mahjong Blast（麻將消消樂益智遊戲）"
01:30,64,com.gametree.sultan.pd,"蘇丹的遊戲"
01:30,65,com.merge.game.foodstars,"美食之星:合併與烹飪"
01:30,66,com.whoyaho.tanghulu,"糖葫蘆達人－便利店、學校午餐、聖代咖啡館吃播ASMR"
01:30,67,com.igs.mjstar31,"麻將 明星3缺1麻將"
01:30,68,com.wood.block.sudoku.puzzle.bm,"Block Crush!"
01:30,69,com.ayb.abtq,"這都能有錯"
01:30,70,io.supercent.pizzaidle,"Pizza Ready"
01:30,71,com.funplus.ts.global,"點點大作戰"
01:30,72,com.percent.aos.cooptd,"同盟塔防戰：並肩作戰"
01:30,73,com.reels.tiles.spicy.gp,"Secret Tiles - Spicy Reels"
01:30,74,com.pixel.art.coloring.color.number,"Happy Color® – 按數字編號上色的塗色書"
01:30,75,com.youmusic.magictiles,"Magic Tiles 3™ - 鋼琴遊戲"
01:30,76,jp.pokemon.pokemonsleep,"Pokémon Sleep"
01:30,77,diamond.pixel.art.jewel.color.flow.sort.puzzle,"寶石顏色分類：鑽石遊戲"
01:30,78,com.hp.keyboard.obby.asmr.speed.run,"Keyboard Obby: ASMR Speed Run"
01:30,79,com.hmbl.perfect.makeover.cleaning.asmr,"Perfect Makeover Cleaning ASMR"
01:30,80,com.pubg.uropa,"Astro Arena : 恆星激鬥 PvP"
01:30,81,com.haunteddorm.mihuan,"Haunted Dorm - 猛鬼宿舍"
01:30,82,com.vincentb.MobControl,"Mob Control"
01:30,83,com.unicostudio.farmblockescape,"Farm Block Escape"
01:30,84,io.supercent.linkedcubic,"蛇衝突 (Snake Clash)"
01:30,85,beats.color.sing.star.rush,"音樂遊戲 9：鋼琴 音樂魔法方塊"
01:30,86,com.gof.global,"寒霜啟示錄"
01:30,87,com.gtsy.annoying.punch.game,"Annoying Uncle - 拳擊遊戲"
01:30,88,com.dts.freefireth,"Free Fire: 9周年"
01:30,89,com.king.candycrushsaga,"糖果傳奇"
01:30,90,com.rush.xtreme.sports,"RUSH: Xtreme"
01:30,91,com.igs.starparty.aos,"玩星派對"
01:30,92,com.ecffri.arrows,"Arrows – Puzzle Escape"
01:30,93,com.readygo.dark.gp,"Dark War Survival"
01:30,94,com.JindoBlu.TwoPlayerGamesChallenge,"2 Player games : the Challenge"
01:30,95,bus.games.car.out.traffic.parking.jam.escape.puzzle,"巴士挑戰：解決交通堵塞"
01:30,96,com.pronetis.ironball2,"Going Balls"
01:30,97,com.kite.kittypick,"Kitty Pick"
01:30,98,com.easybrain.brainy.joygame,"Puzzle Time: Brainy Challenge"
01:30,99,com.leap.searchit,"Search It - Hidden Objects"
01:30,100,com.bverf.kmnrf.olrgm,"精靈覺醒：對決"
01:30,101,com.garena.game.codm,"決勝時刻®: Mobile - Garena"
01:30,102,com.ventogames.findthecat,"Find The Cat - Spot It!"
01:30,103,com.mondayoff.dinomutant,"恐龍突變 : T-Rex"
01:30,104,com.simulation.manager.furry.farm.food,"解憂小食光：萌系店員養成 & 餐廳模擬經營"
01:30,105,com.fatmerge.global,"食光旅行"
01:30,106,org.gg.crazy.brain,"瘋狂大腦洞: 思維急轉彎"
01:30,107,com.fungames.blockcraft,"3D 方塊城 (Block Craft)：建造模擬遊戲"
01:30,108,com.tg.sc33t.tw,"生存33天"
01:30,109,com.bunbunstudio.magicblocktiles,"音乐钢琴 7: 极速歌曲游戏"
01:30,110,com.megagames.sensultra,"超感穿梭"
01:30,111,com.nebula.tiles,"Tap Tile!"
01:30,112,com.actgames.HelloKittyMDS,"Hello Kitty My Dream Store"
01:30,113,com.mover.twrxjhw,"新熱血江湖：世界"
01:30,114,com.JindoBlu.OfflineGames,"Offline Games - No Wifi Games"
01:30,115,com.godgame.mj.android,"麻將 神來也麻將－台灣16張、麻雀"
01:30,116,com.cedargames.mysterytown,"迷霧小鎮: 合成遊戲 (Mystery Town)"
01:30,117,jp.pokemon.pokemontcgp,"Pokémon TCG Pocket"
01:30,118,com.abi.dream.unpacking,"Dreamy Room - 夢幻房間"
01:30,119,com.rekoo.pubgm,"PUBG MOBILE：絕地求生M"
01:30,120,find.difference.spot.differences.hidden.puzzle.games.free,"找不同 - 發現並找出所有不同"
01:30,121,com.hermes.mk.asia,"世界計畫 繽紛舞台！feat. 初音未來"
01:30,122,com.ea.gp.fifamobile,"EA SPORTS FC™ 足球 Mobile 2026"
01:30,123,com.tgc.sky.android,"Sky光·遇"
01:30,124,com.haegin.playtogether,"天天玩樂園 (Play Together)"
01:30,125,com.playrix.township,"夢想小鎮"
01:30,126,com.soccer.score.star,"Soccer Superstar - 足球巨星"
01:30,127,com.igg.android.lordsmobile,"王國紀元 (Lords Mobile)：全面戰爭"
01:30,128,com.mmzzhx.goo,"萌萌武道：主宰幻想"
01:30,129,solitaire.word.association.connections.puzzle,"字詞接龍"
01:30,130,com.yzlm.tw.and,"勇者來開團"
01:30,131,com.majesti.mcahjong.aerew2.game,"Majestic Mahjong"
01:30,132,com.studio27.MelonPlayground,"Melon Sandbox"
01:30,133,com.gsbeauty.gp.midnighttales,"Midnight Tales"
01:30,134,com.moonactive.holestars,"Hole Stars: 謎題挑戰"
01:30,135,com.cyberjoy.galaxydefense,"太空防禦(Galaxy Defense)"
01:30,136,com.kiloo.subwaysurf,"Subway Surfers"
01:30,137,com.craft.city.blockbuilder.pro,"Craft Explore: Block Builder"
01:30,138,com.flower.forest.word.puzzle,"Flower Forest - Word Puzzle"
01:30,139,com.walk.king.race.on.stairs,"Walk King - Race on Stairs"
01:30,140,io.supercent.weaponrpg,"XP Hero (XP英雄)"
01:30,141,com.unicostudio.braintest,"腦力測試 (Brain Test)：謎題急轉彎"
01:30,142,com.gamedots.seasideescape,"漫遊小鎮®：合併&故事"
01:30,143,com.sh.fidget.toys.mini.relaxing.antistress.games,"迷你放鬆遊戲 - pop it"
01:30,144,jigsolitaire.jigsort.jigsaw.solitaire.puzzle,"Jigsort™ 拼圖遊戲：單人樂趣無窮"
01:30,145,com.xianni.tw,"仙逆M-官方正版授權"
01:30,146,com.kunpan.android.lili.tw,"莉莉的冒險衣櫥"
01:30,147,com.Chodun.CatGunner,"槍手貓咪：放置射擊RPG"
01:30,148,com.pikpok.dc.play,"Doomsday Clicker"
01:30,149,sheep.animal.parking.puzzle.game.jam,"Sheep Dash: Sheep Away"
01:30,150,com.netmarble.stonkey,"石器時代：放置冒險"
01:30,151,com.igg.android.doomsdaylastsurvivors,"黎明再現-FAIRY TAIL魔導少年聯動"
01:30,152,com.kayac.PistolDuel,"Pistol Duel"
01:30,153,com.gf.wx2h5twtw.hwyad.google,"轉運江湖"
01:30,154,easy.sudoku.puzzle.solver.free,"數獨 - 經典數獨謎題"
01:30,155,com.oakever.tiletrip,"Tile Explorer - Triple Match"
01:30,156,com.arargames.blocked,"Blocked Pixel Panzer"
01:30,157,com.whoyaho.pendeco,"串珠筆達人 - 手作筆ASMR"
01:30,158,com.monopoly.dream.idle.king,"Top Tycoon: Coin Theme Empire"
01:30,159,com.fc.p.cp.jelly.mukbang.asmr.live.diy,"果冻大师：吃播 ASMR"
01:30,160,com.wood.bolt.wordle.screw.nuts.puzzle,"Woodle Screw™ Pin: 螺帽與螺栓"
01:30,161,com.autoall.arrowpm,"Arrow Puzzle Master"
01:30,162,com.sled.surfers.game,"Sled Surfers"
01:30,163,block.color.game.jam.blocks.sort.puzzle.games.slide.free,"色彩方塊：益智解謎遊戲"
01:30,164,com.tfgco.apps.coloring.free.color.by.number,"填色一二三：像素著色遊戲"
01:30,165,com.gamesofa.android.allchess,"象棋 神來也暗棋2：象棋暗棋、象棋麻將"
01:30,166,com.hks.brain,"剪影收納達人：Brainstorming Master"
01:30,167,com.devsisters.cc,"薑餅人放置大戰爭 - 餅乾養成RPG"
01:30,168,com.kayac.level_up_number,"Number Master: 號碼大師"
01:30,169,jp.garud.ssimulator,"SAKURA School Simulator"
01:30,170,casual.soundboard.ar.trending,"Trending AR Soundboard"
01:30,171,com.streetcomplete.pixelmagician,"我的法杖有點強：放置RPG"
01:30,172,com.tfv.block.line.fill.puzzle,"Single Line Block Fill Puzzle"
01:30,173,com.topwar.gp,"口袋奇兵（Top War）-超休閒的策略遊戲"
01:30,174,com.chillyroom.containerofsoul.gp,"魂墜深境 - 肉鴿卡牌RPG"
01:30,175,com.pathdefenders.game,"Path Defenders：英雄塔防"
01:30,176,com.ultimatelavashgames.rollthehole,"Jelly Hole: Roll & Eat Pals"
01:30,177,piggy.escape.jam.farm.puzzle.game,"Piggy Escape: Pig Jam Farm"
01:30,178,com.global.sgdbztw,"時光大爆炸"
01:30,179,com.xh.wxlh.android,"無盡輪迴：鬼域摸金"
01:30,180,com.jumbo.yirufa,"包你發-王識賢、安心亞推薦休閒娛樂城-老虎機、捕魚機多款遊戲"
01:30,181,com.fluffydrop.op.gp,"Fluffy Drop - No Timer"
01:30,182,jp.pokemon.pokemonchampions,"Pokémon Champions"
01:30,183,com.gf.fpjtwtw.hwyad.google,"巡夢少女"
01:30,184,com.ltgames.android.m71.tw,"一念逍遙"
01:30,185,com.xd.xdtglobal.gp,"心動小鎮"
01:30,186,com.cat.hole.puzzle.aos,"貓咪掉下去"
01:30,187,com.magic.dancing.tiles.game.piano,"Piano Pink Music: Rhythm Game"
01:30,188,com.nexters.herowars,"勇士爭霸：群雄聯盟 - 角色扮演戰鬥多人手遊戲"
01:30,189,com.chirpysort.game.android,"Chirpy Sort: Bird Color Puzzle"
01:30,190,com.gamesofa.android.catcafe2,"貓咪造咖－有故事的貓咪咖啡廳"
01:30,191,com.playspare.supermarket.store.simulator,"超市商店模擬器"
01:30,192,com.mover.twzqzs,"最強宗師"
01:30,193,com.yzzg.mdgame,"暗影紀元-魔幻冒险之旅"
01:30,194,com.choice.craft,"趣穿書ChoiceCraft-沉浸式重生逆襲言情穿越互動小說"
01:30,195,com.puzzlegame.heartwavegirls011,"Jigsaw Heartwave Girls"
01:30,196,com.easybrain.brick.balls.blast,"Brick Blast：小球打磚塊"
01:30,197,com.readygo.barrel.gp,"Last Z：Survival Shooter（倖存者逃亡）"
01:30,198,com.mobsmile.coincollector,"Coin Collector"
01:30,199,flexus.dye.hard,"終極渲染: 顏色大戰"
01:30,200,com.aim.racing,"Extreme Car Driving Simulator"
03:00,1,com.oakever.meowdoku,"Meowdoku: 腦力解謎遊戲"
03:00,2,com.nexon.devcat.mm.tw,"瑪奇 Mobile"
03:00,3,game.qualiarts.hololive.dreams.com,"hololive Dreams"
03:00,4,com.phstw.global,"醫起救世界：鼠裡逃生"
03:00,5,com.zyyad.mihuan,"赵云与阿斗"
03:00,6,com.wydxb.words.puzzle.an,"天天拼詞王"
03:00,7,com.xman.tw.gp,"超能戰爭"
03:00,8,com.cyphergames.royalsmash,"Royal Smash! - Physics Puzzle"
03:00,9,com.teaegg.puzzle.master,"茶葉蛋大冒險"
03:00,10,com.nianticlabs.pikmin,"Pikmin Bloom"
03:00,11,com.roblox.client,"Roblox"
03:00,12,com.familygo.simgame,"家族物語 - 治癒系世代模擬"
03:00,13,com.hortor.femsj.asia,"肥鵝美食街"
03:00,14,com.block.juggle,"Block Blast!"
03:00,15,com.mergegames.gossipharbor,"緋聞港口：合併&故事"
03:00,16,com.kayac.slow_mo_strike,"Slow Mo Strike: Knives in Time"
03:00,17,com.vitastudio.mahjong,"Vita 麻將"
03:00,18,com.capetown.mh.ap.gp,"完蛋！我被美少女攻略了"
03:00,19,com.dreamgames.royalkingdom,"Royal Kingdom"
03:00,20,jp.co.goodroid.hyper.busflow,"Bus Traffic Fever!"
03:00,21,com.run.tower.defense,"Kingshot"
03:00,22,com.oakever.arrows,"Amaze GO! - 箭頭解謎"
03:00,23,com.wydxb.wordcross.an,"我要當學霸"
03:00,24,com.puzzlegames.puzzlebrickslegend,"Color Block: Combo Blast"
03:00,25,com.unept.leveldevil,"Level Devil - NOT A Troll Game"
03:00,26,com.nianticlabs.pokemongo,"Pokémon GO"
03:00,27,com.hollywood.merge,"好萊塢合成：星夢逆襲"
03:00,28,com.warrior.screw.gp,"擰螺絲高高手"
03:00,29,com.garena.game.df,"Garena® 三角洲行動"
03:00,30,com.media720.games2020,"離線遊戲: 無網單機好玩的桌遊 - Offline 100+"
03:00,31,com.agavegames.findthecat2,"Find The Cat 2 - Spot It!"
03:00,32,com.a3.tavernlegend.googleplay,"酒館傳奇"
03:00,33,com.fun.brain.game,"Brain Puzzle: Tricky Quest"
03:00,34,com.JoyPlay.DogsWarShootingGames.GP,"修勾逃生巨人危機-狗狗戰爭射擊遊戲-超好玩狗狗摸金搜打撤遊戲"
03:00,35,com.netease.eggypartyhmt,"蛋仔派對"
03:00,36,com.studiobside.starMain,"星之救援者"
03:00,37,com.yoyogames.love.makeover.dressup.dating.crush.game,"Love Makeover: 時尚換裝物語"
03:00,38,com.newtv.cricketduel,"蟋蟀江湖 - 模擬經營養成手遊"
03:00,39,com.s01.global,"Lordrush"
03:00,40,com.helpgirlmatch.geakkz2.game,"Help Girl Match"
03:00,41,com.wxdmxtw.android,"新武俠大明星"
03:00,42,com.brain.crazy.joygame,"Brain Puzzle 3: Crazy Mind"
03:00,43,color.number.paint.pixle.art.sort.jigsaw,"Jewel Coloring"
03:00,44,jp.co.ponos.battlecatstw,"貓咪大戰爭"
03:00,45,com.pocket.sort.coin.puzzle.game,"Pocket Sort: Coin Merge Puzzle"
03:00,46,com.dynastytk.king,"三國志KING"
03:00,47,com.cliffs.pro.cell.building.crazy.clever.craft,"Block Crazy Robo World Craft"
03:00,48,jigsaw.solitaire.match.games.free,"拼圖疊疊樂"
03:00,49,com.nexon.ma,"楓之谷：放置冒險記"
03:00,50,com.grandgames.magicsort,"Magic Sort!"
03:00,51,com.fox.jstwgp,"青丘世界：緣起"
03:00,52,com.bravestars.savethedog.drawgame,"Save The Pets"
03:00,53,com.gameloft.android.ANMP.GloftA9HM,"狂野飆車：競速傳奇"
03:00,54,io.voodoo.holeio,"Hole.io"
03:00,55,com.brain.logic.joygame,"Brain Puzzle 2: Logic Twist"
03:00,56,com.ageofempiresmobile.tw,"世紀帝國M"
03:00,57,com.funnyjoy.snysw.an,"燒腦眼神王"
03:00,58,com.epicoro.castleclashers,"Castle Busters"
03:00,59,com.fiveminlab.overgeared.hero.backpack.merge,"靠裝勇者：背包合成RPG"
03:00,60,io.voodoo.paper2,"Paper.io 2"
03:00,61,com.wildfire.waifus,"與二次元女友的同居日常"
03:00,62,com.nebula.mahjongtile,"Mahjong Blast（麻將消消樂益智遊戲）"
03:00,63,com.gametree.sultan.pd,"蘇丹的遊戲"
03:00,64,com.merge.game.foodstars,"美食之星:合併與烹飪"
03:00,65,com.whoyaho.tanghulu,"糖葫蘆達人－便利店、學校午餐、聖代咖啡館吃播ASMR"
03:00,66,com.igs.mjstar31,"麻將 明星3缺1麻將"
03:00,67,com.wood.block.sudoku.puzzle.bm,"Block Crush!"
03:00,68,com.ayb.abtq,"這都能有錯"
03:00,69,io.supercent.pizzaidle,"Pizza Ready"
03:00,70,com.funplus.ts.global,"點點大作戰"
03:00,71,com.percent.aos.cooptd,"同盟塔防戰：並肩作戰"
03:00,72,com.reels.tiles.spicy.gp,"Secret Tiles - Spicy Reels"
03:00,73,com.pixel.art.coloring.color.number,"Happy Color® – 按數字編號上色的塗色書"
03:00,74,com.youmusic.magictiles,"Magic Tiles 3™ - 鋼琴遊戲"
03:00,75,jp.pokemon.pokemonsleep,"Pokémon Sleep"
03:00,76,diamond.pixel.art.jewel.color.flow.sort.puzzle,"寶石顏色分類：鑽石遊戲"
03:00,77,com.hp.keyboard.obby.asmr.speed.run,"Keyboard Obby: ASMR Speed Run"
03:00,78,com.hmbl.perfect.makeover.cleaning.asmr,"Perfect Makeover Cleaning ASMR"
03:00,79,com.pubg.uropa,"Astro Arena : 恆星激鬥 PvP"
03:00,80,com.haunteddorm.mihuan,"Haunted Dorm - 猛鬼宿舍"
03:00,81,com.vincentb.MobControl,"Mob Control"
03:00,82,com.unicostudio.farmblockescape,"Farm Block Escape"
03:00,83,io.supercent.linkedcubic,"蛇衝突 (Snake Clash)"
03:00,84,beats.color.sing.star.rush,"音樂遊戲 9：鋼琴 音樂魔法方塊"
03:00,85,com.gof.global,"寒霜啟示錄"
03:00,86,com.gtsy.annoying.punch.game,"Annoying Uncle - 拳擊遊戲"
03:00,87,com.dts.freefireth,"Free Fire: 9周年"
03:00,88,com.king.candycrushsaga,"糖果傳奇"
03:00,89,com.rush.xtreme.sports,"RUSH: Xtreme"
03:00,90,com.igs.starparty.aos,"玩星派對"
03:00,91,com.ecffri.arrows,"Arrows – Puzzle Escape"
03:00,92,com.readygo.dark.gp,"Dark War Survival"
03:00,93,com.JindoBlu.TwoPlayerGamesChallenge,"2 Player games : the Challenge"
03:00,94,bus.games.car.out.traffic.parking.jam.escape.puzzle,"巴士挑戰：解決交通堵塞"
03:00,95,com.pronetis.ironball2,"Going Balls"
03:00,96,com.kite.kittypick,"Kitty Pick"
03:00,97,com.easybrain.brainy.joygame,"Puzzle Time: Brainy Challenge"
03:00,98,com.leap.searchit,"Search It - Hidden Objects"
03:00,99,com.bverf.kmnrf.olrgm,"精靈覺醒：對決"
03:00,100,com.garena.game.codm,"決勝時刻®: Mobile - Garena"
03:00,101,com.ventogames.findthecat,"Find The Cat - Spot It!"
03:00,102,com.mondayoff.dinomutant,"恐龍突變 : T-Rex"
03:00,103,com.simulation.manager.furry.farm.food,"解憂小食光：萌系店員養成 & 餐廳模擬經營"
03:00,104,com.fatmerge.global,"食光旅行"
03:00,105,org.gg.crazy.brain,"瘋狂大腦洞: 思維急轉彎"
03:00,106,com.fungames.blockcraft,"3D 方塊城 (Block Craft)：建造模擬遊戲"
03:00,107,com.tg.sc33t.tw,"生存33天"
03:00,108,com.bunbunstudio.magicblocktiles,"音乐钢琴 7: 极速歌曲游戏"
03:00,109,com.megagames.sensultra,"超感穿梭"
03:00,110,com.nebula.tiles,"Tap Tile!"
03:00,111,com.actgames.HelloKittyMDS,"Hello Kitty My Dream Store"
03:00,112,com.mover.twrxjhw,"新熱血江湖：世界"
03:00,113,com.JindoBlu.OfflineGames,"Offline Games - No Wifi Games"
03:00,114,com.godgame.mj.android,"麻將 神來也麻將－台灣16張、麻雀"
03:00,115,com.cedargames.mysterytown,"迷霧小鎮: 合成遊戲 (Mystery Town)"
03:00,116,jp.pokemon.pokemontcgp,"Pokémon TCG Pocket"
03:00,117,com.abi.dream.unpacking,"Dreamy Room - 夢幻房間"
03:00,118,com.rekoo.pubgm,"PUBG MOBILE：絕地求生M"
03:00,119,find.difference.spot.differences.hidden.puzzle.games.free,"找不同 - 發現並找出所有不同"
03:00,120,com.hermes.mk.asia,"世界計畫 繽紛舞台！feat. 初音未來"
03:00,121,com.ea.gp.fifamobile,"EA SPORTS FC™ 足球 Mobile 2026"
03:00,122,com.tgc.sky.android,"Sky光·遇"
03:00,123,com.haegin.playtogether,"天天玩樂園 (Play Together)"
03:00,124,com.playrix.township,"夢想小鎮"
03:00,125,com.soccer.score.star,"Soccer Superstar - 足球巨星"
03:00,126,com.igg.android.lordsmobile,"王國紀元 (Lords Mobile)：全面戰爭"
03:00,127,com.mmzzhx.goo,"萌萌武道：主宰幻想"
03:00,128,solitaire.word.association.connections.puzzle,"字詞接龍"
03:00,129,com.yzlm.tw.and,"勇者來開團"
03:00,130,com.majesti.mcahjong.aerew2.game,"Majestic Mahjong"
03:00,131,com.studio27.MelonPlayground,"Melon Sandbox"
03:00,132,com.gsbeauty.gp.midnighttales,"Midnight Tales"
03:00,133,com.moonactive.holestars,"Hole Stars: 謎題挑戰"
03:00,134,com.cyberjoy.galaxydefense,"太空防禦(Galaxy Defense)"
03:00,135,com.kiloo.subwaysurf,"Subway Surfers"
03:00,136,com.craft.city.blockbuilder.pro,"Craft Explore: Block Builder"
03:00,137,com.flower.forest.word.puzzle,"Flower Forest - Word Puzzle"
03:00,138,com.walk.king.race.on.stairs,"Walk King - Race on Stairs"
03:00,139,io.supercent.weaponrpg,"XP Hero (XP英雄)"
03:00,140,com.unicostudio.braintest,"腦力測試 (Brain Test)：謎題急轉彎"
03:00,141,com.gamedots.seasideescape,"漫遊小鎮®：合併&故事"
03:00,142,com.sh.fidget.toys.mini.relaxing.antistress.games,"迷你放鬆遊戲 - pop it"
03:00,143,jigsolitaire.jigsort.jigsaw.solitaire.puzzle,"Jigsort™ 拼圖遊戲：單人樂趣無窮"
03:00,144,com.xianni.tw,"仙逆M-官方正版授權"
03:00,145,com.kunpan.android.lili.tw,"莉莉的冒險衣櫥"
03:00,146,com.Chodun.CatGunner,"槍手貓咪：放置射擊RPG"
03:00,147,com.pikpok.dc.play,"Doomsday Clicker"
03:00,148,sheep.animal.parking.puzzle.game.jam,"Sheep Dash: Sheep Away"
03:00,149,com.netmarble.stonkey,"石器時代：放置冒險"
03:00,150,com.igg.android.doomsdaylastsurvivors,"黎明再現-FAIRY TAIL魔導少年聯動"
03:00,151,com.kayac.PistolDuel,"Pistol Duel"
03:00,152,com.gf.wx2h5twtw.hwyad.google,"轉運江湖"
03:00,153,easy.sudoku.puzzle.solver.free,"數獨 - 經典數獨謎題"
03:00,154,com.oakever.tiletrip,"Tile Explorer - Triple Match"
03:00,155,com.arargames.blocked,"Blocked Pixel Panzer"
03:00,156,com.whoyaho.pendeco,"串珠筆達人 - 手作筆ASMR"
03:00,157,com.monopoly.dream.idle.king,"Top Tycoon: Coin Theme Empire"
03:00,158,com.fc.p.cp.jelly.mukbang.asmr.live.diy,"果冻大师：吃播 ASMR"
03:00,159,com.wood.bolt.wordle.screw.nuts.puzzle,"Woodle Screw™ Pin: 螺帽與螺栓"
03:00,160,com.autoall.arrowpm,"Arrow Puzzle Master"
03:00,161,com.sled.surfers.game,"Sled Surfers"
03:00,162,block.color.game.jam.blocks.sort.puzzle.games.slide.free,"色彩方塊：益智解謎遊戲"
03:00,163,com.tfgco.apps.coloring.free.color.by.number,"填色一二三：像素著色遊戲"
03:00,164,com.gamesofa.android.allchess,"象棋 神來也暗棋2：象棋暗棋、象棋麻將"
03:00,165,com.hks.brain,"剪影收納達人：Brainstorming Master"
03:00,166,com.devsisters.cc,"薑餅人放置大戰爭 - 餅乾養成RPG"
03:00,167,com.kayac.level_up_number,"Number Master: 號碼大師"
03:00,168,jp.garud.ssimulator,"SAKURA School Simulator"
03:00,169,casual.soundboard.ar.trending,"Trending AR Soundboard"
03:00,170,com.streetcomplete.pixelmagician,"我的法杖有點強：放置RPG"
03:00,171,com.tfv.block.line.fill.puzzle,"Single Line Block Fill Puzzle"
03:00,172,com.topwar.gp,"口袋奇兵（Top War）-超休閒的策略遊戲"
03:00,173,com.chillyroom.containerofsoul.gp,"魂墜深境 - 肉鴿卡牌RPG"
03:00,174,com.pathdefenders.game,"Path Defenders：英雄塔防"
03:00,175,com.ultimatelavashgames.rollthehole,"Jelly Hole: Roll & Eat Pals"
03:00,176,piggy.escape.jam.farm.puzzle.game,"Piggy Escape: Pig Jam Farm"
03:00,177,com.global.sgdbztw,"時光大爆炸"
03:00,178,com.xh.wxlh.android,"無盡輪迴：鬼域摸金"
03:00,179,com.jumbo.yirufa,"包你發-王識賢、安心亞推薦休閒娛樂城-老虎機、捕魚機多款遊戲"
03:00,180,com.fluffydrop.op.gp,"Fluffy Drop - No Timer"
03:00,181,jp.pokemon.pokemonchampions,"Pokémon Champions"
03:00,182,com.gf.fpjtwtw.hwyad.google,"巡夢少女"
03:00,183,com.ltgames.android.m71.tw,"一念逍遙"
03:00,184,com.xd.xdtglobal.gp,"心動小鎮"
03:00,185,com.cat.hole.puzzle.aos,"貓咪掉下去"
03:00,186,com.magic.dancing.tiles.game.piano,"Piano Pink Music: Rhythm Game"
03:00,187,com.nexters.herowars,"勇士爭霸：群雄聯盟 - 角色扮演戰鬥多人手遊戲"
03:00,188,com.chirpysort.game.android,"Chirpy Sort: Bird Color Puzzle"
03:00,189,com.gamesofa.android.catcafe2,"貓咪造咖－有故事的貓咪咖啡廳"
03:00,190,com.playspare.supermarket.store.simulator,"超市商店模擬器"
03:00,191,com.mover.twzqzs,"最強宗師"
03:00,192,com.yzzg.mdgame,"暗影紀元-魔幻冒险之旅"
03:00,193,com.choice.craft,"趣穿書ChoiceCraft-沉浸式重生逆襲言情穿越互動小說"
03:00,194,com.puzzlegame.heartwavegirls011,"Jigsaw Heartwave Girls"
03:00,195,com.easybrain.brick.balls.blast,"Brick Blast：小球打磚塊"
03:00,196,com.readygo.barrel.gp,"Last Z：Survival Shooter（倖存者逃亡）"
03:00,197,com.mobsmile.coincollector,"Coin Collector"
03:00,198,flexus.dye.hard,"終極渲染: 顏色大戰"
03:00,199,com.aim.racing,"Extreme Car Driving Simulator"
04:30,1,com.oakever.meowdoku,"Meowdoku: 腦力解謎遊戲"
04:30,2,com.nexon.devcat.mm.tw,"瑪奇 Mobile"
04:30,3,game.qualiarts.hololive.dreams.com,"hololive Dreams"
04:30,4,com.phstw.global,"醫起救世界：鼠裡逃生"
04:30,5,com.zyyad.mihuan,"赵云与阿斗"
04:30,6,com.wydxb.words.puzzle.an,"天天拼詞王"
04:30,7,com.xman.tw.gp,"超能戰爭"
04:30,8,com.cyphergames.royalsmash,"Royal Smash! - Physics Puzzle"
04:30,9,com.teaegg.puzzle.master,"茶葉蛋大冒險"
04:30,10,com.nianticlabs.pikmin,"Pikmin Bloom"
04:30,11,com.roblox.client,"Roblox"
04:30,12,com.familygo.simgame,"家族物語 - 治癒系世代模擬"
04:30,13,com.hortor.femsj.asia,"肥鵝美食街"
04:30,14,com.block.juggle,"Block Blast!"
04:30,15,com.mergegames.gossipharbor,"緋聞港口：合併&故事"
04:30,16,com.kayac.slow_mo_strike,"Slow Mo Strike: Knives in Time"
04:30,17,com.vitastudio.mahjong,"Vita 麻將"
04:30,18,com.capetown.mh.ap.gp,"完蛋！我被美少女攻略了"
04:30,19,com.dreamgames.royalkingdom,"Royal Kingdom"
04:30,20,jp.co.goodroid.hyper.busflow,"Bus Traffic Fever!"
04:30,21,com.run.tower.defense,"Kingshot"
04:30,22,com.oakever.arrows,"Amaze GO! - 箭頭解謎"
04:30,23,com.wydxb.wordcross.an,"我要當學霸"
04:30,24,com.puzzlegames.puzzlebrickslegend,"Color Block: Combo Blast"
04:30,25,com.unept.leveldevil,"Level Devil - NOT A Troll Game"
04:30,26,com.nianticlabs.pokemongo,"Pokémon GO"
04:30,27,com.hollywood.merge,"好萊塢合成：星夢逆襲"
04:30,28,com.warrior.screw.gp,"擰螺絲高高手"
04:30,29,com.garena.game.df,"Garena® 三角洲行動"
04:30,30,com.media720.games2020,"離線遊戲: 無網單機好玩的桌遊 - Offline 100+"
04:30,31,com.agavegames.findthecat2,"Find The Cat 2 - Spot It!"
04:30,32,com.a3.tavernlegend.googleplay,"酒館傳奇"
04:30,33,com.fun.brain.game,"Brain Puzzle: Tricky Quest"
04:30,34,com.JoyPlay.DogsWarShootingGames.GP,"修勾逃生巨人危機-狗狗戰爭射擊遊戲-超好玩狗狗摸金搜打撤遊戲"
04:30,35,com.netease.eggypartyhmt,"蛋仔派對"
04:30,36,com.studiobside.starMain,"星之救援者"
04:30,37,com.yoyogames.love.makeover.dressup.dating.crush.game,"Love Makeover: 時尚換裝物語"
04:30,38,com.newtv.cricketduel,"蟋蟀江湖 - 模擬經營養成手遊"
04:30,39,com.s01.global,"Lordrush"
04:30,40,com.helpgirlmatch.geakkz2.game,"Help Girl Match"
04:30,41,com.wxdmxtw.android,"新武俠大明星"
04:30,42,com.brain.crazy.joygame,"Brain Puzzle 3: Crazy Mind"
04:30,43,color.number.paint.pixle.art.sort.jigsaw,"Jewel Coloring"
04:30,44,jp.co.ponos.battlecatstw,"貓咪大戰爭"
04:30,45,com.pocket.sort.coin.puzzle.game,"Pocket Sort: Coin Merge Puzzle"
04:30,46,com.dynastytk.king,"三國志KING"
04:30,47,com.cliffs.pro.cell.building.crazy.clever.craft,"Block Crazy Robo World Craft"
04:30,48,jigsaw.solitaire.match.games.free,"拼圖疊疊樂"
04:30,49,com.nexon.ma,"楓之谷：放置冒險記"
04:30,50,com.grandgames.magicsort,"Magic Sort!"
04:30,51,com.fox.jstwgp,"青丘世界：緣起"
04:30,52,com.bravestars.savethedog.drawgame,"Save The Pets"
04:30,53,com.gameloft.android.ANMP.GloftA9HM,"狂野飆車：競速傳奇"
04:30,54,io.voodoo.holeio,"Hole.io"
04:30,55,com.brain.logic.joygame,"Brain Puzzle 2: Logic Twist"
04:30,56,com.ageofempiresmobile.tw,"世紀帝國M"
04:30,57,com.funnyjoy.snysw.an,"燒腦眼神王"
04:30,58,com.epicoro.castleclashers,"Castle Busters"
04:30,59,com.fiveminlab.overgeared.hero.backpack.merge,"靠裝勇者：背包合成RPG"
04:30,60,io.voodoo.paper2,"Paper.io 2"
04:30,61,com.wildfire.waifus,"與二次元女友的同居日常"
04:30,62,com.nebula.mahjongtile,"Mahjong Blast（麻將消消樂益智遊戲）"
04:30,63,com.gametree.sultan.pd,"蘇丹的遊戲"
04:30,64,com.merge.game.foodstars,"美食之星:合併與烹飪"
04:30,65,com.whoyaho.tanghulu,"糖葫蘆達人－便利店、學校午餐、聖代咖啡館吃播ASMR"
04:30,66,com.igs.mjstar31,"麻將 明星3缺1麻將"
04:30,67,com.wood.block.sudoku.puzzle.bm,"Block Crush!"
04:30,68,com.ayb.abtq,"這都能有錯"
04:30,69,io.supercent.pizzaidle,"Pizza Ready"
04:30,70,com.funplus.ts.global,"點點大作戰"
04:30,71,com.percent.aos.cooptd,"同盟塔防戰：並肩作戰"
04:30,72,com.reels.tiles.spicy.gp,"Secret Tiles - Spicy Reels"
04:30,73,com.pixel.art.coloring.color.number,"Happy Color® – 按數字編號上色的塗色書"
04:30,74,com.youmusic.magictiles,"Magic Tiles 3™ - 鋼琴遊戲"
04:30,75,jp.pokemon.pokemonsleep,"Pokémon Sleep"
04:30,76,diamond.pixel.art.jewel.color.flow.sort.puzzle,"寶石顏色分類：鑽石遊戲"
04:30,77,com.hp.keyboard.obby.asmr.speed.run,"Keyboard Obby: ASMR Speed Run"
04:30,78,com.hmbl.perfect.makeover.cleaning.asmr,"Perfect Makeover Cleaning ASMR"
04:30,79,com.pubg.uropa,"Astro Arena : 恆星激鬥 PvP"
04:30,80,com.haunteddorm.mihuan,"Haunted Dorm - 猛鬼宿舍"
04:30,81,com.vincentb.MobControl,"Mob Control"
04:30,82,com.unicostudio.farmblockescape,"Farm Block Escape"
04:30,83,io.supercent.linkedcubic,"蛇衝突 (Snake Clash)"
04:30,84,beats.color.sing.star.rush,"音樂遊戲 9：鋼琴 音樂魔法方塊"
04:30,85,com.gof.global,"寒霜啟示錄"
04:30,86,com.gtsy.annoying.punch.game,"Annoying Uncle - 拳擊遊戲"
04:30,87,com.dts.freefireth,"Free Fire: 9周年"
04:30,88,com.king.candycrushsaga,"糖果傳奇"
04:30,89,com.rush.xtreme.sports,"RUSH: Xtreme"
04:30,90,com.igs.starparty.aos,"玩星派對"
04:30,91,com.ecffri.arrows,"Arrows – Puzzle Escape"
04:30,92,com.readygo.dark.gp,"Dark War Survival"
04:30,93,com.JindoBlu.TwoPlayerGamesChallenge,"2 Player games : the Challenge"
04:30,94,bus.games.car.out.traffic.parking.jam.escape.puzzle,"巴士挑戰：解決交通堵塞"
04:30,95,com.pronetis.ironball2,"Going Balls"
04:30,96,com.kite.kittypick,"Kitty Pick"
04:30,97,com.easybrain.brainy.joygame,"Puzzle Time: Brainy Challenge"
04:30,98,com.leap.searchit,"Search It - Hidden Objects"
04:30,99,com.bverf.kmnrf.olrgm,"精靈覺醒：對決"
04:30,100,com.garena.game.codm,"決勝時刻®: Mobile - Garena"
04:30,101,com.ventogames.findthecat,"Find The Cat - Spot It!"
04:30,102,com.mondayoff.dinomutant,"恐龍突變 : T-Rex"
04:30,103,com.simulation.manager.furry.farm.food,"解憂小食光：萌系店員養成 & 餐廳模擬經營"
04:30,104,com.fatmerge.global,"食光旅行"
04:30,105,org.gg.crazy.brain,"瘋狂大腦洞: 思維急轉彎"
04:30,106,com.fungames.blockcraft,"3D 方塊城 (Block Craft)：建造模擬遊戲"
04:30,107,com.tg.sc33t.tw,"生存33天"
04:30,108,com.bunbunstudio.magicblocktiles,"音乐钢琴 7: 极速歌曲游戏"
04:30,109,com.megagames.sensultra,"超感穿梭"
04:30,110,com.nebula.tiles,"Tap Tile!"
04:30,111,com.actgames.HelloKittyMDS,"Hello Kitty My Dream Store"
04:30,112,com.mover.twrxjhw,"新熱血江湖：世界"
04:30,113,com.JindoBlu.OfflineGames,"Offline Games - No Wifi Games"
04:30,114,com.godgame.mj.android,"麻將 神來也麻將－台灣16張、麻雀"
04:30,115,com.cedargames.mysterytown,"迷霧小鎮: 合成遊戲 (Mystery Town)"
04:30,116,jp.pokemon.pokemontcgp,"Pokémon TCG Pocket"
04:30,117,com.abi.dream.unpacking,"Dreamy Room - 夢幻房間"
04:30,118,com.rekoo.pubgm,"PUBG MOBILE：絕地求生M"
04:30,119,find.difference.spot.differences.hidden.puzzle.games.free,"找不同 - 發現並找出所有不同"
04:30,120,com.hermes.mk.asia,"世界計畫 繽紛舞台！feat. 初音未來"
04:30,121,com.ea.gp.fifamobile,"EA SPORTS FC™ 足球 Mobile 2026"
04:30,122,com.tgc.sky.android,"Sky光·遇"
04:30,123,com.haegin.playtogether,"天天玩樂園 (Play Together)"
04:30,124,com.playrix.township,"夢想小鎮"
04:30,125,com.soccer.score.star,"Soccer Superstar - 足球巨星"
04:30,126,com.igg.android.lordsmobile,"王國紀元 (Lords Mobile)：全面戰爭"
04:30,127,com.mmzzhx.goo,"萌萌武道：主宰幻想"
04:30,128,solitaire.word.association.connections.puzzle,"字詞接龍"
04:30,129,com.yzlm.tw.and,"勇者來開團"
04:30,130,com.majesti.mcahjong.aerew2.game,"Majestic Mahjong"
04:30,131,com.studio27.MelonPlayground,"Melon Sandbox"
04:30,132,com.gsbeauty.gp.midnighttales,"Midnight Tales"
04:30,133,com.moonactive.holestars,"Hole Stars: 謎題挑戰"
04:30,134,com.cyberjoy.galaxydefense,"太空防禦(Galaxy Defense)"
04:30,135,com.kiloo.subwaysurf,"Subway Surfers"
04:30,136,com.craft.city.blockbuilder.pro,"Craft Explore: Block Builder"
04:30,137,com.flower.forest.word.puzzle,"Flower Forest - Word Puzzle"
04:30,138,com.walk.king.race.on.stairs,"Walk King - Race on Stairs"
04:30,139,io.supercent.weaponrpg,"XP Hero (XP英雄)"
04:30,140,com.unicostudio.braintest,"腦力測試 (Brain Test)：謎題急轉彎"
04:30,141,com.gamedots.seasideescape,"漫遊小鎮®：合併&故事"
04:30,142,com.sh.fidget.toys.mini.relaxing.antistress.games,"迷你放鬆遊戲 - pop it"
04:30,143,jigsolitaire.jigsort.jigsaw.solitaire.puzzle,"Jigsort™ 拼圖遊戲：單人樂趣無窮"
04:30,144,com.xianni.tw,"仙逆M-官方正版授權"
04:30,145,com.kunpan.android.lili.tw,"莉莉的冒險衣櫥"
04:30,146,com.Chodun.CatGunner,"槍手貓咪：放置射擊RPG"
04:30,147,com.pikpok.dc.play,"Doomsday Clicker"
04:30,148,sheep.animal.parking.puzzle.game.jam,"Sheep Dash: Sheep Away"
04:30,149,com.netmarble.stonkey,"石器時代：放置冒險"
04:30,150,com.igg.android.doomsdaylastsurvivors,"黎明再現-FAIRY TAIL魔導少年聯動"
04:30,151,com.kayac.PistolDuel,"Pistol Duel"
04:30,152,com.gf.wx2h5twtw.hwyad.google,"轉運江湖"
04:30,153,easy.sudoku.puzzle.solver.free,"數獨 - 經典數獨謎題"
04:30,154,com.oakever.tiletrip,"Tile Explorer - Triple Match"
04:30,155,com.arargames.blocked,"Blocked Pixel Panzer"
04:30,156,com.whoyaho.pendeco,"串珠筆達人 - 手作筆ASMR"
04:30,157,com.monopoly.dream.idle.king,"Top Tycoon: Coin Theme Empire"
04:30,158,com.fc.p.cp.jelly.mukbang.asmr.live.diy,"果冻大师：吃播 ASMR"
04:30,159,com.wood.bolt.wordle.screw.nuts.puzzle,"Woodle Screw™ Pin: 螺帽與螺栓"
04:30,160,com.autoall.arrowpm,"Arrow Puzzle Master"
04:30,161,com.sled.surfers.game,"Sled Surfers"
04:30,162,block.color.game.jam.blocks.sort.puzzle.games.slide.free,"色彩方塊：益智解謎遊戲"
04:30,163,com.tfgco.apps.coloring.free.color.by.number,"填色一二三：像素著色遊戲"
04:30,164,com.gamesofa.android.allchess,"象棋 神來也暗棋2：象棋暗棋、象棋麻將"
04:30,165,com.hks.brain,"剪影收納達人：Brainstorming Master"
04:30,166,com.devsisters.cc,"薑餅人放置大戰爭 - 餅乾養成RPG"
04:30,167,com.kayac.level_up_number,"Number Master: 號碼大師"
04:30,168,jp.garud.ssimulator,"SAKURA School Simulator"
04:30,169,casual.soundboard.ar.trending,"Trending AR Soundboard"
04:30,170,com.streetcomplete.pixelmagician,"我的法杖有點強：放置RPG"
04:30,171,com.tfv.block.line.fill.puzzle,"Single Line Block Fill Puzzle"
04:30,172,com.topwar.gp,"口袋奇兵（Top War）-超休閒的策略遊戲"
04:30,173,com.chillyroom.containerofsoul.gp,"魂墜深境 - 肉鴿卡牌RPG"
04:30,174,com.pathdefenders.game,"Path Defenders：英雄塔防"
04:30,175,com.ultimatelavashgames.rollthehole,"Jelly Hole: Roll & Eat Pals"
04:30,176,piggy.escape.jam.farm.puzzle.game,"Piggy Escape: Pig Jam Farm"
04:30,177,com.global.sgdbztw,"時光大爆炸"
04:30,178,com.xh.wxlh.android,"無盡輪迴：鬼域摸金"
04:30,179,com.jumbo.yirufa,"包你發-王識賢、安心亞推薦休閒娛樂城-老虎機、捕魚機多款遊戲"
04:30,180,com.fluffydrop.op.gp,"Fluffy Drop - No Timer"
04:30,181,jp.pokemon.pokemonchampions,"Pokémon Champions"
04:30,182,com.gf.fpjtwtw.hwyad.google,"巡夢少女"
04:30,183,com.ltgames.android.m71.tw,"一念逍遙"
04:30,184,com.xd.xdtglobal.gp,"心動小鎮"
04:30,185,com.cat.hole.puzzle.aos,"貓咪掉下去"
04:30,186,com.magic.dancing.tiles.game.piano,"Piano Pink Music: Rhythm Game"
04:30,187,com.nexters.herowars,"勇士爭霸：群雄聯盟 - 角色扮演戰鬥多人手遊戲"
04:30,188,com.chirpysort.game.android,"Chirpy Sort: Bird Color Puzzle"
04:30,189,com.gamesofa.android.catcafe2,"貓咪造咖－有故事的貓咪咖啡廳"
04:30,190,com.playspare.supermarket.store.simulator,"超市商店模擬器"
04:30,191,com.mover.twzqzs,"最強宗師"
04:30,192,com.yzzg.mdgame,"暗影紀元-魔幻冒险之旅"
04:30,193,com.choice.craft,"趣穿書ChoiceCraft-沉浸式重生逆襲言情穿越互動小說"
04:30,194,com.puzzlegame.heartwavegirls011,"Jigsaw Heartwave Girls"
04:30,195,com.easybrain.brick.balls.blast,"Brick Blast：小球打磚塊"
04:30,196,com.readygo.barrel.gp,"Last Z：Survival Shooter（倖存者逃亡）"
04:30,197,com.mobsmile.coincollector,"Coin Collector"
04:30,198,flexus.dye.hard,"終極渲染: 顏色大戰"
04:30,199,com.aim.racing,"Extreme Car Driving Simulator"
06:00,1,com.oakever.meowdoku,"Meowdoku: 腦力解謎遊戲"
06:00,2,com.nexon.devcat.mm.tw,"瑪奇 Mobile"
06:00,3,game.qualiarts.hololive.dreams.com,"hololive Dreams"
06:00,4,com.phstw.global,"醫起救世界：鼠裡逃生"
06:00,5,com.zyyad.mihuan,"赵云与阿斗"
06:00,6,com.wydxb.words.puzzle.an,"天天拼詞王"
06:00,7,com.xman.tw.gp,"超能戰爭"
06:00,8,com.cyphergames.royalsmash,"Royal Smash! - Physics Puzzle"
06:00,9,com.teaegg.puzzle.master,"茶葉蛋大冒險"
06:00,10,com.nianticlabs.pikmin,"Pikmin Bloom"
06:00,11,com.roblox.client,"Roblox"
06:00,12,com.familygo.simgame,"家族物語 - 治癒系世代模擬"
06:00,13,com.hortor.femsj.asia,"肥鵝美食街"
06:00,14,com.block.juggle,"Block Blast!"
06:00,15,com.mergegames.gossipharbor,"緋聞港口：合併&故事"
06:00,16,com.kayac.slow_mo_strike,"Slow Mo Strike: Knives in Time"
06:00,17,com.vitastudio.mahjong,"Vita 麻將"
06:00,18,com.capetown.mh.ap.gp,"完蛋！我被美少女攻略了"
06:00,19,com.dreamgames.royalkingdom,"Royal Kingdom"
06:00,20,jp.co.goodroid.hyper.busflow,"Bus Traffic Fever!"
06:00,21,com.run.tower.defense,"Kingshot"
06:00,22,com.oakever.arrows,"Amaze GO! - 箭頭解謎"
06:00,23,com.wydxb.wordcross.an,"我要當學霸"
06:00,24,com.puzzlegames.puzzlebrickslegend,"Color Block: Combo Blast"
06:00,25,com.unept.leveldevil,"Level Devil - NOT A Troll Game"
06:00,26,com.nianticlabs.pokemongo,"Pokémon GO"
06:00,27,com.hollywood.merge,"好萊塢合成：星夢逆襲"
06:00,28,com.warrior.screw.gp,"擰螺絲高高手"
06:00,29,com.garena.game.df,"Garena® 三角洲行動"
06:00,30,com.media720.games2020,"離線遊戲: 無網單機好玩的桌遊 - Offline 100+"
06:00,31,com.agavegames.findthecat2,"Find The Cat 2 - Spot It!"
06:00,32,com.a3.tavernlegend.googleplay,"酒館傳奇"
06:00,33,com.fun.brain.game,"Brain Puzzle: Tricky Quest"
06:00,34,com.JoyPlay.DogsWarShootingGames.GP,"修勾逃生巨人危機-狗狗戰爭射擊遊戲-超好玩狗狗摸金搜打撤遊戲"
06:00,35,com.netease.eggypartyhmt,"蛋仔派對"
06:00,36,com.studiobside.starMain,"星之救援者"
06:00,37,com.yoyogames.love.makeover.dressup.dating.crush.game,"Love Makeover: 時尚換裝物語"
06:00,38,com.newtv.cricketduel,"蟋蟀江湖 - 模擬經營養成手遊"
06:00,39,com.s01.global,"Lordrush"
06:00,40,com.helpgirlmatch.geakkz2.game,"Help Girl Match"
06:00,41,com.wxdmxtw.android,"新武俠大明星"
06:00,42,com.brain.crazy.joygame,"Brain Puzzle 3: Crazy Mind"
06:00,43,color.number.paint.pixle.art.sort.jigsaw,"Jewel Coloring"
06:00,44,jp.co.ponos.battlecatstw,"貓咪大戰爭"
06:00,45,com.pocket.sort.coin.puzzle.game,"Pocket Sort: Coin Merge Puzzle"
06:00,46,com.dynastytk.king,"三國志KING"
06:00,47,com.cliffs.pro.cell.building.crazy.clever.craft,"Block Crazy Robo World Craft"
06:00,48,jigsaw.solitaire.match.games.free,"拼圖疊疊樂"
06:00,49,com.nexon.ma,"楓之谷：放置冒險記"
06:00,50,com.grandgames.magicsort,"Magic Sort!"
06:00,51,com.fox.jstwgp,"青丘世界：緣起"
06:00,52,com.bravestars.savethedog.drawgame,"Save The Pets"
06:00,53,com.gameloft.android.ANMP.GloftA9HM,"狂野飆車：競速傳奇"
06:00,54,io.voodoo.holeio,"Hole.io"
06:00,55,com.brain.logic.joygame,"Brain Puzzle 2: Logic Twist"
06:00,56,com.ageofempiresmobile.tw,"世紀帝國M"
06:00,57,com.funnyjoy.snysw.an,"燒腦眼神王"
06:00,58,com.epicoro.castleclashers,"Castle Busters"
06:00,59,com.fiveminlab.overgeared.hero.backpack.merge,"靠裝勇者：背包合成RPG"
06:00,60,io.voodoo.paper2,"Paper.io 2"
06:00,61,com.wildfire.waifus,"與二次元女友的同居日常"
06:00,62,com.nebula.mahjongtile,"Mahjong Blast（麻將消消樂益智遊戲）"
06:00,63,com.gametree.sultan.pd,"蘇丹的遊戲"
06:00,64,com.merge.game.foodstars,"美食之星:合併與烹飪"
06:00,65,com.whoyaho.tanghulu,"糖葫蘆達人－便利店、學校午餐、聖代咖啡館吃播ASMR"
06:00,66,com.igs.mjstar31,"麻將 明星3缺1麻將"
06:00,67,com.wood.block.sudoku.puzzle.bm,"Block Crush!"
06:00,68,com.ayb.abtq,"這都能有錯"
06:00,69,io.supercent.pizzaidle,"Pizza Ready"
06:00,70,com.funplus.ts.global,"點點大作戰"
06:00,71,com.percent.aos.cooptd,"同盟塔防戰：並肩作戰"
06:00,72,com.reels.tiles.spicy.gp,"Secret Tiles - Spicy Reels"
06:00,73,com.pixel.art.coloring.color.number,"Happy Color® – 按數字編號上色的塗色書"
06:00,74,com.youmusic.magictiles,"Magic Tiles 3™ - 鋼琴遊戲"
06:00,75,jp.pokemon.pokemonsleep,"Pokémon Sleep"
06:00,76,diamond.pixel.art.jewel.color.flow.sort.puzzle,"寶石顏色分類：鑽石遊戲"
06:00,77,com.hp.keyboard.obby.asmr.speed.run,"Keyboard Obby: ASMR Speed Run"
06:00,78,com.hmbl.perfect.makeover.cleaning.asmr,"Perfect Makeover Cleaning ASMR"
06:00,79,com.pubg.uropa,"Astro Arena : 恆星激鬥 PvP"
06:00,80,com.haunteddorm.mihuan,"Haunted Dorm - 猛鬼宿舍"
06:00,81,com.vincentb.MobControl,"Mob Control"
06:00,82,com.unicostudio.farmblockescape,"Farm Block Escape"
06:00,83,io.supercent.linkedcubic,"蛇衝突 (Snake Clash)"
06:00,84,beats.color.sing.star.rush,"音樂遊戲 9：鋼琴 音樂魔法方塊"
06:00,85,com.gof.global,"寒霜啟示錄"
06:00,86,com.gtsy.annoying.punch.game,"Annoying Uncle - 拳擊遊戲"
06:00,87,com.dts.freefireth,"Free Fire: 9周年"
06:00,88,com.king.candycrushsaga,"糖果傳奇"
06:00,89,com.rush.xtreme.sports,"RUSH: Xtreme"
06:00,90,com.igs.starparty.aos,"玩星派對"
06:00,91,com.ecffri.arrows,"Arrows – Puzzle Escape"
06:00,92,com.readygo.dark.gp,"Dark War Survival"
06:00,93,com.JindoBlu.TwoPlayerGamesChallenge,"2 Player games : the Challenge"
06:00,94,bus.games.car.out.traffic.parking.jam.escape.puzzle,"巴士挑戰：解決交通堵塞"
06:00,95,com.pronetis.ironball2,"Going Balls"
06:00,96,com.kite.kittypick,"Kitty Pick"
06:00,97,com.easybrain.brainy.joygame,"Puzzle Time: Brainy Challenge"
06:00,98,com.leap.searchit,"Search It - Hidden Objects"
06:00,99,com.bverf.kmnrf.olrgm,"精靈覺醒：對決"
06:00,100,com.garena.game.codm,"決勝時刻®: Mobile - Garena"
06:00,101,com.ventogames.findthecat,"Find The Cat - Spot It!"
06:00,102,com.mondayoff.dinomutant,"恐龍突變 : T-Rex"
06:00,103,com.simulation.manager.furry.farm.food,"解憂小食光：萌系店員養成 & 餐廳模擬經營"
06:00,104,com.fatmerge.global,"食光旅行"
06:00,105,org.gg.crazy.brain,"瘋狂大腦洞: 思維急轉彎"
06:00,106,com.fungames.blockcraft,"3D 方塊城 (Block Craft)：建造模擬遊戲"
06:00,107,com.tg.sc33t.tw,"生存33天"
06:00,108,com.bunbunstudio.magicblocktiles,"音乐钢琴 7: 极速歌曲游戏"
06:00,109,com.megagames.sensultra,"超感穿梭"
06:00,110,com.nebula.tiles,"Tap Tile!"
06:00,111,com.actgames.HelloKittyMDS,"Hello Kitty My Dream Store"
06:00,112,com.mover.twrxjhw,"新熱血江湖：世界"
06:00,113,com.JindoBlu.OfflineGames,"Offline Games - No Wifi Games"
06:00,114,com.godgame.mj.android,"麻將 神來也麻將－台灣16張、麻雀"
06:00,115,com.cedargames.mysterytown,"迷霧小鎮: 合成遊戲 (Mystery Town)"
06:00,116,jp.pokemon.pokemontcgp,"Pokémon TCG Pocket"
06:00,117,com.abi.dream.unpacking,"Dreamy Room - 夢幻房間"
06:00,118,com.rekoo.pubgm,"PUBG MOBILE：絕地求生M"
06:00,119,find.difference.spot.differences.hidden.puzzle.games.free,"找不同 - 發現並找出所有不同"
06:00,120,com.hermes.mk.asia,"世界計畫 繽紛舞台！feat. 初音未來"
06:00,121,com.ea.gp.fifamobile,"EA SPORTS FC™ 足球 Mobile 2026"
06:00,122,com.tgc.sky.android,"Sky光·遇"
06:00,123,com.haegin.playtogether,"天天玩樂園 (Play Together)"
06:00,124,com.playrix.township,"夢想小鎮"
06:00,125,com.soccer.score.star,"Soccer Superstar - 足球巨星"
06:00,126,com.igg.android.lordsmobile,"王國紀元 (Lords Mobile)：全面戰爭"
06:00,127,com.mmzzhx.goo,"萌萌武道：主宰幻想"
06:00,128,solitaire.word.association.connections.puzzle,"字詞接龍"
06:00,129,com.yzlm.tw.and,"勇者來開團"
06:00,130,com.majesti.mcahjong.aerew2.game,"Majestic Mahjong"
06:00,131,com.studio27.MelonPlayground,"Melon Sandbox"
06:00,132,com.gsbeauty.gp.midnighttales,"Midnight Tales"
06:00,133,com.moonactive.holestars,"Hole Stars: 謎題挑戰"
06:00,134,com.cyberjoy.galaxydefense,"太空防禦(Galaxy Defense)"
06:00,135,com.kiloo.subwaysurf,"Subway Surfers"
06:00,136,com.craft.city.blockbuilder.pro,"Craft Explore: Block Builder"
06:00,137,com.flower.forest.word.puzzle,"Flower Forest - Word Puzzle"
06:00,138,com.walk.king.race.on.stairs,"Walk King - Race on Stairs"
06:00,139,io.supercent.weaponrpg,"XP Hero (XP英雄)"
06:00,140,com.unicostudio.braintest,"腦力測試 (Brain Test)：謎題急轉彎"
06:00,141,com.gamedots.seasideescape,"漫遊小鎮®：合併&故事"
06:00,142,com.sh.fidget.toys.mini.relaxing.antistress.games,"迷你放鬆遊戲 - pop it"
06:00,143,jigsolitaire.jigsort.jigsaw.solitaire.puzzle,"Jigsort™ 拼圖遊戲：單人樂趣無窮"
06:00,144,com.xianni.tw,"仙逆M-官方正版授權"
06:00,145,com.kunpan.android.lili.tw,"莉莉的冒險衣櫥"
06:00,146,com.Chodun.CatGunner,"槍手貓咪：放置射擊RPG"
06:00,147,com.pikpok.dc.play,"Doomsday Clicker"
06:00,148,sheep.animal.parking.puzzle.game.jam,"Sheep Dash: Sheep Away"
06:00,149,com.netmarble.stonkey,"石器時代：放置冒險"
06:00,150,com.igg.android.doomsdaylastsurvivors,"黎明再現-FAIRY TAIL魔導少年聯動"
06:00,151,com.kayac.PistolDuel,"Pistol Duel"
06:00,152,com.gf.wx2h5twtw.hwyad.google,"轉運江湖"
06:00,153,easy.sudoku.puzzle.solver.free,"數獨 - 經典數獨謎題"
06:00,154,com.oakever.tiletrip,"Tile Explorer - Triple Match"
06:00,155,com.arargames.blocked,"Blocked Pixel Panzer"
06:00,156,com.whoyaho.pendeco,"串珠筆達人 - 手作筆ASMR"
06:00,157,com.monopoly.dream.idle.king,"Top Tycoon: Coin Theme Empire"
06:00,158,com.fc.p.cp.jelly.mukbang.asmr.live.diy,"果冻大师：吃播 ASMR"
06:00,159,com.wood.bolt.wordle.screw.nuts.puzzle,"Woodle Screw™ Pin: 螺帽與螺栓"
06:00,160,com.autoall.arrowpm,"Arrow Puzzle Master"
06:00,161,com.sled.surfers.game,"Sled Surfers"
06:00,162,block.color.game.jam.blocks.sort.puzzle.games.slide.free,"色彩方塊：益智解謎遊戲"
06:00,163,com.tfgco.apps.coloring.free.color.by.number,"填色一二三：像素著色遊戲"
06:00,164,com.gamesofa.android.allchess,"象棋 神來也暗棋2：象棋暗棋、象棋麻將"
06:00,165,com.hks.brain,"剪影收納達人：Brainstorming Master"
06:00,166,com.devsisters.cc,"薑餅人放置大戰爭 - 餅乾養成RPG"
06:00,167,com.kayac.level_up_number,"Number Master: 號碼大師"
06:00,168,jp.garud.ssimulator,"SAKURA School Simulator"
06:00,169,casual.soundboard.ar.trending,"Trending AR Soundboard"
06:00,170,com.streetcomplete.pixelmagician,"我的法杖有點強：放置RPG"
06:00,171,com.tfv.block.line.fill.puzzle,"Single Line Block Fill Puzzle"
06:00,172,com.topwar.gp,"口袋奇兵（Top War）-超休閒的策略遊戲"
06:00,173,com.chillyroom.containerofsoul.gp,"魂墜深境 - 肉鴿卡牌RPG"
06:00,174,com.pathdefenders.game,"Path Defenders：英雄塔防"
06:00,175,com.ultimatelavashgames.rollthehole,"Jelly Hole: Roll & Eat Pals"
06:00,176,piggy.escape.jam.farm.puzzle.game,"Piggy Escape: Pig Jam Farm"
06:00,177,com.global.sgdbztw,"時光大爆炸"
06:00,178,com.xh.wxlh.android,"無盡輪迴：鬼域摸金"
06:00,179,com.jumbo.yirufa,"包你發-王識賢、安心亞推薦休閒娛樂城-老虎機、捕魚機多款遊戲"
06:00,180,com.fluffydrop.op.gp,"Fluffy Drop - No Timer"
06:00,181,jp.pokemon.pokemonchampions,"Pokémon Champions"
06:00,182,com.gf.fpjtwtw.hwyad.google,"巡夢少女"
06:00,183,com.ltgames.android.m71.tw,"一念逍遙"
06:00,184,com.xd.xdtglobal.gp,"心動小鎮"
06:00,185,com.cat.hole.puzzle.aos,"貓咪掉下去"
06:00,186,com.magic.dancing.tiles.game.piano,"Piano Pink Music: Rhythm Game"
06:00,187,com.nexters.herowars,"勇士爭霸：群雄聯盟 - 角色扮演戰鬥多人手遊戲"
06:00,188,com.chirpysort.game.android,"Chirpy Sort: Bird Color Puzzle"
06:00,189,com.gamesofa.android.catcafe2,"貓咪造咖－有故事的貓咪咖啡廳"
06:00,190,com.playspare.supermarket.store.simulator,"超市商店模擬器"
06:00,191,com.mover.twzqzs,"最強宗師"
06:00,192,com.yzzg.mdgame,"暗影紀元-魔幻冒险之旅"
06:00,193,com.choice.craft,"趣穿書ChoiceCraft-沉浸式重生逆襲言情穿越互動小說"
06:00,194,com.puzzlegame.heartwavegirls011,"Jigsaw Heartwave Girls"
06:00,195,com.easybrain.brick.balls.blast,"Brick Blast：小球打磚塊"
06:00,196,com.readygo.barrel.gp,"Last Z：Survival Shooter（倖存者逃亡）"
06:00,197,com.mobsmile.coincollector,"Coin Collector"
06:00,198,flexus.dye.hard,"終極渲染: 顏色大戰"
06:00,199,com.aim.racing,"Extreme Car Driving Simulator"
06:00,200,com.RC13B.ragdoll.survival.playground,"Ragdoll Survival Playground"
07:30,1,com.oakever.meowdoku,"Meowdoku: 腦力解謎遊戲"
07:30,2,com.nexon.devcat.mm.tw,"瑪奇 Mobile"
07:30,3,game.qualiarts.hololive.dreams.com,"hololive Dreams"
07:30,4,com.phstw.global,"醫起救世界：鼠裡逃生"
07:30,5,com.zyyad.mihuan,"赵云与阿斗"
07:30,6,com.wydxb.words.puzzle.an,"天天拼詞王"
07:30,7,com.xman.tw.gp,"超能戰爭"
07:30,8,com.cyphergames.royalsmash,"Royal Smash! - Physics Puzzle"
07:30,9,com.teaegg.puzzle.master,"茶葉蛋大冒險"
07:30,10,com.nianticlabs.pikmin,"Pikmin Bloom"
07:30,11,com.roblox.client,"Roblox"
07:30,12,com.familygo.simgame,"家族物語 - 治癒系世代模擬"
07:30,13,com.hortor.femsj.asia,"肥鵝美食街"
07:30,14,com.block.juggle,"Block Blast!"
07:30,15,com.mergegames.gossipharbor,"緋聞港口：合併&故事"
07:30,16,com.kayac.slow_mo_strike,"Slow Mo Strike: Knives in Time"
07:30,17,com.vitastudio.mahjong,"Vita 麻將"
07:30,18,com.capetown.mh.ap.gp,"完蛋！我被美少女攻略了"
07:30,19,com.dreamgames.royalkingdom,"Royal Kingdom"
07:30,20,jp.co.goodroid.hyper.busflow,"Bus Traffic Fever!"
07:30,21,com.run.tower.defense,"Kingshot"
07:30,22,com.oakever.arrows,"Amaze GO! - 箭頭解謎"
07:30,23,com.wydxb.wordcross.an,"我要當學霸"
07:30,24,com.puzzlegames.puzzlebrickslegend,"Color Block: Combo Blast"
07:30,25,com.unept.leveldevil,"Level Devil - NOT A Troll Game"
07:30,26,com.nianticlabs.pokemongo,"Pokémon GO"
07:30,27,com.hollywood.merge,"好萊塢合成：星夢逆襲"
07:30,28,com.warrior.screw.gp,"擰螺絲高高手"
07:30,29,com.garena.game.df,"Garena® 三角洲行動"
07:30,30,com.media720.games2020,"離線遊戲: 無網單機好玩的桌遊 - Offline 100+"
07:30,31,com.agavegames.findthecat2,"Find The Cat 2 - Spot It!"
07:30,32,com.a3.tavernlegend.googleplay,"酒館傳奇"
07:30,33,com.fun.brain.game,"Brain Puzzle: Tricky Quest"
07:30,34,com.JoyPlay.DogsWarShootingGames.GP,"修勾逃生巨人危機-狗狗戰爭射擊遊戲-超好玩狗狗摸金搜打撤遊戲"
07:30,35,com.netease.eggypartyhmt,"蛋仔派對"
07:30,36,com.studiobside.starMain,"星之救援者"
07:30,37,com.yoyogames.love.makeover.dressup.dating.crush.game,"Love Makeover: 時尚換裝物語"
07:30,38,com.newtv.cricketduel,"蟋蟀江湖 - 模擬經營養成手遊"
07:30,39,com.s01.global,"Lordrush"
07:30,40,com.helpgirlmatch.geakkz2.game,"Help Girl Match"
07:30,41,com.wxdmxtw.android,"新武俠大明星"
07:30,42,com.brain.crazy.joygame,"Brain Puzzle 3: Crazy Mind"
07:30,43,color.number.paint.pixle.art.sort.jigsaw,"Jewel Coloring"
07:30,44,jp.co.ponos.battlecatstw,"貓咪大戰爭"
07:30,45,com.pocket.sort.coin.puzzle.game,"Pocket Sort: Coin Merge Puzzle"
07:30,46,com.dynastytk.king,"三國志KING"
07:30,47,com.cliffs.pro.cell.building.crazy.clever.craft,"Block Crazy Robo World Craft"
07:30,48,jigsaw.solitaire.match.games.free,"拼圖疊疊樂"
07:30,49,com.nexon.ma,"楓之谷：放置冒險記"
07:30,50,com.grandgames.magicsort,"Magic Sort!"
07:30,51,com.fox.jstwgp,"青丘世界：緣起"
07:30,52,com.bravestars.savethedog.drawgame,"Save The Pets"
07:30,53,com.gameloft.android.ANMP.GloftA9HM,"狂野飆車：競速傳奇"
07:30,54,io.voodoo.holeio,"Hole.io"
07:30,55,com.brain.logic.joygame,"Brain Puzzle 2: Logic Twist"
07:30,56,com.ageofempiresmobile.tw,"世紀帝國M"
07:30,57,com.funnyjoy.snysw.an,"燒腦眼神王"
07:30,58,com.epicoro.castleclashers,"Castle Busters"
07:30,59,com.fiveminlab.overgeared.hero.backpack.merge,"靠裝勇者：背包合成RPG"
07:30,60,io.voodoo.paper2,"Paper.io 2"
07:30,61,com.wildfire.waifus,"與二次元女友的同居日常"
07:30,62,com.nebula.mahjongtile,"Mahjong Blast（麻將消消樂益智遊戲）"
07:30,63,com.gametree.sultan.pd,"蘇丹的遊戲"
07:30,64,com.merge.game.foodstars,"美食之星:合併與烹飪"
07:30,65,com.whoyaho.tanghulu,"糖葫蘆達人－便利店、學校午餐、聖代咖啡館吃播ASMR"
07:30,66,com.igs.mjstar31,"麻將 明星3缺1麻將"
07:30,67,com.wood.block.sudoku.puzzle.bm,"Block Crush!"
07:30,68,com.ayb.abtq,"這都能有錯"
07:30,69,io.supercent.pizzaidle,"Pizza Ready"
07:30,70,com.funplus.ts.global,"點點大作戰"
07:30,71,com.percent.aos.cooptd,"同盟塔防戰：並肩作戰"
07:30,72,com.reels.tiles.spicy.gp,"Secret Tiles - Spicy Reels"
07:30,73,com.pixel.art.coloring.color.number,"Happy Color® – 按數字編號上色的塗色書"
07:30,74,com.youmusic.magictiles,"Magic Tiles 3™ - 鋼琴遊戲"
07:30,75,jp.pokemon.pokemonsleep,"Pokémon Sleep"
07:30,76,diamond.pixel.art.jewel.color.flow.sort.puzzle,"寶石顏色分類：鑽石遊戲"
07:30,77,com.hp.keyboard.obby.asmr.speed.run,"Keyboard Obby: ASMR Speed Run"
07:30,78,com.hmbl.perfect.makeover.cleaning.asmr,"Perfect Makeover Cleaning ASMR"
07:30,79,com.pubg.uropa,"Astro Arena : 恆星激鬥 PvP"
07:30,80,com.haunteddorm.mihuan,"Haunted Dorm - 猛鬼宿舍"
07:30,81,com.vincentb.MobControl,"Mob Control"
07:30,82,com.unicostudio.farmblockescape,"Farm Block Escape"
07:30,83,io.supercent.linkedcubic,"蛇衝突 (Snake Clash)"
07:30,84,beats.color.sing.star.rush,"音樂遊戲 9：鋼琴 音樂魔法方塊"
07:30,85,com.gof.global,"寒霜啟示錄"
07:30,86,com.gtsy.annoying.punch.game,"Annoying Uncle - 拳擊遊戲"
07:30,87,com.dts.freefireth,"Free Fire: 9周年"
07:30,88,com.king.candycrushsaga,"糖果傳奇"
07:30,89,com.rush.xtreme.sports,"RUSH: Xtreme"
07:30,90,com.igs.starparty.aos,"玩星派對"
07:30,91,com.ecffri.arrows,"Arrows – Puzzle Escape"
07:30,92,com.readygo.dark.gp,"Dark War Survival"
07:30,93,com.JindoBlu.TwoPlayerGamesChallenge,"2 Player games : the Challenge"
07:30,94,bus.games.car.out.traffic.parking.jam.escape.puzzle,"巴士挑戰：解決交通堵塞"
07:30,95,com.pronetis.ironball2,"Going Balls"
07:30,96,com.kite.kittypick,"Kitty Pick"
07:30,97,com.easybrain.brainy.joygame,"Puzzle Time: Brainy Challenge"
07:30,98,com.leap.searchit,"Search It - Hidden Objects"
07:30,99,com.bverf.kmnrf.olrgm,"精靈覺醒：對決"
07:30,100,com.garena.game.codm,"決勝時刻®: Mobile - Garena"
07:30,101,com.ventogames.findthecat,"Find The Cat - Spot It!"
07:30,102,com.mondayoff.dinomutant,"恐龍突變 : T-Rex"
07:30,103,com.simulation.manager.furry.farm.food,"解憂小食光：萌系店員養成 & 餐廳模擬經營"
07:30,104,com.fatmerge.global,"食光旅行"
07:30,105,org.gg.crazy.brain,"瘋狂大腦洞: 思維急轉彎"
07:30,106,com.fungames.blockcraft,"3D 方塊城 (Block Craft)：建造模擬遊戲"
07:30,107,com.tg.sc33t.tw,"生存33天"
07:30,108,com.bunbunstudio.magicblocktiles,"音乐钢琴 7: 极速歌曲游戏"
07:30,109,com.megagames.sensultra,"超感穿梭"
07:30,110,com.nebula.tiles,"Tap Tile!"
07:30,111,com.actgames.HelloKittyMDS,"Hello Kitty My Dream Store"
07:30,112,com.mover.twrxjhw,"新熱血江湖：世界"
07:30,113,com.JindoBlu.OfflineGames,"Offline Games - No Wifi Games"
07:30,114,com.godgame.mj.android,"麻將 神來也麻將－台灣16張、麻雀"
07:30,115,com.cedargames.mysterytown,"迷霧小鎮: 合成遊戲 (Mystery Town)"
07:30,116,jp.pokemon.pokemontcgp,"Pokémon TCG Pocket"
07:30,117,com.abi.dream.unpacking,"Dreamy Room - 夢幻房間"
07:30,118,com.rekoo.pubgm,"PUBG MOBILE：絕地求生M"
07:30,119,find.difference.spot.differences.hidden.puzzle.games.free,"找不同 - 發現並找出所有不同"
07:30,120,com.hermes.mk.asia,"世界計畫 繽紛舞台！feat. 初音未來"
07:30,121,com.ea.gp.fifamobile,"EA SPORTS FC™ 足球 Mobile 2026"
07:30,122,com.tgc.sky.android,"Sky光·遇"
07:30,123,com.haegin.playtogether,"天天玩樂園 (Play Together)"
07:30,124,com.playrix.township,"夢想小鎮"
07:30,125,com.soccer.score.star,"Soccer Superstar - 足球巨星"
07:30,126,com.igg.android.lordsmobile,"王國紀元 (Lords Mobile)：全面戰爭"
07:30,127,com.mmzzhx.goo,"萌萌武道：主宰幻想"
07:30,128,solitaire.word.association.connections.puzzle,"字詞接龍"
07:30,129,com.yzlm.tw.and,"勇者來開團"
07:30,130,com.majesti.mcahjong.aerew2.game,"Majestic Mahjong"
07:30,131,com.studio27.MelonPlayground,"Melon Sandbox"
07:30,132,com.gsbeauty.gp.midnighttales,"Midnight Tales"
07:30,133,com.moonactive.holestars,"Hole Stars: 謎題挑戰"
07:30,134,com.cyberjoy.galaxydefense,"太空防禦(Galaxy Defense)"
07:30,135,com.kiloo.subwaysurf,"Subway Surfers"
07:30,136,com.craft.city.blockbuilder.pro,"Craft Explore: Block Builder"
07:30,137,com.flower.forest.word.puzzle,"Flower Forest - Word Puzzle"
07:30,138,com.walk.king.race.on.stairs,"Walk King - Race on Stairs"
07:30,139,io.supercent.weaponrpg,"XP Hero (XP英雄)"
07:30,140,com.unicostudio.braintest,"腦力測試 (Brain Test)：謎題急轉彎"
07:30,141,com.gamedots.seasideescape,"漫遊小鎮®：合併&故事"
07:30,142,com.sh.fidget.toys.mini.relaxing.antistress.games,"迷你放鬆遊戲 - pop it"
07:30,143,jigsolitaire.jigsort.jigsaw.solitaire.puzzle,"Jigsort™ 拼圖遊戲：單人樂趣無窮"
07:30,144,com.xianni.tw,"仙逆M-官方正版授權"
07:30,145,com.kunpan.android.lili.tw,"莉莉的冒險衣櫥"
07:30,146,com.Chodun.CatGunner,"槍手貓咪：放置射擊RPG"
07:30,147,com.pikpok.dc.play,"Doomsday Clicker"
07:30,148,sheep.animal.parking.puzzle.game.jam,"Sheep Dash: Sheep Away"
07:30,149,com.netmarble.stonkey,"石器時代：放置冒險"
07:30,150,com.igg.android.doomsdaylastsurvivors,"黎明再現-FAIRY TAIL魔導少年聯動"
07:30,151,com.kayac.PistolDuel,"Pistol Duel"
07:30,152,com.gf.wx2h5twtw.hwyad.google,"轉運江湖"
07:30,153,easy.sudoku.puzzle.solver.free,"數獨 - 經典數獨謎題"
07:30,154,com.oakever.tiletrip,"Tile Explorer - Triple Match"
07:30,155,com.arargames.blocked,"Blocked Pixel Panzer"
07:30,156,com.whoyaho.pendeco,"串珠筆達人 - 手作筆ASMR"
07:30,157,com.monopoly.dream.idle.king,"Top Tycoon: Coin Theme Empire"
07:30,158,com.fc.p.cp.jelly.mukbang.asmr.live.diy,"果冻大师：吃播 ASMR"
07:30,159,com.wood.bolt.wordle.screw.nuts.puzzle,"Woodle Screw™ Pin: 螺帽與螺栓"
07:30,160,com.autoall.arrowpm,"Arrow Puzzle Master"
07:30,161,com.sled.surfers.game,"Sled Surfers"
07:30,162,block.color.game.jam.blocks.sort.puzzle.games.slide.free,"色彩方塊：益智解謎遊戲"
07:30,163,com.tfgco.apps.coloring.free.color.by.number,"填色一二三：像素著色遊戲"
07:30,164,com.gamesofa.android.allchess,"象棋 神來也暗棋2：象棋暗棋、象棋麻將"
07:30,165,com.hks.brain,"剪影收納達人：Brainstorming Master"
07:30,166,com.devsisters.cc,"薑餅人放置大戰爭 - 餅乾養成RPG"
07:30,167,com.kayac.level_up_number,"Number Master: 號碼大師"
07:30,168,jp.garud.ssimulator,"SAKURA School Simulator"
07:30,169,casual.soundboard.ar.trending,"Trending AR Soundboard"
07:30,170,com.streetcomplete.pixelmagician,"我的法杖有點強：放置RPG"
07:30,171,com.tfv.block.line.fill.puzzle,"Single Line Block Fill Puzzle"
07:30,172,com.topwar.gp,"口袋奇兵（Top War）-超休閒的策略遊戲"
07:30,173,com.chillyroom.containerofsoul.gp,"魂墜深境 - 肉鴿卡牌RPG"
07:30,174,com.pathdefenders.game,"Path Defenders：英雄塔防"
07:30,175,com.ultimatelavashgames.rollthehole,"Jelly Hole: Roll & Eat Pals"
07:30,176,piggy.escape.jam.farm.puzzle.game,"Piggy Escape: Pig Jam Farm"
07:30,177,com.global.sgdbztw,"時光大爆炸"
07:30,178,com.xh.wxlh.android,"無盡輪迴：鬼域摸金"
07:30,179,com.jumbo.yirufa,"包你發-王識賢、安心亞推薦休閒娛樂城-老虎機、捕魚機多款遊戲"
07:30,180,com.fluffydrop.op.gp,"Fluffy Drop - No Timer"
07:30,181,jp.pokemon.pokemonchampions,"Pokémon Champions"
07:30,182,com.gf.fpjtwtw.hwyad.google,"巡夢少女"
07:30,183,com.ltgames.android.m71.tw,"一念逍遙"
07:30,184,com.xd.xdtglobal.gp,"心動小鎮"
07:30,185,com.cat.hole.puzzle.aos,"貓咪掉下去"
07:30,186,com.magic.dancing.tiles.game.piano,"Piano Pink Music: Rhythm Game"
07:30,187,com.nexters.herowars,"勇士爭霸：群雄聯盟 - 角色扮演戰鬥多人手遊戲"
07:30,188,com.chirpysort.game.android,"Chirpy Sort: Bird Color Puzzle"
07:30,189,com.gamesofa.android.catcafe2,"貓咪造咖－有故事的貓咪咖啡廳"
07:30,190,com.playspare.supermarket.store.simulator,"超市商店模擬器"
07:30,191,com.mover.twzqzs,"最強宗師"
07:30,192,com.yzzg.mdgame,"暗影紀元-魔幻冒险之旅"
07:30,193,com.choice.craft,"趣穿書ChoiceCraft-沉浸式重生逆襲言情穿越互動小說"
07:30,194,com.puzzlegame.heartwavegirls011,"Jigsaw Heartwave Girls"
07:30,195,com.easybrain.brick.balls.blast,"Brick Blast：小球打磚塊"
07:30,196,com.readygo.barrel.gp,"Last Z：Survival Shooter（倖存者逃亡）"
07:30,197,com.mobsmile.coincollector,"Coin Collector"
07:30,198,flexus.dye.hard,"終極渲染: 顏色大戰"
07:30,199,com.aim.racing,"Extreme Car Driving Simulator"
07:30,200,com.RC13B.ragdoll.survival.playground,"Ragdoll Survival Playground"
08:30,1,com.oakever.meowdoku,"Meowdoku: 腦力解謎遊戲"
08:30,2,com.nexon.devcat.mm.tw,"瑪奇 Mobile"
08:30,3,game.qualiarts.hololive.dreams.com,"hololive Dreams"
08:30,4,com.phstw.global,"醫起救世界：鼠裡逃生"
08:30,5,com.zyyad.mihuan,"赵云与阿斗"
08:30,6,com.wydxb.words.puzzle.an,"天天拼詞王"
08:30,7,com.xman.tw.gp,"超能戰爭"
08:30,8,com.cyphergames.royalsmash,"Royal Smash! - Physics Puzzle"
08:30,9,com.teaegg.puzzle.master,"茶葉蛋大冒險"
08:30,10,com.nianticlabs.pikmin,"Pikmin Bloom"
08:30,11,com.roblox.client,"Roblox"
08:30,12,com.familygo.simgame,"家族物語 - 治癒系世代模擬"
08:30,13,com.hortor.femsj.asia,"肥鵝美食街"
08:30,14,com.mergegames.gossipharbor,"緋聞港口：合併&故事"
08:30,15,com.kayac.slow_mo_strike,"Slow Mo Strike: Knives in Time"
08:30,16,com.block.juggle,"Block Blast!"
08:30,17,com.vitastudio.mahjong,"Vita 麻將"
08:30,18,com.capetown.mh.ap.gp,"完蛋！我被美少女攻略了"
08:30,19,com.dreamgames.royalkingdom,"Royal Kingdom"
08:30,20,jp.co.goodroid.hyper.busflow,"Bus Traffic Fever!"
08:30,21,com.run.tower.defense,"Kingshot"
08:30,22,com.wydxb.wordcross.an,"我要當學霸"
08:30,23,com.puzzlegames.puzzlebrickslegend,"Color Block: Combo Blast"
08:30,24,com.unept.leveldevil,"Level Devil - NOT A Troll Game"
08:30,25,com.nianticlabs.pokemongo,"Pokémon GO"
08:30,26,com.hollywood.merge,"好萊塢合成：星夢逆襲"
08:30,27,com.warrior.screw.gp,"擰螺絲高高手"
08:30,28,com.oakever.arrows,"Amaze GO! - 箭頭解謎"
08:30,29,com.garena.game.df,"Garena® 三角洲行動"
08:30,30,com.media720.games2020,"離線遊戲: 無網單機好玩的桌遊 - Offline 100+"
08:30,31,com.agavegames.findthecat2,"Find The Cat 2 - Spot It!"
08:30,32,com.a3.tavernlegend.googleplay,"酒館傳奇"
08:30,33,com.fun.brain.game,"Brain Puzzle: Tricky Quest"
08:30,34,com.JoyPlay.DogsWarShootingGames.GP,"修勾逃生巨人危機-狗狗戰爭射擊遊戲-超好玩狗狗摸金搜打撤遊戲"
08:30,35,com.netease.eggypartyhmt,"蛋仔派對"
08:30,36,com.studiobside.starMain,"星之救援者"
08:30,37,com.yoyogames.love.makeover.dressup.dating.crush.game,"Love Makeover: 時尚換裝物語"
08:30,38,com.newtv.cricketduel,"蟋蟀江湖 - 模擬經營養成手遊"
08:30,39,com.s01.global,"Lordrush"
08:30,40,com.helpgirlmatch.geakkz2.game,"Help Girl Match"
08:30,41,com.wxdmxtw.android,"新武俠大明星"
08:30,42,com.brain.crazy.joygame,"Brain Puzzle 3: Crazy Mind"
08:30,43,color.number.paint.pixle.art.sort.jigsaw,"Jewel Coloring"
08:30,44,jp.co.ponos.battlecatstw,"貓咪大戰爭"
08:30,45,com.pocket.sort.coin.puzzle.game,"Pocket Sort: Coin Merge Puzzle"
08:30,46,com.dynastytk.king,"三國志KING"
08:30,47,com.cliffs.pro.cell.building.crazy.clever.craft,"Block Crazy Robo World Craft"
08:30,48,jigsaw.solitaire.match.games.free,"拼圖疊疊樂"
08:30,49,com.nexon.ma,"楓之谷：放置冒險記"
08:30,50,com.grandgames.magicsort,"Magic Sort!"
08:30,51,com.fox.jstwgp,"青丘世界：緣起"
08:30,52,com.bravestars.savethedog.drawgame,"Save The Pets"
08:30,53,com.gameloft.android.ANMP.GloftA9HM,"狂野飆車：競速傳奇"
08:30,54,io.voodoo.holeio,"Hole.io"
08:30,55,com.brain.logic.joygame,"Brain Puzzle 2: Logic Twist"
08:30,56,com.ageofempiresmobile.tw,"世紀帝國M"
08:30,57,com.funnyjoy.snysw.an,"燒腦眼神王"
08:30,58,com.epicoro.castleclashers,"Castle Busters"
08:30,59,com.fiveminlab.overgeared.hero.backpack.merge,"靠裝勇者：背包合成RPG"
08:30,60,io.voodoo.paper2,"Paper.io 2"
08:30,61,com.wildfire.waifus,"與二次元女友的同居日常"
08:30,62,com.nebula.mahjongtile,"Mahjong Blast（麻將消消樂益智遊戲）"
08:30,63,com.gametree.sultan.pd,"蘇丹的遊戲"
08:30,64,com.merge.game.foodstars,"美食之星:合併與烹飪"
08:30,65,com.whoyaho.tanghulu,"糖葫蘆達人－便利店、學校午餐、聖代咖啡館吃播ASMR"
08:30,66,com.igs.mjstar31,"麻將 明星3缺1麻將"
08:30,67,com.wood.block.sudoku.puzzle.bm,"Block Crush!"
08:30,68,com.ayb.abtq,"這都能有錯"
08:30,69,io.supercent.pizzaidle,"Pizza Ready"
08:30,70,com.funplus.ts.global,"點點大作戰"
08:30,71,com.percent.aos.cooptd,"同盟塔防戰：並肩作戰"
08:30,72,com.reels.tiles.spicy.gp,"Secret Tiles - Spicy Reels"
08:30,73,com.pixel.art.coloring.color.number,"Happy Color® – 按數字編號上色的塗色書"
08:30,74,com.youmusic.magictiles,"Magic Tiles 3™ - 鋼琴遊戲"
08:30,75,jp.pokemon.pokemonsleep,"Pokémon Sleep"
08:30,76,diamond.pixel.art.jewel.color.flow.sort.puzzle,"寶石顏色分類：鑽石遊戲"
08:30,77,com.hp.keyboard.obby.asmr.speed.run,"Keyboard Obby: ASMR Speed Run"
08:30,78,com.hmbl.perfect.makeover.cleaning.asmr,"Perfect Makeover Cleaning ASMR"
08:30,79,com.pubg.uropa,"Astro Arena : 恆星激鬥 PvP"
08:30,80,com.haunteddorm.mihuan,"Haunted Dorm - 猛鬼宿舍"
08:30,81,com.vincentb.MobControl,"Mob Control"
08:30,82,com.unicostudio.farmblockescape,"Farm Block Escape"
08:30,83,io.supercent.linkedcubic,"蛇衝突 (Snake Clash)"
08:30,84,beats.color.sing.star.rush,"音樂遊戲 9：鋼琴 音樂魔法方塊"
08:30,85,com.gof.global,"寒霜啟示錄"
08:30,86,com.gtsy.annoying.punch.game,"Annoying Uncle - 拳擊遊戲"
08:30,87,com.dts.freefireth,"Free Fire: 9周年"
08:30,88,com.king.candycrushsaga,"糖果傳奇"
08:30,89,com.rush.xtreme.sports,"RUSH: Xtreme"
08:30,90,com.igs.starparty.aos,"玩星派對"
08:30,91,com.ecffri.arrows,"Arrows – Puzzle Escape"
08:30,92,com.readygo.dark.gp,"Dark War Survival"
08:30,93,com.JindoBlu.TwoPlayerGamesChallenge,"2 Player games : the Challenge"
08:30,94,bus.games.car.out.traffic.parking.jam.escape.puzzle,"巴士挑戰：解決交通堵塞"
08:30,95,com.pronetis.ironball2,"Going Balls"
08:30,96,com.kite.kittypick,"Kitty Pick"
08:30,97,com.easybrain.brainy.joygame,"Puzzle Time: Brainy Challenge"
08:30,98,com.leap.searchit,"Search It - Hidden Objects"
08:30,99,com.bverf.kmnrf.olrgm,"精靈覺醒：對決"
08:30,100,com.garena.game.codm,"決勝時刻®: Mobile - Garena"
08:30,101,com.ventogames.findthecat,"Find The Cat - Spot It!"
08:30,102,com.mondayoff.dinomutant,"恐龍突變 : T-Rex"
08:30,103,com.simulation.manager.furry.farm.food,"解憂小食光：萌系店員養成 & 餐廳模擬經營"
08:30,104,com.fatmerge.global,"食光旅行"
08:30,105,org.gg.crazy.brain,"瘋狂大腦洞: 思維急轉彎"
08:30,106,com.fungames.blockcraft,"3D 方塊城 (Block Craft)：建造模擬遊戲"
08:30,107,com.tg.sc33t.tw,"生存33天"
08:30,108,com.bunbunstudio.magicblocktiles,"音乐钢琴 7: 极速歌曲游戏"
08:30,109,com.megagames.sensultra,"超感穿梭"
08:30,110,com.nebula.tiles,"Tap Tile!"
08:30,111,com.actgames.HelloKittyMDS,"Hello Kitty My Dream Store"
08:30,112,com.mover.twrxjhw,"新熱血江湖：世界"
08:30,113,com.JindoBlu.OfflineGames,"Offline Games - No Wifi Games"
08:30,114,com.godgame.mj.android,"麻將 神來也麻將－台灣16張、麻雀"
08:30,115,com.cedargames.mysterytown,"迷霧小鎮: 合成遊戲 (Mystery Town)"
08:30,116,jp.pokemon.pokemontcgp,"Pokémon TCG Pocket"
08:30,117,com.abi.dream.unpacking,"Dreamy Room - 夢幻房間"
08:30,118,com.rekoo.pubgm,"PUBG MOBILE：絕地求生M"
08:30,119,find.difference.spot.differences.hidden.puzzle.games.free,"找不同 - 發現並找出所有不同"
08:30,120,com.hermes.mk.asia,"世界計畫 繽紛舞台！feat. 初音未來"
08:30,121,com.ea.gp.fifamobile,"EA SPORTS FC™ 足球 Mobile 2026"
08:30,122,com.tgc.sky.android,"Sky光·遇"
08:30,123,com.haegin.playtogether,"天天玩樂園 (Play Together)"
08:30,124,com.playrix.township,"夢想小鎮"
08:30,125,com.soccer.score.star,"Soccer Superstar - 足球巨星"
08:30,126,com.igg.android.lordsmobile,"王國紀元 (Lords Mobile)：全面戰爭"
08:30,127,com.mmzzhx.goo,"萌萌武道：主宰幻想"
08:30,128,solitaire.word.association.connections.puzzle,"字詞接龍"
08:30,129,com.yzlm.tw.and,"勇者來開團"
08:30,130,com.majesti.mcahjong.aerew2.game,"Majestic Mahjong"
08:30,131,com.studio27.MelonPlayground,"Melon Sandbox"
08:30,132,com.gsbeauty.gp.midnighttales,"Midnight Tales"
08:30,133,com.moonactive.holestars,"Hole Stars: 謎題挑戰"
08:30,134,com.cyberjoy.galaxydefense,"太空防禦(Galaxy Defense)"
08:30,135,com.kiloo.subwaysurf,"Subway Surfers"
08:30,136,com.craft.city.blockbuilder.pro,"Craft Explore: Block Builder"
08:30,137,com.flower.forest.word.puzzle,"Flower Forest - Word Puzzle"
08:30,138,com.walk.king.race.on.stairs,"Walk King - Race on Stairs"
08:30,139,io.supercent.weaponrpg,"XP Hero (XP英雄)"
08:30,140,com.unicostudio.braintest,"腦力測試 (Brain Test)：謎題急轉彎"
08:30,141,com.gamedots.seasideescape,"漫遊小鎮®：合併&故事"
08:30,142,com.sh.fidget.toys.mini.relaxing.antistress.games,"迷你放鬆遊戲 - pop it"
08:30,143,jigsolitaire.jigsort.jigsaw.solitaire.puzzle,"Jigsort™ 拼圖遊戲：單人樂趣無窮"
08:30,144,com.xianni.tw,"仙逆M-官方正版授權"
08:30,145,com.kunpan.android.lili.tw,"莉莉的冒險衣櫥"
08:30,146,com.Chodun.CatGunner,"槍手貓咪：放置射擊RPG"
08:30,147,com.pikpok.dc.play,"Doomsday Clicker"
08:30,148,sheep.animal.parking.puzzle.game.jam,"Sheep Dash: Sheep Away"
08:30,149,com.netmarble.stonkey,"石器時代：放置冒險"
08:30,150,com.igg.android.doomsdaylastsurvivors,"黎明再現-FAIRY TAIL魔導少年聯動"
08:30,151,com.kayac.PistolDuel,"Pistol Duel"
08:30,152,com.gf.wx2h5twtw.hwyad.google,"轉運江湖"
08:30,153,easy.sudoku.puzzle.solver.free,"數獨 - 經典數獨謎題"
08:30,154,com.oakever.tiletrip,"Tile Explorer - Triple Match"
08:30,155,com.arargames.blocked,"Blocked Pixel Panzer"
08:30,156,com.whoyaho.pendeco,"串珠筆達人 - 手作筆ASMR"
08:30,157,com.monopoly.dream.idle.king,"Top Tycoon: Coin Theme Empire"
08:30,158,com.fc.p.cp.jelly.mukbang.asmr.live.diy,"果冻大师：吃播 ASMR"
08:30,159,com.wood.bolt.wordle.screw.nuts.puzzle,"Woodle Screw™ Pin: 螺帽與螺栓"
08:30,160,com.autoall.arrowpm,"Arrow Puzzle Master"
08:30,161,com.sled.surfers.game,"Sled Surfers"
08:30,162,block.color.game.jam.blocks.sort.puzzle.games.slide.free,"色彩方塊：益智解謎遊戲"
08:30,163,com.tfgco.apps.coloring.free.color.by.number,"填色一二三：像素著色遊戲"
08:30,164,com.gamesofa.android.allchess,"象棋 神來也暗棋2：象棋暗棋、象棋麻將"
08:30,165,com.hks.brain,"剪影收納達人：Brainstorming Master"
08:30,166,com.devsisters.cc,"薑餅人放置大戰爭 - 餅乾養成RPG"
08:30,167,com.kayac.level_up_number,"Number Master: 號碼大師"
08:30,168,jp.garud.ssimulator,"SAKURA School Simulator"
08:30,169,casual.soundboard.ar.trending,"Trending AR Soundboard"
08:30,170,com.streetcomplete.pixelmagician,"我的法杖有點強：放置RPG"
08:30,171,com.tfv.block.line.fill.puzzle,"Single Line Block Fill Puzzle"
08:30,172,com.topwar.gp,"口袋奇兵（Top War）-超休閒的策略遊戲"
08:30,173,com.chillyroom.containerofsoul.gp,"魂墜深境 - 肉鴿卡牌RPG"
08:30,174,com.pathdefenders.game,"Path Defenders：英雄塔防"
08:30,175,com.ultimatelavashgames.rollthehole,"Jelly Hole: Roll & Eat Pals"
08:30,176,piggy.escape.jam.farm.puzzle.game,"Piggy Escape: Pig Jam Farm"
08:30,177,com.global.sgdbztw,"時光大爆炸"
08:30,178,com.xh.wxlh.android,"無盡輪迴：鬼域摸金"
08:30,179,com.jumbo.yirufa,"包你發-王識賢、安心亞推薦休閒娛樂城-老虎機、捕魚機多款遊戲"
08:30,180,com.fluffydrop.op.gp,"Fluffy Drop - No Timer"
08:30,181,jp.pokemon.pokemonchampions,"Pokémon Champions"
08:30,182,com.gf.fpjtwtw.hwyad.google,"巡夢少女"
08:30,183,com.ltgames.android.m71.tw,"一念逍遙"
08:30,184,com.xd.xdtglobal.gp,"心動小鎮"
08:30,185,com.cat.hole.puzzle.aos,"貓咪掉下去"
08:30,186,com.magic.dancing.tiles.game.piano,"Piano Pink Music: Rhythm Game"
08:30,187,com.nexters.herowars,"勇士爭霸：群雄聯盟 - 角色扮演戰鬥多人手遊戲"
08:30,188,com.chirpysort.game.android,"Chirpy Sort: Bird Color Puzzle"
08:30,189,com.gamesofa.android.catcafe2,"貓咪造咖－有故事的貓咪咖啡廳"
08:30,190,com.playspare.supermarket.store.simulator,"超市商店模擬器"
08:30,191,com.mover.twzqzs,"最強宗師"
08:30,192,com.yzzg.mdgame,"暗影紀元-魔幻冒险之旅"
08:30,193,com.choice.craft,"趣穿書ChoiceCraft-沉浸式重生逆襲言情穿越互動小說"
08:30,194,com.puzzlegame.heartwavegirls011,"Jigsaw Heartwave Girls"
08:30,195,com.easybrain.brick.balls.blast,"Brick Blast：小球打磚塊"
08:30,196,com.readygo.barrel.gp,"Last Z：Survival Shooter（倖存者逃亡）"
08:30,197,com.mobsmile.coincollector,"Coin Collector"
08:30,198,flexus.dye.hard,"終極渲染: 顏色大戰"
08:30,199,com.aim.racing,"Extreme Car Driving Simulator"
08:30,200,com.RC13B.ragdoll.survival.playground,"Ragdoll Survival Playground"
10:00,1,com.oakever.meowdoku,"Meowdoku: 腦力解謎遊戲"
10:00,2,com.nexon.devcat.mm.tw,"瑪奇 Mobile"
10:00,3,com.phstw.global,"醫起救世界：鼠裡逃生"
10:00,4,game.qualiarts.hololive.dreams.com,"hololive Dreams"
10:00,5,com.zyyad.mihuan,"赵云与阿斗"
10:00,6,com.wydxb.words.puzzle.an,"天天拼詞王"
10:00,7,com.xman.tw.gp,"超能戰爭"
10:00,8,com.teaegg.puzzle.master,"茶葉蛋大冒險"
10:00,9,com.nianticlabs.pikmin,"Pikmin Bloom"
10:00,10,com.cyphergames.royalsmash,"Royal Smash! - Physics Puzzle"
10:00,11,com.familygo.simgame,"家族物語 - 治癒系世代模擬"
10:00,12,com.roblox.client,"Roblox"
10:00,13,com.hortor.femsj.asia,"肥鵝美食街"
10:00,14,com.mergegames.gossipharbor,"緋聞港口：合併&故事"
10:00,15,com.block.juggle,"Block Blast!"
10:00,16,com.vitastudio.mahjong,"Vita 麻將"
10:00,17,com.capetown.mh.ap.gp,"完蛋！我被美少女攻略了"
10:00,18,jp.co.goodroid.hyper.busflow,"Bus Traffic Fever!"
10:00,19,com.wydxb.wordcross.an,"我要當學霸"
10:00,20,com.puzzlegames.puzzlebrickslegend,"Color Block: Combo Blast"
10:00,21,com.kayac.slow_mo_strike,"Slow Mo Strike: Knives in Time"
10:00,22,com.dreamgames.royalkingdom,"Royal Kingdom"
10:00,23,com.run.tower.defense,"Kingshot"
10:00,24,com.unept.leveldevil,"Level Devil - NOT A Troll Game"
10:00,25,com.oakever.arrows,"Amaze GO! - 箭頭解謎"
10:00,26,com.hollywood.merge,"好萊塢合成：星夢逆襲"
10:00,27,com.warrior.screw.gp,"擰螺絲高高手"
10:00,28,com.a3.tavernlegend.googleplay,"酒館傳奇"
10:00,29,com.fun.brain.game,"Brain Puzzle: Tricky Quest"
10:00,30,com.nianticlabs.pokemongo,"Pokémon GO"
10:00,31,com.garena.game.df,"Garena® 三角洲行動"
10:00,32,com.netease.eggypartyhmt,"蛋仔派對"
10:00,33,com.yoyogames.love.makeover.dressup.dating.crush.game,"Love Makeover: 時尚換裝物語"
10:00,34,com.newtv.cricketduel,"蟋蟀江湖 - 模擬經營養成手遊"
10:00,35,com.s01.global,"Lordrush"
10:00,36,com.helpgirlmatch.geakkz2.game,"Help Girl Match"
10:00,37,com.wxdmxtw.android,"新武俠大明星"
10:00,38,com.media720.games2020,"離線遊戲: 無網單機好玩的桌遊 - Offline 100+"
10:00,39,color.number.paint.pixle.art.sort.jigsaw,"Jewel Coloring"
10:00,40,com.agavegames.findthecat2,"Find The Cat 2 - Spot It!"
10:00,41,jp.co.ponos.battlecatstw,"貓咪大戰爭"
10:00,42,com.dynastytk.king,"三國志KING"
10:00,43,com.cliffs.pro.cell.building.crazy.clever.craft,"Block Crazy Robo World Craft"
10:00,44,jigsaw.solitaire.match.games.free,"拼圖疊疊樂"
10:00,45,com.JoyPlay.DogsWarShootingGames.GP,"修勾逃生巨人危機-狗狗戰爭射擊遊戲-超好玩狗狗摸金搜打撤遊戲"
10:00,46,com.fox.jstwgp,"青丘世界：緣起"
10:00,47,com.bravestars.savethedog.drawgame,"Save The Pets"
10:00,48,com.gameloft.android.ANMP.GloftA9HM,"狂野飆車：競速傳奇"
10:00,49,io.voodoo.holeio,"Hole.io"
10:00,50,com.grandgames.magicsort,"Magic Sort!"
10:00,51,com.brain.crazy.joygame,"Brain Puzzle 3: Crazy Mind"
10:00,52,com.ageofempiresmobile.tw,"世紀帝國M"
10:00,53,com.funnyjoy.snysw.an,"燒腦眼神王"
10:00,54,com.fiveminlab.overgeared.hero.backpack.merge,"靠裝勇者：背包合成RPG"
10:00,55,io.voodoo.paper2,"Paper.io 2"
10:00,56,com.wildfire.waifus,"與二次元女友的同居日常"
10:00,57,com.studiobside.starMain,"星之救援者"
10:00,58,com.gametree.sultan.pd,"蘇丹的遊戲"
10:00,59,com.merge.game.foodstars,"美食之星:合併與烹飪"
10:00,60,com.whoyaho.tanghulu,"糖葫蘆達人－便利店、學校午餐、聖代咖啡館吃播ASMR"
10:00,61,com.nexon.ma,"楓之谷：放置冒險記"
10:00,62,com.igs.mjstar31,"麻將 明星3缺1麻將"
10:00,63,com.pocket.sort.coin.puzzle.game,"Pocket Sort: Coin Merge Puzzle"
10:00,64,com.wood.block.sudoku.puzzle.bm,"Block Crush!"
10:00,65,com.ayb.abtq,"這都能有錯"
10:00,66,com.funplus.ts.global,"點點大作戰"
10:00,67,com.brain.logic.joygame,"Brain Puzzle 2: Logic Twist"
10:00,68,com.nebula.mahjongtile,"Mahjong Blast（麻將消消樂益智遊戲）"
10:00,69,com.epicoro.castleclashers,"Castle Busters"
10:00,70,com.pixel.art.coloring.color.number,"Happy Color® – 按數字編號上色的塗色書"
10:00,71,com.youmusic.magictiles,"Magic Tiles 3™ - 鋼琴遊戲"
10:00,72,jp.pokemon.pokemonsleep,"Pokémon Sleep"
10:00,73,diamond.pixel.art.jewel.color.flow.sort.puzzle,"寶石顏色分類：鑽石遊戲"
10:00,74,com.hp.keyboard.obby.asmr.speed.run,"Keyboard Obby: ASMR Speed Run"
10:00,75,com.haunteddorm.mihuan,"Haunted Dorm - 猛鬼宿舍"
10:00,76,io.supercent.linkedcubic,"蛇衝突 (Snake Clash)"
10:00,77,com.gof.global,"寒霜啟示錄"
10:00,78,com.dts.freefireth,"Free Fire: 9周年"
10:00,79,com.king.candycrushsaga,"糖果傳奇"
10:00,80,com.rush.xtreme.sports,"RUSH: Xtreme"
10:00,81,io.supercent.pizzaidle,"Pizza Ready"
10:00,82,com.igs.starparty.aos,"玩星派對"
10:00,83,com.unicostudio.farmblockescape,"Farm Block Escape"
10:00,84,com.JindoBlu.TwoPlayerGamesChallenge,"2 Player games : the Challenge"
10:00,85,com.pronetis.ironball2,"Going Balls"
10:00,86,com.easybrain.brainy.joygame,"Puzzle Time: Brainy Challenge"
10:00,87,com.leap.searchit,"Search It - Hidden Objects"
10:00,88,com.hmbl.perfect.makeover.cleaning.asmr,"Perfect Makeover Cleaning ASMR"
10:00,89,com.bverf.kmnrf.olrgm,"精靈覺醒：對決"
10:00,90,com.garena.game.codm,"決勝時刻®: Mobile - Garena"
10:00,91,com.ventogames.findthecat,"Find The Cat - Spot It!"
10:00,92,com.mondayoff.dinomutant,"恐龍突變 : T-Rex"
10:00,93,com.simulation.manager.furry.farm.food,"解憂小食光：萌系店員養成 & 餐廳模擬經營"
10:00,94,com.fatmerge.global,"食光旅行"
10:00,95,org.gg.crazy.brain,"瘋狂大腦洞: 思維急轉彎"
10:00,96,com.fungames.blockcraft,"3D 方塊城 (Block Craft)：建造模擬遊戲"
10:00,97,com.tg.sc33t.tw,"生存33天"
10:00,98,com.bunbunstudio.magicblocktiles,"音乐钢琴 7: 极速歌曲游戏"
10:00,99,com.gtsy.annoying.punch.game,"Annoying Uncle - 拳擊遊戲"
10:00,100,com.nebula.tiles,"Tap Tile!"
10:00,101,com.actgames.HelloKittyMDS,"Hello Kitty My Dream Store"
10:00,102,com.percent.aos.cooptd,"同盟塔防戰：並肩作戰"
10:00,103,com.godgame.mj.android,"麻將 神來也麻將－台灣16張、麻雀"
10:00,104,com.cedargames.mysterytown,"迷霧小鎮: 合成遊戲 (Mystery Town)"
10:00,105,com.reels.tiles.spicy.gp,"Secret Tiles - Spicy Reels"
10:00,106,jp.pokemon.pokemontcgp,"Pokémon TCG Pocket"
10:00,107,com.ecffri.arrows,"Arrows – Puzzle Escape"
10:00,108,com.hermes.mk.asia,"世界計畫 繽紛舞台！feat. 初音未來"
10:00,109,com.ea.gp.fifamobile,"EA SPORTS FC™ 足球 Mobile 2026"
10:00,110,bus.games.car.out.traffic.parking.jam.escape.puzzle,"巴士挑戰：解決交通堵塞"
10:00,111,com.mmzzhx.goo,"萌萌武道：主宰幻想"
10:00,112,com.yzlm.tw.and,"勇者來開團"
10:00,113,com.gsbeauty.gp.midnighttales,"Midnight Tales"
10:00,114,com.moonactive.holestars,"Hole Stars: 謎題挑戰"
10:00,115,com.vincentb.MobControl,"Mob Control"
10:00,116,com.cyberjoy.galaxydefense,"太空防禦(Galaxy Defense)"
10:00,117,com.kiloo.subwaysurf,"Subway Surfers"
10:00,118,com.craft.city.blockbuilder.pro,"Craft Explore: Block Builder"
10:00,119,com.flower.forest.word.puzzle,"Flower Forest - Word Puzzle"
10:00,120,jigsolitaire.jigsort.jigsaw.solitaire.puzzle,"Jigsort™ 拼圖遊戲：單人樂趣無窮"
10:00,121,com.xianni.tw,"仙逆M-官方正版授權"
10:00,122,com.kunpan.android.lili.tw,"莉莉的冒險衣櫥"
10:00,123,com.Chodun.CatGunner,"槍手貓咪：放置射擊RPG"
10:00,124,com.kite.kittypick,"Kitty Pick"
10:00,125,com.pikpok.dc.play,"Doomsday Clicker"
10:00,126,sheep.animal.parking.puzzle.game.jam,"Sheep Dash: Sheep Away"
10:00,127,com.netmarble.stonkey,"石器時代：放置冒險"
10:00,128,com.igg.android.doomsdaylastsurvivors,"黎明再現-FAIRY TAIL魔導少年聯動"
10:00,129,com.readygo.dark.gp,"Dark War Survival"
10:00,130,com.kayac.PistolDuel,"Pistol Duel"
10:00,131,com.tgc.sky.android,"Sky光·遇"
10:00,132,com.gf.wx2h5twtw.hwyad.google,"轉運江湖"
10:00,133,com.JindoBlu.OfflineGames,"Offline Games - No Wifi Games"
10:00,134,easy.sudoku.puzzle.solver.free,"數獨 - 經典數獨謎題"
10:00,135,com.sh.fidget.toys.mini.relaxing.antistress.games,"迷你放鬆遊戲 - pop it"
10:00,136,com.whoyaho.pendeco,"串珠筆達人 - 手作筆ASMR"
10:00,137,com.igg.android.lordsmobile,"王國紀元 (Lords Mobile)：全面戰爭"
10:00,138,com.fc.p.cp.jelly.mukbang.asmr.live.diy,"果冻大师：吃播 ASMR"
10:00,139,com.haegin.playtogether,"天天玩樂園 (Play Together)"
10:00,140,com.rekoo.pubgm,"PUBG MOBILE：絕地求生M"
10:00,141,com.wood.bolt.wordle.screw.nuts.puzzle,"Woodle Screw™ Pin: 螺帽與螺栓"
10:00,142,com.mover.twrxjhw,"新熱血江湖：世界"
10:00,143,com.abi.dream.unpacking,"Dreamy Room - 夢幻房間"
10:00,144,com.autoall.arrowpm,"Arrow Puzzle Master"
10:00,145,com.sled.surfers.game,"Sled Surfers"
10:00,146,find.difference.spot.differences.hidden.puzzle.games.free,"找不同 - 發現並找出所有不同"
10:00,147,solitaire.word.association.connections.puzzle,"字詞接龍"
10:00,148,com.hks.brain,"剪影收納達人：Brainstorming Master"
10:00,149,com.devsisters.cc,"薑餅人放置大戰爭 - 餅乾養成RPG"
10:00,150,com.majesti.mcahjong.aerew2.game,"Majestic Mahjong"
10:00,151,com.kayac.level_up_number,"Number Master: 號碼大師"
10:00,152,com.soccer.score.star,"Soccer Superstar - 足球巨星"
10:00,153,jp.garud.ssimulator,"SAKURA School Simulator"
10:00,154,com.playrix.township,"夢想小鎮"
10:00,155,com.streetcomplete.pixelmagician,"我的法杖有點強：放置RPG"
10:00,156,com.tfv.block.line.fill.puzzle,"Single Line Block Fill Puzzle"
10:00,157,com.ultimatelavashgames.rollthehole,"Jelly Hole: Roll & Eat Pals"
10:00,158,piggy.escape.jam.farm.puzzle.game,"Piggy Escape: Pig Jam Farm"
10:00,159,com.global.sgdbztw,"時光大爆炸"
10:00,160,com.xh.wxlh.android,"無盡輪迴：鬼域摸金"
10:00,161,com.gamedots.seasideescape,"漫遊小鎮®：合併&故事"
10:00,162,com.fluffydrop.op.gp,"Fluffy Drop - No Timer"
10:00,163,jp.pokemon.pokemonchampions,"Pokémon Champions"
10:00,164,com.gf.fpjtwtw.hwyad.google,"巡夢少女"
10:00,165,com.unicostudio.braintest,"腦力測試 (Brain Test)：謎題急轉彎"
10:00,166,com.cat.hole.puzzle.aos,"貓咪掉下去"
10:00,167,com.magic.dancing.tiles.game.piano,"Piano Pink Music: Rhythm Game"
10:00,168,beats.color.sing.star.rush,"音樂遊戲 9：鋼琴 音樂魔法方塊"
10:00,169,io.supercent.weaponrpg,"XP Hero (XP英雄)"
10:00,170,com.yzzg.mdgame,"暗影紀元-魔幻冒险之旅"
10:00,171,com.studio27.MelonPlayground,"Melon Sandbox"
10:00,172,com.choice.craft,"趣穿書ChoiceCraft-沉浸式重生逆襲言情穿越互動小說"
10:00,173,com.puzzlegame.heartwavegirls011,"Jigsaw Heartwave Girls"
10:00,174,com.megagames.sensultra,"超感穿梭"
10:00,175,com.walk.king.race.on.stairs,"Walk King - Race on Stairs"
10:00,176,com.readygo.barrel.gp,"Last Z：Survival Shooter（倖存者逃亡）"
10:00,177,com.oakever.tiletrip,"Tile Explorer - Triple Match"
10:00,178,com.mobsmile.coincollector,"Coin Collector"
10:00,179,com.monopoly.dream.idle.king,"Top Tycoon: Coin Theme Empire"
10:00,180,com.gamesofa.android.allchess,"象棋 神來也暗棋2：象棋暗棋、象棋麻將"
10:00,181,com.rsgjmnq.sfchuanglian,"人生軌跡模擬器"
10:00,182,com.hongsoft.kittenrun,"Kitten Run : Anime"
10:00,183,block.color.game.jam.blocks.sort.puzzle.games.slide.free,"色彩方塊：益智解謎遊戲"
10:00,184,tw.com.iwplay.nte,"異環"
10:00,185,com.horus.hero.xp.farm.rpg,"Skull Hero"
10:00,186,com.boge.lgmahjong,"嚦咕麻將-戰神賽特、古神巴風特、雷神之錘、麻將、魚機、老虎機"
10:00,187,com.chillyroom.containerofsoul.gp,"魂墜深境 - 肉鴿卡牌RPG"
10:00,188,com.gamesofa.android.catcafe2,"貓咪造咖－有故事的貓咪咖啡廳"
10:00,189,com.dino.race.master,"Car Race"
10:00,190,com.bag.blob,"Quack Bag: Duck Mafia"
10:00,191,com.zsdxsss.sfgame,"火柴人：劍仙傳奇"
10:00,192,com.mind.quiz.brain.out,"Brain Out®: 腦洞大師  囧才大考驗"
10:00,193,com.outfit7.mytalkingtom2,"我的湯姆貓2"
10:00,194,com.playspare.supermarket.store.simulator,"超市商店模擬器"
10:00,195,com.ltgames.android.m71.tw,"一念逍遙"
10:00,196,com.pd.vehiclemasters,"Vehicle Masters"
10:00,197,com.fp.helpmeplease.trickystories,"Tricky Puzzle: Fun Brain Story"
10:00,198,com.flirtysummer.mahjong.egkqp6.com,"Flirty Summer Mahjong"
10:00,199,com.ccstop.gp,"車車屍搭普"
10:00,200,com.blockgamesstudio.blockworld3d,"Block World 3D: 工艺与建造"
13:30,1,com.oakever.meowdoku,"Meowdoku: 腦力解謎遊戲"
13:30,2,com.nexon.devcat.mm.tw,"瑪奇 Mobile"
13:30,3,com.phstw.global,"醫起救世界：鼠裡逃生"
13:30,4,game.qualiarts.hololive.dreams.com,"hololive Dreams"
13:30,5,com.zyyad.mihuan,"赵云与阿斗"
13:30,6,com.wydxb.words.puzzle.an,"天天拼詞王"
13:30,7,com.xman.tw.gp,"超能戰爭"
13:30,8,com.cyphergames.royalsmash,"Royal Smash! - Physics Puzzle"
13:30,9,com.nianticlabs.pikmin,"Pikmin Bloom"
13:30,10,com.teaegg.puzzle.master,"茶葉蛋大冒險"
13:30,11,com.roblox.client,"Roblox"
13:30,12,com.hortor.femsj.asia,"肥鵝美食街"
13:30,13,com.block.juggle,"Block Blast!"
13:30,14,com.familygo.simgame,"家族物語 - 治癒系世代模擬"
13:30,15,com.mergegames.gossipharbor,"緋聞港口：合併&故事"
13:30,16,com.kayac.slow_mo_strike,"Slow Mo Strike: Knives in Time"
13:30,17,com.devsisters.cc,"薑餅人放置大戰爭 - 餅乾養成RPG"
13:30,18,com.dreamgames.royalkingdom,"Royal Kingdom"
13:30,19,com.supernova.kj.gp,"開局一座島-送真海鮮！"
13:30,20,jp.co.goodroid.hyper.busflow,"Bus Traffic Fever!"
13:30,21,com.capetown.mh.ap.gp,"完蛋！我被美少女攻略了"
13:30,22,com.wydxb.wordcross.an,"我要當學霸"
13:30,23,com.puzzlegames.puzzlebrickslegend,"Color Block: Combo Blast"
13:30,24,com.vitastudio.mahjong,"Vita 麻將"
13:30,25,com.run.tower.defense,"Kingshot"
13:30,26,com.unept.leveldevil,"Level Devil - NOT A Troll Game"
13:30,27,com.oakever.arrows,"Amaze GO! - 箭頭解謎"
13:30,28,com.hollywood.merge,"好萊塢合成：星夢逆襲"
13:30,29,com.warrior.screw.gp,"擰螺絲高高手"
13:30,30,com.nianticlabs.pokemongo,"Pokémon GO"
13:30,31,com.garena.game.df,"Garena® 三角洲行動"
13:30,32,com.media720.games2020,"離線遊戲: 無網單機好玩的桌遊 - Offline 100+"
13:30,33,com.agavegames.findthecat2,"Find The Cat 2 - Spot It!"
13:30,34,com.netease.eggypartyhmt,"蛋仔派對"
13:30,35,com.JoyPlay.DogsWarShootingGames.GP,"修勾逃生巨人危機-狗狗戰爭射擊遊戲-超好玩狗狗摸金搜打撤遊戲"
13:30,36,com.s01.global,"Lordrush"
13:30,37,com.fun.brain.game,"Brain Puzzle: Tricky Quest"
13:30,38,com.yoyogames.love.makeover.dressup.dating.crush.game,"Love Makeover: 時尚換裝物語"
13:30,39,com.newtv.cricketduel,"蟋蟀江湖 - 模擬經營養成手遊"
13:30,40,jigsaw.solitaire.match.games.free,"拼圖疊疊樂"
13:30,41,com.grandgames.magicsort,"Magic Sort!"
13:30,42,com.brain.crazy.joygame,"Brain Puzzle 3: Crazy Mind"
13:30,43,jp.co.ponos.battlecatstw,"貓咪大戰爭"
13:30,44,color.number.paint.pixle.art.sort.jigsaw,"Jewel Coloring"
13:30,45,com.helpgirlmatch.geakkz2.game,"Help Girl Match"
13:30,46,com.studiobside.starMain,"星之救援者"
13:30,47,com.cliffs.pro.cell.building.crazy.clever.craft,"Block Crazy Robo World Craft"
13:30,48,com.hp.keyboard.obby.asmr.speed.run,"Keyboard Obby: ASMR Speed Run"
13:30,49,com.dynastytk.king,"三國志KING"
13:30,50,com.wxdmxtw.android,"新武俠大明星"
13:30,51,com.bravestars.savethedog.drawgame,"Save The Pets"
13:30,52,com.nexon.ma,"楓之谷：放置冒險記"
13:30,53,com.a3.tavernlegend.googleplay,"酒館傳奇"
13:30,54,com.pocket.sort.coin.puzzle.game,"Pocket Sort: Coin Merge Puzzle"
13:30,55,com.fox.jstwgp,"青丘世界：緣起"
13:30,56,com.merge.game.foodstars,"美食之星:合併與烹飪"
13:30,57,com.brain.logic.joygame,"Brain Puzzle 2: Logic Twist"
13:30,58,io.voodoo.paper2,"Paper.io 2"
13:30,59,com.ageofempiresmobile.tw,"世紀帝國M"
13:30,60,com.funnyjoy.snysw.an,"燒腦眼神王"
13:30,61,com.wildfire.waifus,"與二次元女友的同居日常"
13:30,62,io.voodoo.holeio,"Hole.io"
13:30,63,com.nebula.mahjongtile,"Mahjong Blast（麻將消消樂益智遊戲）"
13:30,64,com.fiveminlab.overgeared.hero.backpack.merge,"靠裝勇者：背包合成RPG"
13:30,65,com.epicoro.castleclashers,"Castle Busters"
13:30,66,com.gameloft.android.ANMP.GloftA9HM,"狂野飆車：競速傳奇"
13:30,67,com.wood.block.sudoku.puzzle.bm,"Block Crush!"
13:30,68,com.whoyaho.tanghulu,"糖葫蘆達人－便利店、學校午餐、聖代咖啡館吃播ASMR"
13:30,69,com.pixel.art.coloring.color.number,"Happy Color® – 按數字編號上色的塗色書"
13:30,70,com.tg.sc33t.tw,"生存33天"
13:30,71,io.supercent.pizzaidle,"Pizza Ready"
13:30,72,com.igs.mjstar31,"麻將 明星3缺1麻將"
13:30,73,com.unicostudio.farmblockescape,"Farm Block Escape"
13:30,74,com.gametree.sultan.pd,"蘇丹的遊戲"
13:30,75,com.gf.wx2h5twtw.hwyad.google,"轉運江湖"
13:30,76,com.hmbl.perfect.makeover.cleaning.asmr,"Perfect Makeover Cleaning ASMR"
13:30,77,jp.pokemon.pokemonsleep,"Pokémon Sleep"
13:30,78,com.youmusic.magictiles,"Magic Tiles 3™ - 鋼琴遊戲"
13:30,79,com.JindoBlu.TwoPlayerGamesChallenge,"2 Player games : the Challenge"
13:30,80,com.gtsy.annoying.punch.game,"Annoying Uncle - 拳擊遊戲"
13:30,81,com.percent.aos.cooptd,"同盟塔防戰：並肩作戰"
13:30,82,com.reels.tiles.spicy.gp,"Secret Tiles - Spicy Reels"
13:30,83,io.supercent.linkedcubic,"蛇衝突 (Snake Clash)"
13:30,84,jp.pokemon.pokemontcgp,"Pokémon TCG Pocket"
13:30,85,com.ecffri.arrows,"Arrows – Puzzle Escape"
13:30,86,com.king.candycrushsaga,"糖果傳奇"
13:30,87,com.haunteddorm.mihuan,"Haunted Dorm - 猛鬼宿舍"
13:30,88,com.pronetis.ironball2,"Going Balls"
13:30,89,com.dts.freefireth,"Free Fire: 9周年"
13:30,90,bus.games.car.out.traffic.parking.jam.escape.puzzle,"巴士挑戰：解決交通堵塞"
13:30,91,com.rush.xtreme.sports,"RUSH: Xtreme"
13:30,92,com.gof.global,"寒霜啟示錄"
13:30,93,com.bverf.kmnrf.olrgm,"精靈覺醒：對決"
13:30,94,com.fungames.blockcraft,"3D 方塊城 (Block Craft)：建造模擬遊戲"
13:30,95,com.nebula.tiles,"Tap Tile!"
13:30,96,com.funplus.ts.global,"點點大作戰"
13:30,97,com.easybrain.brainy.joygame,"Puzzle Time: Brainy Challenge"
13:30,98,com.vincentb.MobControl,"Mob Control"
13:30,99,com.actgames.HelloKittyMDS,"Hello Kitty My Dream Store"
13:30,100,com.leap.searchit,"Search It - Hidden Objects"
13:30,101,com.garena.game.codm,"決勝時刻®: Mobile - Garena"
13:30,102,com.fatmerge.global,"食光旅行"
13:30,103,com.igs.starparty.aos,"玩星派對"
13:30,104,diamond.pixel.art.jewel.color.flow.sort.puzzle,"寶石顏色分類：鑽石遊戲"
13:30,105,com.kite.kittypick,"Kitty Pick"
13:30,106,com.godgame.mj.android,"麻將 神來也麻將－台灣16張、麻雀"
13:30,107,com.bunbunstudio.magicblocktiles,"音乐钢琴 7: 极速歌曲游戏"
13:30,108,com.readygo.dark.gp,"Dark War Survival"
13:30,109,com.tgc.sky.android,"Sky光·遇"
13:30,110,com.hermes.mk.asia,"世界計畫 繽紛舞台！feat. 初音未來"
13:30,111,com.JindoBlu.OfflineGames,"Offline Games - No Wifi Games"
13:30,112,com.cedargames.mysterytown,"迷霧小鎮: 合成遊戲 (Mystery Town)"
13:30,113,com.sh.fidget.toys.mini.relaxing.antistress.games,"迷你放鬆遊戲 - pop it"
13:30,114,com.igg.android.lordsmobile,"王國紀元 (Lords Mobile)：全面戰爭"
13:30,115,com.haegin.playtogether,"天天玩樂園 (Play Together)"
13:30,116,com.rekoo.pubgm,"PUBG MOBILE：絕地求生M"
13:30,117,com.craft.city.blockbuilder.pro,"Craft Explore: Block Builder"
13:30,118,com.ea.gp.fifamobile,"EA SPORTS FC™ 足球 Mobile 2026"
13:30,119,org.gg.crazy.brain,"瘋狂大腦洞: 思維急轉彎"
13:30,120,com.ayb.abtq,"這都能有錯"
13:30,121,com.mover.twrxjhw,"新熱血江湖：世界"
13:30,122,com.ventogames.findthecat,"Find The Cat - Spot It!"
13:30,123,com.mondayoff.dinomutant,"恐龍突變 : T-Rex"
13:30,124,com.abi.dream.unpacking,"Dreamy Room - 夢幻房間"
13:30,125,find.difference.spot.differences.hidden.puzzle.games.free,"找不同 - 發現並找出所有不同"
13:30,126,solitaire.word.association.connections.puzzle,"字詞接龍"
13:30,127,com.simulation.manager.furry.farm.food,"解憂小食光：萌系店員養成 & 餐廳模擬經營"
13:30,128,com.kiloo.subwaysurf,"Subway Surfers"
13:30,129,com.gsbeauty.gp.midnighttales,"Midnight Tales"
13:30,130,com.majesti.mcahjong.aerew2.game,"Majestic Mahjong"
13:30,131,easy.sudoku.puzzle.solver.free,"數獨 - 經典數獨謎題"
13:30,132,com.yzlm.tw.and,"勇者來開團"
13:30,133,com.mmzzhx.goo,"萌萌武道：主宰幻想"
13:30,134,com.soccer.score.star,"Soccer Superstar - 足球巨星"
13:30,135,com.playrix.township,"夢想小鎮"
13:30,136,com.hks.brain,"剪影收納達人：Brainstorming Master"
13:30,137,com.gamedots.seasideescape,"漫遊小鎮®：合併&故事"
13:30,138,com.flower.forest.word.puzzle,"Flower Forest - Word Puzzle"
13:30,139,com.unicostudio.braintest,"腦力測試 (Brain Test)：謎題急轉彎"
13:30,140,com.fc.p.cp.jelly.mukbang.asmr.live.diy,"果冻大师：吃播 ASMR"
13:30,141,beats.color.sing.star.rush,"音樂遊戲 9：鋼琴 音樂魔法方塊"
13:30,142,jigsolitaire.jigsort.jigsaw.solitaire.puzzle,"Jigsort™ 拼圖遊戲：單人樂趣無窮"
13:30,143,io.supercent.weaponrpg,"XP Hero (XP英雄)"
13:30,144,com.xianni.tw,"仙逆M-官方正版授權"
13:30,145,com.studio27.MelonPlayground,"Melon Sandbox"
13:30,146,sheep.animal.parking.puzzle.game.jam,"Sheep Dash: Sheep Away"
13:30,147,com.Chodun.CatGunner,"槍手貓咪：放置射擊RPG"
13:30,148,com.igg.android.doomsdaylastsurvivors,"黎明再現-FAIRY TAIL魔導少年聯動"
13:30,149,com.whoyaho.pendeco,"串珠筆達人 - 手作筆ASMR"
13:30,150,com.autoall.arrowpm,"Arrow Puzzle Master"
13:30,151,com.megagames.sensultra,"超感穿梭"
13:30,152,com.walk.king.race.on.stairs,"Walk King - Race on Stairs"
13:30,153,com.oakever.tiletrip,"Tile Explorer - Triple Match"
13:30,154,com.netmarble.stonkey,"石器時代：放置冒險"
13:30,155,com.puzzlegame.heartwavegirls011,"Jigsaw Heartwave Girls"
13:30,156,com.monopoly.dream.idle.king,"Top Tycoon: Coin Theme Empire"
13:30,157,com.gamesofa.android.allchess,"象棋 神來也暗棋2：象棋暗棋、象棋麻將"
13:30,158,com.tfv.block.line.fill.puzzle,"Single Line Block Fill Puzzle"
13:30,159,block.color.game.jam.blocks.sort.puzzle.games.slide.free,"色彩方塊：益智解謎遊戲"
13:30,160,com.moonactive.holestars,"Hole Stars: 謎題挑戰"
13:30,161,com.kayac.level_up_number,"Number Master: 號碼大師"
13:30,162,jp.garud.ssimulator,"SAKURA School Simulator"
13:30,163,com.kayac.PistolDuel,"Pistol Duel"
13:30,164,com.chillyroom.containerofsoul.gp,"魂墜深境 - 肉鴿卡牌RPG"
13:30,165,com.gamesofa.android.catcafe2,"貓咪造咖－有故事的貓咪咖啡廳"
13:30,166,com.fluffydrop.op.gp,"Fluffy Drop - No Timer"
13:30,167,com.playspare.supermarket.store.simulator,"超市商店模擬器"
13:30,168,com.pikpok.dc.play,"Doomsday Clicker"
13:30,169,com.ltgames.android.m71.tw,"一念逍遙"
13:30,170,com.gf.fpjtwtw.hwyad.google,"巡夢少女"
13:30,171,com.sled.surfers.game,"Sled Surfers"
13:30,172,com.pubg.uropa,"Astro Arena : 恆星激鬥 PvP"
13:30,173,piggy.escape.jam.farm.puzzle.game,"Piggy Escape: Pig Jam Farm"
13:30,174,com.arargames.blocked,"Blocked Pixel Panzer"
13:30,175,com.cyberjoy.galaxydefense,"太空防禦(Galaxy Defense)"
13:30,176,com.easybrain.brick.balls.blast,"Brick Blast：小球打磚塊"
13:30,177,com.streetcomplete.pixelmagician,"我的法杖有點強：放置RPG"
13:30,178,com.wood.bolt.wordle.screw.nuts.puzzle,"Woodle Screw™ Pin: 螺帽與螺栓"
13:30,179,com.jumbo.yirufa,"包你發-王識賢、安心亞推薦休閒娛樂城-老虎機、捕魚機多款遊戲"
13:30,180,com.tfgco.apps.coloring.free.color.by.number,"填色一二三：像素著色遊戲"
13:30,181,com.magic.dancing.tiles.game.piano,"Piano Pink Music: Rhythm Game"
13:30,182,com.topwar.gp,"口袋奇兵（Top War）-超休閒的策略遊戲"
13:30,183,com.loomgames.pixelflow,"Pixel Flow!"
13:30,184,com.HoYoverse.Nap,"絕區零 - 週年慶"
13:30,185,flexus.dye.hard,"終極渲染: 顏色大戰"
13:30,186,com.choice.craft,"趣穿書ChoiceCraft-沉浸式重生逆襲言情穿越互動小說"
13:30,187,com.nexters.herowars,"勇士爭霸：群雄聯盟 - 角色扮演戰鬥多人手遊戲"
13:30,188,com.chirpysort.game.android,"Chirpy Sort: Bird Color Puzzle"
13:30,189,casual.soundboard.ar.trending,"Trending AR Soundboard"
13:30,190,com.fc.goods.sort.matching.puzzle.triplemaster,"物品分類：連連看3消除遊戲"
13:30,191,com.ultimatelavashgames.rollthehole,"Jelly Hole: Roll & Eat Pals"
13:30,192,com.global.sgdbztw,"時光大爆炸"
13:30,193,com.mobsmile.coincollector,"Coin Collector"
13:30,194,com.kunpan.android.lili.tw,"莉莉的冒險衣櫥"
13:30,195,com.yolo.hiddenobjects,"Find Hidden Objects - Spot It!"
13:30,196,com.dreamgames.royalmatch,"Royal Match"
13:30,197,tw.com.iwplay.nte,"異環"
13:30,198,jp.pokemon.pokemonchampions,"Pokémon Champions"
13:30,199,com.NewFolderGames.IAmCat,"I Am Cat"
13:30,200,com.aim.racing,"Extreme Car Driving Simulator"
16:30,1,com.oakever.meowdoku,"Meowdoku: 腦力解謎遊戲"
16:30,2,com.nexon.devcat.mm.tw,"瑪奇 Mobile"
16:30,3,com.phstw.global,"醫起救世界：鼠裡逃生"
16:30,4,game.qualiarts.hololive.dreams.com,"hololive Dreams"
16:30,5,com.zyyad.mihuan,"赵云与阿斗"
16:30,6,com.wydxb.words.puzzle.an,"天天拼詞王"
16:30,7,com.xman.tw.gp,"超能戰爭"
16:30,8,com.cyphergames.royalsmash,"Royal Smash! - Physics Puzzle"
16:30,9,com.nianticlabs.pikmin,"Pikmin Bloom"
16:30,10,com.teaegg.puzzle.master,"茶葉蛋大冒險"
16:30,11,com.roblox.client,"Roblox"
16:30,12,com.hortor.femsj.asia,"肥鵝美食街"
16:30,13,com.block.juggle,"Block Blast!"
16:30,14,com.familygo.simgame,"家族物語 - 治癒系世代模擬"
16:30,15,com.mergegames.gossipharbor,"緋聞港口：合併&故事"
16:30,16,com.kayac.slow_mo_strike,"Slow Mo Strike: Knives in Time"
16:30,17,com.devsisters.cc,"薑餅人放置大戰爭 - 餅乾養成RPG"
16:30,18,com.dreamgames.royalkingdom,"Royal Kingdom"
16:30,19,com.supernova.kj.gp,"開局一座島-送真海鮮！"
16:30,20,jp.co.goodroid.hyper.busflow,"Bus Traffic Fever!"
16:30,21,com.capetown.mh.ap.gp,"完蛋！我被美少女攻略了"
16:30,22,com.wydxb.wordcross.an,"我要當學霸"
16:30,23,com.puzzlegames.puzzlebrickslegend,"Color Block: Combo Blast"
16:30,24,com.vitastudio.mahjong,"Vita 麻將"
16:30,25,com.run.tower.defense,"Kingshot"
16:30,26,com.unept.leveldevil,"Level Devil - NOT A Troll Game"
16:30,27,com.oakever.arrows,"Amaze GO! - 箭頭解謎"
16:30,28,com.hollywood.merge,"好萊塢合成：星夢逆襲"
16:30,29,com.warrior.screw.gp,"擰螺絲高高手"
16:30,30,com.nianticlabs.pokemongo,"Pokémon GO"
16:30,31,com.garena.game.df,"Garena® 三角洲行動"
16:30,32,com.media720.games2020,"離線遊戲: 無網單機好玩的桌遊 - Offline 100+"
16:30,33,com.agavegames.findthecat2,"Find The Cat 2 - Spot It!"
16:30,34,com.netease.eggypartyhmt,"蛋仔派對"
16:30,35,com.JoyPlay.DogsWarShootingGames.GP,"修勾逃生巨人危機-狗狗戰爭射擊遊戲-超好玩狗狗摸金搜打撤遊戲"
16:30,36,com.s01.global,"Lordrush"
16:30,37,com.fun.brain.game,"Brain Puzzle: Tricky Quest"
16:30,38,com.yoyogames.love.makeover.dressup.dating.crush.game,"Love Makeover: 時尚換裝物語"
16:30,39,com.newtv.cricketduel,"蟋蟀江湖 - 模擬經營養成手遊"
16:30,40,jigsaw.solitaire.match.games.free,"拼圖疊疊樂"
16:30,41,com.grandgames.magicsort,"Magic Sort!"
16:30,42,com.brain.crazy.joygame,"Brain Puzzle 3: Crazy Mind"
16:30,43,jp.co.ponos.battlecatstw,"貓咪大戰爭"
16:30,44,color.number.paint.pixle.art.sort.jigsaw,"Jewel Coloring"
16:30,45,com.helpgirlmatch.geakkz2.game,"Help Girl Match"
16:30,46,com.studiobside.starMain,"星之救援者"
16:30,47,com.cliffs.pro.cell.building.crazy.clever.craft,"Block Crazy Robo World Craft"
16:30,48,com.hp.keyboard.obby.asmr.speed.run,"Keyboard Obby: ASMR Speed Run"
16:30,49,com.dynastytk.king,"三國志KING"
16:30,50,com.wxdmxtw.android,"新武俠大明星"
16:30,51,com.bravestars.savethedog.drawgame,"Save The Pets"
16:30,52,com.nexon.ma,"楓之谷：放置冒險記"
16:30,53,com.a3.tavernlegend.googleplay,"酒館傳奇"
16:30,54,com.pocket.sort.coin.puzzle.game,"Pocket Sort: Coin Merge Puzzle"
16:30,55,com.fox.jstwgp,"青丘世界：緣起"
16:30,56,com.merge.game.foodstars,"美食之星:合併與烹飪"
16:30,57,com.brain.logic.joygame,"Brain Puzzle 2: Logic Twist"
16:30,58,io.voodoo.paper2,"Paper.io 2"
16:30,59,com.ageofempiresmobile.tw,"世紀帝國M"
16:30,60,com.funnyjoy.snysw.an,"燒腦眼神王"
16:30,61,com.wildfire.waifus,"與二次元女友的同居日常"
16:30,62,io.voodoo.holeio,"Hole.io"
16:30,63,com.nebula.mahjongtile,"Mahjong Blast（麻將消消樂益智遊戲）"
16:30,64,com.fiveminlab.overgeared.hero.backpack.merge,"靠裝勇者：背包合成RPG"
16:30,65,com.epicoro.castleclashers,"Castle Busters"
16:30,66,com.gameloft.android.ANMP.GloftA9HM,"狂野飆車：競速傳奇"
16:30,67,com.wood.block.sudoku.puzzle.bm,"Block Crush!"
16:30,68,com.whoyaho.tanghulu,"糖葫蘆達人－便利店、學校午餐、聖代咖啡館吃播ASMR"
16:30,69,com.pixel.art.coloring.color.number,"Happy Color® – 按數字編號上色的塗色書"
16:30,70,com.tg.sc33t.tw,"生存33天"
16:30,71,io.supercent.pizzaidle,"Pizza Ready"
16:30,72,com.igs.mjstar31,"麻將 明星3缺1麻將"
16:30,73,com.unicostudio.farmblockescape,"Farm Block Escape"
16:30,74,com.gametree.sultan.pd,"蘇丹的遊戲"
16:30,75,com.gf.wx2h5twtw.hwyad.google,"轉運江湖"
16:30,76,com.hmbl.perfect.makeover.cleaning.asmr,"Perfect Makeover Cleaning ASMR"
16:30,77,jp.pokemon.pokemonsleep,"Pokémon Sleep"
16:30,78,com.youmusic.magictiles,"Magic Tiles 3™ - 鋼琴遊戲"
16:30,79,com.JindoBlu.TwoPlayerGamesChallenge,"2 Player games : the Challenge"
16:30,80,com.gtsy.annoying.punch.game,"Annoying Uncle - 拳擊遊戲"
16:30,81,com.percent.aos.cooptd,"同盟塔防戰：並肩作戰"
16:30,82,com.reels.tiles.spicy.gp,"Secret Tiles - Spicy Reels"
16:30,83,io.supercent.linkedcubic,"蛇衝突 (Snake Clash)"
16:30,84,jp.pokemon.pokemontcgp,"Pokémon TCG Pocket"
16:30,85,com.ecffri.arrows,"Arrows – Puzzle Escape"
16:30,86,com.king.candycrushsaga,"糖果傳奇"
16:30,87,com.haunteddorm.mihuan,"Haunted Dorm - 猛鬼宿舍"
16:30,88,com.pronetis.ironball2,"Going Balls"
16:30,89,com.dts.freefireth,"Free Fire: 9周年"
16:30,90,bus.games.car.out.traffic.parking.jam.escape.puzzle,"巴士挑戰：解決交通堵塞"
16:30,91,com.rush.xtreme.sports,"RUSH: Xtreme"
16:30,92,com.gof.global,"寒霜啟示錄"
16:30,93,com.bverf.kmnrf.olrgm,"精靈覺醒：對決"
16:30,94,com.fungames.blockcraft,"3D 方塊城 (Block Craft)：建造模擬遊戲"
16:30,95,com.nebula.tiles,"Tap Tile!"
16:30,96,com.funplus.ts.global,"點點大作戰"
16:30,97,com.easybrain.brainy.joygame,"Puzzle Time: Brainy Challenge"
16:30,98,com.vincentb.MobControl,"Mob Control"
16:30,99,com.actgames.HelloKittyMDS,"Hello Kitty My Dream Store"
16:30,100,com.leap.searchit,"Search It - Hidden Objects"
16:30,101,com.garena.game.codm,"決勝時刻®: Mobile - Garena"
16:30,102,com.fatmerge.global,"食光旅行"
16:30,103,com.igs.starparty.aos,"玩星派對"
16:30,104,diamond.pixel.art.jewel.color.flow.sort.puzzle,"寶石顏色分類：鑽石遊戲"
16:30,105,com.kite.kittypick,"Kitty Pick"
16:30,106,com.godgame.mj.android,"麻將 神來也麻將－台灣16張、麻雀"
16:30,107,com.bunbunstudio.magicblocktiles,"音乐钢琴 7: 极速歌曲游戏"
16:30,108,com.readygo.dark.gp,"Dark War Survival"
16:30,109,com.tgc.sky.android,"Sky光·遇"
16:30,110,com.hermes.mk.asia,"世界計畫 繽紛舞台！feat. 初音未來"
16:30,111,com.JindoBlu.OfflineGames,"Offline Games - No Wifi Games"
16:30,112,com.cedargames.mysterytown,"迷霧小鎮: 合成遊戲 (Mystery Town)"
16:30,113,com.sh.fidget.toys.mini.relaxing.antistress.games,"迷你放鬆遊戲 - pop it"
16:30,114,com.igg.android.lordsmobile,"王國紀元 - 變形金剛聯動"
16:30,115,com.haegin.playtogether,"天天玩樂園 (Play Together)"
16:30,116,com.rekoo.pubgm,"PUBG MOBILE：絕地求生M"
16:30,117,com.craft.city.blockbuilder.pro,"Craft Explore: Block Builder"
16:30,118,com.ea.gp.fifamobile,"EA SPORTS FC™ 足球 Mobile 2026"
16:30,119,org.gg.crazy.brain,"瘋狂大腦洞: 思維急轉彎"
16:30,120,com.ayb.abtq,"這都能有錯"
16:30,121,com.mover.twrxjhw,"新熱血江湖：世界"
16:30,122,com.ventogames.findthecat,"Find The Cat - Spot It!"
16:30,123,com.mondayoff.dinomutant,"恐龍突變 : T-Rex"
16:30,124,com.abi.dream.unpacking,"Dreamy Room - 夢幻房間"
16:30,125,find.difference.spot.differences.hidden.puzzle.games.free,"找不同 - 發現並找出所有不同"
16:30,126,solitaire.word.association.connections.puzzle,"字詞接龍"
16:30,127,com.simulation.manager.furry.farm.food,"解憂小食光：萌系店員養成 & 餐廳模擬經營"
16:30,128,com.kiloo.subwaysurf,"Subway Surfers"
16:30,129,com.gsbeauty.gp.midnighttales,"Midnight Tales"
16:30,130,com.majesti.mcahjong.aerew2.game,"Majestic Mahjong"
16:30,131,easy.sudoku.puzzle.solver.free,"數獨 - 經典數獨謎題"
16:30,132,com.yzlm.tw.and,"勇者來開團"
16:30,133,com.mmzzhx.goo,"萌萌武道：主宰幻想"
16:30,134,com.soccer.score.star,"Soccer Superstar - 足球巨星"
16:30,135,com.playrix.township,"夢想小鎮"
16:30,136,com.hks.brain,"剪影收納達人：Brainstorming Master"
16:30,137,com.gamedots.seasideescape,"漫遊小鎮®：合併&故事"
16:30,138,com.flower.forest.word.puzzle,"Flower Forest - Word Puzzle"
16:30,139,com.unicostudio.braintest,"腦力測試 (Brain Test)：謎題急轉彎"
16:30,140,com.fc.p.cp.jelly.mukbang.asmr.live.diy,"果冻大师：吃播 ASMR"
16:30,141,beats.color.sing.star.rush,"音樂遊戲 9：鋼琴 音樂魔法方塊"
16:30,142,jigsolitaire.jigsort.jigsaw.solitaire.puzzle,"Jigsort™ 拼圖遊戲：單人樂趣無窮"
16:30,143,io.supercent.weaponrpg,"XP Hero (XP英雄)"
16:30,144,com.xianni.tw,"仙逆M-官方正版授權"
16:30,145,com.studio27.MelonPlayground,"Melon Sandbox"
16:30,146,sheep.animal.parking.puzzle.game.jam,"Sheep Dash: Sheep Away"
16:30,147,com.Chodun.CatGunner,"槍手貓咪：放置射擊RPG"
16:30,148,com.igg.android.doomsdaylastsurvivors,"黎明再現-FAIRY TAIL魔導少年聯動"
16:30,149,com.whoyaho.pendeco,"串珠筆達人 - 手作筆ASMR"
16:30,150,com.autoall.arrowpm,"Arrow Puzzle Master"
16:30,151,com.megagames.sensultra,"超感穿梭"
16:30,152,com.walk.king.race.on.stairs,"Walk King - Race on Stairs"
16:30,153,com.oakever.tiletrip,"Tile Explorer - Triple Match"
16:30,154,com.netmarble.stonkey,"石器時代：放置冒險"
16:30,155,com.puzzlegame.heartwavegirls011,"Jigsaw Heartwave Girls"
16:30,156,com.monopoly.dream.idle.king,"Top Tycoon: Coin Theme Empire"
16:30,157,com.gamesofa.android.allchess,"象棋 神來也暗棋2：象棋暗棋、象棋麻將"
16:30,158,com.tfv.block.line.fill.puzzle,"Single Line Block Fill Puzzle"
16:30,159,block.color.game.jam.blocks.sort.puzzle.games.slide.free,"色彩方塊：益智解謎遊戲"
16:30,160,com.moonactive.holestars,"Hole Stars: 謎題挑戰"
16:30,161,com.kayac.level_up_number,"Number Master: 號碼大師"
16:30,162,jp.garud.ssimulator,"SAKURA School Simulator"
16:30,163,com.kayac.PistolDuel,"Pistol Duel"
16:30,164,com.chillyroom.containerofsoul.gp,"魂墜深境 - 肉鴿卡牌RPG"
16:30,165,com.gamesofa.android.catcafe2,"貓咪造咖－有故事的貓咪咖啡廳"
16:30,166,com.fluffydrop.op.gp,"Fluffy Drop - No Timer"
16:30,167,com.playspare.supermarket.store.simulator,"超市商店模擬器"
16:30,168,com.pikpok.dc.play,"Doomsday Clicker"
16:30,169,com.ltgames.android.m71.tw,"一念逍遙"
16:30,170,com.gf.fpjtwtw.hwyad.google,"巡夢少女"
16:30,171,com.sled.surfers.game,"Sled Surfers"
16:30,172,com.pubg.uropa,"Astro Arena : 恆星激鬥 PvP"
16:30,173,piggy.escape.jam.farm.puzzle.game,"Piggy Escape: Pig Jam Farm"
16:30,174,com.arargames.blocked,"Blocked Pixel Panzer"
16:30,175,com.cyberjoy.galaxydefense,"太空防禦(Galaxy Defense)"
16:30,176,com.easybrain.brick.balls.blast,"Brick Blast：小球打磚塊"
16:30,177,com.streetcomplete.pixelmagician,"我的法杖有點強：放置RPG"
16:30,178,com.wood.bolt.wordle.screw.nuts.puzzle,"Woodle Screw™ Pin: 螺帽與螺栓"
16:30,179,com.jumbo.yirufa,"包你發-王識賢、安心亞推薦休閒娛樂城-老虎機、捕魚機多款遊戲"
16:30,180,com.tfgco.apps.coloring.free.color.by.number,"填色一二三：像素著色遊戲"
16:30,181,com.magic.dancing.tiles.game.piano,"Piano Pink Music: Rhythm Game"
16:30,182,com.topwar.gp,"口袋奇兵（Top War）-超休閒的策略遊戲"
16:30,183,com.HoYoverse.Nap,"絕區零 - 週年慶"
16:30,184,flexus.dye.hard,"終極渲染: 顏色大戰"
16:30,185,com.choice.craft,"趣穿書ChoiceCraft-沉浸式重生逆襲言情穿越互動小說"
16:30,186,com.nexters.herowars,"勇士爭霸：群雄聯盟 - 角色扮演戰鬥多人手遊戲"
16:30,187,com.chirpysort.game.android,"Chirpy Sort: Bird Color Puzzle"
16:30,188,casual.soundboard.ar.trending,"Trending AR Soundboard"
16:30,189,com.fc.goods.sort.matching.puzzle.triplemaster,"物品分類：連連看3消除遊戲"
16:30,190,com.ultimatelavashgames.rollthehole,"Jelly Hole: Roll & Eat Pals"
16:30,191,com.global.sgdbztw,"時光大爆炸"
16:30,192,com.mobsmile.coincollector,"Coin Collector"
16:30,193,com.kunpan.android.lili.tw,"莉莉的冒險衣櫥"
16:30,194,com.yolo.hiddenobjects,"Find Hidden Objects - Spot It!"
16:30,195,com.dreamgames.royalmatch,"Royal Match"
16:30,196,tw.com.iwplay.nte,"異環"
16:30,197,jp.pokemon.pokemonchampions,"Pokémon Champions"
16:30,198,com.NewFolderGames.IAmCat,"I Am Cat"
16:30,199,com.aim.racing,"Extreme Car Driving Simulator"
16:30,200,com.readygo.barrel.gp,"Last Z：Survival Shooter（倖存者逃亡）"
19:00,1,com.oakever.meowdoku,"Meowdoku: 腦力解謎遊戲"
19:00,2,com.nexon.devcat.mm.tw,"瑪奇 Mobile"
19:00,3,com.phstw.global,"醫起救世界：鼠裡逃生"
19:00,4,game.qualiarts.hololive.dreams.com,"hololive Dreams"
19:00,5,com.zyyad.mihuan,"赵云与阿斗"
19:00,6,com.wydxb.words.puzzle.an,"天天拼詞王"
19:00,7,com.xman.tw.gp,"超能戰爭"
19:00,8,com.cyphergames.royalsmash,"Royal Smash! - Physics Puzzle"
19:00,9,com.nianticlabs.pikmin,"Pikmin Bloom"
19:00,10,com.teaegg.puzzle.master,"茶葉蛋大冒險"
19:00,11,com.roblox.client,"Roblox"
19:00,12,com.hortor.femsj.asia,"肥鵝美食街"
19:00,13,com.block.juggle,"Block Blast!"
19:00,14,com.familygo.simgame,"家族物語 - 治癒系世代模擬"
19:00,15,com.mergegames.gossipharbor,"緋聞港口：合併&故事"
19:00,16,com.kayac.slow_mo_strike,"Slow Mo Strike: Knives in Time"
19:00,17,com.devsisters.cc,"薑餅人放置大戰爭 - 餅乾養成RPG"
19:00,18,com.dreamgames.royalkingdom,"Royal Kingdom"
19:00,19,com.supernova.kj.gp,"開局一座島-送真海鮮！"
19:00,20,jp.co.goodroid.hyper.busflow,"Bus Traffic Fever!"
19:00,21,com.capetown.mh.ap.gp,"完蛋！我被美少女攻略了"
19:00,22,com.wydxb.wordcross.an,"我要當學霸"
19:00,23,com.puzzlegames.puzzlebrickslegend,"Color Block: Combo Blast"
19:00,24,com.vitastudio.mahjong,"Vita 麻將"
19:00,25,com.run.tower.defense,"Kingshot"
19:00,26,com.unept.leveldevil,"Level Devil - NOT A Troll Game"
19:00,27,com.oakever.arrows,"Amaze GO! - 箭頭解謎"
19:00,28,com.hollywood.merge,"好萊塢合成：星夢逆襲"
19:00,29,com.warrior.screw.gp,"擰螺絲高高手"
19:00,30,com.nianticlabs.pokemongo,"Pokémon GO"
19:00,31,com.garena.game.df,"Garena® 三角洲行動"
19:00,32,com.media720.games2020,"離線遊戲: 無網單機好玩的桌遊 - Offline 100+"
19:00,33,com.agavegames.findthecat2,"Find The Cat 2 - Spot It!"
19:00,34,com.netease.eggypartyhmt,"蛋仔派對"
19:00,35,com.JoyPlay.DogsWarShootingGames.GP,"修勾逃生巨人危機-狗狗戰爭射擊遊戲-超好玩狗狗摸金搜打撤遊戲"
19:00,36,com.s01.global,"Lordrush"
19:00,37,com.fun.brain.game,"Brain Puzzle: Tricky Quest"
19:00,38,com.yoyogames.love.makeover.dressup.dating.crush.game,"Love Makeover: 時尚換裝物語"
19:00,39,com.newtv.cricketduel,"蟋蟀江湖 - 模擬經營養成手遊"
19:00,40,jigsaw.solitaire.match.games.free,"拼圖疊疊樂"
19:00,41,com.grandgames.magicsort,"Magic Sort!"
19:00,42,com.brain.crazy.joygame,"Brain Puzzle 3: Crazy Mind"
19:00,43,jp.co.ponos.battlecatstw,"貓咪大戰爭"
19:00,44,color.number.paint.pixle.art.sort.jigsaw,"Jewel Coloring"
19:00,45,com.helpgirlmatch.geakkz2.game,"Help Girl Match"
19:00,46,com.studiobside.starMain,"星之救援者"
19:00,47,com.cliffs.pro.cell.building.crazy.clever.craft,"Block Crazy Robo World Craft"
19:00,48,com.hp.keyboard.obby.asmr.speed.run,"Keyboard Obby: ASMR Speed Run"
19:00,49,com.dynastytk.king,"三國志KING"
19:00,50,com.wxdmxtw.android,"新武俠大明星"
19:00,51,com.bravestars.savethedog.drawgame,"Save The Pets"
19:00,52,com.nexon.ma,"楓之谷：放置冒險記"
19:00,53,com.a3.tavernlegend.googleplay,"酒館傳奇"
19:00,54,com.pocket.sort.coin.puzzle.game,"Pocket Sort: Coin Merge Puzzle"
19:00,55,com.fox.jstwgp,"青丘世界：緣起"
19:00,56,com.merge.game.foodstars,"美食之星:合併與烹飪"
19:00,57,com.brain.logic.joygame,"Brain Puzzle 2: Logic Twist"
19:00,58,io.voodoo.paper2,"Paper.io 2"
19:00,59,com.ageofempiresmobile.tw,"世紀帝國M"
19:00,60,com.funnyjoy.snysw.an,"燒腦眼神王"
19:00,61,com.wildfire.waifus,"與二次元女友的同居日常"
19:00,62,io.voodoo.holeio,"Hole.io"
19:00,63,com.nebula.mahjongtile,"Mahjong Blast（麻將消消樂益智遊戲）"
19:00,64,com.fiveminlab.overgeared.hero.backpack.merge,"靠裝勇者：背包合成RPG"
19:00,65,com.epicoro.castleclashers,"Castle Busters"
19:00,66,com.gameloft.android.ANMP.GloftA9HM,"狂野飆車：競速傳奇"
19:00,67,com.wood.block.sudoku.puzzle.bm,"Block Crush!"
19:00,68,com.whoyaho.tanghulu,"糖葫蘆達人－便利店、學校午餐、聖代咖啡館吃播ASMR"
19:00,69,com.pixel.art.coloring.color.number,"Happy Color® – 按數字編號上色的塗色書"
19:00,70,com.tg.sc33t.tw,"生存33天"
19:00,71,io.supercent.pizzaidle,"Pizza Ready"
19:00,72,com.igs.mjstar31,"麻將 明星3缺1麻將"
19:00,73,com.unicostudio.farmblockescape,"Farm Block Escape"
19:00,74,com.gametree.sultan.pd,"蘇丹的遊戲"
19:00,75,com.gf.wx2h5twtw.hwyad.google,"轉運江湖"
19:00,76,com.hmbl.perfect.makeover.cleaning.asmr,"Perfect Makeover Cleaning ASMR"
19:00,77,jp.pokemon.pokemonsleep,"Pokémon Sleep"
19:00,78,com.youmusic.magictiles,"Magic Tiles 3™ - 鋼琴遊戲"
19:00,79,com.JindoBlu.TwoPlayerGamesChallenge,"2 Player games : the Challenge"
19:00,80,com.gtsy.annoying.punch.game,"Annoying Uncle - 拳擊遊戲"
19:00,81,com.percent.aos.cooptd,"同盟塔防戰：並肩作戰"
19:00,82,com.reels.tiles.spicy.gp,"Secret Tiles - Spicy Reels"
19:00,83,io.supercent.linkedcubic,"蛇衝突 (Snake Clash)"
19:00,84,jp.pokemon.pokemontcgp,"Pokémon TCG Pocket"
19:00,85,com.ecffri.arrows,"Arrows – Puzzle Escape"
19:00,86,com.king.candycrushsaga,"糖果傳奇"
19:00,87,com.haunteddorm.mihuan,"Haunted Dorm - 猛鬼宿舍"
19:00,88,com.pronetis.ironball2,"Going Balls"
19:00,89,com.dts.freefireth,"Free Fire: 9周年"
19:00,90,bus.games.car.out.traffic.parking.jam.escape.puzzle,"巴士挑戰：解決交通堵塞"
19:00,91,com.rush.xtreme.sports,"RUSH: Xtreme"
19:00,92,com.gof.global,"寒霜啟示錄"
19:00,93,com.bverf.kmnrf.olrgm,"精靈覺醒：對決"
19:00,94,com.fungames.blockcraft,"3D 方塊城 (Block Craft)：建造模擬遊戲"
19:00,95,com.nebula.tiles,"Tap Tile!"
19:00,96,com.funplus.ts.global,"點點大作戰"
19:00,97,com.easybrain.brainy.joygame,"Puzzle Time: Brainy Challenge"
19:00,98,com.vincentb.MobControl,"Mob Control"
19:00,99,com.actgames.HelloKittyMDS,"Hello Kitty My Dream Store"
19:00,100,com.leap.searchit,"Search It - Hidden Objects"
19:00,101,com.garena.game.codm,"決勝時刻®: Mobile - Garena"
19:00,102,com.fatmerge.global,"食光旅行"
19:00,103,com.igs.starparty.aos,"玩星派對"
19:00,104,diamond.pixel.art.jewel.color.flow.sort.puzzle,"寶石顏色分類：鑽石遊戲"
19:00,105,com.kite.kittypick,"Kitty Pick"
19:00,106,com.godgame.mj.android,"麻將 神來也麻將－台灣16張、麻雀"
19:00,107,com.bunbunstudio.magicblocktiles,"音乐钢琴 7: 极速歌曲游戏"
19:00,108,com.readygo.dark.gp,"Dark War Survival"
19:00,109,com.tgc.sky.android,"Sky光·遇"
19:00,110,com.hermes.mk.asia,"世界計畫 繽紛舞台！feat. 初音未來"
19:00,111,com.JindoBlu.OfflineGames,"Offline Games - No Wifi Games"
19:00,112,com.cedargames.mysterytown,"迷霧小鎮: 合成遊戲 (Mystery Town)"
19:00,113,com.sh.fidget.toys.mini.relaxing.antistress.games,"迷你放鬆遊戲 - pop it"
19:00,114,com.igg.android.lordsmobile,"王國紀元 - 變形金剛聯動"
19:00,115,com.haegin.playtogether,"天天玩樂園 (Play Together)"
19:00,116,com.rekoo.pubgm,"PUBG MOBILE：絕地求生M"
19:00,117,com.craft.city.blockbuilder.pro,"Craft Explore: Block Builder"
19:00,118,com.ea.gp.fifamobile,"EA SPORTS FC™ 足球 Mobile 2026"
19:00,119,org.gg.crazy.brain,"瘋狂大腦洞: 思維急轉彎"
19:00,120,com.ayb.abtq,"這都能有錯"
19:00,121,com.mover.twrxjhw,"新熱血江湖：世界"
19:00,122,com.ventogames.findthecat,"Find The Cat - Spot It!"
19:00,123,com.mondayoff.dinomutant,"恐龍突變 : T-Rex"
19:00,124,com.abi.dream.unpacking,"Dreamy Room - 夢幻房間"
19:00,125,find.difference.spot.differences.hidden.puzzle.games.free,"找不同 - 發現並找出所有不同"
19:00,126,solitaire.word.association.connections.puzzle,"字詞接龍"
19:00,127,com.simulation.manager.furry.farm.food,"解憂小食光：萌系店員養成 & 餐廳模擬經營"
19:00,128,com.kiloo.subwaysurf,"Subway Surfers"
19:00,129,com.gsbeauty.gp.midnighttales,"Midnight Tales"
19:00,130,com.majesti.mcahjong.aerew2.game,"Majestic Mahjong"
19:00,131,easy.sudoku.puzzle.solver.free,"數獨 - 經典數獨謎題"
19:00,132,com.yzlm.tw.and,"勇者來開團"
19:00,133,com.mmzzhx.goo,"萌萌武道：主宰幻想"
19:00,134,com.soccer.score.star,"Soccer Superstar - 足球巨星"
19:00,135,com.playrix.township,"夢想小鎮"
19:00,136,com.hks.brain,"剪影收納達人：Brainstorming Master"
19:00,137,com.gamedots.seasideescape,"漫遊小鎮®：合併&故事"
19:00,138,com.flower.forest.word.puzzle,"Flower Forest - Word Puzzle"
19:00,139,com.unicostudio.braintest,"腦力測試 (Brain Test)：謎題急轉彎"
19:00,140,com.fc.p.cp.jelly.mukbang.asmr.live.diy,"果冻大师：吃播 ASMR"
19:00,141,beats.color.sing.star.rush,"音樂遊戲 9：鋼琴 音樂魔法方塊"
19:00,142,jigsolitaire.jigsort.jigsaw.solitaire.puzzle,"Jigsort™ 拼圖遊戲：單人樂趣無窮"
19:00,143,io.supercent.weaponrpg,"XP Hero (XP英雄)"
19:00,144,com.xianni.tw,"仙逆M-官方正版授權"
19:00,145,com.studio27.MelonPlayground,"Melon Sandbox"
19:00,146,sheep.animal.parking.puzzle.game.jam,"Sheep Dash: Sheep Away"
19:00,147,com.Chodun.CatGunner,"槍手貓咪：放置射擊RPG"
19:00,148,com.igg.android.doomsdaylastsurvivors,"黎明再現：奧德修斯歸來"
19:00,149,com.whoyaho.pendeco,"串珠筆達人 - 手作筆ASMR"
19:00,150,com.autoall.arrowpm,"Arrow Puzzle Master"
19:00,151,com.megagames.sensultra,"超感穿梭"
19:00,152,com.walk.king.race.on.stairs,"Walk King - Race on Stairs"
19:00,153,com.oakever.tiletrip,"Tile Explorer - Triple Match"
19:00,154,com.netmarble.stonkey,"石器時代：放置冒險"
19:00,155,com.puzzlegame.heartwavegirls011,"Jigsaw Heartwave Girls"
19:00,156,com.monopoly.dream.idle.king,"Top Tycoon: Coin Theme Empire"
19:00,157,com.gamesofa.android.allchess,"象棋 神來也暗棋2：象棋暗棋、象棋麻將"
19:00,158,com.tfv.block.line.fill.puzzle,"Single Line Block Fill Puzzle"
19:00,159,block.color.game.jam.blocks.sort.puzzle.games.slide.free,"色彩方塊：益智解謎遊戲"
19:00,160,com.moonactive.holestars,"Hole Stars: 謎題挑戰"
19:00,161,com.kayac.level_up_number,"Number Master: 號碼大師"
19:00,162,jp.garud.ssimulator,"SAKURA School Simulator"
19:00,163,com.kayac.PistolDuel,"Pistol Duel"
19:00,164,com.chillyroom.containerofsoul.gp,"魂墜深境 - 肉鴿卡牌RPG"
19:00,165,com.gamesofa.android.catcafe2,"貓咪造咖－有故事的貓咪咖啡廳"
19:00,166,com.fluffydrop.op.gp,"Fluffy Drop - No Timer"
19:00,167,com.playspare.supermarket.store.simulator,"超市商店模擬器"
19:00,168,com.pikpok.dc.play,"Doomsday Clicker"
19:00,169,com.ltgames.android.m71.tw,"一念逍遙"
19:00,170,com.gf.fpjtwtw.hwyad.google,"巡夢少女"
19:00,171,com.sled.surfers.game,"Sled Surfers"
19:00,172,com.pubg.uropa,"Astro Arena : 恆星激鬥 PvP"
19:00,173,piggy.escape.jam.farm.puzzle.game,"Piggy Escape: Pig Jam Farm"
19:00,174,com.arargames.blocked,"Blocked Pixel Panzer"
19:00,175,com.cyberjoy.galaxydefense,"太空防禦(Galaxy Defense)"
19:00,176,com.easybrain.brick.balls.blast,"Brick Blast：小球打磚塊"
19:00,177,com.streetcomplete.pixelmagician,"我的法杖有點強：放置RPG"
19:00,178,com.wood.bolt.wordle.screw.nuts.puzzle,"Woodle Screw™ Pin: 螺帽與螺栓"
19:00,179,com.jumbo.yirufa,"包你發-王識賢、安心亞推薦休閒娛樂城-老虎機、捕魚機多款遊戲"
19:00,180,com.tfgco.apps.coloring.free.color.by.number,"填色一二三：像素著色遊戲"
19:00,181,com.magic.dancing.tiles.game.piano,"Piano Pink Music: Rhythm Game"
19:00,182,com.topwar.gp,"口袋奇兵（Top War）-超休閒的策略遊戲"
19:00,183,com.HoYoverse.Nap,"絕區零 - 週年慶"
19:00,184,flexus.dye.hard,"終極渲染: 顏色大戰"
19:00,185,com.choice.craft,"趣穿書ChoiceCraft-沉浸式重生逆襲言情穿越互動小說"
19:00,186,com.nexters.herowars,"勇士爭霸：群雄聯盟 - 角色扮演戰鬥多人手遊戲"
19:00,187,com.chirpysort.game.android,"Chirpy Sort: Bird Color Puzzle"
19:00,188,casual.soundboard.ar.trending,"Trending AR Soundboard"
19:00,189,com.fc.goods.sort.matching.puzzle.triplemaster,"物品分類：連連看3消除遊戲"
19:00,190,com.ultimatelavashgames.rollthehole,"Jelly Hole: Roll & Eat Pals"
19:00,191,com.global.sgdbztw,"時光大爆炸"
19:00,192,com.mobsmile.coincollector,"Coin Collector"
19:00,193,com.kunpan.android.lili.tw,"莉莉的冒險衣櫥"
19:00,194,com.yolo.hiddenobjects,"Find Hidden Objects - Spot It!"
19:00,195,com.dreamgames.royalmatch,"Royal Match"
19:00,196,tw.com.iwplay.nte,"異環"
19:00,197,jp.pokemon.pokemonchampions,"Pokémon Champions"
19:00,198,com.NewFolderGames.IAmCat,"I Am Cat"
19:00,199,com.aim.racing,"Extreme Car Driving Simulator"
19:00,200,com.readygo.barrel.gp,"Last Z：Survival Shooter（倖存者逃亡）"
21:00,1,com.oakever.meowdoku,"Meowdoku: 腦力解謎遊戲"
21:00,2,com.nexon.devcat.mm.tw,"瑪奇 Mobile"
21:00,3,com.phstw.global,"醫起救世界：鼠裡逃生"
21:00,4,game.qualiarts.hololive.dreams.com,"hololive Dreams"
21:00,5,com.zyyad.mihuan,"赵云与阿斗"
21:00,6,com.wydxb.words.puzzle.an,"天天拼詞王"
21:00,7,com.xman.tw.gp,"超能戰爭"
21:00,8,com.cyphergames.royalsmash,"Royal Smash! - Physics Puzzle"
21:00,9,com.nianticlabs.pikmin,"Pikmin Bloom"
21:00,10,com.teaegg.puzzle.master,"茶葉蛋大冒險"
21:00,11,com.roblox.client,"Roblox"
21:00,12,com.hortor.femsj.asia,"肥鵝美食街"
21:00,13,com.block.juggle,"Block Blast!"
21:00,14,com.familygo.simgame,"家族物語 - 治癒系世代模擬"
21:00,15,com.mergegames.gossipharbor,"緋聞港口：合併&故事"
21:00,16,com.kayac.slow_mo_strike,"Slow Mo Strike: Knives in Time"
21:00,17,com.devsisters.cc,"薑餅人放置大戰爭 - 餅乾養成RPG"
21:00,18,com.dreamgames.royalkingdom,"Royal Kingdom"
21:00,19,com.supernova.kj.gp,"開局一座島-送真海鮮！"
21:00,20,jp.co.goodroid.hyper.busflow,"Bus Traffic Fever!"
21:00,21,com.capetown.mh.ap.gp,"完蛋！我被美少女攻略了"
21:00,22,com.wydxb.wordcross.an,"我要當學霸"
21:00,23,com.puzzlegames.puzzlebrickslegend,"Color Block: Combo Blast"
21:00,24,com.vitastudio.mahjong,"Vita 麻將"
21:00,25,com.run.tower.defense,"Kingshot"
21:00,26,com.unept.leveldevil,"Level Devil - NOT A Troll Game"
21:00,27,com.oakever.arrows,"Amaze GO! - 箭頭解謎"
21:00,28,com.hollywood.merge,"好萊塢合成：星夢逆襲"
21:00,29,com.warrior.screw.gp,"擰螺絲高高手"
21:00,30,com.nianticlabs.pokemongo,"Pokémon GO"
21:00,31,com.garena.game.df,"Garena® 三角洲行動"
21:00,32,com.media720.games2020,"離線遊戲: 無網單機好玩的桌遊 - Offline 100+"
21:00,33,com.agavegames.findthecat2,"Find The Cat 2 - Spot It!"
21:00,34,com.netease.eggypartyhmt,"蛋仔派對"
21:00,35,com.JoyPlay.DogsWarShootingGames.GP,"修勾逃生巨人危機-狗狗戰爭射擊遊戲-超好玩狗狗摸金搜打撤遊戲"
21:00,36,com.s01.global,"Lordrush"
21:00,37,com.fun.brain.game,"Brain Puzzle: Tricky Quest"
21:00,38,com.yoyogames.love.makeover.dressup.dating.crush.game,"Love Makeover: 時尚換裝物語"
21:00,39,com.newtv.cricketduel,"蟋蟀江湖 - 模擬經營養成手遊"
21:00,40,jigsaw.solitaire.match.games.free,"拼圖疊疊樂"
21:00,41,com.grandgames.magicsort,"Magic Sort!"
21:00,42,com.brain.crazy.joygame,"Brain Puzzle 3: Crazy Mind"
21:00,43,jp.co.ponos.battlecatstw,"貓咪大戰爭"
21:00,44,color.number.paint.pixle.art.sort.jigsaw,"Jewel Coloring"
21:00,45,com.helpgirlmatch.geakkz2.game,"Help Girl Match"
21:00,46,com.studiobside.starMain,"星之救援者"
21:00,47,com.cliffs.pro.cell.building.crazy.clever.craft,"Block Crazy Robo World Craft"
21:00,48,com.hp.keyboard.obby.asmr.speed.run,"Keyboard Obby: ASMR Speed Run"
21:00,49,com.dynastytk.king,"三國志KING"
21:00,50,com.wxdmxtw.android,"新武俠大明星"
21:00,51,com.bravestars.savethedog.drawgame,"Save The Pets"
21:00,52,com.nexon.ma,"楓之谷：放置冒險記"
21:00,53,com.a3.tavernlegend.googleplay,"酒館傳奇"
21:00,54,com.pocket.sort.coin.puzzle.game,"Pocket Sort: Coin Merge Puzzle"
21:00,55,com.fox.jstwgp,"青丘世界：緣起"
21:00,56,com.merge.game.foodstars,"美食之星:合併與烹飪"
21:00,57,com.brain.logic.joygame,"Brain Puzzle 2: Logic Twist"
21:00,58,io.voodoo.paper2,"Paper.io 2"
21:00,59,com.ageofempiresmobile.tw,"世紀帝國M"
21:00,60,com.funnyjoy.snysw.an,"燒腦眼神王"
21:00,61,com.wildfire.waifus,"與二次元女友的同居日常"
21:00,62,io.voodoo.holeio,"Hole.io"
21:00,63,com.nebula.mahjongtile,"Mahjong Blast（麻將消消樂益智遊戲）"
21:00,64,com.fiveminlab.overgeared.hero.backpack.merge,"靠裝勇者：背包合成RPG"
21:00,65,com.epicoro.castleclashers,"Castle Busters"
21:00,66,com.gameloft.android.ANMP.GloftA9HM,"狂野飆車：競速傳奇"
21:00,67,com.wood.block.sudoku.puzzle.bm,"Block Crush!"
21:00,68,com.whoyaho.tanghulu,"糖葫蘆達人－便利店、學校午餐、聖代咖啡館吃播ASMR"
21:00,69,com.pixel.art.coloring.color.number,"Happy Color® – 按數字編號上色的塗色書"
21:00,70,com.tg.sc33t.tw,"生存33天"
21:00,71,io.supercent.pizzaidle,"Pizza Ready"
21:00,72,com.igs.mjstar31,"麻將 明星3缺1麻將"
21:00,73,com.unicostudio.farmblockescape,"Farm Block Escape"
21:00,74,com.gametree.sultan.pd,"蘇丹的遊戲"
21:00,75,com.gf.wx2h5twtw.hwyad.google,"轉運江湖"
21:00,76,com.hmbl.perfect.makeover.cleaning.asmr,"Perfect Makeover Cleaning ASMR"
21:00,77,jp.pokemon.pokemonsleep,"Pokémon Sleep"
21:00,78,com.youmusic.magictiles,"Magic Tiles 3™ - 鋼琴遊戲"
21:00,79,com.JindoBlu.TwoPlayerGamesChallenge,"2 Player games : the Challenge"
21:00,80,com.gtsy.annoying.punch.game,"Annoying Uncle - 拳擊遊戲"
21:00,81,com.percent.aos.cooptd,"同盟塔防戰：並肩作戰"
21:00,82,com.reels.tiles.spicy.gp,"Secret Tiles - Spicy Reels"
21:00,83,io.supercent.linkedcubic,"蛇衝突 (Snake Clash)"
21:00,84,jp.pokemon.pokemontcgp,"Pokémon TCG Pocket"
21:00,85,com.ecffri.arrows,"Arrows – Puzzle Escape"
21:00,86,com.king.candycrushsaga,"糖果傳奇"
21:00,87,com.haunteddorm.mihuan,"Haunted Dorm - 猛鬼宿舍"
21:00,88,com.pronetis.ironball2,"Going Balls"
21:00,89,com.dts.freefireth,"Free Fire: 9周年"
21:00,90,bus.games.car.out.traffic.parking.jam.escape.puzzle,"巴士挑戰：解決交通堵塞"
21:00,91,com.rush.xtreme.sports,"RUSH: Xtreme"
21:00,92,com.gof.global,"寒霜啟示錄"
21:00,93,com.bverf.kmnrf.olrgm,"精靈覺醒：對決"
21:00,94,com.fungames.blockcraft,"3D 方塊城 (Block Craft)：建造模擬遊戲"
21:00,95,com.nebula.tiles,"Tap Tile!"
21:00,96,com.funplus.ts.global,"點點大作戰"
21:00,97,com.easybrain.brainy.joygame,"Puzzle Time: Brainy Challenge"
21:00,98,com.vincentb.MobControl,"Mob Control"
21:00,99,com.actgames.HelloKittyMDS,"Hello Kitty My Dream Store"
21:00,100,com.leap.searchit,"Search It - Hidden Objects"
21:00,101,com.garena.game.codm,"決勝時刻®: Mobile - Garena"
21:00,102,com.fatmerge.global,"食光旅行"
21:00,103,com.igs.starparty.aos,"玩星派對"
21:00,104,diamond.pixel.art.jewel.color.flow.sort.puzzle,"寶石顏色分類：鑽石遊戲"
21:00,105,com.kite.kittypick,"Kitty Pick"
21:00,106,com.godgame.mj.android,"麻將 神來也麻將－台灣16張、麻雀"
21:00,107,com.bunbunstudio.magicblocktiles,"音乐钢琴 7: 极速歌曲游戏"
21:00,108,com.readygo.dark.gp,"Dark War Survival"
21:00,109,com.tgc.sky.android,"Sky光·遇"
21:00,110,com.hermes.mk.asia,"世界計畫 繽紛舞台！feat. 初音未來"
21:00,111,com.JindoBlu.OfflineGames,"Offline Games - No Wifi Games"
21:00,112,com.cedargames.mysterytown,"迷霧小鎮: 合成遊戲 (Mystery Town)"
21:00,113,com.sh.fidget.toys.mini.relaxing.antistress.games,"迷你放鬆遊戲 - pop it"
21:00,114,com.igg.android.lordsmobile,"王國紀元 - 變形金剛聯動"
21:00,115,com.haegin.playtogether,"天天玩樂園 (Play Together)"
21:00,116,com.rekoo.pubgm,"PUBG MOBILE：絕地求生M"
21:00,117,com.craft.city.blockbuilder.pro,"Craft Explore: Block Builder"
21:00,118,com.ea.gp.fifamobile,"EA SPORTS FC™ 足球 Mobile 2026"
21:00,119,org.gg.crazy.brain,"瘋狂大腦洞: 思維急轉彎"
21:00,120,com.ayb.abtq,"這都能有錯"
21:00,121,com.mover.twrxjhw,"新熱血江湖：世界"
21:00,122,com.ventogames.findthecat,"Find The Cat - Spot It!"
21:00,123,com.mondayoff.dinomutant,"恐龍突變 : T-Rex"
21:00,124,com.abi.dream.unpacking,"Dreamy Room - 夢幻房間"
21:00,125,find.difference.spot.differences.hidden.puzzle.games.free,"找不同 - 發現並找出所有不同"
21:00,126,solitaire.word.association.connections.puzzle,"字詞接龍"
21:00,127,com.simulation.manager.furry.farm.food,"解憂小食光：萌系店員養成 & 餐廳模擬經營"
21:00,128,com.kiloo.subwaysurf,"Subway Surfers"
21:00,129,com.gsbeauty.gp.midnighttales,"Midnight Tales"
21:00,130,com.majesti.mcahjong.aerew2.game,"Majestic Mahjong"
21:00,131,easy.sudoku.puzzle.solver.free,"數獨 - 經典數獨謎題"
21:00,132,com.yzlm.tw.and,"勇者來開團"
21:00,133,com.mmzzhx.goo,"萌萌武道：主宰幻想"
21:00,134,com.soccer.score.star,"Soccer Superstar - 足球巨星"
21:00,135,com.playrix.township,"夢想小鎮"
21:00,136,com.hks.brain,"剪影收納達人：Brainstorming Master"
21:00,137,com.gamedots.seasideescape,"漫遊小鎮®：合併&故事"
21:00,138,com.flower.forest.word.puzzle,"Flower Forest - Word Puzzle"
21:00,139,com.unicostudio.braintest,"腦力測試 (Brain Test)：謎題急轉彎"
21:00,140,com.fc.p.cp.jelly.mukbang.asmr.live.diy,"果冻大师：吃播 ASMR"
21:00,141,beats.color.sing.star.rush,"音樂遊戲 9：鋼琴 音樂魔法方塊"
21:00,142,jigsolitaire.jigsort.jigsaw.solitaire.puzzle,"Jigsort™ 拼圖遊戲：單人樂趣無窮"
21:00,143,io.supercent.weaponrpg,"XP Hero (XP英雄)"
21:00,144,com.xianni.tw,"仙逆M-官方正版授權"
21:00,145,com.studio27.MelonPlayground,"Melon Sandbox"
21:00,146,sheep.animal.parking.puzzle.game.jam,"Sheep Dash: Sheep Away"
21:00,147,com.Chodun.CatGunner,"槍手貓咪：放置射擊RPG"
21:00,148,com.igg.android.doomsdaylastsurvivors,"黎明再現：奧德修斯歸來"
21:00,149,com.whoyaho.pendeco,"串珠筆達人 - 手作筆ASMR"
21:00,150,com.autoall.arrowpm,"Arrow Puzzle Master"
21:00,151,com.megagames.sensultra,"超感穿梭"
21:00,152,com.walk.king.race.on.stairs,"Walk King - Race on Stairs"
21:00,153,com.oakever.tiletrip,"Tile Explorer - Triple Match"
21:00,154,com.netmarble.stonkey,"石器時代：放置冒險"
21:00,155,com.puzzlegame.heartwavegirls011,"Jigsaw Heartwave Girls"
21:00,156,com.monopoly.dream.idle.king,"Top Tycoon: Coin Theme Empire"
21:00,157,com.gamesofa.android.allchess,"象棋 神來也暗棋2：象棋暗棋、象棋麻將"
21:00,158,com.tfv.block.line.fill.puzzle,"Single Line Block Fill Puzzle"
21:00,159,block.color.game.jam.blocks.sort.puzzle.games.slide.free,"色彩方塊：益智解謎遊戲"
21:00,160,com.moonactive.holestars,"Hole Stars: 謎題挑戰"
21:00,161,com.kayac.level_up_number,"Number Master: 號碼大師"
21:00,162,jp.garud.ssimulator,"SAKURA School Simulator"
21:00,163,com.kayac.PistolDuel,"Pistol Duel"
21:00,164,com.chillyroom.containerofsoul.gp,"魂墜深境 - 肉鴿卡牌RPG"
21:00,165,com.gamesofa.android.catcafe2,"貓咪造咖－有故事的貓咪咖啡廳"
21:00,166,com.fluffydrop.op.gp,"Fluffy Drop - No Timer"
21:00,167,com.playspare.supermarket.store.simulator,"超市商店模擬器"
21:00,168,com.pikpok.dc.play,"Doomsday Clicker"
21:00,169,com.ltgames.android.m71.tw,"一念逍遙"
21:00,170,com.gf.fpjtwtw.hwyad.google,"巡夢少女"
21:00,171,com.sled.surfers.game,"Sled Surfers"
21:00,172,com.pubg.uropa,"Astro Arena : 恆星激鬥 PvP"
21:00,173,piggy.escape.jam.farm.puzzle.game,"Piggy Escape: Pig Jam Farm"
21:00,174,com.arargames.blocked,"Blocked Pixel Panzer"
21:00,175,com.cyberjoy.galaxydefense,"太空防禦(Galaxy Defense)"
21:00,176,com.easybrain.brick.balls.blast,"Brick Blast：小球打磚塊"
21:00,177,com.streetcomplete.pixelmagician,"我的法杖有點強：放置RPG"
21:00,178,com.wood.bolt.wordle.screw.nuts.puzzle,"Woodle Screw™ Pin: 螺帽與螺栓"
21:00,179,com.jumbo.yirufa,"包你發-王識賢、安心亞推薦休閒娛樂城-老虎機、捕魚機多款遊戲"
21:00,180,com.tfgco.apps.coloring.free.color.by.number,"填色一二三：像素著色遊戲"
21:00,181,com.magic.dancing.tiles.game.piano,"Piano Pink Music: Rhythm Game"
21:00,182,com.topwar.gp,"口袋奇兵（Top War）-超休閒的策略遊戲"
21:00,183,com.HoYoverse.Nap,"絕區零 - 週年慶"
21:00,184,flexus.dye.hard,"終極渲染: 顏色大戰"
21:00,185,com.choice.craft,"趣穿書ChoiceCraft-沉浸式重生逆襲言情穿越互動小說"
21:00,186,com.nexters.herowars,"勇士爭霸：群雄聯盟 - 角色扮演戰鬥多人手遊戲"
21:00,187,com.chirpysort.game.android,"Chirpy Sort: Bird Color Puzzle"
21:00,188,casual.soundboard.ar.trending,"Trending AR Soundboard"
21:00,189,com.fc.goods.sort.matching.puzzle.triplemaster,"物品分類：連連看3消除遊戲"
21:00,190,com.ultimatelavashgames.rollthehole,"Jelly Hole: Roll & Eat Pals"
21:00,191,com.global.sgdbztw,"時光大爆炸"
21:00,192,com.mobsmile.coincollector,"Coin Collector"
21:00,193,com.kunpan.android.lili.tw,"莉莉的冒險衣櫥"
21:00,194,com.yolo.hiddenobjects,"Find Hidden Objects - Spot It!"
21:00,195,com.dreamgames.royalmatch,"Royal Match"
21:00,196,tw.com.iwplay.nte,"異環"
21:00,197,jp.pokemon.pokemonchampions,"Pokémon Champions"
21:00,198,com.NewFolderGames.IAmCat,"I Am Cat"
21:00,199,com.aim.racing,"Extreme Car Driving Simulator"
21:00,200,com.readygo.barrel.gp,"Last Z：Survival Shooter（倖存者逃亡）"
23:30,1,com.oakever.meowdoku,"Meowdoku: 腦力解謎遊戲"
23:30,2,com.nexon.devcat.mm.tw,"瑪奇 Mobile"
23:30,3,com.phstw.global,"醫起救世界：鼠裡逃生"
23:30,4,game.qualiarts.hololive.dreams.com,"hololive Dreams"
23:30,5,com.zyyad.mihuan,"赵云与阿斗"
23:30,6,com.wydxb.words.puzzle.an,"天天拼詞王"
23:30,7,com.xman.tw.gp,"超能戰爭"
23:30,8,com.cyphergames.royalsmash,"Royal Smash! - Physics Puzzle"
23:30,9,com.nianticlabs.pikmin,"Pikmin Bloom"
23:30,10,com.teaegg.puzzle.master,"茶葉蛋大冒險"
23:30,11,com.roblox.client,"Roblox"
23:30,12,com.hortor.femsj.asia,"肥鵝美食街"
23:30,13,com.block.juggle,"Block Blast!"
23:30,14,com.familygo.simgame,"家族物語 - 治癒系世代模擬"
23:30,15,com.mergegames.gossipharbor,"緋聞港口：合併&故事"
23:30,16,com.kayac.slow_mo_strike,"Slow Mo Strike: Knives in Time"
23:30,17,com.devsisters.cc,"薑餅人放置大戰爭 - 餅乾養成RPG"
23:30,18,com.dreamgames.royalkingdom,"Royal Kingdom"
23:30,19,com.supernova.kj.gp,"開局一座島-送真海鮮！"
23:30,20,jp.co.goodroid.hyper.busflow,"Bus Traffic Fever!"
23:30,21,com.capetown.mh.ap.gp,"完蛋！我被美少女攻略了"
23:30,22,com.wydxb.wordcross.an,"我要當學霸"
23:30,23,com.puzzlegames.puzzlebrickslegend,"Color Block: Combo Blast"
23:30,24,com.vitastudio.mahjong,"Vita 麻將"
23:30,25,com.run.tower.defense,"Kingshot"
23:30,26,com.unept.leveldevil,"Level Devil - NOT A Troll Game"
23:30,27,com.oakever.arrows,"Amaze GO! - 箭頭解謎"
23:30,28,com.hollywood.merge,"好萊塢合成：星夢逆襲"
23:30,29,com.warrior.screw.gp,"擰螺絲高高手"
23:30,30,com.nianticlabs.pokemongo,"Pokémon GO"
23:30,31,com.garena.game.df,"Garena® 三角洲行動"
23:30,32,com.media720.games2020,"離線遊戲: 無網單機好玩的桌遊 - Offline 100+"
23:30,33,com.agavegames.findthecat2,"Find The Cat 2 - Spot It!"
23:30,34,com.netease.eggypartyhmt,"蛋仔派對"
23:30,35,com.JoyPlay.DogsWarShootingGames.GP,"修勾逃生巨人危機-狗狗戰爭射擊遊戲-超好玩狗狗摸金搜打撤遊戲"
23:30,36,com.s01.global,"Lordrush"
23:30,37,com.fun.brain.game,"Brain Puzzle: Tricky Quest"
23:30,38,com.yoyogames.love.makeover.dressup.dating.crush.game,"Love Makeover: 時尚換裝物語"
23:30,39,com.newtv.cricketduel,"蟋蟀江湖 - 模擬經營養成手遊"
23:30,40,jigsaw.solitaire.match.games.free,"拼圖疊疊樂"
23:30,41,com.grandgames.magicsort,"Magic Sort!"
23:30,42,com.brain.crazy.joygame,"Brain Puzzle 3: Crazy Mind"
23:30,43,jp.co.ponos.battlecatstw,"貓咪大戰爭"
23:30,44,color.number.paint.pixle.art.sort.jigsaw,"Jewel Coloring"
23:30,45,com.helpgirlmatch.geakkz2.game,"Help Girl Match"
23:30,46,com.studiobside.starMain,"星之救援者"
23:30,47,com.cliffs.pro.cell.building.crazy.clever.craft,"Block Crazy Robo World Craft"
23:30,48,com.hp.keyboard.obby.asmr.speed.run,"Keyboard Obby: ASMR Speed Run"
23:30,49,com.dynastytk.king,"三國志KING"
23:30,50,com.wxdmxtw.android,"新武俠大明星"
23:30,51,com.bravestars.savethedog.drawgame,"Save The Pets"
23:30,52,com.nexon.ma,"楓之谷：放置冒險記"
23:30,53,com.a3.tavernlegend.googleplay,"酒館傳奇"
23:30,54,com.pocket.sort.coin.puzzle.game,"Pocket Sort: Coin Merge Puzzle"
23:30,55,com.fox.jstwgp,"青丘世界：緣起"
23:30,56,com.merge.game.foodstars,"美食之星:合併與烹飪"
23:30,57,com.brain.logic.joygame,"Brain Puzzle 2: Logic Twist"
23:30,58,io.voodoo.paper2,"Paper.io 2"
23:30,59,com.ageofempiresmobile.tw,"世紀帝國M"
23:30,60,com.funnyjoy.snysw.an,"燒腦眼神王"
23:30,61,com.wildfire.waifus,"與二次元女友的同居日常"
23:30,62,io.voodoo.holeio,"Hole.io"
23:30,63,com.nebula.mahjongtile,"Mahjong Blast（麻將消消樂益智遊戲）"
23:30,64,com.fiveminlab.overgeared.hero.backpack.merge,"靠裝勇者：背包合成RPG"
23:30,65,com.epicoro.castleclashers,"Castle Busters"
23:30,66,com.gameloft.android.ANMP.GloftA9HM,"狂野飆車：競速傳奇"
23:30,67,com.wood.block.sudoku.puzzle.bm,"Block Crush!"
23:30,68,com.whoyaho.tanghulu,"糖葫蘆達人－便利店、學校午餐、聖代咖啡館吃播ASMR"
23:30,69,com.pixel.art.coloring.color.number,"Happy Color® – 按數字編號上色的塗色書"
23:30,70,com.tg.sc33t.tw,"生存33天"
23:30,71,io.supercent.pizzaidle,"Pizza Ready"
23:30,72,com.igs.mjstar31,"麻將 明星3缺1麻將"
23:30,73,com.unicostudio.farmblockescape,"Farm Block Escape"
23:30,74,com.gametree.sultan.pd,"蘇丹的遊戲"
23:30,75,com.gf.wx2h5twtw.hwyad.google,"轉運江湖"
23:30,76,com.hmbl.perfect.makeover.cleaning.asmr,"Perfect Makeover Cleaning ASMR"
23:30,77,jp.pokemon.pokemonsleep,"Pokémon Sleep"
23:30,78,com.youmusic.magictiles,"Magic Tiles 3™ - 鋼琴遊戲"
23:30,79,com.JindoBlu.TwoPlayerGamesChallenge,"2 Player games : the Challenge"
23:30,80,com.gtsy.annoying.punch.game,"Annoying Uncle - 拳擊遊戲"
23:30,81,com.percent.aos.cooptd,"同盟塔防戰：並肩作戰"
23:30,82,com.reels.tiles.spicy.gp,"Secret Tiles - Spicy Reels"
23:30,83,io.supercent.linkedcubic,"蛇衝突 (Snake Clash)"
23:30,84,jp.pokemon.pokemontcgp,"Pokémon TCG Pocket"
23:30,85,com.ecffri.arrows,"Arrows – Puzzle Escape"
23:30,86,com.king.candycrushsaga,"糖果傳奇"
23:30,87,com.haunteddorm.mihuan,"Haunted Dorm - 猛鬼宿舍"
23:30,88,com.pronetis.ironball2,"Going Balls"
23:30,89,com.dts.freefireth,"Free Fire: 9周年"
23:30,90,bus.games.car.out.traffic.parking.jam.escape.puzzle,"巴士挑戰：解決交通堵塞"
23:30,91,com.rush.xtreme.sports,"RUSH: Xtreme"
23:30,92,com.gof.global,"寒霜啟示錄"
23:30,93,com.bverf.kmnrf.olrgm,"精靈覺醒：對決"
23:30,94,com.fungames.blockcraft,"3D 方塊城 (Block Craft)：建造模擬遊戲"
23:30,95,com.nebula.tiles,"Tap Tile!"
23:30,96,com.funplus.ts.global,"點點大作戰"
23:30,97,com.easybrain.brainy.joygame,"Puzzle Time: Brainy Challenge"
23:30,98,com.vincentb.MobControl,"Mob Control"
23:30,99,com.actgames.HelloKittyMDS,"Hello Kitty My Dream Store"
23:30,100,com.leap.searchit,"Search It - Hidden Objects"
23:30,101,com.garena.game.codm,"決勝時刻®: Mobile - Garena"
23:30,102,com.fatmerge.global,"食光旅行"
23:30,103,com.igs.starparty.aos,"玩星派對"
23:30,104,diamond.pixel.art.jewel.color.flow.sort.puzzle,"寶石顏色分類：鑽石遊戲"
23:30,105,com.kite.kittypick,"Kitty Pick"
23:30,106,com.godgame.mj.android,"麻將 神來也麻將－台灣16張、麻雀"
23:30,107,com.bunbunstudio.magicblocktiles,"音乐钢琴 7: 极速歌曲游戏"
23:30,108,com.readygo.dark.gp,"Dark War Survival"
23:30,109,com.tgc.sky.android,"Sky光·遇"
23:30,110,com.hermes.mk.asia,"世界計畫 繽紛舞台！feat. 初音未來"
23:30,111,com.JindoBlu.OfflineGames,"Offline Games - No Wifi Games"
23:30,112,com.cedargames.mysterytown,"迷霧小鎮: 合成遊戲 (Mystery Town)"
23:30,113,com.sh.fidget.toys.mini.relaxing.antistress.games,"迷你放鬆遊戲 - pop it"
23:30,114,com.igg.android.lordsmobile,"王國紀元 - 變形金剛聯動"
23:30,115,com.haegin.playtogether,"天天玩樂園 (Play Together)"
23:30,116,com.rekoo.pubgm,"PUBG MOBILE：絕地求生M"
23:30,117,com.craft.city.blockbuilder.pro,"Craft Explore: Block Builder"
23:30,118,com.ea.gp.fifamobile,"EA SPORTS FC™ 足球 Mobile 2026"
23:30,119,org.gg.crazy.brain,"瘋狂大腦洞: 思維急轉彎"
23:30,120,com.ayb.abtq,"這都能有錯"
23:30,121,com.mover.twrxjhw,"新熱血江湖：世界"
23:30,122,com.ventogames.findthecat,"Find The Cat - Spot It!"
23:30,123,com.mondayoff.dinomutant,"恐龍突變 : T-Rex"
23:30,124,com.abi.dream.unpacking,"Dreamy Room - 夢幻房間"
23:30,125,find.difference.spot.differences.hidden.puzzle.games.free,"找不同 - 發現並找出所有不同"
23:30,126,solitaire.word.association.connections.puzzle,"字詞接龍"
23:30,127,com.simulation.manager.furry.farm.food,"解憂小食光：萌系店員養成 & 餐廳模擬經營"
23:30,128,com.kiloo.subwaysurf,"Subway Surfers"
23:30,129,com.gsbeauty.gp.midnighttales,"Midnight Tales"
23:30,130,com.majesti.mcahjong.aerew2.game,"Majestic Mahjong"
23:30,131,easy.sudoku.puzzle.solver.free,"數獨 - 經典數獨謎題"
23:30,132,com.yzlm.tw.and,"勇者來開團"
23:30,133,com.mmzzhx.goo,"萌萌武道：主宰幻想"
23:30,134,com.soccer.score.star,"Soccer Superstar - 足球巨星"
23:30,135,com.playrix.township,"夢想小鎮"
23:30,136,com.hks.brain,"剪影收納達人：Brainstorming Master"
23:30,137,com.gamedots.seasideescape,"漫遊小鎮®：合併&故事"
23:30,138,com.flower.forest.word.puzzle,"Flower Forest - Word Puzzle"
23:30,139,com.unicostudio.braintest,"腦力測試 (Brain Test)：謎題急轉彎"
23:30,140,com.fc.p.cp.jelly.mukbang.asmr.live.diy,"果冻大师：吃播 ASMR"
23:30,141,beats.color.sing.star.rush,"音樂遊戲 9：鋼琴 音樂魔法方塊"
23:30,142,jigsolitaire.jigsort.jigsaw.solitaire.puzzle,"Jigsort™ 拼圖遊戲：單人樂趣無窮"
23:30,143,io.supercent.weaponrpg,"XP Hero (XP英雄)"
23:30,144,com.xianni.tw,"仙逆M-官方正版授權"
23:30,145,com.studio27.MelonPlayground,"Melon Sandbox"
23:30,146,sheep.animal.parking.puzzle.game.jam,"Sheep Dash: Sheep Away"
23:30,147,com.Chodun.CatGunner,"槍手貓咪：放置射擊RPG"
23:30,148,com.igg.android.doomsdaylastsurvivors,"黎明再現：奧德修斯歸來"
23:30,149,com.whoyaho.pendeco,"串珠筆達人 - 手作筆ASMR"
23:30,150,com.autoall.arrowpm,"Arrow Puzzle Master"
23:30,151,com.megagames.sensultra,"超感穿梭"
23:30,152,com.walk.king.race.on.stairs,"Walk King - Race on Stairs"
23:30,153,com.oakever.tiletrip,"Tile Explorer - Triple Match"
23:30,154,com.netmarble.stonkey,"石器時代：放置冒險"
23:30,155,com.puzzlegame.heartwavegirls011,"Jigsaw Heartwave Girls"
23:30,156,com.monopoly.dream.idle.king,"Top Tycoon: Coin Theme Empire"
23:30,157,com.gamesofa.android.allchess,"象棋 神來也暗棋2：象棋暗棋、象棋麻將"
23:30,158,com.tfv.block.line.fill.puzzle,"Single Line Block Fill Puzzle"
23:30,159,block.color.game.jam.blocks.sort.puzzle.games.slide.free,"色彩方塊：益智解謎遊戲"
23:30,160,com.moonactive.holestars,"Hole Stars: 謎題挑戰"
23:30,161,com.kayac.level_up_number,"Number Master: 號碼大師"
23:30,162,jp.garud.ssimulator,"SAKURA School Simulator"
23:30,163,com.kayac.PistolDuel,"Pistol Duel"
23:30,164,com.chillyroom.containerofsoul.gp,"魂墜深境 - 肉鴿卡牌RPG"
23:30,165,com.gamesofa.android.catcafe2,"貓咪造咖－有故事的貓咪咖啡廳"
23:30,166,com.fluffydrop.op.gp,"Fluffy Drop - No Timer"
23:30,167,com.playspare.supermarket.store.simulator,"超市商店模擬器"
23:30,168,com.pikpok.dc.play,"Doomsday Clicker"
23:30,169,com.ltgames.android.m71.tw,"一念逍遙"
23:30,170,com.gf.fpjtwtw.hwyad.google,"巡夢少女"
23:30,171,com.sled.surfers.game,"Sled Surfers"
23:30,172,com.pubg.uropa,"Astro Arena : 恆星激鬥 PvP"
23:30,173,piggy.escape.jam.farm.puzzle.game,"Piggy Escape: Pig Jam Farm"
23:30,174,com.arargames.blocked,"Blocked Pixel Panzer"
23:30,175,com.cyberjoy.galaxydefense,"太空防禦(Galaxy Defense)"
23:30,176,com.easybrain.brick.balls.blast,"Brick Blast：小球打磚塊"
23:30,177,com.streetcomplete.pixelmagician,"我的法杖有點強：放置RPG"
23:30,178,com.wood.bolt.wordle.screw.nuts.puzzle,"Woodle Screw™ Pin: 螺帽與螺栓"
23:30,179,com.jumbo.yirufa,"包你發-王識賢、安心亞推薦休閒娛樂城-老虎機、捕魚機多款遊戲"
23:30,180,com.tfgco.apps.coloring.free.color.by.number,"填色一二三：像素著色遊戲"
23:30,181,com.magic.dancing.tiles.game.piano,"Piano Pink Music: Rhythm Game"
23:30,182,com.topwar.gp,"口袋奇兵（Top War）-超休閒的策略遊戲"
23:30,183,com.HoYoverse.Nap,"絕區零 - 週年慶"
23:30,184,flexus.dye.hard,"終極渲染: 顏色大戰"
23:30,185,com.choice.craft,"趣穿書ChoiceCraft-沉浸式重生逆襲言情穿越互動小說"
23:30,186,com.nexters.herowars,"勇士爭霸：群雄聯盟 - 角色扮演戰鬥多人手遊戲"
23:30,187,com.chirpysort.game.android,"Chirpy Sort: Bird Color Puzzle"
23:30,188,casual.soundboard.ar.trending,"Trending AR Soundboard"
23:30,189,com.fc.goods.sort.matching.puzzle.triplemaster,"物品分類：連連看3消除遊戲"
23:30,190,com.ultimatelavashgames.rollthehole,"Jelly Hole: Roll & Eat Pals"
23:30,191,com.global.sgdbztw,"時光大爆炸"
23:30,192,com.mobsmile.coincollector,"Coin Collector"
23:30,193,com.kunpan.android.lili.tw,"莉莉的冒險衣櫥"
23:30,194,com.yolo.hiddenobjects,"Find Hidden Objects - Spot It!"
23:30,195,com.dreamgames.royalmatch,"Royal Match"
23:30,196,tw.com.iwplay.nte,"異環"
23:30,197,jp.pokemon.pokemonchampions,"Pokémon Champions"
23:30,198,com.NewFolderGames.IAmCat,"I Am Cat"
23:30,199,com.aim.racing,"Extreme Car Driving Simulator"
23:30,200,com.readygo.barrel.gp,"Last Z：Survival Shooter（倖存者逃亡）"
