time,rank,id,title
00:30,1,game.xin.hd.g,"星城-歡慶77幸運日"
00:30,2,com.gamania.lineagem,"天堂M"
00:30,3,game.qualiarts.hololive.dreams.com,"hololive Dreams"
00:30,4,com.HoYoverse.Nap,"絕區零 - 週年慶"
00:30,5,com.gof.global,"寒霜啟示錄"
00:30,6,com.kurogame.wutheringwaves.global,"鳴潮 - 前往玄方地界"
00:30,7,com.nexon.devcat.mm.tw,"瑪奇 Mobile"
00:30,8,com.garena.game.kgtw,"Garena 傳說對決：膽大黨聯動開啟！"
00:30,9,com.run.tower.defense,"Kingshot"
00:30,10,com.nianticlabs.pikmin,"Pikmin Bloom"
00:30,11,com.neowizgames.game.browndust2,"棕色塵埃2- 冒汗心跳的RPG"
00:30,12,com.fun.lastwar.gp,"最後的戰爭 - Last War"
00:30,13,com.ggv.roworld.aos,"RO仙境傳説：世界之旅"
00:30,14,com.jumbo.yirufa,"包你發-王識賢、安心亞推薦休閒娛樂城-老虎機、捕魚機多款遊戲"
00:30,15,com.bandainamcoent.gget_WW,"SD鋼彈 G世代 永恆"
00:30,16,com.king.candycrushsaga,"糖果傳奇"
00:30,17,com.mergegames.gossipharbor,"緋聞港口：合併&故事"
00:30,18,com.goodluck777.panther,"金好運－戰神賽特、吉宗、捕魚機、老虎機、麻將、柏青哥"
00:30,19,com.nexon.maplem.global,"楓之谷M - 奇幻冒險MMORPG"
00:30,20,com.godgame.mj.android,"麻將 神來也麻將－台灣16張、麻雀"
00:30,21,com.nexon.ma,"楓之谷：放置冒險記"
00:30,22,com.boge.lgmahjong,"嚦咕麻將-戰神賽特、古神巴風特、雷神之錘、麻將、魚機、老虎機"
00:30,23,com.moonactive.coinmaster,"Coin Master"
00:30,24,com.more.laozi,"老子有錢-10萬倍賽特、柏青斯洛、老虎機、爆萬倍捕魚機"
00:30,25,com.HoYoverse.hkrpgoversea,"崩壞：星穹鐵道"
00:30,26,com.finger.hsgame,"豪神娛樂城-戰神賽特、麻將、捕魚、賓果、水果盤、拉霸、老虎機"
00:30,27,com.grandegames.slots.dafu.casino,"大福Online- 老虎機、麻將、捕魚、柏青斯洛、拉霸娛樂城"
00:30,28,tw.com.iwplay.nte,"異環"
00:30,29,com.m88.idleXX,"杖劍傳說：坎斯汀之約"
00:30,30,com.nianticlabs.pokemongo,"Pokémon GO"
00:30,31,com.igs.mjstar31,"麻將 明星3缺1麻將"
00:30,32,com.roblox.client,"Roblox"
00:30,33,com.igs.TMD,"滿貫大亨娛樂城 - 雷霆之錘II：諸神黃昏 強勢降臨！"
00:30,34,jp.co.ponos.battlecatstw,"貓咪大戰爭"
00:30,35,com.gamamobi.nikke,"勝利女神：妮姬"
00:30,36,com.rekoo.pubgm,"PUBG MOBILE：絕地求生M"
00:30,37,com.ncsoft.lineagew,"天堂W"
00:30,38,jp.pokemon.pokemontcgp,"Pokémon TCG Pocket"
00:30,39,com.fox.jstwgp,"青丘世界：緣起"
00:30,40,com.readygo.barrel.gp,"Last Z：Survival Shooter（倖存者逃亡）"
00:30,41,com.xd.xdtglobal.gp,"心動小鎮"
00:30,42,com.userjoy.LetsVegasSlots,"拉斯維加斯娛樂城 (Let's Vegas Slots)"
00:30,43,com.playrix.gardenscapes,"夢幻花園 (Gardenscapes)"
00:30,44,com.kakaogames.twodin,"奧丁 : 神叛"
00:30,45,com.netease.yyslshmt,"燕雲十六聲"
00:30,46,com.netease.nshmhmt,"逆水寒"
00:30,47,com.mover.twrxjhw,"新熱血江湖：世界"
00:30,48,com.sialiagames.sgzzlb.gp.tw,"三國志・戰略版"
00:30,49,com.komoe.kmumamusumegp,"賽馬娘Pretty Derby"
00:30,50,com.Tonwa.Cash7,"錢街Online 雷神降臨、捕魚老虎機娛樂城"
00:30,51,com.linecorp.LGRGS,"《LINE Rangers》×動畫「怪獸8號」合作活動"
00:30,52,com.sayyo.huga,"野蠻世界娛樂城-陳雷代言"
00:30,53,tw.txwy.and.arknights,"明日方舟"
00:30,54,com.garena.game.df,"Garena® 三角洲行動"
00:30,55,com.fatmerge.global,"食光旅行"
00:30,56,com.xiaomeng.fategrandorder,"Fate/Grand Order"
00:30,57,com.hkmanjuu.azurlane.gp,"碧藍航線"
00:30,58,com.ltgames.android.m71.tw,"一念逍遙"
00:30,59,com.devsisters.cc,"薑餅人放置大戰爭 - 餅乾養成RPG"
00:30,60,com.phstw.global,"醫起救世界：鼠裡逃生"
00:30,61,com.readygo.dark.gp,"Dark War Survival"
00:30,62,com.funplus.ts.global,"點點大作戰"
00:30,63,com.heyyogame.gd,"一個官人一個妻-8週年"
00:30,64,tw.sonet.princessconnect,"超異域公主連結！Re:Dive"
00:30,65,com.xianni.tw,"仙逆M-官方正版授權"
00:30,66,air.tw.com.bonuswinner.bwmj16tw,"宅神爺麻將—正宗16張台灣麻將，捕魚機大獎狂噴，真人秒開桌"
00:30,67,com.playrix.township,"夢想小鎮"
00:30,68,com.nexters.herowars,"勇士爭霸：群雄聯盟 - 角色扮演戰鬥多人手遊戲"
00:30,69,com.fiveminlab.overgeared.hero.backpack.merge,"靠裝勇者：背包合成RPG"
00:30,70,com.hollywood.merge,"好萊塢合成：星夢逆襲"
00:30,71,com.percent.aos.cooptd,"同盟塔防戰：並肩作戰"
00:30,72,com.netease.sjzw.hmt,"世界之外"
00:30,73,com.byxjy.cxx.hw,"捕魚新紀元Online - 歡樂捕魚大作戰"
00:30,74,com.tg.sc33t.tw,"生存33天"
00:30,75,com.ncsoft.lineage2mtw,"天堂2M"
00:30,76,com.netease.eggypartyhmt,"蛋仔派對"
00:30,77,jp.co.drecom.wizardry.daphne,"Wizardry Variants Daphne"
00:30,78,com.mhclyxpb.gatja,"夢幻茶樓"
00:30,79,com.floralgames.hjxp,"我的花園世界 - 玩遊戲送鮮花"
00:30,80,com.netease.idv_tw.googleplay,"第五人格"
00:30,81,com.gryphline.endfield.gp,"明日方舟：終末地"
00:30,82,com.Rich.MegaRich,"大頭家娛樂城-週週新機 賽特、紅球雨、捕魚、老虎機、紅包雨"
00:30,83,com.lmdgame.neostreetball.tw,"超時空街球對決"
00:30,84,com.dreamgames.royalkingdom,"Royal Kingdom"
00:30,85,com.com2us.smon.normal.freefull.google.kr.android.common,"魔靈召喚: 天空之役"
00:30,86,com.gonline.AppBravoCasino,"角子共玩-賽特2、老虎機、柏青斯洛"
00:30,87,com.hermes.mk.asia,"世界計畫 繽紛舞台！feat. 初音未來"
00:30,88,com.greenmushroom.boomblitz.gp,"王國之歌（Top Heroes）"
00:30,89,com.muqiji.shark,"奇蹟MU：暴走之翼"
00:30,90,com.blueplanetm.gp,"蔚藍星球：國王很忙"
00:30,91,com.wjcsasia.android,"問劍長生-亞洲服"
00:30,92,com.percent.aos.luckydefense,"運氣拚輸贏"
00:30,93,com.borcht.twgp,"獸族之怒"
00:30,94,com.gamedots.seasideescape,"漫遊小鎮®：合併&故事"
00:30,95,com.ccstop.gp,"車車屍搭普"
00:30,96,com.xman.tw.gp,"超能戰爭"
00:30,97,com.garena.game.codm,"決勝時刻®: Mobile - Garena"
00:30,98,com.szckhd.jwgly.azfanti,"叫我官老爺：八週年慶典"
00:30,99,com.xh.wxlh.android,"無盡輪迴：鬼域摸金"
00:30,100,com.playrix.homescapes,"夢幻家園 (Homescapes)"
00:30,101,com.devsisters.ck,"薑餅人王國"
00:30,102,com.devsisters.gb,"跑跑薑餅人：烤箱大逃亡"
00:30,103,com.a3.topgirl.gplay,"Top Girl"
00:30,104,com.global.ztmslgtw,"末日喧囂"
00:30,105,com.miHoYo.GenshinImpact,"原神·空月之歌"
00:30,106,com.com2us.ninepb3d.normal.freefull.google.global.android.common,"MLB：9局職棒26"
00:30,107,com.minigame.wszj.android.gp,"無雙戰機"
00:30,108,com.dreamgames.royalmatch,"Royal Match"
00:30,109,com.highbrow.games.dvo,"龍村3"
00:30,110,com.ea.gp.fifamobile,"EA SPORTS FC™ 足球 Mobile 2026"
00:30,111,com.wxdmxtw.android,"新武俠大明星"
00:30,112,com.dynastytk.king,"三國志KING"
00:30,113,jp.co.koeitecmo.Power,"信長之野望 霸道"
00:30,114,com.hortor.femsj.asia,"肥鵝美食街"
00:30,115,com.blizzard.diablo.immortal,"《暗黑破壞神 永生不朽》"
00:30,116,com.supernova.kj.gp,"開局一座島-送真海鮮！"
00:30,117,com.billionairegames.serares,"變身傳奇"
00:30,118,com.cola.game,"火辣餐廳：合併&烹飪"
00:30,119,com.wuxia.novastar,"煙雨江湖－五周年慶典風雲來襲"
00:30,120,jp.co.mixi.monsterstrikeTW,"怪物彈珠 - RPG手機遊戲"
00:30,121,com.haoplay.game.and.exilium,"少女前線2：追放"
00:30,122,com.v20.gptw,"邪門鬼道"
00:30,123,jp.co.cygames.ShadowverseWorldsBeyond,"Shadowverse: Worlds Beyond"
00:30,124,com.boyaa.androidmarket,"博雅德州撲克 texas poker Boyaa"
00:30,125,com.sialiagames.xczyw.gp.tw,"信長之野望 真戰"
00:30,126,com.haegin.playtogether,"天天玩樂園 (Play Together)"
00:30,127,com.playrix.fishdomdd.gplay,"夢幻水族箱 (Fishdom)"
00:30,128,tw.com.joybomb.pi2017,"棒球殿堂Live"
00:30,129,com.ageofempiresmobile.tw,"世紀帝國M"
00:30,130,com.tg.sgzhd.tw,"時光雜貨店"
00:30,131,com.game.supernaturalsquad,"超自然行動組"
00:30,132,com.justgame.jails,"可獄不可囚"
00:30,133,com.congjie.gptw,"從前有條街"
00:30,134,com.cedargames.mysterytown,"迷霧小鎮: 合成遊戲 (Mystery Town)"
00:30,135,jp.konami.pesam,"eFootball™"
00:30,136,com.sialiagames.szgd.gp.tw,"救世者之樹：新世界"
00:30,137,com.play.rosea,"RO仙境傳說：新世代的誕生"
00:30,138,com.f2cz.gptw,"天命：六道輪迴"
00:30,139,com.aceclub.tw,"王牌俱樂部-戰神賽特2、赤三國、柏青、雷神、麻將、捕魚機"
00:30,140,com.yzzg.mdgame,"暗影紀元-魔幻冒险之旅"
00:30,141,com.habby.capybara,"卡皮巴拉 Go!"
00:30,142,com.com2us.futuremlb.android.google.global.normal,"MLB 9局職棒 勁旅對決 26"
00:30,143,com.miHoYo.tot.cht,"未定事件簿"
00:30,144,com.xone.gptw,"江湖有詭"
00:30,145,com.global.sgdbztw,"時光大爆炸"
00:30,146,com.supercell.brawlstars,"荒野亂鬥"
00:30,147,com.onepunchman.ggplay.tw,"一拳超人：最強之男—特別篇"
00:30,148,com.twv1.twgp,"練氣3000層：墮落女帝逼我飛升"
00:30,149,com.igg.android.doomsdaylastsurvivors,"黎明再現：奧德修斯歸來"
00:30,150,com.gtyyjlfz.az,"永夜降臨：雙面魅影"
00:30,151,com.netease.mrzhtw,"明日之後"
00:30,152,com.netmarble.thered,"VAMPIR：血之繼承者"
00:30,153,com.gearpaw.defenders.td.game,"齒輪獸衛隊"
00:30,154,com.igs.fafafa,"金猴爺娛樂城-街機捕魚遊戲"
00:30,155,io.randomco.travel,"Travel Town - Merge Adventure"
00:30,156,com.longe.racehmt,"巔峰極速"
00:30,157,com.tg.ysczg.tw,"雲上城之歌：勇者再出發"
00:30,158,com.playhit.our.kof,"拳皇98 終極之戰OL"
00:30,159,com.gm99.dzg,"叫我大掌櫃:原創正版古風經營"
00:30,160,com.and.gt.snhl,"少女喚靈"
00:30,161,com.xq.archeroii,"弓箭傳說2"
00:30,162,com.yzlm.tw.and,"勇者來開團"
00:30,163,com.scopely.monopolygo,"MONOPOLY GO! (大富翁 GO!)"
00:30,164,com.newtypegames.dl2hmt,"極無雙2"
00:30,165,com.hygame.ssfh.tw.gp,"盛世芳華"
00:30,166,com.topwar.gp,"口袋奇兵（Top War）-超休閒的策略遊戲"
00:30,167,com.tgc.sky.android,"Sky光·遇"
00:30,168,com.madhead.tos.zh,"神魔之塔"
00:30,169,com.moonactive.cmboard,"Coin Master - Board Adventure"
00:30,170,com.pandadagames.ninja.global,"忍者必須死-全球版"
00:30,171,com.merge.cooking.theme.restaurant.food,"摩奇料理 主題餐廳"
00:30,172,com.wildcaly.chbaseball.jkt,"MLB 制勝時刻 26"
00:30,173,com.whalejoy.horrorstory.gp,"誰來救救我"
00:30,174,com.hanbitsoft.gemtw.google,"王者之劍M"
00:30,175,com.netmarble.raven2,"RAVEN2：渡鴉"
00:30,176,com.dena.a12026418,"Pokémon Masters EX"
00:30,177,tw.com.iwplay.pwm,"完美世界M"
00:30,178,com.cookapps.catshinobi,"忍者喵喵：保衛村莊-美少女肉鴿策略塔防動作RPG"
00:30,179,com.userjoy.sgc,"三國群英傳M"
00:30,180,com.cyberjoy.galaxydefense,"太空防禦(Galaxy Defense)"
00:30,181,com.puzzle.impact.hero,"暗影英雄：突襲"
00:30,182,defense.roguelike.cell.shoot.survivor,"細胞保衛戰"
00:30,183,com.bluepotiongames.eosm.google.tw,"靈境殺戮"
00:30,184,com.netmarble.revolutionthm,"天堂2：革命"
00:30,185,com.agame.hmt.gp,"主公快逃：歡樂擰螺絲"
00:30,186,com.ddup.zombiewaves.zw,"喪屍狂潮"
00:30,187,com.linecorp.LGBB2,"LINE Bubble 2"
00:30,188,com.softstargames.shadow,"我想成為影之強者！Master of Garden"
00:30,189,com.nexon.kart,"跑跑卡丁車 Rush+"
00:30,190,com.nexon.bluearchive,"蔚藍檔案"
00:30,191,jp.boi.mementomori.android,"MementoMori"
00:30,192,com.sanguosp.twgp,"侍寢三國志"
00:30,193,com.tphmu.xnkrsyq,"清珩傳"
00:30,194,xyz.lightgame.tuantuan,"馬賽克騎士團：放置冒險RPG"
00:30,195,com.slg.savagesurvival,"野蠻生存錄:侏羅紀"
00:30,196,com.soulgamechst.majsoul,"雀魂麻將"
00:30,197,com.xd.TLglobal,"火炬之光：無限"
00:30,198,com.nianticlabs.monsterhunter,"Monster Hunter Now"
00:30,199,com.gravityus.romtwzeny.aos,"RO仙境傳說：守護永恆的愛 Classic"
00:30,200,com.supercell.clashofclans,"部落衝突 (Clash of Clans)"
01:30,1,game.xin.hd.g,"星城-歡慶77幸運日"
01:30,2,com.gamania.lineagem,"天堂M"
01:30,3,game.qualiarts.hololive.dreams.com,"hololive Dreams"
01:30,4,com.HoYoverse.Nap,"絕區零 - 週年慶"
01:30,5,com.gof.global,"寒霜啟示錄"
01:30,6,com.kurogame.wutheringwaves.global,"鳴潮 - 前往玄方地界"
01:30,7,com.nexon.devcat.mm.tw,"瑪奇 Mobile"
01:30,8,com.garena.game.kgtw,"Garena 傳說對決：膽大黨聯動開啟！"
01:30,9,com.run.tower.defense,"Kingshot"
01:30,10,com.nianticlabs.pikmin,"Pikmin Bloom"
01:30,11,com.neowizgames.game.browndust2,"棕色塵埃2- 冒汗心跳的RPG"
01:30,12,com.fun.lastwar.gp,"最後的戰爭 - Last War"
01:30,13,com.ggv.roworld.aos,"RO仙境傳説：世界之旅"
01:30,14,com.jumbo.yirufa,"包你發-王識賢、安心亞推薦休閒娛樂城-老虎機、捕魚機多款遊戲"
01:30,15,com.bandainamcoent.gget_WW,"SD鋼彈 G世代 永恆"
01:30,16,com.king.candycrushsaga,"糖果傳奇"
01:30,17,com.mergegames.gossipharbor,"緋聞港口：合併&故事"
01:30,18,com.goodluck777.panther,"金好運－戰神賽特、吉宗、捕魚機、老虎機、麻將、柏青哥"
01:30,19,com.nexon.maplem.global,"楓之谷M - 奇幻冒險MMORPG"
01:30,20,com.godgame.mj.android,"麻將 神來也麻將－台灣16張、麻雀"
01:30,21,com.nexon.ma,"楓之谷：放置冒險記"
01:30,22,com.boge.lgmahjong,"嚦咕麻將-戰神賽特、古神巴風特、雷神之錘、麻將、魚機、老虎機"
01:30,23,com.moonactive.coinmaster,"Coin Master"
01:30,24,com.more.laozi,"老子有錢-10萬倍賽特、柏青斯洛、老虎機、爆萬倍捕魚機"
01:30,25,com.HoYoverse.hkrpgoversea,"崩壞：星穹鐵道"
01:30,26,com.finger.hsgame,"豪神娛樂城-戰神賽特、麻將、捕魚、賓果、水果盤、拉霸、老虎機"
01:30,27,com.grandegames.slots.dafu.casino,"大福Online- 老虎機、麻將、捕魚、柏青斯洛、拉霸娛樂城"
01:30,28,tw.com.iwplay.nte,"異環"
01:30,29,com.m88.idleXX,"杖劍傳說：坎斯汀之約"
01:30,30,com.nianticlabs.pokemongo,"Pokémon GO"
01:30,31,com.igs.mjstar31,"麻將 明星3缺1麻將"
01:30,32,com.roblox.client,"Roblox"
01:30,33,com.igs.TMD,"滿貫大亨娛樂城 - 雷霆之錘II：諸神黃昏 強勢降臨！"
01:30,34,jp.co.ponos.battlecatstw,"貓咪大戰爭"
01:30,35,com.gamamobi.nikke,"勝利女神：妮姬"
01:30,36,com.rekoo.pubgm,"PUBG MOBILE：絕地求生M"
01:30,37,com.ncsoft.lineagew,"天堂W"
01:30,38,jp.pokemon.pokemontcgp,"Pokémon TCG Pocket"
01:30,39,com.fox.jstwgp,"青丘世界：緣起"
01:30,40,com.readygo.barrel.gp,"Last Z：Survival Shooter（倖存者逃亡）"
01:30,41,com.xd.xdtglobal.gp,"心動小鎮"
01:30,42,com.userjoy.LetsVegasSlots,"拉斯維加斯娛樂城 (Let's Vegas Slots)"
01:30,43,com.playrix.gardenscapes,"夢幻花園 (Gardenscapes)"
01:30,44,com.kakaogames.twodin,"奧丁 : 神叛"
01:30,45,com.netease.yyslshmt,"燕雲十六聲"
01:30,46,com.netease.nshmhmt,"逆水寒"
01:30,47,com.mover.twrxjhw,"新熱血江湖：世界"
01:30,48,com.komoe.kmumamusumegp,"賽馬娘Pretty Derby"
01:30,49,com.sialiagames.sgzzlb.gp.tw,"三國志・戰略版"
01:30,50,com.Tonwa.Cash7,"錢街Online 雷神降臨、捕魚老虎機娛樂城"
01:30,51,com.linecorp.LGRGS,"《LINE Rangers》×動畫「怪獸8號」合作活動"
01:30,52,com.sayyo.huga,"野蠻世界娛樂城-陳雷代言"
01:30,53,tw.txwy.and.arknights,"明日方舟"
01:30,54,com.garena.game.df,"Garena® 三角洲行動"
01:30,55,com.fatmerge.global,"食光旅行"
01:30,56,com.xiaomeng.fategrandorder,"Fate/Grand Order"
01:30,57,com.hkmanjuu.azurlane.gp,"碧藍航線"
01:30,58,com.ltgames.android.m71.tw,"一念逍遙"
01:30,59,com.devsisters.cc,"薑餅人放置大戰爭 - 餅乾養成RPG"
01:30,60,com.phstw.global,"醫起救世界：鼠裡逃生"
01:30,61,com.readygo.dark.gp,"Dark War Survival"
01:30,62,com.funplus.ts.global,"點點大作戰"
01:30,63,com.heyyogame.gd,"一個官人一個妻-8週年"
01:30,64,tw.sonet.princessconnect,"超異域公主連結！Re:Dive"
01:30,65,com.xianni.tw,"仙逆M-官方正版授權"
01:30,66,air.tw.com.bonuswinner.bwmj16tw,"宅神爺麻將—正宗16張台灣麻將，捕魚機大獎狂噴，真人秒開桌"
01:30,67,com.playrix.township,"夢想小鎮"
01:30,68,com.nexters.herowars,"勇士爭霸：群雄聯盟 - 角色扮演戰鬥多人手遊戲"
01:30,69,com.fiveminlab.overgeared.hero.backpack.merge,"靠裝勇者：背包合成RPG"
01:30,70,com.hollywood.merge,"好萊塢合成：星夢逆襲"
01:30,71,com.percent.aos.cooptd,"同盟塔防戰：並肩作戰"
01:30,72,com.netease.sjzw.hmt,"世界之外"
01:30,73,com.byxjy.cxx.hw,"捕魚新紀元Online - 歡樂捕魚大作戰"
01:30,74,com.tg.sc33t.tw,"生存33天"
01:30,75,com.ncsoft.lineage2mtw,"天堂2M"
01:30,76,com.netease.eggypartyhmt,"蛋仔派對"
01:30,77,jp.co.drecom.wizardry.daphne,"Wizardry Variants Daphne"
01:30,78,com.mhclyxpb.gatja,"夢幻茶樓"
01:30,79,com.floralgames.hjxp,"我的花園世界 - 玩遊戲送鮮花"
01:30,80,com.gryphline.endfield.gp,"明日方舟：終末地"
01:30,81,com.Rich.MegaRich,"大頭家娛樂城-週週新機 賽特、紅球雨、捕魚、老虎機、紅包雨"
01:30,82,com.lmdgame.neostreetball.tw,"超時空街球對決"
01:30,83,com.dreamgames.royalkingdom,"Royal Kingdom"
01:30,84,com.com2us.smon.normal.freefull.google.kr.android.common,"魔靈召喚: 天空之役"
01:30,85,com.netease.idv_tw.googleplay,"第五人格"
01:30,86,com.gonline.AppBravoCasino,"角子共玩-賽特2、老虎機、柏青斯洛"
01:30,87,com.hermes.mk.asia,"世界計畫 繽紛舞台！feat. 初音未來"
01:30,88,com.greenmushroom.boomblitz.gp,"王國之歌（Top Heroes）"
01:30,89,com.muqiji.shark,"奇蹟MU：暴走之翼"
01:30,90,com.blueplanetm.gp,"蔚藍星球：國王很忙"
01:30,91,com.wjcsasia.android,"問劍長生-亞洲服"
01:30,92,com.percent.aos.luckydefense,"運氣拚輸贏"
01:30,93,com.borcht.twgp,"獸族之怒"
01:30,94,com.gamedots.seasideescape,"漫遊小鎮®：合併&故事"
01:30,95,com.ccstop.gp,"車車屍搭普"
01:30,96,com.xman.tw.gp,"超能戰爭"
01:30,97,com.garena.game.codm,"決勝時刻®: Mobile - Garena"
01:30,98,com.szckhd.jwgly.azfanti,"叫我官老爺：八週年慶典"
01:30,99,com.xh.wxlh.android,"無盡輪迴：鬼域摸金"
01:30,100,com.playrix.homescapes,"夢幻家園 (Homescapes)"
01:30,101,com.devsisters.ck,"薑餅人王國"
01:30,102,com.devsisters.gb,"跑跑薑餅人：烤箱大逃亡"
01:30,103,com.a3.topgirl.gplay,"Top Girl"
01:30,104,com.global.ztmslgtw,"末日喧囂"
01:30,105,com.miHoYo.GenshinImpact,"原神·空月之歌"
01:30,106,com.com2us.ninepb3d.normal.freefull.google.global.android.common,"MLB：9局職棒26"
01:30,107,com.minigame.wszj.android.gp,"無雙戰機"
01:30,108,com.highbrow.games.dvo,"龍村3"
01:30,109,com.dreamgames.royalmatch,"Royal Match"
01:30,110,com.ea.gp.fifamobile,"EA SPORTS FC™ 足球 Mobile 2026"
01:30,111,com.wxdmxtw.android,"新武俠大明星"
01:30,112,com.dynastytk.king,"三國志KING"
01:30,113,jp.co.koeitecmo.Power,"信長之野望 霸道"
01:30,114,com.hortor.femsj.asia,"肥鵝美食街"
01:30,115,com.blizzard.diablo.immortal,"《暗黑破壞神 永生不朽》"
01:30,116,com.supernova.kj.gp,"開局一座島-送真海鮮！"
01:30,117,com.billionairegames.serares,"變身傳奇"
01:30,118,com.cola.game,"火辣餐廳：合併&烹飪"
01:30,119,com.wuxia.novastar,"煙雨江湖－五周年慶典風雲來襲"
01:30,120,com.playrix.fishdomdd.gplay,"夢幻水族箱 (Fishdom)"
01:30,121,jp.co.mixi.monsterstrikeTW,"怪物彈珠 - RPG手機遊戲"
01:30,122,com.haoplay.game.and.exilium,"少女前線2：追放"
01:30,123,com.v20.gptw,"邪門鬼道"
01:30,124,jp.co.cygames.ShadowverseWorldsBeyond,"Shadowverse: Worlds Beyond"
01:30,125,com.boyaa.androidmarket,"博雅德州撲克 texas poker Boyaa"
01:30,126,com.sialiagames.xczyw.gp.tw,"信長之野望 真戰"
01:30,127,com.haegin.playtogether,"天天玩樂園 (Play Together)"
01:30,128,tw.com.joybomb.pi2017,"棒球殿堂Live"
01:30,129,com.ageofempiresmobile.tw,"世紀帝國M"
01:30,130,com.tg.sgzhd.tw,"時光雜貨店"
01:30,131,com.game.supernaturalsquad,"超自然行動組"
01:30,132,com.justgame.jails,"可獄不可囚"
01:30,133,com.congjie.gptw,"從前有條街"
01:30,134,com.cedargames.mysterytown,"迷霧小鎮: 合成遊戲 (Mystery Town)"
01:30,135,jp.konami.pesam,"eFootball™"
01:30,136,com.sialiagames.szgd.gp.tw,"救世者之樹：新世界"
01:30,137,com.play.rosea,"RO仙境傳說：新世代的誕生"
01:30,138,com.f2cz.gptw,"天命：六道輪迴"
01:30,139,com.xone.gptw,"江湖有詭"
01:30,140,com.aceclub.tw,"王牌俱樂部-戰神賽特2、赤三國、柏青、雷神、麻將、捕魚機"
01:30,141,com.yzzg.mdgame,"暗影紀元-魔幻冒险之旅"
01:30,142,com.habby.capybara,"卡皮巴拉 Go!"
01:30,143,com.com2us.futuremlb.android.google.global.normal,"MLB 9局職棒 勁旅對決 26"
01:30,144,com.miHoYo.tot.cht,"未定事件簿"
01:30,145,com.global.sgdbztw,"時光大爆炸"
01:30,146,com.supercell.brawlstars,"荒野亂鬥"
01:30,147,com.onepunchman.ggplay.tw,"一拳超人：最強之男—特別篇"
01:30,148,com.twv1.twgp,"練氣3000層：墮落女帝逼我飛升"
01:30,149,com.igg.android.doomsdaylastsurvivors,"黎明再現：奧德修斯歸來"
01:30,150,com.gtyyjlfz.az,"永夜降臨：雙面魅影"
01:30,151,com.netease.mrzhtw,"明日之後"
01:30,152,com.netmarble.thered,"VAMPIR：血之繼承者"
01:30,153,com.gearpaw.defenders.td.game,"齒輪獸衛隊"
01:30,154,com.igs.fafafa,"金猴爺娛樂城-街機捕魚遊戲"
01:30,155,io.randomco.travel,"Travel Town - Merge Adventure"
01:30,156,com.longe.racehmt,"巔峰極速"
01:30,157,com.tg.ysczg.tw,"雲上城之歌：勇者再出發"
01:30,158,com.playhit.our.kof,"拳皇98 終極之戰OL"
01:30,159,com.gm99.dzg,"叫我大掌櫃:原創正版古風經營"
01:30,160,com.and.gt.snhl,"少女喚靈"
01:30,161,com.xq.archeroii,"弓箭傳說2"
01:30,162,com.yzlm.tw.and,"勇者來開團"
01:30,163,com.scopely.monopolygo,"MONOPOLY GO! (大富翁 GO!)"
01:30,164,com.newtypegames.dl2hmt,"極無雙2"
01:30,165,com.hygame.ssfh.tw.gp,"盛世芳華"
01:30,166,com.topwar.gp,"口袋奇兵（Top War）-超休閒的策略遊戲"
01:30,167,com.tgc.sky.android,"Sky光·遇"
01:30,168,com.madhead.tos.zh,"神魔之塔"
01:30,169,com.moonactive.cmboard,"Coin Master - Board Adventure"
01:30,170,com.pandadagames.ninja.global,"忍者必須死-全球版"
01:30,171,com.merge.cooking.theme.restaurant.food,"摩奇料理 主題餐廳"
01:30,172,com.wildcaly.chbaseball.jkt,"MLB 制勝時刻 26"
01:30,173,com.whalejoy.horrorstory.gp,"誰來救救我"
01:30,174,com.hanbitsoft.gemtw.google,"王者之劍M"
01:30,175,com.netmarble.raven2,"RAVEN2：渡鴉"
01:30,176,com.dena.a12026418,"Pokémon Masters EX"
01:30,177,tw.com.iwplay.pwm,"完美世界M"
01:30,178,com.cookapps.catshinobi,"忍者喵喵：保衛村莊-美少女肉鴿策略塔防動作RPG"
01:30,179,com.userjoy.sgc,"三國群英傳M"
01:30,180,com.cyberjoy.galaxydefense,"太空防禦(Galaxy Defense)"
01:30,181,com.puzzle.impact.hero,"暗影英雄：突襲"
01:30,182,defense.roguelike.cell.shoot.survivor,"細胞保衛戰"
01:30,183,com.gravityus.romtwzeny.aos,"RO仙境傳說：守護永恆的愛 Classic"
01:30,184,com.bluepotiongames.eosm.google.tw,"靈境殺戮"
01:30,185,com.netmarble.revolutionthm,"天堂2：革命"
01:30,186,com.agame.hmt.gp,"主公快逃：歡樂擰螺絲"
01:30,187,com.ddup.zombiewaves.zw,"喪屍狂潮"
01:30,188,com.linecorp.LGBB2,"LINE Bubble 2"
01:30,189,com.softstargames.shadow,"我想成為影之強者！Master of Garden"
01:30,190,com.nexon.kart,"跑跑卡丁車 Rush+"
01:30,191,com.nexon.bluearchive,"蔚藍檔案"
01:30,192,jp.boi.mementomori.android,"MementoMori"
01:30,193,com.sanguosp.twgp,"侍寢三國志"
01:30,194,com.tphmu.xnkrsyq,"清珩傳"
01:30,195,xyz.lightgame.tuantuan,"馬賽克騎士團：放置冒險RPG"
01:30,196,com.slg.savagesurvival,"野蠻生存錄:侏羅紀"
01:30,197,com.soulgamechst.majsoul,"雀魂麻將"
01:30,198,com.xd.TLglobal,"火炬之光：無限"
01:30,199,com.nianticlabs.monsterhunter,"Monster Hunter Now"
01:30,200,com.supercell.clashofclans,"部落衝突 (Clash of Clans)"
02:30,1,com.gamania.lineagem,"天堂M"
02:30,2,game.xin.hd.g,"星城-歡慶77幸運日"
02:30,3,game.qualiarts.hololive.dreams.com,"hololive Dreams"
02:30,4,com.HoYoverse.Nap,"絕區零 - 週年慶"
02:30,5,com.gof.global,"寒霜啟示錄"
02:30,6,com.garena.game.kgtw,"Garena 傳說對決：膽大黨聯動開啟！"
02:30,7,com.kurogame.wutheringwaves.global,"鳴潮 - 前往玄方地界"
02:30,8,com.nexon.devcat.mm.tw,"瑪奇 Mobile"
02:30,9,com.run.tower.defense,"Kingshot"
02:30,10,com.nianticlabs.pikmin,"Pikmin Bloom"
02:30,11,com.neowizgames.game.browndust2,"棕色塵埃2- 冒汗心跳的RPG"
02:30,12,com.fun.lastwar.gp,"最後的戰爭 - Last War"
02:30,13,com.ggv.roworld.aos,"RO仙境傳説：世界之旅"
02:30,14,com.jumbo.yirufa,"包你發-王識賢、安心亞推薦休閒娛樂城-老虎機、捕魚機多款遊戲"
02:30,15,com.bandainamcoent.gget_WW,"SD鋼彈 G世代 永恆"
02:30,16,com.mergegames.gossipharbor,"緋聞港口：合併&故事"
02:30,17,com.king.candycrushsaga,"糖果傳奇"
02:30,18,com.goodluck777.panther,"金好運－戰神賽特、吉宗、捕魚機、老虎機、麻將、柏青哥"
02:30,19,com.nexon.maplem.global,"楓之谷M - 奇幻冒險MMORPG"
02:30,20,com.godgame.mj.android,"麻將 神來也麻將－台灣16張、麻雀"
02:30,21,com.moonactive.coinmaster,"Coin Master"
02:30,22,com.more.laozi,"老子有錢-10萬倍賽特、柏青斯洛、老虎機、爆萬倍捕魚機"
02:30,23,com.nexon.ma,"楓之谷：放置冒險記"
02:30,24,com.boge.lgmahjong,"嚦咕麻將-戰神賽特、古神巴風特、雷神之錘、麻將、魚機、老虎機"
02:30,25,com.grandegames.slots.dafu.casino,"大福Online- 老虎機、麻將、捕魚、柏青斯洛、拉霸娛樂城"
02:30,26,com.finger.hsgame,"豪神娛樂城-戰神賽特、麻將、捕魚、賓果、水果盤、拉霸、老虎機"
02:30,27,com.HoYoverse.hkrpgoversea,"崩壞：星穹鐵道"
02:30,28,com.sialiagames.sgzzlb.gp.tw,"三國志・戰略版"
02:30,29,tw.com.iwplay.nte,"異環"
02:30,30,com.rekoo.pubgm,"PUBG MOBILE：絕地求生M"
02:30,31,com.igs.TMD,"滿貫大亨娛樂城 - 雷霆之錘II：諸神黃昏 強勢降臨！"
02:30,32,com.m88.idleXX,"杖劍傳說：坎斯汀之約"
02:30,33,com.nianticlabs.pokemongo,"Pokémon GO"
02:30,34,com.igs.mjstar31,"麻將 明星3缺1麻將"
02:30,35,com.roblox.client,"Roblox"
02:30,36,jp.co.ponos.battlecatstw,"貓咪大戰爭"
02:30,37,com.gamamobi.nikke,"勝利女神：妮姬"
02:30,38,com.ncsoft.lineagew,"天堂W"
02:30,39,jp.pokemon.pokemontcgp,"Pokémon TCG Pocket"
02:30,40,com.fox.jstwgp,"青丘世界：緣起"
02:30,41,com.xd.xdtglobal.gp,"心動小鎮"
02:30,42,com.playrix.gardenscapes,"夢幻花園 (Gardenscapes)"
02:30,43,com.netease.yyslshmt,"燕雲十六聲"
02:30,44,com.userjoy.LetsVegasSlots,"拉斯維加斯娛樂城 (Let's Vegas Slots)"
02:30,45,com.readygo.barrel.gp,"Last Z：Survival Shooter（倖存者逃亡）"
02:30,46,com.kakaogames.twodin,"奧丁 : 神叛"
02:30,47,com.netease.nshmhmt,"逆水寒"
02:30,48,com.mover.twrxjhw,"新熱血江湖：世界"
02:30,49,com.komoe.kmumamusumegp,"賽馬娘Pretty Derby"
02:30,50,tw.sonet.princessconnect,"超異域公主連結！Re:Dive"
02:30,51,com.Tonwa.Cash7,"錢街Online 雷神降臨、捕魚老虎機娛樂城"
02:30,52,tw.txwy.and.arknights,"明日方舟"
02:30,53,com.fatmerge.global,"食光旅行"
02:30,54,com.linecorp.LGRGS,"《LINE Rangers》×動畫「怪獸8號」合作活動"
02:30,55,com.garena.game.df,"Garena® 三角洲行動"
02:30,56,com.sayyo.huga,"野蠻世界娛樂城-陳雷代言"
02:30,57,com.hkmanjuu.azurlane.gp,"碧藍航線"
02:30,58,com.ltgames.android.m71.tw,"一念逍遙"
02:30,59,com.xiaomeng.fategrandorder,"Fate/Grand Order"
02:30,60,com.phstw.global,"醫起救世界：鼠裡逃生"
02:30,61,com.readygo.dark.gp,"Dark War Survival"
02:30,62,com.devsisters.cc,"薑餅人放置大戰爭 - 餅乾養成RPG"
02:30,63,com.funplus.ts.global,"點點大作戰"
02:30,64,com.fiveminlab.overgeared.hero.backpack.merge,"靠裝勇者：背包合成RPG"
02:30,65,com.percent.aos.cooptd,"同盟塔防戰：並肩作戰"
02:30,66,com.xianni.tw,"仙逆M-官方正版授權"
02:30,67,com.heyyogame.gd,"一個官人一個妻-8週年"
02:30,68,com.hollywood.merge,"好萊塢合成：星夢逆襲"
02:30,69,air.tw.com.bonuswinner.bwmj16tw,"宅神爺麻將—正宗16張台灣麻將，捕魚機大獎狂噴，真人秒開桌"
02:30,70,com.playrix.township,"夢想小鎮"
02:30,71,com.nexters.herowars,"勇士爭霸：群雄聯盟 - 角色扮演戰鬥多人手遊戲"
02:30,72,com.netease.sjzw.hmt,"世界之外"
02:30,73,com.tg.sc33t.tw,"生存33天"
02:30,74,com.ncsoft.lineage2mtw,"天堂2M"
02:30,75,com.byxjy.cxx.hw,"捕魚新紀元Online - 歡樂捕魚大作戰"
02:30,76,jp.co.drecom.wizardry.daphne,"Wizardry Variants Daphne"
02:30,77,com.netease.eggypartyhmt,"蛋仔派對"
02:30,78,com.lmdgame.neostreetball.tw,"超時空街球對決"
02:30,79,com.floralgames.hjxp,"我的花園世界 - 玩遊戲送鮮花"
02:30,80,com.dreamgames.royalkingdom,"Royal Kingdom"
02:30,81,com.mhclyxpb.gatja,"夢幻茶樓"
02:30,82,com.netease.idv_tw.googleplay,"第五人格"
02:30,83,com.gonline.AppBravoCasino,"角子共玩-賽特2、老虎機、柏青斯洛"
02:30,84,com.gryphline.endfield.gp,"明日方舟：終末地"
02:30,85,com.Rich.MegaRich,"大頭家娛樂城-週週新機 賽特、紅球雨、捕魚、老虎機、紅包雨"
02:30,86,com.com2us.smon.normal.freefull.google.kr.android.common,"魔靈召喚: 天空之役"
02:30,87,com.wjcsasia.android,"問劍長生-亞洲服"
02:30,88,com.hermes.mk.asia,"世界計畫 繽紛舞台！feat. 初音未來"
02:30,89,com.greenmushroom.boomblitz.gp,"王國之歌（Top Heroes）"
02:30,90,com.muqiji.shark,"奇蹟MU：暴走之翼"
02:30,91,com.blueplanetm.gp,"蔚藍星球：國王很忙"
02:30,92,com.garena.game.codm,"決勝時刻®: Mobile - Garena"
02:30,93,com.ccstop.gp,"車車屍搭普"
02:30,94,com.xman.tw.gp,"超能戰爭"
02:30,95,com.minigame.wszj.android.gp,"無雙戰機"
02:30,96,com.com2us.ninepb3d.normal.freefull.google.global.android.common,"MLB：9局職棒26"
02:30,97,com.percent.aos.luckydefense,"運氣拚輸贏"
02:30,98,com.borcht.twgp,"獸族之怒"
02:30,99,com.gamedots.seasideescape,"漫遊小鎮®：合併&故事"
02:30,100,com.devsisters.gb,"跑跑薑餅人：烤箱大逃亡"
02:30,101,com.szckhd.jwgly.azfanti,"叫我官老爺：八週年慶典"
02:30,102,com.devsisters.ck,"薑餅人王國"
02:30,103,com.xh.wxlh.android,"無盡輪迴：鬼域摸金"
02:30,104,com.playrix.homescapes,"夢幻家園 (Homescapes)"
02:30,105,com.a3.topgirl.gplay,"Top Girl"
02:30,106,com.global.ztmslgtw,"末日喧囂"
02:30,107,com.miHoYo.GenshinImpact,"原神·空月之歌"
02:30,108,com.highbrow.games.dvo,"龍村3"
02:30,109,jp.co.mixi.monsterstrikeTW,"怪物彈珠 - RPG手機遊戲"
02:30,110,com.dreamgames.royalmatch,"Royal Match"
02:30,111,com.blizzard.diablo.immortal,"《暗黑破壞神 永生不朽》"
02:30,112,com.wxdmxtw.android,"新武俠大明星"
02:30,113,com.ea.gp.fifamobile,"EA SPORTS FC™ 足球 Mobile 2026"
02:30,114,com.billionairegames.serares,"變身傳奇"
02:30,115,com.dynastytk.king,"三國志KING"
02:30,116,jp.co.koeitecmo.Power,"信長之野望 霸道"
02:30,117,com.hortor.femsj.asia,"肥鵝美食街"
02:30,118,com.haegin.playtogether,"天天玩樂園 (Play Together)"
02:30,119,com.supernova.kj.gp,"開局一座島-送真海鮮！"
02:30,120,com.haoplay.game.and.exilium,"少女前線2：追放"
02:30,121,com.playrix.fishdomdd.gplay,"夢幻水族箱 (Fishdom)"
02:30,122,com.cola.game,"火辣餐廳：合併&烹飪"
02:30,123,com.wuxia.novastar,"煙雨江湖－五周年慶典風雲來襲"
02:30,124,com.v20.gptw,"邪門鬼道"
02:30,125,jp.co.cygames.ShadowverseWorldsBeyond,"Shadowverse: Worlds Beyond"
02:30,126,com.boyaa.androidmarket,"博雅德州撲克 texas poker Boyaa"
02:30,127,com.sialiagames.xczyw.gp.tw,"信長之野望 真戰"
02:30,128,com.ageofempiresmobile.tw,"世紀帝國M"
02:30,129,tw.com.joybomb.pi2017,"棒球殿堂Live"
02:30,130,com.cedargames.mysterytown,"迷霧小鎮: 合成遊戲 (Mystery Town)"
02:30,131,com.tg.sgzhd.tw,"時光雜貨店"
02:30,132,com.game.supernaturalsquad,"超自然行動組"
02:30,133,com.justgame.jails,"可獄不可囚"
02:30,134,jp.konami.pesam,"eFootball™"
02:30,135,com.miHoYo.tot.cht,"未定事件簿"
02:30,136,com.sialiagames.szgd.gp.tw,"救世者之樹：新世界"
02:30,137,com.aceclub.tw,"王牌俱樂部-戰神賽特2、赤三國、柏青、雷神、麻將、捕魚機"
02:30,138,com.congjie.gptw,"從前有條街"
02:30,139,com.play.rosea,"RO仙境傳說：新世代的誕生"
02:30,140,com.f2cz.gptw,"天命：六道輪迴"
02:30,141,com.xone.gptw,"江湖有詭"
02:30,142,com.yzzg.mdgame,"暗影紀元-魔幻冒险之旅"
02:30,143,com.habby.capybara,"卡皮巴拉 Go!"
02:30,144,com.com2us.futuremlb.android.google.global.normal,"MLB 9局職棒 勁旅對決 26"
02:30,145,com.global.sgdbztw,"時光大爆炸"
02:30,146,com.fingerhero.tw.and,"救世主超忙"
02:30,147,com.supercell.brawlstars,"荒野亂鬥"
02:30,148,io.randomco.travel,"Travel Town - Merge Adventure"
02:30,149,com.onepunchman.ggplay.tw,"一拳超人：最強之男—特別篇"
02:30,150,com.igg.android.doomsdaylastsurvivors,"黎明再現：奧德修斯歸來"
02:30,151,com.netmarble.thered,"VAMPIR：血之繼承者"
02:30,152,com.twv1.twgp,"練氣3000層：墮落女帝逼我飛升"
02:30,153,com.longe.racehmt,"巔峰極速"
02:30,154,com.gtyyjlfz.az,"永夜降臨：雙面魅影"
02:30,155,com.netease.mrzhtw,"明日之後"
02:30,156,com.gearpaw.defenders.td.game,"齒輪獸衛隊"
02:30,157,com.igs.fafafa,"金猴爺娛樂城-街機捕魚遊戲"
02:30,158,com.hanbitsoft.gemtw.google,"王者之劍M"
02:30,159,com.tg.ysczg.tw,"雲上城之歌：勇者再出發"
02:30,160,com.pandadagames.ninja.global,"忍者必須死-全球版"
02:30,161,com.playhit.our.kof,"拳皇98 終極之戰OL"
02:30,162,com.netmarble.raven2,"RAVEN2：渡鴉"
02:30,163,com.gm99.dzg,"叫我大掌櫃:原創正版古風經營"
02:30,164,com.xq.archeroii,"弓箭傳說2"
02:30,165,com.and.gt.snhl,"少女喚靈"
02:30,166,com.hygame.ssfh.tw.gp,"盛世芳華"
02:30,167,com.yzlm.tw.and,"勇者來開團"
02:30,168,com.scopely.monopolygo,"MONOPOLY GO! (大富翁 GO!)"
02:30,169,com.newtypegames.dl2hmt,"極無雙2"
02:30,170,com.moonactive.cmboard,"Coin Master - Board Adventure"
02:30,171,com.whalejoy.horrorstory.gp,"誰來救救我"
02:30,172,com.topwar.gp,"口袋奇兵（Top War）-超休閒的策略遊戲"
02:30,173,com.wildcaly.chbaseball.jkt,"MLB 制勝時刻 26"
02:30,174,com.tgc.sky.android,"Sky光·遇"
02:30,175,com.madhead.tos.zh,"神魔之塔"
02:30,176,com.userjoy.sgc,"三國群英傳M"
02:30,177,com.cookapps.catshinobi,"忍者喵喵：保衛村莊-美少女肉鴿策略塔防動作RPG"
02:30,178,defense.roguelike.cell.shoot.survivor,"細胞保衛戰"
02:30,179,com.merge.cooking.theme.restaurant.food,"摩奇料理 主題餐廳"
02:30,180,com.puzzle.impact.hero,"暗影英雄：突襲"
02:30,181,com.cyberjoy.galaxydefense,"太空防禦(Galaxy Defense)"
02:30,182,com.dena.a12026418,"Pokémon Masters EX"
02:30,183,tw.com.iwplay.pwm,"完美世界M"
02:30,184,com.bluepotiongames.eosm.google.tw,"靈境殺戮"
02:30,185,com.netmarble.revolutionthm,"天堂2：革命"
02:30,186,com.linecorp.LGBB2,"LINE Bubble 2"
02:30,187,xyz.lightgame.tuantuan,"馬賽克騎士團：放置冒險RPG"
02:30,188,com.nexon.bluearchive,"蔚藍檔案"
02:30,189,com.gravityus.romtwzeny.aos,"RO仙境傳說：守護永恆的愛 Classic"
02:30,190,com.agame.hmt.gp,"主公快逃：歡樂擰螺絲"
02:30,191,com.garena.game.fctw,"Garena 極速領域：矩陣突破"
02:30,192,com.igg.android.lordsmobile,"王國紀元 - 變形金剛聯動"
02:30,193,com.ddup.zombiewaves.zw,"喪屍狂潮"
02:30,194,com.gear2.growslayer,"獵魔者傳說 (Slayer Legend)"
02:30,195,com.softstargames.shadow,"我想成為影之強者！Master of Garden"
02:30,196,com.nexon.kart,"跑跑卡丁車 Rush+"
02:30,197,com.onmyoji.hmt2,"陰陽師Onmyoji"
02:30,198,jp.boi.mementomori.android,"MementoMori"
02:30,199,com.sanguosp.twgp,"侍寢三國志"
02:30,200,com.tphmu.xnkrsyq,"清珩傳"
03:30,1,game.xin.hd.g,"星城-歡慶77幸運日"
03:30,2,com.gamania.lineagem,"天堂M"
03:30,3,game.qualiarts.hololive.dreams.com,"hololive Dreams"
03:30,4,com.HoYoverse.Nap,"絕區零 - 週年慶"
03:30,5,com.gof.global,"寒霜啟示錄"
03:30,6,com.garena.game.kgtw,"Garena 傳說對決：膽大黨聯動開啟！"
03:30,7,com.kurogame.wutheringwaves.global,"鳴潮 - 前往玄方地界"
03:30,8,com.nexon.devcat.mm.tw,"瑪奇 Mobile"
03:30,9,com.nianticlabs.pikmin,"Pikmin Bloom"
03:30,10,com.run.tower.defense,"Kingshot"
03:30,11,com.neowizgames.game.browndust2,"棕色塵埃2- 冒汗心跳的RPG"
03:30,12,com.fun.lastwar.gp,"最後的戰爭 - Last War"
03:30,13,com.ggv.roworld.aos,"RO仙境傳説：世界之旅"
03:30,14,com.bandainamcoent.gget_WW,"SD鋼彈 G世代 永恆"
03:30,15,com.jumbo.yirufa,"包你發-王識賢、安心亞推薦休閒娛樂城-老虎機、捕魚機多款遊戲"
03:30,16,com.king.candycrushsaga,"糖果傳奇"
03:30,17,com.mergegames.gossipharbor,"緋聞港口：合併&故事"
03:30,18,com.goodluck777.panther,"金好運－戰神賽特、吉宗、捕魚機、老虎機、麻將、柏青哥"
03:30,19,com.godgame.mj.android,"麻將 神來也麻將－台灣16張、麻雀"
03:30,20,com.nexon.maplem.global,"楓之谷M - 奇幻冒險MMORPG"
03:30,21,com.nexon.ma,"楓之谷：放置冒險記"
03:30,22,com.boge.lgmahjong,"嚦咕麻將-戰神賽特、古神巴風特、雷神之錘、麻將、魚機、老虎機"
03:30,23,com.moonactive.coinmaster,"Coin Master"
03:30,24,com.more.laozi,"老子有錢-10萬倍賽特、柏青斯洛、老虎機、爆萬倍捕魚機"
03:30,25,com.grandegames.slots.dafu.casino,"大福Online- 老虎機、麻將、捕魚、柏青斯洛、拉霸娛樂城"
03:30,26,com.finger.hsgame,"豪神娛樂城-戰神賽特、麻將、捕魚、賓果、水果盤、拉霸、老虎機"
03:30,27,com.HoYoverse.hkrpgoversea,"崩壞：星穹鐵道"
03:30,28,com.nianticlabs.pokemongo,"Pokémon GO"
03:30,29,com.sialiagames.sgzzlb.gp.tw,"三國志・戰略版"
03:30,30,tw.com.iwplay.nte,"異環"
03:30,31,com.roblox.client,"Roblox"
03:30,32,com.m88.idleXX,"杖劍傳說：坎斯汀之約"
03:30,33,com.igs.mjstar31,"麻將 明星3缺1麻將"
03:30,34,com.rekoo.pubgm,"PUBG MOBILE：絕地求生M"
03:30,35,com.igs.TMD,"滿貫大亨娛樂城 - 雷霆之錘II：諸神黃昏 強勢降臨！"
03:30,36,jp.co.ponos.battlecatstw,"貓咪大戰爭"
03:30,37,jp.pokemon.pokemontcgp,"Pokémon TCG Pocket"
03:30,38,com.gamamobi.nikke,"勝利女神：妮姬"
03:30,39,com.userjoy.LetsVegasSlots,"拉斯維加斯娛樂城 (Let's Vegas Slots)"
03:30,40,com.fox.jstwgp,"青丘世界：緣起"
03:30,41,com.xd.xdtglobal.gp,"心動小鎮"
03:30,42,com.ncsoft.lineagew,"天堂W"
03:30,43,com.playrix.gardenscapes,"夢幻花園 (Gardenscapes)"
03:30,44,com.kakaogames.twodin,"奧丁 : 神叛"
03:30,45,com.netease.yyslshmt,"燕雲十六聲"
03:30,46,com.netease.nshmhmt,"逆水寒"
03:30,47,com.readygo.barrel.gp,"Last Z：Survival Shooter（倖存者逃亡）"
03:30,48,com.komoe.kmumamusumegp,"賽馬娘Pretty Derby"
03:30,49,com.mover.twrxjhw,"新熱血江湖：世界"
03:30,50,com.linecorp.LGRGS,"《LINE Rangers》×動畫「怪獸8號」合作活動"
03:30,51,com.Tonwa.Cash7,"錢街Online 雷神降臨、捕魚老虎機娛樂城"
03:30,52,tw.sonet.princessconnect,"超異域公主連結！Re:Dive"
03:30,53,com.sayyo.huga,"野蠻世界娛樂城-陳雷代言"
03:30,54,com.devsisters.cc,"薑餅人放置大戰爭 - 餅乾養成RPG"
03:30,55,tw.txwy.and.arknights,"明日方舟"
03:30,56,com.fatmerge.global,"食光旅行"
03:30,57,com.garena.game.df,"Garena® 三角洲行動"
03:30,58,com.xiaomeng.fategrandorder,"Fate/Grand Order"
03:30,59,com.hkmanjuu.azurlane.gp,"碧藍航線"
03:30,60,com.ltgames.android.m71.tw,"一念逍遙"
03:30,61,com.phstw.global,"醫起救世界：鼠裡逃生"
03:30,62,com.readygo.dark.gp,"Dark War Survival"
03:30,63,com.funplus.ts.global,"點點大作戰"
03:30,64,com.heyyogame.gd,"一個官人一個妻-8週年"
03:30,65,com.playrix.township,"夢想小鎮"
03:30,66,air.tw.com.bonuswinner.bwmj16tw,"宅神爺麻將—正宗16張台灣麻將，捕魚機大獎狂噴，真人秒開桌"
03:30,67,com.fiveminlab.overgeared.hero.backpack.merge,"靠裝勇者：背包合成RPG"
03:30,68,com.percent.aos.cooptd,"同盟塔防戰：並肩作戰"
03:30,69,com.xianni.tw,"仙逆M-官方正版授權"
03:30,70,com.byxjy.cxx.hw,"捕魚新紀元Online - 歡樂捕魚大作戰"
03:30,71,com.hollywood.merge,"好萊塢合成：星夢逆襲"
03:30,72,com.nexters.herowars,"勇士爭霸：群雄聯盟 - 角色扮演戰鬥多人手遊戲"
03:30,73,com.netease.sjzw.hmt,"世界之外"
03:30,74,com.netease.eggypartyhmt,"蛋仔派對"
03:30,75,com.tg.sc33t.tw,"生存33天"
03:30,76,com.ncsoft.lineage2mtw,"天堂2M"
03:30,77,jp.co.drecom.wizardry.daphne,"Wizardry Variants Daphne"
03:30,78,com.gryphline.endfield.gp,"明日方舟：終末地"
03:30,79,com.mhclyxpb.gatja,"夢幻茶樓"
03:30,80,com.Rich.MegaRich,"大頭家娛樂城-週週新機 賽特、紅球雨、捕魚、老虎機、紅包雨"
03:30,81,com.lmdgame.neostreetball.tw,"超時空街球對決"
03:30,82,com.floralgames.hjxp,"我的花園世界 - 玩遊戲送鮮花"
03:30,83,com.dreamgames.royalkingdom,"Royal Kingdom"
03:30,84,com.hermes.mk.asia,"世界計畫 繽紛舞台！feat. 初音未來"
03:30,85,com.netease.idv_tw.googleplay,"第五人格"
03:30,86,com.gonline.AppBravoCasino,"角子共玩-賽特2、老虎機、柏青斯洛"
03:30,87,com.com2us.smon.normal.freefull.google.kr.android.common,"魔靈召喚: 天空之役"
03:30,88,com.wjcsasia.android,"問劍長生-亞洲服"
03:30,89,com.muqiji.shark,"奇蹟MU：暴走之翼"
03:30,90,com.greenmushroom.boomblitz.gp,"王國之歌（Top Heroes）"
03:30,91,com.percent.aos.luckydefense,"運氣拚輸贏"
03:30,92,com.szckhd.jwgly.azfanti,"叫我官老爺：八週年慶典"
03:30,93,com.gamedots.seasideescape,"漫遊小鎮®：合併&故事"
03:30,94,com.blueplanetm.gp,"蔚藍星球：國王很忙"
03:30,95,com.garena.game.codm,"決勝時刻®: Mobile - Garena"
03:30,96,com.playrix.homescapes,"夢幻家園 (Homescapes)"
03:30,97,com.borcht.twgp,"獸族之怒"
03:30,98,com.miHoYo.GenshinImpact,"原神·空月之歌"
03:30,99,com.ccstop.gp,"車車屍搭普"
03:30,100,com.xman.tw.gp,"超能戰爭"
03:30,101,com.xh.wxlh.android,"無盡輪迴：鬼域摸金"
03:30,102,com.minigame.wszj.android.gp,"無雙戰機"
03:30,103,com.com2us.ninepb3d.normal.freefull.google.global.android.common,"MLB：9局職棒26"
03:30,104,com.supernova.kj.gp,"開局一座島-送真海鮮！"
03:30,105,com.devsisters.gb,"跑跑薑餅人：烤箱大逃亡"
03:30,106,com.devsisters.ck,"薑餅人王國"
03:30,107,com.dreamgames.royalmatch,"Royal Match"
03:30,108,com.dynastytk.king,"三國志KING"
03:30,109,com.a3.topgirl.gplay,"Top Girl"
03:30,110,com.ea.gp.fifamobile,"EA SPORTS FC™ 足球 Mobile 2026"
03:30,111,com.global.ztmslgtw,"末日喧囂"
03:30,112,com.highbrow.games.dvo,"龍村3"
03:30,113,jp.co.mixi.monsterstrikeTW,"怪物彈珠 - RPG手機遊戲"
03:30,114,jp.co.koeitecmo.Power,"信長之野望 霸道"
03:30,115,com.blizzard.diablo.immortal,"《暗黑破壞神 永生不朽》"
03:30,116,com.hortor.femsj.asia,"肥鵝美食街"
03:30,117,com.wxdmxtw.android,"新武俠大明星"
03:30,118,com.cola.game,"火辣餐廳：合併&烹飪"
03:30,119,com.billionairegames.serares,"變身傳奇"
03:30,120,com.wuxia.novastar,"煙雨江湖－五周年慶典風雲來襲"
03:30,121,tw.com.joybomb.pi2017,"棒球殿堂Live"
03:30,122,com.haegin.playtogether,"天天玩樂園 (Play Together)"
03:30,123,com.haoplay.game.and.exilium,"少女前線2：追放"
03:30,124,com.playrix.fishdomdd.gplay,"夢幻水族箱 (Fishdom)"
03:30,125,com.sialiagames.xczyw.gp.tw,"信長之野望 真戰"
03:30,126,com.boyaa.androidmarket,"博雅德州撲克 texas poker Boyaa"
03:30,127,jp.co.cygames.ShadowverseWorldsBeyond,"Shadowverse: Worlds Beyond"
03:30,128,com.game.supernaturalsquad,"超自然行動組"
03:30,129,com.v20.gptw,"邪門鬼道"
03:30,130,com.justgame.jails,"可獄不可囚"
03:30,131,com.tg.sgzhd.tw,"時光雜貨店"
03:30,132,com.ageofempiresmobile.tw,"世紀帝國M"
03:30,133,com.cedargames.mysterytown,"迷霧小鎮: 合成遊戲 (Mystery Town)"
03:30,134,com.onepunchman.ggplay.tw,"一拳超人：最強之男—特別篇"
03:30,135,com.congjie.gptw,"從前有條街"
03:30,136,com.habby.capybara,"卡皮巴拉 Go!"
03:30,137,jp.konami.pesam,"eFootball™"
03:30,138,com.miHoYo.tot.cht,"未定事件簿"
03:30,139,com.sialiagames.szgd.gp.tw,"救世者之樹：新世界"
03:30,140,com.f2cz.gptw,"天命：六道輪迴"
03:30,141,com.aceclub.tw,"王牌俱樂部-戰神賽特2、赤三國、柏青、雷神、麻將、捕魚機"
03:30,142,com.xone.gptw,"江湖有詭"
03:30,143,com.play.rosea,"RO仙境傳說：新世代的誕生"
03:30,144,com.supercell.brawlstars,"荒野亂鬥"
03:30,145,com.yzzg.mdgame,"暗影紀元-魔幻冒险之旅"
03:30,146,com.global.sgdbztw,"時光大爆炸"
03:30,147,com.com2us.futuremlb.android.google.global.normal,"MLB 9局職棒 勁旅對決 26"
03:30,148,com.igs.fafafa,"金猴爺娛樂城-街機捕魚遊戲"
03:30,149,com.twv1.twgp,"練氣3000層：墮落女帝逼我飛升"
03:30,150,com.fingerhero.tw.and,"救世主超忙"
03:30,151,com.netease.mrzhtw,"明日之後"
03:30,152,com.newtypegames.dl2hmt,"極無雙2"
03:30,153,io.randomco.travel,"Travel Town - Merge Adventure"
03:30,154,com.tg.ysczg.tw,"雲上城之歌：勇者再出發"
03:30,155,com.gtyyjlfz.az,"永夜降臨：雙面魅影"
03:30,156,com.igg.android.doomsdaylastsurvivors,"黎明再現：奧德修斯歸來"
03:30,157,com.gearpaw.defenders.td.game,"齒輪獸衛隊"
03:30,158,com.netmarble.thered,"VAMPIR：血之繼承者"
03:30,159,com.longe.racehmt,"巔峰極速"
03:30,160,com.yzlm.tw.and,"勇者來開團"
03:30,161,com.scopely.monopolygo,"MONOPOLY GO! (大富翁 GO!)"
03:30,162,com.tgc.sky.android,"Sky光·遇"
03:30,163,com.and.gt.snhl,"少女喚靈"
03:30,164,com.playhit.our.kof,"拳皇98 終極之戰OL"
03:30,165,com.hanbitsoft.gemtw.google,"王者之劍M"
03:30,166,com.dena.a12026418,"Pokémon Masters EX"
03:30,167,com.supercell.clashofclans,"部落衝突 (Clash of Clans)"
03:30,168,com.pandadagames.ninja.global,"忍者必須死-全球版"
03:30,169,com.gm99.dzg,"叫我大掌櫃:原創正版古風經營"
03:30,170,com.netmarble.raven2,"RAVEN2：渡鴉"
03:30,171,com.xq.archeroii,"弓箭傳說2"
03:30,172,com.hygame.ssfh.tw.gp,"盛世芳華"
03:30,173,com.topwar.gp,"口袋奇兵（Top War）-超休閒的策略遊戲"
03:30,174,com.madhead.tos.zh,"神魔之塔"
03:30,175,com.moonactive.cmboard,"Coin Master - Board Adventure"
03:30,176,com.whalejoy.horrorstory.gp,"誰來救救我"
03:30,177,com.merge.cooking.theme.restaurant.food,"摩奇料理 主題餐廳"
03:30,178,com.wildcaly.chbaseball.jkt,"MLB 制勝時刻 26"
03:30,179,tw.com.iwplay.pwm,"完美世界M"
03:30,180,com.userjoy.sgc,"三國群英傳M"
03:30,181,com.cookapps.catshinobi,"忍者喵喵：保衛村莊-美少女肉鴿策略塔防動作RPG"
03:30,182,defense.roguelike.cell.shoot.survivor,"細胞保衛戰"
03:30,183,com.puzzle.impact.hero,"暗影英雄：突襲"
03:30,184,com.cyberjoy.galaxydefense,"太空防禦(Galaxy Defense)"
03:30,185,com.ddup.zombiewaves.zw,"喪屍狂潮"
03:30,186,com.slg.savagesurvival,"野蠻生存錄:侏羅紀"
03:30,187,com.nexon.kart,"跑跑卡丁車 Rush+"
03:30,188,com.bluepotiongames.eosm.google.tw,"靈境殺戮"
03:30,189,com.agame.hmt.gp,"主公快逃：歡樂擰螺絲"
03:30,190,com.netmarble.revolutionthm,"天堂2：革命"
03:30,191,com.softstargames.shadow,"我想成為影之強者！Master of Garden"
03:30,192,com.xjxztw.gpgat,"仙劍奇俠傳：新的開始"
03:30,193,com.linecorp.LGBB2,"LINE Bubble 2"
03:30,194,jp.boi.mementomori.android,"MementoMori"
03:30,195,com.mxdzz.tw.and,"菇勇者傳說"
03:30,196,com.tphmu.xnkrsyq,"清珩傳"
03:30,197,xyz.lightgame.tuantuan,"馬賽克騎士團：放置冒險RPG"
03:30,198,com.nexon.bluearchive,"蔚藍檔案"
03:30,199,com.nianticlabs.monsterhunter,"Monster Hunter Now"
03:30,200,com.gravityus.romtwzeny.aos,"RO仙境傳說：守護永恆的愛 Classic"
05:00,1,game.xin.hd.g,"星城-歡慶77幸運日"
05:00,2,com.gamania.lineagem,"天堂M"
05:00,3,game.qualiarts.hololive.dreams.com,"hololive Dreams"
05:00,4,com.HoYoverse.Nap,"絕區零 - 週年慶"
05:00,5,com.gof.global,"寒霜啟示錄"
05:00,6,com.garena.game.kgtw,"Garena 傳說對決：膽大黨聯動開啟！"
05:00,7,com.kurogame.wutheringwaves.global,"鳴潮 - 前往玄方地界"
05:00,8,com.nexon.devcat.mm.tw,"瑪奇 Mobile"
05:00,9,com.nianticlabs.pikmin,"Pikmin Bloom"
05:00,10,com.run.tower.defense,"Kingshot"
05:00,11,com.neowizgames.game.browndust2,"棕色塵埃2- 冒汗心跳的RPG"
05:00,12,com.fun.lastwar.gp,"最後的戰爭 - Last War"
05:00,13,com.ggv.roworld.aos,"RO仙境傳説：世界之旅"
05:00,14,com.bandainamcoent.gget_WW,"SD鋼彈 G世代 永恆"
05:00,15,com.jumbo.yirufa,"包你發-王識賢、安心亞推薦休閒娛樂城-老虎機、捕魚機多款遊戲"
05:00,16,com.king.candycrushsaga,"糖果傳奇"
05:00,17,com.mergegames.gossipharbor,"緋聞港口：合併&故事"
05:00,18,com.goodluck777.panther,"金好運－戰神賽特、吉宗、捕魚機、老虎機、麻將、柏青哥"
05:00,19,com.godgame.mj.android,"麻將 神來也麻將－台灣16張、麻雀"
05:00,20,com.nexon.maplem.global,"楓之谷M - 奇幻冒險MMORPG"
05:00,21,com.more.laozi,"老子有錢-10萬倍賽特、柏青斯洛、老虎機、爆萬倍捕魚機"
05:00,22,com.nexon.ma,"楓之谷：放置冒險記"
05:00,23,com.boge.lgmahjong,"嚦咕麻將-戰神賽特、古神巴風特、雷神之錘、麻將、魚機、老虎機"
05:00,24,com.moonactive.coinmaster,"Coin Master"
05:00,25,com.grandegames.slots.dafu.casino,"大福Online- 老虎機、麻將、捕魚、柏青斯洛、拉霸娛樂城"
05:00,26,com.finger.hsgame,"豪神娛樂城-戰神賽特、麻將、捕魚、賓果、水果盤、拉霸、老虎機"
05:00,27,com.HoYoverse.hkrpgoversea,"崩壞：星穹鐵道"
05:00,28,com.nianticlabs.pokemongo,"Pokémon GO"
05:00,29,com.sialiagames.sgzzlb.gp.tw,"三國志・戰略版"
05:00,30,com.igs.mjstar31,"麻將 明星3缺1麻將"
05:00,31,tw.com.iwplay.nte,"異環"
05:00,32,com.roblox.client,"Roblox"
05:00,33,com.m88.idleXX,"杖劍傳說：坎斯汀之約"
05:00,34,com.rekoo.pubgm,"PUBG MOBILE：絕地求生M"
05:00,35,com.igs.TMD,"滿貫大亨娛樂城 - 雷霆之錘II：諸神黃昏 強勢降臨！"
05:00,36,jp.co.ponos.battlecatstw,"貓咪大戰爭"
05:00,37,jp.pokemon.pokemontcgp,"Pokémon TCG Pocket"
05:00,38,com.gamamobi.nikke,"勝利女神：妮姬"
05:00,39,com.ncsoft.lineagew,"天堂W"
05:00,40,com.userjoy.LetsVegasSlots,"拉斯維加斯娛樂城 (Let's Vegas Slots)"
05:00,41,com.fox.jstwgp,"青丘世界：緣起"
05:00,42,com.xd.xdtglobal.gp,"心動小鎮"
05:00,43,com.playrix.gardenscapes,"夢幻花園 (Gardenscapes)"
05:00,44,com.kakaogames.twodin,"奧丁 : 神叛"
05:00,45,com.readygo.barrel.gp,"Last Z：Survival Shooter（倖存者逃亡）"
05:00,46,com.netease.yyslshmt,"燕雲十六聲"
05:00,47,com.netease.nshmhmt,"逆水寒"
05:00,48,com.komoe.kmumamusumegp,"賽馬娘Pretty Derby"
05:00,49,com.mover.twrxjhw,"新熱血江湖：世界"
05:00,50,com.linecorp.LGRGS,"《LINE Rangers》×動畫「怪獸8號」合作活動"
05:00,51,com.Tonwa.Cash7,"錢街Online 雷神降臨、捕魚老虎機娛樂城"
05:00,52,tw.sonet.princessconnect,"超異域公主連結！Re:Dive"
05:00,53,com.sayyo.huga,"野蠻世界娛樂城-陳雷代言"
05:00,54,tw.txwy.and.arknights,"明日方舟"
05:00,55,com.garena.game.df,"Garena® 三角洲行動"
05:00,56,com.devsisters.cc,"薑餅人放置大戰爭 - 餅乾養成RPG"
05:00,57,com.fatmerge.global,"食光旅行"
05:00,58,com.hkmanjuu.azurlane.gp,"碧藍航線"
05:00,59,com.xiaomeng.fategrandorder,"Fate/Grand Order"
05:00,60,com.ltgames.android.m71.tw,"一念逍遙"
05:00,61,com.phstw.global,"醫起救世界：鼠裡逃生"
05:00,62,com.readygo.dark.gp,"Dark War Survival"
05:00,63,com.heyyogame.gd,"一個官人一個妻-8週年"
05:00,64,com.funplus.ts.global,"點點大作戰"
05:00,65,air.tw.com.bonuswinner.bwmj16tw,"宅神爺麻將—正宗16張台灣麻將，捕魚機大獎狂噴，真人秒開桌"
05:00,66,com.playrix.township,"夢想小鎮"
05:00,67,com.xianni.tw,"仙逆M-官方正版授權"
05:00,68,com.fiveminlab.overgeared.hero.backpack.merge,"靠裝勇者：背包合成RPG"
05:00,69,com.percent.aos.cooptd,"同盟塔防戰：並肩作戰"
05:00,70,com.byxjy.cxx.hw,"捕魚新紀元Online - 歡樂捕魚大作戰"
05:00,71,com.hollywood.merge,"好萊塢合成：星夢逆襲"
05:00,72,com.nexters.herowars,"勇士爭霸：群雄聯盟 - 角色扮演戰鬥多人手遊戲"
05:00,73,com.netease.sjzw.hmt,"世界之外"
05:00,74,com.netease.eggypartyhmt,"蛋仔派對"
05:00,75,com.ncsoft.lineage2mtw,"天堂2M"
05:00,76,com.tg.sc33t.tw,"生存33天"
05:00,77,jp.co.drecom.wizardry.daphne,"Wizardry Variants Daphne"
05:00,78,com.gryphline.endfield.gp,"明日方舟：終末地"
05:00,79,com.com2us.ninepb3d.normal.freefull.google.global.android.common,"MLB：9局職棒26"
05:00,80,com.mhclyxpb.gatja,"夢幻茶樓"
05:00,81,com.Rich.MegaRich,"大頭家娛樂城-週週新機 賽特、紅球雨、捕魚、老虎機、紅包雨"
05:00,82,com.floralgames.hjxp,"我的花園世界 - 玩遊戲送鮮花"
05:00,83,com.lmdgame.neostreetball.tw,"超時空街球對決"
05:00,84,com.dreamgames.royalkingdom,"Royal Kingdom"
05:00,85,com.hermes.mk.asia,"世界計畫 繽紛舞台！feat. 初音未來"
05:00,86,com.netease.idv_tw.googleplay,"第五人格"
05:00,87,com.gonline.AppBravoCasino,"角子共玩-賽特2、老虎機、柏青斯洛"
05:00,88,com.com2us.smon.normal.freefull.google.kr.android.common,"魔靈召喚: 天空之役"
05:00,89,com.wjcsasia.android,"問劍長生-亞洲服"
05:00,90,com.muqiji.shark,"奇蹟MU：暴走之翼"
05:00,91,com.greenmushroom.boomblitz.gp,"王國之歌（Top Heroes）"
05:00,92,com.percent.aos.luckydefense,"運氣拚輸贏"
05:00,93,com.blueplanetm.gp,"蔚藍星球：國王很忙"
05:00,94,com.szckhd.jwgly.azfanti,"叫我官老爺：八週年慶典"
05:00,95,com.gamedots.seasideescape,"漫遊小鎮®：合併&故事"
05:00,96,com.ccstop.gp,"車車屍搭普"
05:00,97,com.xman.tw.gp,"超能戰爭"
05:00,98,com.garena.game.codm,"決勝時刻®: Mobile - Garena"
05:00,99,com.playrix.homescapes,"夢幻家園 (Homescapes)"
05:00,100,com.borcht.twgp,"獸族之怒"
05:00,101,com.miHoYo.GenshinImpact,"原神·空月之歌"
05:00,102,com.xh.wxlh.android,"無盡輪迴：鬼域摸金"
05:00,103,com.minigame.wszj.android.gp,"無雙戰機"
05:00,104,com.supernova.kj.gp,"開局一座島-送真海鮮！"
05:00,105,com.devsisters.gb,"跑跑薑餅人：烤箱大逃亡"
05:00,106,com.devsisters.ck,"薑餅人王國"
05:00,107,com.global.ztmslgtw,"末日喧囂"
05:00,108,com.dreamgames.royalmatch,"Royal Match"
05:00,109,com.a3.topgirl.gplay,"Top Girl"
05:00,110,com.dynastytk.king,"三國志KING"
05:00,111,com.ea.gp.fifamobile,"EA SPORTS FC™ 足球 Mobile 2026"
05:00,112,com.highbrow.games.dvo,"龍村3"
05:00,113,jp.co.mixi.monsterstrikeTW,"怪物彈珠 - RPG手機遊戲"
05:00,114,com.wxdmxtw.android,"新武俠大明星"
05:00,115,jp.co.koeitecmo.Power,"信長之野望 霸道"
05:00,116,com.blizzard.diablo.immortal,"《暗黑破壞神 永生不朽》"
05:00,117,com.hortor.femsj.asia,"肥鵝美食街"
05:00,118,com.cola.game,"火辣餐廳：合併&烹飪"
05:00,119,com.billionairegames.serares,"變身傳奇"
05:00,120,com.playrix.fishdomdd.gplay,"夢幻水族箱 (Fishdom)"
05:00,121,com.fingerhero.tw.and,"救世主超忙"
05:00,122,com.wuxia.novastar,"煙雨江湖－五周年慶典風雲來襲"
05:00,123,tw.com.joybomb.pi2017,"棒球殿堂Live"
05:00,124,com.haegin.playtogether,"天天玩樂園 (Play Together)"
05:00,125,com.haoplay.game.and.exilium,"少女前線2：追放"
05:00,126,com.sialiagames.xczyw.gp.tw,"信長之野望 真戰"
05:00,127,com.v20.gptw,"邪門鬼道"
05:00,128,com.boyaa.androidmarket,"博雅德州撲克 texas poker Boyaa"
05:00,129,jp.co.cygames.ShadowverseWorldsBeyond,"Shadowverse: Worlds Beyond"
05:00,130,com.game.supernaturalsquad,"超自然行動組"
05:00,131,com.ageofempiresmobile.tw,"世紀帝國M"
05:00,132,com.justgame.jails,"可獄不可囚"
05:00,133,com.tg.sgzhd.tw,"時光雜貨店"
05:00,134,com.cedargames.mysterytown,"迷霧小鎮: 合成遊戲 (Mystery Town)"
05:00,135,com.aceclub.tw,"王牌俱樂部-戰神賽特2、赤三國、柏青、雷神、麻將、捕魚機"
05:00,136,com.onepunchman.ggplay.tw,"一拳超人：最強之男—特別篇"
05:00,137,com.sialiagames.szgd.gp.tw,"救世者之樹：新世界"
05:00,138,com.congjie.gptw,"從前有條街"
05:00,139,com.habby.capybara,"卡皮巴拉 Go!"
05:00,140,jp.konami.pesam,"eFootball™"
05:00,141,com.miHoYo.tot.cht,"未定事件簿"
05:00,142,com.f2cz.gptw,"天命：六道輪迴"
05:00,143,com.xone.gptw,"江湖有詭"
05:00,144,com.play.rosea,"RO仙境傳說：新世代的誕生"
05:00,145,com.supercell.brawlstars,"荒野亂鬥"
05:00,146,com.yzzg.mdgame,"暗影紀元-魔幻冒险之旅"
05:00,147,com.global.sgdbztw,"時光大爆炸"
05:00,148,com.com2us.futuremlb.android.google.global.normal,"MLB 9局職棒 勁旅對決 26"
05:00,149,com.igs.fafafa,"金猴爺娛樂城-街機捕魚遊戲"
05:00,150,com.twv1.twgp,"練氣3000層：墮落女帝逼我飛升"
05:00,151,com.longe.racehmt,"巔峰極速"
05:00,152,com.netease.mrzhtw,"明日之後"
05:00,153,com.newtypegames.dl2hmt,"極無雙2"
05:00,154,io.randomco.travel,"Travel Town - Merge Adventure"
05:00,155,com.tg.ysczg.tw,"雲上城之歌：勇者再出發"
05:00,156,com.gtyyjlfz.az,"永夜降臨：雙面魅影"
05:00,157,com.igg.android.doomsdaylastsurvivors,"黎明再現：奧德修斯歸來"
05:00,158,com.gearpaw.defenders.td.game,"齒輪獸衛隊"
05:00,159,com.netmarble.thered,"VAMPIR：血之繼承者"
05:00,160,com.yzlm.tw.and,"勇者來開團"
05:00,161,com.scopely.monopolygo,"MONOPOLY GO! (大富翁 GO!)"
05:00,162,com.tgc.sky.android,"Sky光·遇"
05:00,163,com.and.gt.snhl,"少女喚靈"
05:00,164,com.playhit.our.kof,"拳皇98 終極之戰OL"
05:00,165,com.hanbitsoft.gemtw.google,"王者之劍M"
05:00,166,com.gm99.dzg,"叫我大掌櫃:原創正版古風經營"
05:00,167,com.dena.a12026418,"Pokémon Masters EX"
05:00,168,com.supercell.clashofclans,"部落衝突 (Clash of Clans)"
05:00,169,com.xq.archeroii,"弓箭傳說2"
05:00,170,com.pandadagames.ninja.global,"忍者必須死-全球版"
05:00,171,com.netmarble.raven2,"RAVEN2：渡鴉"
05:00,172,com.hygame.ssfh.tw.gp,"盛世芳華"
05:00,173,com.topwar.gp,"口袋奇兵（Top War）-超休閒的策略遊戲"
05:00,174,com.madhead.tos.zh,"神魔之塔"
05:00,175,com.moonactive.cmboard,"Coin Master - Board Adventure"
05:00,176,com.whalejoy.horrorstory.gp,"誰來救救我"
05:00,177,com.merge.cooking.theme.restaurant.food,"摩奇料理 主題餐廳"
05:00,178,com.wildcaly.chbaseball.jkt,"MLB 制勝時刻 26"
05:00,179,com.userjoy.sgc,"三國群英傳M"
05:00,180,tw.com.iwplay.pwm,"完美世界M"
05:00,181,com.cookapps.catshinobi,"忍者喵喵：保衛村莊-美少女肉鴿策略塔防動作RPG"
05:00,182,defense.roguelike.cell.shoot.survivor,"細胞保衛戰"
05:00,183,com.linecorp.LGBB2,"LINE Bubble 2"
05:00,184,com.bluepotiongames.eosm.google.tw,"靈境殺戮"
05:00,185,com.puzzle.impact.hero,"暗影英雄：突襲"
05:00,186,com.cyberjoy.galaxydefense,"太空防禦(Galaxy Defense)"
05:00,187,com.ddup.zombiewaves.zw,"喪屍狂潮"
05:00,188,com.slg.savagesurvival,"野蠻生存錄:侏羅紀"
05:00,189,com.nexon.kart,"跑跑卡丁車 Rush+"
05:00,190,com.netmarble.revolutionthm,"天堂2：革命"
05:00,191,com.agame.hmt.gp,"主公快逃：歡樂擰螺絲"
05:00,192,com.softstargames.shadow,"我想成為影之強者！Master of Garden"
05:00,193,com.xjxztw.gpgat,"仙劍奇俠傳：新的開始"
05:00,194,jp.boi.mementomori.android,"MementoMori"
05:00,195,com.mxdzz.tw.and,"菇勇者傳說"
05:00,196,com.tphmu.xnkrsyq,"清珩傳"
05:00,197,xyz.lightgame.tuantuan,"馬賽克騎士團：放置冒險RPG"
05:00,198,com.nexon.bluearchive,"蔚藍檔案"
05:00,199,com.nianticlabs.monsterhunter,"Monster Hunter Now"
05:00,200,com.gravityus.romtwzeny.aos,"RO仙境傳說：守護永恆的愛 Classic"
06:00,1,game.xin.hd.g,"星城-歡慶77幸運日"
06:00,2,com.gamania.lineagem,"天堂M"
06:00,3,game.qualiarts.hololive.dreams.com,"hololive Dreams"
06:00,4,com.HoYoverse.Nap,"絕區零 - 週年慶"
06:00,5,com.gof.global,"寒霜啟示錄"
06:00,6,com.garena.game.kgtw,"Garena 傳說對決：膽大黨聯動開啟！"
06:00,7,com.kurogame.wutheringwaves.global,"鳴潮 - 前往玄方地界"
06:00,8,com.nexon.devcat.mm.tw,"瑪奇 Mobile"
06:00,9,com.nianticlabs.pikmin,"Pikmin Bloom"
06:00,10,com.run.tower.defense,"Kingshot"
06:00,11,com.neowizgames.game.browndust2,"棕色塵埃2- 冒汗心跳的RPG"
06:00,12,com.fun.lastwar.gp,"最後的戰爭 - Last War"
06:00,13,com.bandainamcoent.gget_WW,"SD鋼彈 G世代 永恆"
06:00,14,com.ggv.roworld.aos,"RO仙境傳説：世界之旅"
06:00,15,com.jumbo.yirufa,"包你發-王識賢、安心亞推薦休閒娛樂城-老虎機、捕魚機多款遊戲"
06:00,16,com.king.candycrushsaga,"糖果傳奇"
06:00,17,com.mergegames.gossipharbor,"緋聞港口：合併&故事"
06:00,18,com.goodluck777.panther,"金好運－戰神賽特、吉宗、捕魚機、老虎機、麻將、柏青哥"
06:00,19,com.nexon.maplem.global,"楓之谷M - 奇幻冒險MMORPG"
06:00,20,com.godgame.mj.android,"麻將 神來也麻將－台灣16張、麻雀"
06:00,21,com.moonactive.coinmaster,"Coin Master"
06:00,22,com.nexon.ma,"楓之谷：放置冒險記"
06:00,23,com.more.laozi,"老子有錢-10萬倍賽特、柏青斯洛、老虎機、爆萬倍捕魚機"
06:00,24,com.boge.lgmahjong,"嚦咕麻將-戰神賽特、古神巴風特、雷神之錘、麻將、魚機、老虎機"
06:00,25,com.grandegames.slots.dafu.casino,"大福Online- 老虎機、麻將、捕魚、柏青斯洛、拉霸娛樂城"
06:00,26,com.finger.hsgame,"豪神娛樂城-戰神賽特、麻將、捕魚、賓果、水果盤、拉霸、老虎機"
06:00,27,com.HoYoverse.hkrpgoversea,"崩壞：星穹鐵道"
06:00,28,com.sialiagames.sgzzlb.gp.tw,"三國志・戰略版"
06:00,29,com.nianticlabs.pokemongo,"Pokémon GO"
06:00,30,com.roblox.client,"Roblox"
06:00,31,tw.com.iwplay.nte,"異環"
06:00,32,com.igs.TMD,"滿貫大亨娛樂城 - 雷霆之錘II：諸神黃昏 強勢降臨！"
06:00,33,com.rekoo.pubgm,"PUBG MOBILE：絕地求生M"
06:00,34,com.igs.mjstar31,"麻將 明星3缺1麻將"
06:00,35,com.m88.idleXX,"杖劍傳說：坎斯汀之約"
06:00,36,jp.co.ponos.battlecatstw,"貓咪大戰爭"
06:00,37,jp.pokemon.pokemontcgp,"Pokémon TCG Pocket"
06:00,38,com.gamamobi.nikke,"勝利女神：妮姬"
06:00,39,com.userjoy.LetsVegasSlots,"拉斯維加斯娛樂城 (Let's Vegas Slots)"
06:00,40,com.ncsoft.lineagew,"天堂W"
06:00,41,com.xd.xdtglobal.gp,"心動小鎮"
06:00,42,com.fox.jstwgp,"青丘世界：緣起"
06:00,43,com.playrix.gardenscapes,"夢幻花園 (Gardenscapes)"
06:00,44,com.netease.yyslshmt,"燕雲十六聲"
06:00,45,com.kakaogames.twodin,"奧丁 : 神叛"
06:00,46,com.linecorp.LGRGS,"《LINE Rangers》×動畫「怪獸8號」合作活動"
06:00,47,com.readygo.barrel.gp,"Last Z：Survival Shooter（倖存者逃亡）"
06:00,48,tw.sonet.princessconnect,"超異域公主連結！Re:Dive"
06:00,49,com.netease.nshmhmt,"逆水寒"
06:00,50,com.komoe.kmumamusumegp,"賽馬娘Pretty Derby"
06:00,51,com.mover.twrxjhw,"新熱血江湖：世界"
06:00,52,com.Tonwa.Cash7,"錢街Online 雷神降臨、捕魚老虎機娛樂城"
06:00,53,com.sayyo.huga,"野蠻世界娛樂城-陳雷代言"
06:00,54,com.garena.game.df,"Garena® 三角洲行動"
06:00,55,tw.txwy.and.arknights,"明日方舟"
06:00,56,com.hkmanjuu.azurlane.gp,"碧藍航線"
06:00,57,com.fatmerge.global,"食光旅行"
06:00,58,com.devsisters.cc,"薑餅人放置大戰爭 - 餅乾養成RPG"
06:00,59,com.ltgames.android.m71.tw,"一念逍遙"
06:00,60,com.xiaomeng.fategrandorder,"Fate/Grand Order"
06:00,61,com.phstw.global,"醫起救世界：鼠裡逃生"
06:00,62,com.readygo.dark.gp,"Dark War Survival"
06:00,63,com.funplus.ts.global,"點點大作戰"
06:00,64,com.heyyogame.gd,"一個官人一個妻-8週年"
06:00,65,com.playrix.township,"夢想小鎮"
06:00,66,com.byxjy.cxx.hw,"捕魚新紀元Online - 歡樂捕魚大作戰"
06:00,67,air.tw.com.bonuswinner.bwmj16tw,"宅神爺麻將—正宗16張台灣麻將，捕魚機大獎狂噴，真人秒開桌"
06:00,68,com.fiveminlab.overgeared.hero.backpack.merge,"靠裝勇者：背包合成RPG"
06:00,69,com.percent.aos.cooptd,"同盟塔防戰：並肩作戰"
06:00,70,com.xianni.tw,"仙逆M-官方正版授權"
06:00,71,com.hollywood.merge,"好萊塢合成：星夢逆襲"
06:00,72,com.netease.sjzw.hmt,"世界之外"
06:00,73,com.com2us.ninepb3d.normal.freefull.google.global.android.common,"MLB：9局職棒26"
06:00,74,com.nexters.herowars,"勇士爭霸：群雄聯盟 - 角色扮演戰鬥多人手遊戲"
06:00,75,com.netease.eggypartyhmt,"蛋仔派對"
06:00,76,jp.co.drecom.wizardry.daphne,"Wizardry Variants Daphne"
06:00,77,com.ncsoft.lineage2mtw,"天堂2M"
06:00,78,com.gryphline.endfield.gp,"明日方舟：終末地"
06:00,79,com.tg.sc33t.tw,"生存33天"
06:00,80,com.dreamgames.royalkingdom,"Royal Kingdom"
06:00,81,com.mhclyxpb.gatja,"夢幻茶樓"
06:00,82,com.Rich.MegaRich,"大頭家娛樂城-週週新機 賽特、紅球雨、捕魚、老虎機、紅包雨"
06:00,83,com.gonline.AppBravoCasino,"角子共玩-賽特2、老虎機、柏青斯洛"
06:00,84,com.hermes.mk.asia,"世界計畫 繽紛舞台！feat. 初音未來"
06:00,85,com.floralgames.hjxp,"我的花園世界 - 玩遊戲送鮮花"
06:00,86,com.lmdgame.neostreetball.tw,"超時空街球對決"
06:00,87,com.com2us.smon.normal.freefull.google.kr.android.common,"魔靈召喚: 天空之役"
06:00,88,com.netease.idv_tw.googleplay,"第五人格"
06:00,89,com.muqiji.shark,"奇蹟MU：暴走之翼"
06:00,90,com.wjcsasia.android,"問劍長生-亞洲服"
06:00,91,com.supernova.kj.gp,"開局一座島-送真海鮮！"
06:00,92,com.ccstop.gp,"車車屍搭普"
06:00,93,com.percent.aos.luckydefense,"運氣拚輸贏"
06:00,94,com.blueplanetm.gp,"蔚藍星球：國王很忙"
06:00,95,com.greenmushroom.boomblitz.gp,"王國之歌（Top Heroes）"
06:00,96,com.garena.game.codm,"決勝時刻®: Mobile - Garena"
06:00,97,com.playrix.homescapes,"夢幻家園 (Homescapes)"
06:00,98,com.gamedots.seasideescape,"漫遊小鎮®：合併&故事"
06:00,99,com.minigame.wszj.android.gp,"無雙戰機"
06:00,100,com.szckhd.jwgly.azfanti,"叫我官老爺：八週年慶典"
06:00,101,com.xman.tw.gp,"超能戰爭"
06:00,102,com.xh.wxlh.android,"無盡輪迴：鬼域摸金"
06:00,103,com.borcht.twgp,"獸族之怒"
06:00,104,com.miHoYo.GenshinImpact,"原神·空月之歌"
06:00,105,com.dreamgames.royalmatch,"Royal Match"
06:00,106,com.devsisters.gb,"跑跑薑餅人：烤箱大逃亡"
06:00,107,com.devsisters.ck,"薑餅人王國"
06:00,108,com.ea.gp.fifamobile,"EA SPORTS FC™ 足球 Mobile 2026"
06:00,109,com.a3.topgirl.gplay,"Top Girl"
06:00,110,com.global.ztmslgtw,"末日喧囂"
06:00,111,com.dynastytk.king,"三國志KING"
06:00,112,tw.com.joybomb.pi2017,"棒球殿堂Live"
06:00,113,jp.co.mixi.monsterstrikeTW,"怪物彈珠 - RPG手機遊戲"
06:00,114,com.highbrow.games.dvo,"龍村3"
06:00,115,com.hortor.femsj.asia,"肥鵝美食街"
06:00,116,com.wxdmxtw.android,"新武俠大明星"
06:00,117,jp.co.koeitecmo.Power,"信長之野望 霸道"
06:00,118,com.cola.game,"火辣餐廳：合併&烹飪"
06:00,119,com.blizzard.diablo.immortal,"《暗黑破壞神 永生不朽》"
06:00,120,com.v20.gptw,"邪門鬼道"
06:00,121,com.wuxia.novastar,"煙雨江湖－五周年慶典風雲來襲"
06:00,122,com.billionairegames.serares,"變身傳奇"
06:00,123,com.playrix.fishdomdd.gplay,"夢幻水族箱 (Fishdom)"
06:00,124,com.fingerhero.tw.and,"救世主超忙"
06:00,125,com.haegin.playtogether,"天天玩樂園 (Play Together)"
06:00,126,com.haoplay.game.and.exilium,"少女前線2：追放"
06:00,127,com.sialiagames.xczyw.gp.tw,"信長之野望 真戰"
06:00,128,com.game.supernaturalsquad,"超自然行動組"
06:00,129,jp.co.cygames.ShadowverseWorldsBeyond,"Shadowverse: Worlds Beyond"
06:00,130,com.boyaa.androidmarket,"博雅德州撲克 texas poker Boyaa"
06:00,131,com.tg.sgzhd.tw,"時光雜貨店"
06:00,132,com.miHoYo.tot.cht,"未定事件簿"
06:00,133,com.justgame.jails,"可獄不可囚"
06:00,134,com.aceclub.tw,"王牌俱樂部-戰神賽特2、赤三國、柏青、雷神、麻將、捕魚機"
06:00,135,com.cedargames.mysterytown,"迷霧小鎮: 合成遊戲 (Mystery Town)"
06:00,136,com.ageofempiresmobile.tw,"世紀帝國M"
06:00,137,com.onepunchman.ggplay.tw,"一拳超人：最強之男—特別篇"
06:00,138,com.sialiagames.szgd.gp.tw,"救世者之樹：新世界"
06:00,139,com.congjie.gptw,"從前有條街"
06:00,140,jp.konami.pesam,"eFootball™"
06:00,141,com.play.rosea,"RO仙境傳說：新世代的誕生"
06:00,142,com.habby.capybara,"卡皮巴拉 Go!"
06:00,143,com.f2cz.gptw,"天命：六道輪迴"
06:00,144,com.com2us.futuremlb.android.google.global.normal,"MLB 9局職棒 勁旅對決 26"
06:00,145,com.xone.gptw,"江湖有詭"
06:00,146,com.igs.fafafa,"金猴爺娛樂城-街機捕魚遊戲"
06:00,147,com.supercell.brawlstars,"荒野亂鬥"
06:00,148,com.yzzg.mdgame,"暗影紀元-魔幻冒险之旅"
06:00,149,com.global.sgdbztw,"時光大爆炸"
06:00,150,com.newtypegames.dl2hmt,"極無雙2"
06:00,151,com.twv1.twgp,"練氣3000層：墮落女帝逼我飛升"
06:00,152,io.randomco.travel,"Travel Town - Merge Adventure"
06:00,153,com.tg.ysczg.tw,"雲上城之歌：勇者再出發"
06:00,154,com.supercell.clashofclans,"部落衝突 (Clash of Clans)"
06:00,155,com.gearpaw.defenders.td.game,"齒輪獸衛隊"
06:00,156,com.longe.racehmt,"巔峰極速"
06:00,157,com.igg.android.doomsdaylastsurvivors,"黎明再現：奧德修斯歸來"
06:00,158,com.netmarble.thered,"VAMPIR：血之繼承者"
06:00,159,com.netease.mrzhtw,"明日之後"
06:00,160,com.gtyyjlfz.az,"永夜降臨：雙面魅影"
06:00,161,com.tgc.sky.android,"Sky光·遇"
06:00,162,com.scopely.monopolygo,"MONOPOLY GO! (大富翁 GO!)"
06:00,163,com.yzlm.tw.and,"勇者來開團"
06:00,164,com.hanbitsoft.gemtw.google,"王者之劍M"
06:00,165,com.dena.a12026418,"Pokémon Masters EX"
06:00,166,com.netmarble.raven2,"RAVEN2：渡鴉"
06:00,167,com.pandadagames.ninja.global,"忍者必須死-全球版"
06:00,168,com.playhit.our.kof,"拳皇98 終極之戰OL"
06:00,169,com.and.gt.snhl,"少女喚靈"
06:00,170,com.xq.archeroii,"弓箭傳說2"
06:00,171,com.madhead.tos.zh,"神魔之塔"
06:00,172,com.moonactive.cmboard,"Coin Master - Board Adventure"
06:00,173,com.gm99.dzg,"叫我大掌櫃:原創正版古風經營"
06:00,174,com.wildcaly.chbaseball.jkt,"MLB 制勝時刻 26"
06:00,175,com.hygame.ssfh.tw.gp,"盛世芳華"
06:00,176,com.topwar.gp,"口袋奇兵（Top War）-超休閒的策略遊戲"
06:00,177,com.merge.cooking.theme.restaurant.food,"摩奇料理 主題餐廳"
06:00,178,com.whalejoy.horrorstory.gp,"誰來救救我"
06:00,179,com.userjoy.sgc,"三國群英傳M"
06:00,180,defense.roguelike.cell.shoot.survivor,"細胞保衛戰"
06:00,181,com.mobile.legends,"Mobile Legends: Bang Bang"
06:00,182,com.cookapps.catshinobi,"忍者喵喵：保衛村莊-美少女肉鴿策略塔防動作RPG"
06:00,183,com.nexon.kart,"跑跑卡丁車 Rush+"
06:00,184,com.cyberjoy.galaxydefense,"太空防禦(Galaxy Defense)"
06:00,185,com.linecorp.LGBB2,"LINE Bubble 2"
06:00,186,tw.com.iwplay.pwm,"完美世界M"
06:00,187,com.netmarble.revolutionthm,"天堂2：革命"
06:00,188,jp.boi.mementomori.android,"MementoMori"
06:00,189,com.bluepotiongames.eosm.google.tw,"靈境殺戮"
06:00,190,com.puzzle.impact.hero,"暗影英雄：突襲"
06:00,191,com.slg.savagesurvival,"野蠻生存錄:侏羅紀"
06:00,192,twgame.global.acers,"九萬畝"
06:00,193,com.gravityus.romtwzeny.aos,"RO仙境傳說：守護永恆的愛 Classic"
06:00,194,com.ddup.zombiewaves.zw,"喪屍狂潮"
06:00,195,com.mxdzz.tw.and,"菇勇者傳說"
06:00,196,com.agame.hmt.gp,"主公快逃：歡樂擰螺絲"
06:00,197,com.pixonic.wwr,"機甲戰隊 War Robots"
06:00,198,com.godgame.texasholdem.android,"德州撲克 神來也德州撲克(Texas Poker)"
06:00,199,com.gear2.growslayer,"獵魔者傳說 (Slayer Legend)"
06:00,200,xyz.lightgame.tuantuan,"馬賽克騎士團：放置冒險RPG"
07:00,1,game.xin.hd.g,"星城-歡慶77幸運日"
07:00,2,com.gamania.lineagem,"天堂M"
07:00,3,game.qualiarts.hololive.dreams.com,"hololive Dreams"
07:00,4,com.HoYoverse.Nap,"絕區零 - 週年慶"
07:00,5,com.gof.global,"寒霜啟示錄"
07:00,6,com.garena.game.kgtw,"Garena 傳說對決：膽大黨聯動開啟！"
07:00,7,com.kurogame.wutheringwaves.global,"鳴潮 - 前往玄方地界"
07:00,8,com.nexon.devcat.mm.tw,"瑪奇 Mobile"
07:00,9,com.nianticlabs.pikmin,"Pikmin Bloom"
07:00,10,com.run.tower.defense,"Kingshot"
07:00,11,com.neowizgames.game.browndust2,"棕色塵埃2- 冒汗心跳的RPG"
07:00,12,com.fun.lastwar.gp,"最後的戰爭 - Last War"
07:00,13,com.bandainamcoent.gget_WW,"SD鋼彈 G世代 永恆"
07:00,14,com.ggv.roworld.aos,"RO仙境傳説：世界之旅"
07:00,15,com.jumbo.yirufa,"包你發-王識賢、安心亞推薦休閒娛樂城-老虎機、捕魚機多款遊戲"
07:00,16,com.king.candycrushsaga,"糖果傳奇"
07:00,17,com.mergegames.gossipharbor,"緋聞港口：合併&故事"
07:00,18,com.goodluck777.panther,"金好運－戰神賽特、吉宗、捕魚機、老虎機、麻將、柏青哥"
07:00,19,com.godgame.mj.android,"麻將 神來也麻將－台灣16張、麻雀"
07:00,20,com.nexon.maplem.global,"楓之谷M - 奇幻冒險MMORPG"
07:00,21,com.more.laozi,"老子有錢-10萬倍賽特、柏青斯洛、老虎機、爆萬倍捕魚機"
07:00,22,com.boge.lgmahjong,"嚦咕麻將-戰神賽特、古神巴風特、雷神之錘、麻將、魚機、老虎機"
07:00,23,com.moonactive.coinmaster,"Coin Master"
07:00,24,com.nexon.ma,"楓之谷：放置冒險記"
07:00,25,com.grandegames.slots.dafu.casino,"大福Online- 老虎機、麻將、捕魚、柏青斯洛、拉霸娛樂城"
07:00,26,com.finger.hsgame,"豪神娛樂城-戰神賽特、麻將、捕魚、賓果、水果盤、拉霸、老虎機"
07:00,27,com.HoYoverse.hkrpgoversea,"崩壞：星穹鐵道"
07:00,28,com.sialiagames.sgzzlb.gp.tw,"三國志・戰略版"
07:00,29,com.nianticlabs.pokemongo,"Pokémon GO"
07:00,30,com.igs.mjstar31,"麻將 明星3缺1麻將"
07:00,31,com.roblox.client,"Roblox"
07:00,32,tw.com.iwplay.nte,"異環"
07:00,33,com.igs.TMD,"滿貫大亨娛樂城 - 雷霆之錘II：諸神黃昏 強勢降臨！"
07:00,34,com.rekoo.pubgm,"PUBG MOBILE：絕地求生M"
07:00,35,com.m88.idleXX,"杖劍傳說：坎斯汀之約"
07:00,36,jp.co.ponos.battlecatstw,"貓咪大戰爭"
07:00,37,com.gamamobi.nikke,"勝利女神：妮姬"
07:00,38,jp.pokemon.pokemontcgp,"Pokémon TCG Pocket"
07:00,39,com.ncsoft.lineagew,"天堂W"
07:00,40,com.userjoy.LetsVegasSlots,"拉斯維加斯娛樂城 (Let's Vegas Slots)"
07:00,41,com.xd.xdtglobal.gp,"心動小鎮"
07:00,42,com.fox.jstwgp,"青丘世界：緣起"
07:00,43,com.playrix.gardenscapes,"夢幻花園 (Gardenscapes)"
07:00,44,com.netease.yyslshmt,"燕雲十六聲"
07:00,45,com.kakaogames.twodin,"奧丁 : 神叛"
07:00,46,com.linecorp.LGRGS,"《LINE Rangers》×動畫「怪獸8號」合作活動"
07:00,47,com.readygo.barrel.gp,"Last Z：Survival Shooter（倖存者逃亡）"
07:00,48,tw.sonet.princessconnect,"超異域公主連結！Re:Dive"
07:00,49,com.netease.nshmhmt,"逆水寒"
07:00,50,com.komoe.kmumamusumegp,"賽馬娘Pretty Derby"
07:00,51,com.mover.twrxjhw,"新熱血江湖：世界"
07:00,52,com.Tonwa.Cash7,"錢街Online 雷神降臨、捕魚老虎機娛樂城"
07:00,53,com.sayyo.huga,"野蠻世界娛樂城-陳雷代言"
07:00,54,tw.txwy.and.arknights,"明日方舟"
07:00,55,com.garena.game.df,"Garena® 三角洲行動"
07:00,56,com.hkmanjuu.azurlane.gp,"碧藍航線"
07:00,57,com.fatmerge.global,"食光旅行"
07:00,58,com.devsisters.cc,"薑餅人放置大戰爭 - 餅乾養成RPG"
07:00,59,com.ltgames.android.m71.tw,"一念逍遙"
07:00,60,com.xiaomeng.fategrandorder,"Fate/Grand Order"
07:00,61,com.phstw.global,"醫起救世界：鼠裡逃生"
07:00,62,com.readygo.dark.gp,"Dark War Survival"
07:00,63,com.heyyogame.gd,"一個官人一個妻-8週年"
07:00,64,air.tw.com.bonuswinner.bwmj16tw,"宅神爺麻將—正宗16張台灣麻將，捕魚機大獎狂噴，真人秒開桌"
07:00,65,com.funplus.ts.global,"點點大作戰"
07:00,66,com.xianni.tw,"仙逆M-官方正版授權"
07:00,67,com.playrix.township,"夢想小鎮"
07:00,68,com.byxjy.cxx.hw,"捕魚新紀元Online - 歡樂捕魚大作戰"
07:00,69,com.fiveminlab.overgeared.hero.backpack.merge,"靠裝勇者：背包合成RPG"
07:00,70,com.percent.aos.cooptd,"同盟塔防戰：並肩作戰"
07:00,71,com.hollywood.merge,"好萊塢合成：星夢逆襲"
07:00,72,com.netease.sjzw.hmt,"世界之外"
07:00,73,com.com2us.ninepb3d.normal.freefull.google.global.android.common,"MLB：9局職棒26"
07:00,74,com.nexters.herowars,"勇士爭霸：群雄聯盟 - 角色扮演戰鬥多人手遊戲"
07:00,75,com.tg.sc33t.tw,"生存33天"
07:00,76,com.netease.eggypartyhmt,"蛋仔派對"
07:00,77,jp.co.drecom.wizardry.daphne,"Wizardry Variants Daphne"
07:00,78,com.ncsoft.lineage2mtw,"天堂2M"
07:00,79,com.gryphline.endfield.gp,"明日方舟：終末地"
07:00,80,com.mhclyxpb.gatja,"夢幻茶樓"
07:00,81,com.lmdgame.neostreetball.tw,"超時空街球對決"
07:00,82,com.Rich.MegaRich,"大頭家娛樂城-週週新機 賽特、紅球雨、捕魚、老虎機、紅包雨"
07:00,83,com.floralgames.hjxp,"我的花園世界 - 玩遊戲送鮮花"
07:00,84,com.dreamgames.royalkingdom,"Royal Kingdom"
07:00,85,com.gonline.AppBravoCasino,"角子共玩-賽特2、老虎機、柏青斯洛"
07:00,86,com.hermes.mk.asia,"世界計畫 繽紛舞台！feat. 初音未來"
07:00,87,com.netease.idv_tw.googleplay,"第五人格"
07:00,88,com.com2us.smon.normal.freefull.google.kr.android.common,"魔靈召喚: 天空之役"
07:00,89,com.muqiji.shark,"奇蹟MU：暴走之翼"
07:00,90,com.wjcsasia.android,"問劍長生-亞洲服"
07:00,91,com.supernova.kj.gp,"開局一座島-送真海鮮！"
07:00,92,com.ccstop.gp,"車車屍搭普"
07:00,93,com.percent.aos.luckydefense,"運氣拚輸贏"
07:00,94,com.blueplanetm.gp,"蔚藍星球：國王很忙"
07:00,95,com.greenmushroom.boomblitz.gp,"王國之歌（Top Heroes）"
07:00,96,com.garena.game.codm,"決勝時刻®: Mobile - Garena"
07:00,97,com.miHoYo.GenshinImpact,"原神·空月之歌"
07:00,98,com.playrix.homescapes,"夢幻家園 (Homescapes)"
07:00,99,com.gamedots.seasideescape,"漫遊小鎮®：合併&故事"
07:00,100,com.minigame.wszj.android.gp,"無雙戰機"
07:00,101,com.szckhd.jwgly.azfanti,"叫我官老爺：八週年慶典"
07:00,102,com.borcht.twgp,"獸族之怒"
07:00,103,com.xman.tw.gp,"超能戰爭"
07:00,104,com.xh.wxlh.android,"無盡輪迴：鬼域摸金"
07:00,105,com.devsisters.gb,"跑跑薑餅人：烤箱大逃亡"
07:00,106,com.dreamgames.royalmatch,"Royal Match"
07:00,107,com.devsisters.ck,"薑餅人王國"
07:00,108,com.ea.gp.fifamobile,"EA SPORTS FC™ 足球 Mobile 2026"
07:00,109,com.a3.topgirl.gplay,"Top Girl"
07:00,110,com.global.ztmslgtw,"末日喧囂"
07:00,111,com.fingerhero.tw.and,"救世主超忙"
07:00,112,com.dynastytk.king,"三國志KING"
07:00,113,tw.com.joybomb.pi2017,"棒球殿堂Live"
07:00,114,jp.co.mixi.monsterstrikeTW,"怪物彈珠 - RPG手機遊戲"
07:00,115,com.highbrow.games.dvo,"龍村3"
07:00,116,com.hortor.femsj.asia,"肥鵝美食街"
07:00,117,com.wxdmxtw.android,"新武俠大明星"
07:00,118,jp.co.koeitecmo.Power,"信長之野望 霸道"
07:00,119,com.cola.game,"火辣餐廳：合併&烹飪"
07:00,120,com.blizzard.diablo.immortal,"《暗黑破壞神 永生不朽》"
07:00,121,com.v20.gptw,"邪門鬼道"
07:00,122,com.wuxia.novastar,"煙雨江湖－五周年慶典風雲來襲"
07:00,123,com.billionairegames.serares,"變身傳奇"
07:00,124,com.sialiagames.xczyw.gp.tw,"信長之野望 真戰"
07:00,125,com.playrix.fishdomdd.gplay,"夢幻水族箱 (Fishdom)"
07:00,126,com.haegin.playtogether,"天天玩樂園 (Play Together)"
07:00,127,com.haoplay.game.and.exilium,"少女前線2：追放"
07:00,128,com.boyaa.androidmarket,"博雅德州撲克 texas poker Boyaa"
07:00,129,com.ageofempiresmobile.tw,"世紀帝國M"
07:00,130,com.game.supernaturalsquad,"超自然行動組"
07:00,131,jp.co.cygames.ShadowverseWorldsBeyond,"Shadowverse: Worlds Beyond"
07:00,132,com.tg.sgzhd.tw,"時光雜貨店"
07:00,133,com.miHoYo.tot.cht,"未定事件簿"
07:00,134,com.justgame.jails,"可獄不可囚"
07:00,135,com.congjie.gptw,"從前有條街"
07:00,136,com.aceclub.tw,"王牌俱樂部-戰神賽特2、赤三國、柏青、雷神、麻將、捕魚機"
07:00,137,com.cedargames.mysterytown,"迷霧小鎮: 合成遊戲 (Mystery Town)"
07:00,138,com.sialiagames.szgd.gp.tw,"救世者之樹：新世界"
07:00,139,com.com2us.futuremlb.android.google.global.normal,"MLB 9局職棒 勁旅對決 26"
07:00,140,com.onepunchman.ggplay.tw,"一拳超人：最強之男—特別篇"
07:00,141,com.f2cz.gptw,"天命：六道輪迴"
07:00,142,jp.konami.pesam,"eFootball™"
07:00,143,com.play.rosea,"RO仙境傳說：新世代的誕生"
07:00,144,com.habby.capybara,"卡皮巴拉 Go!"
07:00,145,com.yzzg.mdgame,"暗影紀元-魔幻冒险之旅"
07:00,146,com.global.sgdbztw,"時光大爆炸"
07:00,147,com.xone.gptw,"江湖有詭"
07:00,148,com.igs.fafafa,"金猴爺娛樂城-街機捕魚遊戲"
07:00,149,com.supercell.brawlstars,"荒野亂鬥"
07:00,150,com.newtypegames.dl2hmt,"極無雙2"
07:00,151,com.twv1.twgp,"練氣3000層：墮落女帝逼我飛升"
07:00,152,com.longe.racehmt,"巔峰極速"
07:00,153,io.randomco.travel,"Travel Town - Merge Adventure"
07:00,154,com.netease.mrzhtw,"明日之後"
07:00,155,com.gtyyjlfz.az,"永夜降臨：雙面魅影"
07:00,156,com.tg.ysczg.tw,"雲上城之歌：勇者再出發"
07:00,157,com.supercell.clashofclans,"部落衝突 (Clash of Clans)"
07:00,158,com.gearpaw.defenders.td.game,"齒輪獸衛隊"
07:00,159,com.igg.android.doomsdaylastsurvivors,"黎明再現：奧德修斯歸來"
07:00,160,com.netmarble.thered,"VAMPIR：血之繼承者"
07:00,161,com.tgc.sky.android,"Sky光·遇"
07:00,162,com.scopely.monopolygo,"MONOPOLY GO! (大富翁 GO!)"
07:00,163,com.yzlm.tw.and,"勇者來開團"
07:00,164,com.hanbitsoft.gemtw.google,"王者之劍M"
07:00,165,com.dena.a12026418,"Pokémon Masters EX"
07:00,166,com.netmarble.raven2,"RAVEN2：渡鴉"
07:00,167,com.gm99.dzg,"叫我大掌櫃:原創正版古風經營"
07:00,168,com.pandadagames.ninja.global,"忍者必須死-全球版"
07:00,169,com.playhit.our.kof,"拳皇98 終極之戰OL"
07:00,170,com.and.gt.snhl,"少女喚靈"
07:00,171,com.xq.archeroii,"弓箭傳說2"
07:00,172,com.madhead.tos.zh,"神魔之塔"
07:00,173,com.moonactive.cmboard,"Coin Master - Board Adventure"
07:00,174,com.topwar.gp,"口袋奇兵（Top War）-超休閒的策略遊戲"
07:00,175,com.whalejoy.horrorstory.gp,"誰來救救我"
07:00,176,com.wildcaly.chbaseball.jkt,"MLB 制勝時刻 26"
07:00,177,com.hygame.ssfh.tw.gp,"盛世芳華"
07:00,178,com.merge.cooking.theme.restaurant.food,"摩奇料理 主題餐廳"
07:00,179,com.userjoy.sgc,"三國群英傳M"
07:00,180,defense.roguelike.cell.shoot.survivor,"細胞保衛戰"
07:00,181,com.mobile.legends,"Mobile Legends: Bang Bang"
07:00,182,com.cookapps.catshinobi,"忍者喵喵：保衛村莊-美少女肉鴿策略塔防動作RPG"
07:00,183,tw.com.iwplay.pwm,"完美世界M"
07:00,184,com.nexon.kart,"跑跑卡丁車 Rush+"
07:00,185,com.cyberjoy.galaxydefense,"太空防禦(Galaxy Defense)"
07:00,186,com.linecorp.LGBB2,"LINE Bubble 2"
07:00,187,com.bluepotiongames.eosm.google.tw,"靈境殺戮"
07:00,188,com.agame.hmt.gp,"主公快逃：歡樂擰螺絲"
07:00,189,com.onmyoji.hmt2,"陰陽師Onmyoji"
07:00,190,com.netmarble.revolutionthm,"天堂2：革命"
07:00,191,jp.boi.mementomori.android,"MementoMori"
07:00,192,com.puzzle.impact.hero,"暗影英雄：突襲"
07:00,193,com.ddup.zombiewaves.zw,"喪屍狂潮"
07:00,194,com.slg.savagesurvival,"野蠻生存錄:侏羅紀"
07:00,195,com.sanguosp.twgp,"侍寢三國志"
07:00,196,com.soulgamechst.majsoul,"雀魂麻將"
07:00,197,twgame.global.acers,"九萬畝"
07:00,198,com.tphmu.xnkrsyq,"清珩傳"
07:00,199,com.gravityus.romtwzeny.aos,"RO仙境傳說：守護永恆的愛 Classic"
07:00,200,com.mxdzz.tw.and,"菇勇者傳說"
08:00,1,game.xin.hd.g,"星城-歡慶77幸運日"
08:00,2,com.gamania.lineagem,"天堂M"
08:00,3,game.qualiarts.hololive.dreams.com,"hololive Dreams"
08:00,4,com.HoYoverse.Nap,"絕區零 - 週年慶"
08:00,5,com.gof.global,"寒霜啟示錄"
08:00,6,com.garena.game.kgtw,"Garena 傳說對決：膽大黨聯動開啟！"
08:00,7,com.kurogame.wutheringwaves.global,"鳴潮 - 前往玄方地界"
08:00,8,com.nexon.devcat.mm.tw,"瑪奇 Mobile"
08:00,9,com.nianticlabs.pikmin,"Pikmin Bloom"
08:00,10,com.run.tower.defense,"Kingshot"
08:00,11,com.neowizgames.game.browndust2,"棕色塵埃2- 冒汗心跳的RPG"
08:00,12,com.fun.lastwar.gp,"最後的戰爭 - Last War"
08:00,13,com.bandainamcoent.gget_WW,"SD鋼彈 G世代 永恆"
08:00,14,com.ggv.roworld.aos,"RO仙境傳説：世界之旅"
08:00,15,com.jumbo.yirufa,"包你發-王識賢、安心亞推薦休閒娛樂城-老虎機、捕魚機多款遊戲"
08:00,16,com.king.candycrushsaga,"糖果傳奇"
08:00,17,com.mergegames.gossipharbor,"緋聞港口：合併&故事"
08:00,18,com.goodluck777.panther,"金好運－戰神賽特、吉宗、捕魚機、老虎機、麻將、柏青哥"
08:00,19,com.godgame.mj.android,"麻將 神來也麻將－台灣16張、麻雀"
08:00,20,com.nexon.maplem.global,"楓之谷M - 奇幻冒險MMORPG"
08:00,21,com.more.laozi,"老子有錢-10萬倍賽特、柏青斯洛、老虎機、爆萬倍捕魚機"
08:00,22,com.boge.lgmahjong,"嚦咕麻將-戰神賽特、古神巴風特、雷神之錘、麻將、魚機、老虎機"
08:00,23,com.moonactive.coinmaster,"Coin Master"
08:00,24,com.nexon.ma,"楓之谷：放置冒險記"
08:00,25,com.grandegames.slots.dafu.casino,"大福Online- 老虎機、麻將、捕魚、柏青斯洛、拉霸娛樂城"
08:00,26,com.finger.hsgame,"豪神娛樂城-戰神賽特、麻將、捕魚、賓果、水果盤、拉霸、老虎機"
08:00,27,com.HoYoverse.hkrpgoversea,"崩壞：星穹鐵道"
08:00,28,com.sialiagames.sgzzlb.gp.tw,"三國志・戰略版"
08:00,29,com.nianticlabs.pokemongo,"Pokémon GO"
08:00,30,com.igs.mjstar31,"麻將 明星3缺1麻將"
08:00,31,com.roblox.client,"Roblox"
08:00,32,tw.com.iwplay.nte,"異環"
08:00,33,com.igs.TMD,"滿貫大亨娛樂城 - 雷霆之錘II：諸神黃昏 強勢降臨！"
08:00,34,com.rekoo.pubgm,"PUBG MOBILE：絕地求生M"
08:00,35,com.m88.idleXX,"杖劍傳說：坎斯汀之約"
08:00,36,jp.co.ponos.battlecatstw,"貓咪大戰爭"
08:00,37,com.gamamobi.nikke,"勝利女神：妮姬"
08:00,38,jp.pokemon.pokemontcgp,"Pokémon TCG Pocket"
08:00,39,com.ncsoft.lineagew,"天堂W"
08:00,40,com.userjoy.LetsVegasSlots,"拉斯維加斯娛樂城 (Let's Vegas Slots)"
08:00,41,com.fox.jstwgp,"青丘世界：緣起"
08:00,42,com.xd.xdtglobal.gp,"心動小鎮"
08:00,43,com.playrix.gardenscapes,"夢幻花園 (Gardenscapes)"
08:00,44,com.netease.yyslshmt,"燕雲十六聲"
08:00,45,com.kakaogames.twodin,"奧丁 : 神叛"
08:00,46,com.linecorp.LGRGS,"《LINE Rangers》×動畫「怪獸8號」合作活動"
08:00,47,com.readygo.barrel.gp,"Last Z：Survival Shooter（倖存者逃亡）"
08:00,48,tw.sonet.princessconnect,"超異域公主連結！Re:Dive"
08:00,49,com.netease.nshmhmt,"逆水寒"
08:00,50,com.komoe.kmumamusumegp,"賽馬娘Pretty Derby"
08:00,51,com.mover.twrxjhw,"新熱血江湖：世界"
08:00,52,com.Tonwa.Cash7,"錢街Online 雷神降臨、捕魚老虎機娛樂城"
08:00,53,com.sayyo.huga,"野蠻世界娛樂城-陳雷代言"
08:00,54,tw.txwy.and.arknights,"明日方舟"
08:00,55,com.devsisters.cc,"薑餅人放置大戰爭 - 餅乾養成RPG"
08:00,56,com.garena.game.df,"Garena® 三角洲行動"
08:00,57,com.hkmanjuu.azurlane.gp,"碧藍航線"
08:00,58,com.fatmerge.global,"食光旅行"
08:00,59,com.xiaomeng.fategrandorder,"Fate/Grand Order"
08:00,60,com.ltgames.android.m71.tw,"一念逍遙"
08:00,61,com.phstw.global,"醫起救世界：鼠裡逃生"
08:00,62,com.readygo.dark.gp,"Dark War Survival"
08:00,63,com.heyyogame.gd,"一個官人一個妻-8週年"
08:00,64,air.tw.com.bonuswinner.bwmj16tw,"宅神爺麻將—正宗16張台灣麻將，捕魚機大獎狂噴，真人秒開桌"
08:00,65,com.funplus.ts.global,"點點大作戰"
08:00,66,com.xianni.tw,"仙逆M-官方正版授權"
08:00,67,com.playrix.township,"夢想小鎮"
08:00,68,com.byxjy.cxx.hw,"捕魚新紀元Online - 歡樂捕魚大作戰"
08:00,69,com.fiveminlab.overgeared.hero.backpack.merge,"靠裝勇者：背包合成RPG"
08:00,70,com.percent.aos.cooptd,"同盟塔防戰：並肩作戰"
08:00,71,com.hollywood.merge,"好萊塢合成：星夢逆襲"
08:00,72,com.netease.sjzw.hmt,"世界之外"
08:00,73,com.com2us.ninepb3d.normal.freefull.google.global.android.common,"MLB：9局職棒26"
08:00,74,com.nexters.herowars,"勇士爭霸：群雄聯盟 - 角色扮演戰鬥多人手遊戲"
08:00,75,com.netease.eggypartyhmt,"蛋仔派對"
08:00,76,com.tg.sc33t.tw,"生存33天"
08:00,77,jp.co.drecom.wizardry.daphne,"Wizardry Variants Daphne"
08:00,78,com.ncsoft.lineage2mtw,"天堂2M"
08:00,79,com.gryphline.endfield.gp,"明日方舟：終末地"
08:00,80,com.mhclyxpb.gatja,"夢幻茶樓"
08:00,81,com.lmdgame.neostreetball.tw,"超時空街球對決"
08:00,82,com.Rich.MegaRich,"大頭家娛樂城-週週新機 賽特、紅球雨、捕魚、老虎機、紅包雨"
08:00,83,com.floralgames.hjxp,"我的花園世界 - 玩遊戲送鮮花"
08:00,84,com.dreamgames.royalkingdom,"Royal Kingdom"
08:00,85,com.gonline.AppBravoCasino,"角子共玩-賽特2、老虎機、柏青斯洛"
08:00,86,com.hermes.mk.asia,"世界計畫 繽紛舞台！feat. 初音未來"
08:00,87,com.netease.idv_tw.googleplay,"第五人格"
08:00,88,com.com2us.smon.normal.freefull.google.kr.android.common,"魔靈召喚: 天空之役"
08:00,89,com.muqiji.shark,"奇蹟MU：暴走之翼"
08:00,90,com.wjcsasia.android,"問劍長生-亞洲服"
08:00,91,com.supernova.kj.gp,"開局一座島-送真海鮮！"
08:00,92,com.ccstop.gp,"車車屍搭普"
08:00,93,com.percent.aos.luckydefense,"運氣拚輸贏"
08:00,94,com.blueplanetm.gp,"蔚藍星球：國王很忙"
08:00,95,com.greenmushroom.boomblitz.gp,"王國之歌（Top Heroes）"
08:00,96,com.garena.game.codm,"決勝時刻®: Mobile - Garena"
08:00,97,com.szckhd.jwgly.azfanti,"叫我官老爺：八週年慶典"
08:00,98,com.miHoYo.GenshinImpact,"原神·空月之歌"
08:00,99,com.playrix.homescapes,"夢幻家園 (Homescapes)"
08:00,100,com.gamedots.seasideescape,"漫遊小鎮®：合併&故事"
08:00,101,com.minigame.wszj.android.gp,"無雙戰機"
08:00,102,com.borcht.twgp,"獸族之怒"
08:00,103,com.xman.tw.gp,"超能戰爭"
08:00,104,com.xh.wxlh.android,"無盡輪迴：鬼域摸金"
08:00,105,com.devsisters.gb,"跑跑薑餅人：烤箱大逃亡"
08:00,106,com.dynastytk.king,"三國志KING"
08:00,107,com.dreamgames.royalmatch,"Royal Match"
08:00,108,com.global.ztmslgtw,"末日喧囂"
08:00,109,com.devsisters.ck,"薑餅人王國"
08:00,110,com.ea.gp.fifamobile,"EA SPORTS FC™ 足球 Mobile 2026"
08:00,111,com.a3.topgirl.gplay,"Top Girl"
08:00,112,com.fingerhero.tw.and,"救世主超忙"
08:00,113,tw.com.joybomb.pi2017,"棒球殿堂Live"
08:00,114,jp.co.mixi.monsterstrikeTW,"怪物彈珠 - RPG手機遊戲"
08:00,115,com.highbrow.games.dvo,"龍村3"
08:00,116,com.hortor.femsj.asia,"肥鵝美食街"
08:00,117,com.wxdmxtw.android,"新武俠大明星"
08:00,118,jp.co.koeitecmo.Power,"信長之野望 霸道"
08:00,119,com.cola.game,"火辣餐廳：合併&烹飪"
08:00,120,com.blizzard.diablo.immortal,"《暗黑破壞神 永生不朽》"
08:00,121,com.v20.gptw,"邪門鬼道"
08:00,122,com.wuxia.novastar,"煙雨江湖－五周年慶典風雲來襲"
08:00,123,com.billionairegames.serares,"變身傳奇"
08:00,124,com.sialiagames.xczyw.gp.tw,"信長之野望 真戰"
08:00,125,com.playrix.fishdomdd.gplay,"夢幻水族箱 (Fishdom)"
08:00,126,com.haegin.playtogether,"天天玩樂園 (Play Together)"
08:00,127,com.haoplay.game.and.exilium,"少女前線2：追放"
08:00,128,com.boyaa.androidmarket,"博雅德州撲克 texas poker Boyaa"
08:00,129,com.ageofempiresmobile.tw,"世紀帝國M"
08:00,130,com.game.supernaturalsquad,"超自然行動組"
08:00,131,jp.co.cygames.ShadowverseWorldsBeyond,"Shadowverse: Worlds Beyond"
08:00,132,com.tg.sgzhd.tw,"時光雜貨店"
08:00,133,com.miHoYo.tot.cht,"未定事件簿"
08:00,134,com.justgame.jails,"可獄不可囚"
08:00,135,com.congjie.gptw,"從前有條街"
08:00,136,com.aceclub.tw,"王牌俱樂部-戰神賽特2、赤三國、柏青、雷神、麻將、捕魚機"
08:00,137,com.cedargames.mysterytown,"迷霧小鎮: 合成遊戲 (Mystery Town)"
08:00,138,com.xone.gptw,"江湖有詭"
08:00,139,com.sialiagames.szgd.gp.tw,"救世者之樹：新世界"
08:00,140,com.com2us.futuremlb.android.google.global.normal,"MLB 9局職棒 勁旅對決 26"
08:00,141,com.onepunchman.ggplay.tw,"一拳超人：最強之男—特別篇"
08:00,142,com.habby.capybara,"卡皮巴拉 Go!"
08:00,143,com.f2cz.gptw,"天命：六道輪迴"
08:00,144,jp.konami.pesam,"eFootball™"
08:00,145,com.play.rosea,"RO仙境傳說：新世代的誕生"
08:00,146,com.supercell.brawlstars,"荒野亂鬥"
08:00,147,com.yzzg.mdgame,"暗影紀元-魔幻冒险之旅"
08:00,148,com.global.sgdbztw,"時光大爆炸"
08:00,149,com.igs.fafafa,"金猴爺娛樂城-街機捕魚遊戲"
08:00,150,com.newtypegames.dl2hmt,"極無雙2"
08:00,151,com.twv1.twgp,"練氣3000層：墮落女帝逼我飛升"
08:00,152,com.longe.racehmt,"巔峰極速"
08:00,153,io.randomco.travel,"Travel Town - Merge Adventure"
08:00,154,com.netease.mrzhtw,"明日之後"
08:00,155,com.gtyyjlfz.az,"永夜降臨：雙面魅影"
08:00,156,com.tg.ysczg.tw,"雲上城之歌：勇者再出發"
08:00,157,com.supercell.clashofclans,"部落衝突 (Clash of Clans)"
08:00,158,com.gearpaw.defenders.td.game,"齒輪獸衛隊"
08:00,159,com.igg.android.doomsdaylastsurvivors,"黎明再現：奧德修斯歸來"
08:00,160,com.netmarble.thered,"VAMPIR：血之繼承者"
08:00,161,com.tgc.sky.android,"Sky光·遇"
08:00,162,com.scopely.monopolygo,"MONOPOLY GO! (大富翁 GO!)"
08:00,163,com.and.gt.snhl,"少女喚靈"
08:00,164,com.yzlm.tw.and,"勇者來開團"
08:00,165,com.hanbitsoft.gemtw.google,"王者之劍M"
08:00,166,com.dena.a12026418,"Pokémon Masters EX"
08:00,167,com.netmarble.raven2,"RAVEN2：渡鴉"
08:00,168,com.gm99.dzg,"叫我大掌櫃:原創正版古風經營"
08:00,169,com.pandadagames.ninja.global,"忍者必須死-全球版"
08:00,170,com.xjxztw.gpgat,"仙劍奇俠傳：新的開始"
08:00,171,com.playhit.our.kof,"拳皇98 終極之戰OL"
08:00,172,com.xq.archeroii,"弓箭傳說2"
08:00,173,com.madhead.tos.zh,"神魔之塔"
08:00,174,com.moonactive.cmboard,"Coin Master - Board Adventure"
08:00,175,com.topwar.gp,"口袋奇兵（Top War）-超休閒的策略遊戲"
08:00,176,com.whalejoy.horrorstory.gp,"誰來救救我"
08:00,177,com.wildcaly.chbaseball.jkt,"MLB 制勝時刻 26"
08:00,178,com.hygame.ssfh.tw.gp,"盛世芳華"
08:00,179,com.merge.cooking.theme.restaurant.food,"摩奇料理 主題餐廳"
08:00,180,com.userjoy.sgc,"三國群英傳M"
08:00,181,defense.roguelike.cell.shoot.survivor,"細胞保衛戰"
08:00,182,com.mobile.legends,"Mobile Legends: Bang Bang"
08:00,183,com.cookapps.catshinobi,"忍者喵喵：保衛村莊-美少女肉鴿策略塔防動作RPG"
08:00,184,tw.com.iwplay.pwm,"完美世界M"
08:00,185,com.nexon.kart,"跑跑卡丁車 Rush+"
08:00,186,com.cyberjoy.galaxydefense,"太空防禦(Galaxy Defense)"
08:00,187,com.linecorp.LGBB2,"LINE Bubble 2"
08:00,188,com.bluepotiongames.eosm.google.tw,"靈境殺戮"
08:00,189,com.gravityus.romtwzeny.aos,"RO仙境傳說：守護永恆的愛 Classic"
08:00,190,com.agame.hmt.gp,"主公快逃：歡樂擰螺絲"
08:00,191,com.onmyoji.hmt2,"陰陽師Onmyoji"
08:00,192,com.netmarble.revolutionthm,"天堂2：革命"
08:00,193,jp.boi.mementomori.android,"MementoMori"
08:00,194,com.puzzle.impact.hero,"暗影英雄：突襲"
08:00,195,com.ddup.zombiewaves.zw,"喪屍狂潮"
08:00,196,com.slg.savagesurvival,"野蠻生存錄:侏羅紀"
08:00,197,com.sanguosp.twgp,"侍寢三國志"
08:00,198,com.soulgamechst.majsoul,"雀魂麻將"
08:00,199,twgame.global.acers,"九萬畝"
08:00,200,com.tphmu.xnkrsyq,"清珩傳"
10:00,1,game.xin.hd.g,"星城-歡慶77幸運日"
10:00,2,com.gamania.lineagem,"天堂M"
10:00,3,game.qualiarts.hololive.dreams.com,"hololive Dreams"
10:00,4,com.HoYoverse.Nap,"絕區零 - 週年慶"
10:00,5,com.gof.global,"寒霜啟示錄"
10:00,6,com.garena.game.kgtw,"Garena 傳說對決：膽大黨聯動開啟！"
10:00,7,com.kurogame.wutheringwaves.global,"鳴潮 - 前往玄方地界"
10:00,8,com.nexon.devcat.mm.tw,"瑪奇 Mobile"
10:00,9,com.nianticlabs.pikmin,"Pikmin Bloom"
10:00,10,com.run.tower.defense,"Kingshot"
10:00,11,com.neowizgames.game.browndust2,"棕色塵埃2- 冒汗心跳的RPG"
10:00,12,com.fun.lastwar.gp,"最後的戰爭 - Last War"
10:00,13,com.jumbo.yirufa,"包你發-王識賢、安心亞推薦休閒娛樂城-老虎機、捕魚機多款遊戲"
10:00,14,com.bandainamcoent.gget_WW,"SD鋼彈 G世代 永恆"
10:00,15,com.ggv.roworld.aos,"RO仙境傳説：世界之旅"
10:00,16,com.king.candycrushsaga,"糖果傳奇"
10:00,17,com.mergegames.gossipharbor,"緋聞港口：合併&故事"
10:00,18,com.goodluck777.panther,"金好運－戰神賽特、吉宗、捕魚機、老虎機、麻將、柏青哥"
10:00,19,com.godgame.mj.android,"麻將 神來也麻將－台灣16張、麻雀"
10:00,20,com.nexon.maplem.global,"楓之谷M - 奇幻冒險MMORPG"
10:00,21,com.more.laozi,"老子有錢-10萬倍賽特、柏青斯洛、老虎機、爆萬倍捕魚機"
10:00,22,com.moonactive.coinmaster,"Coin Master"
10:00,23,com.boge.lgmahjong,"嚦咕麻將-戰神賽特、古神巴風特、雷神之錘、麻將、魚機、老虎機"
10:00,24,com.nexon.ma,"楓之谷：放置冒險記"
10:00,25,com.finger.hsgame,"豪神娛樂城-戰神賽特、麻將、捕魚、賓果、水果盤、拉霸、老虎機"
10:00,26,com.grandegames.slots.dafu.casino,"大福Online- 老虎機、麻將、捕魚、柏青斯洛、拉霸娛樂城"
10:00,27,com.HoYoverse.hkrpgoversea,"崩壞：星穹鐵道"
10:00,28,com.sialiagames.sgzzlb.gp.tw,"三國志・戰略版"
10:00,29,com.nianticlabs.pokemongo,"Pokémon GO"
10:00,30,com.igs.mjstar31,"麻將 明星3缺1麻將"
10:00,31,com.roblox.client,"Roblox"
10:00,32,com.igs.TMD,"滿貫大亨娛樂城 - 雷霆之錘II：諸神黃昏 強勢降臨！"
10:00,33,tw.com.iwplay.nte,"異環"
10:00,34,com.rekoo.pubgm,"PUBG MOBILE：絕地求生M"
10:00,35,com.m88.idleXX,"杖劍傳說：坎斯汀之約"
10:00,36,jp.co.ponos.battlecatstw,"貓咪大戰爭"
10:00,37,com.gamamobi.nikke,"勝利女神：妮姬"
10:00,38,jp.pokemon.pokemontcgp,"Pokémon TCG Pocket"
10:00,39,com.userjoy.LetsVegasSlots,"拉斯維加斯娛樂城 (Let's Vegas Slots)"
10:00,40,com.fox.jstwgp,"青丘世界：緣起"
10:00,41,com.ncsoft.lineagew,"天堂W"
10:00,42,com.xd.xdtglobal.gp,"心動小鎮"
10:00,43,com.netease.yyslshmt,"燕雲十六聲"
10:00,44,com.kakaogames.twodin,"奧丁 : 神叛"
10:00,45,com.playrix.gardenscapes,"夢幻花園 (Gardenscapes)"
10:00,46,com.linecorp.LGRGS,"《LINE Rangers》×動畫「怪獸8號」合作活動"
10:00,47,com.readygo.barrel.gp,"Last Z：Survival Shooter（倖存者逃亡）"
10:00,48,com.netease.nshmhmt,"逆水寒"
10:00,49,tw.sonet.princessconnect,"超異域公主連結！Re:Dive"
10:00,50,com.komoe.kmumamusumegp,"賽馬娘Pretty Derby"
10:00,51,com.mover.twrxjhw,"新熱血江湖：世界"
10:00,52,com.Tonwa.Cash7,"錢街Online 雷神降臨、捕魚老虎機娛樂城"
10:00,53,com.devsisters.cc,"薑餅人放置大戰爭 - 餅乾養成RPG"
10:00,54,com.sayyo.huga,"野蠻世界娛樂城-陳雷代言"
10:00,55,tw.txwy.and.arknights,"明日方舟"
10:00,56,com.garena.game.df,"Garena® 三角洲行動"
10:00,57,com.fatmerge.global,"食光旅行"
10:00,58,com.hkmanjuu.azurlane.gp,"碧藍航線"
10:00,59,com.ltgames.android.m71.tw,"一念逍遙"
10:00,60,com.xiaomeng.fategrandorder,"Fate/Grand Order"
10:00,61,com.phstw.global,"醫起救世界：鼠裡逃生"
10:00,62,com.readygo.dark.gp,"Dark War Survival"
10:00,63,com.heyyogame.gd,"一個官人一個妻-8週年"
10:00,64,air.tw.com.bonuswinner.bwmj16tw,"宅神爺麻將—正宗16張台灣麻將，捕魚機大獎狂噴，真人秒開桌"
10:00,65,com.funplus.ts.global,"點點大作戰"
10:00,66,com.byxjy.cxx.hw,"捕魚新紀元Online - 歡樂捕魚大作戰"
10:00,67,com.xianni.tw,"仙逆M-官方正版授權"
10:00,68,com.playrix.township,"夢想小鎮"
10:00,69,com.com2us.ninepb3d.normal.freefull.google.global.android.common,"MLB：9局職棒26"
10:00,70,com.percent.aos.cooptd,"同盟塔防戰：並肩作戰"
10:00,71,com.fiveminlab.overgeared.hero.backpack.merge,"靠裝勇者：背包合成RPG"
10:00,72,com.hollywood.merge,"好萊塢合成：星夢逆襲"
10:00,73,com.netease.sjzw.hmt,"世界之外"
10:00,74,com.nexters.herowars,"勇士爭霸：群雄聯盟 - 角色扮演戰鬥多人手遊戲"
10:00,75,com.netease.eggypartyhmt,"蛋仔派對"
10:00,76,com.tg.sc33t.tw,"生存33天"
10:00,77,jp.co.drecom.wizardry.daphne,"Wizardry Variants Daphne"
10:00,78,com.gryphline.endfield.gp,"明日方舟：終末地"
10:00,79,com.ncsoft.lineage2mtw,"天堂2M"
10:00,80,com.mhclyxpb.gatja,"夢幻茶樓"
10:00,81,com.lmdgame.neostreetball.tw,"超時空街球對決"
10:00,82,com.Rich.MegaRich,"大頭家娛樂城-週週新機 賽特、紅球雨、捕魚、老虎機、紅包雨"
10:00,83,com.floralgames.hjxp,"我的花園世界 - 玩遊戲送鮮花"
10:00,84,com.hermes.mk.asia,"世界計畫 繽紛舞台！feat. 初音未來"
10:00,85,com.dreamgames.royalkingdom,"Royal Kingdom"
10:00,86,com.gonline.AppBravoCasino,"角子共玩-賽特2、老虎機、柏青斯洛"
10:00,87,com.com2us.smon.normal.freefull.google.kr.android.common,"魔靈召喚: 天空之役"
10:00,88,com.netease.idv_tw.googleplay,"第五人格"
10:00,89,com.muqiji.shark,"奇蹟MU：暴走之翼"
10:00,90,com.supernova.kj.gp,"開局一座島-送真海鮮！"
10:00,91,com.wjcsasia.android,"問劍長生-亞洲服"
10:00,92,com.percent.aos.luckydefense,"運氣拚輸贏"
10:00,93,com.ccstop.gp,"車車屍搭普"
10:00,94,com.blueplanetm.gp,"蔚藍星球：國王很忙"
10:00,95,com.garena.game.codm,"決勝時刻®: Mobile - Garena"
10:00,96,com.greenmushroom.boomblitz.gp,"王國之歌（Top Heroes）"
10:00,97,com.minigame.wszj.android.gp,"無雙戰機"
10:00,98,com.playrix.homescapes,"夢幻家園 (Homescapes)"
10:00,99,com.szckhd.jwgly.azfanti,"叫我官老爺：八週年慶典"
10:00,100,com.miHoYo.GenshinImpact,"原神·空月之歌"
10:00,101,com.gamedots.seasideescape,"漫遊小鎮®：合併&故事"
10:00,102,com.xh.wxlh.android,"無盡輪迴：鬼域摸金"
10:00,103,com.borcht.twgp,"獸族之怒"
10:00,104,com.xman.tw.gp,"超能戰爭"
10:00,105,com.dreamgames.royalmatch,"Royal Match"
10:00,106,com.devsisters.gb,"跑跑薑餅人：烤箱大逃亡"
10:00,107,com.global.ztmslgtw,"末日喧囂"
10:00,108,com.dynastytk.king,"三國志KING"
10:00,109,com.devsisters.ck,"薑餅人王國"
10:00,110,com.fingerhero.tw.and,"救世主超忙"
10:00,111,com.ea.gp.fifamobile,"EA SPORTS FC™ 足球 Mobile 2026"
10:00,112,com.a3.topgirl.gplay,"Top Girl"
10:00,113,jp.co.mixi.monsterstrikeTW,"怪物彈珠 - RPG手機遊戲"
10:00,114,tw.com.joybomb.pi2017,"棒球殿堂Live"
10:00,115,com.highbrow.games.dvo,"龍村3"
10:00,116,com.v20.gptw,"邪門鬼道"
10:00,117,com.hortor.femsj.asia,"肥鵝美食街"
10:00,118,com.wxdmxtw.android,"新武俠大明星"
10:00,119,com.blizzard.diablo.immortal,"《暗黑破壞神 永生不朽》"
10:00,120,com.cola.game,"火辣餐廳：合併&烹飪"
10:00,121,jp.co.koeitecmo.Power,"信長之野望 霸道"
10:00,122,com.wuxia.novastar,"煙雨江湖－五周年慶典風雲來襲"
10:00,123,com.billionairegames.serares,"變身傳奇"
10:00,124,com.playrix.fishdomdd.gplay,"夢幻水族箱 (Fishdom)"
10:00,125,com.haoplay.game.and.exilium,"少女前線2：追放"
10:00,126,com.sialiagames.xczyw.gp.tw,"信長之野望 真戰"
10:00,127,com.haegin.playtogether,"天天玩樂園 (Play Together)"
10:00,128,com.boyaa.androidmarket,"博雅德州撲克 texas poker Boyaa"
10:00,129,com.ageofempiresmobile.tw,"世紀帝國M"
10:00,130,com.game.supernaturalsquad,"超自然行動組"
10:00,131,com.tg.sgzhd.tw,"時光雜貨店"
10:00,132,jp.co.cygames.ShadowverseWorldsBeyond,"Shadowverse: Worlds Beyond"
10:00,133,com.justgame.jails,"可獄不可囚"
10:00,134,com.miHoYo.tot.cht,"未定事件簿"
10:00,135,com.aceclub.tw,"王牌俱樂部-戰神賽特2、赤三國、柏青、雷神、麻將、捕魚機"
10:00,136,com.congjie.gptw,"從前有條街"
10:00,137,com.cedargames.mysterytown,"迷霧小鎮: 合成遊戲 (Mystery Town)"
10:00,138,com.xone.gptw,"江湖有詭"
10:00,139,com.onepunchman.ggplay.tw,"一拳超人：最強之男—特別篇"
10:00,140,com.sialiagames.szgd.gp.tw,"救世者之樹：新世界"
10:00,141,com.com2us.futuremlb.android.google.global.normal,"MLB 9局職棒 勁旅對決 26"
10:00,142,com.habby.capybara,"卡皮巴拉 Go!"
10:00,143,com.f2cz.gptw,"天命：六道輪迴"
10:00,144,jp.konami.pesam,"eFootball™"
10:00,145,com.play.rosea,"RO仙境傳說：新世代的誕生"
10:00,146,com.newtypegames.dl2hmt,"極無雙2"
10:00,147,com.supercell.brawlstars,"荒野亂鬥"
10:00,148,com.yzzg.mdgame,"暗影紀元-魔幻冒险之旅"
10:00,149,com.global.sgdbztw,"時光大爆炸"
10:00,150,com.igs.fafafa,"金猴爺娛樂城-街機捕魚遊戲"
10:00,151,com.twv1.twgp,"練氣3000層：墮落女帝逼我飛升"
10:00,152,io.randomco.travel,"Travel Town - Merge Adventure"
10:00,153,com.longe.racehmt,"巔峰極速"
10:00,154,com.supercell.clashofclans,"部落衝突 (Clash of Clans)"
10:00,155,com.netease.mrzhtw,"明日之後"
10:00,156,com.tg.ysczg.tw,"雲上城之歌：勇者再出發"
10:00,157,com.gtyyjlfz.az,"永夜降臨：雙面魅影"
10:00,158,com.gearpaw.defenders.td.game,"齒輪獸衛隊"
10:00,159,com.netmarble.thered,"VAMPIR：血之繼承者"
10:00,160,com.scopely.monopolygo,"MONOPOLY GO! (大富翁 GO!)"
10:00,161,com.igg.android.doomsdaylastsurvivors,"黎明再現：奧德修斯歸來"
10:00,162,com.tgc.sky.android,"Sky光·遇"
10:00,163,com.and.gt.snhl,"少女喚靈"
10:00,164,com.yzlm.tw.and,"勇者來開團"
10:00,165,com.pandadagames.ninja.global,"忍者必須死-全球版"
10:00,166,com.dena.a12026418,"Pokémon Masters EX"
10:00,167,com.hanbitsoft.gemtw.google,"王者之劍M"
10:00,168,com.netmarble.raven2,"RAVEN2：渡鴉"
10:00,169,com.gm99.dzg,"叫我大掌櫃:原創正版古風經營"
10:00,170,com.xjxztw.gpgat,"仙劍奇俠傳：新的開始"
10:00,171,com.madhead.tos.zh,"神魔之塔"
10:00,172,com.playhit.our.kof,"拳皇98 終極之戰OL"
10:00,173,com.xq.archeroii,"弓箭傳說2"
10:00,174,com.moonactive.cmboard,"Coin Master - Board Adventure"
10:00,175,com.wildcaly.chbaseball.jkt,"MLB 制勝時刻 26"
10:00,176,com.topwar.gp,"口袋奇兵（Top War）-超休閒的策略遊戲"
10:00,177,com.whalejoy.horrorstory.gp,"誰來救救我"
10:00,178,com.hygame.ssfh.tw.gp,"盛世芳華"
10:00,179,com.mobile.legends,"Mobile Legends: Bang Bang"
10:00,180,com.merge.cooking.theme.restaurant.food,"摩奇料理 主題餐廳"
10:00,181,defense.roguelike.cell.shoot.survivor,"細胞保衛戰"
10:00,182,com.userjoy.sgc,"三國群英傳M"
10:00,183,com.cookapps.catshinobi,"忍者喵喵：保衛村莊-美少女肉鴿策略塔防動作RPG"
10:00,184,com.cyberjoy.galaxydefense,"太空防禦(Galaxy Defense)"
10:00,185,tw.com.iwplay.pwm,"完美世界M"
10:00,186,com.nexon.kart,"跑跑卡丁車 Rush+"
10:00,187,com.linecorp.LGBB2,"LINE Bubble 2"
10:00,188,com.bluepotiongames.eosm.google.tw,"靈境殺戮"
10:00,189,jp.boi.mementomori.android,"MementoMori"
10:00,190,com.gravityus.romtwzeny.aos,"RO仙境傳說：守護永恆的愛 Classic"
10:00,191,com.agame.hmt.gp,"主公快逃：歡樂擰螺絲"
10:00,192,com.onmyoji.hmt2,"陰陽師Onmyoji"
10:00,193,com.netmarble.revolutionthm,"天堂2：革命"
10:00,194,com.puzzle.impact.hero,"暗影英雄：突襲"
10:00,195,com.ddup.zombiewaves.zw,"喪屍狂潮"
10:00,196,twgame.global.acers,"九萬畝"
10:00,197,com.slg.savagesurvival,"野蠻生存錄:侏羅紀"
10:00,198,com.sanguosp.twgp,"侍寢三國志"
10:00,199,com.godgame.texasholdem.android,"德州撲克 神來也德州撲克(Texas Poker)"
10:00,200,com.soulgamechst.majsoul,"雀魂麻將"
13:30,1,game.xin.hd.g,"星城-歡慶77幸運日"
13:30,2,com.gamania.lineagem,"天堂M"
13:30,3,game.qualiarts.hololive.dreams.com,"hololive Dreams"
13:30,4,com.HoYoverse.Nap,"絕區零 - 週年慶"
13:30,5,com.gof.global,"寒霜啟示錄"
13:30,6,com.garena.game.kgtw,"Garena 傳說對決：膽大黨聯動開啟！"
13:30,7,com.kurogame.wutheringwaves.global,"鳴潮 - 前往玄方地界"
13:30,8,com.nexon.devcat.mm.tw,"瑪奇 Mobile"
13:30,9,com.nianticlabs.pikmin,"Pikmin Bloom"
13:30,10,com.run.tower.defense,"Kingshot"
13:30,11,com.fun.lastwar.gp,"最後的戰爭 - Last War"
13:30,12,com.neowizgames.game.browndust2,"棕色塵埃2- 冒汗心跳的RPG"
13:30,13,com.bandainamcoent.gget_WW,"SD鋼彈 G世代 永恆"
13:30,14,com.jumbo.yirufa,"包你發-王識賢、安心亞推薦休閒娛樂城-老虎機、捕魚機多款遊戲"
13:30,15,com.ggv.roworld.aos,"RO仙境傳説：世界之旅"
13:30,16,com.king.candycrushsaga,"糖果傳奇"
13:30,17,com.mergegames.gossipharbor,"緋聞港口：合併&故事"
13:30,18,com.goodluck777.panther,"金好運－戰神賽特、吉宗、捕魚機、老虎機、麻將、柏青哥"
13:30,19,com.godgame.mj.android,"麻將 神來也麻將－台灣16張、麻雀"
13:30,20,com.nexon.maplem.global,"楓之谷M - 奇幻冒險MMORPG"
13:30,21,com.more.laozi,"老子有錢-10萬倍賽特、柏青斯洛、老虎機、爆萬倍捕魚機"
13:30,22,com.boge.lgmahjong,"嚦咕麻將-戰神賽特、古神巴風特、雷神之錘、麻將、魚機、老虎機"
13:30,23,com.moonactive.coinmaster,"Coin Master"
13:30,24,com.nexon.ma,"楓之谷：放置冒險記"
13:30,25,com.finger.hsgame,"豪神娛樂城-戰神賽特、麻將、捕魚、賓果、水果盤、拉霸、老虎機"
13:30,26,com.grandegames.slots.dafu.casino,"大福Online- 老虎機、麻將、捕魚、柏青斯洛、拉霸娛樂城"
13:30,27,com.HoYoverse.hkrpgoversea,"崩壞：星穹鐵道"
13:30,28,com.sialiagames.sgzzlb.gp.tw,"三國志・戰略版"
13:30,29,com.igs.mjstar31,"麻將 明星3缺1麻將"
13:30,30,com.nianticlabs.pokemongo,"Pokémon GO"
13:30,31,com.rekoo.pubgm,"PUBG MOBILE：絕地求生M"
13:30,32,com.roblox.client,"Roblox"
13:30,33,com.igs.TMD,"滿貫大亨娛樂城 - 雷霆之錘II：諸神黃昏 強勢降臨！"
13:30,34,tw.com.iwplay.nte,"異環"
13:30,35,com.m88.idleXX,"杖劍傳說：坎斯汀之約"
13:30,36,jp.co.ponos.battlecatstw,"貓咪大戰爭"
13:30,37,com.gamamobi.nikke,"勝利女神：妮姬"
13:30,38,jp.pokemon.pokemontcgp,"Pokémon TCG Pocket"
13:30,39,com.userjoy.LetsVegasSlots,"拉斯維加斯娛樂城 (Let's Vegas Slots)"
13:30,40,com.ncsoft.lineagew,"天堂W"
13:30,41,com.fox.jstwgp,"青丘世界：緣起"
13:30,42,com.xd.xdtglobal.gp,"心動小鎮"
13:30,43,com.netease.yyslshmt,"燕雲十六聲"
13:30,44,com.kakaogames.twodin,"奧丁 : 神叛"
13:30,45,com.playrix.gardenscapes,"夢幻花園 (Gardenscapes)"
13:30,46,tw.sonet.princessconnect,"超異域公主連結！Re:Dive"
13:30,47,com.linecorp.LGRGS,"《LINE Rangers》×動畫「怪獸8號」合作活動"
13:30,48,com.komoe.kmumamusumegp,"賽馬娘Pretty Derby"
13:30,49,com.readygo.barrel.gp,"Last Z：Survival Shooter（倖存者逃亡）"
13:30,50,com.netease.nshmhmt,"逆水寒"
13:30,51,com.mover.twrxjhw,"新熱血江湖：世界"
13:30,52,com.Tonwa.Cash7,"錢街Online 雷神降臨、捕魚老虎機娛樂城"
13:30,53,com.devsisters.cc,"薑餅人放置大戰爭 - 餅乾養成RPG"
13:30,54,com.sayyo.huga,"野蠻世界娛樂城-陳雷代言"
13:30,55,tw.txwy.and.arknights,"明日方舟"
13:30,56,com.garena.game.df,"Garena® 三角洲行動"
13:30,57,com.hkmanjuu.azurlane.gp,"碧藍航線"
13:30,58,com.fatmerge.global,"食光旅行"
13:30,59,com.xiaomeng.fategrandorder,"Fate/Grand Order"
13:30,60,com.ltgames.android.m71.tw,"一念逍遙"
13:30,61,com.phstw.global,"醫起救世界：鼠裡逃生"
13:30,62,com.readygo.dark.gp,"Dark War Survival"
13:30,63,air.tw.com.bonuswinner.bwmj16tw,"宅神爺麻將—正宗16張台灣麻將，捕魚機大獎狂噴，真人秒開桌"
13:30,64,com.heyyogame.gd,"一個官人一個妻-8週年"
13:30,65,com.xianni.tw,"仙逆M-官方正版授權"
13:30,66,com.funplus.ts.global,"點點大作戰"
13:30,67,com.playrix.township,"夢想小鎮"
13:30,68,com.byxjy.cxx.hw,"捕魚新紀元Online - 歡樂捕魚大作戰"
13:30,69,com.fiveminlab.overgeared.hero.backpack.merge,"靠裝勇者：背包合成RPG"
13:30,70,com.com2us.ninepb3d.normal.freefull.google.global.android.common,"MLB：9局職棒26"
13:30,71,com.percent.aos.cooptd,"同盟塔防戰：並肩作戰"
13:30,72,com.hollywood.merge,"好萊塢合成：星夢逆襲"
13:30,73,com.netease.sjzw.hmt,"世界之外"
13:30,74,com.nexters.herowars,"勇士爭霸：群雄聯盟 - 角色扮演戰鬥多人手遊戲"
13:30,75,com.netease.eggypartyhmt,"蛋仔派對"
13:30,76,com.tg.sc33t.tw,"生存33天"
13:30,77,com.ncsoft.lineage2mtw,"天堂2M"
13:30,78,jp.co.drecom.wizardry.daphne,"Wizardry Variants Daphne"
13:30,79,com.gryphline.endfield.gp,"明日方舟：終末地"
13:30,80,com.Rich.MegaRich,"大頭家娛樂城-週週新機 賽特、紅球雨、捕魚、老虎機、紅包雨"
13:30,81,com.mhclyxpb.gatja,"夢幻茶樓"
13:30,82,com.lmdgame.neostreetball.tw,"超時空街球對決"
13:30,83,com.floralgames.hjxp,"我的花園世界 - 玩遊戲送鮮花"
13:30,84,com.dreamgames.royalkingdom,"Royal Kingdom"
13:30,85,com.gonline.AppBravoCasino,"角子共玩-賽特2、老虎機、柏青斯洛"
13:30,86,com.hermes.mk.asia,"世界計畫 繽紛舞台！feat. 初音未來"
13:30,87,com.netease.idv_tw.googleplay,"第五人格"
13:30,88,com.com2us.smon.normal.freefull.google.kr.android.common,"魔靈召喚: 天空之役"
13:30,89,com.muqiji.shark,"奇蹟MU：暴走之翼"
13:30,90,com.supernova.kj.gp,"開局一座島-送真海鮮！"
13:30,91,com.wjcsasia.android,"問劍長生-亞洲服"
13:30,92,com.ccstop.gp,"車車屍搭普"
13:30,93,com.blueplanetm.gp,"蔚藍星球：國王很忙"
13:30,94,com.percent.aos.luckydefense,"運氣拚輸贏"
13:30,95,com.garena.game.codm,"決勝時刻®: Mobile - Garena"
13:30,96,com.miHoYo.GenshinImpact,"原神·空月之歌"
13:30,97,com.greenmushroom.boomblitz.gp,"王國之歌（Top Heroes）"
13:30,98,com.szckhd.jwgly.azfanti,"叫我官老爺：八週年慶典"
13:30,99,com.minigame.wszj.android.gp,"無雙戰機"
13:30,100,com.playrix.homescapes,"夢幻家園 (Homescapes)"
13:30,101,com.gamedots.seasideescape,"漫遊小鎮®：合併&故事"
13:30,102,com.borcht.twgp,"獸族之怒"
13:30,103,com.xman.tw.gp,"超能戰爭"
13:30,104,com.xh.wxlh.android,"無盡輪迴：鬼域摸金"
13:30,105,com.dreamgames.royalmatch,"Royal Match"
13:30,106,com.a3.topgirl.gplay,"Top Girl"
13:30,107,com.devsisters.gb,"跑跑薑餅人：烤箱大逃亡"
13:30,108,com.dynastytk.king,"三國志KING"
13:30,109,com.global.ztmslgtw,"末日喧囂"
13:30,110,com.devsisters.ck,"薑餅人王國"
13:30,111,com.fingerhero.tw.and,"救世主超忙"
13:30,112,com.ea.gp.fifamobile,"EA SPORTS FC™ 足球 Mobile 2026"
13:30,113,jp.co.mixi.monsterstrikeTW,"怪物彈珠 - RPG手機遊戲"
13:30,114,tw.com.joybomb.pi2017,"棒球殿堂Live"
13:30,115,com.highbrow.games.dvo,"龍村3"
13:30,116,com.v20.gptw,"邪門鬼道"
13:30,117,com.hortor.femsj.asia,"肥鵝美食街"
13:30,118,com.wxdmxtw.android,"新武俠大明星"
13:30,119,com.blizzard.diablo.immortal,"《暗黑破壞神 永生不朽》"
13:30,120,com.cola.game,"火辣餐廳：合併&烹飪"
13:30,121,jp.co.koeitecmo.Power,"信長之野望 霸道"
13:30,122,com.wuxia.novastar,"煙雨江湖－五周年慶典風雲來襲"
13:30,123,com.billionairegames.serares,"變身傳奇"
13:30,124,com.playrix.fishdomdd.gplay,"夢幻水族箱 (Fishdom)"
13:30,125,com.haoplay.game.and.exilium,"少女前線2：追放"
13:30,126,com.sialiagames.xczyw.gp.tw,"信長之野望 真戰"
13:30,127,com.haegin.playtogether,"天天玩樂園 (Play Together)"
13:30,128,com.ageofempiresmobile.tw,"世紀帝國M"
13:30,129,com.miHoYo.tot.cht,"未定事件簿"
13:30,130,com.boyaa.androidmarket,"博雅德州撲克 texas poker Boyaa"
13:30,131,com.game.supernaturalsquad,"超自然行動組"
13:30,132,com.tg.sgzhd.tw,"時光雜貨店"
13:30,133,com.xone.gptw,"江湖有詭"
13:30,134,jp.co.cygames.ShadowverseWorldsBeyond,"Shadowverse: Worlds Beyond"
13:30,135,com.congjie.gptw,"從前有條街"
13:30,136,com.justgame.jails,"可獄不可囚"
13:30,137,com.aceclub.tw,"王牌俱樂部-戰神賽特2、赤三國、柏青、雷神、麻將、捕魚機"
13:30,138,com.cedargames.mysterytown,"迷霧小鎮: 合成遊戲 (Mystery Town)"
13:30,139,com.habby.capybara,"卡皮巴拉 Go!"
13:30,140,com.sialiagames.szgd.gp.tw,"救世者之樹：新世界"
13:30,141,com.onepunchman.ggplay.tw,"一拳超人：最強之男—特別篇"
13:30,142,com.com2us.futuremlb.android.google.global.normal,"MLB 9局職棒 勁旅對決 26"
13:30,143,com.yzzg.mdgame,"暗影紀元-魔幻冒险之旅"
13:30,144,com.f2cz.gptw,"天命：六道輪迴"
13:30,145,jp.konami.pesam,"eFootball™"
13:30,146,com.twv1.twgp,"練氣3000層：墮落女帝逼我飛升"
13:30,147,com.supercell.brawlstars,"荒野亂鬥"
13:30,148,com.play.rosea,"RO仙境傳說：新世代的誕生"
13:30,149,com.newtypegames.dl2hmt,"極無雙2"
13:30,150,com.global.sgdbztw,"時光大爆炸"
13:30,151,com.igs.fafafa,"金猴爺娛樂城-街機捕魚遊戲"
13:30,152,com.longe.racehmt,"巔峰極速"
13:30,153,io.randomco.travel,"Travel Town - Merge Adventure"
13:30,154,com.netease.mrzhtw,"明日之後"
13:30,155,com.gtyyjlfz.az,"永夜降臨：雙面魅影"
13:30,156,com.supercell.clashofclans,"部落衝突 (Clash of Clans)"
13:30,157,com.tg.ysczg.tw,"雲上城之歌：勇者再出發"
13:30,158,com.gearpaw.defenders.td.game,"齒輪獸衛隊"
13:30,159,com.netmarble.thered,"VAMPIR：血之繼承者"
13:30,160,com.igg.android.doomsdaylastsurvivors,"黎明再現：奧德修斯歸來"
13:30,161,com.and.gt.snhl,"少女喚靈"
13:30,162,com.scopely.monopolygo,"MONOPOLY GO! (大富翁 GO!)"
13:30,163,com.tgc.sky.android,"Sky光·遇"
13:30,164,com.yzlm.tw.and,"勇者來開團"
13:30,165,com.hanbitsoft.gemtw.google,"王者之劍M"
13:30,166,com.netmarble.raven2,"RAVEN2：渡鴉"
13:30,167,com.pandadagames.ninja.global,"忍者必須死-全球版"
13:30,168,com.dena.a12026418,"Pokémon Masters EX"
13:30,169,com.playhit.our.kof,"拳皇98 終極之戰OL"
13:30,170,com.xjxztw.gpgat,"仙劍奇俠傳：新的開始"
13:30,171,com.gm99.dzg,"叫我大掌櫃:原創正版古風經營"
13:30,172,com.moonactive.cmboard,"Coin Master - Board Adventure"
13:30,173,com.madhead.tos.zh,"神魔之塔"
13:30,174,com.xq.archeroii,"弓箭傳說2"
13:30,175,com.whalejoy.horrorstory.gp,"誰來救救我"
13:30,176,com.wildcaly.chbaseball.jkt,"MLB 制勝時刻 26"
13:30,177,com.hygame.ssfh.tw.gp,"盛世芳華"
13:30,178,com.topwar.gp,"口袋奇兵（Top War）-超休閒的策略遊戲"
13:30,179,com.merge.cooking.theme.restaurant.food,"摩奇料理 主題餐廳"
13:30,180,com.mobile.legends,"Mobile Legends: Bang Bang"
13:30,181,defense.roguelike.cell.shoot.survivor,"細胞保衛戰"
13:30,182,com.userjoy.sgc,"三國群英傳M"
13:30,183,com.cookapps.catshinobi,"忍者喵喵：保衛村莊-美少女肉鴿策略塔防動作RPG"
13:30,184,com.cyberjoy.galaxydefense,"太空防禦(Galaxy Defense)"
13:30,185,com.bluepotiongames.eosm.google.tw,"靈境殺戮"
13:30,186,tw.com.iwplay.pwm,"完美世界M"
13:30,187,com.nexon.kart,"跑跑卡丁車 Rush+"
13:30,188,com.linecorp.LGBB2,"LINE Bubble 2"
13:30,189,com.onmyoji.hmt2,"陰陽師Onmyoji"
13:30,190,com.agame.hmt.gp,"主公快逃：歡樂擰螺絲"
13:30,191,com.gravityus.romtwzeny.aos,"RO仙境傳說：守護永恆的愛 Classic"
13:30,192,com.soulgamechst.majsoul,"雀魂麻將"
13:30,193,jp.boi.mementomori.android,"MementoMori"
13:30,194,com.tphmu.xnkrsyq,"清珩傳"
13:30,195,com.gear2.growslayer,"獵魔者傳說 (Slayer Legend)"
13:30,196,com.netmarble.revolutionthm,"天堂2：革命"
13:30,197,com.ddup.zombiewaves.zw,"喪屍狂潮"
13:30,198,com.sanguosp.twgp,"侍寢三國志"
13:30,199,com.puzzle.impact.hero,"暗影英雄：突襲"
13:30,200,twgame.global.acers,"九萬畝"
16:00,1,game.xin.hd.g,"星城-歡慶77幸運日"
16:00,2,com.gamania.lineagem,"天堂M"
16:00,3,game.qualiarts.hololive.dreams.com,"hololive Dreams"
16:00,4,com.HoYoverse.Nap,"絕區零 - 週年慶"
16:00,5,com.gof.global,"寒霜啟示錄"
16:00,6,com.garena.game.kgtw,"Garena 傳說對決：膽大黨聯動開啟！"
16:00,7,com.kurogame.wutheringwaves.global,"鳴潮 - 前往玄方地界"
16:00,8,com.nexon.devcat.mm.tw,"瑪奇 Mobile"
16:00,9,com.nianticlabs.pikmin,"Pikmin Bloom"
16:00,10,com.run.tower.defense,"Kingshot"
16:00,11,com.neowizgames.game.browndust2,"棕色塵埃2- 冒汗心跳的RPG"
16:00,12,com.fun.lastwar.gp,"最後的戰爭 - Last War"
16:00,13,com.bandainamcoent.gget_WW,"SD鋼彈 G世代 永恆"
16:00,14,com.jumbo.yirufa,"包你發-王識賢、安心亞推薦休閒娛樂城-老虎機、捕魚機多款遊戲"
16:00,15,com.ggv.roworld.aos,"RO仙境傳説：世界之旅"
16:00,16,com.king.candycrushsaga,"糖果傳奇"
16:00,17,com.mergegames.gossipharbor,"緋聞港口：合併&故事"
16:00,18,com.goodluck777.panther,"金好運－戰神賽特、吉宗、捕魚機、老虎機、麻將、柏青哥"
16:00,19,com.godgame.mj.android,"麻將 神來也麻將－台灣16張、麻雀"
16:00,20,com.nexon.maplem.global,"楓之谷M - 奇幻冒險MMORPG"
16:00,21,com.more.laozi,"老子有錢-10萬倍賽特、柏青斯洛、老虎機、爆萬倍捕魚機"
16:00,22,com.boge.lgmahjong,"嚦咕麻將-戰神賽特、古神巴風特、雷神之錘、麻將、魚機、老虎機"
16:00,23,com.moonactive.coinmaster,"Coin Master"
16:00,24,com.nexon.ma,"楓之谷：放置冒險記"
16:00,25,com.finger.hsgame,"豪神娛樂城-戰神賽特、麻將、捕魚、賓果、水果盤、拉霸、老虎機"
16:00,26,com.grandegames.slots.dafu.casino,"大福Online- 老虎機、麻將、捕魚、柏青斯洛、拉霸娛樂城"
16:00,27,com.HoYoverse.hkrpgoversea,"崩壞：星穹鐵道"
16:00,28,com.sialiagames.sgzzlb.gp.tw,"三國志・戰略版"
16:00,29,com.igs.mjstar31,"麻將 明星3缺1麻將"
16:00,30,com.nianticlabs.pokemongo,"Pokémon GO"
16:00,31,com.rekoo.pubgm,"PUBG MOBILE：絕地求生M"
16:00,32,com.roblox.client,"Roblox"
16:00,33,com.igs.TMD,"滿貫大亨娛樂城 - 雷霆之錘II：諸神黃昏 強勢降臨！"
16:00,34,tw.com.iwplay.nte,"異環"
16:00,35,com.m88.idleXX,"杖劍傳說：坎斯汀之約"
16:00,36,jp.co.ponos.battlecatstw,"貓咪大戰爭"
16:00,37,com.gamamobi.nikke,"勝利女神：妮姬"
16:00,38,jp.pokemon.pokemontcgp,"Pokémon TCG Pocket"
16:00,39,com.userjoy.LetsVegasSlots,"拉斯維加斯娛樂城 (Let's Vegas Slots)"
16:00,40,com.fox.jstwgp,"青丘世界：緣起"
16:00,41,com.ncsoft.lineagew,"天堂W"
16:00,42,com.xd.xdtglobal.gp,"心動小鎮"
16:00,43,com.netease.yyslshmt,"燕雲十六聲"
16:00,44,tw.sonet.princessconnect,"超異域公主連結！Re:Dive"
16:00,45,com.playrix.gardenscapes,"夢幻花園 (Gardenscapes)"
16:00,46,com.kakaogames.twodin,"奧丁 : 神叛"
16:00,47,com.linecorp.LGRGS,"《LINE Rangers》×動畫「怪獸8號」合作活動"
16:00,48,com.readygo.barrel.gp,"Last Z：Survival Shooter（倖存者逃亡）"
16:00,49,com.komoe.kmumamusumegp,"賽馬娘Pretty Derby"
16:00,50,com.netease.nshmhmt,"逆水寒"
16:00,51,com.mover.twrxjhw,"新熱血江湖：世界"
16:00,52,com.Tonwa.Cash7,"錢街Online 雷神降臨、捕魚老虎機娛樂城"
16:00,53,com.sayyo.huga,"野蠻世界娛樂城-陳雷代言"
16:00,54,com.devsisters.cc,"薑餅人放置大戰爭 - 餅乾養成RPG"
16:00,55,tw.txwy.and.arknights,"明日方舟"
16:00,56,com.garena.game.df,"Garena® 三角洲行動"
16:00,57,com.hkmanjuu.azurlane.gp,"碧藍航線"
16:00,58,com.fatmerge.global,"食光旅行"
16:00,59,com.ltgames.android.m71.tw,"一念逍遙"
16:00,60,com.xiaomeng.fategrandorder,"Fate/Grand Order"
16:00,61,com.phstw.global,"醫起救世界：鼠裡逃生"
16:00,62,com.readygo.dark.gp,"Dark War Survival"
16:00,63,com.heyyogame.gd,"一個官人一個妻-8週年"
16:00,64,com.xianni.tw,"仙逆M-官方正版授權"
16:00,65,air.tw.com.bonuswinner.bwmj16tw,"宅神爺麻將—正宗16張台灣麻將，捕魚機大獎狂噴，真人秒開桌"
16:00,66,com.funplus.ts.global,"點點大作戰"
16:00,67,com.fiveminlab.overgeared.hero.backpack.merge,"靠裝勇者：背包合成RPG"
16:00,68,com.playrix.township,"夢想小鎮"
16:00,69,com.byxjy.cxx.hw,"捕魚新紀元Online - 歡樂捕魚大作戰"
16:00,70,com.percent.aos.cooptd,"同盟塔防戰：並肩作戰"
16:00,71,com.com2us.ninepb3d.normal.freefull.google.global.android.common,"MLB：9局職棒26"
16:00,72,com.hollywood.merge,"好萊塢合成：星夢逆襲"
16:00,73,com.netease.sjzw.hmt,"世界之外"
16:00,74,com.nexters.herowars,"勇士爭霸：群雄聯盟 - 角色扮演戰鬥多人手遊戲"
16:00,75,com.tg.sc33t.tw,"生存33天"
16:00,76,com.netease.eggypartyhmt,"蛋仔派對"
16:00,77,jp.co.drecom.wizardry.daphne,"Wizardry Variants Daphne"
16:00,78,com.ncsoft.lineage2mtw,"天堂2M"
16:00,79,com.Rich.MegaRich,"大頭家娛樂城-週週新機 賽特、紅球雨、捕魚、老虎機、紅包雨"
16:00,80,com.gryphline.endfield.gp,"明日方舟：終末地"
16:00,81,com.mhclyxpb.gatja,"夢幻茶樓"
16:00,82,com.gonline.AppBravoCasino,"角子共玩-賽特2、老虎機、柏青斯洛"
16:00,83,com.lmdgame.neostreetball.tw,"超時空街球對決"
16:00,84,com.floralgames.hjxp,"我的花園世界 - 玩遊戲送鮮花"
16:00,85,com.dreamgames.royalkingdom,"Royal Kingdom"
16:00,86,com.hermes.mk.asia,"世界計畫 繽紛舞台！feat. 初音未來"
16:00,87,com.supernova.kj.gp,"開局一座島-送真海鮮！"
16:00,88,com.com2us.smon.normal.freefull.google.kr.android.common,"魔靈召喚: 天空之役"
16:00,89,com.netease.idv_tw.googleplay,"第五人格"
16:00,90,com.muqiji.shark,"奇蹟MU：暴走之翼"
16:00,91,com.wjcsasia.android,"問劍長生-亞洲服"
16:00,92,com.ccstop.gp,"車車屍搭普"
16:00,93,com.blueplanetm.gp,"蔚藍星球：國王很忙"
16:00,94,com.percent.aos.luckydefense,"運氣拚輸贏"
16:00,95,com.garena.game.codm,"決勝時刻®: Mobile - Garena"
16:00,96,com.miHoYo.GenshinImpact,"原神·空月之歌"
16:00,97,com.greenmushroom.boomblitz.gp,"王國之歌（Top Heroes）"
16:00,98,com.szckhd.jwgly.azfanti,"叫我官老爺：八週年慶典"
16:00,99,com.playrix.homescapes,"夢幻家園 (Homescapes)"
16:00,100,com.minigame.wszj.android.gp,"無雙戰機"
16:00,101,com.gamedots.seasideescape,"漫遊小鎮®：合併&故事"
16:00,102,com.borcht.twgp,"獸族之怒"
16:00,103,com.xh.wxlh.android,"無盡輪迴：鬼域摸金"
16:00,104,com.xman.tw.gp,"超能戰爭"
16:00,105,com.a3.topgirl.gplay,"Top Girl"
16:00,106,com.fingerhero.tw.and,"救世主超忙"
16:00,107,com.global.ztmslgtw,"末日喧囂"
16:00,108,com.dreamgames.royalmatch,"Royal Match"
16:00,109,com.devsisters.gb,"跑跑薑餅人：烤箱大逃亡"
16:00,110,com.dynastytk.king,"三國志KING"
16:00,111,com.devsisters.ck,"薑餅人王國"
16:00,112,com.ea.gp.fifamobile,"EA SPORTS FC™ 足球 Mobile 2026"
16:00,113,com.v20.gptw,"邪門鬼道"
16:00,114,jp.co.mixi.monsterstrikeTW,"怪物彈珠 - RPG手機遊戲"
16:00,115,tw.com.joybomb.pi2017,"棒球殿堂Live"
16:00,116,com.hortor.femsj.asia,"肥鵝美食街"
16:00,117,com.highbrow.games.dvo,"龍村3"
16:00,118,com.billionairegames.serares,"變身傳奇"
16:00,119,com.cola.game,"火辣餐廳：合併&烹飪"
16:00,120,com.wxdmxtw.android,"新武俠大明星"
16:00,121,com.wuxia.novastar,"煙雨江湖－五周年慶典風雲來襲"
16:00,122,com.blizzard.diablo.immortal,"《暗黑破壞神 永生不朽》"
16:00,123,jp.co.koeitecmo.Power,"信長之野望 霸道"
16:00,124,com.playrix.fishdomdd.gplay,"夢幻水族箱 (Fishdom)"
16:00,125,com.haoplay.game.and.exilium,"少女前線2：追放"
16:00,126,com.sialiagames.xczyw.gp.tw,"信長之野望 真戰"
16:00,127,com.haegin.playtogether,"天天玩樂園 (Play Together)"
16:00,128,com.ageofempiresmobile.tw,"世紀帝國M"
16:00,129,com.miHoYo.tot.cht,"未定事件簿"
16:00,130,com.congjie.gptw,"從前有條街"
16:00,131,com.tg.sgzhd.tw,"時光雜貨店"
16:00,132,com.boyaa.androidmarket,"博雅德州撲克 texas poker Boyaa"
16:00,133,com.game.supernaturalsquad,"超自然行動組"
16:00,134,jp.co.cygames.ShadowverseWorldsBeyond,"Shadowverse: Worlds Beyond"
16:00,135,com.xone.gptw,"江湖有詭"
16:00,136,com.cedargames.mysterytown,"迷霧小鎮: 合成遊戲 (Mystery Town)"
16:00,137,com.justgame.jails,"可獄不可囚"
16:00,138,com.aceclub.tw,"王牌俱樂部-戰神賽特2、赤三國、柏青、雷神、麻將、捕魚機"
16:00,139,com.sialiagames.szgd.gp.tw,"救世者之樹：新世界"
16:00,140,com.habby.capybara,"卡皮巴拉 Go!"
16:00,141,com.com2us.futuremlb.android.google.global.normal,"MLB 9局職棒 勁旅對決 26"
16:00,142,com.onepunchman.ggplay.tw,"一拳超人：最強之男—特別篇"
16:00,143,com.yzzg.mdgame,"暗影紀元-魔幻冒险之旅"
16:00,144,com.f2cz.gptw,"天命：六道輪迴"
16:00,145,com.twv1.twgp,"練氣3000層：墮落女帝逼我飛升"
16:00,146,com.newtypegames.dl2hmt,"極無雙2"
16:00,147,jp.konami.pesam,"eFootball™"
16:00,148,com.play.rosea,"RO仙境傳說：新世代的誕生"
16:00,149,com.supercell.brawlstars,"荒野亂鬥"
16:00,150,com.global.sgdbztw,"時光大爆炸"
16:00,151,com.igs.fafafa,"金猴爺娛樂城-街機捕魚遊戲"
16:00,152,com.longe.racehmt,"巔峰極速"
16:00,153,com.gtyyjlfz.az,"永夜降臨：雙面魅影"
16:00,154,com.supercell.clashofclans,"部落衝突 (Clash of Clans)"
16:00,155,io.randomco.travel,"Travel Town - Merge Adventure"
16:00,156,com.tg.ysczg.tw,"雲上城之歌：勇者再出發"
16:00,157,com.gearpaw.defenders.td.game,"齒輪獸衛隊"
16:00,158,com.netease.mrzhtw,"明日之後"
16:00,159,com.igg.android.doomsdaylastsurvivors,"黎明再現：奧德修斯歸來"
16:00,160,com.and.gt.snhl,"少女喚靈"
16:00,161,com.netmarble.thered,"VAMPIR：血之繼承者"
16:00,162,com.scopely.monopolygo,"MONOPOLY GO! (大富翁 GO!)"
16:00,163,com.tgc.sky.android,"Sky光·遇"
16:00,164,com.netmarble.raven2,"RAVEN2：渡鴉"
16:00,165,com.yzlm.tw.and,"勇者來開團"
16:00,166,com.xq.archeroii,"弓箭傳說2"
16:00,167,com.pandadagames.ninja.global,"忍者必須死-全球版"
16:00,168,com.playhit.our.kof,"拳皇98 終極之戰OL"
16:00,169,com.xjxztw.gpgat,"仙劍奇俠傳：新的開始"
16:00,170,com.hanbitsoft.gemtw.google,"王者之劍M"
16:00,171,com.dena.a12026418,"Pokémon Masters EX"
16:00,172,com.moonactive.cmboard,"Coin Master - Board Adventure"
16:00,173,com.gm99.dzg,"叫我大掌櫃:原創正版古風經營"
16:00,174,com.madhead.tos.zh,"神魔之塔"
16:00,175,com.whalejoy.horrorstory.gp,"誰來救救我"
16:00,176,com.merge.cooking.theme.restaurant.food,"摩奇料理 主題餐廳"
16:00,177,com.hygame.ssfh.tw.gp,"盛世芳華"
16:00,178,com.wildcaly.chbaseball.jkt,"MLB 制勝時刻 26"
16:00,179,com.topwar.gp,"口袋奇兵（Top War）-超休閒的策略遊戲"
16:00,180,com.mobile.legends,"Mobile Legends: Bang Bang"
16:00,181,defense.roguelike.cell.shoot.survivor,"細胞保衛戰"
16:00,182,com.userjoy.sgc,"三國群英傳M"
16:00,183,com.cookapps.catshinobi,"忍者喵喵：保衛村莊-美少女肉鴿策略塔防動作RPG"
16:00,184,com.linecorp.LGBB2,"LINE Bubble 2"
16:00,185,com.happyelements.happyfish,"開心水族箱"
16:00,186,com.nexon.kart,"跑跑卡丁車 Rush+"
16:00,187,twgame.global.acers,"九萬畝"
16:00,188,tw.com.iwplay.pwm,"完美世界M"
16:00,189,com.cyberjoy.galaxydefense,"太空防禦(Galaxy Defense)"
16:00,190,com.agame.hmt.gp,"主公快逃：歡樂擰螺絲"
16:00,191,com.soulgamechst.majsoul,"雀魂麻將"
16:00,192,com.ddup.zombiewaves.zw,"喪屍狂潮"
16:00,193,jp.boi.mementomori.android,"MementoMori"
16:00,194,com.taigusec.gptw,"暮色雙城"
16:00,195,com.bluepotiongames.eosm.google.tw,"靈境殺戮"
16:00,196,com.onmyoji.hmt2,"陰陽師Onmyoji"
16:00,197,com.gear2.growslayer,"獵魔者傳說 (Slayer Legend)"
16:00,198,com.tphmu.xnkrsyq,"清珩傳"
16:00,199,com.mxdzz.tw.and,"菇勇者傳說"
16:00,200,com.sanguosp.twgp,"侍寢三國志"
18:00,1,game.xin.hd.g,"星城-歡慶77幸運日"
18:00,2,com.gamania.lineagem,"天堂M"
18:00,3,game.qualiarts.hololive.dreams.com,"hololive Dreams"
18:00,4,com.HoYoverse.Nap,"絕區零 - 週年慶"
18:00,5,com.gof.global,"寒霜啟示錄"
18:00,6,com.garena.game.kgtw,"Garena 傳說對決：膽大黨聯動開啟！"
18:00,7,com.kurogame.wutheringwaves.global,"鳴潮 - 前往玄方地界"
18:00,8,com.nexon.devcat.mm.tw,"瑪奇 Mobile"
18:00,9,com.nianticlabs.pikmin,"Pikmin Bloom"
18:00,10,com.run.tower.defense,"Kingshot"
18:00,11,com.neowizgames.game.browndust2,"棕色塵埃2- 冒汗心跳的RPG"
18:00,12,com.fun.lastwar.gp,"最後的戰爭 - Last War"
18:00,13,com.bandainamcoent.gget_WW,"SD鋼彈 G世代 永恆"
18:00,14,com.jumbo.yirufa,"包你發-王識賢、安心亞推薦休閒娛樂城-老虎機、捕魚機多款遊戲"
18:00,15,com.ggv.roworld.aos,"RO仙境傳説：世界之旅"
18:00,16,com.king.candycrushsaga,"糖果傳奇"
18:00,17,com.mergegames.gossipharbor,"緋聞港口：合併&故事"
18:00,18,com.goodluck777.panther,"金好運－戰神賽特、吉宗、捕魚機、老虎機、麻將、柏青哥"
18:00,19,com.godgame.mj.android,"麻將 神來也麻將－台灣16張、麻雀"
18:00,20,com.nexon.maplem.global,"楓之谷M - 奇幻冒險MMORPG"
18:00,21,com.more.laozi,"老子有錢-10萬倍賽特、柏青斯洛、老虎機、爆萬倍捕魚機"
18:00,22,com.boge.lgmahjong,"嚦咕麻將-戰神賽特、古神巴風特、雷神之錘、麻將、魚機、老虎機"
18:00,23,com.moonactive.coinmaster,"Coin Master"
18:00,24,com.nexon.ma,"楓之谷：放置冒險記"
18:00,25,com.finger.hsgame,"豪神娛樂城-戰神賽特、麻將、捕魚、賓果、水果盤、拉霸、老虎機"
18:00,26,com.grandegames.slots.dafu.casino,"大福Online- 老虎機、麻將、捕魚、柏青斯洛、拉霸娛樂城"
18:00,27,com.HoYoverse.hkrpgoversea,"崩壞：星穹鐵道"
18:00,28,com.sialiagames.sgzzlb.gp.tw,"三國志・戰略版"
18:00,29,com.igs.mjstar31,"麻將 明星3缺1麻將"
18:00,30,com.nianticlabs.pokemongo,"Pokémon GO"
18:00,31,com.rekoo.pubgm,"PUBG MOBILE：絕地求生M"
18:00,32,com.roblox.client,"Roblox"
18:00,33,com.igs.TMD,"滿貫大亨娛樂城 - 雷霆之錘II：諸神黃昏 強勢降臨！"
18:00,34,tw.com.iwplay.nte,"異環"
18:00,35,com.m88.idleXX,"杖劍傳說：坎斯汀之約"
18:00,36,jp.co.ponos.battlecatstw,"貓咪大戰爭"
18:00,37,com.gamamobi.nikke,"勝利女神：妮姬"
18:00,38,jp.pokemon.pokemontcgp,"Pokémon TCG Pocket"
18:00,39,com.userjoy.LetsVegasSlots,"拉斯維加斯娛樂城 (Let's Vegas Slots)"
18:00,40,com.fox.jstwgp,"青丘世界：緣起"
18:00,41,com.ncsoft.lineagew,"天堂W"
18:00,42,com.xd.xdtglobal.gp,"心動小鎮"
18:00,43,com.netease.yyslshmt,"燕雲十六聲"
18:00,44,tw.sonet.princessconnect,"超異域公主連結！Re:Dive"
18:00,45,com.playrix.gardenscapes,"夢幻花園 (Gardenscapes)"
18:00,46,com.kakaogames.twodin,"奧丁 : 神叛"
18:00,47,com.linecorp.LGRGS,"《LINE Rangers》×動畫「怪獸8號」合作活動"
18:00,48,com.readygo.barrel.gp,"Last Z：Survival Shooter（倖存者逃亡）"
18:00,49,com.komoe.kmumamusumegp,"賽馬娘Pretty Derby"
18:00,50,com.netease.nshmhmt,"逆水寒"
18:00,51,com.mover.twrxjhw,"新熱血江湖：世界"
18:00,52,com.Tonwa.Cash7,"錢街Online 雷神降臨、捕魚老虎機娛樂城"
18:00,53,com.sayyo.huga,"野蠻世界娛樂城-陳雷代言"
18:00,54,com.devsisters.cc,"薑餅人放置大戰爭 - 餅乾養成RPG"
18:00,55,tw.txwy.and.arknights,"明日方舟"
18:00,56,com.garena.game.df,"Garena® 三角洲行動"
18:00,57,com.hkmanjuu.azurlane.gp,"碧藍航線"
18:00,58,com.fatmerge.global,"食光旅行"
18:00,59,com.ltgames.android.m71.tw,"一念逍遙"
18:00,60,com.xiaomeng.fategrandorder,"Fate/Grand Order"
18:00,61,com.phstw.global,"醫起救世界：鼠裡逃生"
18:00,62,com.readygo.dark.gp,"Dark War Survival"
18:00,63,com.heyyogame.gd,"一個官人一個妻-8週年"
18:00,64,com.xianni.tw,"仙逆M-官方正版授權"
18:00,65,air.tw.com.bonuswinner.bwmj16tw,"宅神爺麻將—正宗16張台灣麻將，捕魚機大獎狂噴，真人秒開桌"
18:00,66,com.funplus.ts.global,"點點大作戰"
18:00,67,com.fiveminlab.overgeared.hero.backpack.merge,"靠裝勇者：背包合成RPG"
18:00,68,com.playrix.township,"夢想小鎮"
18:00,69,com.byxjy.cxx.hw,"捕魚新紀元Online - 歡樂捕魚大作戰"
18:00,70,com.percent.aos.cooptd,"同盟塔防戰：並肩作戰"
18:00,71,com.com2us.ninepb3d.normal.freefull.google.global.android.common,"MLB：9局職棒26"
18:00,72,com.hollywood.merge,"好萊塢合成：星夢逆襲"
18:00,73,com.netease.sjzw.hmt,"世界之外"
18:00,74,com.nexters.herowars,"勇士爭霸：群雄聯盟 - 角色扮演戰鬥多人手遊戲"
18:00,75,com.tg.sc33t.tw,"生存33天"
18:00,76,com.netease.eggypartyhmt,"蛋仔派對"
18:00,77,jp.co.drecom.wizardry.daphne,"Wizardry Variants Daphne"
18:00,78,com.ncsoft.lineage2mtw,"天堂2M"
18:00,79,com.Rich.MegaRich,"大頭家娛樂城-週週新機 賽特、紅球雨、捕魚、老虎機、紅包雨"
18:00,80,com.gryphline.endfield.gp,"明日方舟：終末地"
18:00,81,com.mhclyxpb.gatja,"夢幻茶樓"
18:00,82,com.gonline.AppBravoCasino,"角子共玩-賽特2、老虎機、柏青斯洛"
18:00,83,com.lmdgame.neostreetball.tw,"超時空街球對決"
18:00,84,com.floralgames.hjxp,"我的花園世界 - 玩遊戲送鮮花"
18:00,85,com.dreamgames.royalkingdom,"Royal Kingdom"
18:00,86,com.hermes.mk.asia,"世界計畫 繽紛舞台！feat. 初音未來"
18:00,87,com.supernova.kj.gp,"開局一座島-送真海鮮！"
18:00,88,com.com2us.smon.normal.freefull.google.kr.android.common,"魔靈召喚: 天空之役"
18:00,89,com.netease.idv_tw.googleplay,"第五人格"
18:00,90,com.muqiji.shark,"奇蹟MU：暴走之翼"
18:00,91,com.wjcsasia.android,"問劍長生-亞洲服"
18:00,92,com.ccstop.gp,"車車屍搭普"
18:00,93,com.blueplanetm.gp,"蔚藍星球：國王很忙"
18:00,94,com.percent.aos.luckydefense,"運氣拚輸贏"
18:00,95,com.garena.game.codm,"決勝時刻®: Mobile - Garena"
18:00,96,com.miHoYo.GenshinImpact,"原神·空月之歌"
18:00,97,com.greenmushroom.boomblitz.gp,"王國之歌（Top Heroes）"
18:00,98,com.szckhd.jwgly.azfanti,"叫我官老爺：八週年慶典"
18:00,99,com.playrix.homescapes,"夢幻家園 (Homescapes)"
18:00,100,com.minigame.wszj.android.gp,"無雙戰機"
18:00,101,com.gamedots.seasideescape,"漫遊小鎮®：合併&故事"
18:00,102,com.borcht.twgp,"獸族之怒"
18:00,103,com.xh.wxlh.android,"無盡輪迴：鬼域摸金"
18:00,104,com.xman.tw.gp,"超能戰爭"
18:00,105,com.a3.topgirl.gplay,"Top Girl"
18:00,106,com.fingerhero.tw.and,"救世主超忙"
18:00,107,com.global.ztmslgtw,"末日喧囂"
18:00,108,com.dreamgames.royalmatch,"Royal Match"
18:00,109,com.devsisters.gb,"跑跑薑餅人：烤箱大逃亡"
18:00,110,com.dynastytk.king,"三國志KING"
18:00,111,com.devsisters.ck,"薑餅人王國"
18:00,112,com.ea.gp.fifamobile,"EA SPORTS FC™ 足球 Mobile 2026"
18:00,113,com.v20.gptw,"邪門鬼道"
18:00,114,jp.co.mixi.monsterstrikeTW,"怪物彈珠 - RPG手機遊戲"
18:00,115,tw.com.joybomb.pi2017,"棒球殿堂Live"
18:00,116,com.hortor.femsj.asia,"肥鵝美食街"
18:00,117,com.highbrow.games.dvo,"龍村3"
18:00,118,com.billionairegames.serares,"變身傳奇"
18:00,119,com.cola.game,"火辣餐廳：合併&烹飪"
18:00,120,com.wxdmxtw.android,"新武俠大明星"
18:00,121,com.wuxia.novastar,"煙雨江湖－五周年慶典風雲來襲"
18:00,122,com.blizzard.diablo.immortal,"《暗黑破壞神 永生不朽》"
18:00,123,jp.co.koeitecmo.Power,"信長之野望 霸道"
18:00,124,com.playrix.fishdomdd.gplay,"夢幻水族箱 (Fishdom)"
18:00,125,com.haoplay.game.and.exilium,"少女前線2：追放"
18:00,126,com.sialiagames.xczyw.gp.tw,"信長之野望 真戰"
18:00,127,com.haegin.playtogether,"天天玩樂園 (Play Together)"
18:00,128,com.ageofempiresmobile.tw,"世紀帝國M"
18:00,129,com.miHoYo.tot.cht,"未定事件簿"
18:00,130,com.congjie.gptw,"從前有條街"
18:00,131,com.tg.sgzhd.tw,"時光雜貨店"
18:00,132,com.boyaa.androidmarket,"博雅德州撲克 texas poker Boyaa"
18:00,133,com.game.supernaturalsquad,"超自然行動組"
18:00,134,jp.co.cygames.ShadowverseWorldsBeyond,"Shadowverse: Worlds Beyond"
18:00,135,com.xone.gptw,"江湖有詭"
18:00,136,com.cedargames.mysterytown,"迷霧小鎮: 合成遊戲 (Mystery Town)"
18:00,137,com.justgame.jails,"可獄不可囚"
18:00,138,com.aceclub.tw,"王牌俱樂部-戰神賽特2、赤三國、柏青、雷神、麻將、捕魚機"
18:00,139,com.sialiagames.szgd.gp.tw,"救世者之樹：新世界"
18:00,140,com.habby.capybara,"卡皮巴拉 Go!"
18:00,141,com.com2us.futuremlb.android.google.global.normal,"MLB 9局職棒 勁旅對決 26"
18:00,142,com.onepunchman.ggplay.tw,"一拳超人：最強之男—特別篇"
18:00,143,com.yzzg.mdgame,"暗影紀元-魔幻冒险之旅"
18:00,144,com.f2cz.gptw,"天命：六道輪迴"
18:00,145,com.twv1.twgp,"練氣3000層：墮落女帝逼我飛升"
18:00,146,com.newtypegames.dl2hmt,"極無雙2"
18:00,147,jp.konami.pesam,"eFootball™"
18:00,148,com.play.rosea,"RO仙境傳說：新世代的誕生"
18:00,149,com.supercell.brawlstars,"荒野亂鬥"
18:00,150,com.global.sgdbztw,"時光大爆炸"
18:00,151,com.igs.fafafa,"金猴爺娛樂城-街機捕魚遊戲"
18:00,152,com.longe.racehmt,"巔峰極速"
18:00,153,com.gtyyjlfz.az,"永夜降臨：雙面魅影"
18:00,154,com.supercell.clashofclans,"部落衝突 (Clash of Clans)"
18:00,155,io.randomco.travel,"Travel Town - Merge Adventure"
18:00,156,com.tg.ysczg.tw,"雲上城之歌：勇者再出發"
18:00,157,com.gearpaw.defenders.td.game,"齒輪獸衛隊"
18:00,158,com.netease.mrzhtw,"明日之後"
18:00,159,com.igg.android.doomsdaylastsurvivors,"黎明再現：奧德修斯歸來"
18:00,160,com.and.gt.snhl,"少女喚靈"
18:00,161,com.netmarble.thered,"VAMPIR：血之繼承者"
18:00,162,com.scopely.monopolygo,"MONOPOLY GO! (大富翁 GO!)"
18:00,163,com.tgc.sky.android,"Sky光·遇"
18:00,164,com.netmarble.raven2,"RAVEN2：渡鴉"
18:00,165,com.yzlm.tw.and,"勇者來開團"
18:00,166,com.xq.archeroii,"弓箭傳說2"
18:00,167,com.pandadagames.ninja.global,"忍者必須死-全球版"
18:00,168,com.playhit.our.kof,"拳皇98 終極之戰OL"
18:00,169,com.xjxztw.gpgat,"仙劍奇俠傳：新的開始"
18:00,170,com.hanbitsoft.gemtw.google,"王者之劍M"
18:00,171,com.dena.a12026418,"Pokémon Masters EX"
18:00,172,com.moonactive.cmboard,"Coin Master - Board Adventure"
18:00,173,com.gm99.dzg,"叫我大掌櫃:原創正版古風經營"
18:00,174,com.madhead.tos.zh,"神魔之塔"
18:00,175,com.whalejoy.horrorstory.gp,"誰來救救我"
18:00,176,com.merge.cooking.theme.restaurant.food,"摩奇料理 主題餐廳"
18:00,177,com.hygame.ssfh.tw.gp,"盛世芳華"
18:00,178,com.wildcaly.chbaseball.jkt,"MLB 制勝時刻 26"
18:00,179,com.topwar.gp,"口袋奇兵（Top War）-超休閒的策略遊戲"
18:00,180,com.mobile.legends,"Mobile Legends: Bang Bang"
18:00,181,defense.roguelike.cell.shoot.survivor,"細胞保衛戰"
18:00,182,com.userjoy.sgc,"三國群英傳M"
18:00,183,com.cookapps.catshinobi,"忍者喵喵：保衛村莊-美少女肉鴿策略塔防動作RPG"
18:00,184,com.linecorp.LGBB2,"LINE Bubble 2"
18:00,185,com.happyelements.happyfish,"開心水族箱"
18:00,186,com.nexon.kart,"跑跑卡丁車 Rush+"
18:00,187,twgame.global.acers,"九萬畝"
18:00,188,tw.com.iwplay.pwm,"完美世界M"
18:00,189,com.cyberjoy.galaxydefense,"太空防禦(Galaxy Defense)"
18:00,190,com.agame.hmt.gp,"主公快逃：歡樂擰螺絲"
18:00,191,com.soulgamechst.majsoul,"雀魂麻將"
18:00,192,com.ddup.zombiewaves.zw,"喪屍狂潮"
18:00,193,jp.boi.mementomori.android,"MementoMori"
18:00,194,com.taigusec.gptw,"暮色雙城"
18:00,195,com.bluepotiongames.eosm.google.tw,"靈境殺戮"
18:00,196,com.onmyoji.hmt2,"陰陽師Onmyoji"
18:00,197,com.gear2.growslayer,"獵魔者傳說 (Slayer Legend)"
18:00,198,com.tphmu.xnkrsyq,"清珩傳"
18:00,199,com.mxdzz.tw.and,"菇勇者傳說"
18:00,200,com.sanguosp.twgp,"侍寢三國志"
19:00,1,game.xin.hd.g,"星城-歡慶77幸運日"
19:00,2,com.gamania.lineagem,"天堂M"
19:00,3,game.qualiarts.hololive.dreams.com,"hololive Dreams"
19:00,4,com.HoYoverse.Nap,"絕區零 - 週年慶"
19:00,5,com.gof.global,"寒霜啟示錄"
19:00,6,com.garena.game.kgtw,"Garena 傳說對決：膽大黨聯動開啟！"
19:00,7,com.kurogame.wutheringwaves.global,"鳴潮 - 前往玄方地界"
19:00,8,com.nexon.devcat.mm.tw,"瑪奇 Mobile"
19:00,9,com.nianticlabs.pikmin,"Pikmin Bloom"
19:00,10,com.run.tower.defense,"Kingshot"
19:00,11,com.neowizgames.game.browndust2,"棕色塵埃2- 冒汗心跳的RPG"
19:00,12,com.fun.lastwar.gp,"最後的戰爭 - Last War"
19:00,13,com.bandainamcoent.gget_WW,"SD鋼彈 G世代 永恆"
19:00,14,com.jumbo.yirufa,"包你發-王識賢、安心亞推薦休閒娛樂城-老虎機、捕魚機多款遊戲"
19:00,15,com.ggv.roworld.aos,"RO仙境傳説：世界之旅"
19:00,16,com.king.candycrushsaga,"糖果傳奇"
19:00,17,com.mergegames.gossipharbor,"緋聞港口：合併&故事"
19:00,18,com.goodluck777.panther,"金好運－戰神賽特、吉宗、捕魚機、老虎機、麻將、柏青哥"
19:00,19,com.godgame.mj.android,"麻將 神來也麻將－台灣16張、麻雀"
19:00,20,com.nexon.maplem.global,"楓之谷M - 奇幻冒險MMORPG"
19:00,21,com.more.laozi,"老子有錢-10萬倍賽特、柏青斯洛、老虎機、爆萬倍捕魚機"
19:00,22,com.boge.lgmahjong,"嚦咕麻將-戰神賽特、古神巴風特、雷神之錘、麻將、魚機、老虎機"
19:00,23,com.moonactive.coinmaster,"Coin Master"
19:00,24,com.nexon.ma,"楓之谷：放置冒險記"
19:00,25,com.finger.hsgame,"豪神娛樂城-戰神賽特、麻將、捕魚、賓果、水果盤、拉霸、老虎機"
19:00,26,com.grandegames.slots.dafu.casino,"大福Online- 老虎機、麻將、捕魚、柏青斯洛、拉霸娛樂城"
19:00,27,com.HoYoverse.hkrpgoversea,"崩壞：星穹鐵道"
19:00,28,com.sialiagames.sgzzlb.gp.tw,"三國志・戰略版"
19:00,29,com.igs.mjstar31,"麻將 明星3缺1麻將"
19:00,30,com.nianticlabs.pokemongo,"Pokémon GO"
19:00,31,com.rekoo.pubgm,"PUBG MOBILE：絕地求生M"
19:00,32,com.roblox.client,"Roblox"
19:00,33,com.igs.TMD,"滿貫大亨娛樂城 - 雷霆之錘II：諸神黃昏 強勢降臨！"
19:00,34,tw.com.iwplay.nte,"異環"
19:00,35,com.m88.idleXX,"杖劍傳說：坎斯汀之約"
19:00,36,jp.co.ponos.battlecatstw,"貓咪大戰爭"
19:00,37,com.gamamobi.nikke,"勝利女神：妮姬"
19:00,38,jp.pokemon.pokemontcgp,"Pokémon TCG Pocket"
19:00,39,com.userjoy.LetsVegasSlots,"拉斯維加斯娛樂城 (Let's Vegas Slots)"
19:00,40,com.fox.jstwgp,"青丘世界：緣起"
19:00,41,com.ncsoft.lineagew,"天堂W"
19:00,42,com.xd.xdtglobal.gp,"心動小鎮"
19:00,43,com.netease.yyslshmt,"燕雲十六聲"
19:00,44,tw.sonet.princessconnect,"超異域公主連結！Re:Dive"
19:00,45,com.playrix.gardenscapes,"夢幻花園 (Gardenscapes)"
19:00,46,com.kakaogames.twodin,"奧丁 : 神叛"
19:00,47,com.linecorp.LGRGS,"《LINE Rangers》×動畫「怪獸8號」合作活動"
19:00,48,com.readygo.barrel.gp,"Last Z：Survival Shooter（倖存者逃亡）"
19:00,49,com.komoe.kmumamusumegp,"賽馬娘Pretty Derby"
19:00,50,com.netease.nshmhmt,"逆水寒"
19:00,51,com.mover.twrxjhw,"新熱血江湖：世界"
19:00,52,com.Tonwa.Cash7,"錢街Online 雷神降臨、捕魚老虎機娛樂城"
19:00,53,com.sayyo.huga,"野蠻世界娛樂城-陳雷代言"
19:00,54,com.devsisters.cc,"薑餅人放置大戰爭 - 餅乾養成RPG"
19:00,55,tw.txwy.and.arknights,"明日方舟"
19:00,56,com.garena.game.df,"Garena® 三角洲行動"
19:00,57,com.hkmanjuu.azurlane.gp,"碧藍航線"
19:00,58,com.fatmerge.global,"食光旅行"
19:00,59,com.ltgames.android.m71.tw,"一念逍遙"
19:00,60,com.xiaomeng.fategrandorder,"Fate/Grand Order"
19:00,61,com.phstw.global,"醫起救世界：鼠裡逃生"
19:00,62,com.readygo.dark.gp,"Dark War Survival"
19:00,63,com.heyyogame.gd,"一個官人一個妻-8週年"
19:00,64,com.xianni.tw,"仙逆M-官方正版授權"
19:00,65,air.tw.com.bonuswinner.bwmj16tw,"宅神爺麻將—正宗16張台灣麻將，捕魚機大獎狂噴，真人秒開桌"
19:00,66,com.funplus.ts.global,"點點大作戰"
19:00,67,com.fiveminlab.overgeared.hero.backpack.merge,"靠裝勇者：背包合成RPG"
19:00,68,com.playrix.township,"夢想小鎮"
19:00,69,com.byxjy.cxx.hw,"捕魚新紀元Online - 歡樂捕魚大作戰"
19:00,70,com.percent.aos.cooptd,"同盟塔防戰：並肩作戰"
19:00,71,com.com2us.ninepb3d.normal.freefull.google.global.android.common,"MLB：9局職棒26"
19:00,72,com.hollywood.merge,"好萊塢合成：星夢逆襲"
19:00,73,com.netease.sjzw.hmt,"世界之外"
19:00,74,com.nexters.herowars,"勇士爭霸：群雄聯盟 - 角色扮演戰鬥多人手遊戲"
19:00,75,com.tg.sc33t.tw,"生存33天"
19:00,76,com.netease.eggypartyhmt,"蛋仔派對"
19:00,77,jp.co.drecom.wizardry.daphne,"Wizardry Variants Daphne"
19:00,78,com.ncsoft.lineage2mtw,"天堂2M"
19:00,79,com.Rich.MegaRich,"大頭家娛樂城-週週新機 賽特、紅球雨、捕魚、老虎機、紅包雨"
19:00,80,com.gryphline.endfield.gp,"明日方舟：終末地"
19:00,81,com.mhclyxpb.gatja,"夢幻茶樓"
19:00,82,com.gonline.AppBravoCasino,"角子共玩-賽特2、老虎機、柏青斯洛"
19:00,83,com.lmdgame.neostreetball.tw,"超時空街球對決"
19:00,84,com.floralgames.hjxp,"我的花園世界 - 玩遊戲送鮮花"
19:00,85,com.dreamgames.royalkingdom,"Royal Kingdom"
19:00,86,com.hermes.mk.asia,"世界計畫 繽紛舞台！feat. 初音未來"
19:00,87,com.supernova.kj.gp,"開局一座島-送真海鮮！"
19:00,88,com.com2us.smon.normal.freefull.google.kr.android.common,"魔靈召喚: 天空之役"
19:00,89,com.netease.idv_tw.googleplay,"第五人格"
19:00,90,com.muqiji.shark,"奇蹟MU：暴走之翼"
19:00,91,com.wjcsasia.android,"問劍長生-亞洲服"
19:00,92,com.ccstop.gp,"車車屍搭普"
19:00,93,com.blueplanetm.gp,"蔚藍星球：國王很忙"
19:00,94,com.percent.aos.luckydefense,"運氣拚輸贏"
19:00,95,com.garena.game.codm,"決勝時刻®: Mobile - Garena"
19:00,96,com.miHoYo.GenshinImpact,"原神·空月之歌"
19:00,97,com.greenmushroom.boomblitz.gp,"王國之歌（Top Heroes）"
19:00,98,com.szckhd.jwgly.azfanti,"叫我官老爺：八週年慶典"
19:00,99,com.playrix.homescapes,"夢幻家園 (Homescapes)"
19:00,100,com.minigame.wszj.android.gp,"無雙戰機"
19:00,101,com.gamedots.seasideescape,"漫遊小鎮®：合併&故事"
19:00,102,com.borcht.twgp,"獸族之怒"
19:00,103,com.xh.wxlh.android,"無盡輪迴：鬼域摸金"
19:00,104,com.xman.tw.gp,"超能戰爭"
19:00,105,com.a3.topgirl.gplay,"Top Girl"
19:00,106,com.fingerhero.tw.and,"救世主超忙"
19:00,107,com.global.ztmslgtw,"末日喧囂"
19:00,108,com.dreamgames.royalmatch,"Royal Match"
19:00,109,com.devsisters.gb,"跑跑薑餅人：烤箱大逃亡"
19:00,110,com.dynastytk.king,"三國志KING"
19:00,111,com.devsisters.ck,"薑餅人王國"
19:00,112,com.ea.gp.fifamobile,"EA SPORTS FC™ 足球 Mobile 2026"
19:00,113,com.v20.gptw,"邪門鬼道"
19:00,114,jp.co.mixi.monsterstrikeTW,"怪物彈珠 - RPG手機遊戲"
19:00,115,tw.com.joybomb.pi2017,"棒球殿堂Live"
19:00,116,com.hortor.femsj.asia,"肥鵝美食街"
19:00,117,com.highbrow.games.dvo,"龍村3"
19:00,118,com.billionairegames.serares,"變身傳奇"
19:00,119,com.cola.game,"火辣餐廳：合併&烹飪"
19:00,120,com.wxdmxtw.android,"新武俠大明星"
19:00,121,com.wuxia.novastar,"煙雨江湖－五周年慶典風雲來襲"
19:00,122,com.blizzard.diablo.immortal,"《暗黑破壞神 永生不朽》"
19:00,123,jp.co.koeitecmo.Power,"信長之野望 霸道"
19:00,124,com.playrix.fishdomdd.gplay,"夢幻水族箱 (Fishdom)"
19:00,125,com.haoplay.game.and.exilium,"少女前線2：追放"
19:00,126,com.sialiagames.xczyw.gp.tw,"信長之野望 真戰"
19:00,127,com.haegin.playtogether,"天天玩樂園 (Play Together)"
19:00,128,com.ageofempiresmobile.tw,"世紀帝國M"
19:00,129,com.miHoYo.tot.cht,"未定事件簿"
19:00,130,com.congjie.gptw,"從前有條街"
19:00,131,com.tg.sgzhd.tw,"時光雜貨店"
19:00,132,com.boyaa.androidmarket,"博雅德州撲克 texas poker Boyaa"
19:00,133,com.game.supernaturalsquad,"超自然行動組"
19:00,134,jp.co.cygames.ShadowverseWorldsBeyond,"Shadowverse: Worlds Beyond"
19:00,135,com.xone.gptw,"江湖有詭"
19:00,136,com.cedargames.mysterytown,"迷霧小鎮: 合成遊戲 (Mystery Town)"
19:00,137,com.justgame.jails,"可獄不可囚"
19:00,138,com.aceclub.tw,"王牌俱樂部-戰神賽特2、赤三國、柏青、雷神、麻將、捕魚機"
19:00,139,com.sialiagames.szgd.gp.tw,"救世者之樹：新世界"
19:00,140,com.habby.capybara,"卡皮巴拉 Go!"
19:00,141,com.com2us.futuremlb.android.google.global.normal,"MLB 9局職棒 勁旅對決 26"
19:00,142,com.onepunchman.ggplay.tw,"一拳超人：最強之男—特別篇"
19:00,143,com.yzzg.mdgame,"暗影紀元-魔幻冒险之旅"
19:00,144,com.f2cz.gptw,"天命：六道輪迴"
19:00,145,com.twv1.twgp,"練氣3000層：墮落女帝逼我飛升"
19:00,146,com.newtypegames.dl2hmt,"極無雙2"
19:00,147,jp.konami.pesam,"eFootball™"
19:00,148,com.play.rosea,"RO仙境傳說：新世代的誕生"
19:00,149,com.supercell.brawlstars,"荒野亂鬥"
19:00,150,com.global.sgdbztw,"時光大爆炸"
19:00,151,com.igs.fafafa,"金猴爺娛樂城-街機捕魚遊戲"
19:00,152,com.longe.racehmt,"巔峰極速"
19:00,153,com.gtyyjlfz.az,"永夜降臨：雙面魅影"
19:00,154,com.supercell.clashofclans,"部落衝突 (Clash of Clans)"
19:00,155,io.randomco.travel,"Travel Town - Merge Adventure"
19:00,156,com.tg.ysczg.tw,"雲上城之歌：勇者再出發"
19:00,157,com.gearpaw.defenders.td.game,"齒輪獸衛隊"
19:00,158,com.netease.mrzhtw,"明日之後"
19:00,159,com.igg.android.doomsdaylastsurvivors,"黎明再現：奧德修斯歸來"
19:00,160,com.and.gt.snhl,"少女喚靈"
19:00,161,com.netmarble.thered,"VAMPIR：血之繼承者"
19:00,162,com.scopely.monopolygo,"MONOPOLY GO! (大富翁 GO!)"
19:00,163,com.tgc.sky.android,"Sky光·遇"
19:00,164,com.netmarble.raven2,"RAVEN2：渡鴉"
19:00,165,com.yzlm.tw.and,"勇者來開團"
19:00,166,com.xq.archeroii,"弓箭傳說2"
19:00,167,com.pandadagames.ninja.global,"忍者必須死-全球版"
19:00,168,com.playhit.our.kof,"拳皇98 終極之戰OL"
19:00,169,com.xjxztw.gpgat,"仙劍奇俠傳：新的開始"
19:00,170,com.hanbitsoft.gemtw.google,"王者之劍M"
19:00,171,com.dena.a12026418,"Pokémon Masters EX"
19:00,172,com.moonactive.cmboard,"Coin Master - Board Adventure"
19:00,173,com.gm99.dzg,"叫我大掌櫃:原創正版古風經營"
19:00,174,com.madhead.tos.zh,"神魔之塔"
19:00,175,com.whalejoy.horrorstory.gp,"誰來救救我"
19:00,176,com.merge.cooking.theme.restaurant.food,"摩奇料理 主題餐廳"
19:00,177,com.hygame.ssfh.tw.gp,"盛世芳華"
19:00,178,com.wildcaly.chbaseball.jkt,"MLB 制勝時刻 26"
19:00,179,com.topwar.gp,"口袋奇兵（Top War）-超休閒的策略遊戲"
19:00,180,com.mobile.legends,"Mobile Legends: Bang Bang"
19:00,181,defense.roguelike.cell.shoot.survivor,"細胞保衛戰"
19:00,182,com.userjoy.sgc,"三國群英傳M"
19:00,183,com.cookapps.catshinobi,"忍者喵喵：保衛村莊-美少女肉鴿策略塔防動作RPG"
19:00,184,com.linecorp.LGBB2,"LINE Bubble 2"
19:00,185,com.happyelements.happyfish,"開心水族箱"
19:00,186,com.nexon.kart,"跑跑卡丁車 Rush+"
19:00,187,twgame.global.acers,"九萬畝"
19:00,188,tw.com.iwplay.pwm,"完美世界M"
19:00,189,com.cyberjoy.galaxydefense,"太空防禦(Galaxy Defense)"
19:00,190,com.agame.hmt.gp,"主公快逃：歡樂擰螺絲"
19:00,191,com.soulgamechst.majsoul,"雀魂麻將"
19:00,192,com.ddup.zombiewaves.zw,"喪屍狂潮"
19:00,193,jp.boi.mementomori.android,"MementoMori"
19:00,194,com.taigusec.gptw,"暮色雙城"
19:00,195,com.bluepotiongames.eosm.google.tw,"靈境殺戮"
19:00,196,com.onmyoji.hmt2,"陰陽師Onmyoji"
19:00,197,com.gear2.growslayer,"獵魔者傳說 (Slayer Legend)"
19:00,198,com.tphmu.xnkrsyq,"清珩傳"
19:00,199,com.mxdzz.tw.and,"菇勇者傳說"
19:00,200,com.sanguosp.twgp,"侍寢三國志"
19:30,1,game.xin.hd.g,"星城-歡慶77幸運日"
19:30,2,com.gamania.lineagem,"天堂M"
19:30,3,game.qualiarts.hololive.dreams.com,"hololive Dreams"
19:30,4,com.HoYoverse.Nap,"絕區零 - 週年慶"
19:30,5,com.gof.global,"寒霜啟示錄"
19:30,6,com.garena.game.kgtw,"Garena 傳說對決：膽大黨聯動開啟！"
19:30,7,com.kurogame.wutheringwaves.global,"鳴潮 - 前往玄方地界"
19:30,8,com.nexon.devcat.mm.tw,"瑪奇 Mobile"
19:30,9,com.nianticlabs.pikmin,"Pikmin Bloom"
19:30,10,com.run.tower.defense,"Kingshot"
19:30,11,com.neowizgames.game.browndust2,"棕色塵埃2- 冒汗心跳的RPG"
19:30,12,com.fun.lastwar.gp,"最後的戰爭 - Last War"
19:30,13,com.bandainamcoent.gget_WW,"SD鋼彈 G世代 永恆"
19:30,14,com.jumbo.yirufa,"包你發-王識賢、安心亞推薦休閒娛樂城-老虎機、捕魚機多款遊戲"
19:30,15,com.ggv.roworld.aos,"RO仙境傳説：世界之旅"
19:30,16,com.king.candycrushsaga,"糖果傳奇"
19:30,17,com.mergegames.gossipharbor,"緋聞港口：合併&故事"
19:30,18,com.goodluck777.panther,"金好運－戰神賽特、吉宗、捕魚機、老虎機、麻將、柏青哥"
19:30,19,com.godgame.mj.android,"麻將 神來也麻將－台灣16張、麻雀"
19:30,20,com.nexon.maplem.global,"楓之谷M - 奇幻冒險MMORPG"
19:30,21,com.more.laozi,"老子有錢-10萬倍賽特、柏青斯洛、老虎機、爆萬倍捕魚機"
19:30,22,com.boge.lgmahjong,"嚦咕麻將-戰神賽特、古神巴風特、雷神之錘、麻將、魚機、老虎機"
19:30,23,com.moonactive.coinmaster,"Coin Master"
19:30,24,com.nexon.ma,"楓之谷：放置冒險記"
19:30,25,com.finger.hsgame,"豪神娛樂城-戰神賽特、麻將、捕魚、賓果、水果盤、拉霸、老虎機"
19:30,26,com.grandegames.slots.dafu.casino,"大福Online- 老虎機、麻將、捕魚、柏青斯洛、拉霸娛樂城"
19:30,27,com.HoYoverse.hkrpgoversea,"崩壞：星穹鐵道"
19:30,28,com.sialiagames.sgzzlb.gp.tw,"三國志・戰略版"
19:30,29,com.igs.mjstar31,"麻將 明星3缺1麻將"
19:30,30,com.nianticlabs.pokemongo,"Pokémon GO"
19:30,31,com.rekoo.pubgm,"PUBG MOBILE：絕地求生M"
19:30,32,com.roblox.client,"Roblox"
19:30,33,com.igs.TMD,"滿貫大亨娛樂城 - 雷霆之錘II：諸神黃昏 強勢降臨！"
19:30,34,tw.com.iwplay.nte,"異環"
19:30,35,com.m88.idleXX,"杖劍傳說：坎斯汀之約"
19:30,36,jp.co.ponos.battlecatstw,"貓咪大戰爭"
19:30,37,com.gamamobi.nikke,"勝利女神：妮姬"
19:30,38,jp.pokemon.pokemontcgp,"Pokémon TCG Pocket"
19:30,39,com.userjoy.LetsVegasSlots,"拉斯維加斯娛樂城 (Let's Vegas Slots)"
19:30,40,com.fox.jstwgp,"青丘世界：緣起"
19:30,41,com.ncsoft.lineagew,"天堂W"
19:30,42,com.xd.xdtglobal.gp,"心動小鎮"
19:30,43,com.netease.yyslshmt,"燕雲十六聲"
19:30,44,tw.sonet.princessconnect,"超異域公主連結！Re:Dive"
19:30,45,com.playrix.gardenscapes,"夢幻花園 (Gardenscapes)"
19:30,46,com.kakaogames.twodin,"奧丁 : 神叛"
19:30,47,com.linecorp.LGRGS,"《LINE Rangers》×動畫「怪獸8號」合作活動"
19:30,48,com.readygo.barrel.gp,"Last Z：Survival Shooter（倖存者逃亡）"
19:30,49,com.komoe.kmumamusumegp,"賽馬娘Pretty Derby"
19:30,50,com.netease.nshmhmt,"逆水寒"
19:30,51,com.mover.twrxjhw,"新熱血江湖：世界"
19:30,52,com.Tonwa.Cash7,"錢街Online 雷神降臨、捕魚老虎機娛樂城"
19:30,53,com.sayyo.huga,"野蠻世界娛樂城-陳雷代言"
19:30,54,com.devsisters.cc,"薑餅人放置大戰爭 - 餅乾養成RPG"
19:30,55,tw.txwy.and.arknights,"明日方舟"
19:30,56,com.garena.game.df,"Garena® 三角洲行動"
19:30,57,com.hkmanjuu.azurlane.gp,"碧藍航線"
19:30,58,com.fatmerge.global,"食光旅行"
19:30,59,com.ltgames.android.m71.tw,"一念逍遙"
19:30,60,com.xiaomeng.fategrandorder,"Fate/Grand Order"
19:30,61,com.phstw.global,"醫起救世界：鼠裡逃生"
19:30,62,com.readygo.dark.gp,"Dark War Survival"
19:30,63,com.heyyogame.gd,"一個官人一個妻-8週年"
19:30,64,com.xianni.tw,"仙逆M-官方正版授權"
19:30,65,air.tw.com.bonuswinner.bwmj16tw,"宅神爺麻將—正宗16張台灣麻將，捕魚機大獎狂噴，真人秒開桌"
19:30,66,com.funplus.ts.global,"點點大作戰"
19:30,67,com.fiveminlab.overgeared.hero.backpack.merge,"靠裝勇者：背包合成RPG"
19:30,68,com.playrix.township,"夢想小鎮"
19:30,69,com.byxjy.cxx.hw,"捕魚新紀元Online - 歡樂捕魚大作戰"
19:30,70,com.percent.aos.cooptd,"同盟塔防戰：並肩作戰"
19:30,71,com.com2us.ninepb3d.normal.freefull.google.global.android.common,"MLB：9局職棒26"
19:30,72,com.hollywood.merge,"好萊塢合成：星夢逆襲"
19:30,73,com.netease.sjzw.hmt,"世界之外"
19:30,74,com.nexters.herowars,"勇士爭霸：群雄聯盟 - 角色扮演戰鬥多人手遊戲"
19:30,75,com.tg.sc33t.tw,"生存33天"
19:30,76,com.netease.eggypartyhmt,"蛋仔派對"
19:30,77,jp.co.drecom.wizardry.daphne,"Wizardry Variants Daphne"
19:30,78,com.ncsoft.lineage2mtw,"天堂2M"
19:30,79,com.Rich.MegaRich,"大頭家娛樂城-週週新機 賽特、紅球雨、捕魚、老虎機、紅包雨"
19:30,80,com.gryphline.endfield.gp,"明日方舟：終末地"
19:30,81,com.mhclyxpb.gatja,"夢幻茶樓"
19:30,82,com.gonline.AppBravoCasino,"角子共玩-賽特2、老虎機、柏青斯洛"
19:30,83,com.lmdgame.neostreetball.tw,"超時空街球對決"
19:30,84,com.floralgames.hjxp,"我的花園世界 - 玩遊戲送鮮花"
19:30,85,com.dreamgames.royalkingdom,"Royal Kingdom"
19:30,86,com.hermes.mk.asia,"世界計畫 繽紛舞台！feat. 初音未來"
19:30,87,com.supernova.kj.gp,"開局一座島-送真海鮮！"
19:30,88,com.com2us.smon.normal.freefull.google.kr.android.common,"魔靈召喚: 天空之役"
19:30,89,com.netease.idv_tw.googleplay,"第五人格"
19:30,90,com.muqiji.shark,"奇蹟MU：暴走之翼"
19:30,91,com.wjcsasia.android,"問劍長生-亞洲服"
19:30,92,com.ccstop.gp,"車車屍搭普"
19:30,93,com.blueplanetm.gp,"蔚藍星球：國王很忙"
19:30,94,com.percent.aos.luckydefense,"運氣拚輸贏"
19:30,95,com.garena.game.codm,"決勝時刻®: Mobile - Garena"
19:30,96,com.miHoYo.GenshinImpact,"原神·空月之歌"
19:30,97,com.greenmushroom.boomblitz.gp,"王國之歌（Top Heroes）"
19:30,98,com.szckhd.jwgly.azfanti,"叫我官老爺：八週年慶典"
19:30,99,com.playrix.homescapes,"夢幻家園 (Homescapes)"
19:30,100,com.minigame.wszj.android.gp,"無雙戰機"
19:30,101,com.gamedots.seasideescape,"漫遊小鎮®：合併&故事"
19:30,102,com.borcht.twgp,"獸族之怒"
19:30,103,com.xh.wxlh.android,"無盡輪迴：鬼域摸金"
19:30,104,com.xman.tw.gp,"超能戰爭"
19:30,105,com.a3.topgirl.gplay,"Top Girl"
19:30,106,com.fingerhero.tw.and,"救世主超忙"
19:30,107,com.global.ztmslgtw,"末日喧囂"
19:30,108,com.dreamgames.royalmatch,"Royal Match"
19:30,109,com.devsisters.gb,"跑跑薑餅人：烤箱大逃亡"
19:30,110,com.dynastytk.king,"三國志KING"
19:30,111,com.devsisters.ck,"薑餅人王國"
19:30,112,com.ea.gp.fifamobile,"EA SPORTS FC™ 足球 Mobile 2026"
19:30,113,com.v20.gptw,"邪門鬼道"
19:30,114,jp.co.mixi.monsterstrikeTW,"怪物彈珠 - RPG手機遊戲"
19:30,115,tw.com.joybomb.pi2017,"棒球殿堂Live"
19:30,116,com.hortor.femsj.asia,"肥鵝美食街"
19:30,117,com.highbrow.games.dvo,"龍村3"
19:30,118,com.billionairegames.serares,"變身傳奇"
19:30,119,com.cola.game,"火辣餐廳：合併&烹飪"
19:30,120,com.wxdmxtw.android,"新武俠大明星"
19:30,121,com.wuxia.novastar,"煙雨江湖－五周年慶典風雲來襲"
19:30,122,com.blizzard.diablo.immortal,"《暗黑破壞神 永生不朽》"
19:30,123,jp.co.koeitecmo.Power,"信長之野望 霸道"
19:30,124,com.playrix.fishdomdd.gplay,"夢幻水族箱 (Fishdom)"
19:30,125,com.haoplay.game.and.exilium,"少女前線2：追放"
19:30,126,com.sialiagames.xczyw.gp.tw,"信長之野望 真戰"
19:30,127,com.haegin.playtogether,"天天玩樂園 (Play Together)"
19:30,128,com.ageofempiresmobile.tw,"世紀帝國M"
19:30,129,com.miHoYo.tot.cht,"未定事件簿"
19:30,130,com.congjie.gptw,"從前有條街"
19:30,131,com.tg.sgzhd.tw,"時光雜貨店"
19:30,132,com.boyaa.androidmarket,"博雅德州撲克 texas poker Boyaa"
19:30,133,com.game.supernaturalsquad,"超自然行動組"
19:30,134,jp.co.cygames.ShadowverseWorldsBeyond,"Shadowverse: Worlds Beyond"
19:30,135,com.xone.gptw,"江湖有詭"
19:30,136,com.cedargames.mysterytown,"迷霧小鎮: 合成遊戲 (Mystery Town)"
19:30,137,com.justgame.jails,"可獄不可囚"
19:30,138,com.aceclub.tw,"王牌俱樂部-戰神賽特2、赤三國、柏青、雷神、麻將、捕魚機"
19:30,139,com.sialiagames.szgd.gp.tw,"救世者之樹：新世界"
19:30,140,com.habby.capybara,"卡皮巴拉 Go!"
19:30,141,com.com2us.futuremlb.android.google.global.normal,"MLB 9局職棒 勁旅對決 26"
19:30,142,com.onepunchman.ggplay.tw,"一拳超人：最強之男—特別篇"
19:30,143,com.yzzg.mdgame,"暗影紀元-魔幻冒险之旅"
19:30,144,com.f2cz.gptw,"天命：六道輪迴"
19:30,145,com.twv1.twgp,"練氣3000層：墮落女帝逼我飛升"
19:30,146,com.newtypegames.dl2hmt,"極無雙2"
19:30,147,jp.konami.pesam,"eFootball™"
19:30,148,com.play.rosea,"RO仙境傳說：新世代的誕生"
19:30,149,com.supercell.brawlstars,"荒野亂鬥"
19:30,150,com.global.sgdbztw,"時光大爆炸"
19:30,151,com.igs.fafafa,"金猴爺娛樂城-街機捕魚遊戲"
19:30,152,com.longe.racehmt,"巔峰極速"
19:30,153,com.gtyyjlfz.az,"永夜降臨：雙面魅影"
19:30,154,com.supercell.clashofclans,"部落衝突 (Clash of Clans)"
19:30,155,io.randomco.travel,"Travel Town - Merge Adventure"
19:30,156,com.tg.ysczg.tw,"雲上城之歌：勇者再出發"
19:30,157,com.gearpaw.defenders.td.game,"齒輪獸衛隊"
19:30,158,com.netease.mrzhtw,"明日之後"
19:30,159,com.igg.android.doomsdaylastsurvivors,"黎明再現：奧德修斯歸來"
19:30,160,com.and.gt.snhl,"少女喚靈"
19:30,161,com.netmarble.thered,"VAMPIR：血之繼承者"
19:30,162,com.scopely.monopolygo,"MONOPOLY GO! (大富翁 GO!)"
19:30,163,com.tgc.sky.android,"Sky光·遇"
19:30,164,com.netmarble.raven2,"RAVEN2：渡鴉"
19:30,165,com.yzlm.tw.and,"勇者來開團"
19:30,166,com.xq.archeroii,"弓箭傳說2"
19:30,167,com.pandadagames.ninja.global,"忍者必須死-全球版"
19:30,168,com.playhit.our.kof,"拳皇98 終極之戰OL"
19:30,169,com.xjxztw.gpgat,"仙劍奇俠傳：新的開始"
19:30,170,com.hanbitsoft.gemtw.google,"王者之劍M"
19:30,171,com.dena.a12026418,"Pokémon Masters EX"
19:30,172,com.moonactive.cmboard,"Coin Master - Board Adventure"
19:30,173,com.gm99.dzg,"叫我大掌櫃:原創正版古風經營"
19:30,174,com.madhead.tos.zh,"神魔之塔"
19:30,175,com.whalejoy.horrorstory.gp,"誰來救救我"
19:30,176,com.merge.cooking.theme.restaurant.food,"摩奇料理 主題餐廳"
19:30,177,com.hygame.ssfh.tw.gp,"盛世芳華"
19:30,178,com.wildcaly.chbaseball.jkt,"MLB 制勝時刻 26"
19:30,179,com.topwar.gp,"口袋奇兵（Top War）-超休閒的策略遊戲"
19:30,180,com.mobile.legends,"Mobile Legends: Bang Bang"
19:30,181,defense.roguelike.cell.shoot.survivor,"細胞保衛戰"
19:30,182,com.userjoy.sgc,"三國群英傳M"
19:30,183,com.cookapps.catshinobi,"忍者喵喵：保衛村莊-美少女肉鴿策略塔防動作RPG"
19:30,184,com.linecorp.LGBB2,"LINE Bubble 2"
19:30,185,com.happyelements.happyfish,"開心水族箱"
19:30,186,com.nexon.kart,"跑跑卡丁車 Rush+"
19:30,187,twgame.global.acers,"九萬畝"
19:30,188,tw.com.iwplay.pwm,"完美世界M"
19:30,189,com.cyberjoy.galaxydefense,"太空防禦(Galaxy Defense)"
19:30,190,com.agame.hmt.gp,"主公快逃：歡樂擰螺絲"
19:30,191,com.soulgamechst.majsoul,"雀魂麻將"
19:30,192,com.ddup.zombiewaves.zw,"喪屍狂潮"
19:30,193,jp.boi.mementomori.android,"MementoMori"
19:30,194,com.taigusec.gptw,"暮色雙城"
19:30,195,com.bluepotiongames.eosm.google.tw,"靈境殺戮"
19:30,196,com.onmyoji.hmt2,"陰陽師Onmyoji"
19:30,197,com.gear2.growslayer,"獵魔者傳說 (Slayer Legend)"
19:30,198,com.tphmu.xnkrsyq,"清珩傳"
19:30,199,com.mxdzz.tw.and,"菇勇者傳說"
19:30,200,com.sanguosp.twgp,"侍寢三國志"
20:00,1,game.xin.hd.g,"星城-歡慶77幸運日"
20:00,2,com.gamania.lineagem,"天堂M"
20:00,3,game.qualiarts.hololive.dreams.com,"hololive Dreams"
20:00,4,com.HoYoverse.Nap,"絕區零 - 週年慶"
20:00,5,com.gof.global,"寒霜啟示錄"
20:00,6,com.garena.game.kgtw,"Garena 傳說對決：膽大黨聯動開啟！"
20:00,7,com.kurogame.wutheringwaves.global,"鳴潮 - 前往玄方地界"
20:00,8,com.nexon.devcat.mm.tw,"瑪奇 Mobile"
20:00,9,com.nianticlabs.pikmin,"Pikmin Bloom"
20:00,10,com.run.tower.defense,"Kingshot"
20:00,11,com.neowizgames.game.browndust2,"棕色塵埃2- 冒汗心跳的RPG"
20:00,12,com.fun.lastwar.gp,"最後的戰爭 - Last War"
20:00,13,com.bandainamcoent.gget_WW,"SD鋼彈 G世代 永恆"
20:00,14,com.jumbo.yirufa,"包你發-王識賢、安心亞推薦休閒娛樂城-老虎機、捕魚機多款遊戲"
20:00,15,com.ggv.roworld.aos,"RO仙境傳説：世界之旅"
20:00,16,com.king.candycrushsaga,"糖果傳奇"
20:00,17,com.mergegames.gossipharbor,"緋聞港口：合併&故事"
20:00,18,com.goodluck777.panther,"金好運－戰神賽特、吉宗、捕魚機、老虎機、麻將、柏青哥"
20:00,19,com.godgame.mj.android,"麻將 神來也麻將－台灣16張、麻雀"
20:00,20,com.nexon.maplem.global,"楓之谷M - 奇幻冒險MMORPG"
20:00,21,com.more.laozi,"老子有錢-10萬倍賽特、柏青斯洛、老虎機、爆萬倍捕魚機"
20:00,22,com.boge.lgmahjong,"嚦咕麻將-戰神賽特、古神巴風特、雷神之錘、麻將、魚機、老虎機"
20:00,23,com.moonactive.coinmaster,"Coin Master"
20:00,24,com.nexon.ma,"楓之谷：放置冒險記"
20:00,25,com.finger.hsgame,"豪神娛樂城-戰神賽特、麻將、捕魚、賓果、水果盤、拉霸、老虎機"
20:00,26,com.grandegames.slots.dafu.casino,"大福Online- 老虎機、麻將、捕魚、柏青斯洛、拉霸娛樂城"
20:00,27,com.HoYoverse.hkrpgoversea,"崩壞：星穹鐵道"
20:00,28,com.sialiagames.sgzzlb.gp.tw,"三國志・戰略版"
20:00,29,com.igs.mjstar31,"麻將 明星3缺1麻將"
20:00,30,com.nianticlabs.pokemongo,"Pokémon GO"
20:00,31,com.rekoo.pubgm,"PUBG MOBILE：絕地求生M"
20:00,32,com.roblox.client,"Roblox"
20:00,33,com.igs.TMD,"滿貫大亨娛樂城 - 雷霆之錘II：諸神黃昏 強勢降臨！"
20:00,34,tw.com.iwplay.nte,"異環"
20:00,35,com.m88.idleXX,"杖劍傳說：坎斯汀之約"
20:00,36,jp.co.ponos.battlecatstw,"貓咪大戰爭"
20:00,37,com.gamamobi.nikke,"勝利女神：妮姬"
20:00,38,jp.pokemon.pokemontcgp,"Pokémon TCG Pocket"
20:00,39,com.userjoy.LetsVegasSlots,"拉斯維加斯娛樂城 (Let's Vegas Slots)"
20:00,40,com.fox.jstwgp,"青丘世界：緣起"
20:00,41,com.ncsoft.lineagew,"天堂W"
20:00,42,com.xd.xdtglobal.gp,"心動小鎮"
20:00,43,com.netease.yyslshmt,"燕雲十六聲"
20:00,44,tw.sonet.princessconnect,"超異域公主連結！Re:Dive"
20:00,45,com.playrix.gardenscapes,"夢幻花園 (Gardenscapes)"
20:00,46,com.kakaogames.twodin,"奧丁 : 神叛"
20:00,47,com.linecorp.LGRGS,"《LINE Rangers》×動畫「怪獸8號」合作活動"
20:00,48,com.readygo.barrel.gp,"Last Z：Survival Shooter（倖存者逃亡）"
20:00,49,com.komoe.kmumamusumegp,"賽馬娘Pretty Derby"
20:00,50,com.netease.nshmhmt,"逆水寒"
20:00,51,com.mover.twrxjhw,"新熱血江湖：世界"
20:00,52,com.Tonwa.Cash7,"錢街Online 雷神降臨、捕魚老虎機娛樂城"
20:00,53,com.sayyo.huga,"野蠻世界娛樂城-陳雷代言"
20:00,54,com.devsisters.cc,"薑餅人放置大戰爭 - 餅乾養成RPG"
20:00,55,tw.txwy.and.arknights,"明日方舟"
20:00,56,com.garena.game.df,"Garena® 三角洲行動"
20:00,57,com.hkmanjuu.azurlane.gp,"碧藍航線"
20:00,58,com.fatmerge.global,"食光旅行"
20:00,59,com.ltgames.android.m71.tw,"一念逍遙"
20:00,60,com.xiaomeng.fategrandorder,"Fate/Grand Order"
20:00,61,com.phstw.global,"醫起救世界：鼠裡逃生"
20:00,62,com.readygo.dark.gp,"Dark War Survival"
20:00,63,com.heyyogame.gd,"一個官人一個妻-8週年"
20:00,64,com.xianni.tw,"仙逆M-官方正版授權"
20:00,65,air.tw.com.bonuswinner.bwmj16tw,"宅神爺麻將—正宗16張台灣麻將，捕魚機大獎狂噴，真人秒開桌"
20:00,66,com.funplus.ts.global,"點點大作戰"
20:00,67,com.fiveminlab.overgeared.hero.backpack.merge,"靠裝勇者：背包合成RPG"
20:00,68,com.playrix.township,"夢想小鎮"
20:00,69,com.byxjy.cxx.hw,"捕魚新紀元Online - 歡樂捕魚大作戰"
20:00,70,com.percent.aos.cooptd,"同盟塔防戰：並肩作戰"
20:00,71,com.com2us.ninepb3d.normal.freefull.google.global.android.common,"MLB：9局職棒26"
20:00,72,com.hollywood.merge,"好萊塢合成：星夢逆襲"
20:00,73,com.netease.sjzw.hmt,"世界之外"
20:00,74,com.nexters.herowars,"勇士爭霸：群雄聯盟 - 角色扮演戰鬥多人手遊戲"
20:00,75,com.tg.sc33t.tw,"生存33天"
20:00,76,com.netease.eggypartyhmt,"蛋仔派對"
20:00,77,jp.co.drecom.wizardry.daphne,"Wizardry Variants Daphne"
20:00,78,com.ncsoft.lineage2mtw,"天堂2M"
20:00,79,com.Rich.MegaRich,"大頭家娛樂城-週週新機 賽特、紅球雨、捕魚、老虎機、紅包雨"
20:00,80,com.gryphline.endfield.gp,"明日方舟：終末地"
20:00,81,com.mhclyxpb.gatja,"夢幻茶樓"
20:00,82,com.gonline.AppBravoCasino,"角子共玩-賽特2、老虎機、柏青斯洛"
20:00,83,com.lmdgame.neostreetball.tw,"超時空街球對決"
20:00,84,com.floralgames.hjxp,"我的花園世界 - 玩遊戲送鮮花"
20:00,85,com.dreamgames.royalkingdom,"Royal Kingdom"
20:00,86,com.hermes.mk.asia,"世界計畫 繽紛舞台！feat. 初音未來"
20:00,87,com.supernova.kj.gp,"開局一座島-送真海鮮！"
20:00,88,com.com2us.smon.normal.freefull.google.kr.android.common,"魔靈召喚: 天空之役"
20:00,89,com.netease.idv_tw.googleplay,"第五人格"
20:00,90,com.muqiji.shark,"奇蹟MU：暴走之翼"
20:00,91,com.wjcsasia.android,"問劍長生-亞洲服"
20:00,92,com.ccstop.gp,"車車屍搭普"
20:00,93,com.blueplanetm.gp,"蔚藍星球：國王很忙"
20:00,94,com.percent.aos.luckydefense,"運氣拚輸贏"
20:00,95,com.garena.game.codm,"決勝時刻®: Mobile - Garena"
20:00,96,com.miHoYo.GenshinImpact,"原神·空月之歌"
20:00,97,com.greenmushroom.boomblitz.gp,"王國之歌（Top Heroes）"
20:00,98,com.szckhd.jwgly.azfanti,"叫我官老爺：八週年慶典"
20:00,99,com.playrix.homescapes,"夢幻家園 (Homescapes)"
20:00,100,com.minigame.wszj.android.gp,"無雙戰機"
20:00,101,com.gamedots.seasideescape,"漫遊小鎮®：合併&故事"
20:00,102,com.borcht.twgp,"獸族之怒"
20:00,103,com.xh.wxlh.android,"無盡輪迴：鬼域摸金"
20:00,104,com.xman.tw.gp,"超能戰爭"
20:00,105,com.a3.topgirl.gplay,"Top Girl"
20:00,106,com.fingerhero.tw.and,"救世主超忙"
20:00,107,com.global.ztmslgtw,"末日喧囂"
20:00,108,com.dreamgames.royalmatch,"Royal Match"
20:00,109,com.devsisters.gb,"跑跑薑餅人：烤箱大逃亡"
20:00,110,com.dynastytk.king,"三國志KING"
20:00,111,com.devsisters.ck,"薑餅人王國"
20:00,112,com.ea.gp.fifamobile,"EA SPORTS FC™ 足球 Mobile 2026"
20:00,113,com.v20.gptw,"邪門鬼道"
20:00,114,jp.co.mixi.monsterstrikeTW,"怪物彈珠 - RPG手機遊戲"
20:00,115,tw.com.joybomb.pi2017,"棒球殿堂Live"
20:00,116,com.hortor.femsj.asia,"肥鵝美食街"
20:00,117,com.highbrow.games.dvo,"龍村3"
20:00,118,com.billionairegames.serares,"變身傳奇"
20:00,119,com.cola.game,"火辣餐廳：合併&烹飪"
20:00,120,com.wxdmxtw.android,"新武俠大明星"
20:00,121,com.wuxia.novastar,"煙雨江湖－五周年慶典風雲來襲"
20:00,122,com.blizzard.diablo.immortal,"《暗黑破壞神 永生不朽》"
20:00,123,jp.co.koeitecmo.Power,"信長之野望 霸道"
20:00,124,com.playrix.fishdomdd.gplay,"夢幻水族箱 (Fishdom)"
20:00,125,com.haoplay.game.and.exilium,"少女前線2：追放"
20:00,126,com.sialiagames.xczyw.gp.tw,"信長之野望 真戰"
20:00,127,com.haegin.playtogether,"天天玩樂園 (Play Together)"
20:00,128,com.ageofempiresmobile.tw,"世紀帝國M"
20:00,129,com.miHoYo.tot.cht,"未定事件簿"
20:00,130,com.congjie.gptw,"從前有條街"
20:00,131,com.tg.sgzhd.tw,"時光雜貨店"
20:00,132,com.boyaa.androidmarket,"博雅德州撲克 texas poker Boyaa"
20:00,133,com.game.supernaturalsquad,"超自然行動組"
20:00,134,jp.co.cygames.ShadowverseWorldsBeyond,"Shadowverse: Worlds Beyond"
20:00,135,com.xone.gptw,"江湖有詭"
20:00,136,com.cedargames.mysterytown,"迷霧小鎮: 合成遊戲 (Mystery Town)"
20:00,137,com.justgame.jails,"可獄不可囚"
20:00,138,com.aceclub.tw,"王牌俱樂部-戰神賽特2、赤三國、柏青、雷神、麻將、捕魚機"
20:00,139,com.sialiagames.szgd.gp.tw,"救世者之樹：新世界"
20:00,140,com.habby.capybara,"卡皮巴拉 Go!"
20:00,141,com.com2us.futuremlb.android.google.global.normal,"MLB 9局職棒 勁旅對決 26"
20:00,142,com.onepunchman.ggplay.tw,"一拳超人：最強之男—特別篇"
20:00,143,com.yzzg.mdgame,"暗影紀元-魔幻冒险之旅"
20:00,144,com.f2cz.gptw,"天命：六道輪迴"
20:00,145,com.twv1.twgp,"練氣3000層：墮落女帝逼我飛升"
20:00,146,com.newtypegames.dl2hmt,"極無雙2"
20:00,147,jp.konami.pesam,"eFootball™"
20:00,148,com.play.rosea,"RO仙境傳說：新世代的誕生"
20:00,149,com.supercell.brawlstars,"荒野亂鬥"
20:00,150,com.global.sgdbztw,"時光大爆炸"
20:00,151,com.igs.fafafa,"金猴爺娛樂城-街機捕魚遊戲"
20:00,152,com.longe.racehmt,"巔峰極速"
20:00,153,com.gtyyjlfz.az,"永夜降臨：雙面魅影"
20:00,154,com.supercell.clashofclans,"部落衝突 (Clash of Clans)"
20:00,155,io.randomco.travel,"Travel Town - Merge Adventure"
20:00,156,com.tg.ysczg.tw,"雲上城之歌：勇者再出發"
20:00,157,com.gearpaw.defenders.td.game,"齒輪獸衛隊"
20:00,158,com.netease.mrzhtw,"明日之後"
20:00,159,com.igg.android.doomsdaylastsurvivors,"黎明再現：奧德修斯歸來"
20:00,160,com.and.gt.snhl,"少女喚靈"
20:00,161,com.netmarble.thered,"VAMPIR：血之繼承者"
20:00,162,com.scopely.monopolygo,"MONOPOLY GO! (大富翁 GO!)"
20:00,163,com.tgc.sky.android,"Sky光·遇"
20:00,164,com.netmarble.raven2,"RAVEN2：渡鴉"
20:00,165,com.yzlm.tw.and,"勇者來開團"
20:00,166,com.xq.archeroii,"弓箭傳說2"
20:00,167,com.pandadagames.ninja.global,"忍者必須死-全球版"
20:00,168,com.playhit.our.kof,"拳皇98 終極之戰OL"
20:00,169,com.xjxztw.gpgat,"仙劍奇俠傳：新的開始"
20:00,170,com.hanbitsoft.gemtw.google,"王者之劍M"
20:00,171,com.dena.a12026418,"Pokémon Masters EX"
20:00,172,com.moonactive.cmboard,"Coin Master - Board Adventure"
20:00,173,com.gm99.dzg,"叫我大掌櫃:原創正版古風經營"
20:00,174,com.madhead.tos.zh,"神魔之塔"
20:00,175,com.whalejoy.horrorstory.gp,"誰來救救我"
20:00,176,com.merge.cooking.theme.restaurant.food,"摩奇料理 主題餐廳"
20:00,177,com.hygame.ssfh.tw.gp,"盛世芳華"
20:00,178,com.wildcaly.chbaseball.jkt,"MLB 制勝時刻 26"
20:00,179,com.topwar.gp,"口袋奇兵（Top War）-超休閒的策略遊戲"
20:00,180,com.mobile.legends,"Mobile Legends: Bang Bang"
20:00,181,defense.roguelike.cell.shoot.survivor,"細胞保衛戰"
20:00,182,com.userjoy.sgc,"三國群英傳M"
20:00,183,com.cookapps.catshinobi,"忍者喵喵：保衛村莊-美少女肉鴿策略塔防動作RPG"
20:00,184,com.linecorp.LGBB2,"LINE Bubble 2"
20:00,185,com.happyelements.happyfish,"開心水族箱"
20:00,186,com.nexon.kart,"跑跑卡丁車 Rush+"
20:00,187,twgame.global.acers,"九萬畝"
20:00,188,tw.com.iwplay.pwm,"完美世界M"
20:00,189,com.cyberjoy.galaxydefense,"太空防禦(Galaxy Defense)"
20:00,190,com.agame.hmt.gp,"主公快逃：歡樂擰螺絲"
20:00,191,com.soulgamechst.majsoul,"雀魂麻將"
20:00,192,com.ddup.zombiewaves.zw,"喪屍狂潮"
20:00,193,jp.boi.mementomori.android,"MementoMori"
20:00,194,com.taigusec.gptw,"暮色雙城"
20:00,195,com.bluepotiongames.eosm.google.tw,"靈境殺戮"
20:00,196,com.onmyoji.hmt2,"陰陽師Onmyoji"
20:00,197,com.gear2.growslayer,"獵魔者傳說 (Slayer Legend)"
20:00,198,com.tphmu.xnkrsyq,"清珩傳"
20:00,199,com.mxdzz.tw.and,"菇勇者傳說"
20:00,200,com.sanguosp.twgp,"侍寢三國志"
