time,rank,id,title
01:30,1,1621328561,"MONOPOLY GO!"
01:30,2,1482155847,"Royal Match"
01:30,3,1623318294,"Gossip Harbor®: Merge & Story"
01:30,4,553834731,"Candy Crush Saga"
01:30,5,638689075,"Township"
01:30,6,1606549505,"Royal Kingdom"
01:30,7,6479970832,"Pokémon TCG Pocket"
01:30,8,6448786147,"Last War:Survival"
01:30,9,6739554056,"Kingshot"
01:30,10,1176027022,"Toon Blast"
01:30,11,6443575749,"Whiteout Survival"
01:30,12,6503272652,"Last Z: Survival Shooter"
01:30,13,1300146617,"Free Fire: 9th Anniversary"
01:30,14,1094591345,"Pokémon GO"
01:30,15,6471045672,"Tasty Travels: Merge Game"
01:30,16,1105855019,"Gardenscapes"
01:30,17,1094930513,"EA SPORTS FC Soccer Mobile 26"
01:30,18,6449094229,"Match Factory!"
01:30,19,6751056652,"Pixel Flow!"
01:30,20,1243005112,"Lightning Link Casino Slots"
01:30,21,406889139,"Coin Master"
01:30,22,6752672568,"Block Out! - Color Sort Puzzle"
01:30,23,1643509748,"Merge Cooking®"
01:30,24,1195621598,"Homescapes: Match 3 Games"
01:30,25,575980917,"Jackpot Party - Casino Slots"
01:30,26,6475757306,"Disney Solitaire"
01:30,27,1098157959,"Evony"
01:30,28,1358222641,"DRAGON BALL LEGENDS"
01:30,29,1274132545,"Total Battle: War Strategy"
01:30,30,6499209744,"Magic Sort!"
01:30,31,664575829,"Fishdom"
01:30,32,1123582513,"Cashman Casino Slots Games"
01:30,33,1287282214,"Call of Duty®: Mobile"
01:30,34,529479190,"Clash of Clans"
01:30,35,6503284107,"All in Hole: Black Hole Games"
01:30,36,1606356401,"Zenless Zone Zero - Anniv."
01:30,37,6740043080,"Screwdom"
01:30,38,6670441558,"Dark War:Survival"
01:30,39,6483539426,"Fortnite"
01:30,40,850417475,"Candy Crush Soda Saga"
01:30,41,1330123889,"PUBG MOBILE"
01:30,42,1117270703,"eFootball™"
01:30,43,6443755785,"Seaside Escape®: Merge & Story"
01:30,44,6755183085,"Yarn Loop: Knit Puzzle"
01:30,45,945621521,"Quick Hit Casino - Vegas Slots"
01:30,46,6618142292,"Flambé®: Merge and Cook"
01:30,47,6504332779,"Color Block Jam"
01:30,48,1480516829,"Free Fire MAX"
01:30,49,6748950306,"Solitaire Associations Journey"
01:30,50,6751270546,"Sword x Staff"
01:30,51,307569751,"NYT Games: Wordle & Crossword"
01:30,52,1484468651,"Dice Dreams™"
01:30,53,6475033368,"Wuthering Waves - To Xuanfang"
01:30,54,1290086677,"MapleStory M: Fantasy MMORPG"
01:30,55,1521236603,"Travel Town - Merge Adventure"
01:30,56,1183802626,"Fate/Grand Order (English)"
01:30,57,890378044,"Toy Blast"
01:30,58,1053012308,"Clash Royale"
01:30,59,506627515,"Hay Day"
01:30,60,538212549,"Big Fish Casino: Slots Games"
01:30,61,1597760047,"OneState RP: Role Play Online"
01:30,62,951627425,"DRAGON BALL Z DOKKAN BATTLE"
01:30,63,1642607669,"Game of Thrones: Dragonfire"
01:30,64,1376515087,"Age of Origins:Tower Defense"
01:30,65,6615077767,"Bingo Voyage: Live Bingo Games"
01:30,66,921022358,"Star Wars™: Galaxy of Heroes"
01:30,67,6779167923,"Colony Flow!"
01:30,68,529996768,"Bingo Blitz™ - BINGO Games"
01:30,69,6503603603,"Mystery Town: Merge Games"
01:30,70,6744812012,"X-Clash: Survival Challenge"
01:30,71,6754558455,"Marble Sort!"
01:30,72,1484442152,"Merge Mansion: Puzzles & Story"
01:30,73,1558803930,"Matching Story - Merge & Match"
01:30,74,880047117,"Angry Birds 2"
01:30,75,485126024,"DoubleDown™ Casino Vegas Slots"
01:30,76,6756989323,"Last Asylum: Plague"
01:30,77,719525810,"WSOP Poker: Texas Holdem Game"
01:30,78,6756058501,"Jelly Busters: Puzzle Game"
01:30,79,6748084174,"Smash Fest!"
01:30,80,1517980891,"Puzzles & Survival"
01:30,81,6450110217,"Triple Match City"
01:30,82,1404165333,"Cash Frenzy™ - Slots Casino"
01:30,83,479516143,"Minecraft: Play with Friends!"
01:30,84,1607122287,"Triple Match 3D"
01:30,85,1356045010,"Lotsa Slots™ - Vegas Casino"
01:30,86,1522699215,"Love Island: The Game"
01:30,87,1215145992,"MONOPOLY Slots Casino: Go Spin"
01:30,88,1354260888,"Rise of Kingdoms"
01:30,89,1089225191,"Golf Clash - Golfing Simulator"
01:30,90,896112560,"Marvel Contest of Champions"
01:30,91,1462911602,"Dream League Soccer 2026"
01:30,92,329218549,"Chess.com - Play and Learn"
01:30,93,1483058899,"Project Makeover"
01:30,94,1356980152,"Jackpot World™ - Casino Slots"
01:30,95,6746328263,"Castle Busters"
01:30,96,1599719154,"Honkai: Star Rail"
01:30,97,6450834358,"Sunday City: Life Simulator"
01:30,98,1091301948,"88 Fortunes™ Casino Slot Games"
01:30,99,785537179,"Heart of Vegas - Casino Slots"
01:30,100,1229016807,"Brawl Stars"
01:30,101,1635337354,"Piggy Kingdom - Match 3 Games"
01:30,102,6757154335,"Cube Land Puzzle Game"
01:30,103,1591887467,"Cash Club Casino - Vegas Slots"
01:30,104,6758138698,"Car Sort: Color Puzzle"
01:30,105,6741567125,"Clash of Critters"
01:30,106,1206967173,"Yahtzee® with Buddies Dice"
01:30,107,1585915174,"GODDESS OF VICTORY: NIKKE"
01:30,108,6749251466,"CookieRun: Crumble - Idle RPG"
01:30,109,6747028173,"Hole Stars: Puzzle Game"
01:30,110,1090242126,"Jackpot Magic Slots & Casino"
01:30,111,543186831,"8 Ball Pool™"
01:30,112,6504324020,"Hexa Away"
01:30,113,6762268182,"Z Route: Redemption"
01:30,114,6476976929,"Truck Star"
01:30,115,806393795,"Gold Fish Casino Slots Games"
01:30,116,6745761596,"Coin Master - Board Adventure"
01:30,117,1223338261,"Solitaire Grand Harvest"
01:30,118,6769314786,"Food Hunt: Pixel Puzzle"
01:30,119,6446389130,"Puzzles & Chaos: Frozen Castle"
01:30,120,1311478292,"Mighty Fu Casino: Slots Game"
01:30,121,6480433538,"Umamusume: Pretty Derby"
01:30,122,447553564,"Slotomania™ Slots Machine Game"
01:30,123,6479752688,"Match Villains"
01:30,124,852912420,"Summoners War X Frieren"
01:30,125,6446005634,"Hunting Sniper"
01:30,126,6756641249,"hololive Dreams"
01:30,127,6738109752,"Tiles Survive!"
01:30,128,6755455500,"Hollywood Merge"
01:30,129,6744547461,"Happy Screw Trip 3D"
01:30,130,6752886832,"Hotel Legacy: Merge Game"
01:30,131,1509450845,"CookieRun: Kingdom"
01:30,132,6444056676,"Tile Family®:Match Puzzle Game"
01:30,133,1492005122,"Diablo Immortal"
01:30,134,6444043291,"Domino Dreams™"
01:30,135,6504421808,"Car Match - Traffic Puzzle"
01:30,136,1442061397,"Pokémon Masters EX"
01:30,137,1487911239,"Bingo Frenzy™-Live Bingo Games"
01:30,138,1496227521,"Magic: The Gathering Arena"
01:30,139,1463509237,"Phase 10: Casual Card Game"
01:30,140,6737595599,"Foundation: Galactic Frontier"
01:30,141,6740699102,"Hole It 3D"
01:30,142,6751086804,"Dragon Traveler"
01:30,143,1010962391,"Design Home™: House Makeover"
01:30,144,6482849843,"Goods Puzzle: Sort Challenge"
01:30,145,6747875092,"Yarn Fever! Unravel Puzzle"
01:30,146,850057092,"The Battle Cats"
01:30,147,608206510,"Farm Heroes Saga"
01:30,148,6741674823,"Watcher of Realms - US"
01:30,149,6502820653,"Archero 2"
01:30,150,6746636289,"Forge Master – Idle RPG"
01:30,151,603097018,"Caesars Slots - Casino Games"
01:30,152,6449822109,"Cash Rally - Slots Casino Game"
01:30,153,1578212119,"Jackpot Master™ Slots-Casino"
01:30,154,6446197181,"Glow Fashion Idol"
01:30,155,6739124364,"Top Tycoon: Coin Theme Empire"
01:30,156,892521917,"Tiki Solitaire TriPeaks"
01:30,157,6740618570,"XP Hero"
01:30,158,6692615881,"SD Gundam G Generation ETERNAL"
01:30,159,1487451427,"Infinity Kingdom"
01:30,160,6741568655,"Mobile Legends: Bang Bang.US"
01:30,161,6738469826,"Lands of Jail"
01:30,162,887947640,"CSR 2 - Realistic Drag Racing"
01:30,163,1371565796,"RAID: Shadow Legends"
01:30,164,1354796403,"Golf Rival - Multiplayer Game"
01:30,165,6740966864,"Dicero!"
01:30,166,6449294809,"Invincible: Guarding the Globe"
01:30,167,1480805172,"Cash Tornado™ Slots - Casino"
01:30,168,1562817072,"Mob Control"
01:30,169,1017551780,"Disney Emoji Blitz Game"
01:30,170,1198143062,"Ludo STAR"
01:30,171,1208952944,"Merge Dragons!"
01:30,172,1200391796,"June's Journey: Hidden Objects"
01:30,173,1216575026,"Matchington Mansion"
01:30,174,1071744151,"War and Order"
01:30,175,1329917539,"Grand Summoners - Anime RPG"
01:30,176,6746151928,"Heartopia"
01:30,177,642727743,"DoubleU Casino™ - Vegas Slots"
01:30,178,6759763476,"Bus Traffic Fever!"
01:30,179,1065980436,"POP! Slots™"
01:30,180,354902315,"Zynga Poker ™ - Texas Hold'em"
01:30,181,1117841866,"Empires & Puzzles: Match-3 RPG"
01:30,182,6739616715,"MapleStory : Idle RPG"
01:30,183,806077016,"War Robots Multiplayer Battles"
01:30,184,6740766025,"Gecko Out"
01:30,185,6476261995,"Age of Empires Mobile"
01:30,186,1662742277,"Solo Leveling:Arise"
01:30,187,959038492,"Blackjack 21: Blackjackist"
01:30,188,1662335371,"Raid Rush: Tower Defense TD"
01:30,189,6475709488,"Carnival Tycoon: Coin Games"
01:30,190,1464872022,"Arknights"
01:30,191,6736774022,"Baseball Hits 26"
01:30,192,1528941310,"Survivor!.io"
01:30,193,6754839783,"Bubble Word Jam"
01:30,194,6450953550,"Top Heroes: Kingdom Saga"
01:30,195,714508224,"myVEGAS Slots - Real Rewards"
01:30,196,521671873,"My Singing Monsters"
01:30,197,1459249040,"Goodville: Farm Game Adventure"
01:30,198,6754363534,"Sand Loop"
01:30,199,1071976327,"Lords Mobile x Transformers"
01:30,200,1599937506,"Warhammer 40,000: Tacticus ™"
03:00,1,1621328561,"MONOPOLY GO!"
03:00,2,1482155847,"Royal Match"
03:00,3,1623318294,"Gossip Harbor®: Merge & Story"
03:00,4,553834731,"Candy Crush Saga"
03:00,5,638689075,"Township"
03:00,6,1606549505,"Royal Kingdom"
03:00,7,6479970832,"Pokémon TCG Pocket"
03:00,8,6448786147,"Last War:Survival"
03:00,9,6739554056,"Kingshot"
03:00,10,1176027022,"Toon Blast"
03:00,11,6443575749,"Whiteout Survival"
03:00,12,6503272652,"Last Z: Survival Shooter"
03:00,13,1300146617,"Free Fire: 9th Anniversary"
03:00,14,1094591345,"Pokémon GO"
03:00,15,6471045672,"Tasty Travels: Merge Game"
03:00,16,1105855019,"Gardenscapes"
03:00,17,1094930513,"EA SPORTS FC Soccer Mobile 26"
03:00,18,6449094229,"Match Factory!"
03:00,19,6751056652,"Pixel Flow!"
03:00,20,1243005112,"Lightning Link Casino Slots"
03:00,21,406889139,"Coin Master"
03:00,22,6752672568,"Block Out! - Color Sort Puzzle"
03:00,23,1643509748,"Merge Cooking®"
03:00,24,1195621598,"Homescapes: Match 3 Games"
03:00,25,575980917,"Jackpot Party - Casino Slots"
03:00,26,6475757306,"Disney Solitaire"
03:00,27,1098157959,"Evony"
03:00,28,1358222641,"DRAGON BALL LEGENDS"
03:00,29,1274132545,"Total Battle: War Strategy"
03:00,30,6499209744,"Magic Sort!"
03:00,31,664575829,"Fishdom"
03:00,32,1123582513,"Cashman Casino Slots Games"
03:00,33,1287282214,"Call of Duty®: Mobile"
03:00,34,529479190,"Clash of Clans"
03:00,35,6503284107,"All in Hole: Black Hole Games"
03:00,36,1606356401,"Zenless Zone Zero - Anniv."
03:00,37,6740043080,"Screwdom"
03:00,38,6670441558,"Dark War:Survival"
03:00,39,6483539426,"Fortnite"
03:00,40,850417475,"Candy Crush Soda Saga"
03:00,41,1330123889,"PUBG MOBILE"
03:00,42,1117270703,"eFootball™"
03:00,43,6443755785,"Seaside Escape®: Merge & Story"
03:00,44,6755183085,"Yarn Loop: Knit Puzzle"
03:00,45,945621521,"Quick Hit Casino - Vegas Slots"
03:00,46,6618142292,"Flambé®: Merge and Cook"
03:00,47,6504332779,"Color Block Jam"
03:00,48,1480516829,"Free Fire MAX"
03:00,49,6748950306,"Solitaire Associations Journey"
03:00,50,6751270546,"Sword x Staff"
03:00,51,307569751,"NYT Games: Wordle & Crossword"
03:00,52,1484468651,"Dice Dreams™"
03:00,53,6475033368,"Wuthering Waves - To Xuanfang"
03:00,54,1290086677,"MapleStory M: Fantasy MMORPG"
03:00,55,1521236603,"Travel Town - Merge Adventure"
03:00,56,1183802626,"Fate/Grand Order (English)"
03:00,57,890378044,"Toy Blast"
03:00,58,1053012308,"Clash Royale"
03:00,59,506627515,"Hay Day"
03:00,60,538212549,"Big Fish Casino: Slots Games"
03:00,61,1597760047,"OneState RP: Role Play Online"
03:00,62,951627425,"DRAGON BALL Z DOKKAN BATTLE"
03:00,63,1642607669,"Game of Thrones: Dragonfire"
03:00,64,1376515087,"Age of Origins:Tower Defense"
03:00,65,6615077767,"Bingo Voyage: Live Bingo Games"
03:00,66,921022358,"Star Wars™: Galaxy of Heroes"
03:00,67,6779167923,"Colony Flow!"
03:00,68,529996768,"Bingo Blitz™ - BINGO Games"
03:00,69,6503603603,"Mystery Town: Merge Games"
03:00,70,6744812012,"X-Clash: Survival Challenge"
03:00,71,6754558455,"Marble Sort!"
03:00,72,1484442152,"Merge Mansion: Puzzles & Story"
03:00,73,1558803930,"Matching Story - Merge & Match"
03:00,74,880047117,"Angry Birds 2"
03:00,75,485126024,"DoubleDown™ Casino Vegas Slots"
03:00,76,6756989323,"Last Asylum: Plague"
03:00,77,719525810,"WSOP Poker: Texas Holdem Game"
03:00,78,6756058501,"Jelly Busters: Puzzle Game"
03:00,79,6748084174,"Smash Fest!"
03:00,80,1517980891,"Puzzles & Survival"
03:00,81,6450110217,"Triple Match City"
03:00,82,1404165333,"Cash Frenzy™ - Slots Casino"
03:00,83,479516143,"Minecraft: Play with Friends!"
03:00,84,1607122287,"Triple Match 3D"
03:00,85,1356045010,"Lotsa Slots™ - Vegas Casino"
03:00,86,1522699215,"Love Island: The Game"
03:00,87,1215145992,"MONOPOLY Slots Casino: Go Spin"
03:00,88,1354260888,"Rise of Kingdoms"
03:00,89,1089225191,"Golf Clash - Golfing Simulator"
03:00,90,896112560,"Marvel Contest of Champions"
03:00,91,1462911602,"Dream League Soccer 2026"
03:00,92,329218549,"Chess.com - Play and Learn"
03:00,93,1483058899,"Project Makeover"
03:00,94,1356980152,"Jackpot World™ - Casino Slots"
03:00,95,6746328263,"Castle Busters"
03:00,96,1599719154,"Honkai: Star Rail"
03:00,97,6450834358,"Sunday City: Life Simulator"
03:00,98,1091301948,"88 Fortunes™ Casino Slot Games"
03:00,99,785537179,"Heart of Vegas - Casino Slots"
03:00,100,1229016807,"Brawl Stars"
03:00,101,1635337354,"Piggy Kingdom - Match 3 Games"
03:00,102,6757154335,"Cube Land Puzzle Game"
03:00,103,1591887467,"Cash Club Casino - Vegas Slots"
03:00,104,6758138698,"Car Sort: Color Puzzle"
03:00,105,6741567125,"Clash of Critters"
03:00,106,1206967173,"Yahtzee® with Buddies Dice"
03:00,107,1585915174,"GODDESS OF VICTORY: NIKKE"
03:00,108,6749251466,"CookieRun: Crumble - Idle RPG"
03:00,109,6747028173,"Hole Stars: Puzzle Game"
03:00,110,1090242126,"Jackpot Magic Slots & Casino"
03:00,111,543186831,"8 Ball Pool™"
03:00,112,6504324020,"Hexa Away"
03:00,113,6762268182,"Z Route: Redemption"
03:00,114,6476976929,"Truck Star"
03:00,115,806393795,"Gold Fish Casino Slots Games"
03:00,116,6745761596,"Coin Master - Board Adventure"
03:00,117,1223338261,"Solitaire Grand Harvest"
03:00,118,6769314786,"Food Hunt: Pixel Puzzle"
03:00,119,6446389130,"Puzzles & Chaos: Frozen Castle"
03:00,120,1311478292,"Mighty Fu Casino: Slots Game"
03:00,121,6480433538,"Umamusume: Pretty Derby"
03:00,122,447553564,"Slotomania™ Slots Machine Game"
03:00,123,6479752688,"Match Villains"
03:00,124,852912420,"Summoners War X Frieren"
03:00,125,6446005634,"Hunting Sniper"
03:00,126,6756641249,"hololive Dreams"
03:00,127,6738109752,"Tiles Survive!"
03:00,128,6755455500,"Hollywood Merge"
03:00,129,6744547461,"Happy Screw Trip 3D"
03:00,130,6752886832,"Hotel Legacy: Merge Game"
03:00,131,1509450845,"CookieRun: Kingdom"
03:00,132,6444056676,"Tile Family®:Match Puzzle Game"
03:00,133,1492005122,"Diablo Immortal"
03:00,134,6444043291,"Domino Dreams™"
03:00,135,6504421808,"Car Match - Traffic Puzzle"
03:00,136,1442061397,"Pokémon Masters EX"
03:00,137,1487911239,"Bingo Frenzy™-Live Bingo Games"
03:00,138,1496227521,"Magic: The Gathering Arena"
03:00,139,1463509237,"Phase 10: Casual Card Game"
03:00,140,6737595599,"Foundation: Galactic Frontier"
03:00,141,6740699102,"Hole It 3D"
03:00,142,6751086804,"Dragon Traveler"
03:00,143,1010962391,"Design Home™: House Makeover"
03:00,144,6482849843,"Goods Puzzle: Sort Challenge"
03:00,145,6747875092,"Yarn Fever! Unravel Puzzle"
03:00,146,850057092,"The Battle Cats"
03:00,147,608206510,"Farm Heroes Saga"
03:00,148,6741674823,"Watcher of Realms - US"
03:00,149,6502820653,"Archero 2"
03:00,150,6746636289,"Forge Master – Idle RPG"
03:00,151,603097018,"Caesars Slots - Casino Games"
03:00,152,6449822109,"Cash Rally - Slots Casino Game"
03:00,153,1578212119,"Jackpot Master™ Slots-Casino"
03:00,154,6446197181,"Glow Fashion Idol"
03:00,155,6739124364,"Top Tycoon: Coin Theme Empire"
03:00,156,892521917,"Tiki Solitaire TriPeaks"
03:00,157,6740618570,"XP Hero"
03:00,158,6692615881,"SD Gundam G Generation ETERNAL"
03:00,159,1487451427,"Infinity Kingdom"
03:00,160,6741568655,"Mobile Legends: Bang Bang.US"
03:00,161,6738469826,"Lands of Jail"
03:00,162,887947640,"CSR 2 - Realistic Drag Racing"
03:00,163,1371565796,"RAID: Shadow Legends"
03:00,164,1354796403,"Golf Rival - Multiplayer Game"
03:00,165,6740966864,"Dicero!"
03:00,166,6449294809,"Invincible: Guarding the Globe"
03:00,167,1480805172,"Cash Tornado™ Slots - Casino"
03:00,168,1562817072,"Mob Control"
03:00,169,1017551780,"Disney Emoji Blitz Game"
03:00,170,1198143062,"Ludo STAR"
03:00,171,1208952944,"Merge Dragons!"
03:00,172,1200391796,"June's Journey: Hidden Objects"
03:00,173,1216575026,"Matchington Mansion"
03:00,174,1071744151,"War and Order"
03:00,175,1329917539,"Grand Summoners - Anime RPG"
03:00,176,6746151928,"Heartopia"
03:00,177,642727743,"DoubleU Casino™ - Vegas Slots"
03:00,178,6759763476,"Bus Traffic Fever!"
03:00,179,1065980436,"POP! Slots™"
03:00,180,354902315,"Zynga Poker ™ - Texas Hold'em"
03:00,181,1117841866,"Empires & Puzzles: Match-3 RPG"
03:00,182,6739616715,"MapleStory : Idle RPG"
03:00,183,806077016,"War Robots Multiplayer Battles"
03:00,184,6740766025,"Gecko Out"
03:00,185,6476261995,"Age of Empires Mobile"
03:00,186,1662742277,"Solo Leveling:Arise"
03:00,187,959038492,"Blackjack 21: Blackjackist"
03:00,188,1662335371,"Raid Rush: Tower Defense TD"
03:00,189,6475709488,"Carnival Tycoon: Coin Games"
03:00,190,1464872022,"Arknights"
03:00,191,6736774022,"Baseball Hits 26"
03:00,192,1528941310,"Survivor!.io"
03:00,193,6754839783,"Bubble Word Jam"
03:00,194,6450953550,"Top Heroes: Kingdom Saga"
03:00,195,714508224,"myVEGAS Slots - Real Rewards"
03:00,196,521671873,"My Singing Monsters"
03:00,197,1459249040,"Goodville: Farm Game Adventure"
03:00,198,6754363534,"Sand Loop"
03:00,199,1071976327,"Lords Mobile x Transformers"
03:00,200,1599937506,"Warhammer 40,000: Tacticus ™"
05:00,1,1621328561,"MONOPOLY GO!"
05:00,2,1482155847,"Royal Match"
05:00,3,1623318294,"Gossip Harbor®: Merge & Story"
05:00,4,553834731,"Candy Crush Saga"
05:00,5,638689075,"Township"
05:00,6,1606549505,"Royal Kingdom"
05:00,7,6479970832,"Pokémon TCG Pocket"
05:00,8,6448786147,"Last War:Survival"
05:00,9,6739554056,"Kingshot"
05:00,10,1176027022,"Toon Blast"
05:00,11,6443575749,"Whiteout Survival"
05:00,12,6503272652,"Last Z: Survival Shooter"
05:00,13,1094591345,"Pokémon GO"
05:00,14,1300146617,"Free Fire: 9th Anniversary"
05:00,15,6471045672,"Tasty Travels: Merge Game"
05:00,16,1105855019,"Gardenscapes"
05:00,17,6449094229,"Match Factory!"
05:00,18,1094930513,"EA SPORTS FC Soccer Mobile 26"
05:00,19,6751056652,"Pixel Flow!"
05:00,20,406889139,"Coin Master"
05:00,21,1243005112,"Lightning Link Casino Slots"
05:00,22,6752672568,"Block Out! - Color Sort Puzzle"
05:00,23,1098157959,"Evony"
05:00,24,1643509748,"Merge Cooking®"
05:00,25,1195621598,"Homescapes: Match 3 Games"
05:00,26,575980917,"Jackpot Party - Casino Slots"
05:00,27,1274132545,"Total Battle: War Strategy"
05:00,28,6475757306,"Disney Solitaire"
05:00,29,1358222641,"DRAGON BALL LEGENDS"
05:00,30,664575829,"Fishdom"
05:00,31,529479190,"Clash of Clans"
05:00,32,6499209744,"Magic Sort!"
05:00,33,1287282214,"Call of Duty®: Mobile"
05:00,34,6503284107,"All in Hole: Black Hole Games"
05:00,35,1123582513,"Cashman Casino Slots Games"
05:00,36,6670441558,"Dark War:Survival"
05:00,37,6740043080,"Screwdom"
05:00,38,1606356401,"Zenless Zone Zero - Anniv."
05:00,39,6483539426,"Fortnite"
05:00,40,850417475,"Candy Crush Soda Saga"
05:00,41,6751270546,"Sword x Staff"
05:00,42,1330123889,"PUBG MOBILE"
05:00,43,1117270703,"eFootball™"
05:00,44,6755183085,"Yarn Loop: Knit Puzzle"
05:00,45,6443755785,"Seaside Escape®: Merge & Story"
05:00,46,6618142292,"Flambé®: Merge and Cook"
05:00,47,6504332779,"Color Block Jam"
05:00,48,945621521,"Quick Hit Casino - Vegas Slots"
05:00,49,6748950306,"Solitaire Associations Journey"
05:00,50,1480516829,"Free Fire MAX"
05:00,51,1484468651,"Dice Dreams™"
05:00,52,307569751,"NYT Games: Wordle & Crossword"
05:00,53,1521236603,"Travel Town - Merge Adventure"
05:00,54,1053012308,"Clash Royale"
05:00,55,890378044,"Toy Blast"
05:00,56,1290086677,"MapleStory M: Fantasy MMORPG"
05:00,57,6475033368,"Wuthering Waves - To Xuanfang"
05:00,58,538212549,"Big Fish Casino: Slots Games"
05:00,59,506627515,"Hay Day"
05:00,60,1642607669,"Game of Thrones: Dragonfire"
05:00,61,1183802626,"Fate/Grand Order (English)"
05:00,62,951627425,"DRAGON BALL Z DOKKAN BATTLE"
05:00,63,1597760047,"OneState RP: Role Play Online"
05:00,64,1376515087,"Age of Origins:Tower Defense"
05:00,65,529996768,"Bingo Blitz™ - BINGO Games"
05:00,66,6615077767,"Bingo Voyage: Live Bingo Games"
05:00,67,6779167923,"Colony Flow!"
05:00,68,921022358,"Star Wars™: Galaxy of Heroes"
05:00,69,1484442152,"Merge Mansion: Puzzles & Story"
05:00,70,6503603603,"Mystery Town: Merge Games"
05:00,71,880047117,"Angry Birds 2"
05:00,72,6754558455,"Marble Sort!"
05:00,73,1558803930,"Matching Story - Merge & Match"
05:00,74,6744812012,"X-Clash: Survival Challenge"
05:00,75,6756989323,"Last Asylum: Plague"
05:00,76,485126024,"DoubleDown™ Casino Vegas Slots"
05:00,77,719525810,"WSOP Poker: Texas Holdem Game"
05:00,78,6756058501,"Jelly Busters: Puzzle Game"
05:00,79,1089225191,"Golf Clash - Golfing Simulator"
05:00,80,1404165333,"Cash Frenzy™ - Slots Casino"
05:00,81,6748084174,"Smash Fest!"
05:00,82,6450110217,"Triple Match City"
05:00,83,1517980891,"Puzzles & Survival"
05:00,84,1356045010,"Lotsa Slots™ - Vegas Casino"
05:00,85,1607122287,"Triple Match 3D"
05:00,86,479516143,"Minecraft: Play with Friends!"
05:00,87,1215145992,"MONOPOLY Slots Casino: Go Spin"
05:00,88,1354260888,"Rise of Kingdoms"
05:00,89,329218549,"Chess.com - Play and Learn"
05:00,90,896112560,"Marvel Contest of Champions"
05:00,91,1522699215,"Love Island: The Game"
05:00,92,1483058899,"Project Makeover"
05:00,93,1462911602,"Dream League Soccer 2026"
05:00,94,6746328263,"Castle Busters"
05:00,95,1356980152,"Jackpot World™ - Casino Slots"
05:00,96,1599719154,"Honkai: Star Rail"
05:00,97,6450834358,"Sunday City: Life Simulator"
05:00,98,1229016807,"Brawl Stars"
05:00,99,1635337354,"Piggy Kingdom - Match 3 Games"
05:00,100,785537179,"Heart of Vegas - Casino Slots"
05:00,101,1091301948,"88 Fortunes™ Casino Slot Games"
05:00,102,6758138698,"Car Sort: Color Puzzle"
05:00,103,1591887467,"Cash Club Casino - Vegas Slots"
05:00,104,6757154335,"Cube Land Puzzle Game"
05:00,105,6741567125,"Clash of Critters"
05:00,106,1206967173,"Yahtzee® with Buddies Dice"
05:00,107,6749251466,"CookieRun: Crumble - Idle RPG"
05:00,108,1585915174,"GODDESS OF VICTORY: NIKKE"
05:00,109,6747028173,"Hole Stars: Puzzle Game"
05:00,110,6745761596,"Coin Master - Board Adventure"
05:00,111,6480433538,"Umamusume: Pretty Derby"
05:00,112,1090242126,"Jackpot Magic Slots & Casino"
05:00,113,6476976929,"Truck Star"
05:00,114,1223338261,"Solitaire Grand Harvest"
05:00,115,543186831,"8 Ball Pool™"
05:00,116,6504324020,"Hexa Away"
05:00,117,6762268182,"Z Route: Redemption"
05:00,118,806393795,"Gold Fish Casino Slots Games"
05:00,119,6769314786,"Food Hunt: Pixel Puzzle"
05:00,120,447553564,"Slotomania™ Slots Machine Game"
05:00,121,6479752688,"Match Villains"
05:00,122,6446389130,"Puzzles & Chaos: Frozen Castle"
05:00,123,6446005634,"Hunting Sniper"
05:00,124,1311478292,"Mighty Fu Casino: Slots Game"
05:00,125,1442061397,"Pokémon Masters EX"
05:00,126,1496227521,"Magic: The Gathering Arena"
05:00,127,852912420,"Summoners War X Frieren"
05:00,128,6738109752,"Tiles Survive!"
05:00,129,6752886832,"Hotel Legacy: Merge Game"
05:00,130,6744547461,"Happy Screw Trip 3D"
05:00,131,6756641249,"hololive Dreams"
05:00,132,6755455500,"Hollywood Merge"
05:00,133,6444043291,"Domino Dreams™"
05:00,134,6444056676,"Tile Family®:Match Puzzle Game"
05:00,135,6504421808,"Car Match - Traffic Puzzle"
05:00,136,1509450845,"CookieRun: Kingdom"
05:00,137,1487911239,"Bingo Frenzy™-Live Bingo Games"
05:00,138,1463509237,"Phase 10: Casual Card Game"
05:00,139,1492005122,"Diablo Immortal"
05:00,140,6751086804,"Dragon Traveler"
05:00,141,6741674823,"Watcher of Realms - US"
05:00,142,6740699102,"Hole It 3D"
05:00,143,6737595599,"Foundation: Galactic Frontier"
05:00,144,1010962391,"Design Home™: House Makeover"
05:00,145,6449294809,"Invincible: Guarding the Globe"
05:00,146,850057092,"The Battle Cats"
05:00,147,603097018,"Caesars Slots - Casino Games"
05:00,148,6482849843,"Goods Puzzle: Sort Challenge"
05:00,149,608206510,"Farm Heroes Saga"
05:00,150,6747875092,"Yarn Fever! Unravel Puzzle"
05:00,151,1354796403,"Golf Rival - Multiplayer Game"
05:00,152,1578212119,"Jackpot Master™ Slots-Casino"
05:00,153,6502820653,"Archero 2"
05:00,154,6746636289,"Forge Master – Idle RPG"
05:00,155,6740618570,"XP Hero"
05:00,156,6446197181,"Glow Fashion Idol"
05:00,157,892521917,"Tiki Solitaire TriPeaks"
05:00,158,1329917539,"Grand Summoners - Anime RPG"
05:00,159,6739124364,"Top Tycoon: Coin Theme Empire"
05:00,160,6692615881,"SD Gundam G Generation ETERNAL"
05:00,161,1371565796,"RAID: Shadow Legends"
05:00,162,6449822109,"Cash Rally - Slots Casino Game"
05:00,163,1487451427,"Infinity Kingdom"
05:00,164,1200391796,"June's Journey: Hidden Objects"
05:00,165,6738469826,"Lands of Jail"
05:00,166,1480805172,"Cash Tornado™ Slots - Casino"
05:00,167,1562817072,"Mob Control"
05:00,168,6740966864,"Dicero!"
05:00,169,887947640,"CSR 2 - Realistic Drag Racing"
05:00,170,6741568655,"Mobile Legends: Bang Bang.US"
05:00,171,1017551780,"Disney Emoji Blitz Game"
05:00,172,1117841866,"Empires & Puzzles: Match-3 RPG"
05:00,173,1216575026,"Matchington Mansion"
05:00,174,1071744151,"War and Order"
05:00,175,1208952944,"Merge Dragons!"
05:00,176,6746151928,"Heartopia"
05:00,177,1198143062,"Ludo STAR"
05:00,178,642727743,"DoubleU Casino™ - Vegas Slots"
05:00,179,806077016,"War Robots Multiplayer Battles"
05:00,180,6759763476,"Bus Traffic Fever!"
05:00,181,6740766025,"Gecko Out"
05:00,182,6739616715,"MapleStory : Idle RPG"
05:00,183,1065980436,"POP! Slots™"
05:00,184,1196764367,"Words With Friends Word Game"
05:00,185,354902315,"Zynga Poker ™ - Texas Hold'em"
05:00,186,6476261995,"Age of Empires Mobile"
05:00,187,521671873,"My Singing Monsters"
05:00,188,1459249040,"Goodville: Farm Game Adventure"
05:00,189,6754839783,"Bubble Word Jam"
05:00,190,1510997559,"Supremacy: World War 3"
05:00,191,6475709488,"Carnival Tycoon: Coin Games"
05:00,192,6450953550,"Top Heroes: Kingdom Saga"
05:00,193,1662335371,"Raid Rush: Tower Defense TD"
05:00,194,1464872022,"Arknights"
05:00,195,6736774022,"Baseball Hits 26"
05:00,196,834185106,"Spades Plus - Card Game"
05:00,197,1662742277,"Solo Leveling:Arise"
05:00,198,6754363534,"Sand Loop"
05:00,199,466965151,"The Sims™ FreePlay"
05:00,200,6757350661,"Police Chief"
06:00,1,1621328561,"MONOPOLY GO!"
06:00,2,1482155847,"Royal Match"
06:00,3,1623318294,"Gossip Harbor®: Merge & Story"
06:00,4,553834731,"Candy Crush Saga"
06:00,5,638689075,"Township"
06:00,6,1606549505,"Royal Kingdom"
06:00,7,6479970832,"Pokémon TCG Pocket"
06:00,8,6448786147,"Last War:Survival"
06:00,9,6739554056,"Kingshot"
06:00,10,1176027022,"Toon Blast"
06:00,11,6443575749,"Whiteout Survival"
06:00,12,6503272652,"Last Z: Survival Shooter"
06:00,13,1094591345,"Pokémon GO"
06:00,14,1300146617,"Free Fire: 9th Anniversary"
06:00,15,6471045672,"Tasty Travels: Merge Game"
06:00,16,1105855019,"Gardenscapes"
06:00,17,6449094229,"Match Factory!"
06:00,18,1094930513,"EA SPORTS FC Soccer Mobile 26"
06:00,19,6751056652,"Pixel Flow!"
06:00,20,406889139,"Coin Master"
06:00,21,1243005112,"Lightning Link Casino Slots"
06:00,22,6752672568,"Block Out! - Color Sort Puzzle"
06:00,23,1098157959,"Evony"
06:00,24,1643509748,"Merge Cooking®"
06:00,25,1195621598,"Homescapes: Match 3 Games"
06:00,26,575980917,"Jackpot Party - Casino Slots"
06:00,27,1274132545,"Total Battle: War Strategy"
06:00,28,6475757306,"Disney Solitaire"
06:00,29,1358222641,"DRAGON BALL LEGENDS"
06:00,30,664575829,"Fishdom"
06:00,31,529479190,"Clash of Clans"
06:00,32,6499209744,"Magic Sort!"
06:00,33,1287282214,"Call of Duty®: Mobile"
06:00,34,6503284107,"All in Hole: Black Hole Games"
06:00,35,1123582513,"Cashman Casino Slots Games"
06:00,36,6670441558,"Dark War:Survival"
06:00,37,6740043080,"Screwdom"
06:00,38,1606356401,"Zenless Zone Zero - Anniv."
06:00,39,6483539426,"Fortnite"
06:00,40,850417475,"Candy Crush Soda Saga"
06:00,41,6751270546,"Sword x Staff"
06:00,42,1330123889,"PUBG MOBILE"
06:00,43,1117270703,"eFootball™"
06:00,44,6755183085,"Yarn Loop: Knit Puzzle"
06:00,45,6443755785,"Seaside Escape®: Merge & Story"
06:00,46,6618142292,"Flambé®: Merge and Cook"
06:00,47,6504332779,"Color Block Jam"
06:00,48,945621521,"Quick Hit Casino - Vegas Slots"
06:00,49,6748950306,"Solitaire Associations Journey"
06:00,50,1480516829,"Free Fire MAX"
06:00,51,1484468651,"Dice Dreams™"
06:00,52,307569751,"NYT Games: Wordle & Crossword"
06:00,53,1521236603,"Travel Town - Merge Adventure"
06:00,54,1053012308,"Clash Royale"
06:00,55,890378044,"Toy Blast"
06:00,56,1290086677,"MapleStory M: Fantasy MMORPG"
06:00,57,6475033368,"Wuthering Waves - To Xuanfang"
06:00,58,538212549,"Big Fish Casino: Slots Games"
06:00,59,506627515,"Hay Day"
06:00,60,1642607669,"Game of Thrones: Dragonfire"
06:00,61,1183802626,"Fate/Grand Order (English)"
06:00,62,951627425,"DRAGON BALL Z DOKKAN BATTLE"
06:00,63,1597760047,"OneState RP: Role Play Online"
06:00,64,1376515087,"Age of Origins:Tower Defense"
06:00,65,529996768,"Bingo Blitz™ - BINGO Games"
06:00,66,6615077767,"Bingo Voyage: Live Bingo Games"
06:00,67,6779167923,"Colony Flow!"
06:00,68,921022358,"Star Wars™: Galaxy of Heroes"
06:00,69,1484442152,"Merge Mansion: Puzzles & Story"
06:00,70,6503603603,"Mystery Town: Merge Games"
06:00,71,880047117,"Angry Birds 2"
06:00,72,6754558455,"Marble Sort!"
06:00,73,1558803930,"Matching Story - Merge & Match"
06:00,74,6744812012,"X-Clash: Survival Challenge"
06:00,75,6756989323,"Last Asylum: Plague"
06:00,76,485126024,"DoubleDown™ Casino Vegas Slots"
06:00,77,719525810,"WSOP Poker: Texas Holdem Game"
06:00,78,6756058501,"Jelly Busters: Puzzle Game"
06:00,79,1089225191,"Golf Clash - Golfing Simulator"
06:00,80,1404165333,"Cash Frenzy™ - Slots Casino"
06:00,81,6748084174,"Smash Fest!"
06:00,82,6450110217,"Triple Match City"
06:00,83,1517980891,"Puzzles & Survival"
06:00,84,1356045010,"Lotsa Slots™ - Vegas Casino"
06:00,85,1607122287,"Triple Match 3D"
06:00,86,479516143,"Minecraft: Play with Friends!"
06:00,87,1215145992,"MONOPOLY Slots Casino: Go Spin"
06:00,88,1354260888,"Rise of Kingdoms"
06:00,89,329218549,"Chess.com - Play and Learn"
06:00,90,896112560,"Marvel Contest of Champions"
06:00,91,1522699215,"Love Island: The Game"
06:00,92,1483058899,"Project Makeover"
06:00,93,1462911602,"Dream League Soccer 2026"
06:00,94,6746328263,"Castle Busters"
06:00,95,1356980152,"Jackpot World™ - Casino Slots"
06:00,96,1599719154,"Honkai: Star Rail"
06:00,97,6450834358,"Sunday City: Life Simulator"
06:00,98,1229016807,"Brawl Stars"
06:00,99,1635337354,"Piggy Kingdom - Match 3 Games"
06:00,100,785537179,"Heart of Vegas - Casino Slots"
06:00,101,1091301948,"88 Fortunes™ Casino Slot Games"
06:00,102,6758138698,"Car Sort: Color Puzzle"
06:00,103,1591887467,"Cash Club Casino - Vegas Slots"
06:00,104,6757154335,"Cube Land Puzzle Game"
06:00,105,6741567125,"Clash of Critters"
06:00,106,1206967173,"Yahtzee® with Buddies Dice"
06:00,107,6749251466,"CookieRun: Crumble - Idle RPG"
06:00,108,1585915174,"GODDESS OF VICTORY: NIKKE"
06:00,109,6747028173,"Hole Stars: Puzzle Game"
06:00,110,6745761596,"Coin Master - Board Adventure"
06:00,111,6480433538,"Umamusume: Pretty Derby"
06:00,112,1090242126,"Jackpot Magic Slots & Casino"
06:00,113,6476976929,"Truck Star"
06:00,114,1223338261,"Solitaire Grand Harvest"
06:00,115,543186831,"8 Ball Pool™"
06:00,116,6504324020,"Hexa Away"
06:00,117,6762268182,"Z Route: Redemption"
06:00,118,806393795,"Gold Fish Casino Slots Games"
06:00,119,6769314786,"Food Hunt: Pixel Puzzle"
06:00,120,447553564,"Slotomania™ Slots Machine Game"
06:00,121,6479752688,"Match Villains"
06:00,122,6446389130,"Puzzles & Chaos: Frozen Castle"
06:00,123,6446005634,"Hunting Sniper"
06:00,124,1311478292,"Mighty Fu Casino: Slots Game"
06:00,125,1442061397,"Pokémon Masters EX"
06:00,126,1496227521,"Magic: The Gathering Arena"
06:00,127,852912420,"Summoners War X Frieren"
06:00,128,6738109752,"Tiles Survive!"
06:00,129,6752886832,"Hotel Legacy: Merge Game"
06:00,130,6744547461,"Happy Screw Trip 3D"
06:00,131,6756641249,"hololive Dreams"
06:00,132,6755455500,"Hollywood Merge"
06:00,133,6444043291,"Domino Dreams™"
06:00,134,6444056676,"Tile Family®:Match Puzzle Game"
06:00,135,6504421808,"Car Match - Traffic Puzzle"
06:00,136,1509450845,"CookieRun: Kingdom"
06:00,137,1487911239,"Bingo Frenzy™-Live Bingo Games"
06:00,138,1463509237,"Phase 10: Casual Card Game"
06:00,139,1492005122,"Diablo Immortal"
06:00,140,6751086804,"Dragon Traveler"
06:00,141,6741674823,"Watcher of Realms - US"
06:00,142,6740699102,"Hole It 3D"
06:00,143,6737595599,"Foundation: Galactic Frontier"
06:00,144,1010962391,"Design Home™: House Makeover"
06:00,145,6449294809,"Invincible: Guarding the Globe"
06:00,146,850057092,"The Battle Cats"
06:00,147,603097018,"Caesars Slots - Casino Games"
06:00,148,6482849843,"Goods Puzzle: Sort Challenge"
06:00,149,608206510,"Farm Heroes Saga"
06:00,150,6747875092,"Yarn Fever! Unravel Puzzle"
06:00,151,1354796403,"Golf Rival - Multiplayer Game"
06:00,152,1578212119,"Jackpot Master™ Slots-Casino"
06:00,153,6502820653,"Archero 2"
06:00,154,6746636289,"Forge Master – Idle RPG"
06:00,155,6740618570,"XP Hero"
06:00,156,6446197181,"Glow Fashion Idol"
06:00,157,892521917,"Tiki Solitaire TriPeaks"
06:00,158,1329917539,"Grand Summoners - Anime RPG"
06:00,159,6739124364,"Top Tycoon: Coin Theme Empire"
06:00,160,6692615881,"SD Gundam G Generation ETERNAL"
06:00,161,1371565796,"RAID: Shadow Legends"
06:00,162,6449822109,"Cash Rally - Slots Casino Game"
06:00,163,1487451427,"Infinity Kingdom"
06:00,164,1200391796,"June's Journey: Hidden Objects"
06:00,165,6738469826,"Lands of Jail"
06:00,166,1480805172,"Cash Tornado™ Slots - Casino"
06:00,167,1562817072,"Mob Control"
06:00,168,6740966864,"Dicero!"
06:00,169,887947640,"CSR 2 - Realistic Drag Racing"
06:00,170,6741568655,"Mobile Legends: Bang Bang.US"
06:00,171,1017551780,"Disney Emoji Blitz Game"
06:00,172,1117841866,"Empires & Puzzles: Match-3 RPG"
06:00,173,1216575026,"Matchington Mansion"
06:00,174,1071744151,"War and Order"
06:00,175,1208952944,"Merge Dragons!"
06:00,176,6746151928,"Heartopia"
06:00,177,1198143062,"Ludo STAR"
06:00,178,642727743,"DoubleU Casino™ - Vegas Slots"
06:00,179,806077016,"War Robots Multiplayer Battles"
06:00,180,6759763476,"Bus Traffic Fever!"
06:00,181,6740766025,"Gecko Out"
06:00,182,6739616715,"MapleStory : Idle RPG"
06:00,183,1065980436,"POP! Slots™"
06:00,184,1196764367,"Words With Friends Word Game"
06:00,185,354902315,"Zynga Poker ™ - Texas Hold'em"
06:00,186,6476261995,"Age of Empires Mobile"
06:00,187,521671873,"My Singing Monsters"
06:00,188,1459249040,"Goodville: Farm Game Adventure"
06:00,189,6754839783,"Bubble Word Jam"
06:00,190,1510997559,"Supremacy: World War 3"
06:00,191,6475709488,"Carnival Tycoon: Coin Games"
06:00,192,6450953550,"Top Heroes: Kingdom Saga"
06:00,193,1662335371,"Raid Rush: Tower Defense TD"
06:00,194,1464872022,"Arknights"
06:00,195,6736774022,"Baseball Hits 26"
06:00,196,834185106,"Spades Plus - Card Game"
06:00,197,1662742277,"Solo Leveling:Arise"
06:00,198,6754363534,"Sand Loop"
06:00,199,466965151,"The Sims™ FreePlay"
06:00,200,6757350661,"Police Chief"
07:00,1,1621328561,"MONOPOLY GO!"
07:00,2,1482155847,"Royal Match"
07:00,3,1623318294,"Gossip Harbor®: Merge & Story"
07:00,4,553834731,"Candy Crush Saga"
07:00,5,638689075,"Township"
07:00,6,1606549505,"Royal Kingdom"
07:00,7,6479970832,"Pokémon TCG Pocket"
07:00,8,6448786147,"Last War:Survival"
07:00,9,6739554056,"Kingshot"
07:00,10,1176027022,"Toon Blast"
07:00,11,6443575749,"Whiteout Survival"
07:00,12,6503272652,"Last Z: Survival Shooter"
07:00,13,1094591345,"Pokémon GO"
07:00,14,1300146617,"Free Fire: 9th Anniversary"
07:00,15,6471045672,"Tasty Travels: Merge Game"
07:00,16,1105855019,"Gardenscapes"
07:00,17,6449094229,"Match Factory!"
07:00,18,1094930513,"EA SPORTS FC Soccer Mobile 26"
07:00,19,6751056652,"Pixel Flow!"
07:00,20,406889139,"Coin Master"
07:00,21,1243005112,"Lightning Link Casino Slots"
07:00,22,6752672568,"Block Out! - Color Sort Puzzle"
07:00,23,1098157959,"Evony"
07:00,24,1643509748,"Merge Cooking®"
07:00,25,1195621598,"Homescapes: Match 3 Games"
07:00,26,575980917,"Jackpot Party - Casino Slots"
07:00,27,1274132545,"Total Battle: War Strategy"
07:00,28,6475757306,"Disney Solitaire"
07:00,29,1358222641,"DRAGON BALL LEGENDS"
07:00,30,664575829,"Fishdom"
07:00,31,529479190,"Clash of Clans"
07:00,32,6499209744,"Magic Sort!"
07:00,33,1287282214,"Call of Duty®: Mobile"
07:00,34,6503284107,"All in Hole: Black Hole Games"
07:00,35,1123582513,"Cashman Casino Slots Games"
07:00,36,6670441558,"Dark War:Survival"
07:00,37,6740043080,"Screwdom"
07:00,38,1606356401,"Zenless Zone Zero - Anniv."
07:00,39,6483539426,"Fortnite"
07:00,40,850417475,"Candy Crush Soda Saga"
07:00,41,6751270546,"Sword x Staff"
07:00,42,1330123889,"PUBG MOBILE"
07:00,43,1117270703,"eFootball™"
07:00,44,6755183085,"Yarn Loop: Knit Puzzle"
07:00,45,6443755785,"Seaside Escape®: Merge & Story"
07:00,46,6618142292,"Flambé®: Merge and Cook"
07:00,47,6504332779,"Color Block Jam"
07:00,48,945621521,"Quick Hit Casino - Vegas Slots"
07:00,49,6748950306,"Solitaire Associations Journey"
07:00,50,1480516829,"Free Fire MAX"
07:00,51,1484468651,"Dice Dreams™"
07:00,52,307569751,"NYT Games: Wordle & Crossword"
07:00,53,1521236603,"Travel Town - Merge Adventure"
07:00,54,1053012308,"Clash Royale"
07:00,55,890378044,"Toy Blast"
07:00,56,1290086677,"MapleStory M: Fantasy MMORPG"
07:00,57,6475033368,"Wuthering Waves - To Xuanfang"
07:00,58,538212549,"Big Fish Casino: Slots Games"
07:00,59,506627515,"Hay Day"
07:00,60,1642607669,"Game of Thrones: Dragonfire"
07:00,61,1183802626,"Fate/Grand Order (English)"
07:00,62,951627425,"DRAGON BALL Z DOKKAN BATTLE"
07:00,63,1597760047,"OneState RP: Role Play Online"
07:00,64,1376515087,"Age of Origins:Tower Defense"
07:00,65,529996768,"Bingo Blitz™ - BINGO Games"
07:00,66,6615077767,"Bingo Voyage: Live Bingo Games"
07:00,67,6779167923,"Colony Flow!"
07:00,68,921022358,"Star Wars™: Galaxy of Heroes"
07:00,69,1484442152,"Merge Mansion: Puzzles & Story"
07:00,70,6503603603,"Mystery Town: Merge Games"
07:00,71,880047117,"Angry Birds 2"
07:00,72,6754558455,"Marble Sort!"
07:00,73,1558803930,"Matching Story - Merge & Match"
07:00,74,6744812012,"X-Clash: Survival Challenge"
07:00,75,6756989323,"Last Asylum: Plague"
07:00,76,485126024,"DoubleDown™ Casino Vegas Slots"
07:00,77,719525810,"WSOP Poker: Texas Holdem Game"
07:00,78,6756058501,"Jelly Busters: Puzzle Game"
07:00,79,1089225191,"Golf Clash - Golfing Simulator"
07:00,80,1404165333,"Cash Frenzy™ - Slots Casino"
07:00,81,6748084174,"Smash Fest!"
07:00,82,6450110217,"Triple Match City"
07:00,83,1517980891,"Puzzles & Survival"
07:00,84,1356045010,"Lotsa Slots™ - Vegas Casino"
07:00,85,1607122287,"Triple Match 3D"
07:00,86,479516143,"Minecraft: Play with Friends!"
07:00,87,1215145992,"MONOPOLY Slots Casino: Go Spin"
07:00,88,1354260888,"Rise of Kingdoms"
07:00,89,329218549,"Chess.com - Play and Learn"
07:00,90,896112560,"Marvel Contest of Champions"
07:00,91,1522699215,"Love Island: The Game"
07:00,92,1483058899,"Project Makeover"
07:00,93,1462911602,"Dream League Soccer 2026"
07:00,94,6746328263,"Castle Busters"
07:00,95,1356980152,"Jackpot World™ - Casino Slots"
07:00,96,1599719154,"Honkai: Star Rail"
07:00,97,6450834358,"Sunday City: Life Simulator"
07:00,98,1229016807,"Brawl Stars"
07:00,99,1635337354,"Piggy Kingdom - Match 3 Games"
07:00,100,785537179,"Heart of Vegas - Casino Slots"
07:00,101,1091301948,"88 Fortunes™ Casino Slot Games"
07:00,102,6758138698,"Car Sort: Color Puzzle"
07:00,103,1591887467,"Cash Club Casino - Vegas Slots"
07:00,104,6757154335,"Cube Land Puzzle Game"
07:00,105,6741567125,"Clash of Critters"
07:00,106,1206967173,"Yahtzee® with Buddies Dice"
07:00,107,6749251466,"CookieRun: Crumble - Idle RPG"
07:00,108,1585915174,"GODDESS OF VICTORY: NIKKE"
07:00,109,6747028173,"Hole Stars: Puzzle Game"
07:00,110,6745761596,"Coin Master - Board Adventure"
07:00,111,6480433538,"Umamusume: Pretty Derby"
07:00,112,1090242126,"Jackpot Magic Slots & Casino"
07:00,113,6476976929,"Truck Star"
07:00,114,1223338261,"Solitaire Grand Harvest"
07:00,115,543186831,"8 Ball Pool™"
07:00,116,6504324020,"Hexa Away"
07:00,117,6762268182,"Z Route: Redemption"
07:00,118,806393795,"Gold Fish Casino Slots Games"
07:00,119,6769314786,"Food Hunt: Pixel Puzzle"
07:00,120,447553564,"Slotomania™ Slots Machine Game"
07:00,121,6479752688,"Match Villains"
07:00,122,6446389130,"Puzzles & Chaos: Frozen Castle"
07:00,123,6446005634,"Hunting Sniper"
07:00,124,1311478292,"Mighty Fu Casino: Slots Game"
07:00,125,1442061397,"Pokémon Masters EX"
07:00,126,1496227521,"Magic: The Gathering Arena"
07:00,127,852912420,"Summoners War X Frieren"
07:00,128,6738109752,"Tiles Survive!"
07:00,129,6752886832,"Hotel Legacy: Merge Game"
07:00,130,6744547461,"Happy Screw Trip 3D"
07:00,131,6756641249,"hololive Dreams"
07:00,132,6755455500,"Hollywood Merge"
07:00,133,6444043291,"Domino Dreams™"
07:00,134,6444056676,"Tile Family®:Match Puzzle Game"
07:00,135,6504421808,"Car Match - Traffic Puzzle"
07:00,136,1509450845,"CookieRun: Kingdom"
07:00,137,1487911239,"Bingo Frenzy™-Live Bingo Games"
07:00,138,1463509237,"Phase 10: Casual Card Game"
07:00,139,1492005122,"Diablo Immortal"
07:00,140,6751086804,"Dragon Traveler"
07:00,141,6741674823,"Watcher of Realms - US"
07:00,142,6740699102,"Hole It 3D"
07:00,143,6737595599,"Foundation: Galactic Frontier"
07:00,144,1010962391,"Design Home™: House Makeover"
07:00,145,6449294809,"Invincible: Guarding the Globe"
07:00,146,850057092,"The Battle Cats"
07:00,147,603097018,"Caesars Slots - Casino Games"
07:00,148,6482849843,"Goods Puzzle: Sort Challenge"
07:00,149,608206510,"Farm Heroes Saga"
07:00,150,6747875092,"Yarn Fever! Unravel Puzzle"
07:00,151,1354796403,"Golf Rival - Multiplayer Game"
07:00,152,1578212119,"Jackpot Master™ Slots-Casino"
07:00,153,6502820653,"Archero 2"
07:00,154,6746636289,"Forge Master – Idle RPG"
07:00,155,6740618570,"XP Hero"
07:00,156,6446197181,"Glow Fashion Idol"
07:00,157,892521917,"Tiki Solitaire TriPeaks"
07:00,158,1329917539,"Grand Summoners - Anime RPG"
07:00,159,6739124364,"Top Tycoon: Coin Theme Empire"
07:00,160,6692615881,"SD Gundam G Generation ETERNAL"
07:00,161,1371565796,"RAID: Shadow Legends"
07:00,162,6449822109,"Cash Rally - Slots Casino Game"
07:00,163,1487451427,"Infinity Kingdom"
07:00,164,1200391796,"June's Journey: Hidden Objects"
07:00,165,6738469826,"Lands of Jail"
07:00,166,1480805172,"Cash Tornado™ Slots - Casino"
07:00,167,1562817072,"Mob Control"
07:00,168,6740966864,"Dicero!"
07:00,169,887947640,"CSR 2 - Realistic Drag Racing"
07:00,170,6741568655,"Mobile Legends: Bang Bang.US"
07:00,171,1017551780,"Disney Emoji Blitz Game"
07:00,172,1117841866,"Empires & Puzzles: Match-3 RPG"
07:00,173,1216575026,"Matchington Mansion"
07:00,174,1071744151,"War and Order"
07:00,175,1208952944,"Merge Dragons!"
07:00,176,6746151928,"Heartopia"
07:00,177,1198143062,"Ludo STAR"
07:00,178,642727743,"DoubleU Casino™ - Vegas Slots"
07:00,179,806077016,"War Robots Multiplayer Battles"
07:00,180,6759763476,"Bus Traffic Fever!"
07:00,181,6740766025,"Gecko Out"
07:00,182,6739616715,"MapleStory : Idle RPG"
07:00,183,1065980436,"POP! Slots™"
07:00,184,1196764367,"Words With Friends Word Game"
07:00,185,354902315,"Zynga Poker ™ - Texas Hold'em"
07:00,186,6476261995,"Age of Empires Mobile"
07:00,187,521671873,"My Singing Monsters"
07:00,188,1459249040,"Goodville: Farm Game Adventure"
07:00,189,6754839783,"Bubble Word Jam"
07:00,190,1510997559,"Supremacy: World War 3"
07:00,191,6475709488,"Carnival Tycoon: Coin Games"
07:00,192,6450953550,"Top Heroes: Kingdom Saga"
07:00,193,1662335371,"Raid Rush: Tower Defense TD"
07:00,194,1464872022,"Arknights"
07:00,195,6736774022,"Baseball Hits 26"
07:00,196,834185106,"Spades Plus - Card Game"
07:00,197,1662742277,"Solo Leveling:Arise"
07:00,198,6754363534,"Sand Loop"
07:00,199,466965151,"The Sims™ FreePlay"
07:00,200,6757350661,"Police Chief"
08:00,1,1621328561,"MONOPOLY GO!"
08:00,2,1482155847,"Royal Match"
08:00,3,1623318294,"Gossip Harbor®: Merge & Story"
08:00,4,553834731,"Candy Crush Saga"
08:00,5,638689075,"Township"
08:00,6,1606549505,"Royal Kingdom"
08:00,7,6479970832,"Pokémon TCG Pocket"
08:00,8,6448786147,"Last War:Survival"
08:00,9,6739554056,"Kingshot"
08:00,10,1176027022,"Toon Blast"
08:00,11,6443575749,"Whiteout Survival"
08:00,12,1094591345,"Pokémon GO"
08:00,13,6503272652,"Last Z: Survival Shooter"
08:00,14,6471045672,"Tasty Travels: Merge Game"
08:00,15,1300146617,"Free Fire: 9th Anniversary"
08:00,16,1105855019,"Gardenscapes"
08:00,17,6449094229,"Match Factory!"
08:00,18,1094930513,"EA SPORTS FC Soccer Mobile 26"
08:00,19,6751056652,"Pixel Flow!"
08:00,20,406889139,"Coin Master"
08:00,21,1098157959,"Evony"
08:00,22,6752672568,"Block Out! - Color Sort Puzzle"
08:00,23,1243005112,"Lightning Link Casino Slots"
08:00,24,1195621598,"Homescapes: Match 3 Games"
08:00,25,1643509748,"Merge Cooking®"
08:00,26,1274132545,"Total Battle: War Strategy"
08:00,27,575980917,"Jackpot Party - Casino Slots"
08:00,28,6475757306,"Disney Solitaire"
08:00,29,1358222641,"DRAGON BALL LEGENDS"
08:00,30,664575829,"Fishdom"
08:00,31,529479190,"Clash of Clans"
08:00,32,6499209744,"Magic Sort!"
08:00,33,1287282214,"Call of Duty®: Mobile"
08:00,34,6503284107,"All in Hole: Black Hole Games"
08:00,35,1123582513,"Cashman Casino Slots Games"
08:00,36,6740043080,"Screwdom"
08:00,37,6670441558,"Dark War:Survival"
08:00,38,1606356401,"Zenless Zone Zero - Anniv."
08:00,39,6483539426,"Fortnite"
08:00,40,850417475,"Candy Crush Soda Saga"
08:00,41,6751270546,"Sword x Staff"
08:00,42,6755183085,"Yarn Loop: Knit Puzzle"
08:00,43,1330123889,"PUBG MOBILE"
08:00,44,1117270703,"eFootball™"
08:00,45,6504332779,"Color Block Jam"
08:00,46,6618142292,"Flambé®: Merge and Cook"
08:00,47,945621521,"Quick Hit Casino - Vegas Slots"
08:00,48,6443755785,"Seaside Escape®: Merge & Story"
08:00,49,6748950306,"Solitaire Associations Journey"
08:00,50,1484468651,"Dice Dreams™"
08:00,51,307569751,"NYT Games: Wordle & Crossword"
08:00,52,1480516829,"Free Fire MAX"
08:00,53,1053012308,"Clash Royale"
08:00,54,1521236603,"Travel Town - Merge Adventure"
08:00,55,890378044,"Toy Blast"
08:00,56,538212549,"Big Fish Casino: Slots Games"
08:00,57,1642607669,"Game of Thrones: Dragonfire"
08:00,58,1290086677,"MapleStory M: Fantasy MMORPG"
08:00,59,529996768,"Bingo Blitz™ - BINGO Games"
08:00,60,6475033368,"Wuthering Waves - To Xuanfang"
08:00,61,506627515,"Hay Day"
08:00,62,1183802626,"Fate/Grand Order (English)"
08:00,63,6615077767,"Bingo Voyage: Live Bingo Games"
08:00,64,6779167923,"Colony Flow!"
08:00,65,1597760047,"OneState RP: Role Play Online"
08:00,66,951627425,"DRAGON BALL Z DOKKAN BATTLE"
08:00,67,1484442152,"Merge Mansion: Puzzles & Story"
08:00,68,1376515087,"Age of Origins:Tower Defense"
08:00,69,921022358,"Star Wars™: Galaxy of Heroes"
08:00,70,880047117,"Angry Birds 2"
08:00,71,6754558455,"Marble Sort!"
08:00,72,6503603603,"Mystery Town: Merge Games"
08:00,73,1558803930,"Matching Story - Merge & Match"
08:00,74,6756989323,"Last Asylum: Plague"
08:00,75,6744812012,"X-Clash: Survival Challenge"
08:00,76,719525810,"WSOP Poker: Texas Holdem Game"
08:00,77,1089225191,"Golf Clash - Golfing Simulator"
08:00,78,485126024,"DoubleDown™ Casino Vegas Slots"
08:00,79,6756058501,"Jelly Busters: Puzzle Game"
08:00,80,1356045010,"Lotsa Slots™ - Vegas Casino"
08:00,81,6748084174,"Smash Fest!"
08:00,82,1607122287,"Triple Match 3D"
08:00,83,479516143,"Minecraft: Play with Friends!"
08:00,84,6450110217,"Triple Match City"
08:00,85,1404165333,"Cash Frenzy™ - Slots Casino"
08:00,86,1517980891,"Puzzles & Survival"
08:00,87,1215145992,"MONOPOLY Slots Casino: Go Spin"
08:00,88,329218549,"Chess.com - Play and Learn"
08:00,89,896112560,"Marvel Contest of Champions"
08:00,90,1462911602,"Dream League Soccer 2026"
08:00,91,6746328263,"Castle Busters"
08:00,92,1354260888,"Rise of Kingdoms"
08:00,93,1522699215,"Love Island: The Game"
08:00,94,1483058899,"Project Makeover"
08:00,95,1229016807,"Brawl Stars"
08:00,96,6450834358,"Sunday City: Life Simulator"
08:00,97,1599719154,"Honkai: Star Rail"
08:00,98,1356980152,"Jackpot World™ - Casino Slots"
08:00,99,1635337354,"Piggy Kingdom - Match 3 Games"
08:00,100,785537179,"Heart of Vegas - Casino Slots"
08:00,101,6758138698,"Car Sort: Color Puzzle"
08:00,102,6757154335,"Cube Land Puzzle Game"
08:00,103,1091301948,"88 Fortunes™ Casino Slot Games"
08:00,104,1591887467,"Cash Club Casino - Vegas Slots"
08:00,105,6480433538,"Umamusume: Pretty Derby"
08:00,106,1206967173,"Yahtzee® with Buddies Dice"
08:00,107,6749251466,"CookieRun: Crumble - Idle RPG"
08:00,108,1585915174,"GODDESS OF VICTORY: NIKKE"
08:00,109,6745761596,"Coin Master - Board Adventure"
08:00,110,6741567125,"Clash of Critters"
08:00,111,6747028173,"Hole Stars: Puzzle Game"
08:00,112,1223338261,"Solitaire Grand Harvest"
08:00,113,1090242126,"Jackpot Magic Slots & Casino"
08:00,114,6476976929,"Truck Star"
08:00,115,6762268182,"Z Route: Redemption"
08:00,116,543186831,"8 Ball Pool™"
08:00,117,6769314786,"Food Hunt: Pixel Puzzle"
08:00,118,806393795,"Gold Fish Casino Slots Games"
08:00,119,6504324020,"Hexa Away"
08:00,120,1496227521,"Magic: The Gathering Arena"
08:00,121,6479752688,"Match Villains"
08:00,122,1442061397,"Pokémon Masters EX"
08:00,123,6446005634,"Hunting Sniper"
08:00,124,447553564,"Slotomania™ Slots Machine Game"
08:00,125,6446389130,"Puzzles & Chaos: Frozen Castle"
08:00,126,6752886832,"Hotel Legacy: Merge Game"
08:00,127,1311478292,"Mighty Fu Casino: Slots Game"
08:00,128,852912420,"Summoners War X Frieren"
08:00,129,6738109752,"Tiles Survive!"
08:00,130,6744547461,"Happy Screw Trip 3D"
08:00,131,6444043291,"Domino Dreams™"
08:00,132,6444056676,"Tile Family®:Match Puzzle Game"
08:00,133,6755455500,"Hollywood Merge"
08:00,134,1463509237,"Phase 10: Casual Card Game"
08:00,135,1487911239,"Bingo Frenzy™-Live Bingo Games"
08:00,136,6741674823,"Watcher of Realms - US"
08:00,137,6504421808,"Car Match - Traffic Puzzle"
08:00,138,6756641249,"hololive Dreams"
08:00,139,1509450845,"CookieRun: Kingdom"
08:00,140,1492005122,"Diablo Immortal"
08:00,141,6740699102,"Hole It 3D"
08:00,142,6751086804,"Dragon Traveler"
08:00,143,6449294809,"Invincible: Guarding the Globe"
08:00,144,6737595599,"Foundation: Galactic Frontier"
08:00,145,1010962391,"Design Home™: House Makeover"
08:00,146,850057092,"The Battle Cats"
08:00,147,892521917,"Tiki Solitaire TriPeaks"
08:00,148,1354796403,"Golf Rival - Multiplayer Game"
08:00,149,603097018,"Caesars Slots - Casino Games"
08:00,150,1329917539,"Grand Summoners - Anime RPG"
08:00,151,6482849843,"Goods Puzzle: Sort Challenge"
08:00,152,608206510,"Farm Heroes Saga"
08:00,153,1578212119,"Jackpot Master™ Slots-Casino"
08:00,154,6747875092,"Yarn Fever! Unravel Puzzle"
08:00,155,6740618570,"XP Hero"
08:00,156,6446197181,"Glow Fashion Idol"
08:00,157,6740966864,"Dicero!"
08:00,158,6502820653,"Archero 2"
08:00,159,6746636289,"Forge Master – Idle RPG"
08:00,160,1371565796,"RAID: Shadow Legends"
08:00,161,1480805172,"Cash Tornado™ Slots - Casino"
08:00,162,1200391796,"June's Journey: Hidden Objects"
08:00,163,6739124364,"Top Tycoon: Coin Theme Empire"
08:00,164,6692615881,"SD Gundam G Generation ETERNAL"
08:00,165,6449822109,"Cash Rally - Slots Casino Game"
08:00,166,6738469826,"Lands of Jail"
08:00,167,1487451427,"Infinity Kingdom"
08:00,168,1562817072,"Mob Control"
08:00,169,887947640,"CSR 2 - Realistic Drag Racing"
08:00,170,6741568655,"Mobile Legends: Bang Bang.US"
08:00,171,1117841866,"Empires & Puzzles: Match-3 RPG"
08:00,172,1208952944,"Merge Dragons!"
08:00,173,1017551780,"Disney Emoji Blitz Game"
08:00,174,1198143062,"Ludo STAR"
08:00,175,1216575026,"Matchington Mansion"
08:00,176,1479198816,"Top War: Battle Game"
08:00,177,806077016,"War Robots Multiplayer Battles"
08:00,178,6746151928,"Heartopia"
08:00,179,642727743,"DoubleU Casino™ - Vegas Slots"
08:00,180,1071744151,"War and Order"
08:00,181,6740766025,"Gecko Out"
08:00,182,1196764367,"Words With Friends Word Game"
08:00,183,6739616715,"MapleStory : Idle RPG"
08:00,184,6759763476,"Bus Traffic Fever!"
08:00,185,1459249040,"Goodville: Farm Game Adventure"
08:00,186,1065980436,"POP! Slots™"
08:00,187,1510997559,"Supremacy: World War 3"
08:00,188,6754839783,"Bubble Word Jam"
08:00,189,354902315,"Zynga Poker ™ - Texas Hold'em"
08:00,190,791211390,"Jurassic World™: The Game"
08:00,191,834185106,"Spades Plus - Card Game"
08:00,192,521671873,"My Singing Monsters"
08:00,193,1662335371,"Raid Rush: Tower Defense TD"
08:00,194,6475709488,"Carnival Tycoon: Coin Games"
08:00,195,1517783697,"Genshin Impact"
08:00,196,6754363534,"Sand Loop"
08:00,197,6736774022,"Baseball Hits 26"
08:00,198,1528941310,"Survivor!.io"
08:00,199,6476261995,"Age of Empires Mobile"
08:00,200,466965151,"The Sims™ FreePlay"
10:00,1,1621328561,"MONOPOLY GO!"
10:00,2,1482155847,"Royal Match"
10:00,3,1623318294,"Gossip Harbor®: Merge & Story"
10:00,4,553834731,"Candy Crush Saga"
10:00,5,638689075,"Township"
10:00,6,1606549505,"Royal Kingdom"
10:00,7,6479970832,"Pokémon TCG Pocket"
10:00,8,6448786147,"Last War:Survival"
10:00,9,6739554056,"Kingshot"
10:00,10,1176027022,"Toon Blast"
10:00,11,6443575749,"Whiteout Survival"
10:00,12,1094591345,"Pokémon GO"
10:00,13,6503272652,"Last Z: Survival Shooter"
10:00,14,6471045672,"Tasty Travels: Merge Game"
10:00,15,1300146617,"Free Fire: 9th Anniversary"
10:00,16,1105855019,"Gardenscapes"
10:00,17,6449094229,"Match Factory!"
10:00,18,1094930513,"EA SPORTS FC Soccer Mobile 26"
10:00,19,6751056652,"Pixel Flow!"
10:00,20,406889139,"Coin Master"
10:00,21,1098157959,"Evony"
10:00,22,6752672568,"Block Out! - Color Sort Puzzle"
10:00,23,1243005112,"Lightning Link Casino Slots"
10:00,24,1195621598,"Homescapes: Match 3 Games"
10:00,25,1643509748,"Merge Cooking®"
10:00,26,1274132545,"Total Battle: War Strategy"
10:00,27,575980917,"Jackpot Party - Casino Slots"
10:00,28,6475757306,"Disney Solitaire"
10:00,29,1358222641,"DRAGON BALL LEGENDS"
10:00,30,664575829,"Fishdom"
10:00,31,529479190,"Clash of Clans"
10:00,32,6499209744,"Magic Sort!"
10:00,33,1287282214,"Call of Duty®: Mobile"
10:00,34,6503284107,"All in Hole: Black Hole Games"
10:00,35,1123582513,"Cashman Casino Slots Games"
10:00,36,6740043080,"Screwdom"
10:00,37,6670441558,"Dark War:Survival"
10:00,38,1606356401,"Zenless Zone Zero - Anniv."
10:00,39,6483539426,"Fortnite"
10:00,40,850417475,"Candy Crush Soda Saga"
10:00,41,6751270546,"Sword x Staff"
10:00,42,6755183085,"Yarn Loop: Knit Puzzle"
10:00,43,1330123889,"PUBG MOBILE"
10:00,44,1117270703,"eFootball™"
10:00,45,6504332779,"Color Block Jam"
10:00,46,6618142292,"Flambé®: Merge and Cook"
10:00,47,945621521,"Quick Hit Casino - Vegas Slots"
10:00,48,6443755785,"Seaside Escape®: Merge & Story"
10:00,49,6748950306,"Solitaire Associations Journey"
10:00,50,1484468651,"Dice Dreams™"
10:00,51,307569751,"NYT Games: Wordle & Crossword"
10:00,52,1480516829,"Free Fire MAX"
10:00,53,1053012308,"Clash Royale"
10:00,54,1521236603,"Travel Town - Merge Adventure"
10:00,55,890378044,"Toy Blast"
10:00,56,538212549,"Big Fish Casino: Slots Games"
10:00,57,1642607669,"Game of Thrones: Dragonfire"
10:00,58,1290086677,"MapleStory M: Fantasy MMORPG"
10:00,59,529996768,"Bingo Blitz™ - BINGO Games"
10:00,60,6475033368,"Wuthering Waves - To Xuanfang"
10:00,61,506627515,"Hay Day"
10:00,62,1183802626,"Fate/Grand Order (English)"
10:00,63,6615077767,"Bingo Voyage: Live Bingo Games"
10:00,64,6779167923,"Colony Flow!"
10:00,65,1597760047,"OneState RP: Role Play Online"
10:00,66,951627425,"DRAGON BALL Z DOKKAN BATTLE"
10:00,67,1484442152,"Merge Mansion: Puzzles & Story"
10:00,68,1376515087,"Age of Origins:Tower Defense"
10:00,69,921022358,"Star Wars™: Galaxy of Heroes"
10:00,70,880047117,"Angry Birds 2"
10:00,71,6754558455,"Marble Sort!"
10:00,72,6503603603,"Mystery Town: Merge Games"
10:00,73,1558803930,"Matching Story - Merge & Match"
10:00,74,6756989323,"Last Asylum: Plague"
10:00,75,6744812012,"X-Clash: Survival Challenge"
10:00,76,719525810,"WSOP Poker: Texas Holdem Game"
10:00,77,1089225191,"Golf Clash - Golfing Simulator"
10:00,78,485126024,"DoubleDown™ Casino Vegas Slots"
10:00,79,6756058501,"Jelly Busters: Puzzle Game"
10:00,80,1356045010,"Lotsa Slots™ - Vegas Casino"
10:00,81,6748084174,"Smash Fest!"
10:00,82,1607122287,"Triple Match 3D"
10:00,83,479516143,"Minecraft: Play with Friends!"
10:00,84,6450110217,"Triple Match City"
10:00,85,1404165333,"Cash Frenzy™ - Slots Casino"
10:00,86,1517980891,"Puzzles & Survival"
10:00,87,1215145992,"MONOPOLY Slots Casino: Go Spin"
10:00,88,329218549,"Chess.com - Play and Learn"
10:00,89,896112560,"Marvel Contest of Champions"
10:00,90,1462911602,"Dream League Soccer 2026"
10:00,91,6746328263,"Castle Busters"
10:00,92,1354260888,"Rise of Kingdoms"
10:00,93,1522699215,"Love Island: The Game"
10:00,94,1483058899,"Project Makeover"
10:00,95,1229016807,"Brawl Stars"
10:00,96,6450834358,"Sunday City: Life Simulator"
10:00,97,1599719154,"Honkai: Star Rail"
10:00,98,1356980152,"Jackpot World™ - Casino Slots"
10:00,99,1635337354,"Piggy Kingdom - Match 3 Games"
10:00,100,785537179,"Heart of Vegas - Casino Slots"
10:00,101,6758138698,"Car Sort: Color Puzzle"
10:00,102,6757154335,"Cube Land Puzzle Game"
10:00,103,1091301948,"88 Fortunes™ Casino Slot Games"
10:00,104,1591887467,"Cash Club Casino - Vegas Slots"
10:00,105,6480433538,"Umamusume: Pretty Derby"
10:00,106,1206967173,"Yahtzee® with Buddies Dice"
10:00,107,6749251466,"CookieRun: Crumble - Idle RPG"
10:00,108,1585915174,"GODDESS OF VICTORY: NIKKE"
10:00,109,6745761596,"Coin Master - Board Adventure"
10:00,110,6741567125,"Clash of Critters"
10:00,111,6747028173,"Hole Stars: Puzzle Game"
10:00,112,1223338261,"Solitaire Grand Harvest"
10:00,113,1090242126,"Jackpot Magic Slots & Casino"
10:00,114,6476976929,"Truck Star"
10:00,115,6762268182,"Z Route: Redemption"
10:00,116,543186831,"8 Ball Pool™"
10:00,117,6769314786,"Food Hunt: Pixel Puzzle"
10:00,118,806393795,"Gold Fish Casino Slots Games"
10:00,119,6504324020,"Hexa Away"
10:00,120,1496227521,"Magic: The Gathering Arena"
10:00,121,6479752688,"Match Villains"
10:00,122,1442061397,"Pokémon Masters EX"
10:00,123,6446005634,"Hunting Sniper"
10:00,124,447553564,"Slotomania™ Slots Machine Game"
10:00,125,6446389130,"Puzzles & Chaos: Frozen Castle"
10:00,126,6752886832,"Hotel Legacy: Merge Game"
10:00,127,1311478292,"Mighty Fu Casino: Slots Game"
10:00,128,852912420,"Summoners War X Frieren"
10:00,129,6738109752,"Tiles Survive!"
10:00,130,6744547461,"Happy Screw Trip 3D"
10:00,131,6444043291,"Domino Dreams™"
10:00,132,6444056676,"Tile Family®:Match Puzzle Game"
10:00,133,6755455500,"Hollywood Merge"
10:00,134,1463509237,"Phase 10: Casual Card Game"
10:00,135,1487911239,"Bingo Frenzy™-Live Bingo Games"
10:00,136,6741674823,"Watcher of Realms - US"
10:00,137,6504421808,"Car Match - Traffic Puzzle"
10:00,138,6756641249,"hololive Dreams"
10:00,139,1509450845,"CookieRun: Kingdom"
10:00,140,1492005122,"Diablo Immortal"
10:00,141,6740699102,"Hole It 3D"
10:00,142,6751086804,"Dragon Traveler"
10:00,143,6449294809,"Invincible: Guarding the Globe"
10:00,144,6737595599,"Foundation: Galactic Frontier"
10:00,145,1010962391,"Design Home™: House Makeover"
10:00,146,850057092,"The Battle Cats"
10:00,147,892521917,"Tiki Solitaire TriPeaks"
10:00,148,1354796403,"Golf Rival - Multiplayer Game"
10:00,149,603097018,"Caesars Slots - Casino Games"
10:00,150,1329917539,"Grand Summoners - Anime RPG"
10:00,151,6482849843,"Goods Puzzle: Sort Challenge"
10:00,152,608206510,"Farm Heroes Saga"
10:00,153,1578212119,"Jackpot Master™ Slots-Casino"
10:00,154,6747875092,"Yarn Fever! Unravel Puzzle"
10:00,155,6740618570,"XP Hero"
10:00,156,6446197181,"Glow Fashion Idol"
10:00,157,6740966864,"Dicero!"
10:00,158,6502820653,"Archero 2"
10:00,159,6746636289,"Forge Master – Idle RPG"
10:00,160,1371565796,"RAID: Shadow Legends"
10:00,161,1480805172,"Cash Tornado™ Slots - Casino"
10:00,162,1200391796,"June's Journey: Hidden Objects"
10:00,163,6739124364,"Top Tycoon: Coin Theme Empire"
10:00,164,6692615881,"SD Gundam G Generation ETERNAL"
10:00,165,6449822109,"Cash Rally - Slots Casino Game"
10:00,166,6738469826,"Lands of Jail"
10:00,167,1487451427,"Infinity Kingdom"
10:00,168,1562817072,"Mob Control"
10:00,169,887947640,"CSR 2 - Realistic Drag Racing"
10:00,170,6741568655,"Mobile Legends: Bang Bang.US"
10:00,171,1117841866,"Empires & Puzzles: Match-3 RPG"
10:00,172,1208952944,"Merge Dragons!"
10:00,173,1017551780,"Disney Emoji Blitz Game"
10:00,174,1198143062,"Ludo STAR"
10:00,175,1216575026,"Matchington Mansion"
10:00,176,1479198816,"Top War: Battle Game"
10:00,177,806077016,"War Robots Multiplayer Battles"
10:00,178,6746151928,"Heartopia"
10:00,179,642727743,"DoubleU Casino™ - Vegas Slots"
10:00,180,1071744151,"War and Order"
10:00,181,6740766025,"Gecko Out"
10:00,182,1196764367,"Words With Friends Word Game"
10:00,183,6739616715,"MapleStory : Idle RPG"
10:00,184,6759763476,"Bus Traffic Fever!"
10:00,185,1459249040,"Goodville: Farm Game Adventure"
10:00,186,1065980436,"POP! Slots™"
10:00,187,1510997559,"Supremacy: World War 3"
10:00,188,6754839783,"Bubble Word Jam"
10:00,189,354902315,"Zynga Poker ™ - Texas Hold'em"
10:00,190,791211390,"Jurassic World™: The Game"
10:00,191,834185106,"Spades Plus - Card Game"
10:00,192,521671873,"My Singing Monsters"
10:00,193,1662335371,"Raid Rush: Tower Defense TD"
10:00,194,6475709488,"Carnival Tycoon: Coin Games"
10:00,195,1517783697,"Genshin Impact"
10:00,196,6754363534,"Sand Loop"
10:00,197,6736774022,"Baseball Hits 26"
10:00,198,1528941310,"Survivor!.io"
10:00,199,6476261995,"Age of Empires Mobile"
10:00,200,466965151,"The Sims™ FreePlay"
13:30,1,1621328561,"MONOPOLY GO!"
13:30,2,1482155847,"Royal Match"
13:30,3,553834731,"Candy Crush Saga"
13:30,4,1623318294,"Gossip Harbor®: Merge & Story"
13:30,5,638689075,"Township"
13:30,6,1606549505,"Royal Kingdom"
13:30,7,6479970832,"Pokémon TCG Pocket"
13:30,8,6448786147,"Last War:Survival"
13:30,9,6739554056,"Kingshot"
13:30,10,1176027022,"Toon Blast"
13:30,11,1094591345,"Pokémon GO"
13:30,12,6443575749,"Whiteout Survival"
13:30,13,6503272652,"Last Z: Survival Shooter"
13:30,14,6471045672,"Tasty Travels: Merge Game"
13:30,15,1300146617,"Free Fire: 9th Anniversary"
13:30,16,1105855019,"Gardenscapes"
13:30,17,6449094229,"Match Factory!"
13:30,18,6751056652,"Pixel Flow!"
13:30,19,1094930513,"EA SPORTS FC Soccer Mobile 26"
13:30,20,406889139,"Coin Master"
13:30,21,1098157959,"Evony"
13:30,22,6752672568,"Block Out! - Color Sort Puzzle"
13:30,23,1243005112,"Lightning Link Casino Slots"
13:30,24,1195621598,"Homescapes: Match 3 Games"
13:30,25,1643509748,"Merge Cooking®"
13:30,26,1274132545,"Total Battle: War Strategy"
13:30,27,575980917,"Jackpot Party - Casino Slots"
13:30,28,6475757306,"Disney Solitaire"
13:30,29,664575829,"Fishdom"
13:30,30,529479190,"Clash of Clans"
13:30,31,1358222641,"DRAGON BALL LEGENDS"
13:30,32,6499209744,"Magic Sort!"
13:30,33,1287282214,"Call of Duty®: Mobile"
13:30,34,6503284107,"All in Hole: Black Hole Games"
13:30,35,1123582513,"Cashman Casino Slots Games"
13:30,36,6740043080,"Screwdom"
13:30,37,6670441558,"Dark War:Survival"
13:30,38,6483539426,"Fortnite"
13:30,39,850417475,"Candy Crush Soda Saga"
13:30,40,1606356401,"Zenless Zone Zero - Anniv."
13:30,41,6751270546,"Sword x Staff"
13:30,42,6504332779,"Color Block Jam"
13:30,43,6755183085,"Yarn Loop: Knit Puzzle"
13:30,44,1330123889,"PUBG MOBILE"
13:30,45,1117270703,"eFootball™"
13:30,46,945621521,"Quick Hit Casino - Vegas Slots"
13:30,47,6618142292,"Flambé®: Merge and Cook"
13:30,48,6748950306,"Solitaire Associations Journey"
13:30,49,6443755785,"Seaside Escape®: Merge & Story"
13:30,50,1484468651,"Dice Dreams™"
13:30,51,1480516829,"Free Fire MAX"
13:30,52,1053012308,"Clash Royale"
13:30,53,307569751,"NYT Games: Wordle & Crossword"
13:30,54,1521236603,"Travel Town - Merge Adventure"
13:30,55,890378044,"Toy Blast"
13:30,56,538212549,"Big Fish Casino: Slots Games"
13:30,57,529996768,"Bingo Blitz™ - BINGO Games"
13:30,58,1642607669,"Game of Thrones: Dragonfire"
13:30,59,1290086677,"MapleStory M: Fantasy MMORPG"
13:30,60,6779167923,"Colony Flow!"
13:30,61,6615077767,"Bingo Voyage: Live Bingo Games"
13:30,62,1597760047,"OneState RP: Role Play Online"
13:30,63,1484442152,"Merge Mansion: Puzzles & Story"
13:30,64,1183802626,"Fate/Grand Order (English)"
13:30,65,506627515,"Hay Day"
13:30,66,6475033368,"Wuthering Waves - To Xuanfang"
13:30,67,951627425,"DRAGON BALL Z DOKKAN BATTLE"
13:30,68,1376515087,"Age of Origins:Tower Defense"
13:30,69,921022358,"Star Wars™: Galaxy of Heroes"
13:30,70,6754558455,"Marble Sort!"
13:30,71,719525810,"WSOP Poker: Texas Holdem Game"
13:30,72,1558803930,"Matching Story - Merge & Match"
13:30,73,880047117,"Angry Birds 2"
13:30,74,1089225191,"Golf Clash - Golfing Simulator"
13:30,75,6503603603,"Mystery Town: Merge Games"
13:30,76,6756989323,"Last Asylum: Plague"
13:30,77,485126024,"DoubleDown™ Casino Vegas Slots"
13:30,78,6756058501,"Jelly Busters: Puzzle Game"
13:30,79,6744812012,"X-Clash: Survival Challenge"
13:30,80,1356045010,"Lotsa Slots™ - Vegas Casino"
13:30,81,6748084174,"Smash Fest!"
13:30,82,479516143,"Minecraft: Play with Friends!"
13:30,83,1607122287,"Triple Match 3D"
13:30,84,6450110217,"Triple Match City"
13:30,85,1404165333,"Cash Frenzy™ - Slots Casino"
13:30,86,1517980891,"Puzzles & Survival"
13:30,87,1215145992,"MONOPOLY Slots Casino: Go Spin"
13:30,88,329218549,"Chess.com - Play and Learn"
13:30,89,896112560,"Marvel Contest of Champions"
13:30,90,1462911602,"Dream League Soccer 2026"
13:30,91,6746328263,"Castle Busters"
13:30,92,1483058899,"Project Makeover"
13:30,93,1522699215,"Love Island: The Game"
13:30,94,1229016807,"Brawl Stars"
13:30,95,1354260888,"Rise of Kingdoms"
13:30,96,1356980152,"Jackpot World™ - Casino Slots"
13:30,97,1635337354,"Piggy Kingdom - Match 3 Games"
13:30,98,6450834358,"Sunday City: Life Simulator"
13:30,99,1599719154,"Honkai: Star Rail"
13:30,100,785537179,"Heart of Vegas - Casino Slots"
13:30,101,6757154335,"Cube Land Puzzle Game"
13:30,102,1585915174,"GODDESS OF VICTORY: NIKKE"
13:30,103,6758138698,"Car Sort: Color Puzzle"
13:30,104,1090242126,"Jackpot Magic Slots & Casino"
13:30,105,1591887467,"Cash Club Casino - Vegas Slots"
13:30,106,1091301948,"88 Fortunes™ Casino Slot Games"
13:30,107,6745761596,"Coin Master - Board Adventure"
13:30,108,6480433538,"Umamusume: Pretty Derby"
13:30,109,1206967173,"Yahtzee® with Buddies Dice"
13:30,110,6747028173,"Hole Stars: Puzzle Game"
13:30,111,1223338261,"Solitaire Grand Harvest"
13:30,112,6749251466,"CookieRun: Crumble - Idle RPG"
13:30,113,6741567125,"Clash of Critters"
13:30,114,806393795,"Gold Fish Casino Slots Games"
13:30,115,1496227521,"Magic: The Gathering Arena"
13:30,116,6769314786,"Food Hunt: Pixel Puzzle"
13:30,117,6476976929,"Truck Star"
13:30,118,6762268182,"Z Route: Redemption"
13:30,119,543186831,"8 Ball Pool™"
13:30,120,6479752688,"Match Villains"
13:30,121,6504324020,"Hexa Away"
13:30,122,1442061397,"Pokémon Masters EX"
13:30,123,6446005634,"Hunting Sniper"
13:30,124,447553564,"Slotomania™ Slots Machine Game"
13:30,125,6752886832,"Hotel Legacy: Merge Game"
13:30,126,6446389130,"Puzzles & Chaos: Frozen Castle"
13:30,127,1311478292,"Mighty Fu Casino: Slots Game"
13:30,128,6744547461,"Happy Screw Trip 3D"
13:30,129,6444043291,"Domino Dreams™"
13:30,130,6738109752,"Tiles Survive!"
13:30,131,852912420,"Summoners War X Frieren"
13:30,132,6444056676,"Tile Family®:Match Puzzle Game"
13:30,133,1463509237,"Phase 10: Casual Card Game"
13:30,134,6504421808,"Car Match - Traffic Puzzle"
13:30,135,1487911239,"Bingo Frenzy™-Live Bingo Games"
13:30,136,6741674823,"Watcher of Realms - US"
13:30,137,6756641249,"hololive Dreams"
13:30,138,6755455500,"Hollywood Merge"
13:30,139,1509450845,"CookieRun: Kingdom"
13:30,140,6740699102,"Hole It 3D"
13:30,141,1492005122,"Diablo Immortal"
13:30,142,6449294809,"Invincible: Guarding the Globe"
13:30,143,1354796403,"Golf Rival - Multiplayer Game"
13:30,144,1010962391,"Design Home™: House Makeover"
13:30,145,6751086804,"Dragon Traveler"
13:30,146,850057092,"The Battle Cats"
13:30,147,892521917,"Tiki Solitaire TriPeaks"
13:30,148,6737595599,"Foundation: Galactic Frontier"
13:30,149,608206510,"Farm Heroes Saga"
13:30,150,1329917539,"Grand Summoners - Anime RPG"
13:30,151,6482849843,"Goods Puzzle: Sort Challenge"
13:30,152,6747875092,"Yarn Fever! Unravel Puzzle"
13:30,153,1578212119,"Jackpot Master™ Slots-Casino"
13:30,154,603097018,"Caesars Slots - Casino Games"
13:30,155,6740966864,"Dicero!"
13:30,156,6446197181,"Glow Fashion Idol"
13:30,157,6740618570,"XP Hero"
13:30,158,1200391796,"June's Journey: Hidden Objects"
13:30,159,1198143062,"Ludo STAR"
13:30,160,1480805172,"Cash Tornado™ Slots - Casino"
13:30,161,1371565796,"RAID: Shadow Legends"
13:30,162,6739124364,"Top Tycoon: Coin Theme Empire"
13:30,163,6502820653,"Archero 2"
13:30,164,6449822109,"Cash Rally - Slots Casino Game"
13:30,165,1562817072,"Mob Control"
13:30,166,6746636289,"Forge Master – Idle RPG"
13:30,167,1208952944,"Merge Dragons!"
13:30,168,1487451427,"Infinity Kingdom"
13:30,169,6692615881,"SD Gundam G Generation ETERNAL"
13:30,170,6738469826,"Lands of Jail"
13:30,171,6741568655,"Mobile Legends: Bang Bang.US"
13:30,172,1117841866,"Empires & Puzzles: Match-3 RPG"
13:30,173,887947640,"CSR 2 - Realistic Drag Racing"
13:30,174,1017551780,"Disney Emoji Blitz Game"
13:30,175,642727743,"DoubleU Casino™ - Vegas Slots"
13:30,176,1216575026,"Matchington Mansion"
13:30,177,1479198816,"Top War: Battle Game"
13:30,178,806077016,"War Robots Multiplayer Battles"
13:30,179,6746151928,"Heartopia"
13:30,180,6740766025,"Gecko Out"
13:30,181,1196764367,"Words With Friends Word Game"
13:30,182,1071744151,"War and Order"
13:30,183,6739616715,"MapleStory : Idle RPG"
13:30,184,1459249040,"Goodville: Farm Game Adventure"
13:30,185,6759763476,"Bus Traffic Fever!"
13:30,186,1419536376,"Yalla Ludo - Ludo&Jackaroo"
13:30,187,1510997559,"Supremacy: World War 3"
13:30,188,6754839783,"Bubble Word Jam"
13:30,189,834185106,"Spades Plus - Card Game"
13:30,190,1065980436,"POP! Slots™"
13:30,191,791211390,"Jurassic World™: The Game"
13:30,192,1517783697,"Genshin Impact"
13:30,193,354902315,"Zynga Poker ™ - Texas Hold'em"
13:30,194,521671873,"My Singing Monsters"
13:30,195,1662335371,"Raid Rush: Tower Defense TD"
13:30,196,1592081003,"MARVEL SNAP - Hero Card Game"
13:30,197,466965151,"The Sims™ FreePlay"
13:30,198,6754363534,"Sand Loop"
13:30,199,6475709488,"Carnival Tycoon: Coin Games"
13:30,200,1597696999,"Dream Mania - Match 3 Games"
16:00,1,1621328561,"MONOPOLY GO!"
16:00,2,1482155847,"Royal Match"
16:00,3,1623318294,"Gossip Harbor®: Merge & Story"
16:00,4,553834731,"Candy Crush Saga"
16:00,5,638689075,"Township"
16:00,6,1606549505,"Royal Kingdom"
16:00,7,6739554056,"Kingshot"
16:00,8,6479970832,"Pokémon TCG Pocket"
16:00,9,1176027022,"Toon Blast"
16:00,10,6448786147,"Last War:Survival"
16:00,11,6443575749,"Whiteout Survival"
16:00,12,1094591345,"Pokémon GO"
16:00,13,6471045672,"Tasty Travels: Merge Game"
16:00,14,1300146617,"Free Fire: 9th Anniversary"
16:00,15,6503272652,"Last Z: Survival Shooter"
16:00,16,1105855019,"Gardenscapes"
16:00,17,6449094229,"Match Factory!"
16:00,18,6751056652,"Pixel Flow!"
16:00,19,1094930513,"EA SPORTS FC Soccer Mobile 26"
16:00,20,406889139,"Coin Master"
16:00,21,1098157959,"Evony"
16:00,22,6752672568,"Block Out! - Color Sort Puzzle"
16:00,23,1243005112,"Lightning Link Casino Slots"
16:00,24,1195621598,"Homescapes: Match 3 Games"
16:00,25,1330123889,"PUBG MOBILE"
16:00,26,1643509748,"Merge Cooking®"
16:00,27,1274132545,"Total Battle: War Strategy"
16:00,28,575980917,"Jackpot Party - Casino Slots"
16:00,29,529479190,"Clash of Clans"
16:00,30,6499209744,"Magic Sort!"
16:00,31,664575829,"Fishdom"
16:00,32,6475757306,"Disney Solitaire"
16:00,33,1287282214,"Call of Duty®: Mobile"
16:00,34,6503284107,"All in Hole: Black Hole Games"
16:00,35,1123582513,"Cashman Casino Slots Games"
16:00,36,6740043080,"Screwdom"
16:00,37,1358222641,"DRAGON BALL LEGENDS"
16:00,38,850417475,"Candy Crush Soda Saga"
16:00,39,6483539426,"Fortnite"
16:00,40,6670441558,"Dark War:Survival"
16:00,41,1606356401,"Zenless Zone Zero - Anniv."
16:00,42,6755183085,"Yarn Loop: Knit Puzzle"
16:00,43,6751270546,"Sword x Staff"
16:00,44,6504332779,"Color Block Jam"
16:00,45,945621521,"Quick Hit Casino - Vegas Slots"
16:00,46,6748950306,"Solitaire Associations Journey"
16:00,47,1117270703,"eFootball™"
16:00,48,1376515087,"Age of Origins:Tower Defense"
16:00,49,6618142292,"Flambé®: Merge and Cook"
16:00,50,1480516829,"Free Fire MAX"
16:00,51,6443755785,"Seaside Escape®: Merge & Story"
16:00,52,1484468651,"Dice Dreams™"
16:00,53,1053012308,"Clash Royale"
16:00,54,538212549,"Big Fish Casino: Slots Games"
16:00,55,1521236603,"Travel Town - Merge Adventure"
16:00,56,890378044,"Toy Blast"
16:00,57,529996768,"Bingo Blitz™ - BINGO Games"
16:00,58,307569751,"NYT Games: Wordle & Crossword"
16:00,59,6779167923,"Colony Flow!"
16:00,60,1642607669,"Game of Thrones: Dragonfire"
16:00,61,6615077767,"Bingo Voyage: Live Bingo Games"
16:00,62,1484442152,"Merge Mansion: Puzzles & Story"
16:00,63,1290086677,"MapleStory M: Fantasy MMORPG"
16:00,64,1597760047,"OneState RP: Role Play Online"
16:00,65,6754558455,"Marble Sort!"
16:00,66,951627425,"DRAGON BALL Z DOKKAN BATTLE"
16:00,67,1089225191,"Golf Clash - Golfing Simulator"
16:00,68,1183802626,"Fate/Grand Order (English)"
16:00,69,719525810,"WSOP Poker: Texas Holdem Game"
16:00,70,1558803930,"Matching Story - Merge & Match"
16:00,71,6748084174,"Smash Fest!"
16:00,72,1356045010,"Lotsa Slots™ - Vegas Casino"
16:00,73,6503603603,"Mystery Town: Merge Games"
16:00,74,506627515,"Hay Day"
16:00,75,485126024,"DoubleDown™ Casino Vegas Slots"
16:00,76,880047117,"Angry Birds 2"
16:00,77,1517980891,"Puzzles & Survival"
16:00,78,921022358,"Star Wars™: Galaxy of Heroes"
16:00,79,6756058501,"Jelly Busters: Puzzle Game"
16:00,80,6756989323,"Last Asylum: Plague"
16:00,81,6475033368,"Wuthering Waves - To Xuanfang"
16:00,82,6450110217,"Triple Match City"
16:00,83,479516143,"Minecraft: Play with Friends!"
16:00,84,1607122287,"Triple Match 3D"
16:00,85,6744812012,"X-Clash: Survival Challenge"
16:00,86,1404165333,"Cash Frenzy™ - Slots Casino"
16:00,87,1354260888,"Rise of Kingdoms"
16:00,88,1215145992,"MONOPOLY Slots Casino: Go Spin"
16:00,89,1483058899,"Project Makeover"
16:00,90,6746328263,"Castle Busters"
16:00,91,1462911602,"Dream League Soccer 2026"
16:00,92,1635337354,"Piggy Kingdom - Match 3 Games"
16:00,93,896112560,"Marvel Contest of Champions"
16:00,94,1229016807,"Brawl Stars"
16:00,95,1090242126,"Jackpot Magic Slots & Casino"
16:00,96,1356980152,"Jackpot World™ - Casino Slots"
16:00,97,785537179,"Heart of Vegas - Casino Slots"
16:00,98,6450834358,"Sunday City: Life Simulator"
16:00,99,329218549,"Chess.com - Play and Learn"
16:00,100,1522699215,"Love Island: The Game"
16:00,101,6757154335,"Cube Land Puzzle Game"
16:00,102,1091301948,"88 Fortunes™ Casino Slot Games"
16:00,103,1599719154,"Honkai: Star Rail"
16:00,104,6758138698,"Car Sort: Color Puzzle"
16:00,105,6741567125,"Clash of Critters"
16:00,106,1591887467,"Cash Club Casino - Vegas Slots"
16:00,107,6745761596,"Coin Master - Board Adventure"
16:00,108,1206967173,"Yahtzee® with Buddies Dice"
16:00,109,6747028173,"Hole Stars: Puzzle Game"
16:00,110,1585915174,"GODDESS OF VICTORY: NIKKE"
16:00,111,1223338261,"Solitaire Grand Harvest"
16:00,112,447553564,"Slotomania™ Slots Machine Game"
16:00,113,806393795,"Gold Fish Casino Slots Games"
16:00,114,6769314786,"Food Hunt: Pixel Puzzle"
16:00,115,1496227521,"Magic: The Gathering Arena"
16:00,116,6446389130,"Puzzles & Chaos: Frozen Castle"
16:00,117,6476976929,"Truck Star"
16:00,118,6480433538,"Umamusume: Pretty Derby"
16:00,119,6749251466,"CookieRun: Crumble - Idle RPG"
16:00,120,6737595599,"Foundation: Galactic Frontier"
16:00,121,6479752688,"Match Villains"
16:00,122,6446005634,"Hunting Sniper"
16:00,123,543186831,"8 Ball Pool™"
16:00,124,6762268182,"Z Route: Redemption"
16:00,125,6752886832,"Hotel Legacy: Merge Game"
16:00,126,6504324020,"Hexa Away"
16:00,127,1311478292,"Mighty Fu Casino: Slots Game"
16:00,128,6444043291,"Domino Dreams™"
16:00,129,1442061397,"Pokémon Masters EX"
16:00,130,6744547461,"Happy Screw Trip 3D"
16:00,131,6738109752,"Tiles Survive!"
16:00,132,6755455500,"Hollywood Merge"
16:00,133,6502820653,"Archero 2"
16:00,134,6444056676,"Tile Family®:Match Puzzle Game"
16:00,135,1463509237,"Phase 10: Casual Card Game"
16:00,136,6504421808,"Car Match - Traffic Puzzle"
16:00,137,6746636289,"Forge Master – Idle RPG"
16:00,138,6747875092,"Yarn Fever! Unravel Puzzle"
16:00,139,1487911239,"Bingo Frenzy™-Live Bingo Games"
16:00,140,6740699102,"Hole It 3D"
16:00,141,6741674823,"Watcher of Realms - US"
16:00,142,1509450845,"CookieRun: Kingdom"
16:00,143,852912420,"Summoners War X Frieren"
16:00,144,6756641249,"hololive Dreams"
16:00,145,6449294809,"Invincible: Guarding the Globe"
16:00,146,892521917,"Tiki Solitaire TriPeaks"
16:00,147,1354796403,"Golf Rival - Multiplayer Game"
16:00,148,1010962391,"Design Home™: House Makeover"
16:00,149,6482849843,"Goods Puzzle: Sort Challenge"
16:00,150,1487451427,"Infinity Kingdom"
16:00,151,608206510,"Farm Heroes Saga"
16:00,152,1578212119,"Jackpot Master™ Slots-Casino"
16:00,153,1492005122,"Diablo Immortal"
16:00,154,603097018,"Caesars Slots - Casino Games"
16:00,155,1200391796,"June's Journey: Hidden Objects"
16:00,156,6740966864,"Dicero!"
16:00,157,6446197181,"Glow Fashion Idol"
16:00,158,1071744151,"War and Order"
16:00,159,6740618570,"XP Hero"
16:00,160,642727743,"DoubleU Casino™ - Vegas Slots"
16:00,161,1329917539,"Grand Summoners - Anime RPG"
16:00,162,6751086804,"Dragon Traveler"
16:00,163,850057092,"The Battle Cats"
16:00,164,1480805172,"Cash Tornado™ Slots - Casino"
16:00,165,806077016,"War Robots Multiplayer Battles"
16:00,166,1371565796,"RAID: Shadow Legends"
16:00,167,1208952944,"Merge Dragons!"
16:00,168,1491129492,"Baseball Clash: Real-time game"
16:00,169,6739124364,"Top Tycoon: Coin Theme Empire"
16:00,170,1562817072,"Mob Control"
16:00,171,6449822109,"Cash Rally - Slots Casino Game"
16:00,172,6738469826,"Lands of Jail"
16:00,173,887947640,"CSR 2 - Realistic Drag Racing"
16:00,174,1198143062,"Ludo STAR"
16:00,175,1479198816,"Top War: Battle Game"
16:00,176,1017551780,"Disney Emoji Blitz Game"
16:00,177,1216575026,"Matchington Mansion"
16:00,178,1662335371,"Raid Rush: Tower Defense TD"
16:00,179,6448125670,"Idle Obelisk Miner"
16:00,180,6741568655,"Mobile Legends: Bang Bang.US"
16:00,181,1117841866,"Empires & Puzzles: Match-3 RPG"
16:00,182,1510997559,"Supremacy: World War 3"
16:00,183,1196764367,"Words With Friends Word Game"
16:00,184,6447612873,"Sea War: Uboat Raid"
16:00,185,6740766025,"Gecko Out"
16:00,186,6692615881,"SD Gundam G Generation ETERNAL"
16:00,187,6754839783,"Bubble Word Jam"
16:00,188,6746151928,"Heartopia"
16:00,189,6759763476,"Bus Traffic Fever!"
16:00,190,834185106,"Spades Plus - Card Game"
16:00,191,6476261995,"Age of Empires Mobile"
16:00,192,6739616715,"MapleStory : Idle RPG"
16:00,193,1459249040,"Goodville: Farm Game Adventure"
16:00,194,1517783697,"Genshin Impact"
16:00,195,1065980436,"POP! Slots™"
16:00,196,1597696999,"Dream Mania - Match 3 Games"
16:00,197,354902315,"Zynga Poker ™ - Texas Hold'em"
16:00,198,1419536376,"Yalla Ludo - Ludo&Jackaroo"
16:00,199,791211390,"Jurassic World™: The Game"
16:00,200,521671873,"My Singing Monsters"
18:30,1,1621328561,"MONOPOLY GO!"
18:30,2,1482155847,"Royal Match"
18:30,3,1623318294,"Gossip Harbor®: Merge & Story"
18:30,4,553834731,"Candy Crush Saga"
18:30,5,638689075,"Township"
18:30,6,1606549505,"Royal Kingdom"
18:30,7,6739554056,"Kingshot"
18:30,8,1176027022,"Toon Blast"
18:30,9,6448786147,"Last War:Survival"
18:30,10,1094591345,"Pokémon GO"
18:30,11,6479970832,"Pokémon TCG Pocket"
18:30,12,6443575749,"Whiteout Survival"
18:30,13,1300146617,"Free Fire: 9th Anniversary"
18:30,14,6471045672,"Tasty Travels: Merge Game"
18:30,15,6503272652,"Last Z: Survival Shooter"
18:30,16,6449094229,"Match Factory!"
18:30,17,1105855019,"Gardenscapes"
18:30,18,1094930513,"EA SPORTS FC Soccer Mobile 26"
18:30,19,6751056652,"Pixel Flow!"
18:30,20,1330123889,"PUBG MOBILE"
18:30,21,406889139,"Coin Master"
18:30,22,6752672568,"Block Out! - Color Sort Puzzle"
18:30,23,1195621598,"Homescapes: Match 3 Games"
18:30,24,1243005112,"Lightning Link Casino Slots"
18:30,25,575980917,"Jackpot Party - Casino Slots"
18:30,26,1098157959,"Evony"
18:30,27,1643509748,"Merge Cooking®"
18:30,28,529479190,"Clash of Clans"
18:30,29,1274132545,"Total Battle: War Strategy"
18:30,30,6499209744,"Magic Sort!"
18:30,31,1287282214,"Call of Duty®: Mobile"
18:30,32,664575829,"Fishdom"
18:30,33,6475757306,"Disney Solitaire"
18:30,34,6503284107,"All in Hole: Black Hole Games"
18:30,35,1123582513,"Cashman Casino Slots Games"
18:30,36,6740043080,"Screwdom"
18:30,37,850417475,"Candy Crush Soda Saga"
18:30,38,6670441558,"Dark War:Survival"
18:30,39,1358222641,"DRAGON BALL LEGENDS"
18:30,40,6483539426,"Fortnite"
18:30,41,6755183085,"Yarn Loop: Knit Puzzle"
18:30,42,945621521,"Quick Hit Casino - Vegas Slots"
18:30,43,6748950306,"Solitaire Associations Journey"
18:30,44,1376515087,"Age of Origins:Tower Defense"
18:30,45,6618142292,"Flambé®: Merge and Cook"
18:30,46,1480516829,"Free Fire MAX"
18:30,47,6504332779,"Color Block Jam"
18:30,48,6751270546,"Sword x Staff"
18:30,49,6443755785,"Seaside Escape®: Merge & Story"
18:30,50,1606356401,"Zenless Zone Zero - Anniv."
18:30,51,1484468651,"Dice Dreams™"
18:30,52,538212549,"Big Fish Casino: Slots Games"
18:30,53,1117270703,"eFootball™"
18:30,54,1521236603,"Travel Town - Merge Adventure"
18:30,55,890378044,"Toy Blast"
18:30,56,1053012308,"Clash Royale"
18:30,57,6779167923,"Colony Flow!"
18:30,58,529996768,"Bingo Blitz™ - BINGO Games"
18:30,59,1642607669,"Game of Thrones: Dragonfire"
18:30,60,6615077767,"Bingo Voyage: Live Bingo Games"
18:30,61,1484442152,"Merge Mansion: Puzzles & Story"
18:30,62,6754558455,"Marble Sort!"
18:30,63,1356045010,"Lotsa Slots™ - Vegas Casino"
18:30,64,6748084174,"Smash Fest!"
18:30,65,307569751,"NYT Games: Wordle & Crossword"
18:30,66,6744812012,"X-Clash: Survival Challenge"
18:30,67,6756989323,"Last Asylum: Plague"
18:30,68,6756058501,"Jelly Busters: Puzzle Game"
18:30,69,951627425,"DRAGON BALL Z DOKKAN BATTLE"
18:30,70,6503603603,"Mystery Town: Merge Games"
18:30,71,1089225191,"Golf Clash - Golfing Simulator"
18:30,72,719525810,"WSOP Poker: Texas Holdem Game"
18:30,73,1558803930,"Matching Story - Merge & Match"
18:30,74,1517980891,"Puzzles & Survival"
18:30,75,485126024,"DoubleDown™ Casino Vegas Slots"
18:30,76,1597760047,"OneState RP: Role Play Online"
18:30,77,1183802626,"Fate/Grand Order (English)"
18:30,78,6450110217,"Triple Match City"
18:30,79,479516143,"Minecraft: Play with Friends!"
18:30,80,1607122287,"Triple Match 3D"
18:30,81,1290086677,"MapleStory M: Fantasy MMORPG"
18:30,82,1404165333,"Cash Frenzy™ - Slots Casino"
18:30,83,880047117,"Angry Birds 2"
18:30,84,506627515,"Hay Day"
18:30,85,1354260888,"Rise of Kingdoms"
18:30,86,921022358,"Star Wars™: Galaxy of Heroes"
18:30,87,1215145992,"MONOPOLY Slots Casino: Go Spin"
18:30,88,6475033368,"Wuthering Waves - To Xuanfang"
18:30,89,1483058899,"Project Makeover"
18:30,90,6746328263,"Castle Busters"
18:30,91,785537179,"Heart of Vegas - Casino Slots"
18:30,92,1462911602,"Dream League Soccer 2026"
18:30,93,6757154335,"Cube Land Puzzle Game"
18:30,94,1356980152,"Jackpot World™ - Casino Slots"
18:30,95,1090242126,"Jackpot Magic Slots & Casino"
18:30,96,1635337354,"Piggy Kingdom - Match 3 Games"
18:30,97,6446005634,"Hunting Sniper"
18:30,98,1091301948,"88 Fortunes™ Casino Slot Games"
18:30,99,6450834358,"Sunday City: Life Simulator"
18:30,100,896112560,"Marvel Contest of Champions"
18:30,101,1522699215,"Love Island: The Game"
18:30,102,6758138698,"Car Sort: Color Puzzle"
18:30,103,1229016807,"Brawl Stars"
18:30,104,6741567125,"Clash of Critters"
18:30,105,447553564,"Slotomania™ Slots Machine Game"
18:30,106,6747028173,"Hole Stars: Puzzle Game"
18:30,107,806393795,"Gold Fish Casino Slots Games"
18:30,108,1599719154,"Honkai: Star Rail"
18:30,109,6745761596,"Coin Master - Board Adventure"
18:30,110,1206967173,"Yahtzee® with Buddies Dice"
18:30,111,1591887467,"Cash Club Casino - Vegas Slots"
18:30,112,6749251466,"CookieRun: Crumble - Idle RPG"
18:30,113,6446389130,"Puzzles & Chaos: Frozen Castle"
18:30,114,1223338261,"Solitaire Grand Harvest"
18:30,115,6769314786,"Food Hunt: Pixel Puzzle"
18:30,116,6502820653,"Archero 2"
18:30,117,329218549,"Chess.com - Play and Learn"
18:30,118,1496227521,"Magic: The Gathering Arena"
18:30,119,6476976929,"Truck Star"
18:30,120,6737595599,"Foundation: Galactic Frontier"
18:30,121,1585915174,"GODDESS OF VICTORY: NIKKE"
18:30,122,6738109752,"Tiles Survive!"
18:30,123,6479752688,"Match Villains"
18:30,124,6762268182,"Z Route: Redemption"
18:30,125,6752886832,"Hotel Legacy: Merge Game"
18:30,126,6504324020,"Hexa Away"
18:30,127,6444043291,"Domino Dreams™"
18:30,128,6480433538,"Umamusume: Pretty Derby"
18:30,129,543186831,"8 Ball Pool™"
18:30,130,1491129492,"Baseball Clash: Real-time game"
18:30,131,6755455500,"Hollywood Merge"
18:30,132,1311478292,"Mighty Fu Casino: Slots Game"
18:30,133,6744547461,"Happy Screw Trip 3D"
18:30,134,6504421808,"Car Match - Traffic Puzzle"
18:30,135,6747875092,"Yarn Fever! Unravel Puzzle"
18:30,136,6740699102,"Hole It 3D"
18:30,137,6444056676,"Tile Family®:Match Puzzle Game"
18:30,138,1463509237,"Phase 10: Casual Card Game"
18:30,139,1442061397,"Pokémon Masters EX"
18:30,140,1487911239,"Bingo Frenzy™-Live Bingo Games"
18:30,141,6746636289,"Forge Master – Idle RPG"
18:30,142,6741674823,"Watcher of Realms - US"
18:30,143,603097018,"Caesars Slots - Casino Games"
18:30,144,6482849843,"Goods Puzzle: Sort Challenge"
18:30,145,1017551780,"Disney Emoji Blitz Game"
18:30,146,6449294809,"Invincible: Guarding the Globe"
18:30,147,1509450845,"CookieRun: Kingdom"
18:30,148,852912420,"Summoners War X Frieren"
18:30,149,642727743,"DoubleU Casino™ - Vegas Slots"
18:30,150,608206510,"Farm Heroes Saga"
18:30,151,892521917,"Tiki Solitaire TriPeaks"
18:30,152,1071744151,"War and Order"
18:30,153,6446197181,"Glow Fashion Idol"
18:30,154,1010962391,"Design Home™: House Makeover"
18:30,155,806077016,"War Robots Multiplayer Battles"
18:30,156,1371565796,"RAID: Shadow Legends"
18:30,157,1578212119,"Jackpot Master™ Slots-Casino"
18:30,158,6756641249,"hololive Dreams"
18:30,159,6740618570,"XP Hero"
18:30,160,1198143062,"Ludo STAR"
18:30,161,1487451427,"Infinity Kingdom"
18:30,162,850057092,"The Battle Cats"
18:30,163,6738469826,"Lands of Jail"
18:30,164,1354796403,"Golf Rival - Multiplayer Game"
18:30,165,6448125670,"Idle Obelisk Miner"
18:30,166,1480805172,"Cash Tornado™ Slots - Casino"
18:30,167,6740966864,"Dicero!"
18:30,168,1208952944,"Merge Dragons!"
18:30,169,1200391796,"June's Journey: Hidden Objects"
18:30,170,6739124364,"Top Tycoon: Coin Theme Empire"
18:30,171,1492005122,"Diablo Immortal"
18:30,172,6449822109,"Cash Rally - Slots Casino Game"
18:30,173,887947640,"CSR 2 - Realistic Drag Racing"
18:30,174,1562817072,"Mob Control"
18:30,175,1216575026,"Matchington Mansion"
18:30,176,1662335371,"Raid Rush: Tower Defense TD"
18:30,177,6741568655,"Mobile Legends: Bang Bang.US"
18:30,178,1196764367,"Words With Friends Word Game"
18:30,179,6751086804,"Dragon Traveler"
18:30,180,354902315,"Zynga Poker ™ - Texas Hold'em"
18:30,181,1510997559,"Supremacy: World War 3"
18:30,182,6759763476,"Bus Traffic Fever!"
18:30,183,1459249040,"Goodville: Farm Game Adventure"
18:30,184,1517783697,"Genshin Impact"
18:30,185,6740766025,"Gecko Out"
18:30,186,6447612873,"Sea War: Uboat Raid"
18:30,187,1329917539,"Grand Summoners - Anime RPG"
18:30,188,6754839783,"Bubble Word Jam"
18:30,189,1479198816,"Top War: Battle Game"
18:30,190,1117841866,"Empires & Puzzles: Match-3 RPG"
18:30,191,6754363534,"Sand Loop"
18:30,192,834185106,"Spades Plus - Card Game"
18:30,193,6754925146,"Jigsaw Block Sort"
18:30,194,6746151928,"Heartopia"
18:30,195,6475709488,"Carnival Tycoon: Coin Games"
18:30,196,1065980436,"POP! Slots™"
18:30,197,6739867121,"Sort Express!"
18:30,198,466965151,"The Sims™ FreePlay"
18:30,199,6757350661,"Police Chief"
18:30,200,1597696999,"Dream Mania - Match 3 Games"
19:30,1,1621328561,"MONOPOLY GO!"
19:30,2,1482155847,"Royal Match"
19:30,3,1623318294,"Gossip Harbor®: Merge & Story"
19:30,4,553834731,"Candy Crush Saga"
19:30,5,638689075,"Township"
19:30,6,1606549505,"Royal Kingdom"
19:30,7,1094591345,"Pokémon GO"
19:30,8,6739554056,"Kingshot"
19:30,9,1176027022,"Toon Blast"
19:30,10,6448786147,"Last War:Survival"
19:30,11,1300146617,"Free Fire: 9th Anniversary"
19:30,12,6479970832,"Pokémon TCG Pocket"
19:30,13,6443575749,"Whiteout Survival"
19:30,14,6471045672,"Tasty Travels: Merge Game"
19:30,15,6503272652,"Last Z: Survival Shooter"
19:30,16,1105855019,"Gardenscapes"
19:30,17,6449094229,"Match Factory!"
19:30,18,1094930513,"EA SPORTS FC Soccer Mobile 26"
19:30,19,1330123889,"PUBG MOBILE"
19:30,20,6751056652,"Pixel Flow!"
19:30,21,406889139,"Coin Master"
19:30,22,6752672568,"Block Out! - Color Sort Puzzle"
19:30,23,1243005112,"Lightning Link Casino Slots"
19:30,24,1195621598,"Homescapes: Match 3 Games"
19:30,25,575980917,"Jackpot Party - Casino Slots"
19:30,26,529479190,"Clash of Clans"
19:30,27,1098157959,"Evony"
19:30,28,1643509748,"Merge Cooking®"
19:30,29,1287282214,"Call of Duty®: Mobile"
19:30,30,6499209744,"Magic Sort!"
19:30,31,664575829,"Fishdom"
19:30,32,1274132545,"Total Battle: War Strategy"
19:30,33,1123582513,"Cashman Casino Slots Games"
19:30,34,6475757306,"Disney Solitaire"
19:30,35,6503284107,"All in Hole: Black Hole Games"
19:30,36,6740043080,"Screwdom"
19:30,37,1358222641,"DRAGON BALL LEGENDS"
19:30,38,6670441558,"Dark War:Survival"
19:30,39,850417475,"Candy Crush Soda Saga"
19:30,40,6483539426,"Fortnite"
19:30,41,1480516829,"Free Fire MAX"
19:30,42,6755183085,"Yarn Loop: Knit Puzzle"
19:30,43,945621521,"Quick Hit Casino - Vegas Slots"
19:30,44,6748950306,"Solitaire Associations Journey"
19:30,45,1376515087,"Age of Origins:Tower Defense"
19:30,46,6618142292,"Flambé®: Merge and Cook"
19:30,47,6504332779,"Color Block Jam"
19:30,48,1606356401,"Zenless Zone Zero - Anniv."
19:30,49,6751270546,"Sword x Staff"
19:30,50,1484468651,"Dice Dreams™"
19:30,51,6443755785,"Seaside Escape®: Merge & Story"
19:30,52,538212549,"Big Fish Casino: Slots Games"
19:30,53,1117270703,"eFootball™"
19:30,54,1521236603,"Travel Town - Merge Adventure"
19:30,55,1053012308,"Clash Royale"
19:30,56,890378044,"Toy Blast"
19:30,57,307569751,"NYT Games: Wordle & Crossword"
19:30,58,6779167923,"Colony Flow!"
19:30,59,529996768,"Bingo Blitz™ - BINGO Games"
19:30,60,1642607669,"Game of Thrones: Dragonfire"
19:30,61,6615077767,"Bingo Voyage: Live Bingo Games"
19:30,62,6754558455,"Marble Sort!"
19:30,63,1484442152,"Merge Mansion: Puzzles & Story"
19:30,64,1356045010,"Lotsa Slots™ - Vegas Casino"
19:30,65,6748084174,"Smash Fest!"
19:30,66,719525810,"WSOP Poker: Texas Holdem Game"
19:30,67,951627425,"DRAGON BALL Z DOKKAN BATTLE"
19:30,68,6756058501,"Jelly Busters: Puzzle Game"
19:30,69,6744812012,"X-Clash: Survival Challenge"
19:30,70,6756989323,"Last Asylum: Plague"
19:30,71,6503603603,"Mystery Town: Merge Games"
19:30,72,485126024,"DoubleDown™ Casino Vegas Slots"
19:30,73,1183802626,"Fate/Grand Order (English)"
19:30,74,1558803930,"Matching Story - Merge & Match"
19:30,75,1597760047,"OneState RP: Role Play Online"
19:30,76,1089225191,"Golf Clash - Golfing Simulator"
19:30,77,479516143,"Minecraft: Play with Friends!"
19:30,78,1517980891,"Puzzles & Survival"
19:30,79,6450110217,"Triple Match City"
19:30,80,880047117,"Angry Birds 2"
19:30,81,1404165333,"Cash Frenzy™ - Slots Casino"
19:30,82,1290086677,"MapleStory M: Fantasy MMORPG"
19:30,83,1607122287,"Triple Match 3D"
19:30,84,6446005634,"Hunting Sniper"
19:30,85,506627515,"Hay Day"
19:30,86,1215145992,"MONOPOLY Slots Casino: Go Spin"
19:30,87,785537179,"Heart of Vegas - Casino Slots"
19:30,88,1354260888,"Rise of Kingdoms"
19:30,89,921022358,"Star Wars™: Galaxy of Heroes"
19:30,90,1462911602,"Dream League Soccer 2026"
19:30,91,6475033368,"Wuthering Waves - To Xuanfang"
19:30,92,6746328263,"Castle Busters"
19:30,93,1483058899,"Project Makeover"
19:30,94,1356980152,"Jackpot World™ - Casino Slots"
19:30,95,6757154335,"Cube Land Puzzle Game"
19:30,96,1090242126,"Jackpot Magic Slots & Casino"
19:30,97,6450834358,"Sunday City: Life Simulator"
19:30,98,896112560,"Marvel Contest of Champions"
19:30,99,1091301948,"88 Fortunes™ Casino Slot Games"
19:30,100,1522699215,"Love Island: The Game"
19:30,101,1635337354,"Piggy Kingdom - Match 3 Games"
19:30,102,1599719154,"Honkai: Star Rail"
19:30,103,6758138698,"Car Sort: Color Puzzle"
19:30,104,6747028173,"Hole Stars: Puzzle Game"
19:30,105,6741567125,"Clash of Critters"
19:30,106,806393795,"Gold Fish Casino Slots Games"
19:30,107,1591887467,"Cash Club Casino - Vegas Slots"
19:30,108,6749251466,"CookieRun: Crumble - Idle RPG"
19:30,109,1229016807,"Brawl Stars"
19:30,110,447553564,"Slotomania™ Slots Machine Game"
19:30,111,1206967173,"Yahtzee® with Buddies Dice"
19:30,112,329218549,"Chess.com - Play and Learn"
19:30,113,6745761596,"Coin Master - Board Adventure"
19:30,114,6502820653,"Archero 2"
19:30,115,1223338261,"Solitaire Grand Harvest"
19:30,116,6446389130,"Puzzles & Chaos: Frozen Castle"
19:30,117,1496227521,"Magic: The Gathering Arena"
19:30,118,6769314786,"Food Hunt: Pixel Puzzle"
19:30,119,1585915174,"GODDESS OF VICTORY: NIKKE"
19:30,120,6476976929,"Truck Star"
19:30,121,6737595599,"Foundation: Galactic Frontier"
19:30,122,6504324020,"Hexa Away"
19:30,123,6479752688,"Match Villains"
19:30,124,6752886832,"Hotel Legacy: Merge Game"
19:30,125,6738109752,"Tiles Survive!"
19:30,126,6762268182,"Z Route: Redemption"
19:30,127,6480433538,"Umamusume: Pretty Derby"
19:30,128,543186831,"8 Ball Pool™"
19:30,129,6444043291,"Domino Dreams™"
19:30,130,1491129492,"Baseball Clash: Real-time game"
19:30,131,1311478292,"Mighty Fu Casino: Slots Game"
19:30,132,6755455500,"Hollywood Merge"
19:30,133,1442061397,"Pokémon Masters EX"
19:30,134,6744547461,"Happy Screw Trip 3D"
19:30,135,1017551780,"Disney Emoji Blitz Game"
19:30,136,6740699102,"Hole It 3D"
19:30,137,6504421808,"Car Match - Traffic Puzzle"
19:30,138,6747875092,"Yarn Fever! Unravel Puzzle"
19:30,139,6444056676,"Tile Family®:Match Puzzle Game"
19:30,140,1463509237,"Phase 10: Casual Card Game"
19:30,141,6746636289,"Forge Master – Idle RPG"
19:30,142,1487911239,"Bingo Frenzy™-Live Bingo Games"
19:30,143,603097018,"Caesars Slots - Casino Games"
19:30,144,6741674823,"Watcher of Realms - US"
19:30,145,6482849843,"Goods Puzzle: Sort Challenge"
19:30,146,806077016,"War Robots Multiplayer Battles"
19:30,147,852912420,"Summoners War X Frieren"
19:30,148,1509450845,"CookieRun: Kingdom"
19:30,149,1071744151,"War and Order"
19:30,150,6756641249,"hololive Dreams"
19:30,151,642727743,"DoubleU Casino™ - Vegas Slots"
19:30,152,6449294809,"Invincible: Guarding the Globe"
19:30,153,608206510,"Farm Heroes Saga"
19:30,154,6446197181,"Glow Fashion Idol"
19:30,155,6740618570,"XP Hero"
19:30,156,892521917,"Tiki Solitaire TriPeaks"
19:30,157,1487451427,"Infinity Kingdom"
19:30,158,1578212119,"Jackpot Master™ Slots-Casino"
19:30,159,1010962391,"Design Home™: House Makeover"
19:30,160,1198143062,"Ludo STAR"
19:30,161,1371565796,"RAID: Shadow Legends"
19:30,162,1354796403,"Golf Rival - Multiplayer Game"
19:30,163,6448125670,"Idle Obelisk Miner"
19:30,164,850057092,"The Battle Cats"
19:30,165,6740966864,"Dicero!"
19:30,166,6738469826,"Lands of Jail"
19:30,167,1208952944,"Merge Dragons!"
19:30,168,1480805172,"Cash Tornado™ Slots - Casino"
19:30,169,6739124364,"Top Tycoon: Coin Theme Empire"
19:30,170,1200391796,"June's Journey: Hidden Objects"
19:30,171,887947640,"CSR 2 - Realistic Drag Racing"
19:30,172,1216575026,"Matchington Mansion"
19:30,173,6741568655,"Mobile Legends: Bang Bang.US"
19:30,174,1662335371,"Raid Rush: Tower Defense TD"
19:30,175,6449822109,"Cash Rally - Slots Casino Game"
19:30,176,6751086804,"Dragon Traveler"
19:30,177,1562817072,"Mob Control"
19:30,178,1492005122,"Diablo Immortal"
19:30,179,354902315,"Zynga Poker ™ - Texas Hold'em"
19:30,180,6759763476,"Bus Traffic Fever!"
19:30,181,1196764367,"Words With Friends Word Game"
19:30,182,1517783697,"Genshin Impact"
19:30,183,1510997559,"Supremacy: World War 3"
19:30,184,6740766025,"Gecko Out"
19:30,185,1117841866,"Empires & Puzzles: Match-3 RPG"
19:30,186,1459249040,"Goodville: Farm Game Adventure"
19:30,187,6475709488,"Carnival Tycoon: Coin Games"
19:30,188,6754839783,"Bubble Word Jam"
19:30,189,1329917539,"Grand Summoners - Anime RPG"
19:30,190,6754363534,"Sand Loop"
19:30,191,6447612873,"Sea War: Uboat Raid"
19:30,192,834185106,"Spades Plus - Card Game"
19:30,193,1344700142,"UNO!™"
19:30,194,6754925146,"Jigsaw Block Sort"
19:30,195,1479198816,"Top War: Battle Game"
19:30,196,466965151,"The Sims™ FreePlay"
19:30,197,6746151928,"Heartopia"
19:30,198,1065980436,"POP! Slots™"
19:30,199,6739867121,"Sort Express!"
19:30,200,6757350661,"Police Chief"
20:30,1,1621328561,"MONOPOLY GO!"
20:30,2,1482155847,"Royal Match"
20:30,3,1623318294,"Gossip Harbor®: Merge & Story"
20:30,4,553834731,"Candy Crush Saga"
20:30,5,638689075,"Township"
20:30,6,1606549505,"Royal Kingdom"
20:30,7,1094591345,"Pokémon GO"
20:30,8,6739554056,"Kingshot"
20:30,9,1176027022,"Toon Blast"
20:30,10,6448786147,"Last War:Survival"
20:30,11,1300146617,"Free Fire: 9th Anniversary"
20:30,12,6479970832,"Pokémon TCG Pocket"
20:30,13,6443575749,"Whiteout Survival"
20:30,14,6471045672,"Tasty Travels: Merge Game"
20:30,15,6503272652,"Last Z: Survival Shooter"
20:30,16,1105855019,"Gardenscapes"
20:30,17,6449094229,"Match Factory!"
20:30,18,1094930513,"EA SPORTS FC Soccer Mobile 26"
20:30,19,1330123889,"PUBG MOBILE"
20:30,20,6751056652,"Pixel Flow!"
20:30,21,406889139,"Coin Master"
20:30,22,6752672568,"Block Out! - Color Sort Puzzle"
20:30,23,1243005112,"Lightning Link Casino Slots"
20:30,24,1195621598,"Homescapes: Match 3 Games"
20:30,25,575980917,"Jackpot Party - Casino Slots"
20:30,26,529479190,"Clash of Clans"
20:30,27,1098157959,"Evony"
20:30,28,1643509748,"Merge Cooking®"
20:30,29,1287282214,"Call of Duty®: Mobile"
20:30,30,6499209744,"Magic Sort!"
20:30,31,664575829,"Fishdom"
20:30,32,1274132545,"Total Battle: War Strategy"
20:30,33,1123582513,"Cashman Casino Slots Games"
20:30,34,6475757306,"Disney Solitaire"
20:30,35,6503284107,"All in Hole: Black Hole Games"
20:30,36,6740043080,"Screwdom"
20:30,37,1358222641,"DRAGON BALL LEGENDS"
20:30,38,6670441558,"Dark War:Survival"
20:30,39,850417475,"Candy Crush Soda Saga"
20:30,40,6483539426,"Fortnite"
20:30,41,1480516829,"Free Fire MAX"
20:30,42,6755183085,"Yarn Loop: Knit Puzzle"
20:30,43,945621521,"Quick Hit Casino - Vegas Slots"
20:30,44,6748950306,"Solitaire Associations Journey"
20:30,45,1376515087,"Age of Origins:Tower Defense"
20:30,46,6618142292,"Flambé®: Merge and Cook"
20:30,47,6504332779,"Color Block Jam"
20:30,48,1606356401,"Zenless Zone Zero - Anniv."
20:30,49,6751270546,"Sword x Staff"
20:30,50,1484468651,"Dice Dreams™"
20:30,51,6443755785,"Seaside Escape®: Merge & Story"
20:30,52,538212549,"Big Fish Casino: Slots Games"
20:30,53,1117270703,"eFootball™"
20:30,54,1521236603,"Travel Town - Merge Adventure"
20:30,55,1053012308,"Clash Royale"
20:30,56,890378044,"Toy Blast"
20:30,57,307569751,"NYT Games: Wordle & Crossword"
20:30,58,6779167923,"Colony Flow!"
20:30,59,529996768,"Bingo Blitz™ - BINGO Games"
20:30,60,1642607669,"Game of Thrones: Dragonfire"
20:30,61,6615077767,"Bingo Voyage: Live Bingo Games"
20:30,62,6754558455,"Marble Sort!"
20:30,63,1484442152,"Merge Mansion: Puzzles & Story"
20:30,64,1356045010,"Lotsa Slots™ - Vegas Casino"
20:30,65,6748084174,"Smash Fest!"
20:30,66,719525810,"WSOP Poker: Texas Holdem Game"
20:30,67,951627425,"DRAGON BALL Z DOKKAN BATTLE"
20:30,68,6756058501,"Jelly Busters: Puzzle Game"
20:30,69,6744812012,"X-Clash: Survival Challenge"
20:30,70,6756989323,"Last Asylum: Plague"
20:30,71,6503603603,"Mystery Town: Merge Games"
20:30,72,485126024,"DoubleDown™ Casino Vegas Slots"
20:30,73,1183802626,"Fate/Grand Order (English)"
20:30,74,1558803930,"Matching Story - Merge & Match"
20:30,75,1597760047,"OneState RP: Role Play Online"
20:30,76,1089225191,"Golf Clash - Golfing Simulator"
20:30,77,479516143,"Minecraft: Play with Friends!"
20:30,78,1517980891,"Puzzles & Survival"
20:30,79,6450110217,"Triple Match City"
20:30,80,880047117,"Angry Birds 2"
20:30,81,1404165333,"Cash Frenzy™ - Slots Casino"
20:30,82,1290086677,"MapleStory M: Fantasy MMORPG"
20:30,83,1607122287,"Triple Match 3D"
20:30,84,6446005634,"Hunting Sniper"
20:30,85,506627515,"Hay Day"
20:30,86,1215145992,"MONOPOLY Slots Casino: Go Spin"
20:30,87,785537179,"Heart of Vegas - Casino Slots"
20:30,88,1354260888,"Rise of Kingdoms"
20:30,89,921022358,"Star Wars™: Galaxy of Heroes"
20:30,90,1462911602,"Dream League Soccer 2026"
20:30,91,6475033368,"Wuthering Waves - To Xuanfang"
20:30,92,6746328263,"Castle Busters"
20:30,93,1483058899,"Project Makeover"
20:30,94,1356980152,"Jackpot World™ - Casino Slots"
20:30,95,6757154335,"Cube Land Puzzle Game"
20:30,96,1090242126,"Jackpot Magic Slots & Casino"
20:30,97,6450834358,"Sunday City: Life Simulator"
20:30,98,896112560,"Marvel Contest of Champions"
20:30,99,1091301948,"88 Fortunes™ Casino Slot Games"
20:30,100,1522699215,"Love Island: The Game"
20:30,101,1635337354,"Piggy Kingdom - Match 3 Games"
20:30,102,1599719154,"Honkai: Star Rail"
20:30,103,6758138698,"Car Sort: Color Puzzle"
20:30,104,6747028173,"Hole Stars: Puzzle Game"
20:30,105,6741567125,"Clash of Critters"
20:30,106,806393795,"Gold Fish Casino Slots Games"
20:30,107,1591887467,"Cash Club Casino - Vegas Slots"
20:30,108,6749251466,"CookieRun: Crumble - Idle RPG"
20:30,109,1229016807,"Brawl Stars"
20:30,110,447553564,"Slotomania™ Slots Machine Game"
20:30,111,1206967173,"Yahtzee® with Buddies Dice"
20:30,112,329218549,"Chess.com - Play and Learn"
20:30,113,6745761596,"Coin Master - Board Adventure"
20:30,114,6502820653,"Archero 2"
20:30,115,1223338261,"Solitaire Grand Harvest"
20:30,116,6446389130,"Puzzles & Chaos: Frozen Castle"
20:30,117,1496227521,"Magic: The Gathering Arena"
20:30,118,6769314786,"Food Hunt: Pixel Puzzle"
20:30,119,1585915174,"GODDESS OF VICTORY: NIKKE"
20:30,120,6476976929,"Truck Star"
20:30,121,6737595599,"Foundation: Galactic Frontier"
20:30,122,6504324020,"Hexa Away"
20:30,123,6479752688,"Match Villains"
20:30,124,6752886832,"Hotel Legacy: Merge Game"
20:30,125,6738109752,"Tiles Survive!"
20:30,126,6762268182,"Z Route: Redemption"
20:30,127,6480433538,"Umamusume: Pretty Derby"
20:30,128,543186831,"8 Ball Pool™"
20:30,129,6444043291,"Domino Dreams™"
20:30,130,1491129492,"Baseball Clash: Real-time game"
20:30,131,1311478292,"Mighty Fu Casino: Slots Game"
20:30,132,6755455500,"Hollywood Merge"
20:30,133,1442061397,"Pokémon Masters EX"
20:30,134,6744547461,"Happy Screw Trip 3D"
20:30,135,1017551780,"Disney Emoji Blitz Game"
20:30,136,6740699102,"Hole It 3D"
20:30,137,6504421808,"Car Match - Traffic Puzzle"
20:30,138,6747875092,"Yarn Fever! Unravel Puzzle"
20:30,139,6444056676,"Tile Family®:Match Puzzle Game"
20:30,140,1463509237,"Phase 10: Casual Card Game"
20:30,141,6746636289,"Forge Master – Idle RPG"
20:30,142,1487911239,"Bingo Frenzy™-Live Bingo Games"
20:30,143,603097018,"Caesars Slots - Casino Games"
20:30,144,6741674823,"Watcher of Realms - US"
20:30,145,6482849843,"Goods Puzzle: Sort Challenge"
20:30,146,806077016,"War Robots Multiplayer Battles"
20:30,147,852912420,"Summoners War X Frieren"
20:30,148,1509450845,"CookieRun: Kingdom"
20:30,149,1071744151,"War and Order"
20:30,150,6756641249,"hololive Dreams"
20:30,151,642727743,"DoubleU Casino™ - Vegas Slots"
20:30,152,6449294809,"Invincible: Guarding the Globe"
20:30,153,608206510,"Farm Heroes Saga"
20:30,154,6446197181,"Glow Fashion Idol"
20:30,155,6740618570,"XP Hero"
20:30,156,892521917,"Tiki Solitaire TriPeaks"
20:30,157,1487451427,"Infinity Kingdom"
20:30,158,1578212119,"Jackpot Master™ Slots-Casino"
20:30,159,1010962391,"Design Home™: House Makeover"
20:30,160,1198143062,"Ludo STAR"
20:30,161,1371565796,"RAID: Shadow Legends"
20:30,162,1354796403,"Golf Rival - Multiplayer Game"
20:30,163,6448125670,"Idle Obelisk Miner"
20:30,164,850057092,"The Battle Cats"
20:30,165,6740966864,"Dicero!"
20:30,166,6738469826,"Lands of Jail"
20:30,167,1208952944,"Merge Dragons!"
20:30,168,1480805172,"Cash Tornado™ Slots - Casino"
20:30,169,6739124364,"Top Tycoon: Coin Theme Empire"
20:30,170,1200391796,"June's Journey: Hidden Objects"
20:30,171,887947640,"CSR 2 - Realistic Drag Racing"
20:30,172,1216575026,"Matchington Mansion"
20:30,173,6741568655,"Mobile Legends: Bang Bang.US"
20:30,174,1662335371,"Raid Rush: Tower Defense TD"
20:30,175,6449822109,"Cash Rally - Slots Casino Game"
20:30,176,6751086804,"Dragon Traveler"
20:30,177,1562817072,"Mob Control"
20:30,178,1492005122,"Diablo Immortal"
20:30,179,354902315,"Zynga Poker ™ - Texas Hold'em"
20:30,180,6759763476,"Bus Traffic Fever!"
20:30,181,1196764367,"Words With Friends Word Game"
20:30,182,1517783697,"Genshin Impact"
20:30,183,1510997559,"Supremacy: World War 3"
20:30,184,6740766025,"Gecko Out"
20:30,185,1117841866,"Empires & Puzzles: Match-3 RPG"
20:30,186,1459249040,"Goodville: Farm Game Adventure"
20:30,187,6475709488,"Carnival Tycoon: Coin Games"
20:30,188,6754839783,"Bubble Word Jam"
20:30,189,1329917539,"Grand Summoners - Anime RPG"
20:30,190,6754363534,"Sand Loop"
20:30,191,6447612873,"Sea War: Uboat Raid"
20:30,192,834185106,"Spades Plus - Card Game"
20:30,193,1344700142,"UNO!™"
20:30,194,6754925146,"Jigsaw Block Sort"
20:30,195,1479198816,"Top War: Battle Game"
20:30,196,466965151,"The Sims™ FreePlay"
20:30,197,6746151928,"Heartopia"
20:30,198,1065980436,"POP! Slots™"
20:30,199,6739867121,"Sort Express!"
20:30,200,6757350661,"Police Chief"
21:30,1,1621328561,"MONOPOLY GO!"
21:30,2,1482155847,"Royal Match"
21:30,3,1623318294,"Gossip Harbor®: Merge & Story"
21:30,4,553834731,"Candy Crush Saga"
21:30,5,638689075,"Township"
21:30,6,1606549505,"Royal Kingdom"
21:30,7,1094591345,"Pokémon GO"
21:30,8,6739554056,"Kingshot"
21:30,9,1176027022,"Toon Blast"
21:30,10,6448786147,"Last War:Survival"
21:30,11,1300146617,"Free Fire: 9th Anniversary"
21:30,12,6479970832,"Pokémon TCG Pocket"
21:30,13,6443575749,"Whiteout Survival"
21:30,14,6471045672,"Tasty Travels: Merge Game"
21:30,15,6503272652,"Last Z: Survival Shooter"
21:30,16,1105855019,"Gardenscapes"
21:30,17,6449094229,"Match Factory!"
21:30,18,1094930513,"EA SPORTS FC Soccer Mobile 26"
21:30,19,1330123889,"PUBG MOBILE"
21:30,20,6751056652,"Pixel Flow!"
21:30,21,406889139,"Coin Master"
21:30,22,6752672568,"Block Out! - Color Sort Puzzle"
21:30,23,1243005112,"Lightning Link Casino Slots"
21:30,24,1195621598,"Homescapes: Match 3 Games"
21:30,25,575980917,"Jackpot Party - Casino Slots"
21:30,26,529479190,"Clash of Clans"
21:30,27,1098157959,"Evony"
21:30,28,1643509748,"Merge Cooking®"
21:30,29,1287282214,"Call of Duty®: Mobile"
21:30,30,6499209744,"Magic Sort!"
21:30,31,664575829,"Fishdom"
21:30,32,1274132545,"Total Battle: War Strategy"
21:30,33,1123582513,"Cashman Casino Slots Games"
21:30,34,6475757306,"Disney Solitaire"
21:30,35,6503284107,"All in Hole: Black Hole Games"
21:30,36,6740043080,"Screwdom"
21:30,37,1358222641,"DRAGON BALL LEGENDS"
21:30,38,6670441558,"Dark War:Survival"
21:30,39,850417475,"Candy Crush Soda Saga"
21:30,40,6483539426,"Fortnite"
21:30,41,1480516829,"Free Fire MAX"
21:30,42,6755183085,"Yarn Loop: Knit Puzzle"
21:30,43,945621521,"Quick Hit Casino - Vegas Slots"
21:30,44,6748950306,"Solitaire Associations Journey"
21:30,45,1376515087,"Age of Origins:Tower Defense"
21:30,46,6618142292,"Flambé®: Merge and Cook"
21:30,47,6504332779,"Color Block Jam"
21:30,48,1606356401,"Zenless Zone Zero - Anniv."
21:30,49,6751270546,"Sword x Staff"
21:30,50,1484468651,"Dice Dreams™"
21:30,51,6443755785,"Seaside Escape®: Merge & Story"
21:30,52,538212549,"Big Fish Casino: Slots Games"
21:30,53,1117270703,"eFootball™"
21:30,54,1521236603,"Travel Town - Merge Adventure"
21:30,55,1053012308,"Clash Royale"
21:30,56,890378044,"Toy Blast"
21:30,57,307569751,"NYT Games: Wordle & Crossword"
21:30,58,6779167923,"Colony Flow!"
21:30,59,529996768,"Bingo Blitz™ - BINGO Games"
21:30,60,1642607669,"Game of Thrones: Dragonfire"
21:30,61,6615077767,"Bingo Voyage: Live Bingo Games"
21:30,62,6754558455,"Marble Sort!"
21:30,63,1484442152,"Merge Mansion: Puzzles & Story"
21:30,64,1356045010,"Lotsa Slots™ - Vegas Casino"
21:30,65,6748084174,"Smash Fest!"
21:30,66,719525810,"WSOP Poker: Texas Holdem Game"
21:30,67,951627425,"DRAGON BALL Z DOKKAN BATTLE"
21:30,68,6756058501,"Jelly Busters: Puzzle Game"
21:30,69,6744812012,"X-Clash: Survival Challenge"
21:30,70,6756989323,"Last Asylum: Plague"
21:30,71,6503603603,"Mystery Town: Merge Games"
21:30,72,485126024,"DoubleDown™ Casino Vegas Slots"
21:30,73,1183802626,"Fate/Grand Order (English)"
21:30,74,1558803930,"Matching Story - Merge & Match"
21:30,75,1597760047,"OneState RP: Role Play Online"
21:30,76,1089225191,"Golf Clash - Golfing Simulator"
21:30,77,479516143,"Minecraft: Play with Friends!"
21:30,78,1517980891,"Puzzles & Survival"
21:30,79,6450110217,"Triple Match City"
21:30,80,880047117,"Angry Birds 2"
21:30,81,1404165333,"Cash Frenzy™ - Slots Casino"
21:30,82,1290086677,"MapleStory M: Fantasy MMORPG"
21:30,83,1607122287,"Triple Match 3D"
21:30,84,6446005634,"Hunting Sniper"
21:30,85,506627515,"Hay Day"
21:30,86,1215145992,"MONOPOLY Slots Casino: Go Spin"
21:30,87,785537179,"Heart of Vegas - Casino Slots"
21:30,88,1354260888,"Rise of Kingdoms"
21:30,89,921022358,"Star Wars™: Galaxy of Heroes"
21:30,90,1462911602,"Dream League Soccer 2026"
21:30,91,6475033368,"Wuthering Waves - To Xuanfang"
21:30,92,6746328263,"Castle Busters"
21:30,93,1483058899,"Project Makeover"
21:30,94,1356980152,"Jackpot World™ - Casino Slots"
21:30,95,6757154335,"Cube Land Puzzle Game"
21:30,96,1090242126,"Jackpot Magic Slots & Casino"
21:30,97,6450834358,"Sunday City: Life Simulator"
21:30,98,896112560,"Marvel Contest of Champions"
21:30,99,1091301948,"88 Fortunes™ Casino Slot Games"
21:30,100,1522699215,"Love Island: The Game"
21:30,101,1635337354,"Piggy Kingdom - Match 3 Games"
21:30,102,1599719154,"Honkai: Star Rail"
21:30,103,6758138698,"Car Sort: Color Puzzle"
21:30,104,6747028173,"Hole Stars: Puzzle Game"
21:30,105,6741567125,"Clash of Critters"
21:30,106,806393795,"Gold Fish Casino Slots Games"
21:30,107,1591887467,"Cash Club Casino - Vegas Slots"
21:30,108,6749251466,"CookieRun: Crumble - Idle RPG"
21:30,109,1229016807,"Brawl Stars"
21:30,110,447553564,"Slotomania™ Slots Machine Game"
21:30,111,1206967173,"Yahtzee® with Buddies Dice"
21:30,112,329218549,"Chess.com - Play and Learn"
21:30,113,6745761596,"Coin Master - Board Adventure"
21:30,114,6502820653,"Archero 2"
21:30,115,1223338261,"Solitaire Grand Harvest"
21:30,116,6446389130,"Puzzles & Chaos: Frozen Castle"
21:30,117,1496227521,"Magic: The Gathering Arena"
21:30,118,6769314786,"Food Hunt: Pixel Puzzle"
21:30,119,1585915174,"GODDESS OF VICTORY: NIKKE"
21:30,120,6476976929,"Truck Star"
21:30,121,6737595599,"Foundation: Galactic Frontier"
21:30,122,6504324020,"Hexa Away"
21:30,123,6479752688,"Match Villains"
21:30,124,6752886832,"Hotel Legacy: Merge Game"
21:30,125,6738109752,"Tiles Survive!"
21:30,126,6762268182,"Z Route: Redemption"
21:30,127,6480433538,"Umamusume: Pretty Derby"
21:30,128,543186831,"8 Ball Pool™"
21:30,129,6444043291,"Domino Dreams™"
21:30,130,1491129492,"Baseball Clash: Real-time game"
21:30,131,1311478292,"Mighty Fu Casino: Slots Game"
21:30,132,6755455500,"Hollywood Merge"
21:30,133,1442061397,"Pokémon Masters EX"
21:30,134,6744547461,"Happy Screw Trip 3D"
21:30,135,1017551780,"Disney Emoji Blitz Game"
21:30,136,6740699102,"Hole It 3D"
21:30,137,6504421808,"Car Match - Traffic Puzzle"
21:30,138,6747875092,"Yarn Fever! Unravel Puzzle"
21:30,139,6444056676,"Tile Family®:Match Puzzle Game"
21:30,140,1463509237,"Phase 10: Casual Card Game"
21:30,141,6746636289,"Forge Master – Idle RPG"
21:30,142,1487911239,"Bingo Frenzy™-Live Bingo Games"
21:30,143,603097018,"Caesars Slots - Casino Games"
21:30,144,6741674823,"Watcher of Realms - US"
21:30,145,6482849843,"Goods Puzzle: Sort Challenge"
21:30,146,806077016,"War Robots Multiplayer Battles"
21:30,147,852912420,"Summoners War X Frieren"
21:30,148,1509450845,"CookieRun: Kingdom"
21:30,149,1071744151,"War and Order"
21:30,150,6756641249,"hololive Dreams"
21:30,151,642727743,"DoubleU Casino™ - Vegas Slots"
21:30,152,6449294809,"Invincible: Guarding the Globe"
21:30,153,608206510,"Farm Heroes Saga"
21:30,154,6446197181,"Glow Fashion Idol"
21:30,155,6740618570,"XP Hero"
21:30,156,892521917,"Tiki Solitaire TriPeaks"
21:30,157,1487451427,"Infinity Kingdom"
21:30,158,1578212119,"Jackpot Master™ Slots-Casino"
21:30,159,1010962391,"Design Home™: House Makeover"
21:30,160,1198143062,"Ludo STAR"
21:30,161,1371565796,"RAID: Shadow Legends"
21:30,162,1354796403,"Golf Rival - Multiplayer Game"
21:30,163,6448125670,"Idle Obelisk Miner"
21:30,164,850057092,"The Battle Cats"
21:30,165,6740966864,"Dicero!"
21:30,166,6738469826,"Lands of Jail"
21:30,167,1208952944,"Merge Dragons!"
21:30,168,1480805172,"Cash Tornado™ Slots - Casino"
21:30,169,6739124364,"Top Tycoon: Coin Theme Empire"
21:30,170,1200391796,"June's Journey: Hidden Objects"
21:30,171,887947640,"CSR 2 - Realistic Drag Racing"
21:30,172,1216575026,"Matchington Mansion"
21:30,173,6741568655,"Mobile Legends: Bang Bang.US"
21:30,174,1662335371,"Raid Rush: Tower Defense TD"
21:30,175,6449822109,"Cash Rally - Slots Casino Game"
21:30,176,6751086804,"Dragon Traveler"
21:30,177,1562817072,"Mob Control"
21:30,178,1492005122,"Diablo Immortal"
21:30,179,354902315,"Zynga Poker ™ - Texas Hold'em"
21:30,180,6759763476,"Bus Traffic Fever!"
21:30,181,1196764367,"Words With Friends Word Game"
21:30,182,1517783697,"Genshin Impact"
21:30,183,1510997559,"Supremacy: World War 3"
21:30,184,6740766025,"Gecko Out"
21:30,185,1117841866,"Empires & Puzzles: Match-3 RPG"
21:30,186,1459249040,"Goodville: Farm Game Adventure"
21:30,187,6475709488,"Carnival Tycoon: Coin Games"
21:30,188,6754839783,"Bubble Word Jam"
21:30,189,1329917539,"Grand Summoners - Anime RPG"
21:30,190,6754363534,"Sand Loop"
21:30,191,6447612873,"Sea War: Uboat Raid"
21:30,192,834185106,"Spades Plus - Card Game"
21:30,193,1344700142,"UNO!™"
21:30,194,6754925146,"Jigsaw Block Sort"
21:30,195,1479198816,"Top War: Battle Game"
21:30,196,466965151,"The Sims™ FreePlay"
21:30,197,6746151928,"Heartopia"
21:30,198,1065980436,"POP! Slots™"
21:30,199,6739867121,"Sort Express!"
21:30,200,6757350661,"Police Chief"
23:00,1,1621328561,"MONOPOLY GO!"
23:00,2,1482155847,"Royal Match"
23:00,3,1623318294,"Gossip Harbor®: Merge & Story"
23:00,4,553834731,"Candy Crush Saga"
23:00,5,638689075,"Township"
23:00,6,1606549505,"Royal Kingdom"
23:00,7,1094591345,"Pokémon GO"
23:00,8,6739554056,"Kingshot"
23:00,9,1176027022,"Toon Blast"
23:00,10,1300146617,"Free Fire: 9th Anniversary"
23:00,11,6479970832,"Pokémon TCG Pocket"
23:00,12,6448786147,"Last War:Survival"
23:00,13,6443575749,"Whiteout Survival"
23:00,14,6471045672,"Tasty Travels: Merge Game"
23:00,15,6503272652,"Last Z: Survival Shooter"
23:00,16,1105855019,"Gardenscapes"
23:00,17,529479190,"Clash of Clans"
23:00,18,1094930513,"EA SPORTS FC Soccer Mobile 26"
23:00,19,6449094229,"Match Factory!"
23:00,20,1330123889,"PUBG MOBILE"
23:00,21,6751056652,"Pixel Flow!"
23:00,22,406889139,"Coin Master"
23:00,23,6752672568,"Block Out! - Color Sort Puzzle"
23:00,24,1243005112,"Lightning Link Casino Slots"
23:00,25,575980917,"Jackpot Party - Casino Slots"
23:00,26,1195621598,"Homescapes: Match 3 Games"
23:00,27,1098157959,"Evony"
23:00,28,1643509748,"Merge Cooking®"
23:00,29,1287282214,"Call of Duty®: Mobile"
23:00,30,6499209744,"Magic Sort!"
23:00,31,664575829,"Fishdom"
23:00,32,1123582513,"Cashman Casino Slots Games"
23:00,33,6503284107,"All in Hole: Black Hole Games"
23:00,34,6475757306,"Disney Solitaire"
23:00,35,1274132545,"Total Battle: War Strategy"
23:00,36,6740043080,"Screwdom"
23:00,37,1358222641,"DRAGON BALL LEGENDS"
23:00,38,850417475,"Candy Crush Soda Saga"
23:00,39,6670441558,"Dark War:Survival"
23:00,40,1480516829,"Free Fire MAX"
23:00,41,6483539426,"Fortnite"
23:00,42,6755183085,"Yarn Loop: Knit Puzzle"
23:00,43,945621521,"Quick Hit Casino - Vegas Slots"
23:00,44,6748950306,"Solitaire Associations Journey"
23:00,45,1376515087,"Age of Origins:Tower Defense"
23:00,46,6618142292,"Flambé®: Merge and Cook"
23:00,47,6504332779,"Color Block Jam"
23:00,48,1606356401,"Zenless Zone Zero - Anniv."
23:00,49,307569751,"NYT Games: Wordle & Crossword"
23:00,50,6751270546,"Sword x Staff"
23:00,51,538212549,"Big Fish Casino: Slots Games"
23:00,52,1484468651,"Dice Dreams™"
23:00,53,6443755785,"Seaside Escape®: Merge & Story"
23:00,54,1117270703,"eFootball™"
23:00,55,1053012308,"Clash Royale"
23:00,56,890378044,"Toy Blast"
23:00,57,1521236603,"Travel Town - Merge Adventure"
23:00,58,529996768,"Bingo Blitz™ - BINGO Games"
23:00,59,506627515,"Hay Day"
23:00,60,6779167923,"Colony Flow!"
23:00,61,1642607669,"Game of Thrones: Dragonfire"
23:00,62,6615077767,"Bingo Voyage: Live Bingo Games"
23:00,63,1356045010,"Lotsa Slots™ - Vegas Casino"
23:00,64,1484442152,"Merge Mansion: Puzzles & Story"
23:00,65,719525810,"WSOP Poker: Texas Holdem Game"
23:00,66,6754558455,"Marble Sort!"
23:00,67,6748084174,"Smash Fest!"
23:00,68,951627425,"DRAGON BALL Z DOKKAN BATTLE"
23:00,69,6756058501,"Jelly Busters: Puzzle Game"
23:00,70,6756989323,"Last Asylum: Plague"
23:00,71,6744812012,"X-Clash: Survival Challenge"
23:00,72,1183802626,"Fate/Grand Order (English)"
23:00,73,485126024,"DoubleDown™ Casino Vegas Slots"
23:00,74,6503603603,"Mystery Town: Merge Games"
23:00,75,1597760047,"OneState RP: Role Play Online"
23:00,76,479516143,"Minecraft: Play with Friends!"
23:00,77,1558803930,"Matching Story - Merge & Match"
23:00,78,880047117,"Angry Birds 2"
23:00,79,1089225191,"Golf Clash - Golfing Simulator"
23:00,80,1404165333,"Cash Frenzy™ - Slots Casino"
23:00,81,6446005634,"Hunting Sniper"
23:00,82,1290086677,"MapleStory M: Fantasy MMORPG"
23:00,83,1517980891,"Puzzles & Survival"
23:00,84,6450110217,"Triple Match City"
23:00,85,1607122287,"Triple Match 3D"
23:00,86,785537179,"Heart of Vegas - Casino Slots"
23:00,87,6475033368,"Wuthering Waves - To Xuanfang"
23:00,88,1215145992,"MONOPOLY Slots Casino: Go Spin"
23:00,89,1462911602,"Dream League Soccer 2026"
23:00,90,1354260888,"Rise of Kingdoms"
23:00,91,921022358,"Star Wars™: Galaxy of Heroes"
23:00,92,329218549,"Chess.com - Play and Learn"
23:00,93,6746328263,"Castle Busters"
23:00,94,1483058899,"Project Makeover"
23:00,95,1356980152,"Jackpot World™ - Casino Slots"
23:00,96,896112560,"Marvel Contest of Champions"
23:00,97,1599719154,"Honkai: Star Rail"
23:00,98,1522699215,"Love Island: The Game"
23:00,99,6450834358,"Sunday City: Life Simulator"
23:00,100,1091301948,"88 Fortunes™ Casino Slot Games"
23:00,101,1090242126,"Jackpot Magic Slots & Casino"
23:00,102,6757154335,"Cube Land Puzzle Game"
23:00,103,1635337354,"Piggy Kingdom - Match 3 Games"
23:00,104,1229016807,"Brawl Stars"
23:00,105,6758138698,"Car Sort: Color Puzzle"
23:00,106,6749251466,"CookieRun: Crumble - Idle RPG"
23:00,107,1591887467,"Cash Club Casino - Vegas Slots"
23:00,108,6741567125,"Clash of Critters"
23:00,109,1206967173,"Yahtzee® with Buddies Dice"
23:00,110,6747028173,"Hole Stars: Puzzle Game"
23:00,111,806393795,"Gold Fish Casino Slots Games"
23:00,112,6502820653,"Archero 2"
23:00,113,447553564,"Slotomania™ Slots Machine Game"
23:00,114,6745761596,"Coin Master - Board Adventure"
23:00,115,6446389130,"Puzzles & Chaos: Frozen Castle"
23:00,116,1496227521,"Magic: The Gathering Arena"
23:00,117,1223338261,"Solitaire Grand Harvest"
23:00,118,6769314786,"Food Hunt: Pixel Puzzle"
23:00,119,6741568655,"Mobile Legends: Bang Bang.US"
23:00,120,1585915174,"GODDESS OF VICTORY: NIKKE"
23:00,121,6476976929,"Truck Star"
23:00,122,6479752688,"Match Villains"
23:00,123,6504324020,"Hexa Away"
23:00,124,6737595599,"Foundation: Galactic Frontier"
23:00,125,6762268182,"Z Route: Redemption"
23:00,126,543186831,"8 Ball Pool™"
23:00,127,6752886832,"Hotel Legacy: Merge Game"
23:00,128,6738109752,"Tiles Survive!"
23:00,129,6480433538,"Umamusume: Pretty Derby"
23:00,130,852912420,"Summoners War X Frieren"
23:00,131,1017551780,"Disney Emoji Blitz Game"
23:00,132,6444043291,"Domino Dreams™"
23:00,133,1491129492,"Baseball Clash: Real-time game"
23:00,134,1311478292,"Mighty Fu Casino: Slots Game"
23:00,135,6755455500,"Hollywood Merge"
23:00,136,6741674823,"Watcher of Realms - US"
23:00,137,1442061397,"Pokémon Masters EX"
23:00,138,6744547461,"Happy Screw Trip 3D"
23:00,139,6740699102,"Hole It 3D"
23:00,140,6504421808,"Car Match - Traffic Puzzle"
23:00,141,6747875092,"Yarn Fever! Unravel Puzzle"
23:00,142,6444056676,"Tile Family®:Match Puzzle Game"
23:00,143,1463509237,"Phase 10: Casual Card Game"
23:00,144,1487911239,"Bingo Frenzy™-Live Bingo Games"
23:00,145,6746636289,"Forge Master – Idle RPG"
23:00,146,6482849843,"Goods Puzzle: Sort Challenge"
23:00,147,642727743,"DoubleU Casino™ - Vegas Slots"
23:00,148,806077016,"War Robots Multiplayer Battles"
23:00,149,603097018,"Caesars Slots - Casino Games"
23:00,150,6756641249,"hololive Dreams"
23:00,151,6449294809,"Invincible: Guarding the Globe"
23:00,152,1509450845,"CookieRun: Kingdom"
23:00,153,1071744151,"War and Order"
23:00,154,1371565796,"RAID: Shadow Legends"
23:00,155,1354796403,"Golf Rival - Multiplayer Game"
23:00,156,892521917,"Tiki Solitaire TriPeaks"
23:00,157,608206510,"Farm Heroes Saga"
23:00,158,1198143062,"Ludo STAR"
23:00,159,6740618570,"XP Hero"
23:00,160,6446197181,"Glow Fashion Idol"
23:00,161,1578212119,"Jackpot Master™ Slots-Casino"
23:00,162,1487451427,"Infinity Kingdom"
23:00,163,1010962391,"Design Home™: House Makeover"
23:00,164,6740966864,"Dicero!"
23:00,165,850057092,"The Battle Cats"
23:00,166,6448125670,"Idle Obelisk Miner"
23:00,167,6738469826,"Lands of Jail"
23:00,168,1480805172,"Cash Tornado™ Slots - Casino"
23:00,169,6739124364,"Top Tycoon: Coin Theme Empire"
23:00,170,1208952944,"Merge Dragons!"
23:00,171,1200391796,"June's Journey: Hidden Objects"
23:00,172,1492005122,"Diablo Immortal"
23:00,173,1517783697,"Genshin Impact"
23:00,174,6751086804,"Dragon Traveler"
23:00,175,1662335371,"Raid Rush: Tower Defense TD"
23:00,176,887947640,"CSR 2 - Realistic Drag Racing"
23:00,177,1216575026,"Matchington Mansion"
23:00,178,354902315,"Zynga Poker ™ - Texas Hold'em"
23:00,179,6449822109,"Cash Rally - Slots Casino Game"
23:00,180,1562817072,"Mob Control"
23:00,181,6475709488,"Carnival Tycoon: Coin Games"
23:00,182,6759763476,"Bus Traffic Fever!"
23:00,183,6449289088,"Isekai:Slow Life"
23:00,184,1196764367,"Words With Friends Word Game"
23:00,185,6739616715,"MapleStory : Idle RPG"
23:00,186,1117841866,"Empires & Puzzles: Match-3 RPG"
23:00,187,1510997559,"Supremacy: World War 3"
23:00,188,6740766025,"Gecko Out"
23:00,189,1344700142,"UNO!™"
23:00,190,1459249040,"Goodville: Farm Game Adventure"
23:00,191,1419536376,"Yalla Ludo - Ludo&Jackaroo"
23:00,192,1065980436,"POP! Slots™"
23:00,193,834185106,"Spades Plus - Card Game"
23:00,194,1329917539,"Grand Summoners - Anime RPG"
23:00,195,1059665257,"MLB 9 Innings 26"
23:00,196,466965151,"The Sims™ FreePlay"
23:00,197,6754363534,"Sand Loop"
23:00,198,1479198816,"Top War: Battle Game"
23:00,199,791211390,"Jurassic World™: The Game"
23:00,200,6746151928,"Heartopia"
