time,rank,id,title
01:30,1,6759763476,"Bus Traffic Fever!"
01:30,2,6756641135,"ホロライブドリームス"
01:30,3,6761760135,"Meowdoku!"
01:30,4,6761818626,"エンドレスフロンティア2 放置RPG ディフェンス"
01:30,5,6771681142,"漢字分解パズル"
01:30,6,6754311241,"無職転生 〜異世界行ったら本気だす〜 【クロエコ】"
01:30,7,6748084174,"Smash Fest!"
01:30,8,6741567125,"モンスターサバイバル"
01:30,9,6760994244,"テイペンサバイバー"
01:30,10,6741503079,"Pokémon Champions"
01:30,11,6596745408,"ちいかわぽけっと"
01:30,12,6776146068,"[777Real] A-SLOT+ 異世界かるてっと BT"
01:30,13,6755455500,"ハリウッドマージ"
01:30,14,1117270703,"eFootball™"
01:30,15,6759081967,"Jewel Coloring"
01:30,16,6471045672,"グルメ・ジャーニー"
01:30,17,6760957454,"脱出ゲーム アムステルダム"
01:30,18,6752672568,"Block Out! - Color Sort Puzzle"
01:30,19,1617391485,"ブロックブラスト (Block Blast)"
01:30,20,6748397500,"Arrows – Puzzle Escape"
01:30,21,6499209744,"マジックソート (Magic Sort!)"
01:30,22,6443575749,"ホワイトアウト・サバイバル"
01:30,23,431946152,"Roblox (ロブロックス)"
01:30,24,6787983567,"価値ズレ！ - 価値観協力オンラインゲーム"
01:30,25,6742122160,"TopTop(トップトップ): サクッと遊んで、パッと友達"
01:30,26,1529747588,"どこでもパーティーゲーム「どこパ」：ワードウルフオンライン"
01:30,27,1482155847,"ロイヤルマッチ（Royal Match)"
01:30,28,6753668357,"LINE：ブロックジャム"
01:30,29,6749251466,"クッキーラン：クランブル - 放置系RPG"
01:30,30,6756185760,"Search It - Hidden Objects"
01:30,31,6739554056,"キングショット"
01:30,32,6483539426,"フォートナイト"
01:30,33,1094591345,"Pokémon GO"
01:30,34,1229016807,"ブロスタ"
01:30,35,1623318294,"ゴシップハーバー：マージ & ストーリー"
01:30,36,6756247422,"デジモンUP"
01:30,37,6751537447,"Snake Puzzle: Slither to Eat!"
01:30,38,6639605332,"パラノイズ"
01:30,39,6788498566,"Gartic Phone"
01:30,40,638689075,"タウンシップ (Township)"
01:30,41,6758080238,"トリミン2！-トリッキーミーン2 いじわる脳トレパズルゲーム"
01:30,42,6477413486,"Level Devil - NOT A Troll Game"
01:30,43,1443446174,"魔法のタイルズ 3™: 音ゲー ピアノタイル"
01:30,44,6769314786,"Food Hunt: Pixel Puzzle"
01:30,45,1606549505,"ロイヤルキングダム (Royal Kingdom)"
01:30,46,6787609279,"Hide in Art - かくれんぼ"
01:30,47,6748950306,"ソリティア：パズルゲーム 脳トレ カードゲーム 暇つぶし連想"
01:30,48,6756994116,"イナズマイレブン クロス"
01:30,49,6479970832,"Pokémon TCG Pocket"
01:30,50,6779167923,"Colony Flow!"
01:30,51,6746465127,"セルサバイバー - シューティングゲーム"
01:30,52,6747957875,"Family Go! - 結婚・子育て・世代継承"
01:30,53,6742937695,"ペタペタペンギン団"
01:30,54,1351168404,"Among Us!"
01:30,55,6505095234,"Car Jam - バスストップ ジャムゲーム"
01:30,56,6747736697,"ドラゴンクエストスマッシュグロウ ドラクエローグライトRPG"
01:30,57,547145938,"にゃんこ大戦争"
01:30,58,6754370732,"耳だけ捜査線 - 暇つぶし論理パズルゲーム"
01:30,59,6780891673,"Royal Smash! - Physics Puzzle"
01:30,60,6767091927,"ジグソードロップ：ソリティアパズル"
01:30,61,6475757306,"Disney Solitaire ディズニー ソリティア"
01:30,62,6759997224,"巡回中！即タイホ！"
01:30,63,6749109552,"X-Clash: サバイバル"
01:30,64,1517980891,"パズル&サバイバル"
01:30,65,1569776448,"カラーソートボトルパズル色分けゲーム: Get Color"
01:30,66,6504332779,"Color Block Jam"
01:30,67,6689516366,"バスゲーム：カーパーキング・バスゲーム"
01:30,68,1483602237,"いつどこでオンライン"
01:30,69,6737022506,"ねじねじパズル"
01:30,70,6757832779,"3D Colorful Sort™ 魔法の水"
01:30,71,1469186379,"雀魂 -じゃんたま-"
01:30,72,6754098532,"ラッシュ：エクストリーム (RUSH: Xtreme)"
01:30,73,6749300334,"ネジ3Dパズル：ピンを外すゲーム"
01:30,74,1312031248,"荒野行動-スマホ版バトロワ"
01:30,75,6756482832,"Brain Puzzle 3: Crazy Mind"
01:30,76,6448104157,"オフラインゲーム - 暇つぶし ゲーム - パズルゲーム"
01:30,77,6764201639,"にゃんこ銃士：放置育成RPG"
01:30,78,724594093,"LINE：ディズニー ツムツム"
01:30,79,6743385713,"毛糸クラッシュ - パーキングゲーム バスのゲーム"
01:30,80,1044039663,"みんなで早押しクイズ"
01:30,81,6758745353,"家系図ミステリー - カジュアルロジックパズルゲーム"
01:30,82,1489932710,"プロジェクトセカイ カラフルステージ！ feat. 初音ミク"
01:30,83,6478063606,"カラーブロック コンボブラスト"
01:30,84,1579464667,"Pokémon Sleep"
01:30,85,1389111413,"Hole.io"
01:30,86,6762113903,"Aphelion Escape"
01:30,87,6744975195,"Sled Surfers - ファーズ - 坂冒険"
01:30,88,6547858927,"Crossword Master – クロスワードパズル"
01:30,89,6793733566,"脱出ゲーム ひと夏の記憶"
01:30,90,1597760047,"OneState RP・オンラインのオープンワールド"
01:30,91,6755183085,"Yarn Loop: Knit Puzzle"
01:30,92,1550945606,"サッカースーパースター - サッカー"
01:30,93,1479198816,"トップウォー"
01:30,94,1491074310,"Tetris® - テトリス (公式ゲーム)"
01:30,95,1222278363,"ワードウルフ決定版【新・人狼ゲーム】ワード人狼アプリ"
01:30,96,1638139403,"ブロッククラッシュ (Block Crush)"
01:30,97,6756288168,"Cookingo: Perfect Meal"
01:30,98,6746328263,"Castle Busters"
01:30,99,6642698438,"ウッドパズル：Screw ネジ外すゲーム  - 人気 脳トレ"
01:30,100,6499306806,"グッズソーティング3D：マッチゲーム"
01:30,101,6503603603,"ミステリータウン：マージゲーム (Mystery Town)"
01:30,102,6755861844,"確認させてください"
01:30,103,6753862216,"フードスター（Foodstars）:マージ & クック"
01:30,104,1643509748,"マージクッキング テーマレストラン"
01:30,105,6760453970,"ダメ恋-闇カレコレクション"
01:30,106,6754262851,"増えうさぎ by クラシル"
01:30,107,1173389241,"どうぶつタワーバトル - オンライン対戦ゲーム"
01:30,108,1606356401,"ゼンレスゾーンゼロ - アニバーサリー"
01:30,109,1423046460,"Paper.io 2"
01:30,110,1573133915,"ルーレット - 迷った時の抽選・くじ引きアプリ（るーれっと）"
01:30,111,6768208688,"勇者連盟：暁の遠征"
01:30,112,6753738566,"HUNTER×HUNTER NEN×SURVIVOR"
01:30,113,529996768,"Bingo Blitz™ - ビンゴゲーム"
01:30,114,6755216191,"Color Maze - Puzzle Game"
01:30,115,6762267809,"Arrow Pro 3D"
01:30,116,6503272652,"ラストZ：サバイバルシューティング"
01:30,117,1193508329,"ナンプレ - 数字パズルゲーム"
01:30,118,6761523148,"Flower Forest - ワードパズル"
01:30,119,6736896540,"ハローキティ：マイドリームストア"
01:30,120,6739246483,"ホール・エム・オール (Hole Em All)"
01:30,121,1344700142,"UNO!™"
01:30,122,6449243946,"スネーククラッシュ (Snake Clash)"
01:30,123,6476597728,"EDGE POKER (エッジポーカー)"
01:30,124,6749132002,"落ちにゃん！(Drop the Cat)"
01:30,125,1597897013,"Water Sort Puzzle - ソートパズルゲーム"
01:30,126,1453989822,"アクアパーク.io"
01:30,127,6782923681,"MiloDrop YaraTube"
01:30,128,6469306922,"数学パズルゲーム — ナンバーマッチ, クロスワード"
01:30,129,1458758886,"イラストチェイナー - 絵しりとりオンラインお絵描きアプリ"
01:30,130,6789756267,"Chameleon Hide Online"
01:30,131,6762342518,"Fluffy Drop"
01:30,132,6756989323,"ラストアサイラム：プレイグ"
01:30,133,6754965520,"Rogue Legend - Roguelike RPG"
01:30,134,6503284107,"オールインホール (All in Hole)"
01:30,135,6762949476,"シンプル戦国"
01:30,136,1088626624,"無料ゲーム-迷った時のルーレット ランチや罰ゲーム抽選"
01:30,137,6747492600,"麻雀ブラスト (Mahjong Blast)"
01:30,138,1562817072,"Mob Control"
01:30,139,6760751569,"Goods Sort Match - Sorting Fun"
01:30,140,1105855019,"ガーデンスケイプ (Gardenscapes)"
01:30,141,6740618570,"XP Hero(ヒーロー)): まずは世界観をのぞいてみて"
01:30,142,6758662578,"Find The Cat 2 - Spot It!"
01:30,143,6473767344,"キノコ伝説：勇者と魔法のランプ"
01:30,144,1276424024,"オンクレならタイクレ！オンラインクレーンゲーム(オンクレ)"
01:30,145,6738109752,"タイルズ・サバイバル"
01:30,146,1176027022,"トゥーンブラスト"
01:30,147,1545088576,"777Real(777リアル) パチンコ･パチスロアプリ"
01:30,148,6466620626,"フルーツ飴の達人 - ドバイもち、パフェ、ASMR、モッパン"
01:30,149,6746743297,"Bus Fever-Car Jam Escape"
01:30,150,6754558455,"Marble Sort!"
01:30,151,1113270962,"みんなのオセロ【公式】オンライン対戦も遊べるオセロ対戦ゲーム"
01:30,152,940320341,"プロ野球スピリッツＡ"
01:30,153,6740043080,"Screwdom : ボルトパズルゲーム"
01:30,154,6757154335,"Cube Land Puzzle Game"
01:30,155,6748930656,"ゼンレスゾーンゼロ・クラウド版 - アニバーサリー"
01:30,156,6670789598,"Brain Puzzle: Tricky Quest"
01:30,157,6751222488,"Order Crazy:  飲み物ソートマッチ 色とりパズル"
01:30,158,1601400687,"2人でできるゲーム - マルチプレイ 対戦ゲーム"
01:30,159,1322310031,"ONE PIECE バウンティラッシュ - アクションゲーム"
01:30,160,6755585789,"チート勇者～インベントリ攻略ゲー～RPG"
01:30,161,6749558825,"Water Sort - 色分けパズル"
01:30,162,1521236603,"Travel Town - マージアドベンチャー"
01:30,163,658511662,"モンスターストライク"
01:30,164,1486214495,"ブレインテスト(Brain Test)：ひっかけパズル"
01:30,165,6599838025,"Tangled Rope: Solve Puzzles!"
01:30,166,6756058501,"Jelly Busters: パズルゲーム"
01:30,167,6746063812,"怖い学校鬼ごっこ"
01:30,168,6758927408,"弱虫ペダル レゾナンス・ぺダイズム"
01:30,169,6758326278,"Amaze GO! - 矢印 パズル"
01:30,170,6468921495,"ヴィータ麻雀(Vita Mahjong)"
01:30,171,6741469353,"プロサッカークラブをつくろう！"
01:30,172,698255242,"Geometry Dash Lite"
01:30,173,6753931677,"三国志クロニクル"
01:30,174,6751056652,"Pixel Flow!"
01:30,175,6767745453,"アツアツ冒険伝"
01:30,176,1358232022,"ドラゴンボール レジェンズ"
01:30,177,6451399876,"Delta Force"
01:30,178,1554440792,"Hit＆Blowオンライン（ヒットアンドブロー）"
01:30,179,6745772198,"ダイトモ"
01:30,180,1577970257,"Merge Hotel Empire－Design Game"
01:30,181,6743368869,"Draft Showdown"
01:30,182,930574573,"スナイパー3Dシューティング戦ゲーム（Sniper 3D）"
01:30,183,6499293031,"ネジマッチ - ネジ外し ナットズルゲーム"
01:30,184,6761885987,"[7R]スマスロ 甲鉄城のカバネリ 海門（うなと）決戦"
01:30,185,1617304787,"フリック対戦 オンライン"
01:30,186,6477417866,"価値観ゲーム Yappi ヤッピ  おもしろボードゲーム"
01:30,187,6740388983,"ハローキティ マーチマッチ"
01:30,188,1621929351,"単語サバイバル -暇つぶし脳トレ言葉ゲーム-"
01:30,189,6741186588,"Ragdoll Blade"
01:30,190,6444705312,"Vehicle Masters"
01:30,191,6739554561,"信長の野望 真戦"
01:30,192,6744049261,"Block Color Mania, Puzzle Game"
01:30,193,6504279468,"間違い探し - 見つけてスポット"
01:30,194,6757896439,"ドケチボーイ -脱出ゲーム"
01:30,195,6768243341,"継承なき冠：エンペラーズ・エンド"
01:30,196,6756665708,"Get Color Pack: Sort puzzle"
01:30,197,1637753593,"ジャグラーオンライン～パチスロアプリ＆パチンコ店舗情報～"
01:30,198,6749558327,"Water Jam：3Dカラー分類ゲーム"
01:30,199,6450537255,"Aimy(アイミー)キャラクリ＆着せ替え＆AIチャット"
01:30,200,6783371838,"らくがきバトル -お絵描き格闘ゲーム-"
03:00,1,6759763476,"Bus Traffic Fever!"
03:00,2,6756641135,"ホロライブドリームス"
03:00,3,6761760135,"Meowdoku!"
03:00,4,6761818626,"エンドレスフロンティア2 放置RPG ディフェンス"
03:00,5,6771681142,"漢字分解パズル"
03:00,6,6754311241,"無職転生 〜異世界行ったら本気だす〜 【クロエコ】"
03:00,7,6748084174,"Smash Fest!"
03:00,8,6741567125,"モンスターサバイバル"
03:00,9,6760994244,"テイペンサバイバー"
03:00,10,6741503079,"Pokémon Champions"
03:00,11,6596745408,"ちいかわぽけっと"
03:00,12,6776146068,"[777Real] A-SLOT+ 異世界かるてっと BT"
03:00,13,6755455500,"ハリウッドマージ"
03:00,14,1117270703,"eFootball™"
03:00,15,6759081967,"Jewel Coloring"
03:00,16,6471045672,"グルメ・ジャーニー"
03:00,17,6760957454,"脱出ゲーム アムステルダム"
03:00,18,6752672568,"Block Out! - Color Sort Puzzle"
03:00,19,1617391485,"ブロックブラスト (Block Blast)"
03:00,20,6748397500,"Arrows – Puzzle Escape"
03:00,21,6499209744,"マジックソート (Magic Sort!)"
03:00,22,6443575749,"ホワイトアウト・サバイバル"
03:00,23,431946152,"Roblox (ロブロックス)"
03:00,24,6787983567,"価値ズレ！ - 価値観協力オンラインゲーム"
03:00,25,6742122160,"TopTop(トップトップ): サクッと遊んで、パッと友達"
03:00,26,1529747588,"どこでもパーティーゲーム「どこパ」：ワードウルフオンライン"
03:00,27,1482155847,"ロイヤルマッチ（Royal Match)"
03:00,28,6753668357,"LINE：ブロックジャム"
03:00,29,6749251466,"クッキーラン：クランブル - 放置系RPG"
03:00,30,6756185760,"Search It - Hidden Objects"
03:00,31,6739554056,"キングショット"
03:00,32,6483539426,"フォートナイト"
03:00,33,1094591345,"Pokémon GO"
03:00,34,1229016807,"ブロスタ"
03:00,35,1623318294,"ゴシップハーバー：マージ & ストーリー"
03:00,36,6756247422,"デジモンUP"
03:00,37,6751537447,"Snake Puzzle: Slither to Eat!"
03:00,38,6639605332,"パラノイズ"
03:00,39,6788498566,"Gartic Phone"
03:00,40,638689075,"タウンシップ (Township)"
03:00,41,6758080238,"トリミン2！-トリッキーミーン2 いじわる脳トレパズルゲーム"
03:00,42,6477413486,"Level Devil - NOT A Troll Game"
03:00,43,1443446174,"魔法のタイルズ 3™: 音ゲー ピアノタイル"
03:00,44,6769314786,"Food Hunt: Pixel Puzzle"
03:00,45,1606549505,"ロイヤルキングダム (Royal Kingdom)"
03:00,46,6787609279,"Hide in Art - かくれんぼ"
03:00,47,6748950306,"ソリティア：パズルゲーム 脳トレ カードゲーム 暇つぶし連想"
03:00,48,6756994116,"イナズマイレブン クロス"
03:00,49,6479970832,"Pokémon TCG Pocket"
03:00,50,6779167923,"Colony Flow!"
03:00,51,6746465127,"セルサバイバー - シューティングゲーム"
03:00,52,6747957875,"Family Go! - 結婚・子育て・世代継承"
03:00,53,6742937695,"ペタペタペンギン団"
03:00,54,1351168404,"Among Us!"
03:00,55,6505095234,"Car Jam - バスストップ ジャムゲーム"
03:00,56,6747736697,"ドラゴンクエストスマッシュグロウ ドラクエローグライトRPG"
03:00,57,547145938,"にゃんこ大戦争"
03:00,58,6754370732,"耳だけ捜査線 - 暇つぶし論理パズルゲーム"
03:00,59,6780891673,"Royal Smash! - Physics Puzzle"
03:00,60,6767091927,"ジグソードロップ：ソリティアパズル"
03:00,61,6475757306,"Disney Solitaire ディズニー ソリティア"
03:00,62,6759997224,"巡回中！即タイホ！"
03:00,63,6749109552,"X-Clash: サバイバル"
03:00,64,1517980891,"パズル&サバイバル"
03:00,65,1569776448,"カラーソートボトルパズル色分けゲーム: Get Color"
03:00,66,6504332779,"Color Block Jam"
03:00,67,6689516366,"バスゲーム：カーパーキング・バスゲーム"
03:00,68,1483602237,"いつどこでオンライン"
03:00,69,6737022506,"ねじねじパズル"
03:00,70,6757832779,"3D Colorful Sort™ 魔法の水"
03:00,71,1469186379,"雀魂 -じゃんたま-"
03:00,72,6754098532,"ラッシュ：エクストリーム (RUSH: Xtreme)"
03:00,73,6749300334,"ネジ3Dパズル：ピンを外すゲーム"
03:00,74,1312031248,"荒野行動-スマホ版バトロワ"
03:00,75,6756482832,"Brain Puzzle 3: Crazy Mind"
03:00,76,6448104157,"オフラインゲーム - 暇つぶし ゲーム - パズルゲーム"
03:00,77,6764201639,"にゃんこ銃士：放置育成RPG"
03:00,78,724594093,"LINE：ディズニー ツムツム"
03:00,79,6743385713,"毛糸クラッシュ - パーキングゲーム バスのゲーム"
03:00,80,1044039663,"みんなで早押しクイズ"
03:00,81,6758745353,"家系図ミステリー - カジュアルロジックパズルゲーム"
03:00,82,1489932710,"プロジェクトセカイ カラフルステージ！ feat. 初音ミク"
03:00,83,6478063606,"カラーブロック コンボブラスト"
03:00,84,1579464667,"Pokémon Sleep"
03:00,85,1389111413,"Hole.io"
03:00,86,6762113903,"Aphelion Escape"
03:00,87,6744975195,"Sled Surfers - ファーズ - 坂冒険"
03:00,88,6547858927,"Crossword Master – クロスワードパズル"
03:00,89,6793733566,"脱出ゲーム ひと夏の記憶"
03:00,90,1597760047,"OneState RP・オンラインのオープンワールド"
03:00,91,6755183085,"Yarn Loop: Knit Puzzle"
03:00,92,1550945606,"サッカースーパースター - サッカー"
03:00,93,1479198816,"トップウォー"
03:00,94,1491074310,"Tetris® - テトリス (公式ゲーム)"
03:00,95,1222278363,"ワードウルフ決定版【新・人狼ゲーム】ワード人狼アプリ"
03:00,96,1638139403,"ブロッククラッシュ (Block Crush)"
03:00,97,6756288168,"Cookingo: Perfect Meal"
03:00,98,6746328263,"Castle Busters"
03:00,99,6642698438,"ウッドパズル：Screw ネジ外すゲーム  - 人気 脳トレ"
03:00,100,6499306806,"グッズソーティング3D：マッチゲーム"
03:00,101,6503603603,"ミステリータウン：マージゲーム (Mystery Town)"
03:00,102,6755861844,"確認させてください"
03:00,103,6753862216,"フードスター（Foodstars）:マージ & クック"
03:00,104,1643509748,"マージクッキング テーマレストラン"
03:00,105,6760453970,"ダメ恋-闇カレコレクション"
03:00,106,6754262851,"増えうさぎ by クラシル"
03:00,107,1173389241,"どうぶつタワーバトル - オンライン対戦ゲーム"
03:00,108,1606356401,"ゼンレスゾーンゼロ - アニバーサリー"
03:00,109,1423046460,"Paper.io 2"
03:00,110,1573133915,"ルーレット - 迷った時の抽選・くじ引きアプリ（るーれっと）"
03:00,111,6768208688,"勇者連盟：暁の遠征"
03:00,112,6753738566,"HUNTER×HUNTER NEN×SURVIVOR"
03:00,113,529996768,"Bingo Blitz™ - ビンゴゲーム"
03:00,114,6755216191,"Color Maze - Puzzle Game"
03:00,115,6762267809,"Arrow Pro 3D"
03:00,116,6503272652,"ラストZ：サバイバルシューティング"
03:00,117,1193508329,"ナンプレ - 数字パズルゲーム"
03:00,118,6761523148,"Flower Forest - ワードパズル"
03:00,119,6736896540,"ハローキティ：マイドリームストア"
03:00,120,6739246483,"ホール・エム・オール (Hole Em All)"
03:00,121,1344700142,"UNO!™"
03:00,122,6449243946,"スネーククラッシュ (Snake Clash)"
03:00,123,6476597728,"EDGE POKER (エッジポーカー)"
03:00,124,6749132002,"落ちにゃん！(Drop the Cat)"
03:00,125,1597897013,"Water Sort Puzzle - ソートパズルゲーム"
03:00,126,1453989822,"アクアパーク.io"
03:00,127,6782923681,"MiloDrop YaraTube"
03:00,128,6469306922,"数学パズルゲーム — ナンバーマッチ, クロスワード"
03:00,129,1458758886,"イラストチェイナー - 絵しりとりオンラインお絵描きアプリ"
03:00,130,6789756267,"Chameleon Hide Online"
03:00,131,6762342518,"Fluffy Drop"
03:00,132,6756989323,"ラストアサイラム：プレイグ"
03:00,133,6754965520,"Rogue Legend - Roguelike RPG"
03:00,134,6503284107,"オールインホール (All in Hole)"
03:00,135,6762949476,"シンプル戦国"
03:00,136,1088626624,"無料ゲーム-迷った時のルーレット ランチや罰ゲーム抽選"
03:00,137,6747492600,"麻雀ブラスト (Mahjong Blast)"
03:00,138,1562817072,"Mob Control"
03:00,139,6760751569,"Goods Sort Match - Sorting Fun"
03:00,140,1105855019,"ガーデンスケイプ (Gardenscapes)"
03:00,141,6740618570,"XP Hero(ヒーロー)): まずは世界観をのぞいてみて"
03:00,142,6758662578,"Find The Cat 2 - Spot It!"
03:00,143,6473767344,"キノコ伝説：勇者と魔法のランプ"
03:00,144,1276424024,"オンクレならタイクレ！オンラインクレーンゲーム(オンクレ)"
03:00,145,6738109752,"タイルズ・サバイバル"
03:00,146,1176027022,"トゥーンブラスト"
03:00,147,1545088576,"777Real(777リアル) パチンコ･パチスロアプリ"
03:00,148,6466620626,"フルーツ飴の達人 - ドバイもち、パフェ、ASMR、モッパン"
03:00,149,6746743297,"Bus Fever-Car Jam Escape"
03:00,150,6754558455,"Marble Sort!"
03:00,151,1113270962,"みんなのオセロ【公式】オンライン対戦も遊べるオセロ対戦ゲーム"
03:00,152,940320341,"プロ野球スピリッツＡ"
03:00,153,6740043080,"Screwdom : ボルトパズルゲーム"
03:00,154,6757154335,"Cube Land Puzzle Game"
03:00,155,6748930656,"ゼンレスゾーンゼロ・クラウド版 - アニバーサリー"
03:00,156,6670789598,"Brain Puzzle: Tricky Quest"
03:00,157,6751222488,"Order Crazy:  飲み物ソートマッチ 色とりパズル"
03:00,158,1601400687,"2人でできるゲーム - マルチプレイ 対戦ゲーム"
03:00,159,1322310031,"ONE PIECE バウンティラッシュ - アクションゲーム"
03:00,160,6755585789,"チート勇者～インベントリ攻略ゲー～RPG"
03:00,161,6749558825,"Water Sort - 色分けパズル"
03:00,162,1521236603,"Travel Town - マージアドベンチャー"
03:00,163,658511662,"モンスターストライク"
03:00,164,1486214495,"ブレインテスト(Brain Test)：ひっかけパズル"
03:00,165,6599838025,"Tangled Rope: Solve Puzzles!"
03:00,166,6756058501,"Jelly Busters: パズルゲーム"
03:00,167,6746063812,"怖い学校鬼ごっこ"
03:00,168,6758927408,"弱虫ペダル レゾナンス・ぺダイズム"
03:00,169,6758326278,"Amaze GO! - 矢印 パズル"
03:00,170,6468921495,"ヴィータ麻雀(Vita Mahjong)"
03:00,171,6741469353,"プロサッカークラブをつくろう！"
03:00,172,698255242,"Geometry Dash Lite"
03:00,173,6753931677,"三国志クロニクル"
03:00,174,6751056652,"Pixel Flow!"
03:00,175,6767745453,"アツアツ冒険伝"
03:00,176,1358232022,"ドラゴンボール レジェンズ"
03:00,177,6451399876,"Delta Force"
03:00,178,1554440792,"Hit＆Blowオンライン（ヒットアンドブロー）"
03:00,179,6745772198,"ダイトモ"
03:00,180,1577970257,"Merge Hotel Empire－Design Game"
03:00,181,6743368869,"Draft Showdown"
03:00,182,930574573,"スナイパー3Dシューティング戦ゲーム（Sniper 3D）"
03:00,183,6499293031,"ネジマッチ - ネジ外し ナットズルゲーム"
03:00,184,6761885987,"[7R]スマスロ 甲鉄城のカバネリ 海門（うなと）決戦"
03:00,185,1617304787,"フリック対戦 オンライン"
03:00,186,6477417866,"価値観ゲーム Yappi ヤッピ  おもしろボードゲーム"
03:00,187,6740388983,"ハローキティ マーチマッチ"
03:00,188,1621929351,"単語サバイバル -暇つぶし脳トレ言葉ゲーム-"
03:00,189,6741186588,"Ragdoll Blade"
03:00,190,6444705312,"Vehicle Masters"
03:00,191,6739554561,"信長の野望 真戦"
03:00,192,6744049261,"Block Color Mania, Puzzle Game"
03:00,193,6504279468,"間違い探し - 見つけてスポット"
03:00,194,6757896439,"ドケチボーイ -脱出ゲーム"
03:00,195,6768243341,"継承なき冠：エンペラーズ・エンド"
03:00,196,6756665708,"Get Color Pack: Sort puzzle"
03:00,197,1637753593,"ジャグラーオンライン～パチスロアプリ＆パチンコ店舗情報～"
03:00,198,6749558327,"Water Jam：3Dカラー分類ゲーム"
03:00,199,6450537255,"Aimy(アイミー)キャラクリ＆着せ替え＆AIチャット"
03:00,200,6783371838,"らくがきバトル -お絵描き格闘ゲーム-"
05:00,1,6759763476,"Bus Traffic Fever!"
05:00,2,6756641135,"ホロライブドリームス"
05:00,3,6761818626,"エンドレスフロンティア2 放置RPG ディフェンス"
05:00,4,6761760135,"Meowdoku!"
05:00,5,6771681142,"漢字分解パズル"
05:00,6,6754311241,"無職転生 〜異世界行ったら本気だす〜 【クロエコ】"
05:00,7,6748084174,"Smash Fest!"
05:00,8,6741567125,"モンスターサバイバル"
05:00,9,6741503079,"Pokémon Champions"
05:00,10,6596745408,"ちいかわぽけっと"
05:00,11,6760994244,"テイペンサバイバー"
05:00,12,6776146068,"[777Real] A-SLOT+ 異世界かるてっと BT"
05:00,13,6755455500,"ハリウッドマージ"
05:00,14,6759081967,"Jewel Coloring"
05:00,15,1117270703,"eFootball™"
05:00,16,6471045672,"グルメ・ジャーニー"
05:00,17,6760957454,"脱出ゲーム アムステルダム"
05:00,18,6752672568,"Block Out! - Color Sort Puzzle"
05:00,19,1617391485,"ブロックブラスト (Block Blast)"
05:00,20,6748397500,"Arrows – Puzzle Escape"
05:00,21,6499209744,"マジックソート (Magic Sort!)"
05:00,22,6443575749,"ホワイトアウト・サバイバル"
05:00,23,6787983567,"価値ズレ！ - 価値観協力オンラインゲーム"
05:00,24,431946152,"Roblox (ロブロックス)"
05:00,25,1529747588,"どこでもパーティーゲーム「どこパ」：ワードウルフオンライン"
05:00,26,6742122160,"TopTop(トップトップ): サクッと遊んで、パッと友達"
05:00,27,1482155847,"ロイヤルマッチ（Royal Match)"
05:00,28,6749251466,"クッキーラン：クランブル - 放置系RPG"
05:00,29,6753668357,"LINE：ブロックジャム"
05:00,30,6756185760,"Search It - Hidden Objects"
05:00,31,6739554056,"キングショット"
05:00,32,1094591345,"Pokémon GO"
05:00,33,6483539426,"フォートナイト"
05:00,34,6788498566,"Gartic Phone"
05:00,35,6756247422,"デジモンUP"
05:00,36,1229016807,"ブロスタ"
05:00,37,1623318294,"ゴシップハーバー：マージ & ストーリー"
05:00,38,6639605332,"パラノイズ"
05:00,39,6751537447,"Snake Puzzle: Slither to Eat!"
05:00,40,638689075,"タウンシップ (Township)"
05:00,41,6769314786,"Food Hunt: Pixel Puzzle"
05:00,42,6758080238,"トリミン2！-トリッキーミーン2 いじわる脳トレパズルゲーム"
05:00,43,6748950306,"ソリティア：パズルゲーム 脳トレ カードゲーム 暇つぶし連想"
05:00,44,1606549505,"ロイヤルキングダム (Royal Kingdom)"
05:00,45,6477413486,"Level Devil - NOT A Troll Game"
05:00,46,1443446174,"魔法のタイルズ 3™: 音ゲー ピアノタイル"
05:00,47,6787609279,"Hide in Art - かくれんぼ"
05:00,48,6756994116,"イナズマイレブン クロス"
05:00,49,6746465127,"セルサバイバー - シューティングゲーム"
05:00,50,6479970832,"Pokémon TCG Pocket"
05:00,51,6636546859,"スカイドラゴン　仲間と大空を翔けるRPG"
05:00,52,6779167923,"Colony Flow!"
05:00,53,6747957875,"Family Go! - 結婚・子育て・世代継承"
05:00,54,1351168404,"Among Us!"
05:00,55,6742937695,"ペタペタペンギン団"
05:00,56,6747736697,"ドラゴンクエストスマッシュグロウ ドラクエローグライトRPG"
05:00,57,6505095234,"Car Jam - バスストップ ジャムゲーム"
05:00,58,6767091927,"ジグソードロップ：ソリティアパズル"
05:00,59,547145938,"にゃんこ大戦争"
05:00,60,6754370732,"耳だけ捜査線 - 暇つぶし論理パズルゲーム"
05:00,61,6780891673,"Royal Smash! - Physics Puzzle"
05:00,62,6475757306,"Disney Solitaire ディズニー ソリティア"
05:00,63,1569776448,"カラーソートボトルパズル色分けゲーム: Get Color"
05:00,64,6759997224,"巡回中！即タイホ！"
05:00,65,6749109552,"X-Clash: サバイバル"
05:00,66,1517980891,"パズル&サバイバル"
05:00,67,6689516366,"バスゲーム：カーパーキング・バスゲーム"
05:00,68,6504332779,"Color Block Jam"
05:00,69,1469186379,"雀魂 -じゃんたま-"
05:00,70,1483602237,"いつどこでオンライン"
05:00,71,6737022506,"ねじねじパズル"
05:00,72,1312031248,"荒野行動-スマホ版バトロワ"
05:00,73,6757832779,"3D Colorful Sort™ 魔法の水"
05:00,74,1044039663,"みんなで早押しクイズ"
05:00,75,1579464667,"Pokémon Sleep"
05:00,76,6749300334,"ネジ3Dパズル：ピンを外すゲーム"
05:00,77,724594093,"LINE：ディズニー ツムツム"
05:00,78,6754098532,"ラッシュ：エクストリーム (RUSH: Xtreme)"
05:00,79,6756482832,"Brain Puzzle 3: Crazy Mind"
05:00,80,6448104157,"オフラインゲーム - 暇つぶし ゲーム - パズルゲーム"
05:00,81,6743385713,"毛糸クラッシュ - パーキングゲーム バスのゲーム"
05:00,82,1489932710,"プロジェクトセカイ カラフルステージ！ feat. 初音ミク"
05:00,83,6758745353,"家系図ミステリー - カジュアルロジックパズルゲーム"
05:00,84,6764201639,"にゃんこ銃士：放置育成RPG"
05:00,85,6478063606,"カラーブロック コンボブラスト"
05:00,86,6547858927,"Crossword Master – クロスワードパズル"
05:00,87,1032346221,"妖怪ウォッチ ぷにぷに"
05:00,88,1389111413,"Hole.io"
05:00,89,6762113903,"Aphelion Escape"
05:00,90,6756288168,"Cookingo: Perfect Meal"
05:00,91,6793733566,"脱出ゲーム ひと夏の記憶"
05:00,92,6744975195,"Sled Surfers - ファーズ - 坂冒険"
05:00,93,1222278363,"ワードウルフ決定版【新・人狼ゲーム】ワード人狼アプリ"
05:00,94,1479198816,"トップウォー"
05:00,95,1491074310,"Tetris® - テトリス (公式ゲーム)"
05:00,96,6755183085,"Yarn Loop: Knit Puzzle"
05:00,97,1597760047,"OneState RP・オンラインのオープンワールド"
05:00,98,1638139403,"ブロッククラッシュ (Block Crush)"
05:00,99,6503603603,"ミステリータウン：マージゲーム (Mystery Town)"
05:00,100,1173389241,"どうぶつタワーバトル - オンライン対戦ゲーム"
05:00,101,6760453970,"ダメ恋-闇カレコレクション"
05:00,102,1550945606,"サッカースーパースター - サッカー"
05:00,103,6642698438,"ウッドパズル：Screw ネジ外すゲーム  - 人気 脳トレ"
05:00,104,6753862216,"フードスター（Foodstars）:マージ & クック"
05:00,105,6746328263,"Castle Busters"
05:00,106,1606356401,"ゼンレスゾーンゼロ - アニバーサリー"
05:00,107,6755861844,"確認させてください"
05:00,108,6499306806,"グッズソーティング3D：マッチゲーム"
05:00,109,1643509748,"マージクッキング テーマレストラン"
05:00,110,6754262851,"増えうさぎ by クラシル"
05:00,111,6753931677,"三国志クロニクル"
05:00,112,6761523148,"Flower Forest - ワードパズル"
05:00,113,6768208688,"勇者連盟：暁の遠征"
05:00,114,1344700142,"UNO!™"
05:00,115,6753738566,"HUNTER×HUNTER NEN×SURVIVOR"
05:00,116,1573133915,"ルーレット - 迷った時の抽選・くじ引きアプリ（るーれっと）"
05:00,117,529996768,"Bingo Blitz™ - ビンゴゲーム"
05:00,118,6736896540,"ハローキティ：マイドリームストア"
05:00,119,1423046460,"Paper.io 2"
05:00,120,1193508329,"ナンプレ - 数字パズルゲーム"
05:00,121,6762267809,"Arrow Pro 3D"
05:00,122,6755216191,"Color Maze - Puzzle Game"
05:00,123,1458758886,"イラストチェイナー - 絵しりとりオンラインお絵描きアプリ"
05:00,124,6749132002,"落ちにゃん！(Drop the Cat)"
05:00,125,6739246483,"ホール・エム・オール (Hole Em All)"
05:00,126,6476597728,"EDGE POKER (エッジポーカー)"
05:00,127,6503272652,"ラストZ：サバイバルシューティング"
05:00,128,6449243946,"スネーククラッシュ (Snake Clash)"
05:00,129,1597897013,"Water Sort Puzzle - ソートパズルゲーム"
05:00,130,6469306922,"数学パズルゲーム — ナンバーマッチ, クロスワード"
05:00,131,1545088576,"777Real(777リアル) パチンコ･パチスロアプリ"
05:00,132,1276424024,"オンクレならタイクレ！オンラインクレーンゲーム(オンクレ)"
05:00,133,6756989323,"ラストアサイラム：プレイグ"
05:00,134,6747492600,"麻雀ブラスト (Mahjong Blast)"
05:00,135,6740618570,"XP Hero(ヒーロー)): まずは世界観をのぞいてみて"
05:00,136,1453989822,"アクアパーク.io"
05:00,137,6789756267,"Chameleon Hide Online"
05:00,138,6754965520,"Rogue Legend - Roguelike RPG"
05:00,139,6740043080,"Screwdom : ボルトパズルゲーム"
05:00,140,1113270962,"みんなのオセロ【公式】オンライン対戦も遊べるオセロ対戦ゲーム"
05:00,141,6503284107,"オールインホール (All in Hole)"
05:00,142,1088626624,"無料ゲーム-迷った時のルーレット ランチや罰ゲーム抽選"
05:00,143,6762949476,"シンプル戦国"
05:00,144,1105855019,"ガーデンスケイプ (Gardenscapes)"
05:00,145,6762342518,"Fluffy Drop"
05:00,146,6782923681,"MiloDrop YaraTube"
05:00,147,6760751569,"Goods Sort Match - Sorting Fun"
05:00,148,6748930656,"ゼンレスゾーンゼロ・クラウド版 - アニバーサリー"
05:00,149,6473767344,"キノコ伝説：勇者と魔法のランプ"
05:00,150,940320341,"プロ野球スピリッツＡ"
05:00,151,1562817072,"Mob Control"
05:00,152,6758662578,"Find The Cat 2 - Spot It!"
05:00,153,6738109752,"タイルズ・サバイバル"
05:00,154,6466620626,"フルーツ飴の達人 - ドバイもち、パフェ、ASMR、モッパン"
05:00,155,658511662,"モンスターストライク"
05:00,156,6754558455,"Marble Sort!"
05:00,157,1176027022,"トゥーンブラスト"
05:00,158,6757154335,"Cube Land Puzzle Game"
05:00,159,1554440792,"Hit＆Blowオンライン（ヒットアンドブロー）"
05:00,160,6755585789,"チート勇者～インベントリ攻略ゲー～RPG"
05:00,161,1601400687,"2人でできるゲーム - マルチプレイ 対戦ゲーム"
05:00,162,1521236603,"Travel Town - マージアドベンチャー"
05:00,163,6670789598,"Brain Puzzle: Tricky Quest"
05:00,164,6599838025,"Tangled Rope: Solve Puzzles!"
05:00,165,6751222488,"Order Crazy:  飲み物ソートマッチ 色とりパズル"
05:00,166,6746743297,"Bus Fever-Car Jam Escape"
05:00,167,1322310031,"ONE PIECE バウンティラッシュ - アクションゲーム"
05:00,168,6758927408,"弱虫ペダル レゾナンス・ぺダイズム"
05:00,169,6761885987,"[7R]スマスロ 甲鉄城のカバネリ 海門（うなと）決戦"
05:00,170,6477417866,"価値観ゲーム Yappi ヤッピ  おもしろボードゲーム"
05:00,171,6751056652,"Pixel Flow!"
05:00,172,6768243341,"継承なき冠：エンペラーズ・エンド"
05:00,173,6756058501,"Jelly Busters: パズルゲーム"
05:00,174,6468921495,"ヴィータ麻雀(Vita Mahjong)"
05:00,175,6746063812,"怖い学校鬼ごっこ"
05:00,176,6749558825,"Water Sort - 色分けパズル"
05:00,177,1486214495,"ブレインテスト(Brain Test)：ひっかけパズル"
05:00,178,1577970257,"Merge Hotel Empire－Design Game"
05:00,179,6741469353,"プロサッカークラブをつくろう！"
05:00,180,6758326278,"Amaze GO! - 矢印 パズル"
05:00,181,1358232022,"ドラゴンボール レジェンズ"
05:00,182,6767745453,"アツアツ冒険伝"
05:00,183,698255242,"Geometry Dash Lite"
05:00,184,6451399876,"Delta Force"
05:00,185,6743368869,"Draft Showdown"
05:00,186,6499293031,"ネジマッチ - ネジ外し ナットズルゲーム"
05:00,187,1617304787,"フリック対戦 オンライン"
05:00,188,1637753593,"ジャグラーオンライン～パチスロアプリ＆パチンコ店舗情報～"
05:00,189,6739554561,"信長の野望 真戦"
05:00,190,930574573,"スナイパー3Dシューティング戦ゲーム（Sniper 3D）"
05:00,191,6745772198,"ダイトモ"
05:00,192,6751788348,"Water Match®- ASMR Water Sort"
05:00,193,6760325543,"ArrowCube - 3DPuzzle"
05:00,194,6450537255,"Aimy(アイミー)キャラクリ＆着せ替え＆AIチャット"
05:00,195,6755425214,"ポケットソート(Pocket Sort)：コインパズル"
05:00,196,6756776205,"指打 - フリック入力オンライン対戦"
05:00,197,6444705312,"Vehicle Masters"
05:00,198,6740388983,"ハローキティ マーチマッチ"
05:00,199,6741186588,"Ragdoll Blade"
05:00,200,1621929351,"単語サバイバル -暇つぶし脳トレ言葉ゲーム-"
06:00,1,6759763476,"Bus Traffic Fever!"
06:00,2,6756641135,"ホロライブドリームス"
06:00,3,6761818626,"エンドレスフロンティア2 放置RPG ディフェンス"
06:00,4,6761760135,"Meowdoku!"
06:00,5,6771681142,"漢字分解パズル"
06:00,6,6754311241,"無職転生 〜異世界行ったら本気だす〜 【クロエコ】"
06:00,7,6748084174,"Smash Fest!"
06:00,8,6741567125,"モンスターサバイバル"
06:00,9,6741503079,"Pokémon Champions"
06:00,10,6596745408,"ちいかわぽけっと"
06:00,11,6760994244,"テイペンサバイバー"
06:00,12,6776146068,"[777Real] A-SLOT+ 異世界かるてっと BT"
06:00,13,6755455500,"ハリウッドマージ"
06:00,14,6759081967,"Jewel Coloring"
06:00,15,1117270703,"eFootball™"
06:00,16,6471045672,"グルメ・ジャーニー"
06:00,17,6760957454,"脱出ゲーム アムステルダム"
06:00,18,6752672568,"Block Out! - Color Sort Puzzle"
06:00,19,1617391485,"ブロックブラスト (Block Blast)"
06:00,20,6748397500,"Arrows – Puzzle Escape"
06:00,21,6499209744,"マジックソート (Magic Sort!)"
06:00,22,6443575749,"ホワイトアウト・サバイバル"
06:00,23,6787983567,"価値ズレ！ - 価値観協力オンラインゲーム"
06:00,24,431946152,"Roblox (ロブロックス)"
06:00,25,1529747588,"どこでもパーティーゲーム「どこパ」：ワードウルフオンライン"
06:00,26,6742122160,"TopTop(トップトップ): サクッと遊んで、パッと友達"
06:00,27,1482155847,"ロイヤルマッチ（Royal Match)"
06:00,28,6749251466,"クッキーラン：クランブル - 放置系RPG"
06:00,29,6753668357,"LINE：ブロックジャム"
06:00,30,6756185760,"Search It - Hidden Objects"
06:00,31,6739554056,"キングショット"
06:00,32,1094591345,"Pokémon GO"
06:00,33,6483539426,"フォートナイト"
06:00,34,6788498566,"Gartic Phone"
06:00,35,6756247422,"デジモンUP"
06:00,36,1229016807,"ブロスタ"
06:00,37,1623318294,"ゴシップハーバー：マージ & ストーリー"
06:00,38,6639605332,"パラノイズ"
06:00,39,6751537447,"Snake Puzzle: Slither to Eat!"
06:00,40,638689075,"タウンシップ (Township)"
06:00,41,6769314786,"Food Hunt: Pixel Puzzle"
06:00,42,6758080238,"トリミン2！-トリッキーミーン2 いじわる脳トレパズルゲーム"
06:00,43,6748950306,"ソリティア：パズルゲーム 脳トレ カードゲーム 暇つぶし連想"
06:00,44,1606549505,"ロイヤルキングダム (Royal Kingdom)"
06:00,45,6477413486,"Level Devil - NOT A Troll Game"
06:00,46,1443446174,"魔法のタイルズ 3™: 音ゲー ピアノタイル"
06:00,47,6787609279,"Hide in Art - かくれんぼ"
06:00,48,6756994116,"イナズマイレブン クロス"
06:00,49,6746465127,"セルサバイバー - シューティングゲーム"
06:00,50,6479970832,"Pokémon TCG Pocket"
06:00,51,6636546859,"スカイドラゴン　仲間と大空を翔けるRPG"
06:00,52,6779167923,"Colony Flow!"
06:00,53,6747957875,"Family Go! - 結婚・子育て・世代継承"
06:00,54,1351168404,"Among Us!"
06:00,55,6742937695,"ペタペタペンギン団"
06:00,56,6747736697,"ドラゴンクエストスマッシュグロウ ドラクエローグライトRPG"
06:00,57,6505095234,"Car Jam - バスストップ ジャムゲーム"
06:00,58,6767091927,"ジグソードロップ：ソリティアパズル"
06:00,59,547145938,"にゃんこ大戦争"
06:00,60,6754370732,"耳だけ捜査線 - 暇つぶし論理パズルゲーム"
06:00,61,6780891673,"Royal Smash! - Physics Puzzle"
06:00,62,6475757306,"Disney Solitaire ディズニー ソリティア"
06:00,63,1569776448,"カラーソートボトルパズル色分けゲーム: Get Color"
06:00,64,6759997224,"巡回中！即タイホ！"
06:00,65,6749109552,"X-Clash: サバイバル"
06:00,66,1517980891,"パズル&サバイバル"
06:00,67,6689516366,"バスゲーム：カーパーキング・バスゲーム"
06:00,68,6504332779,"Color Block Jam"
06:00,69,1469186379,"雀魂 -じゃんたま-"
06:00,70,1483602237,"いつどこでオンライン"
06:00,71,6737022506,"ねじねじパズル"
06:00,72,1312031248,"荒野行動-スマホ版バトロワ"
06:00,73,6757832779,"3D Colorful Sort™ 魔法の水"
06:00,74,1044039663,"みんなで早押しクイズ"
06:00,75,1579464667,"Pokémon Sleep"
06:00,76,6749300334,"ネジ3Dパズル：ピンを外すゲーム"
06:00,77,724594093,"LINE：ディズニー ツムツム"
06:00,78,6754098532,"ラッシュ：エクストリーム (RUSH: Xtreme)"
06:00,79,6756482832,"Brain Puzzle 3: Crazy Mind"
06:00,80,6448104157,"オフラインゲーム - 暇つぶし ゲーム - パズルゲーム"
06:00,81,6743385713,"毛糸クラッシュ - パーキングゲーム バスのゲーム"
06:00,82,1489932710,"プロジェクトセカイ カラフルステージ！ feat. 初音ミク"
06:00,83,6758745353,"家系図ミステリー - カジュアルロジックパズルゲーム"
06:00,84,6764201639,"にゃんこ銃士：放置育成RPG"
06:00,85,6478063606,"カラーブロック コンボブラスト"
06:00,86,6547858927,"Crossword Master – クロスワードパズル"
06:00,87,1032346221,"妖怪ウォッチ ぷにぷに"
06:00,88,1389111413,"Hole.io"
06:00,89,6762113903,"Aphelion Escape"
06:00,90,6756288168,"Cookingo: Perfect Meal"
06:00,91,6793733566,"脱出ゲーム ひと夏の記憶"
06:00,92,6744975195,"Sled Surfers - ファーズ - 坂冒険"
06:00,93,1222278363,"ワードウルフ決定版【新・人狼ゲーム】ワード人狼アプリ"
06:00,94,1479198816,"トップウォー"
06:00,95,1491074310,"Tetris® - テトリス (公式ゲーム)"
06:00,96,6755183085,"Yarn Loop: Knit Puzzle"
06:00,97,1597760047,"OneState RP・オンラインのオープンワールド"
06:00,98,1638139403,"ブロッククラッシュ (Block Crush)"
06:00,99,6503603603,"ミステリータウン：マージゲーム (Mystery Town)"
06:00,100,1173389241,"どうぶつタワーバトル - オンライン対戦ゲーム"
06:00,101,6760453970,"ダメ恋-闇カレコレクション"
06:00,102,1550945606,"サッカースーパースター - サッカー"
06:00,103,6642698438,"ウッドパズル：Screw ネジ外すゲーム  - 人気 脳トレ"
06:00,104,6753862216,"フードスター（Foodstars）:マージ & クック"
06:00,105,6746328263,"Castle Busters"
06:00,106,1606356401,"ゼンレスゾーンゼロ - アニバーサリー"
06:00,107,6755861844,"確認させてください"
06:00,108,6499306806,"グッズソーティング3D：マッチゲーム"
06:00,109,1643509748,"マージクッキング テーマレストラン"
06:00,110,6754262851,"増えうさぎ by クラシル"
06:00,111,6753931677,"三国志クロニクル"
06:00,112,6761523148,"Flower Forest - ワードパズル"
06:00,113,6768208688,"勇者連盟：暁の遠征"
06:00,114,1344700142,"UNO!™"
06:00,115,6753738566,"HUNTER×HUNTER NEN×SURVIVOR"
06:00,116,1573133915,"ルーレット - 迷った時の抽選・くじ引きアプリ（るーれっと）"
06:00,117,529996768,"Bingo Blitz™ - ビンゴゲーム"
06:00,118,6736896540,"ハローキティ：マイドリームストア"
06:00,119,1423046460,"Paper.io 2"
06:00,120,1193508329,"ナンプレ - 数字パズルゲーム"
06:00,121,6762267809,"Arrow Pro 3D"
06:00,122,6755216191,"Color Maze - Puzzle Game"
06:00,123,1458758886,"イラストチェイナー - 絵しりとりオンラインお絵描きアプリ"
06:00,124,6749132002,"落ちにゃん！(Drop the Cat)"
06:00,125,6739246483,"ホール・エム・オール (Hole Em All)"
06:00,126,6476597728,"EDGE POKER (エッジポーカー)"
06:00,127,6503272652,"ラストZ：サバイバルシューティング"
06:00,128,6449243946,"スネーククラッシュ (Snake Clash)"
06:00,129,1597897013,"Water Sort Puzzle - ソートパズルゲーム"
06:00,130,6469306922,"数学パズルゲーム — ナンバーマッチ, クロスワード"
06:00,131,1545088576,"777Real(777リアル) パチンコ･パチスロアプリ"
06:00,132,1276424024,"オンクレならタイクレ！オンラインクレーンゲーム(オンクレ)"
06:00,133,6756989323,"ラストアサイラム：プレイグ"
06:00,134,6747492600,"麻雀ブラスト (Mahjong Blast)"
06:00,135,6740618570,"XP Hero(ヒーロー)): まずは世界観をのぞいてみて"
06:00,136,1453989822,"アクアパーク.io"
06:00,137,6789756267,"Chameleon Hide Online"
06:00,138,6754965520,"Rogue Legend - Roguelike RPG"
06:00,139,6740043080,"Screwdom : ボルトパズルゲーム"
06:00,140,1113270962,"みんなのオセロ【公式】オンライン対戦も遊べるオセロ対戦ゲーム"
06:00,141,6503284107,"オールインホール (All in Hole)"
06:00,142,1088626624,"無料ゲーム-迷った時のルーレット ランチや罰ゲーム抽選"
06:00,143,6762949476,"シンプル戦国"
06:00,144,1105855019,"ガーデンスケイプ (Gardenscapes)"
06:00,145,6762342518,"Fluffy Drop"
06:00,146,6782923681,"MiloDrop YaraTube"
06:00,147,6760751569,"Goods Sort Match - Sorting Fun"
06:00,148,6748930656,"ゼンレスゾーンゼロ・クラウド版 - アニバーサリー"
06:00,149,6473767344,"キノコ伝説：勇者と魔法のランプ"
06:00,150,940320341,"プロ野球スピリッツＡ"
06:00,151,1562817072,"Mob Control"
06:00,152,6758662578,"Find The Cat 2 - Spot It!"
06:00,153,6738109752,"タイルズ・サバイバル"
06:00,154,6466620626,"フルーツ飴の達人 - ドバイもち、パフェ、ASMR、モッパン"
06:00,155,658511662,"モンスターストライク"
06:00,156,6754558455,"Marble Sort!"
06:00,157,1176027022,"トゥーンブラスト"
06:00,158,6757154335,"Cube Land Puzzle Game"
06:00,159,1554440792,"Hit＆Blowオンライン（ヒットアンドブロー）"
06:00,160,6755585789,"チート勇者～インベントリ攻略ゲー～RPG"
06:00,161,1601400687,"2人でできるゲーム - マルチプレイ 対戦ゲーム"
06:00,162,1521236603,"Travel Town - マージアドベンチャー"
06:00,163,6670789598,"Brain Puzzle: Tricky Quest"
06:00,164,6599838025,"Tangled Rope: Solve Puzzles!"
06:00,165,6751222488,"Order Crazy:  飲み物ソートマッチ 色とりパズル"
06:00,166,6746743297,"Bus Fever-Car Jam Escape"
06:00,167,1322310031,"ONE PIECE バウンティラッシュ - アクションゲーム"
06:00,168,6758927408,"弱虫ペダル レゾナンス・ぺダイズム"
06:00,169,6761885987,"[7R]スマスロ 甲鉄城のカバネリ 海門（うなと）決戦"
06:00,170,6477417866,"価値観ゲーム Yappi ヤッピ  おもしろボードゲーム"
06:00,171,6751056652,"Pixel Flow!"
06:00,172,6768243341,"継承なき冠：エンペラーズ・エンド"
06:00,173,6756058501,"Jelly Busters: パズルゲーム"
06:00,174,6468921495,"ヴィータ麻雀(Vita Mahjong)"
06:00,175,6746063812,"怖い学校鬼ごっこ"
06:00,176,6749558825,"Water Sort - 色分けパズル"
06:00,177,1486214495,"ブレインテスト(Brain Test)：ひっかけパズル"
06:00,178,1577970257,"Merge Hotel Empire－Design Game"
06:00,179,6741469353,"プロサッカークラブをつくろう！"
06:00,180,6758326278,"Amaze GO! - 矢印 パズル"
06:00,181,1358232022,"ドラゴンボール レジェンズ"
06:00,182,6767745453,"アツアツ冒険伝"
06:00,183,698255242,"Geometry Dash Lite"
06:00,184,6451399876,"Delta Force"
06:00,185,6743368869,"Draft Showdown"
06:00,186,6499293031,"ネジマッチ - ネジ外し ナットズルゲーム"
06:00,187,1617304787,"フリック対戦 オンライン"
06:00,188,1637753593,"ジャグラーオンライン～パチスロアプリ＆パチンコ店舗情報～"
06:00,189,6739554561,"信長の野望 真戦"
06:00,190,930574573,"スナイパー3Dシューティング戦ゲーム（Sniper 3D）"
06:00,191,6745772198,"ダイトモ"
06:00,192,6751788348,"Water Match®- ASMR Water Sort"
06:00,193,6760325543,"ArrowCube - 3DPuzzle"
06:00,194,6450537255,"Aimy(アイミー)キャラクリ＆着せ替え＆AIチャット"
06:00,195,6755425214,"ポケットソート(Pocket Sort)：コインパズル"
06:00,196,6756776205,"指打 - フリック入力オンライン対戦"
06:00,197,6444705312,"Vehicle Masters"
06:00,198,6740388983,"ハローキティ マーチマッチ"
06:00,199,6741186588,"Ragdoll Blade"
06:00,200,1621929351,"単語サバイバル -暇つぶし脳トレ言葉ゲーム-"
07:00,1,6759763476,"Bus Traffic Fever!"
07:00,2,6756641135,"ホロライブドリームス"
07:00,3,6761818626,"エンドレスフロンティア2 放置RPG ディフェンス"
07:00,4,6761760135,"Meowdoku!"
07:00,5,6771681142,"漢字分解パズル"
07:00,6,6754311241,"無職転生 〜異世界行ったら本気だす〜 【クロエコ】"
07:00,7,6748084174,"Smash Fest!"
07:00,8,6741567125,"モンスターサバイバル"
07:00,9,6741503079,"Pokémon Champions"
07:00,10,6596745408,"ちいかわぽけっと"
07:00,11,6760994244,"テイペンサバイバー"
07:00,12,6776146068,"[777Real] A-SLOT+ 異世界かるてっと BT"
07:00,13,6755455500,"ハリウッドマージ"
07:00,14,6759081967,"Jewel Coloring"
07:00,15,1117270703,"eFootball™"
07:00,16,6471045672,"グルメ・ジャーニー"
07:00,17,6760957454,"脱出ゲーム アムステルダム"
07:00,18,6752672568,"Block Out! - Color Sort Puzzle"
07:00,19,1617391485,"ブロックブラスト (Block Blast)"
07:00,20,6748397500,"Arrows – Puzzle Escape"
07:00,21,6499209744,"マジックソート (Magic Sort!)"
07:00,22,6443575749,"ホワイトアウト・サバイバル"
07:00,23,6787983567,"価値ズレ！ - 価値観協力オンラインゲーム"
07:00,24,431946152,"Roblox (ロブロックス)"
07:00,25,1529747588,"どこでもパーティーゲーム「どこパ」：ワードウルフオンライン"
07:00,26,6742122160,"TopTop(トップトップ): サクッと遊んで、パッと友達"
07:00,27,1482155847,"ロイヤルマッチ（Royal Match)"
07:00,28,6749251466,"クッキーラン：クランブル - 放置系RPG"
07:00,29,6753668357,"LINE：ブロックジャム"
07:00,30,6756185760,"Search It - Hidden Objects"
07:00,31,6739554056,"キングショット"
07:00,32,1094591345,"Pokémon GO"
07:00,33,6483539426,"フォートナイト"
07:00,34,6788498566,"Gartic Phone"
07:00,35,6756247422,"デジモンUP"
07:00,36,1229016807,"ブロスタ"
07:00,37,1623318294,"ゴシップハーバー：マージ & ストーリー"
07:00,38,6639605332,"パラノイズ"
07:00,39,6751537447,"Snake Puzzle: Slither to Eat!"
07:00,40,638689075,"タウンシップ (Township)"
07:00,41,6769314786,"Food Hunt: Pixel Puzzle"
07:00,42,6758080238,"トリミン2！-トリッキーミーン2 いじわる脳トレパズルゲーム"
07:00,43,6748950306,"ソリティア：パズルゲーム 脳トレ カードゲーム 暇つぶし連想"
07:00,44,1606549505,"ロイヤルキングダム (Royal Kingdom)"
07:00,45,6477413486,"Level Devil - NOT A Troll Game"
07:00,46,1443446174,"魔法のタイルズ 3™: 音ゲー ピアノタイル"
07:00,47,6787609279,"Hide in Art - かくれんぼ"
07:00,48,6756994116,"イナズマイレブン クロス"
07:00,49,6746465127,"セルサバイバー - シューティングゲーム"
07:00,50,6479970832,"Pokémon TCG Pocket"
07:00,51,6636546859,"スカイドラゴン　仲間と大空を翔けるRPG"
07:00,52,6779167923,"Colony Flow!"
07:00,53,6747957875,"Family Go! - 結婚・子育て・世代継承"
07:00,54,1351168404,"Among Us!"
07:00,55,6742937695,"ペタペタペンギン団"
07:00,56,6747736697,"ドラゴンクエストスマッシュグロウ ドラクエローグライトRPG"
07:00,57,6505095234,"Car Jam - バスストップ ジャムゲーム"
07:00,58,6767091927,"ジグソードロップ：ソリティアパズル"
07:00,59,547145938,"にゃんこ大戦争"
07:00,60,6754370732,"耳だけ捜査線 - 暇つぶし論理パズルゲーム"
07:00,61,6780891673,"Royal Smash! - Physics Puzzle"
07:00,62,6475757306,"Disney Solitaire ディズニー ソリティア"
07:00,63,1569776448,"カラーソートボトルパズル色分けゲーム: Get Color"
07:00,64,6759997224,"巡回中！即タイホ！"
07:00,65,6749109552,"X-Clash: サバイバル"
07:00,66,1517980891,"パズル&サバイバル"
07:00,67,6689516366,"バスゲーム：カーパーキング・バスゲーム"
07:00,68,6504332779,"Color Block Jam"
07:00,69,1469186379,"雀魂 -じゃんたま-"
07:00,70,1483602237,"いつどこでオンライン"
07:00,71,6737022506,"ねじねじパズル"
07:00,72,1312031248,"荒野行動-スマホ版バトロワ"
07:00,73,6757832779,"3D Colorful Sort™ 魔法の水"
07:00,74,1044039663,"みんなで早押しクイズ"
07:00,75,1579464667,"Pokémon Sleep"
07:00,76,6749300334,"ネジ3Dパズル：ピンを外すゲーム"
07:00,77,724594093,"LINE：ディズニー ツムツム"
07:00,78,6754098532,"ラッシュ：エクストリーム (RUSH: Xtreme)"
07:00,79,6756482832,"Brain Puzzle 3: Crazy Mind"
07:00,80,6448104157,"オフラインゲーム - 暇つぶし ゲーム - パズルゲーム"
07:00,81,6743385713,"毛糸クラッシュ - パーキングゲーム バスのゲーム"
07:00,82,1489932710,"プロジェクトセカイ カラフルステージ！ feat. 初音ミク"
07:00,83,6758745353,"家系図ミステリー - カジュアルロジックパズルゲーム"
07:00,84,6764201639,"にゃんこ銃士：放置育成RPG"
07:00,85,6478063606,"カラーブロック コンボブラスト"
07:00,86,6547858927,"Crossword Master – クロスワードパズル"
07:00,87,1032346221,"妖怪ウォッチ ぷにぷに"
07:00,88,1389111413,"Hole.io"
07:00,89,6762113903,"Aphelion Escape"
07:00,90,6756288168,"Cookingo: Perfect Meal"
07:00,91,6793733566,"脱出ゲーム ひと夏の記憶"
07:00,92,6744975195,"Sled Surfers - ファーズ - 坂冒険"
07:00,93,1222278363,"ワードウルフ決定版【新・人狼ゲーム】ワード人狼アプリ"
07:00,94,1479198816,"トップウォー"
07:00,95,1491074310,"Tetris® - テトリス (公式ゲーム)"
07:00,96,6755183085,"Yarn Loop: Knit Puzzle"
07:00,97,1597760047,"OneState RP・オンラインのオープンワールド"
07:00,98,1638139403,"ブロッククラッシュ (Block Crush)"
07:00,99,6503603603,"ミステリータウン：マージゲーム (Mystery Town)"
07:00,100,1173389241,"どうぶつタワーバトル - オンライン対戦ゲーム"
07:00,101,6760453970,"ダメ恋-闇カレコレクション"
07:00,102,1550945606,"サッカースーパースター - サッカー"
07:00,103,6642698438,"ウッドパズル：Screw ネジ外すゲーム  - 人気 脳トレ"
07:00,104,6753862216,"フードスター（Foodstars）:マージ & クック"
07:00,105,6746328263,"Castle Busters"
07:00,106,1606356401,"ゼンレスゾーンゼロ - アニバーサリー"
07:00,107,6755861844,"確認させてください"
07:00,108,6499306806,"グッズソーティング3D：マッチゲーム"
07:00,109,1643509748,"マージクッキング テーマレストラン"
07:00,110,6754262851,"増えうさぎ by クラシル"
07:00,111,6753931677,"三国志クロニクル"
07:00,112,6761523148,"Flower Forest - ワードパズル"
07:00,113,6768208688,"勇者連盟：暁の遠征"
07:00,114,1344700142,"UNO!™"
07:00,115,6753738566,"HUNTER×HUNTER NEN×SURVIVOR"
07:00,116,1573133915,"ルーレット - 迷った時の抽選・くじ引きアプリ（るーれっと）"
07:00,117,529996768,"Bingo Blitz™ - ビンゴゲーム"
07:00,118,6736896540,"ハローキティ：マイドリームストア"
07:00,119,1423046460,"Paper.io 2"
07:00,120,1193508329,"ナンプレ - 数字パズルゲーム"
07:00,121,6762267809,"Arrow Pro 3D"
07:00,122,6755216191,"Color Maze - Puzzle Game"
07:00,123,1458758886,"イラストチェイナー - 絵しりとりオンラインお絵描きアプリ"
07:00,124,6749132002,"落ちにゃん！(Drop the Cat)"
07:00,125,6739246483,"ホール・エム・オール (Hole Em All)"
07:00,126,6476597728,"EDGE POKER (エッジポーカー)"
07:00,127,6503272652,"ラストZ：サバイバルシューティング"
07:00,128,6449243946,"スネーククラッシュ (Snake Clash)"
07:00,129,1597897013,"Water Sort Puzzle - ソートパズルゲーム"
07:00,130,6469306922,"数学パズルゲーム — ナンバーマッチ, クロスワード"
07:00,131,1545088576,"777Real(777リアル) パチンコ･パチスロアプリ"
07:00,132,1276424024,"オンクレならタイクレ！オンラインクレーンゲーム(オンクレ)"
07:00,133,6756989323,"ラストアサイラム：プレイグ"
07:00,134,6747492600,"麻雀ブラスト (Mahjong Blast)"
07:00,135,6740618570,"XP Hero(ヒーロー)): まずは世界観をのぞいてみて"
07:00,136,1453989822,"アクアパーク.io"
07:00,137,6789756267,"Chameleon Hide Online"
07:00,138,6754965520,"Rogue Legend - Roguelike RPG"
07:00,139,6740043080,"Screwdom : ボルトパズルゲーム"
07:00,140,1113270962,"みんなのオセロ【公式】オンライン対戦も遊べるオセロ対戦ゲーム"
07:00,141,6503284107,"オールインホール (All in Hole)"
07:00,142,1088626624,"無料ゲーム-迷った時のルーレット ランチや罰ゲーム抽選"
07:00,143,6762949476,"シンプル戦国"
07:00,144,1105855019,"ガーデンスケイプ (Gardenscapes)"
07:00,145,6762342518,"Fluffy Drop"
07:00,146,6782923681,"MiloDrop YaraTube"
07:00,147,6760751569,"Goods Sort Match - Sorting Fun"
07:00,148,6748930656,"ゼンレスゾーンゼロ・クラウド版 - アニバーサリー"
07:00,149,6473767344,"キノコ伝説：勇者と魔法のランプ"
07:00,150,940320341,"プロ野球スピリッツＡ"
07:00,151,1562817072,"Mob Control"
07:00,152,6758662578,"Find The Cat 2 - Spot It!"
07:00,153,6738109752,"タイルズ・サバイバル"
07:00,154,6466620626,"フルーツ飴の達人 - ドバイもち、パフェ、ASMR、モッパン"
07:00,155,658511662,"モンスターストライク"
07:00,156,6754558455,"Marble Sort!"
07:00,157,1176027022,"トゥーンブラスト"
07:00,158,6757154335,"Cube Land Puzzle Game"
07:00,159,1554440792,"Hit＆Blowオンライン（ヒットアンドブロー）"
07:00,160,6755585789,"チート勇者～インベントリ攻略ゲー～RPG"
07:00,161,1601400687,"2人でできるゲーム - マルチプレイ 対戦ゲーム"
07:00,162,1521236603,"Travel Town - マージアドベンチャー"
07:00,163,6670789598,"Brain Puzzle: Tricky Quest"
07:00,164,6599838025,"Tangled Rope: Solve Puzzles!"
07:00,165,6751222488,"Order Crazy:  飲み物ソートマッチ 色とりパズル"
07:00,166,6746743297,"Bus Fever-Car Jam Escape"
07:00,167,1322310031,"ONE PIECE バウンティラッシュ - アクションゲーム"
07:00,168,6758927408,"弱虫ペダル レゾナンス・ぺダイズム"
07:00,169,6761885987,"[7R]スマスロ 甲鉄城のカバネリ 海門（うなと）決戦"
07:00,170,6477417866,"価値観ゲーム Yappi ヤッピ  おもしろボードゲーム"
07:00,171,6751056652,"Pixel Flow!"
07:00,172,6768243341,"継承なき冠：エンペラーズ・エンド"
07:00,173,6756058501,"Jelly Busters: パズルゲーム"
07:00,174,6468921495,"ヴィータ麻雀(Vita Mahjong)"
07:00,175,6746063812,"怖い学校鬼ごっこ"
07:00,176,6749558825,"Water Sort - 色分けパズル"
07:00,177,1486214495,"ブレインテスト(Brain Test)：ひっかけパズル"
07:00,178,1577970257,"Merge Hotel Empire－Design Game"
07:00,179,6741469353,"プロサッカークラブをつくろう！"
07:00,180,6758326278,"Amaze GO! - 矢印 パズル"
07:00,181,1358232022,"ドラゴンボール レジェンズ"
07:00,182,6767745453,"アツアツ冒険伝"
07:00,183,698255242,"Geometry Dash Lite"
07:00,184,6451399876,"Delta Force"
07:00,185,6743368869,"Draft Showdown"
07:00,186,6499293031,"ネジマッチ - ネジ外し ナットズルゲーム"
07:00,187,1617304787,"フリック対戦 オンライン"
07:00,188,1637753593,"ジャグラーオンライン～パチスロアプリ＆パチンコ店舗情報～"
07:00,189,6739554561,"信長の野望 真戦"
07:00,190,930574573,"スナイパー3Dシューティング戦ゲーム（Sniper 3D）"
07:00,191,6745772198,"ダイトモ"
07:00,192,6751788348,"Water Match®- ASMR Water Sort"
07:00,193,6760325543,"ArrowCube - 3DPuzzle"
07:00,194,6450537255,"Aimy(アイミー)キャラクリ＆着せ替え＆AIチャット"
07:00,195,6755425214,"ポケットソート(Pocket Sort)：コインパズル"
07:00,196,6756776205,"指打 - フリック入力オンライン対戦"
07:00,197,6444705312,"Vehicle Masters"
07:00,198,6740388983,"ハローキティ マーチマッチ"
07:00,199,6741186588,"Ragdoll Blade"
07:00,200,1621929351,"単語サバイバル -暇つぶし脳トレ言葉ゲーム-"
08:00,1,6759763476,"Bus Traffic Fever!"
08:00,2,6761818626,"エンドレスフロンティア2 放置RPG ディフェンス"
08:00,3,6756641135,"ホロライブドリームス"
08:00,4,6761760135,"Meowdoku!"
08:00,5,6771681142,"漢字分解パズル"
08:00,6,6754311241,"無職転生 〜異世界行ったら本気だす〜 【クロエコ】"
08:00,7,6748084174,"Smash Fest!"
08:00,8,6741567125,"モンスターサバイバル"
08:00,9,6741503079,"Pokémon Champions"
08:00,10,6596745408,"ちいかわぽけっと"
08:00,11,6776146068,"[777Real] A-SLOT+ 異世界かるてっと BT"
08:00,12,6760994244,"テイペンサバイバー"
08:00,13,6755455500,"ハリウッドマージ"
08:00,14,6759081967,"Jewel Coloring"
08:00,15,1117270703,"eFootball™"
08:00,16,6471045672,"グルメ・ジャーニー"
08:00,17,6760957454,"脱出ゲーム アムステルダム"
08:00,18,6752672568,"Block Out! - Color Sort Puzzle"
08:00,19,1617391485,"ブロックブラスト (Block Blast)"
08:00,20,6748397500,"Arrows – Puzzle Escape"
08:00,21,6499209744,"マジックソート (Magic Sort!)"
08:00,22,6443575749,"ホワイトアウト・サバイバル"
08:00,23,6787983567,"価値ズレ！ - 価値観協力オンラインゲーム"
08:00,24,1529747588,"どこでもパーティーゲーム「どこパ」：ワードウルフオンライン"
08:00,25,431946152,"Roblox (ロブロックス)"
08:00,26,6742122160,"TopTop(トップトップ): サクッと遊んで、パッと友達"
08:00,27,1482155847,"ロイヤルマッチ（Royal Match)"
08:00,28,6749251466,"クッキーラン：クランブル - 放置系RPG"
08:00,29,6753668357,"LINE：ブロックジャム"
08:00,30,6756185760,"Search It - Hidden Objects"
08:00,31,6739554056,"キングショット"
08:00,32,1094591345,"Pokémon GO"
08:00,33,6483539426,"フォートナイト"
08:00,34,6756247422,"デジモンUP"
08:00,35,6788498566,"Gartic Phone"
08:00,36,6636546859,"スカイドラゴン　仲間と大空を翔けるRPG"
08:00,37,1229016807,"ブロスタ"
08:00,38,1623318294,"ゴシップハーバー：マージ & ストーリー"
08:00,39,6639605332,"パラノイズ"
08:00,40,6751537447,"Snake Puzzle: Slither to Eat!"
08:00,41,6769314786,"Food Hunt: Pixel Puzzle"
08:00,42,638689075,"タウンシップ (Township)"
08:00,43,6748950306,"ソリティア：パズルゲーム 脳トレ カードゲーム 暇つぶし連想"
08:00,44,1606549505,"ロイヤルキングダム (Royal Kingdom)"
08:00,45,6758080238,"トリミン2！-トリッキーミーン2 いじわる脳トレパズルゲーム"
08:00,46,6477413486,"Level Devil - NOT A Troll Game"
08:00,47,1443446174,"魔法のタイルズ 3™: 音ゲー ピアノタイル"
08:00,48,6756994116,"イナズマイレブン クロス"
08:00,49,6787609279,"Hide in Art - かくれんぼ"
08:00,50,6746465127,"セルサバイバー - シューティングゲーム"
08:00,51,6479970832,"Pokémon TCG Pocket"
08:00,52,6747957875,"Family Go! - 結婚・子育て・世代継承"
08:00,53,6779167923,"Colony Flow!"
08:00,54,6742937695,"ペタペタペンギン団"
08:00,55,6747736697,"ドラゴンクエストスマッシュグロウ ドラクエローグライトRPG"
08:00,56,1351168404,"Among Us!"
08:00,57,6505095234,"Car Jam - バスストップ ジャムゲーム"
08:00,58,6767091927,"ジグソードロップ：ソリティアパズル"
08:00,59,547145938,"にゃんこ大戦争"
08:00,60,6780891673,"Royal Smash! - Physics Puzzle"
08:00,61,6754370732,"耳だけ捜査線 - 暇つぶし論理パズルゲーム"
08:00,62,6475757306,"Disney Solitaire ディズニー ソリティア"
08:00,63,1569776448,"カラーソートボトルパズル色分けゲーム: Get Color"
08:00,64,6749109552,"X-Clash: サバイバル"
08:00,65,1517980891,"パズル&サバイバル"
08:00,66,6759997224,"巡回中！即タイホ！"
08:00,67,1469186379,"雀魂 -じゃんたま-"
08:00,68,6504332779,"Color Block Jam"
08:00,69,6689516366,"バスゲーム：カーパーキング・バスゲーム"
08:00,70,1483602237,"いつどこでオンライン"
08:00,71,6737022506,"ねじねじパズル"
08:00,72,1312031248,"荒野行動-スマホ版バトロワ"
08:00,73,1044039663,"みんなで早押しクイズ"
08:00,74,6757832779,"3D Colorful Sort™ 魔法の水"
08:00,75,1579464667,"Pokémon Sleep"
08:00,76,6749300334,"ネジ3Dパズル：ピンを外すゲーム"
08:00,77,724594093,"LINE：ディズニー ツムツム"
08:00,78,6754098532,"ラッシュ：エクストリーム (RUSH: Xtreme)"
08:00,79,6756482832,"Brain Puzzle 3: Crazy Mind"
08:00,80,6448104157,"オフラインゲーム - 暇つぶし ゲーム - パズルゲーム"
08:00,81,6743385713,"毛糸クラッシュ - パーキングゲーム バスのゲーム"
08:00,82,1032346221,"妖怪ウォッチ ぷにぷに"
08:00,83,1489932710,"プロジェクトセカイ カラフルステージ！ feat. 初音ミク"
08:00,84,6758745353,"家系図ミステリー - カジュアルロジックパズルゲーム"
08:00,85,6764201639,"にゃんこ銃士：放置育成RPG"
08:00,86,6547858927,"Crossword Master – クロスワードパズル"
08:00,87,6753931677,"三国志クロニクル"
08:00,88,6762113903,"Aphelion Escape"
08:00,89,6478063606,"カラーブロック コンボブラスト"
08:00,90,1389111413,"Hole.io"
08:00,91,6756288168,"Cookingo: Perfect Meal"
08:00,92,6793733566,"脱出ゲーム ひと夏の記憶"
08:00,93,1222278363,"ワードウルフ決定版【新・人狼ゲーム】ワード人狼アプリ"
08:00,94,1479198816,"トップウォー"
08:00,95,6755183085,"Yarn Loop: Knit Puzzle"
08:00,96,6744975195,"Sled Surfers - ファーズ - 坂冒険"
08:00,97,1491074310,"Tetris® - テトリス (公式ゲーム)"
08:00,98,6503603603,"ミステリータウン：マージゲーム (Mystery Town)"
08:00,99,1638139403,"ブロッククラッシュ (Block Crush)"
08:00,100,1597760047,"OneState RP・オンラインのオープンワールド"
08:00,101,6760453970,"ダメ恋-闇カレコレクション"
08:00,102,1173389241,"どうぶつタワーバトル - オンライン対戦ゲーム"
08:00,103,6642698438,"ウッドパズル：Screw ネジ外すゲーム  - 人気 脳トレ"
08:00,104,6753862216,"フードスター（Foodstars）:マージ & クック"
08:00,105,1550945606,"サッカースーパースター - サッカー"
08:00,106,6746328263,"Castle Busters"
08:00,107,1606356401,"ゼンレスゾーンゼロ - アニバーサリー"
08:00,108,6761523148,"Flower Forest - ワードパズル"
08:00,109,6499306806,"グッズソーティング3D：マッチゲーム"
08:00,110,1643509748,"マージクッキング テーマレストラン"
08:00,111,6755861844,"確認させてください"
08:00,112,6754262851,"増えうさぎ by クラシル"
08:00,113,6736896540,"ハローキティ：マイドリームストア"
08:00,114,6768208688,"勇者連盟：暁の遠征"
08:00,115,1344700142,"UNO!™"
08:00,116,529996768,"Bingo Blitz™ - ビンゴゲーム"
08:00,117,6753738566,"HUNTER×HUNTER NEN×SURVIVOR"
08:00,118,6762267809,"Arrow Pro 3D"
08:00,119,1573133915,"ルーレット - 迷った時の抽選・くじ引きアプリ（るーれっと）"
08:00,120,6755216191,"Color Maze - Puzzle Game"
08:00,121,6749132002,"落ちにゃん！(Drop the Cat)"
08:00,122,1458758886,"イラストチェイナー - 絵しりとりオンラインお絵描きアプリ"
08:00,123,1423046460,"Paper.io 2"
08:00,124,1193508329,"ナンプレ - 数字パズルゲーム"
08:00,125,6476597728,"EDGE POKER (エッジポーカー)"
08:00,126,6449243946,"スネーククラッシュ (Snake Clash)"
08:00,127,6739246483,"ホール・エム・オール (Hole Em All)"
08:00,128,6503272652,"ラストZ：サバイバルシューティング"
08:00,129,1597897013,"Water Sort Puzzle - ソートパズルゲーム"
08:00,130,6469306922,"数学パズルゲーム — ナンバーマッチ, クロスワード"
08:00,131,1545088576,"777Real(777リアル) パチンコ･パチスロアプリ"
08:00,132,1276424024,"オンクレならタイクレ！オンラインクレーンゲーム(オンクレ)"
08:00,133,6756989323,"ラストアサイラム：プレイグ"
08:00,134,6754965520,"Rogue Legend - Roguelike RPG"
08:00,135,6740618570,"XP Hero(ヒーロー)): まずは世界観をのぞいてみて"
08:00,136,6747492600,"麻雀ブラスト (Mahjong Blast)"
08:00,137,6740043080,"Screwdom : ボルトパズルゲーム"
08:00,138,1113270962,"みんなのオセロ【公式】オンライン対戦も遊べるオセロ対戦ゲーム"
08:00,139,6503284107,"オールインホール (All in Hole)"
08:00,140,6748930656,"ゼンレスゾーンゼロ・クラウド版 - アニバーサリー"
08:00,141,6789756267,"Chameleon Hide Online"
08:00,142,1088626624,"無料ゲーム-迷った時のルーレット ランチや罰ゲーム抽選"
08:00,143,1453989822,"アクアパーク.io"
08:00,144,6762342518,"Fluffy Drop"
08:00,145,6760751569,"Goods Sort Match - Sorting Fun"
08:00,146,1105855019,"ガーデンスケイプ (Gardenscapes)"
08:00,147,6762949476,"シンプル戦国"
08:00,148,6473767344,"キノコ伝説：勇者と魔法のランプ"
08:00,149,6738109752,"タイルズ・サバイバル"
08:00,150,940320341,"プロ野球スピリッツＡ"
08:00,151,6782923681,"MiloDrop YaraTube"
08:00,152,1562817072,"Mob Control"
08:00,153,6758662578,"Find The Cat 2 - Spot It!"
08:00,154,6754558455,"Marble Sort!"
08:00,155,1176027022,"トゥーンブラスト"
08:00,156,658511662,"モンスターストライク"
08:00,157,1554440792,"Hit＆Blowオンライン（ヒットアンドブロー）"
08:00,158,6466620626,"フルーツ飴の達人 - ドバイもち、パフェ、ASMR、モッパン"
08:00,159,6757154335,"Cube Land Puzzle Game"
08:00,160,6768243341,"継承なき冠：エンペラーズ・エンド"
08:00,161,6755585789,"チート勇者～インベントリ攻略ゲー～RPG"
08:00,162,6599838025,"Tangled Rope: Solve Puzzles!"
08:00,163,6761885987,"[7R]スマスロ 甲鉄城のカバネリ 海門（うなと）決戦"
08:00,164,1521236603,"Travel Town - マージアドベンチャー"
08:00,165,1601400687,"2人でできるゲーム - マルチプレイ 対戦ゲーム"
08:00,166,6751222488,"Order Crazy:  飲み物ソートマッチ 色とりパズル"
08:00,167,6751056652,"Pixel Flow!"
08:00,168,6477417866,"価値観ゲーム Yappi ヤッピ  おもしろボードゲーム"
08:00,169,6670789598,"Brain Puzzle: Tricky Quest"
08:00,170,6758927408,"弱虫ペダル レゾナンス・ぺダイズム"
08:00,171,6756058501,"Jelly Busters: パズルゲーム"
08:00,172,1322310031,"ONE PIECE バウンティラッシュ - アクションゲーム"
08:00,173,6468921495,"ヴィータ麻雀(Vita Mahjong)"
08:00,174,6746743297,"Bus Fever-Car Jam Escape"
08:00,175,6749558825,"Water Sort - 色分けパズル"
08:00,176,6746063812,"怖い学校鬼ごっこ"
08:00,177,1577970257,"Merge Hotel Empire－Design Game"
08:00,178,1486214495,"ブレインテスト(Brain Test)：ひっかけパズル"
08:00,179,6758326278,"Amaze GO! - 矢印 パズル"
08:00,180,6741469353,"プロサッカークラブをつくろう！"
08:00,181,1358232022,"ドラゴンボール レジェンズ"
08:00,182,6767745453,"アツアツ冒険伝"
08:00,183,6743368869,"Draft Showdown"
08:00,184,6451399876,"Delta Force"
08:00,185,6760325543,"ArrowCube - 3DPuzzle"
08:00,186,6499293031,"ネジマッチ - ネジ外し ナットズルゲーム"
08:00,187,1637753593,"ジャグラーオンライン～パチスロアプリ＆パチンコ店舗情報～"
08:00,188,698255242,"Geometry Dash Lite"
08:00,189,6751788348,"Water Match®- ASMR Water Sort"
08:00,190,6739554561,"信長の野望 真戦"
08:00,191,6450537255,"Aimy(アイミー)キャラクリ＆着せ替え＆AIチャット"
08:00,192,1617304787,"フリック対戦 オンライン"
08:00,193,6755425214,"ポケットソート(Pocket Sort)：コインパズル"
08:00,194,6745772198,"ダイトモ"
08:00,195,930574573,"スナイパー3Dシューティング戦ゲーム（Sniper 3D）"
08:00,196,6756776205,"指打 - フリック入力オンライン対戦"
08:00,197,895700579,"大富豪 Online"
08:00,198,1536427424,"ゴッドフィールド"
08:00,199,6744049261,"Block Color Mania, Puzzle Game"
08:00,200,6444705312,"Vehicle Masters"
10:00,1,6759763476,"Bus Traffic Fever!"
10:00,2,6761818626,"エンドレスフロンティア2 放置RPG ディフェンス"
10:00,3,6756641135,"ホロライブドリームス"
10:00,4,6761760135,"Meowdoku!"
10:00,5,6771681142,"漢字分解パズル"
10:00,6,6754311241,"無職転生 〜異世界行ったら本気だす〜 【クロエコ】"
10:00,7,6748084174,"Smash Fest!"
10:00,8,6741567125,"モンスターサバイバル"
10:00,9,6741503079,"Pokémon Champions"
10:00,10,6596745408,"ちいかわぽけっと"
10:00,11,6776146068,"[777Real] A-SLOT+ 異世界かるてっと BT"
10:00,12,6760994244,"テイペンサバイバー"
10:00,13,6755455500,"ハリウッドマージ"
10:00,14,6759081967,"Jewel Coloring"
10:00,15,1117270703,"eFootball™"
10:00,16,6471045672,"グルメ・ジャーニー"
10:00,17,6760957454,"脱出ゲーム アムステルダム"
10:00,18,6752672568,"Block Out! - Color Sort Puzzle"
10:00,19,1617391485,"ブロックブラスト (Block Blast)"
10:00,20,6748397500,"Arrows – Puzzle Escape"
10:00,21,6499209744,"マジックソート (Magic Sort!)"
10:00,22,6443575749,"ホワイトアウト・サバイバル"
10:00,23,6787983567,"価値ズレ！ - 価値観協力オンラインゲーム"
10:00,24,1529747588,"どこでもパーティーゲーム「どこパ」：ワードウルフオンライン"
10:00,25,431946152,"Roblox (ロブロックス)"
10:00,26,6742122160,"TopTop(トップトップ): サクッと遊んで、パッと友達"
10:00,27,1482155847,"ロイヤルマッチ（Royal Match)"
10:00,28,6749251466,"クッキーラン：クランブル - 放置系RPG"
10:00,29,6753668357,"LINE：ブロックジャム"
10:00,30,6756185760,"Search It - Hidden Objects"
10:00,31,6739554056,"キングショット"
10:00,32,1094591345,"Pokémon GO"
10:00,33,6483539426,"フォートナイト"
10:00,34,6756247422,"デジモンUP"
10:00,35,6788498566,"Gartic Phone"
10:00,36,6636546859,"スカイドラゴン　仲間と大空を翔けるRPG"
10:00,37,1229016807,"ブロスタ"
10:00,38,1623318294,"ゴシップハーバー：マージ & ストーリー"
10:00,39,6639605332,"パラノイズ"
10:00,40,6751537447,"Snake Puzzle: Slither to Eat!"
10:00,41,6769314786,"Food Hunt: Pixel Puzzle"
10:00,42,638689075,"タウンシップ (Township)"
10:00,43,6748950306,"ソリティア：パズルゲーム 脳トレ カードゲーム 暇つぶし連想"
10:00,44,1606549505,"ロイヤルキングダム (Royal Kingdom)"
10:00,45,6758080238,"トリミン2！-トリッキーミーン2 いじわる脳トレパズルゲーム"
10:00,46,6477413486,"Level Devil - NOT A Troll Game"
10:00,47,1443446174,"魔法のタイルズ 3™: 音ゲー ピアノタイル"
10:00,48,6756994116,"イナズマイレブン クロス"
10:00,49,6787609279,"Hide in Art - かくれんぼ"
10:00,50,6746465127,"セルサバイバー - シューティングゲーム"
10:00,51,6479970832,"Pokémon TCG Pocket"
10:00,52,6747957875,"Family Go! - 結婚・子育て・世代継承"
10:00,53,6779167923,"Colony Flow!"
10:00,54,6742937695,"ペタペタペンギン団"
10:00,55,6747736697,"ドラゴンクエストスマッシュグロウ ドラクエローグライトRPG"
10:00,56,1351168404,"Among Us!"
10:00,57,6505095234,"Car Jam - バスストップ ジャムゲーム"
10:00,58,6767091927,"ジグソードロップ：ソリティアパズル"
10:00,59,547145938,"にゃんこ大戦争"
10:00,60,6780891673,"Royal Smash! - Physics Puzzle"
10:00,61,6754370732,"耳だけ捜査線 - 暇つぶし論理パズルゲーム"
10:00,62,6475757306,"Disney Solitaire ディズニー ソリティア"
10:00,63,1569776448,"カラーソートボトルパズル色分けゲーム: Get Color"
10:00,64,6749109552,"X-Clash: サバイバル"
10:00,65,1517980891,"パズル&サバイバル"
10:00,66,6759997224,"巡回中！即タイホ！"
10:00,67,1469186379,"雀魂 -じゃんたま-"
10:00,68,6504332779,"Color Block Jam"
10:00,69,6689516366,"バスゲーム：カーパーキング・バスゲーム"
10:00,70,1483602237,"いつどこでオンライン"
10:00,71,6737022506,"ねじねじパズル"
10:00,72,1312031248,"荒野行動-スマホ版バトロワ"
10:00,73,1044039663,"みんなで早押しクイズ"
10:00,74,6757832779,"3D Colorful Sort™ 魔法の水"
10:00,75,1579464667,"Pokémon Sleep"
10:00,76,6749300334,"ネジ3Dパズル：ピンを外すゲーム"
10:00,77,724594093,"LINE：ディズニー ツムツム"
10:00,78,6754098532,"ラッシュ：エクストリーム (RUSH: Xtreme)"
10:00,79,6756482832,"Brain Puzzle 3: Crazy Mind"
10:00,80,6448104157,"オフラインゲーム - 暇つぶし ゲーム - パズルゲーム"
10:00,81,6743385713,"毛糸クラッシュ - パーキングゲーム バスのゲーム"
10:00,82,1032346221,"妖怪ウォッチ ぷにぷに"
10:00,83,1489932710,"プロジェクトセカイ カラフルステージ！ feat. 初音ミク"
10:00,84,6758745353,"家系図ミステリー - カジュアルロジックパズルゲーム"
10:00,85,6764201639,"にゃんこ銃士：放置育成RPG"
10:00,86,6547858927,"Crossword Master – クロスワードパズル"
10:00,87,6753931677,"三国志クロニクル"
10:00,88,6762113903,"Aphelion Escape"
10:00,89,6478063606,"カラーブロック コンボブラスト"
10:00,90,1389111413,"Hole.io"
10:00,91,6756288168,"Cookingo: Perfect Meal"
10:00,92,6793733566,"脱出ゲーム ひと夏の記憶"
10:00,93,1222278363,"ワードウルフ決定版【新・人狼ゲーム】ワード人狼アプリ"
10:00,94,1479198816,"トップウォー"
10:00,95,6755183085,"Yarn Loop: Knit Puzzle"
10:00,96,6744975195,"Sled Surfers - ファーズ - 坂冒険"
10:00,97,1491074310,"Tetris® - テトリス (公式ゲーム)"
10:00,98,6503603603,"ミステリータウン：マージゲーム (Mystery Town)"
10:00,99,1638139403,"ブロッククラッシュ (Block Crush)"
10:00,100,1597760047,"OneState RP・オンラインのオープンワールド"
10:00,101,6760453970,"ダメ恋-闇カレコレクション"
10:00,102,1173389241,"どうぶつタワーバトル - オンライン対戦ゲーム"
10:00,103,6642698438,"ウッドパズル：Screw ネジ外すゲーム  - 人気 脳トレ"
10:00,104,6753862216,"フードスター（Foodstars）:マージ & クック"
10:00,105,1550945606,"サッカースーパースター - サッカー"
10:00,106,6746328263,"Castle Busters"
10:00,107,1606356401,"ゼンレスゾーンゼロ - アニバーサリー"
10:00,108,6761523148,"Flower Forest - ワードパズル"
10:00,109,6499306806,"グッズソーティング3D：マッチゲーム"
10:00,110,1643509748,"マージクッキング テーマレストラン"
10:00,111,6755861844,"確認させてください"
10:00,112,6754262851,"増えうさぎ by クラシル"
10:00,113,6736896540,"ハローキティ：マイドリームストア"
10:00,114,6768208688,"勇者連盟：暁の遠征"
10:00,115,1344700142,"UNO!™"
10:00,116,529996768,"Bingo Blitz™ - ビンゴゲーム"
10:00,117,6753738566,"HUNTER×HUNTER NEN×SURVIVOR"
10:00,118,6762267809,"Arrow Pro 3D"
10:00,119,1573133915,"ルーレット - 迷った時の抽選・くじ引きアプリ（るーれっと）"
10:00,120,6755216191,"Color Maze - Puzzle Game"
10:00,121,6749132002,"落ちにゃん！(Drop the Cat)"
10:00,122,1458758886,"イラストチェイナー - 絵しりとりオンラインお絵描きアプリ"
10:00,123,1423046460,"Paper.io 2"
10:00,124,1193508329,"ナンプレ - 数字パズルゲーム"
10:00,125,6476597728,"EDGE POKER (エッジポーカー)"
10:00,126,6449243946,"スネーククラッシュ (Snake Clash)"
10:00,127,6739246483,"ホール・エム・オール (Hole Em All)"
10:00,128,6503272652,"ラストZ：サバイバルシューティング"
10:00,129,1597897013,"Water Sort Puzzle - ソートパズルゲーム"
10:00,130,6469306922,"数学パズルゲーム — ナンバーマッチ, クロスワード"
10:00,131,1545088576,"777Real(777リアル) パチンコ･パチスロアプリ"
10:00,132,1276424024,"オンクレならタイクレ！オンラインクレーンゲーム(オンクレ)"
10:00,133,6756989323,"ラストアサイラム：プレイグ"
10:00,134,6754965520,"Rogue Legend - Roguelike RPG"
10:00,135,6740618570,"XP Hero(ヒーロー)): まずは世界観をのぞいてみて"
10:00,136,6747492600,"麻雀ブラスト (Mahjong Blast)"
10:00,137,6740043080,"Screwdom : ボルトパズルゲーム"
10:00,138,1113270962,"みんなのオセロ【公式】オンライン対戦も遊べるオセロ対戦ゲーム"
10:00,139,6503284107,"オールインホール (All in Hole)"
10:00,140,6748930656,"ゼンレスゾーンゼロ・クラウド版 - アニバーサリー"
10:00,141,6789756267,"Chameleon Hide Online"
10:00,142,1088626624,"無料ゲーム-迷った時のルーレット ランチや罰ゲーム抽選"
10:00,143,1453989822,"アクアパーク.io"
10:00,144,6762342518,"Fluffy Drop"
10:00,145,6760751569,"Goods Sort Match - Sorting Fun"
10:00,146,1105855019,"ガーデンスケイプ (Gardenscapes)"
10:00,147,6762949476,"シンプル戦国"
10:00,148,6473767344,"キノコ伝説：勇者と魔法のランプ"
10:00,149,6738109752,"タイルズ・サバイバル"
10:00,150,940320341,"プロ野球スピリッツＡ"
10:00,151,6782923681,"MiloDrop YaraTube"
10:00,152,1562817072,"Mob Control"
10:00,153,6758662578,"Find The Cat 2 - Spot It!"
10:00,154,6754558455,"Marble Sort!"
10:00,155,1176027022,"トゥーンブラスト"
10:00,156,658511662,"モンスターストライク"
10:00,157,1554440792,"Hit＆Blowオンライン（ヒットアンドブロー）"
10:00,158,6466620626,"フルーツ飴の達人 - ドバイもち、パフェ、ASMR、モッパン"
10:00,159,6757154335,"Cube Land Puzzle Game"
10:00,160,6768243341,"継承なき冠：エンペラーズ・エンド"
10:00,161,6755585789,"チート勇者～インベントリ攻略ゲー～RPG"
10:00,162,6599838025,"Tangled Rope: Solve Puzzles!"
10:00,163,6761885987,"[7R]スマスロ 甲鉄城のカバネリ 海門（うなと）決戦"
10:00,164,1521236603,"Travel Town - マージアドベンチャー"
10:00,165,1601400687,"2人でできるゲーム - マルチプレイ 対戦ゲーム"
10:00,166,6751222488,"Order Crazy:  飲み物ソートマッチ 色とりパズル"
10:00,167,6751056652,"Pixel Flow!"
10:00,168,6477417866,"価値観ゲーム Yappi ヤッピ  おもしろボードゲーム"
10:00,169,6670789598,"Brain Puzzle: Tricky Quest"
10:00,170,6758927408,"弱虫ペダル レゾナンス・ぺダイズム"
10:00,171,6756058501,"Jelly Busters: パズルゲーム"
10:00,172,1322310031,"ONE PIECE バウンティラッシュ - アクションゲーム"
10:00,173,6468921495,"ヴィータ麻雀(Vita Mahjong)"
10:00,174,6746743297,"Bus Fever-Car Jam Escape"
10:00,175,6749558825,"Water Sort - 色分けパズル"
10:00,176,6746063812,"怖い学校鬼ごっこ"
10:00,177,1577970257,"Merge Hotel Empire－Design Game"
10:00,178,1486214495,"ブレインテスト(Brain Test)：ひっかけパズル"
10:00,179,6758326278,"Amaze GO! - 矢印 パズル"
10:00,180,6741469353,"プロサッカークラブをつくろう！"
10:00,181,1358232022,"ドラゴンボール レジェンズ"
10:00,182,6767745453,"アツアツ冒険伝"
10:00,183,6743368869,"Draft Showdown"
10:00,184,6451399876,"Delta Force"
10:00,185,6760325543,"ArrowCube - 3DPuzzle"
10:00,186,6499293031,"ネジマッチ - ネジ外し ナットズルゲーム"
10:00,187,1637753593,"ジャグラーオンライン～パチスロアプリ＆パチンコ店舗情報～"
10:00,188,698255242,"Geometry Dash Lite"
10:00,189,6751788348,"Water Match®- ASMR Water Sort"
10:00,190,6739554561,"信長の野望 真戦"
10:00,191,6450537255,"Aimy(アイミー)キャラクリ＆着せ替え＆AIチャット"
10:00,192,1617304787,"フリック対戦 オンライン"
10:00,193,6755425214,"ポケットソート(Pocket Sort)：コインパズル"
10:00,194,6745772198,"ダイトモ"
10:00,195,930574573,"スナイパー3Dシューティング戦ゲーム（Sniper 3D）"
10:00,196,6756776205,"指打 - フリック入力オンライン対戦"
10:00,197,895700579,"大富豪 Online"
10:00,198,1536427424,"ゴッドフィールド"
10:00,199,6744049261,"Block Color Mania, Puzzle Game"
10:00,200,6444705312,"Vehicle Masters"
13:30,1,6759763476,"Bus Traffic Fever!"
13:30,2,6761818626,"エンドレスフロンティア2 放置RPG ディフェンス"
13:30,3,6756641135,"ホロライブドリームス"
13:30,4,6761760135,"Meowdoku!"
13:30,5,6771681142,"漢字分解パズル"
13:30,6,6754311241,"無職転生 〜異世界行ったら本気だす〜 【クロエコ】"
13:30,7,6741567125,"モンスターサバイバル"
13:30,8,6748084174,"Smash Fest!"
13:30,9,6741503079,"Pokémon Champions"
13:30,10,6596745408,"ちいかわぽけっと"
13:30,11,6776146068,"[777Real] A-SLOT+ 異世界かるてっと BT"
13:30,12,6760994244,"テイペンサバイバー"
13:30,13,6755455500,"ハリウッドマージ"
13:30,14,6759081967,"Jewel Coloring"
13:30,15,6471045672,"グルメ・ジャーニー"
13:30,16,1117270703,"eFootball™"
13:30,17,6752672568,"Block Out! - Color Sort Puzzle"
13:30,18,6760957454,"脱出ゲーム アムステルダム"
13:30,19,6748397500,"Arrows – Puzzle Escape"
13:30,20,1617391485,"ブロックブラスト (Block Blast)"
13:30,21,6636546859,"スカイドラゴン　仲間と大空を翔けるRPG"
13:30,22,6499209744,"マジックソート (Magic Sort!)"
13:30,23,6443575749,"ホワイトアウト・サバイバル"
13:30,24,6787983567,"価値ズレ！ - 価値観協力オンラインゲーム"
13:30,25,6742122160,"TopTop(トップトップ): サクッと遊んで、パッと友達"
13:30,26,1529747588,"どこでもパーティーゲーム「どこパ」：ワードウルフオンライン"
13:30,27,431946152,"Roblox (ロブロックス)"
13:30,28,1482155847,"ロイヤルマッチ（Royal Match)"
13:30,29,6753668357,"LINE：ブロックジャム"
13:30,30,6749251466,"クッキーラン：クランブル - 放置系RPG"
13:30,31,6739554056,"キングショット"
13:30,32,6756185760,"Search It - Hidden Objects"
13:30,33,6756247422,"デジモンUP"
13:30,34,1094591345,"Pokémon GO"
13:30,35,6483539426,"フォートナイト"
13:30,36,1623318294,"ゴシップハーバー：マージ & ストーリー"
13:30,37,1229016807,"ブロスタ"
13:30,38,6788498566,"Gartic Phone"
13:30,39,6639605332,"パラノイズ"
13:30,40,6769314786,"Food Hunt: Pixel Puzzle"
13:30,41,638689075,"タウンシップ (Township)"
13:30,42,6751537447,"Snake Puzzle: Slither to Eat!"
13:30,43,6748950306,"ソリティア：パズルゲーム 脳トレ カードゲーム 暇つぶし連想"
13:30,44,1606549505,"ロイヤルキングダム (Royal Kingdom)"
13:30,45,6758080238,"トリミン2！-トリッキーミーン2 いじわる脳トレパズルゲーム"
13:30,46,6756994116,"イナズマイレブン クロス"
13:30,47,1443446174,"魔法のタイルズ 3™: 音ゲー ピアノタイル"
13:30,48,6477413486,"Level Devil - NOT A Troll Game"
13:30,49,6787609279,"Hide in Art - かくれんぼ"
13:30,50,6746465127,"セルサバイバー - シューティングゲーム"
13:30,51,6479970832,"Pokémon TCG Pocket"
13:30,52,6747957875,"Family Go! - 結婚・子育て・世代継承"
13:30,53,6742937695,"ペタペタペンギン団"
13:30,54,6767091927,"ジグソードロップ：ソリティアパズル"
13:30,55,6505095234,"Car Jam - バスストップ ジャムゲーム"
13:30,56,1032346221,"妖怪ウォッチ ぷにぷに"
13:30,57,6747736697,"ドラゴンクエストスマッシュグロウ ドラクエローグライトRPG"
13:30,58,6749109552,"X-Clash: サバイバル"
13:30,59,6780891673,"Royal Smash! - Physics Puzzle"
13:30,60,6779167923,"Colony Flow!"
13:30,61,1351168404,"Among Us!"
13:30,62,547145938,"にゃんこ大戦争"
13:30,63,6475757306,"Disney Solitaire ディズニー ソリティア"
13:30,64,6754370732,"耳だけ捜査線 - 暇つぶし論理パズルゲーム"
13:30,65,6737022506,"ねじねじパズル"
13:30,66,1517980891,"パズル&サバイバル"
13:30,67,1569776448,"カラーソートボトルパズル色分けゲーム: Get Color"
13:30,68,6759997224,"巡回中！即タイホ！"
13:30,69,6689516366,"バスゲーム：カーパーキング・バスゲーム"
13:30,70,6504332779,"Color Block Jam"
13:30,71,1469186379,"雀魂 -じゃんたま-"
13:30,72,6757832779,"3D Colorful Sort™ 魔法の水"
13:30,73,6749300334,"ネジ3Dパズル：ピンを外すゲーム"
13:30,74,1312031248,"荒野行動-スマホ版バトロワ"
13:30,75,1483602237,"いつどこでオンライン"
13:30,76,1579464667,"Pokémon Sleep"
13:30,77,1044039663,"みんなで早押しクイズ"
13:30,78,6743385713,"毛糸クラッシュ - パーキングゲーム バスのゲーム"
13:30,79,724594093,"LINE：ディズニー ツムツム"
13:30,80,6448104157,"オフラインゲーム - 暇つぶし ゲーム - パズルゲーム"
13:30,81,6753931677,"三国志クロニクル"
13:30,82,6754098532,"ラッシュ：エクストリーム (RUSH: Xtreme)"
13:30,83,6756482832,"Brain Puzzle 3: Crazy Mind"
13:30,84,6762113903,"Aphelion Escape"
13:30,85,1489932710,"プロジェクトセカイ カラフルステージ！ feat. 初音ミク"
13:30,86,6758745353,"家系図ミステリー - カジュアルロジックパズルゲーム"
13:30,87,6547858927,"Crossword Master – クロスワードパズル"
13:30,88,6764201639,"にゃんこ銃士：放置育成RPG"
13:30,89,6478063606,"カラーブロック コンボブラスト"
13:30,90,6503603603,"ミステリータウン：マージゲーム (Mystery Town)"
13:30,91,1389111413,"Hole.io"
13:30,92,1479198816,"トップウォー"
13:30,93,1638139403,"ブロッククラッシュ (Block Crush)"
13:30,94,6756288168,"Cookingo: Perfect Meal"
13:30,95,6755183085,"Yarn Loop: Knit Puzzle"
13:30,96,6793733566,"脱出ゲーム ひと夏の記憶"
13:30,97,6753862216,"フードスター（Foodstars）:マージ & クック"
13:30,98,6744975195,"Sled Surfers - ファーズ - 坂冒険"
13:30,99,1222278363,"ワードウルフ決定版【新・人狼ゲーム】ワード人狼アプリ"
13:30,100,1491074310,"Tetris® - テトリス (公式ゲーム)"
13:30,101,6642698438,"ウッドパズル：Screw ネジ外すゲーム  - 人気 脳トレ"
13:30,102,6754262851,"増えうさぎ by クラシル"
13:30,103,1597760047,"OneState RP・オンラインのオープンワールド"
13:30,104,6760453970,"ダメ恋-闇カレコレクション"
13:30,105,1173389241,"どうぶつタワーバトル - オンライン対戦ゲーム"
13:30,106,6746328263,"Castle Busters"
13:30,107,6499306806,"グッズソーティング3D：マッチゲーム"
13:30,108,1550945606,"サッカースーパースター - サッカー"
13:30,109,6768208688,"勇者連盟：暁の遠征"
13:30,110,1606356401,"ゼンレスゾーンゼロ - アニバーサリー"
13:30,111,1643509748,"マージクッキング テーマレストラン"
13:30,112,6755861844,"確認させてください"
13:30,113,529996768,"Bingo Blitz™ - ビンゴゲーム"
13:30,114,6761523148,"Flower Forest - ワードパズル"
13:30,115,6762267809,"Arrow Pro 3D"
13:30,116,6736896540,"ハローキティ：マイドリームストア"
13:30,117,6755216191,"Color Maze - Puzzle Game"
13:30,118,6753738566,"HUNTER×HUNTER NEN×SURVIVOR"
13:30,119,1344700142,"UNO!™"
13:30,120,6449243946,"スネーククラッシュ (Snake Clash)"
13:30,121,1193508329,"ナンプレ - 数字パズルゲーム"
13:30,122,1573133915,"ルーレット - 迷った時の抽選・くじ引きアプリ（るーれっと）"
13:30,123,6749132002,"落ちにゃん！(Drop the Cat)"
13:30,124,6503272652,"ラストZ：サバイバルシューティング"
13:30,125,1423046460,"Paper.io 2"
13:30,126,6739246483,"ホール・エム・オール (Hole Em All)"
13:30,127,1458758886,"イラストチェイナー - 絵しりとりオンラインお絵描きアプリ"
13:30,128,6768243341,"継承なき冠：エンペラーズ・エンド"
13:30,129,6476597728,"EDGE POKER (エッジポーカー)"
13:30,130,6762342518,"Fluffy Drop"
13:30,131,6756989323,"ラストアサイラム：プレイグ"
13:30,132,6754965520,"Rogue Legend - Roguelike RPG"
13:30,133,6740618570,"XP Hero(ヒーロー)): まずは世界観をのぞいてみて"
13:30,134,1597897013,"Water Sort Puzzle - ソートパズルゲーム"
13:30,135,1545088576,"777Real(777リアル) パチンコ･パチスロアプリ"
13:30,136,6738109752,"タイルズ・サバイバル"
13:30,137,1276424024,"オンクレならタイクレ！オンラインクレーンゲーム(オンクレ)"
13:30,138,6747492600,"麻雀ブラスト (Mahjong Blast)"
13:30,139,6503284107,"オールインホール (All in Hole)"
13:30,140,6748930656,"ゼンレスゾーンゼロ・クラウド版 - アニバーサリー"
13:30,141,6469306922,"数学パズルゲーム — ナンバーマッチ, クロスワード"
13:30,142,6760751569,"Goods Sort Match - Sorting Fun"
13:30,143,6740043080,"Screwdom : ボルトパズルゲーム"
13:30,144,1562817072,"Mob Control"
13:30,145,6789756267,"Chameleon Hide Online"
13:30,146,6758662578,"Find The Cat 2 - Spot It!"
13:30,147,6473767344,"キノコ伝説：勇者と魔法のランプ"
13:30,148,1105855019,"ガーデンスケイプ (Gardenscapes)"
13:30,149,1113270962,"みんなのオセロ【公式】オンライン対戦も遊べるオセロ対戦ゲーム"
13:30,150,6757154335,"Cube Land Puzzle Game"
13:30,151,6762949476,"シンプル戦国"
13:30,152,1088626624,"無料ゲーム-迷った時のルーレット ランチや罰ゲーム抽選"
13:30,153,6754558455,"Marble Sort!"
13:30,154,1453989822,"アクアパーク.io"
13:30,155,1577970257,"Merge Hotel Empire－Design Game"
13:30,156,1521236603,"Travel Town - マージアドベンチャー"
13:30,157,6755585789,"チート勇者～インベントリ攻略ゲー～RPG"
13:30,158,1176027022,"トゥーンブラスト"
13:30,159,940320341,"プロ野球スピリッツＡ"
13:30,160,658511662,"モンスターストライク"
13:30,161,6599838025,"Tangled Rope: Solve Puzzles!"
13:30,162,6761885987,"[7R]スマスロ 甲鉄城のカバネリ 海門（うなと）決戦"
13:30,163,6466620626,"フルーツ飴の達人 - ドバイもち、パフェ、ASMR、モッパン"
13:30,164,6749558825,"Water Sort - 色分けパズル"
13:30,165,6468921495,"ヴィータ麻雀(Vita Mahjong)"
13:30,166,6751222488,"Order Crazy:  飲み物ソートマッチ 色とりパズル"
13:30,167,1554440792,"Hit＆Blowオンライン（ヒットアンドブロー）"
13:30,168,6782923681,"MiloDrop YaraTube"
13:30,169,6751056652,"Pixel Flow!"
13:30,170,6758927408,"弱虫ペダル レゾナンス・ぺダイズム"
13:30,171,1601400687,"2人でできるゲーム - マルチプレイ 対戦ゲーム"
13:30,172,1322310031,"ONE PIECE バウンティラッシュ - アクションゲーム"
13:30,173,6756058501,"Jelly Busters: パズルゲーム"
13:30,174,6670789598,"Brain Puzzle: Tricky Quest"
13:30,175,6477417866,"価値観ゲーム Yappi ヤッピ  おもしろボードゲーム"
13:30,176,6767745453,"アツアツ冒険伝"
13:30,177,6760325543,"ArrowCube - 3DPuzzle"
13:30,178,6745772198,"ダイトモ"
13:30,179,6751788348,"Water Match®- ASMR Water Sort"
13:30,180,6746063812,"怖い学校鬼ごっこ"
13:30,181,1486214495,"ブレインテスト(Brain Test)：ひっかけパズル"
13:30,182,6738349199,"Walk King - Race on Stairs"
13:30,183,6741469353,"プロサッカークラブをつくろう！"
13:30,184,6758326278,"Amaze GO! - 矢印 パズル"
13:30,185,1358232022,"ドラゴンボール レジェンズ"
13:30,186,6450537255,"Aimy(アイミー)キャラクリ＆着せ替え＆AIチャット"
13:30,187,6746743297,"Bus Fever-Car Jam Escape"
13:30,188,6739554561,"信長の野望 真戦"
13:30,189,6748996000,"ねこ旅"
13:30,190,6499293031,"ネジマッチ - ネジ外し ナットズルゲーム"
13:30,191,6744049261,"Block Color Mania, Puzzle Game"
13:30,192,6451399876,"Delta Force"
13:30,193,698255242,"Geometry Dash Lite"
13:30,194,6743368869,"Draft Showdown"
13:30,195,1637753593,"ジャグラーオンライン～パチスロアプリ＆パチンコ店舗情報～"
13:30,196,6784602967,"Stack Smash - 3D Puzzle Game"
13:30,197,6755425214,"ポケットソート(Pocket Sort)：コインパズル"
13:30,198,6759236733,"まいにちファーム"
13:30,199,1617304787,"フリック対戦 オンライン"
13:30,200,6633425539,"Screw Sort 3D: ボルト ネジニットパズルゲーム"
16:00,1,6759763476,"Bus Traffic Fever!"
16:00,2,6761818626,"エンドレスフロンティア2 放置RPG ディフェンス"
16:00,3,6761760135,"Meowdoku!"
16:00,4,6756641135,"ホロライブドリームス"
16:00,5,6741567125,"モンスターサバイバル"
16:00,6,6754311241,"無職転生 〜異世界行ったら本気だす〜 【クロエコ】"
16:00,7,6771681142,"漢字分解パズル"
16:00,8,6748084174,"Smash Fest!"
16:00,9,6596745408,"ちいかわぽけっと"
16:00,10,6741503079,"Pokémon Champions"
16:00,11,6755455500,"ハリウッドマージ"
16:00,12,6636546859,"スカイドラゴン　仲間と大空を翔けるRPG"
16:00,13,6776146068,"[777Real] A-SLOT+ 異世界かるてっと BT"
16:00,14,6760994244,"テイペンサバイバー"
16:00,15,6759081967,"Jewel Coloring"
16:00,16,6471045672,"グルメ・ジャーニー"
16:00,17,6752672568,"Block Out! - Color Sort Puzzle"
16:00,18,1117270703,"eFootball™"
16:00,19,6760957454,"脱出ゲーム アムステルダム"
16:00,20,1617391485,"ブロックブラスト (Block Blast)"
16:00,21,6748397500,"Arrows – Puzzle Escape"
16:00,22,6443575749,"ホワイトアウト・サバイバル"
16:00,23,6499209744,"マジックソート (Magic Sort!)"
16:00,24,1482155847,"ロイヤルマッチ（Royal Match)"
16:00,25,6742122160,"TopTop(トップトップ): サクッと遊んで、パッと友達"
16:00,26,431946152,"Roblox (ロブロックス)"
16:00,27,6753668357,"LINE：ブロックジャム"
16:00,28,6739554056,"キングショット"
16:00,29,1529747588,"どこでもパーティーゲーム「どこパ」：ワードウルフオンライン"
16:00,30,1032346221,"妖怪ウォッチ ぷにぷに"
16:00,31,6756247422,"デジモンUP"
16:00,32,1094591345,"Pokémon GO"
16:00,33,6787983567,"価値ズレ！ - 価値観協力オンラインゲーム"
16:00,34,1623318294,"ゴシップハーバー：マージ & ストーリー"
16:00,35,6756185760,"Search It - Hidden Objects"
16:00,36,6749251466,"クッキーラン：クランブル - 放置系RPG"
16:00,37,6639605332,"パラノイズ"
16:00,38,6483539426,"フォートナイト"
16:00,39,6769314786,"Food Hunt: Pixel Puzzle"
16:00,40,1606549505,"ロイヤルキングダム (Royal Kingdom)"
16:00,41,638689075,"タウンシップ (Township)"
16:00,42,1229016807,"ブロスタ"
16:00,43,6751537447,"Snake Puzzle: Slither to Eat!"
16:00,44,6764201639,"にゃんこ銃士：放置育成RPG"
16:00,45,6505095234,"Car Jam - バスストップ ジャムゲーム"
16:00,46,6758080238,"トリミン2！-トリッキーミーン2 いじわる脳トレパズルゲーム"
16:00,47,6746465127,"セルサバイバー - シューティングゲーム"
16:00,48,6748950306,"ソリティア：パズルゲーム 脳トレ カードゲーム 暇つぶし連想"
16:00,49,6477413486,"Level Devil - NOT A Troll Game"
16:00,50,6749109552,"X-Clash: サバイバル"
16:00,51,6788498566,"Gartic Phone"
16:00,52,6737022506,"ねじねじパズル"
16:00,53,1443446174,"魔法のタイルズ 3™: 音ゲー ピアノタイル"
16:00,54,6756994116,"イナズマイレブン クロス"
16:00,55,6747957875,"Family Go! - 結婚・子育て・世代継承"
16:00,56,6742937695,"ペタペタペンギン団"
16:00,57,6479970832,"Pokémon TCG Pocket"
16:00,58,6787609279,"Hide in Art - かくれんぼ"
16:00,59,6747736697,"ドラゴンクエストスマッシュグロウ ドラクエローグライトRPG"
16:00,60,6780891673,"Royal Smash! - Physics Puzzle"
16:00,61,6745772198,"ダイトモ"
16:00,62,6767091927,"ジグソードロップ：ソリティアパズル"
16:00,63,6475757306,"Disney Solitaire ディズニー ソリティア"
16:00,64,6754370732,"耳だけ捜査線 - 暇つぶし論理パズルゲーム"
16:00,65,547145938,"にゃんこ大戦争"
16:00,66,724594093,"LINE：ディズニー ツムツム"
16:00,67,6755183085,"Yarn Loop: Knit Puzzle"
16:00,68,1517980891,"パズル&サバイバル"
16:00,69,6749300334,"ネジ3Dパズル：ピンを外すゲーム"
16:00,70,6689516366,"バスゲーム：カーパーキング・バスゲーム"
16:00,71,6779167923,"Colony Flow!"
16:00,72,6759997224,"巡回中！即タイホ！"
16:00,73,6757832779,"3D Colorful Sort™ 魔法の水"
16:00,74,6504332779,"Color Block Jam"
16:00,75,1351168404,"Among Us!"
16:00,76,1312031248,"荒野行動-スマホ版バトロワ"
16:00,77,6743385713,"毛糸クラッシュ - パーキングゲーム バスのゲーム"
16:00,78,6448104157,"オフラインゲーム - 暇つぶし ゲーム - パズルゲーム"
16:00,79,1569776448,"カラーソートボトルパズル色分けゲーム: Get Color"
16:00,80,1469186379,"雀魂 -じゃんたま-"
16:00,81,1638139403,"ブロッククラッシュ (Block Crush)"
16:00,82,6762113903,"Aphelion Escape"
16:00,83,1479198816,"トップウォー"
16:00,84,6758745353,"家系図ミステリー - カジュアルロジックパズルゲーム"
16:00,85,6746328263,"Castle Busters"
16:00,86,1389111413,"Hole.io"
16:00,87,6753862216,"フードスター（Foodstars）:マージ & クック"
16:00,88,1483602237,"いつどこでオンライン"
16:00,89,1579464667,"Pokémon Sleep"
16:00,90,1044039663,"みんなで早押しクイズ"
16:00,91,6754098532,"ラッシュ：エクストリーム (RUSH: Xtreme)"
16:00,92,6756482832,"Brain Puzzle 3: Crazy Mind"
16:00,93,6503603603,"ミステリータウン：マージゲーム (Mystery Town)"
16:00,94,6754965520,"Rogue Legend - Roguelike RPG"
16:00,95,6744975195,"Sled Surfers - ファーズ - 坂冒険"
16:00,96,6762342518,"Fluffy Drop"
16:00,97,1176027022,"トゥーンブラスト"
16:00,98,6762267809,"Arrow Pro 3D"
16:00,99,6754262851,"増えうさぎ by クラシル"
16:00,100,6768208688,"勇者連盟：暁の遠征"
16:00,101,6547858927,"Crossword Master – クロスワードパズル"
16:00,102,6756288168,"Cookingo: Perfect Meal"
16:00,103,6478063606,"カラーブロック コンボブラスト"
16:00,104,6503272652,"ラストZ：サバイバルシューティング"
16:00,105,1489932710,"プロジェクトセカイ カラフルステージ！ feat. 初音ミク"
16:00,106,6499306806,"グッズソーティング3D：マッチゲーム"
16:00,107,6755861844,"確認させてください"
16:00,108,6449243946,"スネーククラッシュ (Snake Clash)"
16:00,109,1491074310,"Tetris® - テトリス (公式ゲーム)"
16:00,110,6736896540,"ハローキティ：マイドリームストア"
16:00,111,1550945606,"サッカースーパースター - サッカー"
16:00,112,6755216191,"Color Maze - Puzzle Game"
16:00,113,6793733566,"脱出ゲーム ひと夏の記憶"
16:00,114,1643509748,"マージクッキング テーマレストラン"
16:00,115,1222278363,"ワードウルフ決定版【新・人狼ゲーム】ワード人狼アプリ"
16:00,116,6753931677,"三国志クロニクル"
16:00,117,6756989323,"ラストアサイラム：プレイグ"
16:00,118,1597760047,"OneState RP・オンラインのオープンワールド"
16:00,119,6760453970,"ダメ恋-闇カレコレクション"
16:00,120,6738109752,"タイルズ・サバイバル"
16:00,121,6746743297,"Bus Fever-Car Jam Escape"
16:00,122,529996768,"Bingo Blitz™ - ビンゴゲーム"
16:00,123,6761523148,"Flower Forest - ワードパズル"
16:00,124,6753738566,"HUNTER×HUNTER NEN×SURVIVOR"
16:00,125,6768243341,"継承なき冠：エンペラーズ・エンド"
16:00,126,6756307486,"Cube Tap Sort"
16:00,127,1423046460,"Paper.io 2"
16:00,128,1606356401,"ゼンレスゾーンゼロ - アニバーサリー"
16:00,129,1562817072,"Mob Control"
16:00,130,6642698438,"ウッドパズル：Screw ネジ外すゲーム  - 人気 脳トレ"
16:00,131,6503284107,"オールインホール (All in Hole)"
16:00,132,1193508329,"ナンプレ - 数字パズルゲーム"
16:00,133,1573133915,"ルーレット - 迷った時の抽選・くじ引きアプリ（るーれっと）"
16:00,134,6739246483,"ホール・エム・オール (Hole Em All)"
16:00,135,6740618570,"XP Hero(ヒーロー)): まずは世界観をのぞいてみて"
16:00,136,1173389241,"どうぶつタワーバトル - オンライン対戦ゲーム"
16:00,137,6782923681,"MiloDrop YaraTube"
16:00,138,1344700142,"UNO!™"
16:00,139,6749132002,"落ちにゃん！(Drop the Cat)"
16:00,140,6751056652,"Pixel Flow!"
16:00,141,6756665708,"Get Color Pack: Sort puzzle"
16:00,142,6758662578,"Find The Cat 2 - Spot It!"
16:00,143,6473767344,"キノコ伝説：勇者と魔法のランプ"
16:00,144,6748996000,"ねこ旅"
16:00,145,6747492600,"麻雀ブラスト (Mahjong Blast)"
16:00,146,6748930656,"ゼンレスゾーンゼロ・クラウド版 - アニバーサリー"
16:00,147,1276424024,"オンクレならタイクレ！オンラインクレーンゲーム(オンクレ)"
16:00,148,6476597728,"EDGE POKER (エッジポーカー)"
16:00,149,6749558825,"Water Sort - 色分けパズル"
16:00,150,6751222488,"Order Crazy:  飲み物ソートマッチ 色とりパズル"
16:00,151,1597897013,"Water Sort Puzzle - ソートパズルゲーム"
16:00,152,6755585789,"チート勇者～インベントリ攻略ゲー～RPG"
16:00,153,6754558455,"Marble Sort!"
16:00,154,6760751569,"Goods Sort Match - Sorting Fun"
16:00,155,1453989822,"アクアパーク.io"
16:00,156,6759236733,"まいにちファーム"
16:00,157,6744049261,"Block Color Mania, Puzzle Game"
16:00,158,1545088576,"777Real(777リアル) パチンコ･パチスロアプリ"
16:00,159,6757750991,"Color Maze Master"
16:00,160,1458758886,"イラストチェイナー - 絵しりとりオンラインお絵描きアプリ"
16:00,161,1088626624,"無料ゲーム-迷った時のルーレット ランチや罰ゲーム抽選"
16:00,162,6757154335,"Cube Land Puzzle Game"
16:00,163,6599838025,"Tangled Rope: Solve Puzzles!"
16:00,164,6468921495,"ヴィータ麻雀(Vita Mahjong)"
16:00,165,6740043080,"Screwdom : ボルトパズルゲーム"
16:00,166,967906866,"ユニメモ"
16:00,167,6466620626,"フルーツ飴の達人 - ドバイもち、パフェ、ASMR、モッパン"
16:00,168,6789756267,"Chameleon Hide Online"
16:00,169,6743368869,"Draft Showdown"
16:00,170,1113270962,"みんなのオセロ【公式】オンライン対戦も遊べるオセロ対戦ゲーム"
16:00,171,1105855019,"ガーデンスケイプ (Gardenscapes)"
16:00,172,6469306922,"数学パズルゲーム — ナンバーマッチ, クロスワード"
16:00,173,6784602967,"Stack Smash - 3D Puzzle Game"
16:00,174,6762239563,"意味怖ストーリー：バッドエンドを回避せよ！"
16:00,175,940320341,"プロ野球スピリッツＡ"
16:00,176,658511662,"モンスターストライク"
16:00,177,6762949476,"シンプル戦国"
16:00,178,1521236603,"Travel Town - マージアドベンチャー"
16:00,179,6761885987,"[7R]スマスロ 甲鉄城のカバネリ 海門（うなと）決戦"
16:00,180,6670789598,"Brain Puzzle: Tricky Quest"
16:00,181,6758326278,"Amaze GO! - 矢印 パズル"
16:00,182,6756058501,"Jelly Busters: パズルゲーム"
16:00,183,1486214495,"ブレインテスト(Brain Test)：ひっかけパズル"
16:00,184,6760325543,"ArrowCube - 3DPuzzle"
16:00,185,6758927408,"弱虫ペダル レゾナンス・ぺダイズム"
16:00,186,1601400687,"2人でできるゲーム - マルチプレイ 対戦ゲーム"
16:00,187,1322310031,"ONE PIECE バウンティラッシュ - アクションゲーム"
16:00,188,1577970257,"Merge Hotel Empire－Design Game"
16:00,189,1358232022,"ドラゴンボール レジェンズ"
16:00,190,1556357398,"Pikmin Bloom"
16:00,191,6767745453,"アツアツ冒険伝"
16:00,192,6739554561,"信長の野望 真戦"
16:00,193,6741469353,"プロサッカークラブをつくろう！"
16:00,194,6451399876,"Delta Force"
16:00,195,6751788348,"Water Match®- ASMR Water Sort"
16:00,196,1671991909,"数学パズルゲーム - クロスマス"
16:00,197,1003168863,"BLEACH Brave Souls アニメゲーム"
16:00,198,6738349199,"Walk King - Race on Stairs"
16:00,199,698255242,"Geometry Dash Lite"
16:00,200,6754559095,"E.D.E.N：最終防衛線"
18:30,1,6759763476,"Bus Traffic Fever!"
18:30,2,6761818626,"エンドレスフロンティア2 放置RPG ディフェンス"
18:30,3,6761760135,"Meowdoku!"
18:30,4,6756641135,"ホロライブドリームス"
18:30,5,6741567125,"モンスターサバイバル"
18:30,6,6754311241,"無職転生 〜異世界行ったら本気だす〜 【クロエコ】"
18:30,7,6771681142,"漢字分解パズル"
18:30,8,6748084174,"Smash Fest!"
18:30,9,6596745408,"ちいかわぽけっと"
18:30,10,6636546859,"スカイドラゴン　仲間と大空を翔けるRPG"
18:30,11,6755455500,"ハリウッドマージ"
18:30,12,6741503079,"Pokémon Champions"
18:30,13,6776146068,"[777Real] A-SLOT+ 異世界かるてっと BT"
18:30,14,6471045672,"グルメ・ジャーニー"
18:30,15,6752672568,"Block Out! - Color Sort Puzzle"
18:30,16,6759081967,"Jewel Coloring"
18:30,17,6760994244,"テイペンサバイバー"
18:30,18,1117270703,"eFootball™"
18:30,19,6443575749,"ホワイトアウト・サバイバル"
18:30,20,1617391485,"ブロックブラスト (Block Blast)"
18:30,21,6760957454,"脱出ゲーム アムステルダム"
18:30,22,6748397500,"Arrows – Puzzle Escape"
18:30,23,6499209744,"マジックソート (Magic Sort!)"
18:30,24,1032346221,"妖怪ウォッチ ぷにぷに"
18:30,25,1482155847,"ロイヤルマッチ（Royal Match)"
18:30,26,431946152,"Roblox (ロブロックス)"
18:30,27,6753668357,"LINE：ブロックジャム"
18:30,28,6742122160,"TopTop(トップトップ): サクッと遊んで、パッと友達"
18:30,29,6739554056,"キングショット"
18:30,30,6639605332,"パラノイズ"
18:30,31,1094591345,"Pokémon GO"
18:30,32,6756247422,"デジモンUP"
18:30,33,1623318294,"ゴシップハーバー：マージ & ストーリー"
18:30,34,1529747588,"どこでもパーティーゲーム「どこパ」：ワードウルフオンライン"
18:30,35,6787983567,"価値ズレ！ - 価値観協力オンラインゲーム"
18:30,36,6756185760,"Search It - Hidden Objects"
18:30,37,6769314786,"Food Hunt: Pixel Puzzle"
18:30,38,6483539426,"フォートナイト"
18:30,39,1606549505,"ロイヤルキングダム (Royal Kingdom)"
18:30,40,6749251466,"クッキーラン：クランブル - 放置系RPG"
18:30,41,6751537447,"Snake Puzzle: Slither to Eat!"
18:30,42,638689075,"タウンシップ (Township)"
18:30,43,6758080238,"トリミン2！-トリッキーミーン2 いじわる脳トレパズルゲーム"
18:30,44,1229016807,"ブロスタ"
18:30,45,724594093,"LINE：ディズニー ツムツム"
18:30,46,6764201639,"にゃんこ銃士：放置育成RPG"
18:30,47,6749109552,"X-Clash: サバイバル"
18:30,48,6746465127,"セルサバイバー - シューティングゲーム"
18:30,49,6737022506,"ねじねじパズル"
18:30,50,6477413486,"Level Devil - NOT A Troll Game"
18:30,51,6505095234,"Car Jam - バスストップ ジャムゲーム"
18:30,52,6479970832,"Pokémon TCG Pocket"
18:30,53,6742937695,"ペタペタペンギン団"
18:30,54,1443446174,"魔法のタイルズ 3™: 音ゲー ピアノタイル"
18:30,55,6748950306,"ソリティア：パズルゲーム 脳トレ カードゲーム 暇つぶし連想"
18:30,56,6747957875,"Family Go! - 結婚・子育て・世代継承"
18:30,57,6747736697,"ドラゴンクエストスマッシュグロウ ドラクエローグライトRPG"
18:30,58,6756994116,"イナズマイレブン クロス"
18:30,59,6788498566,"Gartic Phone"
18:30,60,6780891673,"Royal Smash! - Physics Puzzle"
18:30,61,547145938,"にゃんこ大戦争"
18:30,62,6754370732,"耳だけ捜査線 - 暇つぶし論理パズルゲーム"
18:30,63,6767091927,"ジグソードロップ：ソリティアパズル"
18:30,64,6759997224,"巡回中！即タイホ！"
18:30,65,6787609279,"Hide in Art - かくれんぼ"
18:30,66,6475757306,"Disney Solitaire ディズニー ソリティア"
18:30,67,6504332779,"Color Block Jam"
18:30,68,1517980891,"パズル&サバイバル"
18:30,69,6689516366,"バスゲーム：カーパーキング・バスゲーム"
18:30,70,6779167923,"Colony Flow!"
18:30,71,6746328263,"Castle Busters"
18:30,72,6755183085,"Yarn Loop: Knit Puzzle"
18:30,73,6749300334,"ネジ3Dパズル：ピンを外すゲーム"
18:30,74,6745772198,"ダイトモ"
18:30,75,6757832779,"3D Colorful Sort™ 魔法の水"
18:30,76,1312031248,"荒野行動-スマホ版バトロワ"
18:30,77,6743385713,"毛糸クラッシュ - パーキングゲーム バスのゲーム"
18:30,78,1351168404,"Among Us!"
18:30,79,1389111413,"Hole.io"
18:30,80,1479198816,"トップウォー"
18:30,81,6448104157,"オフラインゲーム - 暇つぶし ゲーム - パズルゲーム"
18:30,82,6503272652,"ラストZ：サバイバルシューティング"
18:30,83,6744975195,"Sled Surfers - ファーズ - 坂冒険"
18:30,84,1638139403,"ブロッククラッシュ (Block Crush)"
18:30,85,6753862216,"フードスター（Foodstars）:マージ & クック"
18:30,86,1569776448,"カラーソートボトルパズル色分けゲーム: Get Color"
18:30,87,6758745353,"家系図ミステリー - カジュアルロジックパズルゲーム"
18:30,88,6754098532,"ラッシュ：エクストリーム (RUSH: Xtreme)"
18:30,89,1469186379,"雀魂 -じゃんたま-"
18:30,90,6762113903,"Aphelion Escape"
18:30,91,6503603603,"ミステリータウン：マージゲーム (Mystery Town)"
18:30,92,6746743297,"Bus Fever-Car Jam Escape"
18:30,93,6756665708,"Get Color Pack: Sort puzzle"
18:30,94,1483602237,"いつどこでオンライン"
18:30,95,1044039663,"みんなで早押しクイズ"
18:30,96,6754965520,"Rogue Legend - Roguelike RPG"
18:30,97,6756482832,"Brain Puzzle 3: Crazy Mind"
18:30,98,1579464667,"Pokémon Sleep"
18:30,99,6755861844,"確認させてください"
18:30,100,6762267809,"Arrow Pro 3D"
18:30,101,6499306806,"グッズソーティング3D：マッチゲーム"
18:30,102,6762342518,"Fluffy Drop"
18:30,103,1491074310,"Tetris® - テトリス (公式ゲーム)"
18:30,104,6754262851,"増えうさぎ by クラシル"
18:30,105,6768208688,"勇者連盟：暁の遠征"
18:30,106,1489932710,"プロジェクトセカイ カラフルステージ！ feat. 初音ミク"
18:30,107,6762239563,"意味怖ストーリー：バッドエンドを回避せよ！"
18:30,108,6756288168,"Cookingo: Perfect Meal"
18:30,109,1423046460,"Paper.io 2"
18:30,110,1176027022,"トゥーンブラスト"
18:30,111,6736896540,"ハローキティ：マイドリームストア"
18:30,112,1550945606,"サッカースーパースター - サッカー"
18:30,113,6738109752,"タイルズ・サバイバル"
18:30,114,6478063606,"カラーブロック コンボブラスト"
18:30,115,6756989323,"ラストアサイラム：プレイグ"
18:30,116,1562817072,"Mob Control"
18:30,117,1643509748,"マージクッキング テーマレストラン"
18:30,118,6755216191,"Color Maze - Puzzle Game"
18:30,119,658511662,"モンスターストライク"
18:30,120,6547858927,"Crossword Master – クロスワードパズル"
18:30,121,6793733566,"脱出ゲーム ひと夏の記憶"
18:30,122,6768243341,"継承なき冠：エンペラーズ・エンド"
18:30,123,6449243946,"スネーククラッシュ (Snake Clash)"
18:30,124,529996768,"Bingo Blitz™ - ビンゴゲーム"
18:30,125,6503284107,"オールインホール (All in Hole)"
18:30,126,6761523148,"Flower Forest - ワードパズル"
18:30,127,6753738566,"HUNTER×HUNTER NEN×SURVIVOR"
18:30,128,1222278363,"ワードウルフ決定版【新・人狼ゲーム】ワード人狼アプリ"
18:30,129,6739246483,"ホール・エム・オール (Hole Em All)"
18:30,130,1597760047,"OneState RP・オンラインのオープンワールド"
18:30,131,6782923681,"MiloDrop YaraTube"
18:30,132,6760453970,"ダメ恋-闇カレコレクション"
18:30,133,1193508329,"ナンプレ - 数字パズルゲーム"
18:30,134,1573133915,"ルーレット - 迷った時の抽選・くじ引きアプリ（るーれっと）"
18:30,135,6740618570,"XP Hero(ヒーロー)): まずは世界観をのぞいてみて"
18:30,136,1606356401,"ゼンレスゾーンゼロ - アニバーサリー"
18:30,137,6642698438,"ウッドパズル：Screw ネジ外すゲーム  - 人気 脳トレ"
18:30,138,1173389241,"どうぶつタワーバトル - オンライン対戦ゲーム"
18:30,139,6749558825,"Water Sort - 色分けパズル"
18:30,140,6756307486,"Cube Tap Sort"
18:30,141,1344700142,"UNO!™"
18:30,142,6599838025,"Tangled Rope: Solve Puzzles!"
18:30,143,6747492600,"麻雀ブラスト (Mahjong Blast)"
18:30,144,6758662578,"Find The Cat 2 - Spot It!"
18:30,145,6749132002,"落ちにゃん！(Drop the Cat)"
18:30,146,6476597728,"EDGE POKER (エッジポーカー)"
18:30,147,6755585789,"チート勇者～インベントリ攻略ゲー～RPG"
18:30,148,6473767344,"キノコ伝説：勇者と魔法のランプ"
18:30,149,6754558455,"Marble Sort!"
18:30,150,6751222488,"Order Crazy:  飲み物ソートマッチ 色とりパズル"
18:30,151,6468921495,"ヴィータ麻雀(Vita Mahjong)"
18:30,152,6753931677,"三国志クロニクル"
18:30,153,1453989822,"アクアパーク.io"
18:30,154,6748996000,"ねこ旅"
18:30,155,6748930656,"ゼンレスゾーンゼロ・クラウド版 - アニバーサリー"
18:30,156,1597897013,"Water Sort Puzzle - ソートパズルゲーム"
18:30,157,1088626624,"無料ゲーム-迷った時のルーレット ランチや罰ゲーム抽選"
18:30,158,1276424024,"オンクレならタイクレ！オンラインクレーンゲーム(オンクレ)"
18:30,159,6744049261,"Block Color Mania, Puzzle Game"
18:30,160,6759236733,"まいにちファーム"
18:30,161,6760751569,"Goods Sort Match - Sorting Fun"
18:30,162,6743368869,"Draft Showdown"
18:30,163,967906866,"ユニメモ"
18:30,164,1113270962,"みんなのオセロ【公式】オンライン対戦も遊べるオセロ対戦ゲーム"
18:30,165,6751056652,"Pixel Flow!"
18:30,166,6757154335,"Cube Land Puzzle Game"
18:30,167,6784602967,"Stack Smash - 3D Puzzle Game"
18:30,168,1545088576,"777Real(777リアル) パチンコ･パチスロアプリ"
18:30,169,1458758886,"イラストチェイナー - 絵しりとりオンラインお絵描きアプリ"
18:30,170,6789756267,"Chameleon Hide Online"
18:30,171,634329875,"オンクレはトレバ　ゲームセンター風なオンラインクレーンゲーム"
18:30,172,6740043080,"Screwdom : ボルトパズルゲーム"
18:30,173,6466620626,"フルーツ飴の達人 - ドバイもち、パフェ、ASMR、モッパン"
18:30,174,1105855019,"ガーデンスケイプ (Gardenscapes)"
18:30,175,6755577882,"コンビニ発展ものがたり"
18:30,176,940320341,"プロ野球スピリッツＡ"
18:30,177,553834731,"キャンディークラッシュ"
18:30,178,6670789598,"Brain Puzzle: Tricky Quest"
18:30,179,1601400687,"2人でできるゲーム - マルチプレイ 対戦ゲーム"
18:30,180,6738349199,"Walk King - Race on Stairs"
18:30,181,6758326278,"Amaze GO! - 矢印 パズル"
18:30,182,1556357398,"Pikmin Bloom"
18:30,183,6761885987,"[7R]スマスロ 甲鉄城のカバネリ 海門（うなと）決戦"
18:30,184,6469306922,"数学パズルゲーム — ナンバーマッチ, クロスワード"
18:30,185,6746435822,"バグハン！"
18:30,186,1521236603,"Travel Town - マージアドベンチャー"
18:30,187,1486214495,"ブレインテスト(Brain Test)：ひっかけパズル"
18:30,188,6756058501,"Jelly Busters: パズルゲーム"
18:30,189,1577970257,"Merge Hotel Empire－Design Game"
18:30,190,6739554561,"信長の野望 真戦"
18:30,191,6760325543,"ArrowCube - 3DPuzzle"
18:30,192,1358232022,"ドラゴンボール レジェンズ"
18:30,193,1322310031,"ONE PIECE バウンティラッシュ - アクションゲーム"
18:30,194,6757750991,"Color Maze Master"
18:30,195,698255242,"Geometry Dash Lite"
18:30,196,6767745453,"アツアツ冒険伝"
18:30,197,1671991909,"数学パズルゲーム - クロスマス"
18:30,198,6758927408,"弱虫ペダル レゾナンス・ぺダイズム"
18:30,199,6754559095,"E.D.E.N：最終防衛線"
18:30,200,1003168863,"BLEACH Brave Souls アニメゲーム"
19:30,1,6759763476,"Bus Traffic Fever!"
19:30,2,6761818626,"エンドレスフロンティア2 放置RPG ディフェンス"
19:30,3,6761760135,"Meowdoku!"
19:30,4,6756641135,"ホロライブドリームス"
19:30,5,6741567125,"モンスターサバイバル"
19:30,6,6754311241,"無職転生 〜異世界行ったら本気だす〜 【クロエコ】"
19:30,7,6771681142,"漢字分解パズル"
19:30,8,6748084174,"Smash Fest!"
19:30,9,6636546859,"スカイドラゴン　仲間と大空を翔けるRPG"
19:30,10,6755455500,"ハリウッドマージ"
19:30,11,6741503079,"Pokémon Champions"
19:30,12,6596745408,"ちいかわぽけっと"
19:30,13,6471045672,"グルメ・ジャーニー"
19:30,14,6776146068,"[777Real] A-SLOT+ 異世界かるてっと BT"
19:30,15,6752672568,"Block Out! - Color Sort Puzzle"
19:30,16,6759081967,"Jewel Coloring"
19:30,17,1117270703,"eFootball™"
19:30,18,6760994244,"テイペンサバイバー"
19:30,19,6443575749,"ホワイトアウト・サバイバル"
19:30,20,1617391485,"ブロックブラスト (Block Blast)"
19:30,21,6748397500,"Arrows – Puzzle Escape"
19:30,22,6499209744,"マジックソート (Magic Sort!)"
19:30,23,6760957454,"脱出ゲーム アムステルダム"
19:30,24,1032346221,"妖怪ウォッチ ぷにぷに"
19:30,25,6742122160,"TopTop(トップトップ): サクッと遊んで、パッと友達"
19:30,26,431946152,"Roblox (ロブロックス)"
19:30,27,1482155847,"ロイヤルマッチ（Royal Match)"
19:30,28,6639605332,"パラノイズ"
19:30,29,6739554056,"キングショット"
19:30,30,6753668357,"LINE：ブロックジャム"
19:30,31,1094591345,"Pokémon GO"
19:30,32,6756247422,"デジモンUP"
19:30,33,1529747588,"どこでもパーティーゲーム「どこパ」：ワードウルフオンライン"
19:30,34,1623318294,"ゴシップハーバー：マージ & ストーリー"
19:30,35,1606549505,"ロイヤルキングダム (Royal Kingdom)"
19:30,36,6483539426,"フォートナイト"
19:30,37,6769314786,"Food Hunt: Pixel Puzzle"
19:30,38,6758080238,"トリミン2！-トリッキーミーン2 いじわる脳トレパズルゲーム"
19:30,39,6751537447,"Snake Puzzle: Slither to Eat!"
19:30,40,724594093,"LINE：ディズニー ツムツム"
19:30,41,6756185760,"Search It - Hidden Objects"
19:30,42,6787983567,"価値ズレ！ - 価値観協力オンラインゲーム"
19:30,43,638689075,"タウンシップ (Township)"
19:30,44,1229016807,"ブロスタ"
19:30,45,6749251466,"クッキーラン：クランブル - 放置系RPG"
19:30,46,6749109552,"X-Clash: サバイバル"
19:30,47,6746465127,"セルサバイバー - シューティングゲーム"
19:30,48,6477413486,"Level Devil - NOT A Troll Game"
19:30,49,6737022506,"ねじねじパズル"
19:30,50,6505095234,"Car Jam - バスストップ ジャムゲーム"
19:30,51,6764201639,"にゃんこ銃士：放置育成RPG"
19:30,52,6479970832,"Pokémon TCG Pocket"
19:30,53,1443446174,"魔法のタイルズ 3™: 音ゲー ピアノタイル"
19:30,54,6742937695,"ペタペタペンギン団"
19:30,55,6780891673,"Royal Smash! - Physics Puzzle"
19:30,56,6747736697,"ドラゴンクエストスマッシュグロウ ドラクエローグライトRPG"
19:30,57,547145938,"にゃんこ大戦争"
19:30,58,6756994116,"イナズマイレブン クロス"
19:30,59,6747957875,"Family Go! - 結婚・子育て・世代継承"
19:30,60,6748950306,"ソリティア：パズルゲーム 脳トレ カードゲーム 暇つぶし連想"
19:30,61,6759997224,"巡回中！即タイホ！"
19:30,62,6787609279,"Hide in Art - かくれんぼ"
19:30,63,6788498566,"Gartic Phone"
19:30,64,6754370732,"耳だけ捜査線 - 暇つぶし論理パズルゲーム"
19:30,65,6767091927,"ジグソードロップ：ソリティアパズル"
19:30,66,6504332779,"Color Block Jam"
19:30,67,1517980891,"パズル&サバイバル"
19:30,68,6746328263,"Castle Busters"
19:30,69,6689516366,"バスゲーム：カーパーキング・バスゲーム"
19:30,70,6475757306,"Disney Solitaire ディズニー ソリティア"
19:30,71,6757832779,"3D Colorful Sort™ 魔法の水"
19:30,72,6744975195,"Sled Surfers - ファーズ - 坂冒険"
19:30,73,1312031248,"荒野行動-スマホ版バトロワ"
19:30,74,6779167923,"Colony Flow!"
19:30,75,6749300334,"ネジ3Dパズル：ピンを外すゲーム"
19:30,76,6448104157,"オフラインゲーム - 暇つぶし ゲーム - パズルゲーム"
19:30,77,1351168404,"Among Us!"
19:30,78,6503272652,"ラストZ：サバイバルシューティング"
19:30,79,6743385713,"毛糸クラッシュ - パーキングゲーム バスのゲーム"
19:30,80,1479198816,"トップウォー"
19:30,81,1389111413,"Hole.io"
19:30,82,1638139403,"ブロッククラッシュ (Block Crush)"
19:30,83,1569776448,"カラーソートボトルパズル色分けゲーム: Get Color"
19:30,84,6753862216,"フードスター（Foodstars）:マージ & クック"
19:30,85,6754098532,"ラッシュ：エクストリーム (RUSH: Xtreme)"
19:30,86,6745772198,"ダイトモ"
19:30,87,6755183085,"Yarn Loop: Knit Puzzle"
19:30,88,1469186379,"雀魂 -じゃんたま-"
19:30,89,6758745353,"家系図ミステリー - カジュアルロジックパズルゲーム"
19:30,90,6746743297,"Bus Fever-Car Jam Escape"
19:30,91,6762113903,"Aphelion Escape"
19:30,92,6503603603,"ミステリータウン：マージゲーム (Mystery Town)"
19:30,93,1044039663,"みんなで早押しクイズ"
19:30,94,6756482832,"Brain Puzzle 3: Crazy Mind"
19:30,95,6762342518,"Fluffy Drop"
19:30,96,1491074310,"Tetris® - テトリス (公式ゲーム)"
19:30,97,6762267809,"Arrow Pro 3D"
19:30,98,1489932710,"プロジェクトセカイ カラフルステージ！ feat. 初音ミク"
19:30,99,1423046460,"Paper.io 2"
19:30,100,1483602237,"いつどこでオンライン"
19:30,101,1550945606,"サッカースーパースター - サッカー"
19:30,102,6499306806,"グッズソーティング3D：マッチゲーム"
19:30,103,1579464667,"Pokémon Sleep"
19:30,104,6768208688,"勇者連盟：暁の遠征"
19:30,105,6754965520,"Rogue Legend - Roguelike RPG"
19:30,106,6755861844,"確認させてください"
19:30,107,6754262851,"増えうさぎ by クラシル"
19:30,108,658511662,"モンスターストライク"
19:30,109,6756288168,"Cookingo: Perfect Meal"
19:30,110,6794304616,"脱出ゲーム　夏祭りの神社からの脱出"
19:30,111,6738109752,"タイルズ・サバイバル"
19:30,112,1643509748,"マージクッキング テーマレストラン"
19:30,113,1562817072,"Mob Control"
19:30,114,1222278363,"ワードウルフ決定版【新・人狼ゲーム】ワード人狼アプリ"
19:30,115,6756989323,"ラストアサイラム：プレイグ"
19:30,116,6736896540,"ハローキティ：マイドリームストア"
19:30,117,6762239563,"意味怖ストーリー：バッドエンドを回避せよ！"
19:30,118,6478063606,"カラーブロック コンボブラスト"
19:30,119,6756665708,"Get Color Pack: Sort puzzle"
19:30,120,6755216191,"Color Maze - Puzzle Game"
19:30,121,6768243341,"継承なき冠：エンペラーズ・エンド"
19:30,122,6793733566,"脱出ゲーム ひと夏の記憶"
19:30,123,6753738566,"HUNTER×HUNTER NEN×SURVIVOR"
19:30,124,1176027022,"トゥーンブラスト"
19:30,125,529996768,"Bingo Blitz™ - ビンゴゲーム"
19:30,126,6503284107,"オールインホール (All in Hole)"
19:30,127,6547858927,"Crossword Master – クロスワードパズル"
19:30,128,6782923681,"MiloDrop YaraTube"
19:30,129,6761523148,"Flower Forest - ワードパズル"
19:30,130,1573133915,"ルーレット - 迷った時の抽選・くじ引きアプリ（るーれっと）"
19:30,131,1193508329,"ナンプレ - 数字パズルゲーム"
19:30,132,6449243946,"スネーククラッシュ (Snake Clash)"
19:30,133,634329875,"オンクレはトレバ　ゲームセンター風なオンラインクレーンゲーム"
19:30,134,6760453970,"ダメ恋-闇カレコレクション"
19:30,135,6739246483,"ホール・エム・オール (Hole Em All)"
19:30,136,1173389241,"どうぶつタワーバトル - オンライン対戦ゲーム"
19:30,137,1597760047,"OneState RP・オンラインのオープンワールド"
19:30,138,6740618570,"XP Hero(ヒーロー)): まずは世界観をのぞいてみて"
19:30,139,1606356401,"ゼンレスゾーンゼロ - アニバーサリー"
19:30,140,6642698438,"ウッドパズル：Screw ネジ外すゲーム  - 人気 脳トレ"
19:30,141,6749558825,"Water Sort - 色分けパズル"
19:30,142,6599838025,"Tangled Rope: Solve Puzzles!"
19:30,143,1344700142,"UNO!™"
19:30,144,6747492600,"麻雀ブラスト (Mahjong Blast)"
19:30,145,1113270962,"みんなのオセロ【公式】オンライン対戦も遊べるオセロ対戦ゲーム"
19:30,146,6473767344,"キノコ伝説：勇者と魔法のランプ"
19:30,147,6476597728,"EDGE POKER (エッジポーカー)"
19:30,148,1597897013,"Water Sort Puzzle - ソートパズルゲーム"
19:30,149,6468921495,"ヴィータ麻雀(Vita Mahjong)"
19:30,150,6755585789,"チート勇者～インベントリ攻略ゲー～RPG"
19:30,151,6749132002,"落ちにゃん！(Drop the Cat)"
19:30,152,1601400687,"2人でできるゲーム - マルチプレイ 対戦ゲーム"
19:30,153,6754558455,"Marble Sort!"
19:30,154,6758662578,"Find The Cat 2 - Spot It!"
19:30,155,6759236733,"まいにちファーム"
19:30,156,6751222488,"Order Crazy:  飲み物ソートマッチ 色とりパズル"
19:30,157,6755577882,"コンビニ発展ものがたり"
19:30,158,6743368869,"Draft Showdown"
19:30,159,1276424024,"オンクレならタイクレ！オンラインクレーンゲーム(オンクレ)"
19:30,160,1088626624,"無料ゲーム-迷った時のルーレット ランチや罰ゲーム抽選"
19:30,161,1453989822,"アクアパーク.io"
19:30,162,6784602967,"Stack Smash - 3D Puzzle Game"
19:30,163,1458758886,"イラストチェイナー - 絵しりとりオンラインお絵描きアプリ"
19:30,164,6789756267,"Chameleon Hide Online"
19:30,165,1545088576,"777Real(777リアル) パチンコ･パチスロアプリ"
19:30,166,6760751569,"Goods Sort Match - Sorting Fun"
19:30,167,6744049261,"Block Color Mania, Puzzle Game"
19:30,168,6748930656,"ゼンレスゾーンゼロ・クラウド版 - アニバーサリー"
19:30,169,6469306922,"数学パズルゲーム — ナンバーマッチ, クロスワード"
19:30,170,6757154335,"Cube Land Puzzle Game"
19:30,171,6751056652,"Pixel Flow!"
19:30,172,967906866,"ユニメモ"
19:30,173,6466620626,"フルーツ飴の達人 - ドバイもち、パフェ、ASMR、モッパン"
19:30,174,940320341,"プロ野球スピリッツＡ"
19:30,175,6738349199,"Walk King - Race on Stairs"
19:30,176,1105855019,"ガーデンスケイプ (Gardenscapes)"
19:30,177,6748996000,"ねこ旅"
19:30,178,6670789598,"Brain Puzzle: Tricky Quest"
19:30,179,6740043080,"Screwdom : ボルトパズルゲーム"
19:30,180,1465731199,"2 Player Games : the Challenge"
19:30,181,6746435822,"バグハン！"
19:30,182,6761885987,"[7R]スマスロ 甲鉄城のカバネリ 海門（うなと）決戦"
19:30,183,6756307486,"Cube Tap Sort"
19:30,184,1556357398,"Pikmin Bloom"
19:30,185,1358232022,"ドラゴンボール レジェンズ"
19:30,186,6758326278,"Amaze GO! - 矢印 パズル"
19:30,187,1577970257,"Merge Hotel Empire－Design Game"
19:30,188,930574573,"スナイパー3Dシューティング戦ゲーム（Sniper 3D）"
19:30,189,1486214495,"ブレインテスト(Brain Test)：ひっかけパズル"
19:30,190,1521236603,"Travel Town - マージアドベンチャー"
19:30,191,6760325543,"ArrowCube - 3DPuzzle"
19:30,192,6752886832,"ホテル・ミステリア"
19:30,193,1003168863,"BLEACH Brave Souls アニメゲーム"
19:30,194,6739554561,"信長の野望 真戦"
19:30,195,6751788348,"Water Match®- ASMR Water Sort"
19:30,196,1322310031,"ONE PIECE バウンティラッシュ - アクションゲーム"
19:30,197,6451399876,"Delta Force"
19:30,198,6741186588,"Ragdoll Blade"
19:30,199,698255242,"Geometry Dash Lite"
19:30,200,6767745453,"アツアツ冒険伝"
20:30,1,6759763476,"Bus Traffic Fever!"
20:30,2,6761818626,"エンドレスフロンティア2 放置RPG ディフェンス"
20:30,3,6761760135,"Meowdoku!"
20:30,4,6756641135,"ホロライブドリームス"
20:30,5,6741567125,"モンスターサバイバル"
20:30,6,6754311241,"無職転生 〜異世界行ったら本気だす〜 【クロエコ】"
20:30,7,6771681142,"漢字分解パズル"
20:30,8,6748084174,"Smash Fest!"
20:30,9,6636546859,"スカイドラゴン　仲間と大空を翔けるRPG"
20:30,10,6755455500,"ハリウッドマージ"
20:30,11,6741503079,"Pokémon Champions"
20:30,12,6596745408,"ちいかわぽけっと"
20:30,13,6471045672,"グルメ・ジャーニー"
20:30,14,6776146068,"[777Real] A-SLOT+ 異世界かるてっと BT"
20:30,15,6752672568,"Block Out! - Color Sort Puzzle"
20:30,16,6759081967,"Jewel Coloring"
20:30,17,1117270703,"eFootball™"
20:30,18,6760994244,"テイペンサバイバー"
20:30,19,6443575749,"ホワイトアウト・サバイバル"
20:30,20,1617391485,"ブロックブラスト (Block Blast)"
20:30,21,6748397500,"Arrows – Puzzle Escape"
20:30,22,6499209744,"マジックソート (Magic Sort!)"
20:30,23,6760957454,"脱出ゲーム アムステルダム"
20:30,24,1032346221,"妖怪ウォッチ ぷにぷに"
20:30,25,6742122160,"TopTop(トップトップ): サクッと遊んで、パッと友達"
20:30,26,431946152,"Roblox (ロブロックス)"
20:30,27,1482155847,"ロイヤルマッチ（Royal Match)"
20:30,28,6639605332,"パラノイズ"
20:30,29,6739554056,"キングショット"
20:30,30,6753668357,"LINE：ブロックジャム"
20:30,31,1094591345,"Pokémon GO"
20:30,32,6756247422,"デジモンUP"
20:30,33,1529747588,"どこでもパーティーゲーム「どこパ」：ワードウルフオンライン"
20:30,34,1623318294,"ゴシップハーバー：マージ & ストーリー"
20:30,35,1606549505,"ロイヤルキングダム (Royal Kingdom)"
20:30,36,6483539426,"フォートナイト"
20:30,37,6769314786,"Food Hunt: Pixel Puzzle"
20:30,38,6758080238,"トリミン2！-トリッキーミーン2 いじわる脳トレパズルゲーム"
20:30,39,6751537447,"Snake Puzzle: Slither to Eat!"
20:30,40,724594093,"LINE：ディズニー ツムツム"
20:30,41,6756185760,"Search It - Hidden Objects"
20:30,42,6787983567,"価値ズレ！ - 価値観協力オンラインゲーム"
20:30,43,638689075,"タウンシップ (Township)"
20:30,44,1229016807,"ブロスタ"
20:30,45,6749251466,"クッキーラン：クランブル - 放置系RPG"
20:30,46,6749109552,"X-Clash: サバイバル"
20:30,47,6746465127,"セルサバイバー - シューティングゲーム"
20:30,48,6477413486,"Level Devil - NOT A Troll Game"
20:30,49,6737022506,"ねじねじパズル"
20:30,50,6505095234,"Car Jam - バスストップ ジャムゲーム"
20:30,51,6764201639,"にゃんこ銃士：放置育成RPG"
20:30,52,6479970832,"Pokémon TCG Pocket"
20:30,53,1443446174,"魔法のタイルズ 3™: 音ゲー ピアノタイル"
20:30,54,6742937695,"ペタペタペンギン団"
20:30,55,6780891673,"Royal Smash! - Physics Puzzle"
20:30,56,6747736697,"ドラゴンクエストスマッシュグロウ ドラクエローグライトRPG"
20:30,57,547145938,"にゃんこ大戦争"
20:30,58,6756994116,"イナズマイレブン クロス"
20:30,59,6747957875,"Family Go! - 結婚・子育て・世代継承"
20:30,60,6748950306,"ソリティア：パズルゲーム 脳トレ カードゲーム 暇つぶし連想"
20:30,61,6759997224,"巡回中！即タイホ！"
20:30,62,6787609279,"Hide in Art - かくれんぼ"
20:30,63,6788498566,"Gartic Phone"
20:30,64,6754370732,"耳だけ捜査線 - 暇つぶし論理パズルゲーム"
20:30,65,6767091927,"ジグソードロップ：ソリティアパズル"
20:30,66,6504332779,"Color Block Jam"
20:30,67,1517980891,"パズル&サバイバル"
20:30,68,6746328263,"Castle Busters"
20:30,69,6689516366,"バスゲーム：カーパーキング・バスゲーム"
20:30,70,6475757306,"Disney Solitaire ディズニー ソリティア"
20:30,71,6757832779,"3D Colorful Sort™ 魔法の水"
20:30,72,6744975195,"Sled Surfers - ファーズ - 坂冒険"
20:30,73,1312031248,"荒野行動-スマホ版バトロワ"
20:30,74,6779167923,"Colony Flow!"
20:30,75,6749300334,"ネジ3Dパズル：ピンを外すゲーム"
20:30,76,6448104157,"オフラインゲーム - 暇つぶし ゲーム - パズルゲーム"
20:30,77,1351168404,"Among Us!"
20:30,78,6503272652,"ラストZ：サバイバルシューティング"
20:30,79,6743385713,"毛糸クラッシュ - パーキングゲーム バスのゲーム"
20:30,80,1479198816,"トップウォー"
20:30,81,1389111413,"Hole.io"
20:30,82,1638139403,"ブロッククラッシュ (Block Crush)"
20:30,83,1569776448,"カラーソートボトルパズル色分けゲーム: Get Color"
20:30,84,6753862216,"フードスター（Foodstars）:マージ & クック"
20:30,85,6754098532,"ラッシュ：エクストリーム (RUSH: Xtreme)"
20:30,86,6745772198,"ダイトモ"
20:30,87,6755183085,"Yarn Loop: Knit Puzzle"
20:30,88,1469186379,"雀魂 -じゃんたま-"
20:30,89,6758745353,"家系図ミステリー - カジュアルロジックパズルゲーム"
20:30,90,6746743297,"Bus Fever-Car Jam Escape"
20:30,91,6762113903,"Aphelion Escape"
20:30,92,6503603603,"ミステリータウン：マージゲーム (Mystery Town)"
20:30,93,1044039663,"みんなで早押しクイズ"
20:30,94,6756482832,"Brain Puzzle 3: Crazy Mind"
20:30,95,6762342518,"Fluffy Drop"
20:30,96,1491074310,"Tetris® - テトリス (公式ゲーム)"
20:30,97,6762267809,"Arrow Pro 3D"
20:30,98,1489932710,"プロジェクトセカイ カラフルステージ！ feat. 初音ミク"
20:30,99,1423046460,"Paper.io 2"
20:30,100,1483602237,"いつどこでオンライン"
20:30,101,1550945606,"サッカースーパースター - サッカー"
20:30,102,6499306806,"グッズソーティング3D：マッチゲーム"
20:30,103,1579464667,"Pokémon Sleep"
20:30,104,6768208688,"勇者連盟：暁の遠征"
20:30,105,6754965520,"Rogue Legend - Roguelike RPG"
20:30,106,6755861844,"確認させてください"
20:30,107,6754262851,"増えうさぎ by クラシル"
20:30,108,658511662,"モンスターストライク"
20:30,109,6756288168,"Cookingo: Perfect Meal"
20:30,110,6794304616,"脱出ゲーム　夏祭りの神社からの脱出"
20:30,111,6738109752,"タイルズ・サバイバル"
20:30,112,1643509748,"マージクッキング テーマレストラン"
20:30,113,1562817072,"Mob Control"
20:30,114,1222278363,"ワードウルフ決定版【新・人狼ゲーム】ワード人狼アプリ"
20:30,115,6756989323,"ラストアサイラム：プレイグ"
20:30,116,6736896540,"ハローキティ：マイドリームストア"
20:30,117,6762239563,"意味怖ストーリー：バッドエンドを回避せよ！"
20:30,118,6478063606,"カラーブロック コンボブラスト"
20:30,119,6756665708,"Get Color Pack: Sort puzzle"
20:30,120,6755216191,"Color Maze - Puzzle Game"
20:30,121,6768243341,"継承なき冠：エンペラーズ・エンド"
20:30,122,6793733566,"脱出ゲーム ひと夏の記憶"
20:30,123,6753738566,"HUNTER×HUNTER NEN×SURVIVOR"
20:30,124,1176027022,"トゥーンブラスト"
20:30,125,529996768,"Bingo Blitz™ - ビンゴゲーム"
20:30,126,6503284107,"オールインホール (All in Hole)"
20:30,127,6547858927,"Crossword Master – クロスワードパズル"
20:30,128,6782923681,"MiloDrop YaraTube"
20:30,129,6761523148,"Flower Forest - ワードパズル"
20:30,130,1573133915,"ルーレット - 迷った時の抽選・くじ引きアプリ（るーれっと）"
20:30,131,1193508329,"ナンプレ - 数字パズルゲーム"
20:30,132,6449243946,"スネーククラッシュ (Snake Clash)"
20:30,133,634329875,"オンクレはトレバ　ゲームセンター風なオンラインクレーンゲーム"
20:30,134,6760453970,"ダメ恋-闇カレコレクション"
20:30,135,6739246483,"ホール・エム・オール (Hole Em All)"
20:30,136,1173389241,"どうぶつタワーバトル - オンライン対戦ゲーム"
20:30,137,1597760047,"OneState RP・オンラインのオープンワールド"
20:30,138,6740618570,"XP Hero(ヒーロー)): まずは世界観をのぞいてみて"
20:30,139,1606356401,"ゼンレスゾーンゼロ - アニバーサリー"
20:30,140,6642698438,"ウッドパズル：Screw ネジ外すゲーム  - 人気 脳トレ"
20:30,141,6749558825,"Water Sort - 色分けパズル"
20:30,142,6599838025,"Tangled Rope: Solve Puzzles!"
20:30,143,1344700142,"UNO!™"
20:30,144,6747492600,"麻雀ブラスト (Mahjong Blast)"
20:30,145,1113270962,"みんなのオセロ【公式】オンライン対戦も遊べるオセロ対戦ゲーム"
20:30,146,6473767344,"キノコ伝説：勇者と魔法のランプ"
20:30,147,6476597728,"EDGE POKER (エッジポーカー)"
20:30,148,1597897013,"Water Sort Puzzle - ソートパズルゲーム"
20:30,149,6468921495,"ヴィータ麻雀(Vita Mahjong)"
20:30,150,6755585789,"チート勇者～インベントリ攻略ゲー～RPG"
20:30,151,6749132002,"落ちにゃん！(Drop the Cat)"
20:30,152,1601400687,"2人でできるゲーム - マルチプレイ 対戦ゲーム"
20:30,153,6754558455,"Marble Sort!"
20:30,154,6758662578,"Find The Cat 2 - Spot It!"
20:30,155,6759236733,"まいにちファーム"
20:30,156,6751222488,"Order Crazy:  飲み物ソートマッチ 色とりパズル"
20:30,157,6755577882,"コンビニ発展ものがたり"
20:30,158,6743368869,"Draft Showdown"
20:30,159,1276424024,"オンクレならタイクレ！オンラインクレーンゲーム(オンクレ)"
20:30,160,1088626624,"無料ゲーム-迷った時のルーレット ランチや罰ゲーム抽選"
20:30,161,1453989822,"アクアパーク.io"
20:30,162,6784602967,"Stack Smash - 3D Puzzle Game"
20:30,163,1458758886,"イラストチェイナー - 絵しりとりオンラインお絵描きアプリ"
20:30,164,6789756267,"Chameleon Hide Online"
20:30,165,1545088576,"777Real(777リアル) パチンコ･パチスロアプリ"
20:30,166,6760751569,"Goods Sort Match - Sorting Fun"
20:30,167,6744049261,"Block Color Mania, Puzzle Game"
20:30,168,6748930656,"ゼンレスゾーンゼロ・クラウド版 - アニバーサリー"
20:30,169,6469306922,"数学パズルゲーム — ナンバーマッチ, クロスワード"
20:30,170,6757154335,"Cube Land Puzzle Game"
20:30,171,6751056652,"Pixel Flow!"
20:30,172,967906866,"ユニメモ"
20:30,173,6466620626,"フルーツ飴の達人 - ドバイもち、パフェ、ASMR、モッパン"
20:30,174,940320341,"プロ野球スピリッツＡ"
20:30,175,6738349199,"Walk King - Race on Stairs"
20:30,176,1105855019,"ガーデンスケイプ (Gardenscapes)"
20:30,177,6748996000,"ねこ旅"
20:30,178,6670789598,"Brain Puzzle: Tricky Quest"
20:30,179,6740043080,"Screwdom : ボルトパズルゲーム"
20:30,180,1465731199,"2 Player Games : the Challenge"
20:30,181,6746435822,"バグハン！"
20:30,182,6761885987,"[7R]スマスロ 甲鉄城のカバネリ 海門（うなと）決戦"
20:30,183,6756307486,"Cube Tap Sort"
20:30,184,1556357398,"Pikmin Bloom"
20:30,185,1358232022,"ドラゴンボール レジェンズ"
20:30,186,6758326278,"Amaze GO! - 矢印 パズル"
20:30,187,1577970257,"Merge Hotel Empire－Design Game"
20:30,188,930574573,"スナイパー3Dシューティング戦ゲーム（Sniper 3D）"
20:30,189,1486214495,"ブレインテスト(Brain Test)：ひっかけパズル"
20:30,190,1521236603,"Travel Town - マージアドベンチャー"
20:30,191,6760325543,"ArrowCube - 3DPuzzle"
20:30,192,6752886832,"ホテル・ミステリア"
20:30,193,1003168863,"BLEACH Brave Souls アニメゲーム"
20:30,194,6739554561,"信長の野望 真戦"
20:30,195,6751788348,"Water Match®- ASMR Water Sort"
20:30,196,1322310031,"ONE PIECE バウンティラッシュ - アクションゲーム"
20:30,197,6451399876,"Delta Force"
20:30,198,6741186588,"Ragdoll Blade"
20:30,199,698255242,"Geometry Dash Lite"
20:30,200,6767745453,"アツアツ冒険伝"
21:30,1,6759763476,"Bus Traffic Fever!"
21:30,2,6761818626,"エンドレスフロンティア2 放置RPG ディフェンス"
21:30,3,6761760135,"Meowdoku!"
21:30,4,6756641135,"ホロライブドリームス"
21:30,5,6741567125,"モンスターサバイバル"
21:30,6,6754311241,"無職転生 〜異世界行ったら本気だす〜 【クロエコ】"
21:30,7,6771681142,"漢字分解パズル"
21:30,8,6748084174,"Smash Fest!"
21:30,9,6636546859,"スカイドラゴン　仲間と大空を翔けるRPG"
21:30,10,6755455500,"ハリウッドマージ"
21:30,11,6741503079,"Pokémon Champions"
21:30,12,6596745408,"ちいかわぽけっと"
21:30,13,6471045672,"グルメ・ジャーニー"
21:30,14,6776146068,"[777Real] A-SLOT+ 異世界かるてっと BT"
21:30,15,6752672568,"Block Out! - Color Sort Puzzle"
21:30,16,6759081967,"Jewel Coloring"
21:30,17,1117270703,"eFootball™"
21:30,18,6760994244,"テイペンサバイバー"
21:30,19,6443575749,"ホワイトアウト・サバイバル"
21:30,20,1617391485,"ブロックブラスト (Block Blast)"
21:30,21,6748397500,"Arrows – Puzzle Escape"
21:30,22,6499209744,"マジックソート (Magic Sort!)"
21:30,23,6760957454,"脱出ゲーム アムステルダム"
21:30,24,1032346221,"妖怪ウォッチ ぷにぷに"
21:30,25,6742122160,"TopTop(トップトップ): サクッと遊んで、パッと友達"
21:30,26,431946152,"Roblox (ロブロックス)"
21:30,27,1482155847,"ロイヤルマッチ（Royal Match)"
21:30,28,6639605332,"パラノイズ"
21:30,29,6739554056,"キングショット"
21:30,30,6753668357,"LINE：ブロックジャム"
21:30,31,1094591345,"Pokémon GO"
21:30,32,6756247422,"デジモンUP"
21:30,33,1529747588,"どこでもパーティーゲーム「どこパ」：ワードウルフオンライン"
21:30,34,1623318294,"ゴシップハーバー：マージ & ストーリー"
21:30,35,1606549505,"ロイヤルキングダム (Royal Kingdom)"
21:30,36,6483539426,"フォートナイト"
21:30,37,6769314786,"Food Hunt: Pixel Puzzle"
21:30,38,6758080238,"トリミン2！-トリッキーミーン2 いじわる脳トレパズルゲーム"
21:30,39,6751537447,"Snake Puzzle: Slither to Eat!"
21:30,40,724594093,"LINE：ディズニー ツムツム"
21:30,41,6756185760,"Search It - Hidden Objects"
21:30,42,6787983567,"価値ズレ！ - 価値観協力オンラインゲーム"
21:30,43,638689075,"タウンシップ (Township)"
21:30,44,1229016807,"ブロスタ"
21:30,45,6749251466,"クッキーラン：クランブル - 放置系RPG"
21:30,46,6749109552,"X-Clash: サバイバル"
21:30,47,6746465127,"セルサバイバー - シューティングゲーム"
21:30,48,6477413486,"Level Devil - NOT A Troll Game"
21:30,49,6737022506,"ねじねじパズル"
21:30,50,6505095234,"Car Jam - バスストップ ジャムゲーム"
21:30,51,6764201639,"にゃんこ銃士：放置育成RPG"
21:30,52,6479970832,"Pokémon TCG Pocket"
21:30,53,1443446174,"魔法のタイルズ 3™: 音ゲー ピアノタイル"
21:30,54,6742937695,"ペタペタペンギン団"
21:30,55,6780891673,"Royal Smash! - Physics Puzzle"
21:30,56,6747736697,"ドラゴンクエストスマッシュグロウ ドラクエローグライトRPG"
21:30,57,547145938,"にゃんこ大戦争"
21:30,58,6756994116,"イナズマイレブン クロス"
21:30,59,6747957875,"Family Go! - 結婚・子育て・世代継承"
21:30,60,6748950306,"ソリティア：パズルゲーム 脳トレ カードゲーム 暇つぶし連想"
21:30,61,6759997224,"巡回中！即タイホ！"
21:30,62,6787609279,"Hide in Art - かくれんぼ"
21:30,63,6788498566,"Gartic Phone"
21:30,64,6754370732,"耳だけ捜査線 - 暇つぶし論理パズルゲーム"
21:30,65,6767091927,"ジグソードロップ：ソリティアパズル"
21:30,66,6504332779,"Color Block Jam"
21:30,67,1517980891,"パズル&サバイバル"
21:30,68,6746328263,"Castle Busters"
21:30,69,6689516366,"バスゲーム：カーパーキング・バスゲーム"
21:30,70,6475757306,"Disney Solitaire ディズニー ソリティア"
21:30,71,6757832779,"3D Colorful Sort™ 魔法の水"
21:30,72,6744975195,"Sled Surfers - ファーズ - 坂冒険"
21:30,73,1312031248,"荒野行動-スマホ版バトロワ"
21:30,74,6779167923,"Colony Flow!"
21:30,75,6749300334,"ネジ3Dパズル：ピンを外すゲーム"
21:30,76,6448104157,"オフラインゲーム - 暇つぶし ゲーム - パズルゲーム"
21:30,77,1351168404,"Among Us!"
21:30,78,6503272652,"ラストZ：サバイバルシューティング"
21:30,79,6743385713,"毛糸クラッシュ - パーキングゲーム バスのゲーム"
21:30,80,1479198816,"トップウォー"
21:30,81,1389111413,"Hole.io"
21:30,82,1638139403,"ブロッククラッシュ (Block Crush)"
21:30,83,1569776448,"カラーソートボトルパズル色分けゲーム: Get Color"
21:30,84,6753862216,"フードスター（Foodstars）:マージ & クック"
21:30,85,6754098532,"ラッシュ：エクストリーム (RUSH: Xtreme)"
21:30,86,6745772198,"ダイトモ"
21:30,87,6755183085,"Yarn Loop: Knit Puzzle"
21:30,88,1469186379,"雀魂 -じゃんたま-"
21:30,89,6758745353,"家系図ミステリー - カジュアルロジックパズルゲーム"
21:30,90,6746743297,"Bus Fever-Car Jam Escape"
21:30,91,6762113903,"Aphelion Escape"
21:30,92,6503603603,"ミステリータウン：マージゲーム (Mystery Town)"
21:30,93,1044039663,"みんなで早押しクイズ"
21:30,94,6756482832,"Brain Puzzle 3: Crazy Mind"
21:30,95,6762342518,"Fluffy Drop"
21:30,96,1491074310,"Tetris® - テトリス (公式ゲーム)"
21:30,97,6762267809,"Arrow Pro 3D"
21:30,98,1489932710,"プロジェクトセカイ カラフルステージ！ feat. 初音ミク"
21:30,99,1423046460,"Paper.io 2"
21:30,100,1483602237,"いつどこでオンライン"
21:30,101,1550945606,"サッカースーパースター - サッカー"
21:30,102,6499306806,"グッズソーティング3D：マッチゲーム"
21:30,103,1579464667,"Pokémon Sleep"
21:30,104,6768208688,"勇者連盟：暁の遠征"
21:30,105,6754965520,"Rogue Legend - Roguelike RPG"
21:30,106,6755861844,"確認させてください"
21:30,107,6754262851,"増えうさぎ by クラシル"
21:30,108,658511662,"モンスターストライク"
21:30,109,6756288168,"Cookingo: Perfect Meal"
21:30,110,6794304616,"脱出ゲーム　夏祭りの神社からの脱出"
21:30,111,6738109752,"タイルズ・サバイバル"
21:30,112,1643509748,"マージクッキング テーマレストラン"
21:30,113,1562817072,"Mob Control"
21:30,114,1222278363,"ワードウルフ決定版【新・人狼ゲーム】ワード人狼アプリ"
21:30,115,6756989323,"ラストアサイラム：プレイグ"
21:30,116,6736896540,"ハローキティ：マイドリームストア"
21:30,117,6762239563,"意味怖ストーリー：バッドエンドを回避せよ！"
21:30,118,6478063606,"カラーブロック コンボブラスト"
21:30,119,6756665708,"Get Color Pack: Sort puzzle"
21:30,120,6755216191,"Color Maze - Puzzle Game"
21:30,121,6768243341,"継承なき冠：エンペラーズ・エンド"
21:30,122,6793733566,"脱出ゲーム ひと夏の記憶"
21:30,123,6753738566,"HUNTER×HUNTER NEN×SURVIVOR"
21:30,124,1176027022,"トゥーンブラスト"
21:30,125,529996768,"Bingo Blitz™ - ビンゴゲーム"
21:30,126,6503284107,"オールインホール (All in Hole)"
21:30,127,6547858927,"Crossword Master – クロスワードパズル"
21:30,128,6782923681,"MiloDrop YaraTube"
21:30,129,6761523148,"Flower Forest - ワードパズル"
21:30,130,1573133915,"ルーレット - 迷った時の抽選・くじ引きアプリ（るーれっと）"
21:30,131,1193508329,"ナンプレ - 数字パズルゲーム"
21:30,132,6449243946,"スネーククラッシュ (Snake Clash)"
21:30,133,634329875,"オンクレはトレバ　ゲームセンター風なオンラインクレーンゲーム"
21:30,134,6760453970,"ダメ恋-闇カレコレクション"
21:30,135,6739246483,"ホール・エム・オール (Hole Em All)"
21:30,136,1173389241,"どうぶつタワーバトル - オンライン対戦ゲーム"
21:30,137,1597760047,"OneState RP・オンラインのオープンワールド"
21:30,138,6740618570,"XP Hero(ヒーロー)): まずは世界観をのぞいてみて"
21:30,139,1606356401,"ゼンレスゾーンゼロ - アニバーサリー"
21:30,140,6642698438,"ウッドパズル：Screw ネジ外すゲーム  - 人気 脳トレ"
21:30,141,6749558825,"Water Sort - 色分けパズル"
21:30,142,6599838025,"Tangled Rope: Solve Puzzles!"
21:30,143,1344700142,"UNO!™"
21:30,144,6747492600,"麻雀ブラスト (Mahjong Blast)"
21:30,145,1113270962,"みんなのオセロ【公式】オンライン対戦も遊べるオセロ対戦ゲーム"
21:30,146,6473767344,"キノコ伝説：勇者と魔法のランプ"
21:30,147,6476597728,"EDGE POKER (エッジポーカー)"
21:30,148,1597897013,"Water Sort Puzzle - ソートパズルゲーム"
21:30,149,6468921495,"ヴィータ麻雀(Vita Mahjong)"
21:30,150,6755585789,"チート勇者～インベントリ攻略ゲー～RPG"
21:30,151,6749132002,"落ちにゃん！(Drop the Cat)"
21:30,152,1601400687,"2人でできるゲーム - マルチプレイ 対戦ゲーム"
21:30,153,6754558455,"Marble Sort!"
21:30,154,6758662578,"Find The Cat 2 - Spot It!"
21:30,155,6759236733,"まいにちファーム"
21:30,156,6751222488,"Order Crazy:  飲み物ソートマッチ 色とりパズル"
21:30,157,6755577882,"コンビニ発展ものがたり"
21:30,158,6743368869,"Draft Showdown"
21:30,159,1276424024,"オンクレならタイクレ！オンラインクレーンゲーム(オンクレ)"
21:30,160,1088626624,"無料ゲーム-迷った時のルーレット ランチや罰ゲーム抽選"
21:30,161,1453989822,"アクアパーク.io"
21:30,162,6784602967,"Stack Smash - 3D Puzzle Game"
21:30,163,1458758886,"イラストチェイナー - 絵しりとりオンラインお絵描きアプリ"
21:30,164,6789756267,"Chameleon Hide Online"
21:30,165,1545088576,"777Real(777リアル) パチンコ･パチスロアプリ"
21:30,166,6760751569,"Goods Sort Match - Sorting Fun"
21:30,167,6744049261,"Block Color Mania, Puzzle Game"
21:30,168,6748930656,"ゼンレスゾーンゼロ・クラウド版 - アニバーサリー"
21:30,169,6469306922,"数学パズルゲーム — ナンバーマッチ, クロスワード"
21:30,170,6757154335,"Cube Land Puzzle Game"
21:30,171,6751056652,"Pixel Flow!"
21:30,172,967906866,"ユニメモ"
21:30,173,6466620626,"フルーツ飴の達人 - ドバイもち、パフェ、ASMR、モッパン"
21:30,174,940320341,"プロ野球スピリッツＡ"
21:30,175,6738349199,"Walk King - Race on Stairs"
21:30,176,1105855019,"ガーデンスケイプ (Gardenscapes)"
21:30,177,6748996000,"ねこ旅"
21:30,178,6670789598,"Brain Puzzle: Tricky Quest"
21:30,179,6740043080,"Screwdom : ボルトパズルゲーム"
21:30,180,1465731199,"2 Player Games : the Challenge"
21:30,181,6746435822,"バグハン！"
21:30,182,6761885987,"[7R]スマスロ 甲鉄城のカバネリ 海門（うなと）決戦"
21:30,183,6756307486,"Cube Tap Sort"
21:30,184,1556357398,"Pikmin Bloom"
21:30,185,1358232022,"ドラゴンボール レジェンズ"
21:30,186,6758326278,"Amaze GO! - 矢印 パズル"
21:30,187,1577970257,"Merge Hotel Empire－Design Game"
21:30,188,930574573,"スナイパー3Dシューティング戦ゲーム（Sniper 3D）"
21:30,189,1486214495,"ブレインテスト(Brain Test)：ひっかけパズル"
21:30,190,1521236603,"Travel Town - マージアドベンチャー"
21:30,191,6760325543,"ArrowCube - 3DPuzzle"
21:30,192,6752886832,"ホテル・ミステリア"
21:30,193,1003168863,"BLEACH Brave Souls アニメゲーム"
21:30,194,6739554561,"信長の野望 真戦"
21:30,195,6751788348,"Water Match®- ASMR Water Sort"
21:30,196,1322310031,"ONE PIECE バウンティラッシュ - アクションゲーム"
21:30,197,6451399876,"Delta Force"
21:30,198,6741186588,"Ragdoll Blade"
21:30,199,698255242,"Geometry Dash Lite"
21:30,200,6767745453,"アツアツ冒険伝"
23:00,1,6759763476,"Bus Traffic Fever!"
23:00,2,6761818626,"エンドレスフロンティア2 放置RPG ディフェンス"
23:00,3,6761760135,"Meowdoku!"
23:00,4,6756641135,"ホロライブドリームス"
23:00,5,6741567125,"モンスターサバイバル"
23:00,6,6754311241,"無職転生 〜異世界行ったら本気だす〜 【クロエコ】"
23:00,7,6748084174,"Smash Fest!"
23:00,8,6771681142,"漢字分解パズル"
23:00,9,6636546859,"スカイドラゴン　仲間と大空を翔けるRPG"
23:00,10,6741503079,"Pokémon Champions"
23:00,11,6596745408,"ちいかわぽけっと"
23:00,12,6755455500,"ハリウッドマージ"
23:00,13,6471045672,"グルメ・ジャーニー"
23:00,14,6776146068,"[777Real] A-SLOT+ 異世界かるてっと BT"
23:00,15,1117270703,"eFootball™"
23:00,16,6752672568,"Block Out! - Color Sort Puzzle"
23:00,17,6759081967,"Jewel Coloring"
23:00,18,6443575749,"ホワイトアウト・サバイバル"
23:00,19,1617391485,"ブロックブラスト (Block Blast)"
23:00,20,6760994244,"テイペンサバイバー"
23:00,21,1032346221,"妖怪ウォッチ ぷにぷに"
23:00,22,6748397500,"Arrows – Puzzle Escape"
23:00,23,6499209744,"マジックソート (Magic Sort!)"
23:00,24,6742122160,"TopTop(トップトップ): サクッと遊んで、パッと友達"
23:00,25,431946152,"Roblox (ロブロックス)"
23:00,26,1482155847,"ロイヤルマッチ（Royal Match)"
23:00,27,6639605332,"パラノイズ"
23:00,28,6739554056,"キングショット"
23:00,29,6753668357,"LINE：ブロックジャム"
23:00,30,6756247422,"デジモンUP"
23:00,31,1529747588,"どこでもパーティーゲーム「どこパ」：ワードウルフオンライン"
23:00,32,1094591345,"Pokémon GO"
23:00,33,6483539426,"フォートナイト"
23:00,34,1623318294,"ゴシップハーバー：マージ & ストーリー"
23:00,35,724594093,"LINE：ディズニー ツムツム"
23:00,36,1606549505,"ロイヤルキングダム (Royal Kingdom)"
23:00,37,6769314786,"Food Hunt: Pixel Puzzle"
23:00,38,1229016807,"ブロスタ"
23:00,39,6751537447,"Snake Puzzle: Slither to Eat!"
23:00,40,6756185760,"Search It - Hidden Objects"
23:00,41,6758080238,"トリミン2！-トリッキーミーン2 いじわる脳トレパズルゲーム"
23:00,42,6787983567,"価値ズレ！ - 価値観協力オンラインゲーム"
23:00,43,638689075,"タウンシップ (Township)"
23:00,44,6749251466,"クッキーラン：クランブル - 放置系RPG"
23:00,45,6477413486,"Level Devil - NOT A Troll Game"
23:00,46,6749109552,"X-Clash: サバイバル"
23:00,47,6746465127,"セルサバイバー - シューティングゲーム"
23:00,48,6479970832,"Pokémon TCG Pocket"
23:00,49,6737022506,"ねじねじパズル"
23:00,50,1443446174,"魔法のタイルズ 3™: 音ゲー ピアノタイル"
23:00,51,6505095234,"Car Jam - バスストップ ジャムゲーム"
23:00,52,6780891673,"Royal Smash! - Physics Puzzle"
23:00,53,6742937695,"ペタペタペンギン団"
23:00,54,6747736697,"ドラゴンクエストスマッシュグロウ ドラクエローグライトRPG"
23:00,55,6764201639,"にゃんこ銃士：放置育成RPG"
23:00,56,547145938,"にゃんこ大戦争"
23:00,57,6748950306,"ソリティア：パズルゲーム 脳トレ カードゲーム 暇つぶし連想"
23:00,58,6756994116,"イナズマイレブン クロス"
23:00,59,6747957875,"Family Go! - 結婚・子育て・世代継承"
23:00,60,6787609279,"Hide in Art - かくれんぼ"
23:00,61,6788498566,"Gartic Phone"
23:00,62,6767091927,"ジグソードロップ：ソリティアパズル"
23:00,63,1517980891,"パズル&サバイバル"
23:00,64,6759997224,"巡回中！即タイホ！"
23:00,65,6475757306,"Disney Solitaire ディズニー ソリティア"
23:00,66,6754370732,"耳だけ捜査線 - 暇つぶし論理パズルゲーム"
23:00,67,6689516366,"バスゲーム：カーパーキング・バスゲーム"
23:00,68,6746328263,"Castle Busters"
23:00,69,6504332779,"Color Block Jam"
23:00,70,6744975195,"Sled Surfers - ファーズ - 坂冒険"
23:00,71,1312031248,"荒野行動-スマホ版バトロワ"
23:00,72,6757832779,"3D Colorful Sort™ 魔法の水"
23:00,73,1569776448,"カラーソートボトルパズル色分けゲーム: Get Color"
23:00,74,1351168404,"Among Us!"
23:00,75,6779167923,"Colony Flow!"
23:00,76,6448104157,"オフラインゲーム - 暇つぶし ゲーム - パズルゲーム"
23:00,77,6749300334,"ネジ3Dパズル：ピンを外すゲーム"
23:00,78,1638139403,"ブロッククラッシュ (Block Crush)"
23:00,79,6754098532,"ラッシュ：エクストリーム (RUSH: Xtreme)"
23:00,80,6503272652,"ラストZ：サバイバルシューティング"
23:00,81,6743385713,"毛糸クラッシュ - パーキングゲーム バスのゲーム"
23:00,82,1469186379,"雀魂 -じゃんたま-"
23:00,83,1479198816,"トップウォー"
23:00,84,1389111413,"Hole.io"
23:00,85,6753862216,"フードスター（Foodstars）:マージ & クック"
23:00,86,6755183085,"Yarn Loop: Knit Puzzle"
23:00,87,1044039663,"みんなで早押しクイズ"
23:00,88,6503603603,"ミステリータウン：マージゲーム (Mystery Town)"
23:00,89,6745772198,"ダイトモ"
23:00,90,1489932710,"プロジェクトセカイ カラフルステージ！ feat. 初音ミク"
23:00,91,6758745353,"家系図ミステリー - カジュアルロジックパズルゲーム"
23:00,92,6499306806,"グッズソーティング3D：マッチゲーム"
23:00,93,1222278363,"ワードウルフ決定版【新・人狼ゲーム】ワード人狼アプリ"
23:00,94,6762113903,"Aphelion Escape"
23:00,95,658511662,"モンスターストライク"
23:00,96,1491074310,"Tetris® - テトリス (公式ゲーム)"
23:00,97,1550945606,"サッカースーパースター - サッカー"
23:00,98,6762267809,"Arrow Pro 3D"
23:00,99,1423046460,"Paper.io 2"
23:00,100,1579464667,"Pokémon Sleep"
23:00,101,6768208688,"勇者連盟：暁の遠征"
23:00,102,6762342518,"Fluffy Drop"
23:00,103,6756482832,"Brain Puzzle 3: Crazy Mind"
23:00,104,6746743297,"Bus Fever-Car Jam Escape"
23:00,105,6756288168,"Cookingo: Perfect Meal"
23:00,106,1643509748,"マージクッキング テーマレストラン"
23:00,107,6754262851,"増えうさぎ by クラシル"
23:00,108,6738109752,"タイルズ・サバイバル"
23:00,109,6754965520,"Rogue Legend - Roguelike RPG"
23:00,110,6736896540,"ハローキティ：マイドリームストア"
23:00,111,6756989323,"ラストアサイラム：プレイグ"
23:00,112,6478063606,"カラーブロック コンボブラスト"
23:00,113,6755861844,"確認させてください"
23:00,114,6753738566,"HUNTER×HUNTER NEN×SURVIVOR"
23:00,115,1483602237,"いつどこでオンライン"
23:00,116,1573133915,"ルーレット - 迷った時の抽選・くじ引きアプリ（るーれっと）"
23:00,117,529996768,"Bingo Blitz™ - ビンゴゲーム"
23:00,118,6755216191,"Color Maze - Puzzle Game"
23:00,119,1562817072,"Mob Control"
23:00,120,6794304616,"脱出ゲーム　夏祭りの神社からの脱出"
23:00,121,1193508329,"ナンプレ - 数字パズルゲーム"
23:00,122,6547858927,"Crossword Master – クロスワードパズル"
23:00,123,6762239563,"意味怖ストーリー：バッドエンドを回避せよ！"
23:00,124,6793733566,"脱出ゲーム ひと夏の記憶"
23:00,125,1176027022,"トゥーンブラスト"
23:00,126,1173389241,"どうぶつタワーバトル - オンライン対戦ゲーム"
23:00,127,6768243341,"継承なき冠：エンペラーズ・エンド"
23:00,128,6503284107,"オールインホール (All in Hole)"
23:00,129,6782923681,"MiloDrop YaraTube"
23:00,130,6740618570,"XP Hero(ヒーロー)): まずは世界観をのぞいてみて"
23:00,131,6449243946,"スネーククラッシュ (Snake Clash)"
23:00,132,6739246483,"ホール・エム・オール (Hole Em All)"
23:00,133,6761523148,"Flower Forest - ワードパズル"
23:00,134,1606356401,"ゼンレスゾーンゼロ - アニバーサリー"
23:00,135,6642698438,"ウッドパズル：Screw ネジ外すゲーム  - 人気 脳トレ"
23:00,136,6756665708,"Get Color Pack: Sort puzzle"
23:00,137,634329875,"オンクレはトレバ　ゲームセンター風なオンラインクレーンゲーム"
23:00,138,1597760047,"OneState RP・オンラインのオープンワールド"
23:00,139,6760453970,"ダメ恋-闇カレコレクション"
23:00,140,1113270962,"みんなのオセロ【公式】オンライン対戦も遊べるオセロ対戦ゲーム"
23:00,141,1088626624,"無料ゲーム-迷った時のルーレット ランチや罰ゲーム抽選"
23:00,142,6747492600,"麻雀ブラスト (Mahjong Blast)"
23:00,143,1344700142,"UNO!™"
23:00,144,6749558825,"Water Sort - 色分けパズル"
23:00,145,1601400687,"2人でできるゲーム - マルチプレイ 対戦ゲーム"
23:00,146,6599838025,"Tangled Rope: Solve Puzzles!"
23:00,147,6476597728,"EDGE POKER (エッジポーカー)"
23:00,148,1597897013,"Water Sort Puzzle - ソートパズルゲーム"
23:00,149,6468921495,"ヴィータ麻雀(Vita Mahjong)"
23:00,150,6473767344,"キノコ伝説：勇者と魔法のランプ"
23:00,151,6469306922,"数学パズルゲーム — ナンバーマッチ, クロスワード"
23:00,152,6749132002,"落ちにゃん！(Drop the Cat)"
23:00,153,6755585789,"チート勇者～インベントリ攻略ゲー～RPG"
23:00,154,1276424024,"オンクレならタイクレ！オンラインクレーンゲーム(オンクレ)"
23:00,155,6760751569,"Goods Sort Match - Sorting Fun"
23:00,156,1458758886,"イラストチェイナー - 絵しりとりオンラインお絵描きアプリ"
23:00,157,6754558455,"Marble Sort!"
23:00,158,6789756267,"Chameleon Hide Online"
23:00,159,6758662578,"Find The Cat 2 - Spot It!"
23:00,160,6784602967,"Stack Smash - 3D Puzzle Game"
23:00,161,6751222488,"Order Crazy:  飲み物ソートマッチ 色とりパズル"
23:00,162,1545088576,"777Real(777リアル) パチンコ･パチスロアプリ"
23:00,163,6743368869,"Draft Showdown"
23:00,164,6755577882,"コンビニ発展ものがたり"
23:00,165,940320341,"プロ野球スピリッツＡ"
23:00,166,1453989822,"アクアパーク.io"
23:00,167,1465731199,"2 Player Games : the Challenge"
23:00,168,6759236733,"まいにちファーム"
23:00,169,6466620626,"フルーツ飴の達人 - ドバイもち、パフェ、ASMR、モッパン"
23:00,170,6751056652,"Pixel Flow!"
23:00,171,6748930656,"ゼンレスゾーンゼロ・クラウド版 - アニバーサリー"
23:00,172,6744049261,"Block Color Mania, Puzzle Game"
23:00,173,1556357398,"Pikmin Bloom"
23:00,174,1105855019,"ガーデンスケイプ (Gardenscapes)"
23:00,175,1486214495,"ブレインテスト(Brain Test)：ひっかけパズル"
23:00,176,6740043080,"Screwdom : ボルトパズルゲーム"
23:00,177,6761885987,"[7R]スマスロ 甲鉄城のカバネリ 海門（うなと）決戦"
23:00,178,6757154335,"Cube Land Puzzle Game"
23:00,179,1358232022,"ドラゴンボール レジェンズ"
23:00,180,930574573,"スナイパー3Dシューティング戦ゲーム（Sniper 3D）"
23:00,181,1003168863,"BLEACH Brave Souls アニメゲーム"
23:00,182,6738349199,"Walk King - Race on Stairs"
23:00,183,1577970257,"Merge Hotel Empire－Design Game"
23:00,184,1554440792,"Hit＆Blowオンライン（ヒットアンドブロー）"
23:00,185,6741186588,"Ragdoll Blade"
23:00,186,1521236603,"Travel Town - マージアドベンチャー"
23:00,187,967906866,"ユニメモ"
23:00,188,6670789598,"Brain Puzzle: Tricky Quest"
23:00,189,6760325543,"ArrowCube - 3DPuzzle"
23:00,190,6758326278,"Amaze GO! - 矢印 パズル"
23:00,191,6451399876,"Delta Force"
23:00,192,6739554561,"信長の野望 真戦"
23:00,193,6751788348,"Water Match®- ASMR Water Sort"
23:00,194,698255242,"Geometry Dash Lite"
23:00,195,6748996000,"ねこ旅"
23:00,196,1322310031,"ONE PIECE バウンティラッシュ - アクションゲーム"
23:00,197,6767745453,"アツアツ冒険伝"
23:00,198,6749558327,"Water Jam：3Dカラー分類ゲーム"
23:00,199,6746435822,"バグハン！"
23:00,200,1621929351,"単語サバイバル -暇つぶし脳トレ言葉ゲーム-"
