time,rank,id,title
01:30,1,game.qualiarts.hololive.dreams.jp,"ホロライブドリームス"
01:30,2,jp.co.goodroid.hyper.busflow,"Bus Traffic Fever!　"
01:30,3,jp.gree_ent.mushoku,"無職転生〜異世界行ったら本気だす〜クロニクル・オブ・エコーズ"
01:30,4,com.oakever.meowdoku,"Meowdoku"
01:30,5,com.cyphergames.royalsmash,"Royal Smash! - Physics Puzzle"
01:30,6,jp.sammynet.next.ort.a0221,"[777Real] A-SLOT+ 異世界かるてっと BT"
01:30,7,com.grandgames.magicsort,"マジックソート！ (Magic Sort !)"
01:30,8,com.mergegames.gossipharbor,"ゴシップハーバー：マージ & ストーリー"
01:30,9,com.mobirix.ldwm,"スイカ作り2048"
01:30,10,jp.konami.pesam,"eFootball™"
01:30,11,com.block.juggle,"ブロックブラスト (Block Blast)"
01:30,12,com.ecffri.arrows,"アローズ – パズルエスケープ (Arrows)"
01:30,13,com.unept.leveldevil,"Level Devil - NOT A Troll Game"
01:30,14,com.roblox.client,"Roblox (ロブロックス)"
01:30,15,com.hollywood.merge,"ハリウッドマージ"
01:30,16,color.number.paint.pixle.art.sort.jigsaw,"Jewel Coloring"
01:30,17,sorting.games.goods.sort.triple.match3d.puzzle.stuff,"商品整理ゲーム：3Dパズル"
01:30,18,com.puzzlegames.puzzlebrickslegend,"カラーブロック：爽快パズル(ColorBlock)"
01:30,19,com.kayac.slow_mo_strike,"Slow Mo Strike: ナイフ投げアクション"
01:30,20,com.run.tower.defense,"キングショット"
01:30,21,com.fatmerge.global,"グルメ・ジャーニー"
01:30,22,com.playrix.township,"タウンシップ (Township)"
01:30,23,com.nianticlabs.pokemongo,"Pokémon GO"
01:30,24,com.brain.crazy.joygame,"Brain Puzzle 3: Crazy Mind"
01:30,25,jp.pokemon.pokemonchampions,"Pokémon Champions"
01:30,26,com.bandainamcoent.dgup_jp,"デジモンUP"
01:30,27,jp.co.applibot.chiikawapocket,"ちいかわぽけっと"
01:30,28,com.dreamgames.royalkingdom,"ロイヤルキングダム (Royal Kingdom)"
01:30,29,com.oakever.arrows,"Amaze GO! - 矢印 パズル"
01:30,30,tokyo.chickenskin.imikowa,"意味怖ストーリー：バッドエンドを回避せよ！"
01:30,31,com.onyxhook.nekotabi,"ねこ旅 – 放置×収集×ポイ活アプリ"
01:30,32,com.gof.global,"ホワイトアウト・サバイバル"
01:30,33,com.linecorp.LGSBJ22,"LINE：ブロックジャム"
01:30,34,bus.games.car.out.traffic.parking.jam.escape.puzzle,"バスゲーム・駐車場パズル：Bus Madness"
01:30,35,bus.loop.traffic.jam.fever.bus.puzzle,"Bus Loop:Jam Master"
01:30,36,com.supercell.brawlstars,"ブロスタ"
01:30,37,com.vitastudio.mahjong,"ヴィータ麻雀(Vita Mahjong)"
01:30,38,jp.co.ponos.battlecats,"にゃんこ大戦争"
01:30,39,air.jp.globalgear.kechi,"ドケチボーイ -脱出ゲーム"
01:30,40,com.sled.surfers.game,"Sled Surfers - ズ - 坂冒険"
01:30,41,com.pocket.sort.coin.puzzle.game,"ポケットソート (Pocket Sort)：コインパズル"
01:30,42,com.fty.trickmean2game,"トリミン2！-トリッキーミーン2 いじわる脳トレパズルゲーム"
01:30,43,com.leap.searchit,"Search It – 隠しアイテム探し"
01:30,44,pics.karaage.sokutaiho,"巡回中！即タイホ！"
01:30,45,com.furrjam.traffic.jamgame,"FurrJam:Hop In!"
01:30,46,com.yzlm.jp.and,"勇者連盟：暁の遠征"
01:30,47,com.soccer.score.star,"サッカースーパースター(Soccer Superstar)"
01:30,48,com.youmusic.magictiles,"魔法のタイルズ3 - ピアノ曲 & ゲーム"
01:30,49,water.sort.color.puzzle.offline.games,"Water Sort! カラーロジック"
01:30,50,block.color.game.jam.blocks.sort.puzzle.games.slide.free,"ブロックカラー・マニア"
01:30,51,com.bunbunstudio.magicblocktiles,"ぴあのたいる7: 音ゲー . リズムゲーム"
01:30,52,com.vigafun.funfinity.foodhunt,"Food Hunt: Pixel Puzzle"
01:30,53,com.nebula.mahjongtile,"麻雀ブラスト (Mahjong Blast)"
01:30,54,com.tgc.sky.android,"Sky 星を紡ぐ子どもたち"
01:30,55,com.epicgames.fortnite,"フォートナイト"
01:30,56,com.fluffydrop.op.gp,"Fluffy Drop"
01:30,57,jp.pokemon.pokemontcgp,"Pokémon TCG Pocket"
01:30,58,com.nutsbolts.zgsn,"Romantic Nuts & Bolts Sorting"
01:30,59,com.zigzagame.paranoize,"パラノイズ"
01:30,60,com.nebula.tiles,"タップタイル (Tap Tile)"
01:30,61,com.find.spot.photo.hunt.differences.free.hidden,"間違い探し：違いを探す楽しいパズルゲーム"
01:30,62,com.tripledot.blockssmashgame,"Stack Smash - Block 3D Puzzle"
01:30,63,com.wood.bolt.wordle.screw.nuts.puzzle,"ネジパズル: 脳トレ ウッド パズル - 人気 ネジ ゲーム"
01:30,64,com.dreamgames.royalmatch,"ロイヤルマッチ Royal Match"
01:30,65,com.gartic.garticphone,"Gartic Phone"
01:30,66,com.ocean.block.shoot,"Ocean Block Shoot"
01:30,67,com.funplus.ts.global,"タイルズ・サバイバル"
01:30,68,com.carnival.blast.smash3d,"Carnival Blast!"
01:30,69,com.axmeksl.oelasjkq,"鬼討ち剣士：日の呼吸"
01:30,70,com.agavegames.findthecat2,"Find The Cat 2 - Spot It!"
01:30,71,wool.match.color.sort.jam.puzzle,"毛糸クラッシュ"
01:30,72,com.whoyaho.tanghulu,"フルーツ飴の達人 - ドバイもち、パフェ、ASMR、モッパン"
01:30,73,com.merge.game.foodstars,"フードスター:マージ & クック"
01:30,74,com.square_enix.android_googleplay.dqsgj,"ドラゴンクエストスマッシュグロウ ドラクエローグライトRPG"
01:30,75,com.topwar.gp,"トップウォー"
01:30,76,hidden.object.find.seek.search.mystery.puzzle.games.free,"隠しオブジェクトゲーム：探してみよう"
01:30,77,jp.co.drecom.wizardry.daphne,"Wizardry Variants Daphne"
01:30,78,com.pixel.art.coloring.color.number,"Happy Color® – 数字で塗り絵と色ぬりえ"
01:30,79,io.supercent.linkedcubic,"スネーククラッシュ (Snake Clash)"
01:30,80,jigsaw.solitaire.match.games.free,"ジグソードロップ：ソリティアパズル"
01:30,81,com.easybrain.sudoku.android,"ナンプレ - ロジックパズルゲーム"
01:30,82,com.media720.games2020,"オフラインゲーム 暇つぶし 楽しい ミニパズルボード"
01:30,83,com.sega.pjsekai,"プロジェクトセカイ カラフルステージ！ feat. 初音ミク"
01:30,84,com.mobcast.okp,"キングダム 乱 -天下統一への道- 究極の本格戦略ゲーム"
01:30,85,com.nexters.herowars,"ヒーローウォーズ：アライアンス — 放置系ロールプレイング"
01:30,86,jigsolitaire.jigsort.jigsaw.solitaire.puzzle,"ジグソートパズル：ソリティアの楽しさを楽しもう"
01:30,87,com.linecorp.LGTMTM,"LINE：ディズニー ツムツム"
01:30,88,com.merge.cooking.theme.restaurant.food,"マージクッキング テーマレストラン"
01:30,89,com.chirpysort.game.android,"Chirpy Sort: Bird Color Puzzle"
01:30,90,com.QdanApp.QdanGames,"どこでもパーティーゲーム「どこパ」（ワードウルフオンライン）"
01:30,91,com.gtsy.annoying.punch.game,"Annoying Uncle - パンチゲーム"
01:30,92,com.wood.block.sudoku.puzzle.bm,"Block Crush: ブロックブラストパズル"
01:30,93,com.easybrain.brick.balls.blast,"Brick Blast - ブロック崩し"
01:30,94,com.hmbl.perfect.makeover.cleaning.asmr,"Perfect Makeover Cleaning ASMR"
01:30,95,com.global.ztmslg,"パズル&サバイバル"
01:30,96,com.hypervation.goodssort,"Goods Sort Match - パズル"
01:30,97,find.difference.spot.differences.hidden.puzzle.games.free,"間違い探し - 見つけてスポット"
01:30,98,com.eurekastudio.mapfit,"Map Fit（マップフィット）-究極の地図パズル-"
01:30,99,com.innersloth.spacemafia,"Among Us"
01:30,100,daily.number.match.free.puzzle,"デイリーナンバーマッチ"
01:30,101,com.HoYoverse.Nap,"ゼンレスゾーンゼロ - アニバーサリー"
01:30,102,easy.sudoku.puzzle.solver.free,"ナンプレ - 大人気アプリ"
01:30,103,net.peakgames.toonblast,"トゥーンブラスト (Toon Blast)"
01:30,104,com.brain.logic.joygame,"Brain Puzzle 2: Logic Twist"
01:30,105,io.voodoo.paper2,"Paper.io 2"
01:30,106,water.sort.puzzle.game.color.sorting.free,"水選別パズルゲーム - 楽しい色分けパズルゲーム"
01:30,107,com.combo.knockout,"Knock Out"
01:30,108,com.xman.jp.gp,"X-Clash"
01:30,109,com.rotatelab.cubeblast,"Cube Land Puzzle Game"
01:30,110,com.magic.relaxing.water.sort.colorgame.puzzle,"3D Colorful Sort™ 魔法の水"
01:30,111,com.cliffs.pro.cell.building.crazy.clever.craft,"Block Crazy Robo World Craft"
01:30,112,com.readygo.barrel.gp,"ラストZ：サバイバルシューティング"
01:30,113,com.rush.xtreme.sports,"ラッシュ：エクストリーム (RUSH: Xtreme)"
01:30,114,com.bravestars.savethedog.drawgame,"Save The Pets"
01:30,115,com.robtopx.geometryjumplite,"Geometry Dash Lite"
01:30,116,com.cedargames.mysterytown,"ミステリータウン：マージゲーム (Mystery Town)"
01:30,117,jp.co.sega.am2.MJMobile,"セガNET麻雀 MJ"
01:30,118,jp.gungho.pad,"パズル＆ドラゴンズ"
01:30,119,jp.pokemon.pokemonsleep,"Pokémon Sleep"
01:30,120,com.igg.android.doomsdaylastsurvivors,"ドゥームズデイ：オデュッセウスの帰還"
01:30,121,jp.co.mixi.monsterstrike,"モンスターストライク"
01:30,122,com.shogunstudios.poikatsuhakkosusumukun,"ポイ活 発酵！ススムくん：放置ゲームで簡単ポイント稼ぎ"
01:30,123,io.voodoo.holeio,"ホール.io"
01:30,124,com.vincentb.MobControl,"Mob Control"
01:30,125,com.phs.global,"ラストアサイラム：プレイグ"
01:30,126,com.gamovation.tileclub,"タイルクラブ - マッチングゲーム"
01:30,127,com.unicostudio.braintest,"ブレインテスト(Brain Test)：ひっかけパズル"
01:30,128,ball.sort.puzzle.color.sorting.bubble.games,"ボール選別 - 脳を鍛える色分けパズル ゲーム"
01:30,129,com.ew.mahjong,"楽しい麻雀マッチ"
01:30,130,com.kwalee.drawit,"ドロー・イット"
01:30,131,com.football.soccer.league,"サッカーリーグ2026"
01:30,132,com.ig.screwdom,"Screwdom 3D"
01:30,133,com.mahjong.master.solitaire.match.puzzle,"麻雀マスター：デイリーマッチ"
01:30,134,com.Chodun.CatGunner,"にゃんこ銃士：放置育成RPG"
01:30,135,com.studiobside.starMain,"スターセイヴァー"
01:30,136,gridplus.busjam.carpuzzle,"Bus Fever-Car Jam Escape"
01:30,137,com.fliqs.chameleon.hunt.hide.seek,"Chameleon Hunt: Hide & Seek"
01:30,138,com.JindoBlu.OfflineGames,"オフラインゲーム - 暇つぶし ゲーム - パズルゲーム"
01:30,139,com.lighthouse.freeplay.jp,"終焉のヒカリ"
01:30,140,com.FortuneMine.CarnivalKnockdown,"Carnival Knockdown"
01:30,141,jp.konami.prospia,"プロ野球スピリッツA"
01:30,142,com.fungames.blockcraft,"ブロッククラフト3D (Block Craft)：建設ゲーム"
01:30,143,com.ultimatelavashgames.rollthehole,"たべるジェリーホール - Jelly Hole"
01:30,144,solitaire.word.association.connections.puzzle,"ソリティアワード: Solitaire Connection"
01:30,145,com.ea.gp.fifamobile,"EA SPORTS FC™ サッカー Mobile 2026"
01:30,146,com.h8games.littlefarmstory,"リトルファームストーリー"
01:30,147,beats.color.sing.star.rush,"魔法ピアノタイル9 : ピアノゲーム、おんがくげーむ、音ゲー"
01:30,148,com.HoYoverse.cloudgames.Nap,"ゼンレスゾーンゼロ・クラウド版 - アニバーサリー"
01:30,149,com.rescue.agent,"ヘリコプター・エスケープ"
01:30,150,water.sort.master.colors.games,"Water Sort: Master Colors"
01:30,151,com.fiveminlab.overgeared.hero.backpack.merge,"チート勇者～インベントリ攻略ゲー～RPG"
01:30,152,com.car.parking.bus.mania.traffic.jam,"Bus Jam：駐車場ゲーム パーキングジャム"
01:30,153,tokyo.chickenskin.yokai,"妖怪カノジョ：妖怪はキミに恋をする"
01:30,154,com.easybrain.brainy.joygame,"Puzzle Time: Brainy Challenge"
01:30,155,com.square_enix.android_googleplay.dqwalkj,"ドラゴンクエストウォーク"
01:30,156,com.HoYoverse.hkrpgoversea,"崩壊：スターレイル"
01:30,157,com.kite.kittypick,"Kitty Pick"
01:30,158,com.kite.knockfever,"Knock Fever"
01:30,159,com.crossfield.mahjong,"麻雀 闘龍 - 初心者から楽しめる麻雀ゲーム"
01:30,160,com.fun.brain.game,"ブレパズ！Brain Puzzle ひっかけパズル"
01:30,161,com.tfgco.apps.coloring.free.color.by.number,"番号でぬりえ: ピクセル着色ゲーム"
01:30,162,com.actgames.HelloKittyMDS,"ハローキティ：マイドリームストア"
01:30,163,defense.roguelike.cell.shoot.survivor,"セルサバイバー"
01:30,164,com.kiwifun.game.android.screw.master,"ネジ3Dパズル：ピンを外すゲーム"
01:30,165,com.loop.clear.cube.free.card.puzzle.sort.match,"ループマスター（Loop Master）"
01:30,166,jp.co.level5.inazumacross,"イナズマイレブン クロス"
01:30,167,com.mobsmile.coincollector,"Coin Collector"
01:30,168,loppipoppi.numbermatch,"Number Clash - Math Game"
01:30,169,diamond.pixel.art.jewel.color.flow.sort.puzzle,"ジュエルカラーソート：ダイヤゲーム"
01:30,170,com.mxdzz.jp.and,"キノコ伝説：勇者と魔法のランプ"
01:30,171,com.arrow.madness.games.arrows.escape.puzzle.game,"Maze Madness - 脳トレパズル"
01:30,172,io.supercent.pizzaidle,"ピザレディー (Pizza Ready)"
01:30,173,com.qookkagames.xczyw.gp.jp,"信長の野望 真戦"
01:30,174,com.flower.forest.word.puzzle,"Flower Forest - ワードパズル"
01:30,175,com.moonactive.holestars,"Hole Stars: パズルゲーム"
01:30,176,com.mini.football.filter.games,"Mini Soccer: Football Cup 2026"
01:30,177,com.bandainamcoent.dblegends_jp,"ドラゴンボール レジェンズ"
01:30,178,com.sega.Kotodaman,"コトダマン ‐ 共闘ことばRPG"
01:30,179,screw.puzzle.match3.brain.puzz,"ネジマッチ: Screw Sort 3D ネジパズル ボルト"
01:30,180,com.king.candycrushsaga,"キャンディークラッシュ (Candy Crush Saga)"
01:30,181,com.oakever.jigsawcard,"Jigsawcard Solitaire Puzzle"
01:30,182,com.game.friends.jp,"TopTop(トップトップ) - 友達と一緒に遊ぼう"
01:30,183,com.gamovation.sudoku,"数独 - 毎日ナンプレを解いて気軽に頭の体操"
01:30,184,com.abi.busjam.sortpuzzle,"バスゲーム：カーパーキング・バスゲーム"
01:30,185,com.oakever.tiletrip,"Tile Explorer - トリプルマッチ"
01:30,186,com.YoStarJP.MajSoul,"雀魂‐じゃんたま‐"
01:30,187,com.zjxscjp.google,"ドット伝説～魔王になる異世界放置RPG～"
01:30,188,com.playrix.gardenscapes,"ガーデンスケイプ(Gardenscapes)"
01:30,189,com.ares.twd,"The Walking Dead: Aftermath"
01:30,190,jp.co.sonicpowered.battle.unlimited.cxw,"クローズ×WORST UNLIMITED(アンリミ)"
01:30,191,com.mhcljp.xpvsfd,"今生は恋より茶に生きる"
01:30,192,com.whoyaho.pendeco,"デコの達人 - カスタムボールペンASMR"
01:30,193,com.warrior.screw.gp,"ねじねじパズル"
01:30,194,com.eagle_developers.shukapig,"出荷ぶた-養豚場育成ゲーム！ポイ活可能の放置で癒しの牧場経営"
01:30,195,com.nintendo.zaba,"ファイアーエムブレム  ヒーローズ"
01:30,196,com.cbewjp.arrow.beauty.awaits,"Arrow Away - Beauty Awaits"
01:30,197,com.goods.sorting.games.triple.match3d.puzzle,"商品整理ゲーム：3Dパズル"
01:30,198,com.devsisters.cc,"クッキーラン：クランブル - 放置系RPG"
01:30,199,game.piano.music.tiles.challenge,"ピアノゲームクラシック - チャレンジミュージックソング"
01:30,200,com.gamincat.roomsort,"ルームソート - 間取り図ゲーム"
03:00,1,jp.co.goodroid.hyper.busflow,"Bus Traffic Fever!　"
03:00,2,game.qualiarts.hololive.dreams.jp,"ホロライブドリームス"
03:00,3,jp.gree_ent.mushoku,"無職転生〜異世界行ったら本気だす〜クロニクル・オブ・エコーズ"
03:00,4,com.cyphergames.royalsmash,"Royal Smash! - Physics Puzzle"
03:00,5,jp.sammynet.next.ort.a0221,"[777Real] A-SLOT+ 異世界かるてっと BT"
03:00,6,com.oakever.meowdoku,"Meowdoku"
03:00,7,com.grandgames.magicsort,"マジックソート！ (Magic Sort !)"
03:00,8,com.mobirix.ldwm,"スイカ作り2048"
03:00,9,jp.konami.pesam,"eFootball™"
03:00,10,com.block.juggle,"ブロックブラスト (Block Blast)"
03:00,11,com.unept.leveldevil,"Level Devil - NOT A Troll Game"
03:00,12,com.roblox.client,"Roblox (ロブロックス)"
03:00,13,com.hollywood.merge,"ハリウッドマージ"
03:00,14,com.mergegames.gossipharbor,"ゴシップハーバー：マージ & ストーリー"
03:00,15,color.number.paint.pixle.art.sort.jigsaw,"Jewel Coloring"
03:00,16,sorting.games.goods.sort.triple.match3d.puzzle.stuff,"商品整理ゲーム：3Dパズル"
03:00,17,com.puzzlegames.puzzlebrickslegend,"カラーブロック：爽快パズル(ColorBlock)"
03:00,18,com.kayac.slow_mo_strike,"Slow Mo Strike: ナイフ投げアクション"
03:00,19,com.ecffri.arrows,"アローズ – パズルエスケープ (Arrows)"
03:00,20,com.playrix.township,"タウンシップ (Township)"
03:00,21,com.brain.crazy.joygame,"Brain Puzzle 3: Crazy Mind"
03:00,22,jp.pokemon.pokemonchampions,"Pokémon Champions"
03:00,23,com.bandainamcoent.dgup_jp,"デジモンUP"
03:00,24,jp.co.applibot.chiikawapocket,"ちいかわぽけっと"
03:00,25,tokyo.chickenskin.imikowa,"意味怖ストーリー：バッドエンドを回避せよ！"
03:00,26,com.onyxhook.nekotabi,"ねこ旅 – 放置×収集×ポイ活アプリ"
03:00,27,com.gof.global,"ホワイトアウト・サバイバル"
03:00,28,com.linecorp.LGSBJ22,"LINE：ブロックジャム"
03:00,29,bus.loop.traffic.jam.fever.bus.puzzle,"Bus Loop:Jam Master"
03:00,30,com.supercell.brawlstars,"ブロスタ"
03:00,31,com.vitastudio.mahjong,"ヴィータ麻雀(Vita Mahjong)"
03:00,32,air.jp.globalgear.kechi,"ドケチボーイ -脱出ゲーム"
03:00,33,com.sled.surfers.game,"Sled Surfers - ズ - 坂冒険"
03:00,34,com.pocket.sort.coin.puzzle.game,"ポケットソート (Pocket Sort)：コインパズル"
03:00,35,com.fty.trickmean2game,"トリミン2！-トリッキーミーン2 いじわる脳トレパズルゲーム"
03:00,36,com.run.tower.defense,"キングショット"
03:00,37,com.fatmerge.global,"グルメ・ジャーニー"
03:00,38,pics.karaage.sokutaiho,"巡回中！即タイホ！"
03:00,39,com.furrjam.traffic.jamgame,"FurrJam:Hop In!"
03:00,40,com.yzlm.jp.and,"勇者連盟：暁の遠征"
03:00,41,com.nianticlabs.pokemongo,"Pokémon GO"
03:00,42,com.youmusic.magictiles,"魔法のタイルズ3 - ピアノ曲 & ゲーム"
03:00,43,water.sort.color.puzzle.offline.games,"Water Sort! カラーロジック"
03:00,44,com.oakever.arrows,"Amaze GO! - 矢印 パズル"
03:00,45,block.color.game.jam.blocks.sort.puzzle.games.slide.free,"ブロックカラー・マニア"
03:00,46,com.bunbunstudio.magicblocktiles,"ぴあのたいる7: 音ゲー . リズムゲーム"
03:00,47,com.vigafun.funfinity.foodhunt,"Food Hunt: Pixel Puzzle"
03:00,48,com.tgc.sky.android,"Sky 星を紡ぐ子どもたち"
03:00,49,bus.games.car.out.traffic.parking.jam.escape.puzzle,"バスゲーム・駐車場パズル：Bus Madness"
03:00,50,com.epicgames.fortnite,"フォートナイト"
03:00,51,com.fluffydrop.op.gp,"Fluffy Drop"
03:00,52,jp.pokemon.pokemontcgp,"Pokémon TCG Pocket"
03:00,53,com.dreamgames.royalkingdom,"ロイヤルキングダム (Royal Kingdom)"
03:00,54,com.nutsbolts.zgsn,"Romantic Nuts & Bolts Sorting"
03:00,55,com.zigzagame.paranoize,"パラノイズ"
03:00,56,com.nebula.tiles,"タップタイル (Tap Tile)"
03:00,57,com.find.spot.photo.hunt.differences.free.hidden,"間違い探し：違いを探す楽しいパズルゲーム"
03:00,58,com.tripledot.blockssmashgame,"Stack Smash - Block 3D Puzzle"
03:00,59,com.dreamgames.royalmatch,"ロイヤルマッチ Royal Match"
03:00,60,jp.co.ponos.battlecats,"にゃんこ大戦争"
03:00,61,com.gartic.garticphone,"Gartic Phone"
03:00,62,com.ocean.block.shoot,"Ocean Block Shoot"
03:00,63,com.leap.searchit,"Search It – 隠しアイテム探し"
03:00,64,com.carnival.blast.smash3d,"Carnival Blast!"
03:00,65,com.axmeksl.oelasjkq,"鬼討ち剣士：日の呼吸"
03:00,66,com.soccer.score.star,"サッカースーパースター(Soccer Superstar)"
03:00,67,com.square_enix.android_googleplay.dqsgj,"ドラゴンクエストスマッシュグロウ ドラクエローグライトRPG"
03:00,68,com.topwar.gp,"トップウォー"
03:00,69,hidden.object.find.seek.search.mystery.puzzle.games.free,"隠しオブジェクトゲーム：探してみよう"
03:00,70,com.nebula.mahjongtile,"麻雀ブラスト (Mahjong Blast)"
03:00,71,jigsaw.solitaire.match.games.free,"ジグソードロップ：ソリティアパズル"
03:00,72,com.media720.games2020,"オフラインゲーム 暇つぶし 楽しい ミニパズルボード"
03:00,73,com.sega.pjsekai,"プロジェクトセカイ カラフルステージ！ feat. 初音ミク"
03:00,74,com.nexters.herowars,"ヒーローウォーズ：アライアンス — 放置系ロールプレイング"
03:00,75,com.linecorp.LGTMTM,"LINE：ディズニー ツムツム"
03:00,76,com.chirpysort.game.android,"Chirpy Sort: Bird Color Puzzle"
03:00,77,com.QdanApp.QdanGames,"どこでもパーティーゲーム「どこパ」（ワードウルフオンライン）"
03:00,78,com.gtsy.annoying.punch.game,"Annoying Uncle - パンチゲーム"
03:00,79,com.hmbl.perfect.makeover.cleaning.asmr,"Perfect Makeover Cleaning ASMR"
03:00,80,com.global.ztmslg,"パズル&サバイバル"
03:00,81,com.hypervation.goodssort,"Goods Sort Match - パズル"
03:00,82,find.difference.spot.differences.hidden.puzzle.games.free,"間違い探し - 見つけてスポット"
03:00,83,com.eurekastudio.mapfit,"Map Fit（マップフィット）-究極の地図パズル-"
03:00,84,com.innersloth.spacemafia,"Among Us"
03:00,85,com.wood.bolt.wordle.screw.nuts.puzzle,"ネジパズル: 脳トレ ウッド パズル - 人気 ネジ ゲーム"
03:00,86,daily.number.match.free.puzzle,"デイリーナンバーマッチ"
03:00,87,com.HoYoverse.Nap,"ゼンレスゾーンゼロ - アニバーサリー"
03:00,88,easy.sudoku.puzzle.solver.free,"ナンプレ - 大人気アプリ"
03:00,89,com.brain.logic.joygame,"Brain Puzzle 2: Logic Twist"
03:00,90,io.voodoo.paper2,"Paper.io 2"
03:00,91,water.sort.puzzle.game.color.sorting.free,"水選別パズルゲーム - 楽しい色分けパズルゲーム"
03:00,92,com.combo.knockout,"Knock Out"
03:00,93,com.xman.jp.gp,"X-Clash"
03:00,94,com.magic.relaxing.water.sort.colorgame.puzzle,"3D Colorful Sort™ 魔法の水"
03:00,95,com.cliffs.pro.cell.building.crazy.clever.craft,"Block Crazy Robo World Craft"
03:00,96,com.readygo.barrel.gp,"ラストZ：サバイバルシューティング"
03:00,97,com.rush.xtreme.sports,"ラッシュ：エクストリーム (RUSH: Xtreme)"
03:00,98,com.robtopx.geometryjumplite,"Geometry Dash Lite"
03:00,99,com.cedargames.mysterytown,"ミステリータウン：マージゲーム (Mystery Town)"
03:00,100,jp.co.sega.am2.MJMobile,"セガNET麻雀 MJ"
03:00,101,jp.gungho.pad,"パズル＆ドラゴンズ"
03:00,102,jp.pokemon.pokemonsleep,"Pokémon Sleep"
03:00,103,jp.co.mixi.monsterstrike,"モンスターストライク"
03:00,104,com.shogunstudios.poikatsuhakkosusumukun,"ポイ活 発酵！ススムくん：放置ゲームで簡単ポイント稼ぎ"
03:00,105,com.merge.game.foodstars,"フードスター:マージ & クック"
03:00,106,io.voodoo.holeio,"ホール.io"
03:00,107,com.whoyaho.tanghulu,"フルーツ飴の達人 - ドバイもち、パフェ、ASMR、モッパン"
03:00,108,com.funplus.ts.global,"タイルズ・サバイバル"
03:00,109,ball.sort.puzzle.color.sorting.bubble.games,"ボール選別 - 脳を鍛える色分けパズル ゲーム"
03:00,110,com.ew.mahjong,"楽しい麻雀マッチ"
03:00,111,com.easybrain.sudoku.android,"ナンプレ - ロジックパズルゲーム"
03:00,112,wool.match.color.sort.jam.puzzle,"毛糸クラッシュ"
03:00,113,com.kwalee.drawit,"ドロー・イット"
03:00,114,jp.co.drecom.wizardry.daphne,"Wizardry Variants Daphne"
03:00,115,com.football.soccer.league,"サッカーリーグ2026"
03:00,116,com.agavegames.findthecat2,"Find The Cat 2 - Spot It!"
03:00,117,com.ig.screwdom,"Screwdom 3D"
03:00,118,com.mahjong.master.solitaire.match.puzzle,"麻雀マスター：デイリーマッチ"
03:00,119,com.Chodun.CatGunner,"にゃんこ銃士：放置育成RPG"
03:00,120,com.pixel.art.coloring.color.number,"Happy Color® – 数字で塗り絵と色ぬりえ"
03:00,121,com.studiobside.starMain,"スターセイヴァー"
03:00,122,gridplus.busjam.carpuzzle,"Bus Fever-Car Jam Escape"
03:00,123,com.fliqs.chameleon.hunt.hide.seek,"Chameleon Hunt: Hide & Seek"
03:00,124,io.supercent.linkedcubic,"スネーククラッシュ (Snake Clash)"
03:00,125,com.JindoBlu.OfflineGames,"オフラインゲーム - 暇つぶし ゲーム - パズルゲーム"
03:00,126,com.lighthouse.freeplay.jp,"終焉のヒカリ"
03:00,127,com.FortuneMine.CarnivalKnockdown,"Carnival Knockdown"
03:00,128,jp.konami.prospia,"プロ野球スピリッツA"
03:00,129,jigsolitaire.jigsort.jigsaw.solitaire.puzzle,"ジグソートパズル：ソリティアの楽しさを楽しもう"
03:00,130,com.fungames.blockcraft,"ブロッククラフト3D (Block Craft)：建設ゲーム"
03:00,131,com.ultimatelavashgames.rollthehole,"たべるジェリーホール - Jelly Hole"
03:00,132,com.ea.gp.fifamobile,"EA SPORTS FC™ サッカー Mobile 2026"
03:00,133,com.h8games.littlefarmstory,"リトルファームストーリー"
03:00,134,beats.color.sing.star.rush,"魔法ピアノタイル9 : ピアノゲーム、おんがくげーむ、音ゲー"
03:00,135,com.HoYoverse.cloudgames.Nap,"ゼンレスゾーンゼロ・クラウド版 - アニバーサリー"
03:00,136,com.rescue.agent,"ヘリコプター・エスケープ"
03:00,137,water.sort.master.colors.games,"Water Sort: Master Colors"
03:00,138,com.wood.block.sudoku.puzzle.bm,"Block Crush: ブロックブラストパズル"
03:00,139,com.merge.cooking.theme.restaurant.food,"マージクッキング テーマレストラン"
03:00,140,com.car.parking.bus.mania.traffic.jam,"Bus Jam：駐車場ゲーム パーキングジャム"
03:00,141,tokyo.chickenskin.yokai,"妖怪カノジョ：妖怪はキミに恋をする"
03:00,142,com.easybrain.brainy.joygame,"Puzzle Time: Brainy Challenge"
03:00,143,com.easybrain.brick.balls.blast,"Brick Blast - ブロック崩し"
03:00,144,com.square_enix.android_googleplay.dqwalkj,"ドラゴンクエストウォーク"
03:00,145,com.HoYoverse.hkrpgoversea,"崩壊：スターレイル"
03:00,146,com.kite.kittypick,"Kitty Pick"
03:00,147,com.crossfield.mahjong,"麻雀 闘龍 - 初心者から楽しめる麻雀ゲーム"
03:00,148,com.fun.brain.game,"ブレパズ！Brain Puzzle ひっかけパズル"
03:00,149,com.tfgco.apps.coloring.free.color.by.number,"番号でぬりえ: ピクセル着色ゲーム"
03:00,150,com.actgames.HelloKittyMDS,"ハローキティ：マイドリームストア"
03:00,151,defense.roguelike.cell.shoot.survivor,"セルサバイバー"
03:00,152,com.loop.clear.cube.free.card.puzzle.sort.match,"ループマスター（Loop Master）"
03:00,153,com.igg.android.doomsdaylastsurvivors,"ドゥームズデイ：オデュッセウスの帰還"
03:00,154,com.mobsmile.coincollector,"Coin Collector"
03:00,155,com.mobcast.okp,"キングダム 乱 -天下統一への道- 究極の本格戦略ゲーム"
03:00,156,loppipoppi.numbermatch,"Number Clash - Math Game"
03:00,157,com.bravestars.savethedog.drawgame,"Save The Pets"
03:00,158,com.arrow.madness.games.arrows.escape.puzzle.game,"Maze Madness - 脳トレパズル"
03:00,159,io.supercent.pizzaidle,"ピザレディー (Pizza Ready)"
03:00,160,com.flower.forest.word.puzzle,"Flower Forest - ワードパズル"
03:00,161,com.moonactive.holestars,"Hole Stars: パズルゲーム"
03:00,162,com.mini.football.filter.games,"Mini Soccer: Football Cup 2026"
03:00,163,com.bandainamcoent.dblegends_jp,"ドラゴンボール レジェンズ"
03:00,164,com.game.friends.jp,"TopTop(トップトップ) - 友達と一緒に遊ぼう"
03:00,165,com.gamovation.sudoku,"数独 - 毎日ナンプレを解いて気軽に頭の体操"
03:00,166,net.peakgames.toonblast,"トゥーンブラスト (Toon Blast)"
03:00,167,com.zjxscjp.google,"ドット伝説～魔王になる異世界放置RPG～"
03:00,168,com.ares.twd,"The Walking Dead: Aftermath"
03:00,169,jp.co.sonicpowered.battle.unlimited.cxw,"クローズ×WORST UNLIMITED(アンリミ)"
03:00,170,com.mhcljp.xpvsfd,"今生は恋より茶に生きる"
03:00,171,com.whoyaho.pendeco,"デコの達人 - カスタムボールペンASMR"
03:00,172,com.rotatelab.cubeblast,"Cube Land Puzzle Game"
03:00,173,com.warrior.screw.gp,"ねじねじパズル"
03:00,174,com.eagle_developers.shukapig,"出荷ぶた-養豚場育成ゲーム！ポイ活可能の放置で癒しの牧場経営"
03:00,175,com.gamovation.tileclub,"タイルクラブ - マッチングゲーム"
03:00,176,com.unicostudio.braintest,"ブレインテスト(Brain Test)：ひっかけパズル"
03:00,177,com.cbewjp.arrow.beauty.awaits,"Arrow Away - Beauty Awaits"
03:00,178,com.goods.sorting.games.triple.match3d.puzzle,"商品整理ゲーム：3Dパズル"
03:00,179,com.devsisters.cc,"クッキーラン：クランブル - 放置系RPG"
03:00,180,game.piano.music.tiles.challenge,"ピアノゲームクラシック - チャレンジミュージックソング"
03:00,181,com.gamincat.roomsort,"ルームソート - 間取り図ゲーム"
03:00,182,com.bandainamcoent.opbrjp,"ONE PIECE バウンティラッシュ - アクションゲーム"
03:00,183,com.slg.savagesurvival,"サベージ・サバイバル：恐竜の咆哮"
03:00,184,net.peakgames.match,"マッチファクトリー(Match Factory)!"
03:00,185,mahjong.breeze.tile.match.game,"Mahjong Breeze - Tile Match"
03:00,186,com.phs.global,"ラストアサイラム：プレイグ"
03:00,187,com.vincentb.MobControl,"Mob Control"
03:00,188,com.hp.keyboard.obby.asmr.speed.run,"Keyboard Obby: ASMR Speed Run"
03:00,189,jp.co.ponos.nmt,"パズルで豊作！にゃんこ村"
03:00,190,com.samw.gp.fruitromance,"フルーツ・ロマンス"
03:00,191,jp.co.taito.onlinecrane,"オンクレならタイクレ！おうちでクレーンゲームしよ？"
03:00,192,com.farlightgames.pgame.gp,"モンスターサバイバル"
03:00,193,com.miHoYo.GenshinImpact,"原神～空月の歌～"
03:00,194,com.kimi.sukinaken,"君のことが好きな件！"
03:00,195,com.sg.block.puzzle.quest.story,"ブロックパズル - のクラシック・ブロックパズルゲーム"
03:00,196,com.puzzle.cargame.busjam.trafficjam,"Super Dispatcher:Traffic Jam"
03:00,197,com.hitappsgames.wordsolitaire,"ソリティア：パズルゲーム 脳トレ カードゲーム 暇つぶし連想"
03:00,198,com.pronetis.ironball2,"ゴーイングボールズ (Going Balls)"
03:00,199,com.microdose.balljam,"Marble Sort!"
03:00,200,com.arrow.out,"Point Out: Color Escape Puzzle"
05:00,1,game.qualiarts.hololive.dreams.jp,"ホロライブドリームス"
05:00,2,jp.co.goodroid.hyper.busflow,"Bus Traffic Fever!　"
05:00,3,jp.gree_ent.mushoku,"無職転生〜異世界行ったら本気だす〜クロニクル・オブ・エコーズ"
05:00,4,jp.sammynet.next.ort.a0221,"[777Real] A-SLOT+ 異世界かるてっと BT"
05:00,5,com.oakever.meowdoku,"Meowdoku"
05:00,6,com.cyphergames.royalsmash,"Royal Smash! - Physics Puzzle"
05:00,7,jp.konami.pesam,"eFootball™"
05:00,8,com.block.juggle,"ブロックブラスト (Block Blast)"
05:00,9,com.roblox.client,"Roblox (ロブロックス)"
05:00,10,com.grandgames.magicsort,"マジックソート！ (Magic Sort !)"
05:00,11,com.hollywood.merge,"ハリウッドマージ"
05:00,12,com.mobirix.ldwm,"スイカ作り2048"
05:00,13,com.mergegames.gossipharbor,"ゴシップハーバー：マージ & ストーリー"
05:00,14,color.number.paint.pixle.art.sort.jigsaw,"Jewel Coloring"
05:00,15,com.puzzlegames.puzzlebrickslegend,"カラーブロック：爽快パズル(ColorBlock)"
05:00,16,com.kayac.slow_mo_strike,"Slow Mo Strike: ナイフ投げアクション"
05:00,17,com.unept.leveldevil,"Level Devil - NOT A Troll Game"
05:00,18,com.ecffri.arrows,"アローズ – パズルエスケープ (Arrows)"
05:00,19,com.brain.crazy.joygame,"Brain Puzzle 3: Crazy Mind"
05:00,20,jp.pokemon.pokemonchampions,"Pokémon Champions"
05:00,21,com.bandainamcoent.dgup_jp,"デジモンUP"
05:00,22,jp.co.applibot.chiikawapocket,"ちいかわぽけっと"
05:00,23,tokyo.chickenskin.imikowa,"意味怖ストーリー：バッドエンドを回避せよ！"
05:00,24,com.onyxhook.nekotabi,"ねこ旅 – 放置×収集×ポイ活アプリ"
05:00,25,com.gof.global,"ホワイトアウト・サバイバル"
05:00,26,com.linecorp.LGSBJ22,"LINE：ブロックジャム"
05:00,27,bus.loop.traffic.jam.fever.bus.puzzle,"Bus Loop:Jam Master"
05:00,28,com.supercell.brawlstars,"ブロスタ"
05:00,29,sorting.games.goods.sort.triple.match3d.puzzle.stuff,"商品整理ゲーム：3Dパズル"
05:00,30,air.jp.globalgear.kechi,"ドケチボーイ -脱出ゲーム"
05:00,31,com.sled.surfers.game,"Sled Surfers - ズ - 坂冒険"
05:00,32,com.pocket.sort.coin.puzzle.game,"ポケットソート (Pocket Sort)：コインパズル"
05:00,33,com.run.tower.defense,"キングショット"
05:00,34,com.fatmerge.global,"グルメ・ジャーニー"
05:00,35,com.furrjam.traffic.jamgame,"FurrJam:Hop In!"
05:00,36,com.yzlm.jp.and,"勇者連盟：暁の遠征"
05:00,37,com.playrix.township,"タウンシップ (Township)"
05:00,38,com.nianticlabs.pokemongo,"Pokémon GO"
05:00,39,com.youmusic.magictiles,"魔法のタイルズ3 - ピアノ曲 & ゲーム"
05:00,40,com.oakever.arrows,"Amaze GO! - 矢印 パズル"
05:00,41,bus.games.car.out.traffic.parking.jam.escape.puzzle,"バスゲーム・駐車場パズル：Bus Madness"
05:00,42,com.epicgames.fortnite,"フォートナイト"
05:00,43,com.fluffydrop.op.gp,"Fluffy Drop"
05:00,44,jp.pokemon.pokemontcgp,"Pokémon TCG Pocket"
05:00,45,com.dreamgames.royalkingdom,"ロイヤルキングダム (Royal Kingdom)"
05:00,46,com.nutsbolts.zgsn,"Romantic Nuts & Bolts Sorting"
05:00,47,com.nebula.tiles,"タップタイル (Tap Tile)"
05:00,48,com.tripledot.blockssmashgame,"Stack Smash - Block 3D Puzzle"
05:00,49,com.leap.searchit,"Search It – 隠しアイテム探し"
05:00,50,com.vitastudio.mahjong,"ヴィータ麻雀(Vita Mahjong)"
05:00,51,com.dreamgames.royalmatch,"ロイヤルマッチ Royal Match"
05:00,52,jp.co.ponos.battlecats,"にゃんこ大戦争"
05:00,53,com.tgc.sky.android,"Sky 星を紡ぐ子どもたち"
05:00,54,com.fty.trickmean2game,"トリミン2！-トリッキーミーン2 いじわる脳トレパズルゲーム"
05:00,55,com.carnival.blast.smash3d,"Carnival Blast!"
05:00,56,pics.karaage.sokutaiho,"巡回中！即タイホ！"
05:00,57,com.axmeksl.oelasjkq,"鬼討ち剣士：日の呼吸"
05:00,58,com.soccer.score.star,"サッカースーパースター(Soccer Superstar)"
05:00,59,com.square_enix.android_googleplay.dqsgj,"ドラゴンクエストスマッシュグロウ ドラクエローグライトRPG"
05:00,60,com.topwar.gp,"トップウォー"
05:00,61,hidden.object.find.seek.search.mystery.puzzle.games.free,"隠しオブジェクトゲーム：探してみよう"
05:00,62,com.bunbunstudio.magicblocktiles,"ぴあのたいる7: 音ゲー . リズムゲーム"
05:00,63,com.nebula.mahjongtile,"麻雀ブラスト (Mahjong Blast)"
05:00,64,water.sort.color.puzzle.offline.games,"Water Sort! カラーロジック"
05:00,65,com.vigafun.funfinity.foodhunt,"Food Hunt: Pixel Puzzle"
05:00,66,com.sega.pjsekai,"プロジェクトセカイ カラフルステージ！ feat. 初音ミク"
05:00,67,block.color.game.jam.blocks.sort.puzzle.games.slide.free,"ブロックカラー・マニア"
05:00,68,com.nexters.herowars,"ヒーローウォーズ：アライアンス — 放置系ロールプレイング"
05:00,69,com.zigzagame.paranoize,"パラノイズ"
05:00,70,com.chirpysort.game.android,"Chirpy Sort: Bird Color Puzzle"
05:00,71,com.find.spot.photo.hunt.differences.free.hidden,"間違い探し：違いを探す楽しいパズルゲーム"
05:00,72,com.gtsy.annoying.punch.game,"Annoying Uncle - パンチゲーム"
05:00,73,com.ocean.block.shoot,"Ocean Block Shoot"
05:00,74,com.global.ztmslg,"パズル&サバイバル"
05:00,75,com.hypervation.goodssort,"Goods Sort Match - パズル"
05:00,76,com.innersloth.spacemafia,"Among Us"
05:00,77,com.wood.bolt.wordle.screw.nuts.puzzle,"ネジパズル: 脳トレ ウッド パズル - 人気 ネジ ゲーム"
05:00,78,daily.number.match.free.puzzle,"デイリーナンバーマッチ"
05:00,79,com.brain.logic.joygame,"Brain Puzzle 2: Logic Twist"
05:00,80,io.voodoo.paper2,"Paper.io 2"
05:00,81,water.sort.puzzle.game.color.sorting.free,"水選別パズルゲーム - 楽しい色分けパズルゲーム"
05:00,82,com.combo.knockout,"Knock Out"
05:00,83,com.gartic.garticphone,"Gartic Phone"
05:00,84,com.magic.relaxing.water.sort.colorgame.puzzle,"3D Colorful Sort™ 魔法の水"
05:00,85,com.cliffs.pro.cell.building.crazy.clever.craft,"Block Crazy Robo World Craft"
05:00,86,com.rush.xtreme.sports,"ラッシュ：エクストリーム (RUSH: Xtreme)"
05:00,87,jp.co.sega.am2.MJMobile,"セガNET麻雀 MJ"
05:00,88,jp.pokemon.pokemonsleep,"Pokémon Sleep"
05:00,89,com.shogunstudios.poikatsuhakkosusumukun,"ポイ活 発酵！ススムくん：放置ゲームで簡単ポイント稼ぎ"
05:00,90,com.merge.game.foodstars,"フードスター:マージ & クック"
05:00,91,com.whoyaho.tanghulu,"フルーツ飴の達人 - ドバイもち、パフェ、ASMR、モッパン"
05:00,92,com.funplus.ts.global,"タイルズ・サバイバル"
05:00,93,com.ew.mahjong,"楽しい麻雀マッチ"
05:00,94,com.easybrain.sudoku.android,"ナンプレ - ロジックパズルゲーム"
05:00,95,wool.match.color.sort.jam.puzzle,"毛糸クラッシュ"
05:00,96,com.kwalee.drawit,"ドロー・イット"
05:00,97,jp.co.drecom.wizardry.daphne,"Wizardry Variants Daphne"
05:00,98,com.football.soccer.league,"サッカーリーグ2026"
05:00,99,com.agavegames.findthecat2,"Find The Cat 2 - Spot It!"
05:00,100,com.ig.screwdom,"Screwdom 3D"
05:00,101,com.mahjong.master.solitaire.match.puzzle,"麻雀マスター：デイリーマッチ"
05:00,102,com.pixel.art.coloring.color.number,"Happy Color® – 数字で塗り絵と色ぬりえ"
05:00,103,com.media720.games2020,"オフラインゲーム 暇つぶし 楽しい ミニパズルボード"
05:00,104,gridplus.busjam.carpuzzle,"Bus Fever-Car Jam Escape"
05:00,105,com.HoYoverse.Nap,"ゼンレスゾーンゼロ - アニバーサリー"
05:00,106,io.supercent.linkedcubic,"スネーククラッシュ (Snake Clash)"
05:00,107,com.FortuneMine.CarnivalKnockdown,"Carnival Knockdown"
05:00,108,jp.konami.prospia,"プロ野球スピリッツA"
05:00,109,jigsolitaire.jigsort.jigsaw.solitaire.puzzle,"ジグソートパズル：ソリティアの楽しさを楽しもう"
05:00,110,com.QdanApp.QdanGames,"どこでもパーティーゲーム「どこパ」（ワードウルフオンライン）"
05:00,111,jigsaw.solitaire.match.games.free,"ジグソードロップ：ソリティアパズル"
05:00,112,com.linecorp.LGTMTM,"LINE：ディズニー ツムツム"
05:00,113,beats.color.sing.star.rush,"魔法ピアノタイル9 : ピアノゲーム、おんがくげーむ、音ゲー"
05:00,114,com.HoYoverse.cloudgames.Nap,"ゼンレスゾーンゼロ・クラウド版 - アニバーサリー"
05:00,115,com.rescue.agent,"ヘリコプター・エスケープ"
05:00,116,water.sort.master.colors.games,"Water Sort: Master Colors"
05:00,117,com.wood.block.sudoku.puzzle.bm,"Block Crush: ブロックブラストパズル"
05:00,118,com.merge.cooking.theme.restaurant.food,"マージクッキング テーマレストラン"
05:00,119,com.car.parking.bus.mania.traffic.jam,"Bus Jam：駐車場ゲーム パーキングジャム"
05:00,120,com.easybrain.brainy.joygame,"Puzzle Time: Brainy Challenge"
05:00,121,com.easybrain.brick.balls.blast,"Brick Blast - ブロック崩し"
05:00,122,com.square_enix.android_googleplay.dqwalkj,"ドラゴンクエストウォーク"
05:00,123,com.fun.brain.game,"ブレパズ！Brain Puzzle ひっかけパズル"
05:00,124,com.xman.jp.gp,"X-Clash"
05:00,125,com.actgames.HelloKittyMDS,"ハローキティ：マイドリームストア"
05:00,126,defense.roguelike.cell.shoot.survivor,"セルサバイバー"
05:00,127,com.loop.clear.cube.free.card.puzzle.sort.match,"ループマスター（Loop Master）"
05:00,128,com.igg.android.doomsdaylastsurvivors,"ドゥームズデイ：オデュッセウスの帰還"
05:00,129,com.hmbl.perfect.makeover.cleaning.asmr,"Perfect Makeover Cleaning ASMR"
05:00,130,com.mobsmile.coincollector,"Coin Collector"
05:00,131,com.mobcast.okp,"キングダム 乱 -天下統一への道- 究極の本格戦略ゲーム"
05:00,132,loppipoppi.numbermatch,"Number Clash - Math Game"
05:00,133,com.robtopx.geometryjumplite,"Geometry Dash Lite"
05:00,134,com.bravestars.savethedog.drawgame,"Save The Pets"
05:00,135,easy.sudoku.puzzle.solver.free,"ナンプレ - 大人気アプリ"
05:00,136,jp.gungho.pad,"パズル＆ドラゴンズ"
05:00,137,find.difference.spot.differences.hidden.puzzle.games.free,"間違い探し - 見つけてスポット"
05:00,138,com.moonactive.holestars,"Hole Stars: パズルゲーム"
05:00,139,com.mini.football.filter.games,"Mini Soccer: Football Cup 2026"
05:00,140,com.eurekastudio.mapfit,"Map Fit（マップフィット）-究極の地図パズル-"
05:00,141,com.bandainamcoent.dblegends_jp,"ドラゴンボール レジェンズ"
05:00,142,com.readygo.barrel.gp,"ラストZ：サバイバルシューティング"
05:00,143,ball.sort.puzzle.color.sorting.bubble.games,"ボール選別 - 脳を鍛える色分けパズル ゲーム"
05:00,144,com.game.friends.jp,"TopTop(トップトップ) - 友達と一緒に遊ぼう"
05:00,145,com.gamovation.sudoku,"数独 - 毎日ナンプレを解いて気軽に頭の体操"
05:00,146,jp.co.mixi.monsterstrike,"モンスターストライク"
05:00,147,net.peakgames.toonblast,"トゥーンブラスト (Toon Blast)"
05:00,148,com.ares.twd,"The Walking Dead: Aftermath"
05:00,149,com.whoyaho.pendeco,"デコの達人 - カスタムボールペンASMR"
05:00,150,com.rotatelab.cubeblast,"Cube Land Puzzle Game"
05:00,151,com.warrior.screw.gp,"ねじねじパズル"
05:00,152,io.voodoo.holeio,"ホール.io"
05:00,153,com.eagle_developers.shukapig,"出荷ぶた-養豚場育成ゲーム！ポイ活可能の放置で癒しの牧場経営"
05:00,154,com.cedargames.mysterytown,"ミステリータウン：マージゲーム (Mystery Town)"
05:00,155,com.gamovation.tileclub,"タイルクラブ - マッチングゲーム"
05:00,156,com.unicostudio.braintest,"ブレインテスト(Brain Test)：ひっかけパズル"
05:00,157,com.devsisters.cc,"クッキーラン：クランブル - 放置系RPG"
05:00,158,com.fliqs.chameleon.hunt.hide.seek,"Chameleon Hunt: Hide & Seek"
05:00,159,com.gamincat.roomsort,"ルームソート - 間取り図ゲーム"
05:00,160,com.lighthouse.freeplay.jp,"終焉のヒカリ"
05:00,161,com.bandainamcoent.opbrjp,"ONE PIECE バウンティラッシュ - アクションゲーム"
05:00,162,com.slg.savagesurvival,"サベージ・サバイバル：恐竜の咆哮"
05:00,163,net.peakgames.match,"マッチファクトリー(Match Factory)!"
05:00,164,mahjong.breeze.tile.match.game,"Mahjong Breeze - Tile Match"
05:00,165,com.phs.global,"ラストアサイラム：プレイグ"
05:00,166,com.vincentb.MobControl,"Mob Control"
05:00,167,com.samw.gp.fruitromance,"フルーツ・ロマンス"
05:00,168,com.farlightgames.pgame.gp,"モンスターサバイバル"
05:00,169,com.miHoYo.GenshinImpact,"原神～空月の歌～"
05:00,170,com.kimi.sukinaken,"君のことが好きな件！"
05:00,171,com.sg.block.puzzle.quest.story,"ブロックパズル - のクラシック・ブロックパズルゲーム"
05:00,172,com.puzzle.cargame.busjam.trafficjam,"Super Dispatcher:Traffic Jam"
05:00,173,com.JindoBlu.OfflineGames,"オフラインゲーム - 暇つぶし ゲーム - パズルゲーム"
05:00,174,com.fungames.blockcraft,"ブロッククラフト3D (Block Craft)：建設ゲーム"
05:00,175,com.pronetis.ironball2,"ゴーイングボールズ (Going Balls)"
05:00,176,jp.genit.melody,"メロディ - ピアノ鍵盤でリズム音楽ゲーム"
05:00,177,com.spheresort.yhk,"ロマンチックな球体ボールソーティング"
05:00,178,com.canvassoft.fishingeast,"東方のんびり釣り生活"
05:00,179,com.s01.global,"Lordrush: ロードトゥパワー"
05:00,180,number.match.numbers.math.games.free.puzzle.digit,"数字ゲーム - 10を作ろう"
05:00,181,com.tap.away.arrows.logic.puzzle.brain.game,"Arrows World"
05:00,182,com.familygo.simgame,"Family Go! - 結婚・子育て・世代継承"
05:00,183,com.ultimatelavashgames.rollthehole,"たべるジェリーホール - Jelly Hole"
05:00,184,com.ea.gp.fifamobile,"EA SPORTS FC™ サッカー Mobile 2026"
05:00,185,com.square_enix.android_googleplay.dqtactj,"ドラゴンクエストタクト"
05:00,186,com.og.nihonseihuku,"ニッポン征服 - 面白い 選択ゲーム　侵略とバトル！"
05:00,187,com.kayac.PistolDuel,"Pistol Duel"
05:00,188,com.crossfield.mahjong,"麻雀 闘龍 - 初心者から楽しめる麻雀ゲーム"
05:00,189,net.gameduo.dfd,"E.D.E.N：最終防衛線"
05:00,190,com.cat.hole.puzzle.aos,"落ちにゃん！"
05:00,191,com.kerun.idiomblock.ja,"熟語消し：ことわざ四字熟語脳トレ暇つぶし漢字パズル単語ゲーム"
05:00,192,com.infiniplay.merge.fashion.romance.story,"Merge Fashion(マージファッション):マージ"
05:00,193,com.fiveminlab.overgeared.hero.backpack.merge,"チート勇者～インベントリ攻略ゲー～RPG"
05:00,194,com.studiobside.starMain,"スターセイヴァー"
05:00,195,onetap.game.block.paint,"Sand Shape"
05:00,196,sudoku.puzzle.free.game.brain,"ナンプレ - クラシック数字パズル"
05:00,197,com.Chodun.CatGunner,"にゃんこ銃士：放置育成RPG"
05:00,198,com.kiwifun.game.android.screw.master,"ネジ3Dパズル：ピンを外すゲーム"
05:00,199,jp.co.level5.inazumacross,"イナズマイレブン クロス"
05:00,200,solitaire.word.association.connections.puzzle,"ソリティアワード: Solitaire Connection"
06:00,1,game.qualiarts.hololive.dreams.jp,"ホロライブドリームス"
06:00,2,jp.co.goodroid.hyper.busflow,"Bus Traffic Fever!　"
06:00,3,jp.gree_ent.mushoku,"無職転生〜異世界行ったら本気だす〜クロニクル・オブ・エコーズ"
06:00,4,com.oakever.meowdoku,"Meowdoku"
06:00,5,com.cyphergames.royalsmash,"Royal Smash! - Physics Puzzle"
06:00,6,jp.konami.pesam,"eFootball™"
06:00,7,com.block.juggle,"ブロックブラスト (Block Blast)"
06:00,8,jp.sammynet.next.ort.a0221,"[777Real] A-SLOT+ 異世界かるてっと BT"
06:00,9,com.grandgames.magicsort,"マジックソート！ (Magic Sort !)"
06:00,10,com.roblox.client,"Roblox (ロブロックス)"
06:00,11,com.hollywood.merge,"ハリウッドマージ"
06:00,12,com.mobirix.ldwm,"スイカ作り2048"
06:00,13,com.mergegames.gossipharbor,"ゴシップハーバー：マージ & ストーリー"
06:00,14,color.number.paint.pixle.art.sort.jigsaw,"Jewel Coloring"
06:00,15,com.puzzlegames.puzzlebrickslegend,"カラーブロック：爽快パズル(ColorBlock)"
06:00,16,com.kayac.slow_mo_strike,"Slow Mo Strike: ナイフ投げアクション"
06:00,17,com.unept.leveldevil,"Level Devil - NOT A Troll Game"
06:00,18,com.ecffri.arrows,"アローズ – パズルエスケープ (Arrows)"
06:00,19,com.brain.crazy.joygame,"Brain Puzzle 3: Crazy Mind"
06:00,20,jp.pokemon.pokemonchampions,"Pokémon Champions"
06:00,21,com.bandainamcoent.dgup_jp,"デジモンUP"
06:00,22,jp.co.applibot.chiikawapocket,"ちいかわぽけっと"
06:00,23,com.gof.global,"ホワイトアウト・サバイバル"
06:00,24,bus.loop.traffic.jam.fever.bus.puzzle,"Bus Loop:Jam Master"
06:00,25,sorting.games.goods.sort.triple.match3d.puzzle.stuff,"商品整理ゲーム：3Dパズル"
06:00,26,air.jp.globalgear.kechi,"ドケチボーイ -脱出ゲーム"
06:00,27,com.pocket.sort.coin.puzzle.game,"ポケットソート (Pocket Sort)：コインパズル"
06:00,28,tokyo.chickenskin.imikowa,"意味怖ストーリー：バッドエンドを回避せよ！"
06:00,29,com.run.tower.defense,"キングショット"
06:00,30,com.fatmerge.global,"グルメ・ジャーニー"
06:00,31,com.furrjam.traffic.jamgame,"FurrJam:Hop In!"
06:00,32,com.yzlm.jp.and,"勇者連盟：暁の遠征"
06:00,33,com.playrix.township,"タウンシップ (Township)"
06:00,34,com.nianticlabs.pokemongo,"Pokémon GO"
06:00,35,com.youmusic.magictiles,"魔法のタイルズ3 - ピアノ曲 & ゲーム"
06:00,36,com.oakever.arrows,"Amaze GO! - 矢印 パズル"
06:00,37,bus.games.car.out.traffic.parking.jam.escape.puzzle,"バスゲーム・駐車場パズル：Bus Madness"
06:00,38,com.epicgames.fortnite,"フォートナイト"
06:00,39,com.fluffydrop.op.gp,"Fluffy Drop"
06:00,40,jp.pokemon.pokemontcgp,"Pokémon TCG Pocket"
06:00,41,com.dreamgames.royalkingdom,"ロイヤルキングダム (Royal Kingdom)"
06:00,42,com.nebula.tiles,"タップタイル (Tap Tile)"
06:00,43,com.tripledot.blockssmashgame,"Stack Smash - Block 3D Puzzle"
06:00,44,com.supercell.brawlstars,"ブロスタ"
06:00,45,com.linecorp.LGSBJ22,"LINE：ブロックジャム"
06:00,46,com.leap.searchit,"Search It – 隠しアイテム探し"
06:00,47,com.vitastudio.mahjong,"ヴィータ麻雀(Vita Mahjong)"
06:00,48,com.dreamgames.royalmatch,"ロイヤルマッチ Royal Match"
06:00,49,com.onyxhook.nekotabi,"ねこ旅 – 放置×収集×ポイ活アプリ"
06:00,50,jp.co.ponos.battlecats,"にゃんこ大戦争"
06:00,51,com.sled.surfers.game,"Sled Surfers - ズ - 坂冒険"
06:00,52,com.tgc.sky.android,"Sky 星を紡ぐ子どもたち"
06:00,53,com.fty.trickmean2game,"トリミン2！-トリッキーミーン2 いじわる脳トレパズルゲーム"
06:00,54,com.carnival.blast.smash3d,"Carnival Blast!"
06:00,55,pics.karaage.sokutaiho,"巡回中！即タイホ！"
06:00,56,com.soccer.score.star,"サッカースーパースター(Soccer Superstar)"
06:00,57,com.square_enix.android_googleplay.dqsgj,"ドラゴンクエストスマッシュグロウ ドラクエローグライトRPG"
06:00,58,com.topwar.gp,"トップウォー"
06:00,59,hidden.object.find.seek.search.mystery.puzzle.games.free,"隠しオブジェクトゲーム：探してみよう"
06:00,60,com.bunbunstudio.magicblocktiles,"ぴあのたいる7: 音ゲー . リズムゲーム"
06:00,61,com.nebula.mahjongtile,"麻雀ブラスト (Mahjong Blast)"
06:00,62,water.sort.color.puzzle.offline.games,"Water Sort! カラーロジック"
06:00,63,com.vigafun.funfinity.foodhunt,"Food Hunt: Pixel Puzzle"
06:00,64,com.sega.pjsekai,"プロジェクトセカイ カラフルステージ！ feat. 初音ミク"
06:00,65,block.color.game.jam.blocks.sort.puzzle.games.slide.free,"ブロックカラー・マニア"
06:00,66,com.nexters.herowars,"ヒーローウォーズ：アライアンス — 放置系ロールプレイング"
06:00,67,com.nutsbolts.zgsn,"Romantic Nuts & Bolts Sorting"
06:00,68,com.zigzagame.paranoize,"パラノイズ"
06:00,69,com.chirpysort.game.android,"Chirpy Sort: Bird Color Puzzle"
06:00,70,com.find.spot.photo.hunt.differences.free.hidden,"間違い探し：違いを探す楽しいパズルゲーム"
06:00,71,com.gtsy.annoying.punch.game,"Annoying Uncle - パンチゲーム"
06:00,72,com.ocean.block.shoot,"Ocean Block Shoot"
06:00,73,com.global.ztmslg,"パズル&サバイバル"
06:00,74,com.hypervation.goodssort,"Goods Sort Match - パズル"
06:00,75,com.axmeksl.oelasjkq,"鬼討ち剣士：日の呼吸"
06:00,76,com.innersloth.spacemafia,"Among Us"
06:00,77,com.wood.bolt.wordle.screw.nuts.puzzle,"ネジパズル: 脳トレ ウッド パズル - 人気 ネジ ゲーム"
06:00,78,daily.number.match.free.puzzle,"デイリーナンバーマッチ"
06:00,79,com.brain.logic.joygame,"Brain Puzzle 2: Logic Twist"
06:00,80,io.voodoo.paper2,"Paper.io 2"
06:00,81,water.sort.puzzle.game.color.sorting.free,"水選別パズルゲーム - 楽しい色分けパズルゲーム"
06:00,82,com.gartic.garticphone,"Gartic Phone"
06:00,83,com.cliffs.pro.cell.building.crazy.clever.craft,"Block Crazy Robo World Craft"
06:00,84,jp.co.sega.am2.MJMobile,"セガNET麻雀 MJ"
06:00,85,jp.pokemon.pokemonsleep,"Pokémon Sleep"
06:00,86,com.shogunstudios.poikatsuhakkosusumukun,"ポイ活 発酵！ススムくん：放置ゲームで簡単ポイント稼ぎ"
06:00,87,com.merge.game.foodstars,"フードスター:マージ & クック"
06:00,88,com.whoyaho.tanghulu,"フルーツ飴の達人 - ドバイもち、パフェ、ASMR、モッパン"
06:00,89,com.funplus.ts.global,"タイルズ・サバイバル"
06:00,90,com.easybrain.sudoku.android,"ナンプレ - ロジックパズルゲーム"
06:00,91,wool.match.color.sort.jam.puzzle,"毛糸クラッシュ"
06:00,92,jp.co.drecom.wizardry.daphne,"Wizardry Variants Daphne"
06:00,93,com.football.soccer.league,"サッカーリーグ2026"
06:00,94,com.agavegames.findthecat2,"Find The Cat 2 - Spot It!"
06:00,95,com.ig.screwdom,"Screwdom 3D"
06:00,96,com.mahjong.master.solitaire.match.puzzle,"麻雀マスター：デイリーマッチ"
06:00,97,com.pixel.art.coloring.color.number,"Happy Color® – 数字で塗り絵と色ぬりえ"
06:00,98,com.media720.games2020,"オフラインゲーム 暇つぶし 楽しい ミニパズルボード"
06:00,99,gridplus.busjam.carpuzzle,"Bus Fever-Car Jam Escape"
06:00,100,com.HoYoverse.Nap,"ゼンレスゾーンゼロ - アニバーサリー"
06:00,101,io.supercent.linkedcubic,"スネーククラッシュ (Snake Clash)"
06:00,102,com.FortuneMine.CarnivalKnockdown,"Carnival Knockdown"
06:00,103,jp.konami.prospia,"プロ野球スピリッツA"
06:00,104,jigsolitaire.jigsort.jigsaw.solitaire.puzzle,"ジグソートパズル：ソリティアの楽しさを楽しもう"
06:00,105,com.QdanApp.QdanGames,"どこでもパーティーゲーム「どこパ」（ワードウルフオンライン）"
06:00,106,jigsaw.solitaire.match.games.free,"ジグソードロップ：ソリティアパズル"
06:00,107,com.linecorp.LGTMTM,"LINE：ディズニー ツムツム"
06:00,108,beats.color.sing.star.rush,"魔法ピアノタイル9 : ピアノゲーム、おんがくげーむ、音ゲー"
06:00,109,com.HoYoverse.cloudgames.Nap,"ゼンレスゾーンゼロ・クラウド版 - アニバーサリー"
06:00,110,com.rescue.agent,"ヘリコプター・エスケープ"
06:00,111,water.sort.master.colors.games,"Water Sort: Master Colors"
06:00,112,com.wood.block.sudoku.puzzle.bm,"Block Crush: ブロックブラストパズル"
06:00,113,com.merge.cooking.theme.restaurant.food,"マージクッキング テーマレストラン"
06:00,114,com.car.parking.bus.mania.traffic.jam,"Bus Jam：駐車場ゲーム パーキングジャム"
06:00,115,com.easybrain.brainy.joygame,"Puzzle Time: Brainy Challenge"
06:00,116,com.easybrain.brick.balls.blast,"Brick Blast - ブロック崩し"
06:00,117,com.square_enix.android_googleplay.dqwalkj,"ドラゴンクエストウォーク"
06:00,118,com.fun.brain.game,"ブレパズ！Brain Puzzle ひっかけパズル"
06:00,119,com.xman.jp.gp,"X-Clash"
06:00,120,com.actgames.HelloKittyMDS,"ハローキティ：マイドリームストア"
06:00,121,defense.roguelike.cell.shoot.survivor,"セルサバイバー"
06:00,122,com.magic.relaxing.water.sort.colorgame.puzzle,"3D Colorful Sort™ 魔法の水"
06:00,123,com.igg.android.doomsdaylastsurvivors,"ドゥームズデイ：オデュッセウスの帰還"
06:00,124,com.hmbl.perfect.makeover.cleaning.asmr,"Perfect Makeover Cleaning ASMR"
06:00,125,com.mobsmile.coincollector,"Coin Collector"
06:00,126,com.mobcast.okp,"キングダム 乱 -天下統一への道- 究極の本格戦略ゲーム"
06:00,127,loppipoppi.numbermatch,"Number Clash - Math Game"
06:00,128,com.kwalee.drawit,"ドロー・イット"
06:00,129,com.robtopx.geometryjumplite,"Geometry Dash Lite"
06:00,130,com.bravestars.savethedog.drawgame,"Save The Pets"
06:00,131,easy.sudoku.puzzle.solver.free,"ナンプレ - 大人気アプリ"
06:00,132,com.combo.knockout,"Knock Out"
06:00,133,jp.gungho.pad,"パズル＆ドラゴンズ"
06:00,134,find.difference.spot.differences.hidden.puzzle.games.free,"間違い探し - 見つけてスポット"
06:00,135,com.moonactive.holestars,"Hole Stars: パズルゲーム"
06:00,136,com.eurekastudio.mapfit,"Map Fit（マップフィット）-究極の地図パズル-"
06:00,137,com.bandainamcoent.dblegends_jp,"ドラゴンボール レジェンズ"
06:00,138,com.rush.xtreme.sports,"ラッシュ：エクストリーム (RUSH: Xtreme)"
06:00,139,com.readygo.barrel.gp,"ラストZ：サバイバルシューティング"
06:00,140,ball.sort.puzzle.color.sorting.bubble.games,"ボール選別 - 脳を鍛える色分けパズル ゲーム"
06:00,141,jp.co.mixi.monsterstrike,"モンスターストライク"
06:00,142,com.fungames.blockcraft,"ブロッククラフト3D (Block Craft)：建設ゲーム"
06:00,143,net.peakgames.toonblast,"トゥーンブラスト (Toon Blast)"
06:00,144,com.ares.twd,"The Walking Dead: Aftermath"
06:00,145,com.rotatelab.cubeblast,"Cube Land Puzzle Game"
06:00,146,com.warrior.screw.gp,"ねじねじパズル"
06:00,147,io.voodoo.holeio,"ホール.io"
06:00,148,com.cedargames.mysterytown,"ミステリータウン：マージゲーム (Mystery Town)"
06:00,149,com.gamovation.tileclub,"タイルクラブ - マッチングゲーム"
06:00,150,com.unicostudio.braintest,"ブレインテスト(Brain Test)：ひっかけパズル"
06:00,151,com.devsisters.cc,"クッキーラン：クランブル - 放置系RPG"
06:00,152,com.fliqs.chameleon.hunt.hide.seek,"Chameleon Hunt: Hide & Seek"
06:00,153,com.lighthouse.freeplay.jp,"終焉のヒカリ"
06:00,154,com.bandainamcoent.opbrjp,"ONE PIECE バウンティラッシュ - アクションゲーム"
06:00,155,com.slg.savagesurvival,"サベージ・サバイバル：恐竜の咆哮"
06:00,156,net.peakgames.match,"マッチファクトリー(Match Factory)!"
06:00,157,mahjong.breeze.tile.match.game,"Mahjong Breeze - Tile Match"
06:00,158,com.phs.global,"ラストアサイラム：プレイグ"
06:00,159,com.vincentb.MobControl,"Mob Control"
06:00,160,com.farlightgames.pgame.gp,"モンスターサバイバル"
06:00,161,com.kite.knockfever,"Knock Fever"
06:00,162,com.miHoYo.GenshinImpact,"原神～空月の歌～"
06:00,163,com.kimi.sukinaken,"君のことが好きな件！"
06:00,164,com.ew.mahjong,"楽しい麻雀マッチ"
06:00,165,com.puzzle.cargame.busjam.trafficjam,"Super Dispatcher:Traffic Jam"
06:00,166,com.JindoBlu.OfflineGames,"オフラインゲーム - 暇つぶし ゲーム - パズルゲーム"
06:00,167,com.mini.football.filter.games,"Mini Soccer: Football Cup 2026"
06:00,168,number.match.numbers.math.games.free.puzzle.digit,"数字ゲーム - 10を作ろう"
06:00,169,com.tap.away.arrows.logic.puzzle.brain.game,"Arrows World"
06:00,170,com.ultimatelavashgames.rollthehole,"たべるジェリーホール - Jelly Hole"
06:00,171,com.ea.gp.fifamobile,"EA SPORTS FC™ サッカー Mobile 2026"
06:00,172,com.square_enix.android_googleplay.dqtactj,"ドラゴンクエストタクト"
06:00,173,com.crossfield.mahjong,"麻雀 闘龍 - 初心者から楽しめる麻雀ゲーム"
06:00,174,com.cat.hole.puzzle.aos,"落ちにゃん！"
06:00,175,com.kerun.idiomblock.ja,"熟語消し：ことわざ四字熟語脳トレ暇つぶし漢字パズル単語ゲーム"
06:00,176,com.infiniplay.merge.fashion.romance.story,"Merge Fashion(マージファッション):マージ"
06:00,177,com.fiveminlab.overgeared.hero.backpack.merge,"チート勇者～インベントリ攻略ゲー～RPG"
06:00,178,com.studiobside.starMain,"スターセイヴァー"
06:00,179,onetap.game.block.paint,"Sand Shape"
06:00,180,sudoku.puzzle.free.game.brain,"ナンプレ - クラシック数字パズル"
06:00,181,com.Chodun.CatGunner,"にゃんこ銃士：放置育成RPG"
06:00,182,com.kiwifun.game.android.screw.master,"ネジ3Dパズル：ピンを外すゲーム"
06:00,183,jp.co.level5.inazumacross,"イナズマイレブン クロス"
06:00,184,solitaire.word.association.connections.puzzle,"ソリティアワード: Solitaire Connection"
06:00,185,com.h8games.littlefarmstory,"リトルファームストーリー"
06:00,186,com.sega.PuyoQuest,"ぷよぷよ!!クエスト(ぷよクエ) 楽しい！爽快パズルゲーム"
06:00,187,com.fty.thejudge,"確認させてください"
06:00,188,com.homagames.studio.allinhole,"オールインホール: ブラックホール All in Hole"
06:00,189,com.HoYoverse.hkrpgoversea,"崩壊：スターレイル"
06:00,190,com.hp.keyboard.obby.asmr.speed.run,"Keyboard Obby: ASMR Speed Run"
06:00,191,com.Chillgaming.oneState,"OneState RP・オンラインのオープンワールド"
06:00,192,com.kurashiru.fue.usagi,"増えうさぎ by クラシル"
06:00,193,com.kite.kittypick,"Kitty Pick"
06:00,194,com.fty.tonari,"隣の席はだれ？ - 暇つぶし論理パズルゲーム"
06:00,195,tokyo.chickenskin.yokai,"妖怪カノジョ：妖怪はキミに恋をする"
06:00,196,com.loop.clear.cube.free.card.puzzle.sort.match,"ループマスター（Loop Master）"
06:00,197,com.bandainamcoent.kingdomhadou,"キングダム 覇道"
06:00,198,com.fc.goods.sort.matching.puzzle.triplemaster,"商品ソーティング：マッチ3パズル"
06:00,199,com.tfgco.apps.coloring.free.color.by.number,"番号でぬりえ: ピクセル着色ゲーム"
06:00,200,com.YostarJP.BlueArchive,"ブルーアーカイブ"
07:00,1,game.qualiarts.hololive.dreams.jp,"ホロライブドリームス"
07:00,2,jp.co.goodroid.hyper.busflow,"Bus Traffic Fever!　"
07:00,3,jp.gree_ent.mushoku,"無職転生〜異世界行ったら本気だす〜クロニクル・オブ・エコーズ"
07:00,4,com.oakever.meowdoku,"Meowdoku"
07:00,5,com.cyphergames.royalsmash,"Royal Smash! - Physics Puzzle"
07:00,6,jp.sammynet.next.ort.a0221,"[777Real] A-SLOT+ 異世界かるてっと BT"
07:00,7,com.grandgames.magicsort,"マジックソート！ (Magic Sort !)"
07:00,8,com.mobirix.ldwm,"スイカ作り2048"
07:00,9,com.mergegames.gossipharbor,"ゴシップハーバー：マージ & ストーリー"
07:00,10,jp.konami.pesam,"eFootball™"
07:00,11,com.block.juggle,"ブロックブラスト (Block Blast)"
07:00,12,com.unept.leveldevil,"Level Devil - NOT A Troll Game"
07:00,13,com.roblox.client,"Roblox (ロブロックス)"
07:00,14,com.ecffri.arrows,"アローズ – パズルエスケープ (Arrows)"
07:00,15,com.kayac.slow_mo_strike,"Slow Mo Strike: ナイフ投げアクション"
07:00,16,com.hollywood.merge,"ハリウッドマージ"
07:00,17,com.brain.crazy.joygame,"Brain Puzzle 3: Crazy Mind"
07:00,18,jp.pokemon.pokemonchampions,"Pokémon Champions"
07:00,19,com.bandainamcoent.dgup_jp,"デジモンUP"
07:00,20,com.puzzlegames.puzzlebrickslegend,"カラーブロック：爽快パズル(ColorBlock)"
07:00,21,color.number.paint.pixle.art.sort.jigsaw,"Jewel Coloring"
07:00,22,sorting.games.goods.sort.triple.match3d.puzzle.stuff,"商品整理ゲーム：3Dパズル"
07:00,23,bus.loop.traffic.jam.fever.bus.puzzle,"Bus Loop:Jam Master"
07:00,24,com.fatmerge.global,"グルメ・ジャーニー"
07:00,25,com.run.tower.defense,"キングショット"
07:00,26,tokyo.chickenskin.imikowa,"意味怖ストーリー：バッドエンドを回避せよ！"
07:00,27,com.playrix.township,"タウンシップ (Township)"
07:00,28,jp.co.applibot.chiikawapocket,"ちいかわぽけっと"
07:00,29,com.nianticlabs.pokemongo,"Pokémon GO"
07:00,30,com.yzlm.jp.and,"勇者連盟：暁の遠征"
07:00,31,com.oakever.arrows,"Amaze GO! - 矢印 パズル"
07:00,32,bus.games.car.out.traffic.parking.jam.escape.puzzle,"バスゲーム・駐車場パズル：Bus Madness"
07:00,33,com.gof.global,"ホワイトアウト・サバイバル"
07:00,34,com.dreamgames.royalkingdom,"ロイヤルキングダム (Royal Kingdom)"
07:00,35,com.vitastudio.mahjong,"ヴィータ麻雀(Vita Mahjong)"
07:00,36,com.fluffydrop.op.gp,"Fluffy Drop"
07:00,37,jp.co.ponos.battlecats,"にゃんこ大戦争"
07:00,38,com.nebula.tiles,"タップタイル (Tap Tile)"
07:00,39,com.tripledot.blockssmashgame,"Stack Smash - Block 3D Puzzle"
07:00,40,com.supercell.brawlstars,"ブロスタ"
07:00,41,com.linecorp.LGSBJ22,"LINE：ブロックジャム"
07:00,42,com.leap.searchit,"Search It – 隠しアイテム探し"
07:00,43,com.onyxhook.nekotabi,"ねこ旅 – 放置×収集×ポイ活アプリ"
07:00,44,air.jp.globalgear.kechi,"ドケチボーイ -脱出ゲーム"
07:00,45,jp.pokemon.pokemontcgp,"Pokémon TCG Pocket"
07:00,46,com.fty.trickmean2game,"トリミン2！-トリッキーミーン2 いじわる脳トレパズルゲーム"
07:00,47,com.sled.surfers.game,"Sled Surfers - ズ - 坂冒険"
07:00,48,com.pocket.sort.coin.puzzle.game,"ポケットソート (Pocket Sort)：コインパズル"
07:00,49,com.furrjam.traffic.jamgame,"FurrJam:Hop In!"
07:00,50,com.tgc.sky.android,"Sky 星を紡ぐ子どもたち"
07:00,51,com.youmusic.magictiles,"魔法のタイルズ3 - ピアノ曲 & ゲーム"
07:00,52,com.soccer.score.star,"サッカースーパースター(Soccer Superstar)"
07:00,53,pics.karaage.sokutaiho,"巡回中！即タイホ！"
07:00,54,com.nebula.mahjongtile,"麻雀ブラスト (Mahjong Blast)"
07:00,55,water.sort.color.puzzle.offline.games,"Water Sort! カラーロジック"
07:00,56,com.epicgames.fortnite,"フォートナイト"
07:00,57,com.vigafun.funfinity.foodhunt,"Food Hunt: Pixel Puzzle"
07:00,58,block.color.game.jam.blocks.sort.puzzle.games.slide.free,"ブロックカラー・マニア"
07:00,59,com.topwar.gp,"トップウォー"
07:00,60,com.bunbunstudio.magicblocktiles,"ぴあのたいる7: 音ゲー . リズムゲーム"
07:00,61,com.dreamgames.royalmatch,"ロイヤルマッチ Royal Match"
07:00,62,com.zigzagame.paranoize,"パラノイズ"
07:00,63,com.ocean.block.shoot,"Ocean Block Shoot"
07:00,64,com.find.spot.photo.hunt.differences.free.hidden,"間違い探し：違いを探す楽しいパズルゲーム"
07:00,65,com.nutsbolts.zgsn,"Romantic Nuts & Bolts Sorting"
07:00,66,com.chirpysort.game.android,"Chirpy Sort: Bird Color Puzzle"
07:00,67,com.wood.bolt.wordle.screw.nuts.puzzle,"ネジパズル: 脳トレ ウッド パズル - 人気 ネジ ゲーム"
07:00,68,com.gtsy.annoying.punch.game,"Annoying Uncle - パンチゲーム"
07:00,69,com.hypervation.goodssort,"Goods Sort Match - パズル"
07:00,70,com.axmeksl.oelasjkq,"鬼討ち剣士：日の呼吸"
07:00,71,com.merge.game.foodstars,"フードスター:マージ & クック"
07:00,72,com.easybrain.sudoku.android,"ナンプレ - ロジックパズルゲーム"
07:00,73,com.whoyaho.tanghulu,"フルーツ飴の達人 - ドバイもち、パフェ、ASMR、モッパン"
07:00,74,com.brain.logic.joygame,"Brain Puzzle 2: Logic Twist"
07:00,75,com.gartic.garticphone,"Gartic Phone"
07:00,76,jp.co.drecom.wizardry.daphne,"Wizardry Variants Daphne"
07:00,77,com.cliffs.pro.cell.building.crazy.clever.craft,"Block Crazy Robo World Craft"
07:00,78,com.square_enix.android_googleplay.dqsgj,"ドラゴンクエストスマッシュグロウ ドラクエローグライトRPG"
07:00,79,com.sega.pjsekai,"プロジェクトセカイ カラフルステージ！ feat. 初音ミク"
07:00,80,wool.match.color.sort.jam.puzzle,"毛糸クラッシュ"
07:00,81,com.funplus.ts.global,"タイルズ・サバイバル"
07:00,82,com.shogunstudios.poikatsuhakkosusumukun,"ポイ活 発酵！ススムくん：放置ゲームで簡単ポイント稼ぎ"
07:00,83,com.carnival.blast.smash3d,"Carnival Blast!"
07:00,84,hidden.object.find.seek.search.mystery.puzzle.games.free,"隠しオブジェクトゲーム：探してみよう"
07:00,85,com.media720.games2020,"オフラインゲーム 暇つぶし 楽しい ミニパズルボード"
07:00,86,com.pixel.art.coloring.color.number,"Happy Color® – 数字で塗り絵と色ぬりえ"
07:00,87,io.supercent.linkedcubic,"スネーククラッシュ (Snake Clash)"
07:00,88,com.HoYoverse.Nap,"ゼンレスゾーンゼロ - アニバーサリー"
07:00,89,com.linecorp.LGTMTM,"LINE：ディズニー ツムツム"
07:00,90,com.QdanApp.QdanGames,"どこでもパーティーゲーム「どこパ」（ワードウルフオンライン）"
07:00,91,jigsolitaire.jigsort.jigsaw.solitaire.puzzle,"ジグソートパズル：ソリティアの楽しさを楽しもう"
07:00,92,com.global.ztmslg,"パズル&サバイバル"
07:00,93,com.agavegames.findthecat2,"Find The Cat 2 - Spot It!"
07:00,94,com.wood.block.sudoku.puzzle.bm,"Block Crush: ブロックブラストパズル"
07:00,95,com.mahjong.master.solitaire.match.puzzle,"麻雀マスター：デイリーマッチ"
07:00,96,com.merge.cooking.theme.restaurant.food,"マージクッキング テーマレストラン"
07:00,97,gridplus.busjam.carpuzzle,"Bus Fever-Car Jam Escape"
07:00,98,com.FortuneMine.CarnivalKnockdown,"Carnival Knockdown"
07:00,99,daily.number.match.free.puzzle,"デイリーナンバーマッチ"
07:00,100,com.nexters.herowars,"ヒーローウォーズ：アライアンス — 放置系ロールプレイング"
07:00,101,jigsaw.solitaire.match.games.free,"ジグソードロップ：ソリティアパズル"
07:00,102,com.innersloth.spacemafia,"Among Us"
07:00,103,com.igg.android.doomsdaylastsurvivors,"ドゥームズデイ：オデュッセウスの帰還"
07:00,104,io.voodoo.paper2,"Paper.io 2"
07:00,105,beats.color.sing.star.rush,"魔法ピアノタイル9 : ピアノゲーム、おんがくげーむ、音ゲー"
07:00,106,com.rescue.agent,"ヘリコプター・エスケープ"
07:00,107,water.sort.master.colors.games,"Water Sort: Master Colors"
07:00,108,water.sort.puzzle.game.color.sorting.free,"水選別パズルゲーム - 楽しい色分けパズルゲーム"
07:00,109,com.bravestars.savethedog.drawgame,"Save The Pets"
07:00,110,com.easybrain.brick.balls.blast,"Brick Blast - ブロック崩し"
07:00,111,com.easybrain.brainy.joygame,"Puzzle Time: Brainy Challenge"
07:00,112,jp.gungho.pad,"パズル＆ドラゴンズ"
07:00,113,jp.co.sega.am2.MJMobile,"セガNET麻雀 MJ"
07:00,114,easy.sudoku.puzzle.solver.free,"ナンプレ - 大人気アプリ"
07:00,115,jp.pokemon.pokemonsleep,"Pokémon Sleep"
07:00,116,com.fun.brain.game,"ブレパズ！Brain Puzzle ひっかけパズル"
07:00,117,com.mobcast.okp,"キングダム 乱 -天下統一への道- 究極の本格戦略ゲーム"
07:00,118,ball.sort.puzzle.color.sorting.bubble.games,"ボール選別 - 脳を鍛える色分けパズル ゲーム"
07:00,119,com.xman.jp.gp,"X-Clash"
07:00,120,find.difference.spot.differences.hidden.puzzle.games.free,"間違い探し - 見つけてスポット"
07:00,121,com.magic.relaxing.water.sort.colorgame.puzzle,"3D Colorful Sort™ 魔法の水"
07:00,122,com.rush.xtreme.sports,"ラッシュ：エクストリーム (RUSH: Xtreme)"
07:00,123,com.readygo.barrel.gp,"ラストZ：サバイバルシューティング"
07:00,124,jp.co.mixi.monsterstrike,"モンスターストライク"
07:00,125,com.hmbl.perfect.makeover.cleaning.asmr,"Perfect Makeover Cleaning ASMR"
07:00,126,io.voodoo.holeio,"ホール.io"
07:00,127,net.peakgames.toonblast,"トゥーンブラスト (Toon Blast)"
07:00,128,com.mobsmile.coincollector,"Coin Collector"
07:00,129,com.farlightgames.pgame.gp,"モンスターサバイバル"
07:00,130,com.unicostudio.braintest,"ブレインテスト(Brain Test)：ひっかけパズル"
07:00,131,com.kwalee.drawit,"ドロー・イット"
07:00,132,com.gamovation.tileclub,"タイルクラブ - マッチングゲーム"
07:00,133,com.robtopx.geometryjumplite,"Geometry Dash Lite"
07:00,134,com.fliqs.chameleon.hunt.hide.seek,"Chameleon Hunt: Hide & Seek"
07:00,135,com.combo.knockout,"Knock Out"
07:00,136,com.cedargames.mysterytown,"ミステリータウン：マージゲーム (Mystery Town)"
07:00,137,jp.konami.prospia,"プロ野球スピリッツA"
07:00,138,com.eurekastudio.mapfit,"Map Fit（マップフィット）-究極の地図パズル-"
07:00,139,com.ig.screwdom,"Screwdom 3D"
07:00,140,com.lighthouse.freeplay.jp,"終焉のヒカリ"
07:00,141,com.fungames.blockcraft,"ブロッククラフト3D (Block Craft)：建設ゲーム"
07:00,142,com.vincentb.MobControl,"Mob Control"
07:00,143,com.JindoBlu.OfflineGames,"オフラインゲーム - 暇つぶし ゲーム - パズルゲーム"
07:00,144,com.football.soccer.league,"サッカーリーグ2026"
07:00,145,com.HoYoverse.cloudgames.Nap,"ゼンレスゾーンゼロ・クラウド版 - アニバーサリー"
07:00,146,com.phs.global,"ラストアサイラム：プレイグ"
07:00,147,com.rotatelab.cubeblast,"Cube Land Puzzle Game"
07:00,148,com.devsisters.cc,"クッキーラン：クランブル - 放置系RPG"
07:00,149,com.ew.mahjong,"楽しい麻雀マッチ"
07:00,150,com.slg.savagesurvival,"サベージ・サバイバル：恐竜の咆哮"
07:00,151,com.car.parking.bus.mania.traffic.jam,"Bus Jam：駐車場ゲーム パーキングジャム"
07:00,152,com.ea.gp.fifamobile,"EA SPORTS FC™ サッカー Mobile 2026"
07:00,153,com.kite.knockfever,"Knock Fever"
07:00,154,com.miHoYo.GenshinImpact,"原神～空月の歌～"
07:00,155,com.crossfield.mahjong,"麻雀 闘龍 - 初心者から楽しめる麻雀ゲーム"
07:00,156,com.kiwifun.game.android.screw.master,"ネジ3Dパズル：ピンを外すゲーム"
07:00,157,com.fiveminlab.overgeared.hero.backpack.merge,"チート勇者～インベントリ攻略ゲー～RPG"
07:00,158,jp.co.level5.inazumacross,"イナズマイレブン クロス"
07:00,159,com.actgames.HelloKittyMDS,"ハローキティ：マイドリームストア"
07:00,160,com.bandainamcoent.dblegends_jp,"ドラゴンボール レジェンズ"
07:00,161,net.peakgames.match,"マッチファクトリー(Match Factory)!"
07:00,162,com.mini.football.filter.games,"Mini Soccer: Football Cup 2026"
07:00,163,solitaire.word.association.connections.puzzle,"ソリティアワード: Solitaire Connection"
07:00,164,com.studiobside.starMain,"スターセイヴァー"
07:00,165,defense.roguelike.cell.shoot.survivor,"セルサバイバー"
07:00,166,com.h8games.littlefarmstory,"リトルファームストーリー"
07:00,167,com.HoYoverse.hkrpgoversea,"崩壊：スターレイル"
07:00,168,com.Chodun.CatGunner,"にゃんこ銃士：放置育成RPG"
07:00,169,com.ultimatelavashgames.rollthehole,"たべるジェリーホール - Jelly Hole"
07:00,170,loppipoppi.numbermatch,"Number Clash - Math Game"
07:00,171,tokyo.chickenskin.yokai,"妖怪カノジョ：妖怪はキミに恋をする"
07:00,172,com.playrix.gardenscapes,"ガーデンスケイプ(Gardenscapes)"
07:00,173,com.YostarJP.BlueArchive,"ブルーアーカイブ"
07:00,174,com.cat.hole.puzzle.aos,"落ちにゃん！"
07:00,175,com.sega.Kotodaman,"コトダマン ‐ 共闘ことばRPG"
07:00,176,com.tfgco.apps.coloring.free.color.by.number,"番号でぬりえ: ピクセル着色ゲーム"
07:00,177,screw.puzzle.match3.brain.puzz,"ネジマッチ: Screw Sort 3D ネジパズル ボルト"
07:00,178,io.supercent.pizzaidle,"ピザレディー (Pizza Ready)"
07:00,179,jp.co.ponos.nmt,"パズルで豊作！にゃんこ村"
07:00,180,diamond.pixel.art.jewel.color.flow.sort.puzzle,"ジュエルカラーソート：ダイヤゲーム"
07:00,181,com.square_enix.android_googleplay.dqwalkj,"ドラゴンクエストウォーク"
07:00,182,com.arrow.madness.games.arrows.escape.puzzle.game,"Maze Madness - 脳トレパズル"
07:00,183,com.YoStarJP.MajSoul,"雀魂‐じゃんたま‐"
07:00,184,com.hp.keyboard.obby.asmr.speed.run,"Keyboard Obby: ASMR Speed Run"
07:00,185,com.bandainamcoent.opbrjp,"ONE PIECE バウンティラッシュ - アクションゲーム"
07:00,186,com.kite.kittypick,"Kitty Pick"
07:00,187,com.fty.tonari,"隣の席はだれ？ - 暇つぶし論理パズルゲーム"
07:00,188,com.loop.clear.cube.free.card.puzzle.sort.match,"ループマスター（Loop Master）"
07:00,189,com.ares.twd,"The Walking Dead: Aftermath"
07:00,190,com.qookkagames.xczyw.gp.jp,"信長の野望 真戦"
07:00,191,com.oakever.tiletrip,"Tile Explorer - トリプルマッチ"
07:00,192,com.king.candycrushsaga,"キャンディークラッシュ (Candy Crush Saga)"
07:00,193,com.kotoko.bside,"Bside: AIチャット&ストーリー&シミュレーション"
07:00,194,com.goods.sorting.games.triple.match3d.puzzle,"商品整理ゲーム：3Dパズル"
07:00,195,com.arrow.tap.maze.cube.puzzle.escape,"Arrow Block 3D: タップアウト矢印パズル"
07:00,196,com.pronetis.ironball2,"ゴーイングボールズ (Going Balls)"
07:00,197,com.nintendo.zaba,"ファイアーエムブレム  ヒーローズ"
07:00,198,game.piano.music.tiles.challenge,"ピアノゲームクラシック - チャレンジミュージックソング"
07:00,199,mahjong.breeze.tile.match.game,"Mahjong Breeze - Tile Match"
07:00,200,com.yoyogames.love.makeover.dressup.dating.crush.game,"Love Makeover: 着せ替えコーデ"
08:00,1,game.qualiarts.hololive.dreams.jp,"ホロライブドリームス"
08:00,2,jp.co.goodroid.hyper.busflow,"Bus Traffic Fever!　"
08:00,3,jp.gree_ent.mushoku,"無職転生〜異世界行ったら本気だす〜クロニクル・オブ・エコーズ"
08:00,4,com.oakever.meowdoku,"Meowdoku"
08:00,5,com.cyphergames.royalsmash,"Royal Smash! - Physics Puzzle"
08:00,6,jp.sammynet.next.ort.a0221,"[777Real] A-SLOT+ 異世界かるてっと BT"
08:00,7,com.grandgames.magicsort,"マジックソート！ (Magic Sort !)"
08:00,8,com.mobirix.ldwm,"スイカ作り2048"
08:00,9,com.mergegames.gossipharbor,"ゴシップハーバー：マージ & ストーリー"
08:00,10,jp.konami.pesam,"eFootball™"
08:00,11,com.block.juggle,"ブロックブラスト (Block Blast)"
08:00,12,com.unept.leveldevil,"Level Devil - NOT A Troll Game"
08:00,13,com.roblox.client,"Roblox (ロブロックス)"
08:00,14,com.ecffri.arrows,"アローズ – パズルエスケープ (Arrows)"
08:00,15,com.hollywood.merge,"ハリウッドマージ"
08:00,16,com.puzzlegames.puzzlebrickslegend,"カラーブロック：爽快パズル(ColorBlock)"
08:00,17,color.number.paint.pixle.art.sort.jigsaw,"Jewel Coloring"
08:00,18,tokyo.chickenskin.imikowa,"意味怖ストーリー：バッドエンドを回避せよ！"
08:00,19,sorting.games.goods.sort.triple.match3d.puzzle.stuff,"商品整理ゲーム：3Dパズル"
08:00,20,com.kayac.slow_mo_strike,"Slow Mo Strike: ナイフ投げアクション"
08:00,21,com.fatmerge.global,"グルメ・ジャーニー"
08:00,22,com.run.tower.defense,"キングショット"
08:00,23,com.playrix.township,"タウンシップ (Township)"
08:00,24,jp.co.applibot.chiikawapocket,"ちいかわぽけっと"
08:00,25,com.nianticlabs.pokemongo,"Pokémon GO"
08:00,26,jp.pokemon.pokemonchampions,"Pokémon Champions"
08:00,27,com.brain.crazy.joygame,"Brain Puzzle 3: Crazy Mind"
08:00,28,com.oakever.arrows,"Amaze GO! - 矢印 パズル"
08:00,29,bus.games.car.out.traffic.parking.jam.escape.puzzle,"バスゲーム・駐車場パズル：Bus Madness"
08:00,30,com.bandainamcoent.dgup_jp,"デジモンUP"
08:00,31,com.gof.global,"ホワイトアウト・サバイバル"
08:00,32,com.dreamgames.royalkingdom,"ロイヤルキングダム (Royal Kingdom)"
08:00,33,bus.loop.traffic.jam.fever.bus.puzzle,"Bus Loop:Jam Master"
08:00,34,com.supercell.brawlstars,"ブロスタ"
08:00,35,com.vitastudio.mahjong,"ヴィータ麻雀(Vita Mahjong)"
08:00,36,jp.co.ponos.battlecats,"にゃんこ大戦争"
08:00,37,com.linecorp.LGSBJ22,"LINE：ブロックジャム"
08:00,38,com.onyxhook.nekotabi,"ねこ旅 – 放置×収集×ポイ活アプリ"
08:00,39,com.sled.surfers.game,"Sled Surfers - ズ - 坂冒険"
08:00,40,com.tripledot.blockssmashgame,"Stack Smash - Block 3D Puzzle"
08:00,41,com.pocket.sort.coin.puzzle.game,"ポケットソート (Pocket Sort)：コインパズル"
08:00,42,com.furrjam.traffic.jamgame,"FurrJam:Hop In!"
08:00,43,com.leap.searchit,"Search It – 隠しアイテム探し"
08:00,44,air.jp.globalgear.kechi,"ドケチボーイ -脱出ゲーム"
08:00,45,jp.pokemon.pokemontcgp,"Pokémon TCG Pocket"
08:00,46,com.fty.trickmean2game,"トリミン2！-トリッキーミーン2 いじわる脳トレパズルゲーム"
08:00,47,com.tgc.sky.android,"Sky 星を紡ぐ子どもたち"
08:00,48,com.youmusic.magictiles,"魔法のタイルズ3 - ピアノ曲 & ゲーム"
08:00,49,com.soccer.score.star,"サッカースーパースター(Soccer Superstar)"
08:00,50,pics.karaage.sokutaiho,"巡回中！即タイホ！"
08:00,51,com.nebula.tiles,"タップタイル (Tap Tile)"
08:00,52,com.bunbunstudio.magicblocktiles,"ぴあのたいる7: 音ゲー . リズムゲーム"
08:00,53,com.yzlm.jp.and,"勇者連盟：暁の遠征"
08:00,54,com.nebula.mahjongtile,"麻雀ブラスト (Mahjong Blast)"
08:00,55,water.sort.color.puzzle.offline.games,"Water Sort! カラーロジック"
08:00,56,com.epicgames.fortnite,"フォートナイト"
08:00,57,com.vigafun.funfinity.foodhunt,"Food Hunt: Pixel Puzzle"
08:00,58,block.color.game.jam.blocks.sort.puzzle.games.slide.free,"ブロックカラー・マニア"
08:00,59,com.topwar.gp,"トップウォー"
08:00,60,com.fluffydrop.op.gp,"Fluffy Drop"
08:00,61,com.dreamgames.royalmatch,"ロイヤルマッチ Royal Match"
08:00,62,com.zigzagame.paranoize,"パラノイズ"
08:00,63,com.ocean.block.shoot,"Ocean Block Shoot"
08:00,64,com.find.spot.photo.hunt.differences.free.hidden,"間違い探し：違いを探す楽しいパズルゲーム"
08:00,65,com.axmeksl.oelasjkq,"鬼討ち剣士：日の呼吸"
08:00,66,com.nutsbolts.zgsn,"Romantic Nuts & Bolts Sorting"
08:00,67,com.wood.bolt.wordle.screw.nuts.puzzle,"ネジパズル: 脳トレ ウッド パズル - 人気 ネジ ゲーム"
08:00,68,com.merge.game.foodstars,"フードスター:マージ & クック"
08:00,69,com.easybrain.sudoku.android,"ナンプレ - ロジックパズルゲーム"
08:00,70,com.whoyaho.tanghulu,"フルーツ飴の達人 - ドバイもち、パフェ、ASMR、モッパン"
08:00,71,com.gartic.garticphone,"Gartic Phone"
08:00,72,jp.co.drecom.wizardry.daphne,"Wizardry Variants Daphne"
08:00,73,com.square_enix.android_googleplay.dqsgj,"ドラゴンクエストスマッシュグロウ ドラクエローグライトRPG"
08:00,74,com.sega.pjsekai,"プロジェクトセカイ カラフルステージ！ feat. 初音ミク"
08:00,75,wool.match.color.sort.jam.puzzle,"毛糸クラッシュ"
08:00,76,com.funplus.ts.global,"タイルズ・サバイバル"
08:00,77,com.carnival.blast.smash3d,"Carnival Blast!"
08:00,78,hidden.object.find.seek.search.mystery.puzzle.games.free,"隠しオブジェクトゲーム：探してみよう"
08:00,79,com.media720.games2020,"オフラインゲーム 暇つぶし 楽しい ミニパズルボード"
08:00,80,com.pixel.art.coloring.color.number,"Happy Color® – 数字で塗り絵と色ぬりえ"
08:00,81,io.supercent.linkedcubic,"スネーククラッシュ (Snake Clash)"
08:00,82,com.HoYoverse.Nap,"ゼンレスゾーンゼロ - アニバーサリー"
08:00,83,com.linecorp.LGTMTM,"LINE：ディズニー ツムツム"
08:00,84,com.QdanApp.QdanGames,"どこでもパーティーゲーム「どこパ」（ワードウルフオンライン）"
08:00,85,jigsolitaire.jigsort.jigsaw.solitaire.puzzle,"ジグソートパズル：ソリティアの楽しさを楽しもう"
08:00,86,com.global.ztmslg,"パズル&サバイバル"
08:00,87,com.gtsy.annoying.punch.game,"Annoying Uncle - パンチゲーム"
08:00,88,com.agavegames.findthecat2,"Find The Cat 2 - Spot It!"
08:00,89,com.wood.block.sudoku.puzzle.bm,"Block Crush: ブロックブラストパズル"
08:00,90,com.chirpysort.game.android,"Chirpy Sort: Bird Color Puzzle"
08:00,91,jigsaw.solitaire.match.games.free,"ジグソードロップ：ソリティアパズル"
08:00,92,com.merge.cooking.theme.restaurant.food,"マージクッキング テーマレストラン"
08:00,93,com.hypervation.goodssort,"Goods Sort Match - パズル"
08:00,94,daily.number.match.free.puzzle,"デイリーナンバーマッチ"
08:00,95,com.nexters.herowars,"ヒーローウォーズ：アライアンス — 放置系ロールプレイング"
08:00,96,com.innersloth.spacemafia,"Among Us"
08:00,97,com.magic.relaxing.water.sort.colorgame.puzzle,"3D Colorful Sort™ 魔法の水"
08:00,98,com.devsisters.cc,"クッキーラン：クランブル - 放置系RPG"
08:00,99,com.xman.jp.gp,"X-Clash"
08:00,100,com.igg.android.doomsdaylastsurvivors,"ドゥームズデイ：オデュッセウスの帰還"
08:00,101,com.hmbl.perfect.makeover.cleaning.asmr,"Perfect Makeover Cleaning ASMR"
08:00,102,io.voodoo.paper2,"Paper.io 2"
08:00,103,water.sort.puzzle.game.color.sorting.free,"水選別パズルゲーム - 楽しい色分けパズルゲーム"
08:00,104,com.robtopx.geometryjumplite,"Geometry Dash Lite"
08:00,105,com.bravestars.savethedog.drawgame,"Save The Pets"
08:00,106,com.easybrain.brick.balls.blast,"Brick Blast - ブロック崩し"
08:00,107,com.easybrain.brainy.joygame,"Puzzle Time: Brainy Challenge"
08:00,108,jp.gungho.pad,"パズル＆ドラゴンズ"
08:00,109,jp.co.sega.am2.MJMobile,"セガNET麻雀 MJ"
08:00,110,easy.sudoku.puzzle.solver.free,"ナンプレ - 大人気アプリ"
08:00,111,com.cliffs.pro.cell.building.crazy.clever.craft,"Block Crazy Robo World Craft"
08:00,112,jp.pokemon.pokemonsleep,"Pokémon Sleep"
08:00,113,com.brain.logic.joygame,"Brain Puzzle 2: Logic Twist"
08:00,114,com.mobcast.okp,"キングダム 乱 -天下統一への道- 究極の本格戦略ゲーム"
08:00,115,ball.sort.puzzle.color.sorting.bubble.games,"ボール選別 - 脳を鍛える色分けパズル ゲーム"
08:00,116,com.combo.knockout,"Knock Out"
08:00,117,find.difference.spot.differences.hidden.puzzle.games.free,"間違い探し - 見つけてスポット"
08:00,118,com.rush.xtreme.sports,"ラッシュ：エクストリーム (RUSH: Xtreme)"
08:00,119,com.readygo.barrel.gp,"ラストZ：サバイバルシューティング"
08:00,120,jp.co.mixi.monsterstrike,"モンスターストライク"
08:00,121,io.voodoo.holeio,"ホール.io"
08:00,122,net.peakgames.toonblast,"トゥーンブラスト (Toon Blast)"
08:00,123,com.farlightgames.pgame.gp,"モンスターサバイバル"
08:00,124,com.unicostudio.braintest,"ブレインテスト(Brain Test)：ひっかけパズル"
08:00,125,com.kwalee.drawit,"ドロー・イット"
08:00,126,com.gamovation.tileclub,"タイルクラブ - マッチングゲーム"
08:00,127,com.fliqs.chameleon.hunt.hide.seek,"Chameleon Hunt: Hide & Seek"
08:00,128,beats.color.sing.star.rush,"魔法ピアノタイル9 : ピアノゲーム、おんがくげーむ、音ゲー"
08:00,129,com.cedargames.mysterytown,"ミステリータウン：マージゲーム (Mystery Town)"
08:00,130,jp.konami.prospia,"プロ野球スピリッツA"
08:00,131,com.eurekastudio.mapfit,"Map Fit（マップフィット）-究極の地図パズル-"
08:00,132,com.shogunstudios.poikatsuhakkosusumukun,"ポイ活 発酵！ススムくん：放置ゲームで簡単ポイント稼ぎ"
08:00,133,com.ig.screwdom,"Screwdom 3D"
08:00,134,com.lighthouse.freeplay.jp,"終焉のヒカリ"
08:00,135,com.fungames.blockcraft,"ブロッククラフト3D (Block Craft)：建設ゲーム"
08:00,136,com.vincentb.MobControl,"Mob Control"
08:00,137,gridplus.busjam.carpuzzle,"Bus Fever-Car Jam Escape"
08:00,138,com.JindoBlu.OfflineGames,"オフラインゲーム - 暇つぶし ゲーム - パズルゲーム"
08:00,139,com.football.soccer.league,"サッカーリーグ2026"
08:00,140,com.HoYoverse.cloudgames.Nap,"ゼンレスゾーンゼロ・クラウド版 - アニバーサリー"
08:00,141,com.phs.global,"ラストアサイラム：プレイグ"
08:00,142,com.rotatelab.cubeblast,"Cube Land Puzzle Game"
08:00,143,com.mini.football.filter.games,"Mini Soccer: Football Cup 2026"
08:00,144,com.mahjong.master.solitaire.match.puzzle,"麻雀マスター：デイリーマッチ"
08:00,145,com.ew.mahjong,"楽しい麻雀マッチ"
08:00,146,water.sort.master.colors.games,"Water Sort: Master Colors"
08:00,147,com.rescue.agent,"ヘリコプター・エスケープ"
08:00,148,com.car.parking.bus.mania.traffic.jam,"Bus Jam：駐車場ゲーム パーキングジャム"
08:00,149,com.ea.gp.fifamobile,"EA SPORTS FC™ サッカー Mobile 2026"
08:00,150,com.kite.knockfever,"Knock Fever"
08:00,151,com.miHoYo.GenshinImpact,"原神～空月の歌～"
08:00,152,com.crossfield.mahjong,"麻雀 闘龍 - 初心者から楽しめる麻雀ゲーム"
08:00,153,com.kiwifun.game.android.screw.master,"ネジ3Dパズル：ピンを外すゲーム"
08:00,154,com.fiveminlab.overgeared.hero.backpack.merge,"チート勇者～インベントリ攻略ゲー～RPG"
08:00,155,jp.co.level5.inazumacross,"イナズマイレブン クロス"
08:00,156,com.actgames.HelloKittyMDS,"ハローキティ：マイドリームストア"
08:00,157,com.bandainamcoent.dblegends_jp,"ドラゴンボール レジェンズ"
08:00,158,net.peakgames.match,"マッチファクトリー(Match Factory)!"
08:00,159,com.loop.clear.cube.free.card.puzzle.sort.match,"ループマスター（Loop Master）"
08:00,160,solitaire.word.association.connections.puzzle,"ソリティアワード: Solitaire Connection"
08:00,161,com.studiobside.starMain,"スターセイヴァー"
08:00,162,defense.roguelike.cell.shoot.survivor,"セルサバイバー"
08:00,163,com.h8games.littlefarmstory,"リトルファームストーリー"
08:00,164,com.hp.keyboard.obby.asmr.speed.run,"Keyboard Obby: ASMR Speed Run"
08:00,165,com.HoYoverse.hkrpgoversea,"崩壊：スターレイル"
08:00,166,com.Chodun.CatGunner,"にゃんこ銃士：放置育成RPG"
08:00,167,com.ultimatelavashgames.rollthehole,"たべるジェリーホール - Jelly Hole"
08:00,168,loppipoppi.numbermatch,"Number Clash - Math Game"
08:00,169,tokyo.chickenskin.yokai,"妖怪カノジョ：妖怪はキミに恋をする"
08:00,170,com.playrix.gardenscapes,"ガーデンスケイプ(Gardenscapes)"
08:00,171,com.YostarJP.BlueArchive,"ブルーアーカイブ"
08:00,172,com.cat.hole.puzzle.aos,"落ちにゃん！"
08:00,173,com.fun.brain.game,"ブレパズ！Brain Puzzle ひっかけパズル"
08:00,174,com.sega.Kotodaman,"コトダマン ‐ 共闘ことばRPG"
08:00,175,com.tfgco.apps.coloring.free.color.by.number,"番号でぬりえ: ピクセル着色ゲーム"
08:00,176,screw.puzzle.match3.brain.puzz,"ネジマッチ: Screw Sort 3D ネジパズル ボルト"
08:00,177,io.supercent.pizzaidle,"ピザレディー (Pizza Ready)"
08:00,178,jp.co.ponos.nmt,"パズルで豊作！にゃんこ村"
08:00,179,diamond.pixel.art.jewel.color.flow.sort.puzzle,"ジュエルカラーソート：ダイヤゲーム"
08:00,180,com.square_enix.android_googleplay.dqwalkj,"ドラゴンクエストウォーク"
08:00,181,com.FortuneMine.CarnivalKnockdown,"Carnival Knockdown"
08:00,182,com.arrow.madness.games.arrows.escape.puzzle.game,"Maze Madness - 脳トレパズル"
08:00,183,com.YoStarJP.MajSoul,"雀魂‐じゃんたま‐"
08:00,184,com.bandainamcoent.opbrjp,"ONE PIECE バウンティラッシュ - アクションゲーム"
08:00,185,com.kite.kittypick,"Kitty Pick"
08:00,186,com.game.friends.jp,"TopTop(トップトップ) - 友達と一緒に遊ぼう"
08:00,187,com.ares.twd,"The Walking Dead: Aftermath"
08:00,188,com.qookkagames.xczyw.gp.jp,"信長の野望 真戦"
08:00,189,com.slg.savagesurvival,"サベージ・サバイバル：恐竜の咆哮"
08:00,190,com.oakever.tiletrip,"Tile Explorer - トリプルマッチ"
08:00,191,com.king.candycrushsaga,"キャンディークラッシュ (Candy Crush Saga)"
08:00,192,com.kotoko.bside,"Bside: AIチャット&ストーリー&シミュレーション"
08:00,193,com.sg.block.puzzle.quest.story,"ブロックパズル - のクラシック・ブロックパズルゲーム"
08:00,194,com.familygo.simgame,"Family Go! - 結婚・子育て・世代継承"
08:00,195,com.goods.sorting.games.triple.match3d.puzzle,"商品整理ゲーム：3Dパズル"
08:00,196,com.pronetis.ironball2,"ゴーイングボールズ (Going Balls)"
08:00,197,com.mobsmile.coincollector,"Coin Collector"
08:00,198,com.nintendo.zaba,"ファイアーエムブレム  ヒーローズ"
08:00,199,game.piano.music.tiles.challenge,"ピアノゲームクラシック - チャレンジミュージックソング"
08:00,200,mahjong.breeze.tile.match.game,"Mahjong Breeze - Tile Match"
10:00,1,game.qualiarts.hololive.dreams.jp,"ホロライブドリームス"
10:00,2,jp.co.goodroid.hyper.busflow,"Bus Traffic Fever!　"
10:00,3,jp.gree_ent.mushoku,"無職転生〜異世界行ったら本気だす〜クロニクル・オブ・エコーズ"
10:00,4,com.oakever.meowdoku,"Meowdoku"
10:00,5,com.cyphergames.royalsmash,"Royal Smash! - Physics Puzzle"
10:00,6,com.mobirix.ldwm,"スイカ作り2048"
10:00,7,com.mergegames.gossipharbor,"ゴシップハーバー：マージ & ストーリー"
10:00,8,jp.sammynet.next.ort.a0221,"[777Real] A-SLOT+ 異世界かるてっと BT"
10:00,9,com.block.juggle,"ブロックブラスト (Block Blast)"
10:00,10,com.unept.leveldevil,"Level Devil - NOT A Troll Game"
10:00,11,com.grandgames.magicsort,"マジックソート！ (Magic Sort !)"
10:00,12,jp.konami.pesam,"eFootball™"
10:00,13,com.roblox.client,"Roblox (ロブロックス)"
10:00,14,sorting.games.goods.sort.triple.match3d.puzzle.stuff,"商品整理ゲーム：3Dパズル"
10:00,15,com.ecffri.arrows,"アローズ – パズルエスケープ (Arrows)"
10:00,16,com.hollywood.merge,"ハリウッドマージ"
10:00,17,color.number.paint.pixle.art.sort.jigsaw,"Jewel Coloring"
10:00,18,com.run.tower.defense,"キングショット"
10:00,19,com.fatmerge.global,"グルメ・ジャーニー"
10:00,20,com.puzzlegames.puzzlebrickslegend,"カラーブロック：爽快パズル(ColorBlock)"
10:00,21,jp.co.applibot.chiikawapocket,"ちいかわぽけっと"
10:00,22,tokyo.chickenskin.imikowa,"意味怖ストーリー：バッドエンドを回避せよ！"
10:00,23,com.nianticlabs.pokemongo,"Pokémon GO"
10:00,24,com.kayac.slow_mo_strike,"Slow Mo Strike: ナイフ投げアクション"
10:00,25,com.gof.global,"ホワイトアウト・サバイバル"
10:00,26,com.dreamgames.royalkingdom,"ロイヤルキングダム (Royal Kingdom)"
10:00,27,com.playrix.township,"タウンシップ (Township)"
10:00,28,com.vitastudio.mahjong,"ヴィータ麻雀(Vita Mahjong)"
10:00,29,com.tgc.sky.android,"Sky 星を紡ぐ子どもたち"
10:00,30,jp.pokemon.pokemonchampions,"Pokémon Champions"
10:00,31,com.leap.searchit,"Search It – 隠しアイテム探し"
10:00,32,com.brain.crazy.joygame,"Brain Puzzle 3: Crazy Mind"
10:00,33,com.oakever.arrows,"Amaze GO! - 矢印 パズル"
10:00,34,bus.games.car.out.traffic.parking.jam.escape.puzzle,"バスゲーム・駐車場パズル：Bus Madness"
10:00,35,com.youmusic.magictiles,"魔法のタイルズ3 - ピアノ曲 & ゲーム"
10:00,36,com.bandainamcoent.dgup_jp,"デジモンUP"
10:00,37,bus.loop.traffic.jam.fever.bus.puzzle,"Bus Loop:Jam Master"
10:00,38,com.nebula.mahjongtile,"麻雀ブラスト (Mahjong Blast)"
10:00,39,com.supercell.brawlstars,"ブロスタ"
10:00,40,com.soccer.score.star,"サッカースーパースター(Soccer Superstar)"
10:00,41,jp.co.ponos.battlecats,"にゃんこ大戦争"
10:00,42,com.epicgames.fortnite,"フォートナイト"
10:00,43,com.linecorp.LGSBJ22,"LINE：ブロックジャム"
10:00,44,com.onyxhook.nekotabi,"ねこ旅 – 放置×収集×ポイ活アプリ"
10:00,45,com.sled.surfers.game,"Sled Surfers - ズ - 坂冒険"
10:00,46,com.pocket.sort.coin.puzzle.game,"ポケットソート (Pocket Sort)：コインパズル"
10:00,47,com.furrjam.traffic.jamgame,"FurrJam:Hop In!"
10:00,48,com.find.spot.photo.hunt.differences.free.hidden,"間違い探し：違いを探す楽しいパズルゲーム"
10:00,49,air.jp.globalgear.kechi,"ドケチボーイ -脱出ゲーム"
10:00,50,jp.pokemon.pokemontcgp,"Pokémon TCG Pocket"
10:00,51,com.fty.trickmean2game,"トリミン2！-トリッキーミーン2 いじわる脳トレパズルゲーム"
10:00,52,com.zigzagame.paranoize,"パラノイズ"
10:00,53,pics.karaage.sokutaiho,"巡回中！即タイホ！"
10:00,54,com.nebula.tiles,"タップタイル (Tap Tile)"
10:00,55,com.bunbunstudio.magicblocktiles,"ぴあのたいる7: 音ゲー . リズムゲーム"
10:00,56,com.yzlm.jp.and,"勇者連盟：暁の遠征"
10:00,57,water.sort.color.puzzle.offline.games,"Water Sort! カラーロジック"
10:00,58,com.merge.game.foodstars,"フードスター:マージ & クック"
10:00,59,com.whoyaho.tanghulu,"フルーツ飴の達人 - ドバイもち、パフェ、ASMR、モッパン"
10:00,60,com.vigafun.funfinity.foodhunt,"Food Hunt: Pixel Puzzle"
10:00,61,com.tripledot.blockssmashgame,"Stack Smash - Block 3D Puzzle"
10:00,62,block.color.game.jam.blocks.sort.puzzle.games.slide.free,"ブロックカラー・マニア"
10:00,63,com.fluffydrop.op.gp,"Fluffy Drop"
10:00,64,com.dreamgames.royalmatch,"ロイヤルマッチ Royal Match"
10:00,65,com.nutsbolts.zgsn,"Romantic Nuts & Bolts Sorting"
10:00,66,com.easybrain.sudoku.android,"ナンプレ - ロジックパズルゲーム"
10:00,67,com.ocean.block.shoot,"Ocean Block Shoot"
10:00,68,com.axmeksl.oelasjkq,"鬼討ち剣士：日の呼吸"
10:00,69,wool.match.color.sort.jam.puzzle,"毛糸クラッシュ"
10:00,70,jp.co.drecom.wizardry.daphne,"Wizardry Variants Daphne"
10:00,71,com.square_enix.android_googleplay.dqsgj,"ドラゴンクエストスマッシュグロウ ドラクエローグライトRPG"
10:00,72,com.HoYoverse.Nap,"ゼンレスゾーンゼロ - アニバーサリー"
10:00,73,com.funplus.ts.global,"タイルズ・サバイバル"
10:00,74,com.media720.games2020,"オフラインゲーム 暇つぶし 楽しい ミニパズルボード"
10:00,75,com.wood.bolt.wordle.screw.nuts.puzzle,"ネジパズル: 脳トレ ウッド パズル - 人気 ネジ ゲーム"
10:00,76,com.merge.cooking.theme.restaurant.food,"マージクッキング テーマレストラン"
10:00,77,com.pixel.art.coloring.color.number,"Happy Color® – 数字で塗り絵と色ぬりえ"
10:00,78,com.gartic.garticphone,"Gartic Phone"
10:00,79,com.linecorp.LGTMTM,"LINE：ディズニー ツムツム"
10:00,80,daily.number.match.free.puzzle,"デイリーナンバーマッチ"
10:00,81,com.igg.android.doomsdaylastsurvivors,"ドゥームズデイ：オデュッセウスの帰還"
10:00,82,com.innersloth.spacemafia,"Among Us"
10:00,83,com.easybrain.brick.balls.blast,"Brick Blast - ブロック崩し"
10:00,84,io.voodoo.paper2,"Paper.io 2"
10:00,85,com.sega.pjsekai,"プロジェクトセカイ カラフルステージ！ feat. 初音ミク"
10:00,86,easy.sudoku.puzzle.solver.free,"ナンプレ - 大人気アプリ"
10:00,87,water.sort.puzzle.game.color.sorting.free,"水選別パズルゲーム - 楽しい色分けパズルゲーム"
10:00,88,find.difference.spot.differences.hidden.puzzle.games.free,"間違い探し - 見つけてスポット"
10:00,89,com.agavegames.findthecat2,"Find The Cat 2 - Spot It!"
10:00,90,com.carnival.blast.smash3d,"Carnival Blast!"
10:00,91,hidden.object.find.seek.search.mystery.puzzle.games.free,"隠しオブジェクトゲーム：探してみよう"
10:00,92,com.topwar.gp,"トップウォー"
10:00,93,io.supercent.linkedcubic,"スネーククラッシュ (Snake Clash)"
10:00,94,com.mobcast.okp,"キングダム 乱 -天下統一への道- 究極の本格戦略ゲーム"
10:00,95,jp.co.sega.am2.MJMobile,"セガNET麻雀 MJ"
10:00,96,ball.sort.puzzle.color.sorting.bubble.games,"ボール選別 - 脳を鍛える色分けパズル ゲーム"
10:00,97,com.QdanApp.QdanGames,"どこでもパーティーゲーム「どこパ」（ワードウルフオンライン）"
10:00,98,jigsolitaire.jigsort.jigsaw.solitaire.puzzle,"ジグソートパズル：ソリティアの楽しさを楽しもう"
10:00,99,com.global.ztmslg,"パズル&サバイバル"
10:00,100,com.gtsy.annoying.punch.game,"Annoying Uncle - パンチゲーム"
10:00,101,net.peakgames.toonblast,"トゥーンブラスト (Toon Blast)"
10:00,102,com.wood.block.sudoku.puzzle.bm,"Block Crush: ブロックブラストパズル"
10:00,103,com.chirpysort.game.android,"Chirpy Sort: Bird Color Puzzle"
10:00,104,jigsaw.solitaire.match.games.free,"ジグソードロップ：ソリティアパズル"
10:00,105,com.Chodun.CatGunner,"にゃんこ銃士：放置育成RPG"
10:00,106,io.voodoo.holeio,"ホール.io"
10:00,107,com.unicostudio.braintest,"ブレインテスト(Brain Test)：ひっかけパズル"
10:00,108,jp.co.mixi.monsterstrike,"モンスターストライク"
10:00,109,com.hypervation.goodssort,"Goods Sort Match - パズル"
10:00,110,jp.konami.prospia,"プロ野球スピリッツA"
10:00,111,com.farlightgames.pgame.gp,"モンスターサバイバル"
10:00,112,com.nexters.herowars,"ヒーローウォーズ：アライアンス — 放置系ロールプレイング"
10:00,113,com.HoYoverse.cloudgames.Nap,"ゼンレスゾーンゼロ・クラウド版 - アニバーサリー"
10:00,114,com.magic.relaxing.water.sort.colorgame.puzzle,"3D Colorful Sort™ 魔法の水"
10:00,115,com.devsisters.cc,"クッキーラン：クランブル - 放置系RPG"
10:00,116,com.xman.jp.gp,"X-Clash"
10:00,117,com.hmbl.perfect.makeover.cleaning.asmr,"Perfect Makeover Cleaning ASMR"
10:00,118,com.ea.gp.fifamobile,"EA SPORTS FC™ サッカー Mobile 2026"
10:00,119,defense.roguelike.cell.shoot.survivor,"セルサバイバー"
10:00,120,com.robtopx.geometryjumplite,"Geometry Dash Lite"
10:00,121,com.phs.global,"ラストアサイラム：プレイグ"
10:00,122,com.bravestars.savethedog.drawgame,"Save The Pets"
10:00,123,jp.gungho.pad,"パズル＆ドラゴンズ"
10:00,124,com.cliffs.pro.cell.building.crazy.clever.craft,"Block Crazy Robo World Craft"
10:00,125,jp.pokemon.pokemonsleep,"Pokémon Sleep"
10:00,126,com.brain.logic.joygame,"Brain Puzzle 2: Logic Twist"
10:00,127,net.peakgames.match,"マッチファクトリー(Match Factory)!"
10:00,128,com.combo.knockout,"Knock Out"
10:00,129,com.actgames.HelloKittyMDS,"ハローキティ：マイドリームストア"
10:00,130,com.eurekastudio.mapfit,"Map Fit（マップフィット）-究極の地図パズル-"
10:00,131,com.rush.xtreme.sports,"ラッシュ：エクストリーム (RUSH: Xtreme)"
10:00,132,com.readygo.barrel.gp,"ラストZ：サバイバルシューティング"
10:00,133,com.bandainamcoent.dblegends_jp,"ドラゴンボール レジェンズ"
10:00,134,com.h8games.littlefarmstory,"リトルファームストーリー"
10:00,135,com.fiveminlab.overgeared.hero.backpack.merge,"チート勇者～インベントリ攻略ゲー～RPG"
10:00,136,com.kiwifun.game.android.screw.master,"ネジ3Dパズル：ピンを外すゲーム"
10:00,137,com.car.parking.bus.mania.traffic.jam,"Bus Jam：駐車場ゲーム パーキングジャム"
10:00,138,com.kwalee.drawit,"ドロー・イット"
10:00,139,com.gamovation.tileclub,"タイルクラブ - マッチングゲーム"
10:00,140,com.fliqs.chameleon.hunt.hide.seek,"Chameleon Hunt: Hide & Seek"
10:00,141,com.YostarJP.BlueArchive,"ブルーアーカイブ"
10:00,142,beats.color.sing.star.rush,"魔法ピアノタイル9 : ピアノゲーム、おんがくげーむ、音ゲー"
10:00,143,screw.puzzle.match3.brain.puzz,"ネジマッチ: Screw Sort 3D ネジパズル ボルト"
10:00,144,com.cedargames.mysterytown,"ミステリータウン：マージゲーム (Mystery Town)"
10:00,145,io.supercent.pizzaidle,"ピザレディー (Pizza Ready)"
10:00,146,com.rotatelab.cubeblast,"Cube Land Puzzle Game"
10:00,147,com.shogunstudios.poikatsuhakkosusumukun,"ポイ活 発酵！ススムくん：放置ゲームで簡単ポイント稼ぎ"
10:00,148,com.studiobside.starMain,"スターセイヴァー"
10:00,149,com.ig.screwdom,"Screwdom 3D"
10:00,150,com.qookkagames.xczyw.gp.jp,"信長の野望 真戦"
10:00,151,com.lighthouse.freeplay.jp,"終焉のヒカリ"
10:00,152,com.square_enix.android_googleplay.dqwalkj,"ドラゴンクエストウォーク"
10:00,153,com.fungames.blockcraft,"ブロッククラフト3D (Block Craft)：建設ゲーム"
10:00,154,com.vincentb.MobControl,"Mob Control"
10:00,155,gridplus.busjam.carpuzzle,"Bus Fever-Car Jam Escape"
10:00,156,com.JindoBlu.OfflineGames,"オフラインゲーム - 暇つぶし ゲーム - パズルゲーム"
10:00,157,com.football.soccer.league,"サッカーリーグ2026"
10:00,158,com.bandainamcoent.opbrjp,"ONE PIECE バウンティラッシュ - アクションゲーム"
10:00,159,com.HoYoverse.hkrpgoversea,"崩壊：スターレイル"
10:00,160,loppipoppi.numbermatch,"Number Clash - Math Game"
10:00,161,com.mini.football.filter.games,"Mini Soccer: Football Cup 2026"
10:00,162,jp.co.ponos.nmt,"パズルで豊作！にゃんこ村"
10:00,163,com.arrow.madness.games.arrows.escape.puzzle.game,"Maze Madness - 脳トレパズル"
10:00,164,com.mahjong.master.solitaire.match.puzzle,"麻雀マスター：デイリーマッチ"
10:00,165,com.warrior.screw.gp,"ねじねじパズル"
10:00,166,com.superplaystudios.disneysolitairedreams,"Disney Solitaire ディズニー ソリティア"
10:00,167,com.ew.mahjong,"楽しい麻雀マッチ"
10:00,168,com.tfgco.apps.coloring.free.color.by.number,"番号でぬりえ: ピクセル着色ゲーム"
10:00,169,diamond.pixel.art.jewel.color.flow.sort.puzzle,"ジュエルカラーソート：ダイヤゲーム"
10:00,170,com.fungames.sniper3d,"Sniper 3D：銃を撃つゲーム"
10:00,171,com.nintendo.zaba,"ファイアーエムブレム  ヒーローズ"
10:00,172,water.sort.master.colors.games,"Water Sort: Master Colors"
10:00,173,com.yoyogames.love.makeover.dressup.dating.crush.game,"Love Makeover: 着せ替えコーデ"
10:00,174,com.sega.Kotodaman,"コトダマン ‐ 共闘ことばRPG"
10:00,175,com.oakever.tiletrip,"Tile Explorer - トリプルマッチ"
10:00,176,com.rescue.agent,"ヘリコプター・エスケープ"
10:00,177,com.moonactive.holestars,"Hole Stars: パズルゲーム"
10:00,178,com.YoStarJP.MajSoul,"雀魂‐じゃんたま‐"
10:00,179,com.kite.knockfever,"Knock Fever"
10:00,180,com.pin.screw.color.nuts.bolts.spin.free.game,"Unscrew Nuts Sort: ネジ外しピンパズル"
10:00,181,com.easybrain.brainy.joygame,"Puzzle Time: Brainy Challenge"
10:00,182,com.crossfield.mahjong,"麻雀 闘龍 - 初心者から楽しめる麻雀ゲーム"
10:00,183,com.playrix.fishdomdd.gplay,"フィッシュダム(Fishdom)"
10:00,184,com.abi.dream.unpacking,"Dreamy Room - 夢のような部屋"
10:00,185,com.oakever.jigsawcard,"Jigsawcard Solitaire Puzzle"
10:00,186,com.king.candycrushsaga,"キャンディークラッシュ (Candy Crush Saga)"
10:00,187,jp.co.level5.inazumacross,"イナズマイレブン クロス"
10:00,188,solitaire.patience.card.games.klondike.free,"ソリティアクラシック - 日本、クラシックカードゲーム"
10:00,189,com.zjxscjp.google,"ドット伝説～魔王になる異世界放置RPG～"
10:00,190,com.loop.clear.cube.free.card.puzzle.sort.match,"ループマスター（Loop Master）"
10:00,191,solitaire.word.association.connections.puzzle,"ソリティアワード: Solitaire Connection"
10:00,192,com.goods.sorting.games.triple.match3d.puzzle,"商品整理ゲーム：3Dパズル"
10:00,193,com.hp.keyboard.obby.asmr.speed.run,"Keyboard Obby: ASMR Speed Run"
10:00,194,com.dxx.firenow,"ダダサバイバー"
10:00,195,com.hitappsgames.wordsolitaire,"ソリティア：パズルゲーム 脳トレ カードゲーム 暇つぶし連想"
10:00,196,com.ultimatelavashgames.rollthehole,"たべるジェリーホール - Jelly Hole"
10:00,197,com.microdose.balljam,"Marble Sort!"
10:00,198,tokyo.chickenskin.yokai,"妖怪カノジョ：妖怪はキミに恋をする"
10:00,199,com.playrix.gardenscapes,"ガーデンスケイプ(Gardenscapes)"
10:00,200,com.fun.brain.game,"ブレパズ！Brain Puzzle ひっかけパズル"
13:30,1,jp.co.goodroid.hyper.busflow,"Bus Traffic Fever!　"
13:30,2,game.qualiarts.hololive.dreams.jp,"ホロライブドリームス"
13:30,3,jp.gree_ent.mushoku,"無職転生〜異世界行ったら本気だす〜クロニクル・オブ・エコーズ"
13:30,4,com.oakever.meowdoku,"Meowdoku"
13:30,5,com.cyphergames.royalsmash,"Royal Smash! - Physics Puzzle"
13:30,6,com.mobirix.ldwm,"スイカ作り2048"
13:30,7,com.mergegames.gossipharbor,"ゴシップハーバー：マージ & ストーリー"
13:30,8,jp.konami.pesam,"eFootball™"
13:30,9,jp.sammynet.next.ort.a0221,"[777Real] A-SLOT+ 異世界かるてっと BT"
13:30,10,com.block.juggle,"ブロックブラスト (Block Blast)"
13:30,11,com.unept.leveldevil,"Level Devil - NOT A Troll Game"
13:30,12,com.grandgames.magicsort,"マジックソート！ (Magic Sort !)"
13:30,13,com.ecffri.arrows,"アローズ – パズルエスケープ (Arrows)"
13:30,14,com.roblox.client,"Roblox (ロブロックス)"
13:30,15,com.hollywood.merge,"ハリウッドマージ"
13:30,16,color.number.paint.pixle.art.sort.jigsaw,"Jewel Coloring"
13:30,17,com.puzzlegames.puzzlebrickslegend,"カラーブロック：爽快パズル(ColorBlock)"
13:30,18,sorting.games.goods.sort.triple.match3d.puzzle.stuff,"商品整理ゲーム：3Dパズル"
13:30,19,com.fatmerge.global,"グルメ・ジャーニー"
13:30,20,tokyo.chickenskin.imikowa,"意味怖ストーリー：バッドエンドを回避せよ！"
13:30,21,com.run.tower.defense,"キングショット"
13:30,22,com.kayac.slow_mo_strike,"Slow Mo Strike: ナイフ投げアクション"
13:30,23,com.playrix.township,"タウンシップ (Township)"
13:30,24,jp.co.applibot.chiikawapocket,"ちいかわぽけっと"
13:30,25,com.nianticlabs.pokemongo,"Pokémon GO"
13:30,26,jp.pokemon.pokemonchampions,"Pokémon Champions"
13:30,27,bus.games.car.out.traffic.parking.jam.escape.puzzle,"バスゲーム・駐車場パズル：Bus Madness"
13:30,28,com.oakever.arrows,"Amaze GO! - 矢印 パズル"
13:30,29,com.brain.crazy.joygame,"Brain Puzzle 3: Crazy Mind"
13:30,30,com.gof.global,"ホワイトアウト・サバイバル"
13:30,31,com.onyxhook.nekotabi,"ねこ旅 – 放置×収集×ポイ活アプリ"
13:30,32,com.bandainamcoent.dgup_jp,"デジモンUP"
13:30,33,com.dreamgames.royalkingdom,"ロイヤルキングダム (Royal Kingdom)"
13:30,34,com.vitastudio.mahjong,"ヴィータ麻雀(Vita Mahjong)"
13:30,35,jp.co.ponos.battlecats,"にゃんこ大戦争"
13:30,36,com.leap.searchit,"Search It – 隠しアイテム探し"
13:30,37,jp.pokemon.pokemontcgp,"Pokémon TCG Pocket"
13:30,38,com.nebula.tiles,"タップタイル (Tap Tile)"
13:30,39,com.supercell.brawlstars,"ブロスタ"
13:30,40,com.pocket.sort.coin.puzzle.game,"ポケットソート (Pocket Sort)：コインパズル"
13:30,41,com.furrjam.traffic.jamgame,"FurrJam:Hop In!"
13:30,42,com.linecorp.LGSBJ22,"LINE：ブロックジャム"
13:30,43,com.tgc.sky.android,"Sky 星を紡ぐ子どもたち"
13:30,44,air.jp.globalgear.kechi,"ドケチボーイ -脱出ゲーム"
13:30,45,com.fty.trickmean2game,"トリミン2！-トリッキーミーン2 いじわる脳トレパズルゲーム"
13:30,46,com.sled.surfers.game,"Sled Surfers - ズ - 坂冒険"
13:30,47,com.youmusic.magictiles,"魔法のタイルズ3 - ピアノ曲 & ゲーム"
13:30,48,com.soccer.score.star,"サッカースーパースター(Soccer Superstar)"
13:30,49,pics.karaage.sokutaiho,"巡回中！即タイホ！"
13:30,50,bus.loop.traffic.jam.fever.bus.puzzle,"Bus Loop:Jam Master"
13:30,51,com.bunbunstudio.magicblocktiles,"ぴあのたいる7: 音ゲー . リズムゲーム"
13:30,52,com.nebula.mahjongtile,"麻雀ブラスト (Mahjong Blast)"
13:30,53,com.vigafun.funfinity.foodhunt,"Food Hunt: Pixel Puzzle"
13:30,54,water.sort.color.puzzle.offline.games,"Water Sort! カラーロジック"
13:30,55,com.yzlm.jp.and,"勇者連盟：暁の遠征"
13:30,56,com.epicgames.fortnite,"フォートナイト"
13:30,57,block.color.game.jam.blocks.sort.puzzle.games.slide.free,"ブロックカラー・マニア"
13:30,58,com.dreamgames.royalmatch,"ロイヤルマッチ Royal Match"
13:30,59,com.zigzagame.paranoize,"パラノイズ"
13:30,60,com.axmeksl.oelasjkq,"鬼討ち剣士：日の呼吸"
13:30,61,com.nutsbolts.zgsn,"Romantic Nuts & Bolts Sorting"
13:30,62,com.find.spot.photo.hunt.differences.free.hidden,"間違い探し：違いを探す楽しいパズルゲーム"
13:30,63,com.tripledot.blockssmashgame,"Stack Smash - Block 3D Puzzle"
13:30,64,com.wood.bolt.wordle.screw.nuts.puzzle,"ネジパズル: 脳トレ ウッド パズル - 人気 ネジ ゲーム"
13:30,65,com.kzqwmfk.ngurkwq,"千年血戦 -禍進譚-"
13:30,66,com.merge.game.foodstars,"フードスター:マージ & クック"
13:30,67,com.easybrain.sudoku.android,"ナンプレ - ロジックパズルゲーム"
13:30,68,com.whoyaho.tanghulu,"フルーツ飴の達人 - ドバイもち、パフェ、ASMR、モッパン"
13:30,69,jp.co.drecom.wizardry.daphne,"Wizardry Variants Daphne"
13:30,70,wool.match.color.sort.jam.puzzle,"毛糸クラッシュ"
13:30,71,com.fluffydrop.op.gp,"Fluffy Drop"
13:30,72,com.HoYoverse.Nap,"ゼンレスゾーンゼロ - アニバーサリー"
13:30,73,com.square_enix.android_googleplay.dqsgj,"ドラゴンクエストスマッシュグロウ ドラクエローグライトRPG"
13:30,74,jigsolitaire.jigsort.jigsaw.solitaire.puzzle,"ジグソートパズル：ソリティアの楽しさを楽しもう"
13:30,75,com.funplus.ts.global,"タイルズ・サバイバル"
13:30,76,com.sega.pjsekai,"プロジェクトセカイ カラフルステージ！ feat. 初音ミク"
13:30,77,com.ocean.block.shoot,"Ocean Block Shoot"
13:30,78,io.supercent.linkedcubic,"スネーククラッシュ (Snake Clash)"
13:30,79,com.agavegames.findthecat2,"Find The Cat 2 - Spot It!"
13:30,80,hidden.object.find.seek.search.mystery.puzzle.games.free,"隠しオブジェクトゲーム：探してみよう"
13:30,81,com.topwar.gp,"トップウォー"
13:30,82,com.gartic.garticphone,"Gartic Phone"
13:30,83,com.media720.games2020,"オフラインゲーム 暇つぶし 楽しい ミニパズルボード"
13:30,84,com.pixel.art.coloring.color.number,"Happy Color® – 数字で塗り絵と色ぬりえ"
13:30,85,com.QdanApp.QdanGames,"どこでもパーティーゲーム「どこパ」（ワードウルフオンライン）"
13:30,86,com.global.ztmslg,"パズル&サバイバル"
13:30,87,com.chirpysort.game.android,"Chirpy Sort: Bird Color Puzzle"
13:30,88,com.carnival.blast.smash3d,"Carnival Blast!"
13:30,89,com.linecorp.LGTMTM,"LINE：ディズニー ツムツム"
13:30,90,com.wood.block.sudoku.puzzle.bm,"Block Crush: ブロックブラストパズル"
13:30,91,daily.number.match.free.puzzle,"デイリーナンバーマッチ"
13:30,92,com.merge.cooking.theme.restaurant.food,"マージクッキング テーマレストラン"
13:30,93,com.magic.relaxing.water.sort.colorgame.puzzle,"3D Colorful Sort™ 魔法の水"
13:30,94,com.nexters.herowars,"ヒーローウォーズ：アライアンス — 放置系ロールプレイング"
13:30,95,com.igg.android.doomsdaylastsurvivors,"ドゥームズデイ：オデュッセウスの帰還"
13:30,96,jigsaw.solitaire.match.games.free,"ジグソードロップ：ソリティアパズル"
13:30,97,com.gtsy.annoying.punch.game,"Annoying Uncle - パンチゲーム"
13:30,98,com.eurekastudio.mapfit,"Map Fit（マップフィット）-究極の地図パズル-"
13:30,99,com.innersloth.spacemafia,"Among Us"
13:30,100,com.xman.jp.gp,"X-Clash"
13:30,101,io.voodoo.paper2,"Paper.io 2"
13:30,102,jp.gungho.pad,"パズル＆ドラゴンズ"
13:30,103,com.hmbl.perfect.makeover.cleaning.asmr,"Perfect Makeover Cleaning ASMR"
13:30,104,water.sort.puzzle.game.color.sorting.free,"水選別パズルゲーム - 楽しい色分けパズルゲーム"
13:30,105,easy.sudoku.puzzle.solver.free,"ナンプレ - 大人気アプリ"
13:30,106,com.cliffs.pro.cell.building.crazy.clever.craft,"Block Crazy Robo World Craft"
13:30,107,find.difference.spot.differences.hidden.puzzle.games.free,"間違い探し - 見つけてスポット"
13:30,108,com.easybrain.brick.balls.blast,"Brick Blast - ブロック崩し"
13:30,109,ball.sort.puzzle.color.sorting.bubble.games,"ボール選別 - 脳を鍛える色分けパズル ゲーム"
13:30,110,com.brain.logic.joygame,"Brain Puzzle 2: Logic Twist"
13:30,111,com.robtopx.geometryjumplite,"Geometry Dash Lite"
13:30,112,jp.co.sega.am2.MJMobile,"セガNET麻雀 MJ"
13:30,113,jp.pokemon.pokemonsleep,"Pokémon Sleep"
13:30,114,com.farlightgames.pgame.gp,"モンスターサバイバル"
13:30,115,com.bravestars.savethedog.drawgame,"Save The Pets"
13:30,116,com.cedargames.mysterytown,"ミステリータウン：マージゲーム (Mystery Town)"
13:30,117,net.peakgames.toonblast,"トゥーンブラスト (Toon Blast)"
13:30,118,com.combo.knockout,"Knock Out"
13:30,119,com.mobcast.okp,"キングダム 乱 -天下統一への道- 究極の本格戦略ゲーム"
13:30,120,com.readygo.barrel.gp,"ラストZ：サバイバルシューティング"
13:30,121,com.gamovation.tileclub,"タイルクラブ - マッチングゲーム"
13:30,122,com.rotatelab.cubeblast,"Cube Land Puzzle Game"
13:30,123,com.rush.xtreme.sports,"ラッシュ：エクストリーム (RUSH: Xtreme)"
13:30,124,io.voodoo.holeio,"ホール.io"
13:30,125,com.shogunstudios.poikatsuhakkosusumukun,"ポイ活 発酵！ススムくん：放置ゲームで簡単ポイント稼ぎ"
13:30,126,com.unicostudio.braintest,"ブレインテスト(Brain Test)：ひっかけパズル"
13:30,127,jp.co.mixi.monsterstrike,"モンスターストライク"
13:30,128,com.lighthouse.freeplay.jp,"終焉のヒカリ"
13:30,129,tokyo.plott.tes,"テイペンサバイバー"
13:30,130,com.ig.screwdom,"Screwdom 3D"
13:30,131,com.kwalee.drawit,"ドロー・イット"
13:30,132,jp.konami.prospia,"プロ野球スピリッツA"
13:30,133,com.Chodun.CatGunner,"にゃんこ銃士：放置育成RPG"
13:30,134,com.HoYoverse.cloudgames.Nap,"ゼンレスゾーンゼロ・クラウド版 - アニバーサリー"
13:30,135,com.vincentb.MobControl,"Mob Control"
13:30,136,com.football.soccer.league,"サッカーリーグ2026"
13:30,137,com.fungames.blockcraft,"ブロッククラフト3D (Block Craft)：建設ゲーム"
13:30,138,com.JindoBlu.OfflineGames,"オフラインゲーム - 暇つぶし ゲーム - パズルゲーム"
13:30,139,com.hypervation.goodssort,"Goods Sort Match - パズル"
13:30,140,com.mini.football.filter.games,"Mini Soccer: Football Cup 2026"
13:30,141,com.kite.knockfever,"Knock Fever"
13:30,142,com.ea.gp.fifamobile,"EA SPORTS FC™ サッカー Mobile 2026"
13:30,143,com.phs.global,"ラストアサイラム：プレイグ"
13:30,144,gridplus.busjam.carpuzzle,"Bus Fever-Car Jam Escape"
13:30,145,com.devsisters.cc,"クッキーラン：クランブル - 放置系RPG"
13:30,146,com.mahjong.master.solitaire.match.puzzle,"麻雀マスター：デイリーマッチ"
13:30,147,com.ultimatelavashgames.rollthehole,"たべるジェリーホール - Jelly Hole"
13:30,148,defense.roguelike.cell.shoot.survivor,"セルサバイバー"
13:30,149,com.ew.mahjong,"楽しい麻雀マッチ"
13:30,150,com.car.parking.bus.mania.traffic.jam,"Bus Jam：駐車場ゲーム パーキングジャム"
13:30,151,water.sort.master.colors.games,"Water Sort: Master Colors"
13:30,152,com.h8games.littlefarmstory,"リトルファームストーリー"
13:30,153,com.kiwifun.game.android.screw.master,"ネジ3Dパズル：ピンを外すゲーム"
13:30,154,com.fiveminlab.overgeared.hero.backpack.merge,"チート勇者～インベントリ攻略ゲー～RPG"
13:30,155,jp.co.level5.inazumacross,"イナズマイレブン クロス"
13:30,156,com.easybrain.brainy.joygame,"Puzzle Time: Brainy Challenge"
13:30,157,com.loop.clear.cube.free.card.puzzle.sort.match,"ループマスター（Loop Master）"
13:30,158,net.peakgames.match,"マッチファクトリー(Match Factory)!"
13:30,159,com.YostarJP.BlueArchive,"ブルーアーカイブ"
13:30,160,com.crossfield.mahjong,"麻雀 闘龍 - 初心者から楽しめる麻雀ゲーム"
13:30,161,com.actgames.HelloKittyMDS,"ハローキティ：マイドリームストア"
13:30,162,solitaire.word.association.connections.puzzle,"ソリティアワード: Solitaire Connection"
13:30,163,com.rescue.agent,"ヘリコプター・エスケープ"
13:30,164,com.bandainamcoent.dblegends_jp,"ドラゴンボール レジェンズ"
13:30,165,tokyo.chickenskin.yokai,"妖怪カノジョ：妖怪はキミに恋をする"
13:30,166,diamond.pixel.art.jewel.color.flow.sort.puzzle,"ジュエルカラーソート：ダイヤゲーム"
13:30,167,com.fliqs.chameleon.hunt.hide.seek,"Chameleon Hunt: Hide & Seek"
13:30,168,com.playrix.gardenscapes,"ガーデンスケイプ(Gardenscapes)"
13:30,169,beats.color.sing.star.rush,"魔法ピアノタイル9 : ピアノゲーム、おんがくげーむ、音ゲー"
13:30,170,screw.puzzle.match3.brain.puzz,"ネジマッチ: Screw Sort 3D ネジパズル ボルト"
13:30,171,com.slg.savagesurvival,"サベージ・サバイバル：恐竜の咆哮"
13:30,172,com.HoYoverse.hkrpgoversea,"崩壊：スターレイル"
13:30,173,com.fun.brain.game,"ブレパズ！Brain Puzzle ひっかけパズル"
13:30,174,com.bandainamcoent.opbrjp,"ONE PIECE バウンティラッシュ - アクションゲーム"
13:30,175,loppipoppi.numbermatch,"Number Clash - Math Game"
13:30,176,io.supercent.pizzaidle,"ピザレディー (Pizza Ready)"
13:30,177,jp.co.ponos.nmt,"パズルで豊作！にゃんこ村"
13:30,178,com.nebula.zoodoku,"Zoodoku: 数独ロジックパズル"
13:30,179,com.studiobside.starMain,"スターセイヴァー"
13:30,180,com.familygo.simgame,"Family Go! - 結婚・子育て・世代継承"
13:30,181,com.mxdzz.jp.and,"キノコ伝説：勇者と魔法のランプ"
13:30,182,com.arrow.madness.games.arrows.escape.puzzle.game,"Maze Madness - 脳トレパズル"
13:30,183,com.qookkagames.xczyw.gp.jp,"信長の野望 真戦"
13:30,184,com.abi.busjam.sortpuzzle,"バスゲーム：カーパーキング・バスゲーム"
13:30,185,com.square_enix.android_googleplay.dqwalkj,"ドラゴンクエストウォーク"
13:30,186,com.sega.Kotodaman,"コトダマン ‐ 共闘ことばRPG"
13:30,187,com.nintendo.zaba,"ファイアーエムブレム  ヒーローズ"
13:30,188,com.gamovation.sudoku,"数独 - 毎日ナンプレを解いて気軽に頭の体操"
13:30,189,com.tfgco.apps.coloring.free.color.by.number,"番号でぬりえ: ピクセル着色ゲーム"
13:30,190,com.yoyogames.love.makeover.dressup.dating.crush.game,"Love Makeover: 着せ替えコーデ"
13:30,191,com.whoyaho.pendeco,"デコの達人 - カスタムボールペンASMR"
13:30,192,com.YoStarJP.MajSoul,"雀魂‐じゃんたま‐"
13:30,193,com.bigc.tile.match.triple,"タイルマッチ：暇つぶしに最適！楽しいオフライン3マッチパズル"
13:30,194,com.oakever.tiletrip,"Tile Explorer - トリプルマッチ"
13:30,195,com.kotoko.bside,"Bside: AIチャット&ストーリー&シミュレーション"
13:30,196,com.eagle_developers.shukapig,"出荷ぶた-養豚場育成ゲーム！ポイ活可能の放置で癒しの牧場経営"
13:30,197,com.moonactive.holestars,"Hole Stars: パズルゲーム"
13:30,198,com.warrior.screw.gp,"ねじねじパズル"
13:30,199,com.sg.block.puzzle.quest.story,"ブロックパズル - のクラシック・ブロックパズルゲーム"
13:30,200,com.superplaystudios.disneysolitairedreams,"Disney Solitaire ディズニー ソリティア"
16:00,1,jp.co.goodroid.hyper.busflow,"Bus Traffic Fever!　"
16:00,2,game.qualiarts.hololive.dreams.jp,"ホロライブドリームス"
16:00,3,jp.gree_ent.mushoku,"無職転生〜異世界行ったら本気だす〜クロニクル・オブ・エコーズ"
16:00,4,com.oakever.meowdoku,"Meowdoku"
16:00,5,com.cyphergames.royalsmash,"Royal Smash! - Physics Puzzle"
16:00,6,com.grandgames.magicsort,"マジックソート！ (Magic Sort !)"
16:00,7,com.mobirix.ldwm,"スイカ作り2048"
16:00,8,jp.sammynet.next.ort.a0221,"[777Real] A-SLOT+ 異世界かるてっと BT"
16:00,9,com.mergegames.gossipharbor,"ゴシップハーバー：マージ & ストーリー"
16:00,10,jp.konami.pesam,"eFootball™"
16:00,11,com.block.juggle,"ブロックブラスト (Block Blast)"
16:00,12,com.unept.leveldevil,"Level Devil - NOT A Troll Game"
16:00,13,com.ecffri.arrows,"アローズ – パズルエスケープ (Arrows)"
16:00,14,com.roblox.client,"Roblox (ロブロックス)"
16:00,15,com.hollywood.merge,"ハリウッドマージ"
16:00,16,color.number.paint.pixle.art.sort.jigsaw,"Jewel Coloring"
16:00,17,com.puzzlegames.puzzlebrickslegend,"カラーブロック：爽快パズル(ColorBlock)"
16:00,18,sorting.games.goods.sort.triple.match3d.puzzle.stuff,"商品整理ゲーム：3Dパズル"
16:00,19,com.fatmerge.global,"グルメ・ジャーニー"
16:00,20,tokyo.chickenskin.imikowa,"意味怖ストーリー：バッドエンドを回避せよ！"
16:00,21,com.run.tower.defense,"キングショット"
16:00,22,com.kayac.slow_mo_strike,"Slow Mo Strike: ナイフ投げアクション"
16:00,23,com.playrix.township,"タウンシップ (Township)"
16:00,24,jp.co.applibot.chiikawapocket,"ちいかわぽけっと"
16:00,25,com.nianticlabs.pokemongo,"Pokémon GO"
16:00,26,jp.pokemon.pokemonchampions,"Pokémon Champions"
16:00,27,bus.games.car.out.traffic.parking.jam.escape.puzzle,"バスゲーム・駐車場パズル：Bus Madness"
16:00,28,com.oakever.arrows,"Amaze GO! - 矢印 パズル"
16:00,29,com.brain.crazy.joygame,"Brain Puzzle 3: Crazy Mind"
16:00,30,com.gof.global,"ホワイトアウト・サバイバル"
16:00,31,bus.loop.traffic.jam.fever.bus.puzzle,"Bus Loop:Jam Master"
16:00,32,com.bandainamcoent.dgup_jp,"デジモンUP"
16:00,33,com.onyxhook.nekotabi,"ねこ旅 – 放置×収集×ポイ活アプリ"
16:00,34,com.dreamgames.royalkingdom,"ロイヤルキングダム (Royal Kingdom)"
16:00,35,com.vitastudio.mahjong,"ヴィータ麻雀(Vita Mahjong)"
16:00,36,com.supercell.brawlstars,"ブロスタ"
16:00,37,jp.co.ponos.battlecats,"にゃんこ大戦争"
16:00,38,com.linecorp.LGSBJ22,"LINE：ブロックジャム"
16:00,39,com.leap.searchit,"Search It – 隠しアイテム探し"
16:00,40,jp.pokemon.pokemontcgp,"Pokémon TCG Pocket"
16:00,41,com.nebula.tiles,"タップタイル (Tap Tile)"
16:00,42,com.pocket.sort.coin.puzzle.game,"ポケットソート (Pocket Sort)：コインパズル"
16:00,43,com.furrjam.traffic.jamgame,"FurrJam:Hop In!"
16:00,44,com.sled.surfers.game,"Sled Surfers - ズ - 坂冒険"
16:00,45,com.tgc.sky.android,"Sky 星を紡ぐ子どもたち"
16:00,46,air.jp.globalgear.kechi,"ドケチボーイ -脱出ゲーム"
16:00,47,com.fty.trickmean2game,"トリミン2！-トリッキーミーン2 いじわる脳トレパズルゲーム"
16:00,48,pics.karaage.sokutaiho,"巡回中！即タイホ！"
16:00,49,com.youmusic.magictiles,"魔法のタイルズ3 - ピアノ曲 & ゲーム"
16:00,50,com.soccer.score.star,"サッカースーパースター(Soccer Superstar)"
16:00,51,com.bunbunstudio.magicblocktiles,"ぴあのたいる7: 音ゲー . リズムゲーム"
16:00,52,com.nebula.mahjongtile,"麻雀ブラスト (Mahjong Blast)"
16:00,53,com.vigafun.funfinity.foodhunt,"Food Hunt: Pixel Puzzle"
16:00,54,water.sort.color.puzzle.offline.games,"Water Sort! カラーロジック"
16:00,55,com.yzlm.jp.and,"勇者連盟：暁の遠征"
16:00,56,com.tripledot.blockssmashgame,"Stack Smash - Block 3D Puzzle"
16:00,57,com.nutsbolts.zgsn,"Romantic Nuts & Bolts Sorting"
16:00,58,com.epicgames.fortnite,"フォートナイト"
16:00,59,com.ocean.block.shoot,"Ocean Block Shoot"
16:00,60,block.color.game.jam.blocks.sort.puzzle.games.slide.free,"ブロックカラー・マニア"
16:00,61,com.dreamgames.royalmatch,"ロイヤルマッチ Royal Match"
16:00,62,com.zigzagame.paranoize,"パラノイズ"
16:00,63,com.fluffydrop.op.gp,"Fluffy Drop"
16:00,64,com.axmeksl.oelasjkq,"鬼討ち剣士：日の呼吸"
16:00,65,com.find.spot.photo.hunt.differences.free.hidden,"間違い探し：違いを探す楽しいパズルゲーム"
16:00,66,com.wood.bolt.wordle.screw.nuts.puzzle,"ネジパズル: 脳トレ ウッド パズル - 人気 ネジ ゲーム"
16:00,67,com.kzqwmfk.ngurkwq,"千年血戦 -禍進譚-"
16:00,68,com.merge.game.foodstars,"フードスター:マージ & クック"
16:00,69,com.easybrain.sudoku.android,"ナンプレ - ロジックパズルゲーム"
16:00,70,com.whoyaho.tanghulu,"フルーツ飴の達人 - ドバイもち、パフェ、ASMR、モッパン"
16:00,71,jp.co.drecom.wizardry.daphne,"Wizardry Variants Daphne"
16:00,72,com.devsisters.cc,"クッキーラン：クランブル - 放置系RPG"
16:00,73,wool.match.color.sort.jam.puzzle,"毛糸クラッシュ"
16:00,74,com.gartic.garticphone,"Gartic Phone"
16:00,75,com.agavegames.findthecat2,"Find The Cat 2 - Spot It!"
16:00,76,com.HoYoverse.Nap,"ゼンレスゾーンゼロ - アニバーサリー"
16:00,77,com.square_enix.android_googleplay.dqsgj,"ドラゴンクエストスマッシュグロウ ドラクエローグライトRPG"
16:00,78,jigsolitaire.jigsort.jigsaw.solitaire.puzzle,"ジグソートパズル：ソリティアの楽しさを楽しもう"
16:00,79,com.funplus.ts.global,"タイルズ・サバイバル"
16:00,80,com.sega.pjsekai,"プロジェクトセカイ カラフルステージ！ feat. 初音ミク"
16:00,81,io.supercent.linkedcubic,"スネーククラッシュ (Snake Clash)"
16:00,82,hidden.object.find.seek.search.mystery.puzzle.games.free,"隠しオブジェクトゲーム：探してみよう"
16:00,83,com.topwar.gp,"トップウォー"
16:00,84,com.media720.games2020,"オフラインゲーム 暇つぶし 楽しい ミニパズルボード"
16:00,85,jigsaw.solitaire.match.games.free,"ジグソードロップ：ソリティアパズル"
16:00,86,com.pixel.art.coloring.color.number,"Happy Color® – 数字で塗り絵と色ぬりえ"
16:00,87,com.QdanApp.QdanGames,"どこでもパーティーゲーム「どこパ」（ワードウルフオンライン）"
16:00,88,com.global.ztmslg,"パズル&サバイバル"
16:00,89,com.chirpysort.game.android,"Chirpy Sort: Bird Color Puzzle"
16:00,90,com.carnival.blast.smash3d,"Carnival Blast!"
16:00,91,com.linecorp.LGTMTM,"LINE：ディズニー ツムツム"
16:00,92,com.gtsy.annoying.punch.game,"Annoying Uncle - パンチゲーム"
16:00,93,com.wood.block.sudoku.puzzle.bm,"Block Crush: ブロックブラストパズル"
16:00,94,daily.number.match.free.puzzle,"デイリーナンバーマッチ"
16:00,95,com.merge.cooking.theme.restaurant.food,"マージクッキング テーマレストラン"
16:00,96,com.magic.relaxing.water.sort.colorgame.puzzle,"3D Colorful Sort™ 魔法の水"
16:00,97,com.nexters.herowars,"ヒーローウォーズ：アライアンス — 放置系ロールプレイング"
16:00,98,com.igg.android.doomsdaylastsurvivors,"ドゥームズデイ：オデュッセウスの帰還"
16:00,99,com.hypervation.goodssort,"Goods Sort Match - パズル"
16:00,100,com.eurekastudio.mapfit,"Map Fit（マップフィット）-究極の地図パズル-"
16:00,101,com.innersloth.spacemafia,"Among Us"
16:00,102,com.xman.jp.gp,"X-Clash"
16:00,103,io.voodoo.paper2,"Paper.io 2"
16:00,104,jp.gungho.pad,"パズル＆ドラゴンズ"
16:00,105,com.hmbl.perfect.makeover.cleaning.asmr,"Perfect Makeover Cleaning ASMR"
16:00,106,water.sort.puzzle.game.color.sorting.free,"水選別パズルゲーム - 楽しい色分けパズルゲーム"
16:00,107,easy.sudoku.puzzle.solver.free,"ナンプレ - 大人気アプリ"
16:00,108,com.cliffs.pro.cell.building.crazy.clever.craft,"Block Crazy Robo World Craft"
16:00,109,find.difference.spot.differences.hidden.puzzle.games.free,"間違い探し - 見つけてスポット"
16:00,110,com.easybrain.brick.balls.blast,"Brick Blast - ブロック崩し"
16:00,111,ball.sort.puzzle.color.sorting.bubble.games,"ボール選別 - 脳を鍛える色分けパズル ゲーム"
16:00,112,com.brain.logic.joygame,"Brain Puzzle 2: Logic Twist"
16:00,113,com.robtopx.geometryjumplite,"Geometry Dash Lite"
16:00,114,jp.co.sega.am2.MJMobile,"セガNET麻雀 MJ"
16:00,115,jp.pokemon.pokemonsleep,"Pokémon Sleep"
16:00,116,com.farlightgames.pgame.gp,"モンスターサバイバル"
16:00,117,com.bravestars.savethedog.drawgame,"Save The Pets"
16:00,118,com.fliqs.chameleon.hunt.hide.seek,"Chameleon Hunt: Hide & Seek"
16:00,119,com.cedargames.mysterytown,"ミステリータウン：マージゲーム (Mystery Town)"
16:00,120,net.peakgames.toonblast,"トゥーンブラスト (Toon Blast)"
16:00,121,com.lighthouse.freeplay.jp,"終焉のヒカリ"
16:00,122,com.combo.knockout,"Knock Out"
16:00,123,com.mobcast.okp,"キングダム 乱 -天下統一への道- 究極の本格戦略ゲーム"
16:00,124,com.readygo.barrel.gp,"ラストZ：サバイバルシューティング"
16:00,125,com.gamovation.tileclub,"タイルクラブ - マッチングゲーム"
16:00,126,beats.color.sing.star.rush,"魔法ピアノタイル9 : ピアノゲーム、おんがくげーむ、音ゲー"
16:00,127,com.rotatelab.cubeblast,"Cube Land Puzzle Game"
16:00,128,com.rush.xtreme.sports,"ラッシュ：エクストリーム (RUSH: Xtreme)"
16:00,129,io.voodoo.holeio,"ホール.io"
16:00,130,com.shogunstudios.poikatsuhakkosusumukun,"ポイ活 発酵！ススムくん：放置ゲームで簡単ポイント稼ぎ"
16:00,131,com.unicostudio.braintest,"ブレインテスト(Brain Test)：ひっかけパズル"
16:00,132,jp.co.mixi.monsterstrike,"モンスターストライク"
16:00,133,tokyo.plott.tes,"テイペンサバイバー"
16:00,134,gridplus.busjam.carpuzzle,"Bus Fever-Car Jam Escape"
16:00,135,com.ig.screwdom,"Screwdom 3D"
16:00,136,com.kwalee.drawit,"ドロー・イット"
16:00,137,jp.konami.prospia,"プロ野球スピリッツA"
16:00,138,com.Chodun.CatGunner,"にゃんこ銃士：放置育成RPG"
16:00,139,com.HoYoverse.cloudgames.Nap,"ゼンレスゾーンゼロ・クラウド版 - アニバーサリー"
16:00,140,com.vincentb.MobControl,"Mob Control"
16:00,141,com.football.soccer.league,"サッカーリーグ2026"
16:00,142,com.fungames.blockcraft,"ブロッククラフト3D (Block Craft)：建設ゲーム"
16:00,143,com.JindoBlu.OfflineGames,"オフラインゲーム - 暇つぶし ゲーム - パズルゲーム"
16:00,144,com.mahjong.master.solitaire.match.puzzle,"麻雀マスター：デイリーマッチ"
16:00,145,com.mini.football.filter.games,"Mini Soccer: Football Cup 2026"
16:00,146,com.kite.knockfever,"Knock Fever"
16:00,147,com.ea.gp.fifamobile,"EA SPORTS FC™ サッカー Mobile 2026"
16:00,148,com.phs.global,"ラストアサイラム：プレイグ"
16:00,149,com.ultimatelavashgames.rollthehole,"たべるジェリーホール - Jelly Hole"
16:00,150,defense.roguelike.cell.shoot.survivor,"セルサバイバー"
16:00,151,com.ew.mahjong,"楽しい麻雀マッチ"
16:00,152,com.car.parking.bus.mania.traffic.jam,"Bus Jam：駐車場ゲーム パーキングジャム"
16:00,153,water.sort.master.colors.games,"Water Sort: Master Colors"
16:00,154,com.h8games.littlefarmstory,"リトルファームストーリー"
16:00,155,com.kiwifun.game.android.screw.master,"ネジ3Dパズル：ピンを外すゲーム"
16:00,156,com.fiveminlab.overgeared.hero.backpack.merge,"チート勇者～インベントリ攻略ゲー～RPG"
16:00,157,jp.co.level5.inazumacross,"イナズマイレブン クロス"
16:00,158,com.easybrain.brainy.joygame,"Puzzle Time: Brainy Challenge"
16:00,159,com.loop.clear.cube.free.card.puzzle.sort.match,"ループマスター（Loop Master）"
16:00,160,com.hp.keyboard.obby.asmr.speed.run,"Keyboard Obby: ASMR Speed Run"
16:00,161,com.slg.savagesurvival,"サベージ・サバイバル：恐竜の咆哮"
16:00,162,net.peakgames.match,"マッチファクトリー(Match Factory)!"
16:00,163,com.YostarJP.BlueArchive,"ブルーアーカイブ"
16:00,164,com.crossfield.mahjong,"麻雀 闘龍 - 初心者から楽しめる麻雀ゲーム"
16:00,165,com.actgames.HelloKittyMDS,"ハローキティ：マイドリームストア"
16:00,166,solitaire.word.association.connections.puzzle,"ソリティアワード: Solitaire Connection"
16:00,167,com.rescue.agent,"ヘリコプター・エスケープ"
16:00,168,com.bandainamcoent.dblegends_jp,"ドラゴンボール レジェンズ"
16:00,169,tokyo.chickenskin.yokai,"妖怪カノジョ：妖怪はキミに恋をする"
16:00,170,diamond.pixel.art.jewel.color.flow.sort.puzzle,"ジュエルカラーソート：ダイヤゲーム"
16:00,171,com.samw.gp.fruitromance,"フルーツ・ロマンス"
16:00,172,com.playrix.gardenscapes,"ガーデンスケイプ(Gardenscapes)"
16:00,173,screw.puzzle.match3.brain.puzz,"ネジマッチ: Screw Sort 3D ネジパズル ボルト"
16:00,174,com.HoYoverse.hkrpgoversea,"崩壊：スターレイル"
16:00,175,com.fun.brain.game,"ブレパズ！Brain Puzzle ひっかけパズル"
16:00,176,com.bandainamcoent.opbrjp,"ONE PIECE バウンティラッシュ - アクションゲーム"
16:00,177,loppipoppi.numbermatch,"Number Clash - Math Game"
16:00,178,io.supercent.pizzaidle,"ピザレディー (Pizza Ready)"
16:00,179,jp.co.ponos.nmt,"パズルで豊作！にゃんこ村"
16:00,180,com.nebula.zoodoku,"Zoodoku: 数独ロジックパズル"
16:00,181,com.studiobside.starMain,"スターセイヴァー"
16:00,182,com.familygo.simgame,"Family Go! - 結婚・子育て・世代継承"
16:00,183,com.mxdzz.jp.and,"キノコ伝説：勇者と魔法のランプ"
16:00,184,com.arrow.madness.games.arrows.escape.puzzle.game,"Maze Madness - 脳トレパズル"
16:00,185,com.qookkagames.xczyw.gp.jp,"信長の野望 真戦"
16:00,186,com.abi.busjam.sortpuzzle,"バスゲーム：カーパーキング・バスゲーム"
16:00,187,com.square_enix.android_googleplay.dqwalkj,"ドラゴンクエストウォーク"
16:00,188,com.sega.Kotodaman,"コトダマン ‐ 共闘ことばRPG"
16:00,189,com.nintendo.zaba,"ファイアーエムブレム  ヒーローズ"
16:00,190,com.kite.kittypick,"Kitty Pick"
16:00,191,com.mobsmile.coincollector,"Coin Collector"
16:00,192,com.game.friends.jp,"TopTop(トップトップ) - 友達と一緒に遊ぼう"
16:00,193,com.gamovation.sudoku,"数独 - 毎日ナンプレを解いて気軽に頭の体操"
16:00,194,com.tfgco.apps.coloring.free.color.by.number,"番号でぬりえ: ピクセル着色ゲーム"
16:00,195,com.yoyogames.love.makeover.dressup.dating.crush.game,"Love Makeover: 着せ替えコーデ"
16:00,196,com.whoyaho.pendeco,"デコの達人 - カスタムボールペンASMR"
16:00,197,com.YoStarJP.MajSoul,"雀魂‐じゃんたま‐"
16:00,198,com.bigc.tile.match.triple,"タイルマッチ：暇つぶしに最適！楽しいオフライン3マッチパズル"
16:00,199,com.oakever.tiletrip,"Tile Explorer - トリプルマッチ"
16:00,200,com.kotoko.bside,"Bside: AIチャット&ストーリー&シミュレーション"
18:30,1,jp.co.goodroid.hyper.busflow,"Bus Traffic Fever!　"
18:30,2,game.qualiarts.hololive.dreams.jp,"ホロライブドリームス"
18:30,3,jp.gree_ent.mushoku,"無職転生〜異世界行ったら本気だす〜クロニクル・オブ・エコーズ"
18:30,4,com.oakever.meowdoku,"Meowdoku"
18:30,5,com.cyphergames.royalsmash,"Royal Smash! - Physics Puzzle"
18:30,6,com.grandgames.magicsort,"マジックソート！ (Magic Sort !)"
18:30,7,com.mobirix.ldwm,"スイカ作り2048"
18:30,8,jp.sammynet.next.ort.a0221,"[777Real] A-SLOT+ 異世界かるてっと BT"
18:30,9,com.mergegames.gossipharbor,"ゴシップハーバー：マージ & ストーリー"
18:30,10,jp.konami.pesam,"eFootball™"
18:30,11,com.block.juggle,"ブロックブラスト (Block Blast)"
18:30,12,com.unept.leveldevil,"Level Devil - NOT A Troll Game"
18:30,13,com.ecffri.arrows,"アローズ – パズルエスケープ (Arrows)"
18:30,14,com.roblox.client,"Roblox (ロブロックス)"
18:30,15,com.hollywood.merge,"ハリウッドマージ"
18:30,16,color.number.paint.pixle.art.sort.jigsaw,"Jewel Coloring"
18:30,17,com.puzzlegames.puzzlebrickslegend,"カラーブロック：爽快パズル(ColorBlock)"
18:30,18,sorting.games.goods.sort.triple.match3d.puzzle.stuff,"商品整理ゲーム：3Dパズル"
18:30,19,com.fatmerge.global,"グルメ・ジャーニー"
18:30,20,tokyo.chickenskin.imikowa,"意味怖ストーリー：バッドエンドを回避せよ！"
18:30,21,com.run.tower.defense,"キングショット"
18:30,22,com.kayac.slow_mo_strike,"Slow Mo Strike: ナイフ投げアクション"
18:30,23,com.playrix.township,"タウンシップ (Township)"
18:30,24,jp.co.applibot.chiikawapocket,"ちいかわぽけっと"
18:30,25,com.nianticlabs.pokemongo,"Pokémon GO"
18:30,26,jp.pokemon.pokemonchampions,"Pokémon Champions"
18:30,27,bus.games.car.out.traffic.parking.jam.escape.puzzle,"バスゲーム・駐車場パズル：Bus Madness"
18:30,28,com.oakever.arrows,"Amaze GO! - 矢印 パズル"
18:30,29,com.brain.crazy.joygame,"Brain Puzzle 3: Crazy Mind"
18:30,30,com.gof.global,"ホワイトアウト・サバイバル"
18:30,31,bus.loop.traffic.jam.fever.bus.puzzle,"Bus Loop:Jam Master"
18:30,32,com.bandainamcoent.dgup_jp,"デジモンUP"
18:30,33,com.onyxhook.nekotabi,"ねこ旅 – 放置×収集×ポイ活アプリ"
18:30,34,com.dreamgames.royalkingdom,"ロイヤルキングダム (Royal Kingdom)"
18:30,35,com.vitastudio.mahjong,"ヴィータ麻雀(Vita Mahjong)"
18:30,36,com.supercell.brawlstars,"ブロスタ"
18:30,37,jp.co.ponos.battlecats,"にゃんこ大戦争"
18:30,38,com.linecorp.LGSBJ22,"LINE：ブロックジャム"
18:30,39,com.leap.searchit,"Search It – 隠しアイテム探し"
18:30,40,jp.pokemon.pokemontcgp,"Pokémon TCG Pocket"
18:30,41,com.nebula.tiles,"タップタイル (Tap Tile)"
18:30,42,com.pocket.sort.coin.puzzle.game,"ポケットソート (Pocket Sort)：コインパズル"
18:30,43,com.furrjam.traffic.jamgame,"FurrJam:Hop In!"
18:30,44,com.sled.surfers.game,"Sled Surfers - ズ - 坂冒険"
18:30,45,com.tgc.sky.android,"Sky 星を紡ぐ子どもたち"
18:30,46,air.jp.globalgear.kechi,"ドケチボーイ -脱出ゲーム"
18:30,47,com.fty.trickmean2game,"トリミン2！-トリッキーミーン2 いじわる脳トレパズルゲーム"
18:30,48,pics.karaage.sokutaiho,"巡回中！即タイホ！"
18:30,49,com.youmusic.magictiles,"魔法のタイルズ3 - ピアノ曲 & ゲーム"
18:30,50,com.soccer.score.star,"サッカースーパースター(Soccer Superstar)"
18:30,51,com.bunbunstudio.magicblocktiles,"ぴあのたいる7: 音ゲー . リズムゲーム"
18:30,52,com.nebula.mahjongtile,"麻雀ブラスト (Mahjong Blast)"
18:30,53,com.vigafun.funfinity.foodhunt,"Food Hunt: Pixel Puzzle"
18:30,54,water.sort.color.puzzle.offline.games,"Water Sort! カラーロジック"
18:30,55,com.yzlm.jp.and,"勇者連盟：暁の遠征"
18:30,56,com.tripledot.blockssmashgame,"Stack Smash - Block 3D Puzzle"
18:30,57,com.nutsbolts.zgsn,"Romantic Nuts & Bolts Sorting"
18:30,58,com.epicgames.fortnite,"フォートナイト"
18:30,59,com.ocean.block.shoot,"Ocean Block Shoot"
18:30,60,block.color.game.jam.blocks.sort.puzzle.games.slide.free,"ブロックカラー・マニア"
18:30,61,com.dreamgames.royalmatch,"ロイヤルマッチ Royal Match"
18:30,62,com.zigzagame.paranoize,"パラノイズ"
18:30,63,com.fluffydrop.op.gp,"Fluffy Drop"
18:30,64,com.axmeksl.oelasjkq,"鬼討ち剣士：日の呼吸"
18:30,65,com.find.spot.photo.hunt.differences.free.hidden,"間違い探し：違いを探す楽しいパズルゲーム"
18:30,66,com.wood.bolt.wordle.screw.nuts.puzzle,"ネジパズル: 脳トレ ウッド パズル - 人気 ネジ ゲーム"
18:30,67,com.kzqwmfk.ngurkwq,"千年血戦 -禍進譚-"
18:30,68,com.merge.game.foodstars,"フードスター:マージ & クック"
18:30,69,com.easybrain.sudoku.android,"ナンプレ - ロジックパズルゲーム"
18:30,70,com.whoyaho.tanghulu,"フルーツ飴の達人 - ドバイもち、パフェ、ASMR、モッパン"
18:30,71,jp.co.drecom.wizardry.daphne,"Wizardry Variants Daphne"
18:30,72,com.devsisters.cc,"クッキーラン：クランブル - 放置系RPG"
18:30,73,wool.match.color.sort.jam.puzzle,"毛糸クラッシュ"
18:30,74,com.gartic.garticphone,"Gartic Phone"
18:30,75,com.agavegames.findthecat2,"Find The Cat 2 - Spot It!"
18:30,76,com.HoYoverse.Nap,"ゼンレスゾーンゼロ - アニバーサリー"
18:30,77,com.square_enix.android_googleplay.dqsgj,"ドラゴンクエストスマッシュグロウ ドラクエローグライトRPG"
18:30,78,jigsolitaire.jigsort.jigsaw.solitaire.puzzle,"ジグソートパズル：ソリティアの楽しさを楽しもう"
18:30,79,com.funplus.ts.global,"タイルズ・サバイバル"
18:30,80,com.sega.pjsekai,"プロジェクトセカイ カラフルステージ！ feat. 初音ミク"
18:30,81,io.supercent.linkedcubic,"スネーククラッシュ (Snake Clash)"
18:30,82,hidden.object.find.seek.search.mystery.puzzle.games.free,"隠しオブジェクトゲーム：探してみよう"
18:30,83,com.topwar.gp,"トップウォー"
18:30,84,com.media720.games2020,"オフラインゲーム 暇つぶし 楽しい ミニパズルボード"
18:30,85,jigsaw.solitaire.match.games.free,"ジグソードロップ：ソリティアパズル"
18:30,86,com.pixel.art.coloring.color.number,"Happy Color® – 数字で塗り絵と色ぬりえ"
18:30,87,com.QdanApp.QdanGames,"どこでもパーティーゲーム「どこパ」（ワードウルフオンライン）"
18:30,88,com.global.ztmslg,"パズル&サバイバル"
18:30,89,com.chirpysort.game.android,"Chirpy Sort: Bird Color Puzzle"
18:30,90,com.carnival.blast.smash3d,"Carnival Blast!"
18:30,91,com.linecorp.LGTMTM,"LINE：ディズニー ツムツム"
18:30,92,com.gtsy.annoying.punch.game,"Annoying Uncle - パンチゲーム"
18:30,93,com.wood.block.sudoku.puzzle.bm,"Block Crush: ブロックブラストパズル"
18:30,94,daily.number.match.free.puzzle,"デイリーナンバーマッチ"
18:30,95,com.merge.cooking.theme.restaurant.food,"マージクッキング テーマレストラン"
18:30,96,com.magic.relaxing.water.sort.colorgame.puzzle,"3D Colorful Sort™ 魔法の水"
18:30,97,com.nexters.herowars,"ヒーローウォーズ：アライアンス — 放置系ロールプレイング"
18:30,98,com.igg.android.doomsdaylastsurvivors,"ドゥームズデイ：オデュッセウスの帰還"
18:30,99,com.hypervation.goodssort,"Goods Sort Match - パズル"
18:30,100,com.eurekastudio.mapfit,"Map Fit（マップフィット）-究極の地図パズル-"
18:30,101,com.innersloth.spacemafia,"Among Us"
18:30,102,com.xman.jp.gp,"X-Clash"
18:30,103,io.voodoo.paper2,"Paper.io 2"
18:30,104,jp.gungho.pad,"パズル＆ドラゴンズ"
18:30,105,com.hmbl.perfect.makeover.cleaning.asmr,"Perfect Makeover Cleaning ASMR"
18:30,106,water.sort.puzzle.game.color.sorting.free,"水選別パズルゲーム - 楽しい色分けパズルゲーム"
18:30,107,easy.sudoku.puzzle.solver.free,"ナンプレ - 大人気アプリ"
18:30,108,com.cliffs.pro.cell.building.crazy.clever.craft,"Block Crazy Robo World Craft"
18:30,109,find.difference.spot.differences.hidden.puzzle.games.free,"間違い探し - 見つけてスポット"
18:30,110,com.easybrain.brick.balls.blast,"Brick Blast - ブロック崩し"
18:30,111,ball.sort.puzzle.color.sorting.bubble.games,"ボール選別 - 脳を鍛える色分けパズル ゲーム"
18:30,112,com.brain.logic.joygame,"Brain Puzzle 2: Logic Twist"
18:30,113,com.robtopx.geometryjumplite,"Geometry Dash Lite"
18:30,114,jp.co.sega.am2.MJMobile,"セガNET麻雀 MJ"
18:30,115,com.mobcast.okp,"キングダム 乱 -天下統一への道- 究極の本格戦略ゲーム"
18:30,116,jp.pokemon.pokemonsleep,"Pokémon Sleep"
18:30,117,com.farlightgames.pgame.gp,"モンスターサバイバル"
18:30,118,com.bravestars.savethedog.drawgame,"Save The Pets"
18:30,119,com.fliqs.chameleon.hunt.hide.seek,"Chameleon Hunt: Hide & Seek"
18:30,120,com.cedargames.mysterytown,"ミステリータウン：マージゲーム (Mystery Town)"
18:30,121,net.peakgames.toonblast,"トゥーンブラスト (Toon Blast)"
18:30,122,com.lighthouse.freeplay.jp,"終焉のヒカリ"
18:30,123,com.combo.knockout,"Knock Out"
18:30,124,com.readygo.barrel.gp,"ラストZ：サバイバルシューティング"
18:30,125,com.gamovation.tileclub,"タイルクラブ - マッチングゲーム"
18:30,126,beats.color.sing.star.rush,"魔法ピアノタイル9 : ピアノゲーム、おんがくげーむ、音ゲー"
18:30,127,com.rotatelab.cubeblast,"Cube Land Puzzle Game"
18:30,128,com.rush.xtreme.sports,"ラッシュ：エクストリーム (RUSH: Xtreme)"
18:30,129,io.voodoo.holeio,"ホール.io"
18:30,130,com.shogunstudios.poikatsuhakkosusumukun,"ポイ活 発酵！ススムくん：放置ゲームで簡単ポイント稼ぎ"
18:30,131,com.unicostudio.braintest,"ブレインテスト(Brain Test)：ひっかけパズル"
18:30,132,jp.co.mixi.monsterstrike,"モンスターストライク"
18:30,133,tokyo.plott.tes,"テイペンサバイバー"
18:30,134,gridplus.busjam.carpuzzle,"Bus Fever-Car Jam Escape"
18:30,135,com.ig.screwdom,"Screwdom 3D"
18:30,136,com.kwalee.drawit,"ドロー・イット"
18:30,137,jp.konami.prospia,"プロ野球スピリッツA"
18:30,138,com.Chodun.CatGunner,"にゃんこ銃士：放置育成RPG"
18:30,139,com.HoYoverse.cloudgames.Nap,"ゼンレスゾーンゼロ・クラウド版 - アニバーサリー"
18:30,140,com.vincentb.MobControl,"Mob Control"
18:30,141,com.football.soccer.league,"サッカーリーグ2026"
18:30,142,com.fungames.blockcraft,"ブロッククラフト3D (Block Craft)：建設ゲーム"
18:30,143,com.JindoBlu.OfflineGames,"オフラインゲーム - 暇つぶし ゲーム - パズルゲーム"
18:30,144,com.mahjong.master.solitaire.match.puzzle,"麻雀マスター：デイリーマッチ"
18:30,145,com.mini.football.filter.games,"Mini Soccer: Football Cup 2026"
18:30,146,com.kite.knockfever,"Knock Fever"
18:30,147,com.ea.gp.fifamobile,"EA SPORTS FC™ サッカー Mobile 2026"
18:30,148,com.phs.global,"ラストアサイラム：プレイグ"
18:30,149,com.ultimatelavashgames.rollthehole,"たべるジェリーホール - Jelly Hole"
18:30,150,defense.roguelike.cell.shoot.survivor,"セルサバイバー"
18:30,151,com.ew.mahjong,"楽しい麻雀マッチ"
18:30,152,com.car.parking.bus.mania.traffic.jam,"Bus Jam：駐車場ゲーム パーキングジャム"
18:30,153,water.sort.master.colors.games,"Water Sort: Master Colors"
18:30,154,com.h8games.littlefarmstory,"リトルファームストーリー"
18:30,155,com.kiwifun.game.android.screw.master,"ネジ3Dパズル：ピンを外すゲーム"
18:30,156,com.fiveminlab.overgeared.hero.backpack.merge,"チート勇者～インベントリ攻略ゲー～RPG"
18:30,157,jp.co.level5.inazumacross,"イナズマイレブン クロス"
18:30,158,com.easybrain.brainy.joygame,"Puzzle Time: Brainy Challenge"
18:30,159,com.loop.clear.cube.free.card.puzzle.sort.match,"ループマスター（Loop Master）"
18:30,160,com.hp.keyboard.obby.asmr.speed.run,"Keyboard Obby: ASMR Speed Run"
18:30,161,com.slg.savagesurvival,"サベージ・サバイバル：恐竜の咆哮"
18:30,162,net.peakgames.match,"マッチファクトリー(Match Factory)!"
18:30,163,com.YostarJP.BlueArchive,"ブルーアーカイブ"
18:30,164,com.crossfield.mahjong,"麻雀 闘龍 - 初心者から楽しめる麻雀ゲーム"
18:30,165,com.actgames.HelloKittyMDS,"ハローキティ：マイドリームストア"
18:30,166,solitaire.word.association.connections.puzzle,"ソリティアワード: Solitaire Connection"
18:30,167,com.rescue.agent,"ヘリコプター・エスケープ"
18:30,168,com.bandainamcoent.dblegends_jp,"ドラゴンボール レジェンズ"
18:30,169,tokyo.chickenskin.yokai,"妖怪カノジョ：妖怪はキミに恋をする"
18:30,170,diamond.pixel.art.jewel.color.flow.sort.puzzle,"ジュエルカラーソート：ダイヤゲーム"
18:30,171,com.samw.gp.fruitromance,"フルーツ・ロマンス"
18:30,172,com.playrix.gardenscapes,"ガーデンスケイプ(Gardenscapes)"
18:30,173,screw.puzzle.match3.brain.puzz,"ネジマッチ: Screw Sort 3D ネジパズル ボルト"
18:30,174,com.HoYoverse.hkrpgoversea,"崩壊：スターレイル"
18:30,175,com.fun.brain.game,"ブレパズ！Brain Puzzle ひっかけパズル"
18:30,176,com.bandainamcoent.opbrjp,"ONE PIECE バウンティラッシュ - アクションゲーム"
18:30,177,loppipoppi.numbermatch,"Number Clash - Math Game"
18:30,178,io.supercent.pizzaidle,"ピザレディー (Pizza Ready)"
18:30,179,jp.co.ponos.nmt,"パズルで豊作！にゃんこ村"
18:30,180,com.nebula.zoodoku,"Zoodoku: 数独ロジックパズル"
18:30,181,com.studiobside.starMain,"スターセイヴァー"
18:30,182,com.familygo.simgame,"Family Go! - 結婚・子育て・世代継承"
18:30,183,com.mxdzz.jp.and,"キノコ伝説：勇者と魔法のランプ"
18:30,184,com.arrow.madness.games.arrows.escape.puzzle.game,"Maze Madness - 脳トレパズル"
18:30,185,com.qookkagames.xczyw.gp.jp,"信長の野望 真戦"
18:30,186,com.abi.busjam.sortpuzzle,"バスゲーム：カーパーキング・バスゲーム"
18:30,187,com.square_enix.android_googleplay.dqwalkj,"ドラゴンクエストウォーク"
18:30,188,com.sega.Kotodaman,"コトダマン ‐ 共闘ことばRPG"
18:30,189,com.nintendo.zaba,"ファイアーエムブレム  ヒーローズ"
18:30,190,com.kite.kittypick,"Kitty Pick"
18:30,191,com.mobsmile.coincollector,"Coin Collector"
18:30,192,com.game.friends.jp,"TopTop(トップトップ) - 友達と一緒に遊ぼう"
18:30,193,com.gamovation.sudoku,"数独 - 毎日ナンプレを解いて気軽に頭の体操"
18:30,194,com.tfgco.apps.coloring.free.color.by.number,"番号でぬりえ: ピクセル着色ゲーム"
18:30,195,com.yoyogames.love.makeover.dressup.dating.crush.game,"Love Makeover: 着せ替えコーデ"
18:30,196,com.whoyaho.pendeco,"デコの達人 - カスタムボールペンASMR"
18:30,197,com.YoStarJP.MajSoul,"雀魂‐じゃんたま‐"
18:30,198,com.bigc.tile.match.triple,"タイルマッチ：暇つぶしに最適！楽しいオフライン3マッチパズル"
18:30,199,com.oakever.tiletrip,"Tile Explorer - トリプルマッチ"
18:30,200,com.kotoko.bside,"Bside: AIチャット&ストーリー&シミュレーション"
19:30,1,jp.co.goodroid.hyper.busflow,"Bus Traffic Fever!　"
19:30,2,game.qualiarts.hololive.dreams.jp,"ホロライブドリームス"
19:30,3,jp.gree_ent.mushoku,"無職転生〜異世界行ったら本気だす〜クロニクル・オブ・エコーズ"
19:30,4,com.oakever.meowdoku,"Meowdoku"
19:30,5,com.cyphergames.royalsmash,"Royal Smash! - Physics Puzzle"
19:30,6,com.grandgames.magicsort,"マジックソート！ (Magic Sort !)"
19:30,7,com.mobirix.ldwm,"スイカ作り2048"
19:30,8,jp.sammynet.next.ort.a0221,"[777Real] A-SLOT+ 異世界かるてっと BT"
19:30,9,com.mergegames.gossipharbor,"ゴシップハーバー：マージ & ストーリー"
19:30,10,jp.konami.pesam,"eFootball™"
19:30,11,com.block.juggle,"ブロックブラスト (Block Blast)"
19:30,12,com.unept.leveldevil,"Level Devil - NOT A Troll Game"
19:30,13,com.ecffri.arrows,"アローズ – パズルエスケープ (Arrows)"
19:30,14,com.roblox.client,"Roblox (ロブロックス)"
19:30,15,com.hollywood.merge,"ハリウッドマージ"
19:30,16,color.number.paint.pixle.art.sort.jigsaw,"Jewel Coloring"
19:30,17,com.puzzlegames.puzzlebrickslegend,"カラーブロック：爽快パズル(ColorBlock)"
19:30,18,sorting.games.goods.sort.triple.match3d.puzzle.stuff,"商品整理ゲーム：3Dパズル"
19:30,19,com.fatmerge.global,"グルメ・ジャーニー"
19:30,20,tokyo.chickenskin.imikowa,"意味怖ストーリー：バッドエンドを回避せよ！"
19:30,21,com.run.tower.defense,"キングショット"
19:30,22,com.kayac.slow_mo_strike,"Slow Mo Strike: ナイフ投げアクション"
19:30,23,com.playrix.township,"タウンシップ (Township)"
19:30,24,jp.co.applibot.chiikawapocket,"ちいかわぽけっと"
19:30,25,com.nianticlabs.pokemongo,"Pokémon GO"
19:30,26,jp.pokemon.pokemonchampions,"Pokémon Champions"
19:30,27,bus.games.car.out.traffic.parking.jam.escape.puzzle,"バスゲーム・駐車場パズル：Bus Madness"
19:30,28,com.oakever.arrows,"Amaze GO! - 矢印 パズル"
19:30,29,com.brain.crazy.joygame,"Brain Puzzle 3: Crazy Mind"
19:30,30,com.gof.global,"ホワイトアウト・サバイバル"
19:30,31,bus.loop.traffic.jam.fever.bus.puzzle,"Bus Loop:Jam Master"
19:30,32,com.bandainamcoent.dgup_jp,"デジモンUP"
19:30,33,com.onyxhook.nekotabi,"ねこ旅 – 放置×収集×ポイ活アプリ"
19:30,34,com.dreamgames.royalkingdom,"ロイヤルキングダム (Royal Kingdom)"
19:30,35,com.vitastudio.mahjong,"ヴィータ麻雀(Vita Mahjong)"
19:30,36,com.supercell.brawlstars,"ブロスタ"
19:30,37,jp.co.ponos.battlecats,"にゃんこ大戦争"
19:30,38,com.linecorp.LGSBJ22,"LINE：ブロックジャム"
19:30,39,com.leap.searchit,"Search It – 隠しアイテム探し"
19:30,40,jp.pokemon.pokemontcgp,"Pokémon TCG Pocket"
19:30,41,com.nebula.tiles,"タップタイル (Tap Tile)"
19:30,42,com.pocket.sort.coin.puzzle.game,"ポケットソート (Pocket Sort)：コインパズル"
19:30,43,com.furrjam.traffic.jamgame,"FurrJam:Hop In!"
19:30,44,com.sled.surfers.game,"Sled Surfers - ズ - 坂冒険"
19:30,45,com.tgc.sky.android,"Sky 星を紡ぐ子どもたち"
19:30,46,air.jp.globalgear.kechi,"ドケチボーイ -脱出ゲーム"
19:30,47,com.fty.trickmean2game,"トリミン2！-トリッキーミーン2 いじわる脳トレパズルゲーム"
19:30,48,pics.karaage.sokutaiho,"巡回中！即タイホ！"
19:30,49,com.youmusic.magictiles,"魔法のタイルズ3 - ピアノ曲 & ゲーム"
19:30,50,com.soccer.score.star,"サッカースーパースター(Soccer Superstar)"
19:30,51,com.bunbunstudio.magicblocktiles,"ぴあのたいる7: 音ゲー . リズムゲーム"
19:30,52,com.nebula.mahjongtile,"麻雀ブラスト (Mahjong Blast)"
19:30,53,com.vigafun.funfinity.foodhunt,"Food Hunt: Pixel Puzzle"
19:30,54,water.sort.color.puzzle.offline.games,"Water Sort! カラーロジック"
19:30,55,com.yzlm.jp.and,"勇者連盟：暁の遠征"
19:30,56,com.tripledot.blockssmashgame,"Stack Smash - Block 3D Puzzle"
19:30,57,com.nutsbolts.zgsn,"Romantic Nuts & Bolts Sorting"
19:30,58,com.epicgames.fortnite,"フォートナイト"
19:30,59,com.ocean.block.shoot,"Ocean Block Shoot"
19:30,60,block.color.game.jam.blocks.sort.puzzle.games.slide.free,"ブロックカラー・マニア"
19:30,61,com.dreamgames.royalmatch,"ロイヤルマッチ Royal Match"
19:30,62,com.zigzagame.paranoize,"パラノイズ"
19:30,63,com.fluffydrop.op.gp,"Fluffy Drop"
19:30,64,com.axmeksl.oelasjkq,"鬼討ち剣士：日の呼吸"
19:30,65,com.find.spot.photo.hunt.differences.free.hidden,"間違い探し：違いを探す楽しいパズルゲーム"
19:30,66,com.wood.bolt.wordle.screw.nuts.puzzle,"ネジパズル: 脳トレ ウッド パズル - 人気 ネジ ゲーム"
19:30,67,com.kzqwmfk.ngurkwq,"千年血戦 -禍進譚-"
19:30,68,com.merge.game.foodstars,"フードスター:マージ & クック"
19:30,69,com.easybrain.sudoku.android,"ナンプレ - ロジックパズルゲーム"
19:30,70,com.whoyaho.tanghulu,"フルーツ飴の達人 - ドバイもち、パフェ、ASMR、モッパン"
19:30,71,jp.co.drecom.wizardry.daphne,"Wizardry Variants Daphne"
19:30,72,com.devsisters.cc,"クッキーラン：クランブル - 放置系RPG"
19:30,73,wool.match.color.sort.jam.puzzle,"毛糸クラッシュ"
19:30,74,com.gartic.garticphone,"Gartic Phone"
19:30,75,com.agavegames.findthecat2,"Find The Cat 2 - Spot It!"
19:30,76,com.HoYoverse.Nap,"ゼンレスゾーンゼロ - アニバーサリー"
19:30,77,com.square_enix.android_googleplay.dqsgj,"ドラゴンクエストスマッシュグロウ ドラクエローグライトRPG"
19:30,78,jigsolitaire.jigsort.jigsaw.solitaire.puzzle,"ジグソートパズル：ソリティアの楽しさを楽しもう"
19:30,79,com.funplus.ts.global,"タイルズ・サバイバル"
19:30,80,com.sega.pjsekai,"プロジェクトセカイ カラフルステージ！ feat. 初音ミク"
19:30,81,io.supercent.linkedcubic,"スネーククラッシュ (Snake Clash)"
19:30,82,hidden.object.find.seek.search.mystery.puzzle.games.free,"隠しオブジェクトゲーム：探してみよう"
19:30,83,com.topwar.gp,"トップウォー"
19:30,84,com.media720.games2020,"オフラインゲーム 暇つぶし 楽しい ミニパズルボード"
19:30,85,jigsaw.solitaire.match.games.free,"ジグソードロップ：ソリティアパズル"
19:30,86,com.pixel.art.coloring.color.number,"Happy Color® – 数字で塗り絵と色ぬりえ"
19:30,87,com.QdanApp.QdanGames,"どこでもパーティーゲーム「どこパ」（ワードウルフオンライン）"
19:30,88,com.global.ztmslg,"パズル&サバイバル"
19:30,89,com.chirpysort.game.android,"Chirpy Sort: Bird Color Puzzle"
19:30,90,com.carnival.blast.smash3d,"Carnival Blast!"
19:30,91,com.linecorp.LGTMTM,"LINE：ディズニー ツムツム"
19:30,92,com.gtsy.annoying.punch.game,"Annoying Uncle - パンチゲーム"
19:30,93,com.wood.block.sudoku.puzzle.bm,"Block Crush: ブロックブラストパズル"
19:30,94,daily.number.match.free.puzzle,"デイリーナンバーマッチ"
19:30,95,com.merge.cooking.theme.restaurant.food,"マージクッキング テーマレストラン"
19:30,96,com.magic.relaxing.water.sort.colorgame.puzzle,"3D Colorful Sort™ 魔法の水"
19:30,97,com.nexters.herowars,"ヒーローウォーズ：アライアンス — 放置系ロールプレイング"
19:30,98,com.igg.android.doomsdaylastsurvivors,"ドゥームズデイ：オデュッセウスの帰還"
19:30,99,com.hypervation.goodssort,"Goods Sort Match - パズル"
19:30,100,com.eurekastudio.mapfit,"Map Fit（マップフィット）-究極の地図パズル-"
19:30,101,com.innersloth.spacemafia,"Among Us"
19:30,102,com.xman.jp.gp,"X-Clash"
19:30,103,io.voodoo.paper2,"Paper.io 2"
19:30,104,jp.gungho.pad,"パズル＆ドラゴンズ"
19:30,105,com.hmbl.perfect.makeover.cleaning.asmr,"Perfect Makeover Cleaning ASMR"
19:30,106,water.sort.puzzle.game.color.sorting.free,"水選別パズルゲーム - 楽しい色分けパズルゲーム"
19:30,107,easy.sudoku.puzzle.solver.free,"ナンプレ - 大人気アプリ"
19:30,108,com.cliffs.pro.cell.building.crazy.clever.craft,"Block Crazy Robo World Craft"
19:30,109,find.difference.spot.differences.hidden.puzzle.games.free,"間違い探し - 見つけてスポット"
19:30,110,com.easybrain.brick.balls.blast,"Brick Blast - ブロック崩し"
19:30,111,ball.sort.puzzle.color.sorting.bubble.games,"ボール選別 - 脳を鍛える色分けパズル ゲーム"
19:30,112,com.brain.logic.joygame,"Brain Puzzle 2: Logic Twist"
19:30,113,com.robtopx.geometryjumplite,"Geometry Dash Lite"
19:30,114,jp.co.sega.am2.MJMobile,"セガNET麻雀 MJ"
19:30,115,com.mobcast.okp,"キングダム 乱 -天下統一への道- 究極の本格戦略ゲーム"
19:30,116,jp.pokemon.pokemonsleep,"Pokémon Sleep"
19:30,117,com.farlightgames.pgame.gp,"モンスターサバイバル"
19:30,118,com.bravestars.savethedog.drawgame,"Save The Pets"
19:30,119,com.fliqs.chameleon.hunt.hide.seek,"Chameleon Hunt: Hide & Seek"
19:30,120,com.cedargames.mysterytown,"ミステリータウン：マージゲーム (Mystery Town)"
19:30,121,net.peakgames.toonblast,"トゥーンブラスト (Toon Blast)"
19:30,122,com.lighthouse.freeplay.jp,"終焉のヒカリ"
19:30,123,com.combo.knockout,"Knock Out"
19:30,124,com.readygo.barrel.gp,"ラストZ：サバイバルシューティング"
19:30,125,com.gamovation.tileclub,"タイルクラブ - マッチングゲーム"
19:30,126,beats.color.sing.star.rush,"魔法ピアノタイル9 : ピアノゲーム、おんがくげーむ、音ゲー"
19:30,127,com.rotatelab.cubeblast,"Cube Land Puzzle Game"
19:30,128,com.rush.xtreme.sports,"ラッシュ：エクストリーム (RUSH: Xtreme)"
19:30,129,io.voodoo.holeio,"ホール.io"
19:30,130,com.shogunstudios.poikatsuhakkosusumukun,"ポイ活 発酵！ススムくん：放置ゲームで簡単ポイント稼ぎ"
19:30,131,com.unicostudio.braintest,"ブレインテスト(Brain Test)：ひっかけパズル"
19:30,132,jp.co.mixi.monsterstrike,"モンスターストライク"
19:30,133,tokyo.plott.tes,"テイペンサバイバー"
19:30,134,gridplus.busjam.carpuzzle,"Bus Fever-Car Jam Escape"
19:30,135,com.ig.screwdom,"Screwdom 3D"
19:30,136,com.kwalee.drawit,"ドロー・イット"
19:30,137,jp.konami.prospia,"プロ野球スピリッツA"
19:30,138,com.Chodun.CatGunner,"にゃんこ銃士：放置育成RPG"
19:30,139,com.HoYoverse.cloudgames.Nap,"ゼンレスゾーンゼロ・クラウド版 - アニバーサリー"
19:30,140,com.vincentb.MobControl,"Mob Control"
19:30,141,com.football.soccer.league,"サッカーリーグ2026"
19:30,142,com.fungames.blockcraft,"ブロッククラフト3D (Block Craft)：建設ゲーム"
19:30,143,com.JindoBlu.OfflineGames,"オフラインゲーム - 暇つぶし ゲーム - パズルゲーム"
19:30,144,com.mahjong.master.solitaire.match.puzzle,"麻雀マスター：デイリーマッチ"
19:30,145,com.mini.football.filter.games,"Mini Soccer: Football Cup 2026"
19:30,146,com.kite.knockfever,"Knock Fever"
19:30,147,com.ea.gp.fifamobile,"EA SPORTS FC™ サッカー Mobile 2026"
19:30,148,com.phs.global,"ラストアサイラム：プレイグ"
19:30,149,com.ultimatelavashgames.rollthehole,"たべるジェリーホール - Jelly Hole"
19:30,150,defense.roguelike.cell.shoot.survivor,"セルサバイバー"
19:30,151,com.ew.mahjong,"楽しい麻雀マッチ"
19:30,152,com.car.parking.bus.mania.traffic.jam,"Bus Jam：駐車場ゲーム パーキングジャム"
19:30,153,water.sort.master.colors.games,"Water Sort: Master Colors"
19:30,154,com.h8games.littlefarmstory,"リトルファームストーリー"
19:30,155,com.kiwifun.game.android.screw.master,"ネジ3Dパズル：ピンを外すゲーム"
19:30,156,com.fiveminlab.overgeared.hero.backpack.merge,"チート勇者～インベントリ攻略ゲー～RPG"
19:30,157,jp.co.level5.inazumacross,"イナズマイレブン クロス"
19:30,158,com.easybrain.brainy.joygame,"Puzzle Time: Brainy Challenge"
19:30,159,com.loop.clear.cube.free.card.puzzle.sort.match,"ループマスター（Loop Master）"
19:30,160,com.hp.keyboard.obby.asmr.speed.run,"Keyboard Obby: ASMR Speed Run"
19:30,161,com.slg.savagesurvival,"サベージ・サバイバル：恐竜の咆哮"
19:30,162,net.peakgames.match,"マッチファクトリー(Match Factory)!"
19:30,163,com.YostarJP.BlueArchive,"ブルーアーカイブ"
19:30,164,com.crossfield.mahjong,"麻雀 闘龍 - 初心者から楽しめる麻雀ゲーム"
19:30,165,com.actgames.HelloKittyMDS,"ハローキティ：マイドリームストア"
19:30,166,solitaire.word.association.connections.puzzle,"ソリティアワード: Solitaire Connection"
19:30,167,com.rescue.agent,"ヘリコプター・エスケープ"
19:30,168,com.bandainamcoent.dblegends_jp,"ドラゴンボール レジェンズ"
19:30,169,tokyo.chickenskin.yokai,"妖怪カノジョ：妖怪はキミに恋をする"
19:30,170,diamond.pixel.art.jewel.color.flow.sort.puzzle,"ジュエルカラーソート：ダイヤゲーム"
19:30,171,com.samw.gp.fruitromance,"フルーツ・ロマンス"
19:30,172,com.playrix.gardenscapes,"ガーデンスケイプ(Gardenscapes)"
19:30,173,screw.puzzle.match3.brain.puzz,"ネジマッチ: Screw Sort 3D ネジパズル ボルト"
19:30,174,com.HoYoverse.hkrpgoversea,"崩壊：スターレイル"
19:30,175,com.fun.brain.game,"ブレパズ！Brain Puzzle ひっかけパズル"
19:30,176,com.bandainamcoent.opbrjp,"ONE PIECE バウンティラッシュ - アクションゲーム"
19:30,177,loppipoppi.numbermatch,"Number Clash - Math Game"
19:30,178,io.supercent.pizzaidle,"ピザレディー (Pizza Ready)"
19:30,179,jp.co.ponos.nmt,"パズルで豊作！にゃんこ村"
19:30,180,com.nebula.zoodoku,"Zoodoku: 数独ロジックパズル"
19:30,181,com.studiobside.starMain,"スターセイヴァー"
19:30,182,com.familygo.simgame,"Family Go! - 結婚・子育て・世代継承"
19:30,183,com.mxdzz.jp.and,"キノコ伝説：勇者と魔法のランプ"
19:30,184,com.arrow.madness.games.arrows.escape.puzzle.game,"Maze Madness - 脳トレパズル"
19:30,185,com.qookkagames.xczyw.gp.jp,"信長の野望 真戦"
19:30,186,com.abi.busjam.sortpuzzle,"バスゲーム：カーパーキング・バスゲーム"
19:30,187,com.square_enix.android_googleplay.dqwalkj,"ドラゴンクエストウォーク"
19:30,188,com.sega.Kotodaman,"コトダマン ‐ 共闘ことばRPG"
19:30,189,com.nintendo.zaba,"ファイアーエムブレム  ヒーローズ"
19:30,190,com.kite.kittypick,"Kitty Pick"
19:30,191,com.mobsmile.coincollector,"Coin Collector"
19:30,192,com.game.friends.jp,"TopTop(トップトップ) - 友達と一緒に遊ぼう"
19:30,193,com.gamovation.sudoku,"数独 - 毎日ナンプレを解いて気軽に頭の体操"
19:30,194,com.tfgco.apps.coloring.free.color.by.number,"番号でぬりえ: ピクセル着色ゲーム"
19:30,195,com.yoyogames.love.makeover.dressup.dating.crush.game,"Love Makeover: 着せ替えコーデ"
19:30,196,com.whoyaho.pendeco,"デコの達人 - カスタムボールペンASMR"
19:30,197,com.YoStarJP.MajSoul,"雀魂‐じゃんたま‐"
19:30,198,com.bigc.tile.match.triple,"タイルマッチ：暇つぶしに最適！楽しいオフライン3マッチパズル"
19:30,199,com.oakever.tiletrip,"Tile Explorer - トリプルマッチ"
19:30,200,com.kotoko.bside,"Bside: AIチャット&ストーリー&シミュレーション"
20:30,1,jp.co.goodroid.hyper.busflow,"Bus Traffic Fever!　"
20:30,2,game.qualiarts.hololive.dreams.jp,"ホロライブドリームス"
20:30,3,jp.gree_ent.mushoku,"無職転生〜異世界行ったら本気だす〜クロニクル・オブ・エコーズ"
20:30,4,com.oakever.meowdoku,"Meowdoku"
20:30,5,com.cyphergames.royalsmash,"Royal Smash! - Physics Puzzle"
20:30,6,com.grandgames.magicsort,"マジックソート！ (Magic Sort !)"
20:30,7,com.mobirix.ldwm,"スイカ作り2048"
20:30,8,jp.sammynet.next.ort.a0221,"[777Real] A-SLOT+ 異世界かるてっと BT"
20:30,9,com.mergegames.gossipharbor,"ゴシップハーバー：マージ & ストーリー"
20:30,10,jp.konami.pesam,"eFootball™"
20:30,11,com.block.juggle,"ブロックブラスト (Block Blast)"
20:30,12,com.unept.leveldevil,"Level Devil - NOT A Troll Game"
20:30,13,com.ecffri.arrows,"アローズ – パズルエスケープ (Arrows)"
20:30,14,com.roblox.client,"Roblox (ロブロックス)"
20:30,15,com.hollywood.merge,"ハリウッドマージ"
20:30,16,color.number.paint.pixle.art.sort.jigsaw,"Jewel Coloring"
20:30,17,com.puzzlegames.puzzlebrickslegend,"カラーブロック：爽快パズル(ColorBlock)"
20:30,18,sorting.games.goods.sort.triple.match3d.puzzle.stuff,"商品整理ゲーム：3Dパズル"
20:30,19,com.fatmerge.global,"グルメ・ジャーニー"
20:30,20,tokyo.chickenskin.imikowa,"意味怖ストーリー：バッドエンドを回避せよ！"
20:30,21,com.run.tower.defense,"キングショット"
20:30,22,com.kayac.slow_mo_strike,"Slow Mo Strike: ナイフ投げアクション"
20:30,23,com.playrix.township,"タウンシップ (Township)"
20:30,24,jp.co.applibot.chiikawapocket,"ちいかわぽけっと"
20:30,25,com.nianticlabs.pokemongo,"Pokémon GO"
20:30,26,jp.pokemon.pokemonchampions,"Pokémon Champions"
20:30,27,bus.games.car.out.traffic.parking.jam.escape.puzzle,"バスゲーム・駐車場パズル：Bus Madness"
20:30,28,com.oakever.arrows,"Amaze GO! - 矢印 パズル"
20:30,29,com.brain.crazy.joygame,"Brain Puzzle 3: Crazy Mind"
20:30,30,com.gof.global,"ホワイトアウト・サバイバル"
20:30,31,bus.loop.traffic.jam.fever.bus.puzzle,"Bus Loop:Jam Master"
20:30,32,com.bandainamcoent.dgup_jp,"デジモンUP"
20:30,33,com.onyxhook.nekotabi,"ねこ旅 – 放置×収集×ポイ活アプリ"
20:30,34,com.dreamgames.royalkingdom,"ロイヤルキングダム (Royal Kingdom)"
20:30,35,com.vitastudio.mahjong,"ヴィータ麻雀(Vita Mahjong)"
20:30,36,com.supercell.brawlstars,"ブロスタ"
20:30,37,jp.co.ponos.battlecats,"にゃんこ大戦争"
20:30,38,com.linecorp.LGSBJ22,"LINE：ブロックジャム"
20:30,39,com.leap.searchit,"Search It – 隠しアイテム探し"
20:30,40,jp.pokemon.pokemontcgp,"Pokémon TCG Pocket"
20:30,41,com.nebula.tiles,"タップタイル (Tap Tile)"
20:30,42,com.pocket.sort.coin.puzzle.game,"ポケットソート (Pocket Sort)：コインパズル"
20:30,43,com.furrjam.traffic.jamgame,"FurrJam:Hop In!"
20:30,44,com.sled.surfers.game,"Sled Surfers - ズ - 坂冒険"
20:30,45,com.tgc.sky.android,"Sky 星を紡ぐ子どもたち"
20:30,46,air.jp.globalgear.kechi,"ドケチボーイ -脱出ゲーム"
20:30,47,com.fty.trickmean2game,"トリミン2！-トリッキーミーン2 いじわる脳トレパズルゲーム"
20:30,48,pics.karaage.sokutaiho,"巡回中！即タイホ！"
20:30,49,com.youmusic.magictiles,"魔法のタイルズ3 - ピアノ曲 & ゲーム"
20:30,50,com.soccer.score.star,"サッカースーパースター(Soccer Superstar)"
20:30,51,com.bunbunstudio.magicblocktiles,"ぴあのたいる7: 音ゲー . リズムゲーム"
20:30,52,com.nebula.mahjongtile,"麻雀ブラスト (Mahjong Blast)"
20:30,53,com.vigafun.funfinity.foodhunt,"Food Hunt: Pixel Puzzle"
20:30,54,water.sort.color.puzzle.offline.games,"Water Sort! カラーロジック"
20:30,55,com.yzlm.jp.and,"勇者連盟：暁の遠征"
20:30,56,com.tripledot.blockssmashgame,"Stack Smash - Block 3D Puzzle"
20:30,57,com.nutsbolts.zgsn,"Romantic Nuts & Bolts Sorting"
20:30,58,com.epicgames.fortnite,"フォートナイト"
20:30,59,com.ocean.block.shoot,"Ocean Block Shoot"
20:30,60,block.color.game.jam.blocks.sort.puzzle.games.slide.free,"ブロックカラー・マニア"
20:30,61,com.dreamgames.royalmatch,"ロイヤルマッチ Royal Match"
20:30,62,com.zigzagame.paranoize,"パラノイズ"
20:30,63,com.fluffydrop.op.gp,"Fluffy Drop"
20:30,64,com.axmeksl.oelasjkq,"鬼討ち剣士：日の呼吸"
20:30,65,com.find.spot.photo.hunt.differences.free.hidden,"間違い探し：違いを探す楽しいパズルゲーム"
20:30,66,com.wood.bolt.wordle.screw.nuts.puzzle,"ネジパズル: 脳トレ ウッド パズル - 人気 ネジ ゲーム"
20:30,67,com.kzqwmfk.ngurkwq,"千年血戦 -禍進譚-"
20:30,68,com.merge.game.foodstars,"フードスター:マージ & クック"
20:30,69,com.easybrain.sudoku.android,"ナンプレ - ロジックパズルゲーム"
20:30,70,com.whoyaho.tanghulu,"フルーツ飴の達人 - ドバイもち、パフェ、ASMR、モッパン"
20:30,71,jp.co.drecom.wizardry.daphne,"Wizardry Variants Daphne"
20:30,72,com.devsisters.cc,"クッキーラン：クランブル - 放置系RPG"
20:30,73,wool.match.color.sort.jam.puzzle,"毛糸クラッシュ"
20:30,74,com.gartic.garticphone,"Gartic Phone"
20:30,75,com.agavegames.findthecat2,"Find The Cat 2 - Spot It!"
20:30,76,com.HoYoverse.Nap,"ゼンレスゾーンゼロ - アニバーサリー"
20:30,77,com.square_enix.android_googleplay.dqsgj,"ドラゴンクエストスマッシュグロウ ドラクエローグライトRPG"
20:30,78,jigsolitaire.jigsort.jigsaw.solitaire.puzzle,"ジグソートパズル：ソリティアの楽しさを楽しもう"
20:30,79,com.funplus.ts.global,"タイルズ・サバイバル"
20:30,80,com.sega.pjsekai,"プロジェクトセカイ カラフルステージ！ feat. 初音ミク"
20:30,81,io.supercent.linkedcubic,"スネーククラッシュ (Snake Clash)"
20:30,82,hidden.object.find.seek.search.mystery.puzzle.games.free,"隠しオブジェクトゲーム：探してみよう"
20:30,83,com.topwar.gp,"トップウォー"
20:30,84,com.media720.games2020,"オフラインゲーム 暇つぶし 楽しい ミニパズルボード"
20:30,85,jigsaw.solitaire.match.games.free,"ジグソードロップ：ソリティアパズル"
20:30,86,com.pixel.art.coloring.color.number,"Happy Color® – 数字で塗り絵と色ぬりえ"
20:30,87,com.QdanApp.QdanGames,"どこでもパーティーゲーム「どこパ」（ワードウルフオンライン）"
20:30,88,com.global.ztmslg,"パズル&サバイバル"
20:30,89,com.chirpysort.game.android,"Chirpy Sort: Bird Color Puzzle"
20:30,90,com.carnival.blast.smash3d,"Carnival Blast!"
20:30,91,com.linecorp.LGTMTM,"LINE：ディズニー ツムツム"
20:30,92,com.gtsy.annoying.punch.game,"Annoying Uncle - パンチゲーム"
20:30,93,com.wood.block.sudoku.puzzle.bm,"Block Crush: ブロックブラストパズル"
20:30,94,daily.number.match.free.puzzle,"デイリーナンバーマッチ"
20:30,95,com.merge.cooking.theme.restaurant.food,"マージクッキング テーマレストラン"
20:30,96,com.magic.relaxing.water.sort.colorgame.puzzle,"3D Colorful Sort™ 魔法の水"
20:30,97,com.nexters.herowars,"ヒーローウォーズ：アライアンス — 放置系ロールプレイング"
20:30,98,com.igg.android.doomsdaylastsurvivors,"ドゥームズデイ：オデュッセウスの帰還"
20:30,99,com.hypervation.goodssort,"Goods Sort Match - パズル"
20:30,100,com.eurekastudio.mapfit,"Map Fit（マップフィット）-究極の地図パズル-"
20:30,101,com.innersloth.spacemafia,"Among Us"
20:30,102,com.xman.jp.gp,"X-Clash"
20:30,103,io.voodoo.paper2,"Paper.io 2"
20:30,104,jp.gungho.pad,"パズル＆ドラゴンズ"
20:30,105,com.hmbl.perfect.makeover.cleaning.asmr,"Perfect Makeover Cleaning ASMR"
20:30,106,water.sort.puzzle.game.color.sorting.free,"水選別パズルゲーム - 楽しい色分けパズルゲーム"
20:30,107,easy.sudoku.puzzle.solver.free,"ナンプレ - 大人気アプリ"
20:30,108,com.cliffs.pro.cell.building.crazy.clever.craft,"Block Crazy Robo World Craft"
20:30,109,find.difference.spot.differences.hidden.puzzle.games.free,"間違い探し - 見つけてスポット"
20:30,110,com.easybrain.brick.balls.blast,"Brick Blast - ブロック崩し"
20:30,111,ball.sort.puzzle.color.sorting.bubble.games,"ボール選別 - 脳を鍛える色分けパズル ゲーム"
20:30,112,com.brain.logic.joygame,"Brain Puzzle 2: Logic Twist"
20:30,113,com.robtopx.geometryjumplite,"Geometry Dash Lite"
20:30,114,jp.co.sega.am2.MJMobile,"セガNET麻雀 MJ"
20:30,115,com.mobcast.okp,"キングダム 乱 -天下統一への道- 究極の本格戦略ゲーム"
20:30,116,jp.pokemon.pokemonsleep,"Pokémon Sleep"
20:30,117,com.farlightgames.pgame.gp,"モンスターサバイバル"
20:30,118,com.bravestars.savethedog.drawgame,"Save The Pets"
20:30,119,com.fliqs.chameleon.hunt.hide.seek,"Chameleon Hunt: Hide & Seek"
20:30,120,com.cedargames.mysterytown,"ミステリータウン：マージゲーム (Mystery Town)"
20:30,121,net.peakgames.toonblast,"トゥーンブラスト (Toon Blast)"
20:30,122,com.lighthouse.freeplay.jp,"終焉のヒカリ"
20:30,123,com.combo.knockout,"Knock Out"
20:30,124,com.readygo.barrel.gp,"ラストZ：サバイバルシューティング"
20:30,125,com.gamovation.tileclub,"タイルクラブ - マッチングゲーム"
20:30,126,beats.color.sing.star.rush,"魔法ピアノタイル9 : ピアノゲーム、おんがくげーむ、音ゲー"
20:30,127,com.rotatelab.cubeblast,"Cube Land Puzzle Game"
20:30,128,com.rush.xtreme.sports,"ラッシュ：エクストリーム (RUSH: Xtreme)"
20:30,129,io.voodoo.holeio,"ホール.io"
20:30,130,com.shogunstudios.poikatsuhakkosusumukun,"ポイ活 発酵！ススムくん：放置ゲームで簡単ポイント稼ぎ"
20:30,131,com.unicostudio.braintest,"ブレインテスト(Brain Test)：ひっかけパズル"
20:30,132,jp.co.mixi.monsterstrike,"モンスターストライク"
20:30,133,tokyo.plott.tes,"テイペンサバイバー"
20:30,134,gridplus.busjam.carpuzzle,"Bus Fever-Car Jam Escape"
20:30,135,com.ig.screwdom,"Screwdom 3D"
20:30,136,com.kwalee.drawit,"ドロー・イット"
20:30,137,jp.konami.prospia,"プロ野球スピリッツA"
20:30,138,com.Chodun.CatGunner,"にゃんこ銃士：放置育成RPG"
20:30,139,com.HoYoverse.cloudgames.Nap,"ゼンレスゾーンゼロ・クラウド版 - アニバーサリー"
20:30,140,com.vincentb.MobControl,"Mob Control"
20:30,141,com.football.soccer.league,"サッカーリーグ2026"
20:30,142,com.fungames.blockcraft,"ブロッククラフト3D (Block Craft)：建設ゲーム"
20:30,143,com.JindoBlu.OfflineGames,"オフラインゲーム - 暇つぶし ゲーム - パズルゲーム"
20:30,144,com.mahjong.master.solitaire.match.puzzle,"麻雀マスター：デイリーマッチ"
20:30,145,com.mini.football.filter.games,"Mini Soccer: Football Cup 2026"
20:30,146,com.kite.knockfever,"Knock Fever"
20:30,147,com.ea.gp.fifamobile,"EA SPORTS FC™ サッカー Mobile 2026"
20:30,148,com.phs.global,"ラストアサイラム：プレイグ"
20:30,149,com.ultimatelavashgames.rollthehole,"たべるジェリーホール - Jelly Hole"
20:30,150,defense.roguelike.cell.shoot.survivor,"セルサバイバー"
20:30,151,com.ew.mahjong,"楽しい麻雀マッチ"
20:30,152,com.car.parking.bus.mania.traffic.jam,"Bus Jam：駐車場ゲーム パーキングジャム"
20:30,153,water.sort.master.colors.games,"Water Sort: Master Colors"
20:30,154,com.h8games.littlefarmstory,"リトルファームストーリー"
20:30,155,com.kiwifun.game.android.screw.master,"ネジ3Dパズル：ピンを外すゲーム"
20:30,156,com.fiveminlab.overgeared.hero.backpack.merge,"チート勇者～インベントリ攻略ゲー～RPG"
20:30,157,jp.co.level5.inazumacross,"イナズマイレブン クロス"
20:30,158,com.easybrain.brainy.joygame,"Puzzle Time: Brainy Challenge"
20:30,159,com.loop.clear.cube.free.card.puzzle.sort.match,"ループマスター（Loop Master）"
20:30,160,com.hp.keyboard.obby.asmr.speed.run,"Keyboard Obby: ASMR Speed Run"
20:30,161,com.slg.savagesurvival,"サベージ・サバイバル：恐竜の咆哮"
20:30,162,net.peakgames.match,"マッチファクトリー(Match Factory)!"
20:30,163,com.YostarJP.BlueArchive,"ブルーアーカイブ"
20:30,164,com.crossfield.mahjong,"麻雀 闘龍 - 初心者から楽しめる麻雀ゲーム"
20:30,165,com.actgames.HelloKittyMDS,"ハローキティ：マイドリームストア"
20:30,166,solitaire.word.association.connections.puzzle,"ソリティアワード: Solitaire Connection"
20:30,167,com.rescue.agent,"ヘリコプター・エスケープ"
20:30,168,com.bandainamcoent.dblegends_jp,"ドラゴンボール レジェンズ"
20:30,169,tokyo.chickenskin.yokai,"妖怪カノジョ：妖怪はキミに恋をする"
20:30,170,diamond.pixel.art.jewel.color.flow.sort.puzzle,"ジュエルカラーソート：ダイヤゲーム"
20:30,171,com.samw.gp.fruitromance,"フルーツ・ロマンス"
20:30,172,com.playrix.gardenscapes,"ガーデンスケイプ(Gardenscapes)"
20:30,173,screw.puzzle.match3.brain.puzz,"ネジマッチ: Screw Sort 3D ネジパズル ボルト"
20:30,174,com.HoYoverse.hkrpgoversea,"崩壊：スターレイル"
20:30,175,com.fun.brain.game,"ブレパズ！Brain Puzzle ひっかけパズル"
20:30,176,com.bandainamcoent.opbrjp,"ONE PIECE バウンティラッシュ - アクションゲーム"
20:30,177,loppipoppi.numbermatch,"Number Clash - Math Game"
20:30,178,io.supercent.pizzaidle,"ピザレディー (Pizza Ready)"
20:30,179,jp.co.ponos.nmt,"パズルで豊作！にゃんこ村"
20:30,180,com.nebula.zoodoku,"Zoodoku: 数独ロジックパズル"
20:30,181,com.studiobside.starMain,"スターセイヴァー"
20:30,182,com.familygo.simgame,"Family Go! - 結婚・子育て・世代継承"
20:30,183,com.mxdzz.jp.and,"キノコ伝説：勇者と魔法のランプ"
20:30,184,com.arrow.madness.games.arrows.escape.puzzle.game,"Maze Madness - 脳トレパズル"
20:30,185,com.qookkagames.xczyw.gp.jp,"信長の野望 真戦"
20:30,186,com.abi.busjam.sortpuzzle,"バスゲーム：カーパーキング・バスゲーム"
20:30,187,com.square_enix.android_googleplay.dqwalkj,"ドラゴンクエストウォーク"
20:30,188,com.sega.Kotodaman,"コトダマン ‐ 共闘ことばRPG"
20:30,189,com.nintendo.zaba,"ファイアーエムブレム  ヒーローズ"
20:30,190,com.kite.kittypick,"Kitty Pick"
20:30,191,com.mobsmile.coincollector,"Coin Collector"
20:30,192,com.game.friends.jp,"TopTop(トップトップ) - 友達と一緒に遊ぼう"
20:30,193,com.gamovation.sudoku,"数独 - 毎日ナンプレを解いて気軽に頭の体操"
20:30,194,com.tfgco.apps.coloring.free.color.by.number,"番号でぬりえ: ピクセル着色ゲーム"
20:30,195,com.yoyogames.love.makeover.dressup.dating.crush.game,"Love Makeover: 着せ替えコーデ"
20:30,196,com.whoyaho.pendeco,"デコの達人 - カスタムボールペンASMR"
20:30,197,com.YoStarJP.MajSoul,"雀魂‐じゃんたま‐"
20:30,198,com.bigc.tile.match.triple,"タイルマッチ：暇つぶしに最適！楽しいオフライン3マッチパズル"
20:30,199,com.oakever.tiletrip,"Tile Explorer - トリプルマッチ"
20:30,200,com.kotoko.bside,"Bside: AIチャット&ストーリー&シミュレーション"
21:30,1,jp.co.goodroid.hyper.busflow,"Bus Traffic Fever!　"
21:30,2,game.qualiarts.hololive.dreams.jp,"ホロライブドリームス"
21:30,3,jp.gree_ent.mushoku,"無職転生〜異世界行ったら本気だす〜クロニクル・オブ・エコーズ"
21:30,4,com.cyphergames.royalsmash,"Royal Smash! - Physics Puzzle"
21:30,5,com.oakever.meowdoku,"Meowdoku"
21:30,6,com.grandgames.magicsort,"マジックソート！ (Magic Sort !)"
21:30,7,com.mobirix.ldwm,"スイカ作り2048"
21:30,8,jp.sammynet.next.ort.a0221,"[777Real] A-SLOT+ 異世界かるてっと BT"
21:30,9,com.mergegames.gossipharbor,"ゴシップハーバー：マージ & ストーリー"
21:30,10,jp.konami.pesam,"eFootball™"
21:30,11,com.block.juggle,"ブロックブラスト (Block Blast)"
21:30,12,com.unept.leveldevil,"Level Devil - NOT A Troll Game"
21:30,13,com.ecffri.arrows,"アローズ – パズルエスケープ (Arrows)"
21:30,14,com.roblox.client,"Roblox (ロブロックス)"
21:30,15,com.hollywood.merge,"ハリウッドマージ"
21:30,16,color.number.paint.pixle.art.sort.jigsaw,"Jewel Coloring"
21:30,17,com.puzzlegames.puzzlebrickslegend,"カラーブロック：爽快パズル(ColorBlock)"
21:30,18,sorting.games.goods.sort.triple.match3d.puzzle.stuff,"商品整理ゲーム：3Dパズル"
21:30,19,com.fatmerge.global,"グルメ・ジャーニー"
21:30,20,tokyo.chickenskin.imikowa,"意味怖ストーリー：バッドエンドを回避せよ！"
21:30,21,com.run.tower.defense,"キングショット"
21:30,22,com.kayac.slow_mo_strike,"Slow Mo Strike: ナイフ投げアクション"
21:30,23,com.playrix.township,"タウンシップ (Township)"
21:30,24,jp.co.applibot.chiikawapocket,"ちいかわぽけっと"
21:30,25,com.nianticlabs.pokemongo,"Pokémon GO"
21:30,26,jp.pokemon.pokemonchampions,"Pokémon Champions"
21:30,27,bus.games.car.out.traffic.parking.jam.escape.puzzle,"バスゲーム・駐車場パズル：Bus Madness"
21:30,28,com.oakever.arrows,"Amaze GO! - 矢印 パズル"
21:30,29,com.sled.surfers.game,"Sled Surfers - ズ - 坂冒険"
21:30,30,com.brain.crazy.joygame,"Brain Puzzle 3: Crazy Mind"
21:30,31,com.gof.global,"ホワイトアウト・サバイバル"
21:30,32,bus.loop.traffic.jam.fever.bus.puzzle,"Bus Loop:Jam Master"
21:30,33,com.bandainamcoent.dgup_jp,"デジモンUP"
21:30,34,com.onyxhook.nekotabi,"ねこ旅 – 放置×収集×ポイ活アプリ"
21:30,35,com.dreamgames.royalkingdom,"ロイヤルキングダム (Royal Kingdom)"
21:30,36,com.vitastudio.mahjong,"ヴィータ麻雀(Vita Mahjong)"
21:30,37,com.supercell.brawlstars,"ブロスタ"
21:30,38,jp.co.ponos.battlecats,"にゃんこ大戦争"
21:30,39,com.linecorp.LGSBJ22,"LINE：ブロックジャム"
21:30,40,com.leap.searchit,"Search It – 隠しアイテム探し"
21:30,41,jp.pokemon.pokemontcgp,"Pokémon TCG Pocket"
21:30,42,com.nebula.tiles,"タップタイル (Tap Tile)"
21:30,43,com.pocket.sort.coin.puzzle.game,"ポケットソート (Pocket Sort)：コインパズル"
21:30,44,com.furrjam.traffic.jamgame,"FurrJam:Hop In!"
21:30,45,com.tgc.sky.android,"Sky 星を紡ぐ子どもたち"
21:30,46,air.jp.globalgear.kechi,"ドケチボーイ -脱出ゲーム"
21:30,47,com.fty.trickmean2game,"トリミン2！-トリッキーミーン2 いじわる脳トレパズルゲーム"
21:30,48,pics.karaage.sokutaiho,"巡回中！即タイホ！"
21:30,49,com.youmusic.magictiles,"魔法のタイルズ3 - ピアノ曲 & ゲーム"
21:30,50,com.soccer.score.star,"サッカースーパースター(Soccer Superstar)"
21:30,51,com.bunbunstudio.magicblocktiles,"ぴあのたいる7: 音ゲー . リズムゲーム"
21:30,52,com.nebula.mahjongtile,"麻雀ブラスト (Mahjong Blast)"
21:30,53,com.vigafun.funfinity.foodhunt,"Food Hunt: Pixel Puzzle"
21:30,54,water.sort.color.puzzle.offline.games,"Water Sort! カラーロジック"
21:30,55,com.yzlm.jp.and,"勇者連盟：暁の遠征"
21:30,56,com.tripledot.blockssmashgame,"Stack Smash - Block 3D Puzzle"
21:30,57,com.nutsbolts.zgsn,"Romantic Nuts & Bolts Sorting"
21:30,58,com.epicgames.fortnite,"フォートナイト"
21:30,59,com.ocean.block.shoot,"Ocean Block Shoot"
21:30,60,block.color.game.jam.blocks.sort.puzzle.games.slide.free,"ブロックカラー・マニア"
21:30,61,com.dreamgames.royalmatch,"ロイヤルマッチ Royal Match"
21:30,62,com.zigzagame.paranoize,"パラノイズ"
21:30,63,com.fluffydrop.op.gp,"Fluffy Drop"
21:30,64,com.axmeksl.oelasjkq,"鬼討ち剣士：日の呼吸"
21:30,65,com.find.spot.photo.hunt.differences.free.hidden,"間違い探し：違いを探す楽しいパズルゲーム"
21:30,66,com.wood.bolt.wordle.screw.nuts.puzzle,"ネジパズル: 脳トレ ウッド パズル - 人気 ネジ ゲーム"
21:30,67,com.kzqwmfk.ngurkwq,"千年血戦 -禍進譚-"
21:30,68,com.merge.game.foodstars,"フードスター:マージ & クック"
21:30,69,com.easybrain.sudoku.android,"ナンプレ - ロジックパズルゲーム"
21:30,70,com.whoyaho.tanghulu,"フルーツ飴の達人 - ドバイもち、パフェ、ASMR、モッパン"
21:30,71,jp.co.drecom.wizardry.daphne,"Wizardry Variants Daphne"
21:30,72,com.devsisters.cc,"クッキーラン：クランブル - 放置系RPG"
21:30,73,wool.match.color.sort.jam.puzzle,"毛糸クラッシュ"
21:30,74,com.gartic.garticphone,"Gartic Phone"
21:30,75,com.agavegames.findthecat2,"Find The Cat 2 - Spot It!"
21:30,76,com.HoYoverse.Nap,"ゼンレスゾーンゼロ - アニバーサリー"
21:30,77,com.square_enix.android_googleplay.dqsgj,"ドラゴンクエストスマッシュグロウ ドラクエローグライトRPG"
21:30,78,jigsolitaire.jigsort.jigsaw.solitaire.puzzle,"ジグソートパズル：ソリティアの楽しさを楽しもう"
21:30,79,com.funplus.ts.global,"タイルズ・サバイバル"
21:30,80,com.sega.pjsekai,"プロジェクトセカイ カラフルステージ！ feat. 初音ミク"
21:30,81,io.supercent.linkedcubic,"スネーククラッシュ (Snake Clash)"
21:30,82,hidden.object.find.seek.search.mystery.puzzle.games.free,"隠しオブジェクトゲーム：探してみよう"
21:30,83,com.topwar.gp,"トップウォー"
21:30,84,com.media720.games2020,"オフラインゲーム 暇つぶし 楽しい ミニパズルボード"
21:30,85,jigsaw.solitaire.match.games.free,"ジグソードロップ：ソリティアパズル"
21:30,86,beats.color.sing.star.rush,"魔法ピアノタイル9 : ピアノゲーム、おんがくげーむ、音ゲー"
21:30,87,com.pixel.art.coloring.color.number,"Happy Color® – 数字で塗り絵と色ぬりえ"
21:30,88,com.QdanApp.QdanGames,"どこでもパーティーゲーム「どこパ」（ワードウルフオンライン）"
21:30,89,com.global.ztmslg,"パズル&サバイバル"
21:30,90,com.chirpysort.game.android,"Chirpy Sort: Bird Color Puzzle"
21:30,91,com.carnival.blast.smash3d,"Carnival Blast!"
21:30,92,com.linecorp.LGTMTM,"LINE：ディズニー ツムツム"
21:30,93,com.gtsy.annoying.punch.game,"Annoying Uncle - パンチゲーム"
21:30,94,com.wood.block.sudoku.puzzle.bm,"Block Crush: ブロックブラストパズル"
21:30,95,daily.number.match.free.puzzle,"デイリーナンバーマッチ"
21:30,96,com.merge.cooking.theme.restaurant.food,"マージクッキング テーマレストラン"
21:30,97,com.magic.relaxing.water.sort.colorgame.puzzle,"3D Colorful Sort™ 魔法の水"
21:30,98,com.nexters.herowars,"ヒーローウォーズ：アライアンス — 放置系ロールプレイング"
21:30,99,com.igg.android.doomsdaylastsurvivors,"ドゥームズデイ：オデュッセウスの帰還"
21:30,100,com.hypervation.goodssort,"Goods Sort Match - パズル"
21:30,101,com.eurekastudio.mapfit,"Map Fit（マップフィット）-究極の地図パズル-"
21:30,102,com.innersloth.spacemafia,"Among Us"
21:30,103,com.xman.jp.gp,"X-Clash"
21:30,104,io.voodoo.paper2,"Paper.io 2"
21:30,105,jp.gungho.pad,"パズル＆ドラゴンズ"
21:30,106,com.hmbl.perfect.makeover.cleaning.asmr,"Perfect Makeover Cleaning ASMR"
21:30,107,water.sort.puzzle.game.color.sorting.free,"水選別パズルゲーム - 楽しい色分けパズルゲーム"
21:30,108,easy.sudoku.puzzle.solver.free,"ナンプレ - 大人気アプリ"
21:30,109,com.cliffs.pro.cell.building.crazy.clever.craft,"Block Crazy Robo World Craft"
21:30,110,find.difference.spot.differences.hidden.puzzle.games.free,"間違い探し - 見つけてスポット"
21:30,111,com.easybrain.brick.balls.blast,"Brick Blast - ブロック崩し"
21:30,112,ball.sort.puzzle.color.sorting.bubble.games,"ボール選別 - 脳を鍛える色分けパズル ゲーム"
21:30,113,com.brain.logic.joygame,"Brain Puzzle 2: Logic Twist"
21:30,114,com.robtopx.geometryjumplite,"Geometry Dash Lite"
21:30,115,jp.co.sega.am2.MJMobile,"セガNET麻雀 MJ"
21:30,116,com.mobcast.okp,"キングダム 乱 -天下統一への道- 究極の本格戦略ゲーム"
21:30,117,jp.pokemon.pokemonsleep,"Pokémon Sleep"
21:30,118,com.farlightgames.pgame.gp,"モンスターサバイバル"
21:30,119,com.bravestars.savethedog.drawgame,"Save The Pets"
21:30,120,com.fliqs.chameleon.hunt.hide.seek,"Chameleon Hunt: Hide & Seek"
21:30,121,com.cedargames.mysterytown,"ミステリータウン：マージゲーム (Mystery Town)"
21:30,122,net.peakgames.toonblast,"トゥーンブラスト (Toon Blast)"
21:30,123,com.lighthouse.freeplay.jp,"終焉のヒカリ"
21:30,124,com.combo.knockout,"Knock Out"
21:30,125,com.readygo.barrel.gp,"ラストZ：サバイバルシューティング"
21:30,126,com.gamovation.tileclub,"タイルクラブ - マッチングゲーム"
21:30,127,com.rotatelab.cubeblast,"Cube Land Puzzle Game"
21:30,128,com.rush.xtreme.sports,"ラッシュ：エクストリーム (RUSH: Xtreme)"
21:30,129,io.voodoo.holeio,"ホール.io"
21:30,130,com.shogunstudios.poikatsuhakkosusumukun,"ポイ活 発酵！ススムくん：放置ゲームで簡単ポイント稼ぎ"
21:30,131,com.unicostudio.braintest,"ブレインテスト(Brain Test)：ひっかけパズル"
21:30,132,jp.co.mixi.monsterstrike,"モンスターストライク"
21:30,133,tokyo.plott.tes,"テイペンサバイバー"
21:30,134,gridplus.busjam.carpuzzle,"Bus Fever-Car Jam Escape"
21:30,135,com.ig.screwdom,"Screwdom 3D"
21:30,136,com.kwalee.drawit,"ドロー・イット"
21:30,137,jp.konami.prospia,"プロ野球スピリッツA"
21:30,138,com.Chodun.CatGunner,"にゃんこ銃士：放置育成RPG"
21:30,139,com.HoYoverse.cloudgames.Nap,"ゼンレスゾーンゼロ・クラウド版 - アニバーサリー"
21:30,140,com.vincentb.MobControl,"Mob Control"
21:30,141,com.football.soccer.league,"サッカーリーグ2026"
21:30,142,com.fungames.blockcraft,"ブロッククラフト3D (Block Craft)：建設ゲーム"
21:30,143,com.JindoBlu.OfflineGames,"オフラインゲーム - 暇つぶし ゲーム - パズルゲーム"
21:30,144,com.girl.tiles.gp.bubbledreams,"バブルドリーム"
21:30,145,com.mahjong.master.solitaire.match.puzzle,"麻雀マスター：デイリーマッチ"
21:30,146,com.mini.football.filter.games,"Mini Soccer: Football Cup 2026"
21:30,147,com.kite.knockfever,"Knock Fever"
21:30,148,com.ea.gp.fifamobile,"EA SPORTS FC™ サッカー Mobile 2026"
21:30,149,com.phs.global,"ラストアサイラム：プレイグ"
21:30,150,com.kite.kittypick,"Kitty Pick"
21:30,151,com.ultimatelavashgames.rollthehole,"たべるジェリーホール - Jelly Hole"
21:30,152,defense.roguelike.cell.shoot.survivor,"セルサバイバー"
21:30,153,com.ew.mahjong,"楽しい麻雀マッチ"
21:30,154,com.car.parking.bus.mania.traffic.jam,"Bus Jam：駐車場ゲーム パーキングジャム"
21:30,155,water.sort.master.colors.games,"Water Sort: Master Colors"
21:30,156,com.h8games.littlefarmstory,"リトルファームストーリー"
21:30,157,com.kiwifun.game.android.screw.master,"ネジ3Dパズル：ピンを外すゲーム"
21:30,158,com.fiveminlab.overgeared.hero.backpack.merge,"チート勇者～インベントリ攻略ゲー～RPG"
21:30,159,jp.co.level5.inazumacross,"イナズマイレブン クロス"
21:30,160,com.easybrain.brainy.joygame,"Puzzle Time: Brainy Challenge"
21:30,161,com.loop.clear.cube.free.card.puzzle.sort.match,"ループマスター（Loop Master）"
21:30,162,com.hp.keyboard.obby.asmr.speed.run,"Keyboard Obby: ASMR Speed Run"
21:30,163,com.slg.savagesurvival,"サベージ・サバイバル：恐竜の咆哮"
21:30,164,net.peakgames.match,"マッチファクトリー(Match Factory)!"
21:30,165,com.YostarJP.BlueArchive,"ブルーアーカイブ"
21:30,166,com.crossfield.mahjong,"麻雀 闘龍 - 初心者から楽しめる麻雀ゲーム"
21:30,167,com.actgames.HelloKittyMDS,"ハローキティ：マイドリームストア"
21:30,168,solitaire.word.association.connections.puzzle,"ソリティアワード: Solitaire Connection"
21:30,169,com.loomgames.pixelflow,"Pixel Flow!"
21:30,170,com.rescue.agent,"ヘリコプター・エスケープ"
21:30,171,com.bandainamcoent.dblegends_jp,"ドラゴンボール レジェンズ"
21:30,172,tokyo.chickenskin.yokai,"妖怪カノジョ：妖怪はキミに恋をする"
21:30,173,diamond.pixel.art.jewel.color.flow.sort.puzzle,"ジュエルカラーソート：ダイヤゲーム"
21:30,174,com.samw.gp.fruitromance,"フルーツ・ロマンス"
21:30,175,com.playrix.gardenscapes,"ガーデンスケイプ(Gardenscapes)"
21:30,176,screw.puzzle.match3.brain.puzz,"ネジマッチ: Screw Sort 3D ネジパズル ボルト"
21:30,177,com.HoYoverse.hkrpgoversea,"崩壊：スターレイル"
21:30,178,com.fun.brain.game,"ブレパズ！Brain Puzzle ひっかけパズル"
21:30,179,com.bandainamcoent.opbrjp,"ONE PIECE バウンティラッシュ - アクションゲーム"
21:30,180,loppipoppi.numbermatch,"Number Clash - Math Game"
21:30,181,io.supercent.pizzaidle,"ピザレディー (Pizza Ready)"
21:30,182,com.paradyme.solarsmash,"Solar Smash"
21:30,183,jp.co.ponos.nmt,"パズルで豊作！にゃんこ村"
21:30,184,com.nebula.zoodoku,"Zoodoku: 数独ロジックパズル"
21:30,185,com.studiobside.starMain,"スターセイヴァー"
21:30,186,com.familygo.simgame,"Family Go! - 結婚・子育て・世代継承"
21:30,187,com.mxdzz.jp.and,"キノコ伝説：勇者と魔法のランプ"
21:30,188,com.arrow.madness.games.arrows.escape.puzzle.game,"Maze Madness - 脳トレパズル"
21:30,189,com.qookkagames.xczyw.gp.jp,"信長の野望 真戦"
21:30,190,com.abi.busjam.sortpuzzle,"バスゲーム：カーパーキング・バスゲーム"
21:30,191,com.square_enix.android_googleplay.dqwalkj,"ドラゴンクエストウォーク"
21:30,192,com.sega.Kotodaman,"コトダマン ‐ 共闘ことばRPG"
21:30,193,com.nintendo.zaba,"ファイアーエムブレム  ヒーローズ"
21:30,194,com.mobsmile.coincollector,"Coin Collector"
21:30,195,com.game.friends.jp,"TopTop(トップトップ) - 友達と一緒に遊ぼう"
21:30,196,com.gamovation.sudoku,"数独 - 毎日ナンプレを解いて気軽に頭の体操"
21:30,197,com.tfgco.apps.coloring.free.color.by.number,"番号でぬりえ: ピクセル着色ゲーム"
21:30,198,com.yoyogames.love.makeover.dressup.dating.crush.game,"Love Makeover: 着せ替えコーデ"
21:30,199,com.whoyaho.pendeco,"デコの達人 - カスタムボールペンASMR"
21:30,200,com.YoStarJP.MajSoul,"雀魂‐じゃんたま‐"
23:00,1,jp.co.goodroid.hyper.busflow,"Bus Traffic Fever!　"
23:00,2,game.qualiarts.hololive.dreams.jp,"ホロライブドリームス"
23:00,3,jp.gree_ent.mushoku,"無職転生〜異世界行ったら本気だす〜クロニクル・オブ・エコーズ"
23:00,4,com.cyphergames.royalsmash,"Royal Smash! - Physics Puzzle"
23:00,5,com.oakever.meowdoku,"Meowdoku"
23:00,6,com.grandgames.magicsort,"マジックソート！ (Magic Sort !)"
23:00,7,com.block.juggle,"ブロックブラスト (Block Blast)"
23:00,8,com.mobirix.ldwm,"スイカ作り2048"
23:00,9,jp.sammynet.next.ort.a0221,"[777Real] A-SLOT+ 異世界かるてっと BT"
23:00,10,com.mergegames.gossipharbor,"ゴシップハーバー：マージ & ストーリー"
23:00,11,jp.konami.pesam,"eFootball™"
23:00,12,com.unept.leveldevil,"Level Devil - NOT A Troll Game"
23:00,13,com.ecffri.arrows,"アローズ – パズルエスケープ (Arrows)"
23:00,14,com.roblox.client,"Roblox (ロブロックス)"
23:00,15,com.kzqwmfk.ngurkwq,"千年血戦 -禍進譚-"
23:00,16,com.puzzlegames.puzzlebrickslegend,"カラーブロック：爽快パズル(ColorBlock)"
23:00,17,com.hollywood.merge,"ハリウッドマージ"
23:00,18,com.kayac.slow_mo_strike,"Slow Mo Strike: ナイフ投げアクション"
23:00,19,com.onyxhook.nekotabi,"ねこ旅 – 放置×収集×ポイ活アプリ"
23:00,20,color.number.paint.pixle.art.sort.jigsaw,"Jewel Coloring"
23:00,21,sorting.games.goods.sort.triple.match3d.puzzle.stuff,"商品整理ゲーム：3Dパズル"
23:00,22,jp.pokemon.pokemonchampions,"Pokémon Champions"
23:00,23,bus.loop.traffic.jam.fever.bus.puzzle,"Bus Loop:Jam Master"
23:00,24,com.fatmerge.global,"グルメ・ジャーニー"
23:00,25,tokyo.chickenskin.imikowa,"意味怖ストーリー：バッドエンドを回避せよ！"
23:00,26,com.run.tower.defense,"キングショット"
23:00,27,com.brain.crazy.joygame,"Brain Puzzle 3: Crazy Mind"
23:00,28,com.playrix.township,"タウンシップ (Township)"
23:00,29,jp.co.applibot.chiikawapocket,"ちいかわぽけっと"
23:00,30,com.nianticlabs.pokemongo,"Pokémon GO"
23:00,31,bus.games.car.out.traffic.parking.jam.escape.puzzle,"バスゲーム・駐車場パズル：Bus Madness"
23:00,32,com.oakever.arrows,"Amaze GO! - 矢印 パズル"
23:00,33,com.sled.surfers.game,"Sled Surfers - ズ - 坂冒険"
23:00,34,com.gof.global,"ホワイトアウト・サバイバル"
23:00,35,air.jp.globalgear.kechi,"ドケチボーイ -脱出ゲーム"
23:00,36,com.bandainamcoent.dgup_jp,"デジモンUP"
23:00,37,pics.karaage.sokutaiho,"巡回中！即タイホ！"
23:00,38,com.dreamgames.royalkingdom,"ロイヤルキングダム (Royal Kingdom)"
23:00,39,com.vitastudio.mahjong,"ヴィータ麻雀(Vita Mahjong)"
23:00,40,com.supercell.brawlstars,"ブロスタ"
23:00,41,jp.co.ponos.battlecats,"にゃんこ大戦争"
23:00,42,com.ocean.block.shoot,"Ocean Block Shoot"
23:00,43,com.tripledot.blockssmashgame,"Stack Smash - Block 3D Puzzle"
23:00,44,com.bunbunstudio.magicblocktiles,"ぴあのたいる7: 音ゲー . リズムゲーム"
23:00,45,com.linecorp.LGSBJ22,"LINE：ブロックジャム"
23:00,46,com.nutsbolts.zgsn,"Romantic Nuts & Bolts Sorting"
23:00,47,com.leap.searchit,"Search It – 隠しアイテム探し"
23:00,48,com.axmeksl.oelasjkq,"鬼討ち剣士：日の呼吸"
23:00,49,jp.pokemon.pokemontcgp,"Pokémon TCG Pocket"
23:00,50,com.nebula.tiles,"タップタイル (Tap Tile)"
23:00,51,com.pocket.sort.coin.puzzle.game,"ポケットソート (Pocket Sort)：コインパズル"
23:00,52,com.furrjam.traffic.jamgame,"FurrJam:Hop In!"
23:00,53,com.tgc.sky.android,"Sky 星を紡ぐ子どもたち"
23:00,54,com.fty.trickmean2game,"トリミン2！-トリッキーミーン2 いじわる脳トレパズルゲーム"
23:00,55,com.youmusic.magictiles,"魔法のタイルズ3 - ピアノ曲 & ゲーム"
23:00,56,com.soccer.score.star,"サッカースーパースター(Soccer Superstar)"
23:00,57,com.nebula.mahjongtile,"麻雀ブラスト (Mahjong Blast)"
23:00,58,com.vigafun.funfinity.foodhunt,"Food Hunt: Pixel Puzzle"
23:00,59,water.sort.color.puzzle.offline.games,"Water Sort! カラーロジック"
23:00,60,com.yzlm.jp.and,"勇者連盟：暁の遠征"
23:00,61,com.epicgames.fortnite,"フォートナイト"
23:00,62,block.color.game.jam.blocks.sort.puzzle.games.slide.free,"ブロックカラー・マニア"
23:00,63,com.dreamgames.royalmatch,"ロイヤルマッチ Royal Match"
23:00,64,com.zigzagame.paranoize,"パラノイズ"
23:00,65,com.fluffydrop.op.gp,"Fluffy Drop"
23:00,66,com.agavegames.findthecat2,"Find The Cat 2 - Spot It!"
23:00,67,com.find.spot.photo.hunt.differences.free.hidden,"間違い探し：違いを探す楽しいパズルゲーム"
23:00,68,com.wood.bolt.wordle.screw.nuts.puzzle,"ネジパズル: 脳トレ ウッド パズル - 人気 ネジ ゲーム"
23:00,69,jigsaw.solitaire.match.games.free,"ジグソードロップ：ソリティアパズル"
23:00,70,com.eurekastudio.mapfit,"Map Fit（マップフィット）-究極の地図パズル-"
23:00,71,com.topwar.gp,"トップウォー"
23:00,72,com.gartic.garticphone,"Gartic Phone"
23:00,73,com.xman.jp.gp,"X-Clash"
23:00,74,com.QdanApp.QdanGames,"どこでもパーティーゲーム「どこパ」（ワードウルフオンライン）"
23:00,75,com.magic.relaxing.water.sort.colorgame.puzzle,"3D Colorful Sort™ 魔法の水"
23:00,76,com.gtsy.annoying.punch.game,"Annoying Uncle - パンチゲーム"
23:00,77,com.merge.game.foodstars,"フードスター:マージ & クック"
23:00,78,com.easybrain.sudoku.android,"ナンプレ - ロジックパズルゲーム"
23:00,79,com.whoyaho.tanghulu,"フルーツ飴の達人 - ドバイもち、パフェ、ASMR、モッパン"
23:00,80,tokyo.plott.tes,"テイペンサバイバー"
23:00,81,jp.co.drecom.wizardry.daphne,"Wizardry Variants Daphne"
23:00,82,com.devsisters.cc,"クッキーラン：クランブル - 放置系RPG"
23:00,83,wool.match.color.sort.jam.puzzle,"毛糸クラッシュ"
23:00,84,com.HoYoverse.Nap,"ゼンレスゾーンゼロ - アニバーサリー"
23:00,85,com.square_enix.android_googleplay.dqsgj,"ドラゴンクエストスマッシュグロウ ドラクエローグライトRPG"
23:00,86,jigsolitaire.jigsort.jigsaw.solitaire.puzzle,"ジグソートパズル：ソリティアの楽しさを楽しもう"
23:00,87,com.funplus.ts.global,"タイルズ・サバイバル"
23:00,88,com.sega.pjsekai,"プロジェクトセカイ カラフルステージ！ feat. 初音ミク"
23:00,89,com.brain.logic.joygame,"Brain Puzzle 2: Logic Twist"
23:00,90,com.cliffs.pro.cell.building.crazy.clever.craft,"Block Crazy Robo World Craft"
23:00,91,io.supercent.linkedcubic,"スネーククラッシュ (Snake Clash)"
23:00,92,hidden.object.find.seek.search.mystery.puzzle.games.free,"隠しオブジェクトゲーム：探してみよう"
23:00,93,com.media720.games2020,"オフラインゲーム 暇つぶし 楽しい ミニパズルボード"
23:00,94,com.rotatelab.cubeblast,"Cube Land Puzzle Game"
23:00,95,beats.color.sing.star.rush,"魔法ピアノタイル9 : ピアノゲーム、おんがくげーむ、音ゲー"
23:00,96,com.robtopx.geometryjumplite,"Geometry Dash Lite"
23:00,97,com.pixel.art.coloring.color.number,"Happy Color® – 数字で塗り絵と色ぬりえ"
23:00,98,com.lighthouse.freeplay.jp,"終焉のヒカリ"
23:00,99,jp.pokemon.pokemonsleep,"Pokémon Sleep"
23:00,100,com.global.ztmslg,"パズル&サバイバル"
23:00,101,com.chirpysort.game.android,"Chirpy Sort: Bird Color Puzzle"
23:00,102,com.carnival.blast.smash3d,"Carnival Blast!"
23:00,103,com.fliqs.chameleon.hunt.hide.seek,"Chameleon Hunt: Hide & Seek"
23:00,104,com.linecorp.LGTMTM,"LINE：ディズニー ツムツム"
23:00,105,gridplus.busjam.carpuzzle,"Bus Fever-Car Jam Escape"
23:00,106,com.ig.screwdom,"Screwdom 3D"
23:00,107,com.mahjong.master.solitaire.match.puzzle,"麻雀マスター：デイリーマッチ"
23:00,108,com.wood.block.sudoku.puzzle.bm,"Block Crush: ブロックブラストパズル"
23:00,109,daily.number.match.free.puzzle,"デイリーナンバーマッチ"
23:00,110,com.merge.cooking.theme.restaurant.food,"マージクッキング テーマレストラン"
23:00,111,com.nexters.herowars,"ヒーローウォーズ：アライアンス — 放置系ロールプレイング"
23:00,112,com.rush.xtreme.sports,"ラッシュ：エクストリーム (RUSH: Xtreme)"
23:00,113,com.igg.android.doomsdaylastsurvivors,"ドゥームズデイ：オデュッセウスの帰還"
23:00,114,com.mini.football.filter.games,"Mini Soccer: Football Cup 2026"
23:00,115,com.hypervation.goodssort,"Goods Sort Match - パズル"
23:00,116,com.combo.knockout,"Knock Out"
23:00,117,defense.roguelike.cell.shoot.survivor,"セルサバイバー"
23:00,118,com.innersloth.spacemafia,"Among Us"
23:00,119,com.loop.clear.cube.free.card.puzzle.sort.match,"ループマスター（Loop Master）"
23:00,120,io.voodoo.paper2,"Paper.io 2"
23:00,121,jp.gungho.pad,"パズル＆ドラゴンズ"
23:00,122,com.hmbl.perfect.makeover.cleaning.asmr,"Perfect Makeover Cleaning ASMR"
23:00,123,com.familygo.simgame,"Family Go! - 結婚・子育て・世代継承"
23:00,124,water.sort.puzzle.game.color.sorting.free,"水選別パズルゲーム - 楽しい色分けパズルゲーム"
23:00,125,easy.sudoku.puzzle.solver.free,"ナンプレ - 大人気アプリ"
23:00,126,find.difference.spot.differences.hidden.puzzle.games.free,"間違い探し - 見つけてスポット"
23:00,127,com.easybrain.brick.balls.blast,"Brick Blast - ブロック崩し"
23:00,128,ball.sort.puzzle.color.sorting.bubble.games,"ボール選別 - 脳を鍛える色分けパズル ゲーム"
23:00,129,com.kwalee.drawit,"ドロー・イット"
23:00,130,com.easybrain.brainy.joygame,"Puzzle Time: Brainy Challenge"
23:00,131,jp.co.sega.am2.MJMobile,"セガNET麻雀 MJ"
23:00,132,com.mobcast.okp,"キングダム 乱 -天下統一への道- 究極の本格戦略ゲーム"
23:00,133,com.farlightgames.pgame.gp,"モンスターサバイバル"
23:00,134,com.samw.gp.fruitromance,"フルーツ・ロマンス"
23:00,135,com.bravestars.savethedog.drawgame,"Save The Pets"
23:00,136,com.cedargames.mysterytown,"ミステリータウン：マージゲーム (Mystery Town)"
23:00,137,net.peakgames.toonblast,"トゥーンブラスト (Toon Blast)"
23:00,138,com.hp.keyboard.obby.asmr.speed.run,"Keyboard Obby: ASMR Speed Run"
23:00,139,tokyo.chickenskin.yokai,"妖怪カノジョ：妖怪はキミに恋をする"
23:00,140,com.readygo.barrel.gp,"ラストZ：サバイバルシューティング"
23:00,141,com.gamovation.tileclub,"タイルクラブ - マッチングゲーム"
23:00,142,com.ew.mahjong,"楽しい麻雀マッチ"
23:00,143,io.voodoo.holeio,"ホール.io"
23:00,144,com.crossfield.mahjong,"麻雀 闘龍 - 初心者から楽しめる麻雀ゲーム"
23:00,145,com.shogunstudios.poikatsuhakkosusumukun,"ポイ活 発酵！ススムくん：放置ゲームで簡単ポイント稼ぎ"
23:00,146,com.unicostudio.braintest,"ブレインテスト(Brain Test)：ひっかけパズル"
23:00,147,com.rescue.agent,"ヘリコプター・エスケープ"
23:00,148,jp.co.mixi.monsterstrike,"モンスターストライク"
23:00,149,jp.konami.prospia,"プロ野球スピリッツA"
23:00,150,com.Chodun.CatGunner,"にゃんこ銃士：放置育成RPG"
23:00,151,com.HoYoverse.cloudgames.Nap,"ゼンレスゾーンゼロ・クラウド版 - アニバーサリー"
23:00,152,com.vincentb.MobControl,"Mob Control"
23:00,153,com.gamovation.sudoku,"数独 - 毎日ナンプレを解いて気軽に頭の体操"
23:00,154,com.football.soccer.league,"サッカーリーグ2026"
23:00,155,com.fungames.blockcraft,"ブロッククラフト3D (Block Craft)：建設ゲーム"
23:00,156,com.JindoBlu.OfflineGames,"オフラインゲーム - 暇つぶし ゲーム - パズルゲーム"
23:00,157,com.girl.tiles.gp.bubbledreams,"バブルドリーム"
23:00,158,com.kite.knockfever,"Knock Fever"
23:00,159,com.ea.gp.fifamobile,"EA SPORTS FC™ サッカー Mobile 2026"
23:00,160,com.eagle_developers.shukapig,"出荷ぶた-養豚場育成ゲーム！ポイ活可能の放置で癒しの牧場経営"
23:00,161,com.phs.global,"ラストアサイラム：プレイグ"
23:00,162,com.kite.kittypick,"Kitty Pick"
23:00,163,com.bigc.tile.match.triple,"タイルマッチ：暇つぶしに最適！楽しいオフライン3マッチパズル"
23:00,164,com.whoyaho.pendeco,"デコの達人 - カスタムボールペンASMR"
23:00,165,com.sg.block.puzzle.quest.story,"ブロックパズル - のクラシック・ブロックパズルゲーム"
23:00,166,com.ultimatelavashgames.rollthehole,"たべるジェリーホール - Jelly Hole"
23:00,167,com.ares.twd,"The Walking Dead: Aftermath"
23:00,168,com.car.parking.bus.mania.traffic.jam,"Bus Jam：駐車場ゲーム パーキングジャム"
23:00,169,water.sort.master.colors.games,"Water Sort: Master Colors"
23:00,170,jp.co.taito.onlinecrane,"オンクレならタイクレ！おうちでクレーンゲームしよ？"
23:00,171,com.h8games.littlefarmstory,"リトルファームストーリー"
23:00,172,com.kurashiru.fue.usagi,"増えうさぎ by クラシル"
23:00,173,com.kiwifun.game.android.screw.master,"ネジ3Dパズル：ピンを外すゲーム"
23:00,174,com.fiveminlab.overgeared.hero.backpack.merge,"チート勇者～インベントリ攻略ゲー～RPG"
23:00,175,com.cbewjp.arrow.beauty.awaits,"Arrow Away - Beauty Awaits"
23:00,176,jp.co.level5.inazumacross,"イナズマイレブン クロス"
23:00,177,com.mhcljp.xpvsfd,"今生は恋より茶に生きる"
23:00,178,com.dabaApps.FourDoors23,"脱出ゲーム よっつのドア23 4Doors23"
23:00,179,mahjong.breeze.tile.match.game,"Mahjong Breeze - Tile Match"
23:00,180,com.slg.savagesurvival,"サベージ・サバイバル：恐竜の咆哮"
23:00,181,net.peakgames.match,"マッチファクトリー(Match Factory)!"
23:00,182,com.flower.forest.word.puzzle,"Flower Forest - ワードパズル"
23:00,183,com.YostarJP.BlueArchive,"ブルーアーカイブ"
23:00,184,com.kerun.idiomblock.ja,"熟語消し：ことわざ四字熟語脳トレ暇つぶし漢字パズル単語ゲーム"
23:00,185,com.actgames.HelloKittyMDS,"ハローキティ：マイドリームストア"
23:00,186,com.puzzle.cargame.busjam.trafficjam,"Super Dispatcher:Traffic Jam"
23:00,187,solitaire.word.association.connections.puzzle,"ソリティアワード: Solitaire Connection"
23:00,188,com.loomgames.pixelflow,"Pixel Flow!"
23:00,189,com.playrix.fishdomdd.gplay,"フィッシュダム(Fishdom)"
23:00,190,com.kimi.sukinaken,"君のことが好きな件！"
23:00,191,com.bandainamcoent.dblegends_jp,"ドラゴンボール レジェンズ"
23:00,192,diamond.pixel.art.jewel.color.flow.sort.puzzle,"ジュエルカラーソート：ダイヤゲーム"
23:00,193,com.gamincat.roomsort,"ルームソート - 間取り図ゲーム"
23:00,194,jp.co.ponos.nekohopper,"GO!GO!ネコホッピング"
23:00,195,jp.genit.melody,"メロディ - ピアノ鍵盤でリズム音楽ゲーム"
23:00,196,com.playrix.gardenscapes,"ガーデンスケイプ(Gardenscapes)"
23:00,197,screw.puzzle.match3.brain.puzz,"ネジマッチ: Screw Sort 3D ネジパズル ボルト"
23:00,198,com.HoYoverse.hkrpgoversea,"崩壊：スターレイル"
23:00,199,com.axlgp.findout.girl,"美のクエスト"
23:00,200,com.miHoYo.GenshinImpact,"原神～空月の歌～"
