time,rank,id,title
00:30,1,6757690255,"윈드러너 키우기"
00:30,2,6772136987,"이것이 삼국지다-1,500뽑기 증정"
00:30,3,6747957875,"Family Go! - 대를 잇는 인생 시뮬레이션"
00:30,4,6469476819,"데몬 헌터: 방치형 정령 키우기 RPG"
00:30,5,6759763476,"Bus Traffic Fever!"
00:30,6,1094591345,"Pokémon GO"
00:30,7,6759081967,"Jewel Coloring"
00:30,8,6752672568,"Block Out! - Color Sort Puzzle"
00:30,9,431946152,"로블록스(Roblox)"
00:30,10,6748084174,"Smash Fest!"
00:30,11,6761760135,"Meowdoku!"
00:30,12,6741503079,"Pokémon Champions"
00:30,13,6756185760,"Search It - Hidden Objects"
00:30,14,6756482832,"Brain Puzzle 3: Crazy Mind"
00:30,15,1617391485,"블록 블라스트 (Block Blast)"
00:30,16,6499562253,"드래곤빌리지3"
00:30,17,6760453970,"나쁜 사랑 - 다크한 남친 컬렉션"
00:30,18,6443575749,"WOS: 화이트아웃 서바이벌"
00:30,19,6756247787,"디지몬 UP"
00:30,20,6471045672,"테이스티 트레블: 합성 게임"
00:30,21,6756641249,"hololive Dreams"
00:30,22,6747634441,"취준생 키우기 : 취업 시뮬레이션 게임"
00:30,23,6756989323,"라스트 어사일럼: 페스트"
00:30,24,6499209744,"마법의 정렬 (Magic Sort!)"
00:30,25,6739554056,"킹샷:Kingshot"
00:30,26,6756254027,"부족 또 전쟁 ：무한루프 RPG"
00:30,27,6759914688,"냥찍 히어로즈 : 방치형 RPG"
00:30,28,6788498566,"Gartic Phone"
00:30,29,1623318294,"가십하버: 합성 & 스토리 게임"
00:30,30,930574573,"Sniper 3D: Gun Shooting Games"
00:30,31,6755455500,"할리우드 머지"
00:30,32,1366526331,"배틀그라운드"
00:30,33,6748397500,"Arrows – Puzzle Escape"
00:30,34,6764201639,"총잡이 고양이 - 방치형 키우기"
00:30,35,1015322991,"Rummikub"
00:30,36,6737874398,"Merge Fashion: Romance Story"
00:30,37,6748950306,"단어 솔리테어: 카드 퍼즐게임"
00:30,38,1482155847,"로얄 매치 (Royal Match)"
00:30,39,1193508329,"스도쿠 - 클래식 로직 퍼즐 게임"
00:30,40,6747467952,"라이즈 신 키우기"
00:30,41,6752886832,"호텔 레거시"
00:30,42,6739616715,"메이플 키우기"
00:30,43,1546845921,"멜론 메이커 : 머지"
00:30,44,848091833,"냥코 대전쟁"
00:30,45,6482291732,"운빨존많겜"
00:30,46,6670789598,"Brain Puzzle: Tricky Quest"
00:30,47,1344700142,"UNO!™"
00:30,48,6749109526,"X 클래시"
00:30,49,6779167923,"Colony Flow!"
00:30,50,1229016807,"브롤스타즈"
00:30,51,6759585981,"별별 히어로: 영웅 다있소"
00:30,52,6780891673,"Royal Smash! - Physics Puzzle"
00:30,53,6760745556,"오늘도 환생 2"
00:30,54,1443446174,"매직 타일 3™: 리듬 피아노 게임"
00:30,55,1478371252,"FC 모바일"
00:30,56,6689516366,"Bus Escape: Traffic Jam"
00:30,57,6749759672,"산너머 도원마을"
00:30,58,6746328263,"Castle Busters"
00:30,59,1558248707,"Goose Goose Duck"
00:30,60,1389111413,"Hole.io"
00:30,61,1597760047,"OneState RP: 온라인 롤플레잉"
00:30,62,947742764,"무한의 계단"
00:30,63,6759546053,"머지냥탐정 : 미스터리 머지"
00:30,64,6758080238,"Tricky Mean2"
00:30,65,880047117,"앵그리버드 2 (Angry Birds 2)"
00:30,66,6748289603,"머지여제: 궁중 판타지 스토리 퍼즐"
00:30,67,1117270703,"eFootball™"
00:30,68,6757844491,"Tricky Story 2: Brain Twist"
00:30,69,6754098532,"러쉬: 익스트림 (RUSH: Xtreme)"
00:30,70,6737022506,"나사 풀기 대작전"
00:30,71,638689075,"꿈의 마을 (Township)"
00:30,72,6503702666,"협타디: 협동 타워 디펜스"
00:30,73,6740899070,"플랜티스와 좀비깡패"
00:30,74,1423046460,"Paper.io 2"
00:30,75,6769314786,"Food Hunt: Pixel Puzzle"
00:30,76,1550945606,"사커 슈퍼스타 - 축구"
00:30,77,6775727338,"Metal Slug Rush"
00:30,78,1466736988,"카트라이더 러쉬플러스"
00:30,79,6755509102,"단어 연상 - 단어잇기 퍼즐게임"
00:30,80,1643509748,"머지 쿠킹 테마 레스토랑（Merge Cooking）"
00:30,81,1458848044,"컴투스프로야구V26"
00:30,82,6756288168,"Cookingo: Perfect Meal"
00:30,83,6753645951,"벙커디펜스: 빠른 무한 물량 막기"
00:30,84,6744975195,"Sled Surfers - 슬로프 어드벤처"
00:30,85,1452992954,"Nonogram.com - 노노그램 숫자퍼즐 게임"
00:30,86,6446516059,"캣 히어로 : 방치형 RPG"
00:30,87,6760822948,"더 코지 플로리스트"
00:30,88,6747063674,"Brain Puzzle 2: Logic Twist"
00:30,89,1351168404,"Among Us!"
00:30,90,6448104157,"데이터 필요없는 게임 - 와이파이 필요없는 게임"
00:30,91,698255242,"Geometry Dash Lite"
00:30,92,6767155768,"현상금 해적단 키우기"
00:30,93,1645844535,"갓물주 키우기"
00:30,94,1606549505,"로얄 킹덤 (Royal Kingdom)"
00:30,95,6739246483,"Hole Em All: Collect Master"
00:30,96,512939461,"Subway Surfers"
00:30,97,6451279326,"수험생 키우기 : 수능 시뮬레이션 게임"
00:30,98,1579464667,"Pokémon Sleep"
00:30,99,6756171201,"컬러스위퍼"
00:30,100,1104692136,"스네이크 아이오 - 재미있는 온라인 뱀 전투 게임"
00:30,101,880551258,"컴투스프로야구2026"
00:30,102,6761100469,"Tricky Puzzle 2: 두뇌 테스트"
00:30,103,6767834940,"탑 로드"
00:30,104,553834731,"캔디크러쉬사가"
00:30,105,1465731199,"2 Player Games : the Challenge"
00:30,106,6746151928,"두근두근타운"
00:30,107,6758827442,"히간: 이루실"
00:30,108,1273957743,"EA SPORTS FC Online M"
00:30,109,6479970832,"포켓몬 카드 게임 Pocket"
00:30,110,1471486284,"한게임 포커"
00:30,111,6751056652,"Pixel Flow!"
00:30,112,329218549,"체스 · 플레이 및 배우기 온라인"
00:30,113,6503603603,"미스터리 타운: 합성 게임 (Mystery Town)"
00:30,114,6475757306,"Disney Solitaire 디즈니 솔리테어"
00:30,115,6466620626,"탕후루의 달인 - 두쫀쿠, 급식, 배달 먹방 ASMR"
00:30,116,1471942989,"한게임 섯다&맞고"
00:30,117,6746465127,"세포 특공대 - 전략형 타워 디펜스"
00:30,118,6740966864,"딸깍 다이스"
00:30,119,6740026253,"오피스 퀸 키우기"
00:30,120,898986747,"좀비고등학교"
00:30,121,1635760774,"꿈의 호텔 (My Perfect Hotel)"
00:30,122,6755183085,"Yarn Loop: Knit Puzzle"
00:30,123,1638139403,"블록 크러시 (Block Crush)"
00:30,124,870442795,"오목의 달인"
00:30,125,6504332779,"Color Block Jam"
00:30,126,6740618570,"XP Hero (XP 히어로)"
00:30,127,6742241805,"축구 심판 시뮬레이터 2026(Referee Game)"
00:30,128,6478472449,"비즈 앤 타운: 회사 경영 시뮬레이션 - 타이쿤 게임"
00:30,129,1272085326,"3D운전교실"
00:30,130,1562817072,"Mob Control"
00:30,131,1278869953,"Kick the Buddy: 스트레스 해소 미니게임"
00:30,132,6743385713,"털실 마스터 - 마법의 정렬 버스주차퍼즐게임"
00:30,133,6740043080,"Screwdom : 나사와 볼트 퍼즐"
00:30,134,6766739255,"Rebel Glam：나만의 도파민 룩"
00:30,135,1566126120,"사과게임 - 화제의 인싸게임"
00:30,136,1598881852,"프로젝트 세카이 컬러풀 스테이지! feat.하츠네 미쿠"
00:30,137,1480616990,"리그 오브 레전드: 와일드 리프트"
00:30,138,6749132002,"빠지냥! (Drop the Cat)"
00:30,139,6761045469,"도깨비 소녀와 함께"
00:30,140,1323901884,"쿠킹 매드니스(Cooking Madness)"
00:30,141,1144557284,"텐텐오락실"
00:30,142,646315802,"모두의마블"
00:30,143,6747492600,"마작 블래스트 (Mahjong Blast)"
00:30,144,1021117809,"주차의 달인 4"
00:30,145,6759997224,"순찰중! 바로 체포!"
00:30,146,6557072922,"Z Survivor: Backpack Shooter"
00:30,147,1089336971,"토킹톰 골드런"
00:30,148,6743368869,"Draft Showdown"
00:30,149,1480616748,"전략적 팀 전투: 리그 오브 레전드 전략 게임"
00:30,150,6757154335,"Cube Land Puzzle Game"
00:30,151,1453989822,"Aquapark.io"
00:30,152,1509450845,"쿠키런: 킹덤"
00:30,153,6743738094,"마이 스티커 룸 (My Sticker Room)"
00:30,154,6477413486,"Level Devil - NOT A Troll Game"
00:30,155,608808713,"쿠키런"
00:30,156,6753862216,"푸드스타（Foodstars）: 합쳐서 요리하기"
00:30,157,6743102148,"야구 라이징 스타: Baseball Star MVP"
00:30,158,1442749804,"스도쿠 - 클래식 스도쿠"
00:30,159,6767091927,"지그소 드롭: 솔리테어 퍼즐"
00:30,160,6758072393,"추락한 아름다움: 머지&스토리"
00:30,161,924373886,"길건너 친구들"
00:30,162,6447053495,"Makeup Beauty - 메이크업 패션게임"
00:30,163,6736896540,"헬로키티 마이 드림 스토어"
00:30,164,6746246179,"Foodie Sizzle: 미식 시즐"
00:30,165,1047961826,"로데오 스탬피드: 3D 동물 라이더"
00:30,166,6760175759,"밤탈출 - 49일"
00:30,167,6689516283,"Perfect Tidy: 완벽한 정리"
00:30,168,1458568643,"피망 뉴맞고 : 고스톱으로 대한민국 1등"
00:30,169,1229618961,"Rider - 라이더"
00:30,170,6740838442,"먼작귀 포켓"
00:30,171,6450917563,"피자 레디 (Pizza Ready)"
00:30,172,6443755785,"씨사이드 익스케이프: 합성 & 스토리 게임"
00:30,173,6761523148,"Flower Forest - 워드 퍼즐"
00:30,174,1133463693,"메이플스토리M"
00:30,175,1453720435,"Liar Game"
00:30,176,6758237144,"Endless Puncher"
00:30,177,1486214495,"브레인 테스트 (Brain Test): 까다로운 퍼즐"
00:30,178,6754668985,"이세카이 게이트 ISEKAI GATE"
00:30,179,1584459287,"말랑이 온라인 - 말랑이 거래, 게임 만들기"
00:30,180,6757832779,"3D Colorful Sort™ 마법의 물"
00:30,181,6742222069,"Cookingdom - 요리의 나라"
00:30,182,6759822089,"오늘의 꽃 : 진짜 꽃을 키우는 게임"
00:30,183,6760125313,"희비전 리버스"
00:30,184,6771397917,"딸깍 - 키캡게임"
00:30,185,6451176533,"Dino mutant : T-Rex"
00:30,186,1600871388,"Eatventure"
00:30,187,6791242489,"메트로 타이핑"
00:30,188,1492451796,"Woodturning 3D"
00:30,189,6760325543,"ArrowCube - 3DPuzzle"
00:30,190,6446347021,"고양이와 스프: 마법의 레시피"
00:30,191,6747560860,"Screw Out 3D: Nut Sort Jam"
00:30,192,6468921495,"비타 마작(Vita Mahjong)"
00:30,193,6738118862,"Satiszone: 완벽한 ASMR 게임"
00:30,194,947258826,"마피아42"
00:30,195,6758200096,"라그나로크M: Classic"
00:30,196,1438820170,"GO! GO! 고양이 홉핑"
00:30,197,1586980403,"Coloring Match"
00:30,198,6761603258,"Loop Master: 컬러 정렬 퍼즐"
00:30,199,6503272652,"라스트 Z: 서바이벌 슈터"
00:30,200,6757722046,"Butcher hero: hook'n'chew RPG"
02:00,1,6762442041,"열혈강호: 넥스트"
02:00,2,6757690255,"윈드러너 키우기"
02:00,3,6772136987,"이것이 삼국지다-1,500뽑기 증정"
02:00,4,6747957875,"Family Go! - 대를 잇는 인생 시뮬레이션"
02:00,5,6759763476,"Bus Traffic Fever!"
02:00,6,6759081967,"Jewel Coloring"
02:00,7,6469476819,"데몬 헌터: 방치형 정령 키우기 RPG"
02:00,8,431946152,"로블록스(Roblox)"
02:00,9,6752672568,"Block Out! - Color Sort Puzzle"
02:00,10,1094591345,"Pokémon GO"
02:00,11,6748084174,"Smash Fest!"
02:00,12,6756185760,"Search It - Hidden Objects"
02:00,13,6761760135,"Meowdoku!"
02:00,14,6741503079,"Pokémon Champions"
02:00,15,6756482832,"Brain Puzzle 3: Crazy Mind"
02:00,16,6499562253,"드래곤빌리지3"
02:00,17,1617391485,"블록 블라스트 (Block Blast)"
02:00,18,6760453970,"나쁜 사랑 - 다크한 남친 컬렉션"
02:00,19,6471045672,"테이스티 트레블: 합성 게임"
02:00,20,6443575749,"WOS: 화이트아웃 서바이벌"
02:00,21,6756641249,"hololive Dreams"
02:00,22,6756247787,"디지몬 UP"
02:00,23,6756989323,"라스트 어사일럼: 페스트"
02:00,24,6747634441,"취준생 키우기 : 취업 시뮬레이션 게임"
02:00,25,6499209744,"마법의 정렬 (Magic Sort!)"
02:00,26,6739554056,"킹샷:Kingshot"
02:00,27,6759914688,"냥찍 히어로즈 : 방치형 RPG"
02:00,28,6756254027,"부족 또 전쟁 ：무한루프 RPG"
02:00,29,6788498566,"Gartic Phone"
02:00,30,6748950306,"단어 솔리테어: 카드 퍼즐게임"
02:00,31,1623318294,"가십하버: 합성 & 스토리 게임"
02:00,32,930574573,"Sniper 3D: Gun Shooting Games"
02:00,33,1015322991,"Rummikub"
02:00,34,1366526331,"배틀그라운드"
02:00,35,6748397500,"Arrows – Puzzle Escape"
02:00,36,6755455500,"할리우드 머지"
02:00,37,6764201639,"총잡이 고양이 - 방치형 키우기"
02:00,38,1482155847,"로얄 매치 (Royal Match)"
02:00,39,1546845921,"멜론 메이커 : 머지"
02:00,40,6737874398,"Merge Fashion: Romance Story"
02:00,41,1193508329,"스도쿠 - 클래식 로직 퍼즐 게임"
02:00,42,6747467952,"라이즈 신 키우기"
02:00,43,6752886832,"호텔 레거시"
02:00,44,6739616715,"메이플 키우기"
02:00,45,1344700142,"UNO!™"
02:00,46,6482291732,"운빨존많겜"
02:00,47,1558248707,"Goose Goose Duck"
02:00,48,6759585981,"별별 히어로: 영웅 다있소"
02:00,49,848091833,"냥코 대전쟁"
02:00,50,6779167923,"Colony Flow!"
02:00,51,6760745556,"오늘도 환생 2"
02:00,52,6670789598,"Brain Puzzle: Tricky Quest"
02:00,53,1229016807,"브롤스타즈"
02:00,54,6749109526,"X 클래시"
02:00,55,6780891673,"Royal Smash! - Physics Puzzle"
02:00,56,1443446174,"매직 타일 3™: 리듬 피아노 게임"
02:00,57,1478371252,"FC 모바일"
02:00,58,6689516366,"Bus Escape: Traffic Jam"
02:00,59,6749759672,"산너머 도원마을"
02:00,60,1597760047,"OneState RP: 온라인 롤플레잉"
02:00,61,6748289603,"머지여제: 궁중 판타지 스토리 퍼즐"
02:00,62,6754098532,"러쉬: 익스트림 (RUSH: Xtreme)"
02:00,63,1117270703,"eFootball™"
02:00,64,6746328263,"Castle Busters"
02:00,65,947742764,"무한의 계단"
02:00,66,1389111413,"Hole.io"
02:00,67,6759546053,"머지냥탐정 : 미스터리 머지"
02:00,68,880047117,"앵그리버드 2 (Angry Birds 2)"
02:00,69,6758080238,"Tricky Mean2"
02:00,70,638689075,"꿈의 마을 (Township)"
02:00,71,6769314786,"Food Hunt: Pixel Puzzle"
02:00,72,6503702666,"협타디: 협동 타워 디펜스"
02:00,73,1466736988,"카트라이더 러쉬플러스"
02:00,74,1458848044,"컴투스프로야구V26"
02:00,75,6756288168,"Cookingo: Perfect Meal"
02:00,76,6775727338,"Metal Slug Rush"
02:00,77,6755509102,"단어 연상 - 단어잇기 퍼즐게임"
02:00,78,1643509748,"머지 쿠킹 테마 레스토랑（Merge Cooking）"
02:00,79,1550945606,"사커 슈퍼스타 - 축구"
02:00,80,6737022506,"나사 풀기 대작전"
02:00,81,1452992954,"Nonogram.com - 노노그램 숫자퍼즐 게임"
02:00,82,6757844491,"Tricky Story 2: Brain Twist"
02:00,83,1423046460,"Paper.io 2"
02:00,84,6740899070,"플랜티스와 좀비깡패"
02:00,85,6760822948,"더 코지 플로리스트"
02:00,86,1351168404,"Among Us!"
02:00,87,6744975195,"Sled Surfers - 슬로프 어드벤처"
02:00,88,6739246483,"Hole Em All: Collect Master"
02:00,89,6446516059,"캣 히어로 : 방치형 RPG"
02:00,90,6747063674,"Brain Puzzle 2: Logic Twist"
02:00,91,6448104157,"데이터 필요없는 게임 - 와이파이 필요없는 게임"
02:00,92,6451279326,"수험생 키우기 : 수능 시뮬레이션 게임"
02:00,93,1579464667,"Pokémon Sleep"
02:00,94,1606549505,"로얄 킹덤 (Royal Kingdom)"
02:00,95,1645844535,"갓물주 키우기"
02:00,96,6767155768,"현상금 해적단 키우기"
02:00,97,6756171201,"컬러스위퍼"
02:00,98,6753645951,"벙커디펜스: 빠른 무한 물량 막기"
02:00,99,698255242,"Geometry Dash Lite"
02:00,100,512939461,"Subway Surfers"
02:00,101,6761100469,"Tricky Puzzle 2: 두뇌 테스트"
02:00,102,553834731,"캔디크러쉬사가"
02:00,103,880551258,"컴투스프로야구2026"
02:00,104,1104692136,"스네이크 아이오 - 재미있는 온라인 뱀 전투 게임"
02:00,105,6767834940,"탑 로드"
02:00,106,1471486284,"한게임 포커"
02:00,107,6479970832,"포켓몬 카드 게임 Pocket"
02:00,108,898986747,"좀비고등학교"
02:00,109,6746465127,"세포 특공대 - 전략형 타워 디펜스"
02:00,110,1471942989,"한게임 섯다&맞고"
02:00,111,329218549,"체스 · 플레이 및 배우기 온라인"
02:00,112,6746151928,"두근두근타운"
02:00,113,1273957743,"EA SPORTS FC Online M"
02:00,114,6751056652,"Pixel Flow!"
02:00,115,1465731199,"2 Player Games : the Challenge"
02:00,116,6503603603,"미스터리 타운: 합성 게임 (Mystery Town)"
02:00,117,6740026253,"오피스 퀸 키우기"
02:00,118,6466620626,"탕후루의 달인 - 두쫀쿠, 급식, 배달 먹방 ASMR"
02:00,119,6742241805,"축구 심판 시뮬레이터 2026(Referee Game)"
02:00,120,6740966864,"딸깍 다이스"
02:00,121,6475757306,"Disney Solitaire 디즈니 솔리테어"
02:00,122,6755183085,"Yarn Loop: Knit Puzzle"
02:00,123,870442795,"오목의 달인"
02:00,124,6758827442,"히간: 이루실"
02:00,125,1635760774,"꿈의 호텔 (My Perfect Hotel)"
02:00,126,6740618570,"XP Hero (XP 히어로)"
02:00,127,1638139403,"블록 크러시 (Block Crush)"
02:00,128,1272085326,"3D운전교실"
02:00,129,6743385713,"털실 마스터 - 마법의 정렬 버스주차퍼즐게임"
02:00,130,6504332779,"Color Block Jam"
02:00,131,6478472449,"비즈 앤 타운: 회사 경영 시뮬레이션 - 타이쿤 게임"
02:00,132,6757832779,"3D Colorful Sort™ 마법의 물"
02:00,133,1144557284,"텐텐오락실"
02:00,134,6740043080,"Screwdom : 나사와 볼트 퍼즐"
02:00,135,6766739255,"Rebel Glam：나만의 도파민 룩"
02:00,136,6747492600,"마작 블래스트 (Mahjong Blast)"
02:00,137,6749132002,"빠지냥! (Drop the Cat)"
02:00,138,1566126120,"사과게임 - 화제의 인싸게임"
02:00,139,1562817072,"Mob Control"
02:00,140,646315802,"모두의마블"
02:00,141,1480616990,"리그 오브 레전드: 와일드 리프트"
02:00,142,1598881852,"프로젝트 세카이 컬러풀 스테이지! feat.하츠네 미쿠"
02:00,143,1278869953,"Kick the Buddy: 스트레스 해소 미니게임"
02:00,144,1021117809,"주차의 달인 4"
02:00,145,6477413486,"Level Devil - NOT A Troll Game"
02:00,146,6757154335,"Cube Land Puzzle Game"
02:00,147,1323901884,"쿠킹 매드니스(Cooking Madness)"
02:00,148,6759997224,"순찰중! 바로 체포!"
02:00,149,1480616748,"전략적 팀 전투: 리그 오브 레전드 전략 게임"
02:00,150,6689516283,"Perfect Tidy: 완벽한 정리"
02:00,151,1089336971,"토킹톰 골드런"
02:00,152,6743738094,"마이 스티커 룸 (My Sticker Room)"
02:00,153,6761045469,"도깨비 소녀와 함께"
02:00,154,6767091927,"지그소 드롭: 솔리테어 퍼즐"
02:00,155,6753862216,"푸드스타（Foodstars）: 합쳐서 요리하기"
02:00,156,1442749804,"스도쿠 - 클래식 스도쿠"
02:00,157,1509450845,"쿠키런: 킹덤"
02:00,158,6758072393,"추락한 아름다움: 머지&스토리"
02:00,159,608808713,"쿠키런"
02:00,160,6746246179,"Foodie Sizzle: 미식 시즐"
02:00,161,6557072922,"Z Survivor: Backpack Shooter"
02:00,162,6443755785,"씨사이드 익스케이프: 합성 & 스토리 게임"
02:00,163,1453720435,"Liar Game"
02:00,164,6743102148,"야구 라이징 스타: Baseball Star MVP"
02:00,165,6743368869,"Draft Showdown"
02:00,166,1458568643,"피망 뉴맞고 : 고스톱으로 대한민국 1등"
02:00,167,6736896540,"헬로키티 마이 드림 스토어"
02:00,168,924373886,"길건너 친구들"
02:00,169,1453989822,"Aquapark.io"
02:00,170,6447053495,"Makeup Beauty - 메이크업 패션게임"
02:00,171,6450917563,"피자 레디 (Pizza Ready)"
02:00,172,1133463693,"메이플스토리M"
02:00,173,6740838442,"먼작귀 포켓"
02:00,174,6760175759,"밤탈출 - 49일"
02:00,175,1229618961,"Rider - 라이더"
02:00,176,6761523148,"Flower Forest - 워드 퍼즐"
02:00,177,6760325543,"ArrowCube - 3DPuzzle"
02:00,178,6758237144,"Endless Puncher"
02:00,179,6742222069,"Cookingdom - 요리의 나라"
02:00,180,6754668985,"이세카이 게이트 ISEKAI GATE"
02:00,181,1492451796,"Woodturning 3D"
02:00,182,947258826,"마피아42"
02:00,183,6759822089,"오늘의 꽃 : 진짜 꽃을 키우는 게임"
02:00,184,1486214495,"브레인 테스트 (Brain Test): 까다로운 퍼즐"
02:00,185,6451176533,"Dino mutant : T-Rex"
02:00,186,1047961826,"로데오 스탬피드: 3D 동물 라이더"
02:00,187,1584459287,"말랑이 온라인 - 말랑이 거래, 게임 만들기"
02:00,188,1600871388,"Eatventure"
02:00,189,6444705312,"비히클 마스터 (Vehicle Masters)"
02:00,190,6760125313,"희비전 리버스"
02:00,191,6749919145,"Color Cube Match: 정렬 게임"
02:00,192,1177590613,"숨바꼭질 온라인 - 실시간 숨바꼭질"
02:00,193,1586980403,"Coloring Match"
02:00,194,6791242489,"메트로 타이핑"
02:00,195,6771397917,"딸깍 - 키캡게임"
02:00,196,6747560860,"Screw Out 3D: Nut Sort Jam"
02:00,197,6755425214,"포켓 정렬 (Pocket Sort): 동전 병합 퍼즐"
02:00,198,6468921495,"비타 마작(Vita Mahjong)"
02:00,199,6761603258,"Loop Master: 컬러 정렬 퍼즐"
02:00,200,6502039599,"골프 슈퍼 크루 : 실시간 골프 게임"
03:30,1,6762442041,"열혈강호: 넥스트"
03:30,2,6757690255,"윈드러너 키우기"
03:30,3,6772136987,"이것이 삼국지다-1,500뽑기 증정"
03:30,4,6747957875,"Family Go! - 대를 잇는 인생 시뮬레이션"
03:30,5,6759763476,"Bus Traffic Fever!"
03:30,6,6759081967,"Jewel Coloring"
03:30,7,6469476819,"데몬 헌터: 방치형 정령 키우기 RPG"
03:30,8,431946152,"로블록스(Roblox)"
03:30,9,6752672568,"Block Out! - Color Sort Puzzle"
03:30,10,1094591345,"Pokémon GO"
03:30,11,6748084174,"Smash Fest!"
03:30,12,6756185760,"Search It - Hidden Objects"
03:30,13,6761760135,"Meowdoku!"
03:30,14,6741503079,"Pokémon Champions"
03:30,15,6756482832,"Brain Puzzle 3: Crazy Mind"
03:30,16,6499562253,"드래곤빌리지3"
03:30,17,1617391485,"블록 블라스트 (Block Blast)"
03:30,18,6760453970,"나쁜 사랑 - 다크한 남친 컬렉션"
03:30,19,6471045672,"테이스티 트레블: 합성 게임"
03:30,20,6443575749,"WOS: 화이트아웃 서바이벌"
03:30,21,6756641249,"hololive Dreams"
03:30,22,6756247787,"디지몬 UP"
03:30,23,6756989323,"라스트 어사일럼: 페스트"
03:30,24,6747634441,"취준생 키우기 : 취업 시뮬레이션 게임"
03:30,25,6499209744,"마법의 정렬 (Magic Sort!)"
03:30,26,6739554056,"킹샷:Kingshot"
03:30,27,6759914688,"냥찍 히어로즈 : 방치형 RPG"
03:30,28,6756254027,"부족 또 전쟁 ：무한루프 RPG"
03:30,29,6788498566,"Gartic Phone"
03:30,30,6748950306,"단어 솔리테어: 카드 퍼즐게임"
03:30,31,1623318294,"가십하버: 합성 & 스토리 게임"
03:30,32,930574573,"Sniper 3D: Gun Shooting Games"
03:30,33,1015322991,"Rummikub"
03:30,34,1366526331,"배틀그라운드"
03:30,35,6748397500,"Arrows – Puzzle Escape"
03:30,36,6755455500,"할리우드 머지"
03:30,37,6764201639,"총잡이 고양이 - 방치형 키우기"
03:30,38,1482155847,"로얄 매치 (Royal Match)"
03:30,39,1546845921,"멜론 메이커 : 머지"
03:30,40,6737874398,"Merge Fashion: Romance Story"
03:30,41,1193508329,"스도쿠 - 클래식 로직 퍼즐 게임"
03:30,42,6747467952,"라이즈 신 키우기"
03:30,43,6752886832,"호텔 레거시"
03:30,44,6739616715,"메이플 키우기"
03:30,45,1344700142,"UNO!™"
03:30,46,6482291732,"운빨존많겜"
03:30,47,1558248707,"Goose Goose Duck"
03:30,48,6759585981,"별별 히어로: 영웅 다있소"
03:30,49,848091833,"냥코 대전쟁"
03:30,50,6779167923,"Colony Flow!"
03:30,51,6760745556,"오늘도 환생 2"
03:30,52,6670789598,"Brain Puzzle: Tricky Quest"
03:30,53,1229016807,"브롤스타즈"
03:30,54,6749109526,"X 클래시"
03:30,55,6780891673,"Royal Smash! - Physics Puzzle"
03:30,56,1443446174,"매직 타일 3™: 리듬 피아노 게임"
03:30,57,1478371252,"FC 모바일"
03:30,58,6689516366,"Bus Escape: Traffic Jam"
03:30,59,6749759672,"산너머 도원마을"
03:30,60,1597760047,"OneState RP: 온라인 롤플레잉"
03:30,61,6748289603,"머지여제: 궁중 판타지 스토리 퍼즐"
03:30,62,6754098532,"러쉬: 익스트림 (RUSH: Xtreme)"
03:30,63,1117270703,"eFootball™"
03:30,64,6746328263,"Castle Busters"
03:30,65,947742764,"무한의 계단"
03:30,66,1389111413,"Hole.io"
03:30,67,6759546053,"머지냥탐정 : 미스터리 머지"
03:30,68,880047117,"앵그리버드 2 (Angry Birds 2)"
03:30,69,6758080238,"Tricky Mean2"
03:30,70,638689075,"꿈의 마을 (Township)"
03:30,71,6769314786,"Food Hunt: Pixel Puzzle"
03:30,72,6503702666,"협타디: 협동 타워 디펜스"
03:30,73,1466736988,"카트라이더 러쉬플러스"
03:30,74,1458848044,"컴투스프로야구V26"
03:30,75,6756288168,"Cookingo: Perfect Meal"
03:30,76,6775727338,"Metal Slug Rush"
03:30,77,6755509102,"단어 연상 - 단어잇기 퍼즐게임"
03:30,78,1643509748,"머지 쿠킹 테마 레스토랑（Merge Cooking）"
03:30,79,1550945606,"사커 슈퍼스타 - 축구"
03:30,80,6737022506,"나사 풀기 대작전"
03:30,81,1452992954,"Nonogram.com - 노노그램 숫자퍼즐 게임"
03:30,82,6757844491,"Tricky Story 2: Brain Twist"
03:30,83,1423046460,"Paper.io 2"
03:30,84,6740899070,"플랜티스와 좀비깡패"
03:30,85,6760822948,"더 코지 플로리스트"
03:30,86,1351168404,"Among Us!"
03:30,87,6744975195,"Sled Surfers - 슬로프 어드벤처"
03:30,88,6739246483,"Hole Em All: Collect Master"
03:30,89,6446516059,"캣 히어로 : 방치형 RPG"
03:30,90,6747063674,"Brain Puzzle 2: Logic Twist"
03:30,91,6448104157,"데이터 필요없는 게임 - 와이파이 필요없는 게임"
03:30,92,6451279326,"수험생 키우기 : 수능 시뮬레이션 게임"
03:30,93,1579464667,"Pokémon Sleep"
03:30,94,1606549505,"로얄 킹덤 (Royal Kingdom)"
03:30,95,1645844535,"갓물주 키우기"
03:30,96,6767155768,"현상금 해적단 키우기"
03:30,97,6756171201,"컬러스위퍼"
03:30,98,6753645951,"벙커디펜스: 빠른 무한 물량 막기"
03:30,99,698255242,"Geometry Dash Lite"
03:30,100,512939461,"Subway Surfers"
03:30,101,6761100469,"Tricky Puzzle 2: 두뇌 테스트"
03:30,102,553834731,"캔디크러쉬사가"
03:30,103,880551258,"컴투스프로야구2026"
03:30,104,1104692136,"스네이크 아이오 - 재미있는 온라인 뱀 전투 게임"
03:30,105,6767834940,"탑 로드"
03:30,106,1471486284,"한게임 포커"
03:30,107,6479970832,"포켓몬 카드 게임 Pocket"
03:30,108,898986747,"좀비고등학교"
03:30,109,6746465127,"세포 특공대 - 전략형 타워 디펜스"
03:30,110,1471942989,"한게임 섯다&맞고"
03:30,111,329218549,"체스 · 플레이 및 배우기 온라인"
03:30,112,6746151928,"두근두근타운"
03:30,113,1273957743,"EA SPORTS FC Online M"
03:30,114,6751056652,"Pixel Flow!"
03:30,115,1465731199,"2 Player Games : the Challenge"
03:30,116,6503603603,"미스터리 타운: 합성 게임 (Mystery Town)"
03:30,117,6740026253,"오피스 퀸 키우기"
03:30,118,6466620626,"탕후루의 달인 - 두쫀쿠, 급식, 배달 먹방 ASMR"
03:30,119,6742241805,"축구 심판 시뮬레이터 2026(Referee Game)"
03:30,120,6740966864,"딸깍 다이스"
03:30,121,6475757306,"Disney Solitaire 디즈니 솔리테어"
03:30,122,6755183085,"Yarn Loop: Knit Puzzle"
03:30,123,870442795,"오목의 달인"
03:30,124,6758827442,"히간: 이루실"
03:30,125,1635760774,"꿈의 호텔 (My Perfect Hotel)"
03:30,126,6740618570,"XP Hero (XP 히어로)"
03:30,127,1638139403,"블록 크러시 (Block Crush)"
03:30,128,1272085326,"3D운전교실"
03:30,129,6743385713,"털실 마스터 - 마법의 정렬 버스주차퍼즐게임"
03:30,130,6504332779,"Color Block Jam"
03:30,131,6478472449,"비즈 앤 타운: 회사 경영 시뮬레이션 - 타이쿤 게임"
03:30,132,6757832779,"3D Colorful Sort™ 마법의 물"
03:30,133,1144557284,"텐텐오락실"
03:30,134,6740043080,"Screwdom : 나사와 볼트 퍼즐"
03:30,135,6766739255,"Rebel Glam：나만의 도파민 룩"
03:30,136,6747492600,"마작 블래스트 (Mahjong Blast)"
03:30,137,6749132002,"빠지냥! (Drop the Cat)"
03:30,138,1566126120,"사과게임 - 화제의 인싸게임"
03:30,139,1562817072,"Mob Control"
03:30,140,646315802,"모두의마블"
03:30,141,1480616990,"리그 오브 레전드: 와일드 리프트"
03:30,142,1598881852,"프로젝트 세카이 컬러풀 스테이지! feat.하츠네 미쿠"
03:30,143,1278869953,"Kick the Buddy: 스트레스 해소 미니게임"
03:30,144,1021117809,"주차의 달인 4"
03:30,145,6477413486,"Level Devil - NOT A Troll Game"
03:30,146,6757154335,"Cube Land Puzzle Game"
03:30,147,1323901884,"쿠킹 매드니스(Cooking Madness)"
03:30,148,6759997224,"순찰중! 바로 체포!"
03:30,149,1480616748,"전략적 팀 전투: 리그 오브 레전드 전략 게임"
03:30,150,6689516283,"Perfect Tidy: 완벽한 정리"
03:30,151,1089336971,"토킹톰 골드런"
03:30,152,6743738094,"마이 스티커 룸 (My Sticker Room)"
03:30,153,6761045469,"도깨비 소녀와 함께"
03:30,154,6767091927,"지그소 드롭: 솔리테어 퍼즐"
03:30,155,6753862216,"푸드스타（Foodstars）: 합쳐서 요리하기"
03:30,156,1442749804,"스도쿠 - 클래식 스도쿠"
03:30,157,1509450845,"쿠키런: 킹덤"
03:30,158,6758072393,"추락한 아름다움: 머지&스토리"
03:30,159,608808713,"쿠키런"
03:30,160,6746246179,"Foodie Sizzle: 미식 시즐"
03:30,161,6557072922,"Z Survivor: Backpack Shooter"
03:30,162,6443755785,"씨사이드 익스케이프: 합성 & 스토리 게임"
03:30,163,1453720435,"Liar Game"
03:30,164,6743102148,"야구 라이징 스타: Baseball Star MVP"
03:30,165,6743368869,"Draft Showdown"
03:30,166,1458568643,"피망 뉴맞고 : 고스톱으로 대한민국 1등"
03:30,167,6736896540,"헬로키티 마이 드림 스토어"
03:30,168,924373886,"길건너 친구들"
03:30,169,1453989822,"Aquapark.io"
03:30,170,6447053495,"Makeup Beauty - 메이크업 패션게임"
03:30,171,6450917563,"피자 레디 (Pizza Ready)"
03:30,172,1133463693,"메이플스토리M"
03:30,173,6740838442,"먼작귀 포켓"
03:30,174,6760175759,"밤탈출 - 49일"
03:30,175,1229618961,"Rider - 라이더"
03:30,176,6761523148,"Flower Forest - 워드 퍼즐"
03:30,177,6760325543,"ArrowCube - 3DPuzzle"
03:30,178,6758237144,"Endless Puncher"
03:30,179,6742222069,"Cookingdom - 요리의 나라"
03:30,180,6754668985,"이세카이 게이트 ISEKAI GATE"
03:30,181,1492451796,"Woodturning 3D"
03:30,182,947258826,"마피아42"
03:30,183,6759822089,"오늘의 꽃 : 진짜 꽃을 키우는 게임"
03:30,184,1486214495,"브레인 테스트 (Brain Test): 까다로운 퍼즐"
03:30,185,6451176533,"Dino mutant : T-Rex"
03:30,186,1047961826,"로데오 스탬피드: 3D 동물 라이더"
03:30,187,1584459287,"말랑이 온라인 - 말랑이 거래, 게임 만들기"
03:30,188,1600871388,"Eatventure"
03:30,189,6444705312,"비히클 마스터 (Vehicle Masters)"
03:30,190,6760125313,"희비전 리버스"
03:30,191,6749919145,"Color Cube Match: 정렬 게임"
03:30,192,1177590613,"숨바꼭질 온라인 - 실시간 숨바꼭질"
03:30,193,1586980403,"Coloring Match"
03:30,194,6791242489,"메트로 타이핑"
03:30,195,6771397917,"딸깍 - 키캡게임"
03:30,196,6747560860,"Screw Out 3D: Nut Sort Jam"
03:30,197,6755425214,"포켓 정렬 (Pocket Sort): 동전 병합 퍼즐"
03:30,198,6468921495,"비타 마작(Vita Mahjong)"
03:30,199,6761603258,"Loop Master: 컬러 정렬 퍼즐"
03:30,200,6502039599,"골프 슈퍼 크루 : 실시간 골프 게임"
05:00,1,6762442041,"열혈강호: 넥스트"
05:00,2,6757690255,"윈드러너 키우기"
05:00,3,6772136987,"이것이 삼국지다-1,500뽑기 증정"
05:00,4,6759763476,"Bus Traffic Fever!"
05:00,5,6747957875,"Family Go! - 대를 잇는 인생 시뮬레이션"
05:00,6,6759081967,"Jewel Coloring"
05:00,7,431946152,"로블록스(Roblox)"
05:00,8,6752672568,"Block Out! - Color Sort Puzzle"
05:00,9,6748084174,"Smash Fest!"
05:00,10,6469476819,"데몬 헌터: 방치형 정령 키우기 RPG"
05:00,11,1094591345,"Pokémon GO"
05:00,12,6756185760,"Search It - Hidden Objects"
05:00,13,6761760135,"Meowdoku!"
05:00,14,6741503079,"Pokémon Champions"
05:00,15,6499562253,"드래곤빌리지3"
05:00,16,6756482832,"Brain Puzzle 3: Crazy Mind"
05:00,17,1617391485,"블록 블라스트 (Block Blast)"
05:00,18,6760453970,"나쁜 사랑 - 다크한 남친 컬렉션"
05:00,19,6756989323,"라스트 어사일럼: 페스트"
05:00,20,6471045672,"테이스티 트레블: 합성 게임"
05:00,21,6756641249,"hololive Dreams"
05:00,22,6443575749,"WOS: 화이트아웃 서바이벌"
05:00,23,6756247787,"디지몬 UP"
05:00,24,6747634441,"취준생 키우기 : 취업 시뮬레이션 게임"
05:00,25,6499209744,"마법의 정렬 (Magic Sort!)"
05:00,26,6739554056,"킹샷:Kingshot"
05:00,27,6759914688,"냥찍 히어로즈 : 방치형 RPG"
05:00,28,6748950306,"단어 솔리테어: 카드 퍼즐게임"
05:00,29,6788498566,"Gartic Phone"
05:00,30,6756254027,"부족 또 전쟁 ：무한루프 RPG"
05:00,31,1623318294,"가십하버: 합성 & 스토리 게임"
05:00,32,1366526331,"배틀그라운드"
05:00,33,1015322991,"Rummikub"
05:00,34,930574573,"Sniper 3D: Gun Shooting Games"
05:00,35,1546845921,"멜론 메이커 : 머지"
05:00,36,6748397500,"Arrows – Puzzle Escape"
05:00,37,6780891673,"Royal Smash! - Physics Puzzle"
05:00,38,6764201639,"총잡이 고양이 - 방치형 키우기"
05:00,39,1482155847,"로얄 매치 (Royal Match)"
05:00,40,1344700142,"UNO!™"
05:00,41,6747467952,"라이즈 신 키우기"
05:00,42,6755455500,"할리우드 머지"
05:00,43,6737874398,"Merge Fashion: Romance Story"
05:00,44,1558248707,"Goose Goose Duck"
05:00,45,6752886832,"호텔 레거시"
05:00,46,1193508329,"스도쿠 - 클래식 로직 퍼즐 게임"
05:00,47,6760745556,"오늘도 환생 2"
05:00,48,1229016807,"브롤스타즈"
05:00,49,6759585981,"별별 히어로: 영웅 다있소"
05:00,50,6739616715,"메이플 키우기"
05:00,51,6779167923,"Colony Flow!"
05:00,52,6482291732,"운빨존많겜"
05:00,53,848091833,"냥코 대전쟁"
05:00,54,6670789598,"Brain Puzzle: Tricky Quest"
05:00,55,6689516366,"Bus Escape: Traffic Jam"
05:00,56,6749109526,"X 클래시"
05:00,57,6749759672,"산너머 도원마을"
05:00,58,1478371252,"FC 모바일"
05:00,59,1443446174,"매직 타일 3™: 리듬 피아노 게임"
05:00,60,6748289603,"머지여제: 궁중 판타지 스토리 퍼즐"
05:00,61,1597760047,"OneState RP: 온라인 롤플레잉"
05:00,62,1117270703,"eFootball™"
05:00,63,6756288168,"Cookingo: Perfect Meal"
05:00,64,6754098532,"러쉬: 익스트림 (RUSH: Xtreme)"
05:00,65,947742764,"무한의 계단"
05:00,66,6746328263,"Castle Busters"
05:00,67,880047117,"앵그리버드 2 (Angry Birds 2)"
05:00,68,6759546053,"머지냥탐정 : 미스터리 머지"
05:00,69,6758080238,"Tricky Mean2"
05:00,70,6755509102,"단어 연상 - 단어잇기 퍼즐게임"
05:00,71,6739246483,"Hole Em All: Collect Master"
05:00,72,6769314786,"Food Hunt: Pixel Puzzle"
05:00,73,638689075,"꿈의 마을 (Township)"
05:00,74,1389111413,"Hole.io"
05:00,75,6503702666,"협타디: 협동 타워 디펜스"
05:00,76,1466736988,"카트라이더 러쉬플러스"
05:00,77,1458848044,"컴투스프로야구V26"
05:00,78,1579464667,"Pokémon Sleep"
05:00,79,1643509748,"머지 쿠킹 테마 레스토랑（Merge Cooking）"
05:00,80,1351168404,"Among Us!"
05:00,81,1550945606,"사커 슈퍼스타 - 축구"
05:00,82,6775727338,"Metal Slug Rush"
05:00,83,1452992954,"Nonogram.com - 노노그램 숫자퍼즐 게임"
05:00,84,6760822948,"더 코지 플로리스트"
05:00,85,6737022506,"나사 풀기 대작전"
05:00,86,6757844491,"Tricky Story 2: Brain Twist"
05:00,87,6740899070,"플랜티스와 좀비깡패"
05:00,88,1423046460,"Paper.io 2"
05:00,89,6446516059,"캣 히어로 : 방치형 RPG"
05:00,90,6747063674,"Brain Puzzle 2: Logic Twist"
05:00,91,6744975195,"Sled Surfers - 슬로프 어드벤처"
05:00,92,6451279326,"수험생 키우기 : 수능 시뮬레이션 게임"
05:00,93,6448104157,"데이터 필요없는 게임 - 와이파이 필요없는 게임"
05:00,94,1606549505,"로얄 킹덤 (Royal Kingdom)"
05:00,95,512939461,"Subway Surfers"
05:00,96,1645844535,"갓물주 키우기"
05:00,97,6756171201,"컬러스위퍼"
05:00,98,698255242,"Geometry Dash Lite"
05:00,99,6767155768,"현상금 해적단 키우기"
05:00,100,1471486284,"한게임 포커"
05:00,101,553834731,"캔디크러쉬사가"
05:00,102,898986747,"좀비고등학교"
05:00,103,6761100469,"Tricky Puzzle 2: 두뇌 테스트"
05:00,104,6757832779,"3D Colorful Sort™ 마법의 물"
05:00,105,6753645951,"벙커디펜스: 빠른 무한 물량 막기"
05:00,106,6746465127,"세포 특공대 - 전략형 타워 디펜스"
05:00,107,880551258,"컴투스프로야구2026"
05:00,108,1471942989,"한게임 섯다&맞고"
05:00,109,1104692136,"스네이크 아이오 - 재미있는 온라인 뱀 전투 게임"
05:00,110,6742241805,"축구 심판 시뮬레이터 2026(Referee Game)"
05:00,111,1273957743,"EA SPORTS FC Online M"
05:00,112,6740618570,"XP Hero (XP 히어로)"
05:00,113,6755183085,"Yarn Loop: Knit Puzzle"
05:00,114,6479970832,"포켓몬 카드 게임 Pocket"
05:00,115,6767834940,"탑 로드"
05:00,116,329218549,"체스 · 플레이 및 배우기 온라인"
05:00,117,6740966864,"딸깍 다이스"
05:00,118,6751056652,"Pixel Flow!"
05:00,119,6746151928,"두근두근타운"
05:00,120,6740026253,"오피스 퀸 키우기"
05:00,121,6475757306,"Disney Solitaire 디즈니 솔리테어"
05:00,122,870442795,"오목의 달인"
05:00,123,6466620626,"탕후루의 달인 - 두쫀쿠, 급식, 배달 먹방 ASMR"
05:00,124,6503603603,"미스터리 타운: 합성 게임 (Mystery Town)"
05:00,125,1465731199,"2 Player Games : the Challenge"
05:00,126,6758827442,"히간: 이루실"
05:00,127,1635760774,"꿈의 호텔 (My Perfect Hotel)"
05:00,128,1144557284,"텐텐오락실"
05:00,129,1272085326,"3D운전교실"
05:00,130,6740043080,"Screwdom : 나사와 볼트 퍼즐"
05:00,131,6504332779,"Color Block Jam"
05:00,132,6743385713,"털실 마스터 - 마법의 정렬 버스주차퍼즐게임"
05:00,133,1638139403,"블록 크러시 (Block Crush)"
05:00,134,6747492600,"마작 블래스트 (Mahjong Blast)"
05:00,135,6749132002,"빠지냥! (Drop the Cat)"
05:00,136,6766739255,"Rebel Glam：나만의 도파민 룩"
05:00,137,646315802,"모두의마블"
05:00,138,6478472449,"비즈 앤 타운: 회사 경영 시뮬레이션 - 타이쿤 게임"
05:00,139,1566126120,"사과게임 - 화제의 인싸게임"
05:00,140,1480616990,"리그 오브 레전드: 와일드 리프트"
05:00,141,1480616748,"전략적 팀 전투: 리그 오브 레전드 전략 게임"
05:00,142,1562817072,"Mob Control"
05:00,143,1598881852,"프로젝트 세카이 컬러풀 스테이지! feat.하츠네 미쿠"
05:00,144,6743738094,"마이 스티커 룸 (My Sticker Room)"
05:00,145,6689516283,"Perfect Tidy: 완벽한 정리"
05:00,146,1021117809,"주차의 달인 4"
05:00,147,1453720435,"Liar Game"
05:00,148,6767091927,"지그소 드롭: 솔리테어 퍼즐"
05:00,149,1323901884,"쿠킹 매드니스(Cooking Madness)"
05:00,150,6757154335,"Cube Land Puzzle Game"
05:00,151,6759997224,"순찰중! 바로 체포!"
05:00,152,6758072393,"추락한 아름다움: 머지&스토리"
05:00,153,6746246179,"Foodie Sizzle: 미식 시즐"
05:00,154,1509450845,"쿠키런: 킹덤"
05:00,155,6477413486,"Level Devil - NOT A Troll Game"
05:00,156,1089336971,"토킹톰 골드런"
05:00,157,1442749804,"스도쿠 - 클래식 스도쿠"
05:00,158,608808713,"쿠키런"
05:00,159,6736896540,"헬로키티 마이 드림 스토어"
05:00,160,6443755785,"씨사이드 익스케이프: 합성 & 스토리 게임"
05:00,161,6753862216,"푸드스타（Foodstars）: 합쳐서 요리하기"
05:00,162,6761045469,"도깨비 소녀와 함께"
05:00,163,1278869953,"Kick the Buddy: 스트레스 해소 미니게임"
05:00,164,6743102148,"야구 라이징 스타: Baseball Star MVP"
05:00,165,1458568643,"피망 뉴맞고 : 고스톱으로 대한민국 1등"
05:00,166,947258826,"마피아42"
05:00,167,924373886,"길건너 친구들"
05:00,168,6760325543,"ArrowCube - 3DPuzzle"
05:00,169,6740838442,"먼작귀 포켓"
05:00,170,6743368869,"Draft Showdown"
05:00,171,6447053495,"Makeup Beauty - 메이크업 패션게임"
05:00,172,6557072922,"Z Survivor: Backpack Shooter"
05:00,173,6450917563,"피자 레디 (Pizza Ready)"
05:00,174,6761523148,"Flower Forest - 워드 퍼즐"
05:00,175,1133463693,"메이플스토리M"
05:00,176,1229618961,"Rider - 라이더"
05:00,177,6742222069,"Cookingdom - 요리의 나라"
05:00,178,6754668985,"이세카이 게이트 ISEKAI GATE"
05:00,179,1453989822,"Aquapark.io"
05:00,180,6758237144,"Endless Puncher"
05:00,181,1600871388,"Eatventure"
05:00,182,1492451796,"Woodturning 3D"
05:00,183,6760175759,"밤탈출 - 49일"
05:00,184,6451176533,"Dino mutant : T-Rex"
05:00,185,1177590613,"숨바꼭질 온라인 - 실시간 숨바꼭질"
05:00,186,1584459287,"말랑이 온라인 - 말랑이 거래, 게임 만들기"
05:00,187,6755425214,"포켓 정렬 (Pocket Sort): 동전 병합 퍼즐"
05:00,188,6444705312,"비히클 마스터 (Vehicle Masters)"
05:00,189,1486214495,"브레인 테스트 (Brain Test): 까다로운 퍼즐"
05:00,190,6747560860,"Screw Out 3D: Nut Sort Jam"
05:00,191,1047961826,"로데오 스탬피드: 3D 동물 라이더"
05:00,192,6759822089,"오늘의 꽃 : 진짜 꽃을 키우는 게임"
05:00,193,6749919145,"Color Cube Match: 정렬 게임"
05:00,194,1586980403,"Coloring Match"
05:00,195,6744819313,"Satistory: Tidy Up"
05:00,196,6760125313,"희비전 리버스"
05:00,197,6761603258,"Loop Master: 컬러 정렬 퍼즐"
05:00,198,6468921495,"비타 마작(Vita Mahjong)"
05:00,199,6448392144,"케이크 정렬 - 컬러 정렬 및 병합 퍼즐 게임"
05:00,200,1053012308,"클래시 로얄 (Clash Royale)"
06:30,1,6762442041,"열혈강호: 넥스트"
06:30,2,6757690255,"윈드러너 키우기"
06:30,3,6772136987,"이것이 삼국지다-1,500뽑기 증정"
06:30,4,6759763476,"Bus Traffic Fever!"
06:30,5,6747957875,"Family Go! - 대를 잇는 인생 시뮬레이션"
06:30,6,6759081967,"Jewel Coloring"
06:30,7,431946152,"로블록스(Roblox)"
06:30,8,6752672568,"Block Out! - Color Sort Puzzle"
06:30,9,6748084174,"Smash Fest!"
06:30,10,6469476819,"데몬 헌터: 방치형 정령 키우기 RPG"
06:30,11,1094591345,"Pokémon GO"
06:30,12,6756185760,"Search It - Hidden Objects"
06:30,13,6761760135,"Meowdoku!"
06:30,14,6741503079,"Pokémon Champions"
06:30,15,6499562253,"드래곤빌리지3"
06:30,16,6756482832,"Brain Puzzle 3: Crazy Mind"
06:30,17,1617391485,"블록 블라스트 (Block Blast)"
06:30,18,6760453970,"나쁜 사랑 - 다크한 남친 컬렉션"
06:30,19,6756989323,"라스트 어사일럼: 페스트"
06:30,20,6471045672,"테이스티 트레블: 합성 게임"
06:30,21,6756641249,"hololive Dreams"
06:30,22,6443575749,"WOS: 화이트아웃 서바이벌"
06:30,23,6756247787,"디지몬 UP"
06:30,24,6747634441,"취준생 키우기 : 취업 시뮬레이션 게임"
06:30,25,6499209744,"마법의 정렬 (Magic Sort!)"
06:30,26,6739554056,"킹샷:Kingshot"
06:30,27,6759914688,"냥찍 히어로즈 : 방치형 RPG"
06:30,28,6748950306,"단어 솔리테어: 카드 퍼즐게임"
06:30,29,6788498566,"Gartic Phone"
06:30,30,6756254027,"부족 또 전쟁 ：무한루프 RPG"
06:30,31,1623318294,"가십하버: 합성 & 스토리 게임"
06:30,32,1366526331,"배틀그라운드"
06:30,33,1015322991,"Rummikub"
06:30,34,930574573,"Sniper 3D: Gun Shooting Games"
06:30,35,1546845921,"멜론 메이커 : 머지"
06:30,36,6748397500,"Arrows – Puzzle Escape"
06:30,37,6780891673,"Royal Smash! - Physics Puzzle"
06:30,38,6764201639,"총잡이 고양이 - 방치형 키우기"
06:30,39,1482155847,"로얄 매치 (Royal Match)"
06:30,40,1344700142,"UNO!™"
06:30,41,6747467952,"라이즈 신 키우기"
06:30,42,6755455500,"할리우드 머지"
06:30,43,6737874398,"Merge Fashion: Romance Story"
06:30,44,1558248707,"Goose Goose Duck"
06:30,45,6752886832,"호텔 레거시"
06:30,46,1193508329,"스도쿠 - 클래식 로직 퍼즐 게임"
06:30,47,6760745556,"오늘도 환생 2"
06:30,48,1229016807,"브롤스타즈"
06:30,49,6759585981,"별별 히어로: 영웅 다있소"
06:30,50,6739616715,"메이플 키우기"
06:30,51,6779167923,"Colony Flow!"
06:30,52,6482291732,"운빨존많겜"
06:30,53,848091833,"냥코 대전쟁"
06:30,54,6670789598,"Brain Puzzle: Tricky Quest"
06:30,55,6689516366,"Bus Escape: Traffic Jam"
06:30,56,6749109526,"X 클래시"
06:30,57,6749759672,"산너머 도원마을"
06:30,58,1478371252,"FC 모바일"
06:30,59,1443446174,"매직 타일 3™: 리듬 피아노 게임"
06:30,60,6748289603,"머지여제: 궁중 판타지 스토리 퍼즐"
06:30,61,1597760047,"OneState RP: 온라인 롤플레잉"
06:30,62,1117270703,"eFootball™"
06:30,63,6756288168,"Cookingo: Perfect Meal"
06:30,64,6754098532,"러쉬: 익스트림 (RUSH: Xtreme)"
06:30,65,947742764,"무한의 계단"
06:30,66,6746328263,"Castle Busters"
06:30,67,880047117,"앵그리버드 2 (Angry Birds 2)"
06:30,68,6759546053,"머지냥탐정 : 미스터리 머지"
06:30,69,6758080238,"Tricky Mean2"
06:30,70,6755509102,"단어 연상 - 단어잇기 퍼즐게임"
06:30,71,6739246483,"Hole Em All: Collect Master"
06:30,72,6769314786,"Food Hunt: Pixel Puzzle"
06:30,73,638689075,"꿈의 마을 (Township)"
06:30,74,1389111413,"Hole.io"
06:30,75,6503702666,"협타디: 협동 타워 디펜스"
06:30,76,1466736988,"카트라이더 러쉬플러스"
06:30,77,1458848044,"컴투스프로야구V26"
06:30,78,1579464667,"Pokémon Sleep"
06:30,79,1643509748,"머지 쿠킹 테마 레스토랑（Merge Cooking）"
06:30,80,1351168404,"Among Us!"
06:30,81,1550945606,"사커 슈퍼스타 - 축구"
06:30,82,6775727338,"Metal Slug Rush"
06:30,83,1452992954,"Nonogram.com - 노노그램 숫자퍼즐 게임"
06:30,84,6760822948,"더 코지 플로리스트"
06:30,85,6737022506,"나사 풀기 대작전"
06:30,86,6757844491,"Tricky Story 2: Brain Twist"
06:30,87,6740899070,"플랜티스와 좀비깡패"
06:30,88,1423046460,"Paper.io 2"
06:30,89,6446516059,"캣 히어로 : 방치형 RPG"
06:30,90,6747063674,"Brain Puzzle 2: Logic Twist"
06:30,91,6744975195,"Sled Surfers - 슬로프 어드벤처"
06:30,92,6451279326,"수험생 키우기 : 수능 시뮬레이션 게임"
06:30,93,6448104157,"데이터 필요없는 게임 - 와이파이 필요없는 게임"
06:30,94,1606549505,"로얄 킹덤 (Royal Kingdom)"
06:30,95,512939461,"Subway Surfers"
06:30,96,1645844535,"갓물주 키우기"
06:30,97,6756171201,"컬러스위퍼"
06:30,98,698255242,"Geometry Dash Lite"
06:30,99,6767155768,"현상금 해적단 키우기"
06:30,100,1471486284,"한게임 포커"
06:30,101,553834731,"캔디크러쉬사가"
06:30,102,898986747,"좀비고등학교"
06:30,103,6761100469,"Tricky Puzzle 2: 두뇌 테스트"
06:30,104,6757832779,"3D Colorful Sort™ 마법의 물"
06:30,105,6753645951,"벙커디펜스: 빠른 무한 물량 막기"
06:30,106,6746465127,"세포 특공대 - 전략형 타워 디펜스"
06:30,107,880551258,"컴투스프로야구2026"
06:30,108,1471942989,"한게임 섯다&맞고"
06:30,109,1104692136,"스네이크 아이오 - 재미있는 온라인 뱀 전투 게임"
06:30,110,6742241805,"축구 심판 시뮬레이터 2026(Referee Game)"
06:30,111,1273957743,"EA SPORTS FC Online M"
06:30,112,6740618570,"XP Hero (XP 히어로)"
06:30,113,6755183085,"Yarn Loop: Knit Puzzle"
06:30,114,6479970832,"포켓몬 카드 게임 Pocket"
06:30,115,6767834940,"탑 로드"
06:30,116,329218549,"체스 · 플레이 및 배우기 온라인"
06:30,117,6740966864,"딸깍 다이스"
06:30,118,6751056652,"Pixel Flow!"
06:30,119,6746151928,"두근두근타운"
06:30,120,6740026253,"오피스 퀸 키우기"
06:30,121,6475757306,"Disney Solitaire 디즈니 솔리테어"
06:30,122,870442795,"오목의 달인"
06:30,123,6466620626,"탕후루의 달인 - 두쫀쿠, 급식, 배달 먹방 ASMR"
06:30,124,6503603603,"미스터리 타운: 합성 게임 (Mystery Town)"
06:30,125,1465731199,"2 Player Games : the Challenge"
06:30,126,6758827442,"히간: 이루실"
06:30,127,1635760774,"꿈의 호텔 (My Perfect Hotel)"
06:30,128,1144557284,"텐텐오락실"
06:30,129,1272085326,"3D운전교실"
06:30,130,6740043080,"Screwdom : 나사와 볼트 퍼즐"
06:30,131,6504332779,"Color Block Jam"
06:30,132,6743385713,"털실 마스터 - 마법의 정렬 버스주차퍼즐게임"
06:30,133,1638139403,"블록 크러시 (Block Crush)"
06:30,134,6747492600,"마작 블래스트 (Mahjong Blast)"
06:30,135,6749132002,"빠지냥! (Drop the Cat)"
06:30,136,6766739255,"Rebel Glam：나만의 도파민 룩"
06:30,137,646315802,"모두의마블"
06:30,138,6478472449,"비즈 앤 타운: 회사 경영 시뮬레이션 - 타이쿤 게임"
06:30,139,1566126120,"사과게임 - 화제의 인싸게임"
06:30,140,1480616990,"리그 오브 레전드: 와일드 리프트"
06:30,141,1480616748,"전략적 팀 전투: 리그 오브 레전드 전략 게임"
06:30,142,1562817072,"Mob Control"
06:30,143,1598881852,"프로젝트 세카이 컬러풀 스테이지! feat.하츠네 미쿠"
06:30,144,6743738094,"마이 스티커 룸 (My Sticker Room)"
06:30,145,6689516283,"Perfect Tidy: 완벽한 정리"
06:30,146,1021117809,"주차의 달인 4"
06:30,147,1453720435,"Liar Game"
06:30,148,6767091927,"지그소 드롭: 솔리테어 퍼즐"
06:30,149,1323901884,"쿠킹 매드니스(Cooking Madness)"
06:30,150,6757154335,"Cube Land Puzzle Game"
06:30,151,6759997224,"순찰중! 바로 체포!"
06:30,152,6758072393,"추락한 아름다움: 머지&스토리"
06:30,153,6746246179,"Foodie Sizzle: 미식 시즐"
06:30,154,1509450845,"쿠키런: 킹덤"
06:30,155,6477413486,"Level Devil - NOT A Troll Game"
06:30,156,1089336971,"토킹톰 골드런"
06:30,157,1442749804,"스도쿠 - 클래식 스도쿠"
06:30,158,608808713,"쿠키런"
06:30,159,6736896540,"헬로키티 마이 드림 스토어"
06:30,160,6443755785,"씨사이드 익스케이프: 합성 & 스토리 게임"
06:30,161,6753862216,"푸드스타（Foodstars）: 합쳐서 요리하기"
06:30,162,6761045469,"도깨비 소녀와 함께"
06:30,163,1278869953,"Kick the Buddy: 스트레스 해소 미니게임"
06:30,164,6743102148,"야구 라이징 스타: Baseball Star MVP"
06:30,165,1458568643,"피망 뉴맞고 : 고스톱으로 대한민국 1등"
06:30,166,947258826,"마피아42"
06:30,167,924373886,"길건너 친구들"
06:30,168,6760325543,"ArrowCube - 3DPuzzle"
06:30,169,6740838442,"먼작귀 포켓"
06:30,170,6743368869,"Draft Showdown"
06:30,171,6447053495,"Makeup Beauty - 메이크업 패션게임"
06:30,172,6557072922,"Z Survivor: Backpack Shooter"
06:30,173,6450917563,"피자 레디 (Pizza Ready)"
06:30,174,6761523148,"Flower Forest - 워드 퍼즐"
06:30,175,1133463693,"메이플스토리M"
06:30,176,1229618961,"Rider - 라이더"
06:30,177,6742222069,"Cookingdom - 요리의 나라"
06:30,178,6754668985,"이세카이 게이트 ISEKAI GATE"
06:30,179,1453989822,"Aquapark.io"
06:30,180,6758237144,"Endless Puncher"
06:30,181,1600871388,"Eatventure"
06:30,182,1492451796,"Woodturning 3D"
06:30,183,6760175759,"밤탈출 - 49일"
06:30,184,6451176533,"Dino mutant : T-Rex"
06:30,185,1177590613,"숨바꼭질 온라인 - 실시간 숨바꼭질"
06:30,186,1584459287,"말랑이 온라인 - 말랑이 거래, 게임 만들기"
06:30,187,6755425214,"포켓 정렬 (Pocket Sort): 동전 병합 퍼즐"
06:30,188,6444705312,"비히클 마스터 (Vehicle Masters)"
06:30,189,1486214495,"브레인 테스트 (Brain Test): 까다로운 퍼즐"
06:30,190,6747560860,"Screw Out 3D: Nut Sort Jam"
06:30,191,1047961826,"로데오 스탬피드: 3D 동물 라이더"
06:30,192,6759822089,"오늘의 꽃 : 진짜 꽃을 키우는 게임"
06:30,193,6749919145,"Color Cube Match: 정렬 게임"
06:30,194,1586980403,"Coloring Match"
06:30,195,6744819313,"Satistory: Tidy Up"
06:30,196,6760125313,"희비전 리버스"
06:30,197,6761603258,"Loop Master: 컬러 정렬 퍼즐"
06:30,198,6468921495,"비타 마작(Vita Mahjong)"
06:30,199,6448392144,"케이크 정렬 - 컬러 정렬 및 병합 퍼즐 게임"
06:30,200,1053012308,"클래시 로얄 (Clash Royale)"
07:30,1,6762442041,"열혈강호: 넥스트"
07:30,2,6757690255,"윈드러너 키우기"
07:30,3,6772136987,"이것이 삼국지다-1,500뽑기 증정"
07:30,4,6759763476,"Bus Traffic Fever!"
07:30,5,6747957875,"Family Go! - 대를 잇는 인생 시뮬레이션"
07:30,6,6759081967,"Jewel Coloring"
07:30,7,431946152,"로블록스(Roblox)"
07:30,8,6752672568,"Block Out! - Color Sort Puzzle"
07:30,9,6748084174,"Smash Fest!"
07:30,10,6469476819,"데몬 헌터: 방치형 정령 키우기 RPG"
07:30,11,1094591345,"Pokémon GO"
07:30,12,6756185760,"Search It - Hidden Objects"
07:30,13,6761760135,"Meowdoku!"
07:30,14,6499562253,"드래곤빌리지3"
07:30,15,6741503079,"Pokémon Champions"
07:30,16,6756482832,"Brain Puzzle 3: Crazy Mind"
07:30,17,6760453970,"나쁜 사랑 - 다크한 남친 컬렉션"
07:30,18,1617391485,"블록 블라스트 (Block Blast)"
07:30,19,6756989323,"라스트 어사일럼: 페스트"
07:30,20,6471045672,"테이스티 트레블: 합성 게임"
07:30,21,6756641249,"hololive Dreams"
07:30,22,6443575749,"WOS: 화이트아웃 서바이벌"
07:30,23,6756247787,"디지몬 UP"
07:30,24,6747634441,"취준생 키우기 : 취업 시뮬레이션 게임"
07:30,25,6499209744,"마법의 정렬 (Magic Sort!)"
07:30,26,6739554056,"킹샷:Kingshot"
07:30,27,6748950306,"단어 솔리테어: 카드 퍼즐게임"
07:30,28,6759914688,"냥찍 히어로즈 : 방치형 RPG"
07:30,29,6788498566,"Gartic Phone"
07:30,30,6756254027,"부족 또 전쟁 ：무한루프 RPG"
07:30,31,1366526331,"배틀그라운드"
07:30,32,1623318294,"가십하버: 합성 & 스토리 게임"
07:30,33,1015322991,"Rummikub"
07:30,34,1546845921,"멜론 메이커 : 머지"
07:30,35,6780891673,"Royal Smash! - Physics Puzzle"
07:30,36,930574573,"Sniper 3D: Gun Shooting Games"
07:30,37,6748397500,"Arrows – Puzzle Escape"
07:30,38,6764201639,"총잡이 고양이 - 방치형 키우기"
07:30,39,1344700142,"UNO!™"
07:30,40,6747467952,"라이즈 신 키우기"
07:30,41,1482155847,"로얄 매치 (Royal Match)"
07:30,42,6760745556,"오늘도 환생 2"
07:30,43,6755455500,"할리우드 머지"
07:30,44,6752886832,"호텔 레거시"
07:30,45,6737874398,"Merge Fashion: Romance Story"
07:30,46,1558248707,"Goose Goose Duck"
07:30,47,6759585981,"별별 히어로: 영웅 다있소"
07:30,48,6779167923,"Colony Flow!"
07:30,49,1193508329,"스도쿠 - 클래식 로직 퍼즐 게임"
07:30,50,6739616715,"메이플 키우기"
07:30,51,1229016807,"브롤스타즈"
07:30,52,6482291732,"운빨존많겜"
07:30,53,848091833,"냥코 대전쟁"
07:30,54,6689516366,"Bus Escape: Traffic Jam"
07:30,55,6670789598,"Brain Puzzle: Tricky Quest"
07:30,56,1478371252,"FC 모바일"
07:30,57,6749759672,"산너머 도원마을"
07:30,58,6749109526,"X 클래시"
07:30,59,6748289603,"머지여제: 궁중 판타지 스토리 퍼즐"
07:30,60,1597760047,"OneState RP: 온라인 롤플레잉"
07:30,61,1443446174,"매직 타일 3™: 리듬 피아노 게임"
07:30,62,6756288168,"Cookingo: Perfect Meal"
07:30,63,1117270703,"eFootball™"
07:30,64,6754098532,"러쉬: 익스트림 (RUSH: Xtreme)"
07:30,65,6755509102,"단어 연상 - 단어잇기 퍼즐게임"
07:30,66,947742764,"무한의 계단"
07:30,67,6739246483,"Hole Em All: Collect Master"
07:30,68,6746328263,"Castle Busters"
07:30,69,880047117,"앵그리버드 2 (Angry Birds 2)"
07:30,70,6758080238,"Tricky Mean2"
07:30,71,638689075,"꿈의 마을 (Township)"
07:30,72,6759546053,"머지냥탐정 : 미스터리 머지"
07:30,73,6503702666,"협타디: 협동 타워 디펜스"
07:30,74,6769314786,"Food Hunt: Pixel Puzzle"
07:30,75,1389111413,"Hole.io"
07:30,76,1466736988,"카트라이더 러쉬플러스"
07:30,77,1579464667,"Pokémon Sleep"
07:30,78,1643509748,"머지 쿠킹 테마 레스토랑（Merge Cooking）"
07:30,79,1458848044,"컴투스프로야구V26"
07:30,80,1351168404,"Among Us!"
07:30,81,1550945606,"사커 슈퍼스타 - 축구"
07:30,82,1452992954,"Nonogram.com - 노노그램 숫자퍼즐 게임"
07:30,83,6775727338,"Metal Slug Rush"
07:30,84,6760822948,"더 코지 플로리스트"
07:30,85,6757844491,"Tricky Story 2: Brain Twist"
07:30,86,6737022506,"나사 풀기 대작전"
07:30,87,6446516059,"캣 히어로 : 방치형 RPG"
07:30,88,6747063674,"Brain Puzzle 2: Logic Twist"
07:30,89,6740899070,"플랜티스와 좀비깡패"
07:30,90,1423046460,"Paper.io 2"
07:30,91,6451279326,"수험생 키우기 : 수능 시뮬레이션 게임"
07:30,92,6448104157,"데이터 필요없는 게임 - 와이파이 필요없는 게임"
07:30,93,6744975195,"Sled Surfers - 슬로프 어드벤처"
07:30,94,1606549505,"로얄 킹덤 (Royal Kingdom)"
07:30,95,1645844535,"갓물주 키우기"
07:30,96,512939461,"Subway Surfers"
07:30,97,6756171201,"컬러스위퍼"
07:30,98,1471486284,"한게임 포커"
07:30,99,698255242,"Geometry Dash Lite"
07:30,100,6746465127,"세포 특공대 - 전략형 타워 디펜스"
07:30,101,6767155768,"현상금 해적단 키우기"
07:30,102,898986747,"좀비고등학교"
07:30,103,553834731,"캔디크러쉬사가"
07:30,104,6761100469,"Tricky Puzzle 2: 두뇌 테스트"
07:30,105,6757832779,"3D Colorful Sort™ 마법의 물"
07:30,106,1471942989,"한게임 섯다&맞고"
07:30,107,880551258,"컴투스프로야구2026"
07:30,108,6753645951,"벙커디펜스: 빠른 무한 물량 막기"
07:30,109,6755183085,"Yarn Loop: Knit Puzzle"
07:30,110,6740618570,"XP Hero (XP 히어로)"
07:30,111,1104692136,"스네이크 아이오 - 재미있는 온라인 뱀 전투 게임"
07:30,112,6479970832,"포켓몬 카드 게임 Pocket"
07:30,113,1273957743,"EA SPORTS FC Online M"
07:30,114,6742241805,"축구 심판 시뮬레이터 2026(Referee Game)"
07:30,115,329218549,"체스 · 플레이 및 배우기 온라인"
07:30,116,6767834940,"탑 로드"
07:30,117,6740966864,"딸깍 다이스"
07:30,118,6740026253,"오피스 퀸 키우기"
07:30,119,6751056652,"Pixel Flow!"
07:30,120,6475757306,"Disney Solitaire 디즈니 솔리테어"
07:30,121,6746151928,"두근두근타운"
07:30,122,6503603603,"미스터리 타운: 합성 게임 (Mystery Town)"
07:30,123,870442795,"오목의 달인"
07:30,124,6740043080,"Screwdom : 나사와 볼트 퍼즐"
07:30,125,6466620626,"탕후루의 달인 - 두쫀쿠, 급식, 배달 먹방 ASMR"
07:30,126,6504332779,"Color Block Jam"
07:30,127,1635760774,"꿈의 호텔 (My Perfect Hotel)"
07:30,128,1144557284,"텐텐오락실"
07:30,129,6758827442,"히간: 이루실"
07:30,130,1465731199,"2 Player Games : the Challenge"
07:30,131,1272085326,"3D운전교실"
07:30,132,6743385713,"털실 마스터 - 마법의 정렬 버스주차퍼즐게임"
07:30,133,1638139403,"블록 크러시 (Block Crush)"
07:30,134,6749132002,"빠지냥! (Drop the Cat)"
07:30,135,6747492600,"마작 블래스트 (Mahjong Blast)"
07:30,136,6766739255,"Rebel Glam：나만의 도파민 룩"
07:30,137,646315802,"모두의마블"
07:30,138,6478472449,"비즈 앤 타운: 회사 경영 시뮬레이션 - 타이쿤 게임"
07:30,139,1566126120,"사과게임 - 화제의 인싸게임"
07:30,140,1480616990,"리그 오브 레전드: 와일드 리프트"
07:30,141,1480616748,"전략적 팀 전투: 리그 오브 레전드 전략 게임"
07:30,142,1562817072,"Mob Control"
07:30,143,6743738094,"마이 스티커 룸 (My Sticker Room)"
07:30,144,6689516283,"Perfect Tidy: 완벽한 정리"
07:30,145,1598881852,"프로젝트 세카이 컬러풀 스테이지! feat.하츠네 미쿠"
07:30,146,1453720435,"Liar Game"
07:30,147,6767091927,"지그소 드롭: 솔리테어 퍼즐"
07:30,148,1021117809,"주차의 달인 4"
07:30,149,1323901884,"쿠킹 매드니스(Cooking Madness)"
07:30,150,6757154335,"Cube Land Puzzle Game"
07:30,151,6758072393,"추락한 아름다움: 머지&스토리"
07:30,152,6746246179,"Foodie Sizzle: 미식 시즐"
07:30,153,6759997224,"순찰중! 바로 체포!"
07:30,154,608808713,"쿠키런"
07:30,155,6736896540,"헬로키티 마이 드림 스토어"
07:30,156,1509450845,"쿠키런: 킹덤"
07:30,157,6477413486,"Level Devil - NOT A Troll Game"
07:30,158,1089336971,"토킹톰 골드런"
07:30,159,6443755785,"씨사이드 익스케이프: 합성 & 스토리 게임"
07:30,160,1442749804,"스도쿠 - 클래식 스도쿠"
07:30,161,6753862216,"푸드스타（Foodstars）: 합쳐서 요리하기"
07:30,162,6761045469,"도깨비 소녀와 함께"
07:30,163,1278869953,"Kick the Buddy: 스트레스 해소 미니게임"
07:30,164,947258826,"마피아42"
07:30,165,6743102148,"야구 라이징 스타: Baseball Star MVP"
07:30,166,1458568643,"피망 뉴맞고 : 고스톱으로 대한민국 1등"
07:30,167,6760325543,"ArrowCube - 3DPuzzle"
07:30,168,6450917563,"피자 레디 (Pizza Ready)"
07:30,169,6761523148,"Flower Forest - 워드 퍼즐"
07:30,170,924373886,"길건너 친구들"
07:30,171,6743368869,"Draft Showdown"
07:30,172,6740838442,"먼작귀 포켓"
07:30,173,1133463693,"메이플스토리M"
07:30,174,6742222069,"Cookingdom - 요리의 나라"
07:30,175,1229618961,"Rider - 라이더"
07:30,176,6447053495,"Makeup Beauty - 메이크업 패션게임"
07:30,177,6557072922,"Z Survivor: Backpack Shooter"
07:30,178,6754668985,"이세카이 게이트 ISEKAI GATE"
07:30,179,1600871388,"Eatventure"
07:30,180,6755425214,"포켓 정렬 (Pocket Sort): 동전 병합 퍼즐"
07:30,181,1453989822,"Aquapark.io"
07:30,182,1492451796,"Woodturning 3D"
07:30,183,6758237144,"Endless Puncher"
07:30,184,6760175759,"밤탈출 - 49일"
07:30,185,6451176533,"Dino mutant : T-Rex"
07:30,186,1177590613,"숨바꼭질 온라인 - 실시간 숨바꼭질"
07:30,187,1584459287,"말랑이 온라인 - 말랑이 거래, 게임 만들기"
07:30,188,6749919145,"Color Cube Match: 정렬 게임"
07:30,189,6759822089,"오늘의 꽃 : 진짜 꽃을 키우는 게임"
07:30,190,1486214495,"브레인 테스트 (Brain Test): 까다로운 퍼즐"
07:30,191,6444705312,"비히클 마스터 (Vehicle Masters)"
07:30,192,6747560860,"Screw Out 3D: Nut Sort Jam"
07:30,193,1047961826,"로데오 스탬피드: 3D 동물 라이더"
07:30,194,6744819313,"Satistory: Tidy Up"
07:30,195,1586980403,"Coloring Match"
07:30,196,6448392144,"케이크 정렬 - 컬러 정렬 및 병합 퍼즐 게임"
07:30,197,6761603258,"Loop Master: 컬러 정렬 퍼즐"
07:30,198,1053012308,"클래시 로얄 (Clash Royale)"
07:30,199,6760125313,"희비전 리버스"
07:30,200,6468921495,"비타 마작(Vita Mahjong)"
08:30,1,6762442041,"열혈강호: 넥스트"
08:30,2,6757690255,"윈드러너 키우기"
08:30,3,6772136987,"이것이 삼국지다-1,500뽑기 증정"
08:30,4,6759763476,"Bus Traffic Fever!"
08:30,5,6747957875,"Family Go! - 대를 잇는 인생 시뮬레이션"
08:30,6,6759081967,"Jewel Coloring"
08:30,7,431946152,"로블록스(Roblox)"
08:30,8,6752672568,"Block Out! - Color Sort Puzzle"
08:30,9,6748084174,"Smash Fest!"
08:30,10,6469476819,"데몬 헌터: 방치형 정령 키우기 RPG"
08:30,11,1094591345,"Pokémon GO"
08:30,12,6756185760,"Search It - Hidden Objects"
08:30,13,6761760135,"Meowdoku!"
08:30,14,6499562253,"드래곤빌리지3"
08:30,15,6741503079,"Pokémon Champions"
08:30,16,6756482832,"Brain Puzzle 3: Crazy Mind"
08:30,17,6760453970,"나쁜 사랑 - 다크한 남친 컬렉션"
08:30,18,1617391485,"블록 블라스트 (Block Blast)"
08:30,19,6756989323,"라스트 어사일럼: 페스트"
08:30,20,6471045672,"테이스티 트레블: 합성 게임"
08:30,21,6756641249,"hololive Dreams"
08:30,22,6443575749,"WOS: 화이트아웃 서바이벌"
08:30,23,6756247787,"디지몬 UP"
08:30,24,6747634441,"취준생 키우기 : 취업 시뮬레이션 게임"
08:30,25,6499209744,"마법의 정렬 (Magic Sort!)"
08:30,26,6739554056,"킹샷:Kingshot"
08:30,27,6748950306,"단어 솔리테어: 카드 퍼즐게임"
08:30,28,6759914688,"냥찍 히어로즈 : 방치형 RPG"
08:30,29,6788498566,"Gartic Phone"
08:30,30,6756254027,"부족 또 전쟁 ：무한루프 RPG"
08:30,31,1366526331,"배틀그라운드"
08:30,32,1623318294,"가십하버: 합성 & 스토리 게임"
08:30,33,1015322991,"Rummikub"
08:30,34,1546845921,"멜론 메이커 : 머지"
08:30,35,6780891673,"Royal Smash! - Physics Puzzle"
08:30,36,930574573,"Sniper 3D: Gun Shooting Games"
08:30,37,6748397500,"Arrows – Puzzle Escape"
08:30,38,6764201639,"총잡이 고양이 - 방치형 키우기"
08:30,39,1344700142,"UNO!™"
08:30,40,6747467952,"라이즈 신 키우기"
08:30,41,1482155847,"로얄 매치 (Royal Match)"
08:30,42,6760745556,"오늘도 환생 2"
08:30,43,6755455500,"할리우드 머지"
08:30,44,6752886832,"호텔 레거시"
08:30,45,6737874398,"Merge Fashion: Romance Story"
08:30,46,1558248707,"Goose Goose Duck"
08:30,47,6759585981,"별별 히어로: 영웅 다있소"
08:30,48,6779167923,"Colony Flow!"
08:30,49,1193508329,"스도쿠 - 클래식 로직 퍼즐 게임"
08:30,50,6739616715,"메이플 키우기"
08:30,51,1229016807,"브롤스타즈"
08:30,52,6482291732,"운빨존많겜"
08:30,53,848091833,"냥코 대전쟁"
08:30,54,6689516366,"Bus Escape: Traffic Jam"
08:30,55,6670789598,"Brain Puzzle: Tricky Quest"
08:30,56,1478371252,"FC 모바일"
08:30,57,6749759672,"산너머 도원마을"
08:30,58,6749109526,"X 클래시"
08:30,59,6748289603,"머지여제: 궁중 판타지 스토리 퍼즐"
08:30,60,1597760047,"OneState RP: 온라인 롤플레잉"
08:30,61,1443446174,"매직 타일 3™: 리듬 피아노 게임"
08:30,62,6756288168,"Cookingo: Perfect Meal"
08:30,63,1117270703,"eFootball™"
08:30,64,6754098532,"러쉬: 익스트림 (RUSH: Xtreme)"
08:30,65,6755509102,"단어 연상 - 단어잇기 퍼즐게임"
08:30,66,947742764,"무한의 계단"
08:30,67,6739246483,"Hole Em All: Collect Master"
08:30,68,6746328263,"Castle Busters"
08:30,69,880047117,"앵그리버드 2 (Angry Birds 2)"
08:30,70,6758080238,"Tricky Mean2"
08:30,71,638689075,"꿈의 마을 (Township)"
08:30,72,6759546053,"머지냥탐정 : 미스터리 머지"
08:30,73,6503702666,"협타디: 협동 타워 디펜스"
08:30,74,6769314786,"Food Hunt: Pixel Puzzle"
08:30,75,1389111413,"Hole.io"
08:30,76,1466736988,"카트라이더 러쉬플러스"
08:30,77,1579464667,"Pokémon Sleep"
08:30,78,1643509748,"머지 쿠킹 테마 레스토랑（Merge Cooking）"
08:30,79,1458848044,"컴투스프로야구V26"
08:30,80,1351168404,"Among Us!"
08:30,81,1550945606,"사커 슈퍼스타 - 축구"
08:30,82,1452992954,"Nonogram.com - 노노그램 숫자퍼즐 게임"
08:30,83,6775727338,"Metal Slug Rush"
08:30,84,6760822948,"더 코지 플로리스트"
08:30,85,6757844491,"Tricky Story 2: Brain Twist"
08:30,86,6737022506,"나사 풀기 대작전"
08:30,87,6446516059,"캣 히어로 : 방치형 RPG"
08:30,88,6747063674,"Brain Puzzle 2: Logic Twist"
08:30,89,6740899070,"플랜티스와 좀비깡패"
08:30,90,1423046460,"Paper.io 2"
08:30,91,6451279326,"수험생 키우기 : 수능 시뮬레이션 게임"
08:30,92,6448104157,"데이터 필요없는 게임 - 와이파이 필요없는 게임"
08:30,93,6744975195,"Sled Surfers - 슬로프 어드벤처"
08:30,94,1606549505,"로얄 킹덤 (Royal Kingdom)"
08:30,95,1645844535,"갓물주 키우기"
08:30,96,512939461,"Subway Surfers"
08:30,97,6756171201,"컬러스위퍼"
08:30,98,1471486284,"한게임 포커"
08:30,99,698255242,"Geometry Dash Lite"
08:30,100,6746465127,"세포 특공대 - 전략형 타워 디펜스"
08:30,101,6767155768,"현상금 해적단 키우기"
08:30,102,898986747,"좀비고등학교"
08:30,103,553834731,"캔디크러쉬사가"
08:30,104,6761100469,"Tricky Puzzle 2: 두뇌 테스트"
08:30,105,6757832779,"3D Colorful Sort™ 마법의 물"
08:30,106,1471942989,"한게임 섯다&맞고"
08:30,107,880551258,"컴투스프로야구2026"
08:30,108,6753645951,"벙커디펜스: 빠른 무한 물량 막기"
08:30,109,6755183085,"Yarn Loop: Knit Puzzle"
08:30,110,6740618570,"XP Hero (XP 히어로)"
08:30,111,1104692136,"스네이크 아이오 - 재미있는 온라인 뱀 전투 게임"
08:30,112,6479970832,"포켓몬 카드 게임 Pocket"
08:30,113,1273957743,"EA SPORTS FC Online M"
08:30,114,6742241805,"축구 심판 시뮬레이터 2026(Referee Game)"
08:30,115,329218549,"체스 · 플레이 및 배우기 온라인"
08:30,116,6767834940,"탑 로드"
08:30,117,6740966864,"딸깍 다이스"
08:30,118,6740026253,"오피스 퀸 키우기"
08:30,119,6751056652,"Pixel Flow!"
08:30,120,6475757306,"Disney Solitaire 디즈니 솔리테어"
08:30,121,6746151928,"두근두근타운"
08:30,122,6503603603,"미스터리 타운: 합성 게임 (Mystery Town)"
08:30,123,870442795,"오목의 달인"
08:30,124,6740043080,"Screwdom : 나사와 볼트 퍼즐"
08:30,125,6466620626,"탕후루의 달인 - 두쫀쿠, 급식, 배달 먹방 ASMR"
08:30,126,6504332779,"Color Block Jam"
08:30,127,1635760774,"꿈의 호텔 (My Perfect Hotel)"
08:30,128,1144557284,"텐텐오락실"
08:30,129,6758827442,"히간: 이루실"
08:30,130,1465731199,"2 Player Games : the Challenge"
08:30,131,1272085326,"3D운전교실"
08:30,132,6743385713,"털실 마스터 - 마법의 정렬 버스주차퍼즐게임"
08:30,133,1638139403,"블록 크러시 (Block Crush)"
08:30,134,6749132002,"빠지냥! (Drop the Cat)"
08:30,135,6747492600,"마작 블래스트 (Mahjong Blast)"
08:30,136,6766739255,"Rebel Glam：나만의 도파민 룩"
08:30,137,646315802,"모두의마블"
08:30,138,6478472449,"비즈 앤 타운: 회사 경영 시뮬레이션 - 타이쿤 게임"
08:30,139,1566126120,"사과게임 - 화제의 인싸게임"
08:30,140,1480616990,"리그 오브 레전드: 와일드 리프트"
08:30,141,1480616748,"전략적 팀 전투: 리그 오브 레전드 전략 게임"
08:30,142,1562817072,"Mob Control"
08:30,143,6743738094,"마이 스티커 룸 (My Sticker Room)"
08:30,144,6689516283,"Perfect Tidy: 완벽한 정리"
08:30,145,1598881852,"프로젝트 세카이 컬러풀 스테이지! feat.하츠네 미쿠"
08:30,146,1453720435,"Liar Game"
08:30,147,6767091927,"지그소 드롭: 솔리테어 퍼즐"
08:30,148,1021117809,"주차의 달인 4"
08:30,149,1323901884,"쿠킹 매드니스(Cooking Madness)"
08:30,150,6757154335,"Cube Land Puzzle Game"
08:30,151,6758072393,"추락한 아름다움: 머지&스토리"
08:30,152,6746246179,"Foodie Sizzle: 미식 시즐"
08:30,153,6759997224,"순찰중! 바로 체포!"
08:30,154,608808713,"쿠키런"
08:30,155,6736896540,"헬로키티 마이 드림 스토어"
08:30,156,1509450845,"쿠키런: 킹덤"
08:30,157,6477413486,"Level Devil - NOT A Troll Game"
08:30,158,1089336971,"토킹톰 골드런"
08:30,159,6443755785,"씨사이드 익스케이프: 합성 & 스토리 게임"
08:30,160,1442749804,"스도쿠 - 클래식 스도쿠"
08:30,161,6753862216,"푸드스타（Foodstars）: 합쳐서 요리하기"
08:30,162,6761045469,"도깨비 소녀와 함께"
08:30,163,1278869953,"Kick the Buddy: 스트레스 해소 미니게임"
08:30,164,947258826,"마피아42"
08:30,165,6743102148,"야구 라이징 스타: Baseball Star MVP"
08:30,166,1458568643,"피망 뉴맞고 : 고스톱으로 대한민국 1등"
08:30,167,6760325543,"ArrowCube - 3DPuzzle"
08:30,168,6450917563,"피자 레디 (Pizza Ready)"
08:30,169,6761523148,"Flower Forest - 워드 퍼즐"
08:30,170,924373886,"길건너 친구들"
08:30,171,6743368869,"Draft Showdown"
08:30,172,6740838442,"먼작귀 포켓"
08:30,173,1133463693,"메이플스토리M"
08:30,174,6742222069,"Cookingdom - 요리의 나라"
08:30,175,1229618961,"Rider - 라이더"
08:30,176,6447053495,"Makeup Beauty - 메이크업 패션게임"
08:30,177,6557072922,"Z Survivor: Backpack Shooter"
08:30,178,6754668985,"이세카이 게이트 ISEKAI GATE"
08:30,179,1600871388,"Eatventure"
08:30,180,6755425214,"포켓 정렬 (Pocket Sort): 동전 병합 퍼즐"
08:30,181,1453989822,"Aquapark.io"
08:30,182,1492451796,"Woodturning 3D"
08:30,183,6758237144,"Endless Puncher"
08:30,184,6760175759,"밤탈출 - 49일"
08:30,185,6451176533,"Dino mutant : T-Rex"
08:30,186,1177590613,"숨바꼭질 온라인 - 실시간 숨바꼭질"
08:30,187,1584459287,"말랑이 온라인 - 말랑이 거래, 게임 만들기"
08:30,188,6749919145,"Color Cube Match: 정렬 게임"
08:30,189,6759822089,"오늘의 꽃 : 진짜 꽃을 키우는 게임"
08:30,190,1486214495,"브레인 테스트 (Brain Test): 까다로운 퍼즐"
08:30,191,6444705312,"비히클 마스터 (Vehicle Masters)"
08:30,192,6747560860,"Screw Out 3D: Nut Sort Jam"
08:30,193,1047961826,"로데오 스탬피드: 3D 동물 라이더"
08:30,194,6744819313,"Satistory: Tidy Up"
08:30,195,1586980403,"Coloring Match"
08:30,196,6448392144,"케이크 정렬 - 컬러 정렬 및 병합 퍼즐 게임"
08:30,197,6761603258,"Loop Master: 컬러 정렬 퍼즐"
08:30,198,1053012308,"클래시 로얄 (Clash Royale)"
08:30,199,6760125313,"희비전 리버스"
08:30,200,6468921495,"비타 마작(Vita Mahjong)"
10:00,1,6762442041,"열혈강호: 넥스트"
10:00,2,6757690255,"윈드러너 키우기"
10:00,3,6772136987,"이것이 삼국지다-1,500뽑기 증정"
10:00,4,6759763476,"Bus Traffic Fever!"
10:00,5,6747957875,"Family Go! - 대를 잇는 인생 시뮬레이션"
10:00,6,6759081967,"Jewel Coloring"
10:00,7,431946152,"로블록스(Roblox)"
10:00,8,6752672568,"Block Out! - Color Sort Puzzle"
10:00,9,6748084174,"Smash Fest!"
10:00,10,6469476819,"데몬 헌터: 방치형 정령 키우기 RPG"
10:00,11,1094591345,"Pokémon GO"
10:00,12,6756185760,"Search It - Hidden Objects"
10:00,13,6761760135,"Meowdoku!"
10:00,14,6499562253,"드래곤빌리지3"
10:00,15,6741503079,"Pokémon Champions"
10:00,16,6756482832,"Brain Puzzle 3: Crazy Mind"
10:00,17,6760453970,"나쁜 사랑 - 다크한 남친 컬렉션"
10:00,18,1617391485,"블록 블라스트 (Block Blast)"
10:00,19,6756989323,"라스트 어사일럼: 페스트"
10:00,20,6471045672,"테이스티 트레블: 합성 게임"
10:00,21,6756641249,"hololive Dreams"
10:00,22,6443575749,"WOS: 화이트아웃 서바이벌"
10:00,23,6756247787,"디지몬 UP"
10:00,24,6747634441,"취준생 키우기 : 취업 시뮬레이션 게임"
10:00,25,6499209744,"마법의 정렬 (Magic Sort!)"
10:00,26,6739554056,"킹샷:Kingshot"
10:00,27,6748950306,"단어 솔리테어: 카드 퍼즐게임"
10:00,28,6759914688,"냥찍 히어로즈 : 방치형 RPG"
10:00,29,6788498566,"Gartic Phone"
10:00,30,6756254027,"부족 또 전쟁 ：무한루프 RPG"
10:00,31,1366526331,"배틀그라운드"
10:00,32,1623318294,"가십하버: 합성 & 스토리 게임"
10:00,33,1015322991,"Rummikub"
10:00,34,1546845921,"멜론 메이커 : 머지"
10:00,35,6780891673,"Royal Smash! - Physics Puzzle"
10:00,36,930574573,"Sniper 3D: Gun Shooting Games"
10:00,37,6748397500,"Arrows – Puzzle Escape"
10:00,38,6764201639,"총잡이 고양이 - 방치형 키우기"
10:00,39,1344700142,"UNO!™"
10:00,40,6747467952,"라이즈 신 키우기"
10:00,41,1482155847,"로얄 매치 (Royal Match)"
10:00,42,6760745556,"오늘도 환생 2"
10:00,43,6755455500,"할리우드 머지"
10:00,44,6752886832,"호텔 레거시"
10:00,45,6737874398,"Merge Fashion: Romance Story"
10:00,46,1558248707,"Goose Goose Duck"
10:00,47,6759585981,"별별 히어로: 영웅 다있소"
10:00,48,6779167923,"Colony Flow!"
10:00,49,1193508329,"스도쿠 - 클래식 로직 퍼즐 게임"
10:00,50,6739616715,"메이플 키우기"
10:00,51,1229016807,"브롤스타즈"
10:00,52,6482291732,"운빨존많겜"
10:00,53,848091833,"냥코 대전쟁"
10:00,54,6689516366,"Bus Escape: Traffic Jam"
10:00,55,6670789598,"Brain Puzzle: Tricky Quest"
10:00,56,1478371252,"FC 모바일"
10:00,57,6749759672,"산너머 도원마을"
10:00,58,6749109526,"X 클래시"
10:00,59,6748289603,"머지여제: 궁중 판타지 스토리 퍼즐"
10:00,60,1597760047,"OneState RP: 온라인 롤플레잉"
10:00,61,1443446174,"매직 타일 3™: 리듬 피아노 게임"
10:00,62,6756288168,"Cookingo: Perfect Meal"
10:00,63,1117270703,"eFootball™"
10:00,64,6754098532,"러쉬: 익스트림 (RUSH: Xtreme)"
10:00,65,6755509102,"단어 연상 - 단어잇기 퍼즐게임"
10:00,66,947742764,"무한의 계단"
10:00,67,6739246483,"Hole Em All: Collect Master"
10:00,68,6746328263,"Castle Busters"
10:00,69,880047117,"앵그리버드 2 (Angry Birds 2)"
10:00,70,6758080238,"Tricky Mean2"
10:00,71,638689075,"꿈의 마을 (Township)"
10:00,72,6759546053,"머지냥탐정 : 미스터리 머지"
10:00,73,6503702666,"협타디: 협동 타워 디펜스"
10:00,74,6769314786,"Food Hunt: Pixel Puzzle"
10:00,75,1389111413,"Hole.io"
10:00,76,1466736988,"카트라이더 러쉬플러스"
10:00,77,1579464667,"Pokémon Sleep"
10:00,78,1643509748,"머지 쿠킹 테마 레스토랑（Merge Cooking）"
10:00,79,1458848044,"컴투스프로야구V26"
10:00,80,1351168404,"Among Us!"
10:00,81,1550945606,"사커 슈퍼스타 - 축구"
10:00,82,1452992954,"Nonogram.com - 노노그램 숫자퍼즐 게임"
10:00,83,6775727338,"Metal Slug Rush"
10:00,84,6760822948,"더 코지 플로리스트"
10:00,85,6757844491,"Tricky Story 2: Brain Twist"
10:00,86,6737022506,"나사 풀기 대작전"
10:00,87,6446516059,"캣 히어로 : 방치형 RPG"
10:00,88,6747063674,"Brain Puzzle 2: Logic Twist"
10:00,89,6740899070,"플랜티스와 좀비깡패"
10:00,90,1423046460,"Paper.io 2"
10:00,91,6451279326,"수험생 키우기 : 수능 시뮬레이션 게임"
10:00,92,6448104157,"데이터 필요없는 게임 - 와이파이 필요없는 게임"
10:00,93,6744975195,"Sled Surfers - 슬로프 어드벤처"
10:00,94,1606549505,"로얄 킹덤 (Royal Kingdom)"
10:00,95,1645844535,"갓물주 키우기"
10:00,96,512939461,"Subway Surfers"
10:00,97,6756171201,"컬러스위퍼"
10:00,98,1471486284,"한게임 포커"
10:00,99,698255242,"Geometry Dash Lite"
10:00,100,6746465127,"세포 특공대 - 전략형 타워 디펜스"
10:00,101,6767155768,"현상금 해적단 키우기"
10:00,102,898986747,"좀비고등학교"
10:00,103,553834731,"캔디크러쉬사가"
10:00,104,6761100469,"Tricky Puzzle 2: 두뇌 테스트"
10:00,105,6757832779,"3D Colorful Sort™ 마법의 물"
10:00,106,1471942989,"한게임 섯다&맞고"
10:00,107,880551258,"컴투스프로야구2026"
10:00,108,6753645951,"벙커디펜스: 빠른 무한 물량 막기"
10:00,109,6755183085,"Yarn Loop: Knit Puzzle"
10:00,110,6740618570,"XP Hero (XP 히어로)"
10:00,111,1104692136,"스네이크 아이오 - 재미있는 온라인 뱀 전투 게임"
10:00,112,6479970832,"포켓몬 카드 게임 Pocket"
10:00,113,1273957743,"EA SPORTS FC Online M"
10:00,114,6742241805,"축구 심판 시뮬레이터 2026(Referee Game)"
10:00,115,329218549,"체스 · 플레이 및 배우기 온라인"
10:00,116,6767834940,"탑 로드"
10:00,117,6740966864,"딸깍 다이스"
10:00,118,6740026253,"오피스 퀸 키우기"
10:00,119,6751056652,"Pixel Flow!"
10:00,120,6475757306,"Disney Solitaire 디즈니 솔리테어"
10:00,121,6746151928,"두근두근타운"
10:00,122,6503603603,"미스터리 타운: 합성 게임 (Mystery Town)"
10:00,123,870442795,"오목의 달인"
10:00,124,6740043080,"Screwdom : 나사와 볼트 퍼즐"
10:00,125,6466620626,"탕후루의 달인 - 두쫀쿠, 급식, 배달 먹방 ASMR"
10:00,126,6504332779,"Color Block Jam"
10:00,127,1635760774,"꿈의 호텔 (My Perfect Hotel)"
10:00,128,1144557284,"텐텐오락실"
10:00,129,6758827442,"히간: 이루실"
10:00,130,1465731199,"2 Player Games : the Challenge"
10:00,131,1272085326,"3D운전교실"
10:00,132,6743385713,"털실 마스터 - 마법의 정렬 버스주차퍼즐게임"
10:00,133,1638139403,"블록 크러시 (Block Crush)"
10:00,134,6749132002,"빠지냥! (Drop the Cat)"
10:00,135,6747492600,"마작 블래스트 (Mahjong Blast)"
10:00,136,6766739255,"Rebel Glam：나만의 도파민 룩"
10:00,137,646315802,"모두의마블"
10:00,138,6478472449,"비즈 앤 타운: 회사 경영 시뮬레이션 - 타이쿤 게임"
10:00,139,1566126120,"사과게임 - 화제의 인싸게임"
10:00,140,1480616990,"리그 오브 레전드: 와일드 리프트"
10:00,141,1480616748,"전략적 팀 전투: 리그 오브 레전드 전략 게임"
10:00,142,1562817072,"Mob Control"
10:00,143,6743738094,"마이 스티커 룸 (My Sticker Room)"
10:00,144,6689516283,"Perfect Tidy: 완벽한 정리"
10:00,145,1598881852,"프로젝트 세카이 컬러풀 스테이지! feat.하츠네 미쿠"
10:00,146,1453720435,"Liar Game"
10:00,147,6767091927,"지그소 드롭: 솔리테어 퍼즐"
10:00,148,1021117809,"주차의 달인 4"
10:00,149,1323901884,"쿠킹 매드니스(Cooking Madness)"
10:00,150,6757154335,"Cube Land Puzzle Game"
10:00,151,6758072393,"추락한 아름다움: 머지&스토리"
10:00,152,6746246179,"Foodie Sizzle: 미식 시즐"
10:00,153,6759997224,"순찰중! 바로 체포!"
10:00,154,608808713,"쿠키런"
10:00,155,6736896540,"헬로키티 마이 드림 스토어"
10:00,156,1509450845,"쿠키런: 킹덤"
10:00,157,6477413486,"Level Devil - NOT A Troll Game"
10:00,158,1089336971,"토킹톰 골드런"
10:00,159,6443755785,"씨사이드 익스케이프: 합성 & 스토리 게임"
10:00,160,1442749804,"스도쿠 - 클래식 스도쿠"
10:00,161,6753862216,"푸드스타（Foodstars）: 합쳐서 요리하기"
10:00,162,6761045469,"도깨비 소녀와 함께"
10:00,163,1278869953,"Kick the Buddy: 스트레스 해소 미니게임"
10:00,164,947258826,"마피아42"
10:00,165,6743102148,"야구 라이징 스타: Baseball Star MVP"
10:00,166,1458568643,"피망 뉴맞고 : 고스톱으로 대한민국 1등"
10:00,167,6760325543,"ArrowCube - 3DPuzzle"
10:00,168,6450917563,"피자 레디 (Pizza Ready)"
10:00,169,6761523148,"Flower Forest - 워드 퍼즐"
10:00,170,924373886,"길건너 친구들"
10:00,171,6743368869,"Draft Showdown"
10:00,172,6740838442,"먼작귀 포켓"
10:00,173,1133463693,"메이플스토리M"
10:00,174,6742222069,"Cookingdom - 요리의 나라"
10:00,175,1229618961,"Rider - 라이더"
10:00,176,6447053495,"Makeup Beauty - 메이크업 패션게임"
10:00,177,6557072922,"Z Survivor: Backpack Shooter"
10:00,178,6754668985,"이세카이 게이트 ISEKAI GATE"
10:00,179,1600871388,"Eatventure"
10:00,180,6755425214,"포켓 정렬 (Pocket Sort): 동전 병합 퍼즐"
10:00,181,1453989822,"Aquapark.io"
10:00,182,1492451796,"Woodturning 3D"
10:00,183,6758237144,"Endless Puncher"
10:00,184,6760175759,"밤탈출 - 49일"
10:00,185,6451176533,"Dino mutant : T-Rex"
10:00,186,1177590613,"숨바꼭질 온라인 - 실시간 숨바꼭질"
10:00,187,1584459287,"말랑이 온라인 - 말랑이 거래, 게임 만들기"
10:00,188,6749919145,"Color Cube Match: 정렬 게임"
10:00,189,6759822089,"오늘의 꽃 : 진짜 꽃을 키우는 게임"
10:00,190,1486214495,"브레인 테스트 (Brain Test): 까다로운 퍼즐"
10:00,191,6444705312,"비히클 마스터 (Vehicle Masters)"
10:00,192,6747560860,"Screw Out 3D: Nut Sort Jam"
10:00,193,1047961826,"로데오 스탬피드: 3D 동물 라이더"
10:00,194,6744819313,"Satistory: Tidy Up"
10:00,195,1586980403,"Coloring Match"
10:00,196,6448392144,"케이크 정렬 - 컬러 정렬 및 병합 퍼즐 게임"
10:00,197,6761603258,"Loop Master: 컬러 정렬 퍼즐"
10:00,198,1053012308,"클래시 로얄 (Clash Royale)"
10:00,199,6760125313,"희비전 리버스"
10:00,200,6468921495,"비타 마작(Vita Mahjong)"
13:30,1,6762442041,"열혈강호: 넥스트"
13:30,2,6757690255,"윈드러너 키우기"
13:30,3,6772136987,"이것이 삼국지다-1,500뽑기 증정"
13:30,4,6759763476,"Bus Traffic Fever!"
13:30,5,6747957875,"Family Go! - 대를 잇는 인생 시뮬레이션"
13:30,6,6759081967,"Jewel Coloring"
13:30,7,431946152,"로블록스(Roblox)"
13:30,8,6752672568,"Block Out! - Color Sort Puzzle"
13:30,9,6748084174,"Smash Fest!"
13:30,10,1094591345,"Pokémon GO"
13:30,11,6469476819,"데몬 헌터: 방치형 정령 키우기 RPG"
13:30,12,6756185760,"Search It - Hidden Objects"
13:30,13,6761760135,"Meowdoku!"
13:30,14,6499562253,"드래곤빌리지3"
13:30,15,6741503079,"Pokémon Champions"
13:30,16,6756482832,"Brain Puzzle 3: Crazy Mind"
13:30,17,1617391485,"블록 블라스트 (Block Blast)"
13:30,18,6756989323,"라스트 어사일럼: 페스트"
13:30,19,6760453970,"나쁜 사랑 - 다크한 남친 컬렉션"
13:30,20,6471045672,"테이스티 트레블: 합성 게임"
13:30,21,6756641249,"hololive Dreams"
13:30,22,6443575749,"WOS: 화이트아웃 서바이벌"
13:30,23,6756247787,"디지몬 UP"
13:30,24,6747634441,"취준생 키우기 : 취업 시뮬레이션 게임"
13:30,25,6499209744,"마법의 정렬 (Magic Sort!)"
13:30,26,6739554056,"킹샷:Kingshot"
13:30,27,6759914688,"냥찍 히어로즈 : 방치형 RPG"
13:30,28,6748950306,"단어 솔리테어: 카드 퍼즐게임"
13:30,29,6756254027,"부족 또 전쟁 ：무한루프 RPG"
13:30,30,6788498566,"Gartic Phone"
13:30,31,1366526331,"배틀그라운드"
13:30,32,1623318294,"가십하버: 합성 & 스토리 게임"
13:30,33,1546845921,"멜론 메이커 : 머지"
13:30,34,1015322991,"Rummikub"
13:30,35,6780891673,"Royal Smash! - Physics Puzzle"
13:30,36,6748397500,"Arrows – Puzzle Escape"
13:30,37,930574573,"Sniper 3D: Gun Shooting Games"
13:30,38,6764201639,"총잡이 고양이 - 방치형 키우기"
13:30,39,6747467952,"라이즈 신 키우기"
13:30,40,1344700142,"UNO!™"
13:30,41,1482155847,"로얄 매치 (Royal Match)"
13:30,42,6760745556,"오늘도 환생 2"
13:30,43,6752886832,"호텔 레거시"
13:30,44,6755455500,"할리우드 머지"
13:30,45,6759585981,"별별 히어로: 영웅 다있소"
13:30,46,6779167923,"Colony Flow!"
13:30,47,6737874398,"Merge Fashion: Romance Story"
13:30,48,1558248707,"Goose Goose Duck"
13:30,49,6739616715,"메이플 키우기"
13:30,50,1193508329,"스도쿠 - 클래식 로직 퍼즐 게임"
13:30,51,1229016807,"브롤스타즈"
13:30,52,6482291732,"운빨존많겜"
13:30,53,848091833,"냥코 대전쟁"
13:30,54,6689516366,"Bus Escape: Traffic Jam"
13:30,55,1597760047,"OneState RP: 온라인 롤플레잉"
13:30,56,6670789598,"Brain Puzzle: Tricky Quest"
13:30,57,6748289603,"머지여제: 궁중 판타지 스토리 퍼즐"
13:30,58,6749759672,"산너머 도원마을"
13:30,59,1478371252,"FC 모바일"
13:30,60,6749109526,"X 클래시"
13:30,61,1443446174,"매직 타일 3™: 리듬 피아노 게임"
13:30,62,6756288168,"Cookingo: Perfect Meal"
13:30,63,1117270703,"eFootball™"
13:30,64,6754098532,"러쉬: 익스트림 (RUSH: Xtreme)"
13:30,65,6755509102,"단어 연상 - 단어잇기 퍼즐게임"
13:30,66,947742764,"무한의 계단"
13:30,67,6769314786,"Food Hunt: Pixel Puzzle"
13:30,68,6746328263,"Castle Busters"
13:30,69,880047117,"앵그리버드 2 (Angry Birds 2)"
13:30,70,638689075,"꿈의 마을 (Township)"
13:30,71,6739246483,"Hole Em All: Collect Master"
13:30,72,6759546053,"머지냥탐정 : 미스터리 머지"
13:30,73,6503702666,"협타디: 협동 타워 디펜스"
13:30,74,6758080238,"Tricky Mean2"
13:30,75,1389111413,"Hole.io"
13:30,76,1643509748,"머지 쿠킹 테마 레스토랑（Merge Cooking）"
13:30,77,1466736988,"카트라이더 러쉬플러스"
13:30,78,1579464667,"Pokémon Sleep"
13:30,79,1458848044,"컴투스프로야구V26"
13:30,80,6760822948,"더 코지 플로리스트"
13:30,81,1550945606,"사커 슈퍼스타 - 축구"
13:30,82,1351168404,"Among Us!"
13:30,83,6775727338,"Metal Slug Rush"
13:30,84,1452992954,"Nonogram.com - 노노그램 숫자퍼즐 게임"
13:30,85,6740899070,"플랜티스와 좀비깡패"
13:30,86,6737022506,"나사 풀기 대작전"
13:30,87,6446516059,"캣 히어로 : 방치형 RPG"
13:30,88,6448104157,"데이터 필요없는 게임 - 와이파이 필요없는 게임"
13:30,89,6747063674,"Brain Puzzle 2: Logic Twist"
13:30,90,6757844491,"Tricky Story 2: Brain Twist"
13:30,91,1423046460,"Paper.io 2"
13:30,92,6756402440,"창밖 고양이"
13:30,93,6451279326,"수험생 키우기 : 수능 시뮬레이션 게임"
13:30,94,1606549505,"로얄 킹덤 (Royal Kingdom)"
13:30,95,512939461,"Subway Surfers"
13:30,96,6744975195,"Sled Surfers - 슬로프 어드벤처"
13:30,97,1645844535,"갓물주 키우기"
13:30,98,6767155768,"현상금 해적단 키우기"
13:30,99,698255242,"Geometry Dash Lite"
13:30,100,6746465127,"세포 특공대 - 전략형 타워 디펜스"
13:30,101,1471486284,"한게임 포커"
13:30,102,6756171201,"컬러스위퍼"
13:30,103,553834731,"캔디크러쉬사가"
13:30,104,6757832779,"3D Colorful Sort™ 마법의 물"
13:30,105,6755183085,"Yarn Loop: Knit Puzzle"
13:30,106,6761100469,"Tricky Puzzle 2: 두뇌 테스트"
13:30,107,1471942989,"한게임 섯다&맞고"
13:30,108,898986747,"좀비고등학교"
13:30,109,880551258,"컴투스프로야구2026"
13:30,110,6740618570,"XP Hero (XP 히어로)"
13:30,111,6753645951,"벙커디펜스: 빠른 무한 물량 막기"
13:30,112,329218549,"체스 · 플레이 및 배우기 온라인"
13:30,113,1104692136,"스네이크 아이오 - 재미있는 온라인 뱀 전투 게임"
13:30,114,1273957743,"EA SPORTS FC Online M"
13:30,115,6479970832,"포켓몬 카드 게임 Pocket"
13:30,116,6475757306,"Disney Solitaire 디즈니 솔리테어"
13:30,117,6740966864,"딸깍 다이스"
13:30,118,6742241805,"축구 심판 시뮬레이터 2026(Referee Game)"
13:30,119,6740026253,"오피스 퀸 키우기"
13:30,120,6767834940,"탑 로드"
13:30,121,6751056652,"Pixel Flow!"
13:30,122,6746151928,"두근두근타운"
13:30,123,6503603603,"미스터리 타운: 합성 게임 (Mystery Town)"
13:30,124,870442795,"오목의 달인"
13:30,125,6466620626,"탕후루의 달인 - 두쫀쿠, 급식, 배달 먹방 ASMR"
13:30,126,6504332779,"Color Block Jam"
13:30,127,6740043080,"Screwdom : 나사와 볼트 퍼즐"
13:30,128,6758827442,"히간: 이루실"
13:30,129,1272085326,"3D운전교실"
13:30,130,1465731199,"2 Player Games : the Challenge"
13:30,131,1635760774,"꿈의 호텔 (My Perfect Hotel)"
13:30,132,1144557284,"텐텐오락실"
13:30,133,6743385713,"털실 마스터 - 마법의 정렬 버스주차퍼즐게임"
13:30,134,1638139403,"블록 크러시 (Block Crush)"
13:30,135,6747492600,"마작 블래스트 (Mahjong Blast)"
13:30,136,6749132002,"빠지냥! (Drop the Cat)"
13:30,137,6766739255,"Rebel Glam：나만의 도파민 룩"
13:30,138,646315802,"모두의마블"
13:30,139,6478472449,"비즈 앤 타운: 회사 경영 시뮬레이션 - 타이쿤 게임"
13:30,140,1566126120,"사과게임 - 화제의 인싸게임"
13:30,141,1480616990,"리그 오브 레전드: 와일드 리프트"
13:30,142,1480616748,"전략적 팀 전투: 리그 오브 레전드 전략 게임"
13:30,143,1562817072,"Mob Control"
13:30,144,1598881852,"프로젝트 세카이 컬러풀 스테이지! feat.하츠네 미쿠"
13:30,145,6743738094,"마이 스티커 룸 (My Sticker Room)"
13:30,146,1453720435,"Liar Game"
13:30,147,6767091927,"지그소 드롭: 솔리테어 퍼즐"
13:30,148,608808713,"쿠키런"
13:30,149,1021117809,"주차의 달인 4"
13:30,150,6757154335,"Cube Land Puzzle Game"
13:30,151,6689516283,"Perfect Tidy: 완벽한 정리"
13:30,152,6758072393,"추락한 아름다움: 머지&스토리"
13:30,153,6759997224,"순찰중! 바로 체포!"
13:30,154,6443755785,"씨사이드 익스케이프: 합성 & 스토리 게임"
13:30,155,6746246179,"Foodie Sizzle: 미식 시즐"
13:30,156,1323901884,"쿠킹 매드니스(Cooking Madness)"
13:30,157,6736896540,"헬로키티 마이 드림 스토어"
13:30,158,1509450845,"쿠키런: 킹덤"
13:30,159,1442749804,"스도쿠 - 클래식 스도쿠"
13:30,160,1089336971,"토킹톰 골드런"
13:30,161,6477413486,"Level Devil - NOT A Troll Game"
13:30,162,6753862216,"푸드스타（Foodstars）: 합쳐서 요리하기"
13:30,163,6760325543,"ArrowCube - 3DPuzzle"
13:30,164,6761045469,"도깨비 소녀와 함께"
13:30,165,6743102148,"야구 라이징 스타: Baseball Star MVP"
13:30,166,947258826,"마피아42"
13:30,167,1133463693,"메이플스토리M"
13:30,168,6761523148,"Flower Forest - 워드 퍼즐"
13:30,169,1278869953,"Kick the Buddy: 스트레스 해소 미니게임"
13:30,170,6450917563,"피자 레디 (Pizza Ready)"
13:30,171,1458568643,"피망 뉴맞고 : 고스톱으로 대한민국 1등"
13:30,172,924373886,"길건너 친구들"
13:30,173,6743368869,"Draft Showdown"
13:30,174,1229618961,"Rider - 라이더"
13:30,175,6557072922,"Z Survivor: Backpack Shooter"
13:30,176,6740838442,"먼작귀 포켓"
13:30,177,6447053495,"Makeup Beauty - 메이크업 패션게임"
13:30,178,6742222069,"Cookingdom - 요리의 나라"
13:30,179,6754668985,"이세카이 게이트 ISEKAI GATE"
13:30,180,1600871388,"Eatventure"
13:30,181,6755425214,"포켓 정렬 (Pocket Sort): 동전 병합 퍼즐"
13:30,182,6451176533,"Dino mutant : T-Rex"
13:30,183,1584459287,"말랑이 온라인 - 말랑이 거래, 게임 만들기"
13:30,184,1453989822,"Aquapark.io"
13:30,185,1492451796,"Woodturning 3D"
13:30,186,6758237144,"Endless Puncher"
13:30,187,6760175759,"밤탈출 - 49일"
13:30,188,6749919145,"Color Cube Match: 정렬 게임"
13:30,189,1177590613,"숨바꼭질 온라인 - 실시간 숨바꼭질"
13:30,190,6759822089,"오늘의 꽃 : 진짜 꽃을 키우는 게임"
13:30,191,6747560860,"Screw Out 3D: Nut Sort Jam"
13:30,192,1486214495,"브레인 테스트 (Brain Test): 까다로운 퍼즐"
13:30,193,6448392144,"케이크 정렬 - 컬러 정렬 및 병합 퍼즐 게임"
13:30,194,6444705312,"비히클 마스터 (Vehicle Masters)"
13:30,195,1047961826,"로데오 스탬피드: 3D 동물 라이더"
13:30,196,1586980403,"Coloring Match"
13:30,197,6744819313,"Satistory: Tidy Up"
13:30,198,6761603258,"Loop Master: 컬러 정렬 퍼즐"
13:30,199,1053012308,"클래시 로얄 (Clash Royale)"
13:30,200,6468921495,"비타 마작(Vita Mahjong)"
16:30,1,6762442041,"열혈강호: 넥스트"
16:30,2,6757690255,"윈드러너 키우기"
16:30,3,6772136987,"이것이 삼국지다-1,500뽑기 증정"
16:30,4,6747957875,"Family Go! - 대를 잇는 인생 시뮬레이션"
16:30,5,6759763476,"Bus Traffic Fever!"
16:30,6,6759081967,"Jewel Coloring"
16:30,7,1094591345,"Pokémon GO"
16:30,8,431946152,"로블록스(Roblox)"
16:30,9,6752672568,"Block Out! - Color Sort Puzzle"
16:30,10,6761760135,"Meowdoku!"
16:30,11,6756185760,"Search It - Hidden Objects"
16:30,12,6499562253,"드래곤빌리지3"
16:30,13,6748084174,"Smash Fest!"
16:30,14,6741503079,"Pokémon Champions"
16:30,15,6760453970,"나쁜 사랑 - 다크한 남친 컬렉션"
16:30,16,1617391485,"블록 블라스트 (Block Blast)"
16:30,17,6756482832,"Brain Puzzle 3: Crazy Mind"
16:30,18,6443575749,"WOS: 화이트아웃 서바이벌"
16:30,19,6471045672,"테이스티 트레블: 합성 게임"
16:30,20,6756989323,"라스트 어사일럼: 페스트"
16:30,21,6756641249,"hololive Dreams"
16:30,22,6756247787,"디지몬 UP"
16:30,23,6469476819,"데몬 헌터: 방치형 정령 키우기 RPG"
16:30,24,6499209744,"마법의 정렬 (Magic Sort!)"
16:30,25,6747634441,"취준생 키우기 : 취업 시뮬레이션 게임"
16:30,26,6739554056,"킹샷:Kingshot"
16:30,27,6759914688,"냥찍 히어로즈 : 방치형 RPG"
16:30,28,6764201639,"총잡이 고양이 - 방치형 키우기"
16:30,29,6756254027,"부족 또 전쟁 ：무한루프 RPG"
16:30,30,930574573,"Sniper 3D: Gun Shooting Games"
16:30,31,6748950306,"단어 솔리테어: 카드 퍼즐게임"
16:30,32,1623318294,"가십하버: 합성 & 스토리 게임"
16:30,33,1546845921,"멜론 메이커 : 머지"
16:30,34,6748397500,"Arrows – Puzzle Escape"
16:30,35,1597760047,"OneState RP: 온라인 롤플레잉"
16:30,36,1366526331,"배틀그라운드"
16:30,37,848091833,"냥코 대전쟁"
16:30,38,1015322991,"Rummikub"
16:30,39,6780891673,"Royal Smash! - Physics Puzzle"
16:30,40,6755455500,"할리우드 머지"
16:30,41,1482155847,"로얄 매치 (Royal Match)"
16:30,42,6760745556,"오늘도 환생 2"
16:30,43,6739616715,"메이플 키우기"
16:30,44,6788498566,"Gartic Phone"
16:30,45,1344700142,"UNO!™"
16:30,46,1193508329,"스도쿠 - 클래식 로직 퍼즐 게임"
16:30,47,6752886832,"호텔 레거시"
16:30,48,6670789598,"Brain Puzzle: Tricky Quest"
16:30,49,6759585981,"별별 히어로: 영웅 다있소"
16:30,50,6482291732,"운빨존많겜"
16:30,51,1478371252,"FC 모바일"
16:30,52,6737874398,"Merge Fashion: Romance Story"
16:30,53,6747467952,"라이즈 신 키우기"
16:30,54,6779167923,"Colony Flow!"
16:30,55,1229016807,"브롤스타즈"
16:30,56,1558248707,"Goose Goose Duck"
16:30,57,6749109526,"X 클래시"
16:30,58,1443446174,"매직 타일 3™: 리듬 피아노 게임"
16:30,59,6748289603,"머지여제: 궁중 판타지 스토리 퍼즐"
16:30,60,6746328263,"Castle Busters"
16:30,61,6689516366,"Bus Escape: Traffic Jam"
16:30,62,947742764,"무한의 계단"
16:30,63,6737022506,"나사 풀기 대작전"
16:30,64,6756288168,"Cookingo: Perfect Meal"
16:30,65,880047117,"앵그리버드 2 (Angry Birds 2)"
16:30,66,6749759672,"산너머 도원마을"
16:30,67,638689075,"꿈의 마을 (Township)"
16:30,68,1117270703,"eFootball™"
16:30,69,6754098532,"러쉬: 익스트림 (RUSH: Xtreme)"
16:30,70,6448104157,"데이터 필요없는 게임 - 와이파이 필요없는 게임"
16:30,71,6740899070,"플랜티스와 좀비깡패"
16:30,72,6503702666,"협타디: 협동 타워 디펜스"
16:30,73,6757844491,"Tricky Story 2: Brain Twist"
16:30,74,553834731,"캔디크러쉬사가"
16:30,75,1389111413,"Hole.io"
16:30,76,6758080238,"Tricky Mean2"
16:30,77,6760822948,"더 코지 플로리스트"
16:30,78,6759546053,"머지냥탐정 : 미스터리 머지"
16:30,79,6755509102,"단어 연상 - 단어잇기 퍼즐게임"
16:30,80,6769314786,"Food Hunt: Pixel Puzzle"
16:30,81,1643509748,"머지 쿠킹 테마 레스토랑（Merge Cooking）"
16:30,82,1466736988,"카트라이더 러쉬플러스"
16:30,83,6446516059,"캣 히어로 : 방치형 RPG"
16:30,84,1550945606,"사커 슈퍼스타 - 축구"
16:30,85,1645844535,"갓물주 키우기"
16:30,86,698255242,"Geometry Dash Lite"
16:30,87,6744975195,"Sled Surfers - 슬로프 어드벤처"
16:30,88,6739246483,"Hole Em All: Collect Master"
16:30,89,1423046460,"Paper.io 2"
16:30,90,512939461,"Subway Surfers"
16:30,91,1351168404,"Among Us!"
16:30,92,6747063674,"Brain Puzzle 2: Logic Twist"
16:30,93,1606549505,"로얄 킹덤 (Royal Kingdom)"
16:30,94,1458848044,"컴투스프로야구V26"
16:30,95,6767155768,"현상금 해적단 키우기"
16:30,96,6746465127,"세포 특공대 - 전략형 타워 디펜스"
16:30,97,6475757306,"Disney Solitaire 디즈니 솔리테어"
16:30,98,6755183085,"Yarn Loop: Knit Puzzle"
16:30,99,1465731199,"2 Player Games : the Challenge"
16:30,100,1452992954,"Nonogram.com - 노노그램 숫자퍼즐 게임"
16:30,101,6479970832,"포켓몬 카드 게임 Pocket"
16:30,102,6775727338,"Metal Slug Rush"
16:30,103,1579464667,"Pokémon Sleep"
16:30,104,6451279326,"수험생 키우기 : 수능 시뮬레이션 게임"
16:30,105,6761100469,"Tricky Puzzle 2: 두뇌 테스트"
16:30,106,6746151928,"두근두근타운"
16:30,107,6466620626,"탕후루의 달인 - 두쫀쿠, 급식, 배달 먹방 ASMR"
16:30,108,1104692136,"스네이크 아이오 - 재미있는 온라인 뱀 전투 게임"
16:30,109,6503603603,"미스터리 타운: 합성 게임 (Mystery Town)"
16:30,110,6740026253,"오피스 퀸 키우기"
16:30,111,6740618570,"XP Hero (XP 히어로)"
16:30,112,1471942989,"한게임 섯다&맞고"
16:30,113,329218549,"체스 · 플레이 및 배우기 온라인"
16:30,114,1273957743,"EA SPORTS FC Online M"
16:30,115,1471486284,"한게임 포커"
16:30,116,6767834940,"탑 로드"
16:30,117,1638139403,"블록 크러시 (Block Crush)"
16:30,118,6740966864,"딸깍 다이스"
16:30,119,1272085326,"3D운전교실"
16:30,120,880551258,"컴투스프로야구2026"
16:30,121,6756171201,"컬러스위퍼"
16:30,122,608808713,"쿠키런"
16:30,123,898986747,"좀비고등학교"
16:30,124,6751056652,"Pixel Flow!"
16:30,125,6504332779,"Color Block Jam"
16:30,126,870442795,"오목의 달인"
16:30,127,6757832779,"3D Colorful Sort™ 마법의 물"
16:30,128,1635760774,"꿈의 호텔 (My Perfect Hotel)"
16:30,129,1566126120,"사과게임 - 화제의 인싸게임"
16:30,130,6743385713,"털실 마스터 - 마법의 정렬 버스주차퍼즐게임"
16:30,131,6742241805,"축구 심판 시뮬레이터 2026(Referee Game)"
16:30,132,6740043080,"Screwdom : 나사와 볼트 퍼즐"
16:30,133,1509450845,"쿠키런: 킹덤"
16:30,134,6766739255,"Rebel Glam：나만의 도파민 룩"
16:30,135,6759997224,"순찰중! 바로 체포!"
16:30,136,6743368869,"Draft Showdown"
16:30,137,1562817072,"Mob Control"
16:30,138,6758237144,"Endless Puncher"
16:30,139,1089336971,"토킹톰 골드런"
16:30,140,1480616990,"리그 오브 레전드: 와일드 리프트"
16:30,141,6749132002,"빠지냥! (Drop the Cat)"
16:30,142,6756402440,"창밖 고양이"
16:30,143,6758827442,"히간: 이루실"
16:30,144,1480616748,"전략적 팀 전투: 리그 오브 레전드 전략 게임"
16:30,145,1133463693,"메이플스토리M"
16:30,146,6478472449,"비즈 앤 타운: 회사 경영 시뮬레이션 - 타이쿤 게임"
16:30,147,1598881852,"프로젝트 세카이 컬러풀 스테이지! feat.하츠네 미쿠"
16:30,148,6443755785,"씨사이드 익스케이프: 합성 & 스토리 게임"
16:30,149,924373886,"길건너 친구들"
16:30,150,1021117809,"주차의 달인 4"
16:30,151,1438820170,"GO! GO! 고양이 홉핑"
16:30,152,1144557284,"텐텐오락실"
16:30,153,6747492600,"마작 블래스트 (Mahjong Blast)"
16:30,154,1323901884,"쿠킹 매드니스(Cooking Madness)"
16:30,155,6743738094,"마이 스티커 룸 (My Sticker Room)"
16:30,156,6767091927,"지그소 드롭: 솔리테어 퍼즐"
16:30,157,6758072393,"추락한 아름다움: 머지&스토리"
16:30,158,6757154335,"Cube Land Puzzle Game"
16:30,159,646315802,"모두의마블"
16:30,160,6736896540,"헬로키티 마이 드림 스토어"
16:30,161,6753862216,"푸드스타（Foodstars）: 합쳐서 요리하기"
16:30,162,1453989822,"Aquapark.io"
16:30,163,6753645951,"벙커디펜스: 빠른 무한 물량 막기"
16:30,164,6689516283,"Perfect Tidy: 완벽한 정리"
16:30,165,6477413486,"Level Devil - NOT A Troll Game"
16:30,166,1229618961,"Rider - 라이더"
16:30,167,1453720435,"Liar Game"
16:30,168,6557072922,"Z Survivor: Backpack Shooter"
16:30,169,6746246179,"Foodie Sizzle: 미식 시즐"
16:30,170,6450917563,"피자 레디 (Pizza Ready)"
16:30,171,1584459287,"말랑이 온라인 - 말랑이 거래, 게임 만들기"
16:30,172,6447053495,"Makeup Beauty - 메이크업 패션게임"
16:30,173,6740838442,"먼작귀 포켓"
16:30,174,6761523148,"Flower Forest - 워드 퍼즐"
16:30,175,1442749804,"스도쿠 - 클래식 스도쿠"
16:30,176,6759822089,"오늘의 꽃 : 진짜 꽃을 키우는 게임"
16:30,177,1600871388,"Eatventure"
16:30,178,947258826,"마피아42"
16:30,179,6742222069,"Cookingdom - 요리의 나라"
16:30,180,6451176533,"Dino mutant : T-Rex"
16:30,181,1053012308,"클래시 로얄 (Clash Royale)"
16:30,182,1458568643,"피망 뉴맞고 : 고스톱으로 대한민국 1등"
16:30,183,520888232,"슈퍼펭귄 (Super Penguins)"
16:30,184,6761603258,"Loop Master: 컬러 정렬 퍼즐"
16:30,185,6743102148,"야구 라이징 스타: Baseball Star MVP"
16:30,186,6761045469,"도깨비 소녀와 함께"
16:30,187,6760125313,"희비전 리버스"
16:30,188,1486214495,"브레인 테스트 (Brain Test): 까다로운 퍼즐"
16:30,189,6754668985,"이세카이 게이트 ISEKAI GATE"
16:30,190,6446347021,"고양이와 스프: 마법의 레시피"
16:30,191,6503272652,"라스트 Z: 서바이벌 슈터"
16:30,192,6756058501,"젤리 버스터즈: 퍼즐 게임"
16:30,193,6502039599,"골프 슈퍼 크루 : 실시간 골프 게임"
16:30,194,1586980403,"Coloring Match"
16:30,195,1472526081,"TOFU GIRL"
16:30,196,1583719180,"Battle Cats Quest"
16:30,197,1528941310,"탕탕특공대"
16:30,198,6474930108,"마라마스터 : 포카포장, 인형계, 마라탕 먹방"
16:30,199,6771397917,"딸깍 - 키캡게임"
16:30,200,6755425214,"포켓 정렬 (Pocket Sort): 동전 병합 퍼즐"
19:00,1,6762442041,"열혈강호: 넥스트"
19:00,2,6757690255,"윈드러너 키우기"
19:00,3,6772136987,"이것이 삼국지다-1,500뽑기 증정"
19:00,4,6747957875,"Family Go! - 대를 잇는 인생 시뮬레이션"
19:00,5,6759763476,"Bus Traffic Fever!"
19:00,6,6759081967,"Jewel Coloring"
19:00,7,1094591345,"Pokémon GO"
19:00,8,431946152,"로블록스(Roblox)"
19:00,9,6752672568,"Block Out! - Color Sort Puzzle"
19:00,10,6756185760,"Search It - Hidden Objects"
19:00,11,6761760135,"Meowdoku!"
19:00,12,6748084174,"Smash Fest!"
19:00,13,6499562253,"드래곤빌리지3"
19:00,14,6741503079,"Pokémon Champions"
19:00,15,6760453970,"나쁜 사랑 - 다크한 남친 컬렉션"
19:00,16,1617391485,"블록 블라스트 (Block Blast)"
19:00,17,6756482832,"Brain Puzzle 3: Crazy Mind"
19:00,18,6443575749,"WOS: 화이트아웃 서바이벌"
19:00,19,6471045672,"테이스티 트레블: 합성 게임"
19:00,20,6756641249,"hololive Dreams"
19:00,21,6756989323,"라스트 어사일럼: 페스트"
19:00,22,6756247787,"디지몬 UP"
19:00,23,6499209744,"마법의 정렬 (Magic Sort!)"
19:00,24,6747634441,"취준생 키우기 : 취업 시뮬레이션 게임"
19:00,25,6739554056,"킹샷:Kingshot"
19:00,26,6759914688,"냥찍 히어로즈 : 방치형 RPG"
19:00,27,6469476819,"데몬 헌터: 방치형 정령 키우기 RPG"
19:00,28,6764201639,"총잡이 고양이 - 방치형 키우기"
19:00,29,6756254027,"부족 또 전쟁 ：무한루프 RPG"
19:00,30,930574573,"Sniper 3D: Gun Shooting Games"
19:00,31,1597760047,"OneState RP: 온라인 롤플레잉"
19:00,32,6748397500,"Arrows – Puzzle Escape"
19:00,33,6748950306,"단어 솔리테어: 카드 퍼즐게임"
19:00,34,1623318294,"가십하버: 합성 & 스토리 게임"
19:00,35,1546845921,"멜론 메이커 : 머지"
19:00,36,1366526331,"배틀그라운드"
19:00,37,848091833,"냥코 대전쟁"
19:00,38,6755455500,"할리우드 머지"
19:00,39,1015322991,"Rummikub"
19:00,40,1482155847,"로얄 매치 (Royal Match)"
19:00,41,6780891673,"Royal Smash! - Physics Puzzle"
19:00,42,6737874398,"Merge Fashion: Romance Story"
19:00,43,1344700142,"UNO!™"
19:00,44,6760745556,"오늘도 환생 2"
19:00,45,1193508329,"스도쿠 - 클래식 로직 퍼즐 게임"
19:00,46,6482291732,"운빨존많겜"
19:00,47,6739616715,"메이플 키우기"
19:00,48,6670789598,"Brain Puzzle: Tricky Quest"
19:00,49,6752886832,"호텔 레거시"
19:00,50,6759585981,"별별 히어로: 영웅 다있소"
19:00,51,6788498566,"Gartic Phone"
19:00,52,1229016807,"브롤스타즈"
19:00,53,1478371252,"FC 모바일"
19:00,54,6747467952,"라이즈 신 키우기"
19:00,55,553834731,"캔디크러쉬사가"
19:00,56,6749109526,"X 클래시"
19:00,57,6779167923,"Colony Flow!"
19:00,58,6746328263,"Castle Busters"
19:00,59,6748289603,"머지여제: 궁중 판타지 스토리 퍼즐"
19:00,60,880047117,"앵그리버드 2 (Angry Birds 2)"
19:00,61,1443446174,"매직 타일 3™: 리듬 피아노 게임"
19:00,62,1558248707,"Goose Goose Duck"
19:00,63,947742764,"무한의 계단"
19:00,64,6754098532,"러쉬: 익스트림 (RUSH: Xtreme)"
19:00,65,6689516366,"Bus Escape: Traffic Jam"
19:00,66,6756288168,"Cookingo: Perfect Meal"
19:00,67,6737022506,"나사 풀기 대작전"
19:00,68,638689075,"꿈의 마을 (Township)"
19:00,69,6757844491,"Tricky Story 2: Brain Twist"
19:00,70,6749759672,"산너머 도원마을"
19:00,71,1117270703,"eFootball™"
19:00,72,6758080238,"Tricky Mean2"
19:00,73,6759546053,"머지냥탐정 : 미스터리 머지"
19:00,74,6740899070,"플랜티스와 좀비깡패"
19:00,75,6503702666,"협타디: 협동 타워 디펜스"
19:00,76,1389111413,"Hole.io"
19:00,77,6448104157,"데이터 필요없는 게임 - 와이파이 필요없는 게임"
19:00,78,1643509748,"머지 쿠킹 테마 레스토랑（Merge Cooking）"
19:00,79,6760822948,"더 코지 플로리스트"
19:00,80,1466736988,"카트라이더 러쉬플러스"
19:00,81,698255242,"Geometry Dash Lite"
19:00,82,1550945606,"사커 슈퍼스타 - 축구"
19:00,83,6769314786,"Food Hunt: Pixel Puzzle"
19:00,84,6755509102,"단어 연상 - 단어잇기 퍼즐게임"
19:00,85,1645844535,"갓물주 키우기"
19:00,86,6739246483,"Hole Em All: Collect Master"
19:00,87,1423046460,"Paper.io 2"
19:00,88,1351168404,"Among Us!"
19:00,89,6446516059,"캣 히어로 : 방치형 RPG"
19:00,90,6475757306,"Disney Solitaire 디즈니 솔리테어"
19:00,91,512939461,"Subway Surfers"
19:00,92,1458848044,"컴투스프로야구V26"
19:00,93,1606549505,"로얄 킹덤 (Royal Kingdom)"
19:00,94,6747063674,"Brain Puzzle 2: Logic Twist"
19:00,95,6744975195,"Sled Surfers - 슬로프 어드벤처"
19:00,96,6746465127,"세포 특공대 - 전략형 타워 디펜스"
19:00,97,1452992954,"Nonogram.com - 노노그램 숫자퍼즐 게임"
19:00,98,6767155768,"현상금 해적단 키우기"
19:00,99,1465731199,"2 Player Games : the Challenge"
19:00,100,6755183085,"Yarn Loop: Knit Puzzle"
19:00,101,6479970832,"포켓몬 카드 게임 Pocket"
19:00,102,1471942989,"한게임 섯다&맞고"
19:00,103,1104692136,"스네이크 아이오 - 재미있는 온라인 뱀 전투 게임"
19:00,104,6466620626,"탕후루의 달인 - 두쫀쿠, 급식, 배달 먹방 ASMR"
19:00,105,6746151928,"두근두근타운"
19:00,106,6451279326,"수험생 키우기 : 수능 시뮬레이션 게임"
19:00,107,6503603603,"미스터리 타운: 합성 게임 (Mystery Town)"
19:00,108,6761100469,"Tricky Puzzle 2: 두뇌 테스트"
19:00,109,329218549,"체스 · 플레이 및 배우기 온라인"
19:00,110,1471486284,"한게임 포커"
19:00,111,6767834940,"탑 로드"
19:00,112,6740026253,"오피스 퀸 키우기"
19:00,113,1272085326,"3D운전교실"
19:00,114,1273957743,"EA SPORTS FC Online M"
19:00,115,6775727338,"Metal Slug Rush"
19:00,116,6740618570,"XP Hero (XP 히어로)"
19:00,117,1579464667,"Pokémon Sleep"
19:00,118,1638139403,"블록 크러시 (Block Crush)"
19:00,119,6740966864,"딸깍 다이스"
19:00,120,880551258,"컴투스프로야구2026"
19:00,121,6759997224,"순찰중! 바로 체포!"
19:00,122,608808713,"쿠키런"
19:00,123,898986747,"좀비고등학교"
19:00,124,6751056652,"Pixel Flow!"
19:00,125,870442795,"오목의 달인"
19:00,126,1509450845,"쿠키런: 킹덤"
19:00,127,6766739255,"Rebel Glam：나만의 도파민 룩"
19:00,128,1566126120,"사과게임 - 화제의 인싸게임"
19:00,129,6757832779,"3D Colorful Sort™ 마법의 물"
19:00,130,1635760774,"꿈의 호텔 (My Perfect Hotel)"
19:00,131,6504332779,"Color Block Jam"
19:00,132,6756171201,"컬러스위퍼"
19:00,133,6740043080,"Screwdom : 나사와 볼트 퍼즐"
19:00,134,6758237144,"Endless Puncher"
19:00,135,6743385713,"털실 마스터 - 마법의 정렬 버스주차퍼즐게임"
19:00,136,1562817072,"Mob Control"
19:00,137,1089336971,"토킹톰 골드런"
19:00,138,6478472449,"비즈 앤 타운: 회사 경영 시뮬레이션 - 타이쿤 게임"
19:00,139,6742241805,"축구 심판 시뮬레이터 2026(Referee Game)"
19:00,140,6743368869,"Draft Showdown"
19:00,141,6749132002,"빠지냥! (Drop the Cat)"
19:00,142,1480616748,"전략적 팀 전투: 리그 오브 레전드 전략 게임"
19:00,143,1480616990,"리그 오브 레전드: 와일드 리프트"
19:00,144,6557072922,"Z Survivor: Backpack Shooter"
19:00,145,6747492600,"마작 블래스트 (Mahjong Blast)"
19:00,146,1598881852,"프로젝트 세카이 컬러풀 스테이지! feat.하츠네 미쿠"
19:00,147,1133463693,"메이플스토리M"
19:00,148,1021117809,"주차의 달인 4"
19:00,149,6760957454,"탈출 게임 암스테르담"
19:00,150,924373886,"길건너 친구들"
19:00,151,1438820170,"GO! GO! 고양이 홉핑"
19:00,152,6758827442,"히간: 이루실"
19:00,153,6758072393,"추락한 아름다움: 머지&스토리"
19:00,154,6757154335,"Cube Land Puzzle Game"
19:00,155,6443755785,"씨사이드 익스케이프: 합성 & 스토리 게임"
19:00,156,6736896540,"헬로키티 마이 드림 스토어"
19:00,157,6753862216,"푸드스타（Foodstars）: 합쳐서 요리하기"
19:00,158,1453989822,"Aquapark.io"
19:00,159,6447053495,"Makeup Beauty - 메이크업 패션게임"
19:00,160,646315802,"모두의마블"
19:00,161,1584459287,"말랑이 온라인 - 말랑이 거래, 게임 만들기"
19:00,162,1229618961,"Rider - 라이더"
19:00,163,6743738094,"마이 스티커 룸 (My Sticker Room)"
19:00,164,6689516283,"Perfect Tidy: 완벽한 정리"
19:00,165,1144557284,"텐텐오락실"
19:00,166,6756402440,"창밖 고양이"
19:00,167,1323901884,"쿠킹 매드니스(Cooking Madness)"
19:00,168,6767091927,"지그소 드롭: 솔리테어 퍼즐"
19:00,169,6746246179,"Foodie Sizzle: 미식 시즐"
19:00,170,6477413486,"Level Devil - NOT A Troll Game"
19:00,171,1600871388,"Eatventure"
19:00,172,1453720435,"Liar Game"
19:00,173,6450917563,"피자 레디 (Pizza Ready)"
19:00,174,6759822089,"오늘의 꽃 : 진짜 꽃을 키우는 게임"
19:00,175,6761523148,"Flower Forest - 워드 퍼즐"
19:00,176,947258826,"마피아42"
19:00,177,1053012308,"클래시 로얄 (Clash Royale)"
19:00,178,6740838442,"먼작귀 포켓"
19:00,179,1442749804,"스도쿠 - 클래식 스도쿠"
19:00,180,1486214495,"브레인 테스트 (Brain Test): 까다로운 퍼즐"
19:00,181,1047961826,"로데오 스탬피드: 3D 동물 라이더"
19:00,182,6743102148,"야구 라이징 스타: Baseball Star MVP"
19:00,183,6502039599,"골프 슈퍼 크루 : 실시간 골프 게임"
19:00,184,6742222069,"Cookingdom - 요리의 나라"
19:00,185,1458568643,"피망 뉴맞고 : 고스톱으로 대한민국 1등"
19:00,186,1472526081,"TOFU GIRL"
19:00,187,6747560860,"Screw Out 3D: Nut Sort Jam"
19:00,188,1583719180,"Battle Cats Quest"
19:00,189,6451176533,"Dino mutant : T-Rex"
19:00,190,6503272652,"라스트 Z: 서바이벌 슈터"
19:00,191,6761045469,"도깨비 소녀와 함께"
19:00,192,520888232,"슈퍼펭귄 (Super Penguins)"
19:00,193,1105855019,"Gardenscapes"
19:00,194,6753645951,"벙커디펜스: 빠른 무한 물량 막기"
19:00,195,1586980403,"Coloring Match"
19:00,196,6769617371,"블레이드 워: 삼국"
19:00,197,6444705312,"비히클 마스터 (Vehicle Masters)"
19:00,198,6756058501,"젤리 버스터즈: 퍼즐 게임"
19:00,199,6474930108,"마라마스터 : 포카포장, 인형계, 마라탕 먹방"
19:00,200,6760325543,"ArrowCube - 3DPuzzle"
21:00,1,6762442041,"열혈강호: 넥스트"
21:00,2,6757690255,"윈드러너 키우기"
21:00,3,6772136987,"이것이 삼국지다-1,500뽑기 증정"
21:00,4,6747957875,"Family Go! - 대를 잇는 인생 시뮬레이션"
21:00,5,6759763476,"Bus Traffic Fever!"
21:00,6,6759081967,"Jewel Coloring"
21:00,7,1094591345,"Pokémon GO"
21:00,8,431946152,"로블록스(Roblox)"
21:00,9,6752672568,"Block Out! - Color Sort Puzzle"
21:00,10,6756185760,"Search It - Hidden Objects"
21:00,11,6761760135,"Meowdoku!"
21:00,12,6748084174,"Smash Fest!"
21:00,13,6499562253,"드래곤빌리지3"
21:00,14,6741503079,"Pokémon Champions"
21:00,15,6760453970,"나쁜 사랑 - 다크한 남친 컬렉션"
21:00,16,1617391485,"블록 블라스트 (Block Blast)"
21:00,17,6756482832,"Brain Puzzle 3: Crazy Mind"
21:00,18,6443575749,"WOS: 화이트아웃 서바이벌"
21:00,19,6471045672,"테이스티 트레블: 합성 게임"
21:00,20,6756641249,"hololive Dreams"
21:00,21,6756989323,"라스트 어사일럼: 페스트"
21:00,22,6756247787,"디지몬 UP"
21:00,23,6499209744,"마법의 정렬 (Magic Sort!)"
21:00,24,6747634441,"취준생 키우기 : 취업 시뮬레이션 게임"
21:00,25,6739554056,"킹샷:Kingshot"
21:00,26,6759914688,"냥찍 히어로즈 : 방치형 RPG"
21:00,27,6469476819,"데몬 헌터: 방치형 정령 키우기 RPG"
21:00,28,6764201639,"총잡이 고양이 - 방치형 키우기"
21:00,29,6756254027,"부족 또 전쟁 ：무한루프 RPG"
21:00,30,930574573,"Sniper 3D: Gun Shooting Games"
21:00,31,1597760047,"OneState RP: 온라인 롤플레잉"
21:00,32,6748397500,"Arrows – Puzzle Escape"
21:00,33,6748950306,"단어 솔리테어: 카드 퍼즐게임"
21:00,34,1623318294,"가십하버: 합성 & 스토리 게임"
21:00,35,1546845921,"멜론 메이커 : 머지"
21:00,36,1366526331,"배틀그라운드"
21:00,37,848091833,"냥코 대전쟁"
21:00,38,6755455500,"할리우드 머지"
21:00,39,1015322991,"Rummikub"
21:00,40,1482155847,"로얄 매치 (Royal Match)"
21:00,41,6780891673,"Royal Smash! - Physics Puzzle"
21:00,42,6737874398,"Merge Fashion: Romance Story"
21:00,43,1344700142,"UNO!™"
21:00,44,6760745556,"오늘도 환생 2"
21:00,45,1193508329,"스도쿠 - 클래식 로직 퍼즐 게임"
21:00,46,6482291732,"운빨존많겜"
21:00,47,6739616715,"메이플 키우기"
21:00,48,6670789598,"Brain Puzzle: Tricky Quest"
21:00,49,6752886832,"호텔 레거시"
21:00,50,6759585981,"별별 히어로: 영웅 다있소"
21:00,51,6788498566,"Gartic Phone"
21:00,52,1229016807,"브롤스타즈"
21:00,53,1478371252,"FC 모바일"
21:00,54,6747467952,"라이즈 신 키우기"
21:00,55,553834731,"캔디크러쉬사가"
21:00,56,6749109526,"X 클래시"
21:00,57,6779167923,"Colony Flow!"
21:00,58,6746328263,"Castle Busters"
21:00,59,6748289603,"머지여제: 궁중 판타지 스토리 퍼즐"
21:00,60,880047117,"앵그리버드 2 (Angry Birds 2)"
21:00,61,1443446174,"매직 타일 3™: 리듬 피아노 게임"
21:00,62,1558248707,"Goose Goose Duck"
21:00,63,947742764,"무한의 계단"
21:00,64,6754098532,"러쉬: 익스트림 (RUSH: Xtreme)"
21:00,65,6689516366,"Bus Escape: Traffic Jam"
21:00,66,6756288168,"Cookingo: Perfect Meal"
21:00,67,6737022506,"나사 풀기 대작전"
21:00,68,638689075,"꿈의 마을 (Township)"
21:00,69,6757844491,"Tricky Story 2: Brain Twist"
21:00,70,6749759672,"산너머 도원마을"
21:00,71,1117270703,"eFootball™"
21:00,72,6758080238,"Tricky Mean2"
21:00,73,6759546053,"머지냥탐정 : 미스터리 머지"
21:00,74,6740899070,"플랜티스와 좀비깡패"
21:00,75,6503702666,"협타디: 협동 타워 디펜스"
21:00,76,1389111413,"Hole.io"
21:00,77,6448104157,"데이터 필요없는 게임 - 와이파이 필요없는 게임"
21:00,78,1643509748,"머지 쿠킹 테마 레스토랑（Merge Cooking）"
21:00,79,6760822948,"더 코지 플로리스트"
21:00,80,1466736988,"카트라이더 러쉬플러스"
21:00,81,698255242,"Geometry Dash Lite"
21:00,82,1550945606,"사커 슈퍼스타 - 축구"
21:00,83,6769314786,"Food Hunt: Pixel Puzzle"
21:00,84,6755509102,"단어 연상 - 단어잇기 퍼즐게임"
21:00,85,1645844535,"갓물주 키우기"
21:00,86,6739246483,"Hole Em All: Collect Master"
21:00,87,1423046460,"Paper.io 2"
21:00,88,1351168404,"Among Us!"
21:00,89,6446516059,"캣 히어로 : 방치형 RPG"
21:00,90,6475757306,"Disney Solitaire 디즈니 솔리테어"
21:00,91,512939461,"Subway Surfers"
21:00,92,1458848044,"컴투스프로야구V26"
21:00,93,1606549505,"로얄 킹덤 (Royal Kingdom)"
21:00,94,6747063674,"Brain Puzzle 2: Logic Twist"
21:00,95,6744975195,"Sled Surfers - 슬로프 어드벤처"
21:00,96,6746465127,"세포 특공대 - 전략형 타워 디펜스"
21:00,97,1452992954,"Nonogram.com - 노노그램 숫자퍼즐 게임"
21:00,98,6767155768,"현상금 해적단 키우기"
21:00,99,1465731199,"2 Player Games : the Challenge"
21:00,100,6755183085,"Yarn Loop: Knit Puzzle"
21:00,101,6479970832,"포켓몬 카드 게임 Pocket"
21:00,102,1471942989,"한게임 섯다&맞고"
21:00,103,1104692136,"스네이크 아이오 - 재미있는 온라인 뱀 전투 게임"
21:00,104,6466620626,"탕후루의 달인 - 두쫀쿠, 급식, 배달 먹방 ASMR"
21:00,105,6746151928,"두근두근타운"
21:00,106,6451279326,"수험생 키우기 : 수능 시뮬레이션 게임"
21:00,107,6503603603,"미스터리 타운: 합성 게임 (Mystery Town)"
21:00,108,6761100469,"Tricky Puzzle 2: 두뇌 테스트"
21:00,109,329218549,"체스 · 플레이 및 배우기 온라인"
21:00,110,1471486284,"한게임 포커"
21:00,111,6767834940,"탑 로드"
21:00,112,6740026253,"오피스 퀸 키우기"
21:00,113,1272085326,"3D운전교실"
21:00,114,1273957743,"EA SPORTS FC Online M"
21:00,115,6775727338,"Metal Slug Rush"
21:00,116,6740618570,"XP Hero (XP 히어로)"
21:00,117,1579464667,"Pokémon Sleep"
21:00,118,1638139403,"블록 크러시 (Block Crush)"
21:00,119,6740966864,"딸깍 다이스"
21:00,120,880551258,"컴투스프로야구2026"
21:00,121,6759997224,"순찰중! 바로 체포!"
21:00,122,608808713,"쿠키런"
21:00,123,898986747,"좀비고등학교"
21:00,124,6751056652,"Pixel Flow!"
21:00,125,870442795,"오목의 달인"
21:00,126,1509450845,"쿠키런: 킹덤"
21:00,127,6766739255,"Rebel Glam：나만의 도파민 룩"
21:00,128,1566126120,"사과게임 - 화제의 인싸게임"
21:00,129,6757832779,"3D Colorful Sort™ 마법의 물"
21:00,130,1635760774,"꿈의 호텔 (My Perfect Hotel)"
21:00,131,6504332779,"Color Block Jam"
21:00,132,6756171201,"컬러스위퍼"
21:00,133,6740043080,"Screwdom : 나사와 볼트 퍼즐"
21:00,134,6758237144,"Endless Puncher"
21:00,135,6743385713,"털실 마스터 - 마법의 정렬 버스주차퍼즐게임"
21:00,136,1562817072,"Mob Control"
21:00,137,1089336971,"토킹톰 골드런"
21:00,138,6478472449,"비즈 앤 타운: 회사 경영 시뮬레이션 - 타이쿤 게임"
21:00,139,6742241805,"축구 심판 시뮬레이터 2026(Referee Game)"
21:00,140,6743368869,"Draft Showdown"
21:00,141,6749132002,"빠지냥! (Drop the Cat)"
21:00,142,1480616748,"전략적 팀 전투: 리그 오브 레전드 전략 게임"
21:00,143,1480616990,"리그 오브 레전드: 와일드 리프트"
21:00,144,6557072922,"Z Survivor: Backpack Shooter"
21:00,145,6747492600,"마작 블래스트 (Mahjong Blast)"
21:00,146,1598881852,"프로젝트 세카이 컬러풀 스테이지! feat.하츠네 미쿠"
21:00,147,1133463693,"메이플스토리M"
21:00,148,1021117809,"주차의 달인 4"
21:00,149,6760957454,"탈출 게임 암스테르담"
21:00,150,924373886,"길건너 친구들"
21:00,151,1438820170,"GO! GO! 고양이 홉핑"
21:00,152,6758827442,"히간: 이루실"
21:00,153,6758072393,"추락한 아름다움: 머지&스토리"
21:00,154,6757154335,"Cube Land Puzzle Game"
21:00,155,6443755785,"씨사이드 익스케이프: 합성 & 스토리 게임"
21:00,156,6736896540,"헬로키티 마이 드림 스토어"
21:00,157,6753862216,"푸드스타（Foodstars）: 합쳐서 요리하기"
21:00,158,1453989822,"Aquapark.io"
21:00,159,6447053495,"Makeup Beauty - 메이크업 패션게임"
21:00,160,646315802,"모두의마블"
21:00,161,1584459287,"말랑이 온라인 - 말랑이 거래, 게임 만들기"
21:00,162,1229618961,"Rider - 라이더"
21:00,163,6743738094,"마이 스티커 룸 (My Sticker Room)"
21:00,164,6689516283,"Perfect Tidy: 완벽한 정리"
21:00,165,1144557284,"텐텐오락실"
21:00,166,6756402440,"창밖 고양이"
21:00,167,1323901884,"쿠킹 매드니스(Cooking Madness)"
21:00,168,6767091927,"지그소 드롭: 솔리테어 퍼즐"
21:00,169,6746246179,"Foodie Sizzle: 미식 시즐"
21:00,170,6477413486,"Level Devil - NOT A Troll Game"
21:00,171,1600871388,"Eatventure"
21:00,172,1453720435,"Liar Game"
21:00,173,6450917563,"피자 레디 (Pizza Ready)"
21:00,174,6759822089,"오늘의 꽃 : 진짜 꽃을 키우는 게임"
21:00,175,6761523148,"Flower Forest - 워드 퍼즐"
21:00,176,947258826,"마피아42"
21:00,177,1053012308,"클래시 로얄 (Clash Royale)"
21:00,178,6740838442,"먼작귀 포켓"
21:00,179,1442749804,"스도쿠 - 클래식 스도쿠"
21:00,180,1486214495,"브레인 테스트 (Brain Test): 까다로운 퍼즐"
21:00,181,1047961826,"로데오 스탬피드: 3D 동물 라이더"
21:00,182,6743102148,"야구 라이징 스타: Baseball Star MVP"
21:00,183,6502039599,"골프 슈퍼 크루 : 실시간 골프 게임"
21:00,184,6742222069,"Cookingdom - 요리의 나라"
21:00,185,1458568643,"피망 뉴맞고 : 고스톱으로 대한민국 1등"
21:00,186,1472526081,"TOFU GIRL"
21:00,187,6747560860,"Screw Out 3D: Nut Sort Jam"
21:00,188,1583719180,"Battle Cats Quest"
21:00,189,6451176533,"Dino mutant : T-Rex"
21:00,190,6503272652,"라스트 Z: 서바이벌 슈터"
21:00,191,6761045469,"도깨비 소녀와 함께"
21:00,192,520888232,"슈퍼펭귄 (Super Penguins)"
21:00,193,1105855019,"Gardenscapes"
21:00,194,6753645951,"벙커디펜스: 빠른 무한 물량 막기"
21:00,195,1586980403,"Coloring Match"
21:00,196,6769617371,"블레이드 워: 삼국"
21:00,197,6444705312,"비히클 마스터 (Vehicle Masters)"
21:00,198,6756058501,"젤리 버스터즈: 퍼즐 게임"
21:00,199,6474930108,"마라마스터 : 포카포장, 인형계, 마라탕 먹방"
21:00,200,6760325543,"ArrowCube - 3DPuzzle"
23:30,1,6762442041,"열혈강호: 넥스트"
23:30,2,6757690255,"윈드러너 키우기"
23:30,3,6747957875,"Family Go! - 대를 잇는 인생 시뮬레이션"
23:30,4,6772136987,"이것이 삼국지다-1,500뽑기 증정"
23:30,5,6759763476,"Bus Traffic Fever!"
23:30,6,6759081967,"Jewel Coloring"
23:30,7,1094591345,"Pokémon GO"
23:30,8,431946152,"로블록스(Roblox)"
23:30,9,6748084174,"Smash Fest!"
23:30,10,6752672568,"Block Out! - Color Sort Puzzle"
23:30,11,6756185760,"Search It - Hidden Objects"
23:30,12,6761760135,"Meowdoku!"
23:30,13,1617391485,"블록 블라스트 (Block Blast)"
23:30,14,6741503079,"Pokémon Champions"
23:30,15,6499562253,"드래곤빌리지3"
23:30,16,6760453970,"나쁜 사랑 - 다크한 남친 컬렉션"
23:30,17,6471045672,"테이스티 트레블: 합성 게임"
23:30,18,6756482832,"Brain Puzzle 3: Crazy Mind"
23:30,19,6443575749,"WOS: 화이트아웃 서바이벌"
23:30,20,6756641249,"hololive Dreams"
23:30,21,6756989323,"라스트 어사일럼: 페스트"
23:30,22,6756247787,"디지몬 UP"
23:30,23,6499209744,"마법의 정렬 (Magic Sort!)"
23:30,24,6747634441,"취준생 키우기 : 취업 시뮬레이션 게임"
23:30,25,6739554056,"킹샷:Kingshot"
23:30,26,6759914688,"냥찍 히어로즈 : 방치형 RPG"
23:30,27,6756254027,"부족 또 전쟁 ：무한루프 RPG"
23:30,28,6764201639,"총잡이 고양이 - 방치형 키우기"
23:30,29,6748397500,"Arrows – Puzzle Escape"
23:30,30,6748950306,"단어 솔리테어: 카드 퍼즐게임"
23:30,31,930574573,"Sniper 3D: Gun Shooting Games"
23:30,32,848091833,"냥코 대전쟁"
23:30,33,1597760047,"OneState RP: 온라인 롤플레잉"
23:30,34,6469476819,"데몬 헌터: 방치형 정령 키우기 RPG"
23:30,35,1366526331,"배틀그라운드"
23:30,36,1015322991,"Rummikub"
23:30,37,1623318294,"가십하버: 합성 & 스토리 게임"
23:30,38,553834731,"캔디크러쉬사가"
23:30,39,1482155847,"로얄 매치 (Royal Match)"
23:30,40,1546845921,"멜론 메이커 : 머지"
23:30,41,6780891673,"Royal Smash! - Physics Puzzle"
23:30,42,6755455500,"할리우드 머지"
23:30,43,1344700142,"UNO!™"
23:30,44,6737874398,"Merge Fashion: Romance Story"
23:30,45,1193508329,"스도쿠 - 클래식 로직 퍼즐 게임"
23:30,46,6482291732,"운빨존많겜"
23:30,47,6760745556,"오늘도 환생 2"
23:30,48,1229016807,"브롤스타즈"
23:30,49,1478371252,"FC 모바일"
23:30,50,6739616715,"메이플 키우기"
23:30,51,6788498566,"Gartic Phone"
23:30,52,6670789598,"Brain Puzzle: Tricky Quest"
23:30,53,6759585981,"별별 히어로: 영웅 다있소"
23:30,54,6749109526,"X 클래시"
23:30,55,6747467952,"라이즈 신 키우기"
23:30,56,6752886832,"호텔 레거시"
23:30,57,880047117,"앵그리버드 2 (Angry Birds 2)"
23:30,58,1443446174,"매직 타일 3™: 리듬 피아노 게임"
23:30,59,947742764,"무한의 계단"
23:30,60,6754098532,"러쉬: 익스트림 (RUSH: Xtreme)"
23:30,61,6748289603,"머지여제: 궁중 판타지 스토리 퍼즐"
23:30,62,1558248707,"Goose Goose Duck"
23:30,63,6779167923,"Colony Flow!"
23:30,64,6746328263,"Castle Busters"
23:30,65,6756288168,"Cookingo: Perfect Meal"
23:30,66,6689516366,"Bus Escape: Traffic Jam"
23:30,67,6759546053,"머지냥탐정 : 미스터리 머지"
23:30,68,638689075,"꿈의 마을 (Township)"
23:30,69,6749759672,"산너머 도원마을"
23:30,70,6737022506,"나사 풀기 대작전"
23:30,71,6503702666,"협타디: 협동 타워 디펜스"
23:30,72,6757844491,"Tricky Story 2: Brain Twist"
23:30,73,6740899070,"플랜티스와 좀비깡패"
23:30,74,1117270703,"eFootball™"
23:30,75,6758080238,"Tricky Mean2"
23:30,76,6448104157,"데이터 필요없는 게임 - 와이파이 필요없는 게임"
23:30,77,1389111413,"Hole.io"
23:30,78,1466736988,"카트라이더 러쉬플러스"
23:30,79,698255242,"Geometry Dash Lite"
23:30,80,6760822948,"더 코지 플로리스트"
23:30,81,1643509748,"머지 쿠킹 테마 레스토랑（Merge Cooking）"
23:30,82,1550945606,"사커 슈퍼스타 - 축구"
23:30,83,6769314786,"Food Hunt: Pixel Puzzle"
23:30,84,6739246483,"Hole Em All: Collect Master"
23:30,85,6755509102,"단어 연상 - 단어잇기 퍼즐게임"
23:30,86,1351168404,"Among Us!"
23:30,87,6446516059,"캣 히어로 : 방치형 RPG"
23:30,88,1458848044,"컴투스프로야구V26"
23:30,89,1645844535,"갓물주 키우기"
23:30,90,6475757306,"Disney Solitaire 디즈니 솔리테어"
23:30,91,1423046460,"Paper.io 2"
23:30,92,512939461,"Subway Surfers"
23:30,93,6746465127,"세포 특공대 - 전략형 타워 디펜스"
23:30,94,1606549505,"로얄 킹덤 (Royal Kingdom)"
23:30,95,6755183085,"Yarn Loop: Knit Puzzle"
23:30,96,1465731199,"2 Player Games : the Challenge"
23:30,97,6747063674,"Brain Puzzle 2: Logic Twist"
23:30,98,1471942989,"한게임 섯다&맞고"
23:30,99,6466620626,"탕후루의 달인 - 두쫀쿠, 급식, 배달 먹방 ASMR"
23:30,100,1104692136,"스네이크 아이오 - 재미있는 온라인 뱀 전투 게임"
23:30,101,6744975195,"Sled Surfers - 슬로프 어드벤처"
23:30,102,6479970832,"포켓몬 카드 게임 Pocket"
23:30,103,6767834940,"탑 로드"
23:30,104,1471486284,"한게임 포커"
23:30,105,6767155768,"현상금 해적단 키우기"
23:30,106,1452992954,"Nonogram.com - 노노그램 숫자퍼즐 게임"
23:30,107,6740026253,"오피스 퀸 키우기"
23:30,108,6451279326,"수험생 키우기 : 수능 시뮬레이션 게임"
23:30,109,880551258,"컴투스프로야구2026"
23:30,110,329218549,"체스 · 플레이 및 배우기 온라인"
23:30,111,6746151928,"두근두근타운"
23:30,112,6740966864,"딸깍 다이스"
23:30,113,1272085326,"3D운전교실"
23:30,114,6761100469,"Tricky Puzzle 2: 두뇌 테스트"
23:30,115,6740618570,"XP Hero (XP 히어로)"
23:30,116,1273957743,"EA SPORTS FC Online M"
23:30,117,6751056652,"Pixel Flow!"
23:30,118,6503603603,"미스터리 타운: 합성 게임 (Mystery Town)"
23:30,119,6775727338,"Metal Slug Rush"
23:30,120,608808713,"쿠키런"
23:30,121,1579464667,"Pokémon Sleep"
23:30,122,1638139403,"블록 크러시 (Block Crush)"
23:30,123,6766739255,"Rebel Glam：나만의 도파민 룩"
23:30,124,898986747,"좀비고등학교"
23:30,125,1509450845,"쿠키런: 킹덤"
23:30,126,870442795,"오목의 달인"
23:30,127,6759997224,"순찰중! 바로 체포!"
23:30,128,6760957454,"탈출 게임 암스테르담"
23:30,129,6757832779,"3D Colorful Sort™ 마법의 물"
23:30,130,1635760774,"꿈의 호텔 (My Perfect Hotel)"
23:30,131,1566126120,"사과게임 - 화제의 인싸게임"
23:30,132,6740043080,"Screwdom : 나사와 볼트 퍼즐"
23:30,133,6756171201,"컬러스위퍼"
23:30,134,6478472449,"비즈 앤 타운: 회사 경영 시뮬레이션 - 타이쿤 게임"
23:30,135,1598881852,"프로젝트 세카이 컬러풀 스테이지! feat.하츠네 미쿠"
23:30,136,1480616990,"리그 오브 레전드: 와일드 리프트"
23:30,137,6504332779,"Color Block Jam"
23:30,138,6758237144,"Endless Puncher"
23:30,139,6747492600,"마작 블래스트 (Mahjong Blast)"
23:30,140,1089336971,"토킹톰 골드런"
23:30,141,1480616748,"전략적 팀 전투: 리그 오브 레전드 전략 게임"
23:30,142,6743385713,"털실 마스터 - 마법의 정렬 버스주차퍼즐게임"
23:30,143,1562817072,"Mob Control"
23:30,144,924373886,"길건너 친구들"
23:30,145,6749132002,"빠지냥! (Drop the Cat)"
23:30,146,6743368869,"Draft Showdown"
23:30,147,6742241805,"축구 심판 시뮬레이터 2026(Referee Game)"
23:30,148,1144557284,"텐텐오락실"
23:30,149,6557072922,"Z Survivor: Backpack Shooter"
23:30,150,1021117809,"주차의 달인 4"
23:30,151,6758072393,"추락한 아름다움: 머지&스토리"
23:30,152,1133463693,"메이플스토리M"
23:30,153,1438820170,"GO! GO! 고양이 홉핑"
23:30,154,646315802,"모두의마블"
23:30,155,6753862216,"푸드스타（Foodstars）: 합쳐서 요리하기"
23:30,156,6746246179,"Foodie Sizzle: 미식 시즐"
23:30,157,1584459287,"말랑이 온라인 - 말랑이 거래, 게임 만들기"
23:30,158,1047961826,"로데오 스탬피드: 3D 동물 라이더"
23:30,159,6757154335,"Cube Land Puzzle Game"
23:30,160,6443755785,"씨사이드 익스케이프: 합성 & 스토리 게임"
23:30,161,6477413486,"Level Devil - NOT A Troll Game"
23:30,162,1229618961,"Rider - 라이더"
23:30,163,6447053495,"Makeup Beauty - 메이크업 패션게임"
23:30,164,6689516283,"Perfect Tidy: 완벽한 정리"
23:30,165,6758827442,"히간: 이루실"
23:30,166,6736896540,"헬로키티 마이 드림 스토어"
23:30,167,6767091927,"지그소 드롭: 솔리테어 퍼즐"
23:30,168,6743738094,"마이 스티커 룸 (My Sticker Room)"
23:30,169,1453989822,"Aquapark.io"
23:30,170,1323901884,"쿠킹 매드니스(Cooking Madness)"
23:30,171,1453720435,"Liar Game"
23:30,172,1600871388,"Eatventure"
23:30,173,6769617371,"블레이드 워: 삼국"
23:30,174,6502039599,"골프 슈퍼 크루 : 실시간 골프 게임"
23:30,175,6743102148,"야구 라이징 스타: Baseball Star MVP"
23:30,176,6759822089,"오늘의 꽃 : 진짜 꽃을 키우는 게임"
23:30,177,6450917563,"피자 레디 (Pizza Ready)"
23:30,178,1053012308,"클래시 로얄 (Clash Royale)"
23:30,179,6761523148,"Flower Forest - 워드 퍼즐"
23:30,180,1442749804,"스도쿠 - 클래식 스도쿠"
23:30,181,1486214495,"브레인 테스트 (Brain Test): 까다로운 퍼즐"
23:30,182,6444705312,"비히클 마스터 (Vehicle Masters)"
23:30,183,6740838442,"먼작귀 포켓"
23:30,184,6747560860,"Screw Out 3D: Nut Sort Jam"
23:30,185,6761045469,"도깨비 소녀와 함께"
23:30,186,520888232,"슈퍼펭귄 (Super Penguins)"
23:30,187,947258826,"마피아42"
23:30,188,6742222069,"Cookingdom - 요리의 나라"
23:30,189,6760125313,"희비전 리버스"
23:30,190,1472526081,"TOFU GIRL"
23:30,191,6451176533,"Dino mutant : T-Rex"
23:30,192,1586980403,"Coloring Match"
23:30,193,6756402440,"창밖 고양이"
23:30,194,1458568643,"피망 뉴맞고 : 고스톱으로 대한민국 1등"
23:30,195,6503272652,"라스트 Z: 서바이벌 슈터"
23:30,196,1105855019,"Gardenscapes"
23:30,197,6759077038,"Profile Perfect"
23:30,198,1583719180,"Battle Cats Quest"
23:30,199,6752369665,"Haunted Merge: Horror Story"
23:30,200,6474930108,"마라마스터 : 포카포장, 인형계, 마라탕 먹방"
