time,rank,id,title
01:30,1,6749251466,"쿠키런 키우기 - 쿠키런: 크럼블"
01:30,2,6756547841,"꿈틀 수비대: 습격!! 외계인 엉덩이 TD"
01:30,3,6762442041,"열혈강호: 넥스트"
01:30,4,6747957875,"Family Go! - 대를 잇는 인생 시뮬레이션"
01:30,5,6759763476,"Bus Traffic Fever!"
01:30,6,6759081967,"Jewel Coloring"
01:30,7,6757690255,"윈드러너 키우기"
01:30,8,6756185760,"Search It - Hidden Objects"
01:30,9,6748084174,"Smash Fest!"
01:30,10,6760453970,"나쁜 사랑 - 다크한 남친 컬렉션"
01:30,11,431946152,"로블록스(Roblox)"
01:30,12,6759082569,"고양이 마피아 : 방치형 타이쿤 게임"
01:30,13,6499562253,"드래곤빌리지3"
01:30,14,6752672568,"Block Out! - Color Sort Puzzle"
01:30,15,1094591345,"Pokémon GO"
01:30,16,6772136987,"이것이 삼국지다-1,500뽑기 증정"
01:30,17,6443575749,"WOS: 화이트아웃 서바이벌"
01:30,18,1617391485,"블록 블라스트 (Block Blast)"
01:30,19,6761760135,"Meowdoku!"
01:30,20,6471045672,"테이스티 트레블: 합성 게임"
01:30,21,6741503079,"Pokémon Champions"
01:30,22,6759914688,"냥찍 히어로즈 : 방치형 RPG"
01:30,23,6756482832,"Brain Puzzle 3: Crazy Mind"
01:30,24,6747634441,"취준생 키우기 : 취업 시뮬레이션 게임"
01:30,25,6748950306,"단어 솔리테어: 카드 퍼즐게임"
01:30,26,1546845921,"멜론 메이커 : 머지"
01:30,27,6755455500,"할리우드 머지"
01:30,28,1597760047,"OneState RP: 온라인 롤플레잉"
01:30,29,6739554056,"킹샷:Kingshot"
01:30,30,1366526331,"배틀그라운드"
01:30,31,6499209744,"마법의 정렬 (Magic Sort!)"
01:30,32,6760745556,"오늘도 환생 2"
01:30,33,1133463693,"메이플스토리M"
01:30,34,1482155847,"로얄 매치 (Royal Match)"
01:30,35,6756254027,"부족 또 전쟁 ：무한루프 RPG"
01:30,36,6756641249,"hololive Dreams"
01:30,37,6756247787,"디지몬 UP"
01:30,38,1015322991,"Rummikub"
01:30,39,930574573,"Sniper 3D: Gun Shooting Games"
01:30,40,6748397500,"Arrows – Puzzle Escape"
01:30,41,1344700142,"UNO!™"
01:30,42,6764201639,"총잡이 고양이 - 방치형 키우기"
01:30,43,1623318294,"가십하버: 합성 & 스토리 게임"
01:30,44,6737874398,"Merge Fashion: Romance Story"
01:30,45,6747467952,"라이즈 신 키우기"
01:30,46,1193508329,"스도쿠 - 클래식 로직 퍼즐 게임"
01:30,47,6767834940,"탑 로드"
01:30,48,848091833,"냥코 대전쟁"
01:30,49,1558248707,"Goose Goose Duck"
01:30,50,6482291732,"운빨존많겜"
01:30,51,1229016807,"브롤스타즈"
01:30,52,6756288168,"Cookingo: Perfect Meal"
01:30,53,1443446174,"매직 타일 3™: 리듬 피아노 게임"
01:30,54,1478371252,"FC 모바일"
01:30,55,6759546053,"머지냥탐정 : 미스터리 머지"
01:30,56,947742764,"무한의 계단"
01:30,57,880047117,"앵그리버드 2 (Angry Birds 2)"
01:30,58,6780891673,"Royal Smash! - Physics Puzzle"
01:30,59,6752886832,"호텔 레거시"
01:30,60,638689075,"꿈의 마을 (Township)"
01:30,61,6746328263,"Castle Busters"
01:30,62,6756989323,"라스트 어사일럼: 페스트"
01:30,63,6749109526,"X 클래시"
01:30,64,6739616715,"메이플 키우기"
01:30,65,6740899070,"플랜티스와 좀비깡패"
01:30,66,6788498566,"Gartic Phone"
01:30,67,6754098532,"러쉬: 익스트림 (RUSH: Xtreme)"
01:30,68,6448104157,"데이터 필요없는 게임 - 와이파이 필요없는 게임"
01:30,69,6670789598,"Brain Puzzle: Tricky Quest"
01:30,70,6737022506,"나사 풀기 대작전"
01:30,71,1466736988,"카트라이더 러쉬플러스"
01:30,72,1550945606,"사커 슈퍼스타 - 축구"
01:30,73,1438820170,"GO! GO! 고양이 홉핑"
01:30,74,6689516366,"Bus Escape: Traffic Jam"
01:30,75,1458848044,"컴투스프로야구V26"
01:30,76,6749759672,"산너머 도원마을"
01:30,77,1351168404,"Among Us!"
01:30,78,553834731,"캔디크러쉬사가"
01:30,79,6746465127,"세포 특공대 - 전략형 타워 디펜스"
01:30,80,1389111413,"Hole.io"
01:30,81,698255242,"Geometry Dash Lite"
01:30,82,6479970832,"포켓몬 카드 게임 Pocket"
01:30,83,1643509748,"머지 쿠킹 테마 레스토랑（Merge Cooking）"
01:30,84,1465731199,"2 Player Games : the Challenge"
01:30,85,6779167923,"Colony Flow!"
01:30,86,1606549505,"로얄 킹덤 (Royal Kingdom)"
01:30,87,512939461,"Subway Surfers"
01:30,88,6760957454,"탈출 게임 암스테르담"
01:30,89,6451279326,"수험생 키우기 : 수능 시뮬레이션 게임"
01:30,90,6503702666,"협타디: 협동 타워 디펜스"
01:30,91,1117270703,"eFootball™"
01:30,92,1423046460,"Paper.io 2"
01:30,93,6767155768,"현상금 해적단 키우기"
01:30,94,1471942989,"한게임 섯다&맞고"
01:30,95,6758080238,"Tricky Mean2"
01:30,96,1471486284,"한게임 포커"
01:30,97,6755509102,"단어 연상 - 단어잇기 퍼즐게임"
01:30,98,898986747,"좀비고등학교"
01:30,99,6751056652,"Pixel Flow!"
01:30,100,6769314786,"Food Hunt: Pixel Puzzle"
01:30,101,6747492600,"마작 블래스트 (Mahjong Blast)"
01:30,102,1104692136,"스네이크 아이오 - 재미있는 온라인 뱀 전투 게임"
01:30,103,6746151928,"두근두근타운"
01:30,104,1273957743,"EA SPORTS FC Online M"
01:30,105,1272085326,"3D운전교실"
01:30,106,6769617371,"블레이드 워: 삼국"
01:30,107,1509450845,"쿠키런: 킹덤"
01:30,108,880551258,"컴투스프로야구2026"
01:30,109,870442795,"오목의 달인"
01:30,110,1144557284,"텐텐오락실"
01:30,111,6475757306,"Disney Solitaire 디즈니 솔리테어"
01:30,112,6504332779,"Color Block Jam"
01:30,113,608808713,"쿠키런"
01:30,114,6740026253,"오피스 퀸 키우기"
01:30,115,6747063674,"Brain Puzzle 2: Logic Twist"
01:30,116,6466620626,"탕후루의 달인 - 두쫀쿠, 급식, 배달 먹방 ASMR"
01:30,117,6754965520,"Rogue Legend - Roguelike RPG"
01:30,118,1638139403,"블록 크러시 (Block Crush)"
01:30,119,6740043080,"Screwdom : 나사와 볼트 퍼즐"
01:30,120,6757832779,"3D Colorful Sort™ 마법의 물"
01:30,121,6756171201,"컬러스위퍼"
01:30,122,1579464667,"Pokémon Sleep"
01:30,123,329218549,"체스 · 플레이 및 배우기 온라인"
01:30,124,6766739255,"Rebel Glam：나만의 도파민 룩"
01:30,125,6478472449,"비즈 앤 타운: 회사 경영 시뮬레이션 - 타이쿤 게임"
01:30,126,955705796,"MARVEL 퓨처파이트"
01:30,127,6739246483,"Hole Em All: Collect Master"
01:30,128,1089336971,"토킹톰 골드런"
01:30,129,1635760774,"꿈의 호텔 (My Perfect Hotel)"
01:30,130,6477413486,"Level Devil - NOT A Troll Game"
01:30,131,6755183085,"Yarn Loop: Knit Puzzle"
01:30,132,1063165813,"Cardinal Land"
01:30,133,6755216191,"Color Maze - Puzzle Game"
01:30,134,6760822948,"더 코지 플로리스트"
01:30,135,1645844535,"갓물주 키우기"
01:30,136,1598881852,"프로젝트 세카이 컬러풀 스테이지! feat.하츠네 미쿠"
01:30,137,6446516059,"캣 히어로 : 방치형 RPG"
01:30,138,6503603603,"미스터리 타운: 합성 게임 (Mystery Town)"
01:30,139,6753862216,"푸드스타（Foodstars）: 합쳐서 요리하기"
01:30,140,6757413794,"진삼국무쌍-오버로드"
01:30,141,6742222069,"Cookingdom - 요리의 나라"
01:30,142,6740618570,"XP Hero (XP 히어로)"
01:30,143,1566126120,"사과게임 - 화제의 인싸게임"
01:30,144,1480616990,"리그 오브 레전드: 와일드 리프트"
01:30,145,1452992954,"Nonogram.com - 노노그램 숫자퍼즐 게임"
01:30,146,646315802,"모두의마블"
01:30,147,6689516283,"Perfect Tidy: 완벽한 정리"
01:30,148,6743368869,"Draft Showdown"
01:30,149,1480616748,"전략적 팀 전투: 리그 오브 레전드 전략 게임"
01:30,150,6761523148,"Flower Forest - 워드 퍼즐"
01:30,151,1021117809,"주차의 달인 4"
01:30,152,6757844491,"Tricky Story 2: Brain Twist"
01:30,153,1453720435,"Liar Game"
01:30,154,6740966864,"딸깍 다이스"
01:30,155,6450917563,"피자 레디 (Pizza Ready)"
01:30,156,6740838442,"먼작귀 포켓"
01:30,157,6743385713,"털실 마스터 - 마법의 정렬 버스주차퍼즐게임"
01:30,158,1562817072,"Mob Control"
01:30,159,924373886,"길건너 친구들"
01:30,160,1229618961,"Rider - 라이더"
01:30,161,6749132002,"빠지냥! (Drop the Cat)"
01:30,162,6475033368,"명조:워더링 웨이브 - 현방 지계를 향하여"
01:30,163,1323901884,"쿠킹 매드니스(Cooking Madness)"
01:30,164,6759822089,"오늘의 꽃 : 진짜 꽃을 키우는 게임"
01:30,165,6444705312,"비히클 마스터 (Vehicle Masters)"
01:30,166,1453989822,"Aquapark.io"
01:30,167,1458568643,"피망 뉴맞고 : 고스톱으로 대한민국 1등"
01:30,168,6743738094,"마이 스티커 룸 (My Sticker Room)"
01:30,169,6744819313,"Satistory: Tidy Up"
01:30,170,6759997224,"순찰중! 바로 체포!"
01:30,171,6759077038,"Profile Perfect"
01:30,172,6557072922,"Z Survivor: Backpack Shooter"
01:30,173,6782007560,"유월 — 로맨스, 각본 없음."
01:30,174,6736896540,"헬로키티 마이 드림 스토어"
01:30,175,1442749804,"스도쿠 - 클래식 스도쿠"
01:30,176,6746246179,"Foodie Sizzle: 미식 시즐"
01:30,177,1584459287,"말랑이 온라인 - 말랑이 거래, 게임 만들기"
01:30,178,6742241805,"축구 심판 시뮬레이터 2026(Referee Game)"
01:30,179,6447053495,"Makeup Beauty - 메이크업 패션게임"
01:30,180,947258826,"마피아42"
01:30,181,896112560,"Marvel 올스타 배틀"
01:30,182,6760325543,"ArrowCube - 3DPuzzle"
01:30,183,1455441206,"캣점프"
01:30,184,6758072393,"추락한 아름다움: 머지&스토리"
01:30,185,1486214495,"브레인 테스트 (Brain Test): 까다로운 퍼즐"
01:30,186,6758326278,"Amaze GO! - 화살표 퍼즐"
01:30,187,1583719180,"Battle Cats Quest"
01:30,188,6474930108,"마라마스터 : 포카포장, 인형계, 마라탕 먹방"
01:30,189,6449243946,"스네이크 클래시 (Snake Clash)"
01:30,190,6754668985,"이세카이 게이트 ISEKAI GATE"
01:30,191,6503272652,"라스트 Z: 서바이벌 슈터"
01:30,192,1177590613,"숨바꼭질 온라인 - 실시간 숨바꼭질"
01:30,193,1619254071,"아너 오브 킹즈"
01:30,194,6443755785,"씨사이드 익스케이프: 합성 & 스토리 게임"
01:30,195,6743102148,"야구 라이징 스타: Baseball Star MVP"
01:30,196,520888232,"슈퍼펭귄 (Super Penguins)"
01:30,197,6747560860,"Screw Out 3D: Nut Sort Jam"
01:30,198,6744975195,"Sled Surfers - 슬로프 어드벤처"
01:30,199,963067330,"쿠키런: 오븐브레이크"
01:30,200,6752369665,"Haunted Merge: Horror Story"
03:00,1,6749251466,"쿠키런 키우기 - 쿠키런: 크럼블"
03:00,2,6756547841,"꿈틀 수비대: 습격!! 외계인 엉덩이 TD"
03:00,3,6762442041,"열혈강호: 넥스트"
03:00,4,6747957875,"Family Go! - 대를 잇는 인생 시뮬레이션"
03:00,5,6759763476,"Bus Traffic Fever!"
03:00,6,6759081967,"Jewel Coloring"
03:00,7,6757690255,"윈드러너 키우기"
03:00,8,6756185760,"Search It - Hidden Objects"
03:00,9,6748084174,"Smash Fest!"
03:00,10,6760453970,"나쁜 사랑 - 다크한 남친 컬렉션"
03:00,11,431946152,"로블록스(Roblox)"
03:00,12,6759082569,"고양이 마피아 : 방치형 타이쿤 게임"
03:00,13,6499562253,"드래곤빌리지3"
03:00,14,6752672568,"Block Out! - Color Sort Puzzle"
03:00,15,1094591345,"Pokémon GO"
03:00,16,6772136987,"이것이 삼국지다-1,500뽑기 증정"
03:00,17,6443575749,"WOS: 화이트아웃 서바이벌"
03:00,18,1617391485,"블록 블라스트 (Block Blast)"
03:00,19,6761760135,"Meowdoku!"
03:00,20,6471045672,"테이스티 트레블: 합성 게임"
03:00,21,6741503079,"Pokémon Champions"
03:00,22,6759914688,"냥찍 히어로즈 : 방치형 RPG"
03:00,23,6756482832,"Brain Puzzle 3: Crazy Mind"
03:00,24,6747634441,"취준생 키우기 : 취업 시뮬레이션 게임"
03:00,25,6748950306,"단어 솔리테어: 카드 퍼즐게임"
03:00,26,1546845921,"멜론 메이커 : 머지"
03:00,27,6755455500,"할리우드 머지"
03:00,28,1597760047,"OneState RP: 온라인 롤플레잉"
03:00,29,6739554056,"킹샷:Kingshot"
03:00,30,1366526331,"배틀그라운드"
03:00,31,6499209744,"마법의 정렬 (Magic Sort!)"
03:00,32,6760745556,"오늘도 환생 2"
03:00,33,1133463693,"메이플스토리M"
03:00,34,1482155847,"로얄 매치 (Royal Match)"
03:00,35,6756254027,"부족 또 전쟁 ：무한루프 RPG"
03:00,36,6756641249,"hololive Dreams"
03:00,37,6756247787,"디지몬 UP"
03:00,38,1015322991,"Rummikub"
03:00,39,930574573,"Sniper 3D: Gun Shooting Games"
03:00,40,6748397500,"Arrows – Puzzle Escape"
03:00,41,1344700142,"UNO!™"
03:00,42,6764201639,"총잡이 고양이 - 방치형 키우기"
03:00,43,1623318294,"가십하버: 합성 & 스토리 게임"
03:00,44,6737874398,"Merge Fashion: Romance Story"
03:00,45,6747467952,"라이즈 신 키우기"
03:00,46,1193508329,"스도쿠 - 클래식 로직 퍼즐 게임"
03:00,47,6767834940,"탑 로드"
03:00,48,848091833,"냥코 대전쟁"
03:00,49,1558248707,"Goose Goose Duck"
03:00,50,6482291732,"운빨존많겜"
03:00,51,1229016807,"브롤스타즈"
03:00,52,6756288168,"Cookingo: Perfect Meal"
03:00,53,1443446174,"매직 타일 3™: 리듬 피아노 게임"
03:00,54,1478371252,"FC 모바일"
03:00,55,6759546053,"머지냥탐정 : 미스터리 머지"
03:00,56,947742764,"무한의 계단"
03:00,57,880047117,"앵그리버드 2 (Angry Birds 2)"
03:00,58,6780891673,"Royal Smash! - Physics Puzzle"
03:00,59,6752886832,"호텔 레거시"
03:00,60,638689075,"꿈의 마을 (Township)"
03:00,61,6746328263,"Castle Busters"
03:00,62,6756989323,"라스트 어사일럼: 페스트"
03:00,63,6749109526,"X 클래시"
03:00,64,6739616715,"메이플 키우기"
03:00,65,6740899070,"플랜티스와 좀비깡패"
03:00,66,6788498566,"Gartic Phone"
03:00,67,6754098532,"러쉬: 익스트림 (RUSH: Xtreme)"
03:00,68,6448104157,"데이터 필요없는 게임 - 와이파이 필요없는 게임"
03:00,69,6670789598,"Brain Puzzle: Tricky Quest"
03:00,70,6737022506,"나사 풀기 대작전"
03:00,71,1466736988,"카트라이더 러쉬플러스"
03:00,72,1550945606,"사커 슈퍼스타 - 축구"
03:00,73,1438820170,"GO! GO! 고양이 홉핑"
03:00,74,6689516366,"Bus Escape: Traffic Jam"
03:00,75,1458848044,"컴투스프로야구V26"
03:00,76,6749759672,"산너머 도원마을"
03:00,77,1351168404,"Among Us!"
03:00,78,553834731,"캔디크러쉬사가"
03:00,79,6746465127,"세포 특공대 - 전략형 타워 디펜스"
03:00,80,1389111413,"Hole.io"
03:00,81,698255242,"Geometry Dash Lite"
03:00,82,6479970832,"포켓몬 카드 게임 Pocket"
03:00,83,1643509748,"머지 쿠킹 테마 레스토랑（Merge Cooking）"
03:00,84,1465731199,"2 Player Games : the Challenge"
03:00,85,6779167923,"Colony Flow!"
03:00,86,1606549505,"로얄 킹덤 (Royal Kingdom)"
03:00,87,512939461,"Subway Surfers"
03:00,88,6760957454,"탈출 게임 암스테르담"
03:00,89,6451279326,"수험생 키우기 : 수능 시뮬레이션 게임"
03:00,90,6503702666,"협타디: 협동 타워 디펜스"
03:00,91,1117270703,"eFootball™"
03:00,92,1423046460,"Paper.io 2"
03:00,93,6767155768,"현상금 해적단 키우기"
03:00,94,1471942989,"한게임 섯다&맞고"
03:00,95,6758080238,"Tricky Mean2"
03:00,96,1471486284,"한게임 포커"
03:00,97,6755509102,"단어 연상 - 단어잇기 퍼즐게임"
03:00,98,898986747,"좀비고등학교"
03:00,99,6751056652,"Pixel Flow!"
03:00,100,6769314786,"Food Hunt: Pixel Puzzle"
03:00,101,6747492600,"마작 블래스트 (Mahjong Blast)"
03:00,102,1104692136,"스네이크 아이오 - 재미있는 온라인 뱀 전투 게임"
03:00,103,6746151928,"두근두근타운"
03:00,104,1273957743,"EA SPORTS FC Online M"
03:00,105,1272085326,"3D운전교실"
03:00,106,6769617371,"블레이드 워: 삼국"
03:00,107,1509450845,"쿠키런: 킹덤"
03:00,108,880551258,"컴투스프로야구2026"
03:00,109,870442795,"오목의 달인"
03:00,110,1144557284,"텐텐오락실"
03:00,111,6475757306,"Disney Solitaire 디즈니 솔리테어"
03:00,112,6504332779,"Color Block Jam"
03:00,113,608808713,"쿠키런"
03:00,114,6740026253,"오피스 퀸 키우기"
03:00,115,6747063674,"Brain Puzzle 2: Logic Twist"
03:00,116,6466620626,"탕후루의 달인 - 두쫀쿠, 급식, 배달 먹방 ASMR"
03:00,117,6754965520,"Rogue Legend - Roguelike RPG"
03:00,118,1638139403,"블록 크러시 (Block Crush)"
03:00,119,6740043080,"Screwdom : 나사와 볼트 퍼즐"
03:00,120,6757832779,"3D Colorful Sort™ 마법의 물"
03:00,121,6756171201,"컬러스위퍼"
03:00,122,1579464667,"Pokémon Sleep"
03:00,123,329218549,"체스 · 플레이 및 배우기 온라인"
03:00,124,6766739255,"Rebel Glam：나만의 도파민 룩"
03:00,125,6478472449,"비즈 앤 타운: 회사 경영 시뮬레이션 - 타이쿤 게임"
03:00,126,955705796,"MARVEL 퓨처파이트"
03:00,127,6739246483,"Hole Em All: Collect Master"
03:00,128,1089336971,"토킹톰 골드런"
03:00,129,1635760774,"꿈의 호텔 (My Perfect Hotel)"
03:00,130,6477413486,"Level Devil - NOT A Troll Game"
03:00,131,6755183085,"Yarn Loop: Knit Puzzle"
03:00,132,1063165813,"Cardinal Land"
03:00,133,6755216191,"Color Maze - Puzzle Game"
03:00,134,6760822948,"더 코지 플로리스트"
03:00,135,1645844535,"갓물주 키우기"
03:00,136,1598881852,"프로젝트 세카이 컬러풀 스테이지! feat.하츠네 미쿠"
03:00,137,6446516059,"캣 히어로 : 방치형 RPG"
03:00,138,6503603603,"미스터리 타운: 합성 게임 (Mystery Town)"
03:00,139,6753862216,"푸드스타（Foodstars）: 합쳐서 요리하기"
03:00,140,6757413794,"진삼국무쌍-오버로드"
03:00,141,6742222069,"Cookingdom - 요리의 나라"
03:00,142,6740618570,"XP Hero (XP 히어로)"
03:00,143,1566126120,"사과게임 - 화제의 인싸게임"
03:00,144,1480616990,"리그 오브 레전드: 와일드 리프트"
03:00,145,1452992954,"Nonogram.com - 노노그램 숫자퍼즐 게임"
03:00,146,646315802,"모두의마블"
03:00,147,6689516283,"Perfect Tidy: 완벽한 정리"
03:00,148,6743368869,"Draft Showdown"
03:00,149,1480616748,"전략적 팀 전투: 리그 오브 레전드 전략 게임"
03:00,150,6761523148,"Flower Forest - 워드 퍼즐"
03:00,151,1021117809,"주차의 달인 4"
03:00,152,6757844491,"Tricky Story 2: Brain Twist"
03:00,153,1453720435,"Liar Game"
03:00,154,6740966864,"딸깍 다이스"
03:00,155,6450917563,"피자 레디 (Pizza Ready)"
03:00,156,6740838442,"먼작귀 포켓"
03:00,157,6743385713,"털실 마스터 - 마법의 정렬 버스주차퍼즐게임"
03:00,158,1562817072,"Mob Control"
03:00,159,924373886,"길건너 친구들"
03:00,160,1229618961,"Rider - 라이더"
03:00,161,6749132002,"빠지냥! (Drop the Cat)"
03:00,162,6475033368,"명조:워더링 웨이브 - 현방 지계를 향하여"
03:00,163,1323901884,"쿠킹 매드니스(Cooking Madness)"
03:00,164,6759822089,"오늘의 꽃 : 진짜 꽃을 키우는 게임"
03:00,165,6444705312,"비히클 마스터 (Vehicle Masters)"
03:00,166,1453989822,"Aquapark.io"
03:00,167,1458568643,"피망 뉴맞고 : 고스톱으로 대한민국 1등"
03:00,168,6743738094,"마이 스티커 룸 (My Sticker Room)"
03:00,169,6744819313,"Satistory: Tidy Up"
03:00,170,6759997224,"순찰중! 바로 체포!"
03:00,171,6759077038,"Profile Perfect"
03:00,172,6557072922,"Z Survivor: Backpack Shooter"
03:00,173,6782007560,"유월 — 로맨스, 각본 없음."
03:00,174,6736896540,"헬로키티 마이 드림 스토어"
03:00,175,1442749804,"스도쿠 - 클래식 스도쿠"
03:00,176,6746246179,"Foodie Sizzle: 미식 시즐"
03:00,177,1584459287,"말랑이 온라인 - 말랑이 거래, 게임 만들기"
03:00,178,6742241805,"축구 심판 시뮬레이터 2026(Referee Game)"
03:00,179,6447053495,"Makeup Beauty - 메이크업 패션게임"
03:00,180,947258826,"마피아42"
03:00,181,896112560,"Marvel 올스타 배틀"
03:00,182,6760325543,"ArrowCube - 3DPuzzle"
03:00,183,1455441206,"캣점프"
03:00,184,6758072393,"추락한 아름다움: 머지&스토리"
03:00,185,1486214495,"브레인 테스트 (Brain Test): 까다로운 퍼즐"
03:00,186,6758326278,"Amaze GO! - 화살표 퍼즐"
03:00,187,1583719180,"Battle Cats Quest"
03:00,188,6474930108,"마라마스터 : 포카포장, 인형계, 마라탕 먹방"
03:00,189,6449243946,"스네이크 클래시 (Snake Clash)"
03:00,190,6754668985,"이세카이 게이트 ISEKAI GATE"
03:00,191,6503272652,"라스트 Z: 서바이벌 슈터"
03:00,192,1177590613,"숨바꼭질 온라인 - 실시간 숨바꼭질"
03:00,193,1619254071,"아너 오브 킹즈"
03:00,194,6443755785,"씨사이드 익스케이프: 합성 & 스토리 게임"
03:00,195,6743102148,"야구 라이징 스타: Baseball Star MVP"
03:00,196,520888232,"슈퍼펭귄 (Super Penguins)"
03:00,197,6747560860,"Screw Out 3D: Nut Sort Jam"
03:00,198,6744975195,"Sled Surfers - 슬로프 어드벤처"
03:00,199,963067330,"쿠키런: 오븐브레이크"
03:00,200,6752369665,"Haunted Merge: Horror Story"
05:00,1,6749251466,"쿠키런 키우기 - 쿠키런: 크럼블"
05:00,2,6756547841,"꿈틀 수비대: 습격!! 외계인 엉덩이 TD"
05:00,3,6762442041,"열혈강호: 넥스트"
05:00,4,6747957875,"Family Go! - 대를 잇는 인생 시뮬레이션"
05:00,5,6759763476,"Bus Traffic Fever!"
05:00,6,6759081967,"Jewel Coloring"
05:00,7,6757690255,"윈드러너 키우기"
05:00,8,6756185760,"Search It - Hidden Objects"
05:00,9,6760453970,"나쁜 사랑 - 다크한 남친 컬렉션"
05:00,10,6748084174,"Smash Fest!"
05:00,11,431946152,"로블록스(Roblox)"
05:00,12,6752672568,"Block Out! - Color Sort Puzzle"
05:00,13,6499562253,"드래곤빌리지3"
05:00,14,6759082569,"고양이 마피아 : 방치형 타이쿤 게임"
05:00,15,1094591345,"Pokémon GO"
05:00,16,6772136987,"이것이 삼국지다-1,500뽑기 증정"
05:00,17,6443575749,"WOS: 화이트아웃 서바이벌"
05:00,18,1617391485,"블록 블라스트 (Block Blast)"
05:00,19,6761760135,"Meowdoku!"
05:00,20,6471045672,"테이스티 트레블: 합성 게임"
05:00,21,6741503079,"Pokémon Champions"
05:00,22,6759914688,"냥찍 히어로즈 : 방치형 RPG"
05:00,23,6748950306,"단어 솔리테어: 카드 퍼즐게임"
05:00,24,6756482832,"Brain Puzzle 3: Crazy Mind"
05:00,25,6747634441,"취준생 키우기 : 취업 시뮬레이션 게임"
05:00,26,1366526331,"배틀그라운드"
05:00,27,1546845921,"멜론 메이커 : 머지"
05:00,28,1597760047,"OneState RP: 온라인 롤플레잉"
05:00,29,6499209744,"마법의 정렬 (Magic Sort!)"
05:00,30,6755455500,"할리우드 머지"
05:00,31,6739554056,"킹샷:Kingshot"
05:00,32,6760745556,"오늘도 환생 2"
05:00,33,1133463693,"메이플스토리M"
05:00,34,1482155847,"로얄 매치 (Royal Match)"
05:00,35,6756254027,"부족 또 전쟁 ：무한루프 RPG"
05:00,36,6756641249,"hololive Dreams"
05:00,37,1015322991,"Rummikub"
05:00,38,6756247787,"디지몬 UP"
05:00,39,1344700142,"UNO!™"
05:00,40,6748397500,"Arrows – Puzzle Escape"
05:00,41,930574573,"Sniper 3D: Gun Shooting Games"
05:00,42,1623318294,"가십하버: 합성 & 스토리 게임"
05:00,43,6737874398,"Merge Fashion: Romance Story"
05:00,44,6764201639,"총잡이 고양이 - 방치형 키우기"
05:00,45,6747467952,"라이즈 신 키우기"
05:00,46,6756288168,"Cookingo: Perfect Meal"
05:00,47,1193508329,"스도쿠 - 클래식 로직 퍼즐 게임"
05:00,48,1229016807,"브롤스타즈"
05:00,49,1558248707,"Goose Goose Duck"
05:00,50,6767834940,"탑 로드"
05:00,51,6482291732,"운빨존많겜"
05:00,52,1478371252,"FC 모바일"
05:00,53,1443446174,"매직 타일 3™: 리듬 피아노 게임"
05:00,54,6780891673,"Royal Smash! - Physics Puzzle"
05:00,55,848091833,"냥코 대전쟁"
05:00,56,6759546053,"머지냥탐정 : 미스터리 머지"
05:00,57,6788498566,"Gartic Phone"
05:00,58,947742764,"무한의 계단"
05:00,59,6752886832,"호텔 레거시"
05:00,60,880047117,"앵그리버드 2 (Angry Birds 2)"
05:00,61,6739616715,"메이플 키우기"
05:00,62,638689075,"꿈의 마을 (Township)"
05:00,63,6670789598,"Brain Puzzle: Tricky Quest"
05:00,64,6448104157,"데이터 필요없는 게임 - 와이파이 필요없는 게임"
05:00,65,6746328263,"Castle Busters"
05:00,66,6756989323,"라스트 어사일럼: 페스트"
05:00,67,6749109526,"X 클래시"
05:00,68,6740899070,"플랜티스와 좀비깡패"
05:00,69,6754098532,"러쉬: 익스트림 (RUSH: Xtreme)"
05:00,70,1351168404,"Among Us!"
05:00,71,1466736988,"카트라이더 러쉬플러스"
05:00,72,6689516366,"Bus Escape: Traffic Jam"
05:00,73,6746465127,"세포 특공대 - 전략형 타워 디펜스"
05:00,74,1458848044,"컴투스프로야구V26"
05:00,75,6737022506,"나사 풀기 대작전"
05:00,76,6749759672,"산너머 도원마을"
05:00,77,1550945606,"사커 슈퍼스타 - 축구"
05:00,78,553834731,"캔디크러쉬사가"
05:00,79,1438820170,"GO! GO! 고양이 홉핑"
05:00,80,698255242,"Geometry Dash Lite"
05:00,81,1389111413,"Hole.io"
05:00,82,1471942989,"한게임 섯다&맞고"
05:00,83,1643509748,"머지 쿠킹 테마 레스토랑（Merge Cooking）"
05:00,84,6479970832,"포켓몬 카드 게임 Pocket"
05:00,85,6760957454,"탈출 게임 암스테르담"
05:00,86,6503702666,"협타디: 협동 타워 디펜스"
05:00,87,512939461,"Subway Surfers"
05:00,88,1471486284,"한게임 포커"
05:00,89,6755509102,"단어 연상 - 단어잇기 퍼즐게임"
05:00,90,1606549505,"로얄 킹덤 (Royal Kingdom)"
05:00,91,1117270703,"eFootball™"
05:00,92,1465731199,"2 Player Games : the Challenge"
05:00,93,6451279326,"수험생 키우기 : 수능 시뮬레이션 게임"
05:00,94,898986747,"좀비고등학교"
05:00,95,6779167923,"Colony Flow!"
05:00,96,6769314786,"Food Hunt: Pixel Puzzle"
05:00,97,1423046460,"Paper.io 2"
05:00,98,1144557284,"텐텐오락실"
05:00,99,6751056652,"Pixel Flow!"
05:00,100,6747492600,"마작 블래스트 (Mahjong Blast)"
05:00,101,6767155768,"현상금 해적단 키우기"
05:00,102,1273957743,"EA SPORTS FC Online M"
05:00,103,6758080238,"Tricky Mean2"
05:00,104,1579464667,"Pokémon Sleep"
05:00,105,1104692136,"스네이크 아이오 - 재미있는 온라인 뱀 전투 게임"
05:00,106,1509450845,"쿠키런: 킹덤"
05:00,107,880551258,"컴투스프로야구2026"
05:00,108,6746151928,"두근두근타운"
05:00,109,870442795,"오목의 달인"
05:00,110,1272085326,"3D운전교실"
05:00,111,6475757306,"Disney Solitaire 디즈니 솔리테어"
05:00,112,6504332779,"Color Block Jam"
05:00,113,6740043080,"Screwdom : 나사와 볼트 퍼즐"
05:00,114,6769617371,"블레이드 워: 삼국"
05:00,115,608808713,"쿠키런"
05:00,116,6740026253,"오피스 퀸 키우기"
05:00,117,1638139403,"블록 크러시 (Block Crush)"
05:00,118,6739246483,"Hole Em All: Collect Master"
05:00,119,955705796,"MARVEL 퓨처파이트"
05:00,120,6747063674,"Brain Puzzle 2: Logic Twist"
05:00,121,6756171201,"컬러스위퍼"
05:00,122,6757832779,"3D Colorful Sort™ 마법의 물"
05:00,123,6754965520,"Rogue Legend - Roguelike RPG"
05:00,124,6740618570,"XP Hero (XP 히어로)"
05:00,125,6466620626,"탕후루의 달인 - 두쫀쿠, 급식, 배달 먹방 ASMR"
05:00,126,1089336971,"토킹톰 골드런"
05:00,127,6478472449,"비즈 앤 타운: 회사 경영 시뮬레이션 - 타이쿤 게임"
05:00,128,329218549,"체스 · 플레이 및 배우기 온라인"
05:00,129,6742222069,"Cookingdom - 요리의 나라"
05:00,130,6766739255,"Rebel Glam：나만의 도파민 룩"
05:00,131,6477413486,"Level Devil - NOT A Troll Game"
05:00,132,1598881852,"프로젝트 세카이 컬러풀 스테이지! feat.하츠네 미쿠"
05:00,133,1635760774,"꿈의 호텔 (My Perfect Hotel)"
05:00,134,6755183085,"Yarn Loop: Knit Puzzle"
05:00,135,6760822948,"더 코지 플로리스트"
05:00,136,1645844535,"갓물주 키우기"
05:00,137,6446516059,"캣 히어로 : 방치형 RPG"
05:00,138,6753862216,"푸드스타（Foodstars）: 합쳐서 요리하기"
05:00,139,1453720435,"Liar Game"
05:00,140,646315802,"모두의마블"
05:00,141,1480616990,"리그 오브 레전드: 와일드 리프트"
05:00,142,6689516283,"Perfect Tidy: 완벽한 정리"
05:00,143,6755216191,"Color Maze - Puzzle Game"
05:00,144,6503603603,"미스터리 타운: 합성 게임 (Mystery Town)"
05:00,145,1566126120,"사과게임 - 화제의 인싸게임"
05:00,146,1480616748,"전략적 팀 전투: 리그 오브 레전드 전략 게임"
05:00,147,1452992954,"Nonogram.com - 노노그램 숫자퍼즐 게임"
05:00,148,1063165813,"Cardinal Land"
05:00,149,6757413794,"진삼국무쌍-오버로드"
05:00,150,6761523148,"Flower Forest - 워드 퍼즐"
05:00,151,1021117809,"주차의 달인 4"
05:00,152,6740838442,"먼작귀 포켓"
05:00,153,6475033368,"명조:워더링 웨이브 - 현방 지계를 향하여"
05:00,154,6749132002,"빠지냥! (Drop the Cat)"
05:00,155,6743368869,"Draft Showdown"
05:00,156,6740966864,"딸깍 다이스"
05:00,157,1323901884,"쿠킹 매드니스(Cooking Madness)"
05:00,158,1229618961,"Rider - 라이더"
05:00,159,6757844491,"Tricky Story 2: Brain Twist"
05:00,160,6450917563,"피자 레디 (Pizza Ready)"
05:00,161,6743385713,"털실 마스터 - 마법의 정렬 버스주차퍼즐게임"
05:00,162,6744819313,"Satistory: Tidy Up"
05:00,163,924373886,"길건너 친구들"
05:00,164,6760325543,"ArrowCube - 3DPuzzle"
05:00,165,1458568643,"피망 뉴맞고 : 고스톱으로 대한민국 1등"
05:00,166,6746246179,"Foodie Sizzle: 미식 시즐"
05:00,167,6743738094,"마이 스티커 룸 (My Sticker Room)"
05:00,168,6444705312,"비히클 마스터 (Vehicle Masters)"
05:00,169,947258826,"마피아42"
05:00,170,1562817072,"Mob Control"
05:00,171,6759822089,"오늘의 꽃 : 진짜 꽃을 키우는 게임"
05:00,172,6759077038,"Profile Perfect"
05:00,173,6742241805,"축구 심판 시뮬레이터 2026(Referee Game)"
05:00,174,6759997224,"순찰중! 바로 체포!"
05:00,175,1442749804,"스도쿠 - 클래식 스도쿠"
05:00,176,1453989822,"Aquapark.io"
05:00,177,6447053495,"Makeup Beauty - 메이크업 패션게임"
05:00,178,6736896540,"헬로키티 마이 드림 스토어"
05:00,179,896112560,"Marvel 올스타 배틀"
05:00,180,1584459287,"말랑이 온라인 - 말랑이 거래, 게임 만들기"
05:00,181,6782007560,"유월 — 로맨스, 각본 없음."
05:00,182,6557072922,"Z Survivor: Backpack Shooter"
05:00,183,6758072393,"추락한 아름다움: 머지&스토리"
05:00,184,6754668985,"이세카이 게이트 ISEKAI GATE"
05:00,185,1177590613,"숨바꼭질 온라인 - 실시간 숨바꼭질"
05:00,186,1455441206,"캣점프"
05:00,187,1486214495,"브레인 테스트 (Brain Test): 까다로운 퍼즐"
05:00,188,1053012308,"클래시 로얄 (Clash Royale)"
05:00,189,543186831,"8 Ball Pool™"
05:00,190,6758326278,"Amaze GO! - 화살표 퍼즐"
05:00,191,1583719180,"Battle Cats Quest"
05:00,192,6449243946,"스네이크 클래시 (Snake Clash)"
05:00,193,6760998152,"Family Farm Merge"
05:00,194,1619254071,"아너 오브 킹즈"
05:00,195,6443755785,"씨사이드 익스케이프: 합성 & 스토리 게임"
05:00,196,6503272652,"라스트 Z: 서바이벌 슈터"
05:00,197,963067330,"쿠키런: 오븐브레이크"
05:00,198,6451399876,"Delta Force"
05:00,199,6670169904,"Train Station 3: 기차 타이쿤"
05:00,200,1620339095,"Falling Art Ragdoll Simulator"
06:00,1,6749251466,"쿠키런 키우기 - 쿠키런: 크럼블"
06:00,2,6756547841,"꿈틀 수비대: 습격!! 외계인 엉덩이 TD"
06:00,3,6762442041,"열혈강호: 넥스트"
06:00,4,6747957875,"Family Go! - 대를 잇는 인생 시뮬레이션"
06:00,5,6759763476,"Bus Traffic Fever!"
06:00,6,6759081967,"Jewel Coloring"
06:00,7,6757690255,"윈드러너 키우기"
06:00,8,6756185760,"Search It - Hidden Objects"
06:00,9,6760453970,"나쁜 사랑 - 다크한 남친 컬렉션"
06:00,10,6748084174,"Smash Fest!"
06:00,11,431946152,"로블록스(Roblox)"
06:00,12,6752672568,"Block Out! - Color Sort Puzzle"
06:00,13,6499562253,"드래곤빌리지3"
06:00,14,6759082569,"고양이 마피아 : 방치형 타이쿤 게임"
06:00,15,1094591345,"Pokémon GO"
06:00,16,6772136987,"이것이 삼국지다-1,500뽑기 증정"
06:00,17,6443575749,"WOS: 화이트아웃 서바이벌"
06:00,18,1617391485,"블록 블라스트 (Block Blast)"
06:00,19,6761760135,"Meowdoku!"
06:00,20,6471045672,"테이스티 트레블: 합성 게임"
06:00,21,6741503079,"Pokémon Champions"
06:00,22,6759914688,"냥찍 히어로즈 : 방치형 RPG"
06:00,23,6748950306,"단어 솔리테어: 카드 퍼즐게임"
06:00,24,6756482832,"Brain Puzzle 3: Crazy Mind"
06:00,25,6747634441,"취준생 키우기 : 취업 시뮬레이션 게임"
06:00,26,1366526331,"배틀그라운드"
06:00,27,1546845921,"멜론 메이커 : 머지"
06:00,28,1597760047,"OneState RP: 온라인 롤플레잉"
06:00,29,6499209744,"마법의 정렬 (Magic Sort!)"
06:00,30,6755455500,"할리우드 머지"
06:00,31,6739554056,"킹샷:Kingshot"
06:00,32,6760745556,"오늘도 환생 2"
06:00,33,1133463693,"메이플스토리M"
06:00,34,1482155847,"로얄 매치 (Royal Match)"
06:00,35,6756254027,"부족 또 전쟁 ：무한루프 RPG"
06:00,36,6756641249,"hololive Dreams"
06:00,37,1015322991,"Rummikub"
06:00,38,6756247787,"디지몬 UP"
06:00,39,1344700142,"UNO!™"
06:00,40,6748397500,"Arrows – Puzzle Escape"
06:00,41,930574573,"Sniper 3D: Gun Shooting Games"
06:00,42,1623318294,"가십하버: 합성 & 스토리 게임"
06:00,43,6737874398,"Merge Fashion: Romance Story"
06:00,44,6764201639,"총잡이 고양이 - 방치형 키우기"
06:00,45,6747467952,"라이즈 신 키우기"
06:00,46,6756288168,"Cookingo: Perfect Meal"
06:00,47,1193508329,"스도쿠 - 클래식 로직 퍼즐 게임"
06:00,48,1229016807,"브롤스타즈"
06:00,49,1558248707,"Goose Goose Duck"
06:00,50,6767834940,"탑 로드"
06:00,51,6482291732,"운빨존많겜"
06:00,52,1478371252,"FC 모바일"
06:00,53,1443446174,"매직 타일 3™: 리듬 피아노 게임"
06:00,54,6780891673,"Royal Smash! - Physics Puzzle"
06:00,55,848091833,"냥코 대전쟁"
06:00,56,6759546053,"머지냥탐정 : 미스터리 머지"
06:00,57,6788498566,"Gartic Phone"
06:00,58,947742764,"무한의 계단"
06:00,59,6752886832,"호텔 레거시"
06:00,60,880047117,"앵그리버드 2 (Angry Birds 2)"
06:00,61,6739616715,"메이플 키우기"
06:00,62,638689075,"꿈의 마을 (Township)"
06:00,63,6670789598,"Brain Puzzle: Tricky Quest"
06:00,64,6448104157,"데이터 필요없는 게임 - 와이파이 필요없는 게임"
06:00,65,6746328263,"Castle Busters"
06:00,66,6756989323,"라스트 어사일럼: 페스트"
06:00,67,6749109526,"X 클래시"
06:00,68,6740899070,"플랜티스와 좀비깡패"
06:00,69,6754098532,"러쉬: 익스트림 (RUSH: Xtreme)"
06:00,70,1351168404,"Among Us!"
06:00,71,1466736988,"카트라이더 러쉬플러스"
06:00,72,6689516366,"Bus Escape: Traffic Jam"
06:00,73,6746465127,"세포 특공대 - 전략형 타워 디펜스"
06:00,74,1458848044,"컴투스프로야구V26"
06:00,75,6737022506,"나사 풀기 대작전"
06:00,76,6749759672,"산너머 도원마을"
06:00,77,1550945606,"사커 슈퍼스타 - 축구"
06:00,78,553834731,"캔디크러쉬사가"
06:00,79,1438820170,"GO! GO! 고양이 홉핑"
06:00,80,698255242,"Geometry Dash Lite"
06:00,81,1389111413,"Hole.io"
06:00,82,1471942989,"한게임 섯다&맞고"
06:00,83,1643509748,"머지 쿠킹 테마 레스토랑（Merge Cooking）"
06:00,84,6479970832,"포켓몬 카드 게임 Pocket"
06:00,85,6760957454,"탈출 게임 암스테르담"
06:00,86,6503702666,"협타디: 협동 타워 디펜스"
06:00,87,512939461,"Subway Surfers"
06:00,88,1471486284,"한게임 포커"
06:00,89,6755509102,"단어 연상 - 단어잇기 퍼즐게임"
06:00,90,1606549505,"로얄 킹덤 (Royal Kingdom)"
06:00,91,1117270703,"eFootball™"
06:00,92,1465731199,"2 Player Games : the Challenge"
06:00,93,6451279326,"수험생 키우기 : 수능 시뮬레이션 게임"
06:00,94,898986747,"좀비고등학교"
06:00,95,6779167923,"Colony Flow!"
06:00,96,6769314786,"Food Hunt: Pixel Puzzle"
06:00,97,1423046460,"Paper.io 2"
06:00,98,1144557284,"텐텐오락실"
06:00,99,6751056652,"Pixel Flow!"
06:00,100,6747492600,"마작 블래스트 (Mahjong Blast)"
06:00,101,6767155768,"현상금 해적단 키우기"
06:00,102,1273957743,"EA SPORTS FC Online M"
06:00,103,6758080238,"Tricky Mean2"
06:00,104,1579464667,"Pokémon Sleep"
06:00,105,1104692136,"스네이크 아이오 - 재미있는 온라인 뱀 전투 게임"
06:00,106,1509450845,"쿠키런: 킹덤"
06:00,107,880551258,"컴투스프로야구2026"
06:00,108,6746151928,"두근두근타운"
06:00,109,870442795,"오목의 달인"
06:00,110,1272085326,"3D운전교실"
06:00,111,6475757306,"Disney Solitaire 디즈니 솔리테어"
06:00,112,6504332779,"Color Block Jam"
06:00,113,6740043080,"Screwdom : 나사와 볼트 퍼즐"
06:00,114,6769617371,"블레이드 워: 삼국"
06:00,115,608808713,"쿠키런"
06:00,116,6740026253,"오피스 퀸 키우기"
06:00,117,1638139403,"블록 크러시 (Block Crush)"
06:00,118,6739246483,"Hole Em All: Collect Master"
06:00,119,955705796,"MARVEL 퓨처파이트"
06:00,120,6747063674,"Brain Puzzle 2: Logic Twist"
06:00,121,6756171201,"컬러스위퍼"
06:00,122,6757832779,"3D Colorful Sort™ 마법의 물"
06:00,123,6754965520,"Rogue Legend - Roguelike RPG"
06:00,124,6740618570,"XP Hero (XP 히어로)"
06:00,125,6466620626,"탕후루의 달인 - 두쫀쿠, 급식, 배달 먹방 ASMR"
06:00,126,1089336971,"토킹톰 골드런"
06:00,127,6478472449,"비즈 앤 타운: 회사 경영 시뮬레이션 - 타이쿤 게임"
06:00,128,329218549,"체스 · 플레이 및 배우기 온라인"
06:00,129,6742222069,"Cookingdom - 요리의 나라"
06:00,130,6766739255,"Rebel Glam：나만의 도파민 룩"
06:00,131,6477413486,"Level Devil - NOT A Troll Game"
06:00,132,1598881852,"프로젝트 세카이 컬러풀 스테이지! feat.하츠네 미쿠"
06:00,133,1635760774,"꿈의 호텔 (My Perfect Hotel)"
06:00,134,6755183085,"Yarn Loop: Knit Puzzle"
06:00,135,6760822948,"더 코지 플로리스트"
06:00,136,1645844535,"갓물주 키우기"
06:00,137,6446516059,"캣 히어로 : 방치형 RPG"
06:00,138,6753862216,"푸드스타（Foodstars）: 합쳐서 요리하기"
06:00,139,1453720435,"Liar Game"
06:00,140,646315802,"모두의마블"
06:00,141,1480616990,"리그 오브 레전드: 와일드 리프트"
06:00,142,6689516283,"Perfect Tidy: 완벽한 정리"
06:00,143,6755216191,"Color Maze - Puzzle Game"
06:00,144,6503603603,"미스터리 타운: 합성 게임 (Mystery Town)"
06:00,145,1566126120,"사과게임 - 화제의 인싸게임"
06:00,146,1480616748,"전략적 팀 전투: 리그 오브 레전드 전략 게임"
06:00,147,1452992954,"Nonogram.com - 노노그램 숫자퍼즐 게임"
06:00,148,1063165813,"Cardinal Land"
06:00,149,6757413794,"진삼국무쌍-오버로드"
06:00,150,6761523148,"Flower Forest - 워드 퍼즐"
06:00,151,1021117809,"주차의 달인 4"
06:00,152,6740838442,"먼작귀 포켓"
06:00,153,6475033368,"명조:워더링 웨이브 - 현방 지계를 향하여"
06:00,154,6749132002,"빠지냥! (Drop the Cat)"
06:00,155,6743368869,"Draft Showdown"
06:00,156,6740966864,"딸깍 다이스"
06:00,157,1323901884,"쿠킹 매드니스(Cooking Madness)"
06:00,158,1229618961,"Rider - 라이더"
06:00,159,6757844491,"Tricky Story 2: Brain Twist"
06:00,160,6450917563,"피자 레디 (Pizza Ready)"
06:00,161,6743385713,"털실 마스터 - 마법의 정렬 버스주차퍼즐게임"
06:00,162,6744819313,"Satistory: Tidy Up"
06:00,163,924373886,"길건너 친구들"
06:00,164,6760325543,"ArrowCube - 3DPuzzle"
06:00,165,1458568643,"피망 뉴맞고 : 고스톱으로 대한민국 1등"
06:00,166,6746246179,"Foodie Sizzle: 미식 시즐"
06:00,167,6743738094,"마이 스티커 룸 (My Sticker Room)"
06:00,168,6444705312,"비히클 마스터 (Vehicle Masters)"
06:00,169,947258826,"마피아42"
06:00,170,1562817072,"Mob Control"
06:00,171,6759822089,"오늘의 꽃 : 진짜 꽃을 키우는 게임"
06:00,172,6759077038,"Profile Perfect"
06:00,173,6742241805,"축구 심판 시뮬레이터 2026(Referee Game)"
06:00,174,6759997224,"순찰중! 바로 체포!"
06:00,175,1442749804,"스도쿠 - 클래식 스도쿠"
06:00,176,1453989822,"Aquapark.io"
06:00,177,6447053495,"Makeup Beauty - 메이크업 패션게임"
06:00,178,6736896540,"헬로키티 마이 드림 스토어"
06:00,179,896112560,"Marvel 올스타 배틀"
06:00,180,1584459287,"말랑이 온라인 - 말랑이 거래, 게임 만들기"
06:00,181,6782007560,"유월 — 로맨스, 각본 없음."
06:00,182,6557072922,"Z Survivor: Backpack Shooter"
06:00,183,6758072393,"추락한 아름다움: 머지&스토리"
06:00,184,6754668985,"이세카이 게이트 ISEKAI GATE"
06:00,185,1177590613,"숨바꼭질 온라인 - 실시간 숨바꼭질"
06:00,186,1455441206,"캣점프"
06:00,187,1486214495,"브레인 테스트 (Brain Test): 까다로운 퍼즐"
06:00,188,1053012308,"클래시 로얄 (Clash Royale)"
06:00,189,543186831,"8 Ball Pool™"
06:00,190,6758326278,"Amaze GO! - 화살표 퍼즐"
06:00,191,1583719180,"Battle Cats Quest"
06:00,192,6449243946,"스네이크 클래시 (Snake Clash)"
06:00,193,6760998152,"Family Farm Merge"
06:00,194,1619254071,"아너 오브 킹즈"
06:00,195,6443755785,"씨사이드 익스케이프: 합성 & 스토리 게임"
06:00,196,6503272652,"라스트 Z: 서바이벌 슈터"
06:00,197,963067330,"쿠키런: 오븐브레이크"
06:00,198,6451399876,"Delta Force"
06:00,199,6670169904,"Train Station 3: 기차 타이쿤"
06:00,200,1620339095,"Falling Art Ragdoll Simulator"
07:00,1,6749251466,"쿠키런 키우기 - 쿠키런: 크럼블"
07:00,2,6756547841,"꿈틀 수비대: 습격!! 외계인 엉덩이 TD"
07:00,3,6762442041,"열혈강호: 넥스트"
07:00,4,6747957875,"Family Go! - 대를 잇는 인생 시뮬레이션"
07:00,5,6759763476,"Bus Traffic Fever!"
07:00,6,6759081967,"Jewel Coloring"
07:00,7,6757690255,"윈드러너 키우기"
07:00,8,6756185760,"Search It - Hidden Objects"
07:00,9,6760453970,"나쁜 사랑 - 다크한 남친 컬렉션"
07:00,10,6748084174,"Smash Fest!"
07:00,11,431946152,"로블록스(Roblox)"
07:00,12,6752672568,"Block Out! - Color Sort Puzzle"
07:00,13,6499562253,"드래곤빌리지3"
07:00,14,6759082569,"고양이 마피아 : 방치형 타이쿤 게임"
07:00,15,1094591345,"Pokémon GO"
07:00,16,6772136987,"이것이 삼국지다-1,500뽑기 증정"
07:00,17,6443575749,"WOS: 화이트아웃 서바이벌"
07:00,18,1617391485,"블록 블라스트 (Block Blast)"
07:00,19,6761760135,"Meowdoku!"
07:00,20,6471045672,"테이스티 트레블: 합성 게임"
07:00,21,6741503079,"Pokémon Champions"
07:00,22,6759914688,"냥찍 히어로즈 : 방치형 RPG"
07:00,23,6748950306,"단어 솔리테어: 카드 퍼즐게임"
07:00,24,6756482832,"Brain Puzzle 3: Crazy Mind"
07:00,25,6747634441,"취준생 키우기 : 취업 시뮬레이션 게임"
07:00,26,1366526331,"배틀그라운드"
07:00,27,1546845921,"멜론 메이커 : 머지"
07:00,28,1597760047,"OneState RP: 온라인 롤플레잉"
07:00,29,6499209744,"마법의 정렬 (Magic Sort!)"
07:00,30,6755455500,"할리우드 머지"
07:00,31,6739554056,"킹샷:Kingshot"
07:00,32,6760745556,"오늘도 환생 2"
07:00,33,1133463693,"메이플스토리M"
07:00,34,1482155847,"로얄 매치 (Royal Match)"
07:00,35,6756254027,"부족 또 전쟁 ：무한루프 RPG"
07:00,36,6756641249,"hololive Dreams"
07:00,37,1015322991,"Rummikub"
07:00,38,6756247787,"디지몬 UP"
07:00,39,1344700142,"UNO!™"
07:00,40,6748397500,"Arrows – Puzzle Escape"
07:00,41,930574573,"Sniper 3D: Gun Shooting Games"
07:00,42,1623318294,"가십하버: 합성 & 스토리 게임"
07:00,43,6737874398,"Merge Fashion: Romance Story"
07:00,44,6764201639,"총잡이 고양이 - 방치형 키우기"
07:00,45,6747467952,"라이즈 신 키우기"
07:00,46,6756288168,"Cookingo: Perfect Meal"
07:00,47,1193508329,"스도쿠 - 클래식 로직 퍼즐 게임"
07:00,48,1229016807,"브롤스타즈"
07:00,49,1558248707,"Goose Goose Duck"
07:00,50,6767834940,"탑 로드"
07:00,51,6482291732,"운빨존많겜"
07:00,52,1478371252,"FC 모바일"
07:00,53,1443446174,"매직 타일 3™: 리듬 피아노 게임"
07:00,54,6780891673,"Royal Smash! - Physics Puzzle"
07:00,55,848091833,"냥코 대전쟁"
07:00,56,6759546053,"머지냥탐정 : 미스터리 머지"
07:00,57,6788498566,"Gartic Phone"
07:00,58,947742764,"무한의 계단"
07:00,59,6752886832,"호텔 레거시"
07:00,60,880047117,"앵그리버드 2 (Angry Birds 2)"
07:00,61,6739616715,"메이플 키우기"
07:00,62,638689075,"꿈의 마을 (Township)"
07:00,63,6670789598,"Brain Puzzle: Tricky Quest"
07:00,64,6448104157,"데이터 필요없는 게임 - 와이파이 필요없는 게임"
07:00,65,6746328263,"Castle Busters"
07:00,66,6756989323,"라스트 어사일럼: 페스트"
07:00,67,6749109526,"X 클래시"
07:00,68,6740899070,"플랜티스와 좀비깡패"
07:00,69,6754098532,"러쉬: 익스트림 (RUSH: Xtreme)"
07:00,70,1351168404,"Among Us!"
07:00,71,1466736988,"카트라이더 러쉬플러스"
07:00,72,6689516366,"Bus Escape: Traffic Jam"
07:00,73,6746465127,"세포 특공대 - 전략형 타워 디펜스"
07:00,74,1458848044,"컴투스프로야구V26"
07:00,75,6737022506,"나사 풀기 대작전"
07:00,76,6749759672,"산너머 도원마을"
07:00,77,1550945606,"사커 슈퍼스타 - 축구"
07:00,78,553834731,"캔디크러쉬사가"
07:00,79,1438820170,"GO! GO! 고양이 홉핑"
07:00,80,698255242,"Geometry Dash Lite"
07:00,81,1389111413,"Hole.io"
07:00,82,1471942989,"한게임 섯다&맞고"
07:00,83,1643509748,"머지 쿠킹 테마 레스토랑（Merge Cooking）"
07:00,84,6479970832,"포켓몬 카드 게임 Pocket"
07:00,85,6760957454,"탈출 게임 암스테르담"
07:00,86,6503702666,"협타디: 협동 타워 디펜스"
07:00,87,512939461,"Subway Surfers"
07:00,88,1471486284,"한게임 포커"
07:00,89,6755509102,"단어 연상 - 단어잇기 퍼즐게임"
07:00,90,1606549505,"로얄 킹덤 (Royal Kingdom)"
07:00,91,1117270703,"eFootball™"
07:00,92,1465731199,"2 Player Games : the Challenge"
07:00,93,6451279326,"수험생 키우기 : 수능 시뮬레이션 게임"
07:00,94,898986747,"좀비고등학교"
07:00,95,6779167923,"Colony Flow!"
07:00,96,6769314786,"Food Hunt: Pixel Puzzle"
07:00,97,1423046460,"Paper.io 2"
07:00,98,1144557284,"텐텐오락실"
07:00,99,6751056652,"Pixel Flow!"
07:00,100,6747492600,"마작 블래스트 (Mahjong Blast)"
07:00,101,6767155768,"현상금 해적단 키우기"
07:00,102,1273957743,"EA SPORTS FC Online M"
07:00,103,6758080238,"Tricky Mean2"
07:00,104,1579464667,"Pokémon Sleep"
07:00,105,1104692136,"스네이크 아이오 - 재미있는 온라인 뱀 전투 게임"
07:00,106,1509450845,"쿠키런: 킹덤"
07:00,107,880551258,"컴투스프로야구2026"
07:00,108,6746151928,"두근두근타운"
07:00,109,870442795,"오목의 달인"
07:00,110,1272085326,"3D운전교실"
07:00,111,6475757306,"Disney Solitaire 디즈니 솔리테어"
07:00,112,6504332779,"Color Block Jam"
07:00,113,6740043080,"Screwdom : 나사와 볼트 퍼즐"
07:00,114,6769617371,"블레이드 워: 삼국"
07:00,115,608808713,"쿠키런"
07:00,116,6740026253,"오피스 퀸 키우기"
07:00,117,1638139403,"블록 크러시 (Block Crush)"
07:00,118,6739246483,"Hole Em All: Collect Master"
07:00,119,955705796,"MARVEL 퓨처파이트"
07:00,120,6747063674,"Brain Puzzle 2: Logic Twist"
07:00,121,6756171201,"컬러스위퍼"
07:00,122,6757832779,"3D Colorful Sort™ 마법의 물"
07:00,123,6754965520,"Rogue Legend - Roguelike RPG"
07:00,124,6740618570,"XP Hero (XP 히어로)"
07:00,125,6466620626,"탕후루의 달인 - 두쫀쿠, 급식, 배달 먹방 ASMR"
07:00,126,1089336971,"토킹톰 골드런"
07:00,127,6478472449,"비즈 앤 타운: 회사 경영 시뮬레이션 - 타이쿤 게임"
07:00,128,329218549,"체스 · 플레이 및 배우기 온라인"
07:00,129,6742222069,"Cookingdom - 요리의 나라"
07:00,130,6766739255,"Rebel Glam：나만의 도파민 룩"
07:00,131,6477413486,"Level Devil - NOT A Troll Game"
07:00,132,1598881852,"프로젝트 세카이 컬러풀 스테이지! feat.하츠네 미쿠"
07:00,133,1635760774,"꿈의 호텔 (My Perfect Hotel)"
07:00,134,6755183085,"Yarn Loop: Knit Puzzle"
07:00,135,6760822948,"더 코지 플로리스트"
07:00,136,1645844535,"갓물주 키우기"
07:00,137,6446516059,"캣 히어로 : 방치형 RPG"
07:00,138,6753862216,"푸드스타（Foodstars）: 합쳐서 요리하기"
07:00,139,1453720435,"Liar Game"
07:00,140,646315802,"모두의마블"
07:00,141,1480616990,"리그 오브 레전드: 와일드 리프트"
07:00,142,6689516283,"Perfect Tidy: 완벽한 정리"
07:00,143,6755216191,"Color Maze - Puzzle Game"
07:00,144,6503603603,"미스터리 타운: 합성 게임 (Mystery Town)"
07:00,145,1566126120,"사과게임 - 화제의 인싸게임"
07:00,146,1480616748,"전략적 팀 전투: 리그 오브 레전드 전략 게임"
07:00,147,1452992954,"Nonogram.com - 노노그램 숫자퍼즐 게임"
07:00,148,1063165813,"Cardinal Land"
07:00,149,6757413794,"진삼국무쌍-오버로드"
07:00,150,6761523148,"Flower Forest - 워드 퍼즐"
07:00,151,1021117809,"주차의 달인 4"
07:00,152,6740838442,"먼작귀 포켓"
07:00,153,6475033368,"명조:워더링 웨이브 - 현방 지계를 향하여"
07:00,154,6749132002,"빠지냥! (Drop the Cat)"
07:00,155,6743368869,"Draft Showdown"
07:00,156,6740966864,"딸깍 다이스"
07:00,157,1323901884,"쿠킹 매드니스(Cooking Madness)"
07:00,158,1229618961,"Rider - 라이더"
07:00,159,6757844491,"Tricky Story 2: Brain Twist"
07:00,160,6450917563,"피자 레디 (Pizza Ready)"
07:00,161,6743385713,"털실 마스터 - 마법의 정렬 버스주차퍼즐게임"
07:00,162,6744819313,"Satistory: Tidy Up"
07:00,163,924373886,"길건너 친구들"
07:00,164,6760325543,"ArrowCube - 3DPuzzle"
07:00,165,1458568643,"피망 뉴맞고 : 고스톱으로 대한민국 1등"
07:00,166,6746246179,"Foodie Sizzle: 미식 시즐"
07:00,167,6743738094,"마이 스티커 룸 (My Sticker Room)"
07:00,168,6444705312,"비히클 마스터 (Vehicle Masters)"
07:00,169,947258826,"마피아42"
07:00,170,1562817072,"Mob Control"
07:00,171,6759822089,"오늘의 꽃 : 진짜 꽃을 키우는 게임"
07:00,172,6759077038,"Profile Perfect"
07:00,173,6742241805,"축구 심판 시뮬레이터 2026(Referee Game)"
07:00,174,6759997224,"순찰중! 바로 체포!"
07:00,175,1442749804,"스도쿠 - 클래식 스도쿠"
07:00,176,1453989822,"Aquapark.io"
07:00,177,6447053495,"Makeup Beauty - 메이크업 패션게임"
07:00,178,6736896540,"헬로키티 마이 드림 스토어"
07:00,179,896112560,"Marvel 올스타 배틀"
07:00,180,1584459287,"말랑이 온라인 - 말랑이 거래, 게임 만들기"
07:00,181,6782007560,"유월 — 로맨스, 각본 없음."
07:00,182,6557072922,"Z Survivor: Backpack Shooter"
07:00,183,6758072393,"추락한 아름다움: 머지&스토리"
07:00,184,6754668985,"이세카이 게이트 ISEKAI GATE"
07:00,185,1177590613,"숨바꼭질 온라인 - 실시간 숨바꼭질"
07:00,186,1455441206,"캣점프"
07:00,187,1486214495,"브레인 테스트 (Brain Test): 까다로운 퍼즐"
07:00,188,1053012308,"클래시 로얄 (Clash Royale)"
07:00,189,543186831,"8 Ball Pool™"
07:00,190,6758326278,"Amaze GO! - 화살표 퍼즐"
07:00,191,1583719180,"Battle Cats Quest"
07:00,192,6449243946,"스네이크 클래시 (Snake Clash)"
07:00,193,6760998152,"Family Farm Merge"
07:00,194,1619254071,"아너 오브 킹즈"
07:00,195,6443755785,"씨사이드 익스케이프: 합성 & 스토리 게임"
07:00,196,6503272652,"라스트 Z: 서바이벌 슈터"
07:00,197,963067330,"쿠키런: 오븐브레이크"
07:00,198,6451399876,"Delta Force"
07:00,199,6670169904,"Train Station 3: 기차 타이쿤"
07:00,200,1620339095,"Falling Art Ragdoll Simulator"
08:00,1,6749251466,"쿠키런 키우기 - 쿠키런: 크럼블"
08:00,2,6756547841,"꿈틀 수비대: 습격!! 외계인 엉덩이 TD"
08:00,3,6747957875,"Family Go! - 대를 잇는 인생 시뮬레이션"
08:00,4,6762442041,"열혈강호: 넥스트"
08:00,5,6759763476,"Bus Traffic Fever!"
08:00,6,6759081967,"Jewel Coloring"
08:00,7,6757690255,"윈드러너 키우기"
08:00,8,6760453970,"나쁜 사랑 - 다크한 남친 컬렉션"
08:00,9,6756185760,"Search It - Hidden Objects"
08:00,10,6748084174,"Smash Fest!"
08:00,11,431946152,"로블록스(Roblox)"
08:00,12,6752672568,"Block Out! - Color Sort Puzzle"
08:00,13,6499562253,"드래곤빌리지3"
08:00,14,6759082569,"고양이 마피아 : 방치형 타이쿤 게임"
08:00,15,1094591345,"Pokémon GO"
08:00,16,6772136987,"이것이 삼국지다-1,500뽑기 증정"
08:00,17,6443575749,"WOS: 화이트아웃 서바이벌"
08:00,18,1617391485,"블록 블라스트 (Block Blast)"
08:00,19,6471045672,"테이스티 트레블: 합성 게임"
08:00,20,6761760135,"Meowdoku!"
08:00,21,6741503079,"Pokémon Champions"
08:00,22,6759914688,"냥찍 히어로즈 : 방치형 RPG"
08:00,23,6748950306,"단어 솔리테어: 카드 퍼즐게임"
08:00,24,6747634441,"취준생 키우기 : 취업 시뮬레이션 게임"
08:00,25,6756482832,"Brain Puzzle 3: Crazy Mind"
08:00,26,1366526331,"배틀그라운드"
08:00,27,1546845921,"멜론 메이커 : 머지"
08:00,28,1597760047,"OneState RP: 온라인 롤플레잉"
08:00,29,6499209744,"마법의 정렬 (Magic Sort!)"
08:00,30,6739554056,"킹샷:Kingshot"
08:00,31,6755455500,"할리우드 머지"
08:00,32,6760745556,"오늘도 환생 2"
08:00,33,1133463693,"메이플스토리M"
08:00,34,1482155847,"로얄 매치 (Royal Match)"
08:00,35,6756254027,"부족 또 전쟁 ：무한루프 RPG"
08:00,36,6756641249,"hololive Dreams"
08:00,37,1015322991,"Rummikub"
08:00,38,6756247787,"디지몬 UP"
08:00,39,1344700142,"UNO!™"
08:00,40,6748397500,"Arrows – Puzzle Escape"
08:00,41,930574573,"Sniper 3D: Gun Shooting Games"
08:00,42,1623318294,"가십하버: 합성 & 스토리 게임"
08:00,43,6756288168,"Cookingo: Perfect Meal"
08:00,44,6737874398,"Merge Fashion: Romance Story"
08:00,45,6747467952,"라이즈 신 키우기"
08:00,46,6764201639,"총잡이 고양이 - 방치형 키우기"
08:00,47,1193508329,"스도쿠 - 클래식 로직 퍼즐 게임"
08:00,48,1229016807,"브롤스타즈"
08:00,49,1558248707,"Goose Goose Duck"
08:00,50,6767834940,"탑 로드"
08:00,51,6482291732,"운빨존많겜"
08:00,52,6780891673,"Royal Smash! - Physics Puzzle"
08:00,53,1478371252,"FC 모바일"
08:00,54,1443446174,"매직 타일 3™: 리듬 피아노 게임"
08:00,55,6759546053,"머지냥탐정 : 미스터리 머지"
08:00,56,848091833,"냥코 대전쟁"
08:00,57,6788498566,"Gartic Phone"
08:00,58,6752886832,"호텔 레거시"
08:00,59,6739616715,"메이플 키우기"
08:00,60,880047117,"앵그리버드 2 (Angry Birds 2)"
08:00,61,638689075,"꿈의 마을 (Township)"
08:00,62,947742764,"무한의 계단"
08:00,63,6448104157,"데이터 필요없는 게임 - 와이파이 필요없는 게임"
08:00,64,6670789598,"Brain Puzzle: Tricky Quest"
08:00,65,6746328263,"Castle Busters"
08:00,66,6756989323,"라스트 어사일럼: 페스트"
08:00,67,6740899070,"플랜티스와 좀비깡패"
08:00,68,6749109526,"X 클래시"
08:00,69,6754098532,"러쉬: 익스트림 (RUSH: Xtreme)"
08:00,70,6689516366,"Bus Escape: Traffic Jam"
08:00,71,1466736988,"카트라이더 러쉬플러스"
08:00,72,1351168404,"Among Us!"
08:00,73,6746465127,"세포 특공대 - 전략형 타워 디펜스"
08:00,74,6749759672,"산너머 도원마을"
08:00,75,1458848044,"컴투스프로야구V26"
08:00,76,6737022506,"나사 풀기 대작전"
08:00,77,1550945606,"사커 슈퍼스타 - 축구"
08:00,78,553834731,"캔디크러쉬사가"
08:00,79,1438820170,"GO! GO! 고양이 홉핑"
08:00,80,1471942989,"한게임 섯다&맞고"
08:00,81,6755509102,"단어 연상 - 단어잇기 퍼즐게임"
08:00,82,1643509748,"머지 쿠킹 테마 레스토랑（Merge Cooking）"
08:00,83,6479970832,"포켓몬 카드 게임 Pocket"
08:00,84,6760957454,"탈출 게임 암스테르담"
08:00,85,698255242,"Geometry Dash Lite"
08:00,86,1389111413,"Hole.io"
08:00,87,1471486284,"한게임 포커"
08:00,88,6503702666,"협타디: 협동 타워 디펜스"
08:00,89,512939461,"Subway Surfers"
08:00,90,1117270703,"eFootball™"
08:00,91,1606549505,"로얄 킹덤 (Royal Kingdom)"
08:00,92,1465731199,"2 Player Games : the Challenge"
08:00,93,6769314786,"Food Hunt: Pixel Puzzle"
08:00,94,898986747,"좀비고등학교"
08:00,95,6451279326,"수험생 키우기 : 수능 시뮬레이션 게임"
08:00,96,1579464667,"Pokémon Sleep"
08:00,97,6747492600,"마작 블래스트 (Mahjong Blast)"
08:00,98,6767155768,"현상금 해적단 키우기"
08:00,99,6779167923,"Colony Flow!"
08:00,100,1144557284,"텐텐오락실"
08:00,101,1423046460,"Paper.io 2"
08:00,102,6751056652,"Pixel Flow!"
08:00,103,6758080238,"Tricky Mean2"
08:00,104,1273957743,"EA SPORTS FC Online M"
08:00,105,1104692136,"스네이크 아이오 - 재미있는 온라인 뱀 전투 게임"
08:00,106,1509450845,"쿠키런: 킹덤"
08:00,107,870442795,"오목의 달인"
08:00,108,880551258,"컴투스프로야구2026"
08:00,109,6746151928,"두근두근타운"
08:00,110,1272085326,"3D운전교실"
08:00,111,6740026253,"오피스 퀸 키우기"
08:00,112,6739246483,"Hole Em All: Collect Master"
08:00,113,6504332779,"Color Block Jam"
08:00,114,6740043080,"Screwdom : 나사와 볼트 퍼즐"
08:00,115,6475757306,"Disney Solitaire 디즈니 솔리테어"
08:00,116,608808713,"쿠키런"
08:00,117,6769617371,"블레이드 워: 삼국"
08:00,118,1638139403,"블록 크러시 (Block Crush)"
08:00,119,955705796,"MARVEL 퓨처파이트"
08:00,120,6756171201,"컬러스위퍼"
08:00,121,6747063674,"Brain Puzzle 2: Logic Twist"
08:00,122,6757832779,"3D Colorful Sort™ 마법의 물"
08:00,123,6754965520,"Rogue Legend - Roguelike RPG"
08:00,124,6478472449,"비즈 앤 타운: 회사 경영 시뮬레이션 - 타이쿤 게임"
08:00,125,6742222069,"Cookingdom - 요리의 나라"
08:00,126,6740618570,"XP Hero (XP 히어로)"
08:00,127,329218549,"체스 · 플레이 및 배우기 온라인"
08:00,128,6466620626,"탕후루의 달인 - 두쫀쿠, 급식, 배달 먹방 ASMR"
08:00,129,1089336971,"토킹톰 골드런"
08:00,130,6755183085,"Yarn Loop: Knit Puzzle"
08:00,131,1635760774,"꿈의 호텔 (My Perfect Hotel)"
08:00,132,6766739255,"Rebel Glam：나만의 도파민 룩"
08:00,133,6760822948,"더 코지 플로리스트"
08:00,134,1598881852,"프로젝트 세카이 컬러풀 스테이지! feat.하츠네 미쿠"
08:00,135,6477413486,"Level Devil - NOT A Troll Game"
08:00,136,1453720435,"Liar Game"
08:00,137,6446516059,"캣 히어로 : 방치형 RPG"
08:00,138,1645844535,"갓물주 키우기"
08:00,139,1480616990,"리그 오브 레전드: 와일드 리프트"
08:00,140,6753862216,"푸드스타（Foodstars）: 합쳐서 요리하기"
08:00,141,6689516283,"Perfect Tidy: 완벽한 정리"
08:00,142,6755216191,"Color Maze - Puzzle Game"
08:00,143,646315802,"모두의마블"
08:00,144,1480616748,"전략적 팀 전투: 리그 오브 레전드 전략 게임"
08:00,145,6503603603,"미스터리 타운: 합성 게임 (Mystery Town)"
08:00,146,1566126120,"사과게임 - 화제의 인싸게임"
08:00,147,1452992954,"Nonogram.com - 노노그램 숫자퍼즐 게임"
08:00,148,6761523148,"Flower Forest - 워드 퍼즐"
08:00,149,1063165813,"Cardinal Land"
08:00,150,1021117809,"주차의 달인 4"
08:00,151,6757413794,"진삼국무쌍-오버로드"
08:00,152,6475033368,"명조:워더링 웨이브 - 현방 지계를 향하여"
08:00,153,6749132002,"빠지냥! (Drop the Cat)"
08:00,154,6740966864,"딸깍 다이스"
08:00,155,6740838442,"먼작귀 포켓"
08:00,156,6744819313,"Satistory: Tidy Up"
08:00,157,1323901884,"쿠킹 매드니스(Cooking Madness)"
08:00,158,6743368869,"Draft Showdown"
08:00,159,1229618961,"Rider - 라이더"
08:00,160,6760325543,"ArrowCube - 3DPuzzle"
08:00,161,6746246179,"Foodie Sizzle: 미식 시즐"
08:00,162,6450917563,"피자 레디 (Pizza Ready)"
08:00,163,6743385713,"털실 마스터 - 마법의 정렬 버스주차퍼즐게임"
08:00,164,6757844491,"Tricky Story 2: Brain Twist"
08:00,165,924373886,"길건너 친구들"
08:00,166,1458568643,"피망 뉴맞고 : 고스톱으로 대한민국 1등"
08:00,167,6743738094,"마이 스티커 룸 (My Sticker Room)"
08:00,168,947258826,"마피아42"
08:00,169,1562817072,"Mob Control"
08:00,170,6759077038,"Profile Perfect"
08:00,171,6444705312,"비히클 마스터 (Vehicle Masters)"
08:00,172,6759997224,"순찰중! 바로 체포!"
08:00,173,6759822089,"오늘의 꽃 : 진짜 꽃을 키우는 게임"
08:00,174,1442749804,"스도쿠 - 클래식 스도쿠"
08:00,175,6742241805,"축구 심판 시뮬레이터 2026(Referee Game)"
08:00,176,896112560,"Marvel 올스타 배틀"
08:00,177,6447053495,"Makeup Beauty - 메이크업 패션게임"
08:00,178,6736896540,"헬로키티 마이 드림 스토어"
08:00,179,1453989822,"Aquapark.io"
08:00,180,1584459287,"말랑이 온라인 - 말랑이 거래, 게임 만들기"
08:00,181,6557072922,"Z Survivor: Backpack Shooter"
08:00,182,6782007560,"유월 — 로맨스, 각본 없음."
08:00,183,6758072393,"추락한 아름다움: 머지&스토리"
08:00,184,6754668985,"이세카이 게이트 ISEKAI GATE"
08:00,185,1177590613,"숨바꼭질 온라인 - 실시간 숨바꼭질"
08:00,186,543186831,"8 Ball Pool™"
08:00,187,1455441206,"캣점프"
08:00,188,1053012308,"클래시 로얄 (Clash Royale)"
08:00,189,1486214495,"브레인 테스트 (Brain Test): 까다로운 퍼즐"
08:00,190,6758326278,"Amaze GO! - 화살표 퍼즐"
08:00,191,1619254071,"아너 오브 킹즈"
08:00,192,6503272652,"라스트 Z: 서바이벌 슈터"
08:00,193,6747560860,"Screw Out 3D: Nut Sort Jam"
08:00,194,1659408861,"Super Fighter 3: Open City"
08:00,195,6744975195,"Sled Surfers - 슬로프 어드벤처"
08:00,196,1583719180,"Battle Cats Quest"
08:00,197,6670169904,"Train Station 3: 기차 타이쿤"
08:00,198,1620339095,"Falling Art Ragdoll Simulator"
08:00,199,1600871388,"Eatventure"
08:00,200,6449243946,"스네이크 클래시 (Snake Clash)"
10:00,1,6749251466,"쿠키런 키우기 - 쿠키런: 크럼블"
10:00,2,6756547841,"꿈틀 수비대: 습격!! 외계인 엉덩이 TD"
10:00,3,6747957875,"Family Go! - 대를 잇는 인생 시뮬레이션"
10:00,4,6762442041,"열혈강호: 넥스트"
10:00,5,6759763476,"Bus Traffic Fever!"
10:00,6,6759081967,"Jewel Coloring"
10:00,7,6757690255,"윈드러너 키우기"
10:00,8,6760453970,"나쁜 사랑 - 다크한 남친 컬렉션"
10:00,9,6756185760,"Search It - Hidden Objects"
10:00,10,6748084174,"Smash Fest!"
10:00,11,431946152,"로블록스(Roblox)"
10:00,12,6752672568,"Block Out! - Color Sort Puzzle"
10:00,13,6499562253,"드래곤빌리지3"
10:00,14,6759082569,"고양이 마피아 : 방치형 타이쿤 게임"
10:00,15,1094591345,"Pokémon GO"
10:00,16,6772136987,"이것이 삼국지다-1,500뽑기 증정"
10:00,17,6443575749,"WOS: 화이트아웃 서바이벌"
10:00,18,1617391485,"블록 블라스트 (Block Blast)"
10:00,19,6471045672,"테이스티 트레블: 합성 게임"
10:00,20,6761760135,"Meowdoku!"
10:00,21,6741503079,"Pokémon Champions"
10:00,22,6759914688,"냥찍 히어로즈 : 방치형 RPG"
10:00,23,6748950306,"단어 솔리테어: 카드 퍼즐게임"
10:00,24,6747634441,"취준생 키우기 : 취업 시뮬레이션 게임"
10:00,25,6756482832,"Brain Puzzle 3: Crazy Mind"
10:00,26,1366526331,"배틀그라운드"
10:00,27,1546845921,"멜론 메이커 : 머지"
10:00,28,1597760047,"OneState RP: 온라인 롤플레잉"
10:00,29,6499209744,"마법의 정렬 (Magic Sort!)"
10:00,30,6739554056,"킹샷:Kingshot"
10:00,31,6755455500,"할리우드 머지"
10:00,32,6760745556,"오늘도 환생 2"
10:00,33,1133463693,"메이플스토리M"
10:00,34,1482155847,"로얄 매치 (Royal Match)"
10:00,35,6756254027,"부족 또 전쟁 ：무한루프 RPG"
10:00,36,6756641249,"hololive Dreams"
10:00,37,1015322991,"Rummikub"
10:00,38,6756247787,"디지몬 UP"
10:00,39,1344700142,"UNO!™"
10:00,40,6748397500,"Arrows – Puzzle Escape"
10:00,41,930574573,"Sniper 3D: Gun Shooting Games"
10:00,42,1623318294,"가십하버: 합성 & 스토리 게임"
10:00,43,6756288168,"Cookingo: Perfect Meal"
10:00,44,6737874398,"Merge Fashion: Romance Story"
10:00,45,6747467952,"라이즈 신 키우기"
10:00,46,6764201639,"총잡이 고양이 - 방치형 키우기"
10:00,47,1193508329,"스도쿠 - 클래식 로직 퍼즐 게임"
10:00,48,1229016807,"브롤스타즈"
10:00,49,1558248707,"Goose Goose Duck"
10:00,50,6767834940,"탑 로드"
10:00,51,6482291732,"운빨존많겜"
10:00,52,6780891673,"Royal Smash! - Physics Puzzle"
10:00,53,1478371252,"FC 모바일"
10:00,54,1443446174,"매직 타일 3™: 리듬 피아노 게임"
10:00,55,6759546053,"머지냥탐정 : 미스터리 머지"
10:00,56,848091833,"냥코 대전쟁"
10:00,57,6788498566,"Gartic Phone"
10:00,58,6752886832,"호텔 레거시"
10:00,59,6739616715,"메이플 키우기"
10:00,60,880047117,"앵그리버드 2 (Angry Birds 2)"
10:00,61,638689075,"꿈의 마을 (Township)"
10:00,62,947742764,"무한의 계단"
10:00,63,6448104157,"데이터 필요없는 게임 - 와이파이 필요없는 게임"
10:00,64,6670789598,"Brain Puzzle: Tricky Quest"
10:00,65,6746328263,"Castle Busters"
10:00,66,6756989323,"라스트 어사일럼: 페스트"
10:00,67,6740899070,"플랜티스와 좀비깡패"
10:00,68,6749109526,"X 클래시"
10:00,69,6754098532,"러쉬: 익스트림 (RUSH: Xtreme)"
10:00,70,6689516366,"Bus Escape: Traffic Jam"
10:00,71,1466736988,"카트라이더 러쉬플러스"
10:00,72,1351168404,"Among Us!"
10:00,73,6746465127,"세포 특공대 - 전략형 타워 디펜스"
10:00,74,6749759672,"산너머 도원마을"
10:00,75,1458848044,"컴투스프로야구V26"
10:00,76,6737022506,"나사 풀기 대작전"
10:00,77,1550945606,"사커 슈퍼스타 - 축구"
10:00,78,553834731,"캔디크러쉬사가"
10:00,79,1438820170,"GO! GO! 고양이 홉핑"
10:00,80,1471942989,"한게임 섯다&맞고"
10:00,81,6755509102,"단어 연상 - 단어잇기 퍼즐게임"
10:00,82,1643509748,"머지 쿠킹 테마 레스토랑（Merge Cooking）"
10:00,83,6479970832,"포켓몬 카드 게임 Pocket"
10:00,84,6760957454,"탈출 게임 암스테르담"
10:00,85,698255242,"Geometry Dash Lite"
10:00,86,1389111413,"Hole.io"
10:00,87,1471486284,"한게임 포커"
10:00,88,6503702666,"협타디: 협동 타워 디펜스"
10:00,89,512939461,"Subway Surfers"
10:00,90,1117270703,"eFootball™"
10:00,91,1606549505,"로얄 킹덤 (Royal Kingdom)"
10:00,92,1465731199,"2 Player Games : the Challenge"
10:00,93,6769314786,"Food Hunt: Pixel Puzzle"
10:00,94,898986747,"좀비고등학교"
10:00,95,6451279326,"수험생 키우기 : 수능 시뮬레이션 게임"
10:00,96,1579464667,"Pokémon Sleep"
10:00,97,6747492600,"마작 블래스트 (Mahjong Blast)"
10:00,98,6767155768,"현상금 해적단 키우기"
10:00,99,6779167923,"Colony Flow!"
10:00,100,1144557284,"텐텐오락실"
10:00,101,1423046460,"Paper.io 2"
10:00,102,6751056652,"Pixel Flow!"
10:00,103,6758080238,"Tricky Mean2"
10:00,104,1273957743,"EA SPORTS FC Online M"
10:00,105,1104692136,"스네이크 아이오 - 재미있는 온라인 뱀 전투 게임"
10:00,106,1509450845,"쿠키런: 킹덤"
10:00,107,870442795,"오목의 달인"
10:00,108,880551258,"컴투스프로야구2026"
10:00,109,6746151928,"두근두근타운"
10:00,110,1272085326,"3D운전교실"
10:00,111,6740026253,"오피스 퀸 키우기"
10:00,112,6739246483,"Hole Em All: Collect Master"
10:00,113,6504332779,"Color Block Jam"
10:00,114,6740043080,"Screwdom : 나사와 볼트 퍼즐"
10:00,115,6475757306,"Disney Solitaire 디즈니 솔리테어"
10:00,116,608808713,"쿠키런"
10:00,117,6769617371,"블레이드 워: 삼국"
10:00,118,1638139403,"블록 크러시 (Block Crush)"
10:00,119,955705796,"MARVEL 퓨처파이트"
10:00,120,6756171201,"컬러스위퍼"
10:00,121,6747063674,"Brain Puzzle 2: Logic Twist"
10:00,122,6757832779,"3D Colorful Sort™ 마법의 물"
10:00,123,6754965520,"Rogue Legend - Roguelike RPG"
10:00,124,6478472449,"비즈 앤 타운: 회사 경영 시뮬레이션 - 타이쿤 게임"
10:00,125,6742222069,"Cookingdom - 요리의 나라"
10:00,126,6740618570,"XP Hero (XP 히어로)"
10:00,127,329218549,"체스 · 플레이 및 배우기 온라인"
10:00,128,6466620626,"탕후루의 달인 - 두쫀쿠, 급식, 배달 먹방 ASMR"
10:00,129,1089336971,"토킹톰 골드런"
10:00,130,6755183085,"Yarn Loop: Knit Puzzle"
10:00,131,1635760774,"꿈의 호텔 (My Perfect Hotel)"
10:00,132,6766739255,"Rebel Glam：나만의 도파민 룩"
10:00,133,6760822948,"더 코지 플로리스트"
10:00,134,1598881852,"프로젝트 세카이 컬러풀 스테이지! feat.하츠네 미쿠"
10:00,135,6477413486,"Level Devil - NOT A Troll Game"
10:00,136,1453720435,"Liar Game"
10:00,137,6446516059,"캣 히어로 : 방치형 RPG"
10:00,138,1645844535,"갓물주 키우기"
10:00,139,1480616990,"리그 오브 레전드: 와일드 리프트"
10:00,140,6753862216,"푸드스타（Foodstars）: 합쳐서 요리하기"
10:00,141,6689516283,"Perfect Tidy: 완벽한 정리"
10:00,142,6755216191,"Color Maze - Puzzle Game"
10:00,143,646315802,"모두의마블"
10:00,144,1480616748,"전략적 팀 전투: 리그 오브 레전드 전략 게임"
10:00,145,6503603603,"미스터리 타운: 합성 게임 (Mystery Town)"
10:00,146,1566126120,"사과게임 - 화제의 인싸게임"
10:00,147,1452992954,"Nonogram.com - 노노그램 숫자퍼즐 게임"
10:00,148,6761523148,"Flower Forest - 워드 퍼즐"
10:00,149,1063165813,"Cardinal Land"
10:00,150,1021117809,"주차의 달인 4"
10:00,151,6757413794,"진삼국무쌍-오버로드"
10:00,152,6475033368,"명조:워더링 웨이브 - 현방 지계를 향하여"
10:00,153,6749132002,"빠지냥! (Drop the Cat)"
10:00,154,6740966864,"딸깍 다이스"
10:00,155,6740838442,"먼작귀 포켓"
10:00,156,6744819313,"Satistory: Tidy Up"
10:00,157,1323901884,"쿠킹 매드니스(Cooking Madness)"
10:00,158,6743368869,"Draft Showdown"
10:00,159,1229618961,"Rider - 라이더"
10:00,160,6760325543,"ArrowCube - 3DPuzzle"
10:00,161,6746246179,"Foodie Sizzle: 미식 시즐"
10:00,162,6450917563,"피자 레디 (Pizza Ready)"
10:00,163,6743385713,"털실 마스터 - 마법의 정렬 버스주차퍼즐게임"
10:00,164,6757844491,"Tricky Story 2: Brain Twist"
10:00,165,924373886,"길건너 친구들"
10:00,166,1458568643,"피망 뉴맞고 : 고스톱으로 대한민국 1등"
10:00,167,6743738094,"마이 스티커 룸 (My Sticker Room)"
10:00,168,947258826,"마피아42"
10:00,169,1562817072,"Mob Control"
10:00,170,6759077038,"Profile Perfect"
10:00,171,6444705312,"비히클 마스터 (Vehicle Masters)"
10:00,172,6759997224,"순찰중! 바로 체포!"
10:00,173,6759822089,"오늘의 꽃 : 진짜 꽃을 키우는 게임"
10:00,174,1442749804,"스도쿠 - 클래식 스도쿠"
10:00,175,6742241805,"축구 심판 시뮬레이터 2026(Referee Game)"
10:00,176,896112560,"Marvel 올스타 배틀"
10:00,177,6447053495,"Makeup Beauty - 메이크업 패션게임"
10:00,178,6736896540,"헬로키티 마이 드림 스토어"
10:00,179,1453989822,"Aquapark.io"
10:00,180,1584459287,"말랑이 온라인 - 말랑이 거래, 게임 만들기"
10:00,181,6557072922,"Z Survivor: Backpack Shooter"
10:00,182,6782007560,"유월 — 로맨스, 각본 없음."
10:00,183,6758072393,"추락한 아름다움: 머지&스토리"
10:00,184,6754668985,"이세카이 게이트 ISEKAI GATE"
10:00,185,1177590613,"숨바꼭질 온라인 - 실시간 숨바꼭질"
10:00,186,543186831,"8 Ball Pool™"
10:00,187,1455441206,"캣점프"
10:00,188,1053012308,"클래시 로얄 (Clash Royale)"
10:00,189,1486214495,"브레인 테스트 (Brain Test): 까다로운 퍼즐"
10:00,190,6758326278,"Amaze GO! - 화살표 퍼즐"
10:00,191,1619254071,"아너 오브 킹즈"
10:00,192,6503272652,"라스트 Z: 서바이벌 슈터"
10:00,193,6747560860,"Screw Out 3D: Nut Sort Jam"
10:00,194,1659408861,"Super Fighter 3: Open City"
10:00,195,6744975195,"Sled Surfers - 슬로프 어드벤처"
10:00,196,1583719180,"Battle Cats Quest"
10:00,197,6670169904,"Train Station 3: 기차 타이쿤"
10:00,198,1620339095,"Falling Art Ragdoll Simulator"
10:00,199,1600871388,"Eatventure"
10:00,200,6449243946,"스네이크 클래시 (Snake Clash)"
13:30,1,6749251466,"쿠키런 키우기 - 쿠키런: 크럼블"
13:30,2,6756547841,"꿈틀 수비대: 습격!! 외계인 엉덩이 TD"
13:30,3,6747957875,"Family Go! - 대를 잇는 인생 시뮬레이션"
13:30,4,6762442041,"열혈강호: 넥스트"
13:30,5,6759763476,"Bus Traffic Fever!"
13:30,6,6759081967,"Jewel Coloring"
13:30,7,6757690255,"윈드러너 키우기"
13:30,8,6760453970,"나쁜 사랑 - 다크한 남친 컬렉션"
13:30,9,6756185760,"Search It - Hidden Objects"
13:30,10,6748084174,"Smash Fest!"
13:30,11,431946152,"로블록스(Roblox)"
13:30,12,6752672568,"Block Out! - Color Sort Puzzle"
13:30,13,6499562253,"드래곤빌리지3"
13:30,14,6759082569,"고양이 마피아 : 방치형 타이쿤 게임"
13:30,15,1094591345,"Pokémon GO"
13:30,16,6772136987,"이것이 삼국지다-1,500뽑기 증정"
13:30,17,6443575749,"WOS: 화이트아웃 서바이벌"
13:30,18,1617391485,"블록 블라스트 (Block Blast)"
13:30,19,6471045672,"테이스티 트레블: 합성 게임"
13:30,20,6761760135,"Meowdoku!"
13:30,21,6741503079,"Pokémon Champions"
13:30,22,6759914688,"냥찍 히어로즈 : 방치형 RPG"
13:30,23,6748950306,"단어 솔리테어: 카드 퍼즐게임"
13:30,24,1366526331,"배틀그라운드"
13:30,25,6747634441,"취준생 키우기 : 취업 시뮬레이션 게임"
13:30,26,6756482832,"Brain Puzzle 3: Crazy Mind"
13:30,27,1546845921,"멜론 메이커 : 머지"
13:30,28,6739554056,"킹샷:Kingshot"
13:30,29,1597760047,"OneState RP: 온라인 롤플레잉"
13:30,30,6499209744,"마법의 정렬 (Magic Sort!)"
13:30,31,6755455500,"할리우드 머지"
13:30,32,6760745556,"오늘도 환생 2"
13:30,33,1133463693,"메이플스토리M"
13:30,34,1482155847,"로얄 매치 (Royal Match)"
13:30,35,6756254027,"부족 또 전쟁 ：무한루프 RPG"
13:30,36,6756641249,"hololive Dreams"
13:30,37,1015322991,"Rummikub"
13:30,38,6756247787,"디지몬 UP"
13:30,39,1344700142,"UNO!™"
13:30,40,6748397500,"Arrows – Puzzle Escape"
13:30,41,1623318294,"가십하버: 합성 & 스토리 게임"
13:30,42,930574573,"Sniper 3D: Gun Shooting Games"
13:30,43,6747467952,"라이즈 신 키우기"
13:30,44,6756288168,"Cookingo: Perfect Meal"
13:30,45,6764201639,"총잡이 고양이 - 방치형 키우기"
13:30,46,6737874398,"Merge Fashion: Romance Story"
13:30,47,1193508329,"스도쿠 - 클래식 로직 퍼즐 게임"
13:30,48,1229016807,"브롤스타즈"
13:30,49,6767834940,"탑 로드"
13:30,50,1558248707,"Goose Goose Duck"
13:30,51,6482291732,"운빨존많겜"
13:30,52,6780891673,"Royal Smash! - Physics Puzzle"
13:30,53,6759546053,"머지냥탐정 : 미스터리 머지"
13:30,54,1478371252,"FC 모바일"
13:30,55,1443446174,"매직 타일 3™: 리듬 피아노 게임"
13:30,56,848091833,"냥코 대전쟁"
13:30,57,6739616715,"메이플 키우기"
13:30,58,880047117,"앵그리버드 2 (Angry Birds 2)"
13:30,59,6752886832,"호텔 레거시"
13:30,60,638689075,"꿈의 마을 (Township)"
13:30,61,6788498566,"Gartic Phone"
13:30,62,947742764,"무한의 계단"
13:30,63,6448104157,"데이터 필요없는 게임 - 와이파이 필요없는 게임"
13:30,64,6740899070,"플랜티스와 좀비깡패"
13:30,65,6749109526,"X 클래시"
13:30,66,6670789598,"Brain Puzzle: Tricky Quest"
13:30,67,6746328263,"Castle Busters"
13:30,68,6756989323,"라스트 어사일럼: 페스트"
13:30,69,6754098532,"러쉬: 익스트림 (RUSH: Xtreme)"
13:30,70,6689516366,"Bus Escape: Traffic Jam"
13:30,71,6746465127,"세포 특공대 - 전략형 타워 디펜스"
13:30,72,1466736988,"카트라이더 러쉬플러스"
13:30,73,6737022506,"나사 풀기 대작전"
13:30,74,6749759672,"산너머 도원마을"
13:30,75,1351168404,"Among Us!"
13:30,76,1458848044,"컴투스프로야구V26"
13:30,77,1550945606,"사커 슈퍼스타 - 축구"
13:30,78,553834731,"캔디크러쉬사가"
13:30,79,1438820170,"GO! GO! 고양이 홉핑"
13:30,80,1643509748,"머지 쿠킹 테마 레스토랑（Merge Cooking）"
13:30,81,6755509102,"단어 연상 - 단어잇기 퍼즐게임"
13:30,82,1471942989,"한게임 섯다&맞고"
13:30,83,6503702666,"협타디: 협동 타워 디펜스"
13:30,84,6479970832,"포켓몬 카드 게임 Pocket"
13:30,85,6760957454,"탈출 게임 암스테르담"
13:30,86,1471486284,"한게임 포커"
13:30,87,698255242,"Geometry Dash Lite"
13:30,88,1606549505,"로얄 킹덤 (Royal Kingdom)"
13:30,89,1389111413,"Hole.io"
13:30,90,512939461,"Subway Surfers"
13:30,91,6767155768,"현상금 해적단 키우기"
13:30,92,1117270703,"eFootball™"
13:30,93,6769314786,"Food Hunt: Pixel Puzzle"
13:30,94,1465731199,"2 Player Games : the Challenge"
13:30,95,6747492600,"마작 블래스트 (Mahjong Blast)"
13:30,96,898986747,"좀비고등학교"
13:30,97,6451279326,"수험생 키우기 : 수능 시뮬레이션 게임"
13:30,98,1579464667,"Pokémon Sleep"
13:30,99,6758080238,"Tricky Mean2"
13:30,100,1273957743,"EA SPORTS FC Online M"
13:30,101,1423046460,"Paper.io 2"
13:30,102,6751056652,"Pixel Flow!"
13:30,103,1144557284,"텐텐오락실"
13:30,104,6779167923,"Colony Flow!"
13:30,105,1104692136,"스네이크 아이오 - 재미있는 온라인 뱀 전투 게임"
13:30,106,1509450845,"쿠키런: 킹덤"
13:30,107,880551258,"컴투스프로야구2026"
13:30,108,870442795,"오목의 달인"
13:30,109,6740026253,"오피스 퀸 키우기"
13:30,110,6769617371,"블레이드 워: 삼국"
13:30,111,6746151928,"두근두근타운"
13:30,112,6504332779,"Color Block Jam"
13:30,113,1272085326,"3D운전교실"
13:30,114,6739246483,"Hole Em All: Collect Master"
13:30,115,6740043080,"Screwdom : 나사와 볼트 퍼즐"
13:30,116,6754965520,"Rogue Legend - Roguelike RPG"
13:30,117,608808713,"쿠키런"
13:30,118,1638139403,"블록 크러시 (Block Crush)"
13:30,119,6475757306,"Disney Solitaire 디즈니 솔리테어"
13:30,120,6740618570,"XP Hero (XP 히어로)"
13:30,121,955705796,"MARVEL 퓨처파이트"
13:30,122,6757832779,"3D Colorful Sort™ 마법의 물"
13:30,123,6756171201,"컬러스위퍼"
13:30,124,6742222069,"Cookingdom - 요리의 나라"
13:30,125,6747063674,"Brain Puzzle 2: Logic Twist"
13:30,126,6478472449,"비즈 앤 타운: 회사 경영 시뮬레이션 - 타이쿤 게임"
13:30,127,6755183085,"Yarn Loop: Knit Puzzle"
13:30,128,6466620626,"탕후루의 달인 - 두쫀쿠, 급식, 배달 먹방 ASMR"
13:30,129,6760822948,"더 코지 플로리스트"
13:30,130,329218549,"체스 · 플레이 및 배우기 온라인"
13:30,131,1089336971,"토킹톰 골드런"
13:30,132,6446516059,"캣 히어로 : 방치형 RPG"
13:30,133,1598881852,"프로젝트 세카이 컬러풀 스테이지! feat.하츠네 미쿠"
13:30,134,1635760774,"꿈의 호텔 (My Perfect Hotel)"
13:30,135,6766739255,"Rebel Glam：나만의 도파민 룩"
13:30,136,6753862216,"푸드스타（Foodstars）: 합쳐서 요리하기"
13:30,137,6477413486,"Level Devil - NOT A Troll Game"
13:30,138,1453720435,"Liar Game"
13:30,139,1645844535,"갓물주 키우기"
13:30,140,6755216191,"Color Maze - Puzzle Game"
13:30,141,6503603603,"미스터리 타운: 합성 게임 (Mystery Town)"
13:30,142,1480616990,"리그 오브 레전드: 와일드 리프트"
13:30,143,6689516283,"Perfect Tidy: 완벽한 정리"
13:30,144,646315802,"모두의마블"
13:30,145,1480616748,"전략적 팀 전투: 리그 오브 레전드 전략 게임"
13:30,146,1566126120,"사과게임 - 화제의 인싸게임"
13:30,147,1452992954,"Nonogram.com - 노노그램 숫자퍼즐 게임"
13:30,148,6749132002,"빠지냥! (Drop the Cat)"
13:30,149,6761523148,"Flower Forest - 워드 퍼즐"
13:30,150,1063165813,"Cardinal Land"
13:30,151,6740966864,"딸깍 다이스"
13:30,152,6757413794,"진삼국무쌍-오버로드"
13:30,153,1021117809,"주차의 달인 4"
13:30,154,6475033368,"명조:워더링 웨이브 - 현방 지계를 향하여"
13:30,155,6760325543,"ArrowCube - 3DPuzzle"
13:30,156,6740838442,"먼작귀 포켓"
13:30,157,6743368869,"Draft Showdown"
13:30,158,6746246179,"Foodie Sizzle: 미식 시즐"
13:30,159,1323901884,"쿠킹 매드니스(Cooking Madness)"
13:30,160,6450917563,"피자 레디 (Pizza Ready)"
13:30,161,1229618961,"Rider - 라이더"
13:30,162,6757844491,"Tricky Story 2: Brain Twist"
13:30,163,6744819313,"Satistory: Tidy Up"
13:30,164,924373886,"길건너 친구들"
13:30,165,6743385713,"털실 마스터 - 마법의 정렬 버스주차퍼즐게임"
13:30,166,1458568643,"피망 뉴맞고 : 고스톱으로 대한민국 1등"
13:30,167,6743738094,"마이 스티커 룸 (My Sticker Room)"
13:30,168,1562817072,"Mob Control"
13:30,169,6557072922,"Z Survivor: Backpack Shooter"
13:30,170,6759077038,"Profile Perfect"
13:30,171,947258826,"마피아42"
13:30,172,6759822089,"오늘의 꽃 : 진짜 꽃을 키우는 게임"
13:30,173,1442749804,"스도쿠 - 클래식 스도쿠"
13:30,174,6759997224,"순찰중! 바로 체포!"
13:30,175,6444705312,"비히클 마스터 (Vehicle Masters)"
13:30,176,6736896540,"헬로키티 마이 드림 스토어"
13:30,177,6742241805,"축구 심판 시뮬레이터 2026(Referee Game)"
13:30,178,896112560,"Marvel 올스타 배틀"
13:30,179,6447053495,"Makeup Beauty - 메이크업 패션게임"
13:30,180,1584459287,"말랑이 온라인 - 말랑이 거래, 게임 만들기"
13:30,181,1453989822,"Aquapark.io"
13:30,182,6758072393,"추락한 아름다움: 머지&스토리"
13:30,183,6782007560,"유월 — 로맨스, 각본 없음."
13:30,184,6754668985,"이세카이 게이트 ISEKAI GATE"
13:30,185,1177590613,"숨바꼭질 온라인 - 실시간 숨바꼭질"
13:30,186,543186831,"8 Ball Pool™"
13:30,187,1053012308,"클래시 로얄 (Clash Royale)"
13:30,188,1455441206,"캣점프"
13:30,189,1486214495,"브레인 테스트 (Brain Test): 까다로운 퍼즐"
13:30,190,6758326278,"Amaze GO! - 화살표 퍼즐"
13:30,191,6670169904,"Train Station 3: 기차 타이쿤"
13:30,192,6503272652,"라스트 Z: 서바이벌 슈터"
13:30,193,6443755785,"씨사이드 익스케이프: 합성 & 스토리 게임"
13:30,194,6747560860,"Screw Out 3D: Nut Sort Jam"
13:30,195,1619254071,"아너 오브 킹즈"
13:30,196,1583719180,"Battle Cats Quest"
13:30,197,1659408861,"Super Fighter 3: Open City"
13:30,198,6744975195,"Sled Surfers - 슬로프 어드벤처"
13:30,199,1600871388,"Eatventure"
13:30,200,6449243946,"스네이크 클래시 (Snake Clash)"
16:00,1,6749251466,"쿠키런 키우기 - 쿠키런: 크럼블"
16:00,2,6756547841,"꿈틀 수비대: 습격!! 외계인 엉덩이 TD"
16:00,3,6747957875,"Family Go! - 대를 잇는 인생 시뮬레이션"
16:00,4,6759763476,"Bus Traffic Fever!"
16:00,5,6762442041,"열혈강호: 넥스트"
16:00,6,6759081967,"Jewel Coloring"
16:00,7,6757690255,"윈드러너 키우기"
16:00,8,6760453970,"나쁜 사랑 - 다크한 남친 컬렉션"
16:00,9,6756185760,"Search It - Hidden Objects"
16:00,10,431946152,"로블록스(Roblox)"
16:00,11,6752672568,"Block Out! - Color Sort Puzzle"
16:00,12,1094591345,"Pokémon GO"
16:00,13,6499562253,"드래곤빌리지3"
16:00,14,6748084174,"Smash Fest!"
16:00,15,6443575749,"WOS: 화이트아웃 서바이벌"
16:00,16,6772136987,"이것이 삼국지다-1,500뽑기 증정"
16:00,17,6471045672,"테이스티 트레블: 합성 게임"
16:00,18,1617391485,"블록 블라스트 (Block Blast)"
16:00,19,6761760135,"Meowdoku!"
16:00,20,6759082569,"고양이 마피아 : 방치형 타이쿤 게임"
16:00,21,6741503079,"Pokémon Champions"
16:00,22,6754373623,"소울 헌터 키우기 : 방치형 RPG"
16:00,23,6739554056,"킹샷:Kingshot"
16:00,24,6759914688,"냥찍 히어로즈 : 방치형 RPG"
16:00,25,6755455500,"할리우드 머지"
16:00,26,1482155847,"로얄 매치 (Royal Match)"
16:00,27,1597760047,"OneState RP: 온라인 롤플레잉"
16:00,28,6747634441,"취준생 키우기 : 취업 시뮬레이션 게임"
16:00,29,6756482832,"Brain Puzzle 3: Crazy Mind"
16:00,30,6748950306,"단어 솔리테어: 카드 퍼즐게임"
16:00,31,1546845921,"멜론 메이커 : 머지"
16:00,32,1366526331,"배틀그라운드"
16:00,33,6499209744,"마법의 정렬 (Magic Sort!)"
16:00,34,6764201639,"총잡이 고양이 - 방치형 키우기"
16:00,35,1133463693,"메이플스토리M"
16:00,36,6760745556,"오늘도 환생 2"
16:00,37,6756254027,"부족 또 전쟁 ：무한루프 RPG"
16:00,38,6756641249,"hololive Dreams"
16:00,39,1015322991,"Rummikub"
16:00,40,1623318294,"가십하버: 합성 & 스토리 게임"
16:00,41,6756247787,"디지몬 UP"
16:00,42,6767834940,"탑 로드"
16:00,43,1344700142,"UNO!™"
16:00,44,930574573,"Sniper 3D: Gun Shooting Games"
16:00,45,6482291732,"운빨존많겜"
16:00,46,6748397500,"Arrows – Puzzle Escape"
16:00,47,6756288168,"Cookingo: Perfect Meal"
16:00,48,6737874398,"Merge Fashion: Romance Story"
16:00,49,1229016807,"브롤스타즈"
16:00,50,1193508329,"스도쿠 - 클래식 로직 퍼즐 게임"
16:00,51,6747467952,"라이즈 신 키우기"
16:00,52,848091833,"냥코 대전쟁"
16:00,53,6752886832,"호텔 레거시"
16:00,54,6759546053,"머지냥탐정 : 미스터리 머지"
16:00,55,1443446174,"매직 타일 3™: 리듬 피아노 게임"
16:00,56,1478371252,"FC 모바일"
16:00,57,1558248707,"Goose Goose Duck"
16:00,58,6780891673,"Royal Smash! - Physics Puzzle"
16:00,59,638689075,"꿈의 마을 (Township)"
16:00,60,6739616715,"메이플 키우기"
16:00,61,880047117,"앵그리버드 2 (Angry Birds 2)"
16:00,62,6448104157,"데이터 필요없는 게임 - 와이파이 필요없는 게임"
16:00,63,947742764,"무한의 계단"
16:00,64,6737022506,"나사 풀기 대작전"
16:00,65,6749109526,"X 클래시"
16:00,66,6740899070,"플랜티스와 좀비깡패"
16:00,67,6746328263,"Castle Busters"
16:00,68,6670789598,"Brain Puzzle: Tricky Quest"
16:00,69,6749759672,"산너머 도원마을"
16:00,70,6746465127,"세포 특공대 - 전략형 타워 디펜스"
16:00,71,6756989323,"라스트 어사일럼: 페스트"
16:00,72,6788498566,"Gartic Phone"
16:00,73,6689516366,"Bus Escape: Traffic Jam"
16:00,74,1458848044,"컴투스프로야구V26"
16:00,75,1550945606,"사커 슈퍼스타 - 축구"
16:00,76,1466736988,"카트라이더 러쉬플러스"
16:00,77,1389111413,"Hole.io"
16:00,78,1351168404,"Among Us!"
16:00,79,698255242,"Geometry Dash Lite"
16:00,80,6754098532,"러쉬: 익스트림 (RUSH: Xtreme)"
16:00,81,6767155768,"현상금 해적단 키우기"
16:00,82,6503702666,"협타디: 협동 타워 디펜스"
16:00,83,1471942989,"한게임 섯다&맞고"
16:00,84,6754965520,"Rogue Legend - Roguelike RPG"
16:00,85,6760957454,"탈출 게임 암스테르담"
16:00,86,6479970832,"포켓몬 카드 게임 Pocket"
16:00,87,512939461,"Subway Surfers"
16:00,88,1606549505,"로얄 킹덤 (Royal Kingdom)"
16:00,89,1643509748,"머지 쿠킹 테마 레스토랑（Merge Cooking）"
16:00,90,1423046460,"Paper.io 2"
16:00,91,1438820170,"GO! GO! 고양이 홉핑"
16:00,92,6769617371,"블레이드 워: 삼국"
16:00,93,6755509102,"단어 연상 - 단어잇기 낱말 퀴즈 퍼즐게임"
16:00,94,1471486284,"한게임 포커"
16:00,95,6769314786,"Food Hunt: Pixel Puzzle"
16:00,96,6451279326,"수험생 키우기 : 수능 시뮬레이션 게임"
16:00,97,553834731,"캔디크러쉬사가"
16:00,98,1273957743,"EA SPORTS FC Online M"
16:00,99,6758080238,"Tricky Mean2"
16:00,100,1117270703,"eFootball™"
16:00,101,1509450845,"쿠키런: 킹덤"
16:00,102,1104692136,"스네이크 아이오 - 재미있는 온라인 뱀 전투 게임"
16:00,103,1465731199,"2 Player Games : the Challenge"
16:00,104,6751056652,"Pixel Flow!"
16:00,105,6747492600,"마작 블래스트 (Mahjong Blast)"
16:00,106,880551258,"컴투스프로야구2026"
16:00,107,6478472449,"비즈 앤 타운: 회사 경영 시뮬레이션 - 타이쿤 게임"
16:00,108,6779167923,"Colony Flow!"
16:00,109,898986747,"좀비고등학교"
16:00,110,955705796,"MARVEL 퓨처파이트"
16:00,111,1638139403,"블록 크러시 (Block Crush)"
16:00,112,870442795,"오목의 달인"
16:00,113,6746151928,"두근두근타운"
16:00,114,6740043080,"Screwdom : 나사와 볼트 퍼즐"
16:00,115,6557072922,"Z Survivor: Backpack Shooter"
16:00,116,6740618570,"XP Hero (XP 히어로)"
16:00,117,6446516059,"캣 히어로 : 방치형 RPG"
16:00,118,6504332779,"Color Block Jam"
16:00,119,6503603603,"미스터리 타운: 합성 게임 (Mystery Town)"
16:00,120,1645844535,"갓물주 키우기"
16:00,121,1089336971,"토킹톰 골드런"
16:00,122,1635760774,"꿈의 호텔 (My Perfect Hotel)"
16:00,123,6740026253,"오피스 퀸 키우기"
16:00,124,6753862216,"푸드스타（Foodstars）: 합쳐서 요리하기"
16:00,125,1579464667,"Pokémon Sleep"
16:00,126,6757832779,"3D Colorful Sort™ 마법의 물"
16:00,127,6755183085,"Yarn Loop: Knit Puzzle"
16:00,128,6766739255,"Rebel Glam：나만의 도파민 룩"
16:00,129,1144557284,"텐텐오락실"
16:00,130,6747063674,"Brain Puzzle 2: Logic Twist"
16:00,131,6742222069,"Cookingdom - 요리의 나라"
16:00,132,608808713,"쿠키런"
16:00,133,6739246483,"Hole Em All: Collect Master"
16:00,134,6760822948,"더 코지 플로리스트"
16:00,135,1272085326,"3D운전교실"
16:00,136,6475757306,"Disney Solitaire 디즈니 솔리테어"
16:00,137,1480616990,"리그 오브 레전드: 와일드 리프트"
16:00,138,6466620626,"탕후루의 달인 - 두쫀쿠, 급식, 배달 먹방 ASMR"
16:00,139,6756171201,"컬러스위퍼"
16:00,140,6689516283,"Perfect Tidy: 완벽한 정리"
16:00,141,1598881852,"프로젝트 세카이 컬러풀 스테이지! feat.하츠네 미쿠"
16:00,142,6743368869,"Draft Showdown"
16:00,143,6477413486,"Level Devil - NOT A Troll Game"
16:00,144,329218549,"체스 · 플레이 및 배우기 온라인"
16:00,145,6755216191,"Color Maze - Puzzle Game"
16:00,146,6759822089,"오늘의 꽃 : 진짜 꽃을 키우는 게임"
16:00,147,1480616748,"전략적 팀 전투: 리그 오브 레전드 전략 게임"
16:00,148,6761523148,"Flower Forest - 워드 퍼즐"
16:00,149,1353255662,"파스텔걸"
16:00,150,1453720435,"Liar Game"
16:00,151,6740966864,"딸깍 다이스"
16:00,152,1562817072,"Mob Control"
16:00,153,6475033368,"명조:워더링 웨이브 - 현방 지계를 향하여"
16:00,154,924373886,"길건너 친구들"
16:00,155,6749132002,"빠지냥! (Drop the Cat)"
16:00,156,6450917563,"피자 레디 (Pizza Ready)"
16:00,157,1021117809,"주차의 달인 4"
16:00,158,1229618961,"Rider - 라이더"
16:00,159,646315802,"모두의마블"
16:00,160,6743738094,"마이 스티커 룸 (My Sticker Room)"
16:00,161,6740838442,"먼작귀 포켓"
16:00,162,1566126120,"사과게임 - 화제의 인싸게임"
16:00,163,1453989822,"Aquapark.io"
16:00,164,6757413794,"진삼국무쌍-오버로드"
16:00,165,6743385713,"털실 마스터 - 마법의 정렬 버스주차퍼즐게임"
16:00,166,6746246179,"Foodie Sizzle: 미식 시즐"
16:00,167,6759997224,"순찰중! 바로 체포!"
16:00,168,1455441206,"캣점프"
16:00,169,1323901884,"쿠킹 매드니스(Cooking Madness)"
16:00,170,6736896540,"헬로키티 마이 드림 스토어"
16:00,171,1452992954,"Nonogram.com - 노노그램 숫자퍼즐 게임"
16:00,172,6760325543,"ArrowCube - 3DPuzzle"
16:00,173,6503272652,"라스트 Z: 서바이벌 슈터"
16:00,174,896112560,"Marvel 올스타 배틀"
16:00,175,6759077038,"Profile Perfect"
16:00,176,1063165813,"Cardinal Land"
16:00,177,1458568643,"피망 뉴맞고 : 고스톱으로 대한민국 1등"
16:00,178,6758326278,"Amaze GO! - 화살표 퍼즐"
16:00,179,1442749804,"스도쿠 - 클래식 스도쿠"
16:00,180,6446347021,"고양이와 스프: 마법의 레시피"
16:00,181,6757844491,"Tricky Story 2: Brain Twist"
16:00,182,6449243946,"스네이크 클래시 (Snake Clash)"
16:00,183,6759788962,"Lordrush: 로드러쉬"
16:00,184,1486214495,"브레인 테스트 (Brain Test): 까다로운 퍼즐"
16:00,185,6752251959,"수확왕-농장 타워 디펜스 (Harvest King)"
16:00,186,1484468651,"Dice Dreams™"
16:00,187,6443755785,"씨사이드 익스케이프: 합성 & 스토리 게임"
16:00,188,6670169904,"Train Station 3: 기차 타이쿤"
16:00,189,947258826,"마피아42"
16:00,190,6744819313,"Satistory: Tidy Up"
16:00,191,6447053495,"Makeup Beauty - 메이크업 패션게임"
16:00,192,6760998152,"Family Farm Merge"
16:00,193,6444705312,"비히클 마스터 (Vehicle Masters)"
16:00,194,1053012308,"클래시 로얄 (Clash Royale)"
16:00,195,6742241805,"축구 심판 시뮬레이터 2026(Referee Game)"
16:00,196,6760175759,"밤탈출 - 49일"
16:00,197,1047961826,"로데오 스탬피드: 3D 동물 라이더"
16:00,198,6474930108,"마라마스터 : 포카포장, 인형계, 마라탕 먹방"
16:00,199,1584459287,"말랑이 온라인 - 말랑이 거래, 게임 만들기"
16:00,200,963067330,"쿠키런: 오븐브레이크"
18:30,1,6749251466,"쿠키런 키우기 - 쿠키런: 크럼블"
18:30,2,6756547841,"꿈틀 수비대: 습격!! 외계인 엉덩이 TD"
18:30,3,6747957875,"Family Go! - 대를 잇는 인생 시뮬레이션"
18:30,4,6759763476,"Bus Traffic Fever!"
18:30,5,6754373623,"소울 헌터 키우기 : 방치형 RPG"
18:30,6,6762442041,"열혈강호: 넥스트"
18:30,7,6759081967,"Jewel Coloring"
18:30,8,6757690255,"윈드러너 키우기"
18:30,9,6760453970,"나쁜 사랑 - 다크한 남친 컬렉션"
18:30,10,6756185760,"Search It - Hidden Objects"
18:30,11,1094591345,"Pokémon GO"
18:30,12,431946152,"로블록스(Roblox)"
18:30,13,6752672568,"Block Out! - Color Sort Puzzle"
18:30,14,6443575749,"WOS: 화이트아웃 서바이벌"
18:30,15,6499562253,"드래곤빌리지3"
18:30,16,6748084174,"Smash Fest!"
18:30,17,1617391485,"블록 블라스트 (Block Blast)"
18:30,18,6471045672,"테이스티 트레블: 합성 게임"
18:30,19,6761760135,"Meowdoku!"
18:30,20,6741503079,"Pokémon Champions"
18:30,21,6772136987,"이것이 삼국지다-1,500뽑기 증정"
18:30,22,6739554056,"킹샷:Kingshot"
18:30,23,1597760047,"OneState RP: 온라인 롤플레잉"
18:30,24,6755455500,"할리우드 머지"
18:30,25,6747634441,"취준생 키우기 : 취업 시뮬레이션 게임"
18:30,26,1482155847,"로얄 매치 (Royal Match)"
18:30,27,6759082569,"고양이 마피아 : 방치형 타이쿤 게임"
18:30,28,6759914688,"냥찍 히어로즈 : 방치형 RPG"
18:30,29,6756482832,"Brain Puzzle 3: Crazy Mind"
18:30,30,6764201639,"총잡이 고양이 - 방치형 키우기"
18:30,31,6499209744,"마법의 정렬 (Magic Sort!)"
18:30,32,1366526331,"배틀그라운드"
18:30,33,1546845921,"멜론 메이커 : 머지"
18:30,34,6748950306,"단어 솔리테어: 카드 퍼즐게임"
18:30,35,1133463693,"메이플스토리M"
18:30,36,6482291732,"운빨존많겜"
18:30,37,6756254027,"부족 또 전쟁 ：무한루프 RPG"
18:30,38,6760745556,"오늘도 환생 2"
18:30,39,6756641249,"hololive Dreams"
18:30,40,930574573,"Sniper 3D: Gun Shooting Games"
18:30,41,1015322991,"Rummikub"
18:30,42,6767834940,"탑 로드"
18:30,43,1344700142,"UNO!™"
18:30,44,1623318294,"가십하버: 합성 & 스토리 게임"
18:30,45,6737874398,"Merge Fashion: Romance Story"
18:30,46,6756247787,"디지몬 UP"
18:30,47,1229016807,"브롤스타즈"
18:30,48,6748397500,"Arrows – Puzzle Escape"
18:30,49,6752886832,"호텔 레거시"
18:30,50,1193508329,"스도쿠 - 클래식 로직 퍼즐 게임"
18:30,51,848091833,"냥코 대전쟁"
18:30,52,6756288168,"Cookingo: Perfect Meal"
18:30,53,1443446174,"매직 타일 3™: 리듬 피아노 게임"
18:30,54,6739616715,"메이플 키우기"
18:30,55,1478371252,"FC 모바일"
18:30,56,638689075,"꿈의 마을 (Township)"
18:30,57,1558248707,"Goose Goose Duck"
18:30,58,6749109526,"X 클래시"
18:30,59,947742764,"무한의 계단"
18:30,60,6746328263,"Castle Busters"
18:30,61,6448104157,"데이터 필요없는 게임 - 와이파이 필요없는 게임"
18:30,62,6737022506,"나사 풀기 대작전"
18:30,63,880047117,"앵그리버드 2 (Angry Birds 2)"
18:30,64,6747467952,"라이즈 신 키우기"
18:30,65,6780891673,"Royal Smash! - Physics Puzzle"
18:30,66,6759546053,"머지냥탐정 : 미스터리 머지"
18:30,67,6740899070,"플랜티스와 좀비깡패"
18:30,68,6749759672,"산너머 도원마을"
18:30,69,6670789598,"Brain Puzzle: Tricky Quest"
18:30,70,6746465127,"세포 특공대 - 전략형 타워 디펜스"
18:30,71,1458848044,"컴투스프로야구V26"
18:30,72,1389111413,"Hole.io"
18:30,73,698255242,"Geometry Dash Lite"
18:30,74,1466736988,"카트라이더 러쉬플러스"
18:30,75,6689516366,"Bus Escape: Traffic Jam"
18:30,76,1550945606,"사커 슈퍼스타 - 축구"
18:30,77,6754098532,"러쉬: 익스트림 (RUSH: Xtreme)"
18:30,78,6503702666,"협타디: 협동 타워 디펜스"
18:30,79,6756989323,"라스트 어사일럼: 페스트"
18:30,80,1423046460,"Paper.io 2"
18:30,81,1606549505,"로얄 킹덤 (Royal Kingdom)"
18:30,82,1351168404,"Among Us!"
18:30,83,6479970832,"포켓몬 카드 게임 Pocket"
18:30,84,6767155768,"현상금 해적단 키우기"
18:30,85,6788498566,"Gartic Phone"
18:30,86,1471942989,"한게임 섯다&맞고"
18:30,87,6760957454,"탈출 게임 암스테르담"
18:30,88,6758080238,"Tricky Mean2"
18:30,89,1273957743,"EA SPORTS FC Online M"
18:30,90,1471486284,"한게임 포커"
18:30,91,1643509748,"머지 쿠킹 테마 레스토랑（Merge Cooking）"
18:30,92,512939461,"Subway Surfers"
18:30,93,6754965520,"Rogue Legend - Roguelike RPG"
18:30,94,1638139403,"블록 크러시 (Block Crush)"
18:30,95,1465731199,"2 Player Games : the Challenge"
18:30,96,553834731,"캔디크러쉬사가"
18:30,97,6769314786,"Food Hunt: Pixel Puzzle"
18:30,98,1117270703,"eFootball™"
18:30,99,6451279326,"수험생 키우기 : 수능 시뮬레이션 게임"
18:30,100,1104692136,"스네이크 아이오 - 재미있는 온라인 뱀 전투 게임"
18:30,101,6747492600,"마작 블래스트 (Mahjong Blast)"
18:30,102,1509450845,"쿠키런: 킹덤"
18:30,103,6751056652,"Pixel Flow!"
18:30,104,6755509102,"단어 연상 - 단어잇기 낱말 퀴즈 퍼즐게임"
18:30,105,880551258,"컴투스프로야구2026"
18:30,106,1438820170,"GO! GO! 고양이 홉핑"
18:30,107,6769617371,"블레이드 워: 삼국"
18:30,108,1353255662,"파스텔걸"
18:30,109,6753862216,"푸드스타（Foodstars）: 합쳐서 요리하기"
18:30,110,6478472449,"비즈 앤 타운: 회사 경영 시뮬레이션 - 타이쿤 게임"
18:30,111,6503603603,"미스터리 타운: 합성 게임 (Mystery Town)"
18:30,112,955705796,"MARVEL 퓨처파이트"
18:30,113,6557072922,"Z Survivor: Backpack Shooter"
18:30,114,898986747,"좀비고등학교"
18:30,115,6446516059,"캣 히어로 : 방치형 RPG"
18:30,116,6746151928,"두근두근타운"
18:30,117,6766739255,"Rebel Glam：나만의 도파민 룩"
18:30,118,6747063674,"Brain Puzzle 2: Logic Twist"
18:30,119,1635760774,"꿈의 호텔 (My Perfect Hotel)"
18:30,120,870442795,"오목의 달인"
18:30,121,6466620626,"탕후루의 달인 - 두쫀쿠, 급식, 배달 먹방 ASMR"
18:30,122,6742222069,"Cookingdom - 요리의 나라"
18:30,123,6779167923,"Colony Flow!"
18:30,124,1272085326,"3D운전교실"
18:30,125,1645844535,"갓물주 키우기"
18:30,126,1089336971,"토킹톰 골드런"
18:30,127,6757832779,"3D Colorful Sort™ 마법의 물"
18:30,128,6743368869,"Draft Showdown"
18:30,129,6739246483,"Hole Em All: Collect Master"
18:30,130,6740043080,"Screwdom : 나사와 볼트 퍼즐"
18:30,131,6740618570,"XP Hero (XP 히어로)"
18:30,132,1598881852,"프로젝트 세카이 컬러풀 스테이지! feat.하츠네 미쿠"
18:30,133,608808713,"쿠키런"
18:30,134,6755183085,"Yarn Loop: Knit Puzzle"
18:30,135,1480616990,"리그 오브 레전드: 와일드 리프트"
18:30,136,6504332779,"Color Block Jam"
18:30,137,1144557284,"텐텐오락실"
18:30,138,6740026253,"오피스 퀸 키우기"
18:30,139,6689516283,"Perfect Tidy: 완벽한 정리"
18:30,140,6477413486,"Level Devil - NOT A Troll Game"
18:30,141,329218549,"체스 · 플레이 및 배우기 온라인"
18:30,142,6761523148,"Flower Forest - 워드 퍼즐"
18:30,143,6755216191,"Color Maze - Puzzle Game"
18:30,144,1562817072,"Mob Control"
18:30,145,1566126120,"사과게임 - 화제의 인싸게임"
18:30,146,6756171201,"컬러스위퍼"
18:30,147,1453720435,"Liar Game"
18:30,148,1480616748,"전략적 팀 전투: 리그 오브 레전드 전략 게임"
18:30,149,6759822089,"오늘의 꽃 : 진짜 꽃을 키우는 게임"
18:30,150,1579464667,"Pokémon Sleep"
18:30,151,6758326278,"Amaze GO! - 화살표 퍼즐"
18:30,152,6760822948,"더 코지 플로리스트"
18:30,153,924373886,"길건너 친구들"
18:30,154,6759997224,"순찰중! 바로 체포!"
18:30,155,6475757306,"Disney Solitaire 디즈니 솔리테어"
18:30,156,1453989822,"Aquapark.io"
18:30,157,6740966864,"딸깍 다이스"
18:30,158,1021117809,"주차의 달인 4"
18:30,159,6740838442,"먼작귀 포켓"
18:30,160,1323901884,"쿠킹 매드니스(Cooking Madness)"
18:30,161,6503272652,"라스트 Z: 서바이벌 슈터"
18:30,162,1229618961,"Rider - 라이더"
18:30,163,6475033368,"명조:워더링 웨이브 - 현방 지계를 향하여"
18:30,164,1047961826,"로데오 스탬피드: 3D 동물 라이더"
18:30,165,6450917563,"피자 레디 (Pizza Ready)"
18:30,166,6752251959,"수확왕-농장 타워 디펜스 (Harvest King)"
18:30,167,646315802,"모두의마블"
18:30,168,6760175759,"밤탈출 - 49일"
18:30,169,896112560,"Marvel 올스타 배틀"
18:30,170,6743738094,"마이 스티커 룸 (My Sticker Room)"
18:30,171,6757461161,"라스트 에코"
18:30,172,6749132002,"빠지냥! (Drop the Cat)"
18:30,173,6444705312,"비히클 마스터 (Vehicle Masters)"
18:30,174,6759788962,"Lordrush: 로드러쉬"
18:30,175,1455441206,"캣점프"
18:30,176,6760998152,"Family Farm Merge"
18:30,177,6760325543,"ArrowCube - 3DPuzzle"
18:30,178,6746246179,"Foodie Sizzle: 미식 시즐"
18:30,179,6670169904,"Train Station 3: 기차 타이쿤"
18:30,180,6743385713,"털실 마스터 - 마법의 정렬 버스주차퍼즐게임"
18:30,181,6446347021,"고양이와 스프: 마법의 레시피"
18:30,182,6736896540,"헬로키티 마이 드림 스토어"
18:30,183,6757413794,"진삼국무쌍-오버로드"
18:30,184,6449243946,"스네이크 클래시 (Snake Clash)"
18:30,185,1458568643,"피망 뉴맞고 : 고스톱으로 대한민국 1등"
18:30,186,6744975195,"Sled Surfers - 슬로프 어드벤처"
18:30,187,1486214495,"브레인 테스트 (Brain Test): 까다로운 퍼즐"
18:30,188,6443755785,"씨사이드 익스케이프: 합성 & 스토리 게임"
18:30,189,1484468651,"Dice Dreams™"
18:30,190,1442749804,"스도쿠 - 클래식 스도쿠"
18:30,191,6478563961,"브레인테스트 올스타 (Brain Test): IQ 게임"
18:30,192,6447053495,"Makeup Beauty - 메이크업 패션게임"
18:30,193,6474930108,"마라마스터 : 포카포장, 인형계, 마라탕 먹방"
18:30,194,1452992954,"Nonogram.com - 노노그램 숫자퍼즐 게임"
18:30,195,6761045469,"도깨비 소녀와 함께"
18:30,196,6738118862,"Satiszone: 완벽한 ASMR 게임"
18:30,197,6742241805,"축구 심판 시뮬레이터 2026(Referee Game)"
18:30,198,947258826,"마피아42"
18:30,199,6759077038,"Profile Perfect"
18:30,200,520888232,"슈퍼펭귄 (Super Penguins)"
19:30,1,6749251466,"쿠키런 키우기 - 쿠키런: 크럼블"
19:30,2,6756547841,"꿈틀 수비대: 습격!! 외계인 엉덩이 TD"
19:30,3,6747957875,"Family Go! - 대를 잇는 인생 시뮬레이션"
19:30,4,6754373623,"소울 헌터 키우기 : 방치형 RPG"
19:30,5,6759763476,"Bus Traffic Fever!"
19:30,6,6759081967,"Jewel Coloring"
19:30,7,431946152,"로블록스(Roblox)"
19:30,8,6762442041,"열혈강호: 넥스트"
19:30,9,1094591345,"Pokémon GO"
19:30,10,6757690255,"윈드러너 키우기"
19:30,11,6760453970,"나쁜 사랑 - 다크한 남친 컬렉션"
19:30,12,6752672568,"Block Out! - Color Sort Puzzle"
19:30,13,6756185760,"Search It - Hidden Objects"
19:30,14,6443575749,"WOS: 화이트아웃 서바이벌"
19:30,15,6499562253,"드래곤빌리지3"
19:30,16,1617391485,"블록 블라스트 (Block Blast)"
19:30,17,6748084174,"Smash Fest!"
19:30,18,6471045672,"테이스티 트레블: 합성 게임"
19:30,19,6761760135,"Meowdoku!"
19:30,20,6741503079,"Pokémon Champions"
19:30,21,6772136987,"이것이 삼국지다-1,500뽑기 증정"
19:30,22,6739554056,"킹샷:Kingshot"
19:30,23,1597760047,"OneState RP: 온라인 롤플레잉"
19:30,24,6747634441,"취준생 키우기 : 취업 시뮬레이션 게임"
19:30,25,1482155847,"로얄 매치 (Royal Match)"
19:30,26,6755455500,"할리우드 머지"
19:30,27,6759914688,"냥찍 히어로즈 : 방치형 RPG"
19:30,28,1366526331,"배틀그라운드"
19:30,29,6499209744,"마법의 정렬 (Magic Sort!)"
19:30,30,6756482832,"Brain Puzzle 3: Crazy Mind"
19:30,31,6759082569,"고양이 마피아 : 방치형 타이쿤 게임"
19:30,32,6764201639,"총잡이 고양이 - 방치형 키우기"
19:30,33,6482291732,"운빨존많겜"
19:30,34,1546845921,"멜론 메이커 : 머지"
19:30,35,6748950306,"단어 솔리테어: 카드 퍼즐게임"
19:30,36,6756254027,"부족 또 전쟁 ：무한루프 RPG"
19:30,37,930574573,"Sniper 3D: Gun Shooting Games"
19:30,38,1015322991,"Rummikub"
19:30,39,6767834940,"탑 로드"
19:30,40,6756641249,"hololive Dreams"
19:30,41,6760745556,"오늘도 환생 2"
19:30,42,1133463693,"메이플스토리M"
19:30,43,1344700142,"UNO!™"
19:30,44,6737874398,"Merge Fashion: Romance Story"
19:30,45,1229016807,"브롤스타즈"
19:30,46,1623318294,"가십하버: 합성 & 스토리 게임"
19:30,47,1193508329,"스도쿠 - 클래식 로직 퍼즐 게임"
19:30,48,6756247787,"디지몬 UP"
19:30,49,6752886832,"호텔 레거시"
19:30,50,848091833,"냥코 대전쟁"
19:30,51,6748397500,"Arrows – Puzzle Escape"
19:30,52,6756288168,"Cookingo: Perfect Meal"
19:30,53,1443446174,"매직 타일 3™: 리듬 피아노 게임"
19:30,54,1478371252,"FC 모바일"
19:30,55,6746328263,"Castle Busters"
19:30,56,1558248707,"Goose Goose Duck"
19:30,57,880047117,"앵그리버드 2 (Angry Birds 2)"
19:30,58,638689075,"꿈의 마을 (Township)"
19:30,59,6739616715,"메이플 키우기"
19:30,60,947742764,"무한의 계단"
19:30,61,6749109526,"X 클래시"
19:30,62,6448104157,"데이터 필요없는 게임 - 와이파이 필요없는 게임"
19:30,63,6780891673,"Royal Smash! - Physics Puzzle"
19:30,64,6737022506,"나사 풀기 대작전"
19:30,65,6759546053,"머지냥탐정 : 미스터리 머지"
19:30,66,6747467952,"라이즈 신 키우기"
19:30,67,6740899070,"플랜티스와 좀비깡패"
19:30,68,6749759672,"산너머 도원마을"
19:30,69,1458848044,"컴투스프로야구V26"
19:30,70,6670789598,"Brain Puzzle: Tricky Quest"
19:30,71,1389111413,"Hole.io"
19:30,72,698255242,"Geometry Dash Lite"
19:30,73,1466736988,"카트라이더 러쉬플러스"
19:30,74,6746465127,"세포 특공대 - 전략형 타워 디펜스"
19:30,75,6754098532,"러쉬: 익스트림 (RUSH: Xtreme)"
19:30,76,1423046460,"Paper.io 2"
19:30,77,6503702666,"협타디: 협동 타워 디펜스"
19:30,78,1550945606,"사커 슈퍼스타 - 축구"
19:30,79,1351168404,"Among Us!"
19:30,80,1606549505,"로얄 킹덤 (Royal Kingdom)"
19:30,81,6689516366,"Bus Escape: Traffic Jam"
19:30,82,6479970832,"포켓몬 카드 게임 Pocket"
19:30,83,1471942989,"한게임 섯다&맞고"
19:30,84,1465731199,"2 Player Games : the Challenge"
19:30,85,6767155768,"현상금 해적단 키우기"
19:30,86,1273957743,"EA SPORTS FC Online M"
19:30,87,1353255662,"파스텔걸"
19:30,88,1471486284,"한게임 포커"
19:30,89,6451279326,"수험생 키우기 : 수능 시뮬레이션 게임"
19:30,90,6756989323,"라스트 어사일럼: 페스트"
19:30,91,512939461,"Subway Surfers"
19:30,92,6758080238,"Tricky Mean2"
19:30,93,6788498566,"Gartic Phone"
19:30,94,1117270703,"eFootball™"
19:30,95,1643509748,"머지 쿠킹 테마 레스토랑（Merge Cooking）"
19:30,96,1104692136,"스네이크 아이오 - 재미있는 온라인 뱀 전투 게임"
19:30,97,6769314786,"Food Hunt: Pixel Puzzle"
19:30,98,6760957454,"탈출 게임 암스테르담"
19:30,99,1638139403,"블록 크러시 (Block Crush)"
19:30,100,6753862216,"푸드스타（Foodstars）: 합쳐서 요리하기"
19:30,101,553834731,"캔디크러쉬사가"
19:30,102,880551258,"컴투스프로야구2026"
19:30,103,6754965520,"Rogue Legend - Roguelike RPG"
19:30,104,6478472449,"비즈 앤 타운: 회사 경영 시뮬레이션 - 타이쿤 게임"
19:30,105,6766739255,"Rebel Glam：나만의 도파민 룩"
19:30,106,1509450845,"쿠키런: 킹덤"
19:30,107,6747492600,"마작 블래스트 (Mahjong Blast)"
19:30,108,6755509102,"단어 연상 - 단어잇기 낱말 퀴즈 퍼즐게임"
19:30,109,955705796,"MARVEL 퓨처파이트"
19:30,110,6751056652,"Pixel Flow!"
19:30,111,898986747,"좀비고등학교"
19:30,112,6466620626,"탕후루의 달인 - 두쫀쿠, 급식, 배달 먹방 ASMR"
19:30,113,1598881852,"프로젝트 세카이 컬러풀 스테이지! feat.하츠네 미쿠"
19:30,114,6746151928,"두근두근타운"
19:30,115,6742222069,"Cookingdom - 요리의 나라"
19:30,116,6503603603,"미스터리 타운: 합성 게임 (Mystery Town)"
19:30,117,6769617371,"블레이드 워: 삼국"
19:30,118,1438820170,"GO! GO! 고양이 홉핑"
19:30,119,1089336971,"토킹톰 골드런"
19:30,120,6747063674,"Brain Puzzle 2: Logic Twist"
19:30,121,1635760774,"꿈의 호텔 (My Perfect Hotel)"
19:30,122,6557072922,"Z Survivor: Backpack Shooter"
19:30,123,608808713,"쿠키런"
19:30,124,870442795,"오목의 달인"
19:30,125,329218549,"체스 · 플레이 및 배우기 온라인"
19:30,126,6477413486,"Level Devil - NOT A Troll Game"
19:30,127,6446516059,"캣 히어로 : 방치형 RPG"
19:30,128,1272085326,"3D운전교실"
19:30,129,6755183085,"Yarn Loop: Knit Puzzle"
19:30,130,6757832779,"3D Colorful Sort™ 마법의 물"
19:30,131,1144557284,"텐텐오락실"
19:30,132,6739246483,"Hole Em All: Collect Master"
19:30,133,1480616990,"리그 오브 레전드: 와일드 리프트"
19:30,134,6743368869,"Draft Showdown"
19:30,135,6740026253,"오피스 퀸 키우기"
19:30,136,1645844535,"갓물주 키우기"
19:30,137,6689516283,"Perfect Tidy: 완벽한 정리"
19:30,138,1566126120,"사과게임 - 화제의 인싸게임"
19:30,139,6740043080,"Screwdom : 나사와 볼트 퍼즐"
19:30,140,6504332779,"Color Block Jam"
19:30,141,6740618570,"XP Hero (XP 히어로)"
19:30,142,1562817072,"Mob Control"
19:30,143,6779167923,"Colony Flow!"
19:30,144,6761523148,"Flower Forest - 워드 퍼즐"
19:30,145,6760175759,"밤탈출 - 49일"
19:30,146,1480616748,"전략적 팀 전투: 리그 오브 레전드 전략 게임"
19:30,147,1453720435,"Liar Game"
19:30,148,6758326278,"Amaze GO! - 화살표 퍼즐"
19:30,149,1453989822,"Aquapark.io"
19:30,150,6756171201,"컬러스위퍼"
19:30,151,6759822089,"오늘의 꽃 : 진짜 꽃을 키우는 게임"
19:30,152,6759997224,"순찰중! 바로 체포!"
19:30,153,924373886,"길건너 친구들"
19:30,154,6759788962,"Lordrush: 로드러쉬"
19:30,155,1021117809,"주차의 달인 4"
19:30,156,6503272652,"라스트 Z: 서바이벌 슈터"
19:30,157,6755216191,"Color Maze - Puzzle Game"
19:30,158,1047961826,"로데오 스탬피드: 3D 동물 라이더"
19:30,159,6740966864,"딸깍 다이스"
19:30,160,6450917563,"피자 레디 (Pizza Ready)"
19:30,161,6740838442,"먼작귀 포켓"
19:30,162,646315802,"모두의마블"
19:30,163,1323901884,"쿠킹 매드니스(Cooking Madness)"
19:30,164,1229618961,"Rider - 라이더"
19:30,165,6757461161,"라스트 에코"
19:30,166,6475757306,"Disney Solitaire 디즈니 솔리테어"
19:30,167,1455441206,"캣점프"
19:30,168,6444705312,"비히클 마스터 (Vehicle Masters)"
19:30,169,6749132002,"빠지냥! (Drop the Cat)"
19:30,170,6744975195,"Sled Surfers - 슬로프 어드벤처"
19:30,171,6752251959,"수확왕-농장 타워 디펜스 (Harvest King)"
19:30,172,6475033368,"명조:워더링 웨이브 - 현방 지계를 향하여"
19:30,173,896112560,"Marvel 올스타 배틀"
19:30,174,6743738094,"마이 스티커 룸 (My Sticker Room)"
19:30,175,6449243946,"스네이크 클래시 (Snake Clash)"
19:30,176,6758072393,"추락한 아름다움: 머지&스토리"
19:30,177,6757844491,"Tricky Story 2: Brain Twist"
19:30,178,6449651527,"Raid Plaza"
19:30,179,1579464667,"Pokémon Sleep"
19:30,180,6760822948,"더 코지 플로리스트"
19:30,181,6743385713,"털실 마스터 - 마법의 정렬 버스주차퍼즐게임"
19:30,182,6760998152,"Family Farm Merge"
19:30,183,520888232,"슈퍼펭귄 (Super Penguins)"
19:30,184,1458568643,"피망 뉴맞고 : 고스톱으로 대한민국 1등"
19:30,185,6447053495,"Makeup Beauty - 메이크업 패션게임"
19:30,186,6738118862,"Satiszone: 완벽한 ASMR 게임"
19:30,187,6760325543,"ArrowCube - 3DPuzzle"
19:30,188,6443755785,"씨사이드 익스케이프: 합성 & 스토리 게임"
19:30,189,6478563961,"브레인테스트 올스타 (Brain Test): IQ 게임"
19:30,190,1486214495,"브레인 테스트 (Brain Test): 까다로운 퍼즐"
19:30,191,6736896540,"헬로키티 마이 드림 스토어"
19:30,192,6670169904,"Train Station 3: 기차 타이쿤"
19:30,193,947258826,"마피아42"
19:30,194,1442749804,"스도쿠 - 클래식 스도쿠"
19:30,195,6474930108,"마라마스터 : 포카포장, 인형계, 마라탕 먹방"
19:30,196,6746246179,"Foodie Sizzle: 미식 시즐"
19:30,197,1452992954,"Nonogram.com - 노노그램 숫자퍼즐 게임"
19:30,198,6446347021,"고양이와 스프: 마법의 레시피"
19:30,199,1484468651,"Dice Dreams™"
19:30,200,1053012308,"클래시 로얄 (Clash Royale)"
20:30,1,6749251466,"쿠키런 키우기 - 쿠키런: 크럼블"
20:30,2,6756547841,"꿈틀 수비대: 습격!! 외계인 엉덩이 TD"
20:30,3,6747957875,"Family Go! - 대를 잇는 인생 시뮬레이션"
20:30,4,6754373623,"소울 헌터 키우기 : 방치형 RPG"
20:30,5,6759763476,"Bus Traffic Fever!"
20:30,6,6759081967,"Jewel Coloring"
20:30,7,431946152,"로블록스(Roblox)"
20:30,8,6762442041,"열혈강호: 넥스트"
20:30,9,1094591345,"Pokémon GO"
20:30,10,6757690255,"윈드러너 키우기"
20:30,11,6760453970,"나쁜 사랑 - 다크한 남친 컬렉션"
20:30,12,6752672568,"Block Out! - Color Sort Puzzle"
20:30,13,6756185760,"Search It - Hidden Objects"
20:30,14,6443575749,"WOS: 화이트아웃 서바이벌"
20:30,15,6499562253,"드래곤빌리지3"
20:30,16,1617391485,"블록 블라스트 (Block Blast)"
20:30,17,6748084174,"Smash Fest!"
20:30,18,6471045672,"테이스티 트레블: 합성 게임"
20:30,19,6761760135,"Meowdoku!"
20:30,20,6741503079,"Pokémon Champions"
20:30,21,6772136987,"이것이 삼국지다-1,500뽑기 증정"
20:30,22,6739554056,"킹샷:Kingshot"
20:30,23,1597760047,"OneState RP: 온라인 롤플레잉"
20:30,24,6747634441,"취준생 키우기 : 취업 시뮬레이션 게임"
20:30,25,1482155847,"로얄 매치 (Royal Match)"
20:30,26,6755455500,"할리우드 머지"
20:30,27,6759914688,"냥찍 히어로즈 : 방치형 RPG"
20:30,28,1366526331,"배틀그라운드"
20:30,29,6499209744,"마법의 정렬 (Magic Sort!)"
20:30,30,6756482832,"Brain Puzzle 3: Crazy Mind"
20:30,31,6759082569,"고양이 마피아 : 방치형 타이쿤 게임"
20:30,32,6764201639,"총잡이 고양이 - 방치형 키우기"
20:30,33,6482291732,"운빨존많겜"
20:30,34,1546845921,"멜론 메이커 : 머지"
20:30,35,6748950306,"단어 솔리테어: 카드 퍼즐게임"
20:30,36,6756254027,"부족 또 전쟁 ：무한루프 RPG"
20:30,37,930574573,"Sniper 3D: Gun Shooting Games"
20:30,38,1015322991,"Rummikub"
20:30,39,6767834940,"탑 로드"
20:30,40,6756641249,"hololive Dreams"
20:30,41,6760745556,"오늘도 환생 2"
20:30,42,1133463693,"메이플스토리M"
20:30,43,1344700142,"UNO!™"
20:30,44,6737874398,"Merge Fashion: Romance Story"
20:30,45,1229016807,"브롤스타즈"
20:30,46,1623318294,"가십하버: 합성 & 스토리 게임"
20:30,47,1193508329,"스도쿠 - 클래식 로직 퍼즐 게임"
20:30,48,6756247787,"디지몬 UP"
20:30,49,6752886832,"호텔 레거시"
20:30,50,848091833,"냥코 대전쟁"
20:30,51,6748397500,"Arrows – Puzzle Escape"
20:30,52,6756288168,"Cookingo: Perfect Meal"
20:30,53,1443446174,"매직 타일 3™: 리듬 피아노 게임"
20:30,54,1478371252,"FC 모바일"
20:30,55,6746328263,"Castle Busters"
20:30,56,1558248707,"Goose Goose Duck"
20:30,57,880047117,"앵그리버드 2 (Angry Birds 2)"
20:30,58,638689075,"꿈의 마을 (Township)"
20:30,59,6739616715,"메이플 키우기"
20:30,60,947742764,"무한의 계단"
20:30,61,6749109526,"X 클래시"
20:30,62,6448104157,"데이터 필요없는 게임 - 와이파이 필요없는 게임"
20:30,63,6780891673,"Royal Smash! - Physics Puzzle"
20:30,64,6737022506,"나사 풀기 대작전"
20:30,65,6759546053,"머지냥탐정 : 미스터리 머지"
20:30,66,6747467952,"라이즈 신 키우기"
20:30,67,6740899070,"플랜티스와 좀비깡패"
20:30,68,6749759672,"산너머 도원마을"
20:30,69,1458848044,"컴투스프로야구V26"
20:30,70,6670789598,"Brain Puzzle: Tricky Quest"
20:30,71,1389111413,"Hole.io"
20:30,72,698255242,"Geometry Dash Lite"
20:30,73,1466736988,"카트라이더 러쉬플러스"
20:30,74,6746465127,"세포 특공대 - 전략형 타워 디펜스"
20:30,75,6754098532,"러쉬: 익스트림 (RUSH: Xtreme)"
20:30,76,1423046460,"Paper.io 2"
20:30,77,6503702666,"협타디: 협동 타워 디펜스"
20:30,78,1550945606,"사커 슈퍼스타 - 축구"
20:30,79,1351168404,"Among Us!"
20:30,80,1606549505,"로얄 킹덤 (Royal Kingdom)"
20:30,81,6689516366,"Bus Escape: Traffic Jam"
20:30,82,6479970832,"포켓몬 카드 게임 Pocket"
20:30,83,1471942989,"한게임 섯다&맞고"
20:30,84,1465731199,"2 Player Games : the Challenge"
20:30,85,6767155768,"현상금 해적단 키우기"
20:30,86,1273957743,"EA SPORTS FC Online M"
20:30,87,1353255662,"파스텔걸"
20:30,88,1471486284,"한게임 포커"
20:30,89,6451279326,"수험생 키우기 : 수능 시뮬레이션 게임"
20:30,90,6756989323,"라스트 어사일럼: 페스트"
20:30,91,512939461,"Subway Surfers"
20:30,92,6758080238,"Tricky Mean2"
20:30,93,6788498566,"Gartic Phone"
20:30,94,1117270703,"eFootball™"
20:30,95,1643509748,"머지 쿠킹 테마 레스토랑（Merge Cooking）"
20:30,96,1104692136,"스네이크 아이오 - 재미있는 온라인 뱀 전투 게임"
20:30,97,6769314786,"Food Hunt: Pixel Puzzle"
20:30,98,6760957454,"탈출 게임 암스테르담"
20:30,99,1638139403,"블록 크러시 (Block Crush)"
20:30,100,6753862216,"푸드스타（Foodstars）: 합쳐서 요리하기"
20:30,101,553834731,"캔디크러쉬사가"
20:30,102,880551258,"컴투스프로야구2026"
20:30,103,6754965520,"Rogue Legend - Roguelike RPG"
20:30,104,6478472449,"비즈 앤 타운: 회사 경영 시뮬레이션 - 타이쿤 게임"
20:30,105,6766739255,"Rebel Glam：나만의 도파민 룩"
20:30,106,1509450845,"쿠키런: 킹덤"
20:30,107,6747492600,"마작 블래스트 (Mahjong Blast)"
20:30,108,6755509102,"단어 연상 - 단어잇기 낱말 퀴즈 퍼즐게임"
20:30,109,955705796,"MARVEL 퓨처파이트"
20:30,110,6751056652,"Pixel Flow!"
20:30,111,898986747,"좀비고등학교"
20:30,112,6466620626,"탕후루의 달인 - 두쫀쿠, 급식, 배달 먹방 ASMR"
20:30,113,1598881852,"프로젝트 세카이 컬러풀 스테이지! feat.하츠네 미쿠"
20:30,114,6746151928,"두근두근타운"
20:30,115,6742222069,"Cookingdom - 요리의 나라"
20:30,116,6503603603,"미스터리 타운: 합성 게임 (Mystery Town)"
20:30,117,6769617371,"블레이드 워: 삼국"
20:30,118,1438820170,"GO! GO! 고양이 홉핑"
20:30,119,1089336971,"토킹톰 골드런"
20:30,120,6747063674,"Brain Puzzle 2: Logic Twist"
20:30,121,1635760774,"꿈의 호텔 (My Perfect Hotel)"
20:30,122,6557072922,"Z Survivor: Backpack Shooter"
20:30,123,608808713,"쿠키런"
20:30,124,870442795,"오목의 달인"
20:30,125,329218549,"체스 · 플레이 및 배우기 온라인"
20:30,126,6477413486,"Level Devil - NOT A Troll Game"
20:30,127,6446516059,"캣 히어로 : 방치형 RPG"
20:30,128,1272085326,"3D운전교실"
20:30,129,6755183085,"Yarn Loop: Knit Puzzle"
20:30,130,6757832779,"3D Colorful Sort™ 마법의 물"
20:30,131,1144557284,"텐텐오락실"
20:30,132,6739246483,"Hole Em All: Collect Master"
20:30,133,1480616990,"리그 오브 레전드: 와일드 리프트"
20:30,134,6743368869,"Draft Showdown"
20:30,135,6740026253,"오피스 퀸 키우기"
20:30,136,1645844535,"갓물주 키우기"
20:30,137,6689516283,"Perfect Tidy: 완벽한 정리"
20:30,138,1566126120,"사과게임 - 화제의 인싸게임"
20:30,139,6740043080,"Screwdom : 나사와 볼트 퍼즐"
20:30,140,6504332779,"Color Block Jam"
20:30,141,6740618570,"XP Hero (XP 히어로)"
20:30,142,1562817072,"Mob Control"
20:30,143,6779167923,"Colony Flow!"
20:30,144,6761523148,"Flower Forest - 워드 퍼즐"
20:30,145,6760175759,"밤탈출 - 49일"
20:30,146,1480616748,"전략적 팀 전투: 리그 오브 레전드 전략 게임"
20:30,147,1453720435,"Liar Game"
20:30,148,6758326278,"Amaze GO! - 화살표 퍼즐"
20:30,149,1453989822,"Aquapark.io"
20:30,150,6756171201,"컬러스위퍼"
20:30,151,6759822089,"오늘의 꽃 : 진짜 꽃을 키우는 게임"
20:30,152,6759997224,"순찰중! 바로 체포!"
20:30,153,924373886,"길건너 친구들"
20:30,154,6759788962,"Lordrush: 로드러쉬"
20:30,155,1021117809,"주차의 달인 4"
20:30,156,6503272652,"라스트 Z: 서바이벌 슈터"
20:30,157,6755216191,"Color Maze - Puzzle Game"
20:30,158,1047961826,"로데오 스탬피드: 3D 동물 라이더"
20:30,159,6740966864,"딸깍 다이스"
20:30,160,6450917563,"피자 레디 (Pizza Ready)"
20:30,161,6740838442,"먼작귀 포켓"
20:30,162,646315802,"모두의마블"
20:30,163,1323901884,"쿠킹 매드니스(Cooking Madness)"
20:30,164,1229618961,"Rider - 라이더"
20:30,165,6757461161,"라스트 에코"
20:30,166,6475757306,"Disney Solitaire 디즈니 솔리테어"
20:30,167,1455441206,"캣점프"
20:30,168,6444705312,"비히클 마스터 (Vehicle Masters)"
20:30,169,6749132002,"빠지냥! (Drop the Cat)"
20:30,170,6744975195,"Sled Surfers - 슬로프 어드벤처"
20:30,171,6752251959,"수확왕-농장 타워 디펜스 (Harvest King)"
20:30,172,6475033368,"명조:워더링 웨이브 - 현방 지계를 향하여"
20:30,173,896112560,"Marvel 올스타 배틀"
20:30,174,6743738094,"마이 스티커 룸 (My Sticker Room)"
20:30,175,6449243946,"스네이크 클래시 (Snake Clash)"
20:30,176,6758072393,"추락한 아름다움: 머지&스토리"
20:30,177,6757844491,"Tricky Story 2: Brain Twist"
20:30,178,6449651527,"Raid Plaza"
20:30,179,1579464667,"Pokémon Sleep"
20:30,180,6760822948,"더 코지 플로리스트"
20:30,181,6743385713,"털실 마스터 - 마법의 정렬 버스주차퍼즐게임"
20:30,182,6760998152,"Family Farm Merge"
20:30,183,520888232,"슈퍼펭귄 (Super Penguins)"
20:30,184,1458568643,"피망 뉴맞고 : 고스톱으로 대한민국 1등"
20:30,185,6447053495,"Makeup Beauty - 메이크업 패션게임"
20:30,186,6738118862,"Satiszone: 완벽한 ASMR 게임"
20:30,187,6760325543,"ArrowCube - 3DPuzzle"
20:30,188,6443755785,"씨사이드 익스케이프: 합성 & 스토리 게임"
20:30,189,6478563961,"브레인테스트 올스타 (Brain Test): IQ 게임"
20:30,190,1486214495,"브레인 테스트 (Brain Test): 까다로운 퍼즐"
20:30,191,6736896540,"헬로키티 마이 드림 스토어"
20:30,192,6670169904,"Train Station 3: 기차 타이쿤"
20:30,193,947258826,"마피아42"
20:30,194,1442749804,"스도쿠 - 클래식 스도쿠"
20:30,195,6474930108,"마라마스터 : 포카포장, 인형계, 마라탕 먹방"
20:30,196,6746246179,"Foodie Sizzle: 미식 시즐"
20:30,197,1452992954,"Nonogram.com - 노노그램 숫자퍼즐 게임"
20:30,198,6446347021,"고양이와 스프: 마법의 레시피"
20:30,199,1484468651,"Dice Dreams™"
20:30,200,1053012308,"클래시 로얄 (Clash Royale)"
21:30,1,6749251466,"쿠키런 키우기 - 쿠키런: 크럼블"
21:30,2,6756547841,"꿈틀 수비대: 습격!! 외계인 엉덩이 TD"
21:30,3,6747957875,"Family Go! - 대를 잇는 인생 시뮬레이션"
21:30,4,6754373623,"소울 헌터 키우기 : 방치형 RPG"
21:30,5,6759763476,"Bus Traffic Fever!"
21:30,6,6759081967,"Jewel Coloring"
21:30,7,431946152,"로블록스(Roblox)"
21:30,8,6762442041,"열혈강호: 넥스트"
21:30,9,1094591345,"Pokémon GO"
21:30,10,6757690255,"윈드러너 키우기"
21:30,11,6760453970,"나쁜 사랑 - 다크한 남친 컬렉션"
21:30,12,6752672568,"Block Out! - Color Sort Puzzle"
21:30,13,6756185760,"Search It - Hidden Objects"
21:30,14,6443575749,"WOS: 화이트아웃 서바이벌"
21:30,15,6499562253,"드래곤빌리지3"
21:30,16,1617391485,"블록 블라스트 (Block Blast)"
21:30,17,6748084174,"Smash Fest!"
21:30,18,6471045672,"테이스티 트레블: 합성 게임"
21:30,19,6761760135,"Meowdoku!"
21:30,20,6741503079,"Pokémon Champions"
21:30,21,6772136987,"이것이 삼국지다-1,500뽑기 증정"
21:30,22,6739554056,"킹샷:Kingshot"
21:30,23,1597760047,"OneState RP: 온라인 롤플레잉"
21:30,24,6747634441,"취준생 키우기 : 취업 시뮬레이션 게임"
21:30,25,1482155847,"로얄 매치 (Royal Match)"
21:30,26,6755455500,"할리우드 머지"
21:30,27,6759914688,"냥찍 히어로즈 : 방치형 RPG"
21:30,28,1366526331,"배틀그라운드"
21:30,29,6499209744,"마법의 정렬 (Magic Sort!)"
21:30,30,6756482832,"Brain Puzzle 3: Crazy Mind"
21:30,31,6759082569,"고양이 마피아 : 방치형 타이쿤 게임"
21:30,32,6764201639,"총잡이 고양이 - 방치형 키우기"
21:30,33,6482291732,"운빨존많겜"
21:30,34,1546845921,"멜론 메이커 : 머지"
21:30,35,6748950306,"단어 솔리테어: 카드 퍼즐게임"
21:30,36,6756254027,"부족 또 전쟁 ：무한루프 RPG"
21:30,37,930574573,"Sniper 3D: Gun Shooting Games"
21:30,38,1015322991,"Rummikub"
21:30,39,6767834940,"탑 로드"
21:30,40,6756641249,"hololive Dreams"
21:30,41,6760745556,"오늘도 환생 2"
21:30,42,1133463693,"메이플스토리M"
21:30,43,1344700142,"UNO!™"
21:30,44,6737874398,"Merge Fashion: Romance Story"
21:30,45,1229016807,"브롤스타즈"
21:30,46,1623318294,"가십하버: 합성 & 스토리 게임"
21:30,47,1193508329,"스도쿠 - 클래식 로직 퍼즐 게임"
21:30,48,6756247787,"디지몬 UP"
21:30,49,6752886832,"호텔 레거시"
21:30,50,848091833,"냥코 대전쟁"
21:30,51,6748397500,"Arrows – Puzzle Escape"
21:30,52,6756288168,"Cookingo: Perfect Meal"
21:30,53,1443446174,"매직 타일 3™: 리듬 피아노 게임"
21:30,54,1478371252,"FC 모바일"
21:30,55,6746328263,"Castle Busters"
21:30,56,1558248707,"Goose Goose Duck"
21:30,57,880047117,"앵그리버드 2 (Angry Birds 2)"
21:30,58,638689075,"꿈의 마을 (Township)"
21:30,59,6739616715,"메이플 키우기"
21:30,60,947742764,"무한의 계단"
21:30,61,6749109526,"X 클래시"
21:30,62,6448104157,"데이터 필요없는 게임 - 와이파이 필요없는 게임"
21:30,63,6780891673,"Royal Smash! - Physics Puzzle"
21:30,64,6737022506,"나사 풀기 대작전"
21:30,65,6759546053,"머지냥탐정 : 미스터리 머지"
21:30,66,6747467952,"라이즈 신 키우기"
21:30,67,6740899070,"플랜티스와 좀비깡패"
21:30,68,6749759672,"산너머 도원마을"
21:30,69,1458848044,"컴투스프로야구V26"
21:30,70,6670789598,"Brain Puzzle: Tricky Quest"
21:30,71,1389111413,"Hole.io"
21:30,72,698255242,"Geometry Dash Lite"
21:30,73,1466736988,"카트라이더 러쉬플러스"
21:30,74,6746465127,"세포 특공대 - 전략형 타워 디펜스"
21:30,75,6754098532,"러쉬: 익스트림 (RUSH: Xtreme)"
21:30,76,1423046460,"Paper.io 2"
21:30,77,6503702666,"협타디: 협동 타워 디펜스"
21:30,78,1550945606,"사커 슈퍼스타 - 축구"
21:30,79,1351168404,"Among Us!"
21:30,80,1606549505,"로얄 킹덤 (Royal Kingdom)"
21:30,81,6689516366,"Bus Escape: Traffic Jam"
21:30,82,6479970832,"포켓몬 카드 게임 Pocket"
21:30,83,1471942989,"한게임 섯다&맞고"
21:30,84,1465731199,"2 Player Games : the Challenge"
21:30,85,6767155768,"현상금 해적단 키우기"
21:30,86,1273957743,"EA SPORTS FC Online M"
21:30,87,1353255662,"파스텔걸"
21:30,88,1471486284,"한게임 포커"
21:30,89,6451279326,"수험생 키우기 : 수능 시뮬레이션 게임"
21:30,90,6756989323,"라스트 어사일럼: 페스트"
21:30,91,512939461,"Subway Surfers"
21:30,92,6758080238,"Tricky Mean2"
21:30,93,6788498566,"Gartic Phone"
21:30,94,1117270703,"eFootball™"
21:30,95,1643509748,"머지 쿠킹 테마 레스토랑（Merge Cooking）"
21:30,96,1104692136,"스네이크 아이오 - 재미있는 온라인 뱀 전투 게임"
21:30,97,6769314786,"Food Hunt: Pixel Puzzle"
21:30,98,6760957454,"탈출 게임 암스테르담"
21:30,99,1638139403,"블록 크러시 (Block Crush)"
21:30,100,6753862216,"푸드스타（Foodstars）: 합쳐서 요리하기"
21:30,101,553834731,"캔디크러쉬사가"
21:30,102,880551258,"컴투스프로야구2026"
21:30,103,6754965520,"Rogue Legend - Roguelike RPG"
21:30,104,6478472449,"비즈 앤 타운: 회사 경영 시뮬레이션 - 타이쿤 게임"
21:30,105,6766739255,"Rebel Glam：나만의 도파민 룩"
21:30,106,1509450845,"쿠키런: 킹덤"
21:30,107,6747492600,"마작 블래스트 (Mahjong Blast)"
21:30,108,6755509102,"단어 연상 - 단어잇기 낱말 퀴즈 퍼즐게임"
21:30,109,955705796,"MARVEL 퓨처파이트"
21:30,110,6751056652,"Pixel Flow!"
21:30,111,898986747,"좀비고등학교"
21:30,112,6466620626,"탕후루의 달인 - 두쫀쿠, 급식, 배달 먹방 ASMR"
21:30,113,1598881852,"프로젝트 세카이 컬러풀 스테이지! feat.하츠네 미쿠"
21:30,114,6746151928,"두근두근타운"
21:30,115,6742222069,"Cookingdom - 요리의 나라"
21:30,116,6503603603,"미스터리 타운: 합성 게임 (Mystery Town)"
21:30,117,6769617371,"블레이드 워: 삼국"
21:30,118,1438820170,"GO! GO! 고양이 홉핑"
21:30,119,1089336971,"토킹톰 골드런"
21:30,120,6747063674,"Brain Puzzle 2: Logic Twist"
21:30,121,1635760774,"꿈의 호텔 (My Perfect Hotel)"
21:30,122,6557072922,"Z Survivor: Backpack Shooter"
21:30,123,608808713,"쿠키런"
21:30,124,870442795,"오목의 달인"
21:30,125,329218549,"체스 · 플레이 및 배우기 온라인"
21:30,126,6477413486,"Level Devil - NOT A Troll Game"
21:30,127,6446516059,"캣 히어로 : 방치형 RPG"
21:30,128,1272085326,"3D운전교실"
21:30,129,6755183085,"Yarn Loop: Knit Puzzle"
21:30,130,6757832779,"3D Colorful Sort™ 마법의 물"
21:30,131,1144557284,"텐텐오락실"
21:30,132,6739246483,"Hole Em All: Collect Master"
21:30,133,1480616990,"리그 오브 레전드: 와일드 리프트"
21:30,134,6743368869,"Draft Showdown"
21:30,135,6740026253,"오피스 퀸 키우기"
21:30,136,1645844535,"갓물주 키우기"
21:30,137,6689516283,"Perfect Tidy: 완벽한 정리"
21:30,138,1566126120,"사과게임 - 화제의 인싸게임"
21:30,139,6740043080,"Screwdom : 나사와 볼트 퍼즐"
21:30,140,6504332779,"Color Block Jam"
21:30,141,6740618570,"XP Hero (XP 히어로)"
21:30,142,1562817072,"Mob Control"
21:30,143,6779167923,"Colony Flow!"
21:30,144,6761523148,"Flower Forest - 워드 퍼즐"
21:30,145,6760175759,"밤탈출 - 49일"
21:30,146,1480616748,"전략적 팀 전투: 리그 오브 레전드 전략 게임"
21:30,147,1453720435,"Liar Game"
21:30,148,6758326278,"Amaze GO! - 화살표 퍼즐"
21:30,149,1453989822,"Aquapark.io"
21:30,150,6756171201,"컬러스위퍼"
21:30,151,6759822089,"오늘의 꽃 : 진짜 꽃을 키우는 게임"
21:30,152,6759997224,"순찰중! 바로 체포!"
21:30,153,924373886,"길건너 친구들"
21:30,154,6759788962,"Lordrush: 로드러쉬"
21:30,155,1021117809,"주차의 달인 4"
21:30,156,6503272652,"라스트 Z: 서바이벌 슈터"
21:30,157,6755216191,"Color Maze - Puzzle Game"
21:30,158,1047961826,"로데오 스탬피드: 3D 동물 라이더"
21:30,159,6740966864,"딸깍 다이스"
21:30,160,6450917563,"피자 레디 (Pizza Ready)"
21:30,161,6740838442,"먼작귀 포켓"
21:30,162,646315802,"모두의마블"
21:30,163,1323901884,"쿠킹 매드니스(Cooking Madness)"
21:30,164,1229618961,"Rider - 라이더"
21:30,165,6757461161,"라스트 에코"
21:30,166,6475757306,"Disney Solitaire 디즈니 솔리테어"
21:30,167,1455441206,"캣점프"
21:30,168,6444705312,"비히클 마스터 (Vehicle Masters)"
21:30,169,6749132002,"빠지냥! (Drop the Cat)"
21:30,170,6744975195,"Sled Surfers - 슬로프 어드벤처"
21:30,171,6752251959,"수확왕-농장 타워 디펜스 (Harvest King)"
21:30,172,6475033368,"명조:워더링 웨이브 - 현방 지계를 향하여"
21:30,173,896112560,"Marvel 올스타 배틀"
21:30,174,6743738094,"마이 스티커 룸 (My Sticker Room)"
21:30,175,6449243946,"스네이크 클래시 (Snake Clash)"
21:30,176,6758072393,"추락한 아름다움: 머지&스토리"
21:30,177,6757844491,"Tricky Story 2: Brain Twist"
21:30,178,6449651527,"Raid Plaza"
21:30,179,1579464667,"Pokémon Sleep"
21:30,180,6760822948,"더 코지 플로리스트"
21:30,181,6743385713,"털실 마스터 - 마법의 정렬 버스주차퍼즐게임"
21:30,182,6760998152,"Family Farm Merge"
21:30,183,520888232,"슈퍼펭귄 (Super Penguins)"
21:30,184,1458568643,"피망 뉴맞고 : 고스톱으로 대한민국 1등"
21:30,185,6447053495,"Makeup Beauty - 메이크업 패션게임"
21:30,186,6738118862,"Satiszone: 완벽한 ASMR 게임"
21:30,187,6760325543,"ArrowCube - 3DPuzzle"
21:30,188,6443755785,"씨사이드 익스케이프: 합성 & 스토리 게임"
21:30,189,6478563961,"브레인테스트 올스타 (Brain Test): IQ 게임"
21:30,190,1486214495,"브레인 테스트 (Brain Test): 까다로운 퍼즐"
21:30,191,6736896540,"헬로키티 마이 드림 스토어"
21:30,192,6670169904,"Train Station 3: 기차 타이쿤"
21:30,193,947258826,"마피아42"
21:30,194,1442749804,"스도쿠 - 클래식 스도쿠"
21:30,195,6474930108,"마라마스터 : 포카포장, 인형계, 마라탕 먹방"
21:30,196,6746246179,"Foodie Sizzle: 미식 시즐"
21:30,197,1452992954,"Nonogram.com - 노노그램 숫자퍼즐 게임"
21:30,198,6446347021,"고양이와 스프: 마법의 레시피"
21:30,199,1484468651,"Dice Dreams™"
21:30,200,1053012308,"클래시 로얄 (Clash Royale)"
23:00,1,6749251466,"쿠키런 키우기 - 쿠키런: 크럼블"
23:00,2,6756547841,"꿈틀 수비대: 습격!! 외계인 엉덩이 TD"
23:00,3,6747957875,"Family Go! - 대를 잇는 인생 시뮬레이션"
23:00,4,6754373623,"소울 헌터 키우기 : 방치형 RPG"
23:00,5,6759763476,"Bus Traffic Fever!"
23:00,6,431946152,"로블록스(Roblox)"
23:00,7,6759081967,"Jewel Coloring"
23:00,8,1094591345,"Pokémon GO"
23:00,9,6762442041,"열혈강호: 넥스트"
23:00,10,6760453970,"나쁜 사랑 - 다크한 남친 컬렉션"
23:00,11,6752672568,"Block Out! - Color Sort Puzzle"
23:00,12,6756185760,"Search It - Hidden Objects"
23:00,13,6757690255,"윈드러너 키우기"
23:00,14,6443575749,"WOS: 화이트아웃 서바이벌"
23:00,15,1617391485,"블록 블라스트 (Block Blast)"
23:00,16,6748084174,"Smash Fest!"
23:00,17,6499562253,"드래곤빌리지3"
23:00,18,6741503079,"Pokémon Champions"
23:00,19,6471045672,"테이스티 트레블: 합성 게임"
23:00,20,6761760135,"Meowdoku!"
23:00,21,6747634441,"취준생 키우기 : 취업 시뮬레이션 게임"
23:00,22,6739554056,"킹샷:Kingshot"
23:00,23,6772136987,"이것이 삼국지다-1,500뽑기 증정"
23:00,24,1597760047,"OneState RP: 온라인 롤플레잉"
23:00,25,1482155847,"로얄 매치 (Royal Match)"
23:00,26,6755455500,"할리우드 머지"
23:00,27,6499209744,"마법의 정렬 (Magic Sort!)"
23:00,28,1366526331,"배틀그라운드"
23:00,29,6759914688,"냥찍 히어로즈 : 방치형 RPG"
23:00,30,6482291732,"운빨존많겜"
23:00,31,6756482832,"Brain Puzzle 3: Crazy Mind"
23:00,32,6764201639,"총잡이 고양이 - 방치형 키우기"
23:00,33,1015322991,"Rummikub"
23:00,34,6756641249,"hololive Dreams"
23:00,35,1546845921,"멜론 메이커 : 머지"
23:00,36,6759082569,"고양이 마피아 : 방치형 타이쿤 게임"
23:00,37,6748950306,"단어 솔리테어: 카드 퍼즐게임"
23:00,38,1229016807,"브롤스타즈"
23:00,39,930574573,"Sniper 3D: Gun Shooting Games"
23:00,40,6756254027,"부족 또 전쟁 ：무한루프 RPG"
23:00,41,6767834940,"탑 로드"
23:00,42,1344700142,"UNO!™"
23:00,43,6760745556,"오늘도 환생 2"
23:00,44,6737874398,"Merge Fashion: Romance Story"
23:00,45,1133463693,"메이플스토리M"
23:00,46,6756247787,"디지몬 UP"
23:00,47,1623318294,"가십하버: 합성 & 스토리 게임"
23:00,48,1193508329,"스도쿠 - 클래식 로직 퍼즐 게임"
23:00,49,848091833,"냥코 대전쟁"
23:00,50,6752886832,"호텔 레거시"
23:00,51,6756288168,"Cookingo: Perfect Meal"
23:00,52,1558248707,"Goose Goose Duck"
23:00,53,1478371252,"FC 모바일"
23:00,54,6748397500,"Arrows – Puzzle Escape"
23:00,55,1443446174,"매직 타일 3™: 리듬 피아노 게임"
23:00,56,880047117,"앵그리버드 2 (Angry Birds 2)"
23:00,57,947742764,"무한의 계단"
23:00,58,638689075,"꿈의 마을 (Township)"
23:00,59,6739616715,"메이플 키우기"
23:00,60,6448104157,"데이터 필요없는 게임 - 와이파이 필요없는 게임"
23:00,61,6780891673,"Royal Smash! - Physics Puzzle"
23:00,62,6746328263,"Castle Busters"
23:00,63,6749109526,"X 클래시"
23:00,64,6749759672,"산너머 도원마을"
23:00,65,6759546053,"머지냥탐정 : 미스터리 머지"
23:00,66,6737022506,"나사 풀기 대작전"
23:00,67,1458848044,"컴투스프로야구V26"
23:00,68,6747467952,"라이즈 신 키우기"
23:00,69,698255242,"Geometry Dash Lite"
23:00,70,1466736988,"카트라이더 러쉬플러스"
23:00,71,6740899070,"플랜티스와 좀비깡패"
23:00,72,1389111413,"Hole.io"
23:00,73,6479970832,"포켓몬 카드 게임 Pocket"
23:00,74,6670789598,"Brain Puzzle: Tricky Quest"
23:00,75,6754098532,"러쉬: 익스트림 (RUSH: Xtreme)"
23:00,76,1351168404,"Among Us!"
23:00,77,6746465127,"세포 특공대 - 전략형 타워 디펜스"
23:00,78,1423046460,"Paper.io 2"
23:00,79,1471942989,"한게임 섯다&맞고"
23:00,80,1550945606,"사커 슈퍼스타 - 축구"
23:00,81,6503702666,"협타디: 협동 타워 디펜스"
23:00,82,1606549505,"로얄 킹덤 (Royal Kingdom)"
23:00,83,6689516366,"Bus Escape: Traffic Jam"
23:00,84,1465731199,"2 Player Games : the Challenge"
23:00,85,1353255662,"파스텔걸"
23:00,86,1273957743,"EA SPORTS FC Online M"
23:00,87,6451279326,"수험생 키우기 : 수능 시뮬레이션 게임"
23:00,88,6767155768,"현상금 해적단 키우기"
23:00,89,1471486284,"한게임 포커"
23:00,90,6788498566,"Gartic Phone"
23:00,91,512939461,"Subway Surfers"
23:00,92,6758080238,"Tricky Mean2"
23:00,93,1104692136,"스네이크 아이오 - 재미있는 온라인 뱀 전투 게임"
23:00,94,1144557284,"텐텐오락실"
23:00,95,6756989323,"라스트 어사일럼: 페스트"
23:00,96,6769314786,"Food Hunt: Pixel Puzzle"
23:00,97,1117270703,"eFootball™"
23:00,98,1643509748,"머지 쿠킹 테마 레스토랑（Merge Cooking）"
23:00,99,1638139403,"블록 크러시 (Block Crush)"
23:00,100,955705796,"MARVEL 퓨처파이트"
23:00,101,880551258,"컴투스프로야구2026"
23:00,102,6753862216,"푸드스타（Foodstars）: 합쳐서 요리하기"
23:00,103,553834731,"캔디크러쉬사가"
23:00,104,1509450845,"쿠키런: 킹덤"
23:00,105,6747492600,"마작 블래스트 (Mahjong Blast)"
23:00,106,6766739255,"Rebel Glam：나만의 도파민 룩"
23:00,107,6478472449,"비즈 앤 타운: 회사 경영 시뮬레이션 - 타이쿤 게임"
23:00,108,6466620626,"탕후루의 달인 - 두쫀쿠, 급식, 배달 먹방 ASMR"
23:00,109,1598881852,"프로젝트 세카이 컬러풀 스테이지! feat.하츠네 미쿠"
23:00,110,6754965520,"Rogue Legend - Roguelike RPG"
23:00,111,6751056652,"Pixel Flow!"
23:00,112,6742222069,"Cookingdom - 요리의 나라"
23:00,113,6746151928,"두근두근타운"
23:00,114,898986747,"좀비고등학교"
23:00,115,6755509102,"단어 연상 - 단어잇기 낱말 퀴즈 퍼즐게임"
23:00,116,608808713,"쿠키런"
23:00,117,6477413486,"Level Devil - NOT A Troll Game"
23:00,118,329218549,"체스 · 플레이 및 배우기 온라인"
23:00,119,870442795,"오목의 달인"
23:00,120,1089336971,"토킹톰 골드런"
23:00,121,6747063674,"Brain Puzzle 2: Logic Twist"
23:00,122,6503603603,"미스터리 타운: 합성 게임 (Mystery Town)"
23:00,123,1453720435,"Liar Game"
23:00,124,6446516059,"캣 히어로 : 방치형 RPG"
23:00,125,1272085326,"3D운전교실"
23:00,126,6769617371,"블레이드 워: 삼국"
23:00,127,6757832779,"3D Colorful Sort™ 마법의 물"
23:00,128,1480616990,"리그 오브 레전드: 와일드 리프트"
23:00,129,6740026253,"오피스 퀸 키우기"
23:00,130,1438820170,"GO! GO! 고양이 홉핑"
23:00,131,1635760774,"꿈의 호텔 (My Perfect Hotel)"
23:00,132,1566126120,"사과게임 - 화제의 인싸게임"
23:00,133,6740043080,"Screwdom : 나사와 볼트 퍼즐"
23:00,134,6689516283,"Perfect Tidy: 완벽한 정리"
23:00,135,6755183085,"Yarn Loop: Knit Puzzle"
23:00,136,6743368869,"Draft Showdown"
23:00,137,6557072922,"Z Survivor: Backpack Shooter"
23:00,138,6756171201,"컬러스위퍼"
23:00,139,1645844535,"갓물주 키우기"
23:00,140,6739246483,"Hole Em All: Collect Master"
23:00,141,1562817072,"Mob Control"
23:00,142,1480616748,"전략적 팀 전투: 리그 오브 레전드 전략 게임"
23:00,143,646315802,"모두의마블"
23:00,144,6504332779,"Color Block Jam"
23:00,145,6760175759,"밤탈출 - 49일"
23:00,146,1021117809,"주차의 달인 4"
23:00,147,6779167923,"Colony Flow!"
23:00,148,6740618570,"XP Hero (XP 히어로)"
23:00,149,1453989822,"Aquapark.io"
23:00,150,6761523148,"Flower Forest - 워드 퍼즐"
23:00,151,6475757306,"Disney Solitaire 디즈니 솔리테어"
23:00,152,6740966864,"딸깍 다이스"
23:00,153,6450917563,"피자 레디 (Pizza Ready)"
23:00,154,6758326278,"Amaze GO! - 화살표 퍼즐"
23:00,155,6740838442,"먼작귀 포켓"
23:00,156,6755216191,"Color Maze - Puzzle Game"
23:00,157,1323901884,"쿠킹 매드니스(Cooking Madness)"
23:00,158,924373886,"길건너 친구들"
23:00,159,6759822089,"오늘의 꽃 : 진짜 꽃을 키우는 게임"
23:00,160,6759788962,"Lordrush: 로드러쉬"
23:00,161,6503272652,"라스트 Z: 서바이벌 슈터"
23:00,162,1229618961,"Rider - 라이더"
23:00,163,6444705312,"비히클 마스터 (Vehicle Masters)"
23:00,164,6759997224,"순찰중! 바로 체포!"
23:00,165,896112560,"Marvel 올스타 배틀"
23:00,166,1047961826,"로데오 스탬피드: 3D 동물 라이더"
23:00,167,1455441206,"캣점프"
23:00,168,1452992954,"Nonogram.com - 노노그램 숫자퍼즐 게임"
23:00,169,6449243946,"스네이크 클래시 (Snake Clash)"
23:00,170,6475033368,"명조:워더링 웨이브 - 현방 지계를 향하여"
23:00,171,6758072393,"추락한 아름다움: 머지&스토리"
23:00,172,6749132002,"빠지냥! (Drop the Cat)"
23:00,173,6743738094,"마이 스티커 룸 (My Sticker Room)"
23:00,174,6744975195,"Sled Surfers - 슬로프 어드벤처"
23:00,175,6757461161,"라스트 에코"
23:00,176,6743385713,"털실 마스터 - 마법의 정렬 버스주차퍼즐게임"
23:00,177,6760822948,"더 코지 플로리스트"
23:00,178,6447053495,"Makeup Beauty - 메이크업 패션게임"
23:00,179,6757844491,"Tricky Story 2: Brain Twist"
23:00,180,1458568643,"피망 뉴맞고 : 고스톱으로 대한민국 1등"
23:00,181,1442749804,"스도쿠 - 클래식 스도쿠"
23:00,182,6752251959,"수확왕-농장 타워 디펜스 (Harvest King)"
23:00,183,1053012308,"클래시 로얄 (Clash Royale)"
23:00,184,6746246179,"Foodie Sizzle: 미식 시즐"
23:00,185,6443755785,"씨사이드 익스케이프: 합성 & 스토리 게임"
23:00,186,520888232,"슈퍼펭귄 (Super Penguins)"
23:00,187,6760998152,"Family Farm Merge"
23:00,188,947258826,"마피아42"
23:00,189,6738118862,"Satiszone: 완벽한 ASMR 게임"
23:00,190,6474930108,"마라마스터 : 포카포장, 인형계, 마라탕 먹방"
23:00,191,6736896540,"헬로키티 마이 드림 스토어"
23:00,192,6670169904,"Train Station 3: 기차 타이쿤"
23:00,193,1486214495,"브레인 테스트 (Brain Test): 까다로운 퍼즐"
23:00,194,6760325543,"ArrowCube - 3DPuzzle"
23:00,195,6478563961,"브레인테스트 올스타 (Brain Test): IQ 게임"
23:00,196,6449651527,"Raid Plaza"
23:00,197,1579464667,"Pokémon Sleep"
23:00,198,6761045469,"도깨비 소녀와 함께"
23:00,199,6744819313,"Satistory: Tidy Up"
23:00,200,6446347021,"고양이와 스프: 마법의 레시피"
