time,rank,id,title
00:00,1,com.netmarble.sol,"SOL: enchant"
00:00,2,com.HoYoverse.Nap,"젠레스 존 제로 - 주년 기념"
00:00,3,com.gof.global,"WOS: 화이트아웃 서바이벌"
00:00,4,com.run.tower.defense,"킹샷:Kingshot"
00:00,5,com.nexon.ma,"메이플 키우기"
00:00,6,com.dreamgames.royalmatch,"로얄 매치 Royal Match"
00:00,7,com.fun.lastwar.gp,"라스트 워: 서바이벌"
00:00,8,com.proximabeta.nikke,"승리의 여신: 니케"
00:00,9,com.roblox.client,"로블록스 (Roblox)"
00:00,10,com.kakaogames.odin,"오딘: 발할라 라이징"
00:00,11,com.mergegames.gossipharbor,"가십하버: 합성 & 스토리 게임"
00:00,12,com.ncsoft.lineagem19,"리니지M"
00:00,13,com.HoYoverse.hkrpgoversea,"붕괴: 스타레일"
00:00,14,com.percent.aos.luckydefense,"운빨존많겜"
00:00,15,game.qualiarts.hololive.dreams.com,"hololive Dreams"
00:00,16,com.nianticlabs.pokemongo,"Pokémon GO"
00:00,17,com.kurogame.wutheringwaves.global,"명조:워더링 웨이브 - 현방 지계를 향하여"
00:00,18,com.gamedots.seasideescape,"씨사이드 익스케이프: 합성 & 스토리 게임"
00:00,19,com.nexon.fmk,"FC 모바일"
00:00,20,com.readygo.barrel.gp,"라스트 Z: 서바이벌 슈터"
00:00,21,com.fatmerge.global,"테이스티 트레블: 합성 게임"
00:00,22,com.nhnent.Qpoker,"한게임 포커"
00:00,23,com.netmarble.thered,"뱀피르"
00:00,24,com.playrix.gardenscapes,"꿈의 정원 (Gardenscapes)"
00:00,25,com.phs.global,"라스트 어사일럼: 페스트"
00:00,26,com.nexon.devcat.mm,"마비노기 모바일"
00:00,27,jp.co.ponos.battlecatskr,"냥코 대전쟁"
00:00,28,com.dreamgames.royalkingdom,"로얄 킹덤 (Royal Kingdom)"
00:00,29,com.bhk.newslgkr,"삼국지: 천하결전"
00:00,30,com.rxjhglkr.gp,"열혈강호: 넥스트"
00:00,31,com.nhnent.pokerclassic,"한게임포커 클래식 : 7포커 홀덤 섯다 훌라 슬롯"
00:00,32,com.netmarble.tskgb,"세븐나이츠 리버스"
00:00,33,jp.konami.pesam,"eFootball™"
00:00,34,com.com2us.futurecpb.android.google.global.normal,"컴투스프로야구V26"
00:00,35,com.ncsoft.lineagew,"리니지W"
00:00,36,com.xd.xdtglobal.gp,"두근두근타운"
00:00,37,com.YoStarKR.Arknights,"명일방주"
00:00,38,com.percent.aos.cooptd,"협타디: 협동 타워 디펜스"
00:00,39,com.ncsoft.aion2,"AION2"
00:00,40,com.king.candycrushsaga,"캔디크러쉬사가 (Candy Crush Saga)"
00:00,41,com.webzen.mumonarch2.google,"뮤 모나크2"
00:00,42,com.jsjskr.google,"토이 삼국"
00:00,43,com.hottagames.nte,"이환"
00:00,44,com.supercell.brawlstars,"브롤스타즈"
00:00,45,com.kr.firegp,"I9: 인페르노 나인"
00:00,46,com.cola.game,"핫레스토랑: 머지&쿠킹"
00:00,47,com.cedargames.mysterytown,"미스터리 타운: 합성 게임 (Mystery Town)"
00:00,48,com.webzen.muangel.google,"뮤 모나크"
00:00,49,com.playrix.homescapes,"꿈의 집 (Homescapes)"
00:00,50,com.epidgames.trickcalrevive,"트릭컬 리바이브"
00:00,51,com.nexon.fo4m,"EA SPORTS FC Online M"
00:00,52,com.gravity.romkrzeny.aos,"라그나로크M: Classic"
00:00,53,com.ncsoft.lineage2m19,"리니지2M"
00:00,54,com.pubg.krmobile,"배틀그라운드"
00:00,55,com.NHNEnt.MSudda,"한게임 섯다&맞고"
00:00,56,net.kernys.aooni,"좀비고등학교"
00:00,57,com.playrix.township,"꿈의 마을 (Township)"
00:00,58,com.dlw.kr.google,"시티 데몬헌터즈: 각성자들"
00:00,59,kr.haoplay.game.and.reverse,"리버스: 1999"
00:00,60,com.netmarble.monster2,"몬길: STAR DIVE"
00:00,61,com.readygo.dark.gp,"Dark War Survival"
00:00,62,com.neowiz.games.poker,"피망 포커 : 카지노 로얄 - 홀덤, 7포커, 바둑이"
00:00,63,com.nexon.he,"히간: 이루실"
00:00,64,com.greenmushroom.boomblitz.gp,"탑 히어로즈"
00:00,65,com.hollywood.merge,"할리우드 머지"
00:00,66,com.superplaystudios.disneysolitairedreams,"Disney Solitaire 디즈니 솔리테어"
00:00,67,com.devsisters.ck,"쿠키런: 킹덤"
00:00,68,com.miHoYo.GenshinImpact,"원신·공월의 노래"
00:00,69,com.nexon.kart,"카트라이더 러쉬플러스"
00:00,70,com.bandainamcoent.dgup_ww,"디지몬 UP"
00:00,71,com.com2us.smon.normal.freefull.google.kr.android.common,"서머너즈 워 X 장송의 프리렌"
00:00,72,com.ddup.zombiewaves.zw,"좀비 웨이브스"
00:00,73,com.gametree.lhlr.gp,"그놈은 드래곤"
00:00,74,com.devsisters.gb,"쿠키런: 오븐브레이크"
00:00,75,com.NHNEnt.NDuelgo,"한게임 신맞고 : 대한민국 원조 고스톱"
00:00,76,com.dreamwalker.kr.gp,"꿈의 여행자: 별빛 여정"
00:00,77,com.merge.cooking.theme.restaurant.food,"머지 쿠킹 테마 레스토랑"
00:00,78,com.netmarble.rfnext,"RF 온라인 넥스트"
00:00,79,io.randomco.travel,"Travel Town - 결합 어드벤처"
00:00,80,com.neowiz.games.newmatgo,"피망 뉴맞고: 고스톱 대표 맞고 게임"
00:00,81,com.kakaogames.aaw,"아키에이지 워 (ArcheAge WAR)"
00:00,82,com.fiveminlab.overgeared.hero.backpack.merge,"템빨용사: 픽셀 아이템 머지 RPG"
00:00,83,com.highbrow.games.dvo,"드래곤빌리지3"
00:00,84,com.joycity.im,"임진왜란: 조선의 반격"
00:00,85,com.ProjectMoon.LimbusCompany,"Limbus Company"
00:00,86,com.dwgames.chunorpg,"추노 키우기"
00:00,87,com.mhclyxpb.gatja,"동방 찻집"
00:00,88,com.kingsgroup.sos,"S.O.S: 스테이트 오브 서바이벌"
00:00,89,com.hariwn.legendofcivilizations,"포지 마스터 (Forge Master)"
00:00,90,net.lightcon.windidle,"윈드러너 키우기"
00:00,91,com.playrix.fishdomdd.gplay,"피쉬돔 (Fishdom)"
00:00,92,com.ujoygp.flower,"오늘의 꽃"
00:00,93,com.funplus.ts.global,"타일 서바이벌"
00:00,94,com.netmarble.raven2,"레이븐2"
00:00,95,com.gear2.growslayer,"슬레이어 키우기"
00:00,96,com.com2us.probaseball3d.normal.freefull.google.global.android.common,"컴투스프로야구2026"
00:00,97,com.kr.lfhsgp,"그레이 사가"
00:00,98,com.global.ztmslgkr,"퍼즐 오브 Z"
00:00,99,com.zzsjkr.google,"갓깨비 키우기-999뽑기 증정"
00:00,100,com.netmarble.stonkey,"스톤에이지 키우기"
00:00,101,com.korea.hsbbkr.google,"도깨비 소녀와 함께"
00:00,102,com.billionairegames.serares,"변신 키우기"
00:00,103,com.haoplay.game.and.exilium,"소녀전선2: 망명"
00:00,104,com.riotgames.league.wildrift,"리그 오브 레전드: 와일드 리프트"
00:00,105,com.wemade.nightcrows,"나이트 크로우"
00:00,106,com.qjzj4399kr.google,"기적의 검"
00:00,107,com.xman.kr.gp,"X 클래시"
00:00,108,com.bandainamcoent.gget_WW,"SD건담 지 제네레이션 이터널"
00:00,109,com.netmarble.bnsmkr,"블레이드&소울 레볼루션"
00:00,110,com.screenshake.dominodreams,"Domino Dreams™"
00:00,111,com.nexon.nsc.maplem,"메이플스토리M"
00:00,112,com.haegin.kbo,"2026 프로야구GO!"
00:00,113,com.smilegate.chaoszero.stove.google,"카오스 제로 나이트메어"
00:00,114,com.nhn.AApoker,"한게임 로얄홀덤"
00:00,115,com.camelgames.aoz,"에이지 오브 제트: 타워 디펜스"
00:00,116,com.yzlmkr.google,"우와 모험단"
00:00,117,com.play.merge.restyle,"Merge Restyle"
00:00,118,com.xd.TLglobal,"토치라이트: 인피니트"
00:00,119,com.smilegate.lordnine.stove.google,"로드나인"
00:00,120,com.zempot.wplpoker,"WPL : 홀덤, 토너먼트, 오마하, 올인폴드, 픽앤고"
00:00,121,com.superplaystudios.dicedreams,"Dice Dreams™️"
00:00,122,com.netmarble.lineageII,"리니지2 레볼루션"
00:00,123,com.ulugame.hdqykrob.google,"아케론:종말의 서곡"
00:00,124,net.gameduo.gv,"캣 히어로 : 방치형 RPG"
00:00,125,com.kr.firelite,"I9: 인페르노 나인(19) - 세로형 RPG"
00:00,126,com.kakaogames.ares,"아레스 : 라이즈 오브 가디언즈"
00:00,127,com.galasports.totalfootball.kr,"Total Football - 2026 북중미 시즌"
00:00,128,com.com2us.futuremlb.android.google.global.normal,"MLB 9이닝스 라이벌 26"
00:00,129,com.ylqdhkr.gp,"엔터테인먼트 거물"
00:00,130,com.netmarble.arthdal,"아스달 연대기: 세 개의 세력"
00:00,131,com.gear2.letsgolegends,"레츠고 레전드!"
00:00,132,net.peakgames.toonblast,"Toon Blast"
00:00,133,com.supercell.clashofclans,"클래시 오브 클랜"
00:00,134,com.neowizgames.game.browndust2,"브라운더스트2 - 가슴 벅찬 RPG"
00:00,135,com.superpixel.undyinghero,"불사용사 키우기 : 방치형 RPG"
00:00,136,com.hdfzxrpg.googlelb,"해적 키우기-방치형 RPG"
00:00,137,com.games.foundation,"파운데이션: 우주 전선"
00:00,138,com.dwjp.gp,"애니멀 가든 - 진짜 꽃다발을 배달돼요!"
00:00,139,com.hybeim.architect,"아키텍트: 랜드 오브 엑자일"
00:00,140,com.nexon.mdnf,"던전앤파이터 모바일"
00:00,141,com.zlongame.kr.langrisser,"랑그릿사"
00:00,142,com.kakaogames.umamusume,"우마무스메 프리티 더비"
00:00,143,com.justgame.jails,"랜드 오브 제일"
00:00,144,com.wemadeconnect.aos.lostdgl,"로스트 소드-1.5주년"
00:00,145,com.a3.topgirl.gplay,"Top Girl"
00:00,146,com.stove.epic7.google,"에픽세븐"
00:00,147,com.smallgiantgames.empires,"엠파이어 & 퍼즐 (Empires & Puzzles)"
00:00,148,com.sundaytoz.mobile.anipang2.google.kakao.service,"애니팡2 - 3매치 퍼즐게임"
00:00,149,com.devsisters.CookieRunForKakao,"쿠키런"
00:00,150,com.merge.game.foodstars,"푸드스타: 합쳐서 요리하기"
00:00,151,com.gearpaw.defenders.td.game,"기어몬: 타워 디펜스"
00:00,152,com.gryphline.endfield.gp,"명일방주: 엔드필드"
00:00,153,net.gameduo.anotherdungeon,"어나더던전"
00:00,154,com.riftsky.mhg.kr.gp,"더 코지 플로리스트"
00:00,155,com.joycastle.mergematch,"Matching Story - Puzzle Games"
00:00,156,com.xmh.rpg.kr.an,"스카이 어비스: 혈맹의 서약"
00:00,157,com.MelsoftGames.FamilyIslandFarm,"패밀리 아일랜드 - 농장모험게임"
00:00,158,com.nns.genesis,"창세기전 키우기"
00:00,159,com.mxdzzkr.google,"버섯커 키우기-3000뽑기 증정"
00:00,160,com.cyberjoy.galaxydefense,"갤럭시 디펜스 (Galaxy Defense)"
00:00,161,com.xone.gpkr,"ASURA: 블러드 앤 소울"
00:00,162,com.sundaytoz.kakao.anipang3.service,"애니팡3 - 매치 3 퍼즐"
00:00,163,com.wireless.defenseland,"레이드 러시: 타워 디펜스"
00:00,164,com.netmarble.fgok,"페이트/그랜드 오더"
00:00,165,com.gravity.rooc.android,"라그나로크 오리진 클래식"
00:00,166,com.bilibilihk.jujutsuphanparagp,"주술회전 팬텀 퍼레이드"
00:00,167,com.pocketchamps.game,"포켓 챔프: 3D 레이싱 게임"
00:00,168,com.igg.android.doomsdaylastsurvivors,"둠스데이 × 페어리테일"
00:00,169,com.moonactive.cmboard,"Coin Master: 보드 어드벤처"
00:00,170,defense.roguelike.cell.shoot.survivor,"세포 특공대"
00:00,171,com.netmarble.ma9bkr,"마구마구 2026: 풀체인지"
00:00,172,com.plarium.raidlegends,"레이드: 그림자의 전설"
00:00,173,com.ea.huntingsniper,"헌팅 스나이퍼"
00:00,174,com.mojang.minecraftpe,"Minecraft: 나만의 세계를 꿈꾸고 만들어보세요"
00:00,175,com.lilithgames.rok.gpkr,"라이즈 오브 킹덤즈"
00:00,176,com.mymskr.gp,"호드 워:어벤저의 소환"
00:00,177,apli879756.vmz,"괴수: 진화 연대기"
00:00,178,com.fatr.global,"호텔 레거시: 합성&리모델링"
00:00,179,com.game.btjkr.and,"영혼 인도자：신의 이름으로"
00:00,180,com.racoondigi.jqhw,"스트리트볼 올스타-Streetball Allstar"
00:00,181,com.blackdust.redblue,"냥찍 히어로즈 : 방치형 RPG"
00:00,182,com.pearlabyss.blackdesertm,"검은사막 모바일"
00:00,183,com.YoStarKR.MahjongSoul,"작혼: 리치 마작"
00:00,184,com.linegames.gm,"창세기전 모바일 - 서풍의 광시곡"
00:00,185,com.gamespark.topking.gp,"탑 로드"
00:00,186,com.netmarble.nanakr,"일곱 개의 대죄: GRAND CROSS"
00:00,187,com.netease.idv.googleplay,"Identity V -제5인격"
00:00,188,com.standegg.wulin,"잠룡 : 무협 도트 RPG"
00:00,189,com.ryonggame.soulhunteridle,"소울 헌터 키우기 : 방치형 RPG"
00:00,190,com.sundaytoz.kakao.anipang4,"애니팡4: 매치3 퍼즐 게임"
00:00,191,com.Knight.GrandQuest,"Legends Reborn: 마지막 전투"
00:00,192,kr.aos.com.aprogen.dragonrajaorigin,"드래곤 베인"
00:00,193,com.hkqs.jszx.google,"부족 또 전쟁 : 무한루프 RPG"
00:00,194,com.blizzard.diablo.immortal,"디아블로 이모탈"
00:00,195,com.blizzard.wtcg.hearthstone,"하스스톤"
00:00,196,com.kakaogames.friendsKing,"프렌즈팝콘"
00:00,197,com.netease.dfjskr,"레이싱 마스터(Racing Master)"
00:00,198,com.haoplay.game.gp.duck,"꽥꽥 구조대 - 알 폭격 디펜스"
00:00,199,com.sopt.mafia42.client,"마피아42"
00:00,200,com.Volcanus.Cheonsammu.aos,"천마지만 삼국지에서 무쌍중입니다"
01:30,1,com.netmarble.sol,"SOL: enchant"
01:30,2,com.HoYoverse.Nap,"젠레스 존 제로 - 주년 기념"
01:30,3,com.gof.global,"WOS: 화이트아웃 서바이벌"
01:30,4,com.run.tower.defense,"킹샷:Kingshot"
01:30,5,com.nexon.ma,"메이플 키우기"
01:30,6,com.dreamgames.royalmatch,"로얄 매치 Royal Match"
01:30,7,com.fun.lastwar.gp,"라스트 워: 서바이벌"
01:30,8,com.proximabeta.nikke,"승리의 여신: 니케"
01:30,9,com.roblox.client,"로블록스 (Roblox)"
01:30,10,com.kakaogames.odin,"오딘: 발할라 라이징"
01:30,11,com.mergegames.gossipharbor,"가십하버: 합성 & 스토리 게임"
01:30,12,com.ncsoft.lineagem19,"리니지M"
01:30,13,com.HoYoverse.hkrpgoversea,"붕괴: 스타레일"
01:30,14,com.percent.aos.luckydefense,"운빨존많겜"
01:30,15,game.qualiarts.hololive.dreams.com,"hololive Dreams"
01:30,16,com.nianticlabs.pokemongo,"Pokémon GO"
01:30,17,com.kurogame.wutheringwaves.global,"명조:워더링 웨이브 - 현방 지계를 향하여"
01:30,18,com.gamedots.seasideescape,"씨사이드 익스케이프: 합성 & 스토리 게임"
01:30,19,com.nexon.fmk,"FC 모바일"
01:30,20,com.readygo.barrel.gp,"라스트 Z: 서바이벌 슈터"
01:30,21,com.fatmerge.global,"테이스티 트레블: 합성 게임"
01:30,22,com.nhnent.Qpoker,"한게임 포커"
01:30,23,com.netmarble.thered,"뱀피르"
01:30,24,com.playrix.gardenscapes,"꿈의 정원 (Gardenscapes)"
01:30,25,com.phs.global,"라스트 어사일럼: 페스트"
01:30,26,com.nexon.devcat.mm,"마비노기 모바일"
01:30,27,jp.co.ponos.battlecatskr,"냥코 대전쟁"
01:30,28,com.dreamgames.royalkingdom,"로얄 킹덤 (Royal Kingdom)"
01:30,29,com.bhk.newslgkr,"삼국지: 천하결전"
01:30,30,com.rxjhglkr.gp,"열혈강호: 넥스트"
01:30,31,com.nhnent.pokerclassic,"한게임포커 클래식 : 7포커 홀덤 섯다 훌라 슬롯"
01:30,32,com.netmarble.tskgb,"세븐나이츠 리버스"
01:30,33,jp.konami.pesam,"eFootball™"
01:30,34,com.com2us.futurecpb.android.google.global.normal,"컴투스프로야구V26"
01:30,35,com.ncsoft.lineagew,"리니지W"
01:30,36,com.xd.xdtglobal.gp,"두근두근타운"
01:30,37,com.YoStarKR.Arknights,"명일방주"
01:30,38,com.percent.aos.cooptd,"협타디: 협동 타워 디펜스"
01:30,39,com.ncsoft.aion2,"AION2"
01:30,40,com.king.candycrushsaga,"캔디크러쉬사가 (Candy Crush Saga)"
01:30,41,com.webzen.mumonarch2.google,"뮤 모나크2"
01:30,42,com.jsjskr.google,"토이 삼국"
01:30,43,com.hottagames.nte,"이환"
01:30,44,com.supercell.brawlstars,"브롤스타즈"
01:30,45,com.kr.firegp,"I9: 인페르노 나인"
01:30,46,com.cola.game,"핫레스토랑: 머지&쿠킹"
01:30,47,com.cedargames.mysterytown,"미스터리 타운: 합성 게임 (Mystery Town)"
01:30,48,com.webzen.muangel.google,"뮤 모나크"
01:30,49,com.playrix.homescapes,"꿈의 집 (Homescapes)"
01:30,50,com.epidgames.trickcalrevive,"트릭컬 리바이브"
01:30,51,com.nexon.fo4m,"EA SPORTS FC Online M"
01:30,52,com.gravity.romkrzeny.aos,"라그나로크M: Classic"
01:30,53,com.ncsoft.lineage2m19,"리니지2M"
01:30,54,com.pubg.krmobile,"배틀그라운드"
01:30,55,com.NHNEnt.MSudda,"한게임 섯다&맞고"
01:30,56,net.kernys.aooni,"좀비고등학교"
01:30,57,com.playrix.township,"꿈의 마을 (Township)"
01:30,58,com.dlw.kr.google,"시티 데몬헌터즈: 각성자들"
01:30,59,kr.haoplay.game.and.reverse,"리버스: 1999"
01:30,60,com.netmarble.monster2,"몬길: STAR DIVE"
01:30,61,com.readygo.dark.gp,"Dark War Survival"
01:30,62,com.neowiz.games.poker,"피망 포커 : 카지노 로얄 - 홀덤, 7포커, 바둑이"
01:30,63,com.nexon.he,"히간: 이루실"
01:30,64,com.greenmushroom.boomblitz.gp,"탑 히어로즈"
01:30,65,com.hollywood.merge,"할리우드 머지"
01:30,66,com.superplaystudios.disneysolitairedreams,"Disney Solitaire 디즈니 솔리테어"
01:30,67,com.devsisters.ck,"쿠키런: 킹덤"
01:30,68,com.miHoYo.GenshinImpact,"원신·공월의 노래"
01:30,69,com.nexon.kart,"카트라이더 러쉬플러스"
01:30,70,com.bandainamcoent.dgup_ww,"디지몬 UP"
01:30,71,com.com2us.smon.normal.freefull.google.kr.android.common,"서머너즈 워 X 장송의 프리렌"
01:30,72,com.ddup.zombiewaves.zw,"좀비 웨이브스"
01:30,73,com.gametree.lhlr.gp,"그놈은 드래곤"
01:30,74,com.devsisters.gb,"쿠키런: 오븐브레이크"
01:30,75,com.NHNEnt.NDuelgo,"한게임 신맞고 : 대한민국 원조 고스톱"
01:30,76,com.dreamwalker.kr.gp,"꿈의 여행자: 별빛 여정"
01:30,77,com.merge.cooking.theme.restaurant.food,"머지 쿠킹 테마 레스토랑"
01:30,78,com.netmarble.rfnext,"RF 온라인 넥스트"
01:30,79,io.randomco.travel,"Travel Town - 결합 어드벤처"
01:30,80,com.neowiz.games.newmatgo,"피망 뉴맞고: 고스톱 대표 맞고 게임"
01:30,81,com.kakaogames.aaw,"아키에이지 워 (ArcheAge WAR)"
01:30,82,com.fiveminlab.overgeared.hero.backpack.merge,"템빨용사: 픽셀 아이템 머지 RPG"
01:30,83,com.highbrow.games.dvo,"드래곤빌리지3"
01:30,84,com.joycity.im,"임진왜란: 조선의 반격"
01:30,85,com.ProjectMoon.LimbusCompany,"Limbus Company"
01:30,86,com.dwgames.chunorpg,"추노 키우기"
01:30,87,com.mhclyxpb.gatja,"동방 찻집"
01:30,88,com.kingsgroup.sos,"S.O.S: 스테이트 오브 서바이벌"
01:30,89,com.hariwn.legendofcivilizations,"포지 마스터 (Forge Master)"
01:30,90,net.lightcon.windidle,"윈드러너 키우기"
01:30,91,com.playrix.fishdomdd.gplay,"피쉬돔 (Fishdom)"
01:30,92,com.ujoygp.flower,"오늘의 꽃"
01:30,93,com.funplus.ts.global,"타일 서바이벌"
01:30,94,com.netmarble.raven2,"레이븐2"
01:30,95,com.gear2.growslayer,"슬레이어 키우기"
01:30,96,com.com2us.probaseball3d.normal.freefull.google.global.android.common,"컴투스프로야구2026"
01:30,97,com.kr.lfhsgp,"그레이 사가"
01:30,98,com.global.ztmslgkr,"퍼즐 오브 Z"
01:30,99,com.zzsjkr.google,"갓깨비 키우기-999뽑기 증정"
01:30,100,com.netmarble.stonkey,"스톤에이지 키우기"
01:30,101,com.korea.hsbbkr.google,"도깨비 소녀와 함께"
01:30,102,com.billionairegames.serares,"변신 키우기"
01:30,103,com.haoplay.game.and.exilium,"소녀전선2: 망명"
01:30,104,com.riotgames.league.wildrift,"리그 오브 레전드: 와일드 리프트"
01:30,105,com.wemade.nightcrows,"나이트 크로우"
01:30,106,com.qjzj4399kr.google,"기적의 검"
01:30,107,com.xman.kr.gp,"X 클래시"
01:30,108,com.bandainamcoent.gget_WW,"SD건담 지 제네레이션 이터널"
01:30,109,com.netmarble.bnsmkr,"블레이드&소울 레볼루션"
01:30,110,com.screenshake.dominodreams,"Domino Dreams™"
01:30,111,com.nexon.nsc.maplem,"메이플스토리M"
01:30,112,com.haegin.kbo,"2026 프로야구GO!"
01:30,113,com.smilegate.chaoszero.stove.google,"카오스 제로 나이트메어"
01:30,114,com.nhn.AApoker,"한게임 로얄홀덤"
01:30,115,com.camelgames.aoz,"에이지 오브 제트: 타워 디펜스"
01:30,116,com.yzlmkr.google,"우와 모험단"
01:30,117,com.play.merge.restyle,"Merge Restyle"
01:30,118,com.xd.TLglobal,"토치라이트: 인피니트"
01:30,119,com.smilegate.lordnine.stove.google,"로드나인"
01:30,120,com.zempot.wplpoker,"WPL : 홀덤, 토너먼트, 오마하, 올인폴드, 픽앤고"
01:30,121,com.superplaystudios.dicedreams,"Dice Dreams™️"
01:30,122,com.netmarble.lineageII,"리니지2 레볼루션"
01:30,123,com.ulugame.hdqykrob.google,"아케론:종말의 서곡"
01:30,124,net.gameduo.gv,"캣 히어로 : 방치형 RPG"
01:30,125,com.kr.firelite,"I9: 인페르노 나인(19) - 세로형 RPG"
01:30,126,com.kakaogames.ares,"아레스 : 라이즈 오브 가디언즈"
01:30,127,com.galasports.totalfootball.kr,"Total Football - 2026 북중미 시즌"
01:30,128,com.com2us.futuremlb.android.google.global.normal,"MLB 9이닝스 라이벌 26"
01:30,129,com.ylqdhkr.gp,"엔터테인먼트 거물"
01:30,130,com.netmarble.arthdal,"아스달 연대기: 세 개의 세력"
01:30,131,com.gear2.letsgolegends,"레츠고 레전드!"
01:30,132,net.peakgames.toonblast,"Toon Blast"
01:30,133,com.supercell.clashofclans,"클래시 오브 클랜"
01:30,134,com.neowizgames.game.browndust2,"브라운더스트2 - 가슴 벅찬 RPG"
01:30,135,com.superpixel.undyinghero,"불사용사 키우기 : 방치형 RPG"
01:30,136,com.hdfzxrpg.googlelb,"해적 키우기-방치형 RPG"
01:30,137,com.games.foundation,"파운데이션: 우주 전선"
01:30,138,com.dwjp.gp,"애니멀 가든 - 진짜 꽃다발을 배달돼요!"
01:30,139,com.hybeim.architect,"아키텍트: 랜드 오브 엑자일"
01:30,140,com.nexon.mdnf,"던전앤파이터 모바일"
01:30,141,com.zlongame.kr.langrisser,"랑그릿사"
01:30,142,com.kakaogames.umamusume,"우마무스메 프리티 더비"
01:30,143,com.justgame.jails,"랜드 오브 제일"
01:30,144,com.wemadeconnect.aos.lostdgl,"로스트 소드-1.5주년"
01:30,145,com.a3.topgirl.gplay,"Top Girl"
01:30,146,com.stove.epic7.google,"에픽세븐"
01:30,147,com.smallgiantgames.empires,"엠파이어 & 퍼즐 (Empires & Puzzles)"
01:30,148,com.sundaytoz.mobile.anipang2.google.kakao.service,"애니팡2 - 3매치 퍼즐게임"
01:30,149,com.devsisters.CookieRunForKakao,"쿠키런"
01:30,150,com.merge.game.foodstars,"푸드스타: 합쳐서 요리하기"
01:30,151,com.gearpaw.defenders.td.game,"기어몬: 타워 디펜스"
01:30,152,com.gryphline.endfield.gp,"명일방주: 엔드필드"
01:30,153,net.gameduo.anotherdungeon,"어나더던전"
01:30,154,com.riftsky.mhg.kr.gp,"더 코지 플로리스트"
01:30,155,com.joycastle.mergematch,"Matching Story - Puzzle Games"
01:30,156,com.xmh.rpg.kr.an,"스카이 어비스: 혈맹의 서약"
01:30,157,com.MelsoftGames.FamilyIslandFarm,"패밀리 아일랜드 - 농장모험게임"
01:30,158,com.nns.genesis,"창세기전 키우기"
01:30,159,com.mxdzzkr.google,"버섯커 키우기-3000뽑기 증정"
01:30,160,com.cyberjoy.galaxydefense,"갤럭시 디펜스 (Galaxy Defense)"
01:30,161,com.xone.gpkr,"ASURA: 블러드 앤 소울"
01:30,162,com.sundaytoz.kakao.anipang3.service,"애니팡3 - 매치 3 퍼즐"
01:30,163,com.wireless.defenseland,"레이드 러시: 타워 디펜스"
01:30,164,com.netmarble.fgok,"페이트/그랜드 오더"
01:30,165,com.gravity.rooc.android,"라그나로크 오리진 클래식"
01:30,166,com.bilibilihk.jujutsuphanparagp,"주술회전 팬텀 퍼레이드"
01:30,167,com.pocketchamps.game,"포켓 챔프: 3D 레이싱 게임"
01:30,168,com.igg.android.doomsdaylastsurvivors,"둠스데이 × 페어리테일"
01:30,169,com.moonactive.cmboard,"Coin Master: 보드 어드벤처"
01:30,170,defense.roguelike.cell.shoot.survivor,"세포 특공대"
01:30,171,com.netmarble.ma9bkr,"마구마구 2026: 풀체인지"
01:30,172,com.plarium.raidlegends,"레이드: 그림자의 전설"
01:30,173,com.ea.huntingsniper,"헌팅 스나이퍼"
01:30,174,com.mojang.minecraftpe,"Minecraft: 나만의 세계를 꿈꾸고 만들어보세요"
01:30,175,com.lilithgames.rok.gpkr,"라이즈 오브 킹덤즈"
01:30,176,com.mymskr.gp,"호드 워:어벤저의 소환"
01:30,177,apli879756.vmz,"괴수: 진화 연대기"
01:30,178,com.fatr.global,"호텔 레거시: 합성&리모델링"
01:30,179,com.game.btjkr.and,"영혼 인도자：신의 이름으로"
01:30,180,com.racoondigi.jqhw,"스트리트볼 올스타-Streetball Allstar"
01:30,181,com.blackdust.redblue,"냥찍 히어로즈 : 방치형 RPG"
01:30,182,com.pearlabyss.blackdesertm,"검은사막 모바일"
01:30,183,com.YoStarKR.MahjongSoul,"작혼: 리치 마작"
01:30,184,com.linegames.gm,"창세기전 모바일 - 서풍의 광시곡"
01:30,185,com.gamespark.topking.gp,"탑 로드"
01:30,186,com.netmarble.nanakr,"일곱 개의 대죄: GRAND CROSS"
01:30,187,com.netease.idv.googleplay,"Identity V -제5인격"
01:30,188,com.standegg.wulin,"잠룡 : 무협 도트 RPG"
01:30,189,com.ryonggame.soulhunteridle,"소울 헌터 키우기 : 방치형 RPG"
01:30,190,com.sundaytoz.kakao.anipang4,"애니팡4: 매치3 퍼즐 게임"
01:30,191,com.Knight.GrandQuest,"Legends Reborn: 마지막 전투"
01:30,192,kr.aos.com.aprogen.dragonrajaorigin,"드래곤 베인"
01:30,193,com.hkqs.jszx.google,"부족 또 전쟁 : 무한루프 RPG"
01:30,194,com.blizzard.diablo.immortal,"디아블로 이모탈"
01:30,195,com.blizzard.wtcg.hearthstone,"하스스톤"
01:30,196,com.kakaogames.friendsKing,"프렌즈팝콘"
01:30,197,com.netease.dfjskr,"레이싱 마스터(Racing Master)"
01:30,198,com.haoplay.game.gp.duck,"꽥꽥 구조대 - 알 폭격 디펜스"
01:30,199,com.sopt.mafia42.client,"마피아42"
01:30,200,com.Volcanus.Cheonsammu.aos,"천마지만 삼국지에서 무쌍중입니다"
03:00,1,com.netmarble.sol,"SOL: enchant"
03:00,2,com.HoYoverse.Nap,"젠레스 존 제로 - 주년 기념"
03:00,3,com.gof.global,"WOS: 화이트아웃 서바이벌"
03:00,4,com.run.tower.defense,"킹샷:Kingshot"
03:00,5,com.nexon.ma,"메이플 키우기"
03:00,6,com.dreamgames.royalmatch,"로얄 매치 Royal Match"
03:00,7,com.fun.lastwar.gp,"라스트 워: 서바이벌"
03:00,8,com.proximabeta.nikke,"승리의 여신: 니케"
03:00,9,com.roblox.client,"로블록스 (Roblox)"
03:00,10,com.kakaogames.odin,"오딘: 발할라 라이징"
03:00,11,com.mergegames.gossipharbor,"가십하버: 합성 & 스토리 게임"
03:00,12,com.ncsoft.lineagem19,"리니지M"
03:00,13,com.HoYoverse.hkrpgoversea,"붕괴: 스타레일"
03:00,14,com.percent.aos.luckydefense,"운빨존많겜"
03:00,15,game.qualiarts.hololive.dreams.com,"hololive Dreams"
03:00,16,com.nianticlabs.pokemongo,"Pokémon GO"
03:00,17,com.kurogame.wutheringwaves.global,"명조:워더링 웨이브 - 현방 지계를 향하여"
03:00,18,com.gamedots.seasideescape,"씨사이드 익스케이프: 합성 & 스토리 게임"
03:00,19,com.nexon.fmk,"FC 모바일"
03:00,20,com.readygo.barrel.gp,"라스트 Z: 서바이벌 슈터"
03:00,21,com.fatmerge.global,"테이스티 트레블: 합성 게임"
03:00,22,com.nhnent.Qpoker,"한게임 포커"
03:00,23,com.netmarble.thered,"뱀피르"
03:00,24,com.playrix.gardenscapes,"꿈의 정원 (Gardenscapes)"
03:00,25,com.phs.global,"라스트 어사일럼: 페스트"
03:00,26,com.nexon.devcat.mm,"마비노기 모바일"
03:00,27,jp.co.ponos.battlecatskr,"냥코 대전쟁"
03:00,28,com.dreamgames.royalkingdom,"로얄 킹덤 (Royal Kingdom)"
03:00,29,com.bhk.newslgkr,"삼국지: 천하결전"
03:00,30,com.rxjhglkr.gp,"열혈강호: 넥스트"
03:00,31,com.nhnent.pokerclassic,"한게임포커 클래식 : 7포커 홀덤 섯다 훌라 슬롯"
03:00,32,com.netmarble.tskgb,"세븐나이츠 리버스"
03:00,33,jp.konami.pesam,"eFootball™"
03:00,34,com.com2us.futurecpb.android.google.global.normal,"컴투스프로야구V26"
03:00,35,com.ncsoft.lineagew,"리니지W"
03:00,36,com.xd.xdtglobal.gp,"두근두근타운"
03:00,37,com.YoStarKR.Arknights,"명일방주"
03:00,38,com.percent.aos.cooptd,"협타디: 협동 타워 디펜스"
03:00,39,com.ncsoft.aion2,"AION2"
03:00,40,com.king.candycrushsaga,"캔디크러쉬사가 (Candy Crush Saga)"
03:00,41,com.webzen.mumonarch2.google,"뮤 모나크2"
03:00,42,com.jsjskr.google,"토이 삼국"
03:00,43,com.hottagames.nte,"이환"
03:00,44,com.supercell.brawlstars,"브롤스타즈"
03:00,45,com.kr.firegp,"I9: 인페르노 나인"
03:00,46,com.cola.game,"핫레스토랑: 머지&쿠킹"
03:00,47,com.cedargames.mysterytown,"미스터리 타운: 합성 게임 (Mystery Town)"
03:00,48,com.webzen.muangel.google,"뮤 모나크"
03:00,49,com.playrix.homescapes,"꿈의 집 (Homescapes)"
03:00,50,com.epidgames.trickcalrevive,"트릭컬 리바이브"
03:00,51,com.nexon.fo4m,"EA SPORTS FC Online M"
03:00,52,com.gravity.romkrzeny.aos,"라그나로크M: Classic"
03:00,53,com.ncsoft.lineage2m19,"리니지2M"
03:00,54,com.pubg.krmobile,"배틀그라운드"
03:00,55,com.NHNEnt.MSudda,"한게임 섯다&맞고"
03:00,56,net.kernys.aooni,"좀비고등학교"
03:00,57,com.playrix.township,"꿈의 마을 (Township)"
03:00,58,com.dlw.kr.google,"시티 데몬헌터즈: 각성자들"
03:00,59,kr.haoplay.game.and.reverse,"리버스: 1999"
03:00,60,com.netmarble.monster2,"몬길: STAR DIVE"
03:00,61,com.readygo.dark.gp,"Dark War Survival"
03:00,62,com.neowiz.games.poker,"피망 포커 : 카지노 로얄 - 홀덤, 7포커, 바둑이"
03:00,63,com.nexon.he,"히간: 이루실"
03:00,64,com.greenmushroom.boomblitz.gp,"탑 히어로즈"
03:00,65,com.hollywood.merge,"할리우드 머지"
03:00,66,com.superplaystudios.disneysolitairedreams,"Disney Solitaire 디즈니 솔리테어"
03:00,67,com.devsisters.ck,"쿠키런: 킹덤"
03:00,68,com.miHoYo.GenshinImpact,"원신·공월의 노래"
03:00,69,com.nexon.kart,"카트라이더 러쉬플러스"
03:00,70,com.bandainamcoent.dgup_ww,"디지몬 UP"
03:00,71,com.com2us.smon.normal.freefull.google.kr.android.common,"서머너즈 워 X 장송의 프리렌"
03:00,72,com.ddup.zombiewaves.zw,"좀비 웨이브스"
03:00,73,com.gametree.lhlr.gp,"그놈은 드래곤"
03:00,74,com.devsisters.gb,"쿠키런: 오븐브레이크"
03:00,75,com.NHNEnt.NDuelgo,"한게임 신맞고 : 대한민국 원조 고스톱"
03:00,76,com.dreamwalker.kr.gp,"꿈의 여행자: 별빛 여정"
03:00,77,com.merge.cooking.theme.restaurant.food,"머지 쿠킹 테마 레스토랑"
03:00,78,com.netmarble.rfnext,"RF 온라인 넥스트"
03:00,79,io.randomco.travel,"Travel Town - 결합 어드벤처"
03:00,80,com.neowiz.games.newmatgo,"피망 뉴맞고: 고스톱 대표 맞고 게임"
03:00,81,com.kakaogames.aaw,"아키에이지 워 (ArcheAge WAR)"
03:00,82,com.fiveminlab.overgeared.hero.backpack.merge,"템빨용사: 픽셀 아이템 머지 RPG"
03:00,83,com.highbrow.games.dvo,"드래곤빌리지3"
03:00,84,com.joycity.im,"임진왜란: 조선의 반격"
03:00,85,com.ProjectMoon.LimbusCompany,"Limbus Company"
03:00,86,com.dwgames.chunorpg,"추노 키우기"
03:00,87,com.mhclyxpb.gatja,"동방 찻집"
03:00,88,com.kingsgroup.sos,"S.O.S: 스테이트 오브 서바이벌"
03:00,89,com.hariwn.legendofcivilizations,"포지 마스터 (Forge Master)"
03:00,90,net.lightcon.windidle,"윈드러너 키우기"
03:00,91,com.playrix.fishdomdd.gplay,"피쉬돔 (Fishdom)"
03:00,92,com.ujoygp.flower,"오늘의 꽃"
03:00,93,com.funplus.ts.global,"타일 서바이벌"
03:00,94,com.netmarble.raven2,"레이븐2"
03:00,95,com.gear2.growslayer,"슬레이어 키우기"
03:00,96,com.com2us.probaseball3d.normal.freefull.google.global.android.common,"컴투스프로야구2026"
03:00,97,com.kr.lfhsgp,"그레이 사가"
03:00,98,com.global.ztmslgkr,"퍼즐 오브 Z"
03:00,99,com.zzsjkr.google,"갓깨비 키우기-999뽑기 증정"
03:00,100,com.netmarble.stonkey,"스톤에이지 키우기"
03:00,101,com.korea.hsbbkr.google,"도깨비 소녀와 함께"
03:00,102,com.billionairegames.serares,"변신 키우기"
03:00,103,com.haoplay.game.and.exilium,"소녀전선2: 망명"
03:00,104,com.riotgames.league.wildrift,"리그 오브 레전드: 와일드 리프트"
03:00,105,com.wemade.nightcrows,"나이트 크로우"
03:00,106,com.qjzj4399kr.google,"기적의 검"
03:00,107,com.xman.kr.gp,"X 클래시"
03:00,108,com.bandainamcoent.gget_WW,"SD건담 지 제네레이션 이터널"
03:00,109,com.netmarble.bnsmkr,"블레이드&소울 레볼루션"
03:00,110,com.screenshake.dominodreams,"Domino Dreams™"
03:00,111,com.nexon.nsc.maplem,"메이플스토리M"
03:00,112,com.haegin.kbo,"2026 프로야구GO!"
03:00,113,com.smilegate.chaoszero.stove.google,"카오스 제로 나이트메어"
03:00,114,com.nhn.AApoker,"한게임 로얄홀덤"
03:00,115,com.camelgames.aoz,"에이지 오브 제트: 타워 디펜스"
03:00,116,com.yzlmkr.google,"우와 모험단"
03:00,117,com.play.merge.restyle,"Merge Restyle"
03:00,118,com.xd.TLglobal,"토치라이트: 인피니트"
03:00,119,com.smilegate.lordnine.stove.google,"로드나인"
03:00,120,com.zempot.wplpoker,"WPL : 홀덤, 토너먼트, 오마하, 올인폴드, 픽앤고"
03:00,121,com.superplaystudios.dicedreams,"Dice Dreams™️"
03:00,122,com.netmarble.lineageII,"리니지2 레볼루션"
03:00,123,com.ulugame.hdqykrob.google,"아케론:종말의 서곡"
03:00,124,net.gameduo.gv,"캣 히어로 : 방치형 RPG"
03:00,125,com.kr.firelite,"I9: 인페르노 나인(19) - 세로형 RPG"
03:00,126,com.kakaogames.ares,"아레스 : 라이즈 오브 가디언즈"
03:00,127,com.galasports.totalfootball.kr,"Total Football - 2026 북중미 시즌"
03:00,128,com.com2us.futuremlb.android.google.global.normal,"MLB 9이닝스 라이벌 26"
03:00,129,com.ylqdhkr.gp,"엔터테인먼트 거물"
03:00,130,com.netmarble.arthdal,"아스달 연대기: 세 개의 세력"
03:00,131,com.gear2.letsgolegends,"레츠고 레전드!"
03:00,132,net.peakgames.toonblast,"Toon Blast"
03:00,133,com.supercell.clashofclans,"클래시 오브 클랜"
03:00,134,com.neowizgames.game.browndust2,"브라운더스트2 - 가슴 벅찬 RPG"
03:00,135,com.superpixel.undyinghero,"불사용사 키우기 : 방치형 RPG"
03:00,136,com.hdfzxrpg.googlelb,"해적 키우기-방치형 RPG"
03:00,137,com.games.foundation,"파운데이션: 우주 전선"
03:00,138,com.dwjp.gp,"애니멀 가든 - 진짜 꽃다발을 배달돼요!"
03:00,139,com.hybeim.architect,"아키텍트: 랜드 오브 엑자일"
03:00,140,com.nexon.mdnf,"던전앤파이터 모바일"
03:00,141,com.zlongame.kr.langrisser,"랑그릿사"
03:00,142,com.kakaogames.umamusume,"우마무스메 프리티 더비"
03:00,143,com.justgame.jails,"랜드 오브 제일"
03:00,144,com.wemadeconnect.aos.lostdgl,"로스트 소드-1.5주년"
03:00,145,com.a3.topgirl.gplay,"Top Girl"
03:00,146,com.stove.epic7.google,"에픽세븐"
03:00,147,com.smallgiantgames.empires,"엠파이어 & 퍼즐 (Empires & Puzzles)"
03:00,148,com.sundaytoz.mobile.anipang2.google.kakao.service,"애니팡2 - 3매치 퍼즐게임"
03:00,149,com.devsisters.CookieRunForKakao,"쿠키런"
03:00,150,com.merge.game.foodstars,"푸드스타: 합쳐서 요리하기"
03:00,151,com.gearpaw.defenders.td.game,"기어몬: 타워 디펜스"
03:00,152,com.gryphline.endfield.gp,"명일방주: 엔드필드"
03:00,153,net.gameduo.anotherdungeon,"어나더던전"
03:00,154,com.riftsky.mhg.kr.gp,"더 코지 플로리스트"
03:00,155,com.joycastle.mergematch,"Matching Story - Puzzle Games"
03:00,156,com.xmh.rpg.kr.an,"스카이 어비스: 혈맹의 서약"
03:00,157,com.MelsoftGames.FamilyIslandFarm,"패밀리 아일랜드 - 농장모험게임"
03:00,158,com.nns.genesis,"창세기전 키우기"
03:00,159,com.mxdzzkr.google,"버섯커 키우기-3000뽑기 증정"
03:00,160,com.cyberjoy.galaxydefense,"갤럭시 디펜스 (Galaxy Defense)"
03:00,161,com.xone.gpkr,"ASURA: 블러드 앤 소울"
03:00,162,com.sundaytoz.kakao.anipang3.service,"애니팡3 - 매치 3 퍼즐"
03:00,163,com.wireless.defenseland,"레이드 러시: 타워 디펜스"
03:00,164,com.netmarble.fgok,"페이트/그랜드 오더"
03:00,165,com.gravity.rooc.android,"라그나로크 오리진 클래식"
03:00,166,com.bilibilihk.jujutsuphanparagp,"주술회전 팬텀 퍼레이드"
03:00,167,com.pocketchamps.game,"포켓 챔프: 3D 레이싱 게임"
03:00,168,com.igg.android.doomsdaylastsurvivors,"둠스데이 × 페어리테일"
03:00,169,com.moonactive.cmboard,"Coin Master: 보드 어드벤처"
03:00,170,defense.roguelike.cell.shoot.survivor,"세포 특공대"
03:00,171,com.netmarble.ma9bkr,"마구마구 2026: 풀체인지"
03:00,172,com.plarium.raidlegends,"레이드: 그림자의 전설"
03:00,173,com.ea.huntingsniper,"헌팅 스나이퍼"
03:00,174,com.mojang.minecraftpe,"Minecraft: 나만의 세계를 꿈꾸고 만들어보세요"
03:00,175,com.lilithgames.rok.gpkr,"라이즈 오브 킹덤즈"
03:00,176,com.mymskr.gp,"호드 워:어벤저의 소환"
03:00,177,apli879756.vmz,"괴수: 진화 연대기"
03:00,178,com.fatr.global,"호텔 레거시: 합성&리모델링"
03:00,179,com.game.btjkr.and,"영혼 인도자：신의 이름으로"
03:00,180,com.racoondigi.jqhw,"스트리트볼 올스타-Streetball Allstar"
03:00,181,com.blackdust.redblue,"냥찍 히어로즈 : 방치형 RPG"
03:00,182,com.pearlabyss.blackdesertm,"검은사막 모바일"
03:00,183,com.YoStarKR.MahjongSoul,"작혼: 리치 마작"
03:00,184,com.linegames.gm,"창세기전 모바일 - 서풍의 광시곡"
03:00,185,com.gamespark.topking.gp,"탑 로드"
03:00,186,com.netmarble.nanakr,"일곱 개의 대죄: GRAND CROSS"
03:00,187,com.netease.idv.googleplay,"Identity V -제5인격"
03:00,188,com.standegg.wulin,"잠룡 : 무협 도트 RPG"
03:00,189,com.ryonggame.soulhunteridle,"소울 헌터 키우기 : 방치형 RPG"
03:00,190,com.sundaytoz.kakao.anipang4,"애니팡4: 매치3 퍼즐 게임"
03:00,191,com.Knight.GrandQuest,"Legends Reborn: 마지막 전투"
03:00,192,kr.aos.com.aprogen.dragonrajaorigin,"드래곤 베인"
03:00,193,com.hkqs.jszx.google,"부족 또 전쟁 : 무한루프 RPG"
03:00,194,com.blizzard.diablo.immortal,"디아블로 이모탈"
03:00,195,com.blizzard.wtcg.hearthstone,"하스스톤"
03:00,196,com.kakaogames.friendsKing,"프렌즈팝콘"
03:00,197,com.netease.dfjskr,"레이싱 마스터(Racing Master)"
03:00,198,com.haoplay.game.gp.duck,"꽥꽥 구조대 - 알 폭격 디펜스"
03:00,199,com.sopt.mafia42.client,"마피아42"
03:00,200,com.Volcanus.Cheonsammu.aos,"천마지만 삼국지에서 무쌍중입니다"
04:30,1,com.netmarble.sol,"SOL: enchant"
04:30,2,com.HoYoverse.Nap,"젠레스 존 제로 - 주년 기념"
04:30,3,com.gof.global,"WOS: 화이트아웃 서바이벌"
04:30,4,com.run.tower.defense,"킹샷:Kingshot"
04:30,5,com.nexon.ma,"메이플 키우기"
04:30,6,com.dreamgames.royalmatch,"로얄 매치 Royal Match"
04:30,7,com.fun.lastwar.gp,"라스트 워: 서바이벌"
04:30,8,com.proximabeta.nikke,"승리의 여신: 니케"
04:30,9,com.roblox.client,"로블록스 (Roblox)"
04:30,10,com.kakaogames.odin,"오딘: 발할라 라이징"
04:30,11,com.mergegames.gossipharbor,"가십하버: 합성 & 스토리 게임"
04:30,12,com.ncsoft.lineagem19,"리니지M"
04:30,13,com.HoYoverse.hkrpgoversea,"붕괴: 스타레일"
04:30,14,com.percent.aos.luckydefense,"운빨존많겜"
04:30,15,game.qualiarts.hololive.dreams.com,"hololive Dreams"
04:30,16,com.nianticlabs.pokemongo,"Pokémon GO"
04:30,17,com.kurogame.wutheringwaves.global,"명조:워더링 웨이브 - 현방 지계를 향하여"
04:30,18,com.gamedots.seasideescape,"씨사이드 익스케이프: 합성 & 스토리 게임"
04:30,19,com.nexon.fmk,"FC 모바일"
04:30,20,com.readygo.barrel.gp,"라스트 Z: 서바이벌 슈터"
04:30,21,com.fatmerge.global,"테이스티 트레블: 합성 게임"
04:30,22,com.nhnent.Qpoker,"한게임 포커"
04:30,23,com.netmarble.thered,"뱀피르"
04:30,24,com.playrix.gardenscapes,"꿈의 정원 (Gardenscapes)"
04:30,25,com.phs.global,"라스트 어사일럼: 페스트"
04:30,26,com.nexon.devcat.mm,"마비노기 모바일"
04:30,27,jp.co.ponos.battlecatskr,"냥코 대전쟁"
04:30,28,com.dreamgames.royalkingdom,"로얄 킹덤 (Royal Kingdom)"
04:30,29,com.bhk.newslgkr,"삼국지: 천하결전"
04:30,30,com.rxjhglkr.gp,"열혈강호: 넥스트"
04:30,31,com.nhnent.pokerclassic,"한게임포커 클래식 : 7포커 홀덤 섯다 훌라 슬롯"
04:30,32,com.netmarble.tskgb,"세븐나이츠 리버스"
04:30,33,jp.konami.pesam,"eFootball™"
04:30,34,com.com2us.futurecpb.android.google.global.normal,"컴투스프로야구V26"
04:30,35,com.ncsoft.lineagew,"리니지W"
04:30,36,com.xd.xdtglobal.gp,"두근두근타운"
04:30,37,com.YoStarKR.Arknights,"명일방주"
04:30,38,com.percent.aos.cooptd,"협타디: 협동 타워 디펜스"
04:30,39,com.ncsoft.aion2,"AION2"
04:30,40,com.king.candycrushsaga,"캔디크러쉬사가 (Candy Crush Saga)"
04:30,41,com.webzen.mumonarch2.google,"뮤 모나크2"
04:30,42,com.jsjskr.google,"토이 삼국"
04:30,43,com.hottagames.nte,"이환"
04:30,44,com.supercell.brawlstars,"브롤스타즈"
04:30,45,com.kr.firegp,"I9: 인페르노 나인"
04:30,46,com.cola.game,"핫레스토랑: 머지&쿠킹"
04:30,47,com.cedargames.mysterytown,"미스터리 타운: 합성 게임 (Mystery Town)"
04:30,48,com.webzen.muangel.google,"뮤 모나크"
04:30,49,com.playrix.homescapes,"꿈의 집 (Homescapes)"
04:30,50,com.epidgames.trickcalrevive,"트릭컬 리바이브"
04:30,51,com.nexon.fo4m,"EA SPORTS FC Online M"
04:30,52,com.gravity.romkrzeny.aos,"라그나로크M: Classic"
04:30,53,com.ncsoft.lineage2m19,"리니지2M"
04:30,54,com.pubg.krmobile,"배틀그라운드"
04:30,55,com.NHNEnt.MSudda,"한게임 섯다&맞고"
04:30,56,net.kernys.aooni,"좀비고등학교"
04:30,57,com.playrix.township,"꿈의 마을 (Township)"
04:30,58,com.dlw.kr.google,"시티 데몬헌터즈: 각성자들"
04:30,59,kr.haoplay.game.and.reverse,"리버스: 1999"
04:30,60,com.netmarble.monster2,"몬길: STAR DIVE"
04:30,61,com.readygo.dark.gp,"Dark War Survival"
04:30,62,com.neowiz.games.poker,"피망 포커 : 카지노 로얄 - 홀덤, 7포커, 바둑이"
04:30,63,com.nexon.he,"히간: 이루실"
04:30,64,com.greenmushroom.boomblitz.gp,"탑 히어로즈"
04:30,65,com.hollywood.merge,"할리우드 머지"
04:30,66,com.superplaystudios.disneysolitairedreams,"Disney Solitaire 디즈니 솔리테어"
04:30,67,com.devsisters.ck,"쿠키런: 킹덤"
04:30,68,com.miHoYo.GenshinImpact,"원신·공월의 노래"
04:30,69,com.nexon.kart,"카트라이더 러쉬플러스"
04:30,70,com.bandainamcoent.dgup_ww,"디지몬 UP"
04:30,71,com.com2us.smon.normal.freefull.google.kr.android.common,"서머너즈 워 X 장송의 프리렌"
04:30,72,com.ddup.zombiewaves.zw,"좀비 웨이브스"
04:30,73,com.gametree.lhlr.gp,"그놈은 드래곤"
04:30,74,com.devsisters.gb,"쿠키런: 오븐브레이크"
04:30,75,com.NHNEnt.NDuelgo,"한게임 신맞고 : 대한민국 원조 고스톱"
04:30,76,com.dreamwalker.kr.gp,"꿈의 여행자: 별빛 여정"
04:30,77,com.merge.cooking.theme.restaurant.food,"머지 쿠킹 테마 레스토랑"
04:30,78,com.netmarble.rfnext,"RF 온라인 넥스트"
04:30,79,io.randomco.travel,"Travel Town - 결합 어드벤처"
04:30,80,com.neowiz.games.newmatgo,"피망 뉴맞고: 고스톱 대표 맞고 게임"
04:30,81,com.kakaogames.aaw,"아키에이지 워 (ArcheAge WAR)"
04:30,82,com.fiveminlab.overgeared.hero.backpack.merge,"템빨용사: 픽셀 아이템 머지 RPG"
04:30,83,com.highbrow.games.dvo,"드래곤빌리지3"
04:30,84,com.joycity.im,"임진왜란: 조선의 반격"
04:30,85,com.ProjectMoon.LimbusCompany,"Limbus Company"
04:30,86,com.dwgames.chunorpg,"추노 키우기"
04:30,87,com.mhclyxpb.gatja,"동방 찻집"
04:30,88,com.kingsgroup.sos,"S.O.S: 스테이트 오브 서바이벌"
04:30,89,com.hariwn.legendofcivilizations,"포지 마스터 (Forge Master)"
04:30,90,net.lightcon.windidle,"윈드러너 키우기"
04:30,91,com.ujoygp.flower,"오늘의 꽃"
04:30,92,com.funplus.ts.global,"타일 서바이벌"
04:30,93,com.playrix.fishdomdd.gplay,"피쉬돔 (Fishdom)"
04:30,94,com.netmarble.raven2,"레이븐2"
04:30,95,com.gear2.growslayer,"슬레이어 키우기"
04:30,96,com.com2us.probaseball3d.normal.freefull.google.global.android.common,"컴투스프로야구2026"
04:30,97,com.kr.lfhsgp,"그레이 사가"
04:30,98,com.global.ztmslgkr,"퍼즐 오브 Z"
04:30,99,com.zzsjkr.google,"갓깨비 키우기-999뽑기 증정"
04:30,100,com.netmarble.stonkey,"스톤에이지 키우기"
04:30,101,com.korea.hsbbkr.google,"도깨비 소녀와 함께"
04:30,102,com.billionairegames.serares,"변신 키우기"
04:30,103,com.haoplay.game.and.exilium,"소녀전선2: 망명"
04:30,104,com.riotgames.league.wildrift,"리그 오브 레전드: 와일드 리프트"
04:30,105,com.wemade.nightcrows,"나이트 크로우"
04:30,106,com.qjzj4399kr.google,"기적의 검"
04:30,107,com.xman.kr.gp,"X 클래시"
04:30,108,com.bandainamcoent.gget_WW,"SD건담 지 제네레이션 이터널"
04:30,109,com.netmarble.bnsmkr,"블레이드&소울 레볼루션"
04:30,110,com.screenshake.dominodreams,"Domino Dreams™"
04:30,111,com.nexon.nsc.maplem,"메이플스토리M"
04:30,112,com.haegin.kbo,"2026 프로야구GO!"
04:30,113,com.smilegate.chaoszero.stove.google,"카오스 제로 나이트메어"
04:30,114,com.nhn.AApoker,"한게임 로얄홀덤"
04:30,115,com.camelgames.aoz,"에이지 오브 제트: 타워 디펜스"
04:30,116,com.yzlmkr.google,"우와 모험단"
04:30,117,com.play.merge.restyle,"Merge Restyle"
04:30,118,com.xd.TLglobal,"토치라이트: 인피니트"
04:30,119,com.smilegate.lordnine.stove.google,"로드나인"
04:30,120,com.zempot.wplpoker,"WPL : 홀덤, 토너먼트, 오마하, 올인폴드, 픽앤고"
04:30,121,com.superplaystudios.dicedreams,"Dice Dreams™️"
04:30,122,com.netmarble.lineageII,"리니지2 레볼루션"
04:30,123,com.ulugame.hdqykrob.google,"아케론:종말의 서곡"
04:30,124,net.gameduo.gv,"캣 히어로 : 방치형 RPG"
04:30,125,com.kr.firelite,"I9: 인페르노 나인(19) - 세로형 RPG"
04:30,126,com.kakaogames.ares,"아레스 : 라이즈 오브 가디언즈"
04:30,127,com.galasports.totalfootball.kr,"Total Football - 2026 북중미 시즌"
04:30,128,com.com2us.futuremlb.android.google.global.normal,"MLB 9이닝스 라이벌 26"
04:30,129,com.ylqdhkr.gp,"엔터테인먼트 거물"
04:30,130,com.netmarble.arthdal,"아스달 연대기: 세 개의 세력"
04:30,131,com.gear2.letsgolegends,"레츠고 레전드!"
04:30,132,net.peakgames.toonblast,"Toon Blast"
04:30,133,com.supercell.clashofclans,"클래시 오브 클랜"
04:30,134,com.neowizgames.game.browndust2,"브라운더스트2 - 가슴 벅찬 RPG"
04:30,135,com.superpixel.undyinghero,"불사용사 키우기 : 방치형 RPG"
04:30,136,com.hdfzxrpg.googlelb,"해적 키우기-방치형 RPG"
04:30,137,com.mojang.minecraftpe,"Minecraft: 나만의 세계를 꿈꾸고 만들어보세요"
04:30,138,com.games.foundation,"파운데이션: 우주 전선"
04:30,139,com.dwjp.gp,"애니멀 가든 - 진짜 꽃다발을 배달돼요!"
04:30,140,com.hybeim.architect,"아키텍트: 랜드 오브 엑자일"
04:30,141,com.nexon.mdnf,"던전앤파이터 모바일"
04:30,142,com.zlongame.kr.langrisser,"랑그릿사"
04:30,143,com.kakaogames.umamusume,"우마무스메 프리티 더비"
04:30,144,com.justgame.jails,"랜드 오브 제일"
04:30,145,com.wemadeconnect.aos.lostdgl,"로스트 소드-1.5주년"
04:30,146,com.a3.topgirl.gplay,"Top Girl"
04:30,147,com.stove.epic7.google,"에픽세븐"
04:30,148,com.smallgiantgames.empires,"엠파이어 & 퍼즐 (Empires & Puzzles)"
04:30,149,com.sundaytoz.mobile.anipang2.google.kakao.service,"애니팡2 - 3매치 퍼즐게임"
04:30,150,com.devsisters.CookieRunForKakao,"쿠키런"
04:30,151,com.merge.game.foodstars,"푸드스타: 합쳐서 요리하기"
04:30,152,com.gearpaw.defenders.td.game,"기어몬: 타워 디펜스"
04:30,153,com.gryphline.endfield.gp,"명일방주: 엔드필드"
04:30,154,net.gameduo.anotherdungeon,"어나더던전"
04:30,155,com.riftsky.mhg.kr.gp,"더 코지 플로리스트"
04:30,156,com.joycastle.mergematch,"Matching Story - Puzzle Games"
04:30,157,com.xmh.rpg.kr.an,"스카이 어비스: 혈맹의 서약"
04:30,158,com.MelsoftGames.FamilyIslandFarm,"패밀리 아일랜드 - 농장모험게임"
04:30,159,com.nns.genesis,"창세기전 키우기"
04:30,160,com.mxdzzkr.google,"버섯커 키우기-3000뽑기 증정"
04:30,161,com.cyberjoy.galaxydefense,"갤럭시 디펜스 (Galaxy Defense)"
04:30,162,com.xone.gpkr,"ASURA: 블러드 앤 소울"
04:30,163,com.sundaytoz.kakao.anipang3.service,"애니팡3 - 매치 3 퍼즐"
04:30,164,com.wireless.defenseland,"레이드 러시: 타워 디펜스"
04:30,165,com.netmarble.fgok,"페이트/그랜드 오더"
04:30,166,com.gravity.rooc.android,"라그나로크 오리진 클래식"
04:30,167,com.bilibilihk.jujutsuphanparagp,"주술회전 팬텀 퍼레이드"
04:30,168,com.pocketchamps.game,"포켓 챔프: 3D 레이싱 게임"
04:30,169,com.igg.android.doomsdaylastsurvivors,"둠스데이 × 페어리테일"
04:30,170,com.moonactive.cmboard,"Coin Master: 보드 어드벤처"
04:30,171,defense.roguelike.cell.shoot.survivor,"세포 특공대"
04:30,172,com.netmarble.ma9bkr,"마구마구 2026: 풀체인지"
04:30,173,com.plarium.raidlegends,"레이드: 그림자의 전설"
04:30,174,com.ea.huntingsniper,"헌팅 스나이퍼"
04:30,175,com.lilithgames.rok.gpkr,"라이즈 오브 킹덤즈"
04:30,176,com.mymskr.gp,"호드 워:어벤저의 소환"
04:30,177,apli879756.vmz,"괴수: 진화 연대기"
04:30,178,com.fatr.global,"호텔 레거시: 합성&리모델링"
04:30,179,com.game.btjkr.and,"영혼 인도자：신의 이름으로"
04:30,180,com.racoondigi.jqhw,"스트리트볼 올스타-Streetball Allstar"
04:30,181,com.blackdust.redblue,"냥찍 히어로즈 : 방치형 RPG"
04:30,182,com.pearlabyss.blackdesertm,"검은사막 모바일"
04:30,183,com.YoStarKR.MahjongSoul,"작혼: 리치 마작"
04:30,184,com.linegames.gm,"창세기전 모바일 - 서풍의 광시곡"
04:30,185,com.gamespark.topking.gp,"탑 로드"
04:30,186,com.netmarble.nanakr,"일곱 개의 대죄: GRAND CROSS"
04:30,187,com.netease.idv.googleplay,"Identity V -제5인격"
04:30,188,com.standegg.wulin,"잠룡 : 무협 도트 RPG"
04:30,189,com.ryonggame.soulhunteridle,"소울 헌터 키우기 : 방치형 RPG"
04:30,190,com.sundaytoz.kakao.anipang4,"애니팡4: 매치3 퍼즐 게임"
04:30,191,com.Knight.GrandQuest,"Legends Reborn: 마지막 전투"
04:30,192,kr.aos.com.aprogen.dragonrajaorigin,"드래곤 베인"
04:30,193,com.hkqs.jszx.google,"부족 또 전쟁 : 무한루프 RPG"
04:30,194,com.blizzard.diablo.immortal,"디아블로 이모탈"
04:30,195,com.blizzard.wtcg.hearthstone,"하스스톤"
04:30,196,com.kakaogames.friendsKing,"프렌즈팝콘"
04:30,197,com.netease.dfjskr,"레이싱 마스터(Racing Master)"
04:30,198,com.haoplay.game.gp.duck,"꽥꽥 구조대 - 알 폭격 디펜스"
04:30,199,com.sopt.mafia42.client,"마피아42"
04:30,200,com.Volcanus.Cheonsammu.aos,"천마지만 삼국지에서 무쌍중입니다"
06:00,1,com.netmarble.sol,"SOL: enchant"
06:00,2,com.HoYoverse.Nap,"젠레스 존 제로 - 주년 기념"
06:00,3,com.gof.global,"WOS: 화이트아웃 서바이벌"
06:00,4,com.run.tower.defense,"킹샷:Kingshot"
06:00,5,com.kurogame.wutheringwaves.global,"명조:워더링 웨이브 - 현방 지계를 향하여"
06:00,6,com.nexon.ma,"메이플 키우기"
06:00,7,com.dreamgames.royalmatch,"로얄 매치 Royal Match"
06:00,8,com.fun.lastwar.gp,"라스트 워: 서바이벌"
06:00,9,com.proximabeta.nikke,"승리의 여신: 니케"
06:00,10,com.kakaogames.odin,"오딘: 발할라 라이징"
06:00,11,com.roblox.client,"로블록스 (Roblox)"
06:00,12,com.mergegames.gossipharbor,"가십하버: 합성 & 스토리 게임"
06:00,13,com.ncsoft.lineagem19,"리니지M"
06:00,14,com.HoYoverse.hkrpgoversea,"붕괴: 스타레일"
06:00,15,com.percent.aos.luckydefense,"운빨존많겜"
06:00,16,game.qualiarts.hololive.dreams.com,"hololive Dreams"
06:00,17,com.rxjhglkr.gp,"열혈강호: 넥스트"
06:00,18,com.nianticlabs.pokemongo,"Pokémon GO"
06:00,19,com.nexon.fmk,"FC 모바일"
06:00,20,com.readygo.barrel.gp,"라스트 Z: 서바이벌 슈터"
06:00,21,com.gamedots.seasideescape,"씨사이드 익스케이프: 합성 & 스토리 게임"
06:00,22,com.netmarble.thered,"뱀피르"
06:00,23,com.fatmerge.global,"테이스티 트레블: 합성 게임"
06:00,24,com.playrix.gardenscapes,"꿈의 정원 (Gardenscapes)"
06:00,25,com.phs.global,"라스트 어사일럼: 페스트"
06:00,26,com.nhnent.Qpoker,"한게임 포커"
06:00,27,com.nexon.devcat.mm,"마비노기 모바일"
06:00,28,jp.co.ponos.battlecatskr,"냥코 대전쟁"
06:00,29,com.dreamgames.royalkingdom,"로얄 킹덤 (Royal Kingdom)"
06:00,30,com.nhnent.pokerclassic,"한게임포커 클래식 : 7포커 홀덤 섯다 훌라 슬롯"
06:00,31,com.bhk.newslgkr,"삼국지: 천하결전"
06:00,32,jp.konami.pesam,"eFootball™"
06:00,33,com.com2us.futurecpb.android.google.global.normal,"컴투스프로야구V26"
06:00,34,com.nexon.nsc.maplem,"메이플스토리M"
06:00,35,com.ncsoft.lineagew,"리니지W"
06:00,36,com.xd.xdtglobal.gp,"두근두근타운"
06:00,37,com.YoStarKR.Arknights,"명일방주"
06:00,38,com.ncsoft.aion2,"AION2"
06:00,39,com.percent.aos.cooptd,"협타디: 협동 타워 디펜스"
06:00,40,com.webzen.mumonarch2.google,"뮤 모나크2"
06:00,41,com.hottagames.nte,"이환"
06:00,42,com.jsjskr.google,"토이 삼국"
06:00,43,com.king.candycrushsaga,"캔디크러쉬사가 (Candy Crush Saga)"
06:00,44,com.netmarble.tskgb,"세븐나이츠 리버스"
06:00,45,com.supercell.brawlstars,"브롤스타즈"
06:00,46,com.kr.firegp,"I9: 인페르노 나인"
06:00,47,com.cola.game,"핫레스토랑: 머지&쿠킹"
06:00,48,com.cedargames.mysterytown,"미스터리 타운: 합성 게임 (Mystery Town)"
06:00,49,com.webzen.muangel.google,"뮤 모나크"
06:00,50,com.nexon.fo4m,"EA SPORTS FC Online M"
06:00,51,com.playrix.homescapes,"꿈의 집 (Homescapes)"
06:00,52,com.ncsoft.lineage2m19,"리니지2M"
06:00,53,com.gravity.romkrzeny.aos,"라그나로크M: Classic"
06:00,54,com.NHNEnt.MSudda,"한게임 섯다&맞고"
06:00,55,net.kernys.aooni,"좀비고등학교"
06:00,56,com.playrix.township,"꿈의 마을 (Township)"
06:00,57,com.netmarble.monster2,"몬길: STAR DIVE"
06:00,58,com.pubg.krmobile,"배틀그라운드"
06:00,59,com.dlw.kr.google,"시티 데몬헌터즈: 각성자들"
06:00,60,com.neowiz.games.poker,"피망 포커 : 카지노 로얄 - 홀덤, 7포커, 바둑이"
06:00,61,com.epidgames.trickcalrevive,"트릭컬 리바이브"
06:00,62,com.readygo.dark.gp,"Dark War Survival"
06:00,63,com.nexon.he,"히간: 이루실"
06:00,64,com.hollywood.merge,"할리우드 머지"
06:00,65,com.devsisters.ck,"쿠키런: 킹덤"
06:00,66,com.miHoYo.GenshinImpact,"원신·공월의 노래"
06:00,67,com.superplaystudios.disneysolitairedreams,"Disney Solitaire 디즈니 솔리테어"
06:00,68,com.greenmushroom.boomblitz.gp,"탑 히어로즈"
06:00,69,com.highbrow.games.dvo,"드래곤빌리지3"
06:00,70,com.bandainamcoent.dgup_ww,"디지몬 UP"
06:00,71,com.ddup.zombiewaves.zw,"좀비 웨이브스"
06:00,72,com.com2us.smon.normal.freefull.google.kr.android.common,"서머너즈 워 X 장송의 프리렌"
06:00,73,com.devsisters.gb,"쿠키런: 오븐브레이크"
06:00,74,com.nexon.kart,"카트라이더 러쉬플러스"
06:00,75,com.NHNEnt.NDuelgo,"한게임 신맞고 : 대한민국 원조 고스톱"
06:00,76,com.gametree.lhlr.gp,"그놈은 드래곤"
06:00,77,com.dreamwalker.kr.gp,"꿈의 여행자: 별빛 여정"
06:00,78,com.netmarble.rfnext,"RF 온라인 넥스트"
06:00,79,io.randomco.travel,"Travel Town - 결합 어드벤처"
06:00,80,com.merge.cooking.theme.restaurant.food,"머지 쿠킹 테마 레스토랑"
06:00,81,com.fiveminlab.overgeared.hero.backpack.merge,"템빨용사: 픽셀 아이템 머지 RPG"
06:00,82,com.neowiz.games.newmatgo,"피망 뉴맞고: 고스톱 대표 맞고 게임"
06:00,83,com.joycity.im,"임진왜란: 조선의 반격"
06:00,84,com.dwgames.chunorpg,"추노 키우기"
06:00,85,com.mhclyxpb.gatja,"동방 찻집"
06:00,86,com.kingsgroup.sos,"S.O.S: 스테이트 오브 서바이벌"
06:00,87,com.hariwn.legendofcivilizations,"포지 마스터 (Forge Master)"
06:00,88,net.lightcon.windidle,"윈드러너 키우기"
06:00,89,com.kakaogames.aaw,"아키에이지 워 (ArcheAge WAR)"
06:00,90,com.funplus.ts.global,"타일 서바이벌"
06:00,91,com.playrix.fishdomdd.gplay,"피쉬돔 (Fishdom)"
06:00,92,com.netmarble.raven2,"레이븐2"
06:00,93,kr.haoplay.game.and.reverse,"리버스: 1999"
06:00,94,com.gear2.growslayer,"슬레이어 키우기"
06:00,95,com.ujoygp.flower,"오늘의 꽃"
06:00,96,com.com2us.probaseball3d.normal.freefull.google.global.android.common,"컴투스프로야구2026"
06:00,97,com.global.ztmslgkr,"퍼즐 오브 Z"
06:00,98,com.smilegate.chaoszero.stove.google,"카오스 제로 나이트메어"
06:00,99,com.netmarble.stonkey,"스톤에이지 키우기"
06:00,100,com.korea.hsbbkr.google,"도깨비 소녀와 함께"
06:00,101,com.haoplay.game.and.exilium,"소녀전선2: 망명"
06:00,102,com.ProjectMoon.LimbusCompany,"Limbus Company"
06:00,103,com.qjzj4399kr.google,"기적의 검"
06:00,104,com.xman.kr.gp,"X 클래시"
06:00,105,com.bandainamcoent.gget_WW,"SD건담 지 제네레이션 이터널"
06:00,106,com.billionairegames.serares,"변신 키우기"
06:00,107,com.screenshake.dominodreams,"Domino Dreams™"
06:00,108,com.netmarble.bnsmkr,"블레이드&소울 레볼루션"
06:00,109,com.kr.lfhsgp,"그레이 사가"
06:00,110,com.wemade.nightcrows,"나이트 크로우"
06:00,111,com.zzsjkr.google,"갓깨비 키우기-999뽑기 증정"
06:00,112,com.nhn.AApoker,"한게임 로얄홀덤"
06:00,113,com.riotgames.league.wildrift,"리그 오브 레전드: 와일드 리프트"
06:00,114,com.play.merge.restyle,"Merge Restyle"
06:00,115,com.camelgames.aoz,"에이지 오브 제트: 타워 디펜스"
06:00,116,com.yzlmkr.google,"우와 모험단"
06:00,117,com.xd.TLglobal,"토치라이트: 인피니트"
06:00,118,com.smilegate.lordnine.stove.google,"로드나인"
06:00,119,com.zempot.wplpoker,"WPL : 홀덤, 토너먼트, 오마하, 올인폴드, 픽앤고"
06:00,120,com.haegin.kbo,"2026 프로야구GO!"
06:00,121,com.netmarble.lineageII,"리니지2 레볼루션"
06:00,122,com.ulugame.hdqykrob.google,"아케론:종말의 서곡"
06:00,123,jp.pokemon.pokemontcgp,"포켓몬 카드 게임 Pocket"
06:00,124,net.gameduo.gv,"캣 히어로 : 방치형 RPG"
06:00,125,com.kakaogames.ares,"아레스 : 라이즈 오브 가디언즈"
06:00,126,com.galasports.totalfootball.kr,"Total Football - 2026 북중미 시즌"
06:00,127,com.superplaystudios.dicedreams,"Dice Dreams™️"
06:00,128,com.com2us.futuremlb.android.google.global.normal,"MLB 9이닝스 라이벌 26"
06:00,129,com.ryonggame.soulhunteridle,"소울 헌터 키우기 : 방치형 RPG"
06:00,130,com.ylqdhkr.gp,"엔터테인먼트 거물"
06:00,131,com.netmarble.arthdal,"아스달 연대기: 세 개의 세력"
06:00,132,com.kr.firelite,"I9: 인페르노 나인(19) - 세로형 RPG"
06:00,133,com.gear2.letsgolegends,"레츠고 레전드!"
06:00,134,net.peakgames.toonblast,"Toon Blast"
06:00,135,com.neowizgames.game.browndust2,"브라운더스트2 - 가슴 벅찬 RPG"
06:00,136,com.superpixel.undyinghero,"불사용사 키우기 : 방치형 RPG"
06:00,137,com.mojang.minecraftpe,"Minecraft: 나만의 세계를 꿈꾸고 만들어보세요"
06:00,138,com.supercell.clashofclans,"클래시 오브 클랜"
06:00,139,com.dwjp.gp,"애니멀 가든 - 진짜 꽃다발을 배달돼요!"
06:00,140,com.sundaytoz.mobile.anipang2.google.kakao.service,"애니팡2 - 3매치 퍼즐게임"
06:00,141,com.nexon.mdnf,"던전앤파이터 모바일"
06:00,142,com.hdfzxrpg.googlelb,"해적 키우기-방치형 RPG"
06:00,143,com.zlongame.kr.langrisser,"랑그릿사"
06:00,144,com.kakaogames.umamusume,"우마무스메 프리티 더비"
06:00,145,com.wemadeconnect.aos.lostdgl,"로스트 소드-1.5주년"
06:00,146,com.a3.topgirl.gplay,"Top Girl"
06:00,147,com.stove.epic7.google,"에픽세븐"
06:00,148,com.hybeim.architect,"아키텍트: 랜드 오브 엑자일"
06:00,149,com.gearpaw.defenders.td.game,"기어몬: 타워 디펜스"
06:00,150,com.games.foundation,"파운데이션: 우주 전선"
06:00,151,net.gameduo.anotherdungeon,"어나더던전"
06:00,152,com.riftsky.mhg.kr.gp,"더 코지 플로리스트"
06:00,153,com.joycastle.mergematch,"Matching Story - Puzzle Games"
06:00,154,com.merge.game.foodstars,"푸드스타: 합쳐서 요리하기"
06:00,155,com.xmh.rpg.kr.an,"스카이 어비스: 혈맹의 서약"
06:00,156,com.MelsoftGames.FamilyIslandFarm,"패밀리 아일랜드 - 농장모험게임"
06:00,157,com.mxdzzkr.google,"버섯커 키우기-3000뽑기 증정"
06:00,158,com.xone.gpkr,"ASURA: 블러드 앤 소울"
06:00,159,com.smallgiantgames.empires,"엠파이어 & 퍼즐 (Empires & Puzzles)"
06:00,160,com.sopt.mafia42.client,"마피아42"
06:00,161,com.gryphline.endfield.gp,"명일방주: 엔드필드"
06:00,162,com.justgame.jails,"랜드 오브 제일"
06:00,163,com.sundaytoz.kakao.anipang3.service,"애니팡3 - 매치 3 퍼즐"
06:00,164,com.gravity.rooc.android,"라그나로크 오리진 클래식"
06:00,165,defense.roguelike.cell.shoot.survivor,"세포 특공대"
06:00,166,com.wireless.defenseland,"레이드 러시: 타워 디펜스"
06:00,167,com.pocketchamps.game,"포켓 챔프: 3D 레이싱 게임"
06:00,168,com.lilithgames.rok.gpkr,"라이즈 오브 킹덤즈"
06:00,169,com.mymskr.gp,"호드 워:어벤저의 소환"
06:00,170,com.igg.android.doomsdaylastsurvivors,"둠스데이 × 페어리테일"
06:00,171,com.cyberjoy.galaxydefense,"갤럭시 디펜스 (Galaxy Defense)"
06:00,172,com.moonactive.cmboard,"Coin Master: 보드 어드벤처"
06:00,173,com.plarium.raidlegends,"레이드: 그림자의 전설"
06:00,174,com.nns.genesis,"창세기전 키우기"
06:00,175,com.netmarble.ma9bkr,"마구마구 2026: 풀체인지"
06:00,176,com.ea.huntingsniper,"헌팅 스나이퍼"
06:00,177,apli879756.vmz,"괴수: 진화 연대기"
06:00,178,com.game.btjkr.and,"영혼 인도자：신의 이름으로"
06:00,179,com.fatr.global,"호텔 레거시: 합성&리모델링"
06:00,180,com.blackdust.redblue,"냥찍 히어로즈 : 방치형 RPG"
06:00,181,com.pearlabyss.blackdesertm,"검은사막 모바일"
06:00,182,com.netmarble.fgok,"페이트/그랜드 오더"
06:00,183,com.gamespark.topking.gp,"탑 로드"
06:00,184,com.devsisters.CookieRunForKakao,"쿠키런"
06:00,185,com.linegames.gm,"창세기전 모바일 - 서풍의 광시곡"
06:00,186,com.netease.idv.googleplay,"Identity V -제5인격"
06:00,187,com.standegg.wulin,"잠룡 : 무협 도트 RPG"
06:00,188,com.Knight.GrandQuest,"Legends Reborn: 마지막 전투"
06:00,189,kr.aos.com.aprogen.dragonrajaorigin,"드래곤 베인"
06:00,190,com.hkqs.jszx.google,"부족 또 전쟁 : 무한루프 RPG"
06:00,191,com.blizzard.diablo.immortal,"디아블로 이모탈"
06:00,192,com.kakaogames.friendsKing,"프렌즈팝콘"
06:00,193,com.netease.dfjskr,"레이싱 마스터(Racing Master)"
06:00,194,com.haoplay.game.gp.duck,"꽥꽥 구조대 - 알 폭격 디펜스"
06:00,195,com.Volcanus.Cheonsammu.aos,"천마지만 삼국지에서 무쌍중입니다"
06:00,196,com.sundaytoz.kakao.anipang4,"애니팡4: 매치3 퍼즐 게임"
06:00,197,com.happyelements.es2.kr.gp,"앙상블스타즈"
06:00,198,com.joycity.gw,"건쉽배틀 토탈워페어"
06:00,199,com.epicoro.castleclashers,"Castle Busters"
06:00,200,com.xq.archeroii,"궁수의 전설2"
07:30,1,com.netmarble.sol,"SOL: enchant"
07:30,2,com.HoYoverse.Nap,"젠레스 존 제로 - 주년 기념"
07:30,3,com.gof.global,"WOS: 화이트아웃 서바이벌"
07:30,4,com.run.tower.defense,"킹샷:Kingshot"
07:30,5,com.kurogame.wutheringwaves.global,"명조:워더링 웨이브 - 현방 지계를 향하여"
07:30,6,com.nexon.ma,"메이플 키우기"
07:30,7,com.dreamgames.royalmatch,"로얄 매치 Royal Match"
07:30,8,com.fun.lastwar.gp,"라스트 워: 서바이벌"
07:30,9,com.kakaogames.odin,"오딘: 발할라 라이징"
07:30,10,com.roblox.client,"로블록스 (Roblox)"
07:30,11,com.mergegames.gossipharbor,"가십하버: 합성 & 스토리 게임"
07:30,12,com.ncsoft.lineagem19,"리니지M"
07:30,13,com.proximabeta.nikke,"승리의 여신: 니케"
07:30,14,com.HoYoverse.hkrpgoversea,"붕괴: 스타레일"
07:30,15,com.percent.aos.luckydefense,"운빨존많겜"
07:30,16,game.qualiarts.hololive.dreams.com,"hololive Dreams"
07:30,17,com.rxjhglkr.gp,"열혈강호: 넥스트"
07:30,18,com.nianticlabs.pokemongo,"Pokémon GO"
07:30,19,com.nexon.fmk,"FC 모바일"
07:30,20,com.readygo.barrel.gp,"라스트 Z: 서바이벌 슈터"
07:30,21,com.gamedots.seasideescape,"씨사이드 익스케이프: 합성 & 스토리 게임"
07:30,22,com.fatmerge.global,"테이스티 트레블: 합성 게임"
07:30,23,com.playrix.gardenscapes,"꿈의 정원 (Gardenscapes)"
07:30,24,com.netmarble.thered,"뱀피르"
07:30,25,com.nhnent.Qpoker,"한게임 포커"
07:30,26,com.phs.global,"라스트 어사일럼: 페스트"
07:30,27,jp.co.ponos.battlecatskr,"냥코 대전쟁"
07:30,28,com.nexon.devcat.mm,"마비노기 모바일"
07:30,29,com.dreamgames.royalkingdom,"로얄 킹덤 (Royal Kingdom)"
07:30,30,com.bhk.newslgkr,"삼국지: 천하결전"
07:30,31,jp.konami.pesam,"eFootball™"
07:30,32,com.nhnent.pokerclassic,"한게임포커 클래식 : 7포커 홀덤 섯다 훌라 슬롯"
07:30,33,com.nexon.nsc.maplem,"메이플스토리M"
07:30,34,com.xd.xdtglobal.gp,"두근두근타운"
07:30,35,com.com2us.futurecpb.android.google.global.normal,"컴투스프로야구V26"
07:30,36,com.ncsoft.lineagew,"리니지W"
07:30,37,com.YoStarKR.Arknights,"명일방주"
07:30,38,com.ncsoft.aion2,"AION2"
07:30,39,com.percent.aos.cooptd,"협타디: 협동 타워 디펜스"
07:30,40,com.hottagames.nte,"이환"
07:30,41,com.king.candycrushsaga,"캔디크러쉬사가 (Candy Crush Saga)"
07:30,42,com.netmarble.tskgb,"세븐나이츠 리버스"
07:30,43,com.supercell.brawlstars,"브롤스타즈"
07:30,44,com.webzen.mumonarch2.google,"뮤 모나크2"
07:30,45,com.jsjskr.google,"토이 삼국"
07:30,46,com.cola.game,"핫레스토랑: 머지&쿠킹"
07:30,47,com.cedargames.mysterytown,"미스터리 타운: 합성 게임 (Mystery Town)"
07:30,48,com.kr.firegp,"I9: 인페르노 나인"
07:30,49,com.nexon.fo4m,"EA SPORTS FC Online M"
07:30,50,com.ncsoft.lineage2m19,"리니지2M"
07:30,51,com.playrix.homescapes,"꿈의 집 (Homescapes)"
07:30,52,com.gravity.romkrzeny.aos,"라그나로크M: Classic"
07:30,53,com.playrix.township,"꿈의 마을 (Township)"
07:30,54,com.netmarble.monster2,"몬길: STAR DIVE"
07:30,55,com.pubg.krmobile,"배틀그라운드"
07:30,56,com.NHNEnt.MSudda,"한게임 섯다&맞고"
07:30,57,com.webzen.muangel.google,"뮤 모나크"
07:30,58,com.devsisters.ck,"쿠키런: 킹덤"
07:30,59,com.epidgames.trickcalrevive,"트릭컬 리바이브"
07:30,60,com.readygo.dark.gp,"Dark War Survival"
07:30,61,com.nexon.he,"히간: 이루실"
07:30,62,com.neowiz.games.poker,"피망 포커 : 카지노 로얄 - 홀덤, 7포커, 바둑이"
07:30,63,com.dlw.kr.google,"시티 데몬헌터즈: 각성자들"
07:30,64,com.hollywood.merge,"할리우드 머지"
07:30,65,com.neowizgames.game.browndust2,"브라운더스트2 - 가슴 벅찬 RPG"
07:30,66,com.superplaystudios.disneysolitairedreams,"Disney Solitaire 디즈니 솔리테어"
07:30,67,com.greenmushroom.boomblitz.gp,"탑 히어로즈"
07:30,68,com.highbrow.games.dvo,"드래곤빌리지3"
07:30,69,com.devsisters.gb,"쿠키런: 오븐브레이크"
07:30,70,com.miHoYo.GenshinImpact,"원신·공월의 노래"
07:30,71,com.com2us.smon.normal.freefull.google.kr.android.common,"서머너즈 워 X 장송의 프리렌"
07:30,72,com.nexon.kart,"카트라이더 러쉬플러스"
07:30,73,com.NHNEnt.NDuelgo,"한게임 신맞고 : 대한민국 원조 고스톱"
07:30,74,com.gametree.lhlr.gp,"그놈은 드래곤"
07:30,75,net.kernys.aooni,"좀비고등학교"
07:30,76,com.bandainamcoent.dgup_ww,"디지몬 UP"
07:30,77,io.randomco.travel,"Travel Town - 결합 어드벤처"
07:30,78,com.merge.cooking.theme.restaurant.food,"머지 쿠킹 테마 레스토랑"
07:30,79,com.dreamwalker.kr.gp,"꿈의 여행자: 별빛 여정"
07:30,80,com.ddup.zombiewaves.zw,"좀비 웨이브스"
07:30,81,com.neowiz.games.newmatgo,"피망 뉴맞고: 고스톱 대표 맞고 게임"
07:30,82,com.netmarble.rfnext,"RF 온라인 넥스트"
07:30,83,com.joycity.im,"임진왜란: 조선의 반격"
07:30,84,com.fiveminlab.overgeared.hero.backpack.merge,"템빨용사: 픽셀 아이템 머지 RPG"
07:30,85,net.lightcon.windidle,"윈드러너 키우기"
07:30,86,com.hariwn.legendofcivilizations,"포지 마스터 (Forge Master)"
07:30,87,com.mhclyxpb.gatja,"동방 찻집"
07:30,88,com.kakaogames.aaw,"아키에이지 워 (ArcheAge WAR)"
07:30,89,com.playrix.fishdomdd.gplay,"피쉬돔 (Fishdom)"
07:30,90,kr.haoplay.game.and.reverse,"리버스: 1999"
07:30,91,com.gear2.growslayer,"슬레이어 키우기"
07:30,92,com.ujoygp.flower,"오늘의 꽃"
07:30,93,com.funplus.ts.global,"타일 서바이벌"
07:30,94,com.netmarble.raven2,"레이븐2"
07:30,95,com.smilegate.chaoszero.stove.google,"카오스 제로 나이트메어"
07:30,96,com.netmarble.stonkey,"스톤에이지 키우기"
07:30,97,com.haoplay.game.and.exilium,"소녀전선2: 망명"
07:30,98,com.ProjectMoon.LimbusCompany,"Limbus Company"
07:30,99,com.global.ztmslgkr,"퍼즐 오브 Z"
07:30,100,com.kingsgroup.sos,"S.O.S: 스테이트 오브 서바이벌"
07:30,101,com.bandainamcoent.gget_WW,"SD건담 지 제네레이션 이터널"
07:30,102,com.xman.kr.gp,"X 클래시"
07:30,103,com.billionairegames.serares,"변신 키우기"
07:30,104,com.screenshake.dominodreams,"Domino Dreams™"
07:30,105,com.netmarble.bnsmkr,"블레이드&소울 레볼루션"
07:30,106,com.kr.lfhsgp,"그레이 사가"
07:30,107,com.com2us.probaseball3d.normal.freefull.google.global.android.common,"컴투스프로야구2026"
07:30,108,com.korea.hsbbkr.google,"도깨비 소녀와 함께"
07:30,109,com.qjzj4399kr.google,"기적의 검"
07:30,110,com.wemade.nightcrows,"나이트 크로우"
07:30,111,com.zzsjkr.google,"갓깨비 키우기-999뽑기 증정"
07:30,112,com.riotgames.league.wildrift,"리그 오브 레전드: 와일드 리프트"
07:30,113,com.play.merge.restyle,"Merge Restyle"
07:30,114,com.nhn.AApoker,"한게임 로얄홀덤"
07:30,115,com.xd.TLglobal,"토치라이트: 인피니트"
07:30,116,com.dwgames.chunorpg,"추노 키우기"
07:30,117,com.haegin.kbo,"2026 프로야구GO!"
07:30,118,com.netmarble.lineageII,"리니지2 레볼루션"
07:30,119,com.gear2.letsgolegends,"레츠고 레전드!"
07:30,120,jp.pokemon.pokemontcgp,"포켓몬 카드 게임 Pocket"
07:30,121,net.gameduo.gv,"캣 히어로 : 방치형 RPG"
07:30,122,com.camelgames.aoz,"에이지 오브 제트: 타워 디펜스"
07:30,123,com.yzlmkr.google,"우와 모험단"
07:30,124,com.zempot.wplpoker,"WPL : 홀덤, 토너먼트, 오마하, 올인폴드, 픽앤고"
07:30,125,com.superplaystudios.dicedreams,"Dice Dreams™️"
07:30,126,com.ryonggame.soulhunteridle,"소울 헌터 키우기 : 방치형 RPG"
07:30,127,com.smilegate.lordnine.stove.google,"로드나인"
07:30,128,com.galasports.totalfootball.kr,"Total Football - 2026 북중미 시즌"
07:30,129,com.ulugame.hdqykrob.google,"아케론:종말의 서곡"
07:30,130,com.kr.firelite,"I9: 인페르노 나인(19) - 세로형 RPG"
07:30,131,com.superpixel.undyinghero,"불사용사 키우기 : 방치형 RPG"
07:30,132,com.netmarble.arthdal,"아스달 연대기: 세 개의 세력"
07:30,133,com.zlongame.kr.langrisser,"랑그릿사"
07:30,134,net.peakgames.toonblast,"Toon Blast"
07:30,135,com.mojang.minecraftpe,"Minecraft: 나만의 세계를 꿈꾸고 만들어보세요"
07:30,136,com.ylqdhkr.gp,"엔터테인먼트 거물"
07:30,137,com.supercell.clashofclans,"클래시 오브 클랜"
07:30,138,com.sundaytoz.mobile.anipang2.google.kakao.service,"애니팡2 - 3매치 퍼즐게임"
07:30,139,com.hdfzxrpg.googlelb,"해적 키우기-방치형 RPG"
07:30,140,com.kakaogames.umamusume,"우마무스메 프리티 더비"
07:30,141,com.com2us.futuremlb.android.google.global.normal,"MLB 9이닝스 라이벌 26"
07:30,142,com.wemadeconnect.aos.lostdgl,"로스트 소드-1.5주년"
07:30,143,com.hybeim.architect,"아키텍트: 랜드 오브 엑자일"
07:30,144,com.kakaogames.ares,"아레스 : 라이즈 오브 가디언즈"
07:30,145,com.gearpaw.defenders.td.game,"기어몬: 타워 디펜스"
07:30,146,com.games.foundation,"파운데이션: 우주 전선"
07:30,147,com.a3.topgirl.gplay,"Top Girl"
07:30,148,net.gameduo.anotherdungeon,"어나더던전"
07:30,149,com.gravity.rooc.android,"라그나로크 오리진 클래식"
07:30,150,com.merge.game.foodstars,"푸드스타: 합쳐서 요리하기"
07:30,151,com.MelsoftGames.FamilyIslandFarm,"패밀리 아일랜드 - 농장모험게임"
07:30,152,com.nexon.mdnf,"던전앤파이터 모바일"
07:30,153,com.dwjp.gp,"애니멀 가든 - 진짜 꽃다발을 배달돼요!"
07:30,154,com.joycastle.mergematch,"Matching Story - Puzzle Games"
07:30,155,com.smallgiantgames.empires,"엠파이어 & 퍼즐 (Empires & Puzzles)"
07:30,156,com.sopt.mafia42.client,"마피아42"
07:30,157,com.gryphline.endfield.gp,"명일방주: 엔드필드"
07:30,158,com.justgame.jails,"랜드 오브 제일"
07:30,159,com.stove.epic7.google,"에픽세븐"
07:30,160,com.xmh.rpg.kr.an,"스카이 어비스: 혈맹의 서약"
07:30,161,com.xone.gpkr,"ASURA: 블러드 앤 소울"
07:30,162,com.riftsky.mhg.kr.gp,"더 코지 플로리스트"
07:30,163,defense.roguelike.cell.shoot.survivor,"세포 특공대"
07:30,164,com.wireless.defenseland,"레이드 러시: 타워 디펜스"
07:30,165,com.pocketchamps.game,"포켓 챔프: 3D 레이싱 게임"
07:30,166,com.sundaytoz.kakao.anipang3.service,"애니팡3 - 매치 3 퍼즐"
07:30,167,com.igg.android.doomsdaylastsurvivors,"둠스데이 × 페어리테일"
07:30,168,com.cyberjoy.galaxydefense,"갤럭시 디펜스 (Galaxy Defense)"
07:30,169,com.moonactive.cmboard,"Coin Master: 보드 어드벤처"
07:30,170,com.plarium.raidlegends,"레이드: 그림자의 전설"
07:30,171,com.nns.genesis,"창세기전 키우기"
07:30,172,com.netmarble.ma9bkr,"마구마구 2026: 풀체인지"
07:30,173,com.mxdzzkr.google,"버섯커 키우기-3000뽑기 증정"
07:30,174,com.ea.huntingsniper,"헌팅 스나이퍼"
07:30,175,com.fatr.global,"호텔 레거시: 합성&리모델링"
07:30,176,com.blackdust.redblue,"냥찍 히어로즈 : 방치형 RPG"
07:30,177,com.blizzard.diablo.immortal,"디아블로 이모탈"
07:30,178,com.netmarble.fgok,"페이트/그랜드 오더"
07:30,179,com.game.btjkr.and,"영혼 인도자：신의 이름으로"
07:30,180,com.gamespark.topking.gp,"탑 로드"
07:30,181,com.devsisters.CookieRunForKakao,"쿠키런"
07:30,182,com.mymskr.gp,"호드 워:어벤저의 소환"
07:30,183,apli879756.vmz,"괴수: 진화 연대기"
07:30,184,com.linegames.gm,"창세기전 모바일 - 서풍의 광시곡"
07:30,185,com.lilithgames.rok.gpkr,"라이즈 오브 킹덤즈"
07:30,186,com.haoplay.game.gp.duck,"꽥꽥 구조대 - 알 폭격 디펜스"
07:30,187,com.pearlabyss.blackdesertm,"검은사막 모바일"
07:30,188,com.kakaogames.friendsKing,"프렌즈팝콘"
07:30,189,com.standegg.wulin,"잠룡 : 무협 도트 RPG"
07:30,190,com.sundaytoz.kakao.anipang4,"애니팡4: 매치3 퍼즐 게임"
07:30,191,com.Knight.GrandQuest,"Legends Reborn: 마지막 전투"
07:30,192,com.joycity.gw,"건쉽배틀 토탈워페어"
07:30,193,com.epicoro.castleclashers,"Castle Busters"
07:30,194,com.blizzard.wtcg.hearthstone,"하스스톤"
07:30,195,com.supercell.clashroyale,"클래시 로얄 (Clash Royale)"
07:30,196,com.sundaytoz.kakao.wbb,"위 베어 베어스 더 퍼즐 : 퍼즐게임"
07:30,197,com.YoStarKR.MahjongSoul,"작혼: 리치 마작"
07:30,198,com.happyelements.es2.kr.gp,"앙상블스타즈"
07:30,199,com.netease.idv.googleplay,"Identity V -제5인격"
07:30,200,com.hkqs.jszx.google,"부족 또 전쟁 : 무한루프 RPG"
08:30,1,com.netmarble.sol,"SOL: enchant"
08:30,2,com.HoYoverse.Nap,"젠레스 존 제로 - 주년 기념"
08:30,3,com.gof.global,"WOS: 화이트아웃 서바이벌"
08:30,4,com.run.tower.defense,"킹샷:Kingshot"
08:30,5,com.kurogame.wutheringwaves.global,"명조:워더링 웨이브 - 현방 지계를 향하여"
08:30,6,com.nexon.ma,"메이플 키우기"
08:30,7,com.dreamgames.royalmatch,"로얄 매치 Royal Match"
08:30,8,com.fun.lastwar.gp,"라스트 워: 서바이벌"
08:30,9,com.roblox.client,"로블록스 (Roblox)"
08:30,10,com.kakaogames.odin,"오딘: 발할라 라이징"
08:30,11,com.mergegames.gossipharbor,"가십하버: 합성 & 스토리 게임"
08:30,12,com.ncsoft.lineagem19,"리니지M"
08:30,13,com.proximabeta.nikke,"승리의 여신: 니케"
08:30,14,com.HoYoverse.hkrpgoversea,"붕괴: 스타레일"
08:30,15,com.percent.aos.luckydefense,"운빨존많겜"
08:30,16,game.qualiarts.hololive.dreams.com,"hololive Dreams"
08:30,17,com.rxjhglkr.gp,"열혈강호: 넥스트"
08:30,18,com.nianticlabs.pokemongo,"Pokémon GO"
08:30,19,com.readygo.barrel.gp,"라스트 Z: 서바이벌 슈터"
08:30,20,com.nexon.fmk,"FC 모바일"
08:30,21,com.gamedots.seasideescape,"씨사이드 익스케이프: 합성 & 스토리 게임"
08:30,22,com.fatmerge.global,"테이스티 트레블: 합성 게임"
08:30,23,com.playrix.gardenscapes,"꿈의 정원 (Gardenscapes)"
08:30,24,com.netmarble.thered,"뱀피르"
08:30,25,com.nhnent.Qpoker,"한게임 포커"
08:30,26,com.phs.global,"라스트 어사일럼: 페스트"
08:30,27,jp.co.ponos.battlecatskr,"냥코 대전쟁"
08:30,28,com.nexon.devcat.mm,"마비노기 모바일"
08:30,29,com.dreamgames.royalkingdom,"로얄 킹덤 (Royal Kingdom)"
08:30,30,com.bhk.newslgkr,"삼국지: 천하결전"
08:30,31,jp.konami.pesam,"eFootball™"
08:30,32,com.nhnent.pokerclassic,"한게임포커 클래식 : 7포커 홀덤 섯다 훌라 슬롯"
08:30,33,com.nexon.nsc.maplem,"메이플스토리M"
08:30,34,com.xd.xdtglobal.gp,"두근두근타운"
08:30,35,com.com2us.futurecpb.android.google.global.normal,"컴투스프로야구V26"
08:30,36,com.ncsoft.lineagew,"리니지W"
08:30,37,com.YoStarKR.Arknights,"명일방주"
08:30,38,com.ncsoft.aion2,"AION2"
08:30,39,com.percent.aos.cooptd,"협타디: 협동 타워 디펜스"
08:30,40,com.hottagames.nte,"이환"
08:30,41,com.king.candycrushsaga,"캔디크러쉬사가 (Candy Crush Saga)"
08:30,42,com.netmarble.tskgb,"세븐나이츠 리버스"
08:30,43,com.supercell.brawlstars,"브롤스타즈"
08:30,44,com.webzen.mumonarch2.google,"뮤 모나크2"
08:30,45,com.jsjskr.google,"토이 삼국"
08:30,46,com.cola.game,"핫레스토랑: 머지&쿠킹"
08:30,47,com.cedargames.mysterytown,"미스터리 타운: 합성 게임 (Mystery Town)"
08:30,48,com.kr.firegp,"I9: 인페르노 나인"
08:30,49,com.nexon.fo4m,"EA SPORTS FC Online M"
08:30,50,com.ncsoft.lineage2m19,"리니지2M"
08:30,51,com.playrix.homescapes,"꿈의 집 (Homescapes)"
08:30,52,com.gravity.romkrzeny.aos,"라그나로크M: Classic"
08:30,53,com.playrix.township,"꿈의 마을 (Township)"
08:30,54,com.netmarble.monster2,"몬길: STAR DIVE"
08:30,55,com.pubg.krmobile,"배틀그라운드"
08:30,56,com.NHNEnt.MSudda,"한게임 섯다&맞고"
08:30,57,com.webzen.muangel.google,"뮤 모나크"
08:30,58,com.devsisters.ck,"쿠키런: 킹덤"
08:30,59,com.epidgames.trickcalrevive,"트릭컬 리바이브"
08:30,60,com.readygo.dark.gp,"Dark War Survival"
08:30,61,com.neowiz.games.poker,"피망 포커 : 카지노 로얄 - 홀덤, 7포커, 바둑이"
08:30,62,com.dlw.kr.google,"시티 데몬헌터즈: 각성자들"
08:30,63,com.hollywood.merge,"할리우드 머지"
08:30,64,com.nexon.he,"히간: 이루실"
08:30,65,com.neowizgames.game.browndust2,"브라운더스트2 - 가슴 벅찬 RPG"
08:30,66,com.superplaystudios.disneysolitairedreams,"Disney Solitaire 디즈니 솔리테어"
08:30,67,com.greenmushroom.boomblitz.gp,"탑 히어로즈"
08:30,68,com.highbrow.games.dvo,"드래곤빌리지3"
08:30,69,com.devsisters.gb,"쿠키런: 오븐브레이크"
08:30,70,com.miHoYo.GenshinImpact,"원신·공월의 노래"
08:30,71,com.com2us.smon.normal.freefull.google.kr.android.common,"서머너즈 워 X 장송의 프리렌"
08:30,72,com.nexon.kart,"카트라이더 러쉬플러스"
08:30,73,com.gametree.lhlr.gp,"그놈은 드래곤"
08:30,74,com.NHNEnt.NDuelgo,"한게임 신맞고 : 대한민국 원조 고스톱"
08:30,75,net.kernys.aooni,"좀비고등학교"
08:30,76,com.bandainamcoent.dgup_ww,"디지몬 UP"
08:30,77,io.randomco.travel,"Travel Town - 결합 어드벤처"
08:30,78,com.merge.cooking.theme.restaurant.food,"머지 쿠킹 테마 레스토랑"
08:30,79,com.dreamwalker.kr.gp,"꿈의 여행자: 별빛 여정"
08:30,80,com.ddup.zombiewaves.zw,"좀비 웨이브스"
08:30,81,com.neowiz.games.newmatgo,"피망 뉴맞고: 고스톱 대표 맞고 게임"
08:30,82,com.netmarble.rfnext,"RF 온라인 넥스트"
08:30,83,com.joycity.im,"임진왜란: 조선의 반격"
08:30,84,com.fiveminlab.overgeared.hero.backpack.merge,"템빨용사: 픽셀 아이템 머지 RPG"
08:30,85,net.lightcon.windidle,"윈드러너 키우기"
08:30,86,com.hariwn.legendofcivilizations,"포지 마스터 (Forge Master)"
08:30,87,com.mhclyxpb.gatja,"동방 찻집"
08:30,88,com.kakaogames.aaw,"아키에이지 워 (ArcheAge WAR)"
08:30,89,com.playrix.fishdomdd.gplay,"피쉬돔 (Fishdom)"
08:30,90,kr.haoplay.game.and.reverse,"리버스: 1999"
08:30,91,com.gear2.growslayer,"슬레이어 키우기"
08:30,92,com.ujoygp.flower,"오늘의 꽃"
08:30,93,com.funplus.ts.global,"타일 서바이벌"
08:30,94,com.netmarble.raven2,"레이븐2"
08:30,95,com.smilegate.chaoszero.stove.google,"카오스 제로 나이트메어"
08:30,96,com.kakaogames.umamusume,"우마무스메 프리티 더비"
08:30,97,com.netmarble.stonkey,"스톤에이지 키우기"
08:30,98,com.haoplay.game.and.exilium,"소녀전선2: 망명"
08:30,99,com.ProjectMoon.LimbusCompany,"Limbus Company"
08:30,100,com.global.ztmslgkr,"퍼즐 오브 Z"
08:30,101,com.kingsgroup.sos,"S.O.S: 스테이트 오브 서바이벌"
08:30,102,com.bandainamcoent.gget_WW,"SD건담 지 제네레이션 이터널"
08:30,103,com.xman.kr.gp,"X 클래시"
08:30,104,com.billionairegames.serares,"변신 키우기"
08:30,105,com.screenshake.dominodreams,"Domino Dreams™"
08:30,106,com.netmarble.bnsmkr,"블레이드&소울 레볼루션"
08:30,107,com.kr.lfhsgp,"그레이 사가"
08:30,108,com.com2us.probaseball3d.normal.freefull.google.global.android.common,"컴투스프로야구2026"
08:30,109,com.korea.hsbbkr.google,"도깨비 소녀와 함께"
08:30,110,com.qjzj4399kr.google,"기적의 검"
08:30,111,com.wemade.nightcrows,"나이트 크로우"
08:30,112,com.zzsjkr.google,"갓깨비 키우기-999뽑기 증정"
08:30,113,com.riotgames.league.wildrift,"리그 오브 레전드: 와일드 리프트"
08:30,114,com.play.merge.restyle,"Merge Restyle"
08:30,115,com.nhn.AApoker,"한게임 로얄홀덤"
08:30,116,com.dwgames.chunorpg,"추노 키우기"
08:30,117,com.haegin.kbo,"2026 프로야구GO!"
08:30,118,net.gameduo.gv,"캣 히어로 : 방치형 RPG"
08:30,119,com.gear2.letsgolegends,"레츠고 레전드!"
08:30,120,jp.pokemon.pokemontcgp,"포켓몬 카드 게임 Pocket"
08:30,121,com.camelgames.aoz,"에이지 오브 제트: 타워 디펜스"
08:30,122,com.yzlmkr.google,"우와 모험단"
08:30,123,com.zempot.wplpoker,"WPL : 홀덤, 토너먼트, 오마하, 올인폴드, 픽앤고"
08:30,124,com.superplaystudios.dicedreams,"Dice Dreams™️"
08:30,125,com.ryonggame.soulhunteridle,"소울 헌터 키우기 : 방치형 RPG"
08:30,126,com.smilegate.lordnine.stove.google,"로드나인"
08:30,127,com.galasports.totalfootball.kr,"Total Football - 2026 북중미 시즌"
08:30,128,com.ulugame.hdqykrob.google,"아케론:종말의 서곡"
08:30,129,com.kr.firelite,"I9: 인페르노 나인(19) - 세로형 RPG"
08:30,130,com.superpixel.undyinghero,"불사용사 키우기 : 방치형 RPG"
08:30,131,com.netmarble.arthdal,"아스달 연대기: 세 개의 세력"
08:30,132,com.zlongame.kr.langrisser,"랑그릿사"
08:30,133,net.peakgames.toonblast,"Toon Blast"
08:30,134,com.mojang.minecraftpe,"Minecraft: 나만의 세계를 꿈꾸고 만들어보세요"
08:30,135,com.ylqdhkr.gp,"엔터테인먼트 거물"
08:30,136,com.supercell.clashofclans,"클래시 오브 클랜"
08:30,137,com.sundaytoz.mobile.anipang2.google.kakao.service,"애니팡2 - 3매치 퍼즐게임"
08:30,138,com.hdfzxrpg.googlelb,"해적 키우기-방치형 RPG"
08:30,139,com.netmarble.lineageII,"리니지2 레볼루션"
08:30,140,com.com2us.futuremlb.android.google.global.normal,"MLB 9이닝스 라이벌 26"
08:30,141,com.hybeim.architect,"아키텍트: 랜드 오브 엑자일"
08:30,142,com.kakaogames.ares,"아레스 : 라이즈 오브 가디언즈"
08:30,143,com.gearpaw.defenders.td.game,"기어몬: 타워 디펜스"
08:30,144,com.games.foundation,"파운데이션: 우주 전선"
08:30,145,com.a3.topgirl.gplay,"Top Girl"
08:30,146,net.gameduo.anotherdungeon,"어나더던전"
08:30,147,com.gravity.rooc.android,"라그나로크 오리진 클래식"
08:30,148,com.merge.game.foodstars,"푸드스타: 합쳐서 요리하기"
08:30,149,com.MelsoftGames.FamilyIslandFarm,"패밀리 아일랜드 - 농장모험게임"
08:30,150,com.nexon.mdnf,"던전앤파이터 모바일"
08:30,151,com.dwjp.gp,"애니멀 가든 - 진짜 꽃다발을 배달돼요!"
08:30,152,com.joycastle.mergematch,"Matching Story - Puzzle Games"
08:30,153,com.smallgiantgames.empires,"엠파이어 & 퍼즐 (Empires & Puzzles)"
08:30,154,com.sopt.mafia42.client,"마피아42"
08:30,155,com.gryphline.endfield.gp,"명일방주: 엔드필드"
08:30,156,com.justgame.jails,"랜드 오브 제일"
08:30,157,com.stove.epic7.google,"에픽세븐"
08:30,158,com.xmh.rpg.kr.an,"스카이 어비스: 혈맹의 서약"
08:30,159,com.xone.gpkr,"ASURA: 블러드 앤 소울"
08:30,160,com.riftsky.mhg.kr.gp,"더 코지 플로리스트"
08:30,161,defense.roguelike.cell.shoot.survivor,"세포 특공대"
08:30,162,com.wireless.defenseland,"레이드 러시: 타워 디펜스"
08:30,163,com.pocketchamps.game,"포켓 챔프: 3D 레이싱 게임"
08:30,164,com.sundaytoz.kakao.anipang3.service,"애니팡3 - 매치 3 퍼즐"
08:30,165,com.igg.android.doomsdaylastsurvivors,"둠스데이 × 페어리테일"
08:30,166,com.xd.TLglobal,"토치라이트: 인피니트"
08:30,167,com.cyberjoy.galaxydefense,"갤럭시 디펜스 (Galaxy Defense)"
08:30,168,com.moonactive.cmboard,"Coin Master: 보드 어드벤처"
08:30,169,com.plarium.raidlegends,"레이드: 그림자의 전설"
08:30,170,com.nns.genesis,"창세기전 키우기"
08:30,171,com.netmarble.ma9bkr,"마구마구 2026: 풀체인지"
08:30,172,com.mxdzzkr.google,"버섯커 키우기-3000뽑기 증정"
08:30,173,com.ea.huntingsniper,"헌팅 스나이퍼"
08:30,174,com.wemadeconnect.aos.lostdgl,"로스트 소드-1.5주년"
08:30,175,com.gamespark.topking.gp,"탑 로드"
08:30,176,com.fatr.global,"호텔 레거시: 합성&리모델링"
08:30,177,com.blizzard.diablo.immortal,"디아블로 이모탈"
08:30,178,com.netmarble.fgok,"페이트/그랜드 오더"
08:30,179,com.game.btjkr.and,"영혼 인도자：신의 이름으로"
08:30,180,com.devsisters.CookieRunForKakao,"쿠키런"
08:30,181,com.mymskr.gp,"호드 워:어벤저의 소환"
08:30,182,apli879756.vmz,"괴수: 진화 연대기"
08:30,183,com.linegames.gm,"창세기전 모바일 - 서풍의 광시곡"
08:30,184,com.lilithgames.rok.gpkr,"라이즈 오브 킹덤즈"
08:30,185,com.haoplay.game.gp.duck,"꽥꽥 구조대 - 알 폭격 디펜스"
08:30,186,com.pearlabyss.blackdesertm,"검은사막 모바일"
08:30,187,com.blackdust.redblue,"냥찍 히어로즈 : 방치형 RPG"
08:30,188,com.kakaogames.friendsKing,"프렌즈팝콘"
08:30,189,com.standegg.wulin,"잠룡 : 무협 도트 RPG"
08:30,190,com.sundaytoz.kakao.anipang4,"애니팡4: 매치3 퍼즐 게임"
08:30,191,com.Knight.GrandQuest,"Legends Reborn: 마지막 전투"
08:30,192,com.joycity.gw,"건쉽배틀 토탈워페어"
08:30,193,com.epicoro.castleclashers,"Castle Busters"
08:30,194,com.blizzard.wtcg.hearthstone,"하스스톤"
08:30,195,com.supercell.clashroyale,"클래시 로얄 (Clash Royale)"
08:30,196,com.sundaytoz.kakao.wbb,"위 베어 베어스 더 퍼즐 : 퍼즐게임"
08:30,197,com.YoStarKR.MahjongSoul,"작혼: 리치 마작"
08:30,198,com.happyelements.es2.kr.gp,"앙상블스타즈"
08:30,199,com.netease.idv.googleplay,"Identity V -제5인격"
08:30,200,com.hkqs.jszx.google,"부족 또 전쟁 : 무한루프 RPG"
10:00,1,com.netmarble.sol,"SOL: enchant"
10:00,2,com.HoYoverse.Nap,"젠레스 존 제로 - 주년 기념"
10:00,3,com.gof.global,"WOS: 화이트아웃 서바이벌"
10:00,4,com.run.tower.defense,"킹샷:Kingshot"
10:00,5,com.kurogame.wutheringwaves.global,"명조:워더링 웨이브 - 현방 지계를 향하여"
10:00,6,com.nexon.ma,"메이플 키우기"
10:00,7,com.dreamgames.royalmatch,"로얄 매치 Royal Match"
10:00,8,com.fun.lastwar.gp,"라스트 워: 서바이벌"
10:00,9,com.roblox.client,"로블록스 (Roblox)"
10:00,10,com.kakaogames.odin,"오딘: 발할라 라이징"
10:00,11,com.mergegames.gossipharbor,"가십하버: 합성 & 스토리 게임"
10:00,12,com.ncsoft.lineagem19,"리니지M"
10:00,13,com.proximabeta.nikke,"승리의 여신: 니케"
10:00,14,com.HoYoverse.hkrpgoversea,"붕괴: 스타레일"
10:00,15,com.percent.aos.luckydefense,"운빨존많겜"
10:00,16,com.rxjhglkr.gp,"열혈강호: 넥스트"
10:00,17,game.qualiarts.hololive.dreams.com,"hololive Dreams"
10:00,18,com.nianticlabs.pokemongo,"Pokémon GO"
10:00,19,com.readygo.barrel.gp,"라스트 Z: 서바이벌 슈터"
10:00,20,com.nexon.fmk,"FC 모바일"
10:00,21,com.gamedots.seasideescape,"씨사이드 익스케이프: 합성 & 스토리 게임"
10:00,22,com.fatmerge.global,"테이스티 트레블: 합성 게임"
10:00,23,com.playrix.gardenscapes,"꿈의 정원 (Gardenscapes)"
10:00,24,com.netmarble.thered,"뱀피르"
10:00,25,com.nhnent.Qpoker,"한게임 포커"
10:00,26,com.phs.global,"라스트 어사일럼: 페스트"
10:00,27,jp.co.ponos.battlecatskr,"냥코 대전쟁"
10:00,28,com.nexon.devcat.mm,"마비노기 모바일"
10:00,29,com.dreamgames.royalkingdom,"로얄 킹덤 (Royal Kingdom)"
10:00,30,com.bhk.newslgkr,"삼국지: 천하결전"
10:00,31,jp.konami.pesam,"eFootball™"
10:00,32,com.nhnent.pokerclassic,"한게임포커 클래식 : 7포커 홀덤 섯다 훌라 슬롯"
10:00,33,com.nexon.nsc.maplem,"메이플스토리M"
10:00,34,com.xd.xdtglobal.gp,"두근두근타운"
10:00,35,com.com2us.futurecpb.android.google.global.normal,"컴투스프로야구V26"
10:00,36,com.ncsoft.lineagew,"리니지W"
10:00,37,com.YoStarKR.Arknights,"명일방주"
10:00,38,com.ncsoft.aion2,"AION2"
10:00,39,com.percent.aos.cooptd,"협타디: 협동 타워 디펜스"
10:00,40,com.hottagames.nte,"이환"
10:00,41,com.devsisters.cc,"쿠키런 키우기 - 쿠키런: 크럼블"
10:00,42,com.king.candycrushsaga,"캔디크러쉬사가 (Candy Crush Saga)"
10:00,43,com.netmarble.tskgb,"세븐나이츠 리버스"
10:00,44,com.supercell.brawlstars,"브롤스타즈"
10:00,45,com.webzen.mumonarch2.google,"뮤 모나크2"
10:00,46,com.jsjskr.google,"토이 삼국"
10:00,47,com.kr.firegp,"I9: 인페르노 나인"
10:00,48,com.cola.game,"핫레스토랑: 머지&쿠킹"
10:00,49,com.cedargames.mysterytown,"미스터리 타운: 합성 게임 (Mystery Town)"
10:00,50,com.nexon.fo4m,"EA SPORTS FC Online M"
10:00,51,com.ncsoft.lineage2m19,"리니지2M"
10:00,52,com.playrix.homescapes,"꿈의 집 (Homescapes)"
10:00,53,com.gravity.romkrzeny.aos,"라그나로크M: Classic"
10:00,54,com.playrix.township,"꿈의 마을 (Township)"
10:00,55,com.netmarble.monster2,"몬길: STAR DIVE"
10:00,56,com.pubg.krmobile,"배틀그라운드"
10:00,57,com.NHNEnt.MSudda,"한게임 섯다&맞고"
10:00,58,com.devsisters.ck,"쿠키런: 킹덤"
10:00,59,com.webzen.muangel.google,"뮤 모나크"
10:00,60,com.readygo.dark.gp,"Dark War Survival"
10:00,61,com.epidgames.trickcalrevive,"트릭컬 리바이브"
10:00,62,com.neowiz.games.poker,"피망 포커 : 카지노 로얄 - 홀덤, 7포커, 바둑이"
10:00,63,com.dlw.kr.google,"시티 데몬헌터즈: 각성자들"
10:00,64,com.hollywood.merge,"할리우드 머지"
10:00,65,com.nexon.he,"히간: 이루실"
10:00,66,com.neowizgames.game.browndust2,"브라운더스트2 - 가슴 벅찬 RPG"
10:00,67,com.greenmushroom.boomblitz.gp,"탑 히어로즈"
10:00,68,com.superplaystudios.disneysolitairedreams,"Disney Solitaire 디즈니 솔리테어"
10:00,69,com.highbrow.games.dvo,"드래곤빌리지3"
10:00,70,com.devsisters.gb,"쿠키런: 오븐브레이크"
10:00,71,com.miHoYo.GenshinImpact,"원신·공월의 노래"
10:00,72,com.com2us.smon.normal.freefull.google.kr.android.common,"서머너즈 워 X 장송의 프리렌"
10:00,73,com.nexon.kart,"카트라이더 러쉬플러스"
10:00,74,com.gametree.lhlr.gp,"그놈은 드래곤"
10:00,75,com.NHNEnt.NDuelgo,"한게임 신맞고 : 대한민국 원조 고스톱"
10:00,76,net.kernys.aooni,"좀비고등학교"
10:00,77,com.bandainamcoent.dgup_ww,"디지몬 UP"
10:00,78,io.randomco.travel,"Travel Town - 결합 어드벤처"
10:00,79,com.merge.cooking.theme.restaurant.food,"머지 쿠킹 테마 레스토랑"
10:00,80,com.neowiz.games.newmatgo,"피망 뉴맞고: 고스톱 대표 맞고 게임"
10:00,81,com.dreamwalker.kr.gp,"꿈의 여행자: 별빛 여정"
10:00,82,com.ddup.zombiewaves.zw,"좀비 웨이브스"
10:00,83,com.netmarble.rfnext,"RF 온라인 넥스트"
10:00,84,com.joycity.im,"임진왜란: 조선의 반격"
10:00,85,com.fiveminlab.overgeared.hero.backpack.merge,"템빨용사: 픽셀 아이템 머지 RPG"
10:00,86,net.lightcon.windidle,"윈드러너 키우기"
10:00,87,com.hariwn.legendofcivilizations,"포지 마스터 (Forge Master)"
10:00,88,com.mhclyxpb.gatja,"동방 찻집"
10:00,89,com.playrix.fishdomdd.gplay,"피쉬돔 (Fishdom)"
10:00,90,com.kakaogames.aaw,"아키에이지 워 (ArcheAge WAR)"
10:00,91,com.gear2.growslayer,"슬레이어 키우기"
10:00,92,kr.haoplay.game.and.reverse,"리버스: 1999"
10:00,93,com.ujoygp.flower,"오늘의 꽃"
10:00,94,com.netmarble.raven2,"레이븐2"
10:00,95,com.smilegate.chaoszero.stove.google,"카오스 제로 나이트메어"
10:00,96,com.funplus.ts.global,"타일 서바이벌"
10:00,97,com.kakaogames.umamusume,"우마무스메 프리티 더비"
10:00,98,com.haoplay.game.and.exilium,"소녀전선2: 망명"
10:00,99,com.netmarble.stonkey,"스톤에이지 키우기"
10:00,100,com.ProjectMoon.LimbusCompany,"Limbus Company"
10:00,101,com.kingsgroup.sos,"S.O.S: 스테이트 오브 서바이벌"
10:00,102,com.global.ztmslgkr,"퍼즐 오브 Z"
10:00,103,com.bandainamcoent.gget_WW,"SD건담 지 제네레이션 이터널"
10:00,104,com.xman.kr.gp,"X 클래시"
10:00,105,com.billionairegames.serares,"변신 키우기"
10:00,106,com.screenshake.dominodreams,"Domino Dreams™"
10:00,107,com.netmarble.bnsmkr,"블레이드&소울 레볼루션"
10:00,108,com.kr.lfhsgp,"그레이 사가"
10:00,109,com.com2us.probaseball3d.normal.freefull.google.global.android.common,"컴투스프로야구2026"
10:00,110,com.zzsjkr.google,"갓깨비 키우기-999뽑기 증정"
10:00,111,com.wemade.nightcrows,"나이트 크로우"
10:00,112,com.korea.hsbbkr.google,"도깨비 소녀와 함께"
10:00,113,com.qjzj4399kr.google,"기적의 검"
10:00,114,com.play.merge.restyle,"Merge Restyle"
10:00,115,com.riotgames.league.wildrift,"리그 오브 레전드: 와일드 리프트"
10:00,116,com.nhn.AApoker,"한게임 로얄홀덤"
10:00,117,com.dwgames.chunorpg,"추노 키우기"
10:00,118,com.haegin.kbo,"2026 프로야구GO!"
10:00,119,jp.pokemon.pokemontcgp,"포켓몬 카드 게임 Pocket"
10:00,120,net.gameduo.gv,"캣 히어로 : 방치형 RPG"
10:00,121,com.gear2.letsgolegends,"레츠고 레전드!"
10:00,122,com.camelgames.aoz,"에이지 오브 제트: 타워 디펜스"
10:00,123,com.yzlmkr.google,"우와 모험단"
10:00,124,com.zempot.wplpoker,"WPL : 홀덤, 토너먼트, 오마하, 올인폴드, 픽앤고"
10:00,125,com.superplaystudios.dicedreams,"Dice Dreams™️"
10:00,126,com.smilegate.lordnine.stove.google,"로드나인"
10:00,127,com.ryonggame.soulhunteridle,"소울 헌터 키우기 : 방치형 RPG"
10:00,128,com.kr.firelite,"I9: 인페르노 나인(19) - 세로형 RPG"
10:00,129,com.galasports.totalfootball.kr,"Total Football - 2026 북중미 시즌"
10:00,130,com.ulugame.hdqykrob.google,"아케론:종말의 서곡"
10:00,131,com.superpixel.undyinghero,"불사용사 키우기 : 방치형 RPG"
10:00,132,com.zlongame.kr.langrisser,"랑그릿사"
10:00,133,com.netmarble.arthdal,"아스달 연대기: 세 개의 세력"
10:00,134,net.peakgames.toonblast,"Toon Blast"
10:00,135,com.mojang.minecraftpe,"Minecraft: 나만의 세계를 꿈꾸고 만들어보세요"
10:00,136,com.ylqdhkr.gp,"엔터테인먼트 거물"
10:00,137,com.supercell.clashofclans,"클래시 오브 클랜"
10:00,138,com.sundaytoz.mobile.anipang2.google.kakao.service,"애니팡2 - 3매치 퍼즐게임"
10:00,139,com.netmarble.lineageII,"리니지2 레볼루션"
10:00,140,com.hdfzxrpg.googlelb,"해적 키우기-방치형 RPG"
10:00,141,com.com2us.futuremlb.android.google.global.normal,"MLB 9이닝스 라이벌 26"
10:00,142,com.hybeim.architect,"아키텍트: 랜드 오브 엑자일"
10:00,143,com.kakaogames.ares,"아레스 : 라이즈 오브 가디언즈"
10:00,144,com.gearpaw.defenders.td.game,"기어몬: 타워 디펜스"
10:00,145,com.a3.topgirl.gplay,"Top Girl"
10:00,146,com.games.foundation,"파운데이션: 우주 전선"
10:00,147,net.gameduo.anotherdungeon,"어나더던전"
10:00,148,com.gravity.rooc.android,"라그나로크 오리진 클래식"
10:00,149,com.MelsoftGames.FamilyIslandFarm,"패밀리 아일랜드 - 농장모험게임"
10:00,150,com.merge.game.foodstars,"푸드스타: 합쳐서 요리하기"
10:00,151,com.nexon.mdnf,"던전앤파이터 모바일"
10:00,152,com.dwjp.gp,"애니멀 가든 - 진짜 꽃다발을 배달돼요!"
10:00,153,com.joycastle.mergematch,"Matching Story - Puzzle Games"
10:00,154,com.smallgiantgames.empires,"엠파이어 & 퍼즐 (Empires & Puzzles)"
10:00,155,com.sopt.mafia42.client,"마피아42"
10:00,156,com.gryphline.endfield.gp,"명일방주: 엔드필드"
10:00,157,com.justgame.jails,"랜드 오브 제일"
10:00,158,com.stove.epic7.google,"에픽세븐"
10:00,159,com.xmh.rpg.kr.an,"스카이 어비스: 혈맹의 서약"
10:00,160,com.xone.gpkr,"ASURA: 블러드 앤 소울"
10:00,161,com.riftsky.mhg.kr.gp,"더 코지 플로리스트"
10:00,162,defense.roguelike.cell.shoot.survivor,"세포 특공대"
10:00,163,com.wireless.defenseland,"레이드 러시: 타워 디펜스"
10:00,164,com.sundaytoz.kakao.anipang3.service,"애니팡3 - 매치 3 퍼즐"
10:00,165,com.pocketchamps.game,"포켓 챔프: 3D 레이싱 게임"
10:00,166,com.nns.genesis,"창세기전 키우기"
10:00,167,com.netmarble.ma9bkr,"마구마구 2026: 풀체인지"
10:00,168,com.xd.TLglobal,"토치라이트: 인피니트"
10:00,169,com.igg.android.doomsdaylastsurvivors,"둠스데이 × 페어리테일"
10:00,170,com.cyberjoy.galaxydefense,"갤럭시 디펜스 (Galaxy Defense)"
10:00,171,com.moonactive.cmboard,"Coin Master: 보드 어드벤처"
10:00,172,com.plarium.raidlegends,"레이드: 그림자의 전설"
10:00,173,com.mxdzzkr.google,"버섯커 키우기-3000뽑기 증정"
10:00,174,com.wemadeconnect.aos.lostdgl,"로스트 소드-1.5주년"
10:00,175,com.ea.huntingsniper,"헌팅 스나이퍼"
10:00,176,com.gamespark.topking.gp,"탑 로드"
10:00,177,com.blizzard.diablo.immortal,"디아블로 이모탈"
10:00,178,com.netmarble.fgok,"페이트/그랜드 오더"
10:00,179,com.fatr.global,"호텔 레거시: 합성&리모델링"
10:00,180,com.game.btjkr.and,"영혼 인도자：신의 이름으로"
10:00,181,com.devsisters.CookieRunForKakao,"쿠키런"
10:00,182,com.mymskr.gp,"호드 워:어벤저의 소환"
10:00,183,apli879756.vmz,"괴수: 진화 연대기"
10:00,184,com.linegames.gm,"창세기전 모바일 - 서풍의 광시곡"
10:00,185,com.lilithgames.rok.gpkr,"라이즈 오브 킹덤즈"
10:00,186,com.haoplay.game.gp.duck,"꽥꽥 구조대 - 알 폭격 디펜스"
10:00,187,com.pearlabyss.blackdesertm,"검은사막 모바일"
10:00,188,com.blackdust.redblue,"냥찍 히어로즈 : 방치형 RPG"
10:00,189,com.kakaogames.friendsKing,"프렌즈팝콘"
10:00,190,com.standegg.wulin,"잠룡 : 무협 도트 RPG"
10:00,191,com.sundaytoz.kakao.anipang4,"애니팡4: 매치3 퍼즐 게임"
10:00,192,com.joycity.gw,"건쉽배틀 토탈워페어"
10:00,193,com.Knight.GrandQuest,"Legends Reborn: 마지막 전투"
10:00,194,com.epicoro.castleclashers,"Castle Busters"
10:00,195,com.blizzard.wtcg.hearthstone,"하스스톤"
10:00,196,com.supercell.clashroyale,"클래시 로얄 (Clash Royale)"
10:00,197,com.YoStarKR.MahjongSoul,"작혼: 리치 마작"
10:00,198,com.sundaytoz.kakao.wbb,"위 베어 베어스 더 퍼즐 : 퍼즐게임"
10:00,199,com.happyelements.es2.kr.gp,"앙상블스타즈"
10:00,200,com.netease.idv.googleplay,"Identity V -제5인격"
13:30,1,com.netmarble.sol,"SOL: enchant"
13:30,2,com.HoYoverse.Nap,"젠레스 존 제로 - 주년 기념"
13:30,3,com.gof.global,"WOS: 화이트아웃 서바이벌"
13:30,4,com.run.tower.defense,"킹샷:Kingshot"
13:30,5,com.kurogame.wutheringwaves.global,"명조:워더링 웨이브 - 현방 지계를 향하여"
13:30,6,com.nexon.ma,"메이플 키우기"
13:30,7,com.dreamgames.royalmatch,"로얄 매치 Royal Match"
13:30,8,com.fun.lastwar.gp,"라스트 워: 서바이벌"
13:30,9,com.roblox.client,"로블록스 (Roblox)"
13:30,10,com.kakaogames.odin,"오딘: 발할라 라이징"
13:30,11,com.mergegames.gossipharbor,"가십하버: 합성 & 스토리 게임"
13:30,12,com.ncsoft.lineagem19,"리니지M"
13:30,13,com.proximabeta.nikke,"승리의 여신: 니케"
13:30,14,com.HoYoverse.hkrpgoversea,"붕괴: 스타레일"
13:30,15,com.percent.aos.luckydefense,"운빨존많겜"
13:30,16,com.rxjhglkr.gp,"열혈강호: 넥스트"
13:30,17,game.qualiarts.hololive.dreams.com,"hololive Dreams"
13:30,18,com.nianticlabs.pokemongo,"Pokémon GO"
13:30,19,com.readygo.barrel.gp,"라스트 Z: 서바이벌 슈터"
13:30,20,com.nexon.fmk,"FC 모바일"
13:30,21,com.fatmerge.global,"테이스티 트레블: 합성 게임"
13:30,22,com.gamedots.seasideescape,"씨사이드 익스케이프: 합성 & 스토리 게임"
13:30,23,com.playrix.gardenscapes,"꿈의 정원 (Gardenscapes)"
13:30,24,com.netmarble.thered,"뱀피르"
13:30,25,com.nhnent.Qpoker,"한게임 포커"
13:30,26,com.phs.global,"라스트 어사일럼: 페스트"
13:30,27,jp.co.ponos.battlecatskr,"냥코 대전쟁"
13:30,28,com.nexon.devcat.mm,"마비노기 모바일"
13:30,29,com.dreamgames.royalkingdom,"로얄 킹덤 (Royal Kingdom)"
13:30,30,com.bhk.newslgkr,"삼국지: 천하결전"
13:30,31,jp.konami.pesam,"eFootball™"
13:30,32,com.nhnent.pokerclassic,"한게임포커 클래식 : 7포커 홀덤 섯다 훌라 슬롯"
13:30,33,com.nexon.nsc.maplem,"메이플스토리M"
13:30,34,com.xd.xdtglobal.gp,"두근두근타운"
13:30,35,com.ncsoft.lineagew,"리니지W"
13:30,36,com.com2us.futurecpb.android.google.global.normal,"컴투스프로야구V26"
13:30,37,com.YoStarKR.Arknights,"명일방주"
13:30,38,com.ncsoft.aion2,"AION2"
13:30,39,com.percent.aos.cooptd,"협타디: 협동 타워 디펜스"
13:30,40,com.devsisters.cc,"쿠키런 키우기 - 쿠키런: 크럼블"
13:30,41,com.hottagames.nte,"이환"
13:30,42,com.king.candycrushsaga,"캔디크러쉬사가 (Candy Crush Saga)"
13:30,43,com.netmarble.tskgb,"세븐나이츠 리버스"
13:30,44,com.webzen.mumonarch2.google,"뮤 모나크2"
13:30,45,com.supercell.brawlstars,"브롤스타즈"
13:30,46,com.jsjskr.google,"토이 삼국"
13:30,47,com.cedargames.mysterytown,"미스터리 타운: 합성 게임 (Mystery Town)"
13:30,48,com.kr.firegp,"I9: 인페르노 나인"
13:30,49,com.cola.game,"핫레스토랑: 머지&쿠킹"
13:30,50,com.nexon.fo4m,"EA SPORTS FC Online M"
13:30,51,com.ncsoft.lineage2m19,"리니지2M"
13:30,52,com.playrix.homescapes,"꿈의 집 (Homescapes)"
13:30,53,com.gravity.romkrzeny.aos,"라그나로크M: Classic"
13:30,54,com.playrix.township,"꿈의 마을 (Township)"
13:30,55,com.netmarble.monster2,"몬길: STAR DIVE"
13:30,56,com.pubg.krmobile,"배틀그라운드"
13:30,57,com.NHNEnt.MSudda,"한게임 섯다&맞고"
13:30,58,com.webzen.muangel.google,"뮤 모나크"
13:30,59,com.readygo.dark.gp,"Dark War Survival"
13:30,60,com.devsisters.ck,"쿠키런: 킹덤"
13:30,61,com.epidgames.trickcalrevive,"트릭컬 리바이브"
13:30,62,com.neowiz.games.poker,"피망 포커 : 카지노 로얄 - 홀덤, 7포커, 바둑이"
13:30,63,com.dlw.kr.google,"시티 데몬헌터즈: 각성자들"
13:30,64,com.hollywood.merge,"할리우드 머지"
13:30,65,com.nexon.he,"히간: 이루실"
13:30,66,com.neowizgames.game.browndust2,"브라운더스트2 - 가슴 벅찬 RPG"
13:30,67,com.superplaystudios.disneysolitairedreams,"Disney Solitaire 디즈니 솔리테어"
13:30,68,com.greenmushroom.boomblitz.gp,"탑 히어로즈"
13:30,69,com.highbrow.games.dvo,"드래곤빌리지3"
13:30,70,com.devsisters.gb,"쿠키런: 오븐브레이크"
13:30,71,com.miHoYo.GenshinImpact,"원신·공월의 노래"
13:30,72,com.com2us.smon.normal.freefull.google.kr.android.common,"서머너즈 워 X 장송의 프리렌"
13:30,73,com.nexon.kart,"카트라이더 러쉬플러스"
13:30,74,com.gametree.lhlr.gp,"그놈은 드래곤"
13:30,75,com.NHNEnt.NDuelgo,"한게임 신맞고 : 대한민국 원조 고스톱"
13:30,76,net.kernys.aooni,"좀비고등학교"
13:30,77,com.bandainamcoent.dgup_ww,"디지몬 UP"
13:30,78,com.merge.cooking.theme.restaurant.food,"머지 쿠킹 테마 레스토랑"
13:30,79,io.randomco.travel,"Travel Town - 결합 어드벤처"
13:30,80,com.dreamwalker.kr.gp,"꿈의 여행자: 별빛 여정"
13:30,81,com.neowiz.games.newmatgo,"피망 뉴맞고: 고스톱 대표 맞고 게임"
13:30,82,com.ddup.zombiewaves.zw,"좀비 웨이브스"
13:30,83,com.netmarble.rfnext,"RF 온라인 넥스트"
13:30,84,com.joycity.im,"임진왜란: 조선의 반격"
13:30,85,com.fiveminlab.overgeared.hero.backpack.merge,"템빨용사: 픽셀 아이템 머지 RPG"
13:30,86,net.lightcon.windidle,"윈드러너 키우기"
13:30,87,com.hariwn.legendofcivilizations,"포지 마스터 (Forge Master)"
13:30,88,com.mhclyxpb.gatja,"동방 찻집"
13:30,89,kr.haoplay.game.and.reverse,"리버스: 1999"
13:30,90,com.playrix.fishdomdd.gplay,"피쉬돔 (Fishdom)"
13:30,91,com.kakaogames.aaw,"아키에이지 워 (ArcheAge WAR)"
13:30,92,com.gear2.growslayer,"슬레이어 키우기"
13:30,93,com.ujoygp.flower,"오늘의 꽃"
13:30,94,com.funplus.ts.global,"타일 서바이벌"
13:30,95,com.netmarble.raven2,"레이븐2"
13:30,96,com.smilegate.chaoszero.stove.google,"카오스 제로 나이트메어"
13:30,97,com.kakaogames.umamusume,"우마무스메 프리티 더비"
13:30,98,com.kingsgroup.sos,"S.O.S: 스테이트 오브 서바이벌"
13:30,99,com.netmarble.stonkey,"스톤에이지 키우기"
13:30,100,com.haoplay.game.and.exilium,"소녀전선2: 망명"
13:30,101,com.ProjectMoon.LimbusCompany,"Limbus Company"
13:30,102,com.global.ztmslgkr,"퍼즐 오브 Z"
13:30,103,com.bandainamcoent.gget_WW,"SD건담 지 제네레이션 이터널"
13:30,104,com.xman.kr.gp,"X 클래시"
13:30,105,com.netmarble.bnsmkr,"블레이드&소울 레볼루션"
13:30,106,com.billionairegames.serares,"변신 키우기"
13:30,107,com.kr.lfhsgp,"그레이 사가"
13:30,108,com.com2us.probaseball3d.normal.freefull.google.global.android.common,"컴투스프로야구2026"
13:30,109,com.screenshake.dominodreams,"Domino Dreams™"
13:30,110,com.korea.hsbbkr.google,"도깨비 소녀와 함께"
13:30,111,com.qjzj4399kr.google,"기적의 검"
13:30,112,com.zzsjkr.google,"갓깨비 키우기-999뽑기 증정"
13:30,113,com.wemade.nightcrows,"나이트 크로우"
13:30,114,com.play.merge.restyle,"Merge Restyle"
13:30,115,com.riotgames.league.wildrift,"리그 오브 레전드: 와일드 리프트"
13:30,116,com.nhn.AApoker,"한게임 로얄홀덤"
13:30,117,com.dwgames.chunorpg,"추노 키우기"
13:30,118,com.haegin.kbo,"2026 프로야구GO!"
13:30,119,net.gameduo.gv,"캣 히어로 : 방치형 RPG"
13:30,120,jp.pokemon.pokemontcgp,"포켓몬 카드 게임 Pocket"
13:30,121,com.gear2.letsgolegends,"레츠고 레전드!"
13:30,122,com.camelgames.aoz,"에이지 오브 제트: 타워 디펜스"
13:30,123,com.yzlmkr.google,"우와 모험단"
13:30,124,com.zempot.wplpoker,"WPL : 홀덤, 토너먼트, 오마하, 올인폴드, 픽앤고"
13:30,125,com.superplaystudios.dicedreams,"Dice Dreams™️"
13:30,126,com.superpixel.undyinghero,"불사용사 키우기 : 방치형 RPG"
13:30,127,com.ryonggame.soulhunteridle,"소울 헌터 키우기 : 방치형 RPG"
13:30,128,com.ulugame.hdqykrob.google,"아케론:종말의 서곡"
13:30,129,com.smilegate.lordnine.stove.google,"로드나인"
13:30,130,com.galasports.totalfootball.kr,"Total Football - 2026 북중미 시즌"
13:30,131,com.kr.firelite,"I9: 인페르노 나인(19) - 세로형 RPG"
13:30,132,com.zlongame.kr.langrisser,"랑그릿사"
13:30,133,com.netmarble.arthdal,"아스달 연대기: 세 개의 세력"
13:30,134,com.ylqdhkr.gp,"엔터테인먼트 거물"
13:30,135,net.peakgames.toonblast,"Toon Blast"
13:30,136,com.mojang.minecraftpe,"Minecraft: 나만의 세계를 꿈꾸고 만들어보세요"
13:30,137,com.sundaytoz.mobile.anipang2.google.kakao.service,"애니팡2 - 3매치 퍼즐게임"
13:30,138,com.supercell.clashofclans,"클래시 오브 클랜"
13:30,139,com.hdfzxrpg.googlelb,"해적 키우기-방치형 RPG"
13:30,140,com.netmarble.lineageII,"리니지2 레볼루션"
13:30,141,com.com2us.futuremlb.android.google.global.normal,"MLB 9이닝스 라이벌 26"
13:30,142,com.hybeim.architect,"아키텍트: 랜드 오브 엑자일"
13:30,143,com.kakaogames.ares,"아레스 : 라이즈 오브 가디언즈"
13:30,144,com.gearpaw.defenders.td.game,"기어몬: 타워 디펜스"
13:30,145,com.a3.topgirl.gplay,"Top Girl"
13:30,146,com.games.foundation,"파운데이션: 우주 전선"
13:30,147,net.gameduo.anotherdungeon,"어나더던전"
13:30,148,com.gravity.rooc.android,"라그나로크 오리진 클래식"
13:30,149,com.MelsoftGames.FamilyIslandFarm,"패밀리 아일랜드 - 농장모험게임"
13:30,150,com.merge.game.foodstars,"푸드스타: 합쳐서 요리하기"
13:30,151,com.nexon.mdnf,"던전앤파이터 모바일"
13:30,152,com.sopt.mafia42.client,"마피아42"
13:30,153,com.dwjp.gp,"애니멀 가든 - 진짜 꽃다발을 배달돼요!"
13:30,154,com.joycastle.mergematch,"Matching Story - Puzzle Games"
13:30,155,com.smallgiantgames.empires,"엠파이어 & 퍼즐 (Empires & Puzzles)"
13:30,156,com.gryphline.endfield.gp,"명일방주: 엔드필드"
13:30,157,com.justgame.jails,"랜드 오브 제일"
13:30,158,com.xone.gpkr,"ASURA: 블러드 앤 소울"
13:30,159,com.stove.epic7.google,"에픽세븐"
13:30,160,com.xmh.rpg.kr.an,"스카이 어비스: 혈맹의 서약"
13:30,161,com.riftsky.mhg.kr.gp,"더 코지 플로리스트"
13:30,162,defense.roguelike.cell.shoot.survivor,"세포 특공대"
13:30,163,com.wireless.defenseland,"레이드 러시: 타워 디펜스"
13:30,164,com.pocketchamps.game,"포켓 챔프: 3D 레이싱 게임"
13:30,165,com.sundaytoz.kakao.anipang3.service,"애니팡3 - 매치 3 퍼즐"
13:30,166,com.nns.genesis,"창세기전 키우기"
13:30,167,com.netmarble.ma9bkr,"마구마구 2026: 풀체인지"
13:30,168,com.cyberjoy.galaxydefense,"갤럭시 디펜스 (Galaxy Defense)"
13:30,169,com.igg.android.doomsdaylastsurvivors,"둠스데이 × 페어리테일"
13:30,170,com.moonactive.cmboard,"Coin Master: 보드 어드벤처"
13:30,171,com.xd.TLglobal,"토치라이트: 인피니트"
13:30,172,com.plarium.raidlegends,"레이드: 그림자의 전설"
13:30,173,com.mxdzzkr.google,"버섯커 키우기-3000뽑기 증정"
13:30,174,com.ea.huntingsniper,"헌팅 스나이퍼"
13:30,175,com.wemadeconnect.aos.lostdgl,"로스트 소드-1.5주년"
13:30,176,com.gamespark.topking.gp,"탑 로드"
13:30,177,com.mymskr.gp,"호드 워:어벤저의 소환"
13:30,178,com.blizzard.diablo.immortal,"디아블로 이모탈"
13:30,179,com.netmarble.fgok,"페이트/그랜드 오더"
13:30,180,com.fatr.global,"호텔 레거시: 합성&리모델링"
13:30,181,com.game.btjkr.and,"영혼 인도자：신의 이름으로"
13:30,182,apli879756.vmz,"괴수: 진화 연대기"
13:30,183,com.devsisters.CookieRunForKakao,"쿠키런"
13:30,184,com.linegames.gm,"창세기전 모바일 - 서풍의 광시곡"
13:30,185,com.lilithgames.rok.gpkr,"라이즈 오브 킹덤즈"
13:30,186,com.haoplay.game.gp.duck,"꽥꽥 구조대 - 알 폭격 디펜스"
13:30,187,com.pearlabyss.blackdesertm,"검은사막 모바일"
13:30,188,com.blackdust.redblue,"냥찍 히어로즈 : 방치형 RPG"
13:30,189,com.kakaogames.friendsKing,"프렌즈팝콘"
13:30,190,com.standegg.wulin,"잠룡 : 무협 도트 RPG"
13:30,191,com.sundaytoz.kakao.anipang4,"애니팡4: 매치3 퍼즐 게임"
13:30,192,com.joycity.gw,"건쉽배틀 토탈워페어"
13:30,193,com.Knight.GrandQuest,"Legends Reborn: 마지막 전투"
13:30,194,com.epicoro.castleclashers,"Castle Busters"
13:30,195,com.blizzard.wtcg.hearthstone,"하스스톤"
13:30,196,com.supercell.clashroyale,"클래시 로얄 (Clash Royale)"
13:30,197,com.sundaytoz.kakao.wbb,"위 베어 베어스 더 퍼즐 : 퍼즐게임"
13:30,198,com.YoStarKR.MahjongSoul,"작혼: 리치 마작"
13:30,199,com.happyelements.es2.kr.gp,"앙상블스타즈"
13:30,200,com.hkqs.jszx.google,"부족 또 전쟁 : 무한루프 RPG"
16:30,1,com.netmarble.sol,"SOL: enchant"
16:30,2,com.HoYoverse.Nap,"젠레스 존 제로 - 주년 기념"
16:30,3,com.gof.global,"WOS: 화이트아웃 서바이벌"
16:30,4,com.run.tower.defense,"킹샷:Kingshot"
16:30,5,com.kurogame.wutheringwaves.global,"명조:워더링 웨이브 - 현방 지계를 향하여"
16:30,6,com.nexon.ma,"메이플 키우기"
16:30,7,com.dreamgames.royalmatch,"로얄 매치 Royal Match"
16:30,8,com.fun.lastwar.gp,"라스트 워: 서바이벌"
16:30,9,com.roblox.client,"로블록스 (Roblox)"
16:30,10,com.kakaogames.odin,"오딘: 발할라 라이징"
16:30,11,com.mergegames.gossipharbor,"가십하버: 합성 & 스토리 게임"
16:30,12,com.ncsoft.lineagem19,"리니지M"
16:30,13,com.proximabeta.nikke,"승리의 여신: 니케"
16:30,14,com.HoYoverse.hkrpgoversea,"붕괴: 스타레일"
16:30,15,com.percent.aos.luckydefense,"운빨존많겜"
16:30,16,com.rxjhglkr.gp,"열혈강호: 넥스트"
16:30,17,game.qualiarts.hololive.dreams.com,"hololive Dreams"
16:30,18,com.nianticlabs.pokemongo,"Pokémon GO"
16:30,19,com.readygo.barrel.gp,"라스트 Z: 서바이벌 슈터"
16:30,20,com.gamedots.seasideescape,"씨사이드 익스케이프: 합성 & 스토리 게임"
16:30,21,com.nexon.fmk,"FC 모바일"
16:30,22,com.fatmerge.global,"테이스티 트레블: 합성 게임"
16:30,23,com.playrix.gardenscapes,"꿈의 정원 (Gardenscapes)"
16:30,24,com.netmarble.thered,"뱀피르"
16:30,25,com.nhnent.Qpoker,"한게임 포커"
16:30,26,com.phs.global,"라스트 어사일럼: 페스트"
16:30,27,com.nexon.devcat.mm,"마비노기 모바일"
16:30,28,jp.co.ponos.battlecatskr,"냥코 대전쟁"
16:30,29,com.dreamgames.royalkingdom,"로얄 킹덤 (Royal Kingdom)"
16:30,30,com.nexon.nsc.maplem,"메이플스토리M"
16:30,31,com.bhk.newslgkr,"삼국지: 천하결전"
16:30,32,jp.konami.pesam,"eFootball™"
16:30,33,com.nhnent.pokerclassic,"한게임포커 클래식 : 7포커 홀덤 섯다 훌라 슬롯"
16:30,34,com.xd.xdtglobal.gp,"두근두근타운"
16:30,35,com.ncsoft.lineagew,"리니지W"
16:30,36,com.devsisters.cc,"쿠키런 키우기 - 쿠키런: 크럼블"
16:30,37,com.com2us.futurecpb.android.google.global.normal,"컴투스프로야구V26"
16:30,38,com.YoStarKR.Arknights,"명일방주"
16:30,39,com.ncsoft.aion2,"AION2"
16:30,40,com.percent.aos.cooptd,"협타디: 협동 타워 디펜스"
16:30,41,com.hottagames.nte,"이환"
16:30,42,com.king.candycrushsaga,"캔디크러쉬사가 (Candy Crush Saga)"
16:30,43,com.netmarble.tskgb,"세븐나이츠 리버스"
16:30,44,com.webzen.mumonarch2.google,"뮤 모나크2"
16:30,45,com.supercell.brawlstars,"브롤스타즈"
16:30,46,com.jsjskr.google,"토이 삼국"
16:30,47,com.kr.firegp,"I9: 인페르노 나인"
16:30,48,com.cedargames.mysterytown,"미스터리 타운: 합성 게임 (Mystery Town)"
16:30,49,com.cola.game,"핫레스토랑: 머지&쿠킹"
16:30,50,com.nexon.fo4m,"EA SPORTS FC Online M"
16:30,51,com.ncsoft.lineage2m19,"리니지2M"
16:30,52,com.playrix.homescapes,"꿈의 집 (Homescapes)"
16:30,53,com.gravity.romkrzeny.aos,"라그나로크M: Classic"
16:30,54,com.playrix.township,"꿈의 마을 (Township)"
16:30,55,com.netmarble.monster2,"몬길: STAR DIVE"
16:30,56,com.pubg.krmobile,"배틀그라운드"
16:30,57,com.NHNEnt.MSudda,"한게임 섯다&맞고"
16:30,58,com.devsisters.ck,"쿠키런: 킹덤"
16:30,59,com.epidgames.trickcalrevive,"트릭컬 리바이브"
16:30,60,com.webzen.muangel.google,"뮤 모나크"
16:30,61,com.readygo.dark.gp,"Dark War Survival"
16:30,62,com.dlw.kr.google,"시티 데몬헌터즈: 각성자들"
16:30,63,com.neowiz.games.poker,"피망 포커 : 카지노 로얄 - 홀덤, 7포커, 바둑이"
16:30,64,com.hollywood.merge,"할리우드 머지"
16:30,65,com.neowizgames.game.browndust2,"브라운더스트2 - 가슴 벅찬 RPG"
16:30,66,com.nexon.he,"히간: 이루실"
16:30,67,com.superplaystudios.disneysolitairedreams,"Disney Solitaire 디즈니 솔리테어"
16:30,68,com.greenmushroom.boomblitz.gp,"탑 히어로즈"
16:30,69,com.highbrow.games.dvo,"드래곤빌리지3"
16:30,70,com.devsisters.gb,"쿠키런: 오븐브레이크"
16:30,71,com.miHoYo.GenshinImpact,"원신·공월의 노래"
16:30,72,com.com2us.smon.normal.freefull.google.kr.android.common,"서머너즈 워 X 장송의 프리렌"
16:30,73,com.nexon.kart,"카트라이더 러쉬플러스"
16:30,74,com.gametree.lhlr.gp,"그놈은 드래곤"
16:30,75,com.NHNEnt.NDuelgo,"한게임 신맞고 : 대한민국 원조 고스톱"
16:30,76,net.kernys.aooni,"좀비고등학교"
16:30,77,com.merge.cooking.theme.restaurant.food,"머지 쿠킹 테마 레스토랑"
16:30,78,io.randomco.travel,"Travel Town - 결합 어드벤처"
16:30,79,com.bandainamcoent.dgup_ww,"디지몬 UP"
16:30,80,com.ddup.zombiewaves.zw,"좀비 웨이브스"
16:30,81,com.neowiz.games.newmatgo,"피망 뉴맞고: 고스톱 대표 맞고 게임"
16:30,82,com.dreamwalker.kr.gp,"꿈의 여행자: 별빛 여정"
16:30,83,com.netmarble.rfnext,"RF 온라인 넥스트"
16:30,84,com.joycity.im,"임진왜란: 조선의 반격"
16:30,85,com.hariwn.legendofcivilizations,"포지 마스터 (Forge Master)"
16:30,86,com.fiveminlab.overgeared.hero.backpack.merge,"템빨용사: 픽셀 아이템 머지 RPG"
16:30,87,net.lightcon.windidle,"윈드러너 키우기"
16:30,88,com.mhclyxpb.gatja,"동방 찻집"
16:30,89,com.playrix.fishdomdd.gplay,"피쉬돔 (Fishdom)"
16:30,90,com.gear2.growslayer,"슬레이어 키우기"
16:30,91,com.kakaogames.aaw,"아키에이지 워 (ArcheAge WAR)"
16:30,92,kr.haoplay.game.and.reverse,"리버스: 1999"
16:30,93,com.ujoygp.flower,"오늘의 꽃"
16:30,94,com.smilegate.chaoszero.stove.google,"카오스 제로 나이트메어"
16:30,95,com.funplus.ts.global,"타일 서바이벌"
16:30,96,com.netmarble.raven2,"레이븐2"
16:30,97,com.haoplay.game.and.exilium,"소녀전선2: 망명"
16:30,98,com.netmarble.stonkey,"스톤에이지 키우기"
16:30,99,com.kakaogames.umamusume,"우마무스메 프리티 더비"
16:30,100,com.ProjectMoon.LimbusCompany,"Limbus Company"
16:30,101,com.kingsgroup.sos,"S.O.S: 스테이트 오브 서바이벌"
16:30,102,com.bandainamcoent.gget_WW,"SD건담 지 제네레이션 이터널"
16:30,103,com.global.ztmslgkr,"퍼즐 오브 Z"
16:30,104,com.xman.kr.gp,"X 클래시"
16:30,105,com.netmarble.bnsmkr,"블레이드&소울 레볼루션"
16:30,106,com.kr.lfhsgp,"그레이 사가"
16:30,107,com.billionairegames.serares,"변신 키우기"
16:30,108,com.com2us.probaseball3d.normal.freefull.google.global.android.common,"컴투스프로야구2026"
16:30,109,com.screenshake.dominodreams,"Domino Dreams™"
16:30,110,com.korea.hsbbkr.google,"도깨비 소녀와 함께"
16:30,111,com.zzsjkr.google,"갓깨비 키우기-999뽑기 증정"
16:30,112,com.qjzj4399kr.google,"기적의 검"
16:30,113,com.wemade.nightcrows,"나이트 크로우"
16:30,114,com.play.merge.restyle,"Merge Restyle"
16:30,115,com.riotgames.league.wildrift,"리그 오브 레전드: 와일드 리프트"
16:30,116,com.dwgames.chunorpg,"추노 키우기"
16:30,117,com.nhn.AApoker,"한게임 로얄홀덤"
16:30,118,com.haegin.kbo,"2026 프로야구GO!"
16:30,119,jp.pokemon.pokemontcgp,"포켓몬 카드 게임 Pocket"
16:30,120,net.gameduo.gv,"캣 히어로 : 방치형 RPG"
16:30,121,com.gear2.letsgolegends,"레츠고 레전드!"
16:30,122,com.yzlmkr.google,"우와 모험단"
16:30,123,com.ryonggame.soulhunteridle,"소울 헌터 키우기 : 방치형 RPG"
16:30,124,com.camelgames.aoz,"에이지 오브 제트: 타워 디펜스"
16:30,125,com.zempot.wplpoker,"WPL : 홀덤, 토너먼트, 오마하, 올인폴드, 픽앤고"
16:30,126,com.superplaystudios.dicedreams,"Dice Dreams™️"
16:30,127,com.ulugame.hdqykrob.google,"아케론:종말의 서곡"
16:30,128,com.kr.firelite,"I9: 인페르노 나인(19) - 세로형 RPG"
16:30,129,com.smilegate.lordnine.stove.google,"로드나인"
16:30,130,com.galasports.totalfootball.kr,"Total Football - 2026 북중미 시즌"
16:30,131,com.superpixel.undyinghero,"불사용사 키우기 : 방치형 RPG"
16:30,132,com.zlongame.kr.langrisser,"랑그릿사"
16:30,133,com.mojang.minecraftpe,"Minecraft: 나만의 세계를 꿈꾸고 만들어보세요"
16:30,134,com.netmarble.arthdal,"아스달 연대기: 세 개의 세력"
16:30,135,com.ylqdhkr.gp,"엔터테인먼트 거물"
16:30,136,net.peakgames.toonblast,"Toon Blast"
16:30,137,com.sundaytoz.mobile.anipang2.google.kakao.service,"애니팡2 - 3매치 퍼즐게임"
16:30,138,com.supercell.clashofclans,"클래시 오브 클랜"
16:30,139,com.hdfzxrpg.googlelb,"해적 키우기-방치형 RPG"
16:30,140,com.netmarble.lineageII,"리니지2 레볼루션"
16:30,141,com.com2us.futuremlb.android.google.global.normal,"MLB 9이닝스 라이벌 26"
16:30,142,com.hybeim.architect,"아키텍트: 랜드 오브 엑자일"
16:30,143,com.games.foundation,"파운데이션: 우주 전선"
16:30,144,com.kakaogames.ares,"아레스 : 라이즈 오브 가디언즈"
16:30,145,com.gearpaw.defenders.td.game,"기어몬: 타워 디펜스"
16:30,146,com.a3.topgirl.gplay,"Top Girl"
16:30,147,net.gameduo.anotherdungeon,"어나더던전"
16:30,148,com.MelsoftGames.FamilyIslandFarm,"패밀리 아일랜드 - 농장모험게임"
16:30,149,com.sopt.mafia42.client,"마피아42"
16:30,150,com.merge.game.foodstars,"푸드스타: 합쳐서 요리하기"
16:30,151,com.nexon.mdnf,"던전앤파이터 모바일"
16:30,152,com.gravity.rooc.android,"라그나로크 오리진 클래식"
16:30,153,com.dwjp.gp,"애니멀 가든 - 진짜 꽃다발을 배달돼요!"
16:30,154,com.joycastle.mergematch,"Matching Story - Puzzle Games"
16:30,155,com.xone.gpkr,"ASURA: 블러드 앤 소울"
16:30,156,com.smallgiantgames.empires,"엠파이어 & 퍼즐 (Empires & Puzzles)"
16:30,157,com.stove.epic7.google,"에픽세븐"
16:30,158,com.gryphline.endfield.gp,"명일방주: 엔드필드"
16:30,159,com.xmh.rpg.kr.an,"스카이 어비스: 혈맹의 서약"
16:30,160,com.justgame.jails,"랜드 오브 제일"
16:30,161,com.cyberjoy.galaxydefense,"갤럭시 디펜스 (Galaxy Defense)"
16:30,162,defense.roguelike.cell.shoot.survivor,"세포 특공대"
16:30,163,com.riftsky.mhg.kr.gp,"더 코지 플로리스트"
16:30,164,com.lilithgames.rok.gpkr,"라이즈 오브 킹덤즈"
16:30,165,com.sundaytoz.kakao.anipang3.service,"애니팡3 - 매치 3 퍼즐"
16:30,166,com.pocketchamps.game,"포켓 챔프: 3D 레이싱 게임"
16:30,167,com.wireless.defenseland,"레이드 러시: 타워 디펜스"
16:30,168,com.nns.genesis,"창세기전 키우기"
16:30,169,com.igg.android.doomsdaylastsurvivors,"둠스데이 × 페어리테일"
16:30,170,com.netmarble.ma9bkr,"마구마구 2026: 풀체인지"
16:30,171,com.mxdzzkr.google,"버섯커 키우기-3000뽑기 증정"
16:30,172,com.moonactive.cmboard,"Coin Master: 보드 어드벤처"
16:30,173,com.xd.TLglobal,"토치라이트: 인피니트"
16:30,174,com.plarium.raidlegends,"레이드: 그림자의 전설"
16:30,175,com.gamespark.topking.gp,"탑 로드"
16:30,176,com.wemadeconnect.aos.lostdgl,"로스트 소드-1.5주년"
16:30,177,com.ea.huntingsniper,"헌팅 스나이퍼"
16:30,178,com.game.btjkr.and,"영혼 인도자：신의 이름으로"
16:30,179,apli879756.vmz,"괴수: 진화 연대기"
16:30,180,com.netmarble.fgok,"페이트/그랜드 오더"
16:30,181,com.blizzard.diablo.immortal,"디아블로 이모탈"
16:30,182,com.fatr.global,"호텔 레거시: 합성&리모델링"
16:30,183,com.mymskr.gp,"호드 워:어벤저의 소환"
16:30,184,com.devsisters.CookieRunForKakao,"쿠키런"
16:30,185,com.linegames.gm,"창세기전 모바일 - 서풍의 광시곡"
16:30,186,com.haoplay.game.gp.duck,"꽥꽥 구조대 - 알 폭격 디펜스"
16:30,187,com.blackdust.redblue,"냥찍 히어로즈 : 방치형 RPG"
16:30,188,com.pearlabyss.blackdesertm,"검은사막 모바일"
16:30,189,com.Knight.GrandQuest,"Legends Reborn: 마지막 전투"
16:30,190,com.kakaogames.friendsKing,"프렌즈팝콘"
16:30,191,com.standegg.wulin,"잠룡 : 무협 도트 RPG"
16:30,192,com.sundaytoz.kakao.anipang4,"애니팡4: 매치3 퍼즐 게임"
16:30,193,com.joycity.gw,"건쉽배틀 토탈워페어"
16:30,194,com.epicoro.castleclashers,"Castle Busters"
16:30,195,com.blizzard.wtcg.hearthstone,"하스스톤"
16:30,196,com.supercell.clashroyale,"클래시 로얄 (Clash Royale)"
16:30,197,com.sundaytoz.kakao.wbb,"위 베어 베어스 더 퍼즐 : 퍼즐게임"
16:30,198,com.YoStarKR.MahjongSoul,"작혼: 리치 마작"
16:30,199,com.hkqs.jszx.google,"부족 또 전쟁 : 무한루프 RPG"
16:30,200,com.happyelements.es2.kr.gp,"앙상블스타즈"
19:00,1,com.netmarble.sol,"SOL: enchant"
19:00,2,com.HoYoverse.Nap,"젠레스 존 제로 - 주년 기념"
19:00,3,com.gof.global,"WOS: 화이트아웃 서바이벌"
19:00,4,com.run.tower.defense,"킹샷:Kingshot"
19:00,5,com.kurogame.wutheringwaves.global,"명조:워더링 웨이브 - 현방 지계를 향하여"
19:00,6,com.nexon.ma,"메이플 키우기"
19:00,7,com.dreamgames.royalmatch,"로얄 매치 Royal Match"
19:00,8,com.fun.lastwar.gp,"라스트 워: 서바이벌"
19:00,9,com.roblox.client,"로블록스 (Roblox)"
19:00,10,com.kakaogames.odin,"오딘: 발할라 라이징"
19:00,11,com.mergegames.gossipharbor,"가십하버: 합성 & 스토리 게임"
19:00,12,com.ncsoft.lineagem19,"리니지M"
19:00,13,com.proximabeta.nikke,"승리의 여신: 니케"
19:00,14,com.HoYoverse.hkrpgoversea,"붕괴: 스타레일"
19:00,15,com.percent.aos.luckydefense,"운빨존많겜"
19:00,16,com.rxjhglkr.gp,"열혈강호: 넥스트"
19:00,17,game.qualiarts.hololive.dreams.com,"hololive Dreams"
19:00,18,com.nianticlabs.pokemongo,"Pokémon GO"
19:00,19,com.readygo.barrel.gp,"라스트 Z: 서바이벌 슈터"
19:00,20,com.gamedots.seasideescape,"씨사이드 익스케이프: 합성 & 스토리 게임"
19:00,21,com.nexon.fmk,"FC 모바일"
19:00,22,com.fatmerge.global,"테이스티 트레블: 합성 게임"
19:00,23,com.playrix.gardenscapes,"꿈의 정원 (Gardenscapes)"
19:00,24,com.netmarble.thered,"뱀피르"
19:00,25,com.nhnent.Qpoker,"한게임 포커"
19:00,26,com.phs.global,"라스트 어사일럼: 페스트"
19:00,27,com.nexon.devcat.mm,"마비노기 모바일"
19:00,28,jp.co.ponos.battlecatskr,"냥코 대전쟁"
19:00,29,com.dreamgames.royalkingdom,"로얄 킹덤 (Royal Kingdom)"
19:00,30,com.nexon.nsc.maplem,"메이플스토리M"
19:00,31,com.bhk.newslgkr,"삼국지: 천하결전"
19:00,32,jp.konami.pesam,"eFootball™"
19:00,33,com.nhnent.pokerclassic,"한게임포커 클래식 : 7포커 홀덤 섯다 훌라 슬롯"
19:00,34,com.xd.xdtglobal.gp,"두근두근타운"
19:00,35,com.com2us.futurecpb.android.google.global.normal,"컴투스프로야구V26"
19:00,36,com.ncsoft.lineagew,"리니지W"
19:00,37,com.devsisters.cc,"쿠키런 키우기 - 쿠키런: 크럼블"
19:00,38,com.YoStarKR.Arknights,"명일방주"
19:00,39,com.ncsoft.aion2,"AION2"
19:00,40,com.percent.aos.cooptd,"협타디: 협동 타워 디펜스"
19:00,41,com.hottagames.nte,"이환"
19:00,42,com.king.candycrushsaga,"캔디크러쉬사가 (Candy Crush Saga)"
19:00,43,com.netmarble.tskgb,"세븐나이츠 리버스"
19:00,44,com.webzen.mumonarch2.google,"뮤 모나크2"
19:00,45,com.supercell.brawlstars,"브롤스타즈"
19:00,46,com.jsjskr.google,"토이 삼국"
19:00,47,com.kr.firegp,"I9: 인페르노 나인"
19:00,48,com.cedargames.mysterytown,"미스터리 타운: 합성 게임 (Mystery Town)"
19:00,49,com.cola.game,"핫레스토랑: 머지&쿠킹"
19:00,50,com.nexon.fo4m,"EA SPORTS FC Online M"
19:00,51,com.ncsoft.lineage2m19,"리니지2M"
19:00,52,com.playrix.homescapes,"꿈의 집 (Homescapes)"
19:00,53,com.gravity.romkrzeny.aos,"라그나로크M: Classic"
19:00,54,com.playrix.township,"꿈의 마을 (Township)"
19:00,55,com.netmarble.monster2,"몬길: STAR DIVE"
19:00,56,com.pubg.krmobile,"배틀그라운드"
19:00,57,com.NHNEnt.MSudda,"한게임 섯다&맞고"
19:00,58,com.devsisters.ck,"쿠키런: 킹덤"
19:00,59,com.epidgames.trickcalrevive,"트릭컬 리바이브"
19:00,60,com.webzen.muangel.google,"뮤 모나크"
19:00,61,com.readygo.dark.gp,"Dark War Survival"
19:00,62,com.dlw.kr.google,"시티 데몬헌터즈: 각성자들"
19:00,63,com.neowiz.games.poker,"피망 포커 : 카지노 로얄 - 홀덤, 7포커, 바둑이"
19:00,64,com.hollywood.merge,"할리우드 머지"
19:00,65,com.neowizgames.game.browndust2,"브라운더스트2 - 가슴 벅찬 RPG"
19:00,66,com.nexon.he,"히간: 이루실"
19:00,67,com.superplaystudios.disneysolitairedreams,"Disney Solitaire 디즈니 솔리테어"
19:00,68,com.greenmushroom.boomblitz.gp,"탑 히어로즈"
19:00,69,com.highbrow.games.dvo,"드래곤빌리지3"
19:00,70,com.devsisters.gb,"쿠키런: 오븐브레이크"
19:00,71,com.miHoYo.GenshinImpact,"원신·공월의 노래"
19:00,72,com.com2us.smon.normal.freefull.google.kr.android.common,"서머너즈 워 X 장송의 프리렌"
19:00,73,com.nexon.kart,"카트라이더 러쉬플러스"
19:00,74,com.gametree.lhlr.gp,"그놈은 드래곤"
19:00,75,com.NHNEnt.NDuelgo,"한게임 신맞고 : 대한민국 원조 고스톱"
19:00,76,net.kernys.aooni,"좀비고등학교"
19:00,77,com.bandainamcoent.dgup_ww,"디지몬 UP"
19:00,78,com.dreamwalker.kr.gp,"꿈의 여행자: 별빛 여정"
19:00,79,com.merge.cooking.theme.restaurant.food,"머지 쿠킹 테마 레스토랑"
19:00,80,io.randomco.travel,"Travel Town - 결합 어드벤처"
19:00,81,com.ddup.zombiewaves.zw,"좀비 웨이브스"
19:00,82,com.neowiz.games.newmatgo,"피망 뉴맞고: 고스톱 대표 맞고 게임"
19:00,83,com.netmarble.rfnext,"RF 온라인 넥스트"
19:00,84,com.joycity.im,"임진왜란: 조선의 반격"
19:00,85,com.hariwn.legendofcivilizations,"포지 마스터 (Forge Master)"
19:00,86,com.fiveminlab.overgeared.hero.backpack.merge,"템빨용사: 픽셀 아이템 머지 RPG"
19:00,87,net.lightcon.windidle,"윈드러너 키우기"
19:00,88,com.mhclyxpb.gatja,"동방 찻집"
19:00,89,com.playrix.fishdomdd.gplay,"피쉬돔 (Fishdom)"
19:00,90,com.gear2.growslayer,"슬레이어 키우기"
19:00,91,com.kakaogames.aaw,"아키에이지 워 (ArcheAge WAR)"
19:00,92,kr.haoplay.game.and.reverse,"리버스: 1999"
19:00,93,com.ujoygp.flower,"오늘의 꽃"
19:00,94,com.smilegate.chaoszero.stove.google,"카오스 제로 나이트메어"
19:00,95,com.funplus.ts.global,"타일 서바이벌"
19:00,96,com.netmarble.raven2,"레이븐2"
19:00,97,com.haoplay.game.and.exilium,"소녀전선2: 망명"
19:00,98,com.kakaogames.umamusume,"우마무스메 프리티 더비"
19:00,99,com.netmarble.stonkey,"스톤에이지 키우기"
19:00,100,com.ProjectMoon.LimbusCompany,"Limbus Company"
19:00,101,com.kingsgroup.sos,"S.O.S: 스테이트 오브 서바이벌"
19:00,102,com.bandainamcoent.gget_WW,"SD건담 지 제네레이션 이터널"
19:00,103,com.global.ztmslgkr,"퍼즐 오브 Z"
19:00,104,com.xman.kr.gp,"X 클래시"
19:00,105,com.netmarble.bnsmkr,"블레이드&소울 레볼루션"
19:00,106,com.kr.lfhsgp,"그레이 사가"
19:00,107,com.billionairegames.serares,"변신 키우기"
19:00,108,com.com2us.probaseball3d.normal.freefull.google.global.android.common,"컴투스프로야구2026"
19:00,109,com.screenshake.dominodreams,"Domino Dreams™"
19:00,110,com.korea.hsbbkr.google,"도깨비 소녀와 함께"
19:00,111,com.zzsjkr.google,"갓깨비 키우기-999뽑기 증정"
19:00,112,com.qjzj4399kr.google,"기적의 검"
19:00,113,com.wemade.nightcrows,"나이트 크로우"
19:00,114,com.play.merge.restyle,"Merge Restyle"
19:00,115,com.riotgames.league.wildrift,"리그 오브 레전드: 와일드 리프트"
19:00,116,com.dwgames.chunorpg,"추노 키우기"
19:00,117,com.nhn.AApoker,"한게임 로얄홀덤"
19:00,118,com.haegin.kbo,"2026 프로야구GO!"
19:00,119,jp.pokemon.pokemontcgp,"포켓몬 카드 게임 Pocket"
19:00,120,net.gameduo.gv,"캣 히어로 : 방치형 RPG"
19:00,121,com.gear2.letsgolegends,"레츠고 레전드!"
19:00,122,com.camelgames.aoz,"에이지 오브 제트: 타워 디펜스"
19:00,123,com.yzlmkr.google,"우와 모험단"
19:00,124,com.ryonggame.soulhunteridle,"소울 헌터 키우기 : 방치형 RPG"
19:00,125,com.zempot.wplpoker,"WPL : 홀덤, 토너먼트, 오마하, 올인폴드, 픽앤고"
19:00,126,com.superplaystudios.dicedreams,"Dice Dreams™️"
19:00,127,com.ulugame.hdqykrob.google,"아케론:종말의 서곡"
19:00,128,com.kr.firelite,"I9: 인페르노 나인(19) - 세로형 RPG"
19:00,129,com.smilegate.lordnine.stove.google,"로드나인"
19:00,130,com.galasports.totalfootball.kr,"Total Football - 2026 북중미 시즌"
19:00,131,com.superpixel.undyinghero,"불사용사 키우기 : 방치형 RPG"
19:00,132,com.zlongame.kr.langrisser,"랑그릿사"
19:00,133,com.mojang.minecraftpe,"Minecraft: 나만의 세계를 꿈꾸고 만들어보세요"
19:00,134,com.netmarble.arthdal,"아스달 연대기: 세 개의 세력"
19:00,135,com.ylqdhkr.gp,"엔터테인먼트 거물"
19:00,136,net.peakgames.toonblast,"Toon Blast"
19:00,137,com.sundaytoz.mobile.anipang2.google.kakao.service,"애니팡2 - 3매치 퍼즐게임"
19:00,138,com.supercell.clashofclans,"클래시 오브 클랜"
19:00,139,com.hdfzxrpg.googlelb,"해적 키우기-방치형 RPG"
19:00,140,com.netmarble.lineageII,"리니지2 레볼루션"
19:00,141,com.com2us.futuremlb.android.google.global.normal,"MLB 9이닝스 라이벌 26"
19:00,142,com.hybeim.architect,"아키텍트: 랜드 오브 엑자일"
19:00,143,com.games.foundation,"파운데이션: 우주 전선"
19:00,144,com.kakaogames.ares,"아레스 : 라이즈 오브 가디언즈"
19:00,145,com.gearpaw.defenders.td.game,"기어몬: 타워 디펜스"
19:00,146,com.a3.topgirl.gplay,"Top Girl"
19:00,147,net.gameduo.anotherdungeon,"어나더던전"
19:00,148,com.MelsoftGames.FamilyIslandFarm,"패밀리 아일랜드 - 농장모험게임"
19:00,149,com.sopt.mafia42.client,"마피아42"
19:00,150,com.merge.game.foodstars,"푸드스타: 합쳐서 요리하기"
19:00,151,com.nexon.mdnf,"던전앤파이터 모바일"
19:00,152,com.gravity.rooc.android,"라그나로크 오리진 클래식"
19:00,153,com.dwjp.gp,"애니멀 가든 - 진짜 꽃다발을 배달돼요!"
19:00,154,com.joycastle.mergematch,"Matching Story - Puzzle Games"
19:00,155,com.xone.gpkr,"ASURA: 블러드 앤 소울"
19:00,156,com.smallgiantgames.empires,"엠파이어 & 퍼즐 (Empires & Puzzles)"
19:00,157,com.stove.epic7.google,"에픽세븐"
19:00,158,com.gryphline.endfield.gp,"명일방주: 엔드필드"
19:00,159,com.xmh.rpg.kr.an,"스카이 어비스: 혈맹의 서약"
19:00,160,com.justgame.jails,"랜드 오브 제일"
19:00,161,com.cyberjoy.galaxydefense,"갤럭시 디펜스 (Galaxy Defense)"
19:00,162,defense.roguelike.cell.shoot.survivor,"세포 특공대"
19:00,163,com.riftsky.mhg.kr.gp,"더 코지 플로리스트"
19:00,164,com.lilithgames.rok.gpkr,"라이즈 오브 킹덤즈"
19:00,165,com.sundaytoz.kakao.anipang3.service,"애니팡3 - 매치 3 퍼즐"
19:00,166,com.pocketchamps.game,"포켓 챔프: 3D 레이싱 게임"
19:00,167,com.wireless.defenseland,"레이드 러시: 타워 디펜스"
19:00,168,com.nns.genesis,"창세기전 키우기"
19:00,169,com.igg.android.doomsdaylastsurvivors,"둠스데이: 영웅의 여정"
19:00,170,com.netmarble.ma9bkr,"마구마구 2026: 풀체인지"
19:00,171,com.mxdzzkr.google,"버섯커 키우기-3000뽑기 증정"
19:00,172,com.moonactive.cmboard,"Coin Master: 보드 어드벤처"
19:00,173,com.xd.TLglobal,"토치라이트: 인피니트"
19:00,174,com.plarium.raidlegends,"레이드: 그림자의 전설"
19:00,175,com.gamespark.topking.gp,"탑 로드"
19:00,176,com.wemadeconnect.aos.lostdgl,"로스트 소드-1.5주년"
19:00,177,com.ea.huntingsniper,"헌팅 스나이퍼"
19:00,178,com.game.btjkr.and,"영혼 인도자：신의 이름으로"
19:00,179,apli879756.vmz,"괴수: 진화 연대기"
19:00,180,com.netmarble.fgok,"페이트/그랜드 오더"
19:00,181,com.blizzard.diablo.immortal,"디아블로 이모탈"
19:00,182,com.fatr.global,"호텔 레거시: 합성&리모델링"
19:00,183,com.mymskr.gp,"호드 워:어벤저의 소환"
19:00,184,com.devsisters.CookieRunForKakao,"쿠키런"
19:00,185,com.linegames.gm,"창세기전 모바일 - 서풍의 광시곡"
19:00,186,com.haoplay.game.gp.duck,"꽥꽥 구조대 - 알 폭격 디펜스"
19:00,187,com.blackdust.redblue,"냥찍 히어로즈 : 방치형 RPG"
19:00,188,com.pearlabyss.blackdesertm,"검은사막 모바일"
19:00,189,com.Knight.GrandQuest,"Legends Reborn: 마지막 전투"
19:00,190,com.kakaogames.friendsKing,"프렌즈팝콘"
19:00,191,com.standegg.wulin,"잠룡 : 무협 도트 RPG"
19:00,192,com.sundaytoz.kakao.anipang4,"애니팡4: 매치3 퍼즐 게임"
19:00,193,com.joycity.gw,"건쉽배틀 토탈워페어"
19:00,194,com.epicoro.castleclashers,"Castle Busters"
19:00,195,com.blizzard.wtcg.hearthstone,"하스스톤"
19:00,196,com.supercell.clashroyale,"클래시 로얄 (Clash Royale)"
19:00,197,com.sundaytoz.kakao.wbb,"위 베어 베어스 더 퍼즐 : 퍼즐게임"
19:00,198,com.YoStarKR.MahjongSoul,"작혼: 리치 마작"
19:00,199,com.hkqs.jszx.google,"부족 또 전쟁 : 무한루프 RPG"
19:00,200,com.happyelements.es2.kr.gp,"앙상블스타즈"
21:00,1,com.netmarble.sol,"SOL: enchant"
21:00,2,com.HoYoverse.Nap,"젠레스 존 제로 - 주년 기념"
21:00,3,com.gof.global,"WOS: 화이트아웃 서바이벌"
21:00,4,com.run.tower.defense,"킹샷:Kingshot"
21:00,5,com.kurogame.wutheringwaves.global,"명조:워더링 웨이브 - 현방 지계를 향하여"
21:00,6,com.nexon.ma,"메이플 키우기"
21:00,7,com.dreamgames.royalmatch,"로얄 매치 Royal Match"
21:00,8,com.fun.lastwar.gp,"라스트 워: 서바이벌"
21:00,9,com.roblox.client,"로블록스 (Roblox)"
21:00,10,com.kakaogames.odin,"오딘: 발할라 라이징"
21:00,11,com.mergegames.gossipharbor,"가십하버: 합성 & 스토리 게임"
21:00,12,com.ncsoft.lineagem19,"리니지M"
21:00,13,com.proximabeta.nikke,"승리의 여신: 니케"
21:00,14,com.HoYoverse.hkrpgoversea,"붕괴: 스타레일"
21:00,15,com.percent.aos.luckydefense,"운빨존많겜"
21:00,16,com.rxjhglkr.gp,"열혈강호: 넥스트"
21:00,17,game.qualiarts.hololive.dreams.com,"hololive Dreams"
21:00,18,com.nianticlabs.pokemongo,"Pokémon GO"
21:00,19,com.readygo.barrel.gp,"라스트 Z: 서바이벌 슈터"
21:00,20,com.gamedots.seasideescape,"씨사이드 익스케이프: 합성 & 스토리 게임"
21:00,21,com.nexon.fmk,"FC 모바일"
21:00,22,com.fatmerge.global,"테이스티 트레블: 합성 게임"
21:00,23,com.playrix.gardenscapes,"꿈의 정원 (Gardenscapes)"
21:00,24,com.netmarble.thered,"뱀피르"
21:00,25,com.nhnent.Qpoker,"한게임 포커"
21:00,26,com.phs.global,"라스트 어사일럼: 페스트"
21:00,27,com.nexon.devcat.mm,"마비노기 모바일"
21:00,28,jp.co.ponos.battlecatskr,"냥코 대전쟁"
21:00,29,com.dreamgames.royalkingdom,"로얄 킹덤 (Royal Kingdom)"
21:00,30,com.nexon.nsc.maplem,"메이플스토리M"
21:00,31,com.bhk.newslgkr,"삼국지: 천하결전"
21:00,32,jp.konami.pesam,"eFootball™"
21:00,33,com.nhnent.pokerclassic,"한게임포커 클래식 : 7포커 홀덤 섯다 훌라 슬롯"
21:00,34,com.xd.xdtglobal.gp,"두근두근타운"
21:00,35,com.com2us.futurecpb.android.google.global.normal,"컴투스프로야구V26"
21:00,36,com.ncsoft.lineagew,"리니지W"
21:00,37,com.devsisters.cc,"쿠키런 키우기 - 쿠키런: 크럼블"
21:00,38,com.YoStarKR.Arknights,"명일방주"
21:00,39,com.ncsoft.aion2,"AION2"
21:00,40,com.percent.aos.cooptd,"협타디: 협동 타워 디펜스"
21:00,41,com.hottagames.nte,"이환"
21:00,42,com.king.candycrushsaga,"캔디크러쉬사가 (Candy Crush Saga)"
21:00,43,com.netmarble.tskgb,"세븐나이츠 리버스"
21:00,44,com.webzen.mumonarch2.google,"뮤 모나크2"
21:00,45,com.supercell.brawlstars,"브롤스타즈"
21:00,46,com.jsjskr.google,"토이 삼국"
21:00,47,com.kr.firegp,"I9: 인페르노 나인"
21:00,48,com.cedargames.mysterytown,"미스터리 타운: 합성 게임 (Mystery Town)"
21:00,49,com.cola.game,"핫레스토랑: 머지&쿠킹"
21:00,50,com.nexon.fo4m,"EA SPORTS FC Online M"
21:00,51,com.ncsoft.lineage2m19,"리니지2M"
21:00,52,com.playrix.homescapes,"꿈의 집 (Homescapes)"
21:00,53,com.gravity.romkrzeny.aos,"라그나로크M: Classic"
21:00,54,com.playrix.township,"꿈의 마을 (Township)"
21:00,55,com.netmarble.monster2,"몬길: STAR DIVE"
21:00,56,com.pubg.krmobile,"배틀그라운드"
21:00,57,com.NHNEnt.MSudda,"한게임 섯다&맞고"
21:00,58,com.devsisters.ck,"쿠키런: 킹덤"
21:00,59,com.epidgames.trickcalrevive,"트릭컬 리바이브"
21:00,60,com.webzen.muangel.google,"뮤 모나크"
21:00,61,com.readygo.dark.gp,"Dark War Survival"
21:00,62,com.dlw.kr.google,"시티 데몬헌터즈: 각성자들"
21:00,63,com.neowiz.games.poker,"피망 포커 : 카지노 로얄 - 홀덤, 7포커, 바둑이"
21:00,64,com.hollywood.merge,"할리우드 머지"
21:00,65,com.neowizgames.game.browndust2,"브라운더스트2 - 가슴 벅찬 RPG"
21:00,66,com.nexon.he,"히간: 이루실"
21:00,67,com.superplaystudios.disneysolitairedreams,"Disney Solitaire 디즈니 솔리테어"
21:00,68,com.greenmushroom.boomblitz.gp,"탑 히어로즈"
21:00,69,com.highbrow.games.dvo,"드래곤빌리지3"
21:00,70,com.devsisters.gb,"쿠키런: 오븐브레이크"
21:00,71,com.miHoYo.GenshinImpact,"원신·공월의 노래"
21:00,72,com.com2us.smon.normal.freefull.google.kr.android.common,"서머너즈 워 X 장송의 프리렌"
21:00,73,com.nexon.kart,"카트라이더 러쉬플러스"
21:00,74,com.gametree.lhlr.gp,"그놈은 드래곤"
21:00,75,com.NHNEnt.NDuelgo,"한게임 신맞고 : 대한민국 원조 고스톱"
21:00,76,net.kernys.aooni,"좀비고등학교"
21:00,77,com.bandainamcoent.dgup_ww,"디지몬 UP"
21:00,78,com.dreamwalker.kr.gp,"꿈의 여행자: 별빛 여정"
21:00,79,com.merge.cooking.theme.restaurant.food,"머지 쿠킹 테마 레스토랑"
21:00,80,io.randomco.travel,"Travel Town - 결합 어드벤처"
21:00,81,com.ddup.zombiewaves.zw,"좀비 웨이브스"
21:00,82,com.neowiz.games.newmatgo,"피망 뉴맞고: 고스톱 대표 맞고 게임"
21:00,83,com.netmarble.rfnext,"RF 온라인 넥스트"
21:00,84,com.joycity.im,"임진왜란: 조선의 반격"
21:00,85,com.hariwn.legendofcivilizations,"포지 마스터 (Forge Master)"
21:00,86,com.fiveminlab.overgeared.hero.backpack.merge,"템빨용사: 픽셀 아이템 머지 RPG"
21:00,87,net.lightcon.windidle,"윈드러너 키우기"
21:00,88,com.mhclyxpb.gatja,"동방 찻집"
21:00,89,com.playrix.fishdomdd.gplay,"피쉬돔 (Fishdom)"
21:00,90,com.gear2.growslayer,"슬레이어 키우기"
21:00,91,com.kakaogames.aaw,"아키에이지 워 (ArcheAge WAR)"
21:00,92,kr.haoplay.game.and.reverse,"리버스: 1999"
21:00,93,com.ujoygp.flower,"오늘의 꽃"
21:00,94,com.smilegate.chaoszero.stove.google,"카오스 제로 나이트메어"
21:00,95,com.funplus.ts.global,"타일 서바이벌"
21:00,96,com.netmarble.raven2,"레이븐2"
21:00,97,com.haoplay.game.and.exilium,"소녀전선2: 망명"
21:00,98,com.kakaogames.umamusume,"우마무스메 프리티 더비"
21:00,99,com.netmarble.stonkey,"스톤에이지 키우기"
21:00,100,com.ProjectMoon.LimbusCompany,"Limbus Company"
21:00,101,com.kingsgroup.sos,"S.O.S: 스테이트 오브 서바이벌"
21:00,102,com.bandainamcoent.gget_WW,"SD건담 지 제네레이션 이터널"
21:00,103,com.global.ztmslgkr,"퍼즐 오브 Z"
21:00,104,com.xman.kr.gp,"X 클래시"
21:00,105,com.netmarble.bnsmkr,"블레이드&소울 레볼루션"
21:00,106,com.kr.lfhsgp,"그레이 사가"
21:00,107,com.billionairegames.serares,"변신 키우기"
21:00,108,com.com2us.probaseball3d.normal.freefull.google.global.android.common,"컴투스프로야구2026"
21:00,109,com.screenshake.dominodreams,"Domino Dreams™"
21:00,110,com.korea.hsbbkr.google,"도깨비 소녀와 함께"
21:00,111,com.zzsjkr.google,"갓깨비 키우기-999뽑기 증정"
21:00,112,com.qjzj4399kr.google,"기적의 검"
21:00,113,com.wemade.nightcrows,"나이트 크로우"
21:00,114,com.play.merge.restyle,"Merge Restyle"
21:00,115,com.riotgames.league.wildrift,"리그 오브 레전드: 와일드 리프트"
21:00,116,com.dwgames.chunorpg,"추노 키우기"
21:00,117,com.nhn.AApoker,"한게임 로얄홀덤"
21:00,118,com.haegin.kbo,"2026 프로야구GO!"
21:00,119,jp.pokemon.pokemontcgp,"포켓몬 카드 게임 Pocket"
21:00,120,net.gameduo.gv,"캣 히어로 : 방치형 RPG"
21:00,121,com.gear2.letsgolegends,"레츠고 레전드!"
21:00,122,com.camelgames.aoz,"에이지 오브 제트: 타워 디펜스"
21:00,123,com.yzlmkr.google,"우와 모험단"
21:00,124,com.ryonggame.soulhunteridle,"소울 헌터 키우기 : 방치형 RPG"
21:00,125,com.zempot.wplpoker,"WPL : 홀덤, 토너먼트, 오마하, 올인폴드, 픽앤고"
21:00,126,com.superplaystudios.dicedreams,"Dice Dreams™️"
21:00,127,com.ulugame.hdqykrob.google,"아케론:종말의 서곡"
21:00,128,com.kr.firelite,"I9: 인페르노 나인(19) - 세로형 RPG"
21:00,129,com.smilegate.lordnine.stove.google,"로드나인"
21:00,130,com.galasports.totalfootball.kr,"Total Football - 2026 북중미 시즌"
21:00,131,com.superpixel.undyinghero,"불사용사 키우기 : 방치형 RPG"
21:00,132,com.zlongame.kr.langrisser,"랑그릿사"
21:00,133,com.mojang.minecraftpe,"Minecraft: 나만의 세계를 꿈꾸고 만들어보세요"
21:00,134,com.netmarble.arthdal,"아스달 연대기: 세 개의 세력"
21:00,135,com.ylqdhkr.gp,"엔터테인먼트 거물"
21:00,136,net.peakgames.toonblast,"Toon Blast"
21:00,137,com.sundaytoz.mobile.anipang2.google.kakao.service,"애니팡2 - 3매치 퍼즐게임"
21:00,138,com.supercell.clashofclans,"클래시 오브 클랜"
21:00,139,com.hdfzxrpg.googlelb,"해적 키우기-방치형 RPG"
21:00,140,com.netmarble.lineageII,"리니지2 레볼루션"
21:00,141,com.com2us.futuremlb.android.google.global.normal,"MLB 9이닝스 라이벌 26"
21:00,142,com.hybeim.architect,"아키텍트: 랜드 오브 엑자일"
21:00,143,com.games.foundation,"파운데이션: 우주 전선"
21:00,144,com.kakaogames.ares,"아레스 : 라이즈 오브 가디언즈"
21:00,145,com.gearpaw.defenders.td.game,"기어몬: 타워 디펜스"
21:00,146,com.a3.topgirl.gplay,"Top Girl"
21:00,147,net.gameduo.anotherdungeon,"어나더던전"
21:00,148,com.MelsoftGames.FamilyIslandFarm,"패밀리 아일랜드 - 농장모험게임"
21:00,149,com.sopt.mafia42.client,"마피아42"
21:00,150,com.merge.game.foodstars,"푸드스타: 합쳐서 요리하기"
21:00,151,com.nexon.mdnf,"던전앤파이터 모바일"
21:00,152,com.gravity.rooc.android,"라그나로크 오리진 클래식"
21:00,153,com.dwjp.gp,"애니멀 가든 - 진짜 꽃다발을 배달돼요!"
21:00,154,com.joycastle.mergematch,"Matching Story - Puzzle Games"
21:00,155,com.xone.gpkr,"ASURA: 블러드 앤 소울"
21:00,156,com.smallgiantgames.empires,"엠파이어 & 퍼즐 (Empires & Puzzles)"
21:00,157,com.stove.epic7.google,"에픽세븐"
21:00,158,com.gryphline.endfield.gp,"명일방주: 엔드필드"
21:00,159,com.xmh.rpg.kr.an,"스카이 어비스: 혈맹의 서약"
21:00,160,com.justgame.jails,"랜드 오브 제일"
21:00,161,com.cyberjoy.galaxydefense,"갤럭시 디펜스 (Galaxy Defense)"
21:00,162,defense.roguelike.cell.shoot.survivor,"세포 특공대"
21:00,163,com.riftsky.mhg.kr.gp,"더 코지 플로리스트"
21:00,164,com.lilithgames.rok.gpkr,"라이즈 오브 킹덤즈"
21:00,165,com.sundaytoz.kakao.anipang3.service,"애니팡3 - 매치 3 퍼즐"
21:00,166,com.pocketchamps.game,"포켓 챔프: 3D 레이싱 게임"
21:00,167,com.wireless.defenseland,"레이드 러시: 타워 디펜스"
21:00,168,com.nns.genesis,"창세기전 키우기"
21:00,169,com.igg.android.doomsdaylastsurvivors,"둠스데이: 영웅의 여정"
21:00,170,com.netmarble.ma9bkr,"마구마구 2026: 풀체인지"
21:00,171,com.mxdzzkr.google,"버섯커 키우기-3000뽑기 증정"
21:00,172,com.moonactive.cmboard,"Coin Master: 보드 어드벤처"
21:00,173,com.xd.TLglobal,"토치라이트: 인피니트"
21:00,174,com.plarium.raidlegends,"레이드: 그림자의 전설"
21:00,175,com.gamespark.topking.gp,"탑 로드"
21:00,176,com.wemadeconnect.aos.lostdgl,"로스트 소드-1.5주년"
21:00,177,com.ea.huntingsniper,"헌팅 스나이퍼"
21:00,178,com.game.btjkr.and,"영혼 인도자：신의 이름으로"
21:00,179,apli879756.vmz,"괴수: 진화 연대기"
21:00,180,com.netmarble.fgok,"페이트/그랜드 오더"
21:00,181,com.blizzard.diablo.immortal,"디아블로 이모탈"
21:00,182,com.fatr.global,"호텔 레거시: 합성&리모델링"
21:00,183,com.mymskr.gp,"호드 워:어벤저의 소환"
21:00,184,com.devsisters.CookieRunForKakao,"쿠키런"
21:00,185,com.linegames.gm,"창세기전 모바일 - 서풍의 광시곡"
21:00,186,com.haoplay.game.gp.duck,"꽥꽥 구조대 - 알 폭격 디펜스"
21:00,187,com.blackdust.redblue,"냥찍 히어로즈 : 방치형 RPG"
21:00,188,com.pearlabyss.blackdesertm,"검은사막 모바일"
21:00,189,com.Knight.GrandQuest,"Legends Reborn: 마지막 전투"
21:00,190,com.kakaogames.friendsKing,"프렌즈팝콘"
21:00,191,com.standegg.wulin,"잠룡 : 무협 도트 RPG"
21:00,192,com.sundaytoz.kakao.anipang4,"애니팡4: 매치3 퍼즐 게임"
21:00,193,com.joycity.gw,"건쉽배틀 토탈워페어"
21:00,194,com.epicoro.castleclashers,"Castle Busters"
21:00,195,com.blizzard.wtcg.hearthstone,"하스스톤"
21:00,196,com.supercell.clashroyale,"클래시 로얄 (Clash Royale)"
21:00,197,com.sundaytoz.kakao.wbb,"위 베어 베어스 더 퍼즐 : 퍼즐게임"
21:00,198,com.YoStarKR.MahjongSoul,"작혼: 리치 마작"
21:00,199,com.hkqs.jszx.google,"부족 또 전쟁 : 무한루프 RPG"
21:00,200,com.happyelements.es2.kr.gp,"앙상블스타즈"
23:30,1,com.netmarble.sol,"SOL: enchant"
23:30,2,com.HoYoverse.Nap,"젠레스 존 제로 - 주년 기념"
23:30,3,com.gof.global,"WOS: 화이트아웃 서바이벌"
23:30,4,com.run.tower.defense,"킹샷:Kingshot"
23:30,5,com.kurogame.wutheringwaves.global,"명조:워더링 웨이브 - 현방 지계를 향하여"
23:30,6,com.nexon.ma,"메이플 키우기"
23:30,7,com.dreamgames.royalmatch,"로얄 매치 Royal Match"
23:30,8,com.fun.lastwar.gp,"라스트 워: 서바이벌"
23:30,9,com.roblox.client,"로블록스 (Roblox)"
23:30,10,com.kakaogames.odin,"오딘: 발할라 라이징"
23:30,11,com.mergegames.gossipharbor,"가십하버: 합성 & 스토리 게임"
23:30,12,com.ncsoft.lineagem19,"리니지M"
23:30,13,com.proximabeta.nikke,"승리의 여신: 니케"
23:30,14,com.HoYoverse.hkrpgoversea,"붕괴: 스타레일"
23:30,15,com.percent.aos.luckydefense,"운빨존많겜"
23:30,16,com.rxjhglkr.gp,"열혈강호: 넥스트"
23:30,17,game.qualiarts.hololive.dreams.com,"hololive Dreams"
23:30,18,com.nianticlabs.pokemongo,"Pokémon GO"
23:30,19,com.readygo.barrel.gp,"라스트 Z: 서바이벌 슈터"
23:30,20,com.gamedots.seasideescape,"씨사이드 익스케이프: 합성 & 스토리 게임"
23:30,21,com.nexon.fmk,"FC 모바일"
23:30,22,com.fatmerge.global,"테이스티 트레블: 합성 게임"
23:30,23,com.playrix.gardenscapes,"꿈의 정원 (Gardenscapes)"
23:30,24,com.netmarble.thered,"뱀피르"
23:30,25,com.nhnent.Qpoker,"한게임 포커"
23:30,26,com.phs.global,"라스트 어사일럼: 페스트"
23:30,27,com.nexon.devcat.mm,"마비노기 모바일"
23:30,28,jp.co.ponos.battlecatskr,"냥코 대전쟁"
23:30,29,com.dreamgames.royalkingdom,"로얄 킹덤 (Royal Kingdom)"
23:30,30,com.nexon.nsc.maplem,"메이플스토리M"
23:30,31,com.bhk.newslgkr,"삼국지: 천하결전"
23:30,32,jp.konami.pesam,"eFootball™"
23:30,33,com.nhnent.pokerclassic,"한게임포커 클래식 : 7포커 홀덤 섯다 훌라 슬롯"
23:30,34,com.xd.xdtglobal.gp,"두근두근타운"
23:30,35,com.com2us.futurecpb.android.google.global.normal,"컴투스프로야구V26"
23:30,36,com.ncsoft.lineagew,"리니지W"
23:30,37,com.devsisters.cc,"쿠키런 키우기 - 쿠키런: 크럼블"
23:30,38,com.YoStarKR.Arknights,"명일방주"
23:30,39,com.ncsoft.aion2,"AION2"
23:30,40,com.percent.aos.cooptd,"협타디: 협동 타워 디펜스"
23:30,41,com.hottagames.nte,"이환"
23:30,42,com.king.candycrushsaga,"캔디크러쉬사가 (Candy Crush Saga)"
23:30,43,com.netmarble.tskgb,"세븐나이츠 리버스"
23:30,44,com.webzen.mumonarch2.google,"뮤 모나크2"
23:30,45,com.supercell.brawlstars,"브롤스타즈"
23:30,46,com.jsjskr.google,"토이 삼국"
23:30,47,com.kr.firegp,"I9: 인페르노 나인"
23:30,48,com.cedargames.mysterytown,"미스터리 타운: 합성 게임 (Mystery Town)"
23:30,49,com.cola.game,"핫레스토랑: 머지&쿠킹"
23:30,50,com.nexon.fo4m,"EA SPORTS FC Online M"
23:30,51,com.ncsoft.lineage2m19,"리니지2M"
23:30,52,com.playrix.homescapes,"꿈의 집 (Homescapes)"
23:30,53,com.gravity.romkrzeny.aos,"라그나로크M: Classic"
23:30,54,com.playrix.township,"꿈의 마을 (Township)"
23:30,55,com.netmarble.monster2,"몬길: STAR DIVE"
23:30,56,com.pubg.krmobile,"배틀그라운드"
23:30,57,com.NHNEnt.MSudda,"한게임 섯다&맞고"
23:30,58,com.devsisters.ck,"쿠키런: 킹덤"
23:30,59,com.epidgames.trickcalrevive,"트릭컬 리바이브"
23:30,60,com.webzen.muangel.google,"뮤 모나크"
23:30,61,com.readygo.dark.gp,"Dark War Survival"
23:30,62,com.dlw.kr.google,"시티 데몬헌터즈: 각성자들"
23:30,63,com.neowiz.games.poker,"피망 포커 : 카지노 로얄 - 홀덤, 7포커, 바둑이"
23:30,64,com.hollywood.merge,"할리우드 머지"
23:30,65,com.neowizgames.game.browndust2,"브라운더스트2 - 가슴 벅찬 RPG"
23:30,66,com.nexon.he,"히간: 이루실"
23:30,67,com.superplaystudios.disneysolitairedreams,"Disney Solitaire 디즈니 솔리테어"
23:30,68,com.greenmushroom.boomblitz.gp,"탑 히어로즈"
23:30,69,com.highbrow.games.dvo,"드래곤빌리지3"
23:30,70,com.devsisters.gb,"쿠키런: 오븐브레이크"
23:30,71,com.miHoYo.GenshinImpact,"원신·공월의 노래"
23:30,72,com.com2us.smon.normal.freefull.google.kr.android.common,"서머너즈 워 X 장송의 프리렌"
23:30,73,com.nexon.kart,"카트라이더 러쉬플러스"
23:30,74,com.gametree.lhlr.gp,"그놈은 드래곤"
23:30,75,com.NHNEnt.NDuelgo,"한게임 신맞고 : 대한민국 원조 고스톱"
23:30,76,net.kernys.aooni,"좀비고등학교"
23:30,77,com.bandainamcoent.dgup_ww,"디지몬 UP"
23:30,78,com.dreamwalker.kr.gp,"꿈의 여행자: 별빛 여정"
23:30,79,com.merge.cooking.theme.restaurant.food,"머지 쿠킹 테마 레스토랑"
23:30,80,io.randomco.travel,"Travel Town - 결합 어드벤처"
23:30,81,com.ddup.zombiewaves.zw,"좀비 웨이브스"
23:30,82,com.neowiz.games.newmatgo,"피망 뉴맞고: 고스톱 대표 맞고 게임"
23:30,83,com.netmarble.rfnext,"RF 온라인 넥스트"
23:30,84,com.joycity.im,"임진왜란: 조선의 반격"
23:30,85,com.hariwn.legendofcivilizations,"포지 마스터 (Forge Master)"
23:30,86,com.fiveminlab.overgeared.hero.backpack.merge,"템빨용사: 픽셀 아이템 머지 RPG"
23:30,87,net.lightcon.windidle,"윈드러너 키우기"
23:30,88,com.mhclyxpb.gatja,"동방 찻집"
23:30,89,com.playrix.fishdomdd.gplay,"피쉬돔 (Fishdom)"
23:30,90,com.gear2.growslayer,"슬레이어 키우기"
23:30,91,com.kakaogames.aaw,"아키에이지 워 (ArcheAge WAR)"
23:30,92,kr.haoplay.game.and.reverse,"리버스: 1999"
23:30,93,com.ujoygp.flower,"오늘의 꽃"
23:30,94,com.smilegate.chaoszero.stove.google,"카오스 제로 나이트메어"
23:30,95,com.funplus.ts.global,"타일 서바이벌"
23:30,96,com.netmarble.raven2,"레이븐2"
23:30,97,com.haoplay.game.and.exilium,"소녀전선2: 망명"
23:30,98,com.kakaogames.umamusume,"우마무스메 프리티 더비"
23:30,99,com.netmarble.stonkey,"스톤에이지 키우기"
23:30,100,com.ProjectMoon.LimbusCompany,"Limbus Company"
23:30,101,com.kingsgroup.sos,"S.O.S: 스테이트 오브 서바이벌"
23:30,102,com.bandainamcoent.gget_WW,"SD건담 지 제네레이션 이터널"
23:30,103,com.global.ztmslgkr,"퍼즐 오브 Z"
23:30,104,com.xman.kr.gp,"X 클래시"
23:30,105,com.netmarble.bnsmkr,"블레이드&소울 레볼루션"
23:30,106,com.kr.lfhsgp,"그레이 사가"
23:30,107,com.billionairegames.serares,"변신 키우기"
23:30,108,com.com2us.probaseball3d.normal.freefull.google.global.android.common,"컴투스프로야구2026"
23:30,109,com.screenshake.dominodreams,"Domino Dreams™"
23:30,110,com.korea.hsbbkr.google,"도깨비 소녀와 함께"
23:30,111,com.zzsjkr.google,"갓깨비 키우기-999뽑기 증정"
23:30,112,com.qjzj4399kr.google,"기적의 검"
23:30,113,com.wemade.nightcrows,"나이트 크로우"
23:30,114,com.play.merge.restyle,"Merge Restyle"
23:30,115,com.riotgames.league.wildrift,"리그 오브 레전드: 와일드 리프트"
23:30,116,com.dwgames.chunorpg,"추노 키우기"
23:30,117,com.nhn.AApoker,"한게임 로얄홀덤"
23:30,118,com.haegin.kbo,"2026 프로야구GO!"
23:30,119,jp.pokemon.pokemontcgp,"포켓몬 카드 게임 Pocket"
23:30,120,net.gameduo.gv,"캣 히어로 : 방치형 RPG"
23:30,121,com.gear2.letsgolegends,"레츠고 레전드!"
23:30,122,com.camelgames.aoz,"에이지 오브 제트: 타워 디펜스"
23:30,123,com.yzlmkr.google,"우와 모험단"
23:30,124,com.ryonggame.soulhunteridle,"소울 헌터 키우기 : 방치형 RPG"
23:30,125,com.zempot.wplpoker,"WPL : 홀덤, 토너먼트, 오마하, 올인폴드, 픽앤고"
23:30,126,com.superplaystudios.dicedreams,"Dice Dreams™️"
23:30,127,com.ulugame.hdqykrob.google,"아케론:종말의 서곡"
23:30,128,com.kr.firelite,"I9: 인페르노 나인(19) - 세로형 RPG"
23:30,129,com.smilegate.lordnine.stove.google,"로드나인"
23:30,130,com.galasports.totalfootball.kr,"Total Football - 2026 북중미 시즌"
23:30,131,com.superpixel.undyinghero,"불사용사 키우기 : 방치형 RPG"
23:30,132,com.zlongame.kr.langrisser,"랑그릿사"
23:30,133,com.mojang.minecraftpe,"Minecraft: 나만의 세계를 꿈꾸고 만들어보세요"
23:30,134,com.netmarble.arthdal,"아스달 연대기: 세 개의 세력"
23:30,135,com.ylqdhkr.gp,"엔터테인먼트 거물"
23:30,136,net.peakgames.toonblast,"Toon Blast"
23:30,137,com.sundaytoz.mobile.anipang2.google.kakao.service,"애니팡2 - 3매치 퍼즐게임"
23:30,138,com.supercell.clashofclans,"클래시 오브 클랜"
23:30,139,com.hdfzxrpg.googlelb,"해적 키우기-방치형 RPG"
23:30,140,com.netmarble.lineageII,"리니지2 레볼루션"
23:30,141,com.com2us.futuremlb.android.google.global.normal,"MLB 9이닝스 라이벌 26"
23:30,142,com.hybeim.architect,"아키텍트: 랜드 오브 엑자일"
23:30,143,com.games.foundation,"파운데이션: 우주 전선"
23:30,144,com.kakaogames.ares,"아레스 : 라이즈 오브 가디언즈"
23:30,145,com.gearpaw.defenders.td.game,"기어몬: 타워 디펜스"
23:30,146,com.a3.topgirl.gplay,"Top Girl"
23:30,147,net.gameduo.anotherdungeon,"어나더던전"
23:30,148,com.MelsoftGames.FamilyIslandFarm,"패밀리 아일랜드 - 농장모험게임"
23:30,149,com.sopt.mafia42.client,"마피아42"
23:30,150,com.merge.game.foodstars,"푸드스타: 합쳐서 요리하기"
23:30,151,com.nexon.mdnf,"던전앤파이터 모바일"
23:30,152,com.gravity.rooc.android,"라그나로크 오리진 클래식"
23:30,153,com.dwjp.gp,"애니멀 가든 - 진짜 꽃다발을 배달돼요!"
23:30,154,com.joycastle.mergematch,"Matching Story - Puzzle Games"
23:30,155,com.xone.gpkr,"ASURA: 블러드 앤 소울"
23:30,156,com.smallgiantgames.empires,"엠파이어 & 퍼즐 (Empires & Puzzles)"
23:30,157,com.stove.epic7.google,"에픽세븐"
23:30,158,com.gryphline.endfield.gp,"명일방주: 엔드필드"
23:30,159,com.xmh.rpg.kr.an,"스카이 어비스: 혈맹의 서약"
23:30,160,com.justgame.jails,"랜드 오브 제일"
23:30,161,com.cyberjoy.galaxydefense,"갤럭시 디펜스 (Galaxy Defense)"
23:30,162,defense.roguelike.cell.shoot.survivor,"세포 특공대"
23:30,163,com.riftsky.mhg.kr.gp,"더 코지 플로리스트"
23:30,164,com.lilithgames.rok.gpkr,"라이즈 오브 킹덤즈"
23:30,165,com.sundaytoz.kakao.anipang3.service,"애니팡3 - 매치 3 퍼즐"
23:30,166,com.pocketchamps.game,"포켓 챔프: 3D 레이싱 게임"
23:30,167,com.wireless.defenseland,"레이드 러시: 타워 디펜스"
23:30,168,com.nns.genesis,"창세기전 키우기"
23:30,169,com.igg.android.doomsdaylastsurvivors,"둠스데이: 영웅의 여정"
23:30,170,com.netmarble.ma9bkr,"마구마구 2026: 풀체인지"
23:30,171,com.mxdzzkr.google,"버섯커 키우기-3000뽑기 증정"
23:30,172,com.moonactive.cmboard,"Coin Master: 보드 어드벤처"
23:30,173,com.xd.TLglobal,"토치라이트: 인피니트"
23:30,174,com.plarium.raidlegends,"레이드: 그림자의 전설"
23:30,175,com.gamespark.topking.gp,"탑 로드"
23:30,176,com.wemadeconnect.aos.lostdgl,"로스트 소드-1.5주년"
23:30,177,com.ea.huntingsniper,"헌팅 스나이퍼"
23:30,178,com.game.btjkr.and,"영혼 인도자：신의 이름으로"
23:30,179,apli879756.vmz,"괴수: 진화 연대기"
23:30,180,com.netmarble.fgok,"페이트/그랜드 오더"
23:30,181,com.blizzard.diablo.immortal,"디아블로 이모탈"
23:30,182,com.fatr.global,"호텔 레거시: 합성&리모델링"
23:30,183,com.mymskr.gp,"호드 워:어벤저의 소환"
23:30,184,com.devsisters.CookieRunForKakao,"쿠키런"
23:30,185,com.linegames.gm,"창세기전 모바일 - 서풍의 광시곡"
23:30,186,com.haoplay.game.gp.duck,"꽥꽥 구조대 - 알 폭격 디펜스"
23:30,187,com.blackdust.redblue,"냥찍 히어로즈 : 방치형 RPG"
23:30,188,com.pearlabyss.blackdesertm,"검은사막 모바일"
23:30,189,com.Knight.GrandQuest,"Legends Reborn: 마지막 전투"
23:30,190,com.kakaogames.friendsKing,"프렌즈팝콘"
23:30,191,com.standegg.wulin,"잠룡 : 무협 도트 RPG"
23:30,192,com.sundaytoz.kakao.anipang4,"애니팡4: 매치3 퍼즐 게임"
23:30,193,com.joycity.gw,"건쉽배틀 토탈워페어"
23:30,194,com.epicoro.castleclashers,"Castle Busters"
23:30,195,com.blizzard.wtcg.hearthstone,"하스스톤"
23:30,196,com.supercell.clashroyale,"클래시 로얄 (Clash Royale)"
23:30,197,com.sundaytoz.kakao.wbb,"위 베어 베어스 더 퍼즐 : 퍼즐게임"
23:30,198,com.YoStarKR.MahjongSoul,"작혼: 리치 마작"
23:30,199,com.hkqs.jszx.google,"부족 또 전쟁 : 무한루프 RPG"
23:30,200,com.happyelements.es2.kr.gp,"앙상블스타즈"
