time,rank,id,title
01:00,1,game.qualiarts.hololive.dreams.jp,"ホロライブドリームス"
01:00,2,jp.co.goodroid.hyper.busflow,"Bus Traffic Fever!　"
01:00,3,jp.gree_ent.mushoku,"無職転生〜異世界行ったら本気だす〜クロニクル・オブ・エコーズ"
01:00,4,com.oakever.meowdoku,"Meowdoku"
01:00,5,com.flow.cannonball,"Smash Fest!"
01:00,6,com.cyphergames.royalsmash,"Royal Smash! - Physics Puzzle"
01:00,7,com.mergegames.gossipharbor,"ゴシップハーバー：マージ & ストーリー"
01:00,8,jp.konami.pesam,"eFootball™"
01:00,9,com.grandgames.magicsort,"マジックソート！ (Magic Sort !)"
01:00,10,com.ecffri.arrows,"アローズ – パズルエスケープ (Arrows)"
01:00,11,com.mobirix.ldwm,"スイカ作り2048"
01:00,12,com.block.juggle,"ブロックブラスト (Block Blast)"
01:00,13,com.roblox.client,"Roblox (ロブロックス)"
01:00,14,com.unept.leveldevil,"Level Devil - NOT A Troll Game"
01:00,15,color.number.paint.pixle.art.sort.jigsaw,"Jewel Coloring"
01:00,16,com.kayac.slow_mo_strike,"Slow Mo Strike: ナイフ投げアクション"
01:00,17,com.nianticlabs.pokemongo,"Pokémon GO"
01:00,18,sorting.games.goods.sort.triple.match3d.puzzle.stuff,"商品整理ゲーム：3Dパズル"
01:00,19,com.run.tower.defense,"キングショット"
01:00,20,com.puzzlegames.puzzlebrickslegend,"カラーブロック：爽快パズル(ColorBlock)"
01:00,21,com.playrix.township,"タウンシップ (Township)"
01:00,22,com.fatmerge.global,"グルメ・ジャーニー"
01:00,23,com.hollywood.merge,"ハリウッドマージ"
01:00,24,com.brain.crazy.joygame,"Brain Puzzle 3: Crazy Mind"
01:00,25,jp.pokemon.pokemonchampions,"Pokémon Champions"
01:00,26,com.dreamgames.royalkingdom,"ロイヤルキングダム (Royal Kingdom)"
01:00,27,com.bandainamcoent.dgup_jp,"デジモンUP"
01:00,28,com.oakever.arrows,"Amaze GO! - 矢印 パズル"
01:00,29,com.linecorp.LGSBJ22,"LINE：ブロックジャム"
01:00,30,com.gof.global,"ホワイトアウト・サバイバル"
01:00,31,com.supercell.brawlstars,"ブロスタ"
01:00,32,com.fty.trickmean2game,"トリミン2！-トリッキーミーン2 いじわる脳トレパズルゲーム"
01:00,33,jp.co.ponos.battlecats,"にゃんこ大戦争"
01:00,34,com.vitastudio.mahjong,"ヴィータ麻雀(Vita Mahjong)"
01:00,35,com.onyxhook.nekotabi,"ねこ旅 – 放置×収集×ポイ活アプリ"
01:00,36,jp.co.applibot.chiikawapocket,"ちいかわぽけっと"
01:00,37,com.sled.surfers.game,"Sled Surfers - ズ - 坂冒険"
01:00,38,air.jp.globalgear.kechi,"ドケチボーイ -脱出ゲーム"
01:00,39,com.pocket.sort.coin.puzzle.game,"ポケットソート (Pocket Sort)：コインパズル"
01:00,40,com.yzlm.jp.and,"勇者連盟：暁の遠征"
01:00,41,com.soccer.score.star,"サッカースーパースター(Soccer Superstar)"
01:00,42,block.color.game.jam.blocks.sort.puzzle.games.slide.free,"ブロックカラー・マニア"
01:00,43,pics.karaage.sokutaiho,"巡回中！即タイホ！"
01:00,44,water.sort.color.puzzle.offline.games,"Water Sort! カラーロジック"
01:00,45,com.gartic.garticphone,"Gartic Phone"
01:00,46,com.leap.searchit,"Search It – 隠しアイテム探し"
01:00,47,com.funplus.ts.global,"タイルズ・サバイバル"
01:00,48,com.vigafun.funfinity.foodhunt,"Food Hunt: Pixel Puzzle"
01:00,49,com.nutsbolts.zgsn,"Romantic Nuts & Bolts Sorting"
01:00,50,bus.loop.traffic.jam.fever.bus.puzzle,"Bus Loop:Jam Master"
01:00,51,bus.games.car.out.traffic.parking.jam.escape.puzzle,"バスゲーム・駐車場パズル：Bus Madness"
01:00,52,com.zigzagame.paranoize,"パラノイズ"
01:00,53,com.youmusic.magictiles,"魔法のタイルズ3 - ピアノ曲 & ゲーム"
01:00,54,com.wood.bolt.wordle.screw.nuts.puzzle,"ネジパズル: 脳トレ ウッド パズル - 人気 ネジ ゲーム"
01:00,55,com.nebula.mahjongtile,"麻雀ブラスト (Mahjong Blast)"
01:00,56,com.find.spot.photo.hunt.differences.free.hidden,"間違い探し：違いを探す楽しいパズルゲーム"
01:00,57,com.epicgames.fortnite,"フォートナイト"
01:00,58,com.bunbunstudio.magicblocktiles,"ぴあのたいる7: 音ゲー . リズムゲーム"
01:00,59,com.carnival.blast.smash3d,"Carnival Blast!"
01:00,60,com.dreamgames.royalmatch,"ロイヤルマッチ Royal Match"
01:00,61,com.tripledot.blockssmashgame,"Stack Smash - Block 3D Puzzle"
01:00,62,beats.color.sing.star.rush,"魔法ピアノタイル9 : ピアノゲーム、おんがくげーむ、音ゲー"
01:00,63,com.rotatelab.cubeblast,"Cube Land Puzzle Game"
01:00,64,tokyo.chickenskin.imikowa,"意味怖ストーリー：バッドエンドを回避せよ！"
01:00,65,jp.pokemon.pokemontcgp,"Pokémon TCG Pocket"
01:00,66,com.mobcast.okp,"キングダム 乱 -天下統一への道- 究極の本格戦略ゲーム"
01:00,67,com.topwar.gp,"トップウォー"
01:00,68,hidden.object.find.seek.search.mystery.puzzle.games.free,"隠しオブジェクトゲーム：探してみよう"
01:00,69,com.nexters.herowars,"ヒーローウォーズ：アライアンス — 放置系ロールプレイング"
01:00,70,com.square_enix.android_googleplay.dqsgj,"ドラゴンクエストスマッシュグロウ ドラクエローグライトRPG"
01:00,71,wool.match.color.sort.jam.puzzle,"毛糸クラッシュ"
01:00,72,com.pixel.art.coloring.color.number,"Happy Color® – 数字で塗り絵と色ぬりえ"
01:00,73,com.whoyaho.tanghulu,"フルーツ飴の達人 - ドバイもち、パフェ、ASMR、モッパン"
01:00,74,com.merge.cooking.theme.restaurant.food,"マージクッキング テーマレストラン"
01:00,75,com.linecorp.LGTMTM,"LINE：ディズニー ツムツム"
01:00,76,com.tgc.sky.android,"Sky 星を紡ぐ子どもたち"
01:00,77,com.furrjam.traffic.jamgame,"FurrJam:Hop In!"
01:00,78,jigsaw.solitaire.match.games.free,"ジグソードロップ：ソリティアパズル"
01:00,79,com.nebula.tiles,"タップタイル (Tap Tile)"
01:00,80,jp.co.drecom.wizardry.daphne,"Wizardry Variants Daphne"
01:00,81,io.supercent.linkedcubic,"スネーククラッシュ (Snake Clash)"
01:00,82,com.ocean.block.shoot,"Ocean Block Shoot"
01:00,83,com.FortuneMine.CarnivalKnockdown,"Carnival Knockdown"
01:00,84,com.fluffydrop.op.gp,"Fluffy Drop"
01:00,85,com.chirpysort.game.android,"Chirpy Sort: Bird Color Puzzle"
01:00,86,com.sega.pjsekai,"プロジェクトセカイ カラフルステージ！ feat. 初音ミク"
01:00,87,com.media720.games2020,"オフラインゲーム 暇つぶし 楽しい ミニパズルボード"
01:00,88,find.difference.spot.differences.hidden.puzzle.games.free,"間違い探し - 見つけてスポット"
01:00,89,jp.co.sega.am2.MJMobile,"セガNET麻雀 MJ"
01:00,90,easy.sudoku.puzzle.solver.free,"ナンプレ - 大人気アプリ"
01:00,91,com.xman.jp.gp,"X-Clash"
01:00,92,com.merge.game.foodstars,"フードスター:マージ & クック"
01:00,93,com.gtsy.annoying.punch.game,"Annoying Uncle - パンチゲーム"
01:00,94,com.hypervation.goodssort,"Goods Sort Match - パズル"
01:00,95,com.readygo.barrel.gp,"ラストZ：サバイバルシューティング"
01:00,96,com.hmbl.perfect.makeover.cleaning.asmr,"Perfect Makeover Cleaning ASMR"
01:00,97,jp.co.mixi.monsterstrike,"モンスターストライク"
01:00,98,water.sort.puzzle.game.color.sorting.free,"水選別パズルゲーム - 楽しい色分けパズルゲーム"
01:00,99,com.combo.knockout,"Knock Out"
01:00,100,jp.co.sonicpowered.battle.unlimited.cxw,"クローズ×WORST UNLIMITED(アンリミ)"
01:00,101,com.cedargames.mysterytown,"ミステリータウン：マージゲーム (Mystery Town)"
01:00,102,com.eurekastudio.mapfit,"Map Fit（マップフィット）-究極の地図パズル-"
01:00,103,com.agavegames.findthecat2,"Find The Cat 2 - Spot It!"
01:00,104,com.wood.block.sudoku.puzzle.bm,"Block Crush: ブロックブラストパズル"
01:00,105,com.easybrain.sudoku.android,"ナンプレ - ロジックパズルゲーム"
01:00,106,io.voodoo.paper2,"Paper.io 2"
01:00,107,com.ew.mahjong,"楽しい麻雀マッチ"
01:00,108,com.studiobside.starMain,"スターセイヴァー"
01:00,109,com.innersloth.spacemafia,"Among Us"
01:00,110,com.global.ztmslg,"パズル&サバイバル"
01:00,111,com.football.soccer.league,"サッカーリーグ2026"
01:00,112,com.QdanApp.QdanGames,"どこでもパーティーゲーム「どこパ」（ワードウルフオンライン）"
01:00,113,com.easybrain.brick.balls.blast,"Brick Blast - ブロック崩し"
01:00,114,com.brain.logic.joygame,"Brain Puzzle 2: Logic Twist"
01:00,115,com.square_enix.android_googleplay.dqwalkj,"ドラゴンクエストウォーク"
01:00,116,com.rush.xtreme.sports,"ラッシュ：エクストリーム (RUSH: Xtreme)"
01:00,117,com.phs.global,"ラストアサイラム：プレイグ"
01:00,118,jigsolitaire.jigsort.jigsaw.solitaire.puzzle,"ジグソートパズル：ソリティアの楽しさを楽しもう"
01:00,119,com.shogunstudios.poikatsuhakkosusumukun,"ポイ活 発酵！ススムくん：放置ゲームで簡単ポイント稼ぎ"
01:00,120,jp.gungho.pad,"パズル＆ドラゴンズ"
01:00,121,com.cliffs.pro.cell.building.crazy.clever.craft,"Block Crazy Robo World Craft"
01:00,122,com.mahjong.master.solitaire.match.puzzle,"麻雀マスター：デイリーマッチ"
01:00,123,com.robtopx.geometryjumplite,"Geometry Dash Lite"
01:00,124,com.h8games.littlefarmstory,"リトルファームストーリー"
01:00,125,daily.number.match.free.puzzle,"デイリーナンバーマッチ"
01:00,126,jp.pokemon.pokemonsleep,"Pokémon Sleep"
01:00,127,net.peakgames.toonblast,"トゥーンブラスト (Toon Blast)"
01:00,128,com.gamovation.tileclub,"タイルクラブ - マッチングゲーム"
01:00,129,com.unicostudio.braintest,"ブレインテスト(Brain Test)：ひっかけパズル"
01:00,130,com.magic.relaxing.water.sort.colorgame.puzzle,"3D Colorful Sort™ 魔法の水"
01:00,131,com.bravestars.savethedog.drawgame,"Save The Pets"
01:00,132,jp.konami.prospia,"プロ野球スピリッツA"
01:00,133,solitaire.word.association.connections.puzzle,"ソリティアワード: Solitaire Connection"
01:00,134,tokyo.chickenskin.yokai,"妖怪カノジョ：妖怪はキミに恋をする"
01:00,135,com.kite.knockfever,"Knock Fever"
01:00,136,com.mobsmile.coincollector,"Coin Collector"
01:00,137,com.kwalee.drawit,"ドロー・イット"
01:00,138,com.JindoBlu.OfflineGames,"オフラインゲーム - 暇つぶし ゲーム - パズルゲーム"
01:00,139,ball.sort.puzzle.color.sorting.bubble.games,"ボール選別 - 脳を鍛える色分けパズル ゲーム"
01:00,140,com.ig.screwdom,"Screwdom 3D"
01:00,141,com.fiveminlab.overgeared.hero.backpack.merge,"チート勇者～インベントリ攻略ゲー～RPG"
01:00,142,water.sort.master.colors.games,"Water Sort: Master Colors"
01:00,143,com.HoYoverse.hkrpgoversea,"崩壊：スターレイル"
01:00,144,com.Chodun.CatGunner,"にゃんこ銃士：放置育成RPG"
01:00,145,com.ea.gp.fifamobile,"EA SPORTS FC™ サッカー Mobile 2026"
01:00,146,com.igg.android.doomsdaylastsurvivors,"ドゥームズデイ × FAIRY TAIL コラボ開催中！"
01:00,147,com.tfgco.apps.coloring.free.color.by.number,"番号でぬりえ: ピクセル着色ゲーム"
01:00,148,com.kite.kittypick,"Kitty Pick"
01:00,149,io.voodoo.holeio,"ホール.io"
01:00,150,com.mxdzz.jp.and,"キノコ伝説：勇者と魔法のランプ"
01:00,151,diamond.pixel.art.jewel.color.flow.sort.puzzle,"ジュエルカラーソート：ダイヤゲーム"
01:00,152,com.warrior.screw.gp,"ねじねじパズル"
01:00,153,com.sega.Kotodaman,"コトダマン ‐ 共闘ことばRPG"
01:00,154,com.qookkagames.xczyw.gp.jp,"信長の野望 真戦"
01:00,155,com.fungames.blockcraft,"ブロッククラフト3D (Block Craft)：建設ゲーム"
01:00,156,com.vincentb.MobControl,"Mob Control"
01:00,157,com.kiwifun.game.android.screw.master,"ネジ3Dパズル：ピンを外すゲーム"
01:00,158,com.moonactive.holestars,"Hole Stars: パズルゲーム"
01:00,159,com.actgames.HelloKittyMDS,"ハローキティ：マイドリームストア"
01:00,160,com.cbewjp.arrow.beauty.awaits,"Arrow Away - Beauty Awaits"
01:00,161,com.zjxscjp.google,"ドット伝説～魔王になる異世界放置RPG～"
01:00,162,io.supercent.pizzaidle,"ピザレディー (Pizza Ready)"
01:00,163,com.crossfield.mahjong,"麻雀 闘龍 - 初心者から楽しめる麻雀ゲーム"
01:00,164,com.s01.global,"Lordrush: ロードトゥパワー"
01:00,165,com.screw3d.match.nuts.bolts.pin.jam.away.puzzle,"3D Bolt Master: ネジパズルゲーム"
01:00,166,com.goods.sorting.games.triple.match3d.puzzle,"商品整理ゲーム：3Dパズル"
01:00,167,com.king.candycrushsaga,"キャンディークラッシュ (Candy Crush Saga)"
01:00,168,com.rescue.agent,"ヘリコプター・エスケープ"
01:00,169,com.arrow.madness.games.arrows.escape.puzzle.game,"Maze Madness - 脳トレパズル"
01:00,170,com.gamincat.roomsort,"ルームソート - 間取り図ゲーム"
01:00,171,loppipoppi.numbermatch,"Number Clash - Math Game"
01:00,172,com.fun.brain.game,"ブレパズ！Brain Puzzle ひっかけパズル"
01:00,173,defense.roguelike.cell.shoot.survivor,"セルサバイバー"
01:00,174,com.gamovation.sudoku,"数独 - 毎日ナンプレを解いて気軽に頭の体操"
01:00,175,com.slg.savagesurvival,"サベージ・サバイバル：恐竜の咆哮"
01:00,176,com.car.parking.bus.mania.traffic.jam,"Bus Jam：駐車場ゲーム パーキングジャム"
01:00,177,com.kayac.PistolDuel,"Pistol Duel"
01:00,178,screw.puzzle.match3.brain.puzz,"ネジマッチ: Screw Sort 3D ネジパズル ボルト"
01:00,179,com.ares.twd,"The Walking Dead: Aftermath"
01:00,180,com.fungames.sniper3d,"Sniper 3D：銃を撃つゲーム"
01:00,181,gridplus.busjam.carpuzzle,"Bus Fever-Car Jam Escape"
01:00,182,piggy.escape.jam.farm.puzzle.game,"Piggy Escape: 動物パーキングゲーム"
01:00,183,com.infiniplay.merge.fashion.romance.story,"Merge Fashion(マージファッション):マージ"
01:00,184,com.flower.forest.word.puzzle,"Flower Forest - ワードパズル"
01:00,185,com.oakever.jigsawcard,"Jigsawcard Solitaire Puzzle"
01:00,186,com.abi.busjam.sortpuzzle,"バスゲーム：カーパーキング・バスゲーム"
01:00,187,com.microdose.balljam,"Marble Sort!"
01:00,188,com.whoyaho.pendeco,"デコの達人 - カスタムボールペンASMR"
01:00,189,com.playrix.gardenscapes,"ガーデンスケイプ(Gardenscapes)"
01:00,190,com.game.friends.jp,"TopTop(トップトップ) - 友達と一緒に遊ぼう"
01:00,191,com.loop.clear.cube.free.card.puzzle.sort.match,"ループマスター（Loop Master）"
01:00,192,com.bandainamcoent.dblegends_jp,"ドラゴンボール レジェンズ"
01:00,193,jp.co.level5.inazumacross,"イナズマイレブン クロス"
01:00,194,com.epicoro.castleclashers,"Castle Busters"
01:00,195,com.YoStarJP.MajSoul,"雀魂‐じゃんたま‐"
01:00,196,water.sort.puzzle.color.sort.games,"Water Sort：カラー チューブ パズル"
01:00,197,com.ultimatelavashgames.rollthehole,"たべるジェリーホール - Jelly Hole"
01:00,198,com.eagle_developers.shukapig,"出荷ぶた-養豚場育成ゲーム！ポイ活可能の放置で癒しの牧場経営"
01:00,199,and.brainworks.holeemall,"ホール・エム・オール (Hole Em All)"
01:00,200,com.heartsnet.clickwood.gp,"クリック Wood (Click Wood)"
02:30,1,game.qualiarts.hololive.dreams.jp,"ホロライブドリームス"
02:30,2,jp.co.goodroid.hyper.busflow,"Bus Traffic Fever!　"
02:30,3,jp.gree_ent.mushoku,"無職転生〜異世界行ったら本気だす〜クロニクル・オブ・エコーズ"
02:30,4,com.oakever.meowdoku,"Meowdoku"
02:30,5,com.flow.cannonball,"Smash Fest!"
02:30,6,com.grandgames.magicsort,"マジックソート！ (Magic Sort !)"
02:30,7,com.mergegames.gossipharbor,"ゴシップハーバー：マージ & ストーリー"
02:30,8,com.ecffri.arrows,"アローズ – パズルエスケープ (Arrows)"
02:30,9,com.cyphergames.royalsmash,"Royal Smash! - Physics Puzzle"
02:30,10,com.mobirix.ldwm,"スイカ作り2048"
02:30,11,com.roblox.client,"Roblox (ロブロックス)"
02:30,12,com.unept.leveldevil,"Level Devil - NOT A Troll Game"
02:30,13,jp.konami.pesam,"eFootball™"
02:30,14,color.number.paint.pixle.art.sort.jigsaw,"Jewel Coloring"
02:30,15,com.kayac.slow_mo_strike,"Slow Mo Strike: ナイフ投げアクション"
02:30,16,com.nianticlabs.pokemongo,"Pokémon GO"
02:30,17,sorting.games.goods.sort.triple.match3d.puzzle.stuff,"商品整理ゲーム：3Dパズル"
02:30,18,com.run.tower.defense,"キングショット"
02:30,19,com.puzzlegames.puzzlebrickslegend,"カラーブロック：爽快パズル(ColorBlock)"
02:30,20,com.block.juggle,"ブロックブラスト (Block Blast)"
02:30,21,com.playrix.township,"タウンシップ (Township)"
02:30,22,com.fatmerge.global,"グルメ・ジャーニー"
02:30,23,com.hollywood.merge,"ハリウッドマージ"
02:30,24,com.brain.crazy.joygame,"Brain Puzzle 3: Crazy Mind"
02:30,25,jp.pokemon.pokemonchampions,"Pokémon Champions"
02:30,26,com.bandainamcoent.dgup_jp,"デジモンUP"
02:30,27,com.oakever.arrows,"Amaze GO! - 矢印 パズル"
02:30,28,jp.co.ponos.battlecats,"にゃんこ大戦争"
02:30,29,com.vitastudio.mahjong,"ヴィータ麻雀(Vita Mahjong)"
02:30,30,com.onyxhook.nekotabi,"ねこ旅 – 放置×収集×ポイ活アプリ"
02:30,31,com.sled.surfers.game,"Sled Surfers - ズ - 坂冒険"
02:30,32,jp.co.applibot.chiikawapocket,"ちいかわぽけっと"
02:30,33,com.pocket.sort.coin.puzzle.game,"ポケットソート (Pocket Sort)：コインパズル"
02:30,34,com.yzlm.jp.and,"勇者連盟：暁の遠征"
02:30,35,com.soccer.score.star,"サッカースーパースター(Soccer Superstar)"
02:30,36,pics.karaage.sokutaiho,"巡回中！即タイホ！"
02:30,37,com.dreamgames.royalkingdom,"ロイヤルキングダム (Royal Kingdom)"
02:30,38,water.sort.color.puzzle.offline.games,"Water Sort! カラーロジック"
02:30,39,com.gartic.garticphone,"Gartic Phone"
02:30,40,com.vigafun.funfinity.foodhunt,"Food Hunt: Pixel Puzzle"
02:30,41,com.nutsbolts.zgsn,"Romantic Nuts & Bolts Sorting"
02:30,42,bus.games.car.out.traffic.parking.jam.escape.puzzle,"バスゲーム・駐車場パズル：Bus Madness"
02:30,43,com.linecorp.LGSBJ22,"LINE：ブロックジャム"
02:30,44,com.zigzagame.paranoize,"パラノイズ"
02:30,45,com.fty.trickmean2game,"トリミン2！-トリッキーミーン2 いじわる脳トレパズルゲーム"
02:30,46,com.gof.global,"ホワイトアウト・サバイバル"
02:30,47,com.supercell.brawlstars,"ブロスタ"
02:30,48,com.find.spot.photo.hunt.differences.free.hidden,"間違い探し：違いを探す楽しいパズルゲーム"
02:30,49,com.wood.bolt.wordle.screw.nuts.puzzle,"ネジパズル: 脳トレ ウッド パズル - 人気 ネジ ゲーム"
02:30,50,com.epicgames.fortnite,"フォートナイト"
02:30,51,com.bunbunstudio.magicblocktiles,"ぴあのたいる7: 音ゲー . リズムゲーム"
02:30,52,com.carnival.blast.smash3d,"Carnival Blast!"
02:30,53,air.jp.globalgear.kechi,"ドケチボーイ -脱出ゲーム"
02:30,54,com.tripledot.blockssmashgame,"Stack Smash - Block 3D Puzzle"
02:30,55,com.leap.searchit,"Search It – 隠しアイテム探し"
02:30,56,beats.color.sing.star.rush,"魔法ピアノタイル9 : ピアノゲーム、おんがくげーむ、音ゲー"
02:30,57,block.color.game.jam.blocks.sort.puzzle.games.slide.free,"ブロックカラー・マニア"
02:30,58,bus.loop.traffic.jam.fever.bus.puzzle,"Bus Loop:Jam Master"
02:30,59,tokyo.chickenskin.imikowa,"意味怖ストーリー：バッドエンドを回避せよ！"
02:30,60,jp.pokemon.pokemontcgp,"Pokémon TCG Pocket"
02:30,61,hidden.object.find.seek.search.mystery.puzzle.games.free,"隠しオブジェクトゲーム：探してみよう"
02:30,62,com.nexters.herowars,"ヒーローウォーズ：アライアンス — 放置系ロールプレイング"
02:30,63,com.square_enix.android_googleplay.dqsgj,"ドラゴンクエストスマッシュグロウ ドラクエローグライトRPG"
02:30,64,com.youmusic.magictiles,"魔法のタイルズ3 - ピアノ曲 & ゲーム"
02:30,65,com.pixel.art.coloring.color.number,"Happy Color® – 数字で塗り絵と色ぬりえ"
02:30,66,com.FortuneMine.CarnivalKnockdown,"Carnival Knockdown"
02:30,67,com.whoyaho.tanghulu,"フルーツ飴の達人 - ドバイもち、パフェ、ASMR、モッパン"
02:30,68,com.merge.cooking.theme.restaurant.food,"マージクッキング テーマレストラン"
02:30,69,com.funplus.ts.global,"タイルズ・サバイバル"
02:30,70,com.linecorp.LGTMTM,"LINE：ディズニー ツムツム"
02:30,71,com.tgc.sky.android,"Sky 星を紡ぐ子どもたち"
02:30,72,com.nebula.tiles,"タップタイル (Tap Tile)"
02:30,73,com.nebula.mahjongtile,"麻雀ブラスト (Mahjong Blast)"
02:30,74,jp.co.drecom.wizardry.daphne,"Wizardry Variants Daphne"
02:30,75,com.fluffydrop.op.gp,"Fluffy Drop"
02:30,76,com.dreamgames.royalmatch,"ロイヤルマッチ Royal Match"
02:30,77,find.difference.spot.differences.hidden.puzzle.games.free,"間違い探し - 見つけてスポット"
02:30,78,com.furrjam.traffic.jamgame,"FurrJam:Hop In!"
02:30,79,com.hypervation.goodssort,"Goods Sort Match - パズル"
02:30,80,com.combo.knockout,"Knock Out"
02:30,81,jp.co.sega.am2.MJMobile,"セガNET麻雀 MJ"
02:30,82,easy.sudoku.puzzle.solver.free,"ナンプレ - 大人気アプリ"
02:30,83,com.merge.game.foodstars,"フードスター:マージ & クック"
02:30,84,com.gtsy.annoying.punch.game,"Annoying Uncle - パンチゲーム"
02:30,85,com.readygo.barrel.gp,"ラストZ：サバイバルシューティング"
02:30,86,water.sort.puzzle.game.color.sorting.free,"水選別パズルゲーム - 楽しい色分けパズルゲーム"
02:30,87,com.mobcast.okp,"キングダム 乱 -天下統一への道- 究極の本格戦略ゲーム"
02:30,88,jp.co.sonicpowered.battle.unlimited.cxw,"クローズ×WORST UNLIMITED(アンリミ)"
02:30,89,com.cedargames.mysterytown,"ミステリータウン：マージゲーム (Mystery Town)"
02:30,90,com.QdanApp.QdanGames,"どこでもパーティーゲーム「どこパ」（ワードウルフオンライン）"
02:30,91,com.agavegames.findthecat2,"Find The Cat 2 - Spot It!"
02:30,92,com.wood.block.sudoku.puzzle.bm,"Block Crush: ブロックブラストパズル"
02:30,93,com.easybrain.sudoku.android,"ナンプレ - ロジックパズルゲーム"
02:30,94,io.voodoo.paper2,"Paper.io 2"
02:30,95,com.ew.mahjong,"楽しい麻雀マッチ"
02:30,96,com.studiobside.starMain,"スターセイヴァー"
02:30,97,com.ocean.block.shoot,"Ocean Block Shoot"
02:30,98,com.innersloth.spacemafia,"Among Us"
02:30,99,com.topwar.gp,"トップウォー"
02:30,100,com.football.soccer.league,"サッカーリーグ2026"
02:30,101,com.brain.logic.joygame,"Brain Puzzle 2: Logic Twist"
02:30,102,com.shogunstudios.poikatsuhakkosusumukun,"ポイ活 発酵！ススムくん：放置ゲームで簡単ポイント稼ぎ"
02:30,103,com.square_enix.android_googleplay.dqwalkj,"ドラゴンクエストウォーク"
02:30,104,com.rush.xtreme.sports,"ラッシュ：エクストリーム (RUSH: Xtreme)"
02:30,105,wool.match.color.sort.jam.puzzle,"毛糸クラッシュ"
02:30,106,com.phs.global,"ラストアサイラム：プレイグ"
02:30,107,jigsolitaire.jigsort.jigsaw.solitaire.puzzle,"ジグソートパズル：ソリティアの楽しさを楽しもう"
02:30,108,com.cliffs.pro.cell.building.crazy.clever.craft,"Block Crazy Robo World Craft"
02:30,109,com.mahjong.master.solitaire.match.puzzle,"麻雀マスター：デイリーマッチ"
02:30,110,com.h8games.littlefarmstory,"リトルファームストーリー"
02:30,111,jp.pokemon.pokemonsleep,"Pokémon Sleep"
02:30,112,com.magic.relaxing.water.sort.colorgame.puzzle,"3D Colorful Sort™ 魔法の水"
02:30,113,jigsaw.solitaire.match.games.free,"ジグソードロップ：ソリティアパズル"
02:30,114,net.peakgames.toonblast,"トゥーンブラスト (Toon Blast)"
02:30,115,io.supercent.linkedcubic,"スネーククラッシュ (Snake Clash)"
02:30,116,com.gamovation.tileclub,"タイルクラブ - マッチングゲーム"
02:30,117,com.unicostudio.braintest,"ブレインテスト(Brain Test)：ひっかけパズル"
02:30,118,com.bravestars.savethedog.drawgame,"Save The Pets"
02:30,119,jp.konami.prospia,"プロ野球スピリッツA"
02:30,120,solitaire.word.association.connections.puzzle,"ソリティアワード: Solitaire Connection"
02:30,121,com.sega.pjsekai,"プロジェクトセカイ カラフルステージ！ feat. 初音ミク"
02:30,122,tokyo.chickenskin.yokai,"妖怪カノジョ：妖怪はキミに恋をする"
02:30,123,com.chirpysort.game.android,"Chirpy Sort: Bird Color Puzzle"
02:30,124,com.media720.games2020,"オフラインゲーム 暇つぶし 楽しい ミニパズルボード"
02:30,125,com.rotatelab.cubeblast,"Cube Land Puzzle Game"
02:30,126,com.kwalee.drawit,"ドロー・イット"
02:30,127,com.JindoBlu.OfflineGames,"オフラインゲーム - 暇つぶし ゲーム - パズルゲーム"
02:30,128,ball.sort.puzzle.color.sorting.bubble.games,"ボール選別 - 脳を鍛える色分けパズル ゲーム"
02:30,129,water.sort.master.colors.games,"Water Sort: Master Colors"
02:30,130,com.ig.screwdom,"Screwdom 3D"
02:30,131,com.fun.brain.game,"ブレパズ！Brain Puzzle ひっかけパズル"
02:30,132,com.fiveminlab.overgeared.hero.backpack.merge,"チート勇者～インベントリ攻略ゲー～RPG"
02:30,133,com.HoYoverse.hkrpgoversea,"崩壊：スターレイル"
02:30,134,com.Chodun.CatGunner,"にゃんこ銃士：放置育成RPG"
02:30,135,com.rescue.agent,"ヘリコプター・エスケープ"
02:30,136,com.hmbl.perfect.makeover.cleaning.asmr,"Perfect Makeover Cleaning ASMR"
02:30,137,com.kite.kittypick,"Kitty Pick"
02:30,138,com.eurekastudio.mapfit,"Map Fit（マップフィット）-究極の地図パズル-"
02:30,139,com.igg.android.doomsdaylastsurvivors,"ドゥームズデイ × FAIRY TAIL コラボ開催中！"
02:30,140,com.tfgco.apps.coloring.free.color.by.number,"番号でぬりえ: ピクセル着色ゲーム"
02:30,141,com.easybrain.brick.balls.blast,"Brick Blast - ブロック崩し"
02:30,142,io.voodoo.holeio,"ホール.io"
02:30,143,com.mxdzz.jp.and,"キノコ伝説：勇者と魔法のランプ"
02:30,144,com.global.ztmslg,"パズル&サバイバル"
02:30,145,diamond.pixel.art.jewel.color.flow.sort.puzzle,"ジュエルカラーソート：ダイヤゲーム"
02:30,146,com.warrior.screw.gp,"ねじねじパズル"
02:30,147,com.sega.Kotodaman,"コトダマン ‐ 共闘ことばRPG"
02:30,148,jp.co.mixi.monsterstrike,"モンスターストライク"
02:30,149,com.qookkagames.xczyw.gp.jp,"信長の野望 真戦"
02:30,150,com.vincentb.MobControl,"Mob Control"
02:30,151,com.kiwifun.game.android.screw.master,"ネジ3Dパズル：ピンを外すゲーム"
02:30,152,com.moonactive.holestars,"Hole Stars: パズルゲーム"
02:30,153,com.actgames.HelloKittyMDS,"ハローキティ：マイドリームストア"
02:30,154,com.s01.global,"Lordrush: ロードトゥパワー"
02:30,155,com.cbewjp.arrow.beauty.awaits,"Arrow Away - Beauty Awaits"
02:30,156,com.zjxscjp.google,"ドット伝説～魔王になる異世界放置RPG～"
02:30,157,io.supercent.pizzaidle,"ピザレディー (Pizza Ready)"
02:30,158,com.crossfield.mahjong,"麻雀 闘龍 - 初心者から楽しめる麻雀ゲーム"
02:30,159,com.gamincat.roomsort,"ルームソート - 間取り図ゲーム"
02:30,160,com.goods.sorting.games.triple.match3d.puzzle,"商品整理ゲーム：3Dパズル"
02:30,161,com.robtopx.geometryjumplite,"Geometry Dash Lite"
02:30,162,com.arrow.madness.games.arrows.escape.puzzle.game,"Maze Madness - 脳トレパズル"
02:30,163,jp.gungho.pad,"パズル＆ドラゴンズ"
02:30,164,com.xman.jp.gp,"X-Clash"
02:30,165,gridplus.busjam.carpuzzle,"Bus Fever-Car Jam Escape"
02:30,166,loppipoppi.numbermatch,"Number Clash - Math Game"
02:30,167,daily.number.match.free.puzzle,"デイリーナンバーマッチ"
02:30,168,com.gamovation.sudoku,"数独 - 毎日ナンプレを解いて気軽に頭の体操"
02:30,169,com.slg.savagesurvival,"サベージ・サバイバル：恐竜の咆哮"
02:30,170,com.car.parking.bus.mania.traffic.jam,"Bus Jam：駐車場ゲーム パーキングジャム"
02:30,171,com.kayac.PistolDuel,"Pistol Duel"
02:30,172,com.ares.twd,"The Walking Dead: Aftermath"
02:30,173,com.fungames.sniper3d,"Sniper 3D：銃を撃つゲーム"
02:30,174,com.game.friends.jp,"TopTop(トップトップ) - 友達と一緒に遊ぼう"
02:30,175,piggy.escape.jam.farm.puzzle.game,"Piggy Escape: 動物パーキングゲーム"
02:30,176,com.infiniplay.merge.fashion.romance.story,"Merge Fashion(マージファッション):マージ"
02:30,177,com.flower.forest.word.puzzle,"Flower Forest - ワードパズル"
02:30,178,com.oakever.jigsawcard,"Jigsawcard Solitaire Puzzle"
02:30,179,com.abi.busjam.sortpuzzle,"バスゲーム：カーパーキング・バスゲーム"
02:30,180,com.whoyaho.pendeco,"デコの達人 - カスタムボールペンASMR"
02:30,181,com.loop.clear.cube.free.card.puzzle.sort.match,"ループマスター（Loop Master）"
02:30,182,com.bandainamcoent.dblegends_jp,"ドラゴンボール レジェンズ"
02:30,183,jp.co.level5.inazumacross,"イナズマイレブン クロス"
02:30,184,com.epicoro.castleclashers,"Castle Busters"
02:30,185,com.eagle_developers.shukapig,"出荷ぶた-養豚場育成ゲーム！ポイ活可能の放置で癒しの牧場経営"
02:30,186,com.YoStarJP.MajSoul,"雀魂‐じゃんたま‐"
02:30,187,com.ultimatelavashgames.rollthehole,"たべるジェリーホール - Jelly Hole"
02:30,188,and.brainworks.holeemall,"ホール・エム・オール (Hole Em All)"
02:30,189,com.mobsmile.coincollector,"Coin Collector"
02:30,190,com.heartsnet.clickwood.gp,"クリック Wood (Click Wood)"
02:30,191,com.nintendo.zaba,"ファイアーエムブレム  ヒーローズ"
02:30,192,com.ew.cat.sudoku,"Cat Sudoku Brain Puzzle"
02:30,193,com.mhcljp.xpvsfd,"今生は恋より茶に生きる"
02:30,194,com.cat.hole.puzzle.aos,"落ちにゃん！"
02:30,195,com.bigc.tile.match.triple,"タイルマッチ：暇つぶしに最適！楽しいオフライン3マッチパズル"
02:30,196,com.easybrain.arrow.puzzle.game,"Arrow Puzzle - アローパズルゲーム"
02:30,197,com.pin.screw.color.nuts.bolts.spin.free.game,"Unscrew Nuts Sort: ネジ外しピンパズル"
02:30,198,com.jxhyjp.official,"咲庭 ~ひとりの花商い~"
02:30,199,number.match.numbers.math.games.free.puzzle.digit,"数字ゲーム - 10を作ろう"
02:30,200,game.piano.music.tiles.challenge,"ピアノゲームクラシック - チャレンジミュージックソング"
03:30,1,game.qualiarts.hololive.dreams.jp,"ホロライブドリームス"
03:30,2,jp.co.goodroid.hyper.busflow,"Bus Traffic Fever!　"
03:30,3,jp.gree_ent.mushoku,"無職転生〜異世界行ったら本気だす〜クロニクル・オブ・エコーズ"
03:30,4,com.oakever.meowdoku,"Meowdoku"
03:30,5,com.flow.cannonball,"Smash Fest!"
03:30,6,com.grandgames.magicsort,"マジックソート！ (Magic Sort !)"
03:30,7,com.cyphergames.royalsmash,"Royal Smash! - Physics Puzzle"
03:30,8,com.roblox.client,"Roblox (ロブロックス)"
03:30,9,com.mergegames.gossipharbor,"ゴシップハーバー：マージ & ストーリー"
03:30,10,color.number.paint.pixle.art.sort.jigsaw,"Jewel Coloring"
03:30,11,jp.konami.pesam,"eFootball™"
03:30,12,com.mobirix.ldwm,"スイカ作り2048"
03:30,13,com.kayac.slow_mo_strike,"Slow Mo Strike: ナイフ投げアクション"
03:30,14,com.ecffri.arrows,"アローズ – パズルエスケープ (Arrows)"
03:30,15,sorting.games.goods.sort.triple.match3d.puzzle.stuff,"商品整理ゲーム：3Dパズル"
03:30,16,com.puzzlegames.puzzlebrickslegend,"カラーブロック：爽快パズル(ColorBlock)"
03:30,17,com.block.juggle,"ブロックブラスト (Block Blast)"
03:30,18,com.unept.leveldevil,"Level Devil - NOT A Troll Game"
03:30,19,com.brain.crazy.joygame,"Brain Puzzle 3: Crazy Mind"
03:30,20,jp.pokemon.pokemonchampions,"Pokémon Champions"
03:30,21,com.bandainamcoent.dgup_jp,"デジモンUP"
03:30,22,com.hollywood.merge,"ハリウッドマージ"
03:30,23,com.nianticlabs.pokemongo,"Pokémon GO"
03:30,24,com.run.tower.defense,"キングショット"
03:30,25,com.onyxhook.nekotabi,"ねこ旅 – 放置×収集×ポイ活アプリ"
03:30,26,com.sled.surfers.game,"Sled Surfers - ズ - 坂冒険"
03:30,27,com.playrix.township,"タウンシップ (Township)"
03:30,28,com.pocket.sort.coin.puzzle.game,"ポケットソート (Pocket Sort)：コインパズル"
03:30,29,com.fatmerge.global,"グルメ・ジャーニー"
03:30,30,pics.karaage.sokutaiho,"巡回中！即タイホ！"
03:30,31,com.dreamgames.royalkingdom,"ロイヤルキングダム (Royal Kingdom)"
03:30,32,com.oakever.arrows,"Amaze GO! - 矢印 パズル"
03:30,33,bus.games.car.out.traffic.parking.jam.escape.puzzle,"バスゲーム・駐車場パズル：Bus Madness"
03:30,34,com.linecorp.LGSBJ22,"LINE：ブロックジャム"
03:30,35,com.fty.trickmean2game,"トリミン2！-トリッキーミーン2 いじわる脳トレパズルゲーム"
03:30,36,com.gof.global,"ホワイトアウト・サバイバル"
03:30,37,com.supercell.brawlstars,"ブロスタ"
03:30,38,com.find.spot.photo.hunt.differences.free.hidden,"間違い探し：違いを探す楽しいパズルゲーム"
03:30,39,jp.co.applibot.chiikawapocket,"ちいかわぽけっと"
03:30,40,jp.co.ponos.battlecats,"にゃんこ大戦争"
03:30,41,com.vitastudio.mahjong,"ヴィータ麻雀(Vita Mahjong)"
03:30,42,com.epicgames.fortnite,"フォートナイト"
03:30,43,com.bunbunstudio.magicblocktiles,"ぴあのたいる7: 音ゲー . リズムゲーム"
03:30,44,com.carnival.blast.smash3d,"Carnival Blast!"
03:30,45,air.jp.globalgear.kechi,"ドケチボーイ -脱出ゲーム"
03:30,46,com.yzlm.jp.and,"勇者連盟：暁の遠征"
03:30,47,com.soccer.score.star,"サッカースーパースター(Soccer Superstar)"
03:30,48,com.leap.searchit,"Search It – 隠しアイテム探し"
03:30,49,beats.color.sing.star.rush,"魔法ピアノタイル9 : ピアノゲーム、おんがくげーむ、音ゲー"
03:30,50,block.color.game.jam.blocks.sort.puzzle.games.slide.free,"ブロックカラー・マニア"
03:30,51,bus.loop.traffic.jam.fever.bus.puzzle,"Bus Loop:Jam Master"
03:30,52,water.sort.color.puzzle.offline.games,"Water Sort! カラーロジック"
03:30,53,tokyo.chickenskin.imikowa,"意味怖ストーリー：バッドエンドを回避せよ！"
03:30,54,com.gartic.garticphone,"Gartic Phone"
03:30,55,com.nutsbolts.zgsn,"Romantic Nuts & Bolts Sorting"
03:30,56,com.youmusic.magictiles,"魔法のタイルズ3 - ピアノ曲 & ゲーム"
03:30,57,com.vigafun.funfinity.foodhunt,"Food Hunt: Pixel Puzzle"
03:30,58,com.FortuneMine.CarnivalKnockdown,"Carnival Knockdown"
03:30,59,com.funplus.ts.global,"タイルズ・サバイバル"
03:30,60,com.tgc.sky.android,"Sky 星を紡ぐ子どもたち"
03:30,61,com.nebula.tiles,"タップタイル (Tap Tile)"
03:30,62,com.nebula.mahjongtile,"麻雀ブラスト (Mahjong Blast)"
03:30,63,com.zigzagame.paranoize,"パラノイズ"
03:30,64,com.wood.bolt.wordle.screw.nuts.puzzle,"ネジパズル: 脳トレ ウッド パズル - 人気 ネジ ゲーム"
03:30,65,com.fluffydrop.op.gp,"Fluffy Drop"
03:30,66,com.dreamgames.royalmatch,"ロイヤルマッチ Royal Match"
03:30,67,com.tripledot.blockssmashgame,"Stack Smash - Block 3D Puzzle"
03:30,68,com.furrjam.traffic.jamgame,"FurrJam:Hop In!"
03:30,69,com.hypervation.goodssort,"Goods Sort Match - パズル"
03:30,70,com.combo.knockout,"Knock Out"
03:30,71,com.gtsy.annoying.punch.game,"Annoying Uncle - パンチゲーム"
03:30,72,water.sort.puzzle.game.color.sorting.free,"水選別パズルゲーム - 楽しい色分けパズルゲーム"
03:30,73,com.mobcast.okp,"キングダム 乱 -天下統一への道- 究極の本格戦略ゲーム"
03:30,74,com.cedargames.mysterytown,"ミステリータウン：マージゲーム (Mystery Town)"
03:30,75,com.QdanApp.QdanGames,"どこでもパーティーゲーム「どこパ」（ワードウルフオンライン）"
03:30,76,com.agavegames.findthecat2,"Find The Cat 2 - Spot It!"
03:30,77,io.voodoo.paper2,"Paper.io 2"
03:30,78,jp.pokemon.pokemontcgp,"Pokémon TCG Pocket"
03:30,79,com.ocean.block.shoot,"Ocean Block Shoot"
03:30,80,com.topwar.gp,"トップウォー"
03:30,81,com.football.soccer.league,"サッカーリーグ2026"
03:30,82,com.brain.logic.joygame,"Brain Puzzle 2: Logic Twist"
03:30,83,com.shogunstudios.poikatsuhakkosusumukun,"ポイ活 発酵！ススムくん：放置ゲームで簡単ポイント稼ぎ"
03:30,84,com.nexters.herowars,"ヒーローウォーズ：アライアンス — 放置系ロールプレイング"
03:30,85,hidden.object.find.seek.search.mystery.puzzle.games.free,"隠しオブジェクトゲーム：探してみよう"
03:30,86,com.rush.xtreme.sports,"ラッシュ：エクストリーム (RUSH: Xtreme)"
03:30,87,wool.match.color.sort.jam.puzzle,"毛糸クラッシュ"
03:30,88,com.square_enix.android_googleplay.dqsgj,"ドラゴンクエストスマッシュグロウ ドラクエローグライトRPG"
03:30,89,com.phs.global,"ラストアサイラム：プレイグ"
03:30,90,com.pixel.art.coloring.color.number,"Happy Color® – 数字で塗り絵と色ぬりえ"
03:30,91,com.cliffs.pro.cell.building.crazy.clever.craft,"Block Crazy Robo World Craft"
03:30,92,com.whoyaho.tanghulu,"フルーツ飴の達人 - ドバイもち、パフェ、ASMR、モッパン"
03:30,93,com.mahjong.master.solitaire.match.puzzle,"麻雀マスター：デイリーマッチ"
03:30,94,com.linecorp.LGTMTM,"LINE：ディズニー ツムツム"
03:30,95,jp.pokemon.pokemonsleep,"Pokémon Sleep"
03:30,96,com.magic.relaxing.water.sort.colorgame.puzzle,"3D Colorful Sort™ 魔法の水"
03:30,97,jigsaw.solitaire.match.games.free,"ジグソードロップ：ソリティアパズル"
03:30,98,net.peakgames.toonblast,"トゥーンブラスト (Toon Blast)"
03:30,99,io.supercent.linkedcubic,"スネーククラッシュ (Snake Clash)"
03:30,100,jp.co.drecom.wizardry.daphne,"Wizardry Variants Daphne"
03:30,101,com.merge.cooking.theme.restaurant.food,"マージクッキング テーマレストラン"
03:30,102,com.bravestars.savethedog.drawgame,"Save The Pets"
03:30,103,com.merge.game.foodstars,"フードスター:マージ & クック"
03:30,104,com.sega.pjsekai,"プロジェクトセカイ カラフルステージ！ feat. 初音ミク"
03:30,105,tokyo.chickenskin.yokai,"妖怪カノジョ：妖怪はキミに恋をする"
03:30,106,com.chirpysort.game.android,"Chirpy Sort: Bird Color Puzzle"
03:30,107,com.media720.games2020,"オフラインゲーム 暇つぶし 楽しい ミニパズルボード"
03:30,108,com.ig.screwdom,"Screwdom 3D"
03:30,109,com.rotatelab.cubeblast,"Cube Land Puzzle Game"
03:30,110,water.sort.master.colors.games,"Water Sort: Master Colors"
03:30,111,find.difference.spot.differences.hidden.puzzle.games.free,"間違い探し - 見つけてスポット"
03:30,112,com.rescue.agent,"ヘリコプター・エスケープ"
03:30,113,com.hmbl.perfect.makeover.cleaning.asmr,"Perfect Makeover Cleaning ASMR"
03:30,114,com.kite.kittypick,"Kitty Pick"
03:30,115,com.eurekastudio.mapfit,"Map Fit（マップフィット）-究極の地図パズル-"
03:30,116,easy.sudoku.puzzle.solver.free,"ナンプレ - 大人気アプリ"
03:30,117,com.easybrain.brick.balls.blast,"Brick Blast - ブロック崩し"
03:30,118,com.readygo.barrel.gp,"ラストZ：サバイバルシューティング"
03:30,119,com.wood.block.sudoku.puzzle.bm,"Block Crush: ブロックブラストパズル"
03:30,120,com.easybrain.sudoku.android,"ナンプレ - ロジックパズルゲーム"
03:30,121,com.innersloth.spacemafia,"Among Us"
03:30,122,io.voodoo.holeio,"ホール.io"
03:30,123,com.ew.mahjong,"楽しい麻雀マッチ"
03:30,124,com.mxdzz.jp.and,"キノコ伝説：勇者と魔法のランプ"
03:30,125,com.global.ztmslg,"パズル&サバイバル"
03:30,126,jigsolitaire.jigsort.jigsaw.solitaire.puzzle,"ジグソートパズル：ソリティアの楽しさを楽しもう"
03:30,127,com.sega.Kotodaman,"コトダマン ‐ 共闘ことばRPG"
03:30,128,jp.co.mixi.monsterstrike,"モンスターストライク"
03:30,129,com.vincentb.MobControl,"Mob Control"
03:30,130,com.zjxscjp.google,"ドット伝説～魔王になる異世界放置RPG～"
03:30,131,com.studiobside.starMain,"スターセイヴァー"
03:30,132,com.s01.global,"Lordrush: ロードトゥパワー"
03:30,133,jp.co.sega.am2.MJMobile,"セガNET麻雀 MJ"
03:30,134,jp.co.sonicpowered.battle.unlimited.cxw,"クローズ×WORST UNLIMITED(アンリミ)"
03:30,135,com.crossfield.mahjong,"麻雀 闘龍 - 初心者から楽しめる麻雀ゲーム"
03:30,136,com.robtopx.geometryjumplite,"Geometry Dash Lite"
03:30,137,com.square_enix.android_googleplay.dqwalkj,"ドラゴンクエストウォーク"
03:30,138,jp.gungho.pad,"パズル＆ドラゴンズ"
03:30,139,com.xman.jp.gp,"X-Clash"
03:30,140,com.slg.savagesurvival,"サベージ・サバイバル：恐竜の咆哮"
03:30,141,gridplus.busjam.carpuzzle,"Bus Fever-Car Jam Escape"
03:30,142,loppipoppi.numbermatch,"Number Clash - Math Game"
03:30,143,daily.number.match.free.puzzle,"デイリーナンバーマッチ"
03:30,144,com.ares.twd,"The Walking Dead: Aftermath"
03:30,145,com.easybrain.brainy.joygame,"Puzzle Time: Brainy Challenge"
03:30,146,com.game.friends.jp,"TopTop(トップトップ) - 友達と一緒に遊ぼう"
03:30,147,com.gamovation.tileclub,"タイルクラブ - マッチングゲーム"
03:30,148,com.unicostudio.braintest,"ブレインテスト(Brain Test)：ひっかけパズル"
03:30,149,com.abi.busjam.sortpuzzle,"バスゲーム：カーパーキング・バスゲーム"
03:30,150,com.eagle_developers.shukapig,"出荷ぶた-養豚場育成ゲーム！ポイ活可能の放置で癒しの牧場経営"
03:30,151,solitaire.word.association.connections.puzzle,"ソリティアワード: Solitaire Connection"
03:30,152,jp.konami.prospia,"プロ野球スピリッツA"
03:30,153,com.ultimatelavashgames.rollthehole,"たべるジェリーホール - Jelly Hole"
03:30,154,com.h8games.littlefarmstory,"リトルファームストーリー"
03:30,155,com.kwalee.drawit,"ドロー・イット"
03:30,156,com.mobsmile.coincollector,"Coin Collector"
03:30,157,com.JindoBlu.OfflineGames,"オフラインゲーム - 暇つぶし ゲーム - パズルゲーム"
03:30,158,ball.sort.puzzle.color.sorting.bubble.games,"ボール選別 - 脳を鍛える色分けパズル ゲーム"
03:30,159,com.fun.brain.game,"ブレパズ！Brain Puzzle ひっかけパズル"
03:30,160,com.mhcljp.xpvsfd,"今生は恋より茶に生きる"
03:30,161,com.cat.hole.puzzle.aos,"落ちにゃん！"
03:30,162,com.tfgco.apps.coloring.free.color.by.number,"番号でぬりえ: ピクセル着色ゲーム"
03:30,163,com.fiveminlab.overgeared.hero.backpack.merge,"チート勇者～インベントリ攻略ゲー～RPG"
03:30,164,com.pin.screw.color.nuts.bolts.spin.free.game,"Unscrew Nuts Sort: ネジ外しピンパズル"
03:30,165,com.igg.android.doomsdaylastsurvivors,"ドゥームズデイ × FAIRY TAIL コラボ開催中！"
03:30,166,com.HoYoverse.hkrpgoversea,"崩壊：スターレイル"
03:30,167,com.og.nihonseihuku,"ニッポン征服 - 面白い 選択ゲーム　侵略とバトル！"
03:30,168,com.ea.gp.fifamobile,"EA SPORTS FC™ サッカー Mobile 2026"
03:30,169,com.pronetis.ironball2,"ゴーイングボールズ (Going Balls)"
03:30,170,com.kimi.sukinaken,"君のことが好きな件！"
03:30,171,com.kite.knockfever,"Knock Fever"
03:30,172,co.jp.reversizero,"リバーシZERO -2人対戦もできるリバーシゲーム"
03:30,173,com.dxx.firenow,"ダダサバイバー"
03:30,174,jp.co.taito.onlinecrane,"オンクレならタイクレ！おうちでクレーンゲームしよ？"
03:30,175,com.Chodun.CatGunner,"にゃんこ銃士：放置育成RPG"
03:30,176,diamond.pixel.art.jewel.color.flow.sort.puzzle,"ジュエルカラーソート：ダイヤゲーム"
03:30,177,water.sort.master.color.match.offline.puzzle,"Water Sort! 3Dカラー マッチパズル"
03:30,178,com.fungames.blockcraft,"ブロッククラフト3D (Block Craft)：建設ゲーム"
03:30,179,com.kurashiru.nouen.usagi,"農園うさぎ by クラシル"
03:30,180,com.fty.thejudge,"確認させてください"
03:30,181,com.actgames.HelloKittyMDS,"ハローキティ：マイドリームストア"
03:30,182,com.cbewjp.arrow.beauty.awaits,"Arrow Away - Beauty Awaits"
03:30,183,com.axmeksl.oelasjkq,"鬼討ち剣士：日の呼吸"
03:30,184,com.joypac.doufu,"豆腐少女"
03:30,185,com.moonactive.holestars,"Hole Stars: パズルゲーム"
03:30,186,com.fliqs.chameleon.hunt.hide.seek,"Chameleon Hunt: Hide & Seek"
03:30,187,com.qookkagames.xczyw.gp.jp,"信長の野望 真戦"
03:30,188,com.kiwifun.game.android.screw.master,"ネジ3Dパズル：ピンを外すゲーム"
03:30,189,com.JindoBlu.TwoPlayerGamesChallenge,"2 人ミニゲーム : チャレンジ"
03:30,190,mahjong.breeze.tile.match.game,"Mahjong Breeze - Tile Match"
03:30,191,com.gamincat.roomsort,"ルームソート - 間取り図ゲーム"
03:30,192,com.warrior.screw.gp,"ねじねじパズル"
03:30,193,io.supercent.pizzaidle,"ピザレディー (Pizza Ready)"
03:30,194,jp.ryoshirakawa.WhenWhere,"いつどこでオンライン"
03:30,195,com.car.parking.bus.mania.traffic.jam,"Bus Jam：駐車場ゲーム パーキングジャム"
03:30,196,com.domin.tgrow,"Ocean Domination - Fish.IO"
03:30,197,com.flower.forest.word.puzzle,"Flower Forest - ワードパズル"
03:30,198,jp.scbf,"BRAVE FRONTIER LEGION"
03:30,199,com.arrow.madness.games.arrows.escape.puzzle.game,"Maze Madness - 脳トレパズル"
03:30,200,com.goods.sorting.games.triple.match3d.puzzle,"商品整理ゲーム：3Dパズル"
05:00,1,game.qualiarts.hololive.dreams.jp,"ホロライブドリームス"
05:00,2,jp.co.goodroid.hyper.busflow,"Bus Traffic Fever!　"
05:00,3,jp.gree_ent.mushoku,"無職転生〜異世界行ったら本気だす〜クロニクル・オブ・エコーズ"
05:00,4,com.oakever.meowdoku,"Meowdoku"
05:00,5,com.flow.cannonball,"Smash Fest!"
05:00,6,com.grandgames.magicsort,"マジックソート！ (Magic Sort !)"
05:00,7,com.cyphergames.royalsmash,"Royal Smash! - Physics Puzzle"
05:00,8,com.mergegames.gossipharbor,"ゴシップハーバー：マージ & ストーリー"
05:00,9,color.number.paint.pixle.art.sort.jigsaw,"Jewel Coloring"
05:00,10,jp.konami.pesam,"eFootball™"
05:00,11,com.mobirix.ldwm,"スイカ作り2048"
05:00,12,com.ecffri.arrows,"アローズ – パズルエスケープ (Arrows)"
05:00,13,com.roblox.client,"Roblox (ロブロックス)"
05:00,14,com.puzzlegames.puzzlebrickslegend,"カラーブロック：爽快パズル(ColorBlock)"
05:00,15,com.block.juggle,"ブロックブラスト (Block Blast)"
05:00,16,com.unept.leveldevil,"Level Devil - NOT A Troll Game"
05:00,17,com.brain.crazy.joygame,"Brain Puzzle 3: Crazy Mind"
05:00,18,jp.pokemon.pokemonchampions,"Pokémon Champions"
05:00,19,com.bandainamcoent.dgup_jp,"デジモンUP"
05:00,20,sorting.games.goods.sort.triple.match3d.puzzle.stuff,"商品整理ゲーム：3Dパズル"
05:00,21,com.kayac.slow_mo_strike,"Slow Mo Strike: ナイフ投げアクション"
05:00,22,com.hollywood.merge,"ハリウッドマージ"
05:00,23,com.nianticlabs.pokemongo,"Pokémon GO"
05:00,24,com.run.tower.defense,"キングショット"
05:00,25,com.onyxhook.nekotabi,"ねこ旅 – 放置×収集×ポイ活アプリ"
05:00,26,com.sled.surfers.game,"Sled Surfers - ズ - 坂冒険"
05:00,27,com.playrix.township,"タウンシップ (Township)"
05:00,28,com.pocket.sort.coin.puzzle.game,"ポケットソート (Pocket Sort)：コインパズル"
05:00,29,com.fatmerge.global,"グルメ・ジャーニー"
05:00,30,pics.karaage.sokutaiho,"巡回中！即タイホ！"
05:00,31,com.dreamgames.royalkingdom,"ロイヤルキングダム (Royal Kingdom)"
05:00,32,com.oakever.arrows,"Amaze GO! - 矢印 パズル"
05:00,33,com.linecorp.LGSBJ22,"LINE：ブロックジャム"
05:00,34,com.fty.trickmean2game,"トリミン2！-トリッキーミーン2 いじわる脳トレパズルゲーム"
05:00,35,com.gof.global,"ホワイトアウト・サバイバル"
05:00,36,com.supercell.brawlstars,"ブロスタ"
05:00,37,com.find.spot.photo.hunt.differences.free.hidden,"間違い探し：違いを探す楽しいパズルゲーム"
05:00,38,jp.co.applibot.chiikawapocket,"ちいかわぽけっと"
05:00,39,jp.co.ponos.battlecats,"にゃんこ大戦争"
05:00,40,com.vitastudio.mahjong,"ヴィータ麻雀(Vita Mahjong)"
05:00,41,com.bunbunstudio.magicblocktiles,"ぴあのたいる7: 音ゲー . リズムゲーム"
05:00,42,com.carnival.blast.smash3d,"Carnival Blast!"
05:00,43,air.jp.globalgear.kechi,"ドケチボーイ -脱出ゲーム"
05:00,44,com.yzlm.jp.and,"勇者連盟：暁の遠征"
05:00,45,com.soccer.score.star,"サッカースーパースター(Soccer Superstar)"
05:00,46,com.leap.searchit,"Search It – 隠しアイテム探し"
05:00,47,bus.games.car.out.traffic.parking.jam.escape.puzzle,"バスゲーム・駐車場パズル：Bus Madness"
05:00,48,block.color.game.jam.blocks.sort.puzzle.games.slide.free,"ブロックカラー・マニア"
05:00,49,bus.loop.traffic.jam.fever.bus.puzzle,"Bus Loop:Jam Master"
05:00,50,water.sort.color.puzzle.offline.games,"Water Sort! カラーロジック"
05:00,51,tokyo.chickenskin.imikowa,"意味怖ストーリー：バッドエンドを回避せよ！"
05:00,52,com.gartic.garticphone,"Gartic Phone"
05:00,53,com.nutsbolts.zgsn,"Romantic Nuts & Bolts Sorting"
05:00,54,com.youmusic.magictiles,"魔法のタイルズ3 - ピアノ曲 & ゲーム"
05:00,55,com.vigafun.funfinity.foodhunt,"Food Hunt: Pixel Puzzle"
05:00,56,com.FortuneMine.CarnivalKnockdown,"Carnival Knockdown"
05:00,57,com.funplus.ts.global,"タイルズ・サバイバル"
05:00,58,com.nebula.tiles,"タップタイル (Tap Tile)"
05:00,59,com.nebula.mahjongtile,"麻雀ブラスト (Mahjong Blast)"
05:00,60,com.zigzagame.paranoize,"パラノイズ"
05:00,61,com.wood.bolt.wordle.screw.nuts.puzzle,"ネジパズル: 脳トレ ウッド パズル - 人気 ネジ ゲーム"
05:00,62,com.epicgames.fortnite,"フォートナイト"
05:00,63,com.fluffydrop.op.gp,"Fluffy Drop"
05:00,64,com.dreamgames.royalmatch,"ロイヤルマッチ Royal Match"
05:00,65,com.tripledot.blockssmashgame,"Stack Smash - Block 3D Puzzle"
05:00,66,com.furrjam.traffic.jamgame,"FurrJam:Hop In!"
05:00,67,com.hypervation.goodssort,"Goods Sort Match - パズル"
05:00,68,com.combo.knockout,"Knock Out"
05:00,69,com.mobcast.okp,"キングダム 乱 -天下統一への道- 究極の本格戦略ゲーム"
05:00,70,com.QdanApp.QdanGames,"どこでもパーティーゲーム「どこパ」（ワードウルフオンライン）"
05:00,71,com.brain.logic.joygame,"Brain Puzzle 2: Logic Twist"
05:00,72,com.agavegames.findthecat2,"Find The Cat 2 - Spot It!"
05:00,73,jp.pokemon.pokemontcgp,"Pokémon TCG Pocket"
05:00,74,com.ocean.block.shoot,"Ocean Block Shoot"
05:00,75,com.topwar.gp,"トップウォー"
05:00,76,com.shogunstudios.poikatsuhakkosusumukun,"ポイ活 発酵！ススムくん：放置ゲームで簡単ポイント稼ぎ"
05:00,77,com.nexters.herowars,"ヒーローウォーズ：アライアンス — 放置系ロールプレイング"
05:00,78,hidden.object.find.seek.search.mystery.puzzle.games.free,"隠しオブジェクトゲーム：探してみよう"
05:00,79,com.rush.xtreme.sports,"ラッシュ：エクストリーム (RUSH: Xtreme)"
05:00,80,com.tgc.sky.android,"Sky 星を紡ぐ子どもたち"
05:00,81,wool.match.color.sort.jam.puzzle,"毛糸クラッシュ"
05:00,82,com.square_enix.android_googleplay.dqsgj,"ドラゴンクエストスマッシュグロウ ドラクエローグライトRPG"
05:00,83,com.phs.global,"ラストアサイラム：プレイグ"
05:00,84,com.pixel.art.coloring.color.number,"Happy Color® – 数字で塗り絵と色ぬりえ"
05:00,85,com.whoyaho.tanghulu,"フルーツ飴の達人 - ドバイもち、パフェ、ASMR、モッパン"
05:00,86,jp.pokemon.pokemonsleep,"Pokémon Sleep"
05:00,87,com.linecorp.LGTMTM,"LINE：ディズニー ツムツム"
05:00,88,com.magic.relaxing.water.sort.colorgame.puzzle,"3D Colorful Sort™ 魔法の水"
05:00,89,jigsaw.solitaire.match.games.free,"ジグソードロップ：ソリティアパズル"
05:00,90,net.peakgames.toonblast,"トゥーンブラスト (Toon Blast)"
05:00,91,io.supercent.linkedcubic,"スネーククラッシュ (Snake Clash)"
05:00,92,jp.co.drecom.wizardry.daphne,"Wizardry Variants Daphne"
05:00,93,com.merge.cooking.theme.restaurant.food,"マージクッキング テーマレストラン"
05:00,94,com.rotatelab.cubeblast,"Cube Land Puzzle Game"
05:00,95,com.merge.game.foodstars,"フードスター:マージ & クック"
05:00,96,com.sega.pjsekai,"プロジェクトセカイ カラフルステージ！ feat. 初音ミク"
05:00,97,tokyo.chickenskin.yokai,"妖怪カノジョ：妖怪はキミに恋をする"
05:00,98,com.chirpysort.game.android,"Chirpy Sort: Bird Color Puzzle"
05:00,99,com.media720.games2020,"オフラインゲーム 暇つぶし 楽しい ミニパズルボード"
05:00,100,com.ig.screwdom,"Screwdom 3D"
05:00,101,water.sort.master.colors.games,"Water Sort: Master Colors"
05:00,102,find.difference.spot.differences.hidden.puzzle.games.free,"間違い探し - 見つけてスポット"
05:00,103,com.rescue.agent,"ヘリコプター・エスケープ"
05:00,104,com.gtsy.annoying.punch.game,"Annoying Uncle - パンチゲーム"
05:00,105,com.hmbl.perfect.makeover.cleaning.asmr,"Perfect Makeover Cleaning ASMR"
05:00,106,com.eurekastudio.mapfit,"Map Fit（マップフィット）-究極の地図パズル-"
05:00,107,easy.sudoku.puzzle.solver.free,"ナンプレ - 大人気アプリ"
05:00,108,com.easybrain.brick.balls.blast,"Brick Blast - ブロック崩し"
05:00,109,com.readygo.barrel.gp,"ラストZ：サバイバルシューティング"
05:00,110,com.wood.block.sudoku.puzzle.bm,"Block Crush: ブロックブラストパズル"
05:00,111,com.easybrain.sudoku.android,"ナンプレ - ロジックパズルゲーム"
05:00,112,com.innersloth.spacemafia,"Among Us"
05:00,113,io.voodoo.holeio,"ホール.io"
05:00,114,com.ew.mahjong,"楽しい麻雀マッチ"
05:00,115,water.sort.puzzle.game.color.sorting.free,"水選別パズルゲーム - 楽しい色分けパズルゲーム"
05:00,116,com.global.ztmslg,"パズル&サバイバル"
05:00,117,jigsolitaire.jigsort.jigsaw.solitaire.puzzle,"ジグソートパズル：ソリティアの楽しさを楽しもう"
05:00,118,io.voodoo.paper2,"Paper.io 2"
05:00,119,jp.co.mixi.monsterstrike,"モンスターストライク"
05:00,120,beats.color.sing.star.rush,"魔法ピアノタイル9 : ピアノゲーム、おんがくげーむ、音ゲー"
05:00,121,com.vincentb.MobControl,"Mob Control"
05:00,122,com.studiobside.starMain,"スターセイヴァー"
05:00,123,com.s01.global,"Lordrush: ロードトゥパワー"
05:00,124,com.cedargames.mysterytown,"ミステリータウン：マージゲーム (Mystery Town)"
05:00,125,jp.co.sega.am2.MJMobile,"セガNET麻雀 MJ"
05:00,126,com.football.soccer.league,"サッカーリーグ2026"
05:00,127,jp.co.sonicpowered.battle.unlimited.cxw,"クローズ×WORST UNLIMITED(アンリミ)"
05:00,128,com.crossfield.mahjong,"麻雀 闘龍 - 初心者から楽しめる麻雀ゲーム"
05:00,129,com.robtopx.geometryjumplite,"Geometry Dash Lite"
05:00,130,com.square_enix.android_googleplay.dqwalkj,"ドラゴンクエストウォーク"
05:00,131,jp.gungho.pad,"パズル＆ドラゴンズ"
05:00,132,com.cliffs.pro.cell.building.crazy.clever.craft,"Block Crazy Robo World Craft"
05:00,133,com.xman.jp.gp,"X-Clash"
05:00,134,loppipoppi.numbermatch,"Number Clash - Math Game"
05:00,135,daily.number.match.free.puzzle,"デイリーナンバーマッチ"
05:00,136,com.mahjong.master.solitaire.match.puzzle,"麻雀マスター：デイリーマッチ"
05:00,137,com.ares.twd,"The Walking Dead: Aftermath"
05:00,138,com.gamovation.tileclub,"タイルクラブ - マッチングゲーム"
05:00,139,com.unicostudio.braintest,"ブレインテスト(Brain Test)：ひっかけパズル"
05:00,140,com.bravestars.savethedog.drawgame,"Save The Pets"
05:00,141,com.eagle_developers.shukapig,"出荷ぶた-養豚場育成ゲーム！ポイ活可能の放置で癒しの牧場経営"
05:00,142,solitaire.word.association.connections.puzzle,"ソリティアワード: Solitaire Connection"
05:00,143,jp.konami.prospia,"プロ野球スピリッツA"
05:00,144,com.ultimatelavashgames.rollthehole,"たべるジェリーホール - Jelly Hole"
05:00,145,com.h8games.littlefarmstory,"リトルファームストーリー"
05:00,146,com.kwalee.drawit,"ドロー・イット"
05:00,147,com.ea.gp.fifamobile,"EA SPORTS FC™ サッカー Mobile 2026"
05:00,148,com.mobsmile.coincollector,"Coin Collector"
05:00,149,com.JindoBlu.OfflineGames,"オフラインゲーム - 暇つぶし ゲーム - パズルゲーム"
05:00,150,ball.sort.puzzle.color.sorting.bubble.games,"ボール選別 - 脳を鍛える色分けパズル ゲーム"
05:00,151,com.fun.brain.game,"ブレパズ！Brain Puzzle ひっかけパズル"
05:00,152,com.mhcljp.xpvsfd,"今生は恋より茶に生きる"
05:00,153,com.cat.hole.puzzle.aos,"落ちにゃん！"
05:00,154,com.tfgco.apps.coloring.free.color.by.number,"番号でぬりえ: ピクセル着色ゲーム"
05:00,155,com.fiveminlab.overgeared.hero.backpack.merge,"チート勇者～インベントリ攻略ゲー～RPG"
05:00,156,com.igg.android.doomsdaylastsurvivors,"ドゥームズデイ × FAIRY TAIL コラボ開催中！"
05:00,157,com.HoYoverse.hkrpgoversea,"崩壊：スターレイル"
05:00,158,com.og.nihonseihuku,"ニッポン征服 - 面白い 選択ゲーム　侵略とバトル！"
05:00,159,com.pronetis.ironball2,"ゴーイングボールズ (Going Balls)"
05:00,160,com.kimi.sukinaken,"君のことが好きな件！"
05:00,161,com.kite.knockfever,"Knock Fever"
05:00,162,co.jp.reversizero,"リバーシZERO -2人対戦もできるリバーシゲーム"
05:00,163,com.kite.kittypick,"Kitty Pick"
05:00,164,com.Chodun.CatGunner,"にゃんこ銃士：放置育成RPG"
05:00,165,diamond.pixel.art.jewel.color.flow.sort.puzzle,"ジュエルカラーソート：ダイヤゲーム"
05:00,166,water.sort.master.color.match.offline.puzzle,"Water Sort! 3Dカラー マッチパズル"
05:00,167,com.fungames.blockcraft,"ブロッククラフト3D (Block Craft)：建設ゲーム"
05:00,168,com.kurashiru.nouen.usagi,"農園うさぎ by クラシル"
05:00,169,gridplus.busjam.carpuzzle,"Bus Fever-Car Jam Escape"
05:00,170,com.fty.thejudge,"確認させてください"
05:00,171,com.actgames.HelloKittyMDS,"ハローキティ：マイドリームストア"
05:00,172,com.sega.Kotodaman,"コトダマン ‐ 共闘ことばRPG"
05:00,173,com.mxdzz.jp.and,"キノコ伝説：勇者と魔法のランプ"
05:00,174,com.cbewjp.arrow.beauty.awaits,"Arrow Away - Beauty Awaits"
05:00,175,com.axmeksl.oelasjkq,"鬼討ち剣士：日の呼吸"
05:00,176,com.joypac.doufu,"豆腐少女"
05:00,177,com.moonactive.holestars,"Hole Stars: パズルゲーム"
05:00,178,com.fliqs.chameleon.hunt.hide.seek,"Chameleon Hunt: Hide & Seek"
05:00,179,com.qookkagames.xczyw.gp.jp,"信長の野望 真戦"
05:00,180,com.kiwifun.game.android.screw.master,"ネジ3Dパズル：ピンを外すゲーム"
05:00,181,mahjong.breeze.tile.match.game,"Mahjong Breeze - Tile Match"
05:00,182,com.gamincat.roomsort,"ルームソート - 間取り図ゲーム"
05:00,183,com.warrior.screw.gp,"ねじねじパズル"
05:00,184,io.supercent.pizzaidle,"ピザレディー (Pizza Ready)"
05:00,185,jp.ryoshirakawa.WhenWhere,"いつどこでオンライン"
05:00,186,com.car.parking.bus.mania.traffic.jam,"Bus Jam：駐車場ゲーム パーキングジャム"
05:00,187,com.domin.tgrow,"Ocean Domination - Fish.IO"
05:00,188,com.flower.forest.word.puzzle,"Flower Forest - ワードパズル"
05:00,189,com.zjxscjp.google,"ドット伝説～魔王になる異世界放置RPG～"
05:00,190,jp.scbf,"BRAVE FRONTIER LEGION"
05:00,191,com.arrow.madness.games.arrows.escape.puzzle.game,"Maze Madness - 脳トレパズル"
05:00,192,com.goods.sorting.games.triple.match3d.puzzle,"商品整理ゲーム：3Dパズル"
05:00,193,com.gamovation.sudoku,"数独 - 毎日ナンプレを解いて気軽に頭の体操"
05:00,194,com.king.candycrushsaga,"キャンディークラッシュ (Candy Crush Saga)"
05:00,195,com.loop.clear.cube.free.card.puzzle.sort.match,"ループマスター（Loop Master）"
05:00,196,defense.roguelike.cell.shoot.survivor,"セルサバイバー"
05:00,197,com.easybrain.brainy.joygame,"Puzzle Time: Brainy Challenge"
05:00,198,com.screw3d.match.nuts.bolts.pin.jam.away.puzzle,"3D Bolt Master: ネジパズルゲーム"
05:00,199,com.game.friends.jp,"TopTop(トップトップ) - 友達と一緒に遊ぼう"
05:00,200,screw.puzzle.match3.brain.puzz,"ネジマッチ: Screw Sort 3D ネジパズル ボルト"
06:00,1,game.qualiarts.hololive.dreams.jp,"ホロライブドリームス"
06:00,2,jp.co.goodroid.hyper.busflow,"Bus Traffic Fever!　"
06:00,3,jp.gree_ent.mushoku,"無職転生〜異世界行ったら本気だす〜クロニクル・オブ・エコーズ"
06:00,4,com.oakever.meowdoku,"Meowdoku"
06:00,5,com.flow.cannonball,"Smash Fest!"
06:00,6,com.cyphergames.royalsmash,"Royal Smash! - Physics Puzzle"
06:00,7,com.grandgames.magicsort,"マジックソート！ (Magic Sort !)"
06:00,8,com.mergegames.gossipharbor,"ゴシップハーバー：マージ & ストーリー"
06:00,9,color.number.paint.pixle.art.sort.jigsaw,"Jewel Coloring"
06:00,10,jp.konami.pesam,"eFootball™"
06:00,11,com.mobirix.ldwm,"スイカ作り2048"
06:00,12,com.ecffri.arrows,"アローズ – パズルエスケープ (Arrows)"
06:00,13,com.roblox.client,"Roblox (ロブロックス)"
06:00,14,com.puzzlegames.puzzlebrickslegend,"カラーブロック：爽快パズル(ColorBlock)"
06:00,15,com.block.juggle,"ブロックブラスト (Block Blast)"
06:00,16,com.unept.leveldevil,"Level Devil - NOT A Troll Game"
06:00,17,jp.pokemon.pokemonchampions,"Pokémon Champions"
06:00,18,sorting.games.goods.sort.triple.match3d.puzzle.stuff,"商品整理ゲーム：3Dパズル"
06:00,19,com.kayac.slow_mo_strike,"Slow Mo Strike: ナイフ投げアクション"
06:00,20,com.hollywood.merge,"ハリウッドマージ"
06:00,21,com.nianticlabs.pokemongo,"Pokémon GO"
06:00,22,com.run.tower.defense,"キングショット"
06:00,23,com.brain.crazy.joygame,"Brain Puzzle 3: Crazy Mind"
06:00,24,com.playrix.township,"タウンシップ (Township)"
06:00,25,com.fatmerge.global,"グルメ・ジャーニー"
06:00,26,com.bandainamcoent.dgup_jp,"デジモンUP"
06:00,27,com.dreamgames.royalkingdom,"ロイヤルキングダム (Royal Kingdom)"
06:00,28,com.fty.trickmean2game,"トリミン2！-トリッキーミーン2 いじわる脳トレパズルゲーム"
06:00,29,com.oakever.arrows,"Amaze GO! - 矢印 パズル"
06:00,30,com.linecorp.LGSBJ22,"LINE：ブロックジャム"
06:00,31,com.gof.global,"ホワイトアウト・サバイバル"
06:00,32,com.supercell.brawlstars,"ブロスタ"
06:00,33,jp.co.applibot.chiikawapocket,"ちいかわぽけっと"
06:00,34,com.pocket.sort.coin.puzzle.game,"ポケットソート (Pocket Sort)：コインパズル"
06:00,35,jp.co.ponos.battlecats,"にゃんこ大戦争"
06:00,36,com.onyxhook.nekotabi,"ねこ旅 – 放置×収集×ポイ活アプリ"
06:00,37,com.vitastudio.mahjong,"ヴィータ麻雀(Vita Mahjong)"
06:00,38,com.sled.surfers.game,"Sled Surfers - ズ - 坂冒険"
06:00,39,com.carnival.blast.smash3d,"Carnival Blast!"
06:00,40,air.jp.globalgear.kechi,"ドケチボーイ -脱出ゲーム"
06:00,41,bus.loop.traffic.jam.fever.bus.puzzle,"Bus Loop:Jam Master"
06:00,42,pics.karaage.sokutaiho,"巡回中！即タイホ！"
06:00,43,block.color.game.jam.blocks.sort.puzzle.games.slide.free,"ブロックカラー・マニア"
06:00,44,com.yzlm.jp.and,"勇者連盟：暁の遠征"
06:00,45,com.soccer.score.star,"サッカースーパースター(Soccer Superstar)"
06:00,46,com.leap.searchit,"Search It – 隠しアイテム探し"
06:00,47,bus.games.car.out.traffic.parking.jam.escape.puzzle,"バスゲーム・駐車場パズル：Bus Madness"
06:00,48,water.sort.color.puzzle.offline.games,"Water Sort! カラーロジック"
06:00,49,com.gartic.garticphone,"Gartic Phone"
06:00,50,com.find.spot.photo.hunt.differences.free.hidden,"間違い探し：違いを探す楽しいパズルゲーム"
06:00,51,com.bunbunstudio.magicblocktiles,"ぴあのたいる7: 音ゲー . リズムゲーム"
06:00,52,com.nutsbolts.zgsn,"Romantic Nuts & Bolts Sorting"
06:00,53,com.youmusic.magictiles,"魔法のタイルズ3 - ピアノ曲 & ゲーム"
06:00,54,com.vigafun.funfinity.foodhunt,"Food Hunt: Pixel Puzzle"
06:00,55,com.funplus.ts.global,"タイルズ・サバイバル"
06:00,56,com.nebula.tiles,"タップタイル (Tap Tile)"
06:00,57,com.nebula.mahjongtile,"麻雀ブラスト (Mahjong Blast)"
06:00,58,com.zigzagame.paranoize,"パラノイズ"
06:00,59,com.wood.bolt.wordle.screw.nuts.puzzle,"ネジパズル: 脳トレ ウッド パズル - 人気 ネジ ゲーム"
06:00,60,com.epicgames.fortnite,"フォートナイト"
06:00,61,tokyo.chickenskin.imikowa,"意味怖ストーリー：バッドエンドを回避せよ！"
06:00,62,com.furrjam.traffic.jamgame,"FurrJam:Hop In!"
06:00,63,com.fluffydrop.op.gp,"Fluffy Drop"
06:00,64,com.dreamgames.royalmatch,"ロイヤルマッチ Royal Match"
06:00,65,com.tripledot.blockssmashgame,"Stack Smash - Block 3D Puzzle"
06:00,66,com.mobcast.okp,"キングダム 乱 -天下統一への道- 究極の本格戦略ゲーム"
06:00,67,com.agavegames.findthecat2,"Find The Cat 2 - Spot It!"
06:00,68,jp.pokemon.pokemontcgp,"Pokémon TCG Pocket"
06:00,69,com.ocean.block.shoot,"Ocean Block Shoot"
06:00,70,com.topwar.gp,"トップウォー"
06:00,71,com.nexters.herowars,"ヒーローウォーズ：アライアンス — 放置系ロールプレイング"
06:00,72,hidden.object.find.seek.search.mystery.puzzle.games.free,"隠しオブジェクトゲーム：探してみよう"
06:00,73,com.rush.xtreme.sports,"ラッシュ：エクストリーム (RUSH: Xtreme)"
06:00,74,com.tgc.sky.android,"Sky 星を紡ぐ子どもたち"
06:00,75,wool.match.color.sort.jam.puzzle,"毛糸クラッシュ"
06:00,76,com.square_enix.android_googleplay.dqsgj,"ドラゴンクエストスマッシュグロウ ドラクエローグライトRPG"
06:00,77,com.pixel.art.coloring.color.number,"Happy Color® – 数字で塗り絵と色ぬりえ"
06:00,78,jigsaw.solitaire.match.games.free,"ジグソードロップ：ソリティアパズル"
06:00,79,com.whoyaho.tanghulu,"フルーツ飴の達人 - ドバイもち、パフェ、ASMR、モッパン"
06:00,80,com.media720.games2020,"オフラインゲーム 暇つぶし 楽しい ミニパズルボード"
06:00,81,com.linecorp.LGTMTM,"LINE：ディズニー ツムツム"
06:00,82,com.chirpysort.game.android,"Chirpy Sort: Bird Color Puzzle"
06:00,83,net.peakgames.toonblast,"トゥーンブラスト (Toon Blast)"
06:00,84,io.supercent.linkedcubic,"スネーククラッシュ (Snake Clash)"
06:00,85,jp.co.drecom.wizardry.daphne,"Wizardry Variants Daphne"
06:00,86,com.merge.cooking.theme.restaurant.food,"マージクッキング テーマレストラン"
06:00,87,com.rotatelab.cubeblast,"Cube Land Puzzle Game"
06:00,88,com.merge.game.foodstars,"フードスター:マージ & クック"
06:00,89,com.FortuneMine.CarnivalKnockdown,"Carnival Knockdown"
06:00,90,com.sega.pjsekai,"プロジェクトセカイ カラフルステージ！ feat. 初音ミク"
06:00,91,com.hmbl.perfect.makeover.cleaning.asmr,"Perfect Makeover Cleaning ASMR"
06:00,92,tokyo.chickenskin.yokai,"妖怪カノジョ：妖怪はキミに恋をする"
06:00,93,com.hypervation.goodssort,"Goods Sort Match - パズル"
06:00,94,com.ig.screwdom,"Screwdom 3D"
06:00,95,com.QdanApp.QdanGames,"どこでもパーティーゲーム「どこパ」（ワードウルフオンライン）"
06:00,96,find.difference.spot.differences.hidden.puzzle.games.free,"間違い探し - 見つけてスポット"
06:00,97,com.rescue.agent,"ヘリコプター・エスケープ"
06:00,98,com.gtsy.annoying.punch.game,"Annoying Uncle - パンチゲーム"
06:00,99,com.combo.knockout,"Knock Out"
06:00,100,com.brain.logic.joygame,"Brain Puzzle 2: Logic Twist"
06:00,101,com.eurekastudio.mapfit,"Map Fit（マップフィット）-究極の地図パズル-"
06:00,102,easy.sudoku.puzzle.solver.free,"ナンプレ - 大人気アプリ"
06:00,103,com.easybrain.brick.balls.blast,"Brick Blast - ブロック崩し"
06:00,104,com.readygo.barrel.gp,"ラストZ：サバイバルシューティング"
06:00,105,com.wood.block.sudoku.puzzle.bm,"Block Crush: ブロックブラストパズル"
06:00,106,com.easybrain.sudoku.android,"ナンプレ - ロジックパズルゲーム"
06:00,107,com.robtopx.geometryjumplite,"Geometry Dash Lite"
06:00,108,com.innersloth.spacemafia,"Among Us"
06:00,109,io.voodoo.holeio,"ホール.io"
06:00,110,com.ew.mahjong,"楽しい麻雀マッチ"
06:00,111,water.sort.puzzle.game.color.sorting.free,"水選別パズルゲーム - 楽しい色分けパズルゲーム"
06:00,112,com.global.ztmslg,"パズル&サバイバル"
06:00,113,jp.pokemon.pokemonsleep,"Pokémon Sleep"
06:00,114,jigsolitaire.jigsort.jigsaw.solitaire.puzzle,"ジグソートパズル：ソリティアの楽しさを楽しもう"
06:00,115,com.shogunstudios.poikatsuhakkosusumukun,"ポイ活 発酵！ススムくん：放置ゲームで簡単ポイント稼ぎ"
06:00,116,io.voodoo.paper2,"Paper.io 2"
06:00,117,jp.co.mixi.monsterstrike,"モンスターストライク"
06:00,118,com.xman.jp.gp,"X-Clash"
06:00,119,beats.color.sing.star.rush,"魔法ピアノタイル9 : ピアノゲーム、おんがくげーむ、音ゲー"
06:00,120,com.vincentb.MobControl,"Mob Control"
06:00,121,com.studiobside.starMain,"スターセイヴァー"
06:00,122,com.phs.global,"ラストアサイラム：プレイグ"
06:00,123,com.s01.global,"Lordrush: ロードトゥパワー"
06:00,124,com.cedargames.mysterytown,"ミステリータウン：マージゲーム (Mystery Town)"
06:00,125,jp.co.sega.am2.MJMobile,"セガNET麻雀 MJ"
06:00,126,com.football.soccer.league,"サッカーリーグ2026"
06:00,127,jp.co.sonicpowered.battle.unlimited.cxw,"クローズ×WORST UNLIMITED(アンリミ)"
06:00,128,com.crossfield.mahjong,"麻雀 闘龍 - 初心者から楽しめる麻雀ゲーム"
06:00,129,com.square_enix.android_googleplay.dqwalkj,"ドラゴンクエストウォーク"
06:00,130,jp.gungho.pad,"パズル＆ドラゴンズ"
06:00,131,com.cliffs.pro.cell.building.crazy.clever.craft,"Block Crazy Robo World Craft"
06:00,132,loppipoppi.numbermatch,"Number Clash - Math Game"
06:00,133,daily.number.match.free.puzzle,"デイリーナンバーマッチ"
06:00,134,com.mahjong.master.solitaire.match.puzzle,"麻雀マスター：デイリーマッチ"
06:00,135,com.ares.twd,"The Walking Dead: Aftermath"
06:00,136,water.sort.master.colors.games,"Water Sort: Master Colors"
06:00,137,com.magic.relaxing.water.sort.colorgame.puzzle,"3D Colorful Sort™ 魔法の水"
06:00,138,com.gamovation.tileclub,"タイルクラブ - マッチングゲーム"
06:00,139,com.unicostudio.braintest,"ブレインテスト(Brain Test)：ひっかけパズル"
06:00,140,com.bravestars.savethedog.drawgame,"Save The Pets"
06:00,141,solitaire.word.association.connections.puzzle,"ソリティアワード: Solitaire Connection"
06:00,142,jp.konami.prospia,"プロ野球スピリッツA"
06:00,143,com.ultimatelavashgames.rollthehole,"たべるジェリーホール - Jelly Hole"
06:00,144,com.h8games.littlefarmstory,"リトルファームストーリー"
06:00,145,com.kwalee.drawit,"ドロー・イット"
06:00,146,com.ea.gp.fifamobile,"EA SPORTS FC™ サッカー Mobile 2026"
06:00,147,com.mobsmile.coincollector,"Coin Collector"
06:00,148,com.JindoBlu.OfflineGames,"オフラインゲーム - 暇つぶし ゲーム - パズルゲーム"
06:00,149,ball.sort.puzzle.color.sorting.bubble.games,"ボール選別 - 脳を鍛える色分けパズル ゲーム"
06:00,150,com.fun.brain.game,"ブレパズ！Brain Puzzle ひっかけパズル"
06:00,151,com.kite.kittypick,"Kitty Pick"
06:00,152,com.cat.hole.puzzle.aos,"落ちにゃん！"
06:00,153,com.tfgco.apps.coloring.free.color.by.number,"番号でぬりえ: ピクセル着色ゲーム"
06:00,154,com.fiveminlab.overgeared.hero.backpack.merge,"チート勇者～インベントリ攻略ゲー～RPG"
06:00,155,com.igg.android.doomsdaylastsurvivors,"ドゥームズデイ × FAIRY TAIL コラボ開催中！"
06:00,156,com.HoYoverse.hkrpgoversea,"崩壊：スターレイル"
06:00,157,com.kite.knockfever,"Knock Fever"
06:00,158,co.jp.reversizero,"リバーシZERO -2人対戦もできるリバーシゲーム"
06:00,159,com.Chodun.CatGunner,"にゃんこ銃士：放置育成RPG"
06:00,160,diamond.pixel.art.jewel.color.flow.sort.puzzle,"ジュエルカラーソート：ダイヤゲーム"
06:00,161,com.fungames.blockcraft,"ブロッククラフト3D (Block Craft)：建設ゲーム"
06:00,162,com.kurashiru.nouen.usagi,"農園うさぎ by クラシル"
06:00,163,gridplus.busjam.carpuzzle,"Bus Fever-Car Jam Escape"
06:00,164,com.fty.thejudge,"確認させてください"
06:00,165,com.actgames.HelloKittyMDS,"ハローキティ：マイドリームストア"
06:00,166,defense.roguelike.cell.shoot.survivor,"セルサバイバー"
06:00,167,com.sega.Kotodaman,"コトダマン ‐ 共闘ことばRPG"
06:00,168,com.mxdzz.jp.and,"キノコ伝説：勇者と魔法のランプ"
06:00,169,com.cbewjp.arrow.beauty.awaits,"Arrow Away - Beauty Awaits"
06:00,170,com.axmeksl.oelasjkq,"鬼討ち剣士：日の呼吸"
06:00,171,com.moonactive.holestars,"Hole Stars: パズルゲーム"
06:00,172,com.fliqs.chameleon.hunt.hide.seek,"Chameleon Hunt: Hide & Seek"
06:00,173,com.qookkagames.xczyw.gp.jp,"信長の野望 真戦"
06:00,174,com.kiwifun.game.android.screw.master,"ネジ3Dパズル：ピンを外すゲーム"
06:00,175,com.slg.savagesurvival,"サベージ・サバイバル：恐竜の咆哮"
06:00,176,com.gamincat.roomsort,"ルームソート - 間取り図ゲーム"
06:00,177,com.warrior.screw.gp,"ねじねじパズル"
06:00,178,io.supercent.pizzaidle,"ピザレディー (Pizza Ready)"
06:00,179,com.car.parking.bus.mania.traffic.jam,"Bus Jam：駐車場ゲーム パーキングジャム"
06:00,180,com.domin.tgrow,"Ocean Domination - Fish.IO"
06:00,181,com.flower.forest.word.puzzle,"Flower Forest - ワードパズル"
06:00,182,com.zjxscjp.google,"ドット伝説～魔王になる異世界放置RPG～"
06:00,183,com.arrow.madness.games.arrows.escape.puzzle.game,"Maze Madness - 脳トレパズル"
06:00,184,com.goods.sorting.games.triple.match3d.puzzle,"商品整理ゲーム：3Dパズル"
06:00,185,com.gamovation.sudoku,"数独 - 毎日ナンプレを解いて気軽に頭の体操"
06:00,186,com.king.candycrushsaga,"キャンディークラッシュ (Candy Crush Saga)"
06:00,187,com.loop.clear.cube.free.card.puzzle.sort.match,"ループマスター（Loop Master）"
06:00,188,com.easybrain.brainy.joygame,"Puzzle Time: Brainy Challenge"
06:00,189,com.screw3d.match.nuts.bolts.pin.jam.away.puzzle,"3D Bolt Master: ネジパズルゲーム"
06:00,190,com.game.friends.jp,"TopTop(トップトップ) - 友達と一緒に遊ぼう"
06:00,191,screw.puzzle.match3.brain.puzz,"ネジマッチ: Screw Sort 3D ネジパズル ボルト"
06:00,192,com.sg.block.puzzle.quest.story,"ブロックパズル - のクラシック・ブロックパズルゲーム"
06:00,193,com.oakever.jigsawcard,"Jigsawcard Solitaire Puzzle"
06:00,194,com.puzzle.cargame.busjam.trafficjam,"Super Dispatcher:Traffic Jam"
06:00,195,com.kayac.PistolDuel,"Pistol Duel"
06:00,196,jp.genit.melody,"メロディ - ピアノ鍵盤でリズム音楽ゲーム"
06:00,197,com.zm.pickpack,"Cube Tap Sort"
06:00,198,com.whoyaho.pendeco,"デコの達人 - カスタムボールペンASMR"
06:00,199,com.bandainamcoent.dblegends_jp,"ドラゴンボール レジェンズ"
06:00,200,com.kayac.level_up_number,"Number Master: 足し算ランゲーム"
07:00,1,game.qualiarts.hololive.dreams.jp,"ホロライブドリームス"
07:00,2,jp.co.goodroid.hyper.busflow,"Bus Traffic Fever!　"
07:00,3,jp.gree_ent.mushoku,"無職転生〜異世界行ったら本気だす〜クロニクル・オブ・エコーズ"
07:00,4,com.oakever.meowdoku,"Meowdoku"
07:00,5,com.flow.cannonball,"Smash Fest!"
07:00,6,com.cyphergames.royalsmash,"Royal Smash! - Physics Puzzle"
07:00,7,com.grandgames.magicsort,"マジックソート！ (Magic Sort !)"
07:00,8,com.mergegames.gossipharbor,"ゴシップハーバー：マージ & ストーリー"
07:00,9,jp.konami.pesam,"eFootball™"
07:00,10,com.mobirix.ldwm,"スイカ作り2048"
07:00,11,com.ecffri.arrows,"アローズ – パズルエスケープ (Arrows)"
07:00,12,com.roblox.client,"Roblox (ロブロックス)"
07:00,13,com.block.juggle,"ブロックブラスト (Block Blast)"
07:00,14,com.unept.leveldevil,"Level Devil - NOT A Troll Game"
07:00,15,color.number.paint.pixle.art.sort.jigsaw,"Jewel Coloring"
07:00,16,sorting.games.goods.sort.triple.match3d.puzzle.stuff,"商品整理ゲーム：3Dパズル"
07:00,17,com.kayac.slow_mo_strike,"Slow Mo Strike: ナイフ投げアクション"
07:00,18,com.puzzlegames.puzzlebrickslegend,"カラーブロック：爽快パズル(ColorBlock)"
07:00,19,com.hollywood.merge,"ハリウッドマージ"
07:00,20,com.nianticlabs.pokemongo,"Pokémon GO"
07:00,21,com.run.tower.defense,"キングショット"
07:00,22,com.brain.crazy.joygame,"Brain Puzzle 3: Crazy Mind"
07:00,23,com.playrix.township,"タウンシップ (Township)"
07:00,24,jp.pokemon.pokemonchampions,"Pokémon Champions"
07:00,25,com.fatmerge.global,"グルメ・ジャーニー"
07:00,26,com.bandainamcoent.dgup_jp,"デジモンUP"
07:00,27,com.dreamgames.royalkingdom,"ロイヤルキングダム (Royal Kingdom)"
07:00,28,com.fty.trickmean2game,"トリミン2！-トリッキーミーン2 いじわる脳トレパズルゲーム"
07:00,29,com.oakever.arrows,"Amaze GO! - 矢印 パズル"
07:00,30,com.linecorp.LGSBJ22,"LINE：ブロックジャム"
07:00,31,com.onyxhook.nekotabi,"ねこ旅 – 放置×収集×ポイ活アプリ"
07:00,32,com.gof.global,"ホワイトアウト・サバイバル"
07:00,33,com.supercell.brawlstars,"ブロスタ"
07:00,34,air.jp.globalgear.kechi,"ドケチボーイ -脱出ゲーム"
07:00,35,jp.co.applibot.chiikawapocket,"ちいかわぽけっと"
07:00,36,com.pocket.sort.coin.puzzle.game,"ポケットソート (Pocket Sort)：コインパズル"
07:00,37,jp.co.ponos.battlecats,"にゃんこ大戦争"
07:00,38,com.vitastudio.mahjong,"ヴィータ麻雀(Vita Mahjong)"
07:00,39,com.sled.surfers.game,"Sled Surfers - ズ - 坂冒険"
07:00,40,bus.loop.traffic.jam.fever.bus.puzzle,"Bus Loop:Jam Master"
07:00,41,pics.karaage.sokutaiho,"巡回中！即タイホ！"
07:00,42,block.color.game.jam.blocks.sort.puzzle.games.slide.free,"ブロックカラー・マニア"
07:00,43,com.yzlm.jp.and,"勇者連盟：暁の遠征"
07:00,44,com.soccer.score.star,"サッカースーパースター(Soccer Superstar)"
07:00,45,com.leap.searchit,"Search It – 隠しアイテム探し"
07:00,46,bus.games.car.out.traffic.parking.jam.escape.puzzle,"バスゲーム・駐車場パズル：Bus Madness"
07:00,47,tokyo.chickenskin.imikowa,"意味怖ストーリー：バッドエンドを回避せよ！"
07:00,48,com.gartic.garticphone,"Gartic Phone"
07:00,49,water.sort.color.puzzle.offline.games,"Water Sort! カラーロジック"
07:00,50,com.nutsbolts.zgsn,"Romantic Nuts & Bolts Sorting"
07:00,51,com.find.spot.photo.hunt.differences.free.hidden,"間違い探し：違いを探す楽しいパズルゲーム"
07:00,52,com.bunbunstudio.magicblocktiles,"ぴあのたいる7: 音ゲー . リズムゲーム"
07:00,53,com.carnival.blast.smash3d,"Carnival Blast!"
07:00,54,com.youmusic.magictiles,"魔法のタイルズ3 - ピアノ曲 & ゲーム"
07:00,55,com.vigafun.funfinity.foodhunt,"Food Hunt: Pixel Puzzle"
07:00,56,com.funplus.ts.global,"タイルズ・サバイバル"
07:00,57,com.nebula.tiles,"タップタイル (Tap Tile)"
07:00,58,com.nebula.mahjongtile,"麻雀ブラスト (Mahjong Blast)"
07:00,59,com.zigzagame.paranoize,"パラノイズ"
07:00,60,com.tripledot.blockssmashgame,"Stack Smash - Block 3D Puzzle"
07:00,61,com.wood.bolt.wordle.screw.nuts.puzzle,"ネジパズル: 脳トレ ウッド パズル - 人気 ネジ ゲーム"
07:00,62,com.epicgames.fortnite,"フォートナイト"
07:00,63,com.furrjam.traffic.jamgame,"FurrJam:Hop In!"
07:00,64,com.fluffydrop.op.gp,"Fluffy Drop"
07:00,65,com.dreamgames.royalmatch,"ロイヤルマッチ Royal Match"
07:00,66,com.ocean.block.shoot,"Ocean Block Shoot"
07:00,67,com.mobcast.okp,"キングダム 乱 -天下統一への道- 究極の本格戦略ゲーム"
07:00,68,com.agavegames.findthecat2,"Find The Cat 2 - Spot It!"
07:00,69,jp.pokemon.pokemontcgp,"Pokémon TCG Pocket"
07:00,70,com.topwar.gp,"トップウォー"
07:00,71,com.nexters.herowars,"ヒーローウォーズ：アライアンス — 放置系ロールプレイング"
07:00,72,hidden.object.find.seek.search.mystery.puzzle.games.free,"隠しオブジェクトゲーム：探してみよう"
07:00,73,com.tgc.sky.android,"Sky 星を紡ぐ子どもたち"
07:00,74,wool.match.color.sort.jam.puzzle,"毛糸クラッシュ"
07:00,75,com.square_enix.android_googleplay.dqsgj,"ドラゴンクエストスマッシュグロウ ドラクエローグライトRPG"
07:00,76,io.supercent.linkedcubic,"スネーククラッシュ (Snake Clash)"
07:00,77,com.pixel.art.coloring.color.number,"Happy Color® – 数字で塗り絵と色ぬりえ"
07:00,78,jigsaw.solitaire.match.games.free,"ジグソードロップ：ソリティアパズル"
07:00,79,com.whoyaho.tanghulu,"フルーツ飴の達人 - ドバイもち、パフェ、ASMR、モッパン"
07:00,80,com.media720.games2020,"オフラインゲーム 暇つぶし 楽しい ミニパズルボード"
07:00,81,com.linecorp.LGTMTM,"LINE：ディズニー ツムツム"
07:00,82,com.chirpysort.game.android,"Chirpy Sort: Bird Color Puzzle"
07:00,83,net.peakgames.toonblast,"トゥーンブラスト (Toon Blast)"
07:00,84,jp.co.drecom.wizardry.daphne,"Wizardry Variants Daphne"
07:00,85,com.merge.cooking.theme.restaurant.food,"マージクッキング テーマレストラン"
07:00,86,com.rotatelab.cubeblast,"Cube Land Puzzle Game"
07:00,87,com.merge.game.foodstars,"フードスター:マージ & クック"
07:00,88,com.FortuneMine.CarnivalKnockdown,"Carnival Knockdown"
07:00,89,com.combo.knockout,"Knock Out"
07:00,90,com.sega.pjsekai,"プロジェクトセカイ カラフルステージ！ feat. 初音ミク"
07:00,91,com.hmbl.perfect.makeover.cleaning.asmr,"Perfect Makeover Cleaning ASMR"
07:00,92,com.hypervation.goodssort,"Goods Sort Match - パズル"
07:00,93,com.QdanApp.QdanGames,"どこでもパーティーゲーム「どこパ」（ワードウルフオンライン）"
07:00,94,com.eurekastudio.mapfit,"Map Fit（マップフィット）-究極の地図パズル-"
07:00,95,find.difference.spot.differences.hidden.puzzle.games.free,"間違い探し - 見つけてスポット"
07:00,96,com.ew.mahjong,"楽しい麻雀マッチ"
07:00,97,com.rush.xtreme.sports,"ラッシュ：エクストリーム (RUSH: Xtreme)"
07:00,98,com.gtsy.annoying.punch.game,"Annoying Uncle - パンチゲーム"
07:00,99,com.phs.global,"ラストアサイラム：プレイグ"
07:00,100,com.brain.logic.joygame,"Brain Puzzle 2: Logic Twist"
07:00,101,easy.sudoku.puzzle.solver.free,"ナンプレ - 大人気アプリ"
07:00,102,com.easybrain.brick.balls.blast,"Brick Blast - ブロック崩し"
07:00,103,com.readygo.barrel.gp,"ラストZ：サバイバルシューティング"
07:00,104,com.wood.block.sudoku.puzzle.bm,"Block Crush: ブロックブラストパズル"
07:00,105,com.easybrain.sudoku.android,"ナンプレ - ロジックパズルゲーム"
07:00,106,com.robtopx.geometryjumplite,"Geometry Dash Lite"
07:00,107,com.innersloth.spacemafia,"Among Us"
07:00,108,io.voodoo.holeio,"ホール.io"
07:00,109,water.sort.puzzle.game.color.sorting.free,"水選別パズルゲーム - 楽しい色分けパズルゲーム"
07:00,110,com.cliffs.pro.cell.building.crazy.clever.craft,"Block Crazy Robo World Craft"
07:00,111,com.global.ztmslg,"パズル&サバイバル"
07:00,112,jp.pokemon.pokemonsleep,"Pokémon Sleep"
07:00,113,jigsolitaire.jigsort.jigsaw.solitaire.puzzle,"ジグソートパズル：ソリティアの楽しさを楽しもう"
07:00,114,com.shogunstudios.poikatsuhakkosusumukun,"ポイ活 発酵！ススムくん：放置ゲームで簡単ポイント稼ぎ"
07:00,115,io.voodoo.paper2,"Paper.io 2"
07:00,116,jp.co.mixi.monsterstrike,"モンスターストライク"
07:00,117,com.xman.jp.gp,"X-Clash"
07:00,118,beats.color.sing.star.rush,"魔法ピアノタイル9 : ピアノゲーム、おんがくげーむ、音ゲー"
07:00,119,com.vincentb.MobControl,"Mob Control"
07:00,120,com.studiobside.starMain,"スターセイヴァー"
07:00,121,com.cedargames.mysterytown,"ミステリータウン：マージゲーム (Mystery Town)"
07:00,122,jp.co.sega.am2.MJMobile,"セガNET麻雀 MJ"
07:00,123,com.football.soccer.league,"サッカーリーグ2026"
07:00,124,jp.co.sonicpowered.battle.unlimited.cxw,"クローズ×WORST UNLIMITED(アンリミ)"
07:00,125,com.magic.relaxing.water.sort.colorgame.puzzle,"3D Colorful Sort™ 魔法の水"
07:00,126,com.square_enix.android_googleplay.dqwalkj,"ドラゴンクエストウォーク"
07:00,127,jp.gungho.pad,"パズル＆ドラゴンズ"
07:00,128,loppipoppi.numbermatch,"Number Clash - Math Game"
07:00,129,com.kwalee.drawit,"ドロー・イット"
07:00,130,daily.number.match.free.puzzle,"デイリーナンバーマッチ"
07:00,131,com.mahjong.master.solitaire.match.puzzle,"麻雀マスター：デイリーマッチ"
07:00,132,water.sort.master.colors.games,"Water Sort: Master Colors"
07:00,133,com.ig.screwdom,"Screwdom 3D"
07:00,134,tokyo.chickenskin.yokai,"妖怪カノジョ：妖怪はキミに恋をする"
07:00,135,com.gamovation.tileclub,"タイルクラブ - マッチングゲーム"
07:00,136,com.unicostudio.braintest,"ブレインテスト(Brain Test)：ひっかけパズル"
07:00,137,com.bravestars.savethedog.drawgame,"Save The Pets"
07:00,138,com.axmeksl.oelasjkq,"鬼討ち剣士：日の呼吸"
07:00,139,solitaire.word.association.connections.puzzle,"ソリティアワード: Solitaire Connection"
07:00,140,com.rescue.agent,"ヘリコプター・エスケープ"
07:00,141,jp.konami.prospia,"プロ野球スピリッツA"
07:00,142,com.ultimatelavashgames.rollthehole,"たべるジェリーホール - Jelly Hole"
07:00,143,com.h8games.littlefarmstory,"リトルファームストーリー"
07:00,144,com.ea.gp.fifamobile,"EA SPORTS FC™ サッカー Mobile 2026"
07:00,145,com.mobsmile.coincollector,"Coin Collector"
07:00,146,com.JindoBlu.OfflineGames,"オフラインゲーム - 暇つぶし ゲーム - パズルゲーム"
07:00,147,ball.sort.puzzle.color.sorting.bubble.games,"ボール選別 - 脳を鍛える色分けパズル ゲーム"
07:00,148,com.fun.brain.game,"ブレパズ！Brain Puzzle ひっかけパズル"
07:00,149,com.kite.kittypick,"Kitty Pick"
07:00,150,com.crossfield.mahjong,"麻雀 闘龍 - 初心者から楽しめる麻雀ゲーム"
07:00,151,com.tfgco.apps.coloring.free.color.by.number,"番号でぬりえ: ピクセル着色ゲーム"
07:00,152,com.fiveminlab.overgeared.hero.backpack.merge,"チート勇者～インベントリ攻略ゲー～RPG"
07:00,153,com.igg.android.doomsdaylastsurvivors,"ドゥームズデイ × FAIRY TAIL コラボ開催中！"
07:00,154,com.HoYoverse.hkrpgoversea,"崩壊：スターレイル"
07:00,155,com.cbewjp.arrow.beauty.awaits,"Arrow Away - Beauty Awaits"
07:00,156,com.kite.knockfever,"Knock Fever"
07:00,157,co.jp.reversizero,"リバーシZERO -2人対戦もできるリバーシゲーム"
07:00,158,com.Chodun.CatGunner,"にゃんこ銃士：放置育成RPG"
07:00,159,diamond.pixel.art.jewel.color.flow.sort.puzzle,"ジュエルカラーソート：ダイヤゲーム"
07:00,160,com.flower.forest.word.puzzle,"Flower Forest - ワードパズル"
07:00,161,com.fungames.blockcraft,"ブロッククラフト3D (Block Craft)：建設ゲーム"
07:00,162,com.s01.global,"Lordrush: ロードトゥパワー"
07:00,163,com.gamincat.roomsort,"ルームソート - 間取り図ゲーム"
07:00,164,gridplus.busjam.carpuzzle,"Bus Fever-Car Jam Escape"
07:00,165,com.zjxscjp.google,"ドット伝説～魔王になる異世界放置RPG～"
07:00,166,com.gamovation.sudoku,"数独 - 毎日ナンプレを解いて気軽に頭の体操"
07:00,167,com.actgames.HelloKittyMDS,"ハローキティ：マイドリームストア"
07:00,168,defense.roguelike.cell.shoot.survivor,"セルサバイバー"
07:00,169,com.loop.clear.cube.free.card.puzzle.sort.match,"ループマスター（Loop Master）"
07:00,170,com.sega.Kotodaman,"コトダマン ‐ 共闘ことばRPG"
07:00,171,com.mxdzz.jp.and,"キノコ伝説：勇者と魔法のランプ"
07:00,172,com.moonactive.holestars,"Hole Stars: パズルゲーム"
07:00,173,com.fliqs.chameleon.hunt.hide.seek,"Chameleon Hunt: Hide & Seek"
07:00,174,com.qookkagames.xczyw.gp.jp,"信長の野望 真戦"
07:00,175,com.kiwifun.game.android.screw.master,"ネジ3Dパズル：ピンを外すゲーム"
07:00,176,com.slg.savagesurvival,"サベージ・サバイバル：恐竜の咆哮"
07:00,177,com.warrior.screw.gp,"ねじねじパズル"
07:00,178,io.supercent.pizzaidle,"ピザレディー (Pizza Ready)"
07:00,179,com.ares.twd,"The Walking Dead: Aftermath"
07:00,180,com.car.parking.bus.mania.traffic.jam,"Bus Jam：駐車場ゲーム パーキングジャム"
07:00,181,com.whoyaho.pendeco,"デコの達人 - カスタムボールペンASMR"
07:00,182,com.domin.tgrow,"Ocean Domination - Fish.IO"
07:00,183,com.arrow.madness.games.arrows.escape.puzzle.game,"Maze Madness - 脳トレパズル"
07:00,184,com.goods.sorting.games.triple.match3d.puzzle,"商品整理ゲーム：3Dパズル"
07:00,185,com.eagle_developers.shukapig,"出荷ぶた-養豚場育成ゲーム！ポイ活可能の放置で癒しの牧場経営"
07:00,186,com.king.candycrushsaga,"キャンディークラッシュ (Candy Crush Saga)"
07:00,187,com.lighthouse.freeplay.jp,"終焉のヒカリ"
07:00,188,com.easybrain.brainy.joygame,"Puzzle Time: Brainy Challenge"
07:00,189,com.screw3d.match.nuts.bolts.pin.jam.away.puzzle,"3D Bolt Master: ネジパズルゲーム"
07:00,190,com.game.friends.jp,"TopTop(トップトップ) - 友達と一緒に遊ぼう"
07:00,191,screw.puzzle.match3.brain.puzz,"ネジマッチ: Screw Sort 3D ネジパズル ボルト"
07:00,192,com.oakever.jigsawcard,"Jigsawcard Solitaire Puzzle"
07:00,193,com.kayac.PistolDuel,"Pistol Duel"
07:00,194,com.zm.pickpack,"Cube Tap Sort"
07:00,195,com.bandainamcoent.dblegends_jp,"ドラゴンボール レジェンズ"
07:00,196,com.oakever.tiletrip,"Tile Explorer - トリプルマッチ"
07:00,197,com.abi.busjam.sortpuzzle,"バスゲーム：カーパーキング・バスゲーム"
07:00,198,com.fungames.sniper3d,"Sniper 3D：銃を撃つゲーム"
07:00,199,com.YoStarJP.MajSoul,"雀魂‐じゃんたま‐"
07:00,200,jp.co.level5.inazumacross,"イナズマイレブン クロス"
08:00,1,game.qualiarts.hololive.dreams.jp,"ホロライブドリームス"
08:00,2,jp.co.goodroid.hyper.busflow,"Bus Traffic Fever!　"
08:00,3,jp.gree_ent.mushoku,"無職転生〜異世界行ったら本気だす〜クロニクル・オブ・エコーズ"
08:00,4,com.oakever.meowdoku,"Meowdoku"
08:00,5,com.flow.cannonball,"Smash Fest!"
08:00,6,com.cyphergames.royalsmash,"Royal Smash! - Physics Puzzle"
08:00,7,com.grandgames.magicsort,"マジックソート！ (Magic Sort !)"
08:00,8,com.mergegames.gossipharbor,"ゴシップハーバー：マージ & ストーリー"
08:00,9,jp.konami.pesam,"eFootball™"
08:00,10,com.mobirix.ldwm,"スイカ作り2048"
08:00,11,com.ecffri.arrows,"アローズ – パズルエスケープ (Arrows)"
08:00,12,com.roblox.client,"Roblox (ロブロックス)"
08:00,13,com.block.juggle,"ブロックブラスト (Block Blast)"
08:00,14,com.unept.leveldevil,"Level Devil - NOT A Troll Game"
08:00,15,color.number.paint.pixle.art.sort.jigsaw,"Jewel Coloring"
08:00,16,sorting.games.goods.sort.triple.match3d.puzzle.stuff,"商品整理ゲーム：3Dパズル"
08:00,17,com.kayac.slow_mo_strike,"Slow Mo Strike: ナイフ投げアクション"
08:00,18,com.puzzlegames.puzzlebrickslegend,"カラーブロック：爽快パズル(ColorBlock)"
08:00,19,com.hollywood.merge,"ハリウッドマージ"
08:00,20,com.nianticlabs.pokemongo,"Pokémon GO"
08:00,21,com.run.tower.defense,"キングショット"
08:00,22,com.brain.crazy.joygame,"Brain Puzzle 3: Crazy Mind"
08:00,23,com.playrix.township,"タウンシップ (Township)"
08:00,24,jp.pokemon.pokemonchampions,"Pokémon Champions"
08:00,25,com.fatmerge.global,"グルメ・ジャーニー"
08:00,26,com.bandainamcoent.dgup_jp,"デジモンUP"
08:00,27,com.dreamgames.royalkingdom,"ロイヤルキングダム (Royal Kingdom)"
08:00,28,com.linecorp.LGSBJ22,"LINE：ブロックジャム"
08:00,29,com.fty.trickmean2game,"トリミン2！-トリッキーミーン2 いじわる脳トレパズルゲーム"
08:00,30,com.oakever.arrows,"Amaze GO! - 矢印 パズル"
08:00,31,com.onyxhook.nekotabi,"ねこ旅 – 放置×収集×ポイ活アプリ"
08:00,32,com.sled.surfers.game,"Sled Surfers - ズ - 坂冒険"
08:00,33,com.gof.global,"ホワイトアウト・サバイバル"
08:00,34,com.supercell.brawlstars,"ブロスタ"
08:00,35,air.jp.globalgear.kechi,"ドケチボーイ -脱出ゲーム"
08:00,36,jp.co.applibot.chiikawapocket,"ちいかわぽけっと"
08:00,37,com.pocket.sort.coin.puzzle.game,"ポケットソート (Pocket Sort)：コインパズル"
08:00,38,jp.co.ponos.battlecats,"にゃんこ大戦争"
08:00,39,com.vitastudio.mahjong,"ヴィータ麻雀(Vita Mahjong)"
08:00,40,pics.karaage.sokutaiho,"巡回中！即タイホ！"
08:00,41,bus.loop.traffic.jam.fever.bus.puzzle,"Bus Loop:Jam Master"
08:00,42,block.color.game.jam.blocks.sort.puzzle.games.slide.free,"ブロックカラー・マニア"
08:00,43,com.yzlm.jp.and,"勇者連盟：暁の遠征"
08:00,44,com.soccer.score.star,"サッカースーパースター(Soccer Superstar)"
08:00,45,com.leap.searchit,"Search It – 隠しアイテム探し"
08:00,46,bus.games.car.out.traffic.parking.jam.escape.puzzle,"バスゲーム・駐車場パズル：Bus Madness"
08:00,47,tokyo.chickenskin.imikowa,"意味怖ストーリー：バッドエンドを回避せよ！"
08:00,48,com.gartic.garticphone,"Gartic Phone"
08:00,49,water.sort.color.puzzle.offline.games,"Water Sort! カラーロジック"
08:00,50,com.nutsbolts.zgsn,"Romantic Nuts & Bolts Sorting"
08:00,51,com.nebula.mahjongtile,"麻雀ブラスト (Mahjong Blast)"
08:00,52,com.find.spot.photo.hunt.differences.free.hidden,"間違い探し：違いを探す楽しいパズルゲーム"
08:00,53,com.bunbunstudio.magicblocktiles,"ぴあのたいる7: 音ゲー . リズムゲーム"
08:00,54,com.carnival.blast.smash3d,"Carnival Blast!"
08:00,55,com.youmusic.magictiles,"魔法のタイルズ3 - ピアノ曲 & ゲーム"
08:00,56,com.vigafun.funfinity.foodhunt,"Food Hunt: Pixel Puzzle"
08:00,57,com.fluffydrop.op.gp,"Fluffy Drop"
08:00,58,com.funplus.ts.global,"タイルズ・サバイバル"
08:00,59,com.zigzagame.paranoize,"パラノイズ"
08:00,60,com.tripledot.blockssmashgame,"Stack Smash - Block 3D Puzzle"
08:00,61,com.wood.bolt.wordle.screw.nuts.puzzle,"ネジパズル: 脳トレ ウッド パズル - 人気 ネジ ゲーム"
08:00,62,com.epicgames.fortnite,"フォートナイト"
08:00,63,com.furrjam.traffic.jamgame,"FurrJam:Hop In!"
08:00,64,com.dreamgames.royalmatch,"ロイヤルマッチ Royal Match"
08:00,65,com.ocean.block.shoot,"Ocean Block Shoot"
08:00,66,com.agavegames.findthecat2,"Find The Cat 2 - Spot It!"
08:00,67,com.nebula.tiles,"タップタイル (Tap Tile)"
08:00,68,com.mobcast.okp,"キングダム 乱 -天下統一への道- 究極の本格戦略ゲーム"
08:00,69,com.whoyaho.tanghulu,"フルーツ飴の達人 - ドバイもち、パフェ、ASMR、モッパン"
08:00,70,jp.pokemon.pokemontcgp,"Pokémon TCG Pocket"
08:00,71,com.topwar.gp,"トップウォー"
08:00,72,com.nexters.herowars,"ヒーローウォーズ：アライアンス — 放置系ロールプレイング"
08:00,73,hidden.object.find.seek.search.mystery.puzzle.games.free,"隠しオブジェクトゲーム：探してみよう"
08:00,74,com.tgc.sky.android,"Sky 星を紡ぐ子どもたち"
08:00,75,wool.match.color.sort.jam.puzzle,"毛糸クラッシュ"
08:00,76,com.square_enix.android_googleplay.dqsgj,"ドラゴンクエストスマッシュグロウ ドラクエローグライトRPG"
08:00,77,io.supercent.linkedcubic,"スネーククラッシュ (Snake Clash)"
08:00,78,com.pixel.art.coloring.color.number,"Happy Color® – 数字で塗り絵と色ぬりえ"
08:00,79,jigsaw.solitaire.match.games.free,"ジグソードロップ：ソリティアパズル"
08:00,80,com.media720.games2020,"オフラインゲーム 暇つぶし 楽しい ミニパズルボード"
08:00,81,com.merge.game.foodstars,"フードスター:マージ & クック"
08:00,82,com.linecorp.LGTMTM,"LINE：ディズニー ツムツム"
08:00,83,com.chirpysort.game.android,"Chirpy Sort: Bird Color Puzzle"
08:00,84,net.peakgames.toonblast,"トゥーンブラスト (Toon Blast)"
08:00,85,jp.co.drecom.wizardry.daphne,"Wizardry Variants Daphne"
08:00,86,com.merge.cooking.theme.restaurant.food,"マージクッキング テーマレストラン"
08:00,87,com.rotatelab.cubeblast,"Cube Land Puzzle Game"
08:00,88,com.FortuneMine.CarnivalKnockdown,"Carnival Knockdown"
08:00,89,com.combo.knockout,"Knock Out"
08:00,90,com.sega.pjsekai,"プロジェクトセカイ カラフルステージ！ feat. 初音ミク"
08:00,91,com.hmbl.perfect.makeover.cleaning.asmr,"Perfect Makeover Cleaning ASMR"
08:00,92,com.hypervation.goodssort,"Goods Sort Match - パズル"
08:00,93,com.QdanApp.QdanGames,"どこでもパーティーゲーム「どこパ」（ワードウルフオンライン）"
08:00,94,com.easybrain.brick.balls.blast,"Brick Blast - ブロック崩し"
08:00,95,com.eurekastudio.mapfit,"Map Fit（マップフィット）-究極の地図パズル-"
08:00,96,find.difference.spot.differences.hidden.puzzle.games.free,"間違い探し - 見つけてスポット"
08:00,97,com.ew.mahjong,"楽しい麻雀マッチ"
08:00,98,beats.color.sing.star.rush,"魔法ピアノタイル9 : ピアノゲーム、おんがくげーむ、音ゲー"
08:00,99,com.rush.xtreme.sports,"ラッシュ：エクストリーム (RUSH: Xtreme)"
08:00,100,com.gtsy.annoying.punch.game,"Annoying Uncle - パンチゲーム"
08:00,101,com.phs.global,"ラストアサイラム：プレイグ"
08:00,102,com.brain.logic.joygame,"Brain Puzzle 2: Logic Twist"
08:00,103,easy.sudoku.puzzle.solver.free,"ナンプレ - 大人気アプリ"
08:00,104,com.readygo.barrel.gp,"ラストZ：サバイバルシューティング"
08:00,105,com.wood.block.sudoku.puzzle.bm,"Block Crush: ブロックブラストパズル"
08:00,106,com.easybrain.sudoku.android,"ナンプレ - ロジックパズルゲーム"
08:00,107,com.robtopx.geometryjumplite,"Geometry Dash Lite"
08:00,108,com.innersloth.spacemafia,"Among Us"
08:00,109,io.voodoo.holeio,"ホール.io"
08:00,110,water.sort.puzzle.game.color.sorting.free,"水選別パズルゲーム - 楽しい色分けパズルゲーム"
08:00,111,com.cliffs.pro.cell.building.crazy.clever.craft,"Block Crazy Robo World Craft"
08:00,112,com.global.ztmslg,"パズル&サバイバル"
08:00,113,jp.pokemon.pokemonsleep,"Pokémon Sleep"
08:00,114,jigsolitaire.jigsort.jigsaw.solitaire.puzzle,"ジグソートパズル：ソリティアの楽しさを楽しもう"
08:00,115,com.shogunstudios.poikatsuhakkosusumukun,"ポイ活 発酵！ススムくん：放置ゲームで簡単ポイント稼ぎ"
08:00,116,io.voodoo.paper2,"Paper.io 2"
08:00,117,jp.co.mixi.monsterstrike,"モンスターストライク"
08:00,118,com.xman.jp.gp,"X-Clash"
08:00,119,com.vincentb.MobControl,"Mob Control"
08:00,120,com.mahjong.master.solitaire.match.puzzle,"麻雀マスター：デイリーマッチ"
08:00,121,com.studiobside.starMain,"スターセイヴァー"
08:00,122,com.cedargames.mysterytown,"ミステリータウン：マージゲーム (Mystery Town)"
08:00,123,jp.co.sega.am2.MJMobile,"セガNET麻雀 MJ"
08:00,124,com.football.soccer.league,"サッカーリーグ2026"
08:00,125,jp.co.sonicpowered.battle.unlimited.cxw,"クローズ×WORST UNLIMITED(アンリミ)"
08:00,126,com.magic.relaxing.water.sort.colorgame.puzzle,"3D Colorful Sort™ 魔法の水"
08:00,127,com.square_enix.android_googleplay.dqwalkj,"ドラゴンクエストウォーク"
08:00,128,jp.gungho.pad,"パズル＆ドラゴンズ"
08:00,129,com.kwalee.drawit,"ドロー・イット"
08:00,130,daily.number.match.free.puzzle,"デイリーナンバーマッチ"
08:00,131,com.ultimatelavashgames.rollthehole,"たべるジェリーホール - Jelly Hole"
08:00,132,water.sort.master.colors.games,"Water Sort: Master Colors"
08:00,133,com.ig.screwdom,"Screwdom 3D"
08:00,134,tokyo.chickenskin.yokai,"妖怪カノジョ：妖怪はキミに恋をする"
08:00,135,com.gamovation.tileclub,"タイルクラブ - マッチングゲーム"
08:00,136,com.unicostudio.braintest,"ブレインテスト(Brain Test)：ひっかけパズル"
08:00,137,com.bravestars.savethedog.drawgame,"Save The Pets"
08:00,138,com.fun.brain.game,"ブレパズ！Brain Puzzle ひっかけパズル"
08:00,139,com.axmeksl.oelasjkq,"鬼討ち剣士：日の呼吸"
08:00,140,solitaire.word.association.connections.puzzle,"ソリティアワード: Solitaire Connection"
08:00,141,com.rescue.agent,"ヘリコプター・エスケープ"
08:00,142,jp.konami.prospia,"プロ野球スピリッツA"
08:00,143,com.h8games.littlefarmstory,"リトルファームストーリー"
08:00,144,com.ea.gp.fifamobile,"EA SPORTS FC™ サッカー Mobile 2026"
08:00,145,com.mobsmile.coincollector,"Coin Collector"
08:00,146,com.JindoBlu.OfflineGames,"オフラインゲーム - 暇つぶし ゲーム - パズルゲーム"
08:00,147,ball.sort.puzzle.color.sorting.bubble.games,"ボール選別 - 脳を鍛える色分けパズル ゲーム"
08:00,148,com.kite.kittypick,"Kitty Pick"
08:00,149,gridplus.busjam.carpuzzle,"Bus Fever-Car Jam Escape"
08:00,150,com.crossfield.mahjong,"麻雀 闘龍 - 初心者から楽しめる麻雀ゲーム"
08:00,151,com.tfgco.apps.coloring.free.color.by.number,"番号でぬりえ: ピクセル着色ゲーム"
08:00,152,com.fiveminlab.overgeared.hero.backpack.merge,"チート勇者～インベントリ攻略ゲー～RPG"
08:00,153,com.igg.android.doomsdaylastsurvivors,"ドゥームズデイ × FAIRY TAIL コラボ開催中！"
08:00,154,com.Chodun.CatGunner,"にゃんこ銃士：放置育成RPG"
08:00,155,com.HoYoverse.hkrpgoversea,"崩壊：スターレイル"
08:00,156,com.cbewjp.arrow.beauty.awaits,"Arrow Away - Beauty Awaits"
08:00,157,com.kite.knockfever,"Knock Fever"
08:00,158,diamond.pixel.art.jewel.color.flow.sort.puzzle,"ジュエルカラーソート：ダイヤゲーム"
08:00,159,com.flower.forest.word.puzzle,"Flower Forest - ワードパズル"
08:00,160,loppipoppi.numbermatch,"Number Clash - Math Game"
08:00,161,com.fungames.blockcraft,"ブロッククラフト3D (Block Craft)：建設ゲーム"
08:00,162,com.s01.global,"Lordrush: ロードトゥパワー"
08:00,163,com.gamincat.roomsort,"ルームソート - 間取り図ゲーム"
08:00,164,com.zjxscjp.google,"ドット伝説～魔王になる異世界放置RPG～"
08:00,165,com.gamovation.sudoku,"数独 - 毎日ナンプレを解いて気軽に頭の体操"
08:00,166,com.actgames.HelloKittyMDS,"ハローキティ：マイドリームストア"
08:00,167,defense.roguelike.cell.shoot.survivor,"セルサバイバー"
08:00,168,com.loop.clear.cube.free.card.puzzle.sort.match,"ループマスター（Loop Master）"
08:00,169,com.sega.Kotodaman,"コトダマン ‐ 共闘ことばRPG"
08:00,170,com.mxdzz.jp.and,"キノコ伝説：勇者と魔法のランプ"
08:00,171,com.moonactive.holestars,"Hole Stars: パズルゲーム"
08:00,172,com.fliqs.chameleon.hunt.hide.seek,"Chameleon Hunt: Hide & Seek"
08:00,173,com.game.friends.jp,"TopTop(トップトップ) - 友達と一緒に遊ぼう"
08:00,174,com.qookkagames.xczyw.gp.jp,"信長の野望 真戦"
08:00,175,com.kiwifun.game.android.screw.master,"ネジ3Dパズル：ピンを外すゲーム"
08:00,176,com.slg.savagesurvival,"サベージ・サバイバル：恐竜の咆哮"
08:00,177,com.warrior.screw.gp,"ねじねじパズル"
08:00,178,io.supercent.pizzaidle,"ピザレディー (Pizza Ready)"
08:00,179,com.ares.twd,"The Walking Dead: Aftermath"
08:00,180,com.car.parking.bus.mania.traffic.jam,"Bus Jam：駐車場ゲーム パーキングジャム"
08:00,181,com.whoyaho.pendeco,"デコの達人 - カスタムボールペンASMR"
08:00,182,com.arrow.madness.games.arrows.escape.puzzle.game,"Maze Madness - 脳トレパズル"
08:00,183,com.goods.sorting.games.triple.match3d.puzzle,"商品整理ゲーム：3Dパズル"
08:00,184,com.eagle_developers.shukapig,"出荷ぶた-養豚場育成ゲーム！ポイ活可能の放置で癒しの牧場経営"
08:00,185,com.kayac.PistolDuel,"Pistol Duel"
08:00,186,com.king.candycrushsaga,"キャンディークラッシュ (Candy Crush Saga)"
08:00,187,com.lighthouse.freeplay.jp,"終焉のヒカリ"
08:00,188,com.easybrain.brainy.joygame,"Puzzle Time: Brainy Challenge"
08:00,189,com.screw3d.match.nuts.bolts.pin.jam.away.puzzle,"3D Bolt Master: ネジパズルゲーム"
08:00,190,com.nintendo.zaba,"ファイアーエムブレム  ヒーローズ"
08:00,191,com.heartsnet.clickwood.gp,"クリック Wood (Click Wood)"
08:00,192,screw.puzzle.match3.brain.puzz,"ネジマッチ: Screw Sort 3D ネジパズル ボルト"
08:00,193,com.oakever.jigsawcard,"Jigsawcard Solitaire Puzzle"
08:00,194,com.bandainamcoent.dblegends_jp,"ドラゴンボール レジェンズ"
08:00,195,com.oakever.tiletrip,"Tile Explorer - トリプルマッチ"
08:00,196,com.abi.busjam.sortpuzzle,"バスゲーム：カーパーキング・バスゲーム"
08:00,197,com.fungames.sniper3d,"Sniper 3D：銃を撃つゲーム"
08:00,198,com.YoStarJP.MajSoul,"雀魂‐じゃんたま‐"
08:00,199,jp.co.level5.inazumacross,"イナズマイレブン クロス"
08:00,200,com.playrix.fishdomdd.gplay,"フィッシュダム(Fishdom)"
09:30,1,game.qualiarts.hololive.dreams.jp,"ホロライブドリームス"
09:30,2,jp.co.goodroid.hyper.busflow,"Bus Traffic Fever!　"
09:30,3,jp.gree_ent.mushoku,"無職転生〜異世界行ったら本気だす〜クロニクル・オブ・エコーズ"
09:30,4,com.oakever.meowdoku,"Meowdoku"
09:30,5,com.flow.cannonball,"Smash Fest!"
09:30,6,com.cyphergames.royalsmash,"Royal Smash! - Physics Puzzle"
09:30,7,jp.konami.pesam,"eFootball™"
09:30,8,com.grandgames.magicsort,"マジックソート！ (Magic Sort !)"
09:30,9,com.mergegames.gossipharbor,"ゴシップハーバー：マージ & ストーリー"
09:30,10,jp.sammynet.next.ort.a0221,"[777Real] A-SLOT+ 異世界かるてっと BT"
09:30,11,com.mobirix.ldwm,"スイカ作り2048"
09:30,12,com.roblox.client,"Roblox (ロブロックス)"
09:30,13,com.unept.leveldevil,"Level Devil - NOT A Troll Game"
09:30,14,com.ecffri.arrows,"アローズ – パズルエスケープ (Arrows)"
09:30,15,com.block.juggle,"ブロックブラスト (Block Blast)"
09:30,16,color.number.paint.pixle.art.sort.jigsaw,"Jewel Coloring"
09:30,17,com.nianticlabs.pokemongo,"Pokémon GO"
09:30,18,com.playrix.township,"タウンシップ (Township)"
09:30,19,com.hollywood.merge,"ハリウッドマージ"
09:30,20,sorting.games.goods.sort.triple.match3d.puzzle.stuff,"商品整理ゲーム：3Dパズル"
09:30,21,com.kayac.slow_mo_strike,"Slow Mo Strike: ナイフ投げアクション"
09:30,22,com.puzzlegames.puzzlebrickslegend,"カラーブロック：爽快パズル(ColorBlock)"
09:30,23,com.run.tower.defense,"キングショット"
09:30,24,com.dreamgames.royalkingdom,"ロイヤルキングダム (Royal Kingdom)"
09:30,25,com.fatmerge.global,"グルメ・ジャーニー"
09:30,26,com.oakever.arrows,"Amaze GO! - 矢印 パズル"
09:30,27,com.linecorp.LGSBJ22,"LINE：ブロックジャム"
09:30,28,com.brain.crazy.joygame,"Brain Puzzle 3: Crazy Mind"
09:30,29,jp.co.applibot.chiikawapocket,"ちいかわぽけっと"
09:30,30,jp.pokemon.pokemonchampions,"Pokémon Champions"
09:30,31,com.gof.global,"ホワイトアウト・サバイバル"
09:30,32,com.supercell.brawlstars,"ブロスタ"
09:30,33,com.bandainamcoent.dgup_jp,"デジモンUP"
09:30,34,com.vitastudio.mahjong,"ヴィータ麻雀(Vita Mahjong)"
09:30,35,com.sled.surfers.game,"Sled Surfers - ズ - 坂冒険"
09:30,36,bus.games.car.out.traffic.parking.jam.escape.puzzle,"バスゲーム・駐車場パズル：Bus Madness"
09:30,37,com.soccer.score.star,"サッカースーパースター(Soccer Superstar)"
09:30,38,com.fty.trickmean2game,"トリミン2！-トリッキーミーン2 いじわる脳トレパズルゲーム"
09:30,39,com.yzlm.jp.and,"勇者連盟：暁の遠征"
09:30,40,jp.co.ponos.battlecats,"にゃんこ大戦争"
09:30,41,com.onyxhook.nekotabi,"ねこ旅 – 放置×収集×ポイ活アプリ"
09:30,42,block.color.game.jam.blocks.sort.puzzle.games.slide.free,"ブロックカラー・マニア"
09:30,43,water.sort.color.puzzle.offline.games,"Water Sort! カラーロジック"
09:30,44,air.jp.globalgear.kechi,"ドケチボーイ -脱出ゲーム"
09:30,45,com.pocket.sort.coin.puzzle.game,"ポケットソート (Pocket Sort)：コインパズル"
09:30,46,com.youmusic.magictiles,"魔法のタイルズ3 - ピアノ曲 & ゲーム"
09:30,47,pics.karaage.sokutaiho,"巡回中！即タイホ！"
09:30,48,com.vigafun.funfinity.foodhunt,"Food Hunt: Pixel Puzzle"
09:30,49,bus.loop.traffic.jam.fever.bus.puzzle,"Bus Loop:Jam Master"
09:30,50,com.leap.searchit,"Search It – 隠しアイテム探し"
09:30,51,com.zigzagame.paranoize,"パラノイズ"
09:30,52,com.funplus.ts.global,"タイルズ・サバイバル"
09:30,53,com.carnival.blast.smash3d,"Carnival Blast!"
09:30,54,tokyo.chickenskin.imikowa,"意味怖ストーリー：バッドエンドを回避せよ！"
09:30,55,com.gartic.garticphone,"Gartic Phone"
09:30,56,com.nutsbolts.zgsn,"Romantic Nuts & Bolts Sorting"
09:30,57,com.tgc.sky.android,"Sky 星を紡ぐ子どもたち"
09:30,58,com.nebula.mahjongtile,"麻雀ブラスト (Mahjong Blast)"
09:30,59,com.find.spot.photo.hunt.differences.free.hidden,"間違い探し：違いを探す楽しいパズルゲーム"
09:30,60,com.bunbunstudio.magicblocktiles,"ぴあのたいる7: 音ゲー . リズムゲーム"
09:30,61,jp.pokemon.pokemontcgp,"Pokémon TCG Pocket"
09:30,62,com.epicgames.fortnite,"フォートナイト"
09:30,63,com.wood.bolt.wordle.screw.nuts.puzzle,"ネジパズル: 脳トレ ウッド パズル - 人気 ネジ ゲーム"
09:30,64,com.fluffydrop.op.gp,"Fluffy Drop"
09:30,65,com.dreamgames.royalmatch,"ロイヤルマッチ Royal Match"
09:30,66,wool.match.color.sort.jam.puzzle,"毛糸クラッシュ"
09:30,67,com.tripledot.blockssmashgame,"Stack Smash - Block 3D Puzzle"
09:30,68,hidden.object.find.seek.search.mystery.puzzle.games.free,"隠しオブジェクトゲーム：探してみよう"
09:30,69,com.square_enix.android_googleplay.dqsgj,"ドラゴンクエストスマッシュグロウ ドラクエローグライトRPG"
09:30,70,com.furrjam.traffic.jamgame,"FurrJam:Hop In!"
09:30,71,com.mobcast.okp,"キングダム 乱 -天下統一への道- 究極の本格戦略ゲーム"
09:30,72,com.nexters.herowars,"ヒーローウォーズ：アライアンス — 放置系ロールプレイング"
09:30,73,io.supercent.linkedcubic,"スネーククラッシュ (Snake Clash)"
09:30,74,com.pixel.art.coloring.color.number,"Happy Color® – 数字で塗り絵と色ぬりえ"
09:30,75,com.ocean.block.shoot,"Ocean Block Shoot"
09:30,76,jp.co.drecom.wizardry.daphne,"Wizardry Variants Daphne"
09:30,77,com.topwar.gp,"トップウォー"
09:30,78,com.agavegames.findthecat2,"Find The Cat 2 - Spot It!"
09:30,79,net.peakgames.toonblast,"トゥーンブラスト (Toon Blast)"
09:30,80,com.media720.games2020,"オフラインゲーム 暇つぶし 楽しい ミニパズルボード"
09:30,81,find.difference.spot.differences.hidden.puzzle.games.free,"間違い探し - 見つけてスポット"
09:30,82,com.nebula.tiles,"タップタイル (Tap Tile)"
09:30,83,jigsolitaire.jigsort.jigsaw.solitaire.puzzle,"ジグソートパズル：ソリティアの楽しさを楽しもう"
09:30,84,com.whoyaho.tanghulu,"フルーツ飴の達人 - ドバイもち、パフェ、ASMR、モッパン"
09:30,85,com.gtsy.annoying.punch.game,"Annoying Uncle - パンチゲーム"
09:30,86,com.linecorp.LGTMTM,"LINE：ディズニー ツムツム"
09:30,87,com.easybrain.sudoku.android,"ナンプレ - ロジックパズルゲーム"
09:30,88,jigsaw.solitaire.match.games.free,"ジグソードロップ：ソリティアパズル"
09:30,89,com.wood.block.sudoku.puzzle.bm,"Block Crush: ブロックブラストパズル"
09:30,90,io.voodoo.paper2,"Paper.io 2"
09:30,91,com.merge.cooking.theme.restaurant.food,"マージクッキング テーマレストラン"
09:30,92,easy.sudoku.puzzle.solver.free,"ナンプレ - 大人気アプリ"
09:30,93,com.sega.pjsekai,"プロジェクトセカイ カラフルステージ！ feat. 初音ミク"
09:30,94,com.FortuneMine.CarnivalKnockdown,"Carnival Knockdown"
09:30,95,com.innersloth.spacemafia,"Among Us"
09:30,96,com.merge.game.foodstars,"フードスター:マージ & クック"
09:30,97,com.vincentb.MobControl,"Mob Control"
09:30,98,com.readygo.barrel.gp,"ラストZ：サバイバルシューティング"
09:30,99,com.chirpysort.game.android,"Chirpy Sort: Bird Color Puzzle"
09:30,100,jp.co.sega.am2.MJMobile,"セガNET麻雀 MJ"
09:30,101,com.studiobside.starMain,"スターセイヴァー"
09:30,102,com.rotatelab.cubeblast,"Cube Land Puzzle Game"
09:30,103,com.football.soccer.league,"サッカーリーグ2026"
09:30,104,daily.number.match.free.puzzle,"デイリーナンバーマッチ"
09:30,105,com.combo.knockout,"Knock Out"
09:30,106,com.bravestars.savethedog.drawgame,"Save The Pets"
09:30,107,com.hmbl.perfect.makeover.cleaning.asmr,"Perfect Makeover Cleaning ASMR"
09:30,108,com.hypervation.goodssort,"Goods Sort Match - パズル"
09:30,109,com.QdanApp.QdanGames,"どこでもパーティーゲーム「どこパ」（ワードウルフオンライン）"
09:30,110,com.easybrain.brick.balls.blast,"Brick Blast - ブロック崩し"
09:30,111,com.global.ztmslg,"パズル&サバイバル"
09:30,112,com.square_enix.android_googleplay.dqwalkj,"ドラゴンクエストウォーク"
09:30,113,com.eurekastudio.mapfit,"Map Fit（マップフィット）-究極の地図パズル-"
09:30,114,io.voodoo.holeio,"ホール.io"
09:30,115,com.unicostudio.braintest,"ブレインテスト(Brain Test)：ひっかけパズル"
09:30,116,water.sort.puzzle.game.color.sorting.free,"水選別パズルゲーム - 楽しい色分けパズルゲーム"
09:30,117,com.ew.mahjong,"楽しい麻雀マッチ"
09:30,118,jp.co.sonicpowered.battle.unlimited.cxw,"クローズ×WORST UNLIMITED(アンリミ)"
09:30,119,beats.color.sing.star.rush,"魔法ピアノタイル9 : ピアノゲーム、おんがくげーむ、音ゲー"
09:30,120,com.rush.xtreme.sports,"ラッシュ：エクストリーム (RUSH: Xtreme)"
09:30,121,jp.co.mixi.monsterstrike,"モンスターストライク"
09:30,122,com.phs.global,"ラストアサイラム：プレイグ"
09:30,123,com.brain.logic.joygame,"Brain Puzzle 2: Logic Twist"
09:30,124,jp.konami.prospia,"プロ野球スピリッツA"
09:30,125,ball.sort.puzzle.color.sorting.bubble.games,"ボール選別 - 脳を鍛える色分けパズル ゲーム"
09:30,126,com.igg.android.doomsdaylastsurvivors,"ドゥームズデイ × FAIRY TAIL コラボ開催中！"
09:30,127,solitaire.word.association.connections.puzzle,"ソリティアワード: Solitaire Connection"
09:30,128,com.cedargames.mysterytown,"ミステリータウン：マージゲーム (Mystery Town)"
09:30,129,com.robtopx.geometryjumplite,"Geometry Dash Lite"
09:30,130,com.JindoBlu.OfflineGames,"オフラインゲーム - 暇つぶし ゲーム - パズルゲーム"
09:30,131,com.h8games.littlefarmstory,"リトルファームストーリー"
09:30,132,com.cliffs.pro.cell.building.crazy.clever.craft,"Block Crazy Robo World Craft"
09:30,133,jp.pokemon.pokemonsleep,"Pokémon Sleep"
09:30,134,jp.gungho.pad,"パズル＆ドラゴンズ"
09:30,135,com.shogunstudios.poikatsuhakkosusumukun,"ポイ活 発酵！ススムくん：放置ゲームで簡単ポイント稼ぎ"
09:30,136,com.xman.jp.gp,"X-Clash"
09:30,137,com.mahjong.master.solitaire.match.puzzle,"麻雀マスター：デイリーマッチ"
09:30,138,com.ea.gp.fifamobile,"EA SPORTS FC™ サッカー Mobile 2026"
09:30,139,com.fungames.blockcraft,"ブロッククラフト3D (Block Craft)：建設ゲーム"
09:30,140,com.tfgco.apps.coloring.free.color.by.number,"番号でぬりえ: ピクセル着色ゲーム"
09:30,141,com.magic.relaxing.water.sort.colorgame.puzzle,"3D Colorful Sort™ 魔法の水"
09:30,142,com.gamovation.tileclub,"タイルクラブ - マッチングゲーム"
09:30,143,com.kwalee.drawit,"ドロー・イット"
09:30,144,com.ultimatelavashgames.rollthehole,"たべるジェリーホール - Jelly Hole"
09:30,145,com.actgames.HelloKittyMDS,"ハローキティ：マイドリームストア"
09:30,146,com.moonactive.holestars,"Hole Stars: パズルゲーム"
09:30,147,water.sort.master.colors.games,"Water Sort: Master Colors"
09:30,148,com.qookkagames.xczyw.gp.jp,"信長の野望 真戦"
09:30,149,com.ig.screwdom,"Screwdom 3D"
09:30,150,tokyo.chickenskin.yokai,"妖怪カノジョ：妖怪はキミに恋をする"
09:30,151,com.arrow.madness.games.arrows.escape.puzzle.game,"Maze Madness - 脳トレパズル"
09:30,152,com.fun.brain.game,"ブレパズ！Brain Puzzle ひっかけパズル"
09:30,153,com.axmeksl.oelasjkq,"鬼討ち剣士：日の呼吸"
09:30,154,com.mobsmile.coincollector,"Coin Collector"
09:30,155,com.kiwifun.game.android.screw.master,"ネジ3Dパズル：ピンを外すゲーム"
09:30,156,com.rescue.agent,"ヘリコプター・エスケープ"
09:30,157,io.supercent.pizzaidle,"ピザレディー (Pizza Ready)"
09:30,158,com.car.parking.bus.mania.traffic.jam,"Bus Jam：駐車場ゲーム パーキングジャム"
09:30,159,com.oakever.jigsawcard,"Jigsawcard Solitaire Puzzle"
09:30,160,com.fiveminlab.overgeared.hero.backpack.merge,"チート勇者～インベントリ攻略ゲー～RPG"
09:30,161,com.HoYoverse.hkrpgoversea,"崩壊：スターレイル"
09:30,162,loppipoppi.numbermatch,"Number Clash - Math Game"
09:30,163,screw.puzzle.match3.brain.puzz,"ネジマッチ: Screw Sort 3D ネジパズル ボルト"
09:30,164,com.goods.sorting.games.triple.match3d.puzzle,"商品整理ゲーム：3Dパズル"
09:30,165,com.bandainamcoent.dblegends_jp,"ドラゴンボール レジェンズ"
09:30,166,com.kite.kittypick,"Kitty Pick"
09:30,167,gridplus.busjam.carpuzzle,"Bus Fever-Car Jam Escape"
09:30,168,diamond.pixel.art.jewel.color.flow.sort.puzzle,"ジュエルカラーソート：ダイヤゲーム"
09:30,169,com.screw3d.match.nuts.bolts.pin.jam.away.puzzle,"3D Bolt Master: ネジパズルゲーム"
09:30,170,com.crossfield.mahjong,"麻雀 闘龍 - 初心者から楽しめる麻雀ゲーム"
09:30,171,com.Chodun.CatGunner,"にゃんこ銃士：放置育成RPG"
09:30,172,com.sega.Kotodaman,"コトダマン ‐ 共闘ことばRPG"
09:30,173,com.cbewjp.arrow.beauty.awaits,"Arrow Away - Beauty Awaits"
09:30,174,com.YoStarJP.MajSoul,"雀魂‐じゃんたま‐"
09:30,175,com.fungames.sniper3d,"Sniper 3D：銃を撃つゲーム"
09:30,176,com.kite.knockfever,"Knock Fever"
09:30,177,com.mxdzz.jp.and,"キノコ伝説：勇者と魔法のランプ"
09:30,178,com.HoYoverse.cloudgames.Nap,"ゼンレスゾーンゼロ・クラウド版 - アニバーサリー"
09:30,179,com.playrix.gardenscapes,"ガーデンスケイプ(Gardenscapes)"
09:30,180,piggy.escape.jam.farm.puzzle.game,"Piggy Escape: 動物パーキングゲーム"
09:30,181,com.microdose.balljam,"Marble Sort!"
09:30,182,com.flower.forest.word.puzzle,"Flower Forest - ワードパズル"
09:30,183,com.easybrain.brainy.joygame,"Puzzle Time: Brainy Challenge"
09:30,184,com.warrior.screw.gp,"ねじねじパズル"
09:30,185,com.s01.global,"Lordrush: ロードトゥパワー"
09:30,186,com.bigc.tile.match.triple,"タイルマッチ：暇つぶしに最適！楽しいオフライン3マッチパズル"
09:30,187,com.gamincat.roomsort,"ルームソート - 間取り図ゲーム"
09:30,188,water.sort.puzzle.color.sort.games,"Water Sort：カラー チューブ パズル"
09:30,189,com.zjxscjp.google,"ドット伝説～魔王になる異世界放置RPG～"
09:30,190,com.gamovation.sudoku,"数独 - 毎日ナンプレを解いて気軽に頭の体操"
09:30,191,defense.roguelike.cell.shoot.survivor,"セルサバイバー"
09:30,192,com.loop.clear.cube.free.card.puzzle.sort.match,"ループマスター（Loop Master）"
09:30,193,com.playrix.fishdomdd.gplay,"フィッシュダム(Fishdom)"
09:30,194,com.epicoro.castleclashers,"Castle Busters"
09:30,195,com.king.candycrushsaga,"キャンディークラッシュ (Candy Crush Saga)"
09:30,196,com.yoyogames.love.makeover.dressup.dating.crush.game,"Love Makeover: 着せ替えコーデ"
09:30,197,com.fliqs.chameleon.hunt.hide.seek,"Chameleon Hunt: Hide & Seek"
09:30,198,com.game.friends.jp,"TopTop(トップトップ) - 友達と一緒に遊ぼう"
09:30,199,and.brainworks.holeemall,"ホール・エム・オール (Hole Em All)"
09:30,200,com.easybrain.arrow.puzzle.game,"Arrow Puzzle - アローパズルゲーム"
12:30,1,game.qualiarts.hololive.dreams.jp,"ホロライブドリームス"
12:30,2,jp.co.goodroid.hyper.busflow,"Bus Traffic Fever!　"
12:30,3,jp.gree_ent.mushoku,"無職転生〜異世界行ったら本気だす〜クロニクル・オブ・エコーズ"
12:30,4,com.oakever.meowdoku,"Meowdoku"
12:30,5,com.flow.cannonball,"Smash Fest!"
12:30,6,com.cyphergames.royalsmash,"Royal Smash! - Physics Puzzle"
12:30,7,com.grandgames.magicsort,"マジックソート！ (Magic Sort !)"
12:30,8,com.mergegames.gossipharbor,"ゴシップハーバー：マージ & ストーリー"
12:30,9,com.mobirix.ldwm,"スイカ作り2048"
12:30,10,jp.sammynet.next.ort.a0221,"[777Real] A-SLOT+ 異世界かるてっと BT"
12:30,11,jp.konami.pesam,"eFootball™"
12:30,12,com.ecffri.arrows,"アローズ – パズルエスケープ (Arrows)"
12:30,13,com.block.juggle,"ブロックブラスト (Block Blast)"
12:30,14,com.roblox.client,"Roblox (ロブロックス)"
12:30,15,com.unept.leveldevil,"Level Devil - NOT A Troll Game"
12:30,16,com.hollywood.merge,"ハリウッドマージ"
12:30,17,color.number.paint.pixle.art.sort.jigsaw,"Jewel Coloring"
12:30,18,sorting.games.goods.sort.triple.match3d.puzzle.stuff,"商品整理ゲーム：3Dパズル"
12:30,19,com.kayac.slow_mo_strike,"Slow Mo Strike: ナイフ投げアクション"
12:30,20,com.puzzlegames.puzzlebrickslegend,"カラーブロック：爽快パズル(ColorBlock)"
12:30,21,com.run.tower.defense,"キングショット"
12:30,22,com.nianticlabs.pokemongo,"Pokémon GO"
12:30,23,com.playrix.township,"タウンシップ (Township)"
12:30,24,com.fatmerge.global,"グルメ・ジャーニー"
12:30,25,com.brain.crazy.joygame,"Brain Puzzle 3: Crazy Mind"
12:30,26,jp.pokemon.pokemonchampions,"Pokémon Champions"
12:30,27,com.bandainamcoent.dgup_jp,"デジモンUP"
12:30,28,com.dreamgames.royalkingdom,"ロイヤルキングダム (Royal Kingdom)"
12:30,29,com.onyxhook.nekotabi,"ねこ旅 – 放置×収集×ポイ活アプリ"
12:30,30,com.oakever.arrows,"Amaze GO! - 矢印 パズル"
12:30,31,com.linecorp.LGSBJ22,"LINE：ブロックジャム"
12:30,32,jp.co.applibot.chiikawapocket,"ちいかわぽけっと"
12:30,33,com.gof.global,"ホワイトアウト・サバイバル"
12:30,34,com.supercell.brawlstars,"ブロスタ"
12:30,35,jp.co.ponos.battlecats,"にゃんこ大戦争"
12:30,36,com.vitastudio.mahjong,"ヴィータ麻雀(Vita Mahjong)"
12:30,37,com.fty.trickmean2game,"トリミン2！-トリッキーミーン2 いじわる脳トレパズルゲーム"
12:30,38,air.jp.globalgear.kechi,"ドケチボーイ -脱出ゲーム"
12:30,39,com.sled.surfers.game,"Sled Surfers - ズ - 坂冒険"
12:30,40,bus.loop.traffic.jam.fever.bus.puzzle,"Bus Loop:Jam Master"
12:30,41,pics.karaage.sokutaiho,"巡回中！即タイホ！"
12:30,42,com.pocket.sort.coin.puzzle.game,"ポケットソート (Pocket Sort)：コインパズル"
12:30,43,bus.games.car.out.traffic.parking.jam.escape.puzzle,"バスゲーム・駐車場パズル：Bus Madness"
12:30,44,com.soccer.score.star,"サッカースーパースター(Soccer Superstar)"
12:30,45,com.yzlm.jp.and,"勇者連盟：暁の遠征"
12:30,46,com.leap.searchit,"Search It – 隠しアイテム探し"
12:30,47,block.color.game.jam.blocks.sort.puzzle.games.slide.free,"ブロックカラー・マニア"
12:30,48,water.sort.color.puzzle.offline.games,"Water Sort! カラーロジック"
12:30,49,com.youmusic.magictiles,"魔法のタイルズ3 - ピアノ曲 & ゲーム"
12:30,50,com.fluffydrop.op.gp,"Fluffy Drop"
12:30,51,com.vigafun.funfinity.foodhunt,"Food Hunt: Pixel Puzzle"
12:30,52,com.nutsbolts.zgsn,"Romantic Nuts & Bolts Sorting"
12:30,53,com.bunbunstudio.magicblocktiles,"ぴあのたいる7: 音ゲー . リズムゲーム"
12:30,54,tokyo.chickenskin.imikowa,"意味怖ストーリー：バッドエンドを回避せよ！"
12:30,55,com.funplus.ts.global,"タイルズ・サバイバル"
12:30,56,com.wood.bolt.wordle.screw.nuts.puzzle,"ネジパズル: 脳トレ ウッド パズル - 人気 ネジ ゲーム"
12:30,57,com.epicgames.fortnite,"フォートナイト"
12:30,58,com.nebula.mahjongtile,"麻雀ブラスト (Mahjong Blast)"
12:30,59,com.find.spot.photo.hunt.differences.free.hidden,"間違い探し：違いを探す楽しいパズルゲーム"
12:30,60,com.zigzagame.paranoize,"パラノイズ"
12:30,61,com.gartic.garticphone,"Gartic Phone"
12:30,62,com.carnival.blast.smash3d,"Carnival Blast!"
12:30,63,com.furrjam.traffic.jamgame,"FurrJam:Hop In!"
12:30,64,com.tripledot.blockssmashgame,"Stack Smash - Block 3D Puzzle"
12:30,65,com.dreamgames.royalmatch,"ロイヤルマッチ Royal Match"
12:30,66,com.tgc.sky.android,"Sky 星を紡ぐ子どもたち"
12:30,67,jp.pokemon.pokemontcgp,"Pokémon TCG Pocket"
12:30,68,com.agavegames.findthecat2,"Find The Cat 2 - Spot It!"
12:30,69,com.nebula.tiles,"タップタイル (Tap Tile)"
12:30,70,com.ocean.block.shoot,"Ocean Block Shoot"
12:30,71,com.topwar.gp,"トップウォー"
12:30,72,wool.match.color.sort.jam.puzzle,"毛糸クラッシュ"
12:30,73,hidden.object.find.seek.search.mystery.puzzle.games.free,"隠しオブジェクトゲーム：探してみよう"
12:30,74,com.square_enix.android_googleplay.dqsgj,"ドラゴンクエストスマッシュグロウ ドラクエローグライトRPG"
12:30,75,com.whoyaho.tanghulu,"フルーツ飴の達人 - ドバイもち、パフェ、ASMR、モッパン"
12:30,76,com.mobcast.okp,"キングダム 乱 -天下統一への道- 究極の本格戦略ゲーム"
12:30,77,com.nexters.herowars,"ヒーローウォーズ：アライアンス — 放置系ロールプレイング"
12:30,78,com.merge.game.foodstars,"フードスター:マージ & クック"
12:30,79,io.supercent.linkedcubic,"スネーククラッシュ (Snake Clash)"
12:30,80,com.pixel.art.coloring.color.number,"Happy Color® – 数字で塗り絵と色ぬりえ"
12:30,81,com.linecorp.LGTMTM,"LINE：ディズニー ツムツム"
12:30,82,jigsaw.solitaire.match.games.free,"ジグソードロップ：ソリティアパズル"
12:30,83,jp.co.drecom.wizardry.daphne,"Wizardry Variants Daphne"
12:30,84,com.merge.cooking.theme.restaurant.food,"マージクッキング テーマレストラン"
12:30,85,com.sega.pjsekai,"プロジェクトセカイ カラフルステージ！ feat. 初音ミク"
12:30,86,net.peakgames.toonblast,"トゥーンブラスト (Toon Blast)"
12:30,87,com.media720.games2020,"オフラインゲーム 暇つぶし 楽しい ミニパズルボード"
12:30,88,find.difference.spot.differences.hidden.puzzle.games.free,"間違い探し - 見つけてスポット"
12:30,89,com.chirpysort.game.android,"Chirpy Sort: Bird Color Puzzle"
12:30,90,jigsolitaire.jigsort.jigsaw.solitaire.puzzle,"ジグソートパズル：ソリティアの楽しさを楽しもう"
12:30,91,com.eurekastudio.mapfit,"Map Fit（マップフィット）-究極の地図パズル-"
12:30,92,com.rotatelab.cubeblast,"Cube Land Puzzle Game"
12:30,93,com.gtsy.annoying.punch.game,"Annoying Uncle - パンチゲーム"
12:30,94,com.hmbl.perfect.makeover.cleaning.asmr,"Perfect Makeover Cleaning ASMR"
12:30,95,com.hypervation.goodssort,"Goods Sort Match - パズル"
12:30,96,com.easybrain.sudoku.android,"ナンプレ - ロジックパズルゲーム"
12:30,97,com.wood.block.sudoku.puzzle.bm,"Block Crush: ブロックブラストパズル"
12:30,98,io.voodoo.paper2,"Paper.io 2"
12:30,99,easy.sudoku.puzzle.solver.free,"ナンプレ - 大人気アプリ"
12:30,100,com.combo.knockout,"Knock Out"
12:30,101,com.brain.logic.joygame,"Brain Puzzle 2: Logic Twist"
12:30,102,com.FortuneMine.CarnivalKnockdown,"Carnival Knockdown"
12:30,103,com.global.ztmslg,"パズル&サバイバル"
12:30,104,com.QdanApp.QdanGames,"どこでもパーティーゲーム「どこパ」（ワードウルフオンライン）"
12:30,105,com.easybrain.brick.balls.blast,"Brick Blast - ブロック崩し"
12:30,106,com.innersloth.spacemafia,"Among Us"
12:30,107,water.sort.puzzle.game.color.sorting.free,"水選別パズルゲーム - 楽しい色分けパズルゲーム"
12:30,108,com.cedargames.mysterytown,"ミステリータウン：マージゲーム (Mystery Town)"
12:30,109,io.voodoo.holeio,"ホール.io"
12:30,110,daily.number.match.free.puzzle,"デイリーナンバーマッチ"
12:30,111,com.vincentb.MobControl,"Mob Control"
12:30,112,com.ew.mahjong,"楽しい麻雀マッチ"
12:30,113,com.readygo.barrel.gp,"ラストZ：サバイバルシューティング"
12:30,114,com.shogunstudios.poikatsuhakkosusumukun,"ポイ活 発酵！ススムくん：放置ゲームで簡単ポイント稼ぎ"
12:30,115,com.cliffs.pro.cell.building.crazy.clever.craft,"Block Crazy Robo World Craft"
12:30,116,com.rush.xtreme.sports,"ラッシュ：エクストリーム (RUSH: Xtreme)"
12:30,117,jp.co.sega.am2.MJMobile,"セガNET麻雀 MJ"
12:30,118,com.phs.global,"ラストアサイラム：プレイグ"
12:30,119,com.studiobside.starMain,"スターセイヴァー"
12:30,120,com.axmeksl.oelasjkq,"鬼討ち剣士：日の呼吸"
12:30,121,jp.co.mixi.monsterstrike,"モンスターストライク"
12:30,122,com.robtopx.geometryjumplite,"Geometry Dash Lite"
12:30,123,jp.gungho.pad,"パズル＆ドラゴンズ"
12:30,124,com.football.soccer.league,"サッカーリーグ2026"
12:30,125,com.bravestars.savethedog.drawgame,"Save The Pets"
12:30,126,com.mahjong.master.solitaire.match.puzzle,"麻雀マスター：デイリーマッチ"
12:30,127,com.xman.jp.gp,"X-Clash"
12:30,128,com.gamovation.tileclub,"タイルクラブ - マッチングゲーム"
12:30,129,beats.color.sing.star.rush,"魔法ピアノタイル9 : ピアノゲーム、おんがくげーむ、音ゲー"
12:30,130,com.Chodun.CatGunner,"にゃんこ銃士：放置育成RPG"
12:30,131,com.square_enix.android_googleplay.dqwalkj,"ドラゴンクエストウォーク"
12:30,132,com.unicostudio.braintest,"ブレインテスト(Brain Test)：ひっかけパズル"
12:30,133,jp.pokemon.pokemonsleep,"Pokémon Sleep"
12:30,134,com.magic.relaxing.water.sort.colorgame.puzzle,"3D Colorful Sort™ 魔法の水"
12:30,135,jp.co.sonicpowered.battle.unlimited.cxw,"クローズ×WORST UNLIMITED(アンリミ)"
12:30,136,com.ultimatelavashgames.rollthehole,"たべるジェリーホール - Jelly Hole"
12:30,137,jp.konami.prospia,"プロ野球スピリッツA"
12:30,138,ball.sort.puzzle.color.sorting.bubble.games,"ボール選別 - 脳を鍛える色分けパズル ゲーム"
12:30,139,tokyo.chickenskin.yokai,"妖怪カノジョ：妖怪はキミに恋をする"
12:30,140,com.igg.android.doomsdaylastsurvivors,"ドゥームズデイ × FAIRY TAIL コラボ開催中！"
12:30,141,solitaire.word.association.connections.puzzle,"ソリティアワード: Solitaire Connection"
12:30,142,com.JindoBlu.OfflineGames,"オフラインゲーム - 暇つぶし ゲーム - パズルゲーム"
12:30,143,com.h8games.littlefarmstory,"リトルファームストーリー"
12:30,144,com.kwalee.drawit,"ドロー・イット"
12:30,145,water.sort.master.colors.games,"Water Sort: Master Colors"
12:30,146,com.kite.kittypick,"Kitty Pick"
12:30,147,com.ig.screwdom,"Screwdom 3D"
12:30,148,com.fun.brain.game,"ブレパズ！Brain Puzzle ひっかけパズル"
12:30,149,com.rescue.agent,"ヘリコプター・エスケープ"
12:30,150,com.ea.gp.fifamobile,"EA SPORTS FC™ サッカー Mobile 2026"
12:30,151,com.mobsmile.coincollector,"Coin Collector"
12:30,152,com.fungames.blockcraft,"ブロッククラフト3D (Block Craft)：建設ゲーム"
12:30,153,com.fiveminlab.overgeared.hero.backpack.merge,"チート勇者～インベントリ攻略ゲー～RPG"
12:30,154,com.tfgco.apps.coloring.free.color.by.number,"番号でぬりえ: ピクセル着色ゲーム"
12:30,155,com.HoYoverse.hkrpgoversea,"崩壊：スターレイル"
12:30,156,com.mxdzz.jp.and,"キノコ伝説：勇者と魔法のランプ"
12:30,157,com.kite.knockfever,"Knock Fever"
12:30,158,gridplus.busjam.carpuzzle,"Bus Fever-Car Jam Escape"
12:30,159,com.actgames.HelloKittyMDS,"ハローキティ：マイドリームストア"
12:30,160,com.fliqs.chameleon.hunt.hide.seek,"Chameleon Hunt: Hide & Seek"
12:30,161,com.crossfield.mahjong,"麻雀 闘龍 - 初心者から楽しめる麻雀ゲーム"
12:30,162,com.easybrain.brainy.joygame,"Puzzle Time: Brainy Challenge"
12:30,163,com.moonactive.holestars,"Hole Stars: パズルゲーム"
12:30,164,com.qookkagames.xczyw.gp.jp,"信長の野望 真戦"
12:30,165,diamond.pixel.art.jewel.color.flow.sort.puzzle,"ジュエルカラーソート：ダイヤゲーム"
12:30,166,com.arrow.madness.games.arrows.escape.puzzle.game,"Maze Madness - 脳トレパズル"
12:30,167,com.sega.Kotodaman,"コトダマン ‐ 共闘ことばRPG"
12:30,168,com.warrior.screw.gp,"ねじねじパズル"
12:30,169,com.kiwifun.game.android.screw.master,"ネジ3Dパズル：ピンを外すゲーム"
12:30,170,com.flower.forest.word.puzzle,"Flower Forest - ワードパズル"
12:30,171,com.HoYoverse.Nap,"ゼンレスゾーンゼロ - アニバーサリー"
12:30,172,io.supercent.pizzaidle,"ピザレディー (Pizza Ready)"
12:30,173,com.gamovation.sudoku,"数独 - 毎日ナンプレを解いて気軽に頭の体操"
12:30,174,com.car.parking.bus.mania.traffic.jam,"Bus Jam：駐車場ゲーム パーキングジャム"
12:30,175,com.oakever.jigsawcard,"Jigsawcard Solitaire Puzzle"
12:30,176,com.loop.clear.cube.free.card.puzzle.sort.match,"ループマスター（Loop Master）"
12:30,177,com.zjxscjp.google,"ドット伝説～魔王になる異世界放置RPG～"
12:30,178,defense.roguelike.cell.shoot.survivor,"セルサバイバー"
12:30,179,com.king.candycrushsaga,"キャンディークラッシュ (Candy Crush Saga)"
12:30,180,loppipoppi.numbermatch,"Number Clash - Math Game"
12:30,181,com.abi.busjam.sortpuzzle,"バスゲーム：カーパーキング・バスゲーム"
12:30,182,screw.puzzle.match3.brain.puzz,"ネジマッチ: Screw Sort 3D ネジパズル ボルト"
12:30,183,com.slg.savagesurvival,"サベージ・サバイバル：恐竜の咆哮"
12:30,184,com.lighthouse.freeplay.jp,"終焉のヒカリ"
12:30,185,com.goods.sorting.games.triple.match3d.puzzle,"商品整理ゲーム：3Dパズル"
12:30,186,com.s01.global,"Lordrush: ロードトゥパワー"
12:30,187,com.game.friends.jp,"TopTop(トップトップ) - 友達と一緒に遊ぼう"
12:30,188,jp.co.level5.inazumacross,"イナズマイレブン クロス"
12:30,189,com.bandainamcoent.dblegends_jp,"ドラゴンボール レジェンズ"
12:30,190,com.whoyaho.pendeco,"デコの達人 - カスタムボールペンASMR"
12:30,191,com.gamincat.roomsort,"ルームソート - 間取り図ゲーム"
12:30,192,com.oakever.tiletrip,"Tile Explorer - トリプルマッチ"
12:30,193,com.eagle_developers.shukapig,"出荷ぶた-養豚場育成ゲーム！ポイ活可能の放置で癒しの牧場経営"
12:30,194,com.cbewjp.arrow.beauty.awaits,"Arrow Away - Beauty Awaits"
12:30,195,com.screw3d.match.nuts.bolts.pin.jam.away.puzzle,"3D Bolt Master: ネジパズルゲーム"
12:30,196,com.ares.twd,"The Walking Dead: Aftermath"
12:30,197,com.nintendo.zaba,"ファイアーエムブレム  ヒーローズ"
12:30,198,game.piano.music.tiles.challenge,"ピアノゲームクラシック - チャレンジミュージックソング"
12:30,199,com.YoStarJP.MajSoul,"雀魂‐じゃんたま‐"
12:30,200,com.fungames.sniper3d,"Sniper 3D：銃を撃つゲーム"
15:00,1,game.qualiarts.hololive.dreams.jp,"ホロライブドリームス"
15:00,2,jp.co.goodroid.hyper.busflow,"Bus Traffic Fever!　"
15:00,3,jp.gree_ent.mushoku,"無職転生〜異世界行ったら本気だす〜クロニクル・オブ・エコーズ"
15:00,4,com.oakever.meowdoku,"Meowdoku"
15:00,5,com.flow.cannonball,"Smash Fest!"
15:00,6,com.cyphergames.royalsmash,"Royal Smash! - Physics Puzzle"
15:00,7,com.grandgames.magicsort,"マジックソート！ (Magic Sort !)"
15:00,8,com.mergegames.gossipharbor,"ゴシップハーバー：マージ & ストーリー"
15:00,9,com.mobirix.ldwm,"スイカ作り2048"
15:00,10,jp.konami.pesam,"eFootball™"
15:00,11,jp.sammynet.next.ort.a0221,"[777Real] A-SLOT+ 異世界かるてっと BT"
15:00,12,com.ecffri.arrows,"アローズ – パズルエスケープ (Arrows)"
15:00,13,com.block.juggle,"ブロックブラスト (Block Blast)"
15:00,14,com.unept.leveldevil,"Level Devil - NOT A Troll Game"
15:00,15,com.roblox.client,"Roblox (ロブロックス)"
15:00,16,com.hollywood.merge,"ハリウッドマージ"
15:00,17,color.number.paint.pixle.art.sort.jigsaw,"Jewel Coloring"
15:00,18,com.kayac.slow_mo_strike,"Slow Mo Strike: ナイフ投げアクション"
15:00,19,com.puzzlegames.puzzlebrickslegend,"カラーブロック：爽快パズル(ColorBlock)"
15:00,20,com.run.tower.defense,"キングショット"
15:00,21,sorting.games.goods.sort.triple.match3d.puzzle.stuff,"商品整理ゲーム：3Dパズル"
15:00,22,com.nianticlabs.pokemongo,"Pokémon GO"
15:00,23,com.playrix.township,"タウンシップ (Township)"
15:00,24,com.fatmerge.global,"グルメ・ジャーニー"
15:00,25,com.brain.crazy.joygame,"Brain Puzzle 3: Crazy Mind"
15:00,26,com.dreamgames.royalkingdom,"ロイヤルキングダム (Royal Kingdom)"
15:00,27,jp.pokemon.pokemonchampions,"Pokémon Champions"
15:00,28,com.bandainamcoent.dgup_jp,"デジモンUP"
15:00,29,com.oakever.arrows,"Amaze GO! - 矢印 パズル"
15:00,30,jp.co.applibot.chiikawapocket,"ちいかわぽけっと"
15:00,31,com.onyxhook.nekotabi,"ねこ旅 – 放置×収集×ポイ活アプリ"
15:00,32,com.gof.global,"ホワイトアウト・サバイバル"
15:00,33,com.linecorp.LGSBJ22,"LINE：ブロックジャム"
15:00,34,com.supercell.brawlstars,"ブロスタ"
15:00,35,com.vitastudio.mahjong,"ヴィータ麻雀(Vita Mahjong)"
15:00,36,jp.co.ponos.battlecats,"にゃんこ大戦争"
15:00,37,com.fty.trickmean2game,"トリミン2！-トリッキーミーン2 いじわる脳トレパズルゲーム"
15:00,38,air.jp.globalgear.kechi,"ドケチボーイ -脱出ゲーム"
15:00,39,bus.loop.traffic.jam.fever.bus.puzzle,"Bus Loop:Jam Master"
15:00,40,com.sled.surfers.game,"Sled Surfers - ズ - 坂冒険"
15:00,41,pics.karaage.sokutaiho,"巡回中！即タイホ！"
15:00,42,bus.games.car.out.traffic.parking.jam.escape.puzzle,"バスゲーム・駐車場パズル：Bus Madness"
15:00,43,com.yzlm.jp.and,"勇者連盟：暁の遠征"
15:00,44,com.leap.searchit,"Search It – 隠しアイテム探し"
15:00,45,com.soccer.score.star,"サッカースーパースター(Soccer Superstar)"
15:00,46,com.pocket.sort.coin.puzzle.game,"ポケットソート (Pocket Sort)：コインパズル"
15:00,47,block.color.game.jam.blocks.sort.puzzle.games.slide.free,"ブロックカラー・マニア"
15:00,48,water.sort.color.puzzle.offline.games,"Water Sort! カラーロジック"
15:00,49,com.youmusic.magictiles,"魔法のタイルズ3 - ピアノ曲 & ゲーム"
15:00,50,com.vigafun.funfinity.foodhunt,"Food Hunt: Pixel Puzzle"
15:00,51,com.nutsbolts.zgsn,"Romantic Nuts & Bolts Sorting"
15:00,52,com.bunbunstudio.magicblocktiles,"ぴあのたいる7: 音ゲー . リズムゲーム"
15:00,53,com.wood.bolt.wordle.screw.nuts.puzzle,"ネジパズル: 脳トレ ウッド パズル - 人気 ネジ ゲーム"
15:00,54,com.nebula.mahjongtile,"麻雀ブラスト (Mahjong Blast)"
15:00,55,com.epicgames.fortnite,"フォートナイト"
15:00,56,com.zigzagame.paranoize,"パラノイズ"
15:00,57,com.fluffydrop.op.gp,"Fluffy Drop"
15:00,58,com.gartic.garticphone,"Gartic Phone"
15:00,59,tokyo.chickenskin.imikowa,"意味怖ストーリー：バッドエンドを回避せよ！"
15:00,60,com.funplus.ts.global,"タイルズ・サバイバル"
15:00,61,com.find.spot.photo.hunt.differences.free.hidden,"間違い探し：違いを探す楽しいパズルゲーム"
15:00,62,com.carnival.blast.smash3d,"Carnival Blast!"
15:00,63,com.dreamgames.royalmatch,"ロイヤルマッチ Royal Match"
15:00,64,com.furrjam.traffic.jamgame,"FurrJam:Hop In!"
15:00,65,com.tripledot.blockssmashgame,"Stack Smash - Block 3D Puzzle"
15:00,66,jp.pokemon.pokemontcgp,"Pokémon TCG Pocket"
15:00,67,com.tgc.sky.android,"Sky 星を紡ぐ子どもたち"
15:00,68,com.nebula.tiles,"タップタイル (Tap Tile)"
15:00,69,com.ocean.block.shoot,"Ocean Block Shoot"
15:00,70,com.agavegames.findthecat2,"Find The Cat 2 - Spot It!"
15:00,71,com.topwar.gp,"トップウォー"
15:00,72,wool.match.color.sort.jam.puzzle,"毛糸クラッシュ"
15:00,73,hidden.object.find.seek.search.mystery.puzzle.games.free,"隠しオブジェクトゲーム：探してみよう"
15:00,74,com.square_enix.android_googleplay.dqsgj,"ドラゴンクエストスマッシュグロウ ドラクエローグライトRPG"
15:00,75,com.whoyaho.tanghulu,"フルーツ飴の達人 - ドバイもち、パフェ、ASMR、モッパン"
15:00,76,com.mobcast.okp,"キングダム 乱 -天下統一への道- 究極の本格戦略ゲーム"
15:00,77,com.nexters.herowars,"ヒーローウォーズ：アライアンス — 放置系ロールプレイング"
15:00,78,com.pixel.art.coloring.color.number,"Happy Color® – 数字で塗り絵と色ぬりえ"
15:00,79,io.supercent.linkedcubic,"スネーククラッシュ (Snake Clash)"
15:00,80,jigsaw.solitaire.match.games.free,"ジグソードロップ：ソリティアパズル"
15:00,81,com.merge.game.foodstars,"フードスター:マージ & クック"
15:00,82,com.linecorp.LGTMTM,"LINE：ディズニー ツムツム"
15:00,83,com.merge.cooking.theme.restaurant.food,"マージクッキング テーマレストラン"
15:00,84,jp.co.drecom.wizardry.daphne,"Wizardry Variants Daphne"
15:00,85,com.media720.games2020,"オフラインゲーム 暇つぶし 楽しい ミニパズルボード"
15:00,86,com.sega.pjsekai,"プロジェクトセカイ カラフルステージ！ feat. 初音ミク"
15:00,87,find.difference.spot.differences.hidden.puzzle.games.free,"間違い探し - 見つけてスポット"
15:00,88,net.peakgames.toonblast,"トゥーンブラスト (Toon Blast)"
15:00,89,com.chirpysort.game.android,"Chirpy Sort: Bird Color Puzzle"
15:00,90,jigsolitaire.jigsort.jigsaw.solitaire.puzzle,"ジグソートパズル：ソリティアの楽しさを楽しもう"
15:00,91,com.eurekastudio.mapfit,"Map Fit（マップフィット）-究極の地図パズル-"
15:00,92,com.easybrain.sudoku.android,"ナンプレ - ロジックパズルゲーム"
15:00,93,com.gtsy.annoying.punch.game,"Annoying Uncle - パンチゲーム"
15:00,94,com.wood.block.sudoku.puzzle.bm,"Block Crush: ブロックブラストパズル"
15:00,95,com.rotatelab.cubeblast,"Cube Land Puzzle Game"
15:00,96,com.QdanApp.QdanGames,"どこでもパーティーゲーム「どこパ」（ワードウルフオンライン）"
15:00,97,com.hmbl.perfect.makeover.cleaning.asmr,"Perfect Makeover Cleaning ASMR"
15:00,98,easy.sudoku.puzzle.solver.free,"ナンプレ - 大人気アプリ"
15:00,99,com.global.ztmslg,"パズル&サバイバル"
15:00,100,com.brain.logic.joygame,"Brain Puzzle 2: Logic Twist"
15:00,101,io.voodoo.paper2,"Paper.io 2"
15:00,102,com.easybrain.brick.balls.blast,"Brick Blast - ブロック崩し"
15:00,103,com.hypervation.goodssort,"Goods Sort Match - パズル"
15:00,104,water.sort.puzzle.game.color.sorting.free,"水選別パズルゲーム - 楽しい色分けパズルゲーム"
15:00,105,com.innersloth.spacemafia,"Among Us"
15:00,106,com.FortuneMine.CarnivalKnockdown,"Carnival Knockdown"
15:00,107,com.cedargames.mysterytown,"ミステリータウン：マージゲーム (Mystery Town)"
15:00,108,com.axmeksl.oelasjkq,"鬼討ち剣士：日の呼吸"
15:00,109,com.combo.knockout,"Knock Out"
15:00,110,com.vincentb.MobControl,"Mob Control"
15:00,111,com.shogunstudios.poikatsuhakkosusumukun,"ポイ活 発酵！ススムくん：放置ゲームで簡単ポイント稼ぎ"
15:00,112,com.ew.mahjong,"楽しい麻雀マッチ"
15:00,113,com.cliffs.pro.cell.building.crazy.clever.craft,"Block Crazy Robo World Craft"
15:00,114,com.rush.xtreme.sports,"ラッシュ：エクストリーム (RUSH: Xtreme)"
15:00,115,jp.co.sega.am2.MJMobile,"セガNET麻雀 MJ"
15:00,116,jp.co.mixi.monsterstrike,"モンスターストライク"
15:00,117,io.voodoo.holeio,"ホール.io"
15:00,118,daily.number.match.free.puzzle,"デイリーナンバーマッチ"
15:00,119,com.robtopx.geometryjumplite,"Geometry Dash Lite"
15:00,120,com.studiobside.starMain,"スターセイヴァー"
15:00,121,com.football.soccer.league,"サッカーリーグ2026"
15:00,122,com.readygo.barrel.gp,"ラストZ：サバイバルシューティング"
15:00,123,jp.gungho.pad,"パズル＆ドラゴンズ"
15:00,124,com.phs.global,"ラストアサイラム：プレイグ"
15:00,125,beats.color.sing.star.rush,"魔法ピアノタイル9 : ピアノゲーム、おんがくげーむ、音ゲー"
15:00,126,com.bravestars.savethedog.drawgame,"Save The Pets"
15:00,127,jp.pokemon.pokemonsleep,"Pokémon Sleep"
15:00,128,com.gamovation.tileclub,"タイルクラブ - マッチングゲーム"
15:00,129,com.mahjong.master.solitaire.match.puzzle,"麻雀マスター：デイリーマッチ"
15:00,130,com.Chodun.CatGunner,"にゃんこ銃士：放置育成RPG"
15:00,131,com.unicostudio.braintest,"ブレインテスト(Brain Test)：ひっかけパズル"
15:00,132,com.xman.jp.gp,"X-Clash"
15:00,133,jp.co.sonicpowered.battle.unlimited.cxw,"クローズ×WORST UNLIMITED(アンリミ)"
15:00,134,com.square_enix.android_googleplay.dqwalkj,"ドラゴンクエストウォーク"
15:00,135,com.igg.android.doomsdaylastsurvivors,"ドゥームズデイ × FAIRY TAIL コラボ開催中！"
15:00,136,ball.sort.puzzle.color.sorting.bubble.games,"ボール選別 - 脳を鍛える色分けパズル ゲーム"
15:00,137,com.kwalee.drawit,"ドロー・イット"
15:00,138,com.h8games.littlefarmstory,"リトルファームストーリー"
15:00,139,com.magic.relaxing.water.sort.colorgame.puzzle,"3D Colorful Sort™ 魔法の水"
15:00,140,jp.konami.prospia,"プロ野球スピリッツA"
15:00,141,solitaire.word.association.connections.puzzle,"ソリティアワード: Solitaire Connection"
15:00,142,tokyo.chickenskin.yokai,"妖怪カノジョ：妖怪はキミに恋をする"
15:00,143,com.ig.screwdom,"Screwdom 3D"
15:00,144,com.JindoBlu.OfflineGames,"オフラインゲーム - 暇つぶし ゲーム - パズルゲーム"
15:00,145,com.ultimatelavashgames.rollthehole,"たべるジェリーホール - Jelly Hole"
15:00,146,com.fiveminlab.overgeared.hero.backpack.merge,"チート勇者～インベントリ攻略ゲー～RPG"
15:00,147,water.sort.master.colors.games,"Water Sort: Master Colors"
15:00,148,com.ea.gp.fifamobile,"EA SPORTS FC™ サッカー Mobile 2026"
15:00,149,com.tfgco.apps.coloring.free.color.by.number,"番号でぬりえ: ピクセル着色ゲーム"
15:00,150,com.kite.kittypick,"Kitty Pick"
15:00,151,com.HoYoverse.hkrpgoversea,"崩壊：スターレイル"
15:00,152,gridplus.busjam.carpuzzle,"Bus Fever-Car Jam Escape"
15:00,153,com.fungames.blockcraft,"ブロッククラフト3D (Block Craft)：建設ゲーム"
15:00,154,com.fun.brain.game,"ブレパズ！Brain Puzzle ひっかけパズル"
15:00,155,com.rescue.agent,"ヘリコプター・エスケープ"
15:00,156,com.kite.knockfever,"Knock Fever"
15:00,157,com.mxdzz.jp.and,"キノコ伝説：勇者と魔法のランプ"
15:00,158,com.mobsmile.coincollector,"Coin Collector"
15:00,159,com.actgames.HelloKittyMDS,"ハローキティ：マイドリームストア"
15:00,160,com.crossfield.mahjong,"麻雀 闘龍 - 初心者から楽しめる麻雀ゲーム"
15:00,161,com.easybrain.brainy.joygame,"Puzzle Time: Brainy Challenge"
15:00,162,com.fliqs.chameleon.hunt.hide.seek,"Chameleon Hunt: Hide & Seek"
15:00,163,com.moonactive.holestars,"Hole Stars: パズルゲーム"
15:00,164,com.qookkagames.xczyw.gp.jp,"信長の野望 真戦"
15:00,165,com.kiwifun.game.android.screw.master,"ネジ3Dパズル：ピンを外すゲーム"
15:00,166,diamond.pixel.art.jewel.color.flow.sort.puzzle,"ジュエルカラーソート：ダイヤゲーム"
15:00,167,com.car.parking.bus.mania.traffic.jam,"Bus Jam：駐車場ゲーム パーキングジャム"
15:00,168,com.flower.forest.word.puzzle,"Flower Forest - ワードパズル"
15:00,169,com.sega.Kotodaman,"コトダマン ‐ 共闘ことばRPG"
15:00,170,com.lighthouse.freeplay.jp,"終焉のヒカリ"
15:00,171,defense.roguelike.cell.shoot.survivor,"セルサバイバー"
15:00,172,com.arrow.madness.games.arrows.escape.puzzle.game,"Maze Madness - 脳トレパズル"
15:00,173,io.supercent.pizzaidle,"ピザレディー (Pizza Ready)"
15:00,174,com.warrior.screw.gp,"ねじねじパズル"
15:00,175,loppipoppi.numbermatch,"Number Clash - Math Game"
15:00,176,com.king.candycrushsaga,"キャンディークラッシュ (Candy Crush Saga)"
15:00,177,com.abi.busjam.sortpuzzle,"バスゲーム：カーパーキング・バスゲーム"
15:00,178,com.zjxscjp.google,"ドット伝説～魔王になる異世界放置RPG～"
15:00,179,jp.co.level5.inazumacross,"イナズマイレブン クロス"
15:00,180,screw.puzzle.match3.brain.puzz,"ネジマッチ: Screw Sort 3D ネジパズル ボルト"
15:00,181,com.goods.sorting.games.triple.match3d.puzzle,"商品整理ゲーム：3Dパズル"
15:00,182,com.HoYoverse.Nap,"ゼンレスゾーンゼロ - アニバーサリー"
15:00,183,com.oakever.tiletrip,"Tile Explorer - トリプルマッチ"
15:00,184,com.gamovation.sudoku,"数独 - 毎日ナンプレを解いて気軽に頭の体操"
15:00,185,com.oakever.jigsawcard,"Jigsawcard Solitaire Puzzle"
15:00,186,com.loop.clear.cube.free.card.puzzle.sort.match,"ループマスター（Loop Master）"
15:00,187,com.HoYoverse.cloudgames.Nap,"ゼンレスゾーンゼロ・クラウド版 - アニバーサリー"
15:00,188,com.bandainamcoent.dblegends_jp,"ドラゴンボール レジェンズ"
15:00,189,com.whoyaho.pendeco,"デコの達人 - カスタムボールペンASMR"
15:00,190,com.cbewjp.arrow.beauty.awaits,"Arrow Away - Beauty Awaits"
15:00,191,com.ares.twd,"The Walking Dead: Aftermath"
15:00,192,com.screw3d.match.nuts.bolts.pin.jam.away.puzzle,"3D Bolt Master: ネジパズルゲーム"
15:00,193,com.slg.savagesurvival,"サベージ・サバイバル：恐竜の咆哮"
15:00,194,com.YoStarJP.MajSoul,"雀魂‐じゃんたま‐"
15:00,195,com.s01.global,"Lordrush: ロードトゥパワー"
15:00,196,com.game.friends.jp,"TopTop(トップトップ) - 友達と一緒に遊ぼう"
15:00,197,com.fungames.sniper3d,"Sniper 3D：銃を撃つゲーム"
15:00,198,game.piano.music.tiles.challenge,"ピアノゲームクラシック - チャレンジミュージックソング"
15:00,199,com.gamincat.roomsort,"ルームソート - 間取り図ゲーム"
15:00,200,com.eagle_developers.shukapig,"出荷ぶた-養豚場育成ゲーム！ポイ活可能の放置で癒しの牧場経営"
18:00,1,game.qualiarts.hololive.dreams.jp,"ホロライブドリームス"
18:00,2,jp.co.goodroid.hyper.busflow,"Bus Traffic Fever!　"
18:00,3,jp.gree_ent.mushoku,"無職転生〜異世界行ったら本気だす〜クロニクル・オブ・エコーズ"
18:00,4,com.oakever.meowdoku,"Meowdoku"
18:00,5,com.flow.cannonball,"Smash Fest!"
18:00,6,com.cyphergames.royalsmash,"Royal Smash! - Physics Puzzle"
18:00,7,com.grandgames.magicsort,"マジックソート！ (Magic Sort !)"
18:00,8,com.mergegames.gossipharbor,"ゴシップハーバー：マージ & ストーリー"
18:00,9,jp.sammynet.next.ort.a0221,"[777Real] A-SLOT+ 異世界かるてっと BT"
18:00,10,com.mobirix.ldwm,"スイカ作り2048"
18:00,11,jp.konami.pesam,"eFootball™"
18:00,12,com.ecffri.arrows,"アローズ – パズルエスケープ (Arrows)"
18:00,13,com.block.juggle,"ブロックブラスト (Block Blast)"
18:00,14,com.unept.leveldevil,"Level Devil - NOT A Troll Game"
18:00,15,com.roblox.client,"Roblox (ロブロックス)"
18:00,16,com.hollywood.merge,"ハリウッドマージ"
18:00,17,color.number.paint.pixle.art.sort.jigsaw,"Jewel Coloring"
18:00,18,com.kayac.slow_mo_strike,"Slow Mo Strike: ナイフ投げアクション"
18:00,19,com.puzzlegames.puzzlebrickslegend,"カラーブロック：爽快パズル(ColorBlock)"
18:00,20,com.run.tower.defense,"キングショット"
18:00,21,sorting.games.goods.sort.triple.match3d.puzzle.stuff,"商品整理ゲーム：3Dパズル"
18:00,22,com.nianticlabs.pokemongo,"Pokémon GO"
18:00,23,com.playrix.township,"タウンシップ (Township)"
18:00,24,com.fatmerge.global,"グルメ・ジャーニー"
18:00,25,com.brain.crazy.joygame,"Brain Puzzle 3: Crazy Mind"
18:00,26,jp.pokemon.pokemonchampions,"Pokémon Champions"
18:00,27,com.bandainamcoent.dgup_jp,"デジモンUP"
18:00,28,com.dreamgames.royalkingdom,"ロイヤルキングダム (Royal Kingdom)"
18:00,29,com.oakever.arrows,"Amaze GO! - 矢印 パズル"
18:00,30,com.onyxhook.nekotabi,"ねこ旅 – 放置×収集×ポイ活アプリ"
18:00,31,com.linecorp.LGSBJ22,"LINE：ブロックジャム"
18:00,32,jp.co.applibot.chiikawapocket,"ちいかわぽけっと"
18:00,33,com.gof.global,"ホワイトアウト・サバイバル"
18:00,34,com.supercell.brawlstars,"ブロスタ"
18:00,35,com.vitastudio.mahjong,"ヴィータ麻雀(Vita Mahjong)"
18:00,36,jp.co.ponos.battlecats,"にゃんこ大戦争"
18:00,37,com.fty.trickmean2game,"トリミン2！-トリッキーミーン2 いじわる脳トレパズルゲーム"
18:00,38,air.jp.globalgear.kechi,"ドケチボーイ -脱出ゲーム"
18:00,39,bus.loop.traffic.jam.fever.bus.puzzle,"Bus Loop:Jam Master"
18:00,40,com.sled.surfers.game,"Sled Surfers - ズ - 坂冒険"
18:00,41,com.pocket.sort.coin.puzzle.game,"ポケットソート (Pocket Sort)：コインパズル"
18:00,42,pics.karaage.sokutaiho,"巡回中！即タイホ！"
18:00,43,bus.games.car.out.traffic.parking.jam.escape.puzzle,"バスゲーム・駐車場パズル：Bus Madness"
18:00,44,com.yzlm.jp.and,"勇者連盟：暁の遠征"
18:00,45,com.leap.searchit,"Search It – 隠しアイテム探し"
18:00,46,com.soccer.score.star,"サッカースーパースター(Soccer Superstar)"
18:00,47,block.color.game.jam.blocks.sort.puzzle.games.slide.free,"ブロックカラー・マニア"
18:00,48,water.sort.color.puzzle.offline.games,"Water Sort! カラーロジック"
18:00,49,com.youmusic.magictiles,"魔法のタイルズ3 - ピアノ曲 & ゲーム"
18:00,50,com.vigafun.funfinity.foodhunt,"Food Hunt: Pixel Puzzle"
18:00,51,com.nutsbolts.zgsn,"Romantic Nuts & Bolts Sorting"
18:00,52,com.fluffydrop.op.gp,"Fluffy Drop"
18:00,53,com.bunbunstudio.magicblocktiles,"ぴあのたいる7: 音ゲー . リズムゲーム"
18:00,54,com.wood.bolt.wordle.screw.nuts.puzzle,"ネジパズル: 脳トレ ウッド パズル - 人気 ネジ ゲーム"
18:00,55,com.nebula.mahjongtile,"麻雀ブラスト (Mahjong Blast)"
18:00,56,tokyo.chickenskin.imikowa,"意味怖ストーリー：バッドエンドを回避せよ！"
18:00,57,com.epicgames.fortnite,"フォートナイト"
18:00,58,com.zigzagame.paranoize,"パラノイズ"
18:00,59,com.find.spot.photo.hunt.differences.free.hidden,"間違い探し：違いを探す楽しいパズルゲーム"
18:00,60,com.gartic.garticphone,"Gartic Phone"
18:00,61,com.funplus.ts.global,"タイルズ・サバイバル"
18:00,62,com.carnival.blast.smash3d,"Carnival Blast!"
18:00,63,com.tripledot.blockssmashgame,"Stack Smash - Block 3D Puzzle"
18:00,64,com.dreamgames.royalmatch,"ロイヤルマッチ Royal Match"
18:00,65,com.furrjam.traffic.jamgame,"FurrJam:Hop In!"
18:00,66,com.tgc.sky.android,"Sky 星を紡ぐ子どもたち"
18:00,67,jp.pokemon.pokemontcgp,"Pokémon TCG Pocket"
18:00,68,com.nebula.tiles,"タップタイル (Tap Tile)"
18:00,69,com.ocean.block.shoot,"Ocean Block Shoot"
18:00,70,com.agavegames.findthecat2,"Find The Cat 2 - Spot It!"
18:00,71,com.topwar.gp,"トップウォー"
18:00,72,wool.match.color.sort.jam.puzzle,"毛糸クラッシュ"
18:00,73,hidden.object.find.seek.search.mystery.puzzle.games.free,"隠しオブジェクトゲーム：探してみよう"
18:00,74,com.square_enix.android_googleplay.dqsgj,"ドラゴンクエストスマッシュグロウ ドラクエローグライトRPG"
18:00,75,com.whoyaho.tanghulu,"フルーツ飴の達人 - ドバイもち、パフェ、ASMR、モッパン"
18:00,76,com.mobcast.okp,"キングダム 乱 -天下統一への道- 究極の本格戦略ゲーム"
18:00,77,com.nexters.herowars,"ヒーローウォーズ：アライアンス — 放置系ロールプレイング"
18:00,78,com.pixel.art.coloring.color.number,"Happy Color® – 数字で塗り絵と色ぬりえ"
18:00,79,io.supercent.linkedcubic,"スネーククラッシュ (Snake Clash)"
18:00,80,jigsaw.solitaire.match.games.free,"ジグソードロップ：ソリティアパズル"
18:00,81,com.merge.game.foodstars,"フードスター:マージ & クック"
18:00,82,com.linecorp.LGTMTM,"LINE：ディズニー ツムツム"
18:00,83,com.merge.cooking.theme.restaurant.food,"マージクッキング テーマレストラン"
18:00,84,jp.co.drecom.wizardry.daphne,"Wizardry Variants Daphne"
18:00,85,com.media720.games2020,"オフラインゲーム 暇つぶし 楽しい ミニパズルボード"
18:00,86,com.sega.pjsekai,"プロジェクトセカイ カラフルステージ！ feat. 初音ミク"
18:00,87,find.difference.spot.differences.hidden.puzzle.games.free,"間違い探し - 見つけてスポット"
18:00,88,net.peakgames.toonblast,"トゥーンブラスト (Toon Blast)"
18:00,89,com.chirpysort.game.android,"Chirpy Sort: Bird Color Puzzle"
18:00,90,jigsolitaire.jigsort.jigsaw.solitaire.puzzle,"ジグソートパズル：ソリティアの楽しさを楽しもう"
18:00,91,com.eurekastudio.mapfit,"Map Fit（マップフィット）-究極の地図パズル-"
18:00,92,com.rotatelab.cubeblast,"Cube Land Puzzle Game"
18:00,93,com.hmbl.perfect.makeover.cleaning.asmr,"Perfect Makeover Cleaning ASMR"
18:00,94,com.easybrain.sudoku.android,"ナンプレ - ロジックパズルゲーム"
18:00,95,com.gtsy.annoying.punch.game,"Annoying Uncle - パンチゲーム"
18:00,96,com.hypervation.goodssort,"Goods Sort Match - パズル"
18:00,97,com.wood.block.sudoku.puzzle.bm,"Block Crush: ブロックブラストパズル"
18:00,98,com.QdanApp.QdanGames,"どこでもパーティーゲーム「どこパ」（ワードウルフオンライン）"
18:00,99,com.combo.knockout,"Knock Out"
18:00,100,easy.sudoku.puzzle.solver.free,"ナンプレ - 大人気アプリ"
18:00,101,com.global.ztmslg,"パズル&サバイバル"
18:00,102,com.brain.logic.joygame,"Brain Puzzle 2: Logic Twist"
18:00,103,io.voodoo.paper2,"Paper.io 2"
18:00,104,com.easybrain.brick.balls.blast,"Brick Blast - ブロック崩し"
18:00,105,water.sort.puzzle.game.color.sorting.free,"水選別パズルゲーム - 楽しい色分けパズルゲーム"
18:00,106,com.innersloth.spacemafia,"Among Us"
18:00,107,com.FortuneMine.CarnivalKnockdown,"Carnival Knockdown"
18:00,108,com.cedargames.mysterytown,"ミステリータウン：マージゲーム (Mystery Town)"
18:00,109,com.axmeksl.oelasjkq,"鬼討ち剣士：日の呼吸"
18:00,110,io.voodoo.holeio,"ホール.io"
18:00,111,com.vincentb.MobControl,"Mob Control"
18:00,112,com.shogunstudios.poikatsuhakkosusumukun,"ポイ活 発酵！ススムくん：放置ゲームで簡単ポイント稼ぎ"
18:00,113,com.ew.mahjong,"楽しい麻雀マッチ"
18:00,114,com.cliffs.pro.cell.building.crazy.clever.craft,"Block Crazy Robo World Craft"
18:00,115,com.rush.xtreme.sports,"ラッシュ：エクストリーム (RUSH: Xtreme)"
18:00,116,jp.co.sega.am2.MJMobile,"セガNET麻雀 MJ"
18:00,117,com.phs.global,"ラストアサイラム：プレイグ"
18:00,118,jp.co.mixi.monsterstrike,"モンスターストライク"
18:00,119,daily.number.match.free.puzzle,"デイリーナンバーマッチ"
18:00,120,com.robtopx.geometryjumplite,"Geometry Dash Lite"
18:00,121,com.studiobside.starMain,"スターセイヴァー"
18:00,122,com.football.soccer.league,"サッカーリーグ2026"
18:00,123,com.readygo.barrel.gp,"ラストZ：サバイバルシューティング"
18:00,124,jp.gungho.pad,"パズル＆ドラゴンズ"
18:00,125,com.xman.jp.gp,"X-Clash"
18:00,126,beats.color.sing.star.rush,"魔法ピアノタイル9 : ピアノゲーム、おんがくげーむ、音ゲー"
18:00,127,com.bravestars.savethedog.drawgame,"Save The Pets"
18:00,128,com.magic.relaxing.water.sort.colorgame.puzzle,"3D Colorful Sort™ 魔法の水"
18:00,129,jp.pokemon.pokemonsleep,"Pokémon Sleep"
18:00,130,com.gamovation.tileclub,"タイルクラブ - マッチングゲーム"
18:00,131,com.mahjong.master.solitaire.match.puzzle,"麻雀マスター：デイリーマッチ"
18:00,132,com.Chodun.CatGunner,"にゃんこ銃士：放置育成RPG"
18:00,133,com.unicostudio.braintest,"ブレインテスト(Brain Test)：ひっかけパズル"
18:00,134,jp.co.sonicpowered.battle.unlimited.cxw,"クローズ×WORST UNLIMITED(アンリミ)"
18:00,135,com.square_enix.android_googleplay.dqwalkj,"ドラゴンクエストウォーク"
18:00,136,com.igg.android.doomsdaylastsurvivors,"ドゥームズデイ × FAIRY TAIL コラボ開催中！"
18:00,137,ball.sort.puzzle.color.sorting.bubble.games,"ボール選別 - 脳を鍛える色分けパズル ゲーム"
18:00,138,com.ultimatelavashgames.rollthehole,"たべるジェリーホール - Jelly Hole"
18:00,139,com.kwalee.drawit,"ドロー・イット"
18:00,140,com.h8games.littlefarmstory,"リトルファームストーリー"
18:00,141,jp.konami.prospia,"プロ野球スピリッツA"
18:00,142,solitaire.word.association.connections.puzzle,"ソリティアワード: Solitaire Connection"
18:00,143,tokyo.chickenskin.yokai,"妖怪カノジョ：妖怪はキミに恋をする"
18:00,144,com.ig.screwdom,"Screwdom 3D"
18:00,145,com.JindoBlu.OfflineGames,"オフラインゲーム - 暇つぶし ゲーム - パズルゲーム"
18:00,146,water.sort.master.colors.games,"Water Sort: Master Colors"
18:00,147,com.fun.brain.game,"ブレパズ！Brain Puzzle ひっかけパズル"
18:00,148,com.kite.kittypick,"Kitty Pick"
18:00,149,com.rescue.agent,"ヘリコプター・エスケープ"
18:00,150,com.fiveminlab.overgeared.hero.backpack.merge,"チート勇者～インベントリ攻略ゲー～RPG"
18:00,151,com.mobsmile.coincollector,"Coin Collector"
18:00,152,com.ea.gp.fifamobile,"EA SPORTS FC™ サッカー Mobile 2026"
18:00,153,com.tfgco.apps.coloring.free.color.by.number,"番号でぬりえ: ピクセル着色ゲーム"
18:00,154,com.HoYoverse.hkrpgoversea,"崩壊：スターレイル"
18:00,155,gridplus.busjam.carpuzzle,"Bus Fever-Car Jam Escape"
18:00,156,com.fungames.blockcraft,"ブロッククラフト3D (Block Craft)：建設ゲーム"
18:00,157,com.HoYoverse.Nap,"ゼンレスゾーンゼロ - アニバーサリー"
18:00,158,com.kite.knockfever,"Knock Fever"
18:00,159,com.mxdzz.jp.and,"キノコ伝説：勇者と魔法のランプ"
18:00,160,com.actgames.HelloKittyMDS,"ハローキティ：マイドリームストア"
18:00,161,com.crossfield.mahjong,"麻雀 闘龍 - 初心者から楽しめる麻雀ゲーム"
18:00,162,com.easybrain.brainy.joygame,"Puzzle Time: Brainy Challenge"
18:00,163,com.fliqs.chameleon.hunt.hide.seek,"Chameleon Hunt: Hide & Seek"
18:00,164,com.moonactive.holestars,"Hole Stars: パズルゲーム"
18:00,165,com.qookkagames.xczyw.gp.jp,"信長の野望 真戦"
18:00,166,com.kiwifun.game.android.screw.master,"ネジ3Dパズル：ピンを外すゲーム"
18:00,167,diamond.pixel.art.jewel.color.flow.sort.puzzle,"ジュエルカラーソート：ダイヤゲーム"
18:00,168,com.car.parking.bus.mania.traffic.jam,"Bus Jam：駐車場ゲーム パーキングジャム"
18:00,169,com.flower.forest.word.puzzle,"Flower Forest - ワードパズル"
18:00,170,com.sega.Kotodaman,"コトダマン ‐ 共闘ことばRPG"
18:00,171,com.lighthouse.freeplay.jp,"終焉のヒカリ"
18:00,172,defense.roguelike.cell.shoot.survivor,"セルサバイバー"
18:00,173,com.loop.clear.cube.free.card.puzzle.sort.match,"ループマスター（Loop Master）"
18:00,174,com.arrow.madness.games.arrows.escape.puzzle.game,"Maze Madness - 脳トレパズル"
18:00,175,io.supercent.pizzaidle,"ピザレディー (Pizza Ready)"
18:00,176,com.warrior.screw.gp,"ねじねじパズル"
18:00,177,loppipoppi.numbermatch,"Number Clash - Math Game"
18:00,178,com.oakever.jigsawcard,"Jigsawcard Solitaire Puzzle"
18:00,179,com.king.candycrushsaga,"キャンディークラッシュ (Candy Crush Saga)"
18:00,180,com.abi.busjam.sortpuzzle,"バスゲーム：カーパーキング・バスゲーム"
18:00,181,com.zjxscjp.google,"ドット伝説～魔王になる異世界放置RPG～"
18:00,182,com.gamovation.sudoku,"数独 - 毎日ナンプレを解いて気軽に頭の体操"
18:00,183,jp.co.level5.inazumacross,"イナズマイレブン クロス"
18:00,184,screw.puzzle.match3.brain.puzz,"ネジマッチ: Screw Sort 3D ネジパズル ボルト"
18:00,185,com.s01.global,"Lordrush: ロードトゥパワー"
18:00,186,com.goods.sorting.games.triple.match3d.puzzle,"商品整理ゲーム：3Dパズル"
18:00,187,com.game.friends.jp,"TopTop(トップトップ) - 友達と一緒に遊ぼう"
18:00,188,com.gamincat.roomsort,"ルームソート - 間取り図ゲーム"
18:00,189,com.oakever.tiletrip,"Tile Explorer - トリプルマッチ"
18:00,190,com.slg.savagesurvival,"サベージ・サバイバル：恐竜の咆哮"
18:00,191,com.HoYoverse.cloudgames.Nap,"ゼンレスゾーンゼロ・クラウド版 - アニバーサリー"
18:00,192,com.eagle_developers.shukapig,"出荷ぶた-養豚場育成ゲーム！ポイ活可能の放置で癒しの牧場経営"
18:00,193,com.bandainamcoent.dblegends_jp,"ドラゴンボール レジェンズ"
18:00,194,com.whoyaho.pendeco,"デコの達人 - カスタムボールペンASMR"
18:00,195,com.cbewjp.arrow.beauty.awaits,"Arrow Away - Beauty Awaits"
18:00,196,com.ares.twd,"The Walking Dead: Aftermath"
18:00,197,com.screw3d.match.nuts.bolts.pin.jam.away.puzzle,"3D Bolt Master: ネジパズルゲーム"
18:00,198,com.YoStarJP.MajSoul,"雀魂‐じゃんたま‐"
18:00,199,com.nintendo.zaba,"ファイアーエムブレム  ヒーローズ"
18:00,200,com.fungames.sniper3d,"Sniper 3D：銃を撃つゲーム"
20:00,1,game.qualiarts.hololive.dreams.jp,"ホロライブドリームス"
20:00,2,jp.co.goodroid.hyper.busflow,"Bus Traffic Fever!　"
20:00,3,jp.gree_ent.mushoku,"無職転生〜異世界行ったら本気だす〜クロニクル・オブ・エコーズ"
20:00,4,com.oakever.meowdoku,"Meowdoku"
20:00,5,com.flow.cannonball,"Smash Fest!"
20:00,6,com.cyphergames.royalsmash,"Royal Smash! - Physics Puzzle"
20:00,7,com.grandgames.magicsort,"マジックソート！ (Magic Sort !)"
20:00,8,com.mergegames.gossipharbor,"ゴシップハーバー：マージ & ストーリー"
20:00,9,jp.sammynet.next.ort.a0221,"[777Real] A-SLOT+ 異世界かるてっと BT"
20:00,10,com.mobirix.ldwm,"スイカ作り2048"
20:00,11,jp.konami.pesam,"eFootball™"
20:00,12,com.ecffri.arrows,"アローズ – パズルエスケープ (Arrows)"
20:00,13,com.block.juggle,"ブロックブラスト (Block Blast)"
20:00,14,com.unept.leveldevil,"Level Devil - NOT A Troll Game"
20:00,15,com.roblox.client,"Roblox (ロブロックス)"
20:00,16,com.hollywood.merge,"ハリウッドマージ"
20:00,17,color.number.paint.pixle.art.sort.jigsaw,"Jewel Coloring"
20:00,18,sorting.games.goods.sort.triple.match3d.puzzle.stuff,"商品整理ゲーム：3Dパズル"
20:00,19,com.kayac.slow_mo_strike,"Slow Mo Strike: ナイフ投げアクション"
20:00,20,com.puzzlegames.puzzlebrickslegend,"カラーブロック：爽快パズル(ColorBlock)"
20:00,21,com.run.tower.defense,"キングショット"
20:00,22,com.nianticlabs.pokemongo,"Pokémon GO"
20:00,23,com.playrix.township,"タウンシップ (Township)"
20:00,24,com.fatmerge.global,"グルメ・ジャーニー"
20:00,25,com.brain.crazy.joygame,"Brain Puzzle 3: Crazy Mind"
20:00,26,jp.pokemon.pokemonchampions,"Pokémon Champions"
20:00,27,com.bandainamcoent.dgup_jp,"デジモンUP"
20:00,28,com.dreamgames.royalkingdom,"ロイヤルキングダム (Royal Kingdom)"
20:00,29,com.oakever.arrows,"Amaze GO! - 矢印 パズル"
20:00,30,com.onyxhook.nekotabi,"ねこ旅 – 放置×収集×ポイ活アプリ"
20:00,31,com.linecorp.LGSBJ22,"LINE：ブロックジャム"
20:00,32,jp.co.applibot.chiikawapocket,"ちいかわぽけっと"
20:00,33,com.gof.global,"ホワイトアウト・サバイバル"
20:00,34,com.supercell.brawlstars,"ブロスタ"
20:00,35,com.vitastudio.mahjong,"ヴィータ麻雀(Vita Mahjong)"
20:00,36,jp.co.ponos.battlecats,"にゃんこ大戦争"
20:00,37,com.fty.trickmean2game,"トリミン2！-トリッキーミーン2 いじわる脳トレパズルゲーム"
20:00,38,air.jp.globalgear.kechi,"ドケチボーイ -脱出ゲーム"
20:00,39,bus.loop.traffic.jam.fever.bus.puzzle,"Bus Loop:Jam Master"
20:00,40,com.sled.surfers.game,"Sled Surfers - ズ - 坂冒険"
20:00,41,com.pocket.sort.coin.puzzle.game,"ポケットソート (Pocket Sort)：コインパズル"
20:00,42,pics.karaage.sokutaiho,"巡回中！即タイホ！"
20:00,43,bus.games.car.out.traffic.parking.jam.escape.puzzle,"バスゲーム・駐車場パズル：Bus Madness"
20:00,44,com.yzlm.jp.and,"勇者連盟：暁の遠征"
20:00,45,com.leap.searchit,"Search It – 隠しアイテム探し"
20:00,46,com.soccer.score.star,"サッカースーパースター(Soccer Superstar)"
20:00,47,block.color.game.jam.blocks.sort.puzzle.games.slide.free,"ブロックカラー・マニア"
20:00,48,water.sort.color.puzzle.offline.games,"Water Sort! カラーロジック"
20:00,49,com.youmusic.magictiles,"魔法のタイルズ3 - ピアノ曲 & ゲーム"
20:00,50,com.vigafun.funfinity.foodhunt,"Food Hunt: Pixel Puzzle"
20:00,51,com.nutsbolts.zgsn,"Romantic Nuts & Bolts Sorting"
20:00,52,com.fluffydrop.op.gp,"Fluffy Drop"
20:00,53,com.bunbunstudio.magicblocktiles,"ぴあのたいる7: 音ゲー . リズムゲーム"
20:00,54,com.wood.bolt.wordle.screw.nuts.puzzle,"ネジパズル: 脳トレ ウッド パズル - 人気 ネジ ゲーム"
20:00,55,com.nebula.mahjongtile,"麻雀ブラスト (Mahjong Blast)"
20:00,56,com.furrjam.traffic.jamgame,"FurrJam:Hop In!"
20:00,57,tokyo.chickenskin.imikowa,"意味怖ストーリー：バッドエンドを回避せよ！"
20:00,58,com.epicgames.fortnite,"フォートナイト"
20:00,59,com.zigzagame.paranoize,"パラノイズ"
20:00,60,com.find.spot.photo.hunt.differences.free.hidden,"間違い探し：違いを探す楽しいパズルゲーム"
20:00,61,com.gartic.garticphone,"Gartic Phone"
20:00,62,com.funplus.ts.global,"タイルズ・サバイバル"
20:00,63,com.carnival.blast.smash3d,"Carnival Blast!"
20:00,64,com.tripledot.blockssmashgame,"Stack Smash - Block 3D Puzzle"
20:00,65,com.dreamgames.royalmatch,"ロイヤルマッチ Royal Match"
20:00,66,com.tgc.sky.android,"Sky 星を紡ぐ子どもたち"
20:00,67,jp.pokemon.pokemontcgp,"Pokémon TCG Pocket"
20:00,68,com.nebula.tiles,"タップタイル (Tap Tile)"
20:00,69,com.ocean.block.shoot,"Ocean Block Shoot"
20:00,70,com.agavegames.findthecat2,"Find The Cat 2 - Spot It!"
20:00,71,com.topwar.gp,"トップウォー"
20:00,72,wool.match.color.sort.jam.puzzle,"毛糸クラッシュ"
20:00,73,hidden.object.find.seek.search.mystery.puzzle.games.free,"隠しオブジェクトゲーム：探してみよう"
20:00,74,com.square_enix.android_googleplay.dqsgj,"ドラゴンクエストスマッシュグロウ ドラクエローグライトRPG"
20:00,75,com.whoyaho.tanghulu,"フルーツ飴の達人 - ドバイもち、パフェ、ASMR、モッパン"
20:00,76,com.mobcast.okp,"キングダム 乱 -天下統一への道- 究極の本格戦略ゲーム"
20:00,77,com.nexters.herowars,"ヒーローウォーズ：アライアンス — 放置系ロールプレイング"
20:00,78,com.pixel.art.coloring.color.number,"Happy Color® – 数字で塗り絵と色ぬりえ"
20:00,79,io.supercent.linkedcubic,"スネーククラッシュ (Snake Clash)"
20:00,80,jigsaw.solitaire.match.games.free,"ジグソードロップ：ソリティアパズル"
20:00,81,com.merge.game.foodstars,"フードスター:マージ & クック"
20:00,82,com.linecorp.LGTMTM,"LINE：ディズニー ツムツム"
20:00,83,com.merge.cooking.theme.restaurant.food,"マージクッキング テーマレストラン"
20:00,84,jp.co.drecom.wizardry.daphne,"Wizardry Variants Daphne"
20:00,85,com.media720.games2020,"オフラインゲーム 暇つぶし 楽しい ミニパズルボード"
20:00,86,com.sega.pjsekai,"プロジェクトセカイ カラフルステージ！ feat. 初音ミク"
20:00,87,find.difference.spot.differences.hidden.puzzle.games.free,"間違い探し - 見つけてスポット"
20:00,88,net.peakgames.toonblast,"トゥーンブラスト (Toon Blast)"
20:00,89,com.chirpysort.game.android,"Chirpy Sort: Bird Color Puzzle"
20:00,90,jigsolitaire.jigsort.jigsaw.solitaire.puzzle,"ジグソートパズル：ソリティアの楽しさを楽しもう"
20:00,91,com.eurekastudio.mapfit,"Map Fit（マップフィット）-究極の地図パズル-"
20:00,92,com.rotatelab.cubeblast,"Cube Land Puzzle Game"
20:00,93,com.hmbl.perfect.makeover.cleaning.asmr,"Perfect Makeover Cleaning ASMR"
20:00,94,com.easybrain.sudoku.android,"ナンプレ - ロジックパズルゲーム"
20:00,95,com.gtsy.annoying.punch.game,"Annoying Uncle - パンチゲーム"
20:00,96,com.hypervation.goodssort,"Goods Sort Match - パズル"
20:00,97,com.wood.block.sudoku.puzzle.bm,"Block Crush: ブロックブラストパズル"
20:00,98,com.QdanApp.QdanGames,"どこでもパーティーゲーム「どこパ」（ワードウルフオンライン）"
20:00,99,com.combo.knockout,"Knock Out"
20:00,100,easy.sudoku.puzzle.solver.free,"ナンプレ - 大人気アプリ"
20:00,101,com.global.ztmslg,"パズル&サバイバル"
20:00,102,com.brain.logic.joygame,"Brain Puzzle 2: Logic Twist"
20:00,103,io.voodoo.paper2,"Paper.io 2"
20:00,104,com.easybrain.brick.balls.blast,"Brick Blast - ブロック崩し"
20:00,105,water.sort.puzzle.game.color.sorting.free,"水選別パズルゲーム - 楽しい色分けパズルゲーム"
20:00,106,com.innersloth.spacemafia,"Among Us"
20:00,107,com.FortuneMine.CarnivalKnockdown,"Carnival Knockdown"
20:00,108,com.cedargames.mysterytown,"ミステリータウン：マージゲーム (Mystery Town)"
20:00,109,com.readygo.barrel.gp,"ラストZ：サバイバルシューティング"
20:00,110,com.axmeksl.oelasjkq,"鬼討ち剣士：日の呼吸"
20:00,111,io.voodoo.holeio,"ホール.io"
20:00,112,com.vincentb.MobControl,"Mob Control"
20:00,113,com.shogunstudios.poikatsuhakkosusumukun,"ポイ活 発酵！ススムくん：放置ゲームで簡単ポイント稼ぎ"
20:00,114,com.ew.mahjong,"楽しい麻雀マッチ"
20:00,115,com.cliffs.pro.cell.building.crazy.clever.craft,"Block Crazy Robo World Craft"
20:00,116,com.rush.xtreme.sports,"ラッシュ：エクストリーム (RUSH: Xtreme)"
20:00,117,jp.co.sega.am2.MJMobile,"セガNET麻雀 MJ"
20:00,118,com.phs.global,"ラストアサイラム：プレイグ"
20:00,119,jp.co.mixi.monsterstrike,"モンスターストライク"
20:00,120,daily.number.match.free.puzzle,"デイリーナンバーマッチ"
20:00,121,com.robtopx.geometryjumplite,"Geometry Dash Lite"
20:00,122,com.studiobside.starMain,"スターセイヴァー"
20:00,123,com.football.soccer.league,"サッカーリーグ2026"
20:00,124,jp.gungho.pad,"パズル＆ドラゴンズ"
20:00,125,com.xman.jp.gp,"X-Clash"
20:00,126,beats.color.sing.star.rush,"魔法ピアノタイル9 : ピアノゲーム、おんがくげーむ、音ゲー"
20:00,127,com.bravestars.savethedog.drawgame,"Save The Pets"
20:00,128,com.magic.relaxing.water.sort.colorgame.puzzle,"3D Colorful Sort™ 魔法の水"
20:00,129,jp.pokemon.pokemonsleep,"Pokémon Sleep"
20:00,130,com.gamovation.tileclub,"タイルクラブ - マッチングゲーム"
20:00,131,com.mahjong.master.solitaire.match.puzzle,"麻雀マスター：デイリーマッチ"
20:00,132,com.Chodun.CatGunner,"にゃんこ銃士：放置育成RPG"
20:00,133,com.unicostudio.braintest,"ブレインテスト(Brain Test)：ひっかけパズル"
20:00,134,jp.co.sonicpowered.battle.unlimited.cxw,"クローズ×WORST UNLIMITED(アンリミ)"
20:00,135,com.square_enix.android_googleplay.dqwalkj,"ドラゴンクエストウォーク"
20:00,136,com.igg.android.doomsdaylastsurvivors,"ドゥームズデイ × FAIRY TAIL コラボ開催中！"
20:00,137,ball.sort.puzzle.color.sorting.bubble.games,"ボール選別 - 脳を鍛える色分けパズル ゲーム"
20:00,138,com.ultimatelavashgames.rollthehole,"たべるジェリーホール - Jelly Hole"
20:00,139,com.kwalee.drawit,"ドロー・イット"
20:00,140,com.h8games.littlefarmstory,"リトルファームストーリー"
20:00,141,jp.konami.prospia,"プロ野球スピリッツA"
20:00,142,solitaire.word.association.connections.puzzle,"ソリティアワード: Solitaire Connection"
20:00,143,tokyo.chickenskin.yokai,"妖怪カノジョ：妖怪はキミに恋をする"
20:00,144,com.ig.screwdom,"Screwdom 3D"
20:00,145,com.JindoBlu.OfflineGames,"オフラインゲーム - 暇つぶし ゲーム - パズルゲーム"
20:00,146,water.sort.master.colors.games,"Water Sort: Master Colors"
20:00,147,com.fun.brain.game,"ブレパズ！Brain Puzzle ひっかけパズル"
20:00,148,com.kite.kittypick,"Kitty Pick"
20:00,149,com.rescue.agent,"ヘリコプター・エスケープ"
20:00,150,com.fiveminlab.overgeared.hero.backpack.merge,"チート勇者～インベントリ攻略ゲー～RPG"
20:00,151,com.mobsmile.coincollector,"Coin Collector"
20:00,152,com.ea.gp.fifamobile,"EA SPORTS FC™ サッカー Mobile 2026"
20:00,153,com.tfgco.apps.coloring.free.color.by.number,"番号でぬりえ: ピクセル着色ゲーム"
20:00,154,com.HoYoverse.hkrpgoversea,"崩壊：スターレイル"
20:00,155,gridplus.busjam.carpuzzle,"Bus Fever-Car Jam Escape"
20:00,156,com.fungames.blockcraft,"ブロッククラフト3D (Block Craft)：建設ゲーム"
20:00,157,com.HoYoverse.Nap,"ゼンレスゾーンゼロ - アニバーサリー"
20:00,158,com.kite.knockfever,"Knock Fever"
20:00,159,com.mxdzz.jp.and,"キノコ伝説：勇者と魔法のランプ"
20:00,160,com.actgames.HelloKittyMDS,"ハローキティ：マイドリームストア"
20:00,161,com.crossfield.mahjong,"麻雀 闘龍 - 初心者から楽しめる麻雀ゲーム"
20:00,162,com.easybrain.brainy.joygame,"Puzzle Time: Brainy Challenge"
20:00,163,com.fliqs.chameleon.hunt.hide.seek,"Chameleon Hunt: Hide & Seek"
20:00,164,com.moonactive.holestars,"Hole Stars: パズルゲーム"
20:00,165,com.qookkagames.xczyw.gp.jp,"信長の野望 真戦"
20:00,166,com.kiwifun.game.android.screw.master,"ネジ3Dパズル：ピンを外すゲーム"
20:00,167,diamond.pixel.art.jewel.color.flow.sort.puzzle,"ジュエルカラーソート：ダイヤゲーム"
20:00,168,com.car.parking.bus.mania.traffic.jam,"Bus Jam：駐車場ゲーム パーキングジャム"
20:00,169,com.flower.forest.word.puzzle,"Flower Forest - ワードパズル"
20:00,170,com.sega.Kotodaman,"コトダマン ‐ 共闘ことばRPG"
20:00,171,com.lighthouse.freeplay.jp,"終焉のヒカリ"
20:00,172,defense.roguelike.cell.shoot.survivor,"セルサバイバー"
20:00,173,com.loop.clear.cube.free.card.puzzle.sort.match,"ループマスター（Loop Master）"
20:00,174,com.arrow.madness.games.arrows.escape.puzzle.game,"Maze Madness - 脳トレパズル"
20:00,175,io.supercent.pizzaidle,"ピザレディー (Pizza Ready)"
20:00,176,com.warrior.screw.gp,"ねじねじパズル"
20:00,177,loppipoppi.numbermatch,"Number Clash - Math Game"
20:00,178,com.oakever.jigsawcard,"Jigsawcard Solitaire Puzzle"
20:00,179,com.king.candycrushsaga,"キャンディークラッシュ (Candy Crush Saga)"
20:00,180,com.abi.busjam.sortpuzzle,"バスゲーム：カーパーキング・バスゲーム"
20:00,181,com.zjxscjp.google,"ドット伝説～魔王になる異世界放置RPG～"
20:00,182,com.gamovation.sudoku,"数独 - 毎日ナンプレを解いて気軽に頭の体操"
20:00,183,jp.co.level5.inazumacross,"イナズマイレブン クロス"
20:00,184,screw.puzzle.match3.brain.puzz,"ネジマッチ: Screw Sort 3D ネジパズル ボルト"
20:00,185,com.s01.global,"Lordrush: ロードトゥパワー"
20:00,186,com.goods.sorting.games.triple.match3d.puzzle,"商品整理ゲーム：3Dパズル"
20:00,187,com.game.friends.jp,"TopTop(トップトップ) - 友達と一緒に遊ぼう"
20:00,188,com.gamincat.roomsort,"ルームソート - 間取り図ゲーム"
20:00,189,com.oakever.tiletrip,"Tile Explorer - トリプルマッチ"
20:00,190,com.slg.savagesurvival,"サベージ・サバイバル：恐竜の咆哮"
20:00,191,com.HoYoverse.cloudgames.Nap,"ゼンレスゾーンゼロ・クラウド版 - アニバーサリー"
20:00,192,com.eagle_developers.shukapig,"出荷ぶた-養豚場育成ゲーム！ポイ活可能の放置で癒しの牧場経営"
20:00,193,com.bandainamcoent.dblegends_jp,"ドラゴンボール レジェンズ"
20:00,194,com.whoyaho.pendeco,"デコの達人 - カスタムボールペンASMR"
20:00,195,com.cbewjp.arrow.beauty.awaits,"Arrow Away - Beauty Awaits"
20:00,196,com.ares.twd,"The Walking Dead: Aftermath"
20:00,197,com.screw3d.match.nuts.bolts.pin.jam.away.puzzle,"3D Bolt Master: ネジパズルゲーム"
20:00,198,com.YoStarJP.MajSoul,"雀魂‐じゃんたま‐"
20:00,199,com.nintendo.zaba,"ファイアーエムブレム  ヒーローズ"
20:00,200,com.fungames.sniper3d,"Sniper 3D：銃を撃つゲーム"
22:00,1,game.qualiarts.hololive.dreams.jp,"ホロライブドリームス"
22:00,2,jp.co.goodroid.hyper.busflow,"Bus Traffic Fever!　"
22:00,3,jp.gree_ent.mushoku,"無職転生〜異世界行ったら本気だす〜クロニクル・オブ・エコーズ"
22:00,4,com.oakever.meowdoku,"Meowdoku"
22:00,5,com.flow.cannonball,"Smash Fest!"
22:00,6,com.cyphergames.royalsmash,"Royal Smash! - Physics Puzzle"
22:00,7,com.grandgames.magicsort,"マジックソート！ (Magic Sort !)"
22:00,8,com.mergegames.gossipharbor,"ゴシップハーバー：マージ & ストーリー"
22:00,9,jp.sammynet.next.ort.a0221,"[777Real] A-SLOT+ 異世界かるてっと BT"
22:00,10,com.mobirix.ldwm,"スイカ作り2048"
22:00,11,jp.konami.pesam,"eFootball™"
22:00,12,com.ecffri.arrows,"アローズ – パズルエスケープ (Arrows)"
22:00,13,com.block.juggle,"ブロックブラスト (Block Blast)"
22:00,14,com.unept.leveldevil,"Level Devil - NOT A Troll Game"
22:00,15,com.roblox.client,"Roblox (ロブロックス)"
22:00,16,com.hollywood.merge,"ハリウッドマージ"
22:00,17,color.number.paint.pixle.art.sort.jigsaw,"Jewel Coloring"
22:00,18,sorting.games.goods.sort.triple.match3d.puzzle.stuff,"商品整理ゲーム：3Dパズル"
22:00,19,com.kayac.slow_mo_strike,"Slow Mo Strike: ナイフ投げアクション"
22:00,20,com.puzzlegames.puzzlebrickslegend,"カラーブロック：爽快パズル(ColorBlock)"
22:00,21,com.run.tower.defense,"キングショット"
22:00,22,com.nianticlabs.pokemongo,"Pokémon GO"
22:00,23,com.playrix.township,"タウンシップ (Township)"
22:00,24,com.fatmerge.global,"グルメ・ジャーニー"
22:00,25,com.brain.crazy.joygame,"Brain Puzzle 3: Crazy Mind"
22:00,26,jp.pokemon.pokemonchampions,"Pokémon Champions"
22:00,27,com.bandainamcoent.dgup_jp,"デジモンUP"
22:00,28,com.dreamgames.royalkingdom,"ロイヤルキングダム (Royal Kingdom)"
22:00,29,com.oakever.arrows,"Amaze GO! - 矢印 パズル"
22:00,30,com.onyxhook.nekotabi,"ねこ旅 – 放置×収集×ポイ活アプリ"
22:00,31,com.linecorp.LGSBJ22,"LINE：ブロックジャム"
22:00,32,jp.co.applibot.chiikawapocket,"ちいかわぽけっと"
22:00,33,com.gof.global,"ホワイトアウト・サバイバル"
22:00,34,com.supercell.brawlstars,"ブロスタ"
22:00,35,com.vitastudio.mahjong,"ヴィータ麻雀(Vita Mahjong)"
22:00,36,jp.co.ponos.battlecats,"にゃんこ大戦争"
22:00,37,com.fty.trickmean2game,"トリミン2！-トリッキーミーン2 いじわる脳トレパズルゲーム"
22:00,38,air.jp.globalgear.kechi,"ドケチボーイ -脱出ゲーム"
22:00,39,bus.loop.traffic.jam.fever.bus.puzzle,"Bus Loop:Jam Master"
22:00,40,com.sled.surfers.game,"Sled Surfers - ズ - 坂冒険"
22:00,41,com.pocket.sort.coin.puzzle.game,"ポケットソート (Pocket Sort)：コインパズル"
22:00,42,pics.karaage.sokutaiho,"巡回中！即タイホ！"
22:00,43,bus.games.car.out.traffic.parking.jam.escape.puzzle,"バスゲーム・駐車場パズル：Bus Madness"
22:00,44,com.yzlm.jp.and,"勇者連盟：暁の遠征"
22:00,45,com.leap.searchit,"Search It – 隠しアイテム探し"
22:00,46,com.soccer.score.star,"サッカースーパースター(Soccer Superstar)"
22:00,47,block.color.game.jam.blocks.sort.puzzle.games.slide.free,"ブロックカラー・マニア"
22:00,48,water.sort.color.puzzle.offline.games,"Water Sort! カラーロジック"
22:00,49,com.youmusic.magictiles,"魔法のタイルズ3 - ピアノ曲 & ゲーム"
22:00,50,com.vigafun.funfinity.foodhunt,"Food Hunt: Pixel Puzzle"
22:00,51,com.nutsbolts.zgsn,"Romantic Nuts & Bolts Sorting"
22:00,52,com.fluffydrop.op.gp,"Fluffy Drop"
22:00,53,com.bunbunstudio.magicblocktiles,"ぴあのたいる7: 音ゲー . リズムゲーム"
22:00,54,com.wood.bolt.wordle.screw.nuts.puzzle,"ネジパズル: 脳トレ ウッド パズル - 人気 ネジ ゲーム"
22:00,55,com.nebula.mahjongtile,"麻雀ブラスト (Mahjong Blast)"
22:00,56,com.furrjam.traffic.jamgame,"FurrJam:Hop In!"
22:00,57,tokyo.chickenskin.imikowa,"意味怖ストーリー：バッドエンドを回避せよ！"
22:00,58,com.epicgames.fortnite,"フォートナイト"
22:00,59,com.zigzagame.paranoize,"パラノイズ"
22:00,60,com.find.spot.photo.hunt.differences.free.hidden,"間違い探し：違いを探す楽しいパズルゲーム"
22:00,61,com.gartic.garticphone,"Gartic Phone"
22:00,62,com.funplus.ts.global,"タイルズ・サバイバル"
22:00,63,com.carnival.blast.smash3d,"Carnival Blast!"
22:00,64,com.tripledot.blockssmashgame,"Stack Smash - Block 3D Puzzle"
22:00,65,com.dreamgames.royalmatch,"ロイヤルマッチ Royal Match"
22:00,66,com.tgc.sky.android,"Sky 星を紡ぐ子どもたち"
22:00,67,jp.pokemon.pokemontcgp,"Pokémon TCG Pocket"
22:00,68,com.nebula.tiles,"タップタイル (Tap Tile)"
22:00,69,com.ocean.block.shoot,"Ocean Block Shoot"
22:00,70,com.agavegames.findthecat2,"Find The Cat 2 - Spot It!"
22:00,71,com.topwar.gp,"トップウォー"
22:00,72,wool.match.color.sort.jam.puzzle,"毛糸クラッシュ"
22:00,73,hidden.object.find.seek.search.mystery.puzzle.games.free,"隠しオブジェクトゲーム：探してみよう"
22:00,74,com.square_enix.android_googleplay.dqsgj,"ドラゴンクエストスマッシュグロウ ドラクエローグライトRPG"
22:00,75,com.whoyaho.tanghulu,"フルーツ飴の達人 - ドバイもち、パフェ、ASMR、モッパン"
22:00,76,com.mobcast.okp,"キングダム 乱 -天下統一への道- 究極の本格戦略ゲーム"
22:00,77,com.nexters.herowars,"ヒーローウォーズ：アライアンス — 放置系ロールプレイング"
22:00,78,com.pixel.art.coloring.color.number,"Happy Color® – 数字で塗り絵と色ぬりえ"
22:00,79,io.supercent.linkedcubic,"スネーククラッシュ (Snake Clash)"
22:00,80,jigsaw.solitaire.match.games.free,"ジグソードロップ：ソリティアパズル"
22:00,81,com.merge.game.foodstars,"フードスター:マージ & クック"
22:00,82,com.linecorp.LGTMTM,"LINE：ディズニー ツムツム"
22:00,83,com.merge.cooking.theme.restaurant.food,"マージクッキング テーマレストラン"
22:00,84,jp.co.drecom.wizardry.daphne,"Wizardry Variants Daphne"
22:00,85,com.media720.games2020,"オフラインゲーム 暇つぶし 楽しい ミニパズルボード"
22:00,86,com.sega.pjsekai,"プロジェクトセカイ カラフルステージ！ feat. 初音ミク"
22:00,87,find.difference.spot.differences.hidden.puzzle.games.free,"間違い探し - 見つけてスポット"
22:00,88,net.peakgames.toonblast,"トゥーンブラスト (Toon Blast)"
22:00,89,com.chirpysort.game.android,"Chirpy Sort: Bird Color Puzzle"
22:00,90,jigsolitaire.jigsort.jigsaw.solitaire.puzzle,"ジグソートパズル：ソリティアの楽しさを楽しもう"
22:00,91,com.eurekastudio.mapfit,"Map Fit（マップフィット）-究極の地図パズル-"
22:00,92,com.rotatelab.cubeblast,"Cube Land Puzzle Game"
22:00,93,com.hmbl.perfect.makeover.cleaning.asmr,"Perfect Makeover Cleaning ASMR"
22:00,94,com.easybrain.sudoku.android,"ナンプレ - ロジックパズルゲーム"
22:00,95,com.gtsy.annoying.punch.game,"Annoying Uncle - パンチゲーム"
22:00,96,com.hypervation.goodssort,"Goods Sort Match - パズル"
22:00,97,com.wood.block.sudoku.puzzle.bm,"Block Crush: ブロックブラストパズル"
22:00,98,com.QdanApp.QdanGames,"どこでもパーティーゲーム「どこパ」（ワードウルフオンライン）"
22:00,99,com.combo.knockout,"Knock Out"
22:00,100,easy.sudoku.puzzle.solver.free,"ナンプレ - 大人気アプリ"
22:00,101,com.global.ztmslg,"パズル&サバイバル"
22:00,102,com.brain.logic.joygame,"Brain Puzzle 2: Logic Twist"
22:00,103,io.voodoo.paper2,"Paper.io 2"
22:00,104,com.easybrain.brick.balls.blast,"Brick Blast - ブロック崩し"
22:00,105,water.sort.puzzle.game.color.sorting.free,"水選別パズルゲーム - 楽しい色分けパズルゲーム"
22:00,106,com.innersloth.spacemafia,"Among Us"
22:00,107,com.FortuneMine.CarnivalKnockdown,"Carnival Knockdown"
22:00,108,com.cedargames.mysterytown,"ミステリータウン：マージゲーム (Mystery Town)"
22:00,109,com.readygo.barrel.gp,"ラストZ：サバイバルシューティング"
22:00,110,com.axmeksl.oelasjkq,"鬼討ち剣士：日の呼吸"
22:00,111,io.voodoo.holeio,"ホール.io"
22:00,112,com.vincentb.MobControl,"Mob Control"
22:00,113,com.shogunstudios.poikatsuhakkosusumukun,"ポイ活 発酵！ススムくん：放置ゲームで簡単ポイント稼ぎ"
22:00,114,com.ew.mahjong,"楽しい麻雀マッチ"
22:00,115,com.cliffs.pro.cell.building.crazy.clever.craft,"Block Crazy Robo World Craft"
22:00,116,com.rush.xtreme.sports,"ラッシュ：エクストリーム (RUSH: Xtreme)"
22:00,117,jp.co.sega.am2.MJMobile,"セガNET麻雀 MJ"
22:00,118,com.phs.global,"ラストアサイラム：プレイグ"
22:00,119,jp.co.mixi.monsterstrike,"モンスターストライク"
22:00,120,daily.number.match.free.puzzle,"デイリーナンバーマッチ"
22:00,121,com.robtopx.geometryjumplite,"Geometry Dash Lite"
22:00,122,com.studiobside.starMain,"スターセイヴァー"
22:00,123,com.football.soccer.league,"サッカーリーグ2026"
22:00,124,jp.gungho.pad,"パズル＆ドラゴンズ"
22:00,125,com.xman.jp.gp,"X-Clash"
22:00,126,beats.color.sing.star.rush,"魔法ピアノタイル9 : ピアノゲーム、おんがくげーむ、音ゲー"
22:00,127,com.bravestars.savethedog.drawgame,"Save The Pets"
22:00,128,com.magic.relaxing.water.sort.colorgame.puzzle,"3D Colorful Sort™ 魔法の水"
22:00,129,jp.pokemon.pokemonsleep,"Pokémon Sleep"
22:00,130,com.gamovation.tileclub,"タイルクラブ - マッチングゲーム"
22:00,131,com.mahjong.master.solitaire.match.puzzle,"麻雀マスター：デイリーマッチ"
22:00,132,com.Chodun.CatGunner,"にゃんこ銃士：放置育成RPG"
22:00,133,com.unicostudio.braintest,"ブレインテスト(Brain Test)：ひっかけパズル"
22:00,134,jp.co.sonicpowered.battle.unlimited.cxw,"クローズ×WORST UNLIMITED(アンリミ)"
22:00,135,com.square_enix.android_googleplay.dqwalkj,"ドラゴンクエストウォーク"
22:00,136,com.igg.android.doomsdaylastsurvivors,"ドゥームズデイ × FAIRY TAIL コラボ開催中！"
22:00,137,ball.sort.puzzle.color.sorting.bubble.games,"ボール選別 - 脳を鍛える色分けパズル ゲーム"
22:00,138,com.ultimatelavashgames.rollthehole,"たべるジェリーホール - Jelly Hole"
22:00,139,com.kwalee.drawit,"ドロー・イット"
22:00,140,com.h8games.littlefarmstory,"リトルファームストーリー"
22:00,141,jp.konami.prospia,"プロ野球スピリッツA"
22:00,142,solitaire.word.association.connections.puzzle,"ソリティアワード: Solitaire Connection"
22:00,143,tokyo.chickenskin.yokai,"妖怪カノジョ：妖怪はキミに恋をする"
22:00,144,com.ig.screwdom,"Screwdom 3D"
22:00,145,com.JindoBlu.OfflineGames,"オフラインゲーム - 暇つぶし ゲーム - パズルゲーム"
22:00,146,water.sort.master.colors.games,"Water Sort: Master Colors"
22:00,147,com.fun.brain.game,"ブレパズ！Brain Puzzle ひっかけパズル"
22:00,148,com.kite.kittypick,"Kitty Pick"
22:00,149,com.rescue.agent,"ヘリコプター・エスケープ"
22:00,150,com.fiveminlab.overgeared.hero.backpack.merge,"チート勇者～インベントリ攻略ゲー～RPG"
22:00,151,com.mobsmile.coincollector,"Coin Collector"
22:00,152,com.ea.gp.fifamobile,"EA SPORTS FC™ サッカー Mobile 2026"
22:00,153,com.tfgco.apps.coloring.free.color.by.number,"番号でぬりえ: ピクセル着色ゲーム"
22:00,154,com.HoYoverse.hkrpgoversea,"崩壊：スターレイル"
22:00,155,gridplus.busjam.carpuzzle,"Bus Fever-Car Jam Escape"
22:00,156,com.fungames.blockcraft,"ブロッククラフト3D (Block Craft)：建設ゲーム"
22:00,157,com.HoYoverse.Nap,"ゼンレスゾーンゼロ - アニバーサリー"
22:00,158,com.kite.knockfever,"Knock Fever"
22:00,159,com.mxdzz.jp.and,"キノコ伝説：勇者と魔法のランプ"
22:00,160,com.actgames.HelloKittyMDS,"ハローキティ：マイドリームストア"
22:00,161,com.crossfield.mahjong,"麻雀 闘龍 - 初心者から楽しめる麻雀ゲーム"
22:00,162,com.easybrain.brainy.joygame,"Puzzle Time: Brainy Challenge"
22:00,163,com.fliqs.chameleon.hunt.hide.seek,"Chameleon Hunt: Hide & Seek"
22:00,164,com.moonactive.holestars,"Hole Stars: パズルゲーム"
22:00,165,com.qookkagames.xczyw.gp.jp,"信長の野望 真戦"
22:00,166,com.kiwifun.game.android.screw.master,"ネジ3Dパズル：ピンを外すゲーム"
22:00,167,diamond.pixel.art.jewel.color.flow.sort.puzzle,"ジュエルカラーソート：ダイヤゲーム"
22:00,168,com.car.parking.bus.mania.traffic.jam,"Bus Jam：駐車場ゲーム パーキングジャム"
22:00,169,com.flower.forest.word.puzzle,"Flower Forest - ワードパズル"
22:00,170,com.sega.Kotodaman,"コトダマン ‐ 共闘ことばRPG"
22:00,171,com.lighthouse.freeplay.jp,"終焉のヒカリ"
22:00,172,defense.roguelike.cell.shoot.survivor,"セルサバイバー"
22:00,173,com.loop.clear.cube.free.card.puzzle.sort.match,"ループマスター（Loop Master）"
22:00,174,com.arrow.madness.games.arrows.escape.puzzle.game,"Maze Madness - 脳トレパズル"
22:00,175,io.supercent.pizzaidle,"ピザレディー (Pizza Ready)"
22:00,176,com.warrior.screw.gp,"ねじねじパズル"
22:00,177,loppipoppi.numbermatch,"Number Clash - Math Game"
22:00,178,com.oakever.jigsawcard,"Jigsawcard Solitaire Puzzle"
22:00,179,com.king.candycrushsaga,"キャンディークラッシュ (Candy Crush Saga)"
22:00,180,com.abi.busjam.sortpuzzle,"バスゲーム：カーパーキング・バスゲーム"
22:00,181,com.zjxscjp.google,"ドット伝説～魔王になる異世界放置RPG～"
22:00,182,com.gamovation.sudoku,"数独 - 毎日ナンプレを解いて気軽に頭の体操"
22:00,183,jp.co.level5.inazumacross,"イナズマイレブン クロス"
22:00,184,screw.puzzle.match3.brain.puzz,"ネジマッチ: Screw Sort 3D ネジパズル ボルト"
22:00,185,com.s01.global,"Lordrush: ロードトゥパワー"
22:00,186,com.goods.sorting.games.triple.match3d.puzzle,"商品整理ゲーム：3Dパズル"
22:00,187,com.game.friends.jp,"TopTop(トップトップ) - 友達と一緒に遊ぼう"
22:00,188,com.gamincat.roomsort,"ルームソート - 間取り図ゲーム"
22:00,189,com.oakever.tiletrip,"Tile Explorer - トリプルマッチ"
22:00,190,com.slg.savagesurvival,"サベージ・サバイバル：恐竜の咆哮"
22:00,191,com.HoYoverse.cloudgames.Nap,"ゼンレスゾーンゼロ・クラウド版 - アニバーサリー"
22:00,192,com.eagle_developers.shukapig,"出荷ぶた-養豚場育成ゲーム！ポイ活可能の放置で癒しの牧場経営"
22:00,193,com.bandainamcoent.dblegends_jp,"ドラゴンボール レジェンズ"
22:00,194,com.whoyaho.pendeco,"デコの達人 - カスタムボールペンASMR"
22:00,195,com.cbewjp.arrow.beauty.awaits,"Arrow Away - Beauty Awaits"
22:00,196,com.ares.twd,"The Walking Dead: Aftermath"
22:00,197,com.screw3d.match.nuts.bolts.pin.jam.away.puzzle,"3D Bolt Master: ネジパズルゲーム"
22:00,198,com.YoStarJP.MajSoul,"雀魂‐じゃんたま‐"
22:00,199,com.nintendo.zaba,"ファイアーエムブレム  ヒーローズ"
22:00,200,com.fungames.sniper3d,"Sniper 3D：銃を撃つゲーム"
