time,rank,id,title
00:30,1,1117270703,"eFootball™"
00:30,2,6756641135,"ホロライブドリームス"
00:30,3,1164400646,"#コンパス【戦闘摂理解析システム】"
00:30,4,493470467,"パズル＆ドラゴンズ"
00:30,5,6443575749,"ホワイトアウト・サバイバル"
00:30,6,6448786147,"ラストウォー：サバイバル"
00:30,7,6754311241,"無職転生 〜異世界行ったら本気だす〜 【クロエコ】"
00:30,8,1094591345,"Pokémon GO"
00:30,9,940320341,"プロ野球スピリッツＡ"
00:30,10,658511662,"モンスターストライク"
00:30,11,1176027022,"トゥーンブラスト"
00:30,12,1623318294,"ゴシップハーバー：マージ & ストーリー"
00:30,13,1599719154,"崩壊：スターレイル"
00:30,14,6739554056,"キングショット"
00:30,15,1482155847,"ロイヤルマッチ（Royal Match)"
00:30,16,1517980891,"パズル&サバイバル"
00:30,17,1478829750,"デュエル・マスターズ プレイス"
00:30,18,6739554561,"信長の野望 真戦"
00:30,19,1325457827,"ウマ娘 プリティーダービー"
00:30,20,6472019540,"Shadowverse: Worlds Beyond"
00:30,21,1105855019,"ガーデンスケイプ (Gardenscapes)"
00:30,22,6471045672,"グルメ・ジャーニー"
00:30,23,6738163891,"ヴァンピール(VAMPIR)"
00:30,24,1439417234,"ドラゴンクエストウォーク 歩く楽しみが増える位置情報ゲーム"
00:30,25,6480398822,"DDFF-ファイナルファンタジーのオールスター共闘アクション"
00:30,26,1579464667,"Pokémon Sleep"
00:30,27,824116884,"ONE PIECE トレジャークルーズ"
00:30,28,6756994116,"イナズマイレブン クロス"
00:30,29,1229016807,"ブロスタ"
00:30,30,6746151928,"ハートピアスローライフ"
00:30,31,1478990007,"アークナイツ"
00:30,32,1516559313,"ドラゴンクエストタクト ドラクエのタクティクスRPG"
00:30,33,6503272652,"ラストZ：サバイバルシューティング"
00:30,34,6475757306,"Disney Solitaire ディズニー ソリティア"
00:30,35,888615473,"LINE ポコポコ：3マッチパズルゲーム"
00:30,36,6479970832,"Pokémon TCG Pocket"
00:30,37,1312031248,"荒野行動-スマホ版バトロワ"
00:30,38,1195621598,"ホームスケイプ (Homescapes)"
00:30,39,638689075,"タウンシップ (Township)"
00:30,40,1585915174,"勝利の女神：NIKKE"
00:30,41,1015521325,"Fate/Grand Order"
00:30,42,6639605332,"パラノイズ"
00:30,43,1477455989,"ディズニー ツイステッドワンダーランド"
00:30,44,724594093,"LINE：ディズニー ツムツム"
00:30,45,1494428618,"あんさんぶるスターズ！！Music"
00:30,46,6446659989,"学園アイドルマスター"
00:30,47,1044505314,"刀剣乱舞ONLINE"
00:30,48,1376515087,"Age of Origins---ゾンビ・末日戦記"
00:30,49,6747736697,"ドラゴンクエストスマッシュグロウ ドラクエローグライトRPG"
00:30,50,664575829,"フィッシュダム(Fishdom)"
00:30,51,1322310031,"ONE PIECE バウンティラッシュ - アクションゲーム"
00:30,52,6755455500,"ハリウッドマージ"
00:30,53,1606549505,"ロイヤルキングダム (Royal Kingdom)"
00:30,54,1611490041,"メメントモリ"
00:30,55,1515877221,"ブルーアーカイブ"
00:30,56,6756247422,"デジモンUP"
00:30,57,1606356401,"ゼンレスゾーンゼロ"
00:30,58,6450953550,"トップヒーローズ: キングダムサーガ"
00:30,59,553834731,"キャンディークラッシュ"
00:30,60,1347780764,"Identity V"
00:30,61,6692611665,"SDガンダム ジージェネレーション エターナル"
00:30,62,6443755785,"シーサイド エスケープ：マージ & ストーリー"
00:30,63,1643509748,"マージクッキング テーマレストラン"
00:30,64,1268959718,"七つの大罪 光と闇の交戦 : グラクロ"
00:30,65,1469186379,"雀魂 -じゃんたま-"
00:30,66,6596745408,"ちいかわぽけっと"
00:30,67,6737974657,"キングダム 覇道"
00:30,68,951627670,"ドラゴンボールZ ドッカンバトル"
00:30,69,547145938,"にゃんこ大戦争"
00:30,70,6445906110,"モンスターハンターNow"
00:30,71,6740199677,"杖と剣の伝説"
00:30,72,1211123727,"放置少女 - 百花繚乱の萌姫たち"
00:30,73,6475033368,"鳴潮 - 玄方地界へ"
00:30,74,1554247785,"遊戯王 マスターデュエル"
00:30,75,1287282214,"Call of Duty®: Mobile"
00:30,76,1453840513,"東京ディバンカー"
00:30,77,1273064549,"eFootball™ウイコレ CHAMPION SQUADS"
00:30,78,1366526331,"PUBG MOBILE - 世界一のバトルロイヤル！"
00:30,79,1358232022,"ドラゴンボール レジェンズ"
00:30,80,666206963,"セガNET麻雀 MJ"
00:30,81,852882903,"グランブルーファンタジー"
00:30,82,6744011639,"BRAVE FRONTIER LEGION"
00:30,83,6741503079,"Pokémon Champions"
00:30,84,1517783697,"原神～空月の歌～"
00:30,85,1489932710,"プロジェクトセカイ カラフルステージ！ feat. 初音ミク"
00:30,86,6503603603,"ミステリータウン：マージゲーム (Mystery Town)"
00:30,87,6746465127,"セルサバイバー - シューティングゲーム"
00:30,88,6741469353,"プロサッカークラブをつくろう！"
00:30,89,1545088576,"777Real(777リアル) パチンコ･パチスロアプリ"
00:30,90,1524742294,"三國志 真戦"
00:30,91,1484442152,"マージマンション : パズル & ストーリー"
00:30,92,985900455,"ドラゴンエッグ　仲間との出会い"
00:30,93,1032346221,"妖怪ウォッチ ぷにぷに"
00:30,94,1053012308,"クラッシュ・ロワイヤル (Clash Royale)"
00:30,95,6749109552,"X-Clash: サバイバル"
00:30,96,1020109860,"ゴールデンホイヤー スロット〜パチンコ·パチスロカジノゲーム"
00:30,97,1619722298,"信長の野望 覇道"
00:30,98,6754593077,"NTE: Neverness to Everness"
00:30,99,1556357398,"Pikmin Bloom"
00:30,100,1098157959,"エボニー - 王の帰還"
00:30,101,1631984107,"ブルーロック Project: World Champion"
00:30,102,6742937695,"ペタペタペンギン団"
00:30,103,1521236603,"Travel Town - マージアドベンチャー"
00:30,104,1442061397,"Pokémon Masters EX"
00:30,105,6756989323,"ラストアサイラム：プレイグ"
00:30,106,1537365865,"商人放浪記"
00:30,107,6768208688,"勇者連盟：暁の遠征"
00:30,108,6743205891,"聖霊伝説：最強への道"
00:30,109,1479198816,"トップウォー"
00:30,110,6449094229,"マッチファクトリー(Match Factory)!"
00:30,111,1068378177,"遊戯王 デュエルリンクス"
00:30,112,6670441558,"Dark War:Survival"
00:30,113,6738469826,"この監獄ほんmoneyすぎんご"
00:30,114,6758927408,"弱虫ペダル レゾナンス・ぺダイズム"
00:30,115,878506376,"LINE POP2 - 簡単マッチ3パズルゲーム"
00:30,116,6756044415,"今生は恋より茶に生きる"
00:30,117,6618142292,"フランベシェフ：マージ＆クッキング"
00:30,118,6761041344,"ドット伝説～魔王になる異世界放置RPG～"
00:30,119,895687962,"白猫プロジェクト"
00:30,120,6736896540,"ハローキティ：マイドリームストア"
00:30,121,6751229187,"ドラゴンブラッド：スレイヤーズ学院（ドラガク）"
00:30,122,1242186587,"アズールレーン"
00:30,123,6754603435,"どうぶつの花屋 - 本物のお花をお届け！"
00:30,124,6475892450,"キングダム 頂天"
00:30,125,6738109752,"タイルズ・サバイバル"
00:30,126,6444043291,"Domino Dreams™"
00:30,127,529479190,"クラッシュ・オブ・クラン (Clash of Clans)"
00:30,128,1576831351,"ヘブンバーンズレッド"
00:30,129,6472174407,"ブレイクマイケース"
00:30,130,580399292,"真 戦国炎舞 -KIZNA-"
00:30,131,1565488936,"転生したらスライムだった件 魔王と竜の建国譚【まおりゅう】"
00:30,132,1235569398,"マフィア・シティ-極道風雲"
00:30,133,6752672568,"Block Out! - Color Sort Puzzle"
00:30,134,6445884108,"ツリーオブセイヴァー：ネバーランド"
00:30,135,6740043080,"Screwdom : ボルトパズルゲーム"
00:30,136,6753738566,"HUNTER×HUNTER NEN×SURVIVOR"
00:30,137,6504332779,"Color Block Jam"
00:30,138,865817969,"ポコロンダンジョンズ"
00:30,139,1551798277,"呪術廻戦 ファントムパレード"
00:30,140,6752642477,"アークナイツ：エンドフィールド"
00:30,141,6479391944,"トリッカル・もちもちほっペ大作戦"
00:30,142,6742122160,"TopTop(トップトップ): サクッと遊んで、パッと友達"
00:30,143,1160056295,"モバイル·レジェンド: Bang Bang"
00:30,144,6755585789,"チート勇者～インベントリ攻略ゲー～RPG"
00:30,145,6473767344,"キノコ伝説：勇者と魔法のランプ"
00:30,146,1158967485,"ヒーローウォーズ：アライアンス — アクションバトルにRPG"
00:30,147,953790507,"城とドラゴン"
00:30,148,6464543369,"コナステ メダルコーナー | コナミの メダルゲームが遊べる"
00:30,149,1663423521,"Wizardry Variants Daphne"
00:30,150,1352887311,"新三國志：育成型戦略シミュレーションゲーム"
00:30,151,852912420,"サマナーズウォー X 葬送のフリーレン"
00:30,152,1568415097,"The Ants: Underground Kingdom"
00:30,153,1580691683,"MLB 9イニングス Rivals 26"
00:30,154,668300448,"SunVy Poker - サンビ・ポーカー"
00:30,155,6474962684,"レーシングマスター"
00:30,156,6503284107,"オールインホール (All in Hole)"
00:30,157,1629373124,"陰の実力者になりたくて！マスターオブガーデン"
00:30,158,479516143,"Minecraft: クラフト、建築、サバイバル"
00:30,159,895761422,"LINE バブル2"
00:30,160,6502582397,"ラグナロクX"
00:30,161,6480167901,"魔法少女まどかマギカ Magia Exedra"
00:30,162,1208396151,"キングダム 乱 -天下統一への道- 究極の戦略・戦争ゲーム"
00:30,163,1298368256,"コトダマン-共闘ことばRPG"
00:30,164,6448979859,"リバース：1999 - アトミックハートコラボ開催中"
00:30,165,934745962,"駅メモ！ - ステーションメモリーズ！-"
00:30,166,6446389130,"パズル＆カオス"
00:30,167,1512321575,"Pokémon UNITE"
00:30,168,6590616375,"eBaseball™: MLB PRO SPIRIT"
00:30,169,985100673,"逆転オセロニア"
00:30,170,1485209615,"Puzzles & Conquest"
00:30,171,1481318779,"三國志 覇道"
00:30,172,496801169,"将棋ウォーズ"
00:30,173,1449539696,"Jリーグクラブチャンピオンシップ"
00:30,174,1456351581,"ラグナロク マスターズ"
00:30,175,1509886058,"おねがい社長！"
00:30,176,1616587868,"新信長の野望"
00:30,177,6737189862,"サベージ・サバイバル：恐竜の咆哮"
00:30,178,6462012491,"ぽちゃガチョ！"
00:30,179,529996768,"Bingo Blitz™ - ビンゴゲーム"
00:30,180,6502820653,"アーチャー伝説2"
00:30,181,700626925,"剣と魔法のログレス いにしえの女神-本格MMORPG"
00:30,182,1483058899,"プロジェクトメイクオーバー Project Makeover"
00:30,183,6502942931,"P5X ペルソナ５: The Phantom X"
00:30,184,1356980152,"スロットセブン：ジャックポットワールド、パチスロ、カジノ"
00:30,185,694480800,"ドリフトスピリッツ"
00:30,186,6748930656,"ゼンレスゾーンゼロ・クラウド版"
00:30,187,1391483863,"旦那様の一発逆転人生"
00:30,188,1447239134,"Ash Tale-風の大陸-"
00:30,189,1326707443,"プロサッカークラブをつくろう！ロード・トゥ・ワールド"
00:30,190,866037912,"FINAL FANTASY Record Keeper"
00:30,191,6751056652,"Pixel Flow!"
00:30,192,640023408,"麻雀格闘倶楽部Sp |麻雀の初心者におすすめ! 麻雀ゲーム"
00:30,193,6740618570,"XP Hero(ヒーロー)): まずは世界観をのぞいてみて"
00:30,194,1465196071,"櫻坂46・日向坂46 UNI'S ON AIR"
00:30,195,1117841866,"エンパイア&パズル（エンパズ）：マッチ3RPG"
00:30,196,1462117269,"Sky 星を紡ぐ子どもたち"
00:30,197,6755509352,"マブラヴ ガールズガーデン"
00:30,198,850417475,"キャンディークラッシュソーダ"
00:30,199,1003168863,"BLEACH Brave Souls アニメゲーム"
00:30,200,6742771024,"AmaZeus: Merge & Shoot"
02:00,1,1117270703,"eFootball™"
02:00,2,6756641135,"ホロライブドリームス"
02:00,3,1164400646,"#コンパス【戦闘摂理解析システム】"
02:00,4,493470467,"パズル＆ドラゴンズ"
02:00,5,6443575749,"ホワイトアウト・サバイバル"
02:00,6,6448786147,"ラストウォー：サバイバル"
02:00,7,940320341,"プロ野球スピリッツＡ"
02:00,8,6754311241,"無職転生 〜異世界行ったら本気だす〜 【クロエコ】"
02:00,9,1094591345,"Pokémon GO"
02:00,10,658511662,"モンスターストライク"
02:00,11,1176027022,"トゥーンブラスト"
02:00,12,1623318294,"ゴシップハーバー：マージ & ストーリー"
02:00,13,1599719154,"崩壊：スターレイル"
02:00,14,1482155847,"ロイヤルマッチ（Royal Match)"
02:00,15,6739554056,"キングショット"
02:00,16,1517980891,"パズル&サバイバル"
02:00,17,6739554561,"信長の野望 真戦"
02:00,18,6472019540,"Shadowverse: Worlds Beyond"
02:00,19,1478829750,"デュエル・マスターズ プレイス"
02:00,20,6480398822,"DDFF-ファイナルファンタジーのオールスター共闘アクション"
02:00,21,1325457827,"ウマ娘 プリティーダービー"
02:00,22,1105855019,"ガーデンスケイプ (Gardenscapes)"
02:00,23,6471045672,"グルメ・ジャーニー"
02:00,24,1439417234,"ドラゴンクエストウォーク 歩く楽しみが増える位置情報ゲーム"
02:00,25,6738163891,"ヴァンピール(VAMPIR)"
02:00,26,6756994116,"イナズマイレブン クロス"
02:00,27,824116884,"ONE PIECE トレジャークルーズ"
02:00,28,1229016807,"ブロスタ"
02:00,29,1516559313,"ドラゴンクエストタクト ドラクエのタクティクスRPG"
02:00,30,1478990007,"アークナイツ"
02:00,31,1579464667,"Pokémon Sleep"
02:00,32,6475757306,"Disney Solitaire ディズニー ソリティア"
02:00,33,6746151928,"ハートピアスローライフ"
02:00,34,888615473,"LINE ポコポコ：3マッチパズルゲーム"
02:00,35,1322310031,"ONE PIECE バウンティラッシュ - アクションゲーム"
02:00,36,6503272652,"ラストZ：サバイバルシューティング"
02:00,37,1312031248,"荒野行動-スマホ版バトロワ"
02:00,38,1195621598,"ホームスケイプ (Homescapes)"
02:00,39,638689075,"タウンシップ (Township)"
02:00,40,6479970832,"Pokémon TCG Pocket"
02:00,41,1585915174,"勝利の女神：NIKKE"
02:00,42,1015521325,"Fate/Grand Order"
02:00,43,6639605332,"パラノイズ"
02:00,44,724594093,"LINE：ディズニー ツムツム"
02:00,45,1044505314,"刀剣乱舞ONLINE"
02:00,46,1477455989,"ディズニー ツイステッドワンダーランド"
02:00,47,6747736697,"ドラゴンクエストスマッシュグロウ ドラクエローグライトRPG"
02:00,48,1376515087,"Age of Origins---ゾンビ・末日戦記"
02:00,49,6446659989,"学園アイドルマスター"
02:00,50,1494428618,"あんさんぶるスターズ！！Music"
02:00,51,664575829,"フィッシュダム(Fishdom)"
02:00,52,6755455500,"ハリウッドマージ"
02:00,53,1611490041,"メメントモリ"
02:00,54,1515877221,"ブルーアーカイブ"
02:00,55,1606549505,"ロイヤルキングダム (Royal Kingdom)"
02:00,56,6756247422,"デジモンUP"
02:00,57,1347780764,"Identity V"
02:00,58,553834731,"キャンディークラッシュ"
02:00,59,6692611665,"SDガンダム ジージェネレーション エターナル"
02:00,60,1606356401,"ゼンレスゾーンゼロ"
02:00,61,6450953550,"トップヒーローズ: キングダムサーガ"
02:00,62,1643509748,"マージクッキング テーマレストラン"
02:00,63,1469186379,"雀魂 -じゃんたま-"
02:00,64,6443755785,"シーサイド エスケープ：マージ & ストーリー"
02:00,65,951627670,"ドラゴンボールZ ドッカンバトル"
02:00,66,6737974657,"キングダム 覇道"
02:00,67,6596745408,"ちいかわぽけっと"
02:00,68,6740199677,"杖と剣の伝説"
02:00,69,547145938,"にゃんこ大戦争"
02:00,70,1268959718,"七つの大罪 光と闇の交戦 : グラクロ"
02:00,71,6445906110,"モンスターハンターNow"
02:00,72,1211123727,"放置少女 - 百花繚乱の萌姫たち"
02:00,73,6475033368,"鳴潮 - 玄方地界へ"
02:00,74,6744011639,"BRAVE FRONTIER LEGION"
02:00,75,1287282214,"Call of Duty®: Mobile"
02:00,76,1453840513,"東京ディバンカー"
02:00,77,1554247785,"遊戯王 マスターデュエル"
02:00,78,666206963,"セガNET麻雀 MJ"
02:00,79,1273064549,"eFootball™ウイコレ CHAMPION SQUADS"
02:00,80,1366526331,"PUBG MOBILE - 世界一のバトルロイヤル！"
02:00,81,1358232022,"ドラゴンボール レジェンズ"
02:00,82,852882903,"グランブルーファンタジー"
02:00,83,1489932710,"プロジェクトセカイ カラフルステージ！ feat. 初音ミク"
02:00,84,1517783697,"原神～空月の歌～"
02:00,85,6741503079,"Pokémon Champions"
02:00,86,1545088576,"777Real(777リアル) パチンコ･パチスロアプリ"
02:00,87,6503603603,"ミステリータウン：マージゲーム (Mystery Town)"
02:00,88,6741469353,"プロサッカークラブをつくろう！"
02:00,89,6743205891,"聖霊伝説：最強への道"
02:00,90,6746465127,"セルサバイバー - シューティングゲーム"
02:00,91,985900455,"ドラゴンエッグ　仲間との出会い"
02:00,92,1619722298,"信長の野望 覇道"
02:00,93,1484442152,"マージマンション : パズル & ストーリー"
02:00,94,6754593077,"NTE: Neverness to Everness"
02:00,95,1032346221,"妖怪ウォッチ ぷにぷに"
02:00,96,1053012308,"クラッシュ・ロワイヤル (Clash Royale)"
02:00,97,6749109552,"X-Clash: サバイバル"
02:00,98,1020109860,"ゴールデンホイヤー スロット〜パチンコ·パチスロカジノゲーム"
02:00,99,1068378177,"遊戯王 デュエルリンクス"
02:00,100,1524742294,"三國志 真戦"
02:00,101,1521236603,"Travel Town - マージアドベンチャー"
02:00,102,1631984107,"ブルーロック Project: World Champion"
02:00,103,6742937695,"ペタペタペンギン団"
02:00,104,1537365865,"商人放浪記"
02:00,105,1556357398,"Pikmin Bloom"
02:00,106,6449094229,"マッチファクトリー(Match Factory)!"
02:00,107,1098157959,"エボニー - 王の帰還"
02:00,108,6768208688,"勇者連盟：暁の遠征"
02:00,109,1442061397,"Pokémon Masters EX"
02:00,110,6736896540,"ハローキティ：マイドリームストア"
02:00,111,6756989323,"ラストアサイラム：プレイグ"
02:00,112,895687962,"白猫プロジェクト"
02:00,113,1242186587,"アズールレーン"
02:00,114,6738469826,"この監獄ほんmoneyすぎんご"
02:00,115,1479198816,"トップウォー"
02:00,116,580399292,"真 戦国炎舞 -KIZNA-"
02:00,117,6761041344,"ドット伝説～魔王になる異世界放置RPG～"
02:00,118,878506376,"LINE POP2 - 簡単マッチ3パズルゲーム"
02:00,119,6751229187,"ドラゴンブラッド：スレイヤーズ学院（ドラガク）"
02:00,120,6618142292,"フランベシェフ：マージ＆クッキング"
02:00,121,6756044415,"今生は恋より茶に生きる"
02:00,122,6670441558,"Dark War:Survival"
02:00,123,6758927408,"弱虫ペダル レゾナンス・ぺダイズム"
02:00,124,6444043291,"Domino Dreams™"
02:00,125,6475892450,"キングダム 頂天"
02:00,126,6754603435,"どうぶつの花屋 - 本物のお花をお届け！"
02:00,127,529479190,"クラッシュ・オブ・クラン (Clash of Clans)"
02:00,128,1576831351,"ヘブンバーンズレッド"
02:00,129,6738109752,"タイルズ・サバイバル"
02:00,130,6752672568,"Block Out! - Color Sort Puzzle"
02:00,131,1663423521,"Wizardry Variants Daphne"
02:00,132,6740043080,"Screwdom : ボルトパズルゲーム"
02:00,133,1235569398,"マフィア・シティ-極道風雲"
02:00,134,6472174407,"ブレイクマイケース"
02:00,135,6504332779,"Color Block Jam"
02:00,136,6742122160,"TopTop(トップトップ): サクッと遊んで、パッと友達"
02:00,137,1565488936,"転生したらスライムだった件 魔王と竜の建国譚【まおりゅう】"
02:00,138,6755509352,"マブラヴ ガールズガーデン"
02:00,139,852912420,"サマナーズウォー X 葬送のフリーレン"
02:00,140,6479391944,"トリッカル・もちもちほっペ大作戦"
02:00,141,6445884108,"ツリーオブセイヴァー：ネバーランド"
02:00,142,6464543369,"コナステ メダルコーナー | コナミの メダルゲームが遊べる"
02:00,143,6752642477,"アークナイツ：エンドフィールド"
02:00,144,6753738566,"HUNTER×HUNTER NEN×SURVIVOR"
02:00,145,1580691683,"MLB 9イニングス Rivals 26"
02:00,146,1551798277,"呪術廻戦 ファントムパレード"
02:00,147,668300448,"SunVy Poker - サンビ・ポーカー"
02:00,148,865817969,"ポコロンダンジョンズ"
02:00,149,6755585789,"チート勇者～インベントリ攻略ゲー～RPG"
02:00,150,1160056295,"モバイル·レジェンド: Bang Bang"
02:00,151,1352887311,"新三國志：育成型戦略シミュレーションゲーム"
02:00,152,1629373124,"陰の実力者になりたくて！マスターオブガーデン"
02:00,153,6473767344,"キノコ伝説：勇者と魔法のランプ"
02:00,154,953790507,"城とドラゴン"
02:00,155,1158967485,"ヒーローウォーズ：アライアンス — アクションバトルにRPG"
02:00,156,1208396151,"キングダム 乱 -天下統一への道- 究極の戦略・戦争ゲーム"
02:00,157,6503284107,"オールインホール (All in Hole)"
02:00,158,6474962684,"レーシングマスター"
02:00,159,6590616375,"eBaseball™: MLB PRO SPIRIT"
02:00,160,6502582397,"ラグナロクX"
02:00,161,6463845521,"ティンクルスターナイツ 少女が変身する美少女バトルRPG"
02:00,162,1298368256,"コトダマン-共闘ことばRPG"
02:00,163,479516143,"Minecraft: クラフト、建築、サバイバル"
02:00,164,1509886058,"おねがい社長！"
02:00,165,895761422,"LINE バブル2"
02:00,166,1568415097,"The Ants: Underground Kingdom"
02:00,167,6448979859,"リバース：1999 - アトミックハートコラボ開催中"
02:00,168,866037912,"FINAL FANTASY Record Keeper"
02:00,169,934745962,"駅メモ！ - ステーションメモリーズ！-"
02:00,170,700626925,"剣と魔法のログレス いにしえの女神-本格MMORPG"
02:00,171,6480167901,"魔法少女まどかマギカ Magia Exedra"
02:00,172,1512321575,"Pokémon UNITE"
02:00,173,1481318779,"三國志 覇道"
02:00,174,6502942931,"P5X ペルソナ５: The Phantom X"
02:00,175,1391483863,"旦那様の一発逆転人生"
02:00,176,1326707443,"プロサッカークラブをつくろう！ロード・トゥ・ワールド"
02:00,177,1449539696,"Jリーグクラブチャンピオンシップ"
02:00,178,1483058899,"プロジェクトメイクオーバー Project Makeover"
02:00,179,985100673,"逆転オセロニア"
02:00,180,1447239134,"Ash Tale-風の大陸-"
02:00,181,6737189862,"サベージ・サバイバル：恐竜の咆哮"
02:00,182,1356980152,"スロットセブン：ジャックポットワールド、パチスロ、カジノ"
02:00,183,1485209615,"Puzzles & Conquest"
02:00,184,6502820653,"アーチャー伝説2"
02:00,185,6446389130,"パズル＆カオス"
02:00,186,496801169,"将棋ウォーズ"
02:00,187,6462012491,"ぽちゃガチョ！"
02:00,188,529996768,"Bingo Blitz™ - ビンゴゲーム"
02:00,189,694480800,"ドリフトスピリッツ"
02:00,190,640023408,"麻雀格闘倶楽部Sp |麻雀の初心者におすすめ! 麻雀ゲーム"
02:00,191,6751056652,"Pixel Flow!"
02:00,192,1616587868,"新信長の野望"
02:00,193,6748930656,"ゼンレスゾーンゼロ・クラウド版"
02:00,194,1456351581,"ラグナロク マスターズ"
02:00,195,1117841866,"エンパイア&パズル（エンパズ）：マッチ3RPG"
02:00,196,6740618570,"XP Hero(ヒーロー)): まずは世界観をのぞいてみて"
02:00,197,1462117269,"Sky 星を紡ぐ子どもたち"
02:00,198,1465196071,"櫻坂46・日向坂46 UNI'S ON AIR"
02:00,199,850417475,"キャンディークラッシュソーダ"
02:00,200,1263365153,"エバーテイル"
03:30,1,1117270703,"eFootball™"
03:30,2,6756641135,"ホロライブドリームス"
03:30,3,1164400646,"#コンパス【戦闘摂理解析システム】"
03:30,4,493470467,"パズル＆ドラゴンズ"
03:30,5,6443575749,"ホワイトアウト・サバイバル"
03:30,6,6448786147,"ラストウォー：サバイバル"
03:30,7,940320341,"プロ野球スピリッツＡ"
03:30,8,6754311241,"無職転生 〜異世界行ったら本気だす〜 【クロエコ】"
03:30,9,1094591345,"Pokémon GO"
03:30,10,658511662,"モンスターストライク"
03:30,11,1176027022,"トゥーンブラスト"
03:30,12,1623318294,"ゴシップハーバー：マージ & ストーリー"
03:30,13,1599719154,"崩壊：スターレイル"
03:30,14,1482155847,"ロイヤルマッチ（Royal Match)"
03:30,15,6739554056,"キングショット"
03:30,16,1517980891,"パズル&サバイバル"
03:30,17,6739554561,"信長の野望 真戦"
03:30,18,6472019540,"Shadowverse: Worlds Beyond"
03:30,19,1478829750,"デュエル・マスターズ プレイス"
03:30,20,6480398822,"DDFF-ファイナルファンタジーのオールスター共闘アクション"
03:30,21,1325457827,"ウマ娘 プリティーダービー"
03:30,22,1105855019,"ガーデンスケイプ (Gardenscapes)"
03:30,23,6471045672,"グルメ・ジャーニー"
03:30,24,1439417234,"ドラゴンクエストウォーク 歩く楽しみが増える位置情報ゲーム"
03:30,25,6738163891,"ヴァンピール(VAMPIR)"
03:30,26,6756994116,"イナズマイレブン クロス"
03:30,27,824116884,"ONE PIECE トレジャークルーズ"
03:30,28,1229016807,"ブロスタ"
03:30,29,1516559313,"ドラゴンクエストタクト ドラクエのタクティクスRPG"
03:30,30,1478990007,"アークナイツ"
03:30,31,1579464667,"Pokémon Sleep"
03:30,32,6475757306,"Disney Solitaire ディズニー ソリティア"
03:30,33,6746151928,"ハートピアスローライフ"
03:30,34,888615473,"LINE ポコポコ：3マッチパズルゲーム"
03:30,35,1322310031,"ONE PIECE バウンティラッシュ - アクションゲーム"
03:30,36,6503272652,"ラストZ：サバイバルシューティング"
03:30,37,1312031248,"荒野行動-スマホ版バトロワ"
03:30,38,1195621598,"ホームスケイプ (Homescapes)"
03:30,39,638689075,"タウンシップ (Township)"
03:30,40,6479970832,"Pokémon TCG Pocket"
03:30,41,1585915174,"勝利の女神：NIKKE"
03:30,42,1015521325,"Fate/Grand Order"
03:30,43,6639605332,"パラノイズ"
03:30,44,724594093,"LINE：ディズニー ツムツム"
03:30,45,1044505314,"刀剣乱舞ONLINE"
03:30,46,1477455989,"ディズニー ツイステッドワンダーランド"
03:30,47,6747736697,"ドラゴンクエストスマッシュグロウ ドラクエローグライトRPG"
03:30,48,1376515087,"Age of Origins---ゾンビ・末日戦記"
03:30,49,6446659989,"学園アイドルマスター"
03:30,50,1494428618,"あんさんぶるスターズ！！Music"
03:30,51,664575829,"フィッシュダム(Fishdom)"
03:30,52,6755455500,"ハリウッドマージ"
03:30,53,1611490041,"メメントモリ"
03:30,54,1515877221,"ブルーアーカイブ"
03:30,55,1606549505,"ロイヤルキングダム (Royal Kingdom)"
03:30,56,6756247422,"デジモンUP"
03:30,57,1347780764,"Identity V"
03:30,58,553834731,"キャンディークラッシュ"
03:30,59,6692611665,"SDガンダム ジージェネレーション エターナル"
03:30,60,1606356401,"ゼンレスゾーンゼロ"
03:30,61,6450953550,"トップヒーローズ: キングダムサーガ"
03:30,62,1643509748,"マージクッキング テーマレストラン"
03:30,63,1469186379,"雀魂 -じゃんたま-"
03:30,64,6443755785,"シーサイド エスケープ：マージ & ストーリー"
03:30,65,951627670,"ドラゴンボールZ ドッカンバトル"
03:30,66,6737974657,"キングダム 覇道"
03:30,67,6596745408,"ちいかわぽけっと"
03:30,68,6740199677,"杖と剣の伝説"
03:30,69,547145938,"にゃんこ大戦争"
03:30,70,1268959718,"七つの大罪 光と闇の交戦 : グラクロ"
03:30,71,6445906110,"モンスターハンターNow"
03:30,72,1211123727,"放置少女 - 百花繚乱の萌姫たち"
03:30,73,6475033368,"鳴潮 - 玄方地界へ"
03:30,74,6744011639,"BRAVE FRONTIER LEGION"
03:30,75,1287282214,"Call of Duty®: Mobile"
03:30,76,1453840513,"東京ディバンカー"
03:30,77,1554247785,"遊戯王 マスターデュエル"
03:30,78,666206963,"セガNET麻雀 MJ"
03:30,79,1273064549,"eFootball™ウイコレ CHAMPION SQUADS"
03:30,80,1366526331,"PUBG MOBILE - 世界一のバトルロイヤル！"
03:30,81,1358232022,"ドラゴンボール レジェンズ"
03:30,82,852882903,"グランブルーファンタジー"
03:30,83,1489932710,"プロジェクトセカイ カラフルステージ！ feat. 初音ミク"
03:30,84,1517783697,"原神～空月の歌～"
03:30,85,6741503079,"Pokémon Champions"
03:30,86,1545088576,"777Real(777リアル) パチンコ･パチスロアプリ"
03:30,87,6503603603,"ミステリータウン：マージゲーム (Mystery Town)"
03:30,88,6741469353,"プロサッカークラブをつくろう！"
03:30,89,6743205891,"聖霊伝説：最強への道"
03:30,90,6746465127,"セルサバイバー - シューティングゲーム"
03:30,91,985900455,"ドラゴンエッグ　仲間との出会い"
03:30,92,1619722298,"信長の野望 覇道"
03:30,93,1484442152,"マージマンション : パズル & ストーリー"
03:30,94,6754593077,"NTE: Neverness to Everness"
03:30,95,1032346221,"妖怪ウォッチ ぷにぷに"
03:30,96,1053012308,"クラッシュ・ロワイヤル (Clash Royale)"
03:30,97,6749109552,"X-Clash: サバイバル"
03:30,98,1020109860,"ゴールデンホイヤー スロット〜パチンコ·パチスロカジノゲーム"
03:30,99,1068378177,"遊戯王 デュエルリンクス"
03:30,100,1524742294,"三國志 真戦"
03:30,101,1521236603,"Travel Town - マージアドベンチャー"
03:30,102,1631984107,"ブルーロック Project: World Champion"
03:30,103,6742937695,"ペタペタペンギン団"
03:30,104,1537365865,"商人放浪記"
03:30,105,1556357398,"Pikmin Bloom"
03:30,106,6449094229,"マッチファクトリー(Match Factory)!"
03:30,107,1098157959,"エボニー - 王の帰還"
03:30,108,6768208688,"勇者連盟：暁の遠征"
03:30,109,1442061397,"Pokémon Masters EX"
03:30,110,6736896540,"ハローキティ：マイドリームストア"
03:30,111,6756989323,"ラストアサイラム：プレイグ"
03:30,112,895687962,"白猫プロジェクト"
03:30,113,1242186587,"アズールレーン"
03:30,114,6738469826,"この監獄ほんmoneyすぎんご"
03:30,115,1479198816,"トップウォー"
03:30,116,580399292,"真 戦国炎舞 -KIZNA-"
03:30,117,6761041344,"ドット伝説～魔王になる異世界放置RPG～"
03:30,118,878506376,"LINE POP2 - 簡単マッチ3パズルゲーム"
03:30,119,6751229187,"ドラゴンブラッド：スレイヤーズ学院（ドラガク）"
03:30,120,6618142292,"フランベシェフ：マージ＆クッキング"
03:30,121,6756044415,"今生は恋より茶に生きる"
03:30,122,6670441558,"Dark War:Survival"
03:30,123,6758927408,"弱虫ペダル レゾナンス・ぺダイズム"
03:30,124,6444043291,"Domino Dreams™"
03:30,125,6475892450,"キングダム 頂天"
03:30,126,6754603435,"どうぶつの花屋 - 本物のお花をお届け！"
03:30,127,529479190,"クラッシュ・オブ・クラン (Clash of Clans)"
03:30,128,1576831351,"ヘブンバーンズレッド"
03:30,129,6738109752,"タイルズ・サバイバル"
03:30,130,6752672568,"Block Out! - Color Sort Puzzle"
03:30,131,1663423521,"Wizardry Variants Daphne"
03:30,132,6740043080,"Screwdom : ボルトパズルゲーム"
03:30,133,1235569398,"マフィア・シティ-極道風雲"
03:30,134,6472174407,"ブレイクマイケース"
03:30,135,6504332779,"Color Block Jam"
03:30,136,6742122160,"TopTop(トップトップ): サクッと遊んで、パッと友達"
03:30,137,1565488936,"転生したらスライムだった件 魔王と竜の建国譚【まおりゅう】"
03:30,138,6755509352,"マブラヴ ガールズガーデン"
03:30,139,852912420,"サマナーズウォー X 葬送のフリーレン"
03:30,140,6479391944,"トリッカル・もちもちほっペ大作戦"
03:30,141,6445884108,"ツリーオブセイヴァー：ネバーランド"
03:30,142,6464543369,"コナステ メダルコーナー | コナミの メダルゲームが遊べる"
03:30,143,6752642477,"アークナイツ：エンドフィールド"
03:30,144,6753738566,"HUNTER×HUNTER NEN×SURVIVOR"
03:30,145,1580691683,"MLB 9イニングス Rivals 26"
03:30,146,1551798277,"呪術廻戦 ファントムパレード"
03:30,147,668300448,"SunVy Poker - サンビ・ポーカー"
03:30,148,865817969,"ポコロンダンジョンズ"
03:30,149,6755585789,"チート勇者～インベントリ攻略ゲー～RPG"
03:30,150,1160056295,"モバイル·レジェンド: Bang Bang"
03:30,151,1352887311,"新三國志：育成型戦略シミュレーションゲーム"
03:30,152,1629373124,"陰の実力者になりたくて！マスターオブガーデン"
03:30,153,6473767344,"キノコ伝説：勇者と魔法のランプ"
03:30,154,953790507,"城とドラゴン"
03:30,155,1158967485,"ヒーローウォーズ：アライアンス — アクションバトルにRPG"
03:30,156,1208396151,"キングダム 乱 -天下統一への道- 究極の戦略・戦争ゲーム"
03:30,157,6503284107,"オールインホール (All in Hole)"
03:30,158,6474962684,"レーシングマスター"
03:30,159,6590616375,"eBaseball™: MLB PRO SPIRIT"
03:30,160,6502582397,"ラグナロクX"
03:30,161,6463845521,"ティンクルスターナイツ 少女が変身する美少女バトルRPG"
03:30,162,1298368256,"コトダマン-共闘ことばRPG"
03:30,163,479516143,"Minecraft: クラフト、建築、サバイバル"
03:30,164,1509886058,"おねがい社長！"
03:30,165,895761422,"LINE バブル2"
03:30,166,1568415097,"The Ants: Underground Kingdom"
03:30,167,6448979859,"リバース：1999 - アトミックハートコラボ開催中"
03:30,168,866037912,"FINAL FANTASY Record Keeper"
03:30,169,934745962,"駅メモ！ - ステーションメモリーズ！-"
03:30,170,700626925,"剣と魔法のログレス いにしえの女神-本格MMORPG"
03:30,171,6480167901,"魔法少女まどかマギカ Magia Exedra"
03:30,172,1512321575,"Pokémon UNITE"
03:30,173,1481318779,"三國志 覇道"
03:30,174,6502942931,"P5X ペルソナ５: The Phantom X"
03:30,175,1391483863,"旦那様の一発逆転人生"
03:30,176,1326707443,"プロサッカークラブをつくろう！ロード・トゥ・ワールド"
03:30,177,1449539696,"Jリーグクラブチャンピオンシップ"
03:30,178,1483058899,"プロジェクトメイクオーバー Project Makeover"
03:30,179,985100673,"逆転オセロニア"
03:30,180,1447239134,"Ash Tale-風の大陸-"
03:30,181,6737189862,"サベージ・サバイバル：恐竜の咆哮"
03:30,182,1356980152,"スロットセブン：ジャックポットワールド、パチスロ、カジノ"
03:30,183,1485209615,"Puzzles & Conquest"
03:30,184,6502820653,"アーチャー伝説2"
03:30,185,6446389130,"パズル＆カオス"
03:30,186,496801169,"将棋ウォーズ"
03:30,187,6462012491,"ぽちゃガチョ！"
03:30,188,529996768,"Bingo Blitz™ - ビンゴゲーム"
03:30,189,694480800,"ドリフトスピリッツ"
03:30,190,640023408,"麻雀格闘倶楽部Sp |麻雀の初心者におすすめ! 麻雀ゲーム"
03:30,191,6751056652,"Pixel Flow!"
03:30,192,1616587868,"新信長の野望"
03:30,193,6748930656,"ゼンレスゾーンゼロ・クラウド版"
03:30,194,1456351581,"ラグナロク マスターズ"
03:30,195,1117841866,"エンパイア&パズル（エンパズ）：マッチ3RPG"
03:30,196,6740618570,"XP Hero(ヒーロー)): まずは世界観をのぞいてみて"
03:30,197,1462117269,"Sky 星を紡ぐ子どもたち"
03:30,198,1465196071,"櫻坂46・日向坂46 UNI'S ON AIR"
03:30,199,850417475,"キャンディークラッシュソーダ"
03:30,200,1263365153,"エバーテイル"
05:00,1,1117270703,"eFootball™"
05:00,2,6756641135,"ホロライブドリームス"
05:00,3,1164400646,"#コンパス【戦闘摂理解析システム】"
05:00,4,493470467,"パズル＆ドラゴンズ"
05:00,5,6443575749,"ホワイトアウト・サバイバル"
05:00,6,6754311241,"無職転生 〜異世界行ったら本気だす〜 【クロエコ】"
05:00,7,940320341,"プロ野球スピリッツＡ"
05:00,8,6448786147,"ラストウォー：サバイバル"
05:00,9,658511662,"モンスターストライク"
05:00,10,1176027022,"トゥーンブラスト"
05:00,11,1094591345,"Pokémon GO"
05:00,12,1623318294,"ゴシップハーバー：マージ & ストーリー"
05:00,13,1599719154,"崩壊：スターレイル"
05:00,14,1482155847,"ロイヤルマッチ（Royal Match)"
05:00,15,1517980891,"パズル&サバイバル"
05:00,16,6739554056,"キングショット"
05:00,17,6739554561,"信長の野望 真戦"
05:00,18,6472019540,"Shadowverse: Worlds Beyond"
05:00,19,1478829750,"デュエル・マスターズ プレイス"
05:00,20,6480398822,"DDFF-ファイナルファンタジーのオールスター共闘アクション"
05:00,21,1325457827,"ウマ娘 プリティーダービー"
05:00,22,1105855019,"ガーデンスケイプ (Gardenscapes)"
05:00,23,6471045672,"グルメ・ジャーニー"
05:00,24,1439417234,"ドラゴンクエストウォーク 歩く楽しみが増える位置情報ゲーム"
05:00,25,6738163891,"ヴァンピール(VAMPIR)"
05:00,26,6756994116,"イナズマイレブン クロス"
05:00,27,824116884,"ONE PIECE トレジャークルーズ"
05:00,28,1478990007,"アークナイツ"
05:00,29,6475757306,"Disney Solitaire ディズニー ソリティア"
05:00,30,1229016807,"ブロスタ"
05:00,31,1516559313,"ドラゴンクエストタクト ドラクエのタクティクスRPG"
05:00,32,1322310031,"ONE PIECE バウンティラッシュ - アクションゲーム"
05:00,33,888615473,"LINE ポコポコ：3マッチパズルゲーム"
05:00,34,1579464667,"Pokémon Sleep"
05:00,35,6746151928,"ハートピアスローライフ"
05:00,36,1312031248,"荒野行動-スマホ版バトロワ"
05:00,37,638689075,"タウンシップ (Township)"
05:00,38,1585915174,"勝利の女神：NIKKE"
05:00,39,1195621598,"ホームスケイプ (Homescapes)"
05:00,40,6503272652,"ラストZ：サバイバルシューティング"
05:00,41,6479970832,"Pokémon TCG Pocket"
05:00,42,6639605332,"パラノイズ"
05:00,43,1015521325,"Fate/Grand Order"
05:00,44,1515877221,"ブルーアーカイブ"
05:00,45,1477455989,"ディズニー ツイステッドワンダーランド"
05:00,46,6747736697,"ドラゴンクエストスマッシュグロウ ドラクエローグライトRPG"
05:00,47,724594093,"LINE：ディズニー ツムツム"
05:00,48,1376515087,"Age of Origins---ゾンビ・末日戦記"
05:00,49,6446659989,"学園アイドルマスター"
05:00,50,1044505314,"刀剣乱舞ONLINE"
05:00,51,1494428618,"あんさんぶるスターズ！！Music"
05:00,52,1611490041,"メメントモリ"
05:00,53,6755455500,"ハリウッドマージ"
05:00,54,664575829,"フィッシュダム(Fishdom)"
05:00,55,1606549505,"ロイヤルキングダム (Royal Kingdom)"
05:00,56,1347780764,"Identity V"
05:00,57,6756247422,"デジモンUP"
05:00,58,1469186379,"雀魂 -じゃんたま-"
05:00,59,6692611665,"SDガンダム ジージェネレーション エターナル"
05:00,60,553834731,"キャンディークラッシュ"
05:00,61,6737974657,"キングダム 覇道"
05:00,62,1606356401,"ゼンレスゾーンゼロ"
05:00,63,6475033368,"鳴潮 - 玄方地界へ"
05:00,64,6443755785,"シーサイド エスケープ：マージ & ストーリー"
05:00,65,1643509748,"マージクッキング テーマレストラン"
05:00,66,951627670,"ドラゴンボールZ ドッカンバトル"
05:00,67,6596745408,"ちいかわぽけっと"
05:00,68,1268959718,"七つの大罪 光と闇の交戦 : グラクロ"
05:00,69,6450953550,"トップヒーローズ: キングダムサーガ"
05:00,70,1211123727,"放置少女 - 百花繚乱の萌姫たち"
05:00,71,6744011639,"BRAVE FRONTIER LEGION"
05:00,72,547145938,"にゃんこ大戦争"
05:00,73,6740199677,"杖と剣の伝説"
05:00,74,6445906110,"モンスターハンターNow"
05:00,75,1453840513,"東京ディバンカー"
05:00,76,1554247785,"遊戯王 マスターデュエル"
05:00,77,666206963,"セガNET麻雀 MJ"
05:00,78,1287282214,"Call of Duty®: Mobile"
05:00,79,1273064549,"eFootball™ウイコレ CHAMPION SQUADS"
05:00,80,1366526331,"PUBG MOBILE - 世界一のバトルロイヤル！"
05:00,81,1358232022,"ドラゴンボール レジェンズ"
05:00,82,852882903,"グランブルーファンタジー"
05:00,83,1489932710,"プロジェクトセカイ カラフルステージ！ feat. 初音ミク"
05:00,84,1545088576,"777Real(777リアル) パチンコ･パチスロアプリ"
05:00,85,1517783697,"原神～空月の歌～"
05:00,86,6741503079,"Pokémon Champions"
05:00,87,6741469353,"プロサッカークラブをつくろう！"
05:00,88,6503603603,"ミステリータウン：マージゲーム (Mystery Town)"
05:00,89,985900455,"ドラゴンエッグ　仲間との出会い"
05:00,90,6754593077,"NTE: Neverness to Everness"
05:00,91,6746465127,"セルサバイバー - シューティングゲーム"
05:00,92,1484442152,"マージマンション : パズル & ストーリー"
05:00,93,6743205891,"聖霊伝説：最強への道"
05:00,94,1020109860,"ゴールデンホイヤー スロット〜パチンコ·パチスロカジノゲーム"
05:00,95,1521236603,"Travel Town - マージアドベンチャー"
05:00,96,1068378177,"遊戯王 デュエルリンクス"
05:00,97,1619722298,"信長の野望 覇道"
05:00,98,1053012308,"クラッシュ・ロワイヤル (Clash Royale)"
05:00,99,6742937695,"ペタペタペンギン団"
05:00,100,6749109552,"X-Clash: サバイバル"
05:00,101,1032346221,"妖怪ウォッチ ぷにぷに"
05:00,102,1631984107,"ブルーロック Project: World Champion"
05:00,103,1524742294,"三國志 真戦"
05:00,104,6736896540,"ハローキティ：マイドリームストア"
05:00,105,1242186587,"アズールレーン"
05:00,106,6768208688,"勇者連盟：暁の遠征"
05:00,107,1442061397,"Pokémon Masters EX"
05:00,108,6449094229,"マッチファクトリー(Match Factory)!"
05:00,109,895687962,"白猫プロジェクト"
05:00,110,1481318779,"三國志 覇道"
05:00,111,1537365865,"商人放浪記"
05:00,112,1479198816,"トップウォー"
05:00,113,6756989323,"ラストアサイラム：プレイグ"
05:00,114,1556357398,"Pikmin Bloom"
05:00,115,1098157959,"エボニー - 王の帰還"
05:00,116,6475892450,"キングダム 頂天"
05:00,117,1352887311,"新三國志：育成型戦略シミュレーションゲーム"
05:00,118,6444043291,"Domino Dreams™"
05:00,119,6756044415,"今生は恋より茶に生きる"
05:00,120,878506376,"LINE POP2 - 簡単マッチ3パズルゲーム"
05:00,121,580399292,"真 戦国炎舞 -KIZNA-"
05:00,122,6758927408,"弱虫ペダル レゾナンス・ぺダイズム"
05:00,123,6618142292,"フランベシェフ：マージ＆クッキング"
05:00,124,6751229187,"ドラゴンブラッド：スレイヤーズ学院（ドラガク）"
05:00,125,6761041344,"ドット伝説～魔王になる異世界放置RPG～"
05:00,126,6738469826,"この監獄ほんmoneyすぎんご"
05:00,127,6670441558,"Dark War:Survival"
05:00,128,1576831351,"ヘブンバーンズレッド"
05:00,129,668300448,"SunVy Poker - サンビ・ポーカー"
05:00,130,6755509352,"マブラヴ ガールズガーデン"
05:00,131,529479190,"クラッシュ・オブ・クラン (Clash of Clans)"
05:00,132,6754603435,"どうぶつの花屋 - 本物のお花をお届け！"
05:00,133,6740043080,"Screwdom : ボルトパズルゲーム"
05:00,134,6504332779,"Color Block Jam"
05:00,135,6752672568,"Block Out! - Color Sort Puzzle"
05:00,136,6738109752,"タイルズ・サバイバル"
05:00,137,1565488936,"転生したらスライムだった件 魔王と竜の建国譚【まおりゅう】"
05:00,138,852912420,"サマナーズウォー X 葬送のフリーレン"
05:00,139,1663423521,"Wizardry Variants Daphne"
05:00,140,6742122160,"TopTop(トップトップ): サクッと遊んで、パッと友達"
05:00,141,1580691683,"MLB 9イニングス Rivals 26"
05:00,142,865817969,"ポコロンダンジョンズ"
05:00,143,6464543369,"コナステ メダルコーナー | コナミの メダルゲームが遊べる"
05:00,144,6752642477,"アークナイツ：エンドフィールド"
05:00,145,6463845521,"ティンクルスターナイツ 少女が変身する美少女バトルRPG"
05:00,146,6479391944,"トリッカル・もちもちほっペ大作戦"
05:00,147,1551798277,"呪術廻戦 ファントムパレード"
05:00,148,6445884108,"ツリーオブセイヴァー：ネバーランド"
05:00,149,6755585789,"チート勇者～インベントリ攻略ゲー～RPG"
05:00,150,1235569398,"マフィア・シティ-極道風雲"
05:00,151,6472174407,"ブレイクマイケース"
05:00,152,6474962684,"レーシングマスター"
05:00,153,1629373124,"陰の実力者になりたくて！マスターオブガーデン"
05:00,154,1208396151,"キングダム 乱 -天下統一への道- 究極の戦略・戦争ゲーム"
05:00,155,6753738566,"HUNTER×HUNTER NEN×SURVIVOR"
05:00,156,1160056295,"モバイル·レジェンド: Bang Bang"
05:00,157,6473767344,"キノコ伝説：勇者と魔法のランプ"
05:00,158,6502942931,"P5X ペルソナ５: The Phantom X"
05:00,159,953790507,"城とドラゴン"
05:00,160,6503284107,"オールインホール (All in Hole)"
05:00,161,6590616375,"eBaseball™: MLB PRO SPIRIT"
05:00,162,700626925,"剣と魔法のログレス いにしえの女神-本格MMORPG"
05:00,163,1298368256,"コトダマン-共闘ことばRPG"
05:00,164,6448979859,"リバース：1999 - アトミックハートコラボ開催中"
05:00,165,1509886058,"おねがい社長！"
05:00,166,1512321575,"Pokémon UNITE"
05:00,167,866037912,"FINAL FANTASY Record Keeper"
05:00,168,479516143,"Minecraft: クラフト、建築、サバイバル"
05:00,169,1158967485,"ヒーローウォーズ：アライアンス — アクションバトルにRPG"
05:00,170,1483058899,"プロジェクトメイクオーバー Project Makeover"
05:00,171,1447239134,"Ash Tale-風の大陸-"
05:00,172,895761422,"LINE バブル2"
05:00,173,6502582397,"ラグナロクX"
05:00,174,6480167901,"魔法少女まどかマギカ Magia Exedra"
05:00,175,1326707443,"プロサッカークラブをつくろう！ロード・トゥ・ワールド"
05:00,176,934745962,"駅メモ！ - ステーションメモリーズ！-"
05:00,177,1449539696,"Jリーグクラブチャンピオンシップ"
05:00,178,985100673,"逆転オセロニア"
05:00,179,1568415097,"The Ants: Underground Kingdom"
05:00,180,529996768,"Bingo Blitz™ - ビンゴゲーム"
05:00,181,6737189862,"サベージ・サバイバル：恐竜の咆哮"
05:00,182,6502820653,"アーチャー伝説2"
05:00,183,1356980152,"スロットセブン：ジャックポットワールド、パチスロ、カジノ"
05:00,184,640023408,"麻雀格闘倶楽部Sp |麻雀の初心者におすすめ! 麻雀ゲーム"
05:00,185,1263365153,"エバーテイル"
05:00,186,496801169,"将棋ウォーズ"
05:00,187,6751056652,"Pixel Flow!"
05:00,188,1391483863,"旦那様の一発逆転人生"
05:00,189,6462012491,"ぽちゃガチョ！"
05:00,190,1117841866,"エンパイア&パズル（エンパズ）：マッチ3RPG"
05:00,191,1485209615,"Puzzles & Conquest"
05:00,192,694480800,"ドリフトスピリッツ"
05:00,193,6740618570,"XP Hero(ヒーロー)): まずは世界観をのぞいてみて"
05:00,194,1616587868,"新信長の野望"
05:00,195,6446389130,"パズル＆カオス"
05:00,196,6748930656,"ゼンレスゾーンゼロ・クラウド版"
05:00,197,1462117269,"Sky 星を紡ぐ子どもたち"
05:00,198,1465196071,"櫻坂46・日向坂46 UNI'S ON AIR"
05:00,199,1003168863,"BLEACH Brave Souls アニメゲーム"
05:00,200,6742771024,"AmaZeus: Merge & Shoot"
06:30,1,1117270703,"eFootball™"
06:30,2,6756641135,"ホロライブドリームス"
06:30,3,1164400646,"#コンパス【戦闘摂理解析システム】"
06:30,4,493470467,"パズル＆ドラゴンズ"
06:30,5,6443575749,"ホワイトアウト・サバイバル"
06:30,6,6754311241,"無職転生 〜異世界行ったら本気だす〜 【クロエコ】"
06:30,7,940320341,"プロ野球スピリッツＡ"
06:30,8,6448786147,"ラストウォー：サバイバル"
06:30,9,658511662,"モンスターストライク"
06:30,10,1176027022,"トゥーンブラスト"
06:30,11,1094591345,"Pokémon GO"
06:30,12,1623318294,"ゴシップハーバー：マージ & ストーリー"
06:30,13,1599719154,"崩壊：スターレイル"
06:30,14,1482155847,"ロイヤルマッチ（Royal Match)"
06:30,15,1517980891,"パズル&サバイバル"
06:30,16,6739554056,"キングショット"
06:30,17,6739554561,"信長の野望 真戦"
06:30,18,6472019540,"Shadowverse: Worlds Beyond"
06:30,19,1478829750,"デュエル・マスターズ プレイス"
06:30,20,6480398822,"DDFF-ファイナルファンタジーのオールスター共闘アクション"
06:30,21,1325457827,"ウマ娘 プリティーダービー"
06:30,22,1105855019,"ガーデンスケイプ (Gardenscapes)"
06:30,23,6471045672,"グルメ・ジャーニー"
06:30,24,1439417234,"ドラゴンクエストウォーク 歩く楽しみが増える位置情報ゲーム"
06:30,25,6738163891,"ヴァンピール(VAMPIR)"
06:30,26,6756994116,"イナズマイレブン クロス"
06:30,27,824116884,"ONE PIECE トレジャークルーズ"
06:30,28,1478990007,"アークナイツ"
06:30,29,6475757306,"Disney Solitaire ディズニー ソリティア"
06:30,30,1229016807,"ブロスタ"
06:30,31,1516559313,"ドラゴンクエストタクト ドラクエのタクティクスRPG"
06:30,32,1322310031,"ONE PIECE バウンティラッシュ - アクションゲーム"
06:30,33,888615473,"LINE ポコポコ：3マッチパズルゲーム"
06:30,34,1579464667,"Pokémon Sleep"
06:30,35,6746151928,"ハートピアスローライフ"
06:30,36,1312031248,"荒野行動-スマホ版バトロワ"
06:30,37,638689075,"タウンシップ (Township)"
06:30,38,1585915174,"勝利の女神：NIKKE"
06:30,39,1195621598,"ホームスケイプ (Homescapes)"
06:30,40,6503272652,"ラストZ：サバイバルシューティング"
06:30,41,6479970832,"Pokémon TCG Pocket"
06:30,42,6639605332,"パラノイズ"
06:30,43,1015521325,"Fate/Grand Order"
06:30,44,1515877221,"ブルーアーカイブ"
06:30,45,1477455989,"ディズニー ツイステッドワンダーランド"
06:30,46,6747736697,"ドラゴンクエストスマッシュグロウ ドラクエローグライトRPG"
06:30,47,724594093,"LINE：ディズニー ツムツム"
06:30,48,1376515087,"Age of Origins---ゾンビ・末日戦記"
06:30,49,6446659989,"学園アイドルマスター"
06:30,50,1044505314,"刀剣乱舞ONLINE"
06:30,51,1494428618,"あんさんぶるスターズ！！Music"
06:30,52,1611490041,"メメントモリ"
06:30,53,6755455500,"ハリウッドマージ"
06:30,54,664575829,"フィッシュダム(Fishdom)"
06:30,55,1606549505,"ロイヤルキングダム (Royal Kingdom)"
06:30,56,1347780764,"Identity V"
06:30,57,6756247422,"デジモンUP"
06:30,58,1469186379,"雀魂 -じゃんたま-"
06:30,59,6692611665,"SDガンダム ジージェネレーション エターナル"
06:30,60,553834731,"キャンディークラッシュ"
06:30,61,6737974657,"キングダム 覇道"
06:30,62,1606356401,"ゼンレスゾーンゼロ"
06:30,63,6475033368,"鳴潮 - 玄方地界へ"
06:30,64,6443755785,"シーサイド エスケープ：マージ & ストーリー"
06:30,65,1643509748,"マージクッキング テーマレストラン"
06:30,66,951627670,"ドラゴンボールZ ドッカンバトル"
06:30,67,6596745408,"ちいかわぽけっと"
06:30,68,1268959718,"七つの大罪 光と闇の交戦 : グラクロ"
06:30,69,6450953550,"トップヒーローズ: キングダムサーガ"
06:30,70,1211123727,"放置少女 - 百花繚乱の萌姫たち"
06:30,71,6744011639,"BRAVE FRONTIER LEGION"
06:30,72,547145938,"にゃんこ大戦争"
06:30,73,6740199677,"杖と剣の伝説"
06:30,74,6445906110,"モンスターハンターNow"
06:30,75,1453840513,"東京ディバンカー"
06:30,76,1554247785,"遊戯王 マスターデュエル"
06:30,77,666206963,"セガNET麻雀 MJ"
06:30,78,1287282214,"Call of Duty®: Mobile"
06:30,79,1273064549,"eFootball™ウイコレ CHAMPION SQUADS"
06:30,80,1366526331,"PUBG MOBILE - 世界一のバトルロイヤル！"
06:30,81,1358232022,"ドラゴンボール レジェンズ"
06:30,82,852882903,"グランブルーファンタジー"
06:30,83,1489932710,"プロジェクトセカイ カラフルステージ！ feat. 初音ミク"
06:30,84,1545088576,"777Real(777リアル) パチンコ･パチスロアプリ"
06:30,85,1517783697,"原神～空月の歌～"
06:30,86,6741503079,"Pokémon Champions"
06:30,87,6741469353,"プロサッカークラブをつくろう！"
06:30,88,6503603603,"ミステリータウン：マージゲーム (Mystery Town)"
06:30,89,985900455,"ドラゴンエッグ　仲間との出会い"
06:30,90,6754593077,"NTE: Neverness to Everness"
06:30,91,6746465127,"セルサバイバー - シューティングゲーム"
06:30,92,1484442152,"マージマンション : パズル & ストーリー"
06:30,93,6743205891,"聖霊伝説：最強への道"
06:30,94,1020109860,"ゴールデンホイヤー スロット〜パチンコ·パチスロカジノゲーム"
06:30,95,1521236603,"Travel Town - マージアドベンチャー"
06:30,96,1068378177,"遊戯王 デュエルリンクス"
06:30,97,1619722298,"信長の野望 覇道"
06:30,98,1053012308,"クラッシュ・ロワイヤル (Clash Royale)"
06:30,99,6742937695,"ペタペタペンギン団"
06:30,100,6749109552,"X-Clash: サバイバル"
06:30,101,1032346221,"妖怪ウォッチ ぷにぷに"
06:30,102,1631984107,"ブルーロック Project: World Champion"
06:30,103,1524742294,"三國志 真戦"
06:30,104,6736896540,"ハローキティ：マイドリームストア"
06:30,105,1242186587,"アズールレーン"
06:30,106,6768208688,"勇者連盟：暁の遠征"
06:30,107,1442061397,"Pokémon Masters EX"
06:30,108,6449094229,"マッチファクトリー(Match Factory)!"
06:30,109,895687962,"白猫プロジェクト"
06:30,110,1481318779,"三國志 覇道"
06:30,111,1537365865,"商人放浪記"
06:30,112,1479198816,"トップウォー"
06:30,113,6756989323,"ラストアサイラム：プレイグ"
06:30,114,1556357398,"Pikmin Bloom"
06:30,115,1098157959,"エボニー - 王の帰還"
06:30,116,6475892450,"キングダム 頂天"
06:30,117,1352887311,"新三國志：育成型戦略シミュレーションゲーム"
06:30,118,6444043291,"Domino Dreams™"
06:30,119,6756044415,"今生は恋より茶に生きる"
06:30,120,878506376,"LINE POP2 - 簡単マッチ3パズルゲーム"
06:30,121,580399292,"真 戦国炎舞 -KIZNA-"
06:30,122,6758927408,"弱虫ペダル レゾナンス・ぺダイズム"
06:30,123,6618142292,"フランベシェフ：マージ＆クッキング"
06:30,124,6751229187,"ドラゴンブラッド：スレイヤーズ学院（ドラガク）"
06:30,125,6761041344,"ドット伝説～魔王になる異世界放置RPG～"
06:30,126,6738469826,"この監獄ほんmoneyすぎんご"
06:30,127,6670441558,"Dark War:Survival"
06:30,128,1576831351,"ヘブンバーンズレッド"
06:30,129,668300448,"SunVy Poker - サンビ・ポーカー"
06:30,130,6755509352,"マブラヴ ガールズガーデン"
06:30,131,529479190,"クラッシュ・オブ・クラン (Clash of Clans)"
06:30,132,6754603435,"どうぶつの花屋 - 本物のお花をお届け！"
06:30,133,6740043080,"Screwdom : ボルトパズルゲーム"
06:30,134,6504332779,"Color Block Jam"
06:30,135,6752672568,"Block Out! - Color Sort Puzzle"
06:30,136,6738109752,"タイルズ・サバイバル"
06:30,137,1565488936,"転生したらスライムだった件 魔王と竜の建国譚【まおりゅう】"
06:30,138,852912420,"サマナーズウォー X 葬送のフリーレン"
06:30,139,1663423521,"Wizardry Variants Daphne"
06:30,140,6742122160,"TopTop(トップトップ): サクッと遊んで、パッと友達"
06:30,141,1580691683,"MLB 9イニングス Rivals 26"
06:30,142,865817969,"ポコロンダンジョンズ"
06:30,143,6464543369,"コナステ メダルコーナー | コナミの メダルゲームが遊べる"
06:30,144,6752642477,"アークナイツ：エンドフィールド"
06:30,145,6463845521,"ティンクルスターナイツ 少女が変身する美少女バトルRPG"
06:30,146,6479391944,"トリッカル・もちもちほっペ大作戦"
06:30,147,1551798277,"呪術廻戦 ファントムパレード"
06:30,148,6445884108,"ツリーオブセイヴァー：ネバーランド"
06:30,149,6755585789,"チート勇者～インベントリ攻略ゲー～RPG"
06:30,150,1235569398,"マフィア・シティ-極道風雲"
06:30,151,6472174407,"ブレイクマイケース"
06:30,152,6474962684,"レーシングマスター"
06:30,153,1629373124,"陰の実力者になりたくて！マスターオブガーデン"
06:30,154,1208396151,"キングダム 乱 -天下統一への道- 究極の戦略・戦争ゲーム"
06:30,155,6753738566,"HUNTER×HUNTER NEN×SURVIVOR"
06:30,156,1160056295,"モバイル·レジェンド: Bang Bang"
06:30,157,6473767344,"キノコ伝説：勇者と魔法のランプ"
06:30,158,6502942931,"P5X ペルソナ５: The Phantom X"
06:30,159,953790507,"城とドラゴン"
06:30,160,6503284107,"オールインホール (All in Hole)"
06:30,161,6590616375,"eBaseball™: MLB PRO SPIRIT"
06:30,162,700626925,"剣と魔法のログレス いにしえの女神-本格MMORPG"
06:30,163,1298368256,"コトダマン-共闘ことばRPG"
06:30,164,6448979859,"リバース：1999 - アトミックハートコラボ開催中"
06:30,165,1509886058,"おねがい社長！"
06:30,166,1512321575,"Pokémon UNITE"
06:30,167,866037912,"FINAL FANTASY Record Keeper"
06:30,168,479516143,"Minecraft: クラフト、建築、サバイバル"
06:30,169,1158967485,"ヒーローウォーズ：アライアンス — アクションバトルにRPG"
06:30,170,1483058899,"プロジェクトメイクオーバー Project Makeover"
06:30,171,1447239134,"Ash Tale-風の大陸-"
06:30,172,895761422,"LINE バブル2"
06:30,173,6502582397,"ラグナロクX"
06:30,174,6480167901,"魔法少女まどかマギカ Magia Exedra"
06:30,175,1326707443,"プロサッカークラブをつくろう！ロード・トゥ・ワールド"
06:30,176,934745962,"駅メモ！ - ステーションメモリーズ！-"
06:30,177,1449539696,"Jリーグクラブチャンピオンシップ"
06:30,178,985100673,"逆転オセロニア"
06:30,179,1568415097,"The Ants: Underground Kingdom"
06:30,180,529996768,"Bingo Blitz™ - ビンゴゲーム"
06:30,181,6737189862,"サベージ・サバイバル：恐竜の咆哮"
06:30,182,6502820653,"アーチャー伝説2"
06:30,183,1356980152,"スロットセブン：ジャックポットワールド、パチスロ、カジノ"
06:30,184,640023408,"麻雀格闘倶楽部Sp |麻雀の初心者におすすめ! 麻雀ゲーム"
06:30,185,1263365153,"エバーテイル"
06:30,186,496801169,"将棋ウォーズ"
06:30,187,6751056652,"Pixel Flow!"
06:30,188,1391483863,"旦那様の一発逆転人生"
06:30,189,6462012491,"ぽちゃガチョ！"
06:30,190,1117841866,"エンパイア&パズル（エンパズ）：マッチ3RPG"
06:30,191,1485209615,"Puzzles & Conquest"
06:30,192,694480800,"ドリフトスピリッツ"
06:30,193,6740618570,"XP Hero(ヒーロー)): まずは世界観をのぞいてみて"
06:30,194,1616587868,"新信長の野望"
06:30,195,6446389130,"パズル＆カオス"
06:30,196,6748930656,"ゼンレスゾーンゼロ・クラウド版"
06:30,197,1462117269,"Sky 星を紡ぐ子どもたち"
06:30,198,1465196071,"櫻坂46・日向坂46 UNI'S ON AIR"
06:30,199,1003168863,"BLEACH Brave Souls アニメゲーム"
06:30,200,6742771024,"AmaZeus: Merge & Shoot"
07:30,1,1117270703,"eFootball™"
07:30,2,6756641135,"ホロライブドリームス"
07:30,3,1164400646,"#コンパス【戦闘摂理解析システム】"
07:30,4,493470467,"パズル＆ドラゴンズ"
07:30,5,6443575749,"ホワイトアウト・サバイバル"
07:30,6,6754311241,"無職転生 〜異世界行ったら本気だす〜 【クロエコ】"
07:30,7,940320341,"プロ野球スピリッツＡ"
07:30,8,6448786147,"ラストウォー：サバイバル"
07:30,9,658511662,"モンスターストライク"
07:30,10,1176027022,"トゥーンブラスト"
07:30,11,1094591345,"Pokémon GO"
07:30,12,1623318294,"ゴシップハーバー：マージ & ストーリー"
07:30,13,1599719154,"崩壊：スターレイル"
07:30,14,1482155847,"ロイヤルマッチ（Royal Match)"
07:30,15,1517980891,"パズル&サバイバル"
07:30,16,6739554056,"キングショット"
07:30,17,6739554561,"信長の野望 真戦"
07:30,18,6472019540,"Shadowverse: Worlds Beyond"
07:30,19,1478829750,"デュエル・マスターズ プレイス"
07:30,20,6480398822,"DDFF-ファイナルファンタジーのオールスター共闘アクション"
07:30,21,1325457827,"ウマ娘 プリティーダービー"
07:30,22,1105855019,"ガーデンスケイプ (Gardenscapes)"
07:30,23,6471045672,"グルメ・ジャーニー"
07:30,24,1439417234,"ドラゴンクエストウォーク 歩く楽しみが増える位置情報ゲーム"
07:30,25,6738163891,"ヴァンピール(VAMPIR)"
07:30,26,6756994116,"イナズマイレブン クロス"
07:30,27,824116884,"ONE PIECE トレジャークルーズ"
07:30,28,1478990007,"アークナイツ"
07:30,29,6475757306,"Disney Solitaire ディズニー ソリティア"
07:30,30,1229016807,"ブロスタ"
07:30,31,1516559313,"ドラゴンクエストタクト ドラクエのタクティクスRPG"
07:30,32,1322310031,"ONE PIECE バウンティラッシュ - アクションゲーム"
07:30,33,888615473,"LINE ポコポコ：3マッチパズルゲーム"
07:30,34,1579464667,"Pokémon Sleep"
07:30,35,6746151928,"ハートピアスローライフ"
07:30,36,1312031248,"荒野行動-スマホ版バトロワ"
07:30,37,638689075,"タウンシップ (Township)"
07:30,38,1585915174,"勝利の女神：NIKKE"
07:30,39,1195621598,"ホームスケイプ (Homescapes)"
07:30,40,6503272652,"ラストZ：サバイバルシューティング"
07:30,41,6479970832,"Pokémon TCG Pocket"
07:30,42,6639605332,"パラノイズ"
07:30,43,1015521325,"Fate/Grand Order"
07:30,44,1515877221,"ブルーアーカイブ"
07:30,45,1477455989,"ディズニー ツイステッドワンダーランド"
07:30,46,6747736697,"ドラゴンクエストスマッシュグロウ ドラクエローグライトRPG"
07:30,47,724594093,"LINE：ディズニー ツムツム"
07:30,48,1376515087,"Age of Origins---ゾンビ・末日戦記"
07:30,49,6446659989,"学園アイドルマスター"
07:30,50,1044505314,"刀剣乱舞ONLINE"
07:30,51,1494428618,"あんさんぶるスターズ！！Music"
07:30,52,1611490041,"メメントモリ"
07:30,53,6755455500,"ハリウッドマージ"
07:30,54,664575829,"フィッシュダム(Fishdom)"
07:30,55,1606549505,"ロイヤルキングダム (Royal Kingdom)"
07:30,56,1347780764,"Identity V"
07:30,57,6756247422,"デジモンUP"
07:30,58,1469186379,"雀魂 -じゃんたま-"
07:30,59,6692611665,"SDガンダム ジージェネレーション エターナル"
07:30,60,553834731,"キャンディークラッシュ"
07:30,61,6737974657,"キングダム 覇道"
07:30,62,1606356401,"ゼンレスゾーンゼロ - アニバーサリー"
07:30,63,6475033368,"鳴潮 - 玄方地界へ"
07:30,64,6443755785,"シーサイド エスケープ：マージ & ストーリー"
07:30,65,1643509748,"マージクッキング テーマレストラン"
07:30,66,951627670,"ドラゴンボールZ ドッカンバトル"
07:30,67,6596745408,"ちいかわぽけっと"
07:30,68,1268959718,"七つの大罪 光と闇の交戦 : グラクロ"
07:30,69,6450953550,"トップヒーローズ: キングダムサーガ"
07:30,70,1211123727,"放置少女 - 百花繚乱の萌姫たち"
07:30,71,6744011639,"BRAVE FRONTIER LEGION"
07:30,72,547145938,"にゃんこ大戦争"
07:30,73,6740199677,"杖と剣の伝説"
07:30,74,6445906110,"モンスターハンターNow"
07:30,75,1453840513,"東京ディバンカー"
07:30,76,1554247785,"遊戯王 マスターデュエル"
07:30,77,666206963,"セガNET麻雀 MJ"
07:30,78,1287282214,"Call of Duty®: Mobile"
07:30,79,1273064549,"eFootball™ウイコレ CHAMPION SQUADS"
07:30,80,1366526331,"PUBG MOBILE - 世界一のバトルロイヤル！"
07:30,81,1358232022,"ドラゴンボール レジェンズ"
07:30,82,852882903,"グランブルーファンタジー"
07:30,83,1489932710,"プロジェクトセカイ カラフルステージ！ feat. 初音ミク"
07:30,84,1545088576,"777Real(777リアル) パチンコ･パチスロアプリ"
07:30,85,1517783697,"原神～空月の歌～"
07:30,86,6741503079,"Pokémon Champions"
07:30,87,6741469353,"プロサッカークラブをつくろう！"
07:30,88,6503603603,"ミステリータウン：マージゲーム (Mystery Town)"
07:30,89,985900455,"ドラゴンエッグ　仲間との出会い"
07:30,90,6754593077,"NTE: Neverness to Everness"
07:30,91,6746465127,"セルサバイバー - シューティングゲーム"
07:30,92,1484442152,"マージマンション : パズル & ストーリー"
07:30,93,6743205891,"聖霊伝説：最強への道"
07:30,94,1020109860,"ゴールデンホイヤー スロット〜パチンコ·パチスロカジノゲーム"
07:30,95,1521236603,"Travel Town - マージアドベンチャー"
07:30,96,1068378177,"遊戯王 デュエルリンクス"
07:30,97,1619722298,"信長の野望 覇道"
07:30,98,1053012308,"クラッシュ・ロワイヤル (Clash Royale)"
07:30,99,6742937695,"ペタペタペンギン団"
07:30,100,6749109552,"X-Clash: サバイバル"
07:30,101,1032346221,"妖怪ウォッチ ぷにぷに"
07:30,102,1631984107,"ブルーロック Project: World Champion"
07:30,103,1524742294,"三國志 真戦"
07:30,104,6736896540,"ハローキティ：マイドリームストア"
07:30,105,1242186587,"アズールレーン"
07:30,106,6768208688,"勇者連盟：暁の遠征"
07:30,107,1442061397,"Pokémon Masters EX"
07:30,108,6449094229,"マッチファクトリー(Match Factory)!"
07:30,109,895687962,"白猫プロジェクト"
07:30,110,1481318779,"三國志 覇道"
07:30,111,1537365865,"商人放浪記"
07:30,112,1479198816,"トップウォー"
07:30,113,6756989323,"ラストアサイラム：プレイグ"
07:30,114,1556357398,"Pikmin Bloom"
07:30,115,1098157959,"エボニー - 王の帰還"
07:30,116,6475892450,"キングダム 頂天"
07:30,117,1352887311,"新三國志：育成型戦略シミュレーションゲーム"
07:30,118,6444043291,"Domino Dreams™"
07:30,119,6756044415,"今生は恋より茶に生きる"
07:30,120,878506376,"LINE POP2 - 簡単マッチ3パズルゲーム"
07:30,121,580399292,"真 戦国炎舞 -KIZNA-"
07:30,122,6758927408,"弱虫ペダル レゾナンス・ぺダイズム"
07:30,123,6618142292,"フランベシェフ：マージ＆クッキング"
07:30,124,6751229187,"ドラゴンブラッド：スレイヤーズ学院（ドラガク）"
07:30,125,6761041344,"ドット伝説～魔王になる異世界放置RPG～"
07:30,126,6738469826,"この監獄ほんmoneyすぎんご"
07:30,127,6670441558,"Dark War:Survival"
07:30,128,1576831351,"ヘブンバーンズレッド"
07:30,129,668300448,"SunVy Poker - サンビ・ポーカー"
07:30,130,6755509352,"マブラヴ ガールズガーデン"
07:30,131,529479190,"クラッシュ・オブ・クラン (Clash of Clans)"
07:30,132,6754603435,"どうぶつの花屋 - 本物のお花をお届け！"
07:30,133,6740043080,"Screwdom : ボルトパズルゲーム"
07:30,134,6504332779,"Color Block Jam"
07:30,135,6752672568,"Block Out! - Color Sort Puzzle"
07:30,136,6738109752,"タイルズ・サバイバル"
07:30,137,1565488936,"転生したらスライムだった件 魔王と竜の建国譚【まおりゅう】"
07:30,138,852912420,"サマナーズウォー X 葬送のフリーレン"
07:30,139,1663423521,"Wizardry Variants Daphne"
07:30,140,6742122160,"TopTop(トップトップ): サクッと遊んで、パッと友達"
07:30,141,1580691683,"MLB 9イニングス Rivals 26"
07:30,142,865817969,"ポコロンダンジョンズ"
07:30,143,6464543369,"コナステ メダルコーナー | コナミの メダルゲームが遊べる"
07:30,144,6752642477,"アークナイツ：エンドフィールド"
07:30,145,6463845521,"ティンクルスターナイツ 少女が変身する美少女バトルRPG"
07:30,146,6479391944,"トリッカル・もちもちほっペ大作戦"
07:30,147,1551798277,"呪術廻戦 ファントムパレード"
07:30,148,6445884108,"ツリーオブセイヴァー：ネバーランド"
07:30,149,6755585789,"チート勇者～インベントリ攻略ゲー～RPG"
07:30,150,1235569398,"マフィア・シティ-極道風雲"
07:30,151,6472174407,"ブレイクマイケース"
07:30,152,6474962684,"レーシングマスター"
07:30,153,1629373124,"陰の実力者になりたくて！マスターオブガーデン"
07:30,154,1208396151,"キングダム 乱 -天下統一への道- 究極の戦略・戦争ゲーム"
07:30,155,6753738566,"HUNTER×HUNTER NEN×SURVIVOR"
07:30,156,1160056295,"モバイル·レジェンド: Bang Bang"
07:30,157,6473767344,"キノコ伝説：勇者と魔法のランプ"
07:30,158,6502942931,"P5X ペルソナ５: The Phantom X"
07:30,159,953790507,"城とドラゴン"
07:30,160,6503284107,"オールインホール (All in Hole)"
07:30,161,6590616375,"eBaseball™: MLB PRO SPIRIT"
07:30,162,700626925,"剣と魔法のログレス いにしえの女神-本格MMORPG"
07:30,163,1298368256,"コトダマン-共闘ことばRPG"
07:30,164,6448979859,"リバース：1999 - アトミックハートコラボ開催中"
07:30,165,1509886058,"おねがい社長！"
07:30,166,1512321575,"Pokémon UNITE"
07:30,167,866037912,"FINAL FANTASY Record Keeper"
07:30,168,479516143,"Minecraft: クラフト、建築、サバイバル"
07:30,169,1158967485,"ヒーローウォーズ：アライアンス — アクションバトルにRPG"
07:30,170,1483058899,"プロジェクトメイクオーバー Project Makeover"
07:30,171,1447239134,"Ash Tale-風の大陸-"
07:30,172,895761422,"LINE バブル2"
07:30,173,6502582397,"ラグナロクX"
07:30,174,6480167901,"魔法少女まどかマギカ Magia Exedra"
07:30,175,1326707443,"プロサッカークラブをつくろう！ロード・トゥ・ワールド"
07:30,176,934745962,"駅メモ！ - ステーションメモリーズ！-"
07:30,177,1449539696,"Jリーグクラブチャンピオンシップ"
07:30,178,985100673,"逆転オセロニア"
07:30,179,1568415097,"The Ants: Underground Kingdom"
07:30,180,529996768,"Bingo Blitz™ - ビンゴゲーム"
07:30,181,6737189862,"サベージ・サバイバル：恐竜の咆哮"
07:30,182,6502820653,"アーチャー伝説2"
07:30,183,1356980152,"スロットセブン：ジャックポットワールド、パチスロ、カジノ"
07:30,184,640023408,"麻雀格闘倶楽部Sp |麻雀の初心者におすすめ! 麻雀ゲーム"
07:30,185,1263365153,"エバーテイル"
07:30,186,496801169,"将棋ウォーズ"
07:30,187,6751056652,"Pixel Flow!"
07:30,188,1391483863,"旦那様の一発逆転人生"
07:30,189,6462012491,"ぽちゃガチョ！"
07:30,190,1117841866,"エンパイア&パズル（エンパズ）：マッチ3RPG"
07:30,191,1485209615,"Puzzles & Conquest"
07:30,192,694480800,"ドリフトスピリッツ"
07:30,193,6740618570,"XP Hero(ヒーロー)): まずは世界観をのぞいてみて"
07:30,194,1616587868,"新信長の野望"
07:30,195,6446389130,"パズル＆カオス"
07:30,196,6748930656,"ゼンレスゾーンゼロ・クラウド版 - アニバーサリー"
07:30,197,1462117269,"Sky 星を紡ぐ子どもたち"
07:30,198,1465196071,"櫻坂46・日向坂46 UNI'S ON AIR"
07:30,199,1003168863,"BLEACH Brave Souls アニメゲーム"
07:30,200,6742771024,"AmaZeus: Merge & Shoot"
08:30,1,1117270703,"eFootball™"
08:30,2,6756641135,"ホロライブドリームス"
08:30,3,1164400646,"#コンパス【戦闘摂理解析システム】"
08:30,4,493470467,"パズル＆ドラゴンズ"
08:30,5,6443575749,"ホワイトアウト・サバイバル"
08:30,6,6754311241,"無職転生 〜異世界行ったら本気だす〜 【クロエコ】"
08:30,7,940320341,"プロ野球スピリッツＡ"
08:30,8,6448786147,"ラストウォー：サバイバル"
08:30,9,658511662,"モンスターストライク"
08:30,10,1176027022,"トゥーンブラスト"
08:30,11,1094591345,"Pokémon GO"
08:30,12,1623318294,"ゴシップハーバー：マージ & ストーリー"
08:30,13,1599719154,"崩壊：スターレイル"
08:30,14,1482155847,"ロイヤルマッチ（Royal Match)"
08:30,15,1517980891,"パズル&サバイバル"
08:30,16,6739554056,"キングショット"
08:30,17,6739554561,"信長の野望 真戦"
08:30,18,6472019540,"Shadowverse: Worlds Beyond"
08:30,19,1478829750,"デュエル・マスターズ プレイス"
08:30,20,1325457827,"ウマ娘 プリティーダービー"
08:30,21,6480398822,"DDFF-ファイナルファンタジーのオールスター共闘アクション"
08:30,22,1105855019,"ガーデンスケイプ (Gardenscapes)"
08:30,23,6471045672,"グルメ・ジャーニー"
08:30,24,1439417234,"ドラゴンクエストウォーク 歩く楽しみが増える位置情報ゲーム"
08:30,25,6738163891,"ヴァンピール(VAMPIR)"
08:30,26,6756994116,"イナズマイレブン クロス"
08:30,27,1478990007,"アークナイツ"
08:30,28,824116884,"ONE PIECE トレジャークルーズ"
08:30,29,6475757306,"Disney Solitaire ディズニー ソリティア"
08:30,30,1322310031,"ONE PIECE バウンティラッシュ - アクションゲーム"
08:30,31,1229016807,"ブロスタ"
08:30,32,1516559313,"ドラゴンクエストタクト ドラクエのタクティクスRPG"
08:30,33,888615473,"LINE ポコポコ：3マッチパズルゲーム"
08:30,34,6746151928,"ハートピアスローライフ"
08:30,35,1579464667,"Pokémon Sleep"
08:30,36,1312031248,"荒野行動-スマホ版バトロワ"
08:30,37,1585915174,"勝利の女神：NIKKE"
08:30,38,638689075,"タウンシップ (Township)"
08:30,39,1515877221,"ブルーアーカイブ"
08:30,40,6479970832,"Pokémon TCG Pocket"
08:30,41,1195621598,"ホームスケイプ (Homescapes)"
08:30,42,6639605332,"パラノイズ"
08:30,43,1015521325,"Fate/Grand Order"
08:30,44,6503272652,"ラストZ：サバイバルシューティング"
08:30,45,1477455989,"ディズニー ツイステッドワンダーランド"
08:30,46,6747736697,"ドラゴンクエストスマッシュグロウ ドラクエローグライトRPG"
08:30,47,724594093,"LINE：ディズニー ツムツム"
08:30,48,6446659989,"学園アイドルマスター"
08:30,49,1494428618,"あんさんぶるスターズ！！Music"
08:30,50,1044505314,"刀剣乱舞ONLINE"
08:30,51,1376515087,"Age of Origins---ゾンビ・末日戦記"
08:30,52,1611490041,"メメントモリ"
08:30,53,6755455500,"ハリウッドマージ"
08:30,54,664575829,"フィッシュダム(Fishdom)"
08:30,55,1606549505,"ロイヤルキングダム (Royal Kingdom)"
08:30,56,6692611665,"SDガンダム ジージェネレーション エターナル"
08:30,57,1347780764,"Identity V"
08:30,58,1469186379,"雀魂 -じゃんたま-"
08:30,59,6756247422,"デジモンUP"
08:30,60,1606356401,"ゼンレスゾーンゼロ - アニバーサリー"
08:30,61,6737974657,"キングダム 覇道"
08:30,62,6475033368,"鳴潮 - 玄方地界へ"
08:30,63,553834731,"キャンディークラッシュ"
08:30,64,1643509748,"マージクッキング テーマレストラン"
08:30,65,6596745408,"ちいかわぽけっと"
08:30,66,6443755785,"シーサイド エスケープ：マージ & ストーリー"
08:30,67,951627670,"ドラゴンボールZ ドッカンバトル"
08:30,68,1268959718,"七つの大罪 光と闇の交戦 : グラクロ"
08:30,69,1211123727,"放置少女 - 百花繚乱の萌姫たち"
08:30,70,547145938,"にゃんこ大戦争"
08:30,71,6744011639,"BRAVE FRONTIER LEGION"
08:30,72,6450953550,"トップヒーローズ: キングダムサーガ"
08:30,73,6740199677,"杖と剣の伝説"
08:30,74,6445906110,"モンスターハンターNow"
08:30,75,1453840513,"東京ディバンカー"
08:30,76,1273064549,"eFootball™ウイコレ CHAMPION SQUADS"
08:30,77,666206963,"セガNET麻雀 MJ"
08:30,78,1554247785,"遊戯王 マスターデュエル"
08:30,79,1287282214,"Call of Duty®: Mobile"
08:30,80,1358232022,"ドラゴンボール レジェンズ"
08:30,81,852882903,"グランブルーファンタジー"
08:30,82,1366526331,"PUBG MOBILE - 世界一のバトルロイヤル！"
08:30,83,1545088576,"777Real(777リアル) パチンコ･パチスロアプリ"
08:30,84,1517783697,"原神～空月の歌～"
08:30,85,1489932710,"プロジェクトセカイ カラフルステージ！ feat. 初音ミク"
08:30,86,6741503079,"Pokémon Champions"
08:30,87,6754593077,"NTE: Neverness to Everness"
08:30,88,6741469353,"プロサッカークラブをつくろう！"
08:30,89,6503603603,"ミステリータウン：マージゲーム (Mystery Town)"
08:30,90,985900455,"ドラゴンエッグ　仲間との出会い"
08:30,91,6746465127,"セルサバイバー - シューティングゲーム"
08:30,92,6743205891,"聖霊伝説：最強への道"
08:30,93,1053012308,"クラッシュ・ロワイヤル (Clash Royale)"
08:30,94,1484442152,"マージマンション : パズル & ストーリー"
08:30,95,1020109860,"ゴールデンホイヤー スロット〜パチンコ·パチスロカジノゲーム"
08:30,96,1521236603,"Travel Town - マージアドベンチャー"
08:30,97,1068378177,"遊戯王 デュエルリンクス"
08:30,98,6742937695,"ペタペタペンギン団"
08:30,99,1631984107,"ブルーロック Project: World Champion"
08:30,100,1619722298,"信長の野望 覇道"
08:30,101,1481318779,"三國志 覇道"
08:30,102,1032346221,"妖怪ウォッチ ぷにぷに"
08:30,103,1524742294,"三國志 真戦"
08:30,104,6749109552,"X-Clash: サバイバル"
08:30,105,1242186587,"アズールレーン"
08:30,106,6736896540,"ハローキティ：マイドリームストア"
08:30,107,1479198816,"トップウォー"
08:30,108,1352887311,"新三國志：育成型戦略シミュレーションゲーム"
08:30,109,1537365865,"商人放浪記"
08:30,110,6768208688,"勇者連盟：暁の遠征"
08:30,111,895687962,"白猫プロジェクト"
08:30,112,6449094229,"マッチファクトリー(Match Factory)!"
08:30,113,1442061397,"Pokémon Masters EX"
08:30,114,6756989323,"ラストアサイラム：プレイグ"
08:30,115,6475892450,"キングダム 頂天"
08:30,116,6444043291,"Domino Dreams™"
08:30,117,1556357398,"Pikmin Bloom"
08:30,118,1098157959,"エボニー - 王の帰還"
08:30,119,6618142292,"フランベシェフ：マージ＆クッキング"
08:30,120,6756044415,"今生は恋より茶に生きる"
08:30,121,878506376,"LINE POP2 - 簡単マッチ3パズルゲーム"
08:30,122,6758927408,"弱虫ペダル レゾナンス・ぺダイズム"
08:30,123,580399292,"真 戦国炎舞 -KIZNA-"
08:30,124,6761041344,"ドット伝説～魔王になる異世界放置RPG～"
08:30,125,6751229187,"ドラゴンブラッド：スレイヤーズ学院（ドラガク）"
08:30,126,6738469826,"この監獄ほんmoneyすぎんご"
08:30,127,1576831351,"ヘブンバーンズレッド"
08:30,128,668300448,"SunVy Poker - サンビ・ポーカー"
08:30,129,6755509352,"マブラヴ ガールズガーデン"
08:30,130,6670441558,"Dark War:Survival"
08:30,131,6754603435,"どうぶつの花屋 - 本物のお花をお届け！"
08:30,132,6504332779,"Color Block Jam"
08:30,133,529479190,"クラッシュ・オブ・クラン (Clash of Clans)"
08:30,134,1565488936,"転生したらスライムだった件 魔王と竜の建国譚【まおりゅう】"
08:30,135,6740043080,"Screwdom : ボルトパズルゲーム"
08:30,136,852912420,"サマナーズウォー X 葬送のフリーレン"
08:30,137,1663423521,"Wizardry Variants Daphne"
08:30,138,6742122160,"TopTop(トップトップ): サクッと遊んで、パッと友達"
08:30,139,6752672568,"Block Out! - Color Sort Puzzle"
08:30,140,6738109752,"タイルズ・サバイバル"
08:30,141,6464543369,"コナステ メダルコーナー | コナミの メダルゲームが遊べる"
08:30,142,6479391944,"トリッカル・もちもちほっペ大作戦"
08:30,143,6463845521,"ティンクルスターナイツ 少女が変身する美少女バトルRPG"
08:30,144,1551798277,"呪術廻戦 ファントムパレード"
08:30,145,6502942931,"P5X ペルソナ５: The Phantom X"
08:30,146,6752642477,"アークナイツ：エンドフィールド"
08:30,147,6755585789,"チート勇者～インベントリ攻略ゲー～RPG"
08:30,148,865817969,"ポコロンダンジョンズ"
08:30,149,1580691683,"MLB 9イニングス Rivals 26"
08:30,150,6445884108,"ツリーオブセイヴァー：ネバーランド"
08:30,151,1629373124,"陰の実力者になりたくて！マスターオブガーデン"
08:30,152,6753738566,"HUNTER×HUNTER NEN×SURVIVOR"
08:30,153,6474962684,"レーシングマスター"
08:30,154,6472174407,"ブレイクマイケース"
08:30,155,1208396151,"キングダム 乱 -天下統一への道- 究極の戦略・戦争ゲーム"
08:30,156,1235569398,"マフィア・シティ-極道風雲"
08:30,157,953790507,"城とドラゴン"
08:30,158,6473767344,"キノコ伝説：勇者と魔法のランプ"
08:30,159,1160056295,"モバイル·レジェンド: Bang Bang"
08:30,160,6503284107,"オールインホール (All in Hole)"
08:30,161,6590616375,"eBaseball™: MLB PRO SPIRIT"
08:30,162,1298368256,"コトダマン-共闘ことばRPG"
08:30,163,700626925,"剣と魔法のログレス いにしえの女神-本格MMORPG"
08:30,164,1512321575,"Pokémon UNITE"
08:30,165,479516143,"Minecraft: クラフト、建築、サバイバル"
08:30,166,6448979859,"リバース：1999 - アトミックハートコラボ開催中"
08:30,167,1509886058,"おねがい社長！"
08:30,168,866037912,"FINAL FANTASY Record Keeper"
08:30,169,1483058899,"プロジェクトメイクオーバー Project Makeover"
08:30,170,1158967485,"ヒーローウォーズ：アライアンス — アクションバトルにRPG"
08:30,171,1447239134,"Ash Tale-風の大陸-"
08:30,172,895761422,"LINE バブル2"
08:30,173,6480167901,"魔法少女まどかマギカ Magia Exedra"
08:30,174,934745962,"駅メモ！ - ステーションメモリーズ！-"
08:30,175,6502582397,"ラグナロクX"
08:30,176,1449539696,"Jリーグクラブチャンピオンシップ"
08:30,177,1326707443,"プロサッカークラブをつくろう！ロード・トゥ・ワールド"
08:30,178,985100673,"逆転オセロニア"
08:30,179,6740618570,"XP Hero(ヒーロー)): まずは世界観をのぞいてみて"
08:30,180,529996768,"Bingo Blitz™ - ビンゴゲーム"
08:30,181,6737189862,"サベージ・サバイバル：恐竜の咆哮"
08:30,182,1568415097,"The Ants: Underground Kingdom"
08:30,183,1263365153,"エバーテイル"
08:30,184,6502820653,"アーチャー伝説2"
08:30,185,1117841866,"エンパイア&パズル（エンパズ）：マッチ3RPG"
08:30,186,640023408,"麻雀格闘倶楽部Sp |麻雀の初心者におすすめ! 麻雀ゲーム"
08:30,187,496801169,"将棋ウォーズ"
08:30,188,1356980152,"スロットセブン：ジャックポットワールド、パチスロ、カジノ"
08:30,189,6462012491,"ぽちゃガチョ！"
08:30,190,1391483863,"旦那様の一発逆転人生"
08:30,191,6751056652,"Pixel Flow!"
08:30,192,6446389130,"パズル＆カオス"
08:30,193,1616587868,"新信長の野望"
08:30,194,1462117269,"Sky 星を紡ぐ子どもたち"
08:30,195,1465196071,"櫻坂46・日向坂46 UNI'S ON AIR"
08:30,196,694480800,"ドリフトスピリッツ"
08:30,197,6748930656,"ゼンレスゾーンゼロ・クラウド版 - アニバーサリー"
08:30,198,1485209615,"Puzzles & Conquest"
08:30,199,1176070496,"君の目的はボクを殺すこと３"
08:30,200,1003168863,"BLEACH Brave Souls アニメゲーム"
10:00,1,1117270703,"eFootball™"
10:00,2,6756641135,"ホロライブドリームス"
10:00,3,1164400646,"#コンパス【戦闘摂理解析システム】"
10:00,4,493470467,"パズル＆ドラゴンズ"
10:00,5,6443575749,"ホワイトアウト・サバイバル"
10:00,6,6754311241,"無職転生 〜異世界行ったら本気だす〜 【クロエコ】"
10:00,7,940320341,"プロ野球スピリッツＡ"
10:00,8,6448786147,"ラストウォー：サバイバル"
10:00,9,658511662,"モンスターストライク"
10:00,10,1176027022,"トゥーンブラスト"
10:00,11,1094591345,"Pokémon GO"
10:00,12,1623318294,"ゴシップハーバー：マージ & ストーリー"
10:00,13,1599719154,"崩壊：スターレイル"
10:00,14,1482155847,"ロイヤルマッチ（Royal Match)"
10:00,15,1517980891,"パズル&サバイバル"
10:00,16,6739554056,"キングショット"
10:00,17,6739554561,"信長の野望 真戦"
10:00,18,6472019540,"Shadowverse: Worlds Beyond"
10:00,19,1478829750,"デュエル・マスターズ プレイス"
10:00,20,1325457827,"ウマ娘 プリティーダービー"
10:00,21,6480398822,"DDFF-ファイナルファンタジーのオールスター共闘アクション"
10:00,22,1105855019,"ガーデンスケイプ (Gardenscapes)"
10:00,23,6471045672,"グルメ・ジャーニー"
10:00,24,1439417234,"ドラゴンクエストウォーク 歩く楽しみが増える位置情報ゲーム"
10:00,25,6738163891,"ヴァンピール(VAMPIR)"
10:00,26,6756994116,"イナズマイレブン クロス"
10:00,27,1478990007,"アークナイツ"
10:00,28,824116884,"ONE PIECE トレジャークルーズ"
10:00,29,6475757306,"Disney Solitaire ディズニー ソリティア"
10:00,30,1322310031,"ONE PIECE バウンティラッシュ - アクションゲーム"
10:00,31,1229016807,"ブロスタ"
10:00,32,1516559313,"ドラゴンクエストタクト ドラクエのタクティクスRPG"
10:00,33,888615473,"LINE ポコポコ：3マッチパズルゲーム"
10:00,34,6746151928,"ハートピアスローライフ"
10:00,35,1579464667,"Pokémon Sleep"
10:00,36,1312031248,"荒野行動-スマホ版バトロワ"
10:00,37,1585915174,"勝利の女神：NIKKE"
10:00,38,638689075,"タウンシップ (Township)"
10:00,39,1515877221,"ブルーアーカイブ"
10:00,40,6479970832,"Pokémon TCG Pocket"
10:00,41,1195621598,"ホームスケイプ (Homescapes)"
10:00,42,6639605332,"パラノイズ"
10:00,43,1015521325,"Fate/Grand Order"
10:00,44,6503272652,"ラストZ：サバイバルシューティング"
10:00,45,1477455989,"ディズニー ツイステッドワンダーランド"
10:00,46,6747736697,"ドラゴンクエストスマッシュグロウ ドラクエローグライトRPG"
10:00,47,724594093,"LINE：ディズニー ツムツム"
10:00,48,6446659989,"学園アイドルマスター"
10:00,49,1494428618,"あんさんぶるスターズ！！Music"
10:00,50,1044505314,"刀剣乱舞ONLINE"
10:00,51,1376515087,"Age of Origins---ゾンビ・末日戦記"
10:00,52,1611490041,"メメントモリ"
10:00,53,6755455500,"ハリウッドマージ"
10:00,54,664575829,"フィッシュダム(Fishdom)"
10:00,55,1606549505,"ロイヤルキングダム (Royal Kingdom)"
10:00,56,6692611665,"SDガンダム ジージェネレーション エターナル"
10:00,57,1347780764,"Identity V"
10:00,58,1469186379,"雀魂 -じゃんたま-"
10:00,59,6756247422,"デジモンUP"
10:00,60,1606356401,"ゼンレスゾーンゼロ - アニバーサリー"
10:00,61,6737974657,"キングダム 覇道"
10:00,62,6475033368,"鳴潮 - 玄方地界へ"
10:00,63,553834731,"キャンディークラッシュ"
10:00,64,1643509748,"マージクッキング テーマレストラン"
10:00,65,6596745408,"ちいかわぽけっと"
10:00,66,6443755785,"シーサイド エスケープ：マージ & ストーリー"
10:00,67,951627670,"ドラゴンボールZ ドッカンバトル"
10:00,68,1268959718,"七つの大罪 光と闇の交戦 : グラクロ"
10:00,69,1211123727,"放置少女 - 百花繚乱の萌姫たち"
10:00,70,547145938,"にゃんこ大戦争"
10:00,71,6744011639,"BRAVE FRONTIER LEGION"
10:00,72,6450953550,"トップヒーローズ: キングダムサーガ"
10:00,73,6740199677,"杖と剣の伝説"
10:00,74,6445906110,"モンスターハンターNow"
10:00,75,1453840513,"東京ディバンカー"
10:00,76,1273064549,"eFootball™ウイコレ CHAMPION SQUADS"
10:00,77,666206963,"セガNET麻雀 MJ"
10:00,78,1554247785,"遊戯王 マスターデュエル"
10:00,79,1287282214,"Call of Duty®: Mobile"
10:00,80,1358232022,"ドラゴンボール レジェンズ"
10:00,81,852882903,"グランブルーファンタジー"
10:00,82,1366526331,"PUBG MOBILE - 世界一のバトルロイヤル！"
10:00,83,1545088576,"777Real(777リアル) パチンコ･パチスロアプリ"
10:00,84,1517783697,"原神～空月の歌～"
10:00,85,1489932710,"プロジェクトセカイ カラフルステージ！ feat. 初音ミク"
10:00,86,6741503079,"Pokémon Champions"
10:00,87,6754593077,"NTE: Neverness to Everness"
10:00,88,6741469353,"プロサッカークラブをつくろう！"
10:00,89,6503603603,"ミステリータウン：マージゲーム (Mystery Town)"
10:00,90,985900455,"ドラゴンエッグ　仲間との出会い"
10:00,91,6746465127,"セルサバイバー - シューティングゲーム"
10:00,92,6743205891,"聖霊伝説：最強への道"
10:00,93,1053012308,"クラッシュ・ロワイヤル (Clash Royale)"
10:00,94,1484442152,"マージマンション : パズル & ストーリー"
10:00,95,1020109860,"ゴールデンホイヤー スロット〜パチンコ·パチスロカジノゲーム"
10:00,96,1521236603,"Travel Town - マージアドベンチャー"
10:00,97,1068378177,"遊戯王 デュエルリンクス"
10:00,98,6742937695,"ペタペタペンギン団"
10:00,99,1631984107,"ブルーロック Project: World Champion"
10:00,100,1619722298,"信長の野望 覇道"
10:00,101,1481318779,"三國志 覇道"
10:00,102,1032346221,"妖怪ウォッチ ぷにぷに"
10:00,103,1524742294,"三國志 真戦"
10:00,104,6749109552,"X-Clash: サバイバル"
10:00,105,1242186587,"アズールレーン"
10:00,106,6736896540,"ハローキティ：マイドリームストア"
10:00,107,1479198816,"トップウォー"
10:00,108,1352887311,"新三國志：育成型戦略シミュレーションゲーム"
10:00,109,1537365865,"商人放浪記"
10:00,110,6768208688,"勇者連盟：暁の遠征"
10:00,111,895687962,"白猫プロジェクト"
10:00,112,6449094229,"マッチファクトリー(Match Factory)!"
10:00,113,1442061397,"Pokémon Masters EX"
10:00,114,6756989323,"ラストアサイラム：プレイグ"
10:00,115,6475892450,"キングダム 頂天"
10:00,116,6444043291,"Domino Dreams™"
10:00,117,1556357398,"Pikmin Bloom"
10:00,118,1098157959,"エボニー - 王の帰還"
10:00,119,6618142292,"フランベシェフ：マージ＆クッキング"
10:00,120,6756044415,"今生は恋より茶に生きる"
10:00,121,878506376,"LINE POP2 - 簡単マッチ3パズルゲーム"
10:00,122,6758927408,"弱虫ペダル レゾナンス・ぺダイズム"
10:00,123,580399292,"真 戦国炎舞 -KIZNA-"
10:00,124,6761041344,"ドット伝説～魔王になる異世界放置RPG～"
10:00,125,6751229187,"ドラゴンブラッド：スレイヤーズ学院（ドラガク）"
10:00,126,6738469826,"この監獄ほんmoneyすぎんご"
10:00,127,1576831351,"ヘブンバーンズレッド"
10:00,128,668300448,"SunVy Poker - サンビ・ポーカー"
10:00,129,6755509352,"マブラヴ ガールズガーデン"
10:00,130,6670441558,"Dark War:Survival"
10:00,131,6754603435,"どうぶつの花屋 - 本物のお花をお届け！"
10:00,132,6504332779,"Color Block Jam"
10:00,133,529479190,"クラッシュ・オブ・クラン (Clash of Clans)"
10:00,134,1565488936,"転生したらスライムだった件 魔王と竜の建国譚【まおりゅう】"
10:00,135,6740043080,"Screwdom : ボルトパズルゲーム"
10:00,136,852912420,"サマナーズウォー X 葬送のフリーレン"
10:00,137,1663423521,"Wizardry Variants Daphne"
10:00,138,6742122160,"TopTop(トップトップ): サクッと遊んで、パッと友達"
10:00,139,6752672568,"Block Out! - Color Sort Puzzle"
10:00,140,6738109752,"タイルズ・サバイバル"
10:00,141,6464543369,"コナステ メダルコーナー | コナミの メダルゲームが遊べる"
10:00,142,6479391944,"トリッカル・もちもちほっペ大作戦"
10:00,143,6463845521,"ティンクルスターナイツ 少女が変身する美少女バトルRPG"
10:00,144,1551798277,"呪術廻戦 ファントムパレード"
10:00,145,6502942931,"P5X ペルソナ５: The Phantom X"
10:00,146,6752642477,"アークナイツ：エンドフィールド"
10:00,147,6755585789,"チート勇者～インベントリ攻略ゲー～RPG"
10:00,148,865817969,"ポコロンダンジョンズ"
10:00,149,1580691683,"MLB 9イニングス Rivals 26"
10:00,150,6445884108,"ツリーオブセイヴァー：ネバーランド"
10:00,151,1629373124,"陰の実力者になりたくて！マスターオブガーデン"
10:00,152,6753738566,"HUNTER×HUNTER NEN×SURVIVOR"
10:00,153,6474962684,"レーシングマスター"
10:00,154,6472174407,"ブレイクマイケース"
10:00,155,1208396151,"キングダム 乱 -天下統一への道- 究極の戦略・戦争ゲーム"
10:00,156,1235569398,"マフィア・シティ-極道風雲"
10:00,157,953790507,"城とドラゴン"
10:00,158,6473767344,"キノコ伝説：勇者と魔法のランプ"
10:00,159,1160056295,"モバイル·レジェンド: Bang Bang"
10:00,160,6503284107,"オールインホール (All in Hole)"
10:00,161,6590616375,"eBaseball™: MLB PRO SPIRIT"
10:00,162,1298368256,"コトダマン-共闘ことばRPG"
10:00,163,700626925,"剣と魔法のログレス いにしえの女神-本格MMORPG"
10:00,164,1512321575,"Pokémon UNITE"
10:00,165,479516143,"Minecraft: クラフト、建築、サバイバル"
10:00,166,6448979859,"リバース：1999 - アトミックハートコラボ開催中"
10:00,167,1509886058,"おねがい社長！"
10:00,168,866037912,"FINAL FANTASY Record Keeper"
10:00,169,1483058899,"プロジェクトメイクオーバー Project Makeover"
10:00,170,1158967485,"ヒーローウォーズ：アライアンス — アクションバトルにRPG"
10:00,171,1447239134,"Ash Tale-風の大陸-"
10:00,172,895761422,"LINE バブル2"
10:00,173,6480167901,"魔法少女まどかマギカ Magia Exedra"
10:00,174,934745962,"駅メモ！ - ステーションメモリーズ！-"
10:00,175,6502582397,"ラグナロクX"
10:00,176,1449539696,"Jリーグクラブチャンピオンシップ"
10:00,177,1326707443,"プロサッカークラブをつくろう！ロード・トゥ・ワールド"
10:00,178,985100673,"逆転オセロニア"
10:00,179,6740618570,"XP Hero(ヒーロー)): まずは世界観をのぞいてみて"
10:00,180,529996768,"Bingo Blitz™ - ビンゴゲーム"
10:00,181,6737189862,"サベージ・サバイバル：恐竜の咆哮"
10:00,182,1568415097,"The Ants: Underground Kingdom"
10:00,183,1263365153,"エバーテイル"
10:00,184,6502820653,"アーチャー伝説2"
10:00,185,1117841866,"エンパイア&パズル（エンパズ）：マッチ3RPG"
10:00,186,640023408,"麻雀格闘倶楽部Sp |麻雀の初心者におすすめ! 麻雀ゲーム"
10:00,187,496801169,"将棋ウォーズ"
10:00,188,1356980152,"スロットセブン：ジャックポットワールド、パチスロ、カジノ"
10:00,189,6462012491,"ぽちゃガチョ！"
10:00,190,1391483863,"旦那様の一発逆転人生"
10:00,191,6751056652,"Pixel Flow!"
10:00,192,6446389130,"パズル＆カオス"
10:00,193,1616587868,"新信長の野望"
10:00,194,1462117269,"Sky 星を紡ぐ子どもたち"
10:00,195,1465196071,"櫻坂46・日向坂46 UNI'S ON AIR"
10:00,196,694480800,"ドリフトスピリッツ"
10:00,197,6748930656,"ゼンレスゾーンゼロ・クラウド版 - アニバーサリー"
10:00,198,1485209615,"Puzzles & Conquest"
10:00,199,1176070496,"君の目的はボクを殺すこと３"
10:00,200,1003168863,"BLEACH Brave Souls アニメゲーム"
13:30,1,1117270703,"eFootball™"
13:30,2,6756641135,"ホロライブドリームス"
13:30,3,1164400646,"#コンパス【戦闘摂理解析システム】"
13:30,4,493470467,"パズル＆ドラゴンズ"
13:30,5,6443575749,"ホワイトアウト・サバイバル"
13:30,6,6754311241,"無職転生 〜異世界行ったら本気だす〜 【クロエコ】"
13:30,7,940320341,"プロ野球スピリッツＡ"
13:30,8,6448786147,"ラストウォー：サバイバル"
13:30,9,658511662,"モンスターストライク"
13:30,10,1176027022,"トゥーンブラスト"
13:30,11,1094591345,"Pokémon GO"
13:30,12,1623318294,"ゴシップハーバー：マージ & ストーリー"
13:30,13,1599719154,"崩壊：スターレイル"
13:30,14,1482155847,"ロイヤルマッチ（Royal Match)"
13:30,15,1517980891,"パズル&サバイバル"
13:30,16,6739554056,"キングショット"
13:30,17,6739554561,"信長の野望 真戦"
13:30,18,6472019540,"Shadowverse: Worlds Beyond"
13:30,19,1325457827,"ウマ娘 プリティーダービー"
13:30,20,1478829750,"デュエル・マスターズ プレイス"
13:30,21,6480398822,"DDFF-ファイナルファンタジーのオールスター共闘アクション"
13:30,22,1105855019,"ガーデンスケイプ (Gardenscapes)"
13:30,23,6471045672,"グルメ・ジャーニー"
13:30,24,1439417234,"ドラゴンクエストウォーク 歩く楽しみが増える位置情報ゲーム"
13:30,25,6756994116,"イナズマイレブン クロス"
13:30,26,6738163891,"ヴァンピール(VAMPIR)"
13:30,27,1478990007,"アークナイツ"
13:30,28,6475757306,"Disney Solitaire ディズニー ソリティア"
13:30,29,824116884,"ONE PIECE トレジャークルーズ"
13:30,30,1322310031,"ONE PIECE バウンティラッシュ - アクションゲーム"
13:30,31,1229016807,"ブロスタ"
13:30,32,1579464667,"Pokémon Sleep"
13:30,33,1516559313,"ドラゴンクエストタクト ドラクエのタクティクスRPG"
13:30,34,888615473,"LINE ポコポコ：3マッチパズルゲーム"
13:30,35,1515877221,"ブルーアーカイブ"
13:30,36,1585915174,"勝利の女神：NIKKE"
13:30,37,6746151928,"ハートピアスローライフ"
13:30,38,6479970832,"Pokémon TCG Pocket"
13:30,39,1312031248,"荒野行動-スマホ版バトロワ"
13:30,40,638689075,"タウンシップ (Township)"
13:30,41,1195621598,"ホームスケイプ (Homescapes)"
13:30,42,6639605332,"パラノイズ"
13:30,43,1015521325,"Fate/Grand Order"
13:30,44,6503272652,"ラストZ：サバイバルシューティング"
13:30,45,6747736697,"ドラゴンクエストスマッシュグロウ ドラクエローグライトRPG"
13:30,46,724594093,"LINE：ディズニー ツムツム"
13:30,47,1477455989,"ディズニー ツイステッドワンダーランド"
13:30,48,6446659989,"学園アイドルマスター"
13:30,49,1044505314,"刀剣乱舞ONLINE"
13:30,50,1494428618,"あんさんぶるスターズ！！Music"
13:30,51,1376515087,"Age of Origins---ゾンビ・末日戦記"
13:30,52,1611490041,"メメントモリ"
13:30,53,664575829,"フィッシュダム(Fishdom)"
13:30,54,6755455500,"ハリウッドマージ"
13:30,55,1606549505,"ロイヤルキングダム (Royal Kingdom)"
13:30,56,6692611665,"SDガンダム ジージェネレーション エターナル"
13:30,57,6737974657,"キングダム 覇道"
13:30,58,1469186379,"雀魂 -じゃんたま-"
13:30,59,1347780764,"Identity V"
13:30,60,1606356401,"ゼンレスゾーンゼロ - アニバーサリー"
13:30,61,6756247422,"デジモンUP"
13:30,62,6475033368,"鳴潮 - 玄方地界へ"
13:30,63,553834731,"キャンディークラッシュ"
13:30,64,1643509748,"マージクッキング テーマレストラン"
13:30,65,6596745408,"ちいかわぽけっと"
13:30,66,6443755785,"シーサイド エスケープ：マージ & ストーリー"
13:30,67,1268959718,"七つの大罪 光と闇の交戦 : グラクロ"
13:30,68,1211123727,"放置少女 - 百花繚乱の萌姫たち"
13:30,69,951627670,"ドラゴンボールZ ドッカンバトル"
13:30,70,547145938,"にゃんこ大戦争"
13:30,71,6744011639,"BRAVE FRONTIER LEGION"
13:30,72,6450953550,"トップヒーローズ: キングダムサーガ"
13:30,73,6740199677,"杖と剣の伝説"
13:30,74,6445906110,"モンスターハンターNow"
13:30,75,666206963,"セガNET麻雀 MJ"
13:30,76,1273064549,"eFootball™ウイコレ CHAMPION SQUADS"
13:30,77,1453840513,"東京ディバンカー"
13:30,78,1554247785,"遊戯王 マスターデュエル"
13:30,79,1287282214,"Call of Duty®: Mobile"
13:30,80,852882903,"グランブルーファンタジー"
13:30,81,1358232022,"ドラゴンボール レジェンズ"
13:30,82,1545088576,"777Real(777リアル) パチンコ･パチスロアプリ"
13:30,83,1366526331,"PUBG MOBILE - 世界一のバトルロイヤル！"
13:30,84,1517783697,"原神～空月の歌～"
13:30,85,1489932710,"プロジェクトセカイ カラフルステージ！ feat. 初音ミク"
13:30,86,6754593077,"NTE: Neverness to Everness"
13:30,87,6741503079,"Pokémon Champions"
13:30,88,985900455,"ドラゴンエッグ　仲間との出会い"
13:30,89,6741469353,"プロサッカークラブをつくろう！"
13:30,90,1481318779,"三國志 覇道"
13:30,91,6746465127,"セルサバイバー - シューティングゲーム"
13:30,92,6503603603,"ミステリータウン：マージゲーム (Mystery Town)"
13:30,93,1484442152,"マージマンション : パズル & ストーリー"
13:30,94,6743205891,"聖霊伝説：最強への道"
13:30,95,1053012308,"クラッシュ・ロワイヤル (Clash Royale)"
13:30,96,6742937695,"ペタペタペンギン団"
13:30,97,1020109860,"ゴールデンホイヤー スロット〜パチンコ·パチスロカジノゲーム"
13:30,98,1068378177,"遊戯王 デュエルリンクス"
13:30,99,1521236603,"Travel Town - マージアドベンチャー"
13:30,100,1619722298,"信長の野望 覇道"
13:30,101,1631984107,"ブルーロック Project: World Champion"
13:30,102,1479198816,"トップウォー"
13:30,103,1524742294,"三國志 真戦"
13:30,104,1032346221,"妖怪ウォッチ ぷにぷに"
13:30,105,1242186587,"アズールレーン"
13:30,106,6749109552,"X-Clash: サバイバル"
13:30,107,6736896540,"ハローキティ：マイドリームストア"
13:30,108,1352887311,"新三國志：育成型戦略シミュレーションゲーム"
13:30,109,6768208688,"勇者連盟：暁の遠征"
13:30,110,1537365865,"商人放浪記"
13:30,111,895687962,"白猫プロジェクト"
13:30,112,6449094229,"マッチファクトリー(Match Factory)!"
13:30,113,6761041344,"ドット伝説～魔王になる異世界放置RPG～"
13:30,114,6756989323,"ラストアサイラム：プレイグ"
13:30,115,1442061397,"Pokémon Masters EX"
13:30,116,6475892450,"キングダム 頂天"
13:30,117,1556357398,"Pikmin Bloom"
13:30,118,6444043291,"Domino Dreams™"
13:30,119,6758927408,"弱虫ペダル レゾナンス・ぺダイズム"
13:30,120,6751229187,"ドラゴンブラッド：スレイヤーズ学院（ドラガク）"
13:30,121,878506376,"LINE POP2 - 簡単マッチ3パズルゲーム"
13:30,122,6756044415,"今生は恋より茶に生きる"
13:30,123,6618142292,"フランベシェフ：マージ＆クッキング"
13:30,124,1098157959,"エボニー - 王の帰還"
13:30,125,580399292,"真 戦国炎舞 -KIZNA-"
13:30,126,1576831351,"ヘブンバーンズレッド"
13:30,127,668300448,"SunVy Poker - サンビ・ポーカー"
13:30,128,6738469826,"この監獄ほんmoneyすぎんご"
13:30,129,6755509352,"マブラヴ ガールズガーデン"
13:30,130,1565488936,"転生したらスライムだった件 魔王と竜の建国譚【まおりゅう】"
13:30,131,852912420,"サマナーズウォー X 葬送のフリーレン"
13:30,132,6670441558,"Dark War:Survival"
13:30,133,6504332779,"Color Block Jam"
13:30,134,6754603435,"どうぶつの花屋 - 本物のお花をお届け！"
13:30,135,529479190,"クラッシュ・オブ・クラン (Clash of Clans)"
13:30,136,6479391944,"トリッカル・もちもちほっペ大作戦"
13:30,137,6740043080,"Screwdom : ボルトパズルゲーム"
13:30,138,1663423521,"Wizardry Variants Daphne"
13:30,139,6742122160,"TopTop(トップトップ): サクッと遊んで、パッと友達"
13:30,140,6752672568,"Block Out! - Color Sort Puzzle"
13:30,141,6738109752,"タイルズ・サバイバル"
13:30,142,6445884108,"ツリーオブセイヴァー：ネバーランド"
13:30,143,6463845521,"ティンクルスターナイツ 少女が変身する美少女バトルRPG"
13:30,144,1551798277,"呪術廻戦 ファントムパレード"
13:30,145,6753738566,"HUNTER×HUNTER NEN×SURVIVOR"
13:30,146,6752642477,"アークナイツ：エンドフィールド"
13:30,147,6502942931,"P5X ペルソナ５: The Phantom X"
13:30,148,865817969,"ポコロンダンジョンズ"
13:30,149,6755585789,"チート勇者～インベントリ攻略ゲー～RPG"
13:30,150,6464543369,"コナステ メダルコーナー | コナミの メダルゲームが遊べる"
13:30,151,1580691683,"MLB 9イニングス Rivals 26"
13:30,152,6474962684,"レーシングマスター"
13:30,153,1629373124,"陰の実力者になりたくて！マスターオブガーデン"
13:30,154,6473767344,"キノコ伝説：勇者と魔法のランプ"
13:30,155,1208396151,"キングダム 乱 -天下統一への道- 究極の戦略・戦争ゲーム"
13:30,156,1235569398,"マフィア・シティ-極道風雲"
13:30,157,953790507,"城とドラゴン"
13:30,158,1298368256,"コトダマン-共闘ことばRPG"
13:30,159,6590616375,"eBaseball™: MLB PRO SPIRIT"
13:30,160,6503284107,"オールインホール (All in Hole)"
13:30,161,6472174407,"ブレイクマイケース"
13:30,162,1160056295,"モバイル·レジェンド: Bang Bang"
13:30,163,1447239134,"Ash Tale-風の大陸-"
13:30,164,1512321575,"Pokémon UNITE"
13:30,165,6480167901,"魔法少女まどかマギカ Magia Exedra"
13:30,166,479516143,"Minecraft: クラフト、建築、サバイバル"
13:30,167,866037912,"FINAL FANTASY Record Keeper"
13:30,168,700626925,"剣と魔法のログレス いにしえの女神-本格MMORPG"
13:30,169,1483058899,"プロジェクトメイクオーバー Project Makeover"
13:30,170,1509886058,"おねがい社長！"
13:30,171,6448979859,"リバース：1999 - アトミックハートコラボ開催中"
13:30,172,1158967485,"ヒーローウォーズ：アライアンス — アクションバトルにRPG"
13:30,173,934745962,"駅メモ！ - ステーションメモリーズ！-"
13:30,174,895761422,"LINE バブル2"
13:30,175,1326707443,"プロサッカークラブをつくろう！ロード・トゥ・ワールド"
13:30,176,1449539696,"Jリーグクラブチャンピオンシップ"
13:30,177,985100673,"逆転オセロニア"
13:30,178,1391483863,"旦那様の一発逆転人生"
13:30,179,6740618570,"XP Hero(ヒーロー)): まずは世界観をのぞいてみて"
13:30,180,6502582397,"ラグナロクX"
13:30,181,496801169,"将棋ウォーズ"
13:30,182,529996768,"Bingo Blitz™ - ビンゴゲーム"
13:30,183,1117841866,"エンパイア&パズル（エンパズ）：マッチ3RPG"
13:30,184,1263365153,"エバーテイル"
13:30,185,6737189862,"サベージ・サバイバル：恐竜の咆哮"
13:30,186,6502820653,"アーチャー伝説2"
13:30,187,640023408,"麻雀格闘倶楽部Sp |麻雀の初心者におすすめ! 麻雀ゲーム"
13:30,188,1568415097,"The Ants: Underground Kingdom"
13:30,189,6751056652,"Pixel Flow!"
13:30,190,6446389130,"パズル＆カオス"
13:30,191,1356980152,"スロットセブン：ジャックポットワールド、パチスロ、カジノ"
13:30,192,6462012491,"ぽちゃガチョ！"
13:30,193,6444487398,"マジックカード：Locked Rings"
13:30,194,1616587868,"新信長の野望"
13:30,195,1465196071,"櫻坂46・日向坂46 UNI'S ON AIR"
13:30,196,1462117269,"Sky 星を紡ぐ子どもたち"
13:30,197,694480800,"ドリフトスピリッツ"
13:30,198,1003168863,"BLEACH Brave Souls アニメゲーム"
13:30,199,1485209615,"Puzzles & Conquest"
13:30,200,1176070496,"君の目的はボクを殺すこと３"
16:30,1,1117270703,"eFootball™"
16:30,2,6756641135,"ホロライブドリームス"
16:30,3,1606356401,"ゼンレスゾーンゼロ - アニバーサリー"
16:30,4,1164400646,"#コンパス【戦闘摂理解析システム】"
16:30,5,6443575749,"ホワイトアウト・サバイバル"
16:30,6,493470467,"パズル＆ドラゴンズ"
16:30,7,6448786147,"ラストウォー：サバイバル"
16:30,8,940320341,"プロ野球スピリッツＡ"
16:30,9,6754311241,"無職転生 〜異世界行ったら本気だす〜 【クロエコ】"
16:30,10,1176027022,"トゥーンブラスト"
16:30,11,658511662,"モンスターストライク"
16:30,12,6754593077,"NTE: Neverness to Everness"
16:30,13,1623318294,"ゴシップハーバー：マージ & ストーリー"
16:30,14,6739554056,"キングショット"
16:30,15,1094591345,"Pokémon GO"
16:30,16,1517980891,"パズル&サバイバル"
16:30,17,1482155847,"ロイヤルマッチ（Royal Match)"
16:30,18,1599719154,"崩壊：スターレイル"
16:30,19,6472019540,"Shadowverse: Worlds Beyond"
16:30,20,6739554561,"信長の野望 真戦"
16:30,21,6738163891,"ヴァンピール(VAMPIR)"
16:30,22,1478829750,"デュエル・マスターズ プレイス"
16:30,23,6748930656,"ゼンレスゾーンゼロ・クラウド版 - アニバーサリー"
16:30,24,1105855019,"ガーデンスケイプ (Gardenscapes)"
16:30,25,724594093,"LINE：ディズニー ツムツム"
16:30,26,1325457827,"ウマ娘 プリティーダービー"
16:30,27,6756994116,"イナズマイレブン クロス"
16:30,28,6471045672,"グルメ・ジャーニー"
16:30,29,1478990007,"アークナイツ"
16:30,30,6480398822,"DDFF-ファイナルファンタジーのオールスター共闘アクション"
16:30,31,1439417234,"ドラゴンクエストウォーク 歩く楽しみが増える位置情報ゲーム"
16:30,32,1322310031,"ONE PIECE バウンティラッシュ - アクションゲーム"
16:30,33,6475757306,"Disney Solitaire ディズニー ソリティア"
16:30,34,6503272652,"ラストZ：サバイバルシューティング"
16:30,35,824116884,"ONE PIECE トレジャークルーズ"
16:30,36,1515877221,"ブルーアーカイブ"
16:30,37,888615473,"LINE ポコポコ：3マッチパズルゲーム"
16:30,38,6479970832,"Pokémon TCG Pocket"
16:30,39,1229016807,"ブロスタ"
16:30,40,1585915174,"勝利の女神：NIKKE"
16:30,41,1195621598,"ホームスケイプ (Homescapes)"
16:30,42,1579464667,"Pokémon Sleep"
16:30,43,1376515087,"Age of Origins---ゾンビ・末日戦記"
16:30,44,638689075,"タウンシップ (Township)"
16:30,45,1516559313,"ドラゴンクエストタクト ドラクエのタクティクスRPG"
16:30,46,1312031248,"荒野行動-スマホ版バトロワ"
16:30,47,6746151928,"ハートピアスローライフ"
16:30,48,1015521325,"Fate/Grand Order"
16:30,49,6747736697,"ドラゴンクエストスマッシュグロウ ドラクエローグライトRPG"
16:30,50,6446659989,"学園アイドルマスター"
16:30,51,6639605332,"パラノイズ"
16:30,52,664575829,"フィッシュダム(Fishdom)"
16:30,53,1477455989,"ディズニー ツイステッドワンダーランド"
16:30,54,1606549505,"ロイヤルキングダム (Royal Kingdom)"
16:30,55,1044505314,"刀剣乱舞ONLINE"
16:30,56,6755455500,"ハリウッドマージ"
16:30,57,6443755785,"シーサイド エスケープ：マージ & ストーリー"
16:30,58,1611490041,"メメントモリ"
16:30,59,1494428618,"あんさんぶるスターズ！！Music"
16:30,60,6692611665,"SDガンダム ジージェネレーション エターナル"
16:30,61,6737974657,"キングダム 覇道"
16:30,62,6740199677,"杖と剣の伝説"
16:30,63,6475033368,"鳴潮 - 玄方地界へ"
16:30,64,553834731,"キャンディークラッシュ"
16:30,65,1643509748,"マージクッキング テーマレストラン"
16:30,66,1469186379,"雀魂 -じゃんたま-"
16:30,67,1347780764,"Identity V"
16:30,68,547145938,"にゃんこ大戦争"
16:30,69,6596745408,"ちいかわぽけっと"
16:30,70,6756247422,"デジモンUP"
16:30,71,6590616375,"eBaseball™: MLB PRO SPIRIT"
16:30,72,1268959718,"七つの大罪 光と闇の交戦 : グラクロ"
16:30,73,6450953550,"トップヒーローズ: キングダムサーガ"
16:30,74,666206963,"セガNET麻雀 MJ"
16:30,75,1211123727,"放置少女 - 百花繚乱の萌姫たち"
16:30,76,6445906110,"モンスターハンターNow"
16:30,77,951627670,"ドラゴンボールZ ドッカンバトル"
16:30,78,6744011639,"BRAVE FRONTIER LEGION"
16:30,79,6503810263,"鋼嵐 - メカラシ"
16:30,80,1481318779,"三國志 覇道"
16:30,81,1366526331,"PUBG MOBILE - 世界一のバトルロイヤル！"
16:30,82,1287282214,"Call of Duty®: Mobile"
16:30,83,1273064549,"eFootball™ウイコレ CHAMPION SQUADS"
16:30,84,1554247785,"遊戯王 マスターデュエル"
16:30,85,6503603603,"ミステリータウン：マージゲーム (Mystery Town)"
16:30,86,1517783697,"原神～空月の歌～"
16:30,87,852882903,"グランブルーファンタジー"
16:30,88,6741503079,"Pokémon Champions"
16:30,89,1453840513,"東京ディバンカー"
16:30,90,1489932710,"プロジェクトセカイ カラフルステージ！ feat. 初音ミク"
16:30,91,1545088576,"777Real(777リアル) パチンコ･パチスロアプリ"
16:30,92,6746465127,"セルサバイバー - シューティングゲーム"
16:30,93,1358232022,"ドラゴンボール レジェンズ"
16:30,94,6741469353,"プロサッカークラブをつくろう！"
16:30,95,1484442152,"マージマンション : パズル & ストーリー"
16:30,96,985900455,"ドラゴンエッグ　仲間との出会い"
16:30,97,1053012308,"クラッシュ・ロワイヤル (Clash Royale)"
16:30,98,6742937695,"ペタペタペンギン団"
16:30,99,6761041344,"ドット伝説～魔王になる異世界放置RPG～"
16:30,100,1020109860,"ゴールデンホイヤー スロット〜パチンコ·パチスロカジノゲーム"
16:30,101,6743205891,"聖霊伝説：最強への道"
16:30,102,6749109552,"X-Clash: サバイバル"
16:30,103,1242186587,"アズールレーン"
16:30,104,6756989323,"ラストアサイラム：プレイグ"
16:30,105,1521236603,"Travel Town - マージアドベンチャー"
16:30,106,6768208688,"勇者連盟：暁の遠征"
16:30,107,1631984107,"ブルーロック Project: World Champion"
16:30,108,1479198816,"トップウォー"
16:30,109,1352887311,"新三國志：育成型戦略シミュレーションゲーム"
16:30,110,1556357398,"Pikmin Bloom"
16:30,111,1068378177,"遊戯王 デュエルリンクス"
16:30,112,1524742294,"三國志 真戦"
16:30,113,1032346221,"妖怪ウォッチ ぷにぷに"
16:30,114,492075888,"暴走列伝 単車の虎"
16:30,115,6736896540,"ハローキティ：マイドリームストア"
16:30,116,1537365865,"商人放浪記"
16:30,117,6449094229,"マッチファクトリー(Match Factory)!"
16:30,118,529479190,"クラッシュ・オブ・クラン (Clash of Clans)"
16:30,119,6756044415,"今生は恋より茶に生きる"
16:30,120,895687962,"白猫プロジェクト"
16:30,121,6738469826,"この監獄ほんmoneyすぎんご"
16:30,122,6444043291,"Domino Dreams™"
16:30,123,6618142292,"フランベシェフ：マージ＆クッキング"
16:30,124,1565488936,"転生したらスライムだった件 魔王と竜の建国譚【まおりゅう】"
16:30,125,878506376,"LINE POP2 - 簡単マッチ3パズルゲーム"
16:30,126,6504332779,"Color Block Jam"
16:30,127,1619722298,"信長の野望 覇道"
16:30,128,6751229187,"ドラゴンブラッド：スレイヤーズ学院（ドラガク）"
16:30,129,6670441558,"Dark War:Survival"
16:30,130,1098157959,"エボニー - 王の帰還"
16:30,131,1576831351,"ヘブンバーンズレッド"
16:30,132,6758927408,"弱虫ペダル レゾナンス・ぺダイズム"
16:30,133,6479391944,"トリッカル・もちもちほっペ大作戦"
16:30,134,1158967485,"ヒーローウォーズ：アライアンス — アクションバトルにRPG"
16:30,135,6738109752,"タイルズ・サバイバル"
16:30,136,6445884108,"ツリーオブセイヴァー：ネバーランド"
16:30,137,1442061397,"Pokémon Masters EX"
16:30,138,6475892450,"キングダム 頂天"
16:30,139,6755585789,"チート勇者～インベントリ攻略ゲー～RPG"
16:30,140,668300448,"SunVy Poker - サンビ・ポーカー"
16:30,141,6754603435,"どうぶつの花屋 - 本物のお花をお届け！"
16:30,142,6752672568,"Block Out! - Color Sort Puzzle"
16:30,143,6753738566,"HUNTER×HUNTER NEN×SURVIVOR"
16:30,144,1235569398,"マフィア・シティ-極道風雲"
16:30,145,6755509352,"マブラヴ ガールズガーデン"
16:30,146,6740043080,"Screwdom : ボルトパズルゲーム"
16:30,147,852912420,"サマナーズウォー X 葬送のフリーレン"
16:30,148,1663423521,"Wizardry Variants Daphne"
16:30,149,953790507,"城とドラゴン"
16:30,150,580399292,"真 戦国炎舞 -KIZNA-"
16:30,151,6742122160,"TopTop(トップトップ): サクッと遊んで、パッと友達"
16:30,152,6502942931,"P5X ペルソナ５: The Phantom X"
16:30,153,6463845521,"ティンクルスターナイツ 少女が変身する美少女バトルRPG"
16:30,154,1208396151,"キングダム 乱 -天下統一への道- 究極の戦略・戦争ゲーム"
16:30,155,1551798277,"呪術廻戦 ファントムパレード"
16:30,156,6473767344,"キノコ伝説：勇者と魔法のランプ"
16:30,157,921022358,"スター・ウォーズ／銀河の英雄"
16:30,158,1483058899,"プロジェクトメイクオーバー Project Makeover"
16:30,159,1629373124,"陰の実力者になりたくて！マスターオブガーデン"
16:30,160,1568415097,"The Ants: Underground Kingdom"
16:30,161,6503284107,"オールインホール (All in Hole)"
16:30,162,6464543369,"コナステ メダルコーナー | コナミの メダルゲームが遊べる"
16:30,163,6474962684,"レーシングマスター"
16:30,164,1391483863,"旦那様の一発逆転人生"
16:30,165,1298368256,"コトダマン-共闘ことばRPG"
16:30,166,895761422,"LINE バブル2"
16:30,167,6752642477,"アークナイツ：エンドフィールド"
16:30,168,6737189862,"サベージ・サバイバル：恐竜の咆哮"
16:30,169,1580691683,"MLB 9イニングス Rivals 26"
16:30,170,479516143,"Minecraft: クラフト、建築、サバイバル"
16:30,171,496801169,"将棋ウォーズ"
16:30,172,865817969,"ポコロンダンジョンズ"
16:30,173,1509886058,"おねがい社長！"
16:30,174,6480167901,"魔法少女まどかマギカ Magia Exedra"
16:30,175,934745962,"駅メモ！ - ステーションメモリーズ！-"
16:30,176,1160056295,"モバイル·レジェンド: Bang Bang"
16:30,177,866037912,"FINAL FANTASY Record Keeper"
16:30,178,1447239134,"Ash Tale-風の大陸-"
16:30,179,1561574979,"機動戦士ガンダム U.C. ENGAGE"
16:30,180,1512321575,"Pokémon UNITE"
16:30,181,1326707443,"プロサッカークラブをつくろう！ロード・トゥ・ワールド"
16:30,182,985100673,"逆転オセロニア"
16:30,183,6446389130,"パズル＆カオス"
16:30,184,6444487398,"マジックカード：Locked Rings"
16:30,185,6502820653,"アーチャー伝説2"
16:30,186,6751056652,"Pixel Flow!"
16:30,187,6448979859,"リバース：1999 - アトミックハートコラボ開催中"
16:30,188,6747801226,"ドラゲナイ：竜騎士学園"
16:30,189,6740618570,"XP Hero(ヒーロー)): まずは世界観をのぞいてみて"
16:30,190,938506958,"実況パワフルプロ野球"
16:30,191,1485209615,"Puzzles & Conquest"
16:30,192,6472174407,"ブレイクマイケース"
16:30,193,694480800,"ドリフトスピリッツ"
16:30,194,1449539696,"Jリーグクラブチャンピオンシップ"
16:30,195,529996768,"Bingo Blitz™ - ビンゴゲーム"
16:30,196,1596737038,"Echocalypse -緋紅の神約-"
16:30,197,640023408,"麻雀格闘倶楽部Sp |麻雀の初心者におすすめ! 麻雀ゲーム"
16:30,198,963067330,"クッキーラン : オーブンブレイク"
16:30,199,1462117269,"Sky 星を紡ぐ子どもたち"
16:30,200,1279229094,"乃木坂46リズムフェスティバル"
19:00,1,1117270703,"eFootball™"
19:00,2,6756641135,"ホロライブドリームス"
19:00,3,1606356401,"ゼンレスゾーンゼロ - アニバーサリー"
19:00,4,6443575749,"ホワイトアウト・サバイバル"
19:00,5,1164400646,"#コンパス【戦闘摂理解析システム】"
19:00,6,493470467,"パズル＆ドラゴンズ"
19:00,7,1322310031,"ONE PIECE バウンティラッシュ - アクションゲーム"
19:00,8,6448786147,"ラストウォー：サバイバル"
19:00,9,940320341,"プロ野球スピリッツＡ"
19:00,10,1176027022,"トゥーンブラスト"
19:00,11,6754311241,"無職転生 〜異世界行ったら本気だす〜 【クロエコ】"
19:00,12,6754593077,"NTE: Neverness to Everness"
19:00,13,658511662,"モンスターストライク"
19:00,14,1623318294,"ゴシップハーバー：マージ & ストーリー"
19:00,15,6739554056,"キングショット"
19:00,16,1094591345,"Pokémon GO"
19:00,17,1517980891,"パズル&サバイバル"
19:00,18,1482155847,"ロイヤルマッチ（Royal Match)"
19:00,19,1599719154,"崩壊：スターレイル"
19:00,20,951627670,"ドラゴンボールZ ドッカンバトル"
19:00,21,6748930656,"ゼンレスゾーンゼロ・クラウド版 - アニバーサリー"
19:00,22,6472019540,"Shadowverse: Worlds Beyond"
19:00,23,724594093,"LINE：ディズニー ツムツム"
19:00,24,6738163891,"ヴァンピール(VAMPIR)"
19:00,25,1105855019,"ガーデンスケイプ (Gardenscapes)"
19:00,26,6739554561,"信長の野望 真戦"
19:00,27,1478829750,"デュエル・マスターズ プレイス"
19:00,28,1325457827,"ウマ娘 プリティーダービー"
19:00,29,6756994116,"イナズマイレブン クロス"
19:00,30,1478990007,"アークナイツ"
19:00,31,6471045672,"グルメ・ジャーニー"
19:00,32,6480398822,"DDFF-ファイナルファンタジーのオールスター共闘アクション"
19:00,33,6475757306,"Disney Solitaire ディズニー ソリティア"
19:00,34,1439417234,"ドラゴンクエストウォーク 歩く楽しみが増える位置情報ゲーム"
19:00,35,6503272652,"ラストZ：サバイバルシューティング"
19:00,36,888615473,"LINE ポコポコ：3マッチパズルゲーム"
19:00,37,824116884,"ONE PIECE トレジャークルーズ"
19:00,38,6479970832,"Pokémon TCG Pocket"
19:00,39,1229016807,"ブロスタ"
19:00,40,1585915174,"勝利の女神：NIKKE"
19:00,41,1195621598,"ホームスケイプ (Homescapes)"
19:00,42,638689075,"タウンシップ (Township)"
19:00,43,1515877221,"ブルーアーカイブ"
19:00,44,1579464667,"Pokémon Sleep"
19:00,45,1376515087,"Age of Origins---ゾンビ・末日戦記"
19:00,46,1312031248,"荒野行動-スマホ版バトロワ"
19:00,47,6746151928,"ハートピアスローライフ"
19:00,48,1358232022,"ドラゴンボール レジェンズ"
19:00,49,1516559313,"ドラゴンクエストタクト ドラクエのタクティクスRPG"
19:00,50,1015521325,"Fate/Grand Order"
19:00,51,6747736697,"ドラゴンクエストスマッシュグロウ ドラクエローグライトRPG"
19:00,52,6446659989,"学園アイドルマスター"
19:00,53,6639605332,"パラノイズ"
19:00,54,1606549505,"ロイヤルキングダム (Royal Kingdom)"
19:00,55,6741469353,"プロサッカークラブをつくろう！"
19:00,56,6443755785,"シーサイド エスケープ：マージ & ストーリー"
19:00,57,664575829,"フィッシュダム(Fishdom)"
19:00,58,1477455989,"ディズニー ツイステッドワンダーランド"
19:00,59,6590616375,"eBaseball™: MLB PRO SPIRIT"
19:00,60,6755455500,"ハリウッドマージ"
19:00,61,1494428618,"あんさんぶるスターズ！！Music"
19:00,62,1044505314,"刀剣乱舞ONLINE"
19:00,63,1611490041,"メメントモリ"
19:00,64,6475033368,"鳴潮 - 玄方地界へ"
19:00,65,6692611665,"SDガンダム ジージェネレーション エターナル"
19:00,66,553834731,"キャンディークラッシュ"
19:00,67,6737974657,"キングダム 覇道"
19:00,68,6740199677,"杖と剣の伝説"
19:00,69,1643509748,"マージクッキング テーマレストラン"
19:00,70,1347780764,"Identity V"
19:00,71,547145938,"にゃんこ大戦争"
19:00,72,6756247422,"デジモンUP"
19:00,73,6596745408,"ちいかわぽけっと"
19:00,74,1469186379,"雀魂 -じゃんたま-"
19:00,75,666206963,"セガNET麻雀 MJ"
19:00,76,6450953550,"トップヒーローズ: キングダムサーガ"
19:00,77,1268959718,"七つの大罪 光と闇の交戦 : グラクロ"
19:00,78,6445906110,"モンスターハンターNow"
19:00,79,1211123727,"放置少女 - 百花繚乱の萌姫たち"
19:00,80,6503810263,"鋼嵐 - メカラシ"
19:00,81,1366526331,"PUBG MOBILE - 世界一のバトルロイヤル！"
19:00,82,1481318779,"三國志 覇道"
19:00,83,6503603603,"ミステリータウン：マージゲーム (Mystery Town)"
19:00,84,1273064549,"eFootball™ウイコレ CHAMPION SQUADS"
19:00,85,6741503079,"Pokémon Champions"
19:00,86,1287282214,"Call of Duty®: Mobile"
19:00,87,1517783697,"原神～空月の歌～"
19:00,88,6450660247,"黒子のバスケ Street Rivals"
19:00,89,1554247785,"遊戯王 マスターデュエル"
19:00,90,6746465127,"セルサバイバー - シューティングゲーム"
19:00,91,6744011639,"BRAVE FRONTIER LEGION"
19:00,92,852882903,"グランブルーファンタジー"
19:00,93,1489932710,"プロジェクトセカイ カラフルステージ！ feat. 初音ミク"
19:00,94,1453840513,"東京ディバンカー"
19:00,95,1545088576,"777Real(777リアル) パチンコ･パチスロアプリ"
19:00,96,1484442152,"マージマンション : パズル & ストーリー"
19:00,97,1053012308,"クラッシュ・ロワイヤル (Clash Royale)"
19:00,98,6749109552,"X-Clash: サバイバル"
19:00,99,985900455,"ドラゴンエッグ　仲間との出会い"
19:00,100,492075888,"暴走列伝 単車の虎"
19:00,101,1479198816,"トップウォー"
19:00,102,6761041344,"ドット伝説～魔王になる異世界放置RPG～"
19:00,103,1020109860,"ゴールデンホイヤー スロット〜パチンコ·パチスロカジノゲーム"
19:00,104,6743205891,"聖霊伝説：最強への道"
19:00,105,6768208688,"勇者連盟：暁の遠征"
19:00,106,6756989323,"ラストアサイラム：プレイグ"
19:00,107,6742937695,"ペタペタペンギン団"
19:00,108,1242186587,"アズールレーン"
19:00,109,1556357398,"Pikmin Bloom"
19:00,110,1521236603,"Travel Town - マージアドベンチャー"
19:00,111,1631984107,"ブルーロック Project: World Champion"
19:00,112,6449094229,"マッチファクトリー(Match Factory)!"
19:00,113,1447239134,"Ash Tale-風の大陸-"
19:00,114,1524742294,"三國志 真戦"
19:00,115,6444043291,"Domino Dreams™"
19:00,116,6618142292,"フランベシェフ：マージ＆クッキング"
19:00,117,1032346221,"妖怪ウォッチ ぷにぷに"
19:00,118,1352887311,"新三國志：育成型戦略シミュレーションゲーム"
19:00,119,1068378177,"遊戯王 デュエルリンクス"
19:00,120,6756044415,"今生は恋より茶に生きる"
19:00,121,6736896540,"ハローキティ：マイドリームストア"
19:00,122,1565488936,"転生したらスライムだった件 魔王と竜の建国譚【まおりゅう】"
19:00,123,6504332779,"Color Block Jam"
19:00,124,878506376,"LINE POP2 - 簡単マッチ3パズルゲーム"
19:00,125,529479190,"クラッシュ・オブ・クラン (Clash of Clans)"
19:00,126,6738469826,"この監獄ほんmoneyすぎんご"
19:00,127,1442061397,"Pokémon Masters EX"
19:00,128,895687962,"白猫プロジェクト"
19:00,129,1158967485,"ヒーローウォーズ：アライアンス — アクションバトルにRPG"
19:00,130,6670441558,"Dark War:Survival"
19:00,131,1537365865,"商人放浪記"
19:00,132,6738109752,"タイルズ・サバイバル"
19:00,133,1576831351,"ヘブンバーンズレッド"
19:00,134,6755585789,"チート勇者～インベントリ攻略ゲー～RPG"
19:00,135,1098157959,"エボニー - 王の帰還"
19:00,136,6752672568,"Block Out! - Color Sort Puzzle"
19:00,137,6758927408,"弱虫ペダル レゾナンス・ぺダイズム"
19:00,138,6751229187,"ドラゴンブラッド：スレイヤーズ学院（ドラガク）"
19:00,139,6475892450,"キングダム 頂天"
19:00,140,6740043080,"Screwdom : ボルトパズルゲーム"
19:00,141,6753738566,"HUNTER×HUNTER NEN×SURVIVOR"
19:00,142,6479391944,"トリッカル・もちもちほっペ大作戦"
19:00,143,6755509352,"マブラヴ ガールズガーデン"
19:00,144,668300448,"SunVy Poker - サンビ・ポーカー"
19:00,145,1619722298,"信長の野望 覇道"
19:00,146,6445884108,"ツリーオブセイヴァー：ネバーランド"
19:00,147,852912420,"サマナーズウォー X 葬送のフリーレン"
19:00,148,1235569398,"マフィア・シティ-極道風雲"
19:00,149,1551798277,"呪術廻戦 ファントムパレード"
19:00,150,6754603435,"どうぶつの花屋 - 本物のお花をお届け！"
19:00,151,1483058899,"プロジェクトメイクオーバー Project Makeover"
19:00,152,953790507,"城とドラゴン"
19:00,153,1561574979,"機動戦士ガンダム U.C. ENGAGE"
19:00,154,1629373124,"陰の実力者になりたくて！マスターオブガーデン"
19:00,155,1663423521,"Wizardry Variants Daphne"
19:00,156,479516143,"Minecraft: クラフト、建築、サバイバル"
19:00,157,921022358,"スター・ウォーズ／銀河の英雄"
19:00,158,6503284107,"オールインホール (All in Hole)"
19:00,159,6742122160,"TopTop(トップトップ): サクッと遊んで、パッと友達"
19:00,160,6474962684,"レーシングマスター"
19:00,161,895761422,"LINE バブル2"
19:00,162,6464543369,"コナステ メダルコーナー | コナミの メダルゲームが遊べる"
19:00,163,6752642477,"アークナイツ：エンドフィールド"
19:00,164,6473767344,"キノコ伝説：勇者と魔法のランプ"
19:00,165,580399292,"真 戦国炎舞 -KIZNA-"
19:00,166,6502582397,"ラグナロクX"
19:00,167,6463845521,"ティンクルスターナイツ 少女が変身する美少女バトルRPG"
19:00,168,496801169,"将棋ウォーズ"
19:00,169,6502942931,"P5X ペルソナ５: The Phantom X"
19:00,170,6737189862,"サベージ・サバイバル：恐竜の咆哮"
19:00,171,6480167901,"魔法少女まどかマギカ Magia Exedra"
19:00,172,963067330,"クッキーラン : オーブンブレイク"
19:00,173,1568415097,"The Ants: Underground Kingdom"
19:00,174,1208396151,"キングダム 乱 -天下統一への道- 究極の戦略・戦争ゲーム"
19:00,175,6446389130,"パズル＆カオス"
19:00,176,1298368256,"コトダマン-共闘ことばRPG"
19:00,177,1391483863,"旦那様の一発逆転人生"
19:00,178,1580691683,"MLB 9イニングス Rivals 26"
19:00,179,1512321575,"Pokémon UNITE"
19:00,180,934745962,"駅メモ！ - ステーションメモリーズ！-"
19:00,181,865817969,"ポコロンダンジョンズ"
19:00,182,6444487398,"マジックカード：Locked Rings"
19:00,183,1160056295,"モバイル·レジェンド: Bang Bang"
19:00,184,1356980152,"スロットセブン：ジャックポットワールド、パチスロ、カジノ"
19:00,185,6502820653,"アーチャー伝説2"
19:00,186,938506958,"実況パワフルプロ野球"
19:00,187,1552206075,"ドゥームズデイ：オデュッセウスの帰還"
19:00,188,6751056652,"Pixel Flow!"
19:00,189,1509886058,"おねがい社長！"
19:00,190,985100673,"逆転オセロニア"
19:00,191,529996768,"Bingo Blitz™ - ビンゴゲーム"
19:00,192,6740618570,"XP Hero(ヒーロー)): まずは世界観をのぞいてみて"
19:00,193,1485209615,"Puzzles & Conquest"
19:00,194,866037912,"FINAL FANTASY Record Keeper"
19:00,195,6448979859,"リバース：1999 - アトミックハートコラボ開催中"
19:00,196,1462117269,"Sky 星を紡ぐ子どもたち"
19:00,197,1449539696,"Jリーグクラブチャンピオンシップ"
19:00,198,640023408,"麻雀格闘倶楽部Sp |麻雀の初心者におすすめ! 麻雀ゲーム"
19:00,199,1279229094,"乃木坂46リズムフェスティバル"
19:00,200,1326707443,"プロサッカークラブをつくろう！ロード・トゥ・ワールド"
21:00,1,1117270703,"eFootball™"
21:00,2,6756641135,"ホロライブドリームス"
21:00,3,1606356401,"ゼンレスゾーンゼロ - アニバーサリー"
21:00,4,6443575749,"ホワイトアウト・サバイバル"
21:00,5,1164400646,"#コンパス【戦闘摂理解析システム】"
21:00,6,493470467,"パズル＆ドラゴンズ"
21:00,7,1322310031,"ONE PIECE バウンティラッシュ - アクションゲーム"
21:00,8,6448786147,"ラストウォー：サバイバル"
21:00,9,940320341,"プロ野球スピリッツＡ"
21:00,10,1176027022,"トゥーンブラスト"
21:00,11,6754311241,"無職転生 〜異世界行ったら本気だす〜 【クロエコ】"
21:00,12,6754593077,"NTE: Neverness to Everness"
21:00,13,658511662,"モンスターストライク"
21:00,14,1623318294,"ゴシップハーバー：マージ & ストーリー"
21:00,15,6739554056,"キングショット"
21:00,16,1094591345,"Pokémon GO"
21:00,17,1517980891,"パズル&サバイバル"
21:00,18,1482155847,"ロイヤルマッチ（Royal Match)"
21:00,19,1599719154,"崩壊：スターレイル"
21:00,20,951627670,"ドラゴンボールZ ドッカンバトル"
21:00,21,6748930656,"ゼンレスゾーンゼロ・クラウド版 - アニバーサリー"
21:00,22,6472019540,"Shadowverse: Worlds Beyond"
21:00,23,724594093,"LINE：ディズニー ツムツム"
21:00,24,6738163891,"ヴァンピール(VAMPIR)"
21:00,25,1105855019,"ガーデンスケイプ (Gardenscapes)"
21:00,26,6739554561,"信長の野望 真戦"
21:00,27,1478829750,"デュエル・マスターズ プレイス"
21:00,28,1325457827,"ウマ娘 プリティーダービー"
21:00,29,6756994116,"イナズマイレブン クロス"
21:00,30,1478990007,"アークナイツ"
21:00,31,6471045672,"グルメ・ジャーニー"
21:00,32,6480398822,"DDFF-ファイナルファンタジーのオールスター共闘アクション"
21:00,33,6475757306,"Disney Solitaire ディズニー ソリティア"
21:00,34,1439417234,"ドラゴンクエストウォーク 歩く楽しみが増える位置情報ゲーム"
21:00,35,6503272652,"ラストZ：サバイバルシューティング"
21:00,36,888615473,"LINE ポコポコ：3マッチパズルゲーム"
21:00,37,824116884,"ONE PIECE トレジャークルーズ"
21:00,38,6479970832,"Pokémon TCG Pocket"
21:00,39,1229016807,"ブロスタ"
21:00,40,1585915174,"勝利の女神：NIKKE"
21:00,41,1195621598,"ホームスケイプ (Homescapes)"
21:00,42,638689075,"タウンシップ (Township)"
21:00,43,1515877221,"ブルーアーカイブ"
21:00,44,1579464667,"Pokémon Sleep"
21:00,45,1376515087,"Age of Origins---ゾンビ・末日戦記"
21:00,46,1312031248,"荒野行動-スマホ版バトロワ"
21:00,47,6746151928,"ハートピアスローライフ"
21:00,48,1358232022,"ドラゴンボール レジェンズ"
21:00,49,1516559313,"ドラゴンクエストタクト ドラクエのタクティクスRPG"
21:00,50,1015521325,"Fate/Grand Order"
21:00,51,6747736697,"ドラゴンクエストスマッシュグロウ ドラクエローグライトRPG"
21:00,52,6446659989,"学園アイドルマスター"
21:00,53,6639605332,"パラノイズ"
21:00,54,1606549505,"ロイヤルキングダム (Royal Kingdom)"
21:00,55,6741469353,"プロサッカークラブをつくろう！"
21:00,56,6443755785,"シーサイド エスケープ：マージ & ストーリー"
21:00,57,664575829,"フィッシュダム(Fishdom)"
21:00,58,1477455989,"ディズニー ツイステッドワンダーランド"
21:00,59,6590616375,"eBaseball™: MLB PRO SPIRIT"
21:00,60,6755455500,"ハリウッドマージ"
21:00,61,1494428618,"あんさんぶるスターズ！！Music"
21:00,62,1044505314,"刀剣乱舞ONLINE"
21:00,63,1611490041,"メメントモリ"
21:00,64,6475033368,"鳴潮 - 玄方地界へ"
21:00,65,6692611665,"SDガンダム ジージェネレーション エターナル"
21:00,66,553834731,"キャンディークラッシュ"
21:00,67,6737974657,"キングダム 覇道"
21:00,68,6740199677,"杖と剣の伝説"
21:00,69,1643509748,"マージクッキング テーマレストラン"
21:00,70,1347780764,"Identity V"
21:00,71,547145938,"にゃんこ大戦争"
21:00,72,6756247422,"デジモンUP"
21:00,73,6596745408,"ちいかわぽけっと"
21:00,74,1469186379,"雀魂 -じゃんたま-"
21:00,75,666206963,"セガNET麻雀 MJ"
21:00,76,6450953550,"トップヒーローズ: キングダムサーガ"
21:00,77,1268959718,"七つの大罪 光と闇の交戦 : グラクロ"
21:00,78,6445906110,"モンスターハンターNow"
21:00,79,1211123727,"放置少女 - 百花繚乱の萌姫たち"
21:00,80,6503810263,"鋼嵐 - メカラシ"
21:00,81,1366526331,"PUBG MOBILE - 世界一のバトルロイヤル！"
21:00,82,1481318779,"三國志 覇道"
21:00,83,6503603603,"ミステリータウン：マージゲーム (Mystery Town)"
21:00,84,1273064549,"eFootball™ウイコレ CHAMPION SQUADS"
21:00,85,6741503079,"Pokémon Champions"
21:00,86,1287282214,"Call of Duty®: Mobile"
21:00,87,1517783697,"原神～空月の歌～"
21:00,88,6450660247,"黒子のバスケ Street Rivals"
21:00,89,1554247785,"遊戯王 マスターデュエル"
21:00,90,6746465127,"セルサバイバー - シューティングゲーム"
21:00,91,6744011639,"BRAVE FRONTIER LEGION"
21:00,92,852882903,"グランブルーファンタジー"
21:00,93,1489932710,"プロジェクトセカイ カラフルステージ！ feat. 初音ミク"
21:00,94,1453840513,"東京ディバンカー"
21:00,95,1545088576,"777Real(777リアル) パチンコ･パチスロアプリ"
21:00,96,1484442152,"マージマンション : パズル & ストーリー"
21:00,97,1053012308,"クラッシュ・ロワイヤル (Clash Royale)"
21:00,98,6749109552,"X-Clash: サバイバル"
21:00,99,985900455,"ドラゴンエッグ　仲間との出会い"
21:00,100,492075888,"暴走列伝 単車の虎"
21:00,101,1479198816,"トップウォー"
21:00,102,6761041344,"ドット伝説～魔王になる異世界放置RPG～"
21:00,103,1020109860,"ゴールデンホイヤー スロット〜パチンコ·パチスロカジノゲーム"
21:00,104,6743205891,"聖霊伝説：最強への道"
21:00,105,6768208688,"勇者連盟：暁の遠征"
21:00,106,6756989323,"ラストアサイラム：プレイグ"
21:00,107,6742937695,"ペタペタペンギン団"
21:00,108,1242186587,"アズールレーン"
21:00,109,1556357398,"Pikmin Bloom"
21:00,110,1521236603,"Travel Town - マージアドベンチャー"
21:00,111,1631984107,"ブルーロック Project: World Champion"
21:00,112,6449094229,"マッチファクトリー(Match Factory)!"
21:00,113,1447239134,"Ash Tale-風の大陸-"
21:00,114,1524742294,"三國志 真戦"
21:00,115,6444043291,"Domino Dreams™"
21:00,116,6618142292,"フランベシェフ：マージ＆クッキング"
21:00,117,1032346221,"妖怪ウォッチ ぷにぷに"
21:00,118,1352887311,"新三國志：育成型戦略シミュレーションゲーム"
21:00,119,1068378177,"遊戯王 デュエルリンクス"
21:00,120,6756044415,"今生は恋より茶に生きる"
21:00,121,6736896540,"ハローキティ：マイドリームストア"
21:00,122,1565488936,"転生したらスライムだった件 魔王と竜の建国譚【まおりゅう】"
21:00,123,6504332779,"Color Block Jam"
21:00,124,878506376,"LINE POP2 - 簡単マッチ3パズルゲーム"
21:00,125,529479190,"クラッシュ・オブ・クラン (Clash of Clans)"
21:00,126,6738469826,"この監獄ほんmoneyすぎんご"
21:00,127,1442061397,"Pokémon Masters EX"
21:00,128,895687962,"白猫プロジェクト"
21:00,129,1158967485,"ヒーローウォーズ：アライアンス — アクションバトルにRPG"
21:00,130,6670441558,"Dark War:Survival"
21:00,131,1537365865,"商人放浪記"
21:00,132,6738109752,"タイルズ・サバイバル"
21:00,133,1576831351,"ヘブンバーンズレッド"
21:00,134,6755585789,"チート勇者～インベントリ攻略ゲー～RPG"
21:00,135,1098157959,"エボニー - 王の帰還"
21:00,136,6752672568,"Block Out! - Color Sort Puzzle"
21:00,137,6758927408,"弱虫ペダル レゾナンス・ぺダイズム"
21:00,138,6751229187,"ドラゴンブラッド：スレイヤーズ学院（ドラガク）"
21:00,139,6475892450,"キングダム 頂天"
21:00,140,6740043080,"Screwdom : ボルトパズルゲーム"
21:00,141,6753738566,"HUNTER×HUNTER NEN×SURVIVOR"
21:00,142,6479391944,"トリッカル・もちもちほっペ大作戦"
21:00,143,6755509352,"マブラヴ ガールズガーデン"
21:00,144,668300448,"SunVy Poker - サンビ・ポーカー"
21:00,145,1619722298,"信長の野望 覇道"
21:00,146,6445884108,"ツリーオブセイヴァー：ネバーランド"
21:00,147,852912420,"サマナーズウォー X 葬送のフリーレン"
21:00,148,1235569398,"マフィア・シティ-極道風雲"
21:00,149,1551798277,"呪術廻戦 ファントムパレード"
21:00,150,6754603435,"どうぶつの花屋 - 本物のお花をお届け！"
21:00,151,1483058899,"プロジェクトメイクオーバー Project Makeover"
21:00,152,953790507,"城とドラゴン"
21:00,153,1561574979,"機動戦士ガンダム U.C. ENGAGE"
21:00,154,1629373124,"陰の実力者になりたくて！マスターオブガーデン"
21:00,155,1663423521,"Wizardry Variants Daphne"
21:00,156,479516143,"Minecraft: クラフト、建築、サバイバル"
21:00,157,921022358,"スター・ウォーズ／銀河の英雄"
21:00,158,6503284107,"オールインホール (All in Hole)"
21:00,159,6742122160,"TopTop(トップトップ): サクッと遊んで、パッと友達"
21:00,160,6474962684,"レーシングマスター"
21:00,161,895761422,"LINE バブル2"
21:00,162,6464543369,"コナステ メダルコーナー | コナミの メダルゲームが遊べる"
21:00,163,6752642477,"アークナイツ：エンドフィールド"
21:00,164,6473767344,"キノコ伝説：勇者と魔法のランプ"
21:00,165,580399292,"真 戦国炎舞 -KIZNA-"
21:00,166,6502582397,"ラグナロクX"
21:00,167,6463845521,"ティンクルスターナイツ 少女が変身する美少女バトルRPG"
21:00,168,496801169,"将棋ウォーズ"
21:00,169,6502942931,"P5X ペルソナ５: The Phantom X"
21:00,170,6737189862,"サベージ・サバイバル：恐竜の咆哮"
21:00,171,6480167901,"魔法少女まどかマギカ Magia Exedra"
21:00,172,963067330,"クッキーラン : オーブンブレイク"
21:00,173,1568415097,"The Ants: Underground Kingdom"
21:00,174,1208396151,"キングダム 乱 -天下統一への道- 究極の戦略・戦争ゲーム"
21:00,175,6446389130,"パズル＆カオス"
21:00,176,1298368256,"コトダマン-共闘ことばRPG"
21:00,177,1391483863,"旦那様の一発逆転人生"
21:00,178,1580691683,"MLB 9イニングス Rivals 26"
21:00,179,1512321575,"Pokémon UNITE"
21:00,180,934745962,"駅メモ！ - ステーションメモリーズ！-"
21:00,181,865817969,"ポコロンダンジョンズ"
21:00,182,6444487398,"マジックカード：Locked Rings"
21:00,183,1160056295,"モバイル·レジェンド: Bang Bang"
21:00,184,1356980152,"スロットセブン：ジャックポットワールド、パチスロ、カジノ"
21:00,185,6502820653,"アーチャー伝説2"
21:00,186,938506958,"実況パワフルプロ野球"
21:00,187,1552206075,"ドゥームズデイ：オデュッセウスの帰還"
21:00,188,6751056652,"Pixel Flow!"
21:00,189,1509886058,"おねがい社長！"
21:00,190,985100673,"逆転オセロニア"
21:00,191,529996768,"Bingo Blitz™ - ビンゴゲーム"
21:00,192,6740618570,"XP Hero(ヒーロー)): まずは世界観をのぞいてみて"
21:00,193,1485209615,"Puzzles & Conquest"
21:00,194,866037912,"FINAL FANTASY Record Keeper"
21:00,195,6448979859,"リバース：1999 - アトミックハートコラボ開催中"
21:00,196,1462117269,"Sky 星を紡ぐ子どもたち"
21:00,197,1449539696,"Jリーグクラブチャンピオンシップ"
21:00,198,640023408,"麻雀格闘倶楽部Sp |麻雀の初心者におすすめ! 麻雀ゲーム"
21:00,199,1279229094,"乃木坂46リズムフェスティバル"
21:00,200,1326707443,"プロサッカークラブをつくろう！ロード・トゥ・ワールド"
23:30,1,1117270703,"eFootball™"
23:30,2,1606356401,"ゼンレスゾーンゼロ - アニバーサリー"
23:30,3,6756641135,"ホロライブドリームス"
23:30,4,1322310031,"ONE PIECE バウンティラッシュ - アクションゲーム"
23:30,5,6443575749,"ホワイトアウト・サバイバル"
23:30,6,1164400646,"#コンパス【戦闘摂理解析システム】"
23:30,7,493470467,"パズル＆ドラゴンズ"
23:30,8,6448786147,"ラストウォー：サバイバル"
23:30,9,940320341,"プロ野球スピリッツＡ"
23:30,10,6754593077,"NTE: Neverness to Everness"
23:30,11,1176027022,"トゥーンブラスト"
23:30,12,951627670,"ドラゴンボールZ ドッカンバトル"
23:30,13,6754311241,"無職転生 〜異世界行ったら本気だす〜 【クロエコ】"
23:30,14,658511662,"モンスターストライク"
23:30,15,1094591345,"Pokémon GO"
23:30,16,1623318294,"ゴシップハーバー：マージ & ストーリー"
23:30,17,6739554056,"キングショット"
23:30,18,1517980891,"パズル&サバイバル"
23:30,19,1482155847,"ロイヤルマッチ（Royal Match)"
23:30,20,6472019540,"Shadowverse: Worlds Beyond"
23:30,21,1599719154,"崩壊：スターレイル"
23:30,22,6748930656,"ゼンレスゾーンゼロ・クラウド版 - アニバーサリー"
23:30,23,724594093,"LINE：ディズニー ツムツム"
23:30,24,6738163891,"ヴァンピール(VAMPIR)"
23:30,25,1105855019,"ガーデンスケイプ (Gardenscapes)"
23:30,26,1325457827,"ウマ娘 プリティーダービー"
23:30,27,6739554561,"信長の野望 真戦"
23:30,28,1478829750,"デュエル・マスターズ プレイス"
23:30,29,6756994116,"イナズマイレブン クロス"
23:30,30,1358232022,"ドラゴンボール レジェンズ"
23:30,31,1478990007,"アークナイツ"
23:30,32,1619722298,"信長の野望 覇道"
23:30,33,6471045672,"グルメ・ジャーニー"
23:30,34,1439417234,"ドラゴンクエストウォーク 歩く楽しみが増える位置情報ゲーム"
23:30,35,6475757306,"Disney Solitaire ディズニー ソリティア"
23:30,36,888615473,"LINE ポコポコ：3マッチパズルゲーム"
23:30,37,6479970832,"Pokémon TCG Pocket"
23:30,38,6503272652,"ラストZ：サバイバルシューティング"
23:30,39,824116884,"ONE PIECE トレジャークルーズ"
23:30,40,1229016807,"ブロスタ"
23:30,41,6480398822,"DDFF-ファイナルファンタジーのオールスター共闘アクション"
23:30,42,1195621598,"ホームスケイプ (Homescapes)"
23:30,43,1585915174,"勝利の女神：NIKKE"
23:30,44,638689075,"タウンシップ (Township)"
23:30,45,1312031248,"荒野行動-スマホ版バトロワ"
23:30,46,6746151928,"ハートピアスローライフ"
23:30,47,1376515087,"Age of Origins---ゾンビ・末日戦記"
23:30,48,6741469353,"プロサッカークラブをつくろう！"
23:30,49,1579464667,"Pokémon Sleep"
23:30,50,1015521325,"Fate/Grand Order"
23:30,51,6590616375,"eBaseball™: MLB PRO SPIRIT"
23:30,52,1515877221,"ブルーアーカイブ"
23:30,53,6747736697,"ドラゴンクエストスマッシュグロウ ドラクエローグライトRPG"
23:30,54,1606549505,"ロイヤルキングダム (Royal Kingdom)"
23:30,55,1516559313,"ドラゴンクエストタクト ドラクエのタクティクスRPG"
23:30,56,6446659989,"学園アイドルマスター"
23:30,57,1477455989,"ディズニー ツイステッドワンダーランド"
23:30,58,664575829,"フィッシュダム(Fishdom)"
23:30,59,6443755785,"シーサイド エスケープ：マージ & ストーリー"
23:30,60,6639605332,"パラノイズ"
23:30,61,1494428618,"あんさんぶるスターズ！！Music"
23:30,62,6755455500,"ハリウッドマージ"
23:30,63,6475033368,"鳴潮 - 玄方地界へ"
23:30,64,1044505314,"刀剣乱舞ONLINE"
23:30,65,1611490041,"メメントモリ"
23:30,66,6692611665,"SDガンダム ジージェネレーション エターナル"
23:30,67,553834731,"キャンディークラッシュ"
23:30,68,6756247422,"デジモンUP"
23:30,69,1643509748,"マージクッキング テーマレストラン"
23:30,70,1347780764,"Identity V"
23:30,71,6737974657,"キングダム 覇道"
23:30,72,6740199677,"杖と剣の伝説"
23:30,73,6596745408,"ちいかわぽけっと"
23:30,74,547145938,"にゃんこ大戦争"
23:30,75,1469186379,"雀魂 -じゃんたま-"
23:30,76,6502326151,"カオスゼロナイトメア"
23:30,77,666206963,"セガNET麻雀 MJ"
23:30,78,6450953550,"トップヒーローズ: キングダムサーガ"
23:30,79,1481318779,"三國志 覇道"
23:30,80,6445906110,"モンスターハンターNow"
23:30,81,6450660247,"黒子のバスケ Street Rivals"
23:30,82,6503810263,"鋼嵐 - メカラシ"
23:30,83,1268959718,"七つの大罪 光と闇の交戦 : グラクロ"
23:30,84,6744011639,"BRAVE FRONTIER LEGION"
23:30,85,1273064549,"eFootball™ウイコレ CHAMPION SQUADS"
23:30,86,1211123727,"放置少女 - 百花繚乱の萌姫たち"
23:30,87,1366526331,"PUBG MOBILE - 世界一のバトルロイヤル！"
23:30,88,1554247785,"遊戯王 マスターデュエル"
23:30,89,1287282214,"Call of Duty®: Mobile"
23:30,90,1517783697,"原神～空月の歌～"
23:30,91,6503603603,"ミステリータウン：マージゲーム (Mystery Town)"
23:30,92,6741503079,"Pokémon Champions"
23:30,93,1484442152,"マージマンション : パズル & ストーリー"
23:30,94,492075888,"暴走列伝 単車の虎"
23:30,95,1181774280,"ファイアーエムブレム ヒーローズ"
23:30,96,6746465127,"セルサバイバー - シューティングゲーム"
23:30,97,985900455,"ドラゴンエッグ　仲間との出会い"
23:30,98,1447239134,"Ash Tale-風の大陸-"
23:30,99,1489932710,"プロジェクトセカイ カラフルステージ！ feat. 初音ミク"
23:30,100,852882903,"グランブルーファンタジー"
23:30,101,1545088576,"777Real(777リアル) パチンコ･パチスロアプリ"
23:30,102,6742937695,"ペタペタペンギン団"
23:30,103,1453840513,"東京ディバンカー"
23:30,104,1208396151,"キングダム 乱 -天下統一への道- 究極の戦略・戦争ゲーム"
23:30,105,1053012308,"クラッシュ・ロワイヤル (Clash Royale)"
23:30,106,6761041344,"ドット伝説～魔王になる異世界放置RPG～"
23:30,107,6749109552,"X-Clash: サバイバル"
23:30,108,1020109860,"ゴールデンホイヤー スロット〜パチンコ·パチスロカジノゲーム"
23:30,109,6743205891,"聖霊伝説：最強への道"
23:30,110,6768208688,"勇者連盟：暁の遠征"
23:30,111,1242186587,"アズールレーン"
23:30,112,1556357398,"Pikmin Bloom"
23:30,113,6756989323,"ラストアサイラム：プレイグ"
23:30,114,1479198816,"トップウォー"
23:30,115,6449094229,"マッチファクトリー(Match Factory)!"
23:30,116,1521236603,"Travel Town - マージアドベンチャー"
23:30,117,1631984107,"ブルーロック Project: World Champion"
23:30,118,6444043291,"Domino Dreams™"
23:30,119,529479190,"クラッシュ・オブ・クラン (Clash of Clans)"
23:30,120,895687962,"白猫プロジェクト"
23:30,121,6618142292,"フランベシェフ：マージ＆クッキング"
23:30,122,6502582397,"ラグナロクX"
23:30,123,1098157959,"エボニー - 王の帰還"
23:30,124,6756044415,"今生は恋より茶に生きる"
23:30,125,1524742294,"三國志 真戦"
23:30,126,6504332779,"Color Block Jam"
23:30,127,878506376,"LINE POP2 - 簡単マッチ3パズルゲーム"
23:30,128,1068378177,"遊戯王 デュエルリンクス"
23:30,129,6736896540,"ハローキティ：マイドリームストア"
23:30,130,1442061397,"Pokémon Masters EX"
23:30,131,1032346221,"妖怪ウォッチ ぷにぷに"
23:30,132,6738469826,"この監獄ほんmoneyすぎんご"
23:30,133,1561574979,"機動戦士ガンダム U.C. ENGAGE"
23:30,134,1352887311,"新三國志：育成型戦略シミュレーションゲーム"
23:30,135,1565488936,"転生したらスライムだった件 魔王と竜の建国譚【まおりゅう】"
23:30,136,6755509352,"マブラヴ ガールズガーデン"
23:30,137,6738109752,"タイルズ・サバイバル"
23:30,138,6670441558,"Dark War:Survival"
23:30,139,6758927408,"弱虫ペダル レゾナンス・ぺダイズム"
23:30,140,6752672568,"Block Out! - Color Sort Puzzle"
23:30,141,1158967485,"ヒーローウォーズ：アライアンス — アクションバトルにRPG"
23:30,142,6755585789,"チート勇者～インベントリ攻略ゲー～RPG"
23:30,143,1537365865,"商人放浪記"
23:30,144,1576831351,"ヘブンバーンズレッド"
23:30,145,6740043080,"Screwdom : ボルトパズルゲーム"
23:30,146,6479391944,"トリッカル・もちもちほっペ大作戦"
23:30,147,6475892450,"キングダム 頂天"
23:30,148,6751229187,"ドラゴンブラッド：スレイヤーズ学院（ドラガク）"
23:30,149,668300448,"SunVy Poker - サンビ・ポーカー"
23:30,150,6753738566,"HUNTER×HUNTER NEN×SURVIVOR"
23:30,151,6445884108,"ツリーオブセイヴァー：ネバーランド"
23:30,152,6742122160,"TopTop(トップトップ): サクッと遊んで、パッと友達"
23:30,153,1551798277,"呪術廻戦 ファントムパレード"
23:30,154,1483058899,"プロジェクトメイクオーバー Project Makeover"
23:30,155,852912420,"サマナーズウォー X 葬送のフリーレン"
23:30,156,963067330,"クッキーラン : オーブンブレイク"
23:30,157,6503284107,"オールインホール (All in Hole)"
23:30,158,6737189862,"サベージ・サバイバル：恐竜の咆哮"
23:30,159,479516143,"Minecraft: クラフト、建築、サバイバル"
23:30,160,6464543369,"コナステ メダルコーナー | コナミの メダルゲームが遊べる"
23:30,161,895761422,"LINE バブル2"
23:30,162,1235569398,"マフィア・シティ-極道風雲"
23:30,163,953790507,"城とドラゴン"
23:30,164,1629373124,"陰の実力者になりたくて！マスターオブガーデン"
23:30,165,6473767344,"キノコ伝説：勇者と魔法のランプ"
23:30,166,6502942931,"P5X ペルソナ５: The Phantom X"
23:30,167,1326707443,"プロサッカークラブをつくろう！ロード・トゥ・ワールド"
23:30,168,6754603435,"どうぶつの花屋 - 本物のお花をお届け！"
23:30,169,1663423521,"Wizardry Variants Daphne"
23:30,170,921022358,"スター・ウォーズ／銀河の英雄"
23:30,171,6474962684,"レーシングマスター"
23:30,172,1298368256,"コトダマン-共闘ことばRPG"
23:30,173,496801169,"将棋ウォーズ"
23:30,174,6463845521,"ティンクルスターナイツ 少女が変身する美少女バトルRPG"
23:30,175,6752642477,"アークナイツ：エンドフィールド"
23:30,176,1160056295,"モバイル·レジェンド: Bang Bang"
23:30,177,6480167901,"魔法少女まどかマギカ Magia Exedra"
23:30,178,580399292,"真 戦国炎舞 -KIZNA-"
23:30,179,6446389130,"パズル＆カオス"
23:30,180,934745962,"駅メモ！ - ステーションメモリーズ！-"
23:30,181,700626925,"剣と魔法のログレス いにしえの女神-本格MMORPG"
23:30,182,6502820653,"アーチャー伝説2"
23:30,183,1019437222,"アイドリッシュセブン"
23:30,184,1356980152,"スロットセブン：ジャックポットワールド、パチスロ、カジノ"
23:30,185,1391483863,"旦那様の一発逆転人生"
23:30,186,6751056652,"Pixel Flow!"
23:30,187,1512321575,"Pokémon UNITE"
23:30,188,6444487398,"マジックカード：Locked Rings"
23:30,189,938506958,"実況パワフルプロ野球"
23:30,190,1568415097,"The Ants: Underground Kingdom"
23:30,191,1462117269,"Sky 星を紡ぐ子どもたち"
23:30,192,529996768,"Bingo Blitz™ - ビンゴゲーム"
23:30,193,1580691683,"MLB 9イニングス Rivals 26"
23:30,194,865817969,"ポコロンダンジョンズ"
23:30,195,1552206075,"ドゥームズデイ：オデュッセウスの帰還"
23:30,196,6448979859,"リバース：1999 - アトミックハートコラボ開催中"
23:30,197,1665908849,"アース：リバイバル"
23:30,198,1485209615,"Puzzles & Conquest"
23:30,199,866037912,"FINAL FANTASY Record Keeper"
23:30,200,1465196071,"櫻坂46・日向坂46 UNI'S ON AIR"
