time,rank,id,title
01:30,1,com.netmarble.sol,"SOL: enchant"
01:30,2,com.HoYoverse.Nap,"젠레스 존 제로 - 주년 기념"
01:30,3,com.gof.global,"WOS: 화이트아웃 서바이벌"
01:30,4,com.run.tower.defense,"킹샷:Kingshot"
01:30,5,com.kurogame.wutheringwaves.global,"명조:워더링 웨이브 - 현방 지계를 향하여"
01:30,6,com.nexon.ma,"메이플 키우기"
01:30,7,com.dreamgames.royalmatch,"로얄 매치 Royal Match"
01:30,8,com.fun.lastwar.gp,"라스트 워: 서바이벌"
01:30,9,com.roblox.client,"로블록스 (Roblox)"
01:30,10,com.kakaogames.odin,"오딘: 발할라 라이징"
01:30,11,com.mergegames.gossipharbor,"가십하버: 합성 & 스토리 게임"
01:30,12,com.ncsoft.lineagem19,"리니지M"
01:30,13,com.proximabeta.nikke,"승리의 여신: 니케"
01:30,14,com.HoYoverse.hkrpgoversea,"붕괴: 스타레일"
01:30,15,com.percent.aos.luckydefense,"운빨존많겜"
01:30,16,com.rxjhglkr.gp,"열혈강호: 넥스트"
01:30,17,game.qualiarts.hololive.dreams.com,"hololive Dreams"
01:30,18,com.nianticlabs.pokemongo,"Pokémon GO"
01:30,19,com.readygo.barrel.gp,"라스트 Z: 서바이벌 슈터"
01:30,20,com.gamedots.seasideescape,"씨사이드 익스케이프: 합성 & 스토리 게임"
01:30,21,com.nexon.fmk,"FC 모바일"
01:30,22,com.fatmerge.global,"테이스티 트레블: 합성 게임"
01:30,23,com.playrix.gardenscapes,"꿈의 정원 (Gardenscapes)"
01:30,24,com.netmarble.thered,"뱀피르"
01:30,25,com.nhnent.Qpoker,"한게임 포커"
01:30,26,com.phs.global,"라스트 어사일럼: 페스트"
01:30,27,com.nexon.devcat.mm,"마비노기 모바일"
01:30,28,jp.co.ponos.battlecatskr,"냥코 대전쟁"
01:30,29,com.dreamgames.royalkingdom,"로얄 킹덤 (Royal Kingdom)"
01:30,30,com.nexon.nsc.maplem,"메이플스토리M"
01:30,31,com.bhk.newslgkr,"삼국지: 천하결전"
01:30,32,jp.konami.pesam,"eFootball™"
01:30,33,com.nhnent.pokerclassic,"한게임포커 클래식 : 7포커 홀덤 섯다 훌라 슬롯"
01:30,34,com.xd.xdtglobal.gp,"두근두근타운"
01:30,35,com.com2us.futurecpb.android.google.global.normal,"컴투스프로야구V26"
01:30,36,com.ncsoft.lineagew,"리니지W"
01:30,37,com.devsisters.cc,"쿠키런 키우기 - 쿠키런: 크럼블"
01:30,38,com.YoStarKR.Arknights,"명일방주"
01:30,39,com.ncsoft.aion2,"AION2"
01:30,40,com.percent.aos.cooptd,"협타디: 협동 타워 디펜스"
01:30,41,com.hottagames.nte,"이환"
01:30,42,com.king.candycrushsaga,"캔디크러쉬사가 (Candy Crush Saga)"
01:30,43,com.netmarble.tskgb,"세븐나이츠 리버스"
01:30,44,com.webzen.mumonarch2.google,"뮤 모나크2"
01:30,45,com.supercell.brawlstars,"브롤스타즈"
01:30,46,com.jsjskr.google,"토이 삼국"
01:30,47,com.kr.firegp,"I9: 인페르노 나인"
01:30,48,com.cedargames.mysterytown,"미스터리 타운: 합성 게임 (Mystery Town)"
01:30,49,com.cola.game,"핫레스토랑: 머지&쿠킹"
01:30,50,com.nexon.fo4m,"EA SPORTS FC Online M"
01:30,51,com.ncsoft.lineage2m19,"리니지2M"
01:30,52,com.playrix.homescapes,"꿈의 집 (Homescapes)"
01:30,53,com.gravity.romkrzeny.aos,"라그나로크M: Classic"
01:30,54,com.playrix.township,"꿈의 마을 (Township)"
01:30,55,com.netmarble.monster2,"몬길: STAR DIVE"
01:30,56,com.pubg.krmobile,"배틀그라운드"
01:30,57,com.NHNEnt.MSudda,"한게임 섯다&맞고"
01:30,58,com.devsisters.ck,"쿠키런: 킹덤"
01:30,59,com.epidgames.trickcalrevive,"트릭컬 리바이브"
01:30,60,com.webzen.muangel.google,"뮤 모나크"
01:30,61,com.readygo.dark.gp,"Dark War Survival"
01:30,62,com.dlw.kr.google,"시티 데몬헌터즈: 각성자들"
01:30,63,com.neowiz.games.poker,"피망 포커 : 카지노 로얄 - 홀덤, 7포커, 바둑이"
01:30,64,com.hollywood.merge,"할리우드 머지"
01:30,65,com.neowizgames.game.browndust2,"브라운더스트2 - 가슴 벅찬 RPG"
01:30,66,com.nexon.he,"히간: 이루실"
01:30,67,com.superplaystudios.disneysolitairedreams,"Disney Solitaire 디즈니 솔리테어"
01:30,68,com.greenmushroom.boomblitz.gp,"탑 히어로즈"
01:30,69,com.highbrow.games.dvo,"드래곤빌리지3"
01:30,70,com.devsisters.gb,"쿠키런: 오븐브레이크"
01:30,71,com.miHoYo.GenshinImpact,"원신·공월의 노래"
01:30,72,com.com2us.smon.normal.freefull.google.kr.android.common,"서머너즈 워 X 장송의 프리렌"
01:30,73,com.nexon.kart,"카트라이더 러쉬플러스"
01:30,74,com.gametree.lhlr.gp,"그놈은 드래곤"
01:30,75,com.NHNEnt.NDuelgo,"한게임 신맞고 : 대한민국 원조 고스톱"
01:30,76,net.kernys.aooni,"좀비고등학교"
01:30,77,com.bandainamcoent.dgup_ww,"디지몬 UP"
01:30,78,com.dreamwalker.kr.gp,"꿈의 여행자: 별빛 여정"
01:30,79,com.merge.cooking.theme.restaurant.food,"머지 쿠킹 테마 레스토랑"
01:30,80,io.randomco.travel,"Travel Town - 결합 어드벤처"
01:30,81,com.ddup.zombiewaves.zw,"좀비 웨이브스"
01:30,82,com.neowiz.games.newmatgo,"피망 뉴맞고: 고스톱 대표 맞고 게임"
01:30,83,com.netmarble.rfnext,"RF 온라인 넥스트"
01:30,84,com.joycity.im,"임진왜란: 조선의 반격"
01:30,85,com.hariwn.legendofcivilizations,"포지 마스터 (Forge Master)"
01:30,86,com.fiveminlab.overgeared.hero.backpack.merge,"템빨용사: 픽셀 아이템 머지 RPG"
01:30,87,net.lightcon.windidle,"윈드러너 키우기"
01:30,88,com.mhclyxpb.gatja,"동방 찻집"
01:30,89,com.playrix.fishdomdd.gplay,"피쉬돔 (Fishdom)"
01:30,90,com.gear2.growslayer,"슬레이어 키우기"
01:30,91,com.kakaogames.aaw,"아키에이지 워 (ArcheAge WAR)"
01:30,92,kr.haoplay.game.and.reverse,"리버스: 1999"
01:30,93,com.ujoygp.flower,"오늘의 꽃"
01:30,94,com.smilegate.chaoszero.stove.google,"카오스 제로 나이트메어"
01:30,95,com.funplus.ts.global,"타일 서바이벌"
01:30,96,com.netmarble.raven2,"레이븐2"
01:30,97,com.haoplay.game.and.exilium,"소녀전선2: 망명"
01:30,98,com.kakaogames.umamusume,"우마무스메 프리티 더비"
01:30,99,com.netmarble.stonkey,"스톤에이지 키우기"
01:30,100,com.ProjectMoon.LimbusCompany,"Limbus Company"
01:30,101,com.kingsgroup.sos,"S.O.S: 스테이트 오브 서바이벌"
01:30,102,com.bandainamcoent.gget_WW,"SD건담 지 제네레이션 이터널"
01:30,103,com.global.ztmslgkr,"퍼즐 오브 Z"
01:30,104,com.xman.kr.gp,"X 클래시"
01:30,105,com.netmarble.bnsmkr,"블레이드&소울 레볼루션"
01:30,106,com.kr.lfhsgp,"그레이 사가"
01:30,107,com.billionairegames.serares,"변신 키우기"
01:30,108,com.com2us.probaseball3d.normal.freefull.google.global.android.common,"컴투스프로야구2026"
01:30,109,com.screenshake.dominodreams,"Domino Dreams™"
01:30,110,com.korea.hsbbkr.google,"도깨비 소녀와 함께"
01:30,111,com.zzsjkr.google,"갓깨비 키우기-999뽑기 증정"
01:30,112,com.qjzj4399kr.google,"기적의 검"
01:30,113,com.wemade.nightcrows,"나이트 크로우"
01:30,114,com.play.merge.restyle,"Merge Restyle"
01:30,115,com.riotgames.league.wildrift,"리그 오브 레전드: 와일드 리프트"
01:30,116,com.dwgames.chunorpg,"추노 키우기"
01:30,117,com.nhn.AApoker,"한게임 로얄홀덤"
01:30,118,com.haegin.kbo,"2026 프로야구GO!"
01:30,119,jp.pokemon.pokemontcgp,"포켓몬 카드 게임 Pocket"
01:30,120,net.gameduo.gv,"캣 히어로 : 방치형 RPG"
01:30,121,com.gear2.letsgolegends,"레츠고 레전드!"
01:30,122,com.camelgames.aoz,"에이지 오브 제트: 타워 디펜스"
01:30,123,com.yzlmkr.google,"우와 모험단"
01:30,124,com.ryonggame.soulhunteridle,"소울 헌터 키우기 : 방치형 RPG"
01:30,125,com.zempot.wplpoker,"WPL : 홀덤, 토너먼트, 오마하, 올인폴드, 픽앤고"
01:30,126,com.superplaystudios.dicedreams,"Dice Dreams™️"
01:30,127,com.ulugame.hdqykrob.google,"아케론:종말의 서곡"
01:30,128,com.kr.firelite,"I9: 인페르노 나인(19) - 세로형 RPG"
01:30,129,com.smilegate.lordnine.stove.google,"로드나인"
01:30,130,com.galasports.totalfootball.kr,"Total Football - 2026 북중미 시즌"
01:30,131,com.superpixel.undyinghero,"불사용사 키우기 : 방치형 RPG"
01:30,132,com.zlongame.kr.langrisser,"랑그릿사"
01:30,133,com.mojang.minecraftpe,"Minecraft: 나만의 세계를 꿈꾸고 만들어보세요"
01:30,134,com.netmarble.arthdal,"아스달 연대기: 세 개의 세력"
01:30,135,com.ylqdhkr.gp,"엔터테인먼트 거물"
01:30,136,net.peakgames.toonblast,"Toon Blast"
01:30,137,com.sundaytoz.mobile.anipang2.google.kakao.service,"애니팡2 - 3매치 퍼즐게임"
01:30,138,com.supercell.clashofclans,"클래시 오브 클랜"
01:30,139,com.hdfzxrpg.googlelb,"해적 키우기-방치형 RPG"
01:30,140,com.netmarble.lineageII,"리니지2 레볼루션"
01:30,141,com.com2us.futuremlb.android.google.global.normal,"MLB 9이닝스 라이벌 26"
01:30,142,com.hybeim.architect,"아키텍트: 랜드 오브 엑자일"
01:30,143,com.games.foundation,"파운데이션: 우주 전선"
01:30,144,com.kakaogames.ares,"아레스 : 라이즈 오브 가디언즈"
01:30,145,com.gearpaw.defenders.td.game,"기어몬: 타워 디펜스"
01:30,146,com.a3.topgirl.gplay,"Top Girl"
01:30,147,net.gameduo.anotherdungeon,"어나더던전"
01:30,148,com.MelsoftGames.FamilyIslandFarm,"패밀리 아일랜드 - 농장모험게임"
01:30,149,com.sopt.mafia42.client,"마피아42"
01:30,150,com.merge.game.foodstars,"푸드스타: 합쳐서 요리하기"
01:30,151,com.nexon.mdnf,"던전앤파이터 모바일"
01:30,152,com.gravity.rooc.android,"라그나로크 오리진 클래식"
01:30,153,com.dwjp.gp,"애니멀 가든 - 진짜 꽃다발을 배달돼요!"
01:30,154,com.joycastle.mergematch,"Matching Story - Puzzle Games"
01:30,155,com.xone.gpkr,"ASURA: 블러드 앤 소울"
01:30,156,com.smallgiantgames.empires,"엠파이어 & 퍼즐 (Empires & Puzzles)"
01:30,157,com.stove.epic7.google,"에픽세븐"
01:30,158,com.gryphline.endfield.gp,"명일방주: 엔드필드"
01:30,159,com.xmh.rpg.kr.an,"스카이 어비스: 혈맹의 서약"
01:30,160,com.justgame.jails,"랜드 오브 제일"
01:30,161,com.cyberjoy.galaxydefense,"갤럭시 디펜스 (Galaxy Defense)"
01:30,162,defense.roguelike.cell.shoot.survivor,"세포 특공대"
01:30,163,com.riftsky.mhg.kr.gp,"더 코지 플로리스트"
01:30,164,com.lilithgames.rok.gpkr,"라이즈 오브 킹덤즈"
01:30,165,com.sundaytoz.kakao.anipang3.service,"애니팡3 - 매치 3 퍼즐"
01:30,166,com.pocketchamps.game,"포켓 챔프: 3D 레이싱 게임"
01:30,167,com.wireless.defenseland,"레이드 러시: 타워 디펜스"
01:30,168,com.nns.genesis,"창세기전 키우기"
01:30,169,com.igg.android.doomsdaylastsurvivors,"둠스데이: 영웅의 여정"
01:30,170,com.netmarble.ma9bkr,"마구마구 2026: 풀체인지"
01:30,171,com.mxdzzkr.google,"버섯커 키우기-3000뽑기 증정"
01:30,172,com.moonactive.cmboard,"Coin Master: 보드 어드벤처"
01:30,173,com.xd.TLglobal,"토치라이트: 인피니트"
01:30,174,com.plarium.raidlegends,"레이드: 그림자의 전설"
01:30,175,com.gamespark.topking.gp,"탑 로드"
01:30,176,com.wemadeconnect.aos.lostdgl,"로스트 소드-1.5주년"
01:30,177,com.ea.huntingsniper,"헌팅 스나이퍼"
01:30,178,com.game.btjkr.and,"영혼 인도자：신의 이름으로"
01:30,179,apli879756.vmz,"괴수: 진화 연대기"
01:30,180,com.netmarble.fgok,"페이트/그랜드 오더"
01:30,181,com.blizzard.diablo.immortal,"디아블로 이모탈"
01:30,182,com.fatr.global,"호텔 레거시: 합성&리모델링"
01:30,183,com.mymskr.gp,"호드 워:어벤저의 소환"
01:30,184,com.devsisters.CookieRunForKakao,"쿠키런"
01:30,185,com.linegames.gm,"창세기전 모바일 - 서풍의 광시곡"
01:30,186,com.haoplay.game.gp.duck,"꽥꽥 구조대 - 알 폭격 디펜스"
01:30,187,com.blackdust.redblue,"냥찍 히어로즈 : 방치형 RPG"
01:30,188,com.pearlabyss.blackdesertm,"검은사막 모바일"
01:30,189,com.Knight.GrandQuest,"Legends Reborn: 마지막 전투"
01:30,190,com.kakaogames.friendsKing,"프렌즈팝콘"
01:30,191,com.standegg.wulin,"잠룡 : 무협 도트 RPG"
01:30,192,com.sundaytoz.kakao.anipang4,"애니팡4: 매치3 퍼즐 게임"
01:30,193,com.joycity.gw,"건쉽배틀 토탈워페어"
01:30,194,com.epicoro.castleclashers,"Castle Busters"
01:30,195,com.blizzard.wtcg.hearthstone,"하스스톤"
01:30,196,com.supercell.clashroyale,"클래시 로얄 (Clash Royale)"
01:30,197,com.sundaytoz.kakao.wbb,"위 베어 베어스 더 퍼즐 : 퍼즐게임"
01:30,198,com.YoStarKR.MahjongSoul,"작혼: 리치 마작"
01:30,199,com.hkqs.jszx.google,"부족 또 전쟁 : 무한루프 RPG"
01:30,200,com.happyelements.es2.kr.gp,"앙상블스타즈"
03:00,1,com.netmarble.sol,"SOL: enchant"
03:00,2,com.HoYoverse.Nap,"젠레스 존 제로 - 주년 기념"
03:00,3,com.gof.global,"WOS: 화이트아웃 서바이벌"
03:00,4,com.run.tower.defense,"킹샷:Kingshot"
03:00,5,com.kurogame.wutheringwaves.global,"명조:워더링 웨이브 - 현방 지계를 향하여"
03:00,6,com.nexon.ma,"메이플 키우기"
03:00,7,com.dreamgames.royalmatch,"로얄 매치 Royal Match"
03:00,8,com.fun.lastwar.gp,"라스트 워: 서바이벌"
03:00,9,com.roblox.client,"로블록스 (Roblox)"
03:00,10,com.kakaogames.odin,"오딘: 발할라 라이징"
03:00,11,com.mergegames.gossipharbor,"가십하버: 합성 & 스토리 게임"
03:00,12,com.ncsoft.lineagem19,"리니지M"
03:00,13,com.proximabeta.nikke,"승리의 여신: 니케"
03:00,14,com.percent.aos.luckydefense,"운빨존많겜"
03:00,15,com.HoYoverse.hkrpgoversea,"붕괴: 스타레일"
03:00,16,com.rxjhglkr.gp,"열혈강호: 넥스트"
03:00,17,game.qualiarts.hololive.dreams.com,"hololive Dreams"
03:00,18,com.readygo.barrel.gp,"라스트 Z: 서바이벌 슈터"
03:00,19,com.gamedots.seasideescape,"씨사이드 익스케이프: 합성 & 스토리 게임"
03:00,20,com.nexon.fmk,"FC 모바일"
03:00,21,com.nianticlabs.pokemongo,"Pokémon GO"
03:00,22,com.netmarble.thered,"뱀피르"
03:00,23,com.fatmerge.global,"테이스티 트레블: 합성 게임"
03:00,24,com.playrix.gardenscapes,"꿈의 정원 (Gardenscapes)"
03:00,25,jp.co.ponos.battlecatskr,"냥코 대전쟁"
03:00,26,com.phs.global,"라스트 어사일럼: 페스트"
03:00,27,com.nhnent.Qpoker,"한게임 포커"
03:00,28,com.nexon.devcat.mm,"마비노기 모바일"
03:00,29,com.nexon.nsc.maplem,"메이플스토리M"
03:00,30,com.dreamgames.royalkingdom,"로얄 킹덤 (Royal Kingdom)"
03:00,31,jp.konami.pesam,"eFootball™"
03:00,32,com.nhnent.pokerclassic,"한게임포커 클래식 : 7포커 홀덤 섯다 훌라 슬롯"
03:00,33,com.xd.xdtglobal.gp,"두근두근타운"
03:00,34,com.com2us.futurecpb.android.google.global.normal,"컴투스프로야구V26"
03:00,35,com.bhk.newslgkr,"삼국지: 천하결전"
03:00,36,com.ncsoft.lineagew,"리니지W"
03:00,37,com.devsisters.cc,"쿠키런 키우기 - 쿠키런: 크럼블"
03:00,38,com.ncsoft.aion2,"AION2"
03:00,39,com.YoStarKR.Arknights,"명일방주"
03:00,40,com.percent.aos.cooptd,"협타디: 협동 타워 디펜스"
03:00,41,com.hottagames.nte,"이환"
03:00,42,com.webzen.mumonarch2.google,"뮤 모나크2"
03:00,43,com.supercell.brawlstars,"브롤스타즈"
03:00,44,com.king.candycrushsaga,"캔디크러쉬사가 (Candy Crush Saga)"
03:00,45,com.jsjskr.google,"토이 삼국"
03:00,46,com.cedargames.mysterytown,"미스터리 타운: 합성 게임 (Mystery Town)"
03:00,47,com.cola.game,"핫레스토랑: 머지&쿠킹"
03:00,48,com.nexon.fo4m,"EA SPORTS FC Online M"
03:00,49,com.ncsoft.lineage2m19,"리니지2M"
03:00,50,com.kr.firegp,"I9: 인페르노 나인"
03:00,51,com.playrix.homescapes,"꿈의 집 (Homescapes)"
03:00,52,com.netmarble.tskgb,"세븐나이츠 리버스"
03:00,53,com.playrix.township,"꿈의 마을 (Township)"
03:00,54,com.netmarble.monster2,"몬길: STAR DIVE"
03:00,55,com.pubg.krmobile,"배틀그라운드"
03:00,56,com.gravity.romkrzeny.aos,"라그나로크M: Classic"
03:00,57,com.NHNEnt.MSudda,"한게임 섯다&맞고"
03:00,58,com.devsisters.ck,"쿠키런: 킹덤"
03:00,59,com.webzen.muangel.google,"뮤 모나크"
03:00,60,com.readygo.dark.gp,"Dark War Survival"
03:00,61,com.dlw.kr.google,"시티 데몬헌터즈: 각성자들"
03:00,62,com.neowiz.games.poker,"피망 포커 : 카지노 로얄 - 홀덤, 7포커, 바둑이"
03:00,63,com.hollywood.merge,"할리우드 머지"
03:00,64,com.neowizgames.game.browndust2,"브라운더스트2 - 가슴 벅찬 RPG"
03:00,65,com.epidgames.trickcalrevive,"트릭컬 리바이브"
03:00,66,com.nexon.he,"히간: 이루실"
03:00,67,com.greenmushroom.boomblitz.gp,"탑 히어로즈"
03:00,68,com.highbrow.games.dvo,"드래곤빌리지3"
03:00,69,com.devsisters.gb,"쿠키런: 오븐브레이크"
03:00,70,com.miHoYo.GenshinImpact,"원신·공월의 노래"
03:00,71,com.superplaystudios.disneysolitairedreams,"Disney Solitaire 디즈니 솔리테어"
03:00,72,com.nexon.kart,"카트라이더 러쉬플러스"
03:00,73,com.bandainamcoent.gget_WW,"SD건담 지 제네레이션 이터널"
03:00,74,com.NHNEnt.NDuelgo,"한게임 신맞고 : 대한민국 원조 고스톱"
03:00,75,com.gametree.lhlr.gp,"그놈은 드래곤"
03:00,76,net.kernys.aooni,"좀비고등학교"
03:00,77,com.bandainamcoent.dgup_ww,"디지몬 UP"
03:00,78,com.com2us.smon.normal.freefull.google.kr.android.common,"서머너즈 워 X 장송의 프리렌"
03:00,79,com.dreamwalker.kr.gp,"꿈의 여행자: 별빛 여정"
03:00,80,io.randomco.travel,"Travel Town - 결합 어드벤처"
03:00,81,com.ddup.zombiewaves.zw,"좀비 웨이브스"
03:00,82,com.netmarble.rfnext,"RF 온라인 넥스트"
03:00,83,com.joycity.im,"임진왜란: 조선의 반격"
03:00,84,com.merge.cooking.theme.restaurant.food,"머지 쿠킹 테마 레스토랑"
03:00,85,com.hariwn.legendofcivilizations,"포지 마스터 (Forge Master)"
03:00,86,net.lightcon.windidle,"윈드러너 키우기"
03:00,87,com.mhclyxpb.gatja,"동방 찻집"
03:00,88,com.neowiz.games.newmatgo,"피망 뉴맞고: 고스톱 대표 맞고 게임"
03:00,89,com.smilegate.chaoszero.stove.google,"카오스 제로 나이트메어"
03:00,90,com.kakaogames.aaw,"아키에이지 워 (ArcheAge WAR)"
03:00,91,com.ujoygp.flower,"오늘의 꽃"
03:00,92,com.fiveminlab.overgeared.hero.backpack.merge,"템빨용사: 픽셀 아이템 머지 RPG"
03:00,93,com.playrix.fishdomdd.gplay,"피쉬돔 (Fishdom)"
03:00,94,com.netmarble.raven2,"레이븐2"
03:00,95,com.gear2.growslayer,"슬레이어 키우기"
03:00,96,com.haoplay.game.and.exilium,"소녀전선2: 망명"
03:00,97,com.kakaogames.umamusume,"우마무스메 프리티 더비"
03:00,98,com.funplus.ts.global,"타일 서바이벌"
03:00,99,com.netmarble.bnsmkr,"블레이드&소울 레볼루션"
03:00,100,com.kingsgroup.sos,"S.O.S: 스테이트 오브 서바이벌"
03:00,101,com.global.ztmslgkr,"퍼즐 오브 Z"
03:00,102,com.xman.kr.gp,"X 클래시"
03:00,103,com.netmarble.stonkey,"스톤에이지 키우기"
03:00,104,com.billionairegames.serares,"변신 키우기"
03:00,105,com.screenshake.dominodreams,"Domino Dreams™"
03:00,106,com.korea.hsbbkr.google,"도깨비 소녀와 함께"
03:00,107,com.zzsjkr.google,"갓깨비 키우기-999뽑기 증정"
03:00,108,kr.haoplay.game.and.reverse,"리버스: 1999"
03:00,109,com.dwgames.chunorpg,"추노 키우기"
03:00,110,com.ProjectMoon.LimbusCompany,"Limbus Company"
03:00,111,com.nhn.AApoker,"한게임 로얄홀덤"
03:00,112,com.haegin.kbo,"2026 프로야구GO!"
03:00,113,com.ryonggame.soulhunteridle,"소울 헌터 키우기 : 방치형 RPG"
03:00,114,jp.pokemon.pokemontcgp,"포켓몬 카드 게임 Pocket"
03:00,115,net.gameduo.gv,"캣 히어로 : 방치형 RPG"
03:00,116,com.com2us.probaseball3d.normal.freefull.google.global.android.common,"컴투스프로야구2026"
03:00,117,com.gear2.letsgolegends,"레츠고 레전드!"
03:00,118,com.camelgames.aoz,"에이지 오브 제트: 타워 디펜스"
03:00,119,com.kr.lfhsgp,"그레이 사가"
03:00,120,com.play.merge.restyle,"Merge Restyle"
03:00,121,com.yzlmkr.google,"우와 모험단"
03:00,122,com.wemade.nightcrows,"나이트 크로우"
03:00,123,com.zempot.wplpoker,"WPL : 홀덤, 토너먼트, 오마하, 올인폴드, 픽앤고"
03:00,124,com.qjzj4399kr.google,"기적의 검"
03:00,125,com.superplaystudios.dicedreams,"Dice Dreams™️"
03:00,126,com.ulugame.hdqykrob.google,"아케론:종말의 서곡"
03:00,127,com.kr.firelite,"I9: 인페르노 나인(19) - 세로형 RPG"
03:00,128,com.galasports.totalfootball.kr,"Total Football - 2026 북중미 시즌"
03:00,129,com.superpixel.undyinghero,"불사용사 키우기 : 방치형 RPG"
03:00,130,com.mojang.minecraftpe,"Minecraft: 나만의 세계를 꿈꾸고 만들어보세요"
03:00,131,com.zlongame.kr.langrisser,"랑그릿사"
03:00,132,com.netmarble.arthdal,"아스달 연대기: 세 개의 세력"
03:00,133,com.ylqdhkr.gp,"엔터테인먼트 거물"
03:00,134,com.sundaytoz.mobile.anipang2.google.kakao.service,"애니팡2 - 3매치 퍼즐게임"
03:00,135,com.supercell.clashofclans,"클래시 오브 클랜"
03:00,136,com.hdfzxrpg.googlelb,"해적 키우기-방치형 RPG"
03:00,137,com.netmarble.lineageII,"리니지2 레볼루션"
03:00,138,com.smilegate.lordnine.stove.google,"로드나인"
03:00,139,com.com2us.futuremlb.android.google.global.normal,"MLB 9이닝스 라이벌 26"
03:00,140,com.hybeim.architect,"아키텍트: 랜드 오브 엑자일"
03:00,141,com.games.foundation,"파운데이션: 우주 전선"
03:00,142,net.peakgames.toonblast,"Toon Blast"
03:00,143,com.riotgames.league.wildrift,"리그 오브 레전드: 와일드 리프트"
03:00,144,com.kakaogames.ares,"아레스 : 라이즈 오브 가디언즈"
03:00,145,com.gearpaw.defenders.td.game,"기어몬: 타워 디펜스"
03:00,146,com.a3.topgirl.gplay,"Top Girl"
03:00,147,net.gameduo.anotherdungeon,"어나더던전"
03:00,148,com.MelsoftGames.FamilyIslandFarm,"패밀리 아일랜드 - 농장모험게임"
03:00,149,com.nexon.mdnf,"던전앤파이터 모바일"
03:00,150,com.gravity.rooc.android,"라그나로크 오리진 클래식"
03:00,151,com.lilithgames.rok.gpkr,"라이즈 오브 킹덤즈"
03:00,152,com.dwjp.gp,"애니멀 가든 - 진짜 꽃다발을 배달돼요!"
03:00,153,com.joycastle.mergematch,"Matching Story - Puzzle Games"
03:00,154,com.xone.gpkr,"ASURA: 블러드 앤 소울"
03:00,155,com.sopt.mafia42.client,"마피아42"
03:00,156,com.stove.epic7.google,"에픽세븐"
03:00,157,com.gryphline.endfield.gp,"명일방주: 엔드필드"
03:00,158,com.xmh.rpg.kr.an,"스카이 어비스: 혈맹의 서약"
03:00,159,com.justgame.jails,"랜드 오브 제일"
03:00,160,com.cyberjoy.galaxydefense,"갤럭시 디펜스 (Galaxy Defense)"
03:00,161,com.merge.game.foodstars,"푸드스타: 합쳐서 요리하기"
03:00,162,defense.roguelike.cell.shoot.survivor,"세포 특공대"
03:00,163,com.riftsky.mhg.kr.gp,"더 코지 플로리스트"
03:00,164,com.sundaytoz.kakao.anipang3.service,"애니팡3 - 매치 3 퍼즐"
03:00,165,com.pocketchamps.game,"포켓 챔프: 3D 레이싱 게임"
03:00,166,com.nns.genesis,"창세기전 키우기"
03:00,167,com.netmarble.ma9bkr,"마구마구 2026: 풀체인지"
03:00,168,com.mxdzzkr.google,"버섯커 키우기-3000뽑기 증정"
03:00,169,com.moonactive.cmboard,"Coin Master: 보드 어드벤처"
03:00,170,com.xd.TLglobal,"토치라이트: 인피니트"
03:00,171,com.gamespark.topking.gp,"탑 로드"
03:00,172,com.wemadeconnect.aos.lostdgl,"로스트 소드-1.5주년"
03:00,173,com.wireless.defenseland,"레이드 러시: 타워 디펜스"
03:00,174,com.igg.android.doomsdaylastsurvivors,"둠스데이: 영웅의 여정"
03:00,175,com.game.btjkr.and,"영혼 인도자：신의 이름으로"
03:00,176,apli879756.vmz,"괴수: 진화 연대기"
03:00,177,com.smallgiantgames.empires,"엠파이어 & 퍼즐 (Empires & Puzzles)"
03:00,178,com.netmarble.fgok,"페이트/그랜드 오더"
03:00,179,com.mymskr.gp,"호드 워:어벤저의 소환"
03:00,180,com.plarium.raidlegends,"레이드: 그림자의 전설"
03:00,181,com.linegames.gm,"창세기전 모바일 - 서풍의 광시곡"
03:00,182,com.blizzard.diablo.immortal,"디아블로 이모탈"
03:00,183,com.haoplay.game.gp.duck,"꽥꽥 구조대 - 알 폭격 디펜스"
03:00,184,com.fatr.global,"호텔 레거시: 합성&리모델링"
03:00,185,com.blackdust.redblue,"냥찍 히어로즈 : 방치형 RPG"
03:00,186,com.pearlabyss.blackdesertm,"검은사막 모바일"
03:00,187,com.Knight.GrandQuest,"Legends Reborn: 마지막 전투"
03:00,188,com.kakaogames.friendsKing,"프렌즈팝콘"
03:00,189,com.ea.huntingsniper,"헌팅 스나이퍼"
03:00,190,com.standegg.wulin,"잠룡 : 무협 도트 RPG"
03:00,191,com.sundaytoz.kakao.anipang4,"애니팡4: 매치3 퍼즐 게임"
03:00,192,com.sundaytoz.kakao.wbb,"위 베어 베어스 더 퍼즐 : 퍼즐게임"
03:00,193,com.YoStarKR.MahjongSoul,"작혼: 리치 마작"
03:00,194,com.happyelements.es2.kr.gp,"앙상블스타즈"
03:00,195,com.joycity.gw,"건쉽배틀 토탈워페어"
03:00,196,com.xgame.asia.kr.gp,"히어로 클래시: 연결 대작전"
03:00,197,com.rebirthkr.gp,"밤탈출 - 49일"
03:00,198,com.netease.idv.googleplay,"Identity V -제5인격"
03:00,199,com.rxjhkr.an,"열혈강호: 귀환"
03:00,200,com.bilibilihk.jujutsuphanparagp,"주술회전 팬텀 퍼레이드"
05:00,1,com.netmarble.sol,"SOL: enchant"
05:00,2,com.HoYoverse.Nap,"젠레스 존 제로 - 주년 기념"
05:00,3,com.gof.global,"WOS: 화이트아웃 서바이벌"
05:00,4,com.run.tower.defense,"킹샷:Kingshot"
05:00,5,com.kurogame.wutheringwaves.global,"명조:워더링 웨이브 - 현방 지계를 향하여"
05:00,6,com.dreamgames.royalmatch,"로얄 매치 Royal Match"
05:00,7,com.fun.lastwar.gp,"라스트 워: 서바이벌"
05:00,8,com.roblox.client,"로블록스 (Roblox)"
05:00,9,com.nexon.ma,"메이플 키우기"
05:00,10,com.kakaogames.odin,"오딘: 발할라 라이징"
05:00,11,com.mergegames.gossipharbor,"가십하버: 합성 & 스토리 게임"
05:00,12,com.ncsoft.lineagem19,"리니지M"
05:00,13,com.proximabeta.nikke,"승리의 여신: 니케"
05:00,14,com.rxjhglkr.gp,"열혈강호: 넥스트"
05:00,15,com.percent.aos.luckydefense,"운빨존많겜"
05:00,16,game.qualiarts.hololive.dreams.com,"hololive Dreams"
05:00,17,com.gamedots.seasideescape,"씨사이드 익스케이프: 합성 & 스토리 게임"
05:00,18,com.readygo.barrel.gp,"라스트 Z: 서바이벌 슈터"
05:00,19,com.nianticlabs.pokemongo,"Pokémon GO"
05:00,20,com.nexon.fmk,"FC 모바일"
05:00,21,com.netmarble.thered,"뱀피르"
05:00,22,com.fatmerge.global,"테이스티 트레블: 합성 게임"
05:00,23,com.HoYoverse.hkrpgoversea,"붕괴: 스타레일"
05:00,24,com.playrix.gardenscapes,"꿈의 정원 (Gardenscapes)"
05:00,25,com.phs.global,"라스트 어사일럼: 페스트"
05:00,26,com.nhnent.Qpoker,"한게임 포커"
05:00,27,jp.co.ponos.battlecatskr,"냥코 대전쟁"
05:00,28,com.nexon.devcat.mm,"마비노기 모바일"
05:00,29,com.nexon.nsc.maplem,"메이플스토리M"
05:00,30,com.dreamgames.royalkingdom,"로얄 킹덤 (Royal Kingdom)"
05:00,31,jp.konami.pesam,"eFootball™"
05:00,32,com.nhnent.pokerclassic,"한게임포커 클래식 : 7포커 홀덤 섯다 훌라 슬롯"
05:00,33,com.xd.xdtglobal.gp,"두근두근타운"
05:00,34,com.com2us.futurecpb.android.google.global.normal,"컴투스프로야구V26"
05:00,35,com.bhk.newslgkr,"삼국지: 천하결전"
05:00,36,com.ncsoft.lineagew,"리니지W"
05:00,37,com.devsisters.cc,"쿠키런 키우기 - 쿠키런: 크럼블"
05:00,38,com.ncsoft.aion2,"AION2"
05:00,39,com.YoStarKR.Arknights,"명일방주"
05:00,40,com.percent.aos.cooptd,"협타디: 협동 타워 디펜스"
05:00,41,com.hottagames.nte,"이환"
05:00,42,com.webzen.mumonarch2.google,"뮤 모나크2"
05:00,43,com.supercell.brawlstars,"브롤스타즈"
05:00,44,com.king.candycrushsaga,"캔디크러쉬사가 (Candy Crush Saga)"
05:00,45,com.cedargames.mysterytown,"미스터리 타운: 합성 게임 (Mystery Town)"
05:00,46,com.ncsoft.lineage2m19,"리니지2M"
05:00,47,com.kr.firegp,"I9: 인페르노 나인"
05:00,48,com.playrix.township,"꿈의 마을 (Township)"
05:00,49,com.jsjskr.google,"토이 삼국"
05:00,50,com.cola.game,"핫레스토랑: 머지&쿠킹"
05:00,51,com.nexon.fo4m,"EA SPORTS FC Online M"
05:00,52,com.netmarble.tskgb,"세븐나이츠 리버스"
05:00,53,com.playrix.homescapes,"꿈의 집 (Homescapes)"
05:00,54,com.gravity.romkrzeny.aos,"라그나로크M: Classic"
05:00,55,com.netmarble.monster2,"몬길: STAR DIVE"
05:00,56,com.NHNEnt.MSudda,"한게임 섯다&맞고"
05:00,57,com.devsisters.ck,"쿠키런: 킹덤"
05:00,58,com.webzen.muangel.google,"뮤 모나크"
05:00,59,com.readygo.dark.gp,"Dark War Survival"
05:00,60,com.dlw.kr.google,"시티 데몬헌터즈: 각성자들"
05:00,61,com.pubg.krmobile,"배틀그라운드"
05:00,62,com.neowiz.games.poker,"피망 포커 : 카지노 로얄 - 홀덤, 7포커, 바둑이"
05:00,63,com.hollywood.merge,"할리우드 머지"
05:00,64,com.neowizgames.game.browndust2,"브라운더스트2 - 가슴 벅찬 RPG"
05:00,65,com.epidgames.trickcalrevive,"트릭컬 리바이브"
05:00,66,com.nexon.he,"히간: 이루실"
05:00,67,com.highbrow.games.dvo,"드래곤빌리지3"
05:00,68,com.devsisters.gb,"쿠키런: 오븐브레이크"
05:00,69,com.miHoYo.GenshinImpact,"원신·공월의 노래"
05:00,70,com.superplaystudios.disneysolitairedreams,"Disney Solitaire 디즈니 솔리테어"
05:00,71,com.greenmushroom.boomblitz.gp,"탑 히어로즈"
05:00,72,com.bandainamcoent.gget_WW,"SD건담 지 제네레이션 이터널"
05:00,73,com.gametree.lhlr.gp,"그놈은 드래곤"
05:00,74,com.nexon.kart,"카트라이더 러쉬플러스"
05:00,75,com.bandainamcoent.dgup_ww,"디지몬 UP"
05:00,76,com.com2us.smon.normal.freefull.google.kr.android.common,"서머너즈 워 X 장송의 프리렌"
05:00,77,com.dreamwalker.kr.gp,"꿈의 여행자: 별빛 여정"
05:00,78,com.ddup.zombiewaves.zw,"좀비 웨이브스"
05:00,79,com.netmarble.rfnext,"RF 온라인 넥스트"
05:00,80,com.joycity.im,"임진왜란: 조선의 반격"
05:00,81,com.merge.cooking.theme.restaurant.food,"머지 쿠킹 테마 레스토랑"
05:00,82,io.randomco.travel,"Travel Town - 결합 어드벤처"
05:00,83,com.NHNEnt.NDuelgo,"한게임 신맞고 : 대한민국 원조 고스톱"
05:00,84,com.mhclyxpb.gatja,"동방 찻집"
05:00,85,com.neowiz.games.newmatgo,"피망 뉴맞고: 고스톱 대표 맞고 게임"
05:00,86,com.hariwn.legendofcivilizations,"포지 마스터 (Forge Master)"
05:00,87,com.smilegate.chaoszero.stove.google,"카오스 제로 나이트메어"
05:00,88,com.kakaogames.aaw,"아키에이지 워 (ArcheAge WAR)"
05:00,89,com.kingsgroup.sos,"S.O.S: 스테이트 오브 서바이벌"
05:00,90,com.playrix.fishdomdd.gplay,"피쉬돔 (Fishdom)"
05:00,91,com.ujoygp.flower,"오늘의 꽃"
05:00,92,net.kernys.aooni,"좀비고등학교"
05:00,93,com.fiveminlab.overgeared.hero.backpack.merge,"템빨용사: 픽셀 아이템 머지 RPG"
05:00,94,com.netmarble.raven2,"레이븐2"
05:00,95,com.gear2.growslayer,"슬레이어 키우기"
05:00,96,com.haoplay.game.and.exilium,"소녀전선2: 망명"
05:00,97,net.lightcon.windidle,"윈드러너 키우기"
05:00,98,com.funplus.ts.global,"타일 서바이벌"
05:00,99,com.netmarble.bnsmkr,"블레이드&소울 레볼루션"
05:00,100,com.kakaogames.umamusume,"우마무스메 프리티 더비"
05:00,101,com.billionairegames.serares,"변신 키우기"
05:00,102,com.global.ztmslgkr,"퍼즐 오브 Z"
05:00,103,com.xman.kr.gp,"X 클래시"
05:00,104,com.netmarble.stonkey,"스톤에이지 키우기"
05:00,105,com.screenshake.dominodreams,"Domino Dreams™"
05:00,106,com.korea.hsbbkr.google,"도깨비 소녀와 함께"
05:00,107,com.zzsjkr.google,"갓깨비 키우기-999뽑기 증정"
05:00,108,kr.haoplay.game.and.reverse,"리버스: 1999"
05:00,109,com.dwgames.chunorpg,"추노 키우기"
05:00,110,com.ProjectMoon.LimbusCompany,"Limbus Company"
05:00,111,com.nhn.AApoker,"한게임 로얄홀덤"
05:00,112,com.haegin.kbo,"2026 프로야구GO!"
05:00,113,com.ryonggame.soulhunteridle,"소울 헌터 키우기 : 방치형 RPG"
05:00,114,jp.pokemon.pokemontcgp,"포켓몬 카드 게임 Pocket"
05:00,115,net.gameduo.gv,"캣 히어로 : 방치형 RPG"
05:00,116,com.com2us.probaseball3d.normal.freefull.google.global.android.common,"컴투스프로야구2026"
05:00,117,com.gear2.letsgolegends,"레츠고 레전드!"
05:00,118,com.kr.lfhsgp,"그레이 사가"
05:00,119,com.play.merge.restyle,"Merge Restyle"
05:00,120,com.yzlmkr.google,"우와 모험단"
05:00,121,com.wemade.nightcrows,"나이트 크로우"
05:00,122,com.zempot.wplpoker,"WPL : 홀덤, 토너먼트, 오마하, 올인폴드, 픽앤고"
05:00,123,com.qjzj4399kr.google,"기적의 검"
05:00,124,com.galasports.totalfootball.kr,"Total Football - 2026 북중미 시즌"
05:00,125,com.mojang.minecraftpe,"Minecraft: 나만의 세계를 꿈꾸고 만들어보세요"
05:00,126,com.sundaytoz.mobile.anipang2.google.kakao.service,"애니팡2 - 3매치 퍼즐게임"
05:00,127,com.zlongame.kr.langrisser,"랑그릿사"
05:00,128,com.netmarble.arthdal,"아스달 연대기: 세 개의 세력"
05:00,129,com.kr.firelite,"I9: 인페르노 나인(19) - 세로형 RPG"
05:00,130,com.camelgames.aoz,"에이지 오브 제트: 타워 디펜스"
05:00,131,com.ylqdhkr.gp,"엔터테인먼트 거물"
05:00,132,com.superplaystudios.dicedreams,"Dice Dreams™️"
05:00,133,com.supercell.clashofclans,"클래시 오브 클랜"
05:00,134,com.hdfzxrpg.googlelb,"해적 키우기-방치형 RPG"
05:00,135,com.ulugame.hdqykrob.google,"아케론:종말의 서곡"
05:00,136,com.smilegate.lordnine.stove.google,"로드나인"
05:00,137,com.com2us.futuremlb.android.google.global.normal,"MLB 9이닝스 라이벌 26"
05:00,138,com.superpixel.undyinghero,"불사용사 키우기 : 방치형 RPG"
05:00,139,com.hybeim.architect,"아키텍트: 랜드 오브 엑자일"
05:00,140,com.games.foundation,"파운데이션: 우주 전선"
05:00,141,net.peakgames.toonblast,"Toon Blast"
05:00,142,com.riotgames.league.wildrift,"리그 오브 레전드: 와일드 리프트"
05:00,143,com.kakaogames.ares,"아레스 : 라이즈 오브 가디언즈"
05:00,144,com.MelsoftGames.FamilyIslandFarm,"패밀리 아일랜드 - 농장모험게임"
05:00,145,com.gravity.rooc.android,"라그나로크 오리진 클래식"
05:00,146,com.lilithgames.rok.gpkr,"라이즈 오브 킹덤즈"
05:00,147,com.joycastle.mergematch,"Matching Story - Puzzle Games"
05:00,148,com.xone.gpkr,"ASURA: 블러드 앤 소울"
05:00,149,com.dwjp.gp,"애니멀 가든 - 진짜 꽃다발을 배달돼요!"
05:00,150,com.sopt.mafia42.client,"마피아42"
05:00,151,com.stove.epic7.google,"에픽세븐"
05:00,152,com.justgame.jails,"랜드 오브 제일"
05:00,153,com.a3.topgirl.gplay,"Top Girl"
05:00,154,com.netmarble.lineageII,"리니지2 레볼루션"
05:00,155,com.merge.game.foodstars,"푸드스타: 합쳐서 요리하기"
05:00,156,defense.roguelike.cell.shoot.survivor,"세포 특공대"
05:00,157,net.gameduo.anotherdungeon,"어나더던전"
05:00,158,com.riftsky.mhg.kr.gp,"더 코지 플로리스트"
05:00,159,com.cyberjoy.galaxydefense,"갤럭시 디펜스 (Galaxy Defense)"
05:00,160,com.nexon.mdnf,"던전앤파이터 모바일"
05:00,161,com.xd.TLglobal,"토치라이트: 인피니트"
05:00,162,com.xmh.rpg.kr.an,"스카이 어비스: 혈맹의 서약"
05:00,163,com.gamespark.topking.gp,"탑 로드"
05:00,164,com.wemadeconnect.aos.lostdgl,"로스트 소드-1.5주년"
05:00,165,com.wireless.defenseland,"레이드 러시: 타워 디펜스"
05:00,166,com.pocketchamps.game,"포켓 챔프: 3D 레이싱 게임"
05:00,167,com.gryphline.endfield.gp,"명일방주: 엔드필드"
05:00,168,com.sundaytoz.kakao.anipang3.service,"애니팡3 - 매치 3 퍼즐"
05:00,169,com.igg.android.doomsdaylastsurvivors,"둠스데이: 영웅의 여정"
05:00,170,com.mxdzzkr.google,"버섯커 키우기-3000뽑기 증정"
05:00,171,com.gearpaw.defenders.td.game,"기어몬: 타워 디펜스"
05:00,172,com.game.btjkr.and,"영혼 인도자：신의 이름으로"
05:00,173,com.smallgiantgames.empires,"엠파이어 & 퍼즐 (Empires & Puzzles)"
05:00,174,com.netmarble.fgok,"페이트/그랜드 오더"
05:00,175,com.moonactive.cmboard,"Coin Master: 보드 어드벤처"
05:00,176,com.mymskr.gp,"호드 워:어벤저의 소환"
05:00,177,com.plarium.raidlegends,"레이드: 그림자의 전설"
05:00,178,com.netmarble.ma9bkr,"마구마구 2026: 풀체인지"
05:00,179,com.blizzard.diablo.immortal,"디아블로 이모탈"
05:00,180,com.haoplay.game.gp.duck,"꽥꽥 구조대 - 알 폭격 디펜스"
05:00,181,com.fatr.global,"호텔 레거시: 합성&리모델링"
05:00,182,com.nns.genesis,"창세기전 키우기"
05:00,183,com.blackdust.redblue,"냥찍 히어로즈 : 방치형 RPG"
05:00,184,com.pearlabyss.blackdesertm,"검은사막 모바일"
05:00,185,com.linegames.gm,"창세기전 모바일 - 서풍의 광시곡"
05:00,186,apli879756.vmz,"괴수: 진화 연대기"
05:00,187,com.Knight.GrandQuest,"Legends Reborn: 마지막 전투"
05:00,188,com.kakaogames.friendsKing,"프렌즈팝콘"
05:00,189,com.ea.huntingsniper,"헌팅 스나이퍼"
05:00,190,com.sundaytoz.kakao.anipang4,"애니팡4: 매치3 퍼즐 게임"
05:00,191,com.standegg.wulin,"잠룡 : 무협 도트 RPG"
05:00,192,com.joycity.gw,"건쉽배틀 토탈워페어"
05:00,193,com.netease.idv.googleplay,"Identity V -제5인격"
05:00,194,com.rxjhkr.an,"열혈강호: 귀환"
05:00,195,com.bilibilihk.jujutsuphanparagp,"주술회전 팬텀 퍼레이드"
05:00,196,com.sundaytoz.kakao.wbb,"위 베어 베어스 더 퍼즐 : 퍼즐게임"
05:00,197,com.blizzard.wtcg.hearthstone,"하스스톤"
05:00,198,kr.aos.com.aprogen.dragonrajaorigin,"드래곤 베인"
05:00,199,com.xq.archeroii,"궁수의 전설2"
05:00,200,com.namcobandaigames.spmoja010E,"ONE PIECE TREASURE CRUISE-RPG"
06:00,1,com.netmarble.sol,"SOL: enchant"
06:00,2,com.HoYoverse.Nap,"젠레스 존 제로 - 주년 기념"
06:00,3,com.gof.global,"WOS: 화이트아웃 서바이벌"
06:00,4,com.run.tower.defense,"킹샷:Kingshot"
06:00,5,com.kurogame.wutheringwaves.global,"명조:워더링 웨이브 - 현방 지계를 향하여"
06:00,6,com.dreamgames.royalmatch,"로얄 매치 Royal Match"
06:00,7,com.roblox.client,"로블록스 (Roblox)"
06:00,8,com.nexon.ma,"메이플 키우기"
06:00,9,com.fun.lastwar.gp,"라스트 워: 서바이벌"
06:00,10,com.kakaogames.odin,"오딘: 발할라 라이징"
06:00,11,com.mergegames.gossipharbor,"가십하버: 합성 & 스토리 게임"
06:00,12,com.ncsoft.lineagem19,"리니지M"
06:00,13,com.proximabeta.nikke,"승리의 여신: 니케"
06:00,14,com.rxjhglkr.gp,"열혈강호: 넥스트"
06:00,15,com.percent.aos.luckydefense,"운빨존많겜"
06:00,16,game.qualiarts.hololive.dreams.com,"hololive Dreams"
06:00,17,com.gamedots.seasideescape,"씨사이드 익스케이프: 합성 & 스토리 게임"
06:00,18,com.readygo.barrel.gp,"라스트 Z: 서바이벌 슈터"
06:00,19,com.nianticlabs.pokemongo,"Pokémon GO"
06:00,20,com.nexon.fmk,"FC 모바일"
06:00,21,com.netmarble.thered,"뱀피르"
06:00,22,com.fatmerge.global,"테이스티 트레블: 합성 게임"
06:00,23,com.HoYoverse.hkrpgoversea,"붕괴: 스타레일"
06:00,24,com.playrix.gardenscapes,"꿈의 정원 (Gardenscapes)"
06:00,25,com.phs.global,"라스트 어사일럼: 페스트"
06:00,26,com.nhnent.Qpoker,"한게임 포커"
06:00,27,jp.co.ponos.battlecatskr,"냥코 대전쟁"
06:00,28,com.nexon.devcat.mm,"마비노기 모바일"
06:00,29,com.nexon.nsc.maplem,"메이플스토리M"
06:00,30,com.dreamgames.royalkingdom,"로얄 킹덤 (Royal Kingdom)"
06:00,31,jp.konami.pesam,"eFootball™"
06:00,32,com.xd.xdtglobal.gp,"두근두근타운"
06:00,33,com.bhk.newslgkr,"삼국지: 천하결전"
06:00,34,com.nhnent.pokerclassic,"한게임포커 클래식 : 7포커 홀덤 섯다 훌라 슬롯"
06:00,35,com.ncsoft.lineagew,"리니지W"
06:00,36,com.devsisters.cc,"쿠키런 키우기 - 쿠키런: 크럼블"
06:00,37,com.ncsoft.aion2,"AION2"
06:00,38,com.YoStarKR.Arknights,"명일방주"
06:00,39,com.com2us.futurecpb.android.google.global.normal,"컴투스프로야구V26"
06:00,40,com.percent.aos.cooptd,"협타디: 협동 타워 디펜스"
06:00,41,com.hottagames.nte,"이환"
06:00,42,com.king.candycrushsaga,"캔디크러쉬사가 (Candy Crush Saga)"
06:00,43,com.cedargames.mysterytown,"미스터리 타운: 합성 게임 (Mystery Town)"
06:00,44,com.ncsoft.lineage2m19,"리니지2M"
06:00,45,com.kr.firegp,"I9: 인페르노 나인"
06:00,46,com.playrix.township,"꿈의 마을 (Township)"
06:00,47,com.supercell.brawlstars,"브롤스타즈"
06:00,48,com.jsjskr.google,"토이 삼국"
06:00,49,com.cola.game,"핫레스토랑: 머지&쿠킹"
06:00,50,com.nexon.fo4m,"EA SPORTS FC Online M"
06:00,51,com.webzen.mumonarch2.google,"뮤 모나크2"
06:00,52,com.netmarble.tskgb,"세븐나이츠 리버스"
06:00,53,com.playrix.homescapes,"꿈의 집 (Homescapes)"
06:00,54,com.gravity.romkrzeny.aos,"라그나로크M: Classic"
06:00,55,com.netmarble.monster2,"몬길: STAR DIVE"
06:00,56,com.NHNEnt.MSudda,"한게임 섯다&맞고"
06:00,57,com.devsisters.ck,"쿠키런: 킹덤"
06:00,58,com.readygo.dark.gp,"Dark War Survival"
06:00,59,com.pubg.krmobile,"배틀그라운드"
06:00,60,com.neowiz.games.poker,"피망 포커 : 카지노 로얄 - 홀덤, 7포커, 바둑이"
06:00,61,com.hollywood.merge,"할리우드 머지"
06:00,62,com.neowizgames.game.browndust2,"브라운더스트2 - 가슴 벅찬 RPG"
06:00,63,com.epidgames.trickcalrevive,"트릭컬 리바이브"
06:00,64,com.nexon.he,"히간: 이루실"
06:00,65,com.highbrow.games.dvo,"드래곤빌리지3"
06:00,66,com.dlw.kr.google,"시티 데몬헌터즈: 각성자들"
06:00,67,com.devsisters.gb,"쿠키런: 오븐브레이크"
06:00,68,com.miHoYo.GenshinImpact,"원신·공월의 노래"
06:00,69,com.superplaystudios.disneysolitairedreams,"Disney Solitaire 디즈니 솔리테어"
06:00,70,com.webzen.muangel.google,"뮤 모나크"
06:00,71,com.greenmushroom.boomblitz.gp,"탑 히어로즈"
06:00,72,com.bandainamcoent.gget_WW,"SD건담 지 제네레이션 이터널"
06:00,73,com.gametree.lhlr.gp,"그놈은 드래곤"
06:00,74,com.nexon.kart,"카트라이더 러쉬플러스"
06:00,75,com.com2us.smon.normal.freefull.google.kr.android.common,"서머너즈 워 X 장송의 프리렌"
06:00,76,com.dreamwalker.kr.gp,"꿈의 여행자: 별빛 여정"
06:00,77,com.netmarble.rfnext,"RF 온라인 넥스트"
06:00,78,com.merge.cooking.theme.restaurant.food,"머지 쿠킹 테마 레스토랑"
06:00,79,io.randomco.travel,"Travel Town - 결합 어드벤처"
06:00,80,com.NHNEnt.NDuelgo,"한게임 신맞고 : 대한민국 원조 고스톱"
06:00,81,com.neowiz.games.newmatgo,"피망 뉴맞고: 고스톱 대표 맞고 게임"
06:00,82,com.hariwn.legendofcivilizations,"포지 마스터 (Forge Master)"
06:00,83,com.smilegate.chaoszero.stove.google,"카오스 제로 나이트메어"
06:00,84,com.playrix.fishdomdd.gplay,"피쉬돔 (Fishdom)"
06:00,85,com.kakaogames.aaw,"아키에이지 워 (ArcheAge WAR)"
06:00,86,com.bandainamcoent.dgup_ww,"디지몬 UP"
06:00,87,com.kingsgroup.sos,"S.O.S: 스테이트 오브 서바이벌"
06:00,88,com.ujoygp.flower,"오늘의 꽃"
06:00,89,net.kernys.aooni,"좀비고등학교"
06:00,90,com.ddup.zombiewaves.zw,"좀비 웨이브스"
06:00,91,com.fiveminlab.overgeared.hero.backpack.merge,"템빨용사: 픽셀 아이템 머지 RPG"
06:00,92,com.mhclyxpb.gatja,"동방 찻집"
06:00,93,com.netmarble.raven2,"레이븐2"
06:00,94,com.gear2.growslayer,"슬레이어 키우기"
06:00,95,com.joycity.im,"임진왜란: 조선의 반격"
06:00,96,com.haoplay.game.and.exilium,"소녀전선2: 망명"
06:00,97,net.lightcon.windidle,"윈드러너 키우기"
06:00,98,com.funplus.ts.global,"타일 서바이벌"
06:00,99,com.netmarble.bnsmkr,"블레이드&소울 레볼루션"
06:00,100,com.kakaogames.umamusume,"우마무스메 프리티 더비"
06:00,101,com.billionairegames.serares,"변신 키우기"
06:00,102,com.xman.kr.gp,"X 클래시"
06:00,103,com.netmarble.stonkey,"스톤에이지 키우기"
06:00,104,com.screenshake.dominodreams,"Domino Dreams™"
06:00,105,com.zzsjkr.google,"갓깨비 키우기-999뽑기 증정"
06:00,106,kr.haoplay.game.and.reverse,"리버스: 1999"
06:00,107,com.global.ztmslgkr,"퍼즐 오브 Z"
06:00,108,com.ProjectMoon.LimbusCompany,"Limbus Company"
06:00,109,com.haegin.kbo,"2026 프로야구GO!"
06:00,110,com.nhn.AApoker,"한게임 로얄홀덤"
06:00,111,com.ryonggame.soulhunteridle,"소울 헌터 키우기 : 방치형 RPG"
06:00,112,jp.pokemon.pokemontcgp,"포켓몬 카드 게임 Pocket"
06:00,113,com.com2us.probaseball3d.normal.freefull.google.global.android.common,"컴투스프로야구2026"
06:00,114,com.gear2.letsgolegends,"레츠고 레전드!"
06:00,115,com.kr.lfhsgp,"그레이 사가"
06:00,116,com.play.merge.restyle,"Merge Restyle"
06:00,117,com.yzlmkr.google,"우와 모험단"
06:00,118,com.dwgames.chunorpg,"추노 키우기"
06:00,119,com.korea.hsbbkr.google,"도깨비 소녀와 함께"
06:00,120,com.wemade.nightcrows,"나이트 크로우"
06:00,121,com.qjzj4399kr.google,"기적의 검"
06:00,122,net.gameduo.gv,"캣 히어로 : 방치형 RPG"
06:00,123,com.mojang.minecraftpe,"Minecraft: 나만의 세계를 꿈꾸고 만들어보세요"
06:00,124,com.sundaytoz.mobile.anipang2.google.kakao.service,"애니팡2 - 3매치 퍼즐게임"
06:00,125,com.zlongame.kr.langrisser,"랑그릿사"
06:00,126,com.netmarble.arthdal,"아스달 연대기: 세 개의 세력"
06:00,127,com.kr.firelite,"I9: 인페르노 나인(19) - 세로형 RPG"
06:00,128,com.camelgames.aoz,"에이지 오브 제트: 타워 디펜스"
06:00,129,com.superplaystudios.dicedreams,"Dice Dreams™️"
06:00,130,com.zempot.wplpoker,"WPL : 홀덤, 토너먼트, 오마하, 올인폴드, 픽앤고"
06:00,131,com.supercell.clashofclans,"클래시 오브 클랜"
06:00,132,com.ulugame.hdqykrob.google,"아케론:종말의 서곡"
06:00,133,com.smilegate.lordnine.stove.google,"로드나인"
06:00,134,com.superpixel.undyinghero,"불사용사 키우기 : 방치형 RPG"
06:00,135,com.hybeim.architect,"아키텍트: 랜드 오브 엑자일"
06:00,136,com.games.foundation,"파운데이션: 우주 전선"
06:00,137,net.peakgames.toonblast,"Toon Blast"
06:00,138,com.galasports.totalfootball.kr,"Total Football - 2026 북중미 시즌"
06:00,139,com.riotgames.league.wildrift,"리그 오브 레전드: 와일드 리프트"
06:00,140,com.ylqdhkr.gp,"엔터테인먼트 거물"
06:00,141,com.hdfzxrpg.googlelb,"해적 키우기-방치형 RPG"
06:00,142,com.MelsoftGames.FamilyIslandFarm,"패밀리 아일랜드 - 농장모험게임"
06:00,143,com.lilithgames.rok.gpkr,"라이즈 오브 킹덤즈"
06:00,144,com.joycastle.mergematch,"Matching Story - Puzzle Games"
06:00,145,com.dwjp.gp,"애니멀 가든 - 진짜 꽃다발을 배달돼요!"
06:00,146,com.sopt.mafia42.client,"마피아42"
06:00,147,com.stove.epic7.google,"에픽세븐"
06:00,148,com.justgame.jails,"랜드 오브 제일"
06:00,149,com.a3.topgirl.gplay,"Top Girl"
06:00,150,com.netmarble.lineageII,"리니지2 레볼루션"
06:00,151,com.merge.game.foodstars,"푸드스타: 합쳐서 요리하기"
06:00,152,defense.roguelike.cell.shoot.survivor,"세포 특공대"
06:00,153,com.gravity.rooc.android,"라그나로크 오리진 클래식"
06:00,154,net.gameduo.anotherdungeon,"어나더던전"
06:00,155,com.riftsky.mhg.kr.gp,"더 코지 플로리스트"
06:00,156,com.kakaogames.ares,"아레스 : 라이즈 오브 가디언즈"
06:00,157,com.cyberjoy.galaxydefense,"갤럭시 디펜스 (Galaxy Defense)"
06:00,158,com.nexon.mdnf,"던전앤파이터 모바일"
06:00,159,com.com2us.futuremlb.android.google.global.normal,"MLB 9이닝스 라이벌 26"
06:00,160,com.xd.TLglobal,"토치라이트: 인피니트"
06:00,161,com.xone.gpkr,"ASURA: 블러드 앤 소울"
06:00,162,com.ncsoft.lineagem,"리니지M(12)"
06:00,163,com.xmh.rpg.kr.an,"스카이 어비스: 혈맹의 서약"
06:00,164,com.gamespark.topking.gp,"탑 로드"
06:00,165,com.wemadeconnect.aos.lostdgl,"로스트 소드-1.5주년"
06:00,166,com.wireless.defenseland,"레이드 러시: 타워 디펜스"
06:00,167,com.pocketchamps.game,"포켓 챔프: 3D 레이싱 게임"
06:00,168,com.gryphline.endfield.gp,"명일방주: 엔드필드"
06:00,169,com.sundaytoz.kakao.anipang3.service,"애니팡3 - 매치 3 퍼즐"
06:00,170,com.igg.android.doomsdaylastsurvivors,"둠스데이: 영웅의 여정"
06:00,171,com.mxdzzkr.google,"버섯커 키우기-3000뽑기 증정"
06:00,172,com.gearpaw.defenders.td.game,"기어몬: 타워 디펜스"
06:00,173,com.game.btjkr.and,"영혼 인도자：신의 이름으로"
06:00,174,com.smallgiantgames.empires,"엠파이어 & 퍼즐 (Empires & Puzzles)"
06:00,175,com.netmarble.fgok,"페이트/그랜드 오더"
06:00,176,com.moonactive.cmboard,"Coin Master: 보드 어드벤처"
06:00,177,com.plarium.raidlegends,"레이드: 그림자의 전설"
06:00,178,com.linegames.gm,"창세기전 모바일 - 서풍의 광시곡"
06:00,179,com.netmarble.ma9bkr,"마구마구 2026: 풀체인지"
06:00,180,com.blizzard.diablo.immortal,"디아블로 이모탈"
06:00,181,com.fatr.global,"호텔 레거시: 합성&리모델링"
06:00,182,com.nns.genesis,"창세기전 키우기"
06:00,183,apli879756.vmz,"괴수: 진화 연대기"
06:00,184,com.Knight.GrandQuest,"Legends Reborn: 마지막 전투"
06:00,185,com.kakaogames.friendsKing,"프렌즈팝콘"
06:00,186,com.ea.huntingsniper,"헌팅 스나이퍼"
06:00,187,com.pearlabyss.blackdesertm,"검은사막 모바일"
06:00,188,com.blackdust.redblue,"냥찍 히어로즈 : 방치형 RPG"
06:00,189,com.sundaytoz.kakao.anipang4,"애니팡4: 매치3 퍼즐 게임"
06:00,190,com.mymskr.gp,"호드 워:어벤저의 소환"
06:00,191,com.standegg.wulin,"잠룡 : 무협 도트 RPG"
06:00,192,com.haoplay.game.gp.duck,"꽥꽥 구조대 - 알 폭격 디펜스"
06:00,193,com.joycity.gw,"건쉽배틀 토탈워페어"
06:00,194,com.rebirthkr.gp,"밤탈출 - 49일"
06:00,195,com.rxjhkr.an,"열혈강호: 귀환"
06:00,196,com.bilibilihk.jujutsuphanparagp,"주술회전 팬텀 퍼레이드"
06:00,197,com.sundaytoz.kakao.wbb,"위 베어 베어스 더 퍼즐 : 퍼즐게임"
06:00,198,com.blizzard.wtcg.hearthstone,"하스스톤"
06:00,199,kr.aos.com.aprogen.dragonrajaorigin,"드래곤 베인"
06:00,200,com.xq.archeroii,"궁수의 전설2"
07:00,1,com.netmarble.sol,"SOL: enchant"
07:00,2,com.HoYoverse.Nap,"젠레스 존 제로 - 주년 기념"
07:00,3,com.gof.global,"WOS: 화이트아웃 서바이벌"
07:00,4,com.kurogame.wutheringwaves.global,"명조:워더링 웨이브 - 현방 지계를 향하여"
07:00,5,com.run.tower.defense,"킹샷:Kingshot"
07:00,6,com.ncsoft.lineagem19,"리니지M"
07:00,7,com.nexon.ma,"메이플 키우기"
07:00,8,com.dreamgames.royalmatch,"로얄 매치 Royal Match"
07:00,9,com.fun.lastwar.gp,"라스트 워: 서바이벌"
07:00,10,com.kakaogames.odin,"오딘: 발할라 라이징"
07:00,11,com.roblox.client,"로블록스 (Roblox)"
07:00,12,com.mergegames.gossipharbor,"가십하버: 합성 & 스토리 게임"
07:00,13,com.rxjhglkr.gp,"열혈강호: 넥스트"
07:00,14,com.proximabeta.nikke,"승리의 여신: 니케"
07:00,15,com.percent.aos.luckydefense,"운빨존많겜"
07:00,16,game.qualiarts.hololive.dreams.com,"hololive Dreams"
07:00,17,com.nhnent.Qpoker,"한게임 포커"
07:00,18,com.readygo.barrel.gp,"라스트 Z: 서바이벌 슈터"
07:00,19,com.HoYoverse.hkrpgoversea,"붕괴: 스타레일"
07:00,20,com.gamedots.seasideescape,"씨사이드 익스케이프: 합성 & 스토리 게임"
07:00,21,com.nexon.nsc.maplem,"메이플스토리M"
07:00,22,com.nianticlabs.pokemongo,"Pokémon GO"
07:00,23,com.fatmerge.global,"테이스티 트레블: 합성 게임"
07:00,24,com.nexon.devcat.mm,"마비노기 모바일"
07:00,25,com.nexon.fmk,"FC 모바일"
07:00,26,com.playrix.gardenscapes,"꿈의 정원 (Gardenscapes)"
07:00,27,com.netmarble.thered,"뱀피르"
07:00,28,com.phs.global,"라스트 어사일럼: 페스트"
07:00,29,jp.co.ponos.battlecatskr,"냥코 대전쟁"
07:00,30,com.dreamgames.royalkingdom,"로얄 킹덤 (Royal Kingdom)"
07:00,31,jp.konami.pesam,"eFootball™"
07:00,32,com.ncsoft.aion2,"AION2"
07:00,33,com.bhk.newslgkr,"삼국지: 천하결전"
07:00,34,com.ncsoft.lineagew,"리니지W"
07:00,35,com.nhnent.pokerclassic,"한게임포커 클래식 : 7포커 홀덤 섯다 훌라 슬롯"
07:00,36,com.devsisters.cc,"쿠키런 키우기 - 쿠키런: 크럼블"
07:00,37,com.percent.aos.cooptd,"협타디: 협동 타워 디펜스"
07:00,38,com.nexon.fo4m,"EA SPORTS FC Online M"
07:00,39,com.hottagames.nte,"이환"
07:00,40,com.YoStarKR.Arknights,"명일방주"
07:00,41,com.com2us.futurecpb.android.google.global.normal,"컴투스프로야구V26"
07:00,42,com.NHNEnt.MSudda,"한게임 섯다&맞고"
07:00,43,com.king.candycrushsaga,"캔디크러쉬사가 (Candy Crush Saga)"
07:00,44,com.ncsoft.lineage2m19,"리니지2M"
07:00,45,com.neowiz.games.poker,"피망 포커 : 카지노 로얄 - 홀덤, 7포커, 바둑이"
07:00,46,com.jsjskr.google,"토이 삼국"
07:00,47,com.kr.firegp,"I9: 인페르노 나인"
07:00,48,com.playrix.township,"꿈의 마을 (Township)"
07:00,49,com.xd.xdtglobal.gp,"두근두근타운"
07:00,50,com.cedargames.mysterytown,"미스터리 타운: 합성 게임 (Mystery Town)"
07:00,51,com.cola.game,"핫레스토랑: 머지&쿠킹"
07:00,52,com.netmarble.tskgb,"세븐나이츠 리버스"
07:00,53,com.supercell.brawlstars,"브롤스타즈"
07:00,54,com.webzen.mumonarch2.google,"뮤 모나크2"
07:00,55,com.gravity.romkrzeny.aos,"라그나로크M: Classic"
07:00,56,com.playrix.homescapes,"꿈의 집 (Homescapes)"
07:00,57,com.pubg.krmobile,"배틀그라운드"
07:00,58,com.netmarble.monster2,"몬길: STAR DIVE"
07:00,59,com.bandainamcoent.gget_WW,"SD건담 지 제네레이션 이터널"
07:00,60,com.readygo.dark.gp,"Dark War Survival"
07:00,61,com.neowizgames.game.browndust2,"브라운더스트2 - 가슴 벅찬 RPG"
07:00,62,com.devsisters.ck,"쿠키런: 킹덤"
07:00,63,com.epidgames.trickcalrevive,"트릭컬 리바이브"
07:00,64,com.com2us.smon.normal.freefull.google.kr.android.common,"서머너즈 워 X 장송의 프리렌"
07:00,65,com.hollywood.merge,"할리우드 머지"
07:00,66,com.devsisters.gb,"쿠키런: 오븐브레이크"
07:00,67,com.nexon.he,"히간: 이루실"
07:00,68,com.highbrow.games.dvo,"드래곤빌리지3"
07:00,69,com.superplaystudios.disneysolitairedreams,"Disney Solitaire 디즈니 솔리테어"
07:00,70,com.dlw.kr.google,"시티 데몬헌터즈: 각성자들"
07:00,71,com.greenmushroom.boomblitz.gp,"탑 히어로즈"
07:00,72,com.nexon.kart,"카트라이더 러쉬플러스"
07:00,73,com.miHoYo.GenshinImpact,"원신·공월의 노래"
07:00,74,com.webzen.muangel.google,"뮤 모나크"
07:00,75,com.gametree.lhlr.gp,"그놈은 드래곤"
07:00,76,com.dreamwalker.kr.gp,"꿈의 여행자: 별빛 여정"
07:00,77,com.merge.cooking.theme.restaurant.food,"머지 쿠킹 테마 레스토랑"
07:00,78,io.randomco.travel,"Travel Town - 결합 어드벤처"
07:00,79,com.netmarble.bnsmkr,"블레이드&소울 레볼루션"
07:00,80,com.netmarble.rfnext,"RF 온라인 넥스트"
07:00,81,com.neowiz.games.newmatgo,"피망 뉴맞고: 고스톱 대표 맞고 게임"
07:00,82,com.hariwn.legendofcivilizations,"포지 마스터 (Forge Master)"
07:00,83,com.smilegate.chaoszero.stove.google,"카오스 제로 나이트메어"
07:00,84,com.NHNEnt.NDuelgo,"한게임 신맞고 : 대한민국 원조 고스톱"
07:00,85,com.kakaogames.aaw,"아키에이지 워 (ArcheAge WAR)"
07:00,86,com.kingsgroup.sos,"S.O.S: 스테이트 오브 서바이벌"
07:00,87,com.netmarble.raven2,"레이븐2"
07:00,88,com.gear2.growslayer,"슬레이어 키우기"
07:00,89,com.fiveminlab.overgeared.hero.backpack.merge,"템빨용사: 픽셀 아이템 머지 RPG"
07:00,90,com.playrix.fishdomdd.gplay,"피쉬돔 (Fishdom)"
07:00,91,com.ujoygp.flower,"오늘의 꽃"
07:00,92,com.haoplay.game.and.exilium,"소녀전선2: 망명"
07:00,93,com.bandainamcoent.dgup_ww,"디지몬 UP"
07:00,94,com.joycity.im,"임진왜란: 조선의 반격"
07:00,95,com.mhclyxpb.gatja,"동방 찻집"
07:00,96,com.billionairegames.serares,"변신 키우기"
07:00,97,com.wemade.nightcrows,"나이트 크로우"
07:00,98,net.kernys.aooni,"좀비고등학교"
07:00,99,com.ddup.zombiewaves.zw,"좀비 웨이브스"
07:00,100,com.funplus.ts.global,"타일 서바이벌"
07:00,101,net.lightcon.windidle,"윈드러너 키우기"
07:00,102,com.zzsjkr.google,"갓깨비 키우기-999뽑기 증정"
07:00,103,com.netmarble.stonkey,"스톤에이지 키우기"
07:00,104,com.kakaogames.umamusume,"우마무스메 프리티 더비"
07:00,105,com.qjzj4399kr.google,"기적의 검"
07:00,106,com.xman.kr.gp,"X 클래시"
07:00,107,kr.haoplay.game.and.reverse,"리버스: 1999"
07:00,108,jp.pokemon.pokemontcgp,"포켓몬 카드 게임 Pocket"
07:00,109,com.ryonggame.soulhunteridle,"소울 헌터 키우기 : 방치형 RPG"
07:00,110,com.ProjectMoon.LimbusCompany,"Limbus Company"
07:00,111,com.global.ztmslgkr,"퍼즐 오브 Z"
07:00,112,com.screenshake.dominodreams,"Domino Dreams™"
07:00,113,com.smilegate.lordnine.stove.google,"로드나인"
07:00,114,com.kr.lfhsgp,"그레이 사가"
07:00,115,com.play.merge.restyle,"Merge Restyle"
07:00,116,com.nhn.AApoker,"한게임 로얄홀덤"
07:00,117,com.com2us.probaseball3d.normal.freefull.google.global.android.common,"컴투스프로야구2026"
07:00,118,com.dwgames.chunorpg,"추노 키우기"
07:00,119,com.sundaytoz.mobile.anipang2.google.kakao.service,"애니팡2 - 3매치 퍼즐게임"
07:00,120,com.korea.hsbbkr.google,"도깨비 소녀와 함께"
07:00,121,com.haegin.kbo,"2026 프로야구GO!"
07:00,122,com.kr.firelite,"I9: 인페르노 나인(19) - 세로형 RPG"
07:00,123,com.zlongame.kr.langrisser,"랑그릿사"
07:00,124,com.mxdzzkr.google,"버섯커 키우기-3000뽑기 증정"
07:00,125,com.mojang.minecraftpe,"Minecraft: 나만의 세계를 꿈꾸고 만들어보세요"
07:00,126,net.gameduo.gv,"캣 히어로 : 방치형 RPG"
07:00,127,com.gear2.letsgolegends,"레츠고 레전드!"
07:00,128,com.superplaystudios.dicedreams,"Dice Dreams™️"
07:00,129,com.yzlmkr.google,"우와 모험단"
07:00,130,com.netmarble.arthdal,"아스달 연대기: 세 개의 세력"
07:00,131,com.camelgames.aoz,"에이지 오브 제트: 타워 디펜스"
07:00,132,com.zempot.wplpoker,"WPL : 홀덤, 토너먼트, 오마하, 올인폴드, 픽앤고"
07:00,133,com.superpixel.undyinghero,"불사용사 키우기 : 방치형 RPG"
07:00,134,com.riotgames.league.wildrift,"리그 오브 레전드: 와일드 리프트"
07:00,135,com.lilithgames.rok.gpkr,"라이즈 오브 킹덤즈"
07:00,136,com.ulugame.hdqykrob.google,"아케론:종말의 서곡"
07:00,137,net.gameduo.anotherdungeon,"어나더던전"
07:00,138,net.peakgames.toonblast,"Toon Blast"
07:00,139,com.hybeim.architect,"아키텍트: 랜드 오브 엑자일"
07:00,140,com.supercell.clashofclans,"클래시 오브 클랜"
07:00,141,com.sopt.mafia42.client,"마피아42"
07:00,142,com.galasports.totalfootball.kr,"Total Football - 2026 북중미 시즌"
07:00,143,com.bilibilihk.jujutsuphanparagp,"주술회전 팬텀 퍼레이드"
07:00,144,com.ylqdhkr.gp,"엔터테인먼트 거물"
07:00,145,com.MelsoftGames.FamilyIslandFarm,"패밀리 아일랜드 - 농장모험게임"
07:00,146,com.nexon.mdnf,"던전앤파이터 모바일"
07:00,147,com.games.foundation,"파운데이션: 우주 전선"
07:00,148,com.hdfzxrpg.googlelb,"해적 키우기-방치형 RPG"
07:00,149,com.merge.game.foodstars,"푸드스타: 합쳐서 요리하기"
07:00,150,com.dwjp.gp,"애니멀 가든 - 진짜 꽃다발을 배달돼요!"
07:00,151,com.joycastle.mergematch,"Matching Story - Puzzle Games"
07:00,152,com.a3.topgirl.gplay,"Top Girl"
07:00,153,com.xmh.rpg.kr.an,"스카이 어비스: 혈맹의 서약"
07:00,154,com.netmarble.lineageII,"리니지2 레볼루션"
07:00,155,com.cyberjoy.galaxydefense,"갤럭시 디펜스 (Galaxy Defense)"
07:00,156,com.gryphline.endfield.gp,"명일방주: 엔드필드"
07:00,157,defense.roguelike.cell.shoot.survivor,"세포 특공대"
07:00,158,com.justgame.jails,"랜드 오브 제일"
07:00,159,com.gravity.rooc.android,"라그나로크 오리진 클래식"
07:00,160,com.riftsky.mhg.kr.gp,"더 코지 플로리스트"
07:00,161,com.stove.epic7.google,"에픽세븐"
07:00,162,com.kakaogames.ares,"아레스 : 라이즈 오브 가디언즈"
07:00,163,com.pjsekai.kr,"프로젝트 세카이 컬러풀 스테이지! feat.하츠네 미쿠"
07:00,164,com.pocketchamps.game,"포켓 챔프: 3D 레이싱 게임"
07:00,165,com.sundaytoz.kakao.anipang3.service,"애니팡3 - 매치 3 퍼즐"
07:00,166,com.nns.genesis,"창세기전 키우기"
07:00,167,com.wireless.defenseland,"레이드 러시: 타워 디펜스"
07:00,168,com.gearpaw.defenders.td.game,"기어몬: 타워 디펜스"
07:00,169,com.com2us.futuremlb.android.google.global.normal,"MLB 9이닝스 라이벌 26"
07:00,170,com.igg.android.doomsdaylastsurvivors,"둠스데이: 영웅의 여정"
07:00,171,com.netmarble.ma9bkr,"마구마구 2026: 풀체인지"
07:00,172,com.smallgiantgames.empires,"엠파이어 & 퍼즐 (Empires & Puzzles)"
07:00,173,com.moonactive.cmboard,"Coin Master: 보드 어드벤처"
07:00,174,com.xone.gpkr,"ASURA: 블러드 앤 소울"
07:00,175,com.ncsoft.lineagem,"리니지M(12)"
07:00,176,com.gamespark.topking.gp,"탑 로드"
07:00,177,com.wemadeconnect.aos.lostdgl,"로스트 소드-1.5주년"
07:00,178,com.game.btjkr.and,"영혼 인도자：신의 이름으로"
07:00,179,com.plarium.raidlegends,"레이드: 그림자의 전설"
07:00,180,com.netmarble.fgok,"페이트/그랜드 오더"
07:00,181,com.blizzard.diablo.immortal,"디아블로 이모탈"
07:00,182,com.fatr.global,"호텔 레거시: 합성&리모델링"
07:00,183,com.ea.huntingsniper,"헌팅 스나이퍼"
07:00,184,apli879756.vmz,"괴수: 진화 연대기"
07:00,185,com.linegames.gm,"창세기전 모바일 - 서풍의 광시곡"
07:00,186,com.joycity.gw,"건쉽배틀 토탈워페어"
07:00,187,com.ygjszkr.google,"귀판오분전-444뽑기 증정"
07:00,188,com.xd.TLglobal,"토치라이트: 인피니트"
07:00,189,com.pearlabyss.blackdesertm,"검은사막 모바일"
07:00,190,com.kakaogames.friendsKing,"프렌즈팝콘"
07:00,191,com.blackdust.redblue,"냥찍 히어로즈 : 방치형 RPG"
07:00,192,com.sundaytoz.kakao.anipang4,"애니팡4: 매치3 퍼즐 게임"
07:00,193,com.mymskr.gp,"호드 워:어벤저의 소환"
07:00,194,com.minigame.wszj.android.gp,"Wing Fighter"
07:00,195,com.Knight.GrandQuest,"Legends Reborn: 마지막 전투"
07:00,196,com.xgame.asia.kr.gp,"히어로 클래시: 연결 대작전"
07:00,197,com.standegg.wulin,"잠룡 : 무협 도트 RPG"
07:00,198,com.Volcanus.Cheonsammu.aos,"천마지만 삼국지에서 무쌍중입니다"
07:00,199,com.rxjhkr.an,"열혈강호: 귀환"
07:00,200,com.sundaytoz.kakao.wbb,"위 베어 베어스 더 퍼즐 : 퍼즐게임"
08:00,1,com.netmarble.sol,"SOL: enchant"
08:00,2,com.HoYoverse.Nap,"젠레스 존 제로 - 주년 기념"
08:00,3,com.gof.global,"WOS: 화이트아웃 서바이벌"
08:00,4,com.kurogame.wutheringwaves.global,"명조:워더링 웨이브 - 현방 지계를 향하여"
08:00,5,com.run.tower.defense,"킹샷:Kingshot"
08:00,6,com.ncsoft.lineagem19,"리니지M"
08:00,7,com.nexon.ma,"메이플 키우기"
08:00,8,com.fun.lastwar.gp,"라스트 워: 서바이벌"
08:00,9,com.dreamgames.royalmatch,"로얄 매치 Royal Match"
08:00,10,com.kakaogames.odin,"오딘: 발할라 라이징"
08:00,11,com.roblox.client,"로블록스 (Roblox)"
08:00,12,com.mergegames.gossipharbor,"가십하버: 합성 & 스토리 게임"
08:00,13,com.proximabeta.nikke,"승리의 여신: 니케"
08:00,14,com.rxjhglkr.gp,"열혈강호: 넥스트"
08:00,15,com.percent.aos.luckydefense,"운빨존많겜"
08:00,16,game.qualiarts.hololive.dreams.com,"hololive Dreams"
08:00,17,com.nhnent.Qpoker,"한게임 포커"
08:00,18,com.nhnent.pokerclassic,"한게임포커 클래식 : 7포커 홀덤 섯다 훌라 슬롯"
08:00,19,com.devsisters.cc,"쿠키런 키우기 - 쿠키런: 크럼블"
08:00,20,com.readygo.barrel.gp,"라스트 Z: 서바이벌 슈터"
08:00,21,com.nexon.fmk,"FC 모바일"
08:00,22,com.HoYoverse.hkrpgoversea,"붕괴: 스타레일"
08:00,23,com.gamedots.seasideescape,"씨사이드 익스케이프: 합성 & 스토리 게임"
08:00,24,com.nexon.nsc.maplem,"메이플스토리M"
08:00,25,com.nianticlabs.pokemongo,"Pokémon GO"
08:00,26,com.fatmerge.global,"테이스티 트레블: 합성 게임"
08:00,27,com.nexon.devcat.mm,"마비노기 모바일"
08:00,28,com.playrix.gardenscapes,"꿈의 정원 (Gardenscapes)"
08:00,29,com.netmarble.thered,"뱀피르"
08:00,30,com.phs.global,"라스트 어사일럼: 페스트"
08:00,31,jp.co.ponos.battlecatskr,"냥코 대전쟁"
08:00,32,com.dreamgames.royalkingdom,"로얄 킹덤 (Royal Kingdom)"
08:00,33,jp.konami.pesam,"eFootball™"
08:00,34,com.ncsoft.aion2,"AION2"
08:00,35,com.bhk.newslgkr,"삼국지: 천하결전"
08:00,36,com.ncsoft.lineagew,"리니지W"
08:00,37,com.percent.aos.cooptd,"협타디: 협동 타워 디펜스"
08:00,38,com.nexon.fo4m,"EA SPORTS FC Online M"
08:00,39,com.hottagames.nte,"이환"
08:00,40,com.YoStarKR.Arknights,"명일방주"
08:00,41,com.com2us.futurecpb.android.google.global.normal,"컴투스프로야구V26"
08:00,42,com.NHNEnt.MSudda,"한게임 섯다&맞고"
08:00,43,com.king.candycrushsaga,"캔디크러쉬사가 (Candy Crush Saga)"
08:00,44,com.ncsoft.lineage2m19,"리니지2M"
08:00,45,com.neowiz.games.poker,"피망 포커 : 카지노 로얄 - 홀덤, 7포커, 바둑이"
08:00,46,com.jsjskr.google,"토이 삼국"
08:00,47,com.kr.firegp,"I9: 인페르노 나인"
08:00,48,com.webzen.mumonarch2.google,"뮤 모나크2"
08:00,49,com.playrix.township,"꿈의 마을 (Township)"
08:00,50,com.xd.xdtglobal.gp,"두근두근타운"
08:00,51,com.cedargames.mysterytown,"미스터리 타운: 합성 게임 (Mystery Town)"
08:00,52,com.cola.game,"핫레스토랑: 머지&쿠킹"
08:00,53,com.supercell.brawlstars,"브롤스타즈"
08:00,54,com.netmarble.tskgb,"세븐나이츠 리버스"
08:00,55,com.gravity.romkrzeny.aos,"라그나로크M: Classic"
08:00,56,com.playrix.homescapes,"꿈의 집 (Homescapes)"
08:00,57,com.pubg.krmobile,"배틀그라운드"
08:00,58,com.devsisters.ck,"쿠키런: 킹덤"
08:00,59,com.netmarble.monster2,"몬길: STAR DIVE"
08:00,60,com.bandainamcoent.gget_WW,"SD건담 지 제네레이션 이터널"
08:00,61,com.readygo.dark.gp,"Dark War Survival"
08:00,62,com.neowizgames.game.browndust2,"브라운더스트2 - 가슴 벅찬 RPG"
08:00,63,com.epidgames.trickcalrevive,"트릭컬 리바이브"
08:00,64,com.com2us.smon.normal.freefull.google.kr.android.common,"서머너즈 워 X 장송의 프리렌"
08:00,65,com.dlw.kr.google,"시티 데몬헌터즈: 각성자들"
08:00,66,com.hollywood.merge,"할리우드 머지"
08:00,67,com.devsisters.gb,"쿠키런: 오븐브레이크"
08:00,68,com.highbrow.games.dvo,"드래곤빌리지3"
08:00,69,com.superplaystudios.disneysolitairedreams,"Disney Solitaire 디즈니 솔리테어"
08:00,70,com.nexon.he,"히간: 이루실"
08:00,71,com.greenmushroom.boomblitz.gp,"탑 히어로즈"
08:00,72,com.nexon.kart,"카트라이더 러쉬플러스"
08:00,73,com.miHoYo.GenshinImpact,"원신·공월의 노래"
08:00,74,com.webzen.muangel.google,"뮤 모나크"
08:00,75,com.gametree.lhlr.gp,"그놈은 드래곤"
08:00,76,com.NHNEnt.NDuelgo,"한게임 신맞고 : 대한민국 원조 고스톱"
08:00,77,com.dreamwalker.kr.gp,"꿈의 여행자: 별빛 여정"
08:00,78,com.merge.cooking.theme.restaurant.food,"머지 쿠킹 테마 레스토랑"
08:00,79,io.randomco.travel,"Travel Town - 결합 어드벤처"
08:00,80,com.netmarble.bnsmkr,"블레이드&소울 레볼루션"
08:00,81,com.netmarble.rfnext,"RF 온라인 넥스트"
08:00,82,com.neowiz.games.newmatgo,"피망 뉴맞고: 고스톱 대표 맞고 게임"
08:00,83,com.hariwn.legendofcivilizations,"포지 마스터 (Forge Master)"
08:00,84,com.smilegate.chaoszero.stove.google,"카오스 제로 나이트메어"
08:00,85,com.kakaogames.aaw,"아키에이지 워 (ArcheAge WAR)"
08:00,86,com.kingsgroup.sos,"S.O.S: 스테이트 오브 서바이벌"
08:00,87,com.netmarble.raven2,"레이븐2"
08:00,88,com.ddup.zombiewaves.zw,"좀비 웨이브스"
08:00,89,com.gear2.growslayer,"슬레이어 키우기"
08:00,90,com.bandainamcoent.dgup_ww,"디지몬 UP"
08:00,91,com.fiveminlab.overgeared.hero.backpack.merge,"템빨용사: 픽셀 아이템 머지 RPG"
08:00,92,com.playrix.fishdomdd.gplay,"피쉬돔 (Fishdom)"
08:00,93,com.ujoygp.flower,"오늘의 꽃"
08:00,94,com.haoplay.game.and.exilium,"소녀전선2: 망명"
08:00,95,com.zempot.wplpoker,"WPL : 홀덤, 토너먼트, 오마하, 올인폴드, 픽앤고"
08:00,96,com.joycity.im,"임진왜란: 조선의 반격"
08:00,97,com.mhclyxpb.gatja,"동방 찻집"
08:00,98,com.billionairegames.serares,"변신 키우기"
08:00,99,com.wemade.nightcrows,"나이트 크로우"
08:00,100,net.kernys.aooni,"좀비고등학교"
08:00,101,com.funplus.ts.global,"타일 서바이벌"
08:00,102,net.lightcon.windidle,"윈드러너 키우기"
08:00,103,com.zzsjkr.google,"갓깨비 키우기-999뽑기 증정"
08:00,104,com.kakaogames.umamusume,"우마무스메 프리티 더비"
08:00,105,com.netmarble.stonkey,"스톤에이지 키우기"
08:00,106,com.qjzj4399kr.google,"기적의 검"
08:00,107,com.nhn.AApoker,"한게임 로얄홀덤"
08:00,108,com.xman.kr.gp,"X 클래시"
08:00,109,kr.haoplay.game.and.reverse,"리버스: 1999"
08:00,110,jp.pokemon.pokemontcgp,"포켓몬 카드 게임 Pocket"
08:00,111,com.ryonggame.soulhunteridle,"소울 헌터 키우기 : 방치형 RPG"
08:00,112,com.dwgames.chunorpg,"추노 키우기"
08:00,113,com.ProjectMoon.LimbusCompany,"Limbus Company"
08:00,114,com.global.ztmslgkr,"퍼즐 오브 Z"
08:00,115,com.screenshake.dominodreams,"Domino Dreams™"
08:00,116,com.smilegate.lordnine.stove.google,"로드나인"
08:00,117,com.kr.lfhsgp,"그레이 사가"
08:00,118,com.play.merge.restyle,"Merge Restyle"
08:00,119,com.com2us.probaseball3d.normal.freefull.google.global.android.common,"컴투스프로야구2026"
08:00,120,net.gameduo.gv,"캣 히어로 : 방치형 RPG"
08:00,121,com.sundaytoz.mobile.anipang2.google.kakao.service,"애니팡2 - 3매치 퍼즐게임"
08:00,122,com.korea.hsbbkr.google,"도깨비 소녀와 함께"
08:00,123,com.haegin.kbo,"2026 프로야구GO!"
08:00,124,com.kr.firelite,"I9: 인페르노 나인(19) - 세로형 RPG"
08:00,125,com.zlongame.kr.langrisser,"랑그릿사"
08:00,126,com.mxdzzkr.google,"버섯커 키우기-3000뽑기 증정"
08:00,127,com.mojang.minecraftpe,"Minecraft: 나만의 세계를 꿈꾸고 만들어보세요"
08:00,128,com.gear2.letsgolegends,"레츠고 레전드!"
08:00,129,com.superplaystudios.dicedreams,"Dice Dreams™️"
08:00,130,com.yzlmkr.google,"우와 모험단"
08:00,131,com.camelgames.aoz,"에이지 오브 제트: 타워 디펜스"
08:00,132,com.ulugame.hdqykrob.google,"아케론:종말의 서곡"
08:00,133,com.netmarble.arthdal,"아스달 연대기: 세 개의 세력"
08:00,134,com.ncsoft.lineagem,"리니지M(12)"
08:00,135,com.superpixel.undyinghero,"불사용사 키우기 : 방치형 RPG"
08:00,136,com.galasports.totalfootball.kr,"Total Football - 2026 북중미 시즌"
08:00,137,com.riotgames.league.wildrift,"리그 오브 레전드: 와일드 리프트"
08:00,138,com.lilithgames.rok.gpkr,"라이즈 오브 킹덤즈"
08:00,139,com.ylqdhkr.gp,"엔터테인먼트 거물"
08:00,140,net.gameduo.anotherdungeon,"어나더던전"
08:00,141,net.peakgames.toonblast,"Toon Blast"
08:00,142,com.hybeim.architect,"아키텍트: 랜드 오브 엑자일"
08:00,143,com.supercell.clashofclans,"클래시 오브 클랜"
08:00,144,com.sopt.mafia42.client,"마피아42"
08:00,145,com.netmarble.lineageII,"리니지2 레볼루션"
08:00,146,com.hdfzxrpg.googlelb,"해적 키우기-방치형 RPG"
08:00,147,com.bilibilihk.jujutsuphanparagp,"주술회전 팬텀 퍼레이드"
08:00,148,com.MelsoftGames.FamilyIslandFarm,"패밀리 아일랜드 - 농장모험게임"
08:00,149,com.nexon.mdnf,"던전앤파이터 모바일"
08:00,150,com.games.foundation,"파운데이션: 우주 전선"
08:00,151,com.a3.topgirl.gplay,"Top Girl"
08:00,152,com.merge.game.foodstars,"푸드스타: 합쳐서 요리하기"
08:00,153,com.dwjp.gp,"애니멀 가든 - 진짜 꽃다발을 배달돼요!"
08:00,154,com.joycastle.mergematch,"Matching Story - Puzzle Games"
08:00,155,com.xmh.rpg.kr.an,"스카이 어비스: 혈맹의 서약"
08:00,156,com.kakaogames.ares,"아레스 : 라이즈 오브 가디언즈"
08:00,157,com.cyberjoy.galaxydefense,"갤럭시 디펜스 (Galaxy Defense)"
08:00,158,com.gryphline.endfield.gp,"명일방주: 엔드필드"
08:00,159,defense.roguelike.cell.shoot.survivor,"세포 특공대"
08:00,160,com.justgame.jails,"랜드 오브 제일"
08:00,161,com.gravity.rooc.android,"라그나로크 오리진 클래식"
08:00,162,com.riftsky.mhg.kr.gp,"더 코지 플로리스트"
08:00,163,com.stove.epic7.google,"에픽세븐"
08:00,164,com.pjsekai.kr,"프로젝트 세카이 컬러풀 스테이지! feat.하츠네 미쿠"
08:00,165,com.pocketchamps.game,"포켓 챔프: 3D 레이싱 게임"
08:00,166,com.sundaytoz.kakao.anipang3.service,"애니팡3 - 매치 3 퍼즐"
08:00,167,com.nns.genesis,"창세기전 키우기"
08:00,168,com.wireless.defenseland,"레이드 러시: 타워 디펜스"
08:00,169,com.gearpaw.defenders.td.game,"기어몬: 타워 디펜스"
08:00,170,com.com2us.futuremlb.android.google.global.normal,"MLB 9이닝스 라이벌 26"
08:00,171,com.igg.android.doomsdaylastsurvivors,"둠스데이: 영웅의 여정"
08:00,172,com.netmarble.ma9bkr,"마구마구 2026: 풀체인지"
08:00,173,com.smallgiantgames.empires,"엠파이어 & 퍼즐 (Empires & Puzzles)"
08:00,174,com.moonactive.cmboard,"Coin Master: 보드 어드벤처"
08:00,175,com.xone.gpkr,"ASURA: 블러드 앤 소울"
08:00,176,com.xd.TLglobal,"토치라이트: 인피니트"
08:00,177,com.gamespark.topking.gp,"탑 로드"
08:00,178,com.game.btjkr.and,"영혼 인도자：신의 이름으로"
08:00,179,com.plarium.raidlegends,"레이드: 그림자의 전설"
08:00,180,apli879756.vmz,"괴수: 진화 연대기"
08:00,181,com.netmarble.fgok,"페이트/그랜드 오더"
08:00,182,com.blizzard.diablo.immortal,"디아블로 이모탈"
08:00,183,com.pearlabyss.blackdesertm,"검은사막 모바일"
08:00,184,com.wemadeconnect.aos.lostdgl,"로스트 소드-1.5주년"
08:00,185,com.fatr.global,"호텔 레거시: 합성&리모델링"
08:00,186,com.ea.huntingsniper,"헌팅 스나이퍼"
08:00,187,com.linegames.gm,"창세기전 모바일 - 서풍의 광시곡"
08:00,188,com.webzen.r2origin.google,"R2 ORIGIN"
08:00,189,com.mymskr.gp,"호드 워:어벤저의 소환"
08:00,190,com.haoplay.game.gp.duck,"꽥꽥 구조대 - 알 폭격 디펜스"
08:00,191,com.standegg.wulin,"잠룡 : 무협 도트 RPG"
08:00,192,com.joycity.gw,"건쉽배틀 토탈워페어"
08:00,193,com.ygjszkr.google,"귀판오분전-444뽑기 증정"
08:00,194,com.netmarble.sololv,"나 혼자만 레벨업:어라이즈"
08:00,195,com.blackdust.redblue,"냥찍 히어로즈 : 방치형 RPG"
08:00,196,com.sundaytoz.kakao.anipang4,"애니팡4: 매치3 퍼즐 게임"
08:00,197,com.kakaogames.friendsKing,"프렌즈팝콘"
08:00,198,com.netease.idv.googleplay,"Identity V -제5인격"
08:00,199,com.minigame.wszj.android.gp,"Wing Fighter"
08:00,200,com.Knight.GrandQuest,"Legends Reborn: 마지막 전투"
10:00,1,com.netmarble.sol,"SOL: enchant"
10:00,2,com.HoYoverse.Nap,"젠레스 존 제로 - 주년 기념"
10:00,3,com.gof.global,"WOS: 화이트아웃 서바이벌"
10:00,4,com.kurogame.wutheringwaves.global,"명조:워더링 웨이브 - 현방 지계를 향하여"
10:00,5,com.run.tower.defense,"킹샷:Kingshot"
10:00,6,com.ncsoft.lineagem19,"리니지M"
10:00,7,com.nexon.ma,"메이플 키우기"
10:00,8,com.fun.lastwar.gp,"라스트 워: 서바이벌"
10:00,9,com.dreamgames.royalmatch,"로얄 매치 Royal Match"
10:00,10,com.kakaogames.odin,"오딘: 발할라 라이징"
10:00,11,com.roblox.client,"로블록스 (Roblox)"
10:00,12,com.mergegames.gossipharbor,"가십하버: 합성 & 스토리 게임"
10:00,13,com.proximabeta.nikke,"승리의 여신: 니케"
10:00,14,com.rxjhglkr.gp,"열혈강호: 넥스트"
10:00,15,com.percent.aos.luckydefense,"운빨존많겜"
10:00,16,com.nhnent.Qpoker,"한게임 포커"
10:00,17,game.qualiarts.hololive.dreams.com,"hololive Dreams"
10:00,18,com.nhnent.pokerclassic,"한게임포커 클래식 : 7포커 홀덤 섯다 훌라 슬롯"
10:00,19,com.devsisters.cc,"쿠키런 키우기 - 쿠키런: 크럼블"
10:00,20,com.readygo.barrel.gp,"라스트 Z: 서바이벌 슈터"
10:00,21,com.nexon.devcat.mm,"마비노기 모바일"
10:00,22,com.nexon.fmk,"FC 모바일"
10:00,23,com.HoYoverse.hkrpgoversea,"붕괴: 스타레일"
10:00,24,com.gamedots.seasideescape,"씨사이드 익스케이프: 합성 & 스토리 게임"
10:00,25,com.nexon.nsc.maplem,"메이플스토리M"
10:00,26,com.nianticlabs.pokemongo,"Pokémon GO"
10:00,27,com.fatmerge.global,"테이스티 트레블: 합성 게임"
10:00,28,com.playrix.gardenscapes,"꿈의 정원 (Gardenscapes)"
10:00,29,com.netmarble.thered,"뱀피르"
10:00,30,com.phs.global,"라스트 어사일럼: 페스트"
10:00,31,jp.co.ponos.battlecatskr,"냥코 대전쟁"
10:00,32,com.dreamgames.royalkingdom,"로얄 킹덤 (Royal Kingdom)"
10:00,33,jp.konami.pesam,"eFootball™"
10:00,34,com.ncsoft.aion2,"AION2"
10:00,35,com.bhk.newslgkr,"삼국지: 천하결전"
10:00,36,com.ncsoft.lineagew,"리니지W"
10:00,37,com.percent.aos.cooptd,"협타디: 협동 타워 디펜스"
10:00,38,com.com2us.futurecpb.android.google.global.normal,"컴투스프로야구V26"
10:00,39,com.hottagames.nte,"이환"
10:00,40,com.nexon.fo4m,"EA SPORTS FC Online M"
10:00,41,com.NHNEnt.MSudda,"한게임 섯다&맞고"
10:00,42,com.YoStarKR.Arknights,"명일방주"
10:00,43,com.king.candycrushsaga,"캔디크러쉬사가 (Candy Crush Saga)"
10:00,44,com.ncsoft.lineage2m19,"리니지2M"
10:00,45,com.neowiz.games.poker,"피망 포커 : 카지노 로얄 - 홀덤, 7포커, 바둑이"
10:00,46,com.gravity.romkrzeny.aos,"라그나로크M: Classic"
10:00,47,com.kr.firegp,"I9: 인페르노 나인"
10:00,48,com.jsjskr.google,"토이 삼국"
10:00,49,com.xd.xdtglobal.gp,"두근두근타운"
10:00,50,com.webzen.mumonarch2.google,"뮤 모나크2"
10:00,51,com.playrix.township,"꿈의 마을 (Township)"
10:00,52,com.cedargames.mysterytown,"미스터리 타운: 합성 게임 (Mystery Town)"
10:00,53,com.cola.game,"핫레스토랑: 머지&쿠킹"
10:00,54,com.netmarble.tskgb,"세븐나이츠 리버스"
10:00,55,com.supercell.brawlstars,"브롤스타즈"
10:00,56,com.pubg.krmobile,"배틀그라운드"
10:00,57,com.netmarble.monster2,"몬길: STAR DIVE"
10:00,58,com.playrix.homescapes,"꿈의 집 (Homescapes)"
10:00,59,com.devsisters.ck,"쿠키런: 킹덤"
10:00,60,com.bandainamcoent.gget_WW,"SD건담 지 제네레이션 이터널"
10:00,61,com.readygo.dark.gp,"Dark War Survival"
10:00,62,com.neowizgames.game.browndust2,"브라운더스트2 - 가슴 벅찬 RPG"
10:00,63,com.epidgames.trickcalrevive,"트릭컬 리바이브"
10:00,64,com.com2us.smon.normal.freefull.google.kr.android.common,"서머너즈 워 X 장송의 프리렌"
10:00,65,com.dlw.kr.google,"시티 데몬헌터즈: 각성자들"
10:00,66,com.hollywood.merge,"할리우드 머지"
10:00,67,com.devsisters.gb,"쿠키런: 오븐브레이크"
10:00,68,com.highbrow.games.dvo,"드래곤빌리지3"
10:00,69,com.superplaystudios.disneysolitairedreams,"Disney Solitaire 디즈니 솔리테어"
10:00,70,com.greenmushroom.boomblitz.gp,"탑 히어로즈"
10:00,71,com.nexon.he,"히간: 이루실"
10:00,72,com.webzen.muangel.google,"뮤 모나크"
10:00,73,com.nexon.kart,"카트라이더 러쉬플러스"
10:00,74,com.miHoYo.GenshinImpact,"원신·공월의 노래"
10:00,75,com.gametree.lhlr.gp,"그놈은 드래곤"
10:00,76,com.NHNEnt.NDuelgo,"한게임 신맞고 : 대한민국 원조 고스톱"
10:00,77,com.merge.cooking.theme.restaurant.food,"머지 쿠킹 테마 레스토랑"
10:00,78,com.dreamwalker.kr.gp,"꿈의 여행자: 별빛 여정"
10:00,79,com.netmarble.bnsmkr,"블레이드&소울 레볼루션"
10:00,80,io.randomco.travel,"Travel Town - 결합 어드벤처"
10:00,81,com.neowiz.games.newmatgo,"피망 뉴맞고: 고스톱 대표 맞고 게임"
10:00,82,com.smilegate.chaoszero.stove.google,"카오스 제로 나이트메어"
10:00,83,com.hariwn.legendofcivilizations,"포지 마스터 (Forge Master)"
10:00,84,com.netmarble.rfnext,"RF 온라인 넥스트"
10:00,85,com.zzsjkr.google,"갓깨비 키우기-999뽑기 증정"
10:00,86,com.gear2.growslayer,"슬레이어 키우기"
10:00,87,com.netmarble.raven2,"레이븐2"
10:00,88,com.com2us.probaseball3d.normal.freefull.google.global.android.common,"컴투스프로야구2026"
10:00,89,com.bandainamcoent.dgup_ww,"디지몬 UP"
10:00,90,com.kakaogames.aaw,"아키에이지 워 (ArcheAge WAR)"
10:00,91,com.kingsgroup.sos,"S.O.S: 스테이트 오브 서바이벌"
10:00,92,com.playrix.fishdomdd.gplay,"피쉬돔 (Fishdom)"
10:00,93,com.ddup.zombiewaves.zw,"좀비 웨이브스"
10:00,94,com.fiveminlab.overgeared.hero.backpack.merge,"템빨용사: 픽셀 아이템 머지 RPG"
10:00,95,net.kernys.aooni,"좀비고등학교"
10:00,96,com.haoplay.game.and.exilium,"소녀전선2: 망명"
10:00,97,com.ujoygp.flower,"오늘의 꽃"
10:00,98,com.zempot.wplpoker,"WPL : 홀덤, 토너먼트, 오마하, 올인폴드, 픽앤고"
10:00,99,com.joycity.im,"임진왜란: 조선의 반격"
10:00,100,com.billionairegames.serares,"변신 키우기"
10:00,101,com.mhclyxpb.gatja,"동방 찻집"
10:00,102,com.wemade.nightcrows,"나이트 크로우"
10:00,103,com.funplus.ts.global,"타일 서바이벌"
10:00,104,net.lightcon.windidle,"윈드러너 키우기"
10:00,105,com.kakaogames.umamusume,"우마무스메 프리티 더비"
10:00,106,com.netmarble.stonkey,"스톤에이지 키우기"
10:00,107,kr.haoplay.game.and.reverse,"리버스: 1999"
10:00,108,com.qjzj4399kr.google,"기적의 검"
10:00,109,com.nhn.AApoker,"한게임 로얄홀덤"
10:00,110,com.xman.kr.gp,"X 클래시"
10:00,111,jp.pokemon.pokemontcgp,"포켓몬 카드 게임 Pocket"
10:00,112,com.ProjectMoon.LimbusCompany,"Limbus Company"
10:00,113,com.ryonggame.soulhunteridle,"소울 헌터 키우기 : 방치형 RPG"
10:00,114,com.global.ztmslgkr,"퍼즐 오브 Z"
10:00,115,com.dwgames.chunorpg,"추노 키우기"
10:00,116,com.smilegate.lordnine.stove.google,"로드나인"
10:00,117,com.screenshake.dominodreams,"Domino Dreams™"
10:00,118,com.korea.hsbbkr.google,"도깨비 소녀와 함께"
10:00,119,com.kr.lfhsgp,"그레이 사가"
10:00,120,com.play.merge.restyle,"Merge Restyle"
10:00,121,com.mxdzzkr.google,"버섯커 키우기-3000뽑기 증정"
10:00,122,net.gameduo.gv,"캣 히어로 : 방치형 RPG"
10:00,123,com.haegin.kbo,"2026 프로야구GO!"
10:00,124,com.sundaytoz.mobile.anipang2.google.kakao.service,"애니팡2 - 3매치 퍼즐게임"
10:00,125,com.kr.firelite,"I9: 인페르노 나인(19) - 세로형 RPG"
10:00,126,com.zlongame.kr.langrisser,"랑그릿사"
10:00,127,com.mojang.minecraftpe,"Minecraft: 나만의 세계를 꿈꾸고 만들어보세요"
10:00,128,com.gear2.letsgolegends,"레츠고 레전드!"
10:00,129,com.superplaystudios.dicedreams,"Dice Dreams™️"
10:00,130,com.netmarble.arthdal,"아스달 연대기: 세 개의 세력"
10:00,131,com.yzlmkr.google,"우와 모험단"
10:00,132,com.camelgames.aoz,"에이지 오브 제트: 타워 디펜스"
10:00,133,com.ulugame.hdqykrob.google,"아케론:종말의 서곡"
10:00,134,com.ncsoft.lineagem,"리니지M(12)"
10:00,135,com.superpixel.undyinghero,"불사용사 키우기 : 방치형 RPG"
10:00,136,com.galasports.totalfootball.kr,"Total Football - 2026 북중미 시즌"
10:00,137,com.lilithgames.rok.gpkr,"라이즈 오브 킹덤즈"
10:00,138,com.riotgames.league.wildrift,"리그 오브 레전드: 와일드 리프트"
10:00,139,com.hybeim.architect,"아키텍트: 랜드 오브 엑자일"
10:00,140,com.ylqdhkr.gp,"엔터테인먼트 거물"
10:00,141,net.gameduo.anotherdungeon,"어나더던전"
10:00,142,net.peakgames.toonblast,"Toon Blast"
10:00,143,com.com2us.futuremlb.android.google.global.normal,"MLB 9이닝스 라이벌 26"
10:00,144,com.supercell.clashofclans,"클래시 오브 클랜"
10:00,145,com.sopt.mafia42.client,"마피아42"
10:00,146,com.riftsky.mhg.kr.gp,"더 코지 플로리스트"
10:00,147,com.hdfzxrpg.googlelb,"해적 키우기-방치형 RPG"
10:00,148,com.dwjp.gp,"애니멀 가든 - 진짜 꽃다발을 배달돼요!"
10:00,149,com.netmarble.lineageII,"리니지2 레볼루션"
10:00,150,com.bilibilihk.jujutsuphanparagp,"주술회전 팬텀 퍼레이드"
10:00,151,com.nexon.mdnf,"던전앤파이터 모바일"
10:00,152,com.MelsoftGames.FamilyIslandFarm,"패밀리 아일랜드 - 농장모험게임"
10:00,153,com.games.foundation,"파운데이션: 우주 전선"
10:00,154,com.a3.topgirl.gplay,"Top Girl"
10:00,155,com.merge.game.foodstars,"푸드스타: 합쳐서 요리하기"
10:00,156,com.gravity.rooc.android,"라그나로크 오리진 클래식"
10:00,157,com.xone.gpkr,"ASURA: 블러드 앤 소울"
10:00,158,defense.roguelike.cell.shoot.survivor,"세포 특공대"
10:00,159,com.gryphline.endfield.gp,"명일방주: 엔드필드"
10:00,160,com.xmh.rpg.kr.an,"스카이 어비스: 혈맹의 서약"
10:00,161,com.joycastle.mergematch,"Matching Story - Puzzle Games"
10:00,162,com.cyberjoy.galaxydefense,"갤럭시 디펜스 (Galaxy Defense)"
10:00,163,com.kakaogames.ares,"아레스 : 라이즈 오브 가디언즈"
10:00,164,com.justgame.jails,"랜드 오브 제일"
10:00,165,com.sundaytoz.kakao.anipang3.service,"애니팡3 - 매치 3 퍼즐"
10:00,166,com.stove.epic7.google,"에픽세븐"
10:00,167,com.nns.genesis,"창세기전 키우기"
10:00,168,com.pocketchamps.game,"포켓 챔프: 3D 레이싱 게임"
10:00,169,com.gearpaw.defenders.td.game,"기어몬: 타워 디펜스"
10:00,170,com.pjsekai.kr,"프로젝트 세카이 컬러풀 스테이지! feat.하츠네 미쿠"
10:00,171,com.netmarble.ma9bkr,"마구마구 2026: 풀체인지"
10:00,172,com.wireless.defenseland,"레이드 러시: 타워 디펜스"
10:00,173,com.igg.android.doomsdaylastsurvivors,"둠스데이: 영웅의 여정"
10:00,174,com.smallgiantgames.empires,"엠파이어 & 퍼즐 (Empires & Puzzles)"
10:00,175,com.moonactive.cmboard,"Coin Master: 보드 어드벤처"
10:00,176,com.gamespark.topking.gp,"탑 로드"
10:00,177,com.xd.TLglobal,"토치라이트: 인피니트"
10:00,178,com.netmarble.fgok,"페이트/그랜드 오더"
10:00,179,com.plarium.raidlegends,"레이드: 그림자의 전설"
10:00,180,com.game.btjkr.and,"영혼 인도자：신의 이름으로"
10:00,181,apli879756.vmz,"괴수: 진화 연대기"
10:00,182,com.blizzard.diablo.immortal,"디아블로 이모탈"
10:00,183,com.pearlabyss.blackdesertm,"검은사막 모바일"
10:00,184,com.wemadeconnect.aos.lostdgl,"로스트 소드-1.5주년"
10:00,185,com.ea.huntingsniper,"헌팅 스나이퍼"
10:00,186,com.fatr.global,"호텔 레거시: 합성&리모델링"
10:00,187,com.linegames.gm,"창세기전 모바일 - 서풍의 광시곡"
10:00,188,com.webzen.r2origin.google,"R2 ORIGIN"
10:00,189,com.mymskr.gp,"호드 워:어벤저의 소환"
10:00,190,com.joycity.gw,"건쉽배틀 토탈워페어"
10:00,191,com.haoplay.game.gp.duck,"꽥꽥 구조대 - 알 폭격 디펜스"
10:00,192,com.ygjszkr.google,"귀판오분전-444뽑기 증정"
10:00,193,com.standegg.wulin,"잠룡 : 무협 도트 RPG"
10:00,194,com.minigame.wszj.android.gp,"Wing Fighter"
10:00,195,com.netmarble.sololv,"나 혼자만 레벨업:어라이즈"
10:00,196,com.blackdust.redblue,"냥찍 히어로즈 : 방치형 RPG"
10:00,197,com.sundaytoz.kakao.anipang4,"애니팡4: 매치3 퍼즐 게임"
10:00,198,com.kakaogames.friendsKing,"프렌즈팝콘"
10:00,199,com.netease.idv.googleplay,"Identity V -제5인격"
10:00,200,com.rxjhkr.an,"열혈강호: 귀환"
13:30,1,com.netmarble.sol,"SOL: enchant"
13:30,2,com.HoYoverse.Nap,"젠레스 존 제로 - 주년 기념"
13:30,3,com.gof.global,"WOS: 화이트아웃 서바이벌"
13:30,4,com.ncsoft.lineagem19,"리니지M"
13:30,5,com.kurogame.wutheringwaves.global,"명조:워더링 웨이브 - 현방 지계를 향하여"
13:30,6,com.run.tower.defense,"킹샷:Kingshot"
13:30,7,com.nexon.ma,"메이플 키우기"
13:30,8,com.kakaogames.odin,"오딘: 발할라 라이징"
13:30,9,com.fun.lastwar.gp,"라스트 워: 서바이벌"
13:30,10,com.dreamgames.royalmatch,"로얄 매치 Royal Match"
13:30,11,com.roblox.client,"로블록스 (Roblox)"
13:30,12,com.mergegames.gossipharbor,"가십하버: 합성 & 스토리 게임"
13:30,13,com.proximabeta.nikke,"승리의 여신: 니케"
13:30,14,com.rxjhglkr.gp,"열혈강호: 넥스트"
13:30,15,com.percent.aos.luckydefense,"운빨존많겜"
13:30,16,com.nhnent.Qpoker,"한게임 포커"
13:30,17,com.nhnent.pokerclassic,"한게임포커 클래식 : 7포커 홀덤 섯다 훌라 슬롯"
13:30,18,game.qualiarts.hololive.dreams.com,"hololive Dreams"
13:30,19,com.readygo.barrel.gp,"라스트 Z: 서바이벌 슈터"
13:30,20,com.devsisters.cc,"쿠키런 키우기 - 쿠키런: 크럼블"
13:30,21,com.nexon.nsc.maplem,"메이플스토리M"
13:30,22,com.HoYoverse.hkrpgoversea,"붕괴: 스타레일"
13:30,23,com.nexon.fmk,"FC 모바일"
13:30,24,com.nexon.devcat.mm,"마비노기 모바일"
13:30,25,com.gamedots.seasideescape,"씨사이드 익스케이프: 합성 & 스토리 게임"
13:30,26,com.fatmerge.global,"테이스티 트레블: 합성 게임"
13:30,27,com.nianticlabs.pokemongo,"Pokémon GO"
13:30,28,com.netmarble.thered,"뱀피르"
13:30,29,com.playrix.gardenscapes,"꿈의 정원 (Gardenscapes)"
13:30,30,com.phs.global,"라스트 어사일럼: 페스트"
13:30,31,jp.co.ponos.battlecatskr,"냥코 대전쟁"
13:30,32,com.dreamgames.royalkingdom,"로얄 킹덤 (Royal Kingdom)"
13:30,33,com.ncsoft.aion2,"AION2"
13:30,34,jp.konami.pesam,"eFootball™"
13:30,35,com.bhk.newslgkr,"삼국지: 천하결전"
13:30,36,com.ncsoft.lineagew,"리니지W"
13:30,37,com.nexon.fo4m,"EA SPORTS FC Online M"
13:30,38,com.percent.aos.cooptd,"협타디: 협동 타워 디펜스"
13:30,39,com.com2us.futurecpb.android.google.global.normal,"컴투스프로야구V26"
13:30,40,com.NHNEnt.MSudda,"한게임 섯다&맞고"
13:30,41,com.hottagames.nte,"이환"
13:30,42,com.YoStarKR.Arknights,"명일방주"
13:30,43,com.neowiz.games.poker,"피망 포커 : 카지노 로얄 - 홀덤, 7포커, 바둑이"
13:30,44,com.ncsoft.lineage2m19,"리니지2M"
13:30,45,com.king.candycrushsaga,"캔디크러쉬사가 (Candy Crush Saga)"
13:30,46,com.jsjskr.google,"토이 삼국"
13:30,47,com.pubg.krmobile,"배틀그라운드"
13:30,48,com.netmarble.tskgb,"세븐나이츠 리버스"
13:30,49,com.kr.firegp,"I9: 인페르노 나인"
13:30,50,com.webzen.mumonarch2.google,"뮤 모나크2"
13:30,51,com.xd.xdtglobal.gp,"두근두근타운"
13:30,52,com.gravity.romkrzeny.aos,"라그나로크M: Classic"
13:30,53,com.playrix.township,"꿈의 마을 (Township)"
13:30,54,com.cola.game,"핫레스토랑: 머지&쿠킹"
13:30,55,com.cedargames.mysterytown,"미스터리 타운: 합성 게임 (Mystery Town)"
13:30,56,com.epidgames.trickcalrevive,"트릭컬 리바이브"
13:30,57,com.supercell.brawlstars,"브롤스타즈"
13:30,58,com.netmarble.monster2,"몬길: STAR DIVE"
13:30,59,com.playrix.homescapes,"꿈의 집 (Homescapes)"
13:30,60,com.devsisters.ck,"쿠키런: 킹덤"
13:30,61,com.bandainamcoent.gget_WW,"SD건담 지 제네레이션 이터널"
13:30,62,com.readygo.dark.gp,"Dark War Survival"
13:30,63,com.neowizgames.game.browndust2,"브라운더스트2 - 가슴 벅찬 RPG"
13:30,64,com.com2us.smon.normal.freefull.google.kr.android.common,"서머너즈 워 X 장송의 프리렌"
13:30,65,com.dlw.kr.google,"시티 데몬헌터즈: 각성자들"
13:30,66,com.hollywood.merge,"할리우드 머지"
13:30,67,com.devsisters.gb,"쿠키런: 오븐브레이크"
13:30,68,com.nexon.kart,"카트라이더 러쉬플러스"
13:30,69,com.highbrow.games.dvo,"드래곤빌리지3"
13:30,70,com.superplaystudios.disneysolitairedreams,"Disney Solitaire 디즈니 솔리테어"
13:30,71,com.greenmushroom.boomblitz.gp,"탑 히어로즈"
13:30,72,com.webzen.muangel.google,"뮤 모나크"
13:30,73,com.gametree.lhlr.gp,"그놈은 드래곤"
13:30,74,com.nexon.he,"히간: 이루실"
13:30,75,com.miHoYo.GenshinImpact,"원신·공월의 노래"
13:30,76,com.NHNEnt.NDuelgo,"한게임 신맞고 : 대한민국 원조 고스톱"
13:30,77,com.netmarble.bnsmkr,"블레이드&소울 레볼루션"
13:30,78,com.netmarble.rfnext,"RF 온라인 넥스트"
13:30,79,com.dreamwalker.kr.gp,"꿈의 여행자: 별빛 여정"
13:30,80,com.zempot.wplpoker,"WPL : 홀덤, 토너먼트, 오마하, 올인폴드, 픽앤고"
13:30,81,com.zzsjkr.google,"갓깨비 키우기-999뽑기 증정"
13:30,82,com.com2us.probaseball3d.normal.freefull.google.global.android.common,"컴투스프로야구2026"
13:30,83,com.merge.cooking.theme.restaurant.food,"머지 쿠킹 테마 레스토랑"
13:30,84,io.randomco.travel,"Travel Town - 결합 어드벤처"
13:30,85,com.smilegate.chaoszero.stove.google,"카오스 제로 나이트메어"
13:30,86,com.neowiz.games.newmatgo,"피망 뉴맞고: 고스톱 대표 맞고 게임"
13:30,87,com.netmarble.raven2,"레이븐2"
13:30,88,com.gear2.growslayer,"슬레이어 키우기"
13:30,89,com.kakaogames.aaw,"아키에이지 워 (ArcheAge WAR)"
13:30,90,com.hariwn.legendofcivilizations,"포지 마스터 (Forge Master)"
13:30,91,com.haoplay.game.and.exilium,"소녀전선2: 망명"
13:30,92,com.wemade.nightcrows,"나이트 크로우"
13:30,93,com.ujoygp.flower,"오늘의 꽃"
13:30,94,com.bandainamcoent.dgup_ww,"디지몬 UP"
13:30,95,com.fiveminlab.overgeared.hero.backpack.merge,"템빨용사: 픽셀 아이템 머지 RPG"
13:30,96,com.playrix.fishdomdd.gplay,"피쉬돔 (Fishdom)"
13:30,97,com.kingsgroup.sos,"S.O.S: 스테이트 오브 서바이벌"
13:30,98,com.ddup.zombiewaves.zw,"좀비 웨이브스"
13:30,99,com.joycity.im,"임진왜란: 조선의 반격"
13:30,100,net.kernys.aooni,"좀비고등학교"
13:30,101,com.billionairegames.serares,"변신 키우기"
13:30,102,com.mhclyxpb.gatja,"동방 찻집"
13:30,103,com.funplus.ts.global,"타일 서바이벌"
13:30,104,com.qjzj4399kr.google,"기적의 검"
13:30,105,net.lightcon.windidle,"윈드러너 키우기"
13:30,106,com.kakaogames.umamusume,"우마무스메 프리티 더비"
13:30,107,com.netmarble.stonkey,"스톤에이지 키우기"
13:30,108,com.nhn.AApoker,"한게임 로얄홀덤"
13:30,109,com.smilegate.lordnine.stove.google,"로드나인"
13:30,110,com.xman.kr.gp,"X 클래시"
13:30,111,kr.haoplay.game.and.reverse,"리버스: 1999"
13:30,112,com.ProjectMoon.LimbusCompany,"Limbus Company"
13:30,113,com.dwgames.chunorpg,"추노 키우기"
13:30,114,com.ryonggame.soulhunteridle,"소울 헌터 키우기 : 방치형 RPG"
13:30,115,jp.pokemon.pokemontcgp,"포켓몬 카드 게임 Pocket"
13:30,116,com.global.ztmslgkr,"퍼즐 오브 Z"
13:30,117,com.korea.hsbbkr.google,"도깨비 소녀와 함께"
13:30,118,com.kr.lfhsgp,"그레이 사가"
13:30,119,com.screenshake.dominodreams,"Domino Dreams™"
13:30,120,com.ncsoft.lineagem,"리니지M(12)"
13:30,121,com.yzlmkr.google,"우와 모험단"
13:30,122,com.mxdzzkr.google,"버섯커 키우기-3000뽑기 증정"
13:30,123,com.play.merge.restyle,"Merge Restyle"
13:30,124,com.kr.firelite,"I9: 인페르노 나인(19) - 세로형 RPG"
13:30,125,com.sundaytoz.mobile.anipang2.google.kakao.service,"애니팡2 - 3매치 퍼즐게임"
13:30,126,com.zlongame.kr.langrisser,"랑그릿사"
13:30,127,net.gameduo.gv,"캣 히어로 : 방치형 RPG"
13:30,128,com.haegin.kbo,"2026 프로야구GO!"
13:30,129,com.ulugame.hdqykrob.google,"아케론:종말의 서곡"
13:30,130,com.superplaystudios.dicedreams,"Dice Dreams™️"
13:30,131,com.netmarble.arthdal,"아스달 연대기: 세 개의 세력"
13:30,132,com.gear2.letsgolegends,"레츠고 레전드!"
13:30,133,com.mojang.minecraftpe,"Minecraft: 나만의 세계를 꿈꾸고 만들어보세요"
13:30,134,com.superpixel.undyinghero,"불사용사 키우기 : 방치형 RPG"
13:30,135,com.camelgames.aoz,"에이지 오브 제트: 타워 디펜스"
13:30,136,com.galasports.totalfootball.kr,"Total Football - 2026 북중미 시즌"
13:30,137,com.hybeim.architect,"아키텍트: 랜드 오브 엑자일"
13:30,138,com.ylqdhkr.gp,"엔터테인먼트 거물"
13:30,139,com.sopt.mafia42.client,"마피아42"
13:30,140,net.peakgames.toonblast,"Toon Blast"
13:30,141,com.com2us.futuremlb.android.google.global.normal,"MLB 9이닝스 라이벌 26"
13:30,142,com.riotgames.league.wildrift,"리그 오브 레전드: 와일드 리프트"
13:30,143,com.nexon.mdnf,"던전앤파이터 모바일"
13:30,144,com.lilithgames.rok.gpkr,"라이즈 오브 킹덤즈"
13:30,145,com.games.foundation,"파운데이션: 우주 전선"
13:30,146,com.hdfzxrpg.googlelb,"해적 키우기-방치형 RPG"
13:30,147,net.gameduo.anotherdungeon,"어나더던전"
13:30,148,com.dwjp.gp,"애니멀 가든 - 진짜 꽃다발을 배달돼요!"
13:30,149,com.riftsky.mhg.kr.gp,"더 코지 플로리스트"
13:30,150,com.bilibilihk.jujutsuphanparagp,"주술회전 팬텀 퍼레이드"
13:30,151,com.supercell.clashofclans,"클래시 오브 클랜"
13:30,152,com.netmarble.lineageII,"리니지2 레볼루션"
13:30,153,com.MelsoftGames.FamilyIslandFarm,"패밀리 아일랜드 - 농장모험게임"
13:30,154,com.xone.gpkr,"ASURA: 블러드 앤 소울"
13:30,155,com.merge.game.foodstars,"푸드스타: 합쳐서 요리하기"
13:30,156,com.a3.topgirl.gplay,"Top Girl"
13:30,157,com.gravity.rooc.android,"라그나로크 오리진 클래식"
13:30,158,com.joycastle.mergematch,"Matching Story - Puzzle Games"
13:30,159,com.xmh.rpg.kr.an,"스카이 어비스: 혈맹의 서약"
13:30,160,defense.roguelike.cell.shoot.survivor,"세포 특공대"
13:30,161,com.cyberjoy.galaxydefense,"갤럭시 디펜스 (Galaxy Defense)"
13:30,162,com.justgame.jails,"랜드 오브 제일"
13:30,163,com.gryphline.endfield.gp,"명일방주: 엔드필드"
13:30,164,com.kakaogames.ares,"아레스 : 라이즈 오브 가디언즈"
13:30,165,com.gearpaw.defenders.td.game,"기어몬: 타워 디펜스"
13:30,166,com.stove.epic7.google,"에픽세븐"
13:30,167,com.pocketchamps.game,"포켓 챔프: 3D 레이싱 게임"
13:30,168,com.pjsekai.kr,"프로젝트 세카이 컬러풀 스테이지! feat.하츠네 미쿠"
13:30,169,com.igg.android.doomsdaylastsurvivors,"둠스데이: 영웅의 여정"
13:30,170,com.wireless.defenseland,"레이드 러시: 타워 디펜스"
13:30,171,com.nns.genesis,"창세기전 키우기"
13:30,172,com.sundaytoz.kakao.anipang3.service,"애니팡3 - 매치 3 퍼즐"
13:30,173,com.netmarble.fgok,"페이트/그랜드 오더"
13:30,174,com.moonactive.cmboard,"Coin Master: 보드 어드벤처"
13:30,175,com.webzen.r2origin.google,"R2 ORIGIN"
13:30,176,com.xd.TLglobal,"토치라이트: 인피니트"
13:30,177,com.netmarble.ma9bkr,"마구마구 2026: 풀체인지"
13:30,178,com.smallgiantgames.empires,"엠파이어 & 퍼즐 (Empires & Puzzles)"
13:30,179,com.blizzard.diablo.immortal,"디아블로 이모탈"
13:30,180,com.game.btjkr.and,"영혼 인도자：신의 이름으로"
13:30,181,apli879756.vmz,"괴수: 진화 연대기"
13:30,182,com.gamespark.topking.gp,"탑 로드"
13:30,183,com.plarium.raidlegends,"레이드: 그림자의 전설"
13:30,184,com.mymskr.gp,"호드 워:어벤저의 소환"
13:30,185,com.linegames.gm,"창세기전 모바일 - 서풍의 광시곡"
13:30,186,com.pearlabyss.blackdesertm,"검은사막 모바일"
13:30,187,com.wemadeconnect.aos.lostdgl,"로스트 소드-1.5주년"
13:30,188,com.ea.huntingsniper,"헌팅 스나이퍼"
13:30,189,com.minigame.wszj.android.gp,"Wing Fighter"
13:30,190,com.fatr.global,"호텔 레거시: 합성&리모델링"
13:30,191,com.netmarble.sololv,"나 혼자만 레벨업:어라이즈"
13:30,192,com.haoplay.game.gp.duck,"꽥꽥 구조대 - 알 폭격 디펜스"
13:30,193,com.joycity.gw,"건쉽배틀 토탈워페어"
13:30,194,com.ygjszkr.google,"귀판오분전-444뽑기 증정"
13:30,195,com.Volcanus.Cheonsammu.aos,"천마지만 삼국지에서 무쌍중입니다"
13:30,196,com.sundaytoz.kakao.anipang4,"애니팡4: 매치3 퍼즐 게임"
13:30,197,com.standegg.wulin,"잠룡 : 무협 도트 RPG"
13:30,198,com.kakaogames.friendsKing,"프렌즈팝콘"
13:30,199,com.netease.dfjskr,"레이싱 마스터(Racing Master)"
13:30,200,com.blackdust.redblue,"냥찍 히어로즈 : 방치형 RPG"
16:00,1,com.netmarble.sol,"SOL: enchant"
16:00,2,com.HoYoverse.Nap,"젠레스 존 제로 - 주년 기념"
16:00,3,com.gof.global,"WOS: 화이트아웃 서바이벌"
16:00,4,com.ncsoft.lineagem19,"리니지M"
16:00,5,com.kurogame.wutheringwaves.global,"명조:워더링 웨이브 - 현방 지계를 향하여"
16:00,6,com.run.tower.defense,"킹샷:Kingshot"
16:00,7,com.kakaogames.odin,"오딘: 발할라 라이징"
16:00,8,com.nexon.ma,"메이플 키우기"
16:00,9,com.fun.lastwar.gp,"라스트 워: 서바이벌"
16:00,10,com.dreamgames.royalmatch,"로얄 매치 Royal Match"
16:00,11,com.roblox.client,"로블록스 (Roblox)"
16:00,12,com.mergegames.gossipharbor,"가십하버: 합성 & 스토리 게임"
16:00,13,com.proximabeta.nikke,"승리의 여신: 니케"
16:00,14,com.rxjhglkr.gp,"열혈강호: 넥스트"
16:00,15,com.percent.aos.luckydefense,"운빨존많겜"
16:00,16,com.nhnent.pokerclassic,"한게임포커 클래식 : 7포커 홀덤 섯다 훌라 슬롯"
16:00,17,com.nhnent.Qpoker,"한게임 포커"
16:00,18,com.devsisters.cc,"쿠키런 키우기 - 쿠키런: 크럼블"
16:00,19,game.qualiarts.hololive.dreams.com,"hololive Dreams"
16:00,20,com.readygo.barrel.gp,"라스트 Z: 서바이벌 슈터"
16:00,21,com.nexon.nsc.maplem,"메이플스토리M"
16:00,22,com.HoYoverse.hkrpgoversea,"붕괴: 스타레일"
16:00,23,com.nexon.fmk,"FC 모바일"
16:00,24,com.gamedots.seasideescape,"씨사이드 익스케이프: 합성 & 스토리 게임"
16:00,25,com.nexon.devcat.mm,"마비노기 모바일"
16:00,26,com.fatmerge.global,"테이스티 트레블: 합성 게임"
16:00,27,com.nianticlabs.pokemongo,"Pokémon GO"
16:00,28,com.netmarble.thered,"뱀피르"
16:00,29,com.playrix.gardenscapes,"꿈의 정원 (Gardenscapes)"
16:00,30,com.phs.global,"라스트 어사일럼: 페스트"
16:00,31,jp.co.ponos.battlecatskr,"냥코 대전쟁"
16:00,32,com.ncsoft.aion2,"AION2"
16:00,33,com.dreamgames.royalkingdom,"로얄 킹덤 (Royal Kingdom)"
16:00,34,jp.konami.pesam,"eFootball™"
16:00,35,com.bhk.newslgkr,"삼국지: 천하결전"
16:00,36,com.nexon.fo4m,"EA SPORTS FC Online M"
16:00,37,com.ncsoft.lineagew,"리니지W"
16:00,38,com.percent.aos.cooptd,"협타디: 협동 타워 디펜스"
16:00,39,com.com2us.futurecpb.android.google.global.normal,"컴투스프로야구V26"
16:00,40,com.hottagames.nte,"이환"
16:00,41,com.NHNEnt.MSudda,"한게임 섯다&맞고"
16:00,42,com.neowiz.games.poker,"피망 포커 : 카지노 로얄 - 홀덤, 7포커, 바둑이"
16:00,43,com.YoStarKR.Arknights,"명일방주"
16:00,44,com.ncsoft.lineage2m19,"리니지2M"
16:00,45,com.king.candycrushsaga,"캔디크러쉬사가 (Candy Crush Saga)"
16:00,46,com.epidgames.trickcalrevive,"트릭컬 리바이브"
16:00,47,com.jsjskr.google,"토이 삼국"
16:00,48,com.gravity.romkrzeny.aos,"라그나로크M: Classic"
16:00,49,com.kr.firegp,"I9: 인페르노 나인"
16:00,50,com.xd.xdtglobal.gp,"두근두근타운"
16:00,51,com.webzen.mumonarch2.google,"뮤 모나크2"
16:00,52,com.pubg.krmobile,"배틀그라운드"
16:00,53,com.netmarble.tskgb,"세븐나이츠 리버스"
16:00,54,com.playrix.township,"꿈의 마을 (Township)"
16:00,55,com.cedargames.mysterytown,"미스터리 타운: 합성 게임 (Mystery Town)"
16:00,56,com.cola.game,"핫레스토랑: 머지&쿠킹"
16:00,57,com.supercell.brawlstars,"브롤스타즈"
16:00,58,com.playrix.homescapes,"꿈의 집 (Homescapes)"
16:00,59,com.devsisters.ck,"쿠키런: 킹덤"
16:00,60,com.netmarble.monster2,"몬길: STAR DIVE"
16:00,61,com.bandainamcoent.gget_WW,"SD건담 지 제네레이션 이터널"
16:00,62,com.readygo.dark.gp,"Dark War Survival"
16:00,63,com.neowizgames.game.browndust2,"브라운더스트2 - 가슴 벅찬 RPG"
16:00,64,com.com2us.smon.normal.freefull.google.kr.android.common,"서머너즈 워 X 장송의 프리렌"
16:00,65,com.dlw.kr.google,"시티 데몬헌터즈: 각성자들"
16:00,66,com.hollywood.merge,"할리우드 머지"
16:00,67,com.highbrow.games.dvo,"드래곤빌리지3"
16:00,68,com.devsisters.gb,"쿠키런: 오븐브레이크"
16:00,69,com.nexon.he,"히간: 이루실"
16:00,70,com.greenmushroom.boomblitz.gp,"탑 히어로즈"
16:00,71,com.superplaystudios.disneysolitairedreams,"Disney Solitaire 디즈니 솔리테어"
16:00,72,com.nexon.kart,"카트라이더 러쉬플러스"
16:00,73,com.webzen.muangel.google,"뮤 모나크"
16:00,74,com.NHNEnt.NDuelgo,"한게임 신맞고 : 대한민국 원조 고스톱"
16:00,75,com.miHoYo.GenshinImpact,"원신·공월의 노래"
16:00,76,com.gametree.lhlr.gp,"그놈은 드래곤"
16:00,77,com.netmarble.rfnext,"RF 온라인 넥스트"
16:00,78,com.zempot.wplpoker,"WPL : 홀덤, 토너먼트, 오마하, 올인폴드, 픽앤고"
16:00,79,com.dreamwalker.kr.gp,"꿈의 여행자: 별빛 여정"
16:00,80,com.com2us.probaseball3d.normal.freefull.google.global.android.common,"컴투스프로야구2026"
16:00,81,com.netmarble.bnsmkr,"블레이드&소울 레볼루션"
16:00,82,com.zzsjkr.google,"갓깨비 키우기-999뽑기 증정"
16:00,83,com.neowiz.games.newmatgo,"피망 뉴맞고: 고스톱 대표 맞고 게임"
16:00,84,com.hariwn.legendofcivilizations,"포지 마스터 (Forge Master)"
16:00,85,io.randomco.travel,"Travel Town - 결합 어드벤처"
16:00,86,com.merge.cooking.theme.restaurant.food,"머지 쿠킹 테마 레스토랑"
16:00,87,com.netmarble.raven2,"레이븐2"
16:00,88,com.smilegate.chaoszero.stove.google,"카오스 제로 나이트메어"
16:00,89,com.ujoygp.flower,"오늘의 꽃"
16:00,90,com.wemade.nightcrows,"나이트 크로우"
16:00,91,com.gear2.growslayer,"슬레이어 키우기"
16:00,92,com.joycity.im,"임진왜란: 조선의 반격"
16:00,93,com.kakaogames.aaw,"아키에이지 워 (ArcheAge WAR)"
16:00,94,com.ddup.zombiewaves.zw,"좀비 웨이브스"
16:00,95,com.bandainamcoent.dgup_ww,"디지몬 UP"
16:00,96,com.kingsgroup.sos,"S.O.S: 스테이트 오브 서바이벌"
16:00,97,com.haoplay.game.and.exilium,"소녀전선2: 망명"
16:00,98,com.billionairegames.serares,"변신 키우기"
16:00,99,com.fiveminlab.overgeared.hero.backpack.merge,"템빨용사: 픽셀 아이템 머지 RPG"
16:00,100,com.playrix.fishdomdd.gplay,"피쉬돔 (Fishdom)"
16:00,101,com.netmarble.stonkey,"스톤에이지 키우기"
16:00,102,com.funplus.ts.global,"타일 서바이벌"
16:00,103,net.kernys.aooni,"좀비고등학교"
16:00,104,com.qjzj4399kr.google,"기적의 검"
16:00,105,com.mhclyxpb.gatja,"동방 찻집"
16:00,106,net.lightcon.windidle,"윈드러너 키우기"
16:00,107,com.ncsoft.lineagem,"리니지M(12)"
16:00,108,com.smilegate.lordnine.stove.google,"로드나인"
16:00,109,com.kakaogames.umamusume,"우마무스메 프리티 더비"
16:00,110,com.nhn.AApoker,"한게임 로얄홀덤"
16:00,111,kr.haoplay.game.and.reverse,"리버스: 1999"
16:00,112,com.dwgames.chunorpg,"추노 키우기"
16:00,113,com.xman.kr.gp,"X 클래시"
16:00,114,com.yzlmkr.google,"우와 모험단"
16:00,115,jp.pokemon.pokemontcgp,"포켓몬 카드 게임 Pocket"
16:00,116,com.ProjectMoon.LimbusCompany,"Limbus Company"
16:00,117,com.ryonggame.soulhunteridle,"소울 헌터 키우기 : 방치형 RPG"
16:00,118,com.korea.hsbbkr.google,"도깨비 소녀와 함께"
16:00,119,com.global.ztmslgkr,"퍼즐 오브 Z"
16:00,120,com.mxdzzkr.google,"버섯커 키우기-3000뽑기 증정"
16:00,121,com.kr.lfhsgp,"그레이 사가"
16:00,122,com.screenshake.dominodreams,"Domino Dreams™"
16:00,123,com.sundaytoz.mobile.anipang2.google.kakao.service,"애니팡2 - 3매치 퍼즐게임"
16:00,124,com.play.merge.restyle,"Merge Restyle"
16:00,125,com.haegin.kbo,"2026 프로야구GO!"
16:00,126,net.gameduo.gv,"캣 히어로 : 방치형 RPG"
16:00,127,com.netmarble.arthdal,"아스달 연대기: 세 개의 세력"
16:00,128,com.ulugame.hdqykrob.google,"아케론:종말의 서곡"
16:00,129,com.kr.firelite,"I9: 인페르노 나인(19) - 세로형 RPG"
16:00,130,com.camelgames.aoz,"에이지 오브 제트: 타워 디펜스"
16:00,131,com.zlongame.kr.langrisser,"랑그릿사"
16:00,132,com.superplaystudios.dicedreams,"Dice Dreams™️"
16:00,133,com.mojang.minecraftpe,"Minecraft: 나만의 세계를 꿈꾸고 만들어보세요"
16:00,134,com.gear2.letsgolegends,"레츠고 레전드!"
16:00,135,com.superpixel.undyinghero,"불사용사 키우기 : 방치형 RPG"
16:00,136,com.netmarble.lineageII,"리니지2 레볼루션"
16:00,137,com.hybeim.architect,"아키텍트: 랜드 오브 엑자일"
16:00,138,com.riftsky.mhg.kr.gp,"더 코지 플로리스트"
16:00,139,com.galasports.totalfootball.kr,"Total Football - 2026 북중미 시즌"
16:00,140,com.com2us.futuremlb.android.google.global.normal,"MLB 9이닝스 라이벌 26"
16:00,141,com.ylqdhkr.gp,"엔터테인먼트 거물"
16:00,142,com.riotgames.league.wildrift,"리그 오브 레전드: 와일드 리프트"
16:00,143,com.hdfzxrpg.googlelb,"해적 키우기-방치형 RPG"
16:00,144,com.dwjp.gp,"애니멀 가든 - 진짜 꽃다발을 배달돼요!"
16:00,145,com.sopt.mafia42.client,"마피아42"
16:00,146,net.peakgames.toonblast,"Toon Blast"
16:00,147,net.gameduo.anotherdungeon,"어나더던전"
16:00,148,com.nexon.mdnf,"던전앤파이터 모바일"
16:00,149,com.lilithgames.rok.gpkr,"라이즈 오브 킹덤즈"
16:00,150,com.games.foundation,"파운데이션: 우주 전선"
16:00,151,com.bilibilihk.jujutsuphanparagp,"주술회전 팬텀 퍼레이드"
16:00,152,com.supercell.clashofclans,"클래시 오브 클랜"
16:00,153,com.xone.gpkr,"ASURA: 블러드 앤 소울"
16:00,154,com.MelsoftGames.FamilyIslandFarm,"패밀리 아일랜드 - 농장모험게임"
16:00,155,com.a3.topgirl.gplay,"Top Girl"
16:00,156,com.gravity.rooc.android,"라그나로크 오리진 클래식"
16:00,157,com.gryphline.endfield.gp,"명일방주: 엔드필드"
16:00,158,com.justgame.jails,"랜드 오브 제일"
16:00,159,com.merge.game.foodstars,"푸드스타: 합쳐서 요리하기"
16:00,160,com.pjsekai.kr,"프로젝트 세카이 컬러풀 스테이지! feat.하츠네 미쿠"
16:00,161,com.joycastle.mergematch,"Matching Story - Puzzle Games"
16:00,162,com.xmh.rpg.kr.an,"스카이 어비스: 혈맹의 서약"
16:00,163,defense.roguelike.cell.shoot.survivor,"세포 특공대"
16:00,164,com.cyberjoy.galaxydefense,"갤럭시 디펜스 (Galaxy Defense)"
16:00,165,com.kakaogames.ares,"아레스 : 라이즈 오브 가디언즈"
16:00,166,com.stove.epic7.google,"에픽세븐"
16:00,167,com.sundaytoz.kakao.anipang3.service,"애니팡3 - 매치 3 퍼즐"
16:00,168,com.gearpaw.defenders.td.game,"기어몬: 타워 디펜스"
16:00,169,com.xd.TLglobal,"토치라이트: 인피니트"
16:00,170,com.pocketchamps.game,"포켓 챔프: 3D 레이싱 게임"
16:00,171,com.igg.android.doomsdaylastsurvivors,"둠스데이: 영웅의 여정"
16:00,172,com.netmarble.ma9bkr,"마구마구 2026: 풀체인지"
16:00,173,com.wireless.defenseland,"레이드 러시: 타워 디펜스"
16:00,174,com.nns.genesis,"창세기전 키우기"
16:00,175,com.webzen.r2origin.google,"R2 ORIGIN"
16:00,176,com.game.btjkr.and,"영혼 인도자：신의 이름으로"
16:00,177,com.netmarble.fgok,"페이트/그랜드 오더"
16:00,178,com.moonactive.cmboard,"Coin Master: 보드 어드벤처"
16:00,179,com.wemadeconnect.aos.lostdgl,"로스트 소드-1.5주년"
16:00,180,com.linegames.gm,"창세기전 모바일 - 서풍의 광시곡"
16:00,181,com.smallgiantgames.empires,"엠파이어 & 퍼즐 (Empires & Puzzles)"
16:00,182,apli879756.vmz,"괴수: 진화 연대기"
16:00,183,com.pearlabyss.blackdesertm,"검은사막 모바일"
16:00,184,com.minigame.wszj.android.gp,"Wing Fighter"
16:00,185,com.plarium.raidlegends,"레이드: 그림자의 전설"
16:00,186,com.blizzard.diablo.immortal,"디아블로 이모탈"
16:00,187,com.gamespark.topking.gp,"탑 로드"
16:00,188,com.mymskr.gp,"호드 워:어벤저의 소환"
16:00,189,com.standegg.wulin,"잠룡 : 무협 도트 RPG"
16:00,190,com.ea.huntingsniper,"헌팅 스나이퍼"
16:00,191,com.fatr.global,"호텔 레거시: 합성&리모델링"
16:00,192,com.haoplay.game.gp.duck,"꽥꽥 구조대 - 알 폭격 디펜스"
16:00,193,com.joycity.gw,"건쉽배틀 토탈워페어"
16:00,194,com.netease.dfjskr,"레이싱 마스터(Racing Master)"
16:00,195,com.ygjszkr.google,"귀판오분전-444뽑기 증정"
16:00,196,com.netmarble.sololv,"나 혼자만 레벨업:어라이즈"
16:00,197,com.Volcanus.Cheonsammu.aos,"천마지만 삼국지에서 무쌍중입니다"
16:00,198,com.sundaytoz.kakao.anipang4,"애니팡4: 매치3 퍼즐 게임"
16:00,199,com.blackdust.redblue,"냥찍 히어로즈 : 방치형 RPG"
16:00,200,com.kakaogames.friendsKing,"프렌즈팝콘"
18:30,1,com.netmarble.sol,"SOL: enchant"
18:30,2,com.HoYoverse.Nap,"젠레스 존 제로 - 주년 기념"
18:30,3,com.gof.global,"WOS: 화이트아웃 서바이벌"
18:30,4,com.ncsoft.lineagem19,"리니지M"
18:30,5,com.kurogame.wutheringwaves.global,"명조:워더링 웨이브 - 현방 지계를 향하여"
18:30,6,com.run.tower.defense,"킹샷:Kingshot"
18:30,7,com.kakaogames.odin,"오딘: 발할라 라이징"
18:30,8,com.nexon.ma,"메이플 키우기"
18:30,9,com.fun.lastwar.gp,"라스트 워: 서바이벌"
18:30,10,com.dreamgames.royalmatch,"로얄 매치 Royal Match"
18:30,11,com.roblox.client,"로블록스 (Roblox)"
18:30,12,com.mergegames.gossipharbor,"가십하버: 합성 & 스토리 게임"
18:30,13,com.proximabeta.nikke,"승리의 여신: 니케"
18:30,14,com.rxjhglkr.gp,"열혈강호: 넥스트"
18:30,15,com.percent.aos.luckydefense,"운빨존많겜"
18:30,16,com.nhnent.pokerclassic,"한게임포커 클래식 : 7포커 홀덤 섯다 훌라 슬롯"
18:30,17,com.nhnent.Qpoker,"한게임 포커"
18:30,18,com.devsisters.cc,"쿠키런 키우기 - 쿠키런: 크럼블"
18:30,19,game.qualiarts.hololive.dreams.com,"hololive Dreams"
18:30,20,com.nexon.devcat.mm,"마비노기 모바일"
18:30,21,com.readygo.barrel.gp,"라스트 Z: 서바이벌 슈터"
18:30,22,com.nexon.nsc.maplem,"메이플스토리M"
18:30,23,com.HoYoverse.hkrpgoversea,"붕괴: 스타레일"
18:30,24,com.nexon.fmk,"FC 모바일"
18:30,25,com.gamedots.seasideescape,"씨사이드 익스케이프: 합성 & 스토리 게임"
18:30,26,com.fatmerge.global,"테이스티 트레블: 합성 게임"
18:30,27,com.nianticlabs.pokemongo,"Pokémon GO"
18:30,28,com.playrix.gardenscapes,"꿈의 정원 (Gardenscapes)"
18:30,29,com.netmarble.thered,"뱀피르"
18:30,30,com.phs.global,"라스트 어사일럼: 페스트"
18:30,31,jp.co.ponos.battlecatskr,"냥코 대전쟁"
18:30,32,com.ncsoft.aion2,"AION2"
18:30,33,com.dreamgames.royalkingdom,"로얄 킹덤 (Royal Kingdom)"
18:30,34,jp.konami.pesam,"eFootball™"
18:30,35,com.bhk.newslgkr,"삼국지: 천하결전"
18:30,36,com.nexon.fo4m,"EA SPORTS FC Online M"
18:30,37,com.ncsoft.lineagew,"리니지W"
18:30,38,com.NHNEnt.MSudda,"한게임 섯다&맞고"
18:30,39,com.percent.aos.cooptd,"협타디: 협동 타워 디펜스"
18:30,40,com.com2us.futurecpb.android.google.global.normal,"컴투스프로야구V26"
18:30,41,com.hottagames.nte,"이환"
18:30,42,com.neowiz.games.poker,"피망 포커 : 카지노 로얄 - 홀덤, 7포커, 바둑이"
18:30,43,com.YoStarKR.Arknights,"명일방주"
18:30,44,com.ncsoft.lineage2m19,"리니지2M"
18:30,45,com.king.candycrushsaga,"캔디크러쉬사가 (Candy Crush Saga)"
18:30,46,com.epidgames.trickcalrevive,"트릭컬 리바이브"
18:30,47,com.jsjskr.google,"토이 삼국"
18:30,48,com.gravity.romkrzeny.aos,"라그나로크M: Classic"
18:30,49,com.kr.firegp,"I9: 인페르노 나인"
18:30,50,com.xd.xdtglobal.gp,"두근두근타운"
18:30,51,com.webzen.mumonarch2.google,"뮤 모나크2"
18:30,52,com.pubg.krmobile,"배틀그라운드"
18:30,53,com.netmarble.tskgb,"세븐나이츠 리버스"
18:30,54,com.playrix.township,"꿈의 마을 (Township)"
18:30,55,com.cedargames.mysterytown,"미스터리 타운: 합성 게임 (Mystery Town)"
18:30,56,com.cola.game,"핫레스토랑: 머지&쿠킹"
18:30,57,com.supercell.brawlstars,"브롤스타즈"
18:30,58,com.bandainamcoent.gget_WW,"SD건담 지 제네레이션 이터널"
18:30,59,com.playrix.homescapes,"꿈의 집 (Homescapes)"
18:30,60,com.devsisters.ck,"쿠키런: 킹덤"
18:30,61,com.netmarble.monster2,"몬길: STAR DIVE"
18:30,62,com.readygo.dark.gp,"Dark War Survival"
18:30,63,com.neowizgames.game.browndust2,"브라운더스트2 - 가슴 벅찬 RPG"
18:30,64,com.com2us.smon.normal.freefull.google.kr.android.common,"서머너즈 워 X 장송의 프리렌"
18:30,65,com.dlw.kr.google,"시티 데몬헌터즈: 각성자들"
18:30,66,com.hollywood.merge,"할리우드 머지"
18:30,67,com.highbrow.games.dvo,"드래곤빌리지3"
18:30,68,com.devsisters.gb,"쿠키런: 오븐브레이크"
18:30,69,com.nexon.he,"히간: 이루실"
18:30,70,com.greenmushroom.boomblitz.gp,"탑 히어로즈"
18:30,71,com.superplaystudios.disneysolitairedreams,"Disney Solitaire 디즈니 솔리테어"
18:30,72,com.nexon.kart,"카트라이더 러쉬플러스"
18:30,73,com.webzen.muangel.google,"뮤 모나크"
18:30,74,com.NHNEnt.NDuelgo,"한게임 신맞고 : 대한민국 원조 고스톱"
18:30,75,com.miHoYo.GenshinImpact,"원신·공월의 노래"
18:30,76,com.gametree.lhlr.gp,"그놈은 드래곤"
18:30,77,com.netmarble.rfnext,"RF 온라인 넥스트"
18:30,78,com.zempot.wplpoker,"WPL : 홀덤, 토너먼트, 오마하, 올인폴드, 픽앤고"
18:30,79,com.dreamwalker.kr.gp,"꿈의 여행자: 별빛 여정"
18:30,80,com.com2us.probaseball3d.normal.freefull.google.global.android.common,"컴투스프로야구2026"
18:30,81,com.netmarble.bnsmkr,"블레이드&소울 레볼루션"
18:30,82,com.merge.cooking.theme.restaurant.food,"머지 쿠킹 테마 레스토랑"
18:30,83,com.zzsjkr.google,"갓깨비 키우기-999뽑기 증정"
18:30,84,com.neowiz.games.newmatgo,"피망 뉴맞고: 고스톱 대표 맞고 게임"
18:30,85,com.hariwn.legendofcivilizations,"포지 마스터 (Forge Master)"
18:30,86,io.randomco.travel,"Travel Town - 결합 어드벤처"
18:30,87,com.kakaogames.aaw,"아키에이지 워 (ArcheAge WAR)"
18:30,88,com.netmarble.raven2,"레이븐2"
18:30,89,com.smilegate.chaoszero.stove.google,"카오스 제로 나이트메어"
18:30,90,com.ujoygp.flower,"오늘의 꽃"
18:30,91,com.wemade.nightcrows,"나이트 크로우"
18:30,92,com.gear2.growslayer,"슬레이어 키우기"
18:30,93,com.joycity.im,"임진왜란: 조선의 반격"
18:30,94,com.ddup.zombiewaves.zw,"좀비 웨이브스"
18:30,95,com.bandainamcoent.dgup_ww,"디지몬 UP"
18:30,96,com.kingsgroup.sos,"S.O.S: 스테이트 오브 서바이벌"
18:30,97,com.haoplay.game.and.exilium,"소녀전선2: 망명"
18:30,98,com.billionairegames.serares,"변신 키우기"
18:30,99,com.fiveminlab.overgeared.hero.backpack.merge,"템빨용사: 픽셀 아이템 머지 RPG"
18:30,100,com.playrix.fishdomdd.gplay,"피쉬돔 (Fishdom)"
18:30,101,com.netmarble.stonkey,"스톤에이지 키우기"
18:30,102,com.funplus.ts.global,"타일 서바이벌"
18:30,103,net.kernys.aooni,"좀비고등학교"
18:30,104,com.qjzj4399kr.google,"기적의 검"
18:30,105,com.mhclyxpb.gatja,"동방 찻집"
18:30,106,com.kakaogames.umamusume,"우마무스메 프리티 더비"
18:30,107,net.lightcon.windidle,"윈드러너 키우기"
18:30,108,com.ncsoft.lineagem,"리니지M(12)"
18:30,109,com.smilegate.lordnine.stove.google,"로드나인"
18:30,110,com.nhn.AApoker,"한게임 로얄홀덤"
18:30,111,kr.haoplay.game.and.reverse,"리버스: 1999"
18:30,112,com.dwgames.chunorpg,"추노 키우기"
18:30,113,com.xman.kr.gp,"X 클래시"
18:30,114,com.yzlmkr.google,"우와 모험단"
18:30,115,com.global.ztmslgkr,"퍼즐 오브 Z"
18:30,116,com.ryonggame.soulhunteridle,"소울 헌터 키우기 : 방치형 RPG"
18:30,117,jp.pokemon.pokemontcgp,"포켓몬 카드 게임 Pocket"
18:30,118,com.ProjectMoon.LimbusCompany,"Limbus Company"
18:30,119,com.korea.hsbbkr.google,"도깨비 소녀와 함께"
18:30,120,com.screenshake.dominodreams,"Domino Dreams™"
18:30,121,com.mxdzzkr.google,"버섯커 키우기-3000뽑기 증정"
18:30,122,com.kr.lfhsgp,"그레이 사가"
18:30,123,com.sundaytoz.mobile.anipang2.google.kakao.service,"애니팡2 - 3매치 퍼즐게임"
18:30,124,com.play.merge.restyle,"Merge Restyle"
18:30,125,com.haegin.kbo,"2026 프로야구GO!"
18:30,126,net.gameduo.gv,"캣 히어로 : 방치형 RPG"
18:30,127,com.netmarble.arthdal,"아스달 연대기: 세 개의 세력"
18:30,128,com.ulugame.hdqykrob.google,"아케론:종말의 서곡"
18:30,129,com.kr.firelite,"I9: 인페르노 나인(19) - 세로형 RPG"
18:30,130,com.camelgames.aoz,"에이지 오브 제트: 타워 디펜스"
18:30,131,com.zlongame.kr.langrisser,"랑그릿사"
18:30,132,com.gear2.letsgolegends,"레츠고 레전드!"
18:30,133,com.superplaystudios.dicedreams,"Dice Dreams™️"
18:30,134,com.mojang.minecraftpe,"Minecraft: 나만의 세계를 꿈꾸고 만들어보세요"
18:30,135,com.superpixel.undyinghero,"불사용사 키우기 : 방치형 RPG"
18:30,136,com.lilithgames.rok.gpkr,"라이즈 오브 킹덤즈"
18:30,137,com.netmarble.lineageII,"리니지2 레볼루션"
18:30,138,com.hybeim.architect,"아키텍트: 랜드 오브 엑자일"
18:30,139,com.riftsky.mhg.kr.gp,"더 코지 플로리스트"
18:30,140,com.galasports.totalfootball.kr,"Total Football - 2026 북중미 시즌"
18:30,141,com.com2us.futuremlb.android.google.global.normal,"MLB 9이닝스 라이벌 26"
18:30,142,com.ylqdhkr.gp,"엔터테인먼트 거물"
18:30,143,com.riotgames.league.wildrift,"리그 오브 레전드: 와일드 리프트"
18:30,144,com.hdfzxrpg.googlelb,"해적 키우기-방치형 RPG"
18:30,145,com.supercell.clashofclans,"클래시 오브 클랜"
18:30,146,com.dwjp.gp,"애니멀 가든 - 진짜 꽃다발을 배달돼요!"
18:30,147,com.sopt.mafia42.client,"마피아42"
18:30,148,net.peakgames.toonblast,"Toon Blast"
18:30,149,net.gameduo.anotherdungeon,"어나더던전"
18:30,150,com.nexon.mdnf,"던전앤파이터 모바일"
18:30,151,com.games.foundation,"파운데이션: 우주 전선"
18:30,152,com.bilibilihk.jujutsuphanparagp,"주술회전 팬텀 퍼레이드"
18:30,153,com.xone.gpkr,"ASURA: 블러드 앤 소울"
18:30,154,com.MelsoftGames.FamilyIslandFarm,"패밀리 아일랜드 - 농장모험게임"
18:30,155,com.a3.topgirl.gplay,"Top Girl"
18:30,156,com.merge.game.foodstars,"푸드스타: 합쳐서 요리하기"
18:30,157,com.xmh.rpg.kr.an,"스카이 어비스: 혈맹의 서약"
18:30,158,com.gravity.rooc.android,"라그나로크 오리진 클래식"
18:30,159,com.gryphline.endfield.gp,"명일방주: 엔드필드"
18:30,160,com.justgame.jails,"랜드 오브 제일"
18:30,161,com.pjsekai.kr,"프로젝트 세카이 컬러풀 스테이지! feat.하츠네 미쿠"
18:30,162,com.joycastle.mergematch,"Matching Story - Puzzle Games"
18:30,163,defense.roguelike.cell.shoot.survivor,"세포 특공대"
18:30,164,com.cyberjoy.galaxydefense,"갤럭시 디펜스 (Galaxy Defense)"
18:30,165,com.kakaogames.ares,"아레스 : 라이즈 오브 가디언즈"
18:30,166,com.stove.epic7.google,"에픽세븐"
18:30,167,com.sundaytoz.kakao.anipang3.service,"애니팡3 - 매치 3 퍼즐"
18:30,168,com.nns.genesis,"창세기전 키우기"
18:30,169,com.gearpaw.defenders.td.game,"기어몬: 타워 디펜스"
18:30,170,com.xd.TLglobal,"토치라이트: 인피니트"
18:30,171,com.pocketchamps.game,"포켓 챔프: 3D 레이싱 게임"
18:30,172,com.igg.android.doomsdaylastsurvivors,"둠스데이: 영웅의 여정"
18:30,173,com.netmarble.ma9bkr,"마구마구 2026: 풀체인지"
18:30,174,com.wireless.defenseland,"레이드 러시: 타워 디펜스"
18:30,175,com.smallgiantgames.empires,"엠파이어 & 퍼즐 (Empires & Puzzles)"
18:30,176,com.webzen.r2origin.google,"R2 ORIGIN"
18:30,177,com.game.btjkr.and,"영혼 인도자：신의 이름으로"
18:30,178,com.netmarble.fgok,"페이트/그랜드 오더"
18:30,179,com.moonactive.cmboard,"Coin Master: 보드 어드벤처"
18:30,180,com.wemadeconnect.aos.lostdgl,"로스트 소드-1.5주년"
18:30,181,com.gamespark.topking.gp,"탑 로드"
18:30,182,com.linegames.gm,"창세기전 모바일 - 서풍의 광시곡"
18:30,183,apli879756.vmz,"괴수: 진화 연대기"
18:30,184,com.pearlabyss.blackdesertm,"검은사막 모바일"
18:30,185,com.minigame.wszj.android.gp,"Wing Fighter"
18:30,186,com.plarium.raidlegends,"레이드: 그림자의 전설"
18:30,187,com.blizzard.diablo.immortal,"디아블로 이모탈"
18:30,188,com.mymskr.gp,"호드 워:어벤저의 소환"
18:30,189,com.fatr.global,"호텔 레거시: 합성&리모델링"
18:30,190,com.standegg.wulin,"잠룡 : 무협 도트 RPG"
18:30,191,com.ea.huntingsniper,"헌팅 스나이퍼"
18:30,192,com.haoplay.game.gp.duck,"꽥꽥 구조대 - 알 폭격 디펜스"
18:30,193,com.joycity.gw,"건쉽배틀 토탈워페어"
18:30,194,com.netease.dfjskr,"레이싱 마스터(Racing Master)"
18:30,195,com.ygjszkr.google,"귀판오분전-444뽑기 증정"
18:30,196,com.netmarble.sololv,"나 혼자만 레벨업:어라이즈"
18:30,197,com.Volcanus.Cheonsammu.aos,"천마지만 삼국지에서 무쌍중입니다"
18:30,198,com.sundaytoz.kakao.anipang4,"애니팡4: 매치3 퍼즐 게임"
18:30,199,com.blackdust.redblue,"냥찍 히어로즈 : 방치형 RPG"
18:30,200,com.kakaogames.friendsKing,"프렌즈팝콘"
19:30,1,com.netmarble.sol,"SOL: enchant"
19:30,2,com.HoYoverse.Nap,"젠레스 존 제로 - 주년 기념"
19:30,3,com.gof.global,"WOS: 화이트아웃 서바이벌"
19:30,4,com.ncsoft.lineagem19,"리니지M"
19:30,5,com.kurogame.wutheringwaves.global,"명조:워더링 웨이브 - 현방 지계를 향하여"
19:30,6,com.run.tower.defense,"킹샷:Kingshot"
19:30,7,com.kakaogames.odin,"오딘: 발할라 라이징"
19:30,8,com.nexon.ma,"메이플 키우기"
19:30,9,com.fun.lastwar.gp,"라스트 워: 서바이벌"
19:30,10,com.dreamgames.royalmatch,"로얄 매치 Royal Match"
19:30,11,com.roblox.client,"로블록스 (Roblox)"
19:30,12,com.mergegames.gossipharbor,"가십하버: 합성 & 스토리 게임"
19:30,13,com.proximabeta.nikke,"승리의 여신: 니케"
19:30,14,com.rxjhglkr.gp,"열혈강호: 넥스트"
19:30,15,com.percent.aos.luckydefense,"운빨존많겜"
19:30,16,com.nhnent.pokerclassic,"한게임포커 클래식 : 7포커 홀덤 섯다 훌라 슬롯"
19:30,17,com.nhnent.Qpoker,"한게임 포커"
19:30,18,com.devsisters.cc,"쿠키런 키우기 - 쿠키런: 크럼블"
19:30,19,game.qualiarts.hololive.dreams.com,"hololive Dreams"
19:30,20,com.nexon.devcat.mm,"마비노기 모바일"
19:30,21,com.readygo.barrel.gp,"라스트 Z: 서바이벌 슈터"
19:30,22,com.nexon.nsc.maplem,"메이플스토리M"
19:30,23,com.HoYoverse.hkrpgoversea,"붕괴: 스타레일"
19:30,24,com.nexon.fmk,"FC 모바일"
19:30,25,com.gamedots.seasideescape,"씨사이드 익스케이프: 합성 & 스토리 게임"
19:30,26,com.fatmerge.global,"테이스티 트레블: 합성 게임"
19:30,27,com.nianticlabs.pokemongo,"Pokémon GO"
19:30,28,com.playrix.gardenscapes,"꿈의 정원 (Gardenscapes)"
19:30,29,com.netmarble.thered,"뱀피르"
19:30,30,com.phs.global,"라스트 어사일럼: 페스트"
19:30,31,jp.co.ponos.battlecatskr,"냥코 대전쟁"
19:30,32,com.ncsoft.aion2,"AION2"
19:30,33,com.dreamgames.royalkingdom,"로얄 킹덤 (Royal Kingdom)"
19:30,34,jp.konami.pesam,"eFootball™"
19:30,35,com.bhk.newslgkr,"삼국지: 천하결전"
19:30,36,com.nexon.fo4m,"EA SPORTS FC Online M"
19:30,37,com.ncsoft.lineagew,"리니지W"
19:30,38,com.NHNEnt.MSudda,"한게임 섯다&맞고"
19:30,39,com.percent.aos.cooptd,"협타디: 협동 타워 디펜스"
19:30,40,com.com2us.futurecpb.android.google.global.normal,"컴투스프로야구V26"
19:30,41,com.hottagames.nte,"이환"
19:30,42,com.neowiz.games.poker,"피망 포커 : 카지노 로얄 - 홀덤, 7포커, 바둑이"
19:30,43,com.YoStarKR.Arknights,"명일방주"
19:30,44,com.ncsoft.lineage2m19,"리니지2M"
19:30,45,com.king.candycrushsaga,"캔디크러쉬사가 (Candy Crush Saga)"
19:30,46,com.epidgames.trickcalrevive,"트릭컬 리바이브"
19:30,47,com.jsjskr.google,"토이 삼국"
19:30,48,com.gravity.romkrzeny.aos,"라그나로크M: Classic"
19:30,49,com.kr.firegp,"I9: 인페르노 나인"
19:30,50,com.xd.xdtglobal.gp,"두근두근타운"
19:30,51,com.webzen.mumonarch2.google,"뮤 모나크2"
19:30,52,com.pubg.krmobile,"배틀그라운드"
19:30,53,com.netmarble.tskgb,"세븐나이츠 리버스"
19:30,54,com.playrix.township,"꿈의 마을 (Township)"
19:30,55,com.cedargames.mysterytown,"미스터리 타운: 합성 게임 (Mystery Town)"
19:30,56,com.cola.game,"핫레스토랑: 머지&쿠킹"
19:30,57,com.supercell.brawlstars,"브롤스타즈"
19:30,58,com.bandainamcoent.gget_WW,"SD건담 지 제네레이션 이터널"
19:30,59,com.playrix.homescapes,"꿈의 집 (Homescapes)"
19:30,60,com.devsisters.ck,"쿠키런: 킹덤"
19:30,61,com.netmarble.monster2,"몬길: STAR DIVE"
19:30,62,com.readygo.dark.gp,"Dark War Survival"
19:30,63,com.neowizgames.game.browndust2,"브라운더스트2 - 가슴 벅찬 RPG"
19:30,64,com.com2us.smon.normal.freefull.google.kr.android.common,"서머너즈 워 X 장송의 프리렌"
19:30,65,com.dlw.kr.google,"시티 데몬헌터즈: 각성자들"
19:30,66,com.hollywood.merge,"할리우드 머지"
19:30,67,com.highbrow.games.dvo,"드래곤빌리지3"
19:30,68,com.devsisters.gb,"쿠키런: 오븐브레이크"
19:30,69,com.nexon.he,"히간: 이루실"
19:30,70,com.greenmushroom.boomblitz.gp,"탑 히어로즈"
19:30,71,com.superplaystudios.disneysolitairedreams,"Disney Solitaire 디즈니 솔리테어"
19:30,72,com.nexon.kart,"카트라이더 러쉬플러스"
19:30,73,com.webzen.muangel.google,"뮤 모나크"
19:30,74,com.NHNEnt.NDuelgo,"한게임 신맞고 : 대한민국 원조 고스톱"
19:30,75,com.miHoYo.GenshinImpact,"원신·공월의 노래"
19:30,76,com.gametree.lhlr.gp,"그놈은 드래곤"
19:30,77,com.netmarble.rfnext,"RF 온라인 넥스트"
19:30,78,com.zempot.wplpoker,"WPL : 홀덤, 토너먼트, 오마하, 올인폴드, 픽앤고"
19:30,79,com.dreamwalker.kr.gp,"꿈의 여행자: 별빛 여정"
19:30,80,com.com2us.probaseball3d.normal.freefull.google.global.android.common,"컴투스프로야구2026"
19:30,81,com.netmarble.bnsmkr,"블레이드&소울 레볼루션"
19:30,82,com.merge.cooking.theme.restaurant.food,"머지 쿠킹 테마 레스토랑"
19:30,83,com.zzsjkr.google,"갓깨비 키우기-999뽑기 증정"
19:30,84,com.neowiz.games.newmatgo,"피망 뉴맞고: 고스톱 대표 맞고 게임"
19:30,85,com.hariwn.legendofcivilizations,"포지 마스터 (Forge Master)"
19:30,86,io.randomco.travel,"Travel Town - 결합 어드벤처"
19:30,87,com.kakaogames.aaw,"아키에이지 워 (ArcheAge WAR)"
19:30,88,com.netmarble.raven2,"레이븐2"
19:30,89,com.smilegate.chaoszero.stove.google,"카오스 제로 나이트메어"
19:30,90,com.ujoygp.flower,"오늘의 꽃"
19:30,91,com.wemade.nightcrows,"나이트 크로우"
19:30,92,com.gear2.growslayer,"슬레이어 키우기"
19:30,93,com.joycity.im,"임진왜란: 조선의 반격"
19:30,94,com.ddup.zombiewaves.zw,"좀비 웨이브스"
19:30,95,com.bandainamcoent.dgup_ww,"디지몬 UP"
19:30,96,com.kingsgroup.sos,"S.O.S: 스테이트 오브 서바이벌"
19:30,97,com.haoplay.game.and.exilium,"소녀전선2: 망명"
19:30,98,com.billionairegames.serares,"변신 키우기"
19:30,99,com.fiveminlab.overgeared.hero.backpack.merge,"템빨용사: 픽셀 아이템 머지 RPG"
19:30,100,com.playrix.fishdomdd.gplay,"피쉬돔 (Fishdom)"
19:30,101,com.netmarble.stonkey,"스톤에이지 키우기"
19:30,102,com.funplus.ts.global,"타일 서바이벌"
19:30,103,net.kernys.aooni,"좀비고등학교"
19:30,104,com.qjzj4399kr.google,"기적의 검"
19:30,105,com.mhclyxpb.gatja,"동방 찻집"
19:30,106,com.kakaogames.umamusume,"우마무스메 프리티 더비"
19:30,107,net.lightcon.windidle,"윈드러너 키우기"
19:30,108,com.ncsoft.lineagem,"리니지M(12)"
19:30,109,com.smilegate.lordnine.stove.google,"로드나인"
19:30,110,com.nhn.AApoker,"한게임 로얄홀덤"
19:30,111,kr.haoplay.game.and.reverse,"리버스: 1999"
19:30,112,com.dwgames.chunorpg,"추노 키우기"
19:30,113,com.xman.kr.gp,"X 클래시"
19:30,114,com.yzlmkr.google,"우와 모험단"
19:30,115,com.global.ztmslgkr,"퍼즐 오브 Z"
19:30,116,com.ryonggame.soulhunteridle,"소울 헌터 키우기 : 방치형 RPG"
19:30,117,jp.pokemon.pokemontcgp,"포켓몬 카드 게임 Pocket"
19:30,118,com.ProjectMoon.LimbusCompany,"Limbus Company"
19:30,119,com.korea.hsbbkr.google,"도깨비 소녀와 함께"
19:30,120,com.screenshake.dominodreams,"Domino Dreams™"
19:30,121,com.mxdzzkr.google,"버섯커 키우기-3000뽑기 증정"
19:30,122,com.kr.lfhsgp,"그레이 사가"
19:30,123,com.sundaytoz.mobile.anipang2.google.kakao.service,"애니팡2 - 3매치 퍼즐게임"
19:30,124,com.play.merge.restyle,"Merge Restyle"
19:30,125,com.haegin.kbo,"2026 프로야구GO!"
19:30,126,net.gameduo.gv,"캣 히어로 : 방치형 RPG"
19:30,127,com.netmarble.arthdal,"아스달 연대기: 세 개의 세력"
19:30,128,com.ulugame.hdqykrob.google,"아케론:종말의 서곡"
19:30,129,com.kr.firelite,"I9: 인페르노 나인(19) - 세로형 RPG"
19:30,130,com.camelgames.aoz,"에이지 오브 제트: 타워 디펜스"
19:30,131,com.zlongame.kr.langrisser,"랑그릿사"
19:30,132,com.gear2.letsgolegends,"레츠고 레전드!"
19:30,133,com.superplaystudios.dicedreams,"Dice Dreams™️"
19:30,134,com.mojang.minecraftpe,"Minecraft: 나만의 세계를 꿈꾸고 만들어보세요"
19:30,135,com.superpixel.undyinghero,"불사용사 키우기 : 방치형 RPG"
19:30,136,com.lilithgames.rok.gpkr,"라이즈 오브 킹덤즈"
19:30,137,com.netmarble.lineageII,"리니지2 레볼루션"
19:30,138,com.hybeim.architect,"아키텍트: 랜드 오브 엑자일"
19:30,139,com.riftsky.mhg.kr.gp,"더 코지 플로리스트"
19:30,140,com.galasports.totalfootball.kr,"Total Football - 2026 북중미 시즌"
19:30,141,com.com2us.futuremlb.android.google.global.normal,"MLB 9이닝스 라이벌 26"
19:30,142,com.ylqdhkr.gp,"엔터테인먼트 거물"
19:30,143,com.riotgames.league.wildrift,"리그 오브 레전드: 와일드 리프트"
19:30,144,com.hdfzxrpg.googlelb,"해적 키우기-방치형 RPG"
19:30,145,com.supercell.clashofclans,"클래시 오브 클랜"
19:30,146,com.dwjp.gp,"애니멀 가든 - 진짜 꽃다발을 배달돼요!"
19:30,147,com.sopt.mafia42.client,"마피아42"
19:30,148,net.peakgames.toonblast,"Toon Blast"
19:30,149,net.gameduo.anotherdungeon,"어나더던전"
19:30,150,com.nexon.mdnf,"던전앤파이터 모바일"
19:30,151,com.games.foundation,"파운데이션: 우주 전선"
19:30,152,com.bilibilihk.jujutsuphanparagp,"주술회전 팬텀 퍼레이드"
19:30,153,com.xone.gpkr,"ASURA: 블러드 앤 소울"
19:30,154,com.MelsoftGames.FamilyIslandFarm,"패밀리 아일랜드 - 농장모험게임"
19:30,155,com.a3.topgirl.gplay,"Top Girl"
19:30,156,com.merge.game.foodstars,"푸드스타: 합쳐서 요리하기"
19:30,157,com.xmh.rpg.kr.an,"스카이 어비스: 혈맹의 서약"
19:30,158,com.gravity.rooc.android,"라그나로크 오리진 클래식"
19:30,159,com.gryphline.endfield.gp,"명일방주: 엔드필드"
19:30,160,com.justgame.jails,"랜드 오브 제일"
19:30,161,com.pjsekai.kr,"프로젝트 세카이 컬러풀 스테이지! feat.하츠네 미쿠"
19:30,162,com.joycastle.mergematch,"Matching Story - Puzzle Games"
19:30,163,defense.roguelike.cell.shoot.survivor,"세포 특공대"
19:30,164,com.cyberjoy.galaxydefense,"갤럭시 디펜스 (Galaxy Defense)"
19:30,165,com.kakaogames.ares,"아레스 : 라이즈 오브 가디언즈"
19:30,166,com.stove.epic7.google,"에픽세븐"
19:30,167,com.sundaytoz.kakao.anipang3.service,"애니팡3 - 매치 3 퍼즐"
19:30,168,com.nns.genesis,"창세기전 키우기"
19:30,169,com.gearpaw.defenders.td.game,"기어몬: 타워 디펜스"
19:30,170,com.xd.TLglobal,"토치라이트: 인피니트"
19:30,171,com.pocketchamps.game,"포켓 챔프: 3D 레이싱 게임"
19:30,172,com.igg.android.doomsdaylastsurvivors,"둠스데이: 영웅의 여정"
19:30,173,com.netmarble.ma9bkr,"마구마구 2026: 풀체인지"
19:30,174,com.wireless.defenseland,"레이드 러시: 타워 디펜스"
19:30,175,com.smallgiantgames.empires,"엠파이어 & 퍼즐 (Empires & Puzzles)"
19:30,176,com.webzen.r2origin.google,"R2 ORIGIN"
19:30,177,com.game.btjkr.and,"영혼 인도자：신의 이름으로"
19:30,178,com.netmarble.fgok,"페이트/그랜드 오더"
19:30,179,com.moonactive.cmboard,"Coin Master: 보드 어드벤처"
19:30,180,com.wemadeconnect.aos.lostdgl,"로스트 소드-1.5주년"
19:30,181,com.gamespark.topking.gp,"탑 로드"
19:30,182,com.linegames.gm,"창세기전 모바일 - 서풍의 광시곡"
19:30,183,apli879756.vmz,"괴수: 진화 연대기"
19:30,184,com.pearlabyss.blackdesertm,"검은사막 모바일"
19:30,185,com.minigame.wszj.android.gp,"Wing Fighter"
19:30,186,com.plarium.raidlegends,"레이드: 그림자의 전설"
19:30,187,com.blizzard.diablo.immortal,"디아블로 이모탈"
19:30,188,com.mymskr.gp,"호드 워:어벤저의 소환"
19:30,189,com.fatr.global,"호텔 레거시: 합성&리모델링"
19:30,190,com.standegg.wulin,"잠룡 : 무협 도트 RPG"
19:30,191,com.ea.huntingsniper,"헌팅 스나이퍼"
19:30,192,com.haoplay.game.gp.duck,"꽥꽥 구조대 - 알 폭격 디펜스"
19:30,193,com.joycity.gw,"건쉽배틀 토탈워페어"
19:30,194,com.netease.dfjskr,"레이싱 마스터(Racing Master)"
19:30,195,com.ygjszkr.google,"귀판오분전-444뽑기 증정"
19:30,196,com.netmarble.sololv,"나 혼자만 레벨업:어라이즈"
19:30,197,com.Volcanus.Cheonsammu.aos,"천마지만 삼국지에서 무쌍중입니다"
19:30,198,com.sundaytoz.kakao.anipang4,"애니팡4: 매치3 퍼즐 게임"
19:30,199,com.blackdust.redblue,"냥찍 히어로즈 : 방치형 RPG"
19:30,200,com.kakaogames.friendsKing,"프렌즈팝콘"
20:30,1,com.netmarble.sol,"SOL: enchant"
20:30,2,com.HoYoverse.Nap,"젠레스 존 제로 - 주년 기념"
20:30,3,com.gof.global,"WOS: 화이트아웃 서바이벌"
20:30,4,com.ncsoft.lineagem19,"리니지M"
20:30,5,com.kurogame.wutheringwaves.global,"명조:워더링 웨이브 - 현방 지계를 향하여"
20:30,6,com.run.tower.defense,"킹샷:Kingshot"
20:30,7,com.kakaogames.odin,"오딘: 발할라 라이징"
20:30,8,com.nexon.ma,"메이플 키우기"
20:30,9,com.fun.lastwar.gp,"라스트 워: 서바이벌"
20:30,10,com.dreamgames.royalmatch,"로얄 매치 Royal Match"
20:30,11,com.roblox.client,"로블록스 (Roblox)"
20:30,12,com.mergegames.gossipharbor,"가십하버: 합성 & 스토리 게임"
20:30,13,com.proximabeta.nikke,"승리의 여신: 니케"
20:30,14,com.rxjhglkr.gp,"열혈강호: 넥스트"
20:30,15,com.percent.aos.luckydefense,"운빨존많겜"
20:30,16,com.nhnent.pokerclassic,"한게임포커 클래식 : 7포커 홀덤 섯다 훌라 슬롯"
20:30,17,com.nhnent.Qpoker,"한게임 포커"
20:30,18,com.devsisters.cc,"쿠키런 키우기 - 쿠키런: 크럼블"
20:30,19,game.qualiarts.hololive.dreams.com,"hololive Dreams"
20:30,20,com.nexon.devcat.mm,"마비노기 모바일"
20:30,21,com.readygo.barrel.gp,"라스트 Z: 서바이벌 슈터"
20:30,22,com.nexon.nsc.maplem,"메이플스토리M"
20:30,23,com.HoYoverse.hkrpgoversea,"붕괴: 스타레일"
20:30,24,com.nexon.fmk,"FC 모바일"
20:30,25,com.gamedots.seasideescape,"씨사이드 익스케이프: 합성 & 스토리 게임"
20:30,26,com.fatmerge.global,"테이스티 트레블: 합성 게임"
20:30,27,com.nianticlabs.pokemongo,"Pokémon GO"
20:30,28,com.playrix.gardenscapes,"꿈의 정원 (Gardenscapes)"
20:30,29,com.netmarble.thered,"뱀피르"
20:30,30,com.phs.global,"라스트 어사일럼: 페스트"
20:30,31,jp.co.ponos.battlecatskr,"냥코 대전쟁"
20:30,32,com.ncsoft.aion2,"AION2"
20:30,33,com.dreamgames.royalkingdom,"로얄 킹덤 (Royal Kingdom)"
20:30,34,jp.konami.pesam,"eFootball™"
20:30,35,com.bhk.newslgkr,"삼국지: 천하결전"
20:30,36,com.nexon.fo4m,"EA SPORTS FC Online M"
20:30,37,com.ncsoft.lineagew,"리니지W"
20:30,38,com.NHNEnt.MSudda,"한게임 섯다&맞고"
20:30,39,com.percent.aos.cooptd,"협타디: 협동 타워 디펜스"
20:30,40,com.com2us.futurecpb.android.google.global.normal,"컴투스프로야구V26"
20:30,41,com.hottagames.nte,"이환"
20:30,42,com.neowiz.games.poker,"피망 포커 : 카지노 로얄 - 홀덤, 7포커, 바둑이"
20:30,43,com.YoStarKR.Arknights,"명일방주"
20:30,44,com.ncsoft.lineage2m19,"리니지2M"
20:30,45,com.king.candycrushsaga,"캔디크러쉬사가 (Candy Crush Saga)"
20:30,46,com.epidgames.trickcalrevive,"트릭컬 리바이브"
20:30,47,com.jsjskr.google,"토이 삼국"
20:30,48,com.gravity.romkrzeny.aos,"라그나로크M: Classic"
20:30,49,com.kr.firegp,"I9: 인페르노 나인"
20:30,50,com.xd.xdtglobal.gp,"두근두근타운"
20:30,51,com.webzen.mumonarch2.google,"뮤 모나크2"
20:30,52,com.pubg.krmobile,"배틀그라운드"
20:30,53,com.netmarble.tskgb,"세븐나이츠 리버스"
20:30,54,com.playrix.township,"꿈의 마을 (Township)"
20:30,55,com.cedargames.mysterytown,"미스터리 타운: 합성 게임 (Mystery Town)"
20:30,56,com.cola.game,"핫레스토랑: 머지&쿠킹"
20:30,57,com.supercell.brawlstars,"브롤스타즈"
20:30,58,com.bandainamcoent.gget_WW,"SD건담 지 제네레이션 이터널"
20:30,59,com.devsisters.ck,"쿠키런: 킹덤"
20:30,60,com.netmarble.monster2,"몬길: STAR DIVE"
20:30,61,com.readygo.dark.gp,"Dark War Survival"
20:30,62,com.neowizgames.game.browndust2,"브라운더스트2 - 가슴 벅찬 RPG"
20:30,63,com.playrix.homescapes,"꿈의 집 (Homescapes)"
20:30,64,com.com2us.smon.normal.freefull.google.kr.android.common,"서머너즈 워 X 장송의 프리렌"
20:30,65,com.dlw.kr.google,"시티 데몬헌터즈: 각성자들"
20:30,66,com.hollywood.merge,"할리우드 머지"
20:30,67,com.highbrow.games.dvo,"드래곤빌리지3"
20:30,68,com.devsisters.gb,"쿠키런: 오븐브레이크"
20:30,69,com.nexon.he,"히간: 이루실"
20:30,70,com.greenmushroom.boomblitz.gp,"탑 히어로즈"
20:30,71,com.superplaystudios.disneysolitairedreams,"Disney Solitaire 디즈니 솔리테어"
20:30,72,com.nexon.kart,"카트라이더 러쉬플러스"
20:30,73,com.webzen.muangel.google,"뮤 모나크"
20:30,74,com.NHNEnt.NDuelgo,"한게임 신맞고 : 대한민국 원조 고스톱"
20:30,75,com.miHoYo.GenshinImpact,"원신·공월의 노래"
20:30,76,com.gametree.lhlr.gp,"그놈은 드래곤"
20:30,77,com.netmarble.rfnext,"RF 온라인 넥스트"
20:30,78,com.zempot.wplpoker,"WPL : 홀덤, 토너먼트, 오마하, 올인폴드, 픽앤고"
20:30,79,com.dreamwalker.kr.gp,"꿈의 여행자: 별빛 여정"
20:30,80,com.com2us.probaseball3d.normal.freefull.google.global.android.common,"컴투스프로야구2026"
20:30,81,com.netmarble.bnsmkr,"블레이드&소울 레볼루션"
20:30,82,com.merge.cooking.theme.restaurant.food,"머지 쿠킹 테마 레스토랑"
20:30,83,com.zzsjkr.google,"갓깨비 키우기-999뽑기 증정"
20:30,84,com.neowiz.games.newmatgo,"피망 뉴맞고: 고스톱 대표 맞고 게임"
20:30,85,com.hariwn.legendofcivilizations,"포지 마스터 (Forge Master)"
20:30,86,io.randomco.travel,"Travel Town - 결합 어드벤처"
20:30,87,com.kakaogames.aaw,"아키에이지 워 (ArcheAge WAR)"
20:30,88,com.netmarble.raven2,"레이븐2"
20:30,89,com.smilegate.chaoszero.stove.google,"카오스 제로 나이트메어"
20:30,90,com.ujoygp.flower,"오늘의 꽃"
20:30,91,com.wemade.nightcrows,"나이트 크로우"
20:30,92,com.gear2.growslayer,"슬레이어 키우기"
20:30,93,com.joycity.im,"임진왜란: 조선의 반격"
20:30,94,com.ddup.zombiewaves.zw,"좀비 웨이브스"
20:30,95,com.bandainamcoent.dgup_ww,"디지몬 UP"
20:30,96,com.kingsgroup.sos,"S.O.S: 스테이트 오브 서바이벌"
20:30,97,com.haoplay.game.and.exilium,"소녀전선2: 망명"
20:30,98,com.billionairegames.serares,"변신 키우기"
20:30,99,com.fiveminlab.overgeared.hero.backpack.merge,"템빨용사: 픽셀 아이템 머지 RPG"
20:30,100,com.playrix.fishdomdd.gplay,"피쉬돔 (Fishdom)"
20:30,101,com.netmarble.stonkey,"스톤에이지 키우기"
20:30,102,com.funplus.ts.global,"타일 서바이벌"
20:30,103,net.kernys.aooni,"좀비고등학교"
20:30,104,com.qjzj4399kr.google,"기적의 검"
20:30,105,com.mhclyxpb.gatja,"동방 찻집"
20:30,106,com.kakaogames.umamusume,"우마무스메 프리티 더비"
20:30,107,net.lightcon.windidle,"윈드러너 키우기"
20:30,108,com.ncsoft.lineagem,"리니지M(12)"
20:30,109,com.smilegate.lordnine.stove.google,"로드나인"
20:30,110,com.nhn.AApoker,"한게임 로얄홀덤"
20:30,111,kr.haoplay.game.and.reverse,"리버스: 1999"
20:30,112,com.dwgames.chunorpg,"추노 키우기"
20:30,113,com.xman.kr.gp,"X 클래시"
20:30,114,com.yzlmkr.google,"우와 모험단"
20:30,115,com.global.ztmslgkr,"퍼즐 오브 Z"
20:30,116,com.ryonggame.soulhunteridle,"소울 헌터 키우기 : 방치형 RPG"
20:30,117,jp.pokemon.pokemontcgp,"포켓몬 카드 게임 Pocket"
20:30,118,com.ProjectMoon.LimbusCompany,"Limbus Company"
20:30,119,com.korea.hsbbkr.google,"도깨비 소녀와 함께"
20:30,120,com.screenshake.dominodreams,"Domino Dreams™"
20:30,121,com.mxdzzkr.google,"버섯커 키우기-3000뽑기 증정"
20:30,122,com.kr.lfhsgp,"그레이 사가"
20:30,123,com.sundaytoz.mobile.anipang2.google.kakao.service,"애니팡2 - 3매치 퍼즐게임"
20:30,124,com.play.merge.restyle,"Merge Restyle"
20:30,125,com.haegin.kbo,"2026 프로야구GO!"
20:30,126,net.gameduo.gv,"캣 히어로 : 방치형 RPG"
20:30,127,com.netmarble.arthdal,"아스달 연대기: 세 개의 세력"
20:30,128,com.ulugame.hdqykrob.google,"아케론:종말의 서곡"
20:30,129,com.kr.firelite,"I9: 인페르노 나인(19) - 세로형 RPG"
20:30,130,com.camelgames.aoz,"에이지 오브 제트: 타워 디펜스"
20:30,131,com.zlongame.kr.langrisser,"랑그릿사"
20:30,132,com.gear2.letsgolegends,"레츠고 레전드!"
20:30,133,com.superplaystudios.dicedreams,"Dice Dreams™️"
20:30,134,com.mojang.minecraftpe,"Minecraft: 나만의 세계를 꿈꾸고 만들어보세요"
20:30,135,com.superpixel.undyinghero,"불사용사 키우기 : 방치형 RPG"
20:30,136,com.lilithgames.rok.gpkr,"라이즈 오브 킹덤즈"
20:30,137,com.netmarble.lineageII,"리니지2 레볼루션"
20:30,138,com.hybeim.architect,"아키텍트: 랜드 오브 엑자일"
20:30,139,com.riftsky.mhg.kr.gp,"더 코지 플로리스트"
20:30,140,com.galasports.totalfootball.kr,"Total Football - 2026 북중미 시즌"
20:30,141,com.com2us.futuremlb.android.google.global.normal,"MLB 9이닝스 라이벌 26"
20:30,142,com.ylqdhkr.gp,"엔터테인먼트 거물"
20:30,143,com.riotgames.league.wildrift,"리그 오브 레전드: 와일드 리프트"
20:30,144,com.hdfzxrpg.googlelb,"해적 키우기-방치형 RPG"
20:30,145,com.supercell.clashofclans,"클래시 오브 클랜"
20:30,146,com.dwjp.gp,"애니멀 가든 - 진짜 꽃다발을 배달돼요!"
20:30,147,com.sopt.mafia42.client,"마피아42"
20:30,148,net.peakgames.toonblast,"Toon Blast"
20:30,149,net.gameduo.anotherdungeon,"어나더던전"
20:30,150,com.nexon.mdnf,"던전앤파이터 모바일"
20:30,151,com.games.foundation,"파운데이션: 우주 전선"
20:30,152,com.bilibilihk.jujutsuphanparagp,"주술회전 팬텀 퍼레이드"
20:30,153,com.xone.gpkr,"ASURA: 블러드 앤 소울"
20:30,154,com.MelsoftGames.FamilyIslandFarm,"패밀리 아일랜드 - 농장모험게임"
20:30,155,com.a3.topgirl.gplay,"Top Girl"
20:30,156,com.merge.game.foodstars,"푸드스타: 합쳐서 요리하기"
20:30,157,com.xmh.rpg.kr.an,"스카이 어비스: 혈맹의 서약"
20:30,158,com.gravity.rooc.android,"라그나로크 오리진 클래식"
20:30,159,com.gryphline.endfield.gp,"명일방주: 엔드필드"
20:30,160,com.justgame.jails,"랜드 오브 제일"
20:30,161,com.pjsekai.kr,"프로젝트 세카이 컬러풀 스테이지! feat.하츠네 미쿠"
20:30,162,com.joycastle.mergematch,"Matching Story - Puzzle Games"
20:30,163,defense.roguelike.cell.shoot.survivor,"세포 특공대"
20:30,164,com.cyberjoy.galaxydefense,"갤럭시 디펜스 (Galaxy Defense)"
20:30,165,com.kakaogames.ares,"아레스 : 라이즈 오브 가디언즈"
20:30,166,com.stove.epic7.google,"에픽세븐"
20:30,167,com.sundaytoz.kakao.anipang3.service,"애니팡3 - 매치 3 퍼즐"
20:30,168,com.nns.genesis,"창세기전 키우기"
20:30,169,com.gearpaw.defenders.td.game,"기어몬: 타워 디펜스"
20:30,170,com.xd.TLglobal,"토치라이트: 인피니트"
20:30,171,com.pocketchamps.game,"포켓 챔프: 3D 레이싱 게임"
20:30,172,com.igg.android.doomsdaylastsurvivors,"둠스데이: 영웅의 여정"
20:30,173,com.netmarble.ma9bkr,"마구마구 2026: 풀체인지"
20:30,174,com.wireless.defenseland,"레이드 러시: 타워 디펜스"
20:30,175,com.smallgiantgames.empires,"엠파이어 & 퍼즐 (Empires & Puzzles)"
20:30,176,com.webzen.r2origin.google,"R2 ORIGIN"
20:30,177,com.game.btjkr.and,"영혼 인도자：신의 이름으로"
20:30,178,com.netmarble.fgok,"페이트/그랜드 오더"
20:30,179,com.moonactive.cmboard,"Coin Master: 보드 어드벤처"
20:30,180,com.wemadeconnect.aos.lostdgl,"로스트 소드-1.5주년"
20:30,181,com.gamespark.topking.gp,"탑 로드"
20:30,182,com.linegames.gm,"창세기전 모바일 - 서풍의 광시곡"
20:30,183,apli879756.vmz,"괴수: 진화 연대기"
20:30,184,com.pearlabyss.blackdesertm,"검은사막 모바일"
20:30,185,com.minigame.wszj.android.gp,"Wing Fighter"
20:30,186,com.plarium.raidlegends,"레이드: 그림자의 전설"
20:30,187,com.blizzard.diablo.immortal,"디아블로 이모탈"
20:30,188,com.mymskr.gp,"호드 워:어벤저의 소환"
20:30,189,com.fatr.global,"호텔 레거시: 합성&리모델링"
20:30,190,com.standegg.wulin,"잠룡 : 무협 도트 RPG"
20:30,191,com.ea.huntingsniper,"헌팅 스나이퍼"
20:30,192,com.haoplay.game.gp.duck,"꽥꽥 구조대 - 알 폭격 디펜스"
20:30,193,com.joycity.gw,"건쉽배틀 토탈워페어"
20:30,194,com.netease.dfjskr,"레이싱 마스터(Racing Master)"
20:30,195,com.ygjszkr.google,"귀판오분전-444뽑기 증정"
20:30,196,com.netmarble.sololv,"나 혼자만 레벨업:어라이즈"
20:30,197,com.Volcanus.Cheonsammu.aos,"천마지만 삼국지에서 무쌍중입니다"
20:30,198,com.sundaytoz.kakao.anipang4,"애니팡4: 매치3 퍼즐 게임"
20:30,199,com.blackdust.redblue,"냥찍 히어로즈 : 방치형 RPG"
20:30,200,com.kakaogames.friendsKing,"프렌즈팝콘"
21:30,1,com.netmarble.sol,"SOL: enchant"
21:30,2,com.HoYoverse.Nap,"젠레스 존 제로 - 주년 기념"
21:30,3,com.gof.global,"WOS: 화이트아웃 서바이벌"
21:30,4,com.ncsoft.lineagem19,"리니지M"
21:30,5,com.kurogame.wutheringwaves.global,"명조:워더링 웨이브 - 현방 지계를 향하여"
21:30,6,com.run.tower.defense,"킹샷:Kingshot"
21:30,7,com.kakaogames.odin,"오딘: 발할라 라이징"
21:30,8,com.nexon.ma,"메이플 키우기"
21:30,9,com.fun.lastwar.gp,"라스트 워: 서바이벌"
21:30,10,com.dreamgames.royalmatch,"로얄 매치 Royal Match"
21:30,11,com.roblox.client,"로블록스 (Roblox)"
21:30,12,com.mergegames.gossipharbor,"가십하버: 합성 & 스토리 게임"
21:30,13,com.proximabeta.nikke,"승리의 여신: 니케"
21:30,14,com.rxjhglkr.gp,"열혈강호: 넥스트"
21:30,15,com.percent.aos.luckydefense,"운빨존많겜"
21:30,16,com.nhnent.pokerclassic,"한게임포커 클래식 : 7포커 홀덤 섯다 훌라 슬롯"
21:30,17,com.nhnent.Qpoker,"한게임 포커"
21:30,18,com.devsisters.cc,"쿠키런 키우기 - 쿠키런: 크럼블"
21:30,19,game.qualiarts.hololive.dreams.com,"hololive Dreams"
21:30,20,com.nexon.devcat.mm,"마비노기 모바일"
21:30,21,com.readygo.barrel.gp,"라스트 Z: 서바이벌 슈터"
21:30,22,com.nexon.nsc.maplem,"메이플스토리M"
21:30,23,com.HoYoverse.hkrpgoversea,"붕괴: 스타레일"
21:30,24,com.nexon.fmk,"FC 모바일"
21:30,25,com.gamedots.seasideescape,"씨사이드 익스케이프: 합성 & 스토리 게임"
21:30,26,com.fatmerge.global,"테이스티 트레블: 합성 게임"
21:30,27,com.nianticlabs.pokemongo,"Pokémon GO"
21:30,28,com.playrix.gardenscapes,"꿈의 정원 (Gardenscapes)"
21:30,29,com.netmarble.thered,"뱀피르"
21:30,30,com.phs.global,"라스트 어사일럼: 페스트"
21:30,31,jp.co.ponos.battlecatskr,"냥코 대전쟁"
21:30,32,com.ncsoft.aion2,"AION2"
21:30,33,com.dreamgames.royalkingdom,"로얄 킹덤 (Royal Kingdom)"
21:30,34,jp.konami.pesam,"eFootball™"
21:30,35,com.bhk.newslgkr,"삼국지: 천하결전"
21:30,36,com.nexon.fo4m,"EA SPORTS FC Online M"
21:30,37,com.ncsoft.lineagew,"리니지W"
21:30,38,com.NHNEnt.MSudda,"한게임 섯다&맞고"
21:30,39,com.percent.aos.cooptd,"협타디: 협동 타워 디펜스"
21:30,40,com.com2us.futurecpb.android.google.global.normal,"컴투스프로야구V26"
21:30,41,com.hottagames.nte,"이환"
21:30,42,com.neowiz.games.poker,"피망 포커 : 카지노 로얄 - 홀덤, 7포커, 바둑이"
21:30,43,com.YoStarKR.Arknights,"명일방주"
21:30,44,com.ncsoft.lineage2m19,"리니지2M"
21:30,45,com.king.candycrushsaga,"캔디크러쉬사가 (Candy Crush Saga)"
21:30,46,com.epidgames.trickcalrevive,"트릭컬 리바이브"
21:30,47,com.jsjskr.google,"토이 삼국"
21:30,48,com.gravity.romkrzeny.aos,"라그나로크M: Classic"
21:30,49,com.kr.firegp,"I9: 인페르노 나인"
21:30,50,com.xd.xdtglobal.gp,"두근두근타운"
21:30,51,com.webzen.mumonarch2.google,"뮤 모나크2"
21:30,52,com.pubg.krmobile,"배틀그라운드"
21:30,53,com.netmarble.tskgb,"세븐나이츠 리버스"
21:30,54,com.playrix.township,"꿈의 마을 (Township)"
21:30,55,com.cedargames.mysterytown,"미스터리 타운: 합성 게임 (Mystery Town)"
21:30,56,com.cola.game,"핫레스토랑: 머지&쿠킹"
21:30,57,com.supercell.brawlstars,"브롤스타즈"
21:30,58,com.bandainamcoent.gget_WW,"SD건담 지 제네레이션 이터널"
21:30,59,com.devsisters.ck,"쿠키런: 킹덤"
21:30,60,com.netmarble.monster2,"몬길: STAR DIVE"
21:30,61,com.readygo.dark.gp,"Dark War Survival"
21:30,62,com.neowizgames.game.browndust2,"브라운더스트2 - 가슴 벅찬 RPG"
21:30,63,com.playrix.homescapes,"꿈의 집 (Homescapes)"
21:30,64,com.com2us.smon.normal.freefull.google.kr.android.common,"서머너즈 워 X 장송의 프리렌"
21:30,65,com.dlw.kr.google,"시티 데몬헌터즈: 각성자들"
21:30,66,com.hollywood.merge,"할리우드 머지"
21:30,67,com.devsisters.gb,"쿠키런: 오븐브레이크"
21:30,68,com.highbrow.games.dvo,"드래곤빌리지3"
21:30,69,com.nexon.he,"히간: 이루실"
21:30,70,com.greenmushroom.boomblitz.gp,"탑 히어로즈"
21:30,71,com.superplaystudios.disneysolitairedreams,"Disney Solitaire 디즈니 솔리테어"
21:30,72,com.nexon.kart,"카트라이더 러쉬플러스"
21:30,73,com.webzen.muangel.google,"뮤 모나크"
21:30,74,com.NHNEnt.NDuelgo,"한게임 신맞고 : 대한민국 원조 고스톱"
21:30,75,com.miHoYo.GenshinImpact,"원신·공월의 노래"
21:30,76,com.gametree.lhlr.gp,"그놈은 드래곤"
21:30,77,com.netmarble.rfnext,"RF 온라인 넥스트"
21:30,78,com.zempot.wplpoker,"WPL : 홀덤, 토너먼트, 오마하, 올인폴드, 픽앤고"
21:30,79,com.dreamwalker.kr.gp,"꿈의 여행자: 별빛 여정"
21:30,80,com.com2us.probaseball3d.normal.freefull.google.global.android.common,"컴투스프로야구2026"
21:30,81,com.netmarble.bnsmkr,"블레이드&소울 레볼루션"
21:30,82,com.merge.cooking.theme.restaurant.food,"머지 쿠킹 테마 레스토랑"
21:30,83,com.zzsjkr.google,"갓깨비 키우기-999뽑기 증정"
21:30,84,com.neowiz.games.newmatgo,"피망 뉴맞고: 고스톱 대표 맞고 게임"
21:30,85,com.hariwn.legendofcivilizations,"포지 마스터 (Forge Master)"
21:30,86,io.randomco.travel,"Travel Town - 결합 어드벤처"
21:30,87,com.kakaogames.aaw,"아키에이지 워 (ArcheAge WAR)"
21:30,88,com.netmarble.raven2,"레이븐2"
21:30,89,com.smilegate.chaoszero.stove.google,"카오스 제로 나이트메어"
21:30,90,com.ujoygp.flower,"오늘의 꽃"
21:30,91,com.wemade.nightcrows,"나이트 크로우"
21:30,92,com.ncsoft.lineagem,"리니지M(12)"
21:30,93,com.gear2.growslayer,"슬레이어 키우기"
21:30,94,com.joycity.im,"임진왜란: 조선의 반격"
21:30,95,com.ddup.zombiewaves.zw,"좀비 웨이브스"
21:30,96,com.bandainamcoent.dgup_ww,"디지몬 UP"
21:30,97,com.kingsgroup.sos,"S.O.S: 스테이트 오브 서바이벌"
21:30,98,com.haoplay.game.and.exilium,"소녀전선2: 망명"
21:30,99,com.billionairegames.serares,"변신 키우기"
21:30,100,com.fiveminlab.overgeared.hero.backpack.merge,"템빨용사: 픽셀 아이템 머지 RPG"
21:30,101,com.playrix.fishdomdd.gplay,"피쉬돔 (Fishdom)"
21:30,102,com.netmarble.stonkey,"스톤에이지 키우기"
21:30,103,com.funplus.ts.global,"타일 서바이벌"
21:30,104,net.kernys.aooni,"좀비고등학교"
21:30,105,com.qjzj4399kr.google,"기적의 검"
21:30,106,com.mhclyxpb.gatja,"동방 찻집"
21:30,107,com.kakaogames.umamusume,"우마무스메 프리티 더비"
21:30,108,net.lightcon.windidle,"윈드러너 키우기"
21:30,109,com.smilegate.lordnine.stove.google,"로드나인"
21:30,110,com.nhn.AApoker,"한게임 로얄홀덤"
21:30,111,kr.haoplay.game.and.reverse,"리버스: 1999"
21:30,112,com.dwgames.chunorpg,"추노 키우기"
21:30,113,com.xman.kr.gp,"X 클래시"
21:30,114,com.yzlmkr.google,"우와 모험단"
21:30,115,com.global.ztmslgkr,"퍼즐 오브 Z"
21:30,116,com.ryonggame.soulhunteridle,"소울 헌터 키우기 : 방치형 RPG"
21:30,117,jp.pokemon.pokemontcgp,"포켓몬 카드 게임 Pocket"
21:30,118,com.ProjectMoon.LimbusCompany,"Limbus Company"
21:30,119,com.korea.hsbbkr.google,"도깨비 소녀와 함께"
21:30,120,com.screenshake.dominodreams,"Domino Dreams™"
21:30,121,com.mxdzzkr.google,"버섯커 키우기-3000뽑기 증정"
21:30,122,com.kr.lfhsgp,"그레이 사가"
21:30,123,com.sundaytoz.mobile.anipang2.google.kakao.service,"애니팡2 - 3매치 퍼즐게임"
21:30,124,com.play.merge.restyle,"Merge Restyle"
21:30,125,com.haegin.kbo,"2026 프로야구GO!"
21:30,126,net.gameduo.gv,"캣 히어로 : 방치형 RPG"
21:30,127,com.netmarble.arthdal,"아스달 연대기: 세 개의 세력"
21:30,128,com.ulugame.hdqykrob.google,"아케론:종말의 서곡"
21:30,129,com.kr.firelite,"I9: 인페르노 나인(19) - 세로형 RPG"
21:30,130,com.camelgames.aoz,"에이지 오브 제트: 타워 디펜스"
21:30,131,com.zlongame.kr.langrisser,"랑그릿사"
21:30,132,com.gear2.letsgolegends,"레츠고 레전드!"
21:30,133,com.superplaystudios.dicedreams,"Dice Dreams™️"
21:30,134,com.mojang.minecraftpe,"Minecraft: 나만의 세계를 꿈꾸고 만들어보세요"
21:30,135,com.superpixel.undyinghero,"불사용사 키우기 : 방치형 RPG"
21:30,136,com.lilithgames.rok.gpkr,"라이즈 오브 킹덤즈"
21:30,137,com.netmarble.lineageII,"리니지2 레볼루션"
21:30,138,com.hybeim.architect,"아키텍트: 랜드 오브 엑자일"
21:30,139,com.riftsky.mhg.kr.gp,"더 코지 플로리스트"
21:30,140,com.galasports.totalfootball.kr,"Total Football - 2026 북중미 시즌"
21:30,141,com.com2us.futuremlb.android.google.global.normal,"MLB 9이닝스 라이벌 26"
21:30,142,com.ylqdhkr.gp,"엔터테인먼트 거물"
21:30,143,com.riotgames.league.wildrift,"리그 오브 레전드: 와일드 리프트"
21:30,144,com.supercell.clashofclans,"클래시 오브 클랜"
21:30,145,com.dwjp.gp,"애니멀 가든 - 진짜 꽃다발을 배달돼요!"
21:30,146,com.sopt.mafia42.client,"마피아42"
21:30,147,net.peakgames.toonblast,"Toon Blast"
21:30,148,net.gameduo.anotherdungeon,"어나더던전"
21:30,149,com.nexon.mdnf,"던전앤파이터 모바일"
21:30,150,com.hdfzxrpg.googlelb,"해적 키우기-방치형 RPG"
21:30,151,com.games.foundation,"파운데이션: 우주 전선"
21:30,152,com.bilibilihk.jujutsuphanparagp,"주술회전 팬텀 퍼레이드"
21:30,153,com.xone.gpkr,"ASURA: 블러드 앤 소울"
21:30,154,com.MelsoftGames.FamilyIslandFarm,"패밀리 아일랜드 - 농장모험게임"
21:30,155,com.a3.topgirl.gplay,"Top Girl"
21:30,156,com.merge.game.foodstars,"푸드스타: 합쳐서 요리하기"
21:30,157,com.xmh.rpg.kr.an,"스카이 어비스: 혈맹의 서약"
21:30,158,com.gravity.rooc.android,"라그나로크 오리진 클래식"
21:30,159,com.gryphline.endfield.gp,"명일방주: 엔드필드"
21:30,160,com.justgame.jails,"랜드 오브 제일"
21:30,161,com.pjsekai.kr,"프로젝트 세카이 컬러풀 스테이지! feat.하츠네 미쿠"
21:30,162,com.joycastle.mergematch,"Matching Story - Puzzle Games"
21:30,163,defense.roguelike.cell.shoot.survivor,"세포 특공대"
21:30,164,com.cyberjoy.galaxydefense,"갤럭시 디펜스 (Galaxy Defense)"
21:30,165,com.kakaogames.ares,"아레스 : 라이즈 오브 가디언즈"
21:30,166,com.stove.epic7.google,"에픽세븐"
21:30,167,com.sundaytoz.kakao.anipang3.service,"애니팡3 - 매치 3 퍼즐"
21:30,168,com.nns.genesis,"창세기전 키우기"
21:30,169,com.gearpaw.defenders.td.game,"기어몬: 타워 디펜스"
21:30,170,com.xd.TLglobal,"토치라이트: 인피니트"
21:30,171,com.pocketchamps.game,"포켓 챔프: 3D 레이싱 게임"
21:30,172,com.igg.android.doomsdaylastsurvivors,"둠스데이: 영웅의 여정"
21:30,173,com.netmarble.ma9bkr,"마구마구 2026: 풀체인지"
21:30,174,com.wireless.defenseland,"레이드 러시: 타워 디펜스"
21:30,175,com.smallgiantgames.empires,"엠파이어 & 퍼즐 (Empires & Puzzles)"
21:30,176,com.webzen.r2origin.google,"R2 ORIGIN"
21:30,177,com.game.btjkr.and,"영혼 인도자：신의 이름으로"
21:30,178,com.netmarble.fgok,"페이트/그랜드 오더"
21:30,179,com.moonactive.cmboard,"Coin Master: 보드 어드벤처"
21:30,180,com.wemadeconnect.aos.lostdgl,"로스트 소드-1.5주년"
21:30,181,com.gamespark.topking.gp,"탑 로드"
21:30,182,com.linegames.gm,"창세기전 모바일 - 서풍의 광시곡"
21:30,183,apli879756.vmz,"괴수: 진화 연대기"
21:30,184,com.pearlabyss.blackdesertm,"검은사막 모바일"
21:30,185,com.minigame.wszj.android.gp,"Wing Fighter"
21:30,186,com.plarium.raidlegends,"레이드: 그림자의 전설"
21:30,187,com.blizzard.diablo.immortal,"디아블로 이모탈"
21:30,188,com.mymskr.gp,"호드 워:어벤저의 소환"
21:30,189,com.fatr.global,"호텔 레거시: 합성&리모델링"
21:30,190,com.standegg.wulin,"잠룡 : 무협 도트 RPG"
21:30,191,com.ea.huntingsniper,"헌팅 스나이퍼"
21:30,192,com.haoplay.game.gp.duck,"꽥꽥 구조대 - 알 폭격 디펜스"
21:30,193,com.joycity.gw,"건쉽배틀 토탈워페어"
21:30,194,com.netease.dfjskr,"레이싱 마스터(Racing Master)"
21:30,195,com.ygjszkr.google,"귀판오분전-444뽑기 증정"
21:30,196,com.netmarble.sololv,"나 혼자만 레벨업:어라이즈"
21:30,197,com.Volcanus.Cheonsammu.aos,"천마지만 삼국지에서 무쌍중입니다"
21:30,198,com.blackdust.redblue,"냥찍 히어로즈 : 방치형 RPG"
21:30,199,com.kakaogames.friendsKing,"프렌즈팝콘"
21:30,200,com.Knight.GrandQuest,"Legends Reborn: 마지막 전투"
23:00,1,com.netmarble.sol,"SOL: enchant"
23:00,2,com.HoYoverse.Nap,"젠레스 존 제로 - 주년 기념"
23:00,3,com.gof.global,"WOS: 화이트아웃 서바이벌"
23:00,4,com.ncsoft.lineagem19,"리니지M"
23:00,5,com.kurogame.wutheringwaves.global,"명조:워더링 웨이브 - 현방 지계를 향하여"
23:00,6,com.run.tower.defense,"킹샷:Kingshot"
23:00,7,com.kakaogames.odin,"오딘: 발할라 라이징"
23:00,8,com.nexon.ma,"메이플 키우기"
23:00,9,com.fun.lastwar.gp,"라스트 워: 서바이벌"
23:00,10,com.dreamgames.royalmatch,"로얄 매치 Royal Match"
23:00,11,com.roblox.client,"로블록스 (Roblox)"
23:00,12,com.mergegames.gossipharbor,"가십하버: 합성 & 스토리 게임"
23:00,13,com.proximabeta.nikke,"승리의 여신: 니케"
23:00,14,com.rxjhglkr.gp,"열혈강호: 넥스트"
23:00,15,com.percent.aos.luckydefense,"운빨존많겜"
23:00,16,com.nhnent.pokerclassic,"한게임포커 클래식 : 7포커 홀덤 섯다 훌라 슬롯"
23:00,17,com.nhnent.Qpoker,"한게임 포커"
23:00,18,com.devsisters.cc,"쿠키런 키우기 - 쿠키런: 크럼블"
23:00,19,game.qualiarts.hololive.dreams.com,"hololive Dreams"
23:00,20,com.nexon.devcat.mm,"마비노기 모바일"
23:00,21,com.readygo.barrel.gp,"라스트 Z: 서바이벌 슈터"
23:00,22,com.nexon.nsc.maplem,"메이플스토리M"
23:00,23,com.HoYoverse.hkrpgoversea,"붕괴: 스타레일"
23:00,24,com.nexon.fmk,"FC 모바일"
23:00,25,com.gamedots.seasideescape,"씨사이드 익스케이프: 합성 & 스토리 게임"
23:00,26,com.fatmerge.global,"테이스티 트레블: 합성 게임"
23:00,27,com.nianticlabs.pokemongo,"Pokémon GO"
23:00,28,com.playrix.gardenscapes,"꿈의 정원 (Gardenscapes)"
23:00,29,com.netmarble.thered,"뱀피르"
23:00,30,com.phs.global,"라스트 어사일럼: 페스트"
23:00,31,jp.co.ponos.battlecatskr,"냥코 대전쟁"
23:00,32,com.dreamgames.royalkingdom,"로얄 킹덤 (Royal Kingdom)"
23:00,33,com.ncsoft.aion2,"AION2"
23:00,34,jp.konami.pesam,"eFootball™"
23:00,35,com.bhk.newslgkr,"삼국지: 천하결전"
23:00,36,com.nexon.fo4m,"EA SPORTS FC Online M"
23:00,37,com.NHNEnt.MSudda,"한게임 섯다&맞고"
23:00,38,com.percent.aos.cooptd,"협타디: 협동 타워 디펜스"
23:00,39,com.ncsoft.lineagew,"리니지W"
23:00,40,com.hottagames.nte,"이환"
23:00,41,com.neowiz.games.poker,"피망 포커 : 카지노 로얄 - 홀덤, 7포커, 바둑이"
23:00,42,com.com2us.futurecpb.android.google.global.normal,"컴투스프로야구V26"
23:00,43,com.YoStarKR.Arknights,"명일방주"
23:00,44,com.ncsoft.lineage2m19,"리니지2M"
23:00,45,com.king.candycrushsaga,"캔디크러쉬사가 (Candy Crush Saga)"
23:00,46,com.epidgames.trickcalrevive,"트릭컬 리바이브"
23:00,47,com.jsjskr.google,"토이 삼국"
23:00,48,com.gravity.romkrzeny.aos,"라그나로크M: Classic"
23:00,49,com.kr.firegp,"I9: 인페르노 나인"
23:00,50,com.xd.xdtglobal.gp,"두근두근타운"
23:00,51,com.webzen.mumonarch2.google,"뮤 모나크2"
23:00,52,com.pubg.krmobile,"배틀그라운드"
23:00,53,com.netmarble.tskgb,"세븐나이츠 리버스"
23:00,54,com.playrix.township,"꿈의 마을 (Township)"
23:00,55,com.cedargames.mysterytown,"미스터리 타운: 합성 게임 (Mystery Town)"
23:00,56,com.cola.game,"핫레스토랑: 머지&쿠킹"
23:00,57,com.supercell.brawlstars,"브롤스타즈"
23:00,58,com.bandainamcoent.gget_WW,"SD건담 지 제네레이션 이터널"
23:00,59,com.devsisters.ck,"쿠키런: 킹덤"
23:00,60,com.netmarble.monster2,"몬길: STAR DIVE"
23:00,61,com.readygo.dark.gp,"Dark War Survival"
23:00,62,com.neowizgames.game.browndust2,"브라운더스트2 - 가슴 벅찬 RPG"
23:00,63,com.playrix.homescapes,"꿈의 집 (Homescapes)"
23:00,64,com.com2us.smon.normal.freefull.google.kr.android.common,"서머너즈 워 X 장송의 프리렌"
23:00,65,com.hollywood.merge,"할리우드 머지"
23:00,66,com.highbrow.games.dvo,"드래곤빌리지3"
23:00,67,com.devsisters.gb,"쿠키런: 오븐브레이크"
23:00,68,com.greenmushroom.boomblitz.gp,"탑 히어로즈"
23:00,69,com.superplaystudios.disneysolitairedreams,"Disney Solitaire 디즈니 솔리테어"
23:00,70,com.nexon.kart,"카트라이더 러쉬플러스"
23:00,71,com.dlw.kr.google,"시티 데몬헌터즈: 각성자들"
23:00,72,com.gametree.lhlr.gp,"그놈은 드래곤"
23:00,73,com.NHNEnt.NDuelgo,"한게임 신맞고 : 대한민국 원조 고스톱"
23:00,74,com.nexon.he,"히간: 이루실"
23:00,75,com.zempot.wplpoker,"WPL : 홀덤, 토너먼트, 오마하, 올인폴드, 픽앤고"
23:00,76,com.miHoYo.GenshinImpact,"원신·공월의 노래"
23:00,77,com.netmarble.rfnext,"RF 온라인 넥스트"
23:00,78,com.com2us.probaseball3d.normal.freefull.google.global.android.common,"컴투스프로야구2026"
23:00,79,com.netmarble.bnsmkr,"블레이드&소울 레볼루션"
23:00,80,com.merge.cooking.theme.restaurant.food,"머지 쿠킹 테마 레스토랑"
23:00,81,com.zzsjkr.google,"갓깨비 키우기-999뽑기 증정"
23:00,82,com.neowiz.games.newmatgo,"피망 뉴맞고: 고스톱 대표 맞고 게임"
23:00,83,com.hariwn.legendofcivilizations,"포지 마스터 (Forge Master)"
23:00,84,io.randomco.travel,"Travel Town - 결합 어드벤처"
23:00,85,com.kakaogames.aaw,"아키에이지 워 (ArcheAge WAR)"
23:00,86,com.netmarble.raven2,"레이븐2"
23:00,87,com.smilegate.chaoszero.stove.google,"카오스 제로 나이트메어"
23:00,88,com.ujoygp.flower,"오늘의 꽃"
23:00,89,com.wemade.nightcrows,"나이트 크로우"
23:00,90,com.ncsoft.lineagem,"리니지M(12)"
23:00,91,com.dreamwalker.kr.gp,"꿈의 여행자: 별빛 여정"
23:00,92,com.gear2.growslayer,"슬레이어 키우기"
23:00,93,com.webzen.muangel.google,"뮤 모나크"
23:00,94,com.kingsgroup.sos,"S.O.S: 스테이트 오브 서바이벌"
23:00,95,com.haoplay.game.and.exilium,"소녀전선2: 망명"
23:00,96,com.billionairegames.serares,"변신 키우기"
23:00,97,com.fiveminlab.overgeared.hero.backpack.merge,"템빨용사: 픽셀 아이템 머지 RPG"
23:00,98,com.netmarble.stonkey,"스톤에이지 키우기"
23:00,99,com.joycity.im,"임진왜란: 조선의 반격"
23:00,100,com.funplus.ts.global,"타일 서바이벌"
23:00,101,com.qjzj4399kr.google,"기적의 검"
23:00,102,com.kakaogames.umamusume,"우마무스메 프리티 더비"
23:00,103,net.lightcon.windidle,"윈드러너 키우기"
23:00,104,com.smilegate.lordnine.stove.google,"로드나인"
23:00,105,com.playrix.fishdomdd.gplay,"피쉬돔 (Fishdom)"
23:00,106,com.bandainamcoent.dgup_ww,"디지몬 UP"
23:00,107,com.nhn.AApoker,"한게임 로얄홀덤"
23:00,108,kr.haoplay.game.and.reverse,"리버스: 1999"
23:00,109,com.xman.kr.gp,"X 클래시"
23:00,110,com.mhclyxpb.gatja,"동방 찻집"
23:00,111,com.ryonggame.soulhunteridle,"소울 헌터 키우기 : 방치형 RPG"
23:00,112,jp.pokemon.pokemontcgp,"포켓몬 카드 게임 Pocket"
23:00,113,com.ProjectMoon.LimbusCompany,"Limbus Company"
23:00,114,com.yzlmkr.google,"우와 모험단"
23:00,115,net.kernys.aooni,"좀비고등학교"
23:00,116,com.dwgames.chunorpg,"추노 키우기"
23:00,117,com.screenshake.dominodreams,"Domino Dreams™"
23:00,118,com.mxdzzkr.google,"버섯커 키우기-3000뽑기 증정"
23:00,119,com.kr.lfhsgp,"그레이 사가"
23:00,120,com.ddup.zombiewaves.zw,"좀비 웨이브스"
23:00,121,com.sundaytoz.mobile.anipang2.google.kakao.service,"애니팡2 - 3매치 퍼즐게임"
23:00,122,com.play.merge.restyle,"Merge Restyle"
23:00,123,com.global.ztmslgkr,"퍼즐 오브 Z"
23:00,124,com.haegin.kbo,"2026 프로야구GO!"
23:00,125,com.netmarble.arthdal,"아스달 연대기: 세 개의 세력"
23:00,126,com.kr.firelite,"I9: 인페르노 나인(19) - 세로형 RPG"
23:00,127,com.korea.hsbbkr.google,"도깨비 소녀와 함께"
23:00,128,com.zlongame.kr.langrisser,"랑그릿사"
23:00,129,com.gear2.letsgolegends,"레츠고 레전드!"
23:00,130,com.superplaystudios.dicedreams,"Dice Dreams™️"
23:00,131,net.gameduo.gv,"캣 히어로 : 방치형 RPG"
23:00,132,com.mojang.minecraftpe,"Minecraft: 나만의 세계를 꿈꾸고 만들어보세요"
23:00,133,com.camelgames.aoz,"에이지 오브 제트: 타워 디펜스"
23:00,134,com.superpixel.undyinghero,"불사용사 키우기 : 방치형 RPG"
23:00,135,com.netmarble.lineageII,"리니지2 레볼루션"
23:00,136,com.hybeim.architect,"아키텍트: 랜드 오브 엑자일"
23:00,137,com.galasports.totalfootball.kr,"Total Football - 2026 북중미 시즌"
23:00,138,com.ulugame.hdqykrob.google,"아케론:종말의 서곡"
23:00,139,com.lilithgames.rok.gpkr,"라이즈 오브 킹덤즈"
23:00,140,com.ylqdhkr.gp,"엔터테인먼트 거물"
23:00,141,com.riotgames.league.wildrift,"리그 오브 레전드: 와일드 리프트"
23:00,142,com.supercell.clashofclans,"클래시 오브 클랜"
23:00,143,com.dwjp.gp,"애니멀 가든 - 진짜 꽃다발을 배달돼요!"
23:00,144,com.sopt.mafia42.client,"마피아42"
23:00,145,net.peakgames.toonblast,"Toon Blast"
23:00,146,net.gameduo.anotherdungeon,"어나더던전"
23:00,147,com.nexon.mdnf,"던전앤파이터 모바일"
23:00,148,com.hdfzxrpg.googlelb,"해적 키우기-방치형 RPG"
23:00,149,com.games.foundation,"파운데이션: 우주 전선"
23:00,150,com.bilibilihk.jujutsuphanparagp,"주술회전 팬텀 퍼레이드"
23:00,151,com.com2us.futuremlb.android.google.global.normal,"MLB 9이닝스 라이벌 26"
23:00,152,com.pjsekai.kr,"프로젝트 세카이 컬러풀 스테이지! feat.하츠네 미쿠"
23:00,153,com.MelsoftGames.FamilyIslandFarm,"패밀리 아일랜드 - 농장모험게임"
23:00,154,com.merge.game.foodstars,"푸드스타: 합쳐서 요리하기"
23:00,155,com.xmh.rpg.kr.an,"스카이 어비스: 혈맹의 서약"
23:00,156,com.gravity.rooc.android,"라그나로크 오리진 클래식"
23:00,157,com.gryphline.endfield.gp,"명일방주: 엔드필드"
23:00,158,com.justgame.jails,"랜드 오브 제일"
23:00,159,com.riftsky.mhg.kr.gp,"더 코지 플로리스트"
23:00,160,com.joycastle.mergematch,"Matching Story - Puzzle Games"
23:00,161,com.cyberjoy.galaxydefense,"갤럭시 디펜스 (Galaxy Defense)"
23:00,162,com.kakaogames.ares,"아레스 : 라이즈 오브 가디언즈"
23:00,163,com.stove.epic7.google,"에픽세븐"
23:00,164,com.sundaytoz.kakao.anipang3.service,"애니팡3 - 매치 3 퍼즐"
23:00,165,com.nns.genesis,"창세기전 키우기"
23:00,166,com.gearpaw.defenders.td.game,"기어몬: 타워 디펜스"
23:00,167,com.pocketchamps.game,"포켓 챔프: 3D 레이싱 게임"
23:00,168,com.a3.topgirl.gplay,"Top Girl"
23:00,169,com.igg.android.doomsdaylastsurvivors,"둠스데이: 영웅의 여정"
23:00,170,com.xone.gpkr,"ASURA: 블러드 앤 소울"
23:00,171,com.netmarble.ma9bkr,"마구마구 2026: 풀체인지"
23:00,172,defense.roguelike.cell.shoot.survivor,"세포 특공대"
23:00,173,com.wireless.defenseland,"레이드 러시: 타워 디펜스"
23:00,174,com.smallgiantgames.empires,"엠파이어 & 퍼즐 (Empires & Puzzles)"
23:00,175,com.webzen.r2origin.google,"R2 ORIGIN"
23:00,176,com.netmarble.fgok,"페이트/그랜드 오더"
23:00,177,com.moonactive.cmboard,"Coin Master: 보드 어드벤처"
23:00,178,com.linegames.gm,"창세기전 모바일 - 서풍의 광시곡"
23:00,179,com.xd.TLglobal,"토치라이트: 인피니트"
23:00,180,com.minigame.wszj.android.gp,"Wing Fighter"
23:00,181,com.plarium.raidlegends,"레이드: 그림자의 전설"
23:00,182,com.blizzard.diablo.immortal,"디아블로 이모탈"
23:00,183,com.mymskr.gp,"호드 워:어벤저의 소환"
23:00,184,com.game.btjkr.and,"영혼 인도자：신의 이름으로"
23:00,185,com.gamespark.topking.gp,"탑 로드"
23:00,186,com.fatr.global,"호텔 레거시: 합성&리모델링"
23:00,187,com.standegg.wulin,"잠룡 : 무협 도트 RPG"
23:00,188,com.pearlabyss.blackdesertm,"검은사막 모바일"
23:00,189,com.ea.huntingsniper,"헌팅 스나이퍼"
23:00,190,apli879756.vmz,"괴수: 진화 연대기"
23:00,191,com.wemadeconnect.aos.lostdgl,"로스트 소드-1.5주년"
23:00,192,com.joycity.gw,"건쉽배틀 토탈워페어"
23:00,193,com.ygjszkr.google,"귀판오분전-444뽑기 증정"
23:00,194,com.netmarble.sololv,"나 혼자만 레벨업:어라이즈"
23:00,195,com.netease.dfjskr,"레이싱 마스터(Racing Master)"
23:00,196,com.blackdust.redblue,"냥찍 히어로즈 : 방치형 RPG"
23:00,197,com.kakaogames.friendsKing,"프렌즈팝콘"
23:00,198,com.xgame.asia.kr.gp,"히어로 클래시: 연결 대작전"
23:00,199,com.rxjhkr.an,"열혈강호: 귀환"
23:00,200,com.netease.idv.googleplay,"Identity V -제5인격"
