time,rank,id,title
00:00,1,1117270703,"eFootball™"
00:00,2,6479970832,"Pokémon TCG Pocket"
00:00,3,1606356401,"ゼンレスゾーンゼロ - アニバーサリー"
00:00,4,6756641135,"ホロライブドリームス"
00:00,5,1494428618,"あんさんぶるスターズ！！Music"
00:00,6,658511662,"モンスターストライク"
00:00,7,6475033368,"鳴潮 - 玄方地界へ"
00:00,8,6443575749,"ホワイトアウト・サバイバル"
00:00,9,1322310031,"ONE PIECE バウンティラッシュ - アクションゲーム"
00:00,10,6448786147,"ラストウォー：サバイバル"
00:00,11,1515877221,"ブルーアーカイブ"
00:00,12,1325457827,"ウマ娘 プリティーダービー"
00:00,13,951627670,"ドラゴンボールZ ドッカンバトル"
00:00,14,1164400646,"#コンパス【戦闘摂理解析システム】"
00:00,15,1623318294,"ゴシップハーバー：マージ & ストーリー"
00:00,16,1176027022,"トゥーンブラスト"
00:00,17,940320341,"プロ野球スピリッツＡ"
00:00,18,6754311241,"無職転生 〜異世界行ったら本気だす〜 【クロエコ】"
00:00,19,6739554056,"キングショット"
00:00,20,493470467,"パズル＆ドラゴンズ"
00:00,21,1482155847,"ロイヤルマッチ（Royal Match)"
00:00,22,1585915174,"勝利の女神：NIKKE"
00:00,23,1517980891,"パズル&サバイバル"
00:00,24,1094591345,"Pokémon GO"
00:00,25,1619722298,"信長の野望 覇道"
00:00,26,6754593077,"NTE: Neverness to Everness"
00:00,27,1358232022,"ドラゴンボール レジェンズ"
00:00,28,1599719154,"崩壊：スターレイル"
00:00,29,1105855019,"ガーデンスケイプ (Gardenscapes)"
00:00,30,6748930656,"ゼンレスゾーンゼロ・クラウド版 - アニバーサリー"
00:00,31,6503272652,"ラストZ：サバイバルシューティング"
00:00,32,6756994116,"イナズマイレブン クロス"
00:00,33,6472019540,"Shadowverse: Worlds Beyond"
00:00,34,1478990007,"アークナイツ"
00:00,35,724594093,"LINE：ディズニー ツムツム"
00:00,36,6471045672,"グルメ・ジャーニー"
00:00,37,6738163891,"ヴァンピール(VAMPIR)"
00:00,38,1312031248,"荒野行動-スマホ版バトロワ"
00:00,39,1478829750,"デュエル・マスターズ プレイス"
00:00,40,888615473,"LINE ポコポコ：3マッチパズルゲーム"
00:00,41,1439417234,"ドラゴンクエストウォーク 歩く楽しみが増える位置情報ゲーム"
00:00,42,6475757306,"Disney Solitaire ディズニー ソリティア"
00:00,43,1663423521,"Wizardry Variants Daphne"
00:00,44,1195621598,"ホームスケイプ (Homescapes)"
00:00,45,6692611665,"SDガンダム ジージェネレーション エターナル"
00:00,46,638689075,"タウンシップ (Township)"
00:00,47,1229016807,"ブロスタ"
00:00,48,1477455989,"ディズニー ツイステッドワンダーランド"
00:00,49,1376515087,"Age of Origins---ゾンビ・末日戦記"
00:00,50,6739554561,"信長の野望 真戦"
00:00,51,824116884,"ONE PIECE トレジャークルーズ"
00:00,52,6746151928,"ハートピアスローライフ"
00:00,53,1606549505,"ロイヤルキングダム (Royal Kingdom)"
00:00,54,6755455500,"ハリウッドマージ"
00:00,55,938506958,"実況パワフルプロ野球"
00:00,56,1672017627,"信長の野望 出陣"
00:00,57,1347780764,"Identity V"
00:00,58,1015521325,"Fate/Grand Order"
00:00,59,664575829,"フィッシュダム(Fishdom)"
00:00,60,6446659989,"学園アイドルマスター"
00:00,61,6747736697,"ドラゴンクエストスマッシュグロウ ドラクエローグライトRPG"
00:00,62,6443755785,"シーサイド エスケープ：マージ & ストーリー"
00:00,63,6741469353,"プロサッカークラブをつくろう！"
00:00,64,1579464667,"Pokémon Sleep"
00:00,65,1643509748,"マージクッキング テーマレストラン"
00:00,66,553834731,"キャンディークラッシュ"
00:00,67,6590616375,"eBaseball™: MLB PRO SPIRIT"
00:00,68,6744011639,"BRAVE FRONTIER LEGION"
00:00,69,1629373124,"陰の実力者になりたくて！マスターオブガーデン"
00:00,70,6639605332,"パラノイズ"
00:00,71,479516143,"Minecraft: クラフト、建築、サバイバル"
00:00,72,6480398822,"DDFF-ファイナルファンタジーのオールスター共闘アクション"
00:00,73,1611490041,"メメントモリ"
00:00,74,6475892450,"キングダム 頂天"
00:00,75,6596745408,"ちいかわぽけっと"
00:00,76,6502326151,"カオスゼロナイトメア"
00:00,77,1469186379,"雀魂 -じゃんたま-"
00:00,78,547145938,"にゃんこ大戦争"
00:00,79,6756247422,"デジモンUP"
00:00,80,666206963,"セガNET麻雀 MJ"
00:00,81,1516559313,"ドラゴンクエストタクト ドラクエのタクティクスRPG"
00:00,82,6737974657,"キングダム 覇道"
00:00,83,6450099588,"ブラウンダスト２ 胸いっぱいのRPG"
00:00,84,1484442152,"マージマンション : パズル & ストーリー"
00:00,85,6740199677,"杖と剣の伝説"
00:00,86,1044505314,"刀剣乱舞ONLINE"
00:00,87,1481318779,"三國志 覇道"
00:00,88,6479391944,"トリッカル・もちもちほっペ大作戦"
00:00,89,6503603603,"ミステリータウン：マージゲーム (Mystery Town)"
00:00,90,1268959718,"七つの大罪 光と闇の交戦 : グラクロ"
00:00,91,6445906110,"モンスターハンターNow"
00:00,92,6502942931,"P5X ペルソナ５: The Phantom X"
00:00,93,6450953550,"トップヒーローズ: キングダムサーガ"
00:00,94,6654894830,"星の翼"
00:00,95,1273064549,"eFootball™ウイコレ CHAMPION SQUADS"
00:00,96,1366526331,"PUBG MOBILE - 世界一のバトルロイヤル！"
00:00,97,1287282214,"Call of Duty®: Mobile"
00:00,98,852912420,"サマナーズウォー X 葬送のフリーレン"
00:00,99,1489932710,"プロジェクトセカイ カラフルステージ！ feat. 初音ミク"
00:00,100,1208396151,"キングダム 乱 -天下統一への道- 究極の戦略・戦争ゲーム"
00:00,101,6742937695,"ペタペタペンギン団"
00:00,102,6741503079,"Pokémon Champions"
00:00,103,1556357398,"Pikmin Bloom"
00:00,104,1211123727,"放置少女 - 百花繚乱の萌姫たち"
00:00,105,1181774280,"ファイアーエムブレム ヒーローズ"
00:00,106,1517783697,"原神～空月の歌～"
00:00,107,6746465127,"セルサバイバー - シューティングゲーム"
00:00,108,6749109552,"X-Clash: サバイバル"
00:00,109,1245550834,"アリス・ギア・アイギス"
00:00,110,1447239134,"Ash Tale-風の大陸-"
00:00,111,1554247785,"遊戯王 マスターデュエル"
00:00,112,985900455,"ドラゴンエッグ　仲間との出会い"
00:00,113,6502582397,"ラグナロクX"
00:00,114,1575830891,"コードギアス 反逆のルルーシュ　ロストストーリーズ"
00:00,115,1479198816,"トップウォー"
00:00,116,6450660247,"黒子のバスケ Street Rivals"
00:00,117,1545088576,"777Real(777リアル) パチンコ･パチスロアプリ"
00:00,118,1053012308,"クラッシュ・ロワイヤル (Clash Royale)"
00:00,119,1020109860,"ゴールデンホイヤー スロット〜パチンコ·パチスロカジノゲーム"
00:00,120,6761041344,"ドット伝説～魔王になる異世界放置RPG～"
00:00,121,1453840513,"東京ディバンカー"
00:00,122,6503810263,"鋼嵐 - メカラシ"
00:00,123,492075888,"暴走列伝 単車の虎"
00:00,124,6449094229,"マッチファクトリー(Match Factory)!"
00:00,125,852882903,"グランブルーファンタジー"
00:00,126,895687962,"白猫プロジェクト"
00:00,127,6768208688,"勇者連盟：暁の遠征"
00:00,128,1521236603,"Travel Town - マージアドベンチャー"
00:00,129,1528941310,"ダダサバイバー"
00:00,130,6756989323,"ラストアサイラム：プレイグ"
00:00,131,1631984107,"ブルーロック Project: World Champion"
00:00,132,1242186587,"アズールレーン"
00:00,133,6504332779,"Color Block Jam"
00:00,134,1662742277,"俺だけレベルアップな件：Arise（俺アラ）"
00:00,135,1568415097,"The Ants: Underground Kingdom"
00:00,136,1561574979,"機動戦士ガンダム U.C. ENGAGE"
00:00,137,6618142292,"フランベシェフ：マージ＆クッキング"
00:00,138,878506376,"LINE POP2 - 簡単マッチ3パズルゲーム"
00:00,139,6736896540,"ハローキティ：マイドリームストア"
00:00,140,6738109752,"タイルズ・サバイバル"
00:00,141,1533946351,"ドルフィンウェーブ"
00:00,142,1565488936,"転生したらスライムだった件 魔王と竜の建国譚【まおりゅう】"
00:00,143,6743205891,"聖霊伝説：最強への道"
00:00,144,6444043291,"Domino Dreams™"
00:00,145,1576831351,"ヘブンバーンズレッド"
00:00,146,6738469826,"この監獄ほんmoneyすぎんご"
00:00,147,529479190,"クラッシュ・オブ・クラン (Clash of Clans)"
00:00,148,6740043080,"Screwdom : ボルトパズルゲーム"
00:00,149,6756044415,"今生は恋より茶に生きる"
00:00,150,6755585789,"チート勇者～インベントリ攻略ゲー～RPG"
00:00,151,1032346221,"妖怪ウォッチ ぷにぷに"
00:00,152,6752672568,"Block Out! - Color Sort Puzzle"
00:00,153,6444487398,"マジックカード：Locked Rings"
00:00,154,6480167901,"魔法少女まどかマギカ Magia Exedra"
00:00,155,6758927408,"弱虫ペダル レゾナンス・ぺダイズム"
00:00,156,6670441558,"Dark War:Survival"
00:00,157,1537365865,"商人放浪記"
00:00,158,1442061397,"Pokémon Masters EX"
00:00,159,1158967485,"ヒーローウォーズ：アライアンス — アクションバトルにRPG"
00:00,160,1098157959,"エボニー - 王の帰還"
00:00,161,6503284107,"オールインホール (All in Hole)"
00:00,162,953790507,"城とドラゴン"
00:00,163,6464543369,"コナステ メダルコーナー | コナミの メダルゲームが遊べる"
00:00,164,1434519042,"メイプルストーリーＭ"
00:00,165,6445884108,"ツリーオブセイヴァー：ネバーランド"
00:00,166,6737473225,"アストラルパーティー"
00:00,167,1068378177,"遊戯王 デュエルリンクス"
00:00,168,6751229187,"ドラゴンブラッド：スレイヤーズ学院（ドラガク）"
00:00,169,1019437222,"アイドリッシュセブン"
00:00,170,895761422,"LINE バブル2"
00:00,171,6754003671,"カードキャプターさくら：思い出の鍵"
00:00,172,6473767344,"キノコ伝説：勇者と魔法のランプ"
00:00,173,496801169,"将棋ウォーズ"
00:00,174,6742122160,"TopTop(トップトップ): サクッと遊んで、パッと友達"
00:00,175,963073142,"あんさんぶるスターズ！！Basic"
00:00,176,1551798277,"呪術廻戦 ファントムパレード"
00:00,177,6502820653,"アーチャー伝説2"
00:00,178,6753738566,"HUNTER×HUNTER NEN×SURVIVOR"
00:00,179,1483058899,"プロジェクトメイクオーバー Project Makeover"
00:00,180,1356980152,"スロットセブン：ジャックポットワールド、パチスロ、カジノ"
00:00,181,1512321575,"Pokémon UNITE"
00:00,182,934745962,"駅メモ！ - ステーションメモリーズ！-"
00:00,183,529996768,"Bingo Blitz™ - ビンゴゲーム"
00:00,184,1160056295,"モバイル·レジェンド: Bang Bang"
00:00,185,1326707443,"プロサッカークラブをつくろう！ロード・トゥ・ワールド"
00:00,186,1263365153,"エバーテイル"
00:00,187,6446389130,"パズル＆カオス"
00:00,188,6474962684,"レーシングマスター"
00:00,189,6752642477,"アークナイツ：エンドフィールド"
00:00,190,1235569398,"マフィア・シティ-極道風雲"
00:00,191,668300448,"SunVy Poker - サンビ・ポーカー"
00:00,192,6755509352,"マブラヴ ガールズガーデン"
00:00,193,700626925,"剣と魔法のログレス いにしえの女神-本格MMORPG"
00:00,194,1524742294,"三國志 真戦"
00:00,195,1352887311,"新三國志：育成型戦略シミュレーションゲーム"
00:00,196,640023408,"麻雀格闘倶楽部Sp |麻雀の初心者におすすめ! 麻雀ゲーム"
00:00,197,1578816591,"麻雀一番街 × ダンガンロンパ"
00:00,198,6737189862,"サベージ・サバイバル：恐竜の咆哮"
00:00,199,1298368256,"コトダマン-共闘ことばRPG"
00:00,200,1623345808,"キン肉マン 極・タッグ乱舞"
01:30,1,1117270703,"eFootball™"
01:30,2,6479970832,"Pokémon TCG Pocket"
01:30,3,1606356401,"ゼンレスゾーンゼロ - アニバーサリー"
01:30,4,6756641135,"ホロライブドリームス"
01:30,5,1494428618,"あんさんぶるスターズ！！Music"
01:30,6,658511662,"モンスターストライク"
01:30,7,6475033368,"鳴潮 - 玄方地界へ"
01:30,8,6443575749,"ホワイトアウト・サバイバル"
01:30,9,1322310031,"ONE PIECE バウンティラッシュ - アクションゲーム"
01:30,10,6448786147,"ラストウォー：サバイバル"
01:30,11,1515877221,"ブルーアーカイブ"
01:30,12,1325457827,"ウマ娘 プリティーダービー"
01:30,13,951627670,"ドラゴンボールZ ドッカンバトル"
01:30,14,1164400646,"#コンパス【戦闘摂理解析システム】"
01:30,15,1623318294,"ゴシップハーバー：マージ & ストーリー"
01:30,16,1176027022,"トゥーンブラスト"
01:30,17,940320341,"プロ野球スピリッツＡ"
01:30,18,6754311241,"無職転生 〜異世界行ったら本気だす〜 【クロエコ】"
01:30,19,6739554056,"キングショット"
01:30,20,493470467,"パズル＆ドラゴンズ"
01:30,21,1482155847,"ロイヤルマッチ（Royal Match)"
01:30,22,1585915174,"勝利の女神：NIKKE"
01:30,23,1517980891,"パズル&サバイバル"
01:30,24,1094591345,"Pokémon GO"
01:30,25,1619722298,"信長の野望 覇道"
01:30,26,6754593077,"NTE: Neverness to Everness"
01:30,27,1358232022,"ドラゴンボール レジェンズ"
01:30,28,1599719154,"崩壊：スターレイル"
01:30,29,1105855019,"ガーデンスケイプ (Gardenscapes)"
01:30,30,6748930656,"ゼンレスゾーンゼロ・クラウド版 - アニバーサリー"
01:30,31,6503272652,"ラストZ：サバイバルシューティング"
01:30,32,6756994116,"イナズマイレブン クロス"
01:30,33,6472019540,"Shadowverse: Worlds Beyond"
01:30,34,1478990007,"アークナイツ"
01:30,35,724594093,"LINE：ディズニー ツムツム"
01:30,36,6471045672,"グルメ・ジャーニー"
01:30,37,6738163891,"ヴァンピール(VAMPIR)"
01:30,38,1312031248,"荒野行動-スマホ版バトロワ"
01:30,39,1478829750,"デュエル・マスターズ プレイス"
01:30,40,888615473,"LINE ポコポコ：3マッチパズルゲーム"
01:30,41,1439417234,"ドラゴンクエストウォーク 歩く楽しみが増える位置情報ゲーム"
01:30,42,6475757306,"Disney Solitaire ディズニー ソリティア"
01:30,43,1663423521,"Wizardry Variants Daphne"
01:30,44,1195621598,"ホームスケイプ (Homescapes)"
01:30,45,6692611665,"SDガンダム ジージェネレーション エターナル"
01:30,46,638689075,"タウンシップ (Township)"
01:30,47,1229016807,"ブロスタ"
01:30,48,1477455989,"ディズニー ツイステッドワンダーランド"
01:30,49,1376515087,"Age of Origins---ゾンビ・末日戦記"
01:30,50,6739554561,"信長の野望 真戦"
01:30,51,824116884,"ONE PIECE トレジャークルーズ"
01:30,52,6746151928,"ハートピアスローライフ"
01:30,53,1606549505,"ロイヤルキングダム (Royal Kingdom)"
01:30,54,6755455500,"ハリウッドマージ"
01:30,55,938506958,"実況パワフルプロ野球"
01:30,56,1672017627,"信長の野望 出陣"
01:30,57,1347780764,"Identity V"
01:30,58,1015521325,"Fate/Grand Order"
01:30,59,664575829,"フィッシュダム(Fishdom)"
01:30,60,6446659989,"学園アイドルマスター"
01:30,61,6747736697,"ドラゴンクエストスマッシュグロウ ドラクエローグライトRPG"
01:30,62,6443755785,"シーサイド エスケープ：マージ & ストーリー"
01:30,63,6741469353,"プロサッカークラブをつくろう！"
01:30,64,1579464667,"Pokémon Sleep"
01:30,65,1643509748,"マージクッキング テーマレストラン"
01:30,66,553834731,"キャンディークラッシュ"
01:30,67,6590616375,"eBaseball™: MLB PRO SPIRIT"
01:30,68,6744011639,"BRAVE FRONTIER LEGION"
01:30,69,1629373124,"陰の実力者になりたくて！マスターオブガーデン"
01:30,70,6639605332,"パラノイズ"
01:30,71,479516143,"Minecraft: クラフト、建築、サバイバル"
01:30,72,6480398822,"DDFF-ファイナルファンタジーのオールスター共闘アクション"
01:30,73,1611490041,"メメントモリ"
01:30,74,6475892450,"キングダム 頂天"
01:30,75,6596745408,"ちいかわぽけっと"
01:30,76,6502326151,"カオスゼロナイトメア"
01:30,77,1469186379,"雀魂 -じゃんたま-"
01:30,78,547145938,"にゃんこ大戦争"
01:30,79,6756247422,"デジモンUP"
01:30,80,666206963,"セガNET麻雀 MJ"
01:30,81,1516559313,"ドラゴンクエストタクト ドラクエのタクティクスRPG"
01:30,82,6737974657,"キングダム 覇道"
01:30,83,6450099588,"ブラウンダスト２ 胸いっぱいのRPG"
01:30,84,1484442152,"マージマンション : パズル & ストーリー"
01:30,85,6740199677,"杖と剣の伝説"
01:30,86,1044505314,"刀剣乱舞ONLINE"
01:30,87,1481318779,"三國志 覇道"
01:30,88,6479391944,"トリッカル・もちもちほっペ大作戦"
01:30,89,6503603603,"ミステリータウン：マージゲーム (Mystery Town)"
01:30,90,1268959718,"七つの大罪 光と闇の交戦 : グラクロ"
01:30,91,6445906110,"モンスターハンターNow"
01:30,92,6502942931,"P5X ペルソナ５: The Phantom X"
01:30,93,6450953550,"トップヒーローズ: キングダムサーガ"
01:30,94,6654894830,"星の翼"
01:30,95,1273064549,"eFootball™ウイコレ CHAMPION SQUADS"
01:30,96,1366526331,"PUBG MOBILE - 世界一のバトルロイヤル！"
01:30,97,1287282214,"Call of Duty®: Mobile"
01:30,98,852912420,"サマナーズウォー X 葬送のフリーレン"
01:30,99,1489932710,"プロジェクトセカイ カラフルステージ！ feat. 初音ミク"
01:30,100,1208396151,"キングダム 乱 -天下統一への道- 究極の戦略・戦争ゲーム"
01:30,101,6742937695,"ペタペタペンギン団"
01:30,102,6741503079,"Pokémon Champions"
01:30,103,1556357398,"Pikmin Bloom"
01:30,104,1211123727,"放置少女 - 百花繚乱の萌姫たち"
01:30,105,1181774280,"ファイアーエムブレム ヒーローズ"
01:30,106,1517783697,"原神～空月の歌～"
01:30,107,6746465127,"セルサバイバー - シューティングゲーム"
01:30,108,6749109552,"X-Clash: サバイバル"
01:30,109,1245550834,"アリス・ギア・アイギス"
01:30,110,1447239134,"Ash Tale-風の大陸-"
01:30,111,1554247785,"遊戯王 マスターデュエル"
01:30,112,985900455,"ドラゴンエッグ　仲間との出会い"
01:30,113,6502582397,"ラグナロクX"
01:30,114,1575830891,"コードギアス 反逆のルルーシュ　ロストストーリーズ"
01:30,115,1479198816,"トップウォー"
01:30,116,6450660247,"黒子のバスケ Street Rivals"
01:30,117,1545088576,"777Real(777リアル) パチンコ･パチスロアプリ"
01:30,118,1053012308,"クラッシュ・ロワイヤル (Clash Royale)"
01:30,119,1020109860,"ゴールデンホイヤー スロット〜パチンコ·パチスロカジノゲーム"
01:30,120,6761041344,"ドット伝説～魔王になる異世界放置RPG～"
01:30,121,1453840513,"東京ディバンカー"
01:30,122,6503810263,"鋼嵐 - メカラシ"
01:30,123,492075888,"暴走列伝 単車の虎"
01:30,124,6449094229,"マッチファクトリー(Match Factory)!"
01:30,125,852882903,"グランブルーファンタジー"
01:30,126,895687962,"白猫プロジェクト"
01:30,127,6768208688,"勇者連盟：暁の遠征"
01:30,128,1521236603,"Travel Town - マージアドベンチャー"
01:30,129,1528941310,"ダダサバイバー"
01:30,130,6756989323,"ラストアサイラム：プレイグ"
01:30,131,1631984107,"ブルーロック Project: World Champion"
01:30,132,1242186587,"アズールレーン"
01:30,133,6504332779,"Color Block Jam"
01:30,134,1662742277,"俺だけレベルアップな件：Arise（俺アラ）"
01:30,135,1568415097,"The Ants: Underground Kingdom"
01:30,136,1561574979,"機動戦士ガンダム U.C. ENGAGE"
01:30,137,6618142292,"フランベシェフ：マージ＆クッキング"
01:30,138,878506376,"LINE POP2 - 簡単マッチ3パズルゲーム"
01:30,139,6736896540,"ハローキティ：マイドリームストア"
01:30,140,6738109752,"タイルズ・サバイバル"
01:30,141,1533946351,"ドルフィンウェーブ"
01:30,142,1565488936,"転生したらスライムだった件 魔王と竜の建国譚【まおりゅう】"
01:30,143,6743205891,"聖霊伝説：最強への道"
01:30,144,6444043291,"Domino Dreams™"
01:30,145,1576831351,"ヘブンバーンズレッド"
01:30,146,6738469826,"この監獄ほんmoneyすぎんご"
01:30,147,529479190,"クラッシュ・オブ・クラン (Clash of Clans)"
01:30,148,6740043080,"Screwdom : ボルトパズルゲーム"
01:30,149,6756044415,"今生は恋より茶に生きる"
01:30,150,6755585789,"チート勇者～インベントリ攻略ゲー～RPG"
01:30,151,1032346221,"妖怪ウォッチ ぷにぷに"
01:30,152,6752672568,"Block Out! - Color Sort Puzzle"
01:30,153,6444487398,"マジックカード：Locked Rings"
01:30,154,6480167901,"魔法少女まどかマギカ Magia Exedra"
01:30,155,6758927408,"弱虫ペダル レゾナンス・ぺダイズム"
01:30,156,6670441558,"Dark War:Survival"
01:30,157,1537365865,"商人放浪記"
01:30,158,1442061397,"Pokémon Masters EX"
01:30,159,1158967485,"ヒーローウォーズ：アライアンス — アクションバトルにRPG"
01:30,160,1098157959,"エボニー - 王の帰還"
01:30,161,6503284107,"オールインホール (All in Hole)"
01:30,162,953790507,"城とドラゴン"
01:30,163,6464543369,"コナステ メダルコーナー | コナミの メダルゲームが遊べる"
01:30,164,1434519042,"メイプルストーリーＭ"
01:30,165,6445884108,"ツリーオブセイヴァー：ネバーランド"
01:30,166,6737473225,"アストラルパーティー"
01:30,167,1068378177,"遊戯王 デュエルリンクス"
01:30,168,6751229187,"ドラゴンブラッド：スレイヤーズ学院（ドラガク）"
01:30,169,1019437222,"アイドリッシュセブン"
01:30,170,895761422,"LINE バブル2"
01:30,171,6754003671,"カードキャプターさくら：思い出の鍵"
01:30,172,6473767344,"キノコ伝説：勇者と魔法のランプ"
01:30,173,496801169,"将棋ウォーズ"
01:30,174,6742122160,"TopTop(トップトップ): サクッと遊んで、パッと友達"
01:30,175,963073142,"あんさんぶるスターズ！！Basic"
01:30,176,1551798277,"呪術廻戦 ファントムパレード"
01:30,177,6502820653,"アーチャー伝説2"
01:30,178,6753738566,"HUNTER×HUNTER NEN×SURVIVOR"
01:30,179,1483058899,"プロジェクトメイクオーバー Project Makeover"
01:30,180,1356980152,"スロットセブン：ジャックポットワールド、パチスロ、カジノ"
01:30,181,1512321575,"Pokémon UNITE"
01:30,182,934745962,"駅メモ！ - ステーションメモリーズ！-"
01:30,183,529996768,"Bingo Blitz™ - ビンゴゲーム"
01:30,184,1160056295,"モバイル·レジェンド: Bang Bang"
01:30,185,1326707443,"プロサッカークラブをつくろう！ロード・トゥ・ワールド"
01:30,186,1263365153,"エバーテイル"
01:30,187,6446389130,"パズル＆カオス"
01:30,188,6474962684,"レーシングマスター"
01:30,189,6752642477,"アークナイツ：エンドフィールド"
01:30,190,1235569398,"マフィア・シティ-極道風雲"
01:30,191,668300448,"SunVy Poker - サンビ・ポーカー"
01:30,192,6755509352,"マブラヴ ガールズガーデン"
01:30,193,700626925,"剣と魔法のログレス いにしえの女神-本格MMORPG"
01:30,194,1524742294,"三國志 真戦"
01:30,195,1352887311,"新三國志：育成型戦略シミュレーションゲーム"
01:30,196,640023408,"麻雀格闘倶楽部Sp |麻雀の初心者におすすめ! 麻雀ゲーム"
01:30,197,1578816591,"麻雀一番街 × ダンガンロンパ"
01:30,198,6737189862,"サベージ・サバイバル：恐竜の咆哮"
01:30,199,1298368256,"コトダマン-共闘ことばRPG"
01:30,200,1623345808,"キン肉マン 極・タッグ乱舞"
03:00,1,1117270703,"eFootball™"
03:00,2,6479970832,"Pokémon TCG Pocket"
03:00,3,6756641135,"ホロライブドリームス"
03:00,4,1606356401,"ゼンレスゾーンゼロ - アニバーサリー"
03:00,5,1494428618,"あんさんぶるスターズ！！Music"
03:00,6,658511662,"モンスターストライク"
03:00,7,6475033368,"鳴潮 - 玄方地界へ"
03:00,8,6443575749,"ホワイトアウト・サバイバル"
03:00,9,1322310031,"ONE PIECE バウンティラッシュ - アクションゲーム"
03:00,10,6448786147,"ラストウォー：サバイバル"
03:00,11,1515877221,"ブルーアーカイブ"
03:00,12,1325457827,"ウマ娘 プリティーダービー"
03:00,13,951627670,"ドラゴンボールZ ドッカンバトル"
03:00,14,1164400646,"#コンパス【戦闘摂理解析システム】"
03:00,15,1623318294,"ゴシップハーバー：マージ & ストーリー"
03:00,16,1176027022,"トゥーンブラスト"
03:00,17,940320341,"プロ野球スピリッツＡ"
03:00,18,6754311241,"無職転生 〜異世界行ったら本気だす〜 【クロエコ】"
03:00,19,6739554561,"信長の野望 真戦"
03:00,20,1585915174,"勝利の女神：NIKKE"
03:00,21,1482155847,"ロイヤルマッチ（Royal Match)"
03:00,22,6739554056,"キングショット"
03:00,23,1619722298,"信長の野望 覇道"
03:00,24,1517980891,"パズル&サバイバル"
03:00,25,1094591345,"Pokémon GO"
03:00,26,493470467,"パズル＆ドラゴンズ"
03:00,27,6754593077,"NTE: Neverness to Everness"
03:00,28,1663423521,"Wizardry Variants Daphne"
03:00,29,1358232022,"ドラゴンボール レジェンズ"
03:00,30,1478990007,"アークナイツ"
03:00,31,6756994116,"イナズマイレブン クロス"
03:00,32,1105855019,"ガーデンスケイプ (Gardenscapes)"
03:00,33,1599719154,"崩壊：スターレイル"
03:00,34,6471045672,"グルメ・ジャーニー"
03:00,35,6503272652,"ラストZ：サバイバルシューティング"
03:00,36,724594093,"LINE：ディズニー ツムツム"
03:00,37,6472019540,"Shadowverse: Worlds Beyond"
03:00,38,1312031248,"荒野行動-スマホ版バトロワ"
03:00,39,6748930656,"ゼンレスゾーンゼロ・クラウド版 - アニバーサリー"
03:00,40,6738163891,"ヴァンピール(VAMPIR)"
03:00,41,6502942931,"P5X ペルソナ５: The Phantom X"
03:00,42,888615473,"LINE ポコポコ：3マッチパズルゲーム"
03:00,43,1478829750,"デュエル・マスターズ プレイス"
03:00,44,6475757306,"Disney Solitaire ディズニー ソリティア"
03:00,45,1439417234,"ドラゴンクエストウォーク 歩く楽しみが増える位置情報ゲーム"
03:00,46,638689075,"タウンシップ (Township)"
03:00,47,1195621598,"ホームスケイプ (Homescapes)"
03:00,48,6692611665,"SDガンダム ジージェネレーション エターナル"
03:00,49,1672017627,"信長の野望 出陣"
03:00,50,1229016807,"ブロスタ"
03:00,51,938506958,"実況パワフルプロ野球"
03:00,52,1376515087,"Age of Origins---ゾンビ・末日戦記"
03:00,53,824116884,"ONE PIECE トレジャークルーズ"
03:00,54,1477455989,"ディズニー ツイステッドワンダーランド"
03:00,55,1606549505,"ロイヤルキングダム (Royal Kingdom)"
03:00,56,6746151928,"ハートピアスローライフ"
03:00,57,6755455500,"ハリウッドマージ"
03:00,58,6446659989,"学園アイドルマスター"
03:00,59,1629373124,"陰の実力者になりたくて！マスターオブガーデン"
03:00,60,1015521325,"Fate/Grand Order"
03:00,61,1347780764,"Identity V"
03:00,62,664575829,"フィッシュダム(Fishdom)"
03:00,63,6747736697,"ドラゴンクエストスマッシュグロウ ドラクエローグライトRPG"
03:00,64,1643509748,"マージクッキング テーマレストラン"
03:00,65,6744011639,"BRAVE FRONTIER LEGION"
03:00,66,6443755785,"シーサイド エスケープ：マージ & ストーリー"
03:00,67,6741469353,"プロサッカークラブをつくろう！"
03:00,68,553834731,"キャンディークラッシュ"
03:00,69,6590616375,"eBaseball™: MLB PRO SPIRIT"
03:00,70,1579464667,"Pokémon Sleep"
03:00,71,6479391944,"トリッカル・もちもちほっペ大作戦"
03:00,72,6639605332,"パラノイズ"
03:00,73,479516143,"Minecraft: クラフト、建築、サバイバル"
03:00,74,6450099588,"ブラウンダスト２ 胸いっぱいのRPG"
03:00,75,1611490041,"メメントモリ"
03:00,76,6475892450,"キングダム 頂天"
03:00,77,1268959718,"七つの大罪 光と闇の交戦 : グラクロ"
03:00,78,1469186379,"雀魂 -じゃんたま-"
03:00,79,6480398822,"DDFF-ファイナルファンタジーのオールスター共闘アクション"
03:00,80,6596745408,"ちいかわぽけっと"
03:00,81,6502326151,"カオスゼロナイトメア"
03:00,82,6756247422,"デジモンUP"
03:00,83,547145938,"にゃんこ大戦争"
03:00,84,666206963,"セガNET麻雀 MJ"
03:00,85,1516559313,"ドラゴンクエストタクト ドラクエのタクティクスRPG"
03:00,86,6737974657,"キングダム 覇道"
03:00,87,6740199677,"杖と剣の伝説"
03:00,88,1481318779,"三國志 覇道"
03:00,89,1484442152,"マージマンション : パズル & ストーリー"
03:00,90,1273064549,"eFootball™ウイコレ CHAMPION SQUADS"
03:00,91,1489932710,"プロジェクトセカイ カラフルステージ！ feat. 初音ミク"
03:00,92,6503603603,"ミステリータウン：マージゲーム (Mystery Town)"
03:00,93,6654894830,"星の翼"
03:00,94,6445906110,"モンスターハンターNow"
03:00,95,1044505314,"刀剣乱舞ONLINE"
03:00,96,6450953550,"トップヒーローズ: キングダムサーガ"
03:00,97,852912420,"サマナーズウォー X 葬送のフリーレン"
03:00,98,1287282214,"Call of Duty®: Mobile"
03:00,99,1366526331,"PUBG MOBILE - 世界一のバトルロイヤル！"
03:00,100,1575830891,"コードギアス 反逆のルルーシュ　ロストストーリーズ"
03:00,101,1211123727,"放置少女 - 百花繚乱の萌姫たち"
03:00,102,1245550834,"アリス・ギア・アイギス"
03:00,103,1533946351,"ドルフィンウェーブ"
03:00,104,1556357398,"Pikmin Bloom"
03:00,105,1517783697,"原神～空月の歌～"
03:00,106,6742937695,"ペタペタペンギン団"
03:00,107,1208396151,"キングダム 乱 -天下統一への道- 究極の戦略・戦争ゲーム"
03:00,108,6741503079,"Pokémon Champions"
03:00,109,1662742277,"俺だけレベルアップな件：Arise（俺アラ）"
03:00,110,6749109552,"X-Clash: サバイバル"
03:00,111,1554247785,"遊戯王 マスターデュエル"
03:00,112,985900455,"ドラゴンエッグ　仲間との出会い"
03:00,113,6746465127,"セルサバイバー - シューティングゲーム"
03:00,114,1447239134,"Ash Tale-風の大陸-"
03:00,115,1181774280,"ファイアーエムブレム ヒーローズ"
03:00,116,852882903,"グランブルーファンタジー"
03:00,117,895687962,"白猫プロジェクト"
03:00,118,1053012308,"クラッシュ・ロワイヤル (Clash Royale)"
03:00,119,1545088576,"777Real(777リアル) パチンコ･パチスロアプリ"
03:00,120,1020109860,"ゴールデンホイヤー スロット〜パチンコ·パチスロカジノゲーム"
03:00,121,6768208688,"勇者連盟：暁の遠征"
03:00,122,6450660247,"黒子のバスケ Street Rivals"
03:00,123,6761041344,"ドット伝説～魔王になる異世界放置RPG～"
03:00,124,1521236603,"Travel Town - マージアドベンチャー"
03:00,125,1479198816,"トップウォー"
03:00,126,6449094229,"マッチファクトリー(Match Factory)!"
03:00,127,6756989323,"ラストアサイラム：プレイグ"
03:00,128,6502582397,"ラグナロクX"
03:00,129,1453840513,"東京ディバンカー"
03:00,130,6503810263,"鋼嵐 - メカラシ"
03:00,131,1537365865,"商人放浪記"
03:00,132,1631984107,"ブルーロック Project: World Champion"
03:00,133,492075888,"暴走列伝 単車の虎"
03:00,134,6504332779,"Color Block Jam"
03:00,135,6736896540,"ハローキティ：マイドリームストア"
03:00,136,1528941310,"ダダサバイバー"
03:00,137,6618142292,"フランベシェフ：マージ＆クッキング"
03:00,138,6738109752,"タイルズ・サバイバル"
03:00,139,6444487398,"マジックカード：Locked Rings"
03:00,140,1242186587,"アズールレーン"
03:00,141,1568415097,"The Ants: Underground Kingdom"
03:00,142,878506376,"LINE POP2 - 簡単マッチ3パズルゲーム"
03:00,143,1565488936,"転生したらスライムだった件 魔王と竜の建国譚【まおりゅう】"
03:00,144,1561574979,"機動戦士ガンダム U.C. ENGAGE"
03:00,145,6444043291,"Domino Dreams™"
03:00,146,1474209512,"LIVE A HERO"
03:00,147,6740043080,"Screwdom : ボルトパズルゲーム"
03:00,148,6743205891,"聖霊伝説：最強への道"
03:00,149,529479190,"クラッシュ・オブ・クラン (Clash of Clans)"
03:00,150,6752672568,"Block Out! - Color Sort Puzzle"
03:00,151,6738469826,"この監獄ほんmoneyすぎんご"
03:00,152,6756044415,"今生は恋より茶に生きる"
03:00,153,1576831351,"ヘブンバーンズレッド"
03:00,154,1442061397,"Pokémon Masters EX"
03:00,155,6480167901,"魔法少女まどかマギカ Magia Exedra"
03:00,156,1032346221,"妖怪ウォッチ ぷにぷに"
03:00,157,6670441558,"Dark War:Survival"
03:00,158,6755585789,"チート勇者～インベントリ攻略ゲー～RPG"
03:00,159,1158967485,"ヒーローウォーズ：アライアンス — アクションバトルにRPG"
03:00,160,963073142,"あんさんぶるスターズ！！Basic"
03:00,161,6464543369,"コナステ メダルコーナー | コナミの メダルゲームが遊べる"
03:00,162,6503284107,"オールインホール (All in Hole)"
03:00,163,6737473225,"アストラルパーティー"
03:00,164,6758927408,"弱虫ペダル レゾナンス・ぺダイズム"
03:00,165,1326707443,"プロサッカークラブをつくろう！ロード・トゥ・ワールド"
03:00,166,1098157959,"エボニー - 王の帰還"
03:00,167,1434519042,"メイプルストーリーＭ"
03:00,168,6753738566,"HUNTER×HUNTER NEN×SURVIVOR"
03:00,169,6751229187,"ドラゴンブラッド：スレイヤーズ学院（ドラガク）"
03:00,170,6445884108,"ツリーオブセイヴァー：ネバーランド"
03:00,171,1578816591,"麻雀一番街 × ダンガンロンパ"
03:00,172,1551798277,"呪術廻戦 ファントムパレード"
03:00,173,1483058899,"プロジェクトメイクオーバー Project Makeover"
03:00,174,953790507,"城とドラゴン"
03:00,175,895761422,"LINE バブル2"
03:00,176,6754003671,"カードキャプターさくら：思い出の鍵"
03:00,177,6450412255,"SUPERSTAR EBiDAN"
03:00,178,1068378177,"遊戯王 デュエルリンクス"
03:00,179,6473767344,"キノコ伝説：勇者と魔法のランプ"
03:00,180,1019437222,"アイドリッシュセブン"
03:00,181,1356980152,"スロットセブン：ジャックポットワールド、パチスロ、カジノ"
03:00,182,6742122160,"TopTop(トップトップ): サクッと遊んで、パッと友達"
03:00,183,1512321575,"Pokémon UNITE"
03:00,184,1623345808,"キン肉マン 極・タッグ乱舞"
03:00,185,496801169,"将棋ウォーズ"
03:00,186,934745962,"駅メモ！ - ステーションメモリーズ！-"
03:00,187,1449539696,"Jリーグクラブチャンピオンシップ"
03:00,188,529996768,"Bingo Blitz™ - ビンゴゲーム"
03:00,189,1160056295,"モバイル·レジェンド: Bang Bang"
03:00,190,6741672573,"恋姫†大戦"
03:00,191,6474962684,"レーシングマスター"
03:00,192,1448666290,"アイドルマスター シャイニーカラーズ"
03:00,193,6737189862,"サベージ・サバイバル：恐竜の咆哮"
03:00,194,1391483863,"旦那様の一発逆転人生"
03:00,195,6502820653,"アーチャー伝説2"
03:00,196,6446389130,"パズル＆カオス"
03:00,197,1298368256,"コトダマン-共闘ことばRPG"
03:00,198,6752642477,"アークナイツ：エンドフィールド"
03:00,199,6751056652,"Pixel Flow!"
03:00,200,6755509352,"マブラヴ ガールズガーデン"
04:30,1,1117270703,"eFootball™"
04:30,2,6479970832,"Pokémon TCG Pocket"
04:30,3,6756641135,"ホロライブドリームス"
04:30,4,1606356401,"ゼンレスゾーンゼロ - アニバーサリー"
04:30,5,1494428618,"あんさんぶるスターズ！！Music"
04:30,6,658511662,"モンスターストライク"
04:30,7,6475033368,"鳴潮 - 玄方地界へ"
04:30,8,6443575749,"ホワイトアウト・サバイバル"
04:30,9,1322310031,"ONE PIECE バウンティラッシュ - アクションゲーム"
04:30,10,6448786147,"ラストウォー：サバイバル"
04:30,11,1325457827,"ウマ娘 プリティーダービー"
04:30,12,1515877221,"ブルーアーカイブ"
04:30,13,951627670,"ドラゴンボールZ ドッカンバトル"
04:30,14,1164400646,"#コンパス【戦闘摂理解析システム】"
04:30,15,1623318294,"ゴシップハーバー：マージ & ストーリー"
04:30,16,6739554561,"信長の野望 真戦"
04:30,17,940320341,"プロ野球スピリッツＡ"
04:30,18,1176027022,"トゥーンブラスト"
04:30,19,6754311241,"無職転生 〜異世界行ったら本気だす〜 【クロエコ】"
04:30,20,1585915174,"勝利の女神：NIKKE"
04:30,21,6739554056,"キングショット"
04:30,22,1482155847,"ロイヤルマッチ（Royal Match)"
04:30,23,1517980891,"パズル&サバイバル"
04:30,24,1619722298,"信長の野望 覇道"
04:30,25,1663423521,"Wizardry Variants Daphne"
04:30,26,1094591345,"Pokémon GO"
04:30,27,493470467,"パズル＆ドラゴンズ"
04:30,28,6756994116,"イナズマイレブン クロス"
04:30,29,6754593077,"NTE: Neverness to Everness"
04:30,30,1478990007,"アークナイツ"
04:30,31,1599719154,"崩壊：スターレイル"
04:30,32,1105855019,"ガーデンスケイプ (Gardenscapes)"
04:30,33,1358232022,"ドラゴンボール レジェンズ"
04:30,34,6471045672,"グルメ・ジャーニー"
04:30,35,6503272652,"ラストZ：サバイバルシューティング"
04:30,36,1312031248,"荒野行動-スマホ版バトロワ"
04:30,37,724594093,"LINE：ディズニー ツムツム"
04:30,38,6502942931,"P5X ペルソナ５: The Phantom X"
04:30,39,6738163891,"ヴァンピール(VAMPIR)"
04:30,40,6472019540,"Shadowverse: Worlds Beyond"
04:30,41,6748930656,"ゼンレスゾーンゼロ・クラウド版 - アニバーサリー"
04:30,42,1478829750,"デュエル・マスターズ プレイス"
04:30,43,888615473,"LINE ポコポコ：3マッチパズルゲーム"
04:30,44,6475757306,"Disney Solitaire ディズニー ソリティア"
04:30,45,638689075,"タウンシップ (Township)"
04:30,46,1439417234,"ドラゴンクエストウォーク 歩く楽しみが増える位置情報ゲーム"
04:30,47,6692611665,"SDガンダム ジージェネレーション エターナル"
04:30,48,1195621598,"ホームスケイプ (Homescapes)"
04:30,49,938506958,"実況パワフルプロ野球"
04:30,50,1672017627,"信長の野望 出陣"
04:30,51,1229016807,"ブロスタ"
04:30,52,6446659989,"学園アイドルマスター"
04:30,53,1477455989,"ディズニー ツイステッドワンダーランド"
04:30,54,1606549505,"ロイヤルキングダム (Royal Kingdom)"
04:30,55,1629373124,"陰の実力者になりたくて！マスターオブガーデン"
04:30,56,1347780764,"Identity V"
04:30,57,6755455500,"ハリウッドマージ"
04:30,58,6746151928,"ハートピアスローライフ"
04:30,59,824116884,"ONE PIECE トレジャークルーズ"
04:30,60,1015521325,"Fate/Grand Order"
04:30,61,1376515087,"Age of Origins---ゾンビ・末日戦記"
04:30,62,6639605332,"パラノイズ"
04:30,63,664575829,"フィッシュダム(Fishdom)"
04:30,64,6747736697,"ドラゴンクエストスマッシュグロウ ドラクエローグライトRPG"
04:30,65,1643509748,"マージクッキング テーマレストラン"
04:30,66,6744011639,"BRAVE FRONTIER LEGION"
04:30,67,6479391944,"トリッカル・もちもちほっペ大作戦"
04:30,68,6450099588,"ブラウンダスト２ 胸いっぱいのRPG"
04:30,69,6741469353,"プロサッカークラブをつくろう！"
04:30,70,6443755785,"シーサイド エスケープ：マージ & ストーリー"
04:30,71,553834731,"キャンディークラッシュ"
04:30,72,1579464667,"Pokémon Sleep"
04:30,73,6475892450,"キングダム 頂天"
04:30,74,6590616375,"eBaseball™: MLB PRO SPIRIT"
04:30,75,479516143,"Minecraft: クラフト、建築、サバイバル"
04:30,76,1268959718,"七つの大罪 光と闇の交戦 : グラクロ"
04:30,77,1469186379,"雀魂 -じゃんたま-"
04:30,78,1611490041,"メメントモリ"
04:30,79,6737974657,"キングダム 覇道"
04:30,80,6502326151,"カオスゼロナイトメア"
04:30,81,666206963,"セガNET麻雀 MJ"
04:30,82,6596745408,"ちいかわぽけっと"
04:30,83,547145938,"にゃんこ大戦争"
04:30,84,6756247422,"デジモンUP"
04:30,85,6480398822,"DDFF-ファイナルファンタジーのオールスター共闘アクション"
04:30,86,1516559313,"ドラゴンクエストタクト ドラクエのタクティクスRPG"
04:30,87,1273064549,"eFootball™ウイコレ CHAMPION SQUADS"
04:30,88,1481318779,"三國志 覇道"
04:30,89,1489932710,"プロジェクトセカイ カラフルステージ！ feat. 初音ミク"
04:30,90,6740199677,"杖と剣の伝説"
04:30,91,1484442152,"マージマンション : パズル & ストーリー"
04:30,92,1211123727,"放置少女 - 百花繚乱の萌姫たち"
04:30,93,1575830891,"コードギアス 反逆のルルーシュ　ロストストーリーズ"
04:30,94,6503603603,"ミステリータウン：マージゲーム (Mystery Town)"
04:30,95,1533946351,"ドルフィンウェーブ"
04:30,96,852912420,"サマナーズウォー X 葬送のフリーレン"
04:30,97,6445906110,"モンスターハンターNow"
04:30,98,1366526331,"PUBG MOBILE - 世界一のバトルロイヤル！"
04:30,99,1287282214,"Call of Duty®: Mobile"
04:30,100,1662742277,"俺だけレベルアップな件：Arise（俺アラ）"
04:30,101,6654894830,"星の翼"
04:30,102,1453840513,"東京ディバンカー"
04:30,103,1044505314,"刀剣乱舞ONLINE"
04:30,104,6450953550,"トップヒーローズ: キングダムサーガ"
04:30,105,1517783697,"原神～空月の歌～"
04:30,106,6742937695,"ペタペタペンギン団"
04:30,107,1208396151,"キングダム 乱 -天下統一への道- 究極の戦略・戦争ゲーム"
04:30,108,1245550834,"アリス・ギア・アイギス"
04:30,109,895687962,"白猫プロジェクト"
04:30,110,6741503079,"Pokémon Champions"
04:30,111,6746465127,"セルサバイバー - シューティングゲーム"
04:30,112,852882903,"グランブルーファンタジー"
04:30,113,1554247785,"遊戯王 マスターデュエル"
04:30,114,6749109552,"X-Clash: サバイバル"
04:30,115,1556357398,"Pikmin Bloom"
04:30,116,985900455,"ドラゴンエッグ　仲間との出会い"
04:30,117,1053012308,"クラッシュ・ロワイヤル (Clash Royale)"
04:30,118,1447239134,"Ash Tale-風の大陸-"
04:30,119,1020109860,"ゴールデンホイヤー スロット〜パチンコ·パチスロカジノゲーム"
04:30,120,1181774280,"ファイアーエムブレム ヒーローズ"
04:30,121,1545088576,"777Real(777リアル) パチンコ･パチスロアプリ"
04:30,122,1521236603,"Travel Town - マージアドベンチャー"
04:30,123,1631984107,"ブルーロック Project: World Champion"
04:30,124,6768208688,"勇者連盟：暁の遠征"
04:30,125,6449094229,"マッチファクトリー(Match Factory)!"
04:30,126,6761041344,"ドット伝説～魔王になる異世界放置RPG～"
04:30,127,6756989323,"ラストアサイラム：プレイグ"
04:30,128,1479198816,"トップウォー"
04:30,129,6450660247,"黒子のバスケ Street Rivals"
04:30,130,6502582397,"ラグナロクX"
04:30,131,6736896540,"ハローキティ：マイドリームストア"
04:30,132,1537365865,"商人放浪記"
04:30,133,1474209512,"LIVE A HERO"
04:30,134,6504332779,"Color Block Jam"
04:30,135,1565488936,"転生したらスライムだった件 魔王と竜の建国譚【まおりゅう】"
04:30,136,6743205891,"聖霊伝説：最強への道"
04:30,137,6618142292,"フランベシェフ：マージ＆クッキング"
04:30,138,492075888,"暴走列伝 単車の虎"
04:30,139,6444043291,"Domino Dreams™"
04:30,140,6738109752,"タイルズ・サバイバル"
04:30,141,6503810263,"鋼嵐 - メカラシ"
04:30,142,1528941310,"ダダサバイバー"
04:30,143,6740043080,"Screwdom : ボルトパズルゲーム"
04:30,144,878506376,"LINE POP2 - 簡単マッチ3パズルゲーム"
04:30,145,1242186587,"アズールレーン"
04:30,146,6464543369,"コナステ メダルコーナー | コナミの メダルゲームが遊べる"
04:30,147,6444487398,"マジックカード：Locked Rings"
04:30,148,1442061397,"Pokémon Masters EX"
04:30,149,1568415097,"The Ants: Underground Kingdom"
04:30,150,1576831351,"ヘブンバーンズレッド"
04:30,151,6752672568,"Block Out! - Color Sort Puzzle"
04:30,152,1032346221,"妖怪ウォッチ ぷにぷに"
04:30,153,6480167901,"魔法少女まどかマギカ Magia Exedra"
04:30,154,529479190,"クラッシュ・オブ・クラン (Clash of Clans)"
04:30,155,1561574979,"機動戦士ガンダム U.C. ENGAGE"
04:30,156,6756044415,"今生は恋より茶に生きる"
04:30,157,6754003671,"カードキャプターさくら：思い出の鍵"
04:30,158,6758927408,"弱虫ペダル レゾナンス・ぺダイズム"
04:30,159,6737473225,"アストラルパーティー"
04:30,160,6670441558,"Dark War:Survival"
04:30,161,6473767344,"キノコ伝説：勇者と魔法のランプ"
04:30,162,963073142,"あんさんぶるスターズ！！Basic"
04:30,163,6450412255,"SUPERSTAR EBiDAN"
04:30,164,6738469826,"この監獄ほんmoneyすぎんご"
04:30,165,6503284107,"オールインホール (All in Hole)"
04:30,166,6755585789,"チート勇者～インベントリ攻略ゲー～RPG"
04:30,167,1578816591,"麻雀一番街 × ダンガンロンパ"
04:30,168,6753738566,"HUNTER×HUNTER NEN×SURVIVOR"
04:30,169,1158967485,"ヒーローウォーズ：アライアンス — アクションバトルにRPG"
04:30,170,1434519042,"メイプルストーリーＭ"
04:30,171,1483058899,"プロジェクトメイクオーバー Project Makeover"
04:30,172,1551798277,"呪術廻戦 ファントムパレード"
04:30,173,6751229187,"ドラゴンブラッド：スレイヤーズ学院（ドラガク）"
04:30,174,6476969262,"18TRIP （エイトリ）"
04:30,175,953790507,"城とドラゴン"
04:30,176,1449539696,"Jリーグクラブチャンピオンシップ"
04:30,177,1512321575,"Pokémon UNITE"
04:30,178,1326707443,"プロサッカークラブをつくろう！ロード・トゥ・ワールド"
04:30,179,1098157959,"エボニー - 王の帰還"
04:30,180,1356980152,"スロットセブン：ジャックポットワールド、パチスロ、カジノ"
04:30,181,1160056295,"モバイル·レジェンド: Bang Bang"
04:30,182,6445884108,"ツリーオブセイヴァー：ネバーランド"
04:30,183,895761422,"LINE バブル2"
04:30,184,6742122160,"TopTop(トップトップ): サクッと遊んで、パッと友達"
04:30,185,6741672573,"恋姫†大戦"
04:30,186,1448666290,"アイドルマスター シャイニーカラーズ"
04:30,187,1623345808,"キン肉マン 極・タッグ乱舞"
04:30,188,1068378177,"遊戯王 デュエルリンクス"
04:30,189,529996768,"Bingo Blitz™ - ビンゴゲーム"
04:30,190,1019437222,"アイドリッシュセブン"
04:30,191,934745962,"駅メモ！ - ステーションメモリーズ！-"
04:30,192,496801169,"将棋ウォーズ"
04:30,193,1298368256,"コトダマン-共闘ことばRPG"
04:30,194,1263365153,"エバーテイル"
04:30,195,6474962684,"レーシングマスター"
04:30,196,6752642477,"アークナイツ：エンドフィールド"
04:30,197,6749251466,"クッキーラン：クランブル - 放置系RPG"
04:30,198,1391483863,"旦那様の一発逆転人生"
04:30,199,6737189862,"サベージ・サバイバル：恐竜の咆哮"
04:30,200,6751056652,"Pixel Flow!"
06:00,1,1117270703,"eFootball™"
06:00,2,6479970832,"Pokémon TCG Pocket"
06:00,3,6756641135,"ホロライブドリームス"
06:00,4,1606356401,"ゼンレスゾーンゼロ - アニバーサリー"
06:00,5,1494428618,"あんさんぶるスターズ！！Music"
06:00,6,658511662,"モンスターストライク"
06:00,7,6475033368,"鳴潮 - 玄方地界へ"
06:00,8,6443575749,"ホワイトアウト・サバイバル"
06:00,9,1322310031,"ONE PIECE バウンティラッシュ - アクションゲーム"
06:00,10,6448786147,"ラストウォー：サバイバル"
06:00,11,1325457827,"ウマ娘 プリティーダービー"
06:00,12,1515877221,"ブルーアーカイブ"
06:00,13,951627670,"ドラゴンボールZ ドッカンバトル"
06:00,14,1164400646,"#コンパス【戦闘摂理解析システム】"
06:00,15,1623318294,"ゴシップハーバー：マージ & ストーリー"
06:00,16,6739554561,"信長の野望 真戦"
06:00,17,940320341,"プロ野球スピリッツＡ"
06:00,18,1176027022,"トゥーンブラスト"
06:00,19,6754311241,"無職転生 〜異世界行ったら本気だす〜 【クロエコ】"
06:00,20,1585915174,"勝利の女神：NIKKE"
06:00,21,6739554056,"キングショット"
06:00,22,1482155847,"ロイヤルマッチ（Royal Match)"
06:00,23,1517980891,"パズル&サバイバル"
06:00,24,1619722298,"信長の野望 覇道"
06:00,25,1663423521,"Wizardry Variants Daphne"
06:00,26,1094591345,"Pokémon GO"
06:00,27,493470467,"パズル＆ドラゴンズ"
06:00,28,6756994116,"イナズマイレブン クロス"
06:00,29,6754593077,"NTE: Neverness to Everness"
06:00,30,1478990007,"アークナイツ"
06:00,31,1599719154,"崩壊：スターレイル"
06:00,32,1105855019,"ガーデンスケイプ (Gardenscapes)"
06:00,33,1358232022,"ドラゴンボール レジェンズ"
06:00,34,6471045672,"グルメ・ジャーニー"
06:00,35,6503272652,"ラストZ：サバイバルシューティング"
06:00,36,1312031248,"荒野行動-スマホ版バトロワ"
06:00,37,724594093,"LINE：ディズニー ツムツム"
06:00,38,6502942931,"P5X ペルソナ５: The Phantom X"
06:00,39,6738163891,"ヴァンピール(VAMPIR)"
06:00,40,6472019540,"Shadowverse: Worlds Beyond"
06:00,41,6748930656,"ゼンレスゾーンゼロ・クラウド版 - アニバーサリー"
06:00,42,1478829750,"デュエル・マスターズ プレイス"
06:00,43,888615473,"LINE ポコポコ：3マッチパズルゲーム"
06:00,44,6475757306,"Disney Solitaire ディズニー ソリティア"
06:00,45,638689075,"タウンシップ (Township)"
06:00,46,1439417234,"ドラゴンクエストウォーク 歩く楽しみが増える位置情報ゲーム"
06:00,47,6692611665,"SDガンダム ジージェネレーション エターナル"
06:00,48,1195621598,"ホームスケイプ (Homescapes)"
06:00,49,938506958,"実況パワフルプロ野球"
06:00,50,1672017627,"信長の野望 出陣"
06:00,51,1229016807,"ブロスタ"
06:00,52,6446659989,"学園アイドルマスター"
06:00,53,1477455989,"ディズニー ツイステッドワンダーランド"
06:00,54,1606549505,"ロイヤルキングダム (Royal Kingdom)"
06:00,55,1629373124,"陰の実力者になりたくて！マスターオブガーデン"
06:00,56,1347780764,"Identity V"
06:00,57,6755455500,"ハリウッドマージ"
06:00,58,6746151928,"ハートピアスローライフ"
06:00,59,824116884,"ONE PIECE トレジャークルーズ"
06:00,60,1015521325,"Fate/Grand Order"
06:00,61,1376515087,"Age of Origins---ゾンビ・末日戦記"
06:00,62,6639605332,"パラノイズ"
06:00,63,664575829,"フィッシュダム(Fishdom)"
06:00,64,6747736697,"ドラゴンクエストスマッシュグロウ ドラクエローグライトRPG"
06:00,65,1643509748,"マージクッキング テーマレストラン"
06:00,66,6744011639,"BRAVE FRONTIER LEGION"
06:00,67,6479391944,"トリッカル・もちもちほっペ大作戦"
06:00,68,6450099588,"ブラウンダスト２ 胸いっぱいのRPG"
06:00,69,6741469353,"プロサッカークラブをつくろう！"
06:00,70,6443755785,"シーサイド エスケープ：マージ & ストーリー"
06:00,71,553834731,"キャンディークラッシュ"
06:00,72,1579464667,"Pokémon Sleep"
06:00,73,6475892450,"キングダム 頂天"
06:00,74,6590616375,"eBaseball™: MLB PRO SPIRIT"
06:00,75,479516143,"Minecraft: クラフト、建築、サバイバル"
06:00,76,1268959718,"七つの大罪 光と闇の交戦 : グラクロ"
06:00,77,1469186379,"雀魂 -じゃんたま-"
06:00,78,1611490041,"メメントモリ"
06:00,79,6737974657,"キングダム 覇道"
06:00,80,6502326151,"カオスゼロナイトメア"
06:00,81,666206963,"セガNET麻雀 MJ"
06:00,82,6596745408,"ちいかわぽけっと"
06:00,83,547145938,"にゃんこ大戦争"
06:00,84,6756247422,"デジモンUP"
06:00,85,6480398822,"DDFF-ファイナルファンタジーのオールスター共闘アクション"
06:00,86,1516559313,"ドラゴンクエストタクト ドラクエのタクティクスRPG"
06:00,87,1273064549,"eFootball™ウイコレ CHAMPION SQUADS"
06:00,88,1481318779,"三國志 覇道"
06:00,89,1489932710,"プロジェクトセカイ カラフルステージ！ feat. 初音ミク"
06:00,90,6740199677,"杖と剣の伝説"
06:00,91,1484442152,"マージマンション : パズル & ストーリー"
06:00,92,1211123727,"放置少女 - 百花繚乱の萌姫たち"
06:00,93,1575830891,"コードギアス 反逆のルルーシュ　ロストストーリーズ"
06:00,94,6503603603,"ミステリータウン：マージゲーム (Mystery Town)"
06:00,95,1533946351,"ドルフィンウェーブ"
06:00,96,852912420,"サマナーズウォー X 葬送のフリーレン"
06:00,97,6445906110,"モンスターハンターNow"
06:00,98,1366526331,"PUBG MOBILE - 世界一のバトルロイヤル！"
06:00,99,1287282214,"Call of Duty®: Mobile"
06:00,100,1662742277,"俺だけレベルアップな件：Arise（俺アラ）"
06:00,101,6654894830,"星の翼"
06:00,102,1453840513,"東京ディバンカー"
06:00,103,1044505314,"刀剣乱舞ONLINE"
06:00,104,6450953550,"トップヒーローズ: キングダムサーガ"
06:00,105,1517783697,"原神～空月の歌～"
06:00,106,6742937695,"ペタペタペンギン団"
06:00,107,1208396151,"キングダム 乱 -天下統一への道- 究極の戦略・戦争ゲーム"
06:00,108,1245550834,"アリス・ギア・アイギス"
06:00,109,895687962,"白猫プロジェクト"
06:00,110,6741503079,"Pokémon Champions"
06:00,111,6746465127,"セルサバイバー - シューティングゲーム"
06:00,112,852882903,"グランブルーファンタジー"
06:00,113,1554247785,"遊戯王 マスターデュエル"
06:00,114,6749109552,"X-Clash: サバイバル"
06:00,115,1556357398,"Pikmin Bloom"
06:00,116,985900455,"ドラゴンエッグ　仲間との出会い"
06:00,117,1053012308,"クラッシュ・ロワイヤル (Clash Royale)"
06:00,118,1447239134,"Ash Tale-風の大陸-"
06:00,119,1020109860,"ゴールデンホイヤー スロット〜パチンコ·パチスロカジノゲーム"
06:00,120,1181774280,"ファイアーエムブレム ヒーローズ"
06:00,121,1545088576,"777Real(777リアル) パチンコ･パチスロアプリ"
06:00,122,1521236603,"Travel Town - マージアドベンチャー"
06:00,123,1631984107,"ブルーロック Project: World Champion"
06:00,124,6768208688,"勇者連盟：暁の遠征"
06:00,125,6449094229,"マッチファクトリー(Match Factory)!"
06:00,126,6761041344,"ドット伝説～魔王になる異世界放置RPG～"
06:00,127,6756989323,"ラストアサイラム：プレイグ"
06:00,128,1479198816,"トップウォー"
06:00,129,6450660247,"黒子のバスケ Street Rivals"
06:00,130,6502582397,"ラグナロクX"
06:00,131,6736896540,"ハローキティ：マイドリームストア"
06:00,132,1537365865,"商人放浪記"
06:00,133,1474209512,"LIVE A HERO"
06:00,134,6504332779,"Color Block Jam"
06:00,135,1565488936,"転生したらスライムだった件 魔王と竜の建国譚【まおりゅう】"
06:00,136,6743205891,"聖霊伝説：最強への道"
06:00,137,6618142292,"フランベシェフ：マージ＆クッキング"
06:00,138,492075888,"暴走列伝 単車の虎"
06:00,139,6444043291,"Domino Dreams™"
06:00,140,6738109752,"タイルズ・サバイバル"
06:00,141,6503810263,"鋼嵐 - メカラシ"
06:00,142,1528941310,"ダダサバイバー"
06:00,143,6740043080,"Screwdom : ボルトパズルゲーム"
06:00,144,878506376,"LINE POP2 - 簡単マッチ3パズルゲーム"
06:00,145,1242186587,"アズールレーン"
06:00,146,6464543369,"コナステ メダルコーナー | コナミの メダルゲームが遊べる"
06:00,147,6444487398,"マジックカード：Locked Rings"
06:00,148,1442061397,"Pokémon Masters EX"
06:00,149,1568415097,"The Ants: Underground Kingdom"
06:00,150,1576831351,"ヘブンバーンズレッド"
06:00,151,6752672568,"Block Out! - Color Sort Puzzle"
06:00,152,1032346221,"妖怪ウォッチ ぷにぷに"
06:00,153,6480167901,"魔法少女まどかマギカ Magia Exedra"
06:00,154,529479190,"クラッシュ・オブ・クラン (Clash of Clans)"
06:00,155,1561574979,"機動戦士ガンダム U.C. ENGAGE"
06:00,156,6756044415,"今生は恋より茶に生きる"
06:00,157,6754003671,"カードキャプターさくら：思い出の鍵"
06:00,158,6758927408,"弱虫ペダル レゾナンス・ぺダイズム"
06:00,159,6737473225,"アストラルパーティー"
06:00,160,6670441558,"Dark War:Survival"
06:00,161,6473767344,"キノコ伝説：勇者と魔法のランプ"
06:00,162,963073142,"あんさんぶるスターズ！！Basic"
06:00,163,6450412255,"SUPERSTAR EBiDAN"
06:00,164,6738469826,"この監獄ほんmoneyすぎんご"
06:00,165,6503284107,"オールインホール (All in Hole)"
06:00,166,6755585789,"チート勇者～インベントリ攻略ゲー～RPG"
06:00,167,1578816591,"麻雀一番街 × ダンガンロンパ"
06:00,168,6753738566,"HUNTER×HUNTER NEN×SURVIVOR"
06:00,169,1158967485,"ヒーローウォーズ：アライアンス — アクションバトルにRPG"
06:00,170,1434519042,"メイプルストーリーＭ"
06:00,171,1483058899,"プロジェクトメイクオーバー Project Makeover"
06:00,172,1551798277,"呪術廻戦 ファントムパレード"
06:00,173,6751229187,"ドラゴンブラッド：スレイヤーズ学院（ドラガク）"
06:00,174,6476969262,"18TRIP （エイトリ）"
06:00,175,953790507,"城とドラゴン"
06:00,176,1449539696,"Jリーグクラブチャンピオンシップ"
06:00,177,1512321575,"Pokémon UNITE"
06:00,178,1326707443,"プロサッカークラブをつくろう！ロード・トゥ・ワールド"
06:00,179,1098157959,"エボニー - 王の帰還"
06:00,180,1356980152,"スロットセブン：ジャックポットワールド、パチスロ、カジノ"
06:00,181,1160056295,"モバイル·レジェンド: Bang Bang"
06:00,182,6445884108,"ツリーオブセイヴァー：ネバーランド"
06:00,183,895761422,"LINE バブル2"
06:00,184,6742122160,"TopTop(トップトップ): サクッと遊んで、パッと友達"
06:00,185,6741672573,"恋姫†大戦"
06:00,186,1448666290,"アイドルマスター シャイニーカラーズ"
06:00,187,1623345808,"キン肉マン 極・タッグ乱舞"
06:00,188,1068378177,"遊戯王 デュエルリンクス"
06:00,189,529996768,"Bingo Blitz™ - ビンゴゲーム"
06:00,190,1019437222,"アイドリッシュセブン"
06:00,191,934745962,"駅メモ！ - ステーションメモリーズ！-"
06:00,192,496801169,"将棋ウォーズ"
06:00,193,1298368256,"コトダマン-共闘ことばRPG"
06:00,194,1263365153,"エバーテイル"
06:00,195,6474962684,"レーシングマスター"
06:00,196,6752642477,"アークナイツ：エンドフィールド"
06:00,197,6749251466,"クッキーラン：クランブル - 放置系RPG"
06:00,198,1391483863,"旦那様の一発逆転人生"
06:00,199,6737189862,"サベージ・サバイバル：恐竜の咆哮"
06:00,200,6751056652,"Pixel Flow!"
07:30,1,1117270703,"eFootball™"
07:30,2,6479970832,"Pokémon TCG Pocket"
07:30,3,6756641135,"ホロライブドリームス"
07:30,4,1606356401,"ゼンレスゾーンゼロ - アニバーサリー"
07:30,5,1494428618,"あんさんぶるスターズ！！Music"
07:30,6,658511662,"モンスターストライク"
07:30,7,6475033368,"鳴潮 - 玄方地界へ"
07:30,8,6443575749,"ホワイトアウト・サバイバル"
07:30,9,1322310031,"ONE PIECE バウンティラッシュ - アクションゲーム"
07:30,10,6448786147,"ラストウォー：サバイバル"
07:30,11,1325457827,"ウマ娘 プリティーダービー"
07:30,12,1515877221,"ブルーアーカイブ"
07:30,13,951627670,"ドラゴンボールZ ドッカンバトル"
07:30,14,1164400646,"#コンパス【戦闘摂理解析システム】"
07:30,15,1623318294,"ゴシップハーバー：マージ & ストーリー"
07:30,16,940320341,"プロ野球スピリッツＡ"
07:30,17,6739554561,"信長の野望 真戦"
07:30,18,1176027022,"トゥーンブラスト"
07:30,19,6754311241,"無職転生 〜異世界行ったら本気だす〜 【クロエコ】"
07:30,20,1585915174,"勝利の女神：NIKKE"
07:30,21,6739554056,"キングショット"
07:30,22,1482155847,"ロイヤルマッチ（Royal Match)"
07:30,23,1517980891,"パズル&サバイバル"
07:30,24,1619722298,"信長の野望 覇道"
07:30,25,1663423521,"Wizardry Variants Daphne"
07:30,26,493470467,"パズル＆ドラゴンズ"
07:30,27,1094591345,"Pokémon GO"
07:30,28,6756994116,"イナズマイレブン クロス"
07:30,29,6754593077,"NTE: Neverness to Everness"
07:30,30,1599719154,"崩壊：スターレイル"
07:30,31,1478990007,"アークナイツ"
07:30,32,1105855019,"ガーデンスケイプ (Gardenscapes)"
07:30,33,1358232022,"ドラゴンボール レジェンズ"
07:30,34,6471045672,"グルメ・ジャーニー"
07:30,35,1312031248,"荒野行動-スマホ版バトロワ"
07:30,36,6503272652,"ラストZ：サバイバルシューティング"
07:30,37,724594093,"LINE：ディズニー ツムツム"
07:30,38,6738163891,"ヴァンピール(VAMPIR)"
07:30,39,6502942931,"P5X ペルソナ５: The Phantom X"
07:30,40,6472019540,"Shadowverse: Worlds Beyond"
07:30,41,6748930656,"ゼンレスゾーンゼロ・クラウド版 - アニバーサリー"
07:30,42,6692611665,"SDガンダム ジージェネレーション エターナル"
07:30,43,1478829750,"デュエル・マスターズ プレイス"
07:30,44,6475757306,"Disney Solitaire ディズニー ソリティア"
07:30,45,888615473,"LINE ポコポコ：3マッチパズルゲーム"
07:30,46,638689075,"タウンシップ (Township)"
07:30,47,1439417234,"ドラゴンクエストウォーク 歩く楽しみが増える位置情報ゲーム"
07:30,48,938506958,"実況パワフルプロ野球"
07:30,49,1195621598,"ホームスケイプ (Homescapes)"
07:30,50,1672017627,"信長の野望 出陣"
07:30,51,1229016807,"ブロスタ"
07:30,52,6446659989,"学園アイドルマスター"
07:30,53,1347780764,"Identity V"
07:30,54,1477455989,"ディズニー ツイステッドワンダーランド"
07:30,55,1629373124,"陰の実力者になりたくて！マスターオブガーデン"
07:30,56,1606549505,"ロイヤルキングダム (Royal Kingdom)"
07:30,57,6746151928,"ハートピアスローライフ"
07:30,58,1015521325,"Fate/Grand Order"
07:30,59,6755455500,"ハリウッドマージ"
07:30,60,824116884,"ONE PIECE トレジャークルーズ"
07:30,61,6639605332,"パラノイズ"
07:30,62,1376515087,"Age of Origins---ゾンビ・末日戦記"
07:30,63,664575829,"フィッシュダム(Fishdom)"
07:30,64,6747736697,"ドラゴンクエストスマッシュグロウ ドラクエローグライトRPG"
07:30,65,6450099588,"ブラウンダスト２ 胸いっぱいのRPG"
07:30,66,1643509748,"マージクッキング テーマレストラン"
07:30,67,6479391944,"トリッカル・もちもちほっペ大作戦"
07:30,68,6744011639,"BRAVE FRONTIER LEGION"
07:30,69,6741469353,"プロサッカークラブをつくろう！"
07:30,70,6443755785,"シーサイド エスケープ：マージ & ストーリー"
07:30,71,553834731,"キャンディークラッシュ"
07:30,72,1579464667,"Pokémon Sleep"
07:30,73,1469186379,"雀魂 -じゃんたま-"
07:30,74,6475892450,"キングダム 頂天"
07:30,75,1268959718,"七つの大罪 光と闇の交戦 : グラクロ"
07:30,76,6590616375,"eBaseball™: MLB PRO SPIRIT"
07:30,77,479516143,"Minecraft: クラフト、建築、サバイバル"
07:30,78,1611490041,"メメントモリ"
07:30,79,6737974657,"キングダム 覇道"
07:30,80,666206963,"セガNET麻雀 MJ"
07:30,81,6596745408,"ちいかわぽけっと"
07:30,82,6502326151,"カオスゼロナイトメア"
07:30,83,547145938,"にゃんこ大戦争"
07:30,84,1273064549,"eFootball™ウイコレ CHAMPION SQUADS"
07:30,85,1489932710,"プロジェクトセカイ カラフルステージ！ feat. 初音ミク"
07:30,86,6756247422,"デジモンUP"
07:30,87,6480398822,"DDFF-ファイナルファンタジーのオールスター共闘アクション"
07:30,88,1481318779,"三國志 覇道"
07:30,89,1516559313,"ドラゴンクエストタクト ドラクエのタクティクスRPG"
07:30,90,852882903,"グランブルーファンタジー"
07:30,91,1484442152,"マージマンション : パズル & ストーリー"
07:30,92,1211123727,"放置少女 - 百花繚乱の萌姫たち"
07:30,93,1575830891,"コードギアス 反逆のルルーシュ　ロストストーリーズ"
07:30,94,6503603603,"ミステリータウン：マージゲーム (Mystery Town)"
07:30,95,6740199677,"杖と剣の伝説"
07:30,96,1533946351,"ドルフィンウェーブ"
07:30,97,1366526331,"PUBG MOBILE - 世界一のバトルロイヤル！"
07:30,98,852912420,"サマナーズウォー X 葬送のフリーレン"
07:30,99,1287282214,"Call of Duty®: Mobile"
07:30,100,1662742277,"俺だけレベルアップな件：Arise（俺アラ）"
07:30,101,895687962,"白猫プロジェクト"
07:30,102,1453840513,"東京ディバンカー"
07:30,103,6742937695,"ペタペタペンギン団"
07:30,104,1044505314,"刀剣乱舞ONLINE"
07:30,105,1517783697,"原神～空月の歌～"
07:30,106,6445906110,"モンスターハンターNow"
07:30,107,6654894830,"星の翼"
07:30,108,6450953550,"トップヒーローズ: キングダムサーガ"
07:30,109,6741503079,"Pokémon Champions"
07:30,110,6746465127,"セルサバイバー - シューティングゲーム"
07:30,111,1245550834,"アリス・ギア・アイギス"
07:30,112,1208396151,"キングダム 乱 -天下統一への道- 究極の戦略・戦争ゲーム"
07:30,113,1554247785,"遊戯王 マスターデュエル"
07:30,114,1556357398,"Pikmin Bloom"
07:30,115,6749109552,"X-Clash: サバイバル"
07:30,116,1053012308,"クラッシュ・ロワイヤル (Clash Royale)"
07:30,117,1020109860,"ゴールデンホイヤー スロット〜パチンコ·パチスロカジノゲーム"
07:30,118,985900455,"ドラゴンエッグ　仲間との出会い"
07:30,119,1545088576,"777Real(777リアル) パチンコ･パチスロアプリ"
07:30,120,1447239134,"Ash Tale-風の大陸-"
07:30,121,1181774280,"ファイアーエムブレム ヒーローズ"
07:30,122,1521236603,"Travel Town - マージアドベンチャー"
07:30,123,1631984107,"ブルーロック Project: World Champion"
07:30,124,6768208688,"勇者連盟：暁の遠征"
07:30,125,6743205891,"聖霊伝説：最強への道"
07:30,126,1479198816,"トップウォー"
07:30,127,6449094229,"マッチファクトリー(Match Factory)!"
07:30,128,6444487398,"マジックカード：Locked Rings"
07:30,129,6761041344,"ドット伝説～魔王になる異世界放置RPG～"
07:30,130,6756989323,"ラストアサイラム：プレイグ"
07:30,131,1537365865,"商人放浪記"
07:30,132,6450660247,"黒子のバスケ Street Rivals"
07:30,133,6736896540,"ハローキティ：マイドリームストア"
07:30,134,6502582397,"ラグナロクX"
07:30,135,1565488936,"転生したらスライムだった件 魔王と竜の建国譚【まおりゅう】"
07:30,136,6504332779,"Color Block Jam"
07:30,137,1474209512,"LIVE A HERO"
07:30,138,1528941310,"ダダサバイバー"
07:30,139,6444043291,"Domino Dreams™"
07:30,140,6738109752,"タイルズ・サバイバル"
07:30,141,6618142292,"フランベシェフ：マージ＆クッキング"
07:30,142,1576831351,"ヘブンバーンズレッド"
07:30,143,492075888,"暴走列伝 単車の虎"
07:30,144,6740043080,"Screwdom : ボルトパズルゲーム"
07:30,145,6464543369,"コナステ メダルコーナー | コナミの メダルゲームが遊べる"
07:30,146,1242186587,"アズールレーン"
07:30,147,1442061397,"Pokémon Masters EX"
07:30,148,6480167901,"魔法少女まどかマギカ Magia Exedra"
07:30,149,6754003671,"カードキャプターさくら：思い出の鍵"
07:30,150,6503810263,"鋼嵐 - メカラシ"
07:30,151,878506376,"LINE POP2 - 簡単マッチ3パズルゲーム"
07:30,152,1032346221,"妖怪ウォッチ ぷにぷに"
07:30,153,6752672568,"Block Out! - Color Sort Puzzle"
07:30,154,6450412255,"SUPERSTAR EBiDAN"
07:30,155,1568415097,"The Ants: Underground Kingdom"
07:30,156,529479190,"クラッシュ・オブ・クラン (Clash of Clans)"
07:30,157,6473767344,"キノコ伝説：勇者と魔法のランプ"
07:30,158,1561574979,"機動戦士ガンダム U.C. ENGAGE"
07:30,159,963073142,"あんさんぶるスターズ！！Basic"
07:30,160,6737473225,"アストラルパーティー"
07:30,161,6670441558,"Dark War:Survival"
07:30,162,6756044415,"今生は恋より茶に生きる"
07:30,163,6755585789,"チート勇者～インベントリ攻略ゲー～RPG"
07:30,164,6758927408,"弱虫ペダル レゾナンス・ぺダイズム"
07:30,165,1578816591,"麻雀一番街 × ダンガンロンパ"
07:30,166,6738469826,"この監獄ほんmoneyすぎんご"
07:30,167,6503284107,"オールインホール (All in Hole)"
07:30,168,1483058899,"プロジェクトメイクオーバー Project Makeover"
07:30,169,1158967485,"ヒーローウォーズ：アライアンス — アクションバトルにRPG"
07:30,170,953790507,"城とドラゴン"
07:30,171,1434519042,"メイプルストーリーＭ"
07:30,172,1512321575,"Pokémon UNITE"
07:30,173,6476969262,"18TRIP （エイトリ）"
07:30,174,6753738566,"HUNTER×HUNTER NEN×SURVIVOR"
07:30,175,1551798277,"呪術廻戦 ファントムパレード"
07:30,176,1160056295,"モバイル·レジェンド: Bang Bang"
07:30,177,6751229187,"ドラゴンブラッド：スレイヤーズ学院（ドラガク）"
07:30,178,1356980152,"スロットセブン：ジャックポットワールド、パチスロ、カジノ"
07:30,179,6742122160,"TopTop(トップトップ): サクッと遊んで、パッと友達"
07:30,180,6752642477,"アークナイツ：エンドフィールド"
07:30,181,1448666290,"アイドルマスター シャイニーカラーズ"
07:30,182,1449539696,"Jリーグクラブチャンピオンシップ"
07:30,183,6445884108,"ツリーオブセイヴァー：ネバーランド"
07:30,184,1098157959,"エボニー - 王の帰還"
07:30,185,1326707443,"プロサッカークラブをつくろう！ロード・トゥ・ワールド"
07:30,186,496801169,"将棋ウォーズ"
07:30,187,529996768,"Bingo Blitz™ - ビンゴゲーム"
07:30,188,1623345808,"キン肉マン 極・タッグ乱舞"
07:30,189,895761422,"LINE バブル2"
07:30,190,1019437222,"アイドリッシュセブン"
07:30,191,1263365153,"エバーテイル"
07:30,192,934745962,"駅メモ！ - ステーションメモリーズ！-"
07:30,193,6741672573,"恋姫†大戦"
07:30,194,1068378177,"遊戯王 デュエルリンクス"
07:30,195,1298368256,"コトダマン-共闘ことばRPG"
07:30,196,6474962684,"レーシングマスター"
07:30,197,1391483863,"旦那様の一発逆転人生"
07:30,198,6749251466,"クッキーラン：クランブル - 放置系RPG"
07:30,199,6751056652,"Pixel Flow!"
07:30,200,6446389130,"パズル＆カオス"
08:30,1,1117270703,"eFootball™"
08:30,2,6479970832,"Pokémon TCG Pocket"
08:30,3,6756641135,"ホロライブドリームス"
08:30,4,1606356401,"ゼンレスゾーンゼロ - アニバーサリー"
08:30,5,1494428618,"あんさんぶるスターズ！！Music"
08:30,6,658511662,"モンスターストライク"
08:30,7,6475033368,"鳴潮 - 玄方地界へ"
08:30,8,6443575749,"ホワイトアウト・サバイバル"
08:30,9,1322310031,"ONE PIECE バウンティラッシュ - アクションゲーム"
08:30,10,6448786147,"ラストウォー：サバイバル"
08:30,11,1325457827,"ウマ娘 プリティーダービー"
08:30,12,1515877221,"ブルーアーカイブ"
08:30,13,951627670,"ドラゴンボールZ ドッカンバトル"
08:30,14,1164400646,"#コンパス【戦闘摂理解析システム】"
08:30,15,1623318294,"ゴシップハーバー：マージ & ストーリー"
08:30,16,940320341,"プロ野球スピリッツＡ"
08:30,17,6739554561,"信長の野望 真戦"
08:30,18,1176027022,"トゥーンブラスト"
08:30,19,6754311241,"無職転生 〜異世界行ったら本気だす〜 【クロエコ】"
08:30,20,1585915174,"勝利の女神：NIKKE"
08:30,21,6739554056,"キングショット"
08:30,22,1482155847,"ロイヤルマッチ（Royal Match)"
08:30,23,1517980891,"パズル&サバイバル"
08:30,24,1619722298,"信長の野望 覇道"
08:30,25,1663423521,"Wizardry Variants Daphne"
08:30,26,493470467,"パズル＆ドラゴンズ"
08:30,27,1094591345,"Pokémon GO"
08:30,28,6756994116,"イナズマイレブン クロス"
08:30,29,6754593077,"NTE: Neverness to Everness"
08:30,30,1599719154,"崩壊：スターレイル"
08:30,31,1478990007,"アークナイツ"
08:30,32,1105855019,"ガーデンスケイプ (Gardenscapes)"
08:30,33,1358232022,"ドラゴンボール レジェンズ"
08:30,34,6471045672,"グルメ・ジャーニー"
08:30,35,1312031248,"荒野行動-スマホ版バトロワ"
08:30,36,6503272652,"ラストZ：サバイバルシューティング"
08:30,37,724594093,"LINE：ディズニー ツムツム"
08:30,38,6738163891,"ヴァンピール(VAMPIR)"
08:30,39,6502942931,"P5X ペルソナ５: The Phantom X"
08:30,40,6472019540,"Shadowverse: Worlds Beyond"
08:30,41,6748930656,"ゼンレスゾーンゼロ・クラウド版 - アニバーサリー"
08:30,42,6692611665,"SDガンダム ジージェネレーション エターナル"
08:30,43,1478829750,"デュエル・マスターズ プレイス"
08:30,44,6475757306,"Disney Solitaire ディズニー ソリティア"
08:30,45,888615473,"LINE ポコポコ：3マッチパズルゲーム"
08:30,46,638689075,"タウンシップ (Township)"
08:30,47,1439417234,"ドラゴンクエストウォーク 歩く楽しみが増える位置情報ゲーム"
08:30,48,938506958,"実況パワフルプロ野球"
08:30,49,1195621598,"ホームスケイプ (Homescapes)"
08:30,50,1672017627,"信長の野望 出陣"
08:30,51,1229016807,"ブロスタ"
08:30,52,6446659989,"学園アイドルマスター"
08:30,53,1347780764,"Identity V"
08:30,54,1477455989,"ディズニー ツイステッドワンダーランド"
08:30,55,1629373124,"陰の実力者になりたくて！マスターオブガーデン"
08:30,56,1606549505,"ロイヤルキングダム (Royal Kingdom)"
08:30,57,6746151928,"ハートピアスローライフ"
08:30,58,1015521325,"Fate/Grand Order"
08:30,59,6755455500,"ハリウッドマージ"
08:30,60,824116884,"ONE PIECE トレジャークルーズ"
08:30,61,6639605332,"パラノイズ"
08:30,62,1376515087,"Age of Origins---ゾンビ・末日戦記"
08:30,63,664575829,"フィッシュダム(Fishdom)"
08:30,64,6747736697,"ドラゴンクエストスマッシュグロウ ドラクエローグライトRPG"
08:30,65,6450099588,"ブラウンダスト２ 胸いっぱいのRPG"
08:30,66,1643509748,"マージクッキング テーマレストラン"
08:30,67,6479391944,"トリッカル・もちもちほっペ大作戦"
08:30,68,6744011639,"BRAVE FRONTIER LEGION"
08:30,69,6741469353,"プロサッカークラブをつくろう！"
08:30,70,6443755785,"シーサイド エスケープ：マージ & ストーリー"
08:30,71,553834731,"キャンディークラッシュ"
08:30,72,1579464667,"Pokémon Sleep"
08:30,73,1469186379,"雀魂 -じゃんたま-"
08:30,74,6475892450,"キングダム 頂天"
08:30,75,1268959718,"七つの大罪 光と闇の交戦 : グラクロ"
08:30,76,6590616375,"eBaseball™: MLB PRO SPIRIT"
08:30,77,479516143,"Minecraft: クラフト、建築、サバイバル"
08:30,78,1611490041,"メメントモリ"
08:30,79,6737974657,"キングダム 覇道"
08:30,80,666206963,"セガNET麻雀 MJ"
08:30,81,6596745408,"ちいかわぽけっと"
08:30,82,6502326151,"カオスゼロナイトメア"
08:30,83,547145938,"にゃんこ大戦争"
08:30,84,1273064549,"eFootball™ウイコレ CHAMPION SQUADS"
08:30,85,1489932710,"プロジェクトセカイ カラフルステージ！ feat. 初音ミク"
08:30,86,6756247422,"デジモンUP"
08:30,87,6480398822,"DDFF-ファイナルファンタジーのオールスター共闘アクション"
08:30,88,1481318779,"三國志 覇道"
08:30,89,1516559313,"ドラゴンクエストタクト ドラクエのタクティクスRPG"
08:30,90,852882903,"グランブルーファンタジー"
08:30,91,1484442152,"マージマンション : パズル & ストーリー"
08:30,92,1211123727,"放置少女 - 百花繚乱の萌姫たち"
08:30,93,1575830891,"コードギアス 反逆のルルーシュ　ロストストーリーズ"
08:30,94,6503603603,"ミステリータウン：マージゲーム (Mystery Town)"
08:30,95,6740199677,"杖と剣の伝説"
08:30,96,1533946351,"ドルフィンウェーブ"
08:30,97,1366526331,"PUBG MOBILE - 世界一のバトルロイヤル！"
08:30,98,852912420,"サマナーズウォー X 葬送のフリーレン"
08:30,99,1287282214,"Call of Duty®: Mobile"
08:30,100,1662742277,"俺だけレベルアップな件：Arise（俺アラ）"
08:30,101,895687962,"白猫プロジェクト"
08:30,102,1453840513,"東京ディバンカー"
08:30,103,6742937695,"ペタペタペンギン団"
08:30,104,1044505314,"刀剣乱舞ONLINE"
08:30,105,1517783697,"原神～空月の歌～"
08:30,106,6445906110,"モンスターハンターNow"
08:30,107,6654894830,"星の翼"
08:30,108,6450953550,"トップヒーローズ: キングダムサーガ"
08:30,109,6741503079,"Pokémon Champions"
08:30,110,6746465127,"セルサバイバー - シューティングゲーム"
08:30,111,1245550834,"アリス・ギア・アイギス"
08:30,112,1208396151,"キングダム 乱 -天下統一への道- 究極の戦略・戦争ゲーム"
08:30,113,1554247785,"遊戯王 マスターデュエル"
08:30,114,1556357398,"Pikmin Bloom"
08:30,115,6749109552,"X-Clash: サバイバル"
08:30,116,1053012308,"クラッシュ・ロワイヤル (Clash Royale)"
08:30,117,1020109860,"ゴールデンホイヤー スロット〜パチンコ·パチスロカジノゲーム"
08:30,118,985900455,"ドラゴンエッグ　仲間との出会い"
08:30,119,1545088576,"777Real(777リアル) パチンコ･パチスロアプリ"
08:30,120,1447239134,"Ash Tale-風の大陸-"
08:30,121,1181774280,"ファイアーエムブレム ヒーローズ"
08:30,122,1521236603,"Travel Town - マージアドベンチャー"
08:30,123,1631984107,"ブルーロック Project: World Champion"
08:30,124,6768208688,"勇者連盟：暁の遠征"
08:30,125,6743205891,"聖霊伝説：最強への道"
08:30,126,1479198816,"トップウォー"
08:30,127,6449094229,"マッチファクトリー(Match Factory)!"
08:30,128,6444487398,"マジックカード：Locked Rings"
08:30,129,6761041344,"ドット伝説～魔王になる異世界放置RPG～"
08:30,130,6756989323,"ラストアサイラム：プレイグ"
08:30,131,1537365865,"商人放浪記"
08:30,132,6450660247,"黒子のバスケ Street Rivals"
08:30,133,6736896540,"ハローキティ：マイドリームストア"
08:30,134,6502582397,"ラグナロクX"
08:30,135,1565488936,"転生したらスライムだった件 魔王と竜の建国譚【まおりゅう】"
08:30,136,6504332779,"Color Block Jam"
08:30,137,1474209512,"LIVE A HERO"
08:30,138,1528941310,"ダダサバイバー"
08:30,139,6444043291,"Domino Dreams™"
08:30,140,6738109752,"タイルズ・サバイバル"
08:30,141,6618142292,"フランベシェフ：マージ＆クッキング"
08:30,142,1576831351,"ヘブンバーンズレッド"
08:30,143,492075888,"暴走列伝 単車の虎"
08:30,144,6740043080,"Screwdom : ボルトパズルゲーム"
08:30,145,6464543369,"コナステ メダルコーナー | コナミの メダルゲームが遊べる"
08:30,146,1242186587,"アズールレーン"
08:30,147,1442061397,"Pokémon Masters EX"
08:30,148,6480167901,"魔法少女まどかマギカ Magia Exedra"
08:30,149,6754003671,"カードキャプターさくら：思い出の鍵"
08:30,150,6503810263,"鋼嵐 - メカラシ"
08:30,151,878506376,"LINE POP2 - 簡単マッチ3パズルゲーム"
08:30,152,1032346221,"妖怪ウォッチ ぷにぷに"
08:30,153,6752672568,"Block Out! - Color Sort Puzzle"
08:30,154,6450412255,"SUPERSTAR EBiDAN"
08:30,155,1568415097,"The Ants: Underground Kingdom"
08:30,156,529479190,"クラッシュ・オブ・クラン (Clash of Clans)"
08:30,157,6473767344,"キノコ伝説：勇者と魔法のランプ"
08:30,158,1561574979,"機動戦士ガンダム U.C. ENGAGE"
08:30,159,963073142,"あんさんぶるスターズ！！Basic"
08:30,160,6737473225,"アストラルパーティー"
08:30,161,6670441558,"Dark War:Survival"
08:30,162,6756044415,"今生は恋より茶に生きる"
08:30,163,6755585789,"チート勇者～インベントリ攻略ゲー～RPG"
08:30,164,6758927408,"弱虫ペダル レゾナンス・ぺダイズム"
08:30,165,1578816591,"麻雀一番街 × ダンガンロンパ"
08:30,166,6738469826,"この監獄ほんmoneyすぎんご"
08:30,167,6503284107,"オールインホール (All in Hole)"
08:30,168,1483058899,"プロジェクトメイクオーバー Project Makeover"
08:30,169,1158967485,"ヒーローウォーズ：アライアンス — アクションバトルにRPG"
08:30,170,953790507,"城とドラゴン"
08:30,171,1434519042,"メイプルストーリーＭ"
08:30,172,1512321575,"Pokémon UNITE"
08:30,173,6476969262,"18TRIP （エイトリ）"
08:30,174,6753738566,"HUNTER×HUNTER NEN×SURVIVOR"
08:30,175,1551798277,"呪術廻戦 ファントムパレード"
08:30,176,1160056295,"モバイル·レジェンド: Bang Bang"
08:30,177,6751229187,"ドラゴンブラッド：スレイヤーズ学院（ドラガク）"
08:30,178,1356980152,"スロットセブン：ジャックポットワールド、パチスロ、カジノ"
08:30,179,6742122160,"TopTop(トップトップ): サクッと遊んで、パッと友達"
08:30,180,6752642477,"アークナイツ：エンドフィールド"
08:30,181,1448666290,"アイドルマスター シャイニーカラーズ"
08:30,182,1449539696,"Jリーグクラブチャンピオンシップ"
08:30,183,6445884108,"ツリーオブセイヴァー：ネバーランド"
08:30,184,1098157959,"エボニー - 王の帰還"
08:30,185,1326707443,"プロサッカークラブをつくろう！ロード・トゥ・ワールド"
08:30,186,496801169,"将棋ウォーズ"
08:30,187,529996768,"Bingo Blitz™ - ビンゴゲーム"
08:30,188,1623345808,"キン肉マン 極・タッグ乱舞"
08:30,189,895761422,"LINE バブル2"
08:30,190,1019437222,"アイドリッシュセブン"
08:30,191,1263365153,"エバーテイル"
08:30,192,934745962,"駅メモ！ - ステーションメモリーズ！-"
08:30,193,6741672573,"恋姫†大戦"
08:30,194,1068378177,"遊戯王 デュエルリンクス"
08:30,195,1298368256,"コトダマン-共闘ことばRPG"
08:30,196,6474962684,"レーシングマスター"
08:30,197,1391483863,"旦那様の一発逆転人生"
08:30,198,6749251466,"クッキーラン：クランブル - 放置系RPG"
08:30,199,6751056652,"Pixel Flow!"
08:30,200,6446389130,"パズル＆カオス"
10:00,1,1117270703,"eFootball™"
10:00,2,6479970832,"Pokémon TCG Pocket"
10:00,3,6756641135,"ホロライブドリームス"
10:00,4,1606356401,"ゼンレスゾーンゼロ - アニバーサリー"
10:00,5,1494428618,"あんさんぶるスターズ！！Music"
10:00,6,658511662,"モンスターストライク"
10:00,7,6475033368,"鳴潮 - 玄方地界へ"
10:00,8,6443575749,"ホワイトアウト・サバイバル"
10:00,9,1322310031,"ONE PIECE バウンティラッシュ - アクションゲーム"
10:00,10,6448786147,"ラストウォー：サバイバル"
10:00,11,1325457827,"ウマ娘 プリティーダービー"
10:00,12,1515877221,"ブルーアーカイブ"
10:00,13,951627670,"ドラゴンボールZ ドッカンバトル"
10:00,14,1164400646,"#コンパス【戦闘摂理解析システム】"
10:00,15,1623318294,"ゴシップハーバー：マージ & ストーリー"
10:00,16,940320341,"プロ野球スピリッツＡ"
10:00,17,6739554561,"信長の野望 真戦"
10:00,18,1176027022,"トゥーンブラスト"
10:00,19,6754311241,"無職転生 〜異世界行ったら本気だす〜 【クロエコ】"
10:00,20,1585915174,"勝利の女神：NIKKE"
10:00,21,6739554056,"キングショット"
10:00,22,1482155847,"ロイヤルマッチ（Royal Match)"
10:00,23,1517980891,"パズル&サバイバル"
10:00,24,1619722298,"信長の野望 覇道"
10:00,25,1663423521,"Wizardry Variants Daphne"
10:00,26,493470467,"パズル＆ドラゴンズ"
10:00,27,1094591345,"Pokémon GO"
10:00,28,6756994116,"イナズマイレブン クロス"
10:00,29,6754593077,"NTE: Neverness to Everness"
10:00,30,1599719154,"崩壊：スターレイル"
10:00,31,1478990007,"アークナイツ"
10:00,32,1105855019,"ガーデンスケイプ (Gardenscapes)"
10:00,33,1358232022,"ドラゴンボール レジェンズ"
10:00,34,6471045672,"グルメ・ジャーニー"
10:00,35,1312031248,"荒野行動-スマホ版バトロワ"
10:00,36,6503272652,"ラストZ：サバイバルシューティング"
10:00,37,724594093,"LINE：ディズニー ツムツム"
10:00,38,6738163891,"ヴァンピール(VAMPIR)"
10:00,39,6502942931,"P5X ペルソナ５: The Phantom X"
10:00,40,6472019540,"Shadowverse: Worlds Beyond"
10:00,41,6748930656,"ゼンレスゾーンゼロ・クラウド版 - アニバーサリー"
10:00,42,6692611665,"SDガンダム ジージェネレーション エターナル"
10:00,43,1478829750,"デュエル・マスターズ プレイス"
10:00,44,6475757306,"Disney Solitaire ディズニー ソリティア"
10:00,45,888615473,"LINE ポコポコ：3マッチパズルゲーム"
10:00,46,638689075,"タウンシップ (Township)"
10:00,47,1439417234,"ドラゴンクエストウォーク 歩く楽しみが増える位置情報ゲーム"
10:00,48,938506958,"実況パワフルプロ野球"
10:00,49,1195621598,"ホームスケイプ (Homescapes)"
10:00,50,1672017627,"信長の野望 出陣"
10:00,51,1229016807,"ブロスタ"
10:00,52,6446659989,"学園アイドルマスター"
10:00,53,1347780764,"Identity V"
10:00,54,1477455989,"ディズニー ツイステッドワンダーランド"
10:00,55,1629373124,"陰の実力者になりたくて！マスターオブガーデン"
10:00,56,1606549505,"ロイヤルキングダム (Royal Kingdom)"
10:00,57,6746151928,"ハートピアスローライフ"
10:00,58,1015521325,"Fate/Grand Order"
10:00,59,6755455500,"ハリウッドマージ"
10:00,60,824116884,"ONE PIECE トレジャークルーズ"
10:00,61,6639605332,"パラノイズ"
10:00,62,1376515087,"Age of Origins---ゾンビ・末日戦記"
10:00,63,664575829,"フィッシュダム(Fishdom)"
10:00,64,6747736697,"ドラゴンクエストスマッシュグロウ ドラクエローグライトRPG"
10:00,65,6450099588,"ブラウンダスト２ 胸いっぱいのRPG"
10:00,66,1643509748,"マージクッキング テーマレストラン"
10:00,67,6479391944,"トリッカル・もちもちほっペ大作戦"
10:00,68,6744011639,"BRAVE FRONTIER LEGION"
10:00,69,6741469353,"プロサッカークラブをつくろう！"
10:00,70,6443755785,"シーサイド エスケープ：マージ & ストーリー"
10:00,71,553834731,"キャンディークラッシュ"
10:00,72,1579464667,"Pokémon Sleep"
10:00,73,1469186379,"雀魂 -じゃんたま-"
10:00,74,6475892450,"キングダム 頂天"
10:00,75,1268959718,"七つの大罪 光と闇の交戦 : グラクロ"
10:00,76,6590616375,"eBaseball™: MLB PRO SPIRIT"
10:00,77,479516143,"Minecraft: クラフト、建築、サバイバル"
10:00,78,1611490041,"メメントモリ"
10:00,79,6737974657,"キングダム 覇道"
10:00,80,666206963,"セガNET麻雀 MJ"
10:00,81,6596745408,"ちいかわぽけっと"
10:00,82,6502326151,"カオスゼロナイトメア"
10:00,83,547145938,"にゃんこ大戦争"
10:00,84,1273064549,"eFootball™ウイコレ CHAMPION SQUADS"
10:00,85,1489932710,"プロジェクトセカイ カラフルステージ！ feat. 初音ミク"
10:00,86,6756247422,"デジモンUP"
10:00,87,6480398822,"DDFF-ファイナルファンタジーのオールスター共闘アクション"
10:00,88,1481318779,"三國志 覇道"
10:00,89,1516559313,"ドラゴンクエストタクト ドラクエのタクティクスRPG"
10:00,90,852882903,"グランブルーファンタジー"
10:00,91,1484442152,"マージマンション : パズル & ストーリー"
10:00,92,1211123727,"放置少女 - 百花繚乱の萌姫たち"
10:00,93,1575830891,"コードギアス 反逆のルルーシュ　ロストストーリーズ"
10:00,94,6503603603,"ミステリータウン：マージゲーム (Mystery Town)"
10:00,95,6740199677,"杖と剣の伝説"
10:00,96,1533946351,"ドルフィンウェーブ"
10:00,97,1366526331,"PUBG MOBILE - 世界一のバトルロイヤル！"
10:00,98,852912420,"サマナーズウォー X 葬送のフリーレン"
10:00,99,1287282214,"Call of Duty®: Mobile"
10:00,100,1662742277,"俺だけレベルアップな件：Arise（俺アラ）"
10:00,101,895687962,"白猫プロジェクト"
10:00,102,1453840513,"東京ディバンカー"
10:00,103,6742937695,"ペタペタペンギン団"
10:00,104,1044505314,"刀剣乱舞ONLINE"
10:00,105,1517783697,"原神～空月の歌～"
10:00,106,6445906110,"モンスターハンターNow"
10:00,107,6654894830,"星の翼"
10:00,108,6450953550,"トップヒーローズ: キングダムサーガ"
10:00,109,6741503079,"Pokémon Champions"
10:00,110,6746465127,"セルサバイバー - シューティングゲーム"
10:00,111,1245550834,"アリス・ギア・アイギス"
10:00,112,1208396151,"キングダム 乱 -天下統一への道- 究極の戦略・戦争ゲーム"
10:00,113,1554247785,"遊戯王 マスターデュエル"
10:00,114,1556357398,"Pikmin Bloom"
10:00,115,6749109552,"X-Clash: サバイバル"
10:00,116,1053012308,"クラッシュ・ロワイヤル (Clash Royale)"
10:00,117,1020109860,"ゴールデンホイヤー スロット〜パチンコ·パチスロカジノゲーム"
10:00,118,985900455,"ドラゴンエッグ　仲間との出会い"
10:00,119,1545088576,"777Real(777リアル) パチンコ･パチスロアプリ"
10:00,120,1447239134,"Ash Tale-風の大陸-"
10:00,121,1181774280,"ファイアーエムブレム ヒーローズ"
10:00,122,1521236603,"Travel Town - マージアドベンチャー"
10:00,123,1631984107,"ブルーロック Project: World Champion"
10:00,124,6768208688,"勇者連盟：暁の遠征"
10:00,125,6743205891,"聖霊伝説：最強への道"
10:00,126,1479198816,"トップウォー"
10:00,127,6449094229,"マッチファクトリー(Match Factory)!"
10:00,128,6444487398,"マジックカード：Locked Rings"
10:00,129,6761041344,"ドット伝説～魔王になる異世界放置RPG～"
10:00,130,6756989323,"ラストアサイラム：プレイグ"
10:00,131,1537365865,"商人放浪記"
10:00,132,6450660247,"黒子のバスケ Street Rivals"
10:00,133,6736896540,"ハローキティ：マイドリームストア"
10:00,134,6502582397,"ラグナロクX"
10:00,135,1565488936,"転生したらスライムだった件 魔王と竜の建国譚【まおりゅう】"
10:00,136,6504332779,"Color Block Jam"
10:00,137,1474209512,"LIVE A HERO"
10:00,138,1528941310,"ダダサバイバー"
10:00,139,6444043291,"Domino Dreams™"
10:00,140,6738109752,"タイルズ・サバイバル"
10:00,141,6618142292,"フランベシェフ：マージ＆クッキング"
10:00,142,1576831351,"ヘブンバーンズレッド"
10:00,143,492075888,"暴走列伝 単車の虎"
10:00,144,6740043080,"Screwdom : ボルトパズルゲーム"
10:00,145,6464543369,"コナステ メダルコーナー | コナミの メダルゲームが遊べる"
10:00,146,1242186587,"アズールレーン"
10:00,147,1442061397,"Pokémon Masters EX"
10:00,148,6480167901,"魔法少女まどかマギカ Magia Exedra"
10:00,149,6754003671,"カードキャプターさくら：思い出の鍵"
10:00,150,6503810263,"鋼嵐 - メカラシ"
10:00,151,878506376,"LINE POP2 - 簡単マッチ3パズルゲーム"
10:00,152,1032346221,"妖怪ウォッチ ぷにぷに"
10:00,153,6752672568,"Block Out! - Color Sort Puzzle"
10:00,154,6450412255,"SUPERSTAR EBiDAN"
10:00,155,1568415097,"The Ants: Underground Kingdom"
10:00,156,529479190,"クラッシュ・オブ・クラン (Clash of Clans)"
10:00,157,6473767344,"キノコ伝説：勇者と魔法のランプ"
10:00,158,1561574979,"機動戦士ガンダム U.C. ENGAGE"
10:00,159,963073142,"あんさんぶるスターズ！！Basic"
10:00,160,6737473225,"アストラルパーティー"
10:00,161,6670441558,"Dark War:Survival"
10:00,162,6756044415,"今生は恋より茶に生きる"
10:00,163,6755585789,"チート勇者～インベントリ攻略ゲー～RPG"
10:00,164,6758927408,"弱虫ペダル レゾナンス・ぺダイズム"
10:00,165,1578816591,"麻雀一番街 × ダンガンロンパ"
10:00,166,6738469826,"この監獄ほんmoneyすぎんご"
10:00,167,6503284107,"オールインホール (All in Hole)"
10:00,168,1483058899,"プロジェクトメイクオーバー Project Makeover"
10:00,169,1158967485,"ヒーローウォーズ：アライアンス — アクションバトルにRPG"
10:00,170,953790507,"城とドラゴン"
10:00,171,1434519042,"メイプルストーリーＭ"
10:00,172,1512321575,"Pokémon UNITE"
10:00,173,6476969262,"18TRIP （エイトリ）"
10:00,174,6753738566,"HUNTER×HUNTER NEN×SURVIVOR"
10:00,175,1551798277,"呪術廻戦 ファントムパレード"
10:00,176,1160056295,"モバイル·レジェンド: Bang Bang"
10:00,177,6751229187,"ドラゴンブラッド：スレイヤーズ学院（ドラガク）"
10:00,178,1356980152,"スロットセブン：ジャックポットワールド、パチスロ、カジノ"
10:00,179,6742122160,"TopTop(トップトップ): サクッと遊んで、パッと友達"
10:00,180,6752642477,"アークナイツ：エンドフィールド"
10:00,181,1448666290,"アイドルマスター シャイニーカラーズ"
10:00,182,1449539696,"Jリーグクラブチャンピオンシップ"
10:00,183,6445884108,"ツリーオブセイヴァー：ネバーランド"
10:00,184,1098157959,"エボニー - 王の帰還"
10:00,185,1326707443,"プロサッカークラブをつくろう！ロード・トゥ・ワールド"
10:00,186,496801169,"将棋ウォーズ"
10:00,187,529996768,"Bingo Blitz™ - ビンゴゲーム"
10:00,188,1623345808,"キン肉マン 極・タッグ乱舞"
10:00,189,895761422,"LINE バブル2"
10:00,190,1019437222,"アイドリッシュセブン"
10:00,191,1263365153,"エバーテイル"
10:00,192,934745962,"駅メモ！ - ステーションメモリーズ！-"
10:00,193,6741672573,"恋姫†大戦"
10:00,194,1068378177,"遊戯王 デュエルリンクス"
10:00,195,1298368256,"コトダマン-共闘ことばRPG"
10:00,196,6474962684,"レーシングマスター"
10:00,197,1391483863,"旦那様の一発逆転人生"
10:00,198,6749251466,"クッキーラン：クランブル - 放置系RPG"
10:00,199,6751056652,"Pixel Flow!"
10:00,200,6446389130,"パズル＆カオス"
13:30,1,1117270703,"eFootball™"
13:30,2,6479970832,"Pokémon TCG Pocket"
13:30,3,6756641135,"ホロライブドリームス"
13:30,4,1606356401,"ゼンレスゾーンゼロ - アニバーサリー"
13:30,5,1494428618,"あんさんぶるスターズ！！Music"
13:30,6,658511662,"モンスターストライク"
13:30,7,6443575749,"ホワイトアウト・サバイバル"
13:30,8,6475033368,"鳴潮 - 玄方地界へ"
13:30,9,6448786147,"ラストウォー：サバイバル"
13:30,10,1322310031,"ONE PIECE バウンティラッシュ - アクションゲーム"
13:30,11,1325457827,"ウマ娘 プリティーダービー"
13:30,12,1515877221,"ブルーアーカイブ"
13:30,13,951627670,"ドラゴンボールZ ドッカンバトル"
13:30,14,940320341,"プロ野球スピリッツＡ"
13:30,15,1623318294,"ゴシップハーバー：マージ & ストーリー"
13:30,16,1176027022,"トゥーンブラスト"
13:30,17,1164400646,"#コンパス【戦闘摂理解析システム】"
13:30,18,6739554561,"信長の野望 真戦"
13:30,19,6754311241,"無職転生 〜異世界行ったら本気だす〜 【クロエコ】"
13:30,20,6739554056,"キングショット"
13:30,21,1482155847,"ロイヤルマッチ（Royal Match)"
13:30,22,1517980891,"パズル&サバイバル"
13:30,23,1585915174,"勝利の女神：NIKKE"
13:30,24,1663423521,"Wizardry Variants Daphne"
13:30,25,1619722298,"信長の野望 覇道"
13:30,26,1094591345,"Pokémon GO"
13:30,27,493470467,"パズル＆ドラゴンズ"
13:30,28,6756994116,"イナズマイレブン クロス"
13:30,29,1105855019,"ガーデンスケイプ (Gardenscapes)"
13:30,30,1599719154,"崩壊：スターレイル"
13:30,31,1478990007,"アークナイツ"
13:30,32,6754593077,"NTE: Neverness to Everness"
13:30,33,6471045672,"グルメ・ジャーニー"
13:30,34,1358232022,"ドラゴンボール レジェンズ"
13:30,35,6692611665,"SDガンダム ジージェネレーション エターナル"
13:30,36,724594093,"LINE：ディズニー ツムツム"
13:30,37,1312031248,"荒野行動-スマホ版バトロワ"
13:30,38,6503272652,"ラストZ：サバイバルシューティング"
13:30,39,6748930656,"ゼンレスゾーンゼロ・クラウド版 - アニバーサリー"
13:30,40,6502942931,"P5X ペルソナ５: The Phantom X"
13:30,41,6738163891,"ヴァンピール(VAMPIR)"
13:30,42,6472019540,"Shadowverse: Worlds Beyond"
13:30,43,888615473,"LINE ポコポコ：3マッチパズルゲーム"
13:30,44,638689075,"タウンシップ (Township)"
13:30,45,1478829750,"デュエル・マスターズ プレイス"
13:30,46,6475757306,"Disney Solitaire ディズニー ソリティア"
13:30,47,938506958,"実況パワフルプロ野球"
13:30,48,1439417234,"ドラゴンクエストウォーク 歩く楽しみが増える位置情報ゲーム"
13:30,49,6446659989,"学園アイドルマスター"
13:30,50,1195621598,"ホームスケイプ (Homescapes)"
13:30,51,1672017627,"信長の野望 出陣"
13:30,52,1229016807,"ブロスタ"
13:30,53,1376515087,"Age of Origins---ゾンビ・末日戦記"
13:30,54,1606549505,"ロイヤルキングダム (Royal Kingdom)"
13:30,55,1015521325,"Fate/Grand Order"
13:30,56,6639605332,"パラノイズ"
13:30,57,1629373124,"陰の実力者になりたくて！マスターオブガーデン"
13:30,58,1477455989,"ディズニー ツイステッドワンダーランド"
13:30,59,6755455500,"ハリウッドマージ"
13:30,60,1347780764,"Identity V"
13:30,61,6443755785,"シーサイド エスケープ：マージ & ストーリー"
13:30,62,6746151928,"ハートピアスローライフ"
13:30,63,824116884,"ONE PIECE トレジャークルーズ"
13:30,64,664575829,"フィッシュダム(Fishdom)"
13:30,65,6747736697,"ドラゴンクエストスマッシュグロウ ドラクエローグライトRPG"
13:30,66,1579464667,"Pokémon Sleep"
13:30,67,1643509748,"マージクッキング テーマレストラン"
13:30,68,6475892450,"キングダム 頂天"
13:30,69,6450099588,"ブラウンダスト２ 胸いっぱいのRPG"
13:30,70,6741469353,"プロサッカークラブをつくろう！"
13:30,71,553834731,"キャンディークラッシュ"
13:30,72,6744011639,"BRAVE FRONTIER LEGION"
13:30,73,6479391944,"トリッカル・もちもちほっペ大作戦"
13:30,74,1469186379,"雀魂 -じゃんたま-"
13:30,75,1268959718,"七つの大罪 光と闇の交戦 : グラクロ"
13:30,76,6737974657,"キングダム 覇道"
13:30,77,1611490041,"メメントモリ"
13:30,78,6590616375,"eBaseball™: MLB PRO SPIRIT"
13:30,79,666206963,"セガNET麻雀 MJ"
13:30,80,6596745408,"ちいかわぽけっと"
13:30,81,479516143,"Minecraft: クラフト、建築、サバイバル"
13:30,82,1273064549,"eFootball™ウイコレ CHAMPION SQUADS"
13:30,83,547145938,"にゃんこ大戦争"
13:30,84,6756247422,"デジモンUP"
13:30,85,6502326151,"カオスゼロナイトメア"
13:30,86,6503603603,"ミステリータウン：マージゲーム (Mystery Town)"
13:30,87,6480398822,"DDFF-ファイナルファンタジーのオールスター共闘アクション"
13:30,88,1481318779,"三國志 覇道"
13:30,89,852882903,"グランブルーファンタジー"
13:30,90,1489932710,"プロジェクトセカイ カラフルステージ！ feat. 初音ミク"
13:30,91,895687962,"白猫プロジェクト"
13:30,92,1516559313,"ドラゴンクエストタクト ドラクエのタクティクスRPG"
13:30,93,1484442152,"マージマンション : パズル & ストーリー"
13:30,94,1366526331,"PUBG MOBILE - 世界一のバトルロイヤル！"
13:30,95,1211123727,"放置少女 - 百花繚乱の萌姫たち"
13:30,96,6740199677,"杖と剣の伝説"
13:30,97,1453840513,"東京ディバンカー"
13:30,98,6445906110,"モンスターハンターNow"
13:30,99,1575830891,"コードギアス 反逆のルルーシュ　ロストストーリーズ"
13:30,100,1533946351,"ドルフィンウェーブ"
13:30,101,1556357398,"Pikmin Bloom"
13:30,102,1517783697,"原神～空月の歌～"
13:30,103,1044505314,"刀剣乱舞ONLINE"
13:30,104,1662742277,"俺だけレベルアップな件：Arise（俺アラ）"
13:30,105,852912420,"サマナーズウォー X 葬送のフリーレン"
13:30,106,6742937695,"ペタペタペンギン団"
13:30,107,6746465127,"セルサバイバー - シューティングゲーム"
13:30,108,1287282214,"Call of Duty®: Mobile"
13:30,109,6741503079,"Pokémon Champions"
13:30,110,6450953550,"トップヒーローズ: キングダムサーガ"
13:30,111,6444487398,"マジックカード：Locked Rings"
13:30,112,6654894830,"星の翼"
13:30,113,1537365865,"商人放浪記"
13:30,114,1554247785,"遊戯王 マスターデュエル"
13:30,115,1479198816,"トップウォー"
13:30,116,6749109552,"X-Clash: サバイバル"
13:30,117,1208396151,"キングダム 乱 -天下統一への道- 究極の戦略・戦争ゲーム"
13:30,118,1053012308,"クラッシュ・ロワイヤル (Clash Royale)"
13:30,119,1447239134,"Ash Tale-風の大陸-"
13:30,120,1245550834,"アリス・ギア・アイギス"
13:30,121,6761041344,"ドット伝説～魔王になる異世界放置RPG～"
13:30,122,1020109860,"ゴールデンホイヤー スロット〜パチンコ·パチスロカジノゲーム"
13:30,123,1545088576,"777Real(777リアル) パチンコ･パチスロアプリ"
13:30,124,1631984107,"ブルーロック Project: World Champion"
13:30,125,1521236603,"Travel Town - マージアドベンチャー"
13:30,126,6768208688,"勇者連盟：暁の遠征"
13:30,127,985900455,"ドラゴンエッグ　仲間との出会い"
13:30,128,6743205891,"聖霊伝説：最強への道"
13:30,129,6449094229,"マッチファクトリー(Match Factory)!"
13:30,130,6502582397,"ラグナロクX"
13:30,131,1181774280,"ファイアーエムブレム ヒーローズ"
13:30,132,1565488936,"転生したらスライムだった件 魔王と竜の建国譚【まおりゅう】"
13:30,133,6756989323,"ラストアサイラム：プレイグ"
13:30,134,6736896540,"ハローキティ：マイドリームストア"
13:30,135,6738109752,"タイルズ・サバイバル"
13:30,136,6618142292,"フランベシェフ：マージ＆クッキング"
13:30,137,6504332779,"Color Block Jam"
13:30,138,1528941310,"ダダサバイバー"
13:30,139,6444043291,"Domino Dreams™"
13:30,140,1576831351,"ヘブンバーンズレッド"
13:30,141,6754003671,"カードキャプターさくら：思い出の鍵"
13:30,142,6480167901,"魔法少女まどかマギカ Magia Exedra"
13:30,143,6450660247,"黒子のバスケ Street Rivals"
13:30,144,1474209512,"LIVE A HERO"
13:30,145,878506376,"LINE POP2 - 簡単マッチ3パズルゲーム"
13:30,146,6752672568,"Block Out! - Color Sort Puzzle"
13:30,147,6740043080,"Screwdom : ボルトパズルゲーム"
13:30,148,6464543369,"コナステ メダルコーナー | コナミの メダルゲームが遊べる"
13:30,149,6473767344,"キノコ伝説：勇者と魔法のランプ"
13:30,150,1242186587,"アズールレーン"
13:30,151,6755585789,"チート勇者～インベントリ攻略ゲー～RPG"
13:30,152,1568415097,"The Ants: Underground Kingdom"
13:30,153,492075888,"暴走列伝 単車の虎"
13:30,154,6503810263,"鋼嵐 - メカラシ"
13:30,155,529479190,"クラッシュ・オブ・クラン (Clash of Clans)"
13:30,156,1032346221,"妖怪ウォッチ ぷにぷに"
13:30,157,6747801226,"ドラゲナイ：竜騎士学園"
13:30,158,1134429300,"プリンセスコネクト！Re:Dive"
13:30,159,6445884108,"ツリーオブセイヴァー：ネバーランド"
13:30,160,1442061397,"Pokémon Masters EX"
13:30,161,6756044415,"今生は恋より茶に生きる"
13:30,162,6450412255,"SUPERSTAR EBiDAN"
13:30,163,6503284107,"オールインホール (All in Hole)"
13:30,164,6670441558,"Dark War:Survival"
13:30,165,1561574979,"機動戦士ガンダム U.C. ENGAGE"
13:30,166,1578816591,"麻雀一番街 × ダンガンロンパ"
13:30,167,963073142,"あんさんぶるスターズ！！Basic"
13:30,168,6742122160,"TopTop(トップトップ): サクッと遊んで、パッと友達"
13:30,169,1483058899,"プロジェクトメイクオーバー Project Makeover"
13:30,170,6758927408,"弱虫ペダル レゾナンス・ぺダイズム"
13:30,171,934745962,"駅メモ！ - ステーションメモリーズ！-"
13:30,172,6751229187,"ドラゴンブラッド：スレイヤーズ学院（ドラガク）"
13:30,173,1391483863,"旦那様の一発逆転人生"
13:30,174,6476969262,"18TRIP （エイトリ）"
13:30,175,6753738566,"HUNTER×HUNTER NEN×SURVIVOR"
13:30,176,6737473225,"アストラルパーティー"
13:30,177,953790507,"城とドラゴン"
13:30,178,6738469826,"この監獄ほんmoneyすぎんご"
13:30,179,6502820653,"アーチャー伝説2"
13:30,180,1512321575,"Pokémon UNITE"
13:30,181,668300448,"SunVy Poker - サンビ・ポーカー"
13:30,182,6752642477,"アークナイツ：エンドフィールド"
13:30,183,1356980152,"スロットセブン：ジャックポットワールド、パチスロ、カジノ"
13:30,184,1160056295,"モバイル·レジェンド: Bang Bang"
13:30,185,496801169,"将棋ウォーズ"
13:30,186,1551798277,"呪術廻戦 ファントムパレード"
13:30,187,1326707443,"プロサッカークラブをつくろう！ロード・トゥ・ワールド"
13:30,188,1263365153,"エバーテイル"
13:30,189,6749251466,"クッキーラン：クランブル - 放置系RPG"
13:30,190,6737189862,"サベージ・サバイバル：恐竜の咆哮"
13:30,191,1158967485,"ヒーローウォーズ：アライアンス — アクションバトルにRPG"
13:30,192,6462012491,"ぽちゃガチョ！"
13:30,193,1434519042,"メイプルストーリーＭ"
13:30,194,1449539696,"Jリーグクラブチャンピオンシップ"
13:30,195,1623345808,"キン肉マン 極・タッグ乱舞"
13:30,196,895761422,"LINE バブル2"
13:30,197,529996768,"Bingo Blitz™ - ビンゴゲーム"
13:30,198,1098157959,"エボニー - 王の帰還"
13:30,199,1448666290,"アイドルマスター シャイニーカラーズ"
13:30,200,6751056652,"Pixel Flow!"
16:30,1,1117270703,"eFootball™"
16:30,2,6479970832,"Pokémon TCG Pocket"
16:30,3,6756641135,"ホロライブドリームス"
16:30,4,1606356401,"ゼンレスゾーンゼロ - アニバーサリー"
16:30,5,658511662,"モンスターストライク"
16:30,6,6443575749,"ホワイトアウト・サバイバル"
16:30,7,1494428618,"あんさんぶるスターズ！！Music"
16:30,8,6448786147,"ラストウォー：サバイバル"
16:30,9,6475033368,"鳴潮 - 玄方地界へ"
16:30,10,6692611665,"SDガンダム ジージェネレーション エターナル"
16:30,11,6446659989,"学園アイドルマスター"
16:30,12,547145938,"にゃんこ大戦争"
16:30,13,1322310031,"ONE PIECE バウンティラッシュ - アクションゲーム"
16:30,14,940320341,"プロ野球スピリッツＡ"
16:30,15,1623318294,"ゴシップハーバー：マージ & ストーリー"
16:30,16,6739554561,"信長の野望 真戦"
16:30,17,1325457827,"ウマ娘 プリティーダービー"
16:30,18,1176027022,"トゥーンブラスト"
16:30,19,1515877221,"ブルーアーカイブ"
16:30,20,951627670,"ドラゴンボールZ ドッカンバトル"
16:30,21,1164400646,"#コンパス【戦闘摂理解析システム】"
16:30,22,6739554056,"キングショット"
16:30,23,6754311241,"無職転生 〜異世界行ったら本気だす〜 【クロエコ】"
16:30,24,1482155847,"ロイヤルマッチ（Royal Match)"
16:30,25,1517980891,"パズル&サバイバル"
16:30,26,6756994116,"イナズマイレブン クロス"
16:30,27,1585915174,"勝利の女神：NIKKE"
16:30,28,1663423521,"Wizardry Variants Daphne"
16:30,29,1619722298,"信長の野望 覇道"
16:30,30,1094591345,"Pokémon GO"
16:30,31,493470467,"パズル＆ドラゴンズ"
16:30,32,1105855019,"ガーデンスケイプ (Gardenscapes)"
16:30,33,1599719154,"崩壊：スターレイル"
16:30,34,6503272652,"ラストZ：サバイバルシューティング"
16:30,35,852882903,"グランブルーファンタジー"
16:30,36,1478990007,"アークナイツ"
16:30,37,6471045672,"グルメ・ジャーニー"
16:30,38,888615473,"LINE ポコポコ：3マッチパズルゲーム"
16:30,39,724594093,"LINE：ディズニー ツムツム"
16:30,40,6754593077,"NTE: Neverness to Everness"
16:30,41,1358232022,"ドラゴンボール レジェンズ"
16:30,42,1312031248,"荒野行動-スマホ版バトロワ"
16:30,43,6738163891,"ヴァンピール(VAMPIR)"
16:30,44,6639605332,"パラノイズ"
16:30,45,6748930656,"ゼンレスゾーンゼロ・クラウド版 - アニバーサリー"
16:30,46,638689075,"タウンシップ (Township)"
16:30,47,1478829750,"デュエル・マスターズ プレイス"
16:30,48,6472019540,"Shadowverse: Worlds Beyond"
16:30,49,6502942931,"P5X ペルソナ５: The Phantom X"
16:30,50,938506958,"実況パワフルプロ野球"
16:30,51,6475757306,"Disney Solitaire ディズニー ソリティア"
16:30,52,1439417234,"ドラゴンクエストウォーク 歩く楽しみが増える位置情報ゲーム"
16:30,53,1565488936,"転生したらスライムだった件 魔王と竜の建国譚【まおりゅう】"
16:30,54,1195621598,"ホームスケイプ (Homescapes)"
16:30,55,6443755785,"シーサイド エスケープ：マージ & ストーリー"
16:30,56,1376515087,"Age of Origins---ゾンビ・末日戦記"
16:30,57,1672017627,"信長の野望 出陣"
16:30,58,1229016807,"ブロスタ"
16:30,59,1606549505,"ロイヤルキングダム (Royal Kingdom)"
16:30,60,1015521325,"Fate/Grand Order"
16:30,61,1489932710,"プロジェクトセカイ カラフルステージ！ feat. 初音ミク"
16:30,62,1477455989,"ディズニー ツイステッドワンダーランド"
16:30,63,6755455500,"ハリウッドマージ"
16:30,64,1347780764,"Identity V"
16:30,65,6746151928,"ハートピアスローライフ"
16:30,66,664575829,"フィッシュダム(Fishdom)"
16:30,67,1629373124,"陰の実力者になりたくて！マスターオブガーデン"
16:30,68,824116884,"ONE PIECE トレジャークルーズ"
16:30,69,1453840513,"東京ディバンカー"
16:30,70,6747736697,"ドラゴンクエストスマッシュグロウ ドラクエローグライトRPG"
16:30,71,1211123727,"放置少女 - 百花繚乱の萌姫たち"
16:30,72,1579464667,"Pokémon Sleep"
16:30,73,1643509748,"マージクッキング テーマレストラン"
16:30,74,6475892450,"キングダム 頂天"
16:30,75,553834731,"キャンディークラッシュ"
16:30,76,6450099588,"ブラウンダスト２ 胸いっぱいのRPG"
16:30,77,1268959718,"七つの大罪 光と闇の交戦 : グラクロ"
16:30,78,1469186379,"雀魂 -じゃんたま-"
16:30,79,6741469353,"プロサッカークラブをつくろう！"
16:30,80,6479391944,"トリッカル・もちもちほっペ大作戦"
16:30,81,6744011639,"BRAVE FRONTIER LEGION"
16:30,82,1611490041,"メメントモリ"
16:30,83,666206963,"セガNET麻雀 MJ"
16:30,84,6737974657,"キングダム 覇道"
16:30,85,1273064549,"eFootball™ウイコレ CHAMPION SQUADS"
16:30,86,895687962,"白猫プロジェクト"
16:30,87,6596745408,"ちいかわぽけっと"
16:30,88,6590616375,"eBaseball™: MLB PRO SPIRIT"
16:30,89,1366526331,"PUBG MOBILE - 世界一のバトルロイヤル！"
16:30,90,479516143,"Minecraft: クラフト、建築、サバイバル"
16:30,91,1537365865,"商人放浪記"
16:30,92,6503603603,"ミステリータウン：マージゲーム (Mystery Town)"
16:30,93,1516559313,"ドラゴンクエストタクト ドラクエのタクティクスRPG"
16:30,94,6740199677,"杖と剣の伝説"
16:30,95,6756247422,"デジモンUP"
16:30,96,6480167901,"魔法少女まどかマギカ Magia Exedra"
16:30,97,6450953550,"トップヒーローズ: キングダムサーガ"
16:30,98,6502326151,"カオスゼロナイトメア"
16:30,99,1484442152,"マージマンション : パズル & ストーリー"
16:30,100,6480398822,"DDFF-ファイナルファンタジーのオールスター共闘アクション"
16:30,101,1287282214,"Call of Duty®: Mobile"
16:30,102,1556357398,"Pikmin Bloom"
16:30,103,1481318779,"三國志 覇道"
16:30,104,1517783697,"原神～空月の歌～"
16:30,105,6445906110,"モンスターハンターNow"
16:30,106,1298368256,"コトダマン-共闘ことばRPG"
16:30,107,6742937695,"ペタペタペンギン団"
16:30,108,1134429300,"プリンセスコネクト！Re:Dive"
16:30,109,6746465127,"セルサバイバー - シューティングゲーム"
16:30,110,1044505314,"刀剣乱舞ONLINE"
16:30,111,1575830891,"コードギアス 反逆のルルーシュ　ロストストーリーズ"
16:30,112,6749109552,"X-Clash: サバイバル"
16:30,113,1662742277,"俺だけレベルアップな件：Arise（俺アラ）"
16:30,114,1533946351,"ドルフィンウェーブ"
16:30,115,1053012308,"クラッシュ・ロワイヤル (Clash Royale)"
16:30,116,985100673,"逆転オセロニア"
16:30,117,6741503079,"Pokémon Champions"
16:30,118,1020109860,"ゴールデンホイヤー スロット〜パチンコ·パチスロカジノゲーム"
16:30,119,852912420,"サマナーズウォー X 葬送のフリーレン"
16:30,120,1554247785,"遊戯王 マスターデュエル"
16:30,121,6502582397,"ラグナロクX"
16:30,122,6444487398,"マジックカード：Locked Rings"
16:30,123,6761041344,"ドット伝説～魔王になる異世界放置RPG～"
16:30,124,6768208688,"勇者連盟：暁の遠征"
16:30,125,6654894830,"星の翼"
16:30,126,1479198816,"トップウォー"
16:30,127,1208396151,"キングダム 乱 -天下統一への道- 究極の戦略・戦争ゲーム"
16:30,128,985900455,"ドラゴンエッグ　仲間との出会い"
16:30,129,6743686945,"逆水寒"
16:30,130,1521236603,"Travel Town - マージアドベンチャー"
16:30,131,1447239134,"Ash Tale-風の大陸-"
16:30,132,1631984107,"ブルーロック Project: World Champion"
16:30,133,6618142292,"フランベシェフ：マージ＆クッキング"
16:30,134,6756989323,"ラストアサイラム：プレイグ"
16:30,135,1545088576,"777Real(777リアル) パチンコ･パチスロアプリ"
16:30,136,6449094229,"マッチファクトリー(Match Factory)!"
16:30,137,6743205891,"聖霊伝説：最強への道"
16:30,138,6738109752,"タイルズ・サバイバル"
16:30,139,1245550834,"アリス・ギア・アイギス"
16:30,140,6758927408,"弱虫ペダル レゾナンス・ぺダイズム"
16:30,141,6736896540,"ハローキティ：マイドリームストア"
16:30,142,6670441558,"Dark War:Survival"
16:30,143,6504332779,"Color Block Jam"
16:30,144,6444043291,"Domino Dreams™"
16:30,145,1181774280,"ファイアーエムブレム ヒーローズ"
16:30,146,492075888,"暴走列伝 単車の虎"
16:30,147,6450660247,"黒子のバスケ Street Rivals"
16:30,148,1528941310,"ダダサバイバー"
16:30,149,878506376,"LINE POP2 - 簡単マッチ3パズルゲーム"
16:30,150,6473767344,"キノコ伝説：勇者と魔法のランプ"
16:30,151,1576831351,"ヘブンバーンズレッド"
16:30,152,6747801226,"ドラゲナイ：竜騎士学園"
16:30,153,6754003671,"カードキャプターさくら：思い出の鍵"
16:30,154,6755585789,"チート勇者～インベントリ攻略ゲー～RPG"
16:30,155,1474209512,"LIVE A HERO"
16:30,156,6752672568,"Block Out! - Color Sort Puzzle"
16:30,157,1032346221,"妖怪ウォッチ ぷにぷに"
16:30,158,6464543369,"コナステ メダルコーナー | コナミの メダルゲームが遊べる"
16:30,159,6754603435,"どうぶつの花屋 - 本物のお花をお届け！"
16:30,160,6742122160,"TopTop(トップトップ): サクッと遊んで、パッと友達"
16:30,161,6740043080,"Screwdom : ボルトパズルゲーム"
16:30,162,1263365153,"エバーテイル"
16:30,163,6502820653,"アーチャー伝説2"
16:30,164,6738469826,"この監獄ほんmoneyすぎんご"
16:30,165,1568415097,"The Ants: Underground Kingdom"
16:30,166,6445884108,"ツリーオブセイヴァー：ネバーランド"
16:30,167,6753738566,"HUNTER×HUNTER NEN×SURVIVOR"
16:30,168,6756044415,"今生は恋より茶に生きる"
16:30,169,529479190,"クラッシュ・オブ・クラン (Clash of Clans)"
16:30,170,934745962,"駅メモ！ - ステーションメモリーズ！-"
16:30,171,1483058899,"プロジェクトメイクオーバー Project Makeover"
16:30,172,1510097347,"ザ・スパイク・クロス"
16:30,173,6503284107,"オールインホール (All in Hole)"
16:30,174,6737189862,"サベージ・サバイバル：恐竜の咆哮"
16:30,175,6461049770,"鈴蘭の剣"
16:30,176,1442061397,"Pokémon Masters EX"
16:30,177,1483025097,"Rise of Kingdoms ―万国覚醒―"
16:30,178,1242186587,"アズールレーン"
16:30,179,6752642477,"アークナイツ：エンドフィールド"
16:30,180,1391483863,"旦那様の一発逆転人生"
16:30,181,6450412255,"SUPERSTAR EBiDAN"
16:30,182,6476969262,"18TRIP （エイトリ）"
16:30,183,6749251466,"クッキーラン：クランブル - 放置系RPG"
16:30,184,6741672573,"恋姫†大戦"
16:30,185,953790507,"城とドラゴン"
16:30,186,895761422,"LINE バブル2"
16:30,187,1356980152,"スロットセブン：ジャックポットワールド、パチスロ、カジノ"
16:30,188,6462012491,"ぽちゃガチョ！"
16:30,189,1512321575,"Pokémon UNITE"
16:30,190,1158967485,"ヒーローウォーズ：アライアンス — アクションバトルにRPG"
16:30,191,6503810263,"鋼嵐 - メカラシ"
16:30,192,668300448,"SunVy Poker - サンビ・ポーカー"
16:30,193,1449539696,"Jリーグクラブチャンピオンシップ"
16:30,194,1561574979,"機動戦士ガンダム U.C. ENGAGE"
16:30,195,6751229187,"ドラゴンブラッド：スレイヤーズ学院（ドラガク）"
16:30,196,496801169,"将棋ウォーズ"
16:30,197,1195834442,"バンドリ！ ガールズバンドパーティ！"
16:30,198,1578816591,"麻雀一番街 × ダンガンロンパ"
16:30,199,1160056295,"モバイル·レジェンド: Bang Bang"
16:30,200,1326707443,"プロサッカークラブをつくろう！ロード・トゥ・ワールド"
19:00,1,1117270703,"eFootball™"
19:00,2,6479970832,"Pokémon TCG Pocket"
19:00,3,6756641135,"ホロライブドリームス"
19:00,4,1606356401,"ゼンレスゾーンゼロ - アニバーサリー"
19:00,5,658511662,"モンスターストライク"
19:00,6,6443575749,"ホワイトアウト・サバイバル"
19:00,7,1494428618,"あんさんぶるスターズ！！Music"
19:00,8,6448786147,"ラストウォー：サバイバル"
19:00,9,6475033368,"鳴潮 - 玄方地界へ"
19:00,10,6692611665,"SDガンダム ジージェネレーション エターナル"
19:00,11,6446659989,"学園アイドルマスター"
19:00,12,547145938,"にゃんこ大戦争"
19:00,13,1322310031,"ONE PIECE バウンティラッシュ - アクションゲーム"
19:00,14,940320341,"プロ野球スピリッツＡ"
19:00,15,1623318294,"ゴシップハーバー：マージ & ストーリー"
19:00,16,6739554561,"信長の野望 真戦"
19:00,17,1325457827,"ウマ娘 プリティーダービー"
19:00,18,1176027022,"トゥーンブラスト"
19:00,19,1515877221,"ブルーアーカイブ"
19:00,20,951627670,"ドラゴンボールZ ドッカンバトル"
19:00,21,1164400646,"#コンパス【戦闘摂理解析システム】"
19:00,22,6739554056,"キングショット"
19:00,23,6754311241,"無職転生 〜異世界行ったら本気だす〜 【クロエコ】"
19:00,24,1482155847,"ロイヤルマッチ（Royal Match)"
19:00,25,1517980891,"パズル&サバイバル"
19:00,26,6756994116,"イナズマイレブン クロス"
19:00,27,1585915174,"勝利の女神：NIKKE"
19:00,28,1663423521,"Wizardry Variants Daphne"
19:00,29,1619722298,"信長の野望 覇道"
19:00,30,1094591345,"Pokémon GO"
19:00,31,493470467,"パズル＆ドラゴンズ"
19:00,32,1105855019,"ガーデンスケイプ (Gardenscapes)"
19:00,33,1599719154,"崩壊：スターレイル"
19:00,34,6503272652,"ラストZ：サバイバルシューティング"
19:00,35,852882903,"グランブルーファンタジー"
19:00,36,1478990007,"アークナイツ"
19:00,37,6471045672,"グルメ・ジャーニー"
19:00,38,888615473,"LINE ポコポコ：3マッチパズルゲーム"
19:00,39,724594093,"LINE：ディズニー ツムツム"
19:00,40,6754593077,"NTE: Neverness to Everness"
19:00,41,1358232022,"ドラゴンボール レジェンズ"
19:00,42,1312031248,"荒野行動-スマホ版バトロワ"
19:00,43,6738163891,"ヴァンピール(VAMPIR)"
19:00,44,6639605332,"パラノイズ"
19:00,45,6748930656,"ゼンレスゾーンゼロ・クラウド版 - アニバーサリー"
19:00,46,638689075,"タウンシップ (Township)"
19:00,47,1478829750,"デュエル・マスターズ プレイス"
19:00,48,6472019540,"Shadowverse: Worlds Beyond"
19:00,49,6502942931,"P5X ペルソナ５: The Phantom X"
19:00,50,938506958,"実況パワフルプロ野球"
19:00,51,6475757306,"Disney Solitaire ディズニー ソリティア"
19:00,52,1439417234,"ドラゴンクエストウォーク 歩く楽しみが増える位置情報ゲーム"
19:00,53,1565488936,"転生したらスライムだった件 魔王と竜の建国譚【まおりゅう】"
19:00,54,1195621598,"ホームスケイプ (Homescapes)"
19:00,55,6443755785,"シーサイド エスケープ：マージ & ストーリー"
19:00,56,1376515087,"Age of Origins---ゾンビ・末日戦記"
19:00,57,1672017627,"信長の野望 出陣"
19:00,58,1229016807,"ブロスタ"
19:00,59,1606549505,"ロイヤルキングダム (Royal Kingdom)"
19:00,60,1015521325,"Fate/Grand Order"
19:00,61,1489932710,"プロジェクトセカイ カラフルステージ！ feat. 初音ミク"
19:00,62,1477455989,"ディズニー ツイステッドワンダーランド"
19:00,63,6755455500,"ハリウッドマージ"
19:00,64,1347780764,"Identity V"
19:00,65,6746151928,"ハートピアスローライフ"
19:00,66,664575829,"フィッシュダム(Fishdom)"
19:00,67,1629373124,"陰の実力者になりたくて！マスターオブガーデン"
19:00,68,824116884,"ONE PIECE トレジャークルーズ"
19:00,69,1453840513,"東京ディバンカー"
19:00,70,6747736697,"ドラゴンクエストスマッシュグロウ ドラクエローグライトRPG"
19:00,71,1211123727,"放置少女 - 百花繚乱の萌姫たち"
19:00,72,1579464667,"Pokémon Sleep"
19:00,73,1643509748,"マージクッキング テーマレストラン"
19:00,74,6475892450,"キングダム 頂天"
19:00,75,553834731,"キャンディークラッシュ"
19:00,76,6450099588,"ブラウンダスト２ 胸いっぱいのRPG"
19:00,77,1268959718,"七つの大罪 光と闇の交戦 : グラクロ"
19:00,78,1469186379,"雀魂 -じゃんたま-"
19:00,79,6741469353,"プロサッカークラブをつくろう！"
19:00,80,6479391944,"トリッカル・もちもちほっペ大作戦"
19:00,81,6744011639,"BRAVE FRONTIER LEGION"
19:00,82,1611490041,"メメントモリ"
19:00,83,666206963,"セガNET麻雀 MJ"
19:00,84,6737974657,"キングダム 覇道"
19:00,85,1273064549,"eFootball™ウイコレ CHAMPION SQUADS"
19:00,86,895687962,"白猫プロジェクト"
19:00,87,6596745408,"ちいかわぽけっと"
19:00,88,6590616375,"eBaseball™: MLB PRO SPIRIT"
19:00,89,1366526331,"PUBG MOBILE - 世界一のバトルロイヤル！"
19:00,90,479516143,"Minecraft: クラフト、建築、サバイバル"
19:00,91,1537365865,"商人放浪記"
19:00,92,6503603603,"ミステリータウン：マージゲーム (Mystery Town)"
19:00,93,1516559313,"ドラゴンクエストタクト ドラクエのタクティクスRPG"
19:00,94,6740199677,"杖と剣の伝説"
19:00,95,6756247422,"デジモンUP"
19:00,96,6480167901,"魔法少女まどかマギカ Magia Exedra"
19:00,97,6450953550,"トップヒーローズ: キングダムサーガ"
19:00,98,6502326151,"カオスゼロナイトメア"
19:00,99,1484442152,"マージマンション : パズル & ストーリー"
19:00,100,6480398822,"DDFF-ファイナルファンタジーのオールスター共闘アクション"
19:00,101,1287282214,"Call of Duty®: Mobile"
19:00,102,1556357398,"Pikmin Bloom"
19:00,103,1481318779,"三國志 覇道"
19:00,104,1517783697,"原神～空月の歌～"
19:00,105,6445906110,"モンスターハンターNow"
19:00,106,1298368256,"コトダマン-共闘ことばRPG"
19:00,107,6742937695,"ペタペタペンギン団"
19:00,108,1134429300,"プリンセスコネクト！Re:Dive"
19:00,109,6746465127,"セルサバイバー - シューティングゲーム"
19:00,110,1044505314,"刀剣乱舞ONLINE"
19:00,111,1575830891,"コードギアス 反逆のルルーシュ　ロストストーリーズ"
19:00,112,6749109552,"X-Clash: サバイバル"
19:00,113,1662742277,"俺だけレベルアップな件：Arise（俺アラ）"
19:00,114,1533946351,"ドルフィンウェーブ"
19:00,115,1053012308,"クラッシュ・ロワイヤル (Clash Royale)"
19:00,116,985100673,"逆転オセロニア"
19:00,117,6741503079,"Pokémon Champions"
19:00,118,1020109860,"ゴールデンホイヤー スロット〜パチンコ·パチスロカジノゲーム"
19:00,119,852912420,"サマナーズウォー X 葬送のフリーレン"
19:00,120,1554247785,"遊戯王 マスターデュエル"
19:00,121,6502582397,"ラグナロクX"
19:00,122,6444487398,"マジックカード：Locked Rings"
19:00,123,6761041344,"ドット伝説～魔王になる異世界放置RPG～"
19:00,124,6768208688,"勇者連盟：暁の遠征"
19:00,125,6654894830,"星の翼"
19:00,126,1479198816,"トップウォー"
19:00,127,1208396151,"キングダム 乱 -天下統一への道- 究極の戦略・戦争ゲーム"
19:00,128,985900455,"ドラゴンエッグ　仲間との出会い"
19:00,129,6743686945,"逆水寒"
19:00,130,1521236603,"Travel Town - マージアドベンチャー"
19:00,131,1447239134,"Ash Tale-風の大陸-"
19:00,132,1631984107,"ブルーロック Project: World Champion"
19:00,133,6618142292,"フランベシェフ：マージ＆クッキング"
19:00,134,6756989323,"ラストアサイラム：プレイグ"
19:00,135,1545088576,"777Real(777リアル) パチンコ･パチスロアプリ"
19:00,136,6449094229,"マッチファクトリー(Match Factory)!"
19:00,137,6743205891,"聖霊伝説：最強への道"
19:00,138,6738109752,"タイルズ・サバイバル"
19:00,139,1245550834,"アリス・ギア・アイギス"
19:00,140,6758927408,"弱虫ペダル レゾナンス・ぺダイズム"
19:00,141,6736896540,"ハローキティ：マイドリームストア"
19:00,142,6670441558,"Dark War:Survival"
19:00,143,6504332779,"Color Block Jam"
19:00,144,6444043291,"Domino Dreams™"
19:00,145,1181774280,"ファイアーエムブレム ヒーローズ"
19:00,146,492075888,"暴走列伝 単車の虎"
19:00,147,6450660247,"黒子のバスケ Street Rivals"
19:00,148,1528941310,"ダダサバイバー"
19:00,149,878506376,"LINE POP2 - 簡単マッチ3パズルゲーム"
19:00,150,6473767344,"キノコ伝説：勇者と魔法のランプ"
19:00,151,1576831351,"ヘブンバーンズレッド"
19:00,152,6747801226,"ドラゲナイ：竜騎士学園"
19:00,153,6754003671,"カードキャプターさくら：思い出の鍵"
19:00,154,6755585789,"チート勇者～インベントリ攻略ゲー～RPG"
19:00,155,1474209512,"LIVE A HERO"
19:00,156,6752672568,"Block Out! - Color Sort Puzzle"
19:00,157,1032346221,"妖怪ウォッチ ぷにぷに"
19:00,158,6464543369,"コナステ メダルコーナー | コナミの メダルゲームが遊べる"
19:00,159,6754603435,"どうぶつの花屋 - 本物のお花をお届け！"
19:00,160,6742122160,"TopTop(トップトップ): サクッと遊んで、パッと友達"
19:00,161,6740043080,"Screwdom : ボルトパズルゲーム"
19:00,162,1263365153,"エバーテイル"
19:00,163,6502820653,"アーチャー伝説2"
19:00,164,6738469826,"この監獄ほんmoneyすぎんご"
19:00,165,1568415097,"The Ants: Underground Kingdom"
19:00,166,6445884108,"ツリーオブセイヴァー：ネバーランド"
19:00,167,6753738566,"HUNTER×HUNTER NEN×SURVIVOR"
19:00,168,6756044415,"今生は恋より茶に生きる"
19:00,169,529479190,"クラッシュ・オブ・クラン (Clash of Clans)"
19:00,170,934745962,"駅メモ！ - ステーションメモリーズ！-"
19:00,171,1483058899,"プロジェクトメイクオーバー Project Makeover"
19:00,172,1510097347,"ザ・スパイク・クロス"
19:00,173,6503284107,"オールインホール (All in Hole)"
19:00,174,6737189862,"サベージ・サバイバル：恐竜の咆哮"
19:00,175,6461049770,"鈴蘭の剣"
19:00,176,1442061397,"Pokémon Masters EX"
19:00,177,1483025097,"Rise of Kingdoms ―万国覚醒―"
19:00,178,1242186587,"アズールレーン"
19:00,179,6752642477,"アークナイツ：エンドフィールド"
19:00,180,1391483863,"旦那様の一発逆転人生"
19:00,181,6450412255,"SUPERSTAR EBiDAN"
19:00,182,6476969262,"18TRIP （エイトリ）"
19:00,183,6749251466,"クッキーラン：クランブル - 放置系RPG"
19:00,184,6741672573,"恋姫†大戦"
19:00,185,953790507,"城とドラゴン"
19:00,186,895761422,"LINE バブル2"
19:00,187,1356980152,"スロットセブン：ジャックポットワールド、パチスロ、カジノ"
19:00,188,6462012491,"ぽちゃガチョ！"
19:00,189,1512321575,"Pokémon UNITE"
19:00,190,1158967485,"ヒーローウォーズ：アライアンス — アクションバトルにRPG"
19:00,191,6503810263,"鋼嵐 - メカラシ"
19:00,192,668300448,"SunVy Poker - サンビ・ポーカー"
19:00,193,1449539696,"Jリーグクラブチャンピオンシップ"
19:00,194,1561574979,"機動戦士ガンダム U.C. ENGAGE"
19:00,195,6751229187,"ドラゴンブラッド：スレイヤーズ学院（ドラガク）"
19:00,196,496801169,"将棋ウォーズ"
19:00,197,1195834442,"バンドリ！ ガールズバンドパーティ！"
19:00,198,1578816591,"麻雀一番街 × ダンガンロンパ"
19:00,199,1160056295,"モバイル·レジェンド: Bang Bang"
19:00,200,1326707443,"プロサッカークラブをつくろう！ロード・トゥ・ワールド"
21:00,1,1117270703,"eFootball™"
21:00,2,6479970832,"Pokémon TCG Pocket"
21:00,3,6756641135,"ホロライブドリームス"
21:00,4,1606356401,"ゼンレスゾーンゼロ - アニバーサリー"
21:00,5,658511662,"モンスターストライク"
21:00,6,940320341,"プロ野球スピリッツＡ"
21:00,7,6692611665,"SDガンダム ジージェネレーション エターナル"
21:00,8,6443575749,"ホワイトアウト・サバイバル"
21:00,9,6448786147,"ラストウォー：サバイバル"
21:00,10,547145938,"にゃんこ大戦争"
21:00,11,1494428618,"あんさんぶるスターズ！！Music"
21:00,12,6446659989,"学園アイドルマスター"
21:00,13,6475033368,"鳴潮 - 玄方地界へ"
21:00,14,1623318294,"ゴシップハーバー：マージ & ストーリー"
21:00,15,6739554561,"信長の野望 真戦"
21:00,16,1322310031,"ONE PIECE バウンティラッシュ - アクションゲーム"
21:00,17,1176027022,"トゥーンブラスト"
21:00,18,1325457827,"ウマ娘 プリティーダービー"
21:00,19,951627670,"ドラゴンボールZ ドッカンバトル"
21:00,20,1515877221,"ブルーアーカイブ"
21:00,21,6739554056,"キングショット"
21:00,22,6756994116,"イナズマイレブン クロス"
21:00,23,1164400646,"#コンパス【戦闘摂理解析システム】"
21:00,24,1482155847,"ロイヤルマッチ（Royal Match)"
21:00,25,1517980891,"パズル&サバイバル"
21:00,26,6754311241,"無職転生 〜異世界行ったら本気だす〜 【クロエコ】"
21:00,27,852882903,"グランブルーファンタジー"
21:00,28,1585915174,"勝利の女神：NIKKE"
21:00,29,1094591345,"Pokémon GO"
21:00,30,1663423521,"Wizardry Variants Daphne"
21:00,31,1619722298,"信長の野望 覇道"
21:00,32,1105855019,"ガーデンスケイプ (Gardenscapes)"
21:00,33,493470467,"パズル＆ドラゴンズ"
21:00,34,888615473,"LINE ポコポコ：3マッチパズルゲーム"
21:00,35,1599719154,"崩壊：スターレイル"
21:00,36,6503272652,"ラストZ：サバイバルシューティング"
21:00,37,6471045672,"グルメ・ジャーニー"
21:00,38,724594093,"LINE：ディズニー ツムツム"
21:00,39,6639605332,"パラノイズ"
21:00,40,1478990007,"アークナイツ"
21:00,41,1358232022,"ドラゴンボール レジェンズ"
21:00,42,1312031248,"荒野行動-スマホ版バトロワ"
21:00,43,1565488936,"転生したらスライムだった件 魔王と竜の建国譚【まおりゅう】"
21:00,44,6754593077,"NTE: Neverness to Everness"
21:00,45,638689075,"タウンシップ (Township)"
21:00,46,6738163891,"ヴァンピール(VAMPIR)"
21:00,47,1478829750,"デュエル・マスターズ プレイス"
21:00,48,6475757306,"Disney Solitaire ディズニー ソリティア"
21:00,49,938506958,"実況パワフルプロ野球"
21:00,50,6748930656,"ゼンレスゾーンゼロ・クラウド版 - アニバーサリー"
21:00,51,1439417234,"ドラゴンクエストウォーク 歩く楽しみが増える位置情報ゲーム"
21:00,52,6472019540,"Shadowverse: Worlds Beyond"
21:00,53,6502942931,"P5X ペルソナ５: The Phantom X"
21:00,54,1195621598,"ホームスケイプ (Homescapes)"
21:00,55,6443755785,"シーサイド エスケープ：マージ & ストーリー"
21:00,56,1229016807,"ブロスタ"
21:00,57,1672017627,"信長の野望 出陣"
21:00,58,1376515087,"Age of Origins---ゾンビ・末日戦記"
21:00,59,1489932710,"プロジェクトセカイ カラフルステージ！ feat. 初音ミク"
21:00,60,1606549505,"ロイヤルキングダム (Royal Kingdom)"
21:00,61,1453840513,"東京ディバンカー"
21:00,62,1211123727,"放置少女 - 百花繚乱の萌姫たち"
21:00,63,1347780764,"Identity V"
21:00,64,6746151928,"ハートピアスローライフ"
21:00,65,1477455989,"ディズニー ツイステッドワンダーランド"
21:00,66,6755455500,"ハリウッドマージ"
21:00,67,664575829,"フィッシュダム(Fishdom)"
21:00,68,1442061397,"Pokémon Masters EX"
21:00,69,1015521325,"Fate/Grand Order"
21:00,70,1629373124,"陰の実力者になりたくて！マスターオブガーデン"
21:00,71,824116884,"ONE PIECE トレジャークルーズ"
21:00,72,6747736697,"ドラゴンクエストスマッシュグロウ ドラクエローグライトRPG"
21:00,73,1643509748,"マージクッキング テーマレストラン"
21:00,74,1579464667,"Pokémon Sleep"
21:00,75,553834731,"キャンディークラッシュ"
21:00,76,6475892450,"キングダム 頂天"
21:00,77,895687962,"白猫プロジェクト"
21:00,78,1469186379,"雀魂 -じゃんたま-"
21:00,79,1268959718,"七つの大罪 光と闇の交戦 : グラクロ"
21:00,80,6480167901,"魔法少女まどかマギカ Magia Exedra"
21:00,81,1298368256,"コトダマン-共闘ことばRPG"
21:00,82,6450099588,"ブラウンダスト２ 胸いっぱいのRPG"
21:00,83,6741469353,"プロサッカークラブをつくろう！"
21:00,84,666206963,"セガNET麻雀 MJ"
21:00,85,6479391944,"トリッカル・もちもちほっペ大作戦"
21:00,86,6744011639,"BRAVE FRONTIER LEGION"
21:00,87,1537365865,"商人放浪記"
21:00,88,1611490041,"メメントモリ"
21:00,89,6737974657,"キングダム 覇道"
21:00,90,1366526331,"PUBG MOBILE - 世界一のバトルロイヤル！"
21:00,91,6596745408,"ちいかわぽけっと"
21:00,92,6590616375,"eBaseball™: MLB PRO SPIRIT"
21:00,93,6503603603,"ミステリータウン：マージゲーム (Mystery Town)"
21:00,94,479516143,"Minecraft: クラフト、建築、サバイバル"
21:00,95,1273064549,"eFootball™ウイコレ CHAMPION SQUADS"
21:00,96,6450953550,"トップヒーローズ: キングダムサーガ"
21:00,97,1517783697,"原神～空月の歌～"
21:00,98,6740199677,"杖と剣の伝説"
21:00,99,1516559313,"ドラゴンクエストタクト ドラクエのタクティクスRPG"
21:00,100,6756247422,"デジモンUP"
21:00,101,1556357398,"Pikmin Bloom"
21:00,102,1484442152,"マージマンション : パズル & ストーリー"
21:00,103,985100673,"逆転オセロニア"
21:00,104,1134429300,"プリンセスコネクト！Re:Dive"
21:00,105,1287282214,"Call of Duty®: Mobile"
21:00,106,6480398822,"DDFF-ファイナルファンタジーのオールスター共闘アクション"
21:00,107,1195834442,"バンドリ！ ガールズバンドパーティ！"
21:00,108,6445906110,"モンスターハンターNow"
21:00,109,6502326151,"カオスゼロナイトメア"
21:00,110,1481318779,"三國志 覇道"
21:00,111,6743686945,"逆水寒"
21:00,112,6742937695,"ペタペタペンギン団"
21:00,113,1044505314,"刀剣乱舞ONLINE"
21:00,114,6746465127,"セルサバイバー - シューティングゲーム"
21:00,115,6758927408,"弱虫ペダル レゾナンス・ぺダイズム"
21:00,116,1053012308,"クラッシュ・ロワイヤル (Clash Royale)"
21:00,117,6749109552,"X-Clash: サバイバル"
21:00,118,595291824,"ぷよぷよ‼クエスト(ぷよクエ)_簡単爽快パズルRPGゲーム"
21:00,119,1020109860,"ゴールデンホイヤー スロット〜パチンコ·パチスロカジノゲーム"
21:00,120,6768208688,"勇者連盟：暁の遠征"
21:00,121,1662742277,"俺だけレベルアップな件：Arise（俺アラ）"
21:00,122,1631984107,"ブルーロック Project: World Champion"
21:00,123,1545088576,"777Real(777リアル) パチンコ･パチスロアプリ"
21:00,124,6741503079,"Pokémon Champions"
21:00,125,1575830891,"コードギアス 反逆のルルーシュ　ロストストーリーズ"
21:00,126,6502582397,"ラグナロクX"
21:00,127,1533946351,"ドルフィンウェーブ"
21:00,128,1554247785,"遊戯王 マスターデュエル"
21:00,129,1208396151,"キングダム 乱 -天下統一への道- 究極の戦略・戦争ゲーム"
21:00,130,6444487398,"マジックカード：Locked Rings"
21:00,131,6618142292,"フランベシェフ：マージ＆クッキング"
21:00,132,852912420,"サマナーズウォー X 葬送のフリーレン"
21:00,133,6449094229,"マッチファクトリー(Match Factory)!"
21:00,134,6761041344,"ドット伝説～魔王になる異世界放置RPG～"
21:00,135,1521236603,"Travel Town - マージアドベンチャー"
21:00,136,1479198816,"トップウォー"
21:00,137,985900455,"ドラゴンエッグ　仲間との出会い"
21:00,138,6743205891,"聖霊伝説：最強への道"
21:00,139,6756989323,"ラストアサイラム：プレイグ"
21:00,140,1449539696,"Jリーグクラブチャンピオンシップ"
21:00,141,1551798277,"呪術廻戦 ファントムパレード"
21:00,142,6654894830,"星の翼"
21:00,143,866037912,"FINAL FANTASY Record Keeper"
21:00,144,6461049770,"鈴蘭の剣"
21:00,145,1443710980,"スーパーロボット大戦DD"
21:00,146,1447239134,"Ash Tale-風の大陸-"
21:00,147,6736896540,"ハローキティ：マイドリームストア"
21:00,148,6738109752,"タイルズ・サバイバル"
21:00,149,6670441558,"Dark War:Survival"
21:00,150,6504332779,"Color Block Jam"
21:00,151,6444043291,"Domino Dreams™"
21:00,152,1576831351,"ヘブンバーンズレッド"
21:00,153,1245550834,"アリス・ギア・アイギス"
21:00,154,6754603435,"どうぶつの花屋 - 本物のお花をお届け！"
21:00,155,878506376,"LINE POP2 - 簡単マッチ3パズルゲーム"
21:00,156,6473767344,"キノコ伝説：勇者と魔法のランプ"
21:00,157,492075888,"暴走列伝 単車の虎"
21:00,158,6752672568,"Block Out! - Color Sort Puzzle"
21:00,159,6755585789,"チート勇者～インベントリ攻略ゲー～RPG"
21:00,160,6747801226,"ドラゲナイ：竜騎士学園"
21:00,161,6742122160,"TopTop(トップトップ): サクッと遊んで、パッと友達"
21:00,162,1181774280,"ファイアーエムブレム ヒーローズ"
21:00,163,1483025097,"Rise of Kingdoms ―万国覚醒―"
21:00,164,1263365153,"エバーテイル"
21:00,165,1528941310,"ダダサバイバー"
21:00,166,6464543369,"コナステ メダルコーナー | コナミの メダルゲームが遊べる"
21:00,167,6740043080,"Screwdom : ボルトパズルゲーム"
21:00,168,6754003671,"カードキャプターさくら：思い出の鍵"
21:00,169,1510097347,"ザ・スパイク・クロス"
21:00,170,1483058899,"プロジェクトメイクオーバー Project Makeover"
21:00,171,6450660247,"黒子のバスケ Street Rivals"
21:00,172,6737189862,"サベージ・サバイバル：恐竜の咆哮"
21:00,173,1474209512,"LIVE A HERO"
21:00,174,1032346221,"妖怪ウォッチ ぷにぷに"
21:00,175,6738469826,"この監獄ほんmoneyすぎんご"
21:00,176,6502820653,"アーチャー伝説2"
21:00,177,6503284107,"オールインホール (All in Hole)"
21:00,178,6753738566,"HUNTER×HUNTER NEN×SURVIVOR"
21:00,179,934745962,"駅メモ！ - ステーションメモリーズ！-"
21:00,180,6756044415,"今生は恋より茶に生きる"
21:00,181,529479190,"クラッシュ・オブ・クラン (Clash of Clans)"
21:00,182,6445884108,"ツリーオブセイヴァー：ネバーランド"
21:00,183,6741672573,"恋姫†大戦"
21:00,184,895761422,"LINE バブル2"
21:00,185,6752642477,"アークナイツ：エンドフィールド"
21:00,186,1489909693,"[日向坂46公式] ひなこい"
21:00,187,6749251466,"クッキーラン：クランブル - 放置系RPG"
21:00,188,1356980152,"スロットセブン：ジャックポットワールド、パチスロ、カジノ"
21:00,189,6476969262,"18TRIP （エイトリ）"
21:00,190,668300448,"SunVy Poker - サンビ・ポーカー"
21:00,191,6462012491,"ぽちゃガチョ！"
21:00,192,1568415097,"The Ants: Underground Kingdom"
21:00,193,1391483863,"旦那様の一発逆転人生"
21:00,194,963073142,"あんさんぶるスターズ！！Basic"
21:00,195,953790507,"城とドラゴン"
21:00,196,6450412255,"SUPERSTAR EBiDAN"
21:00,197,1512321575,"Pokémon UNITE"
21:00,198,1158967485,"ヒーローウォーズ：アライアンス — アクションバトルにRPG"
21:00,199,1578816591,"麻雀一番街 × ダンガンロンパ"
21:00,200,496801169,"将棋ウォーズ"
23:30,1,1117270703,"eFootball™"
23:30,2,6479970832,"Pokémon TCG Pocket"
23:30,3,6756641135,"ホロライブドリームス"
23:30,4,940320341,"プロ野球スピリッツＡ"
23:30,5,1606356401,"ゼンレスゾーンゼロ - アニバーサリー"
23:30,6,658511662,"モンスターストライク"
23:30,7,1494428618,"あんさんぶるスターズ！！Music"
23:30,8,6692611665,"SDガンダム ジージェネレーション エターナル"
23:30,9,6443575749,"ホワイトアウト・サバイバル"
23:30,10,547145938,"にゃんこ大戦争"
23:30,11,6448786147,"ラストウォー：サバイバル"
23:30,12,6446659989,"学園アイドルマスター"
23:30,13,6475033368,"鳴潮 - 玄方地界へ"
23:30,14,6739554561,"信長の野望 真戦"
23:30,15,1623318294,"ゴシップハーバー：マージ & ストーリー"
23:30,16,1322310031,"ONE PIECE バウンティラッシュ - アクションゲーム"
23:30,17,1176027022,"トゥーンブラスト"
23:30,18,1482155847,"ロイヤルマッチ（Royal Match)"
23:30,19,6756994116,"イナズマイレブン クロス"
23:30,20,951627670,"ドラゴンボールZ ドッカンバトル"
23:30,21,1325457827,"ウマ娘 プリティーダービー"
23:30,22,6739554056,"キングショット"
23:30,23,1164400646,"#コンパス【戦闘摂理解析システム】"
23:30,24,1515877221,"ブルーアーカイブ"
23:30,25,852882903,"グランブルーファンタジー"
23:30,26,1517980891,"パズル&サバイバル"
23:30,27,1477455989,"ディズニー ツイステッドワンダーランド"
23:30,28,6754311241,"無職転生 〜異世界行ったら本気だす〜 【クロエコ】"
23:30,29,1094591345,"Pokémon GO"
23:30,30,1585915174,"勝利の女神：NIKKE"
23:30,31,1273064549,"eFootball™ウイコレ CHAMPION SQUADS"
23:30,32,1663423521,"Wizardry Variants Daphne"
23:30,33,888615473,"LINE ポコポコ：3マッチパズルゲーム"
23:30,34,1105855019,"ガーデンスケイプ (Gardenscapes)"
23:30,35,493470467,"パズル＆ドラゴンズ"
23:30,36,1619722298,"信長の野望 覇道"
23:30,37,1599719154,"崩壊：スターレイル"
23:30,38,638689075,"タウンシップ (Township)"
23:30,39,6503272652,"ラストZ：サバイバルシューティング"
23:30,40,1565488936,"転生したらスライムだった件 魔王と竜の建国譚【まおりゅう】"
23:30,41,6471045672,"グルメ・ジャーニー"
23:30,42,724594093,"LINE：ディズニー ツムツム"
23:30,43,6639605332,"パラノイズ"
23:30,44,895687962,"白猫プロジェクト"
23:30,45,1358232022,"ドラゴンボール レジェンズ"
23:30,46,1478990007,"アークナイツ"
23:30,47,1442061397,"Pokémon Masters EX"
23:30,48,1312031248,"荒野行動-スマホ版バトロワ"
23:30,49,1439417234,"ドラゴンクエストウォーク 歩く楽しみが増える位置情報ゲーム"
23:30,50,6738163891,"ヴァンピール(VAMPIR)"
23:30,51,1478829750,"デュエル・マスターズ プレイス"
23:30,52,6754593077,"NTE: Neverness to Everness"
23:30,53,6475757306,"Disney Solitaire ディズニー ソリティア"
23:30,54,938506958,"実況パワフルプロ野球"
23:30,55,6748930656,"ゼンレスゾーンゼロ・クラウド版 - アニバーサリー"
23:30,56,1195621598,"ホームスケイプ (Homescapes)"
23:30,57,6472019540,"Shadowverse: Worlds Beyond"
23:30,58,1229016807,"ブロスタ"
23:30,59,6443755785,"シーサイド エスケープ：マージ & ストーリー"
23:30,60,6502942931,"P5X ペルソナ５: The Phantom X"
23:30,61,1606549505,"ロイヤルキングダム (Royal Kingdom)"
23:30,62,1489932710,"プロジェクトセカイ カラフルステージ！ feat. 初音ミク"
23:30,63,1672017627,"信長の野望 出陣"
23:30,64,1453840513,"東京ディバンカー"
23:30,65,1376515087,"Age of Origins---ゾンビ・末日戦記"
23:30,66,1211123727,"放置少女 - 百花繚乱の萌姫たち"
23:30,67,1347780764,"Identity V"
23:30,68,664575829,"フィッシュダム(Fishdom)"
23:30,69,1015521325,"Fate/Grand Order"
23:30,70,6746151928,"ハートピアスローライフ"
23:30,71,6755455500,"ハリウッドマージ"
23:30,72,6747736697,"ドラゴンクエストスマッシュグロウ ドラクエローグライトRPG"
23:30,73,553834731,"キャンディークラッシュ"
23:30,74,1629373124,"陰の実力者になりたくて！マスターオブガーデン"
23:30,75,1643509748,"マージクッキング テーマレストラン"
23:30,76,6480167901,"魔法少女まどかマギカ Magia Exedra"
23:30,77,824116884,"ONE PIECE トレジャークルーズ"
23:30,78,1579464667,"Pokémon Sleep"
23:30,79,1298368256,"コトダマン-共闘ことばRPG"
23:30,80,6475892450,"キングダム 頂天"
23:30,81,595291824,"ぷよぷよ‼クエスト(ぷよクエ)_簡単爽快パズルRPGゲーム"
23:30,82,1195834442,"バンドリ！ ガールズバンドパーティ！"
23:30,83,1268959718,"七つの大罪 光と闇の交戦 : グラクロ"
23:30,84,1469186379,"雀魂 -じゃんたま-"
23:30,85,666206963,"セガNET麻雀 MJ"
23:30,86,1366526331,"PUBG MOBILE - 世界一のバトルロイヤル！"
23:30,87,6744011639,"BRAVE FRONTIER LEGION"
23:30,88,1611490041,"メメントモリ"
23:30,89,6450099588,"ブラウンダスト２ 胸いっぱいのRPG"
23:30,90,1537365865,"商人放浪記"
23:30,91,6741469353,"プロサッカークラブをつくろう！"
23:30,92,6737974657,"キングダム 覇道"
23:30,93,1551798277,"呪術廻戦 ファントムパレード"
23:30,94,6596745408,"ちいかわぽけっと"
23:30,95,6479391944,"トリッカル・もちもちほっペ大作戦"
23:30,96,479516143,"Minecraft: クラフト、建築、サバイバル"
23:30,97,6590616375,"eBaseball™: MLB PRO SPIRIT"
23:30,98,1517783697,"原神～空月の歌～"
23:30,99,6503603603,"ミステリータウン：マージゲーム (Mystery Town)"
23:30,100,1556357398,"Pikmin Bloom"
23:30,101,1287282214,"Call of Duty®: Mobile"
23:30,102,6450953550,"トップヒーローズ: キングダムサーガ"
23:30,103,6740199677,"杖と剣の伝説"
23:30,104,6756247422,"デジモンUP"
23:30,105,985100673,"逆転オセロニア"
23:30,106,1134429300,"プリンセスコネクト！Re:Dive"
23:30,107,6745806124,"ドットアビス"
23:30,108,6445906110,"モンスターハンターNow"
23:30,109,1516559313,"ドラゴンクエストタクト ドラクエのタクティクスRPG"
23:30,110,1481318779,"三國志 覇道"
23:30,111,1484442152,"マージマンション : パズル & ストーリー"
23:30,112,866037912,"FINAL FANTASY Record Keeper"
23:30,113,6743686945,"逆水寒"
23:30,114,6480398822,"DDFF-ファイナルファンタジーのオールスター共闘アクション"
23:30,115,1631984107,"ブルーロック Project: World Champion"
23:30,116,1449539696,"Jリーグクラブチャンピオンシップ"
23:30,117,6758927408,"弱虫ペダル レゾナンス・ぺダイズム"
23:30,118,1044505314,"刀剣乱舞ONLINE"
23:30,119,1443710980,"スーパーロボット大戦DD"
23:30,120,6749109552,"X-Clash: サバイバル"
23:30,121,6742937695,"ペタペタペンギン団"
23:30,122,6502326151,"カオスゼロナイトメア"
23:30,123,1020109860,"ゴールデンホイヤー スロット〜パチンコ·パチスロカジノゲーム"
23:30,124,1053012308,"クラッシュ・ロワイヤル (Clash Royale)"
23:30,125,1098157959,"エボニー - 王の帰還"
23:30,126,852912420,"サマナーズウォー X 葬送のフリーレン"
23:30,127,6746465127,"セルサバイバー - シューティングゲーム"
23:30,128,1545088576,"777Real(777リアル) パチンコ･パチスロアプリ"
23:30,129,1489909693,"[日向坂46公式] ひなこい"
23:30,130,1662742277,"俺だけレベルアップな件：Arise（俺アラ）"
23:30,131,1208396151,"キングダム 乱 -天下統一への道- 究極の戦略・戦争ゲーム"
23:30,132,6768208688,"勇者連盟：暁の遠征"
23:30,133,6449094229,"マッチファクトリー(Match Factory)!"
23:30,134,6461049770,"鈴蘭の剣"
23:30,135,6741503079,"Pokémon Champions"
23:30,136,1554247785,"遊戯王 マスターデュエル"
23:30,137,6618142292,"フランベシェフ：マージ＆クッキング"
23:30,138,1003168863,"BLEACH Brave Souls アニメゲーム"
23:30,139,6502582397,"ラグナロクX"
23:30,140,1533946351,"ドルフィンウェーブ"
23:30,141,1521236603,"Travel Town - マージアドベンチャー"
23:30,142,6743205891,"聖霊伝説：最強への道"
23:30,143,985900455,"ドラゴンエッグ　仲間との出会い"
23:30,144,1462117269,"Sky 星を紡ぐ子どもたち"
23:30,145,6761041344,"ドット伝説～魔王になる異世界放置RPG～"
23:30,146,1575830891,"コードギアス 反逆のルルーシュ　ロストストーリーズ"
23:30,147,6444487398,"マジックカード：Locked Rings"
23:30,148,6756989323,"ラストアサイラム：プレイグ"
23:30,149,1479198816,"トップウォー"
23:30,150,6670441558,"Dark War:Survival"
23:30,151,1576831351,"ヘブンバーンズレッド"
23:30,152,6736896540,"ハローキティ：マイドリームストア"
23:30,153,6654894830,"星の翼"
23:30,154,6504332779,"Color Block Jam"
23:30,155,1447239134,"Ash Tale-風の大陸-"
23:30,156,6738109752,"タイルズ・サバイバル"
23:30,157,6444043291,"Domino Dreams™"
23:30,158,1245550834,"アリス・ギア・アイギス"
23:30,159,6754603435,"どうぶつの花屋 - 本物のお花をお届け！"
23:30,160,6742122160,"TopTop(トップトップ): サクッと遊んで、パッと友達"
23:30,161,1032346221,"妖怪ウォッチ ぷにぷに"
23:30,162,6755585789,"チート勇者～インベントリ攻略ゲー～RPG"
23:30,163,878506376,"LINE POP2 - 簡単マッチ3パズルゲーム"
23:30,164,1528941310,"ダダサバイバー"
23:30,165,6473767344,"キノコ伝説：勇者と魔法のランプ"
23:30,166,6737189862,"サベージ・サバイバル：恐竜の咆哮"
23:30,167,6752672568,"Block Out! - Color Sort Puzzle"
23:30,168,767265270,"LINE レンジャー×アニメ『怪獣８号』コラボ"
23:30,169,6747801226,"ドラゲナイ：竜騎士学園"
23:30,170,6464543369,"コナステ メダルコーナー | コナミの メダルゲームが遊べる"
23:30,171,1263365153,"エバーテイル"
23:30,172,6740043080,"Screwdom : ボルトパズルゲーム"
23:30,173,1181774280,"ファイアーエムブレム ヒーローズ"
23:30,174,1483058899,"プロジェクトメイクオーバー Project Makeover"
23:30,175,963073142,"あんさんぶるスターズ！！Basic"
23:30,176,1483025097,"Rise of Kingdoms ―万国覚醒―"
23:30,177,1474209512,"LIVE A HERO"
23:30,178,6754003671,"カードキャプターさくら：思い出の鍵"
23:30,179,6450942642,"[櫻坂46公式] サクコイ"
23:30,180,6753738566,"HUNTER×HUNTER NEN×SURVIVOR"
23:30,181,492075888,"暴走列伝 単車の虎"
23:30,182,1510097347,"ザ・スパイク・クロス"
23:30,183,6476969262,"18TRIP （エイトリ）"
23:30,184,6738469826,"この監獄ほんmoneyすぎんご"
23:30,185,6749251466,"クッキーラン：クランブル - 放置系RPG"
23:30,186,529479190,"クラッシュ・オブ・クラン (Clash of Clans)"
23:30,187,953790507,"城とドラゴン"
23:30,188,895761422,"LINE バブル2"
23:30,189,6503284107,"オールインホール (All in Hole)"
23:30,190,6756044415,"今生は恋より茶に生きる"
23:30,191,6450660247,"黒子のバスケ Street Rivals"
23:30,192,6445884108,"ツリーオブセイヴァー：ネバーランド"
23:30,193,6502820653,"アーチャー伝説2"
23:30,194,6741672573,"恋姫†大戦"
23:30,195,1356980152,"スロットセブン：ジャックポットワールド、パチスロ、カジノ"
23:30,196,6752642477,"アークナイツ：エンドフィールド"
23:30,197,6462012491,"ぽちゃガチョ！"
23:30,198,6450821837,"レスレリアーナのアトリエ"
23:30,199,934745962,"駅メモ！ - ステーションメモリーズ！-"
23:30,200,668300448,"SunVy Poker - サンビ・ポーカー"
