time,rank,id,title
01:30,1,6759763476,"Bus Traffic Fever!"
01:30,2,6761760135,"Meowdoku!"
01:30,3,6746180100,"幻想水滸伝 STAR LEAP"
01:30,4,6758648051,"僕のヒーローアカデミアUNITED SURVIVAL"
01:30,5,6596745408,"ちいかわぽけっと"
01:30,6,6741567125,"モンスターサバイバル"
01:30,7,6751222389,"NBAダンクシティ"
01:30,8,6771681142,"漢字分解パズル"
01:30,9,6741503079,"Pokémon Champions"
01:30,10,6748084174,"Smash Fest!"
01:30,11,1617391485,"ブロックブラスト (Block Blast)"
01:30,12,6755455500,"ハリウッドマージ"
01:30,13,6752672568,"Block Out! - Color Sort Puzzle"
01:30,14,6762239563,"意味怖ストーリー：バッドエンドを回避せよ！"
01:30,15,6759081967,"Jewel Coloring"
01:30,16,6471045672,"グルメ・ジャーニー"
01:30,17,6742122160,"TopTop(トップトップ): サクッと遊んで、パッと友達"
01:30,18,6759817762,"Titan Rush: Survival"
01:30,19,6756641135,"ホロライブドリームス"
01:30,20,6443575749,"ホワイトアウト・サバイバル"
01:30,21,6639605332,"パラノイズ"
01:30,22,431946152,"Roblox (ロブロックス)"
01:30,23,1529747588,"どこでもパーティーゲーム「どこパ」：ワードウルフオンライン"
01:30,24,6499209744,"マジックソート (Magic Sort!)"
01:30,25,6749109552,"X-Clash: サバイバル"
01:30,26,1117270703,"eFootball™"
01:30,27,6748397500,"Arrows – Puzzle Escape"
01:30,28,1482155847,"ロイヤルマッチ（Royal Match)"
01:30,29,6780891673,"Royal Smash! - Physics Puzzle"
01:30,30,6483539426,"フォートナイト"
01:30,31,6754311241,"無職転生 〜異世界行ったら本気だす〜 【クロエコ】"
01:30,32,6758080238,"トリミン2！-トリッキーミーン2 いじわる脳トレパズルゲーム"
01:30,33,6739554056,"キングショット"
01:30,34,1623318294,"ゴシップハーバー：マージ & ストーリー"
01:30,35,6757748602,"終焉のヒカリ"
01:30,36,638689075,"タウンシップ (Township)"
01:30,37,1229016807,"ブロスタ"
01:30,38,6761818626,"エンドレスフロンティア2 放置RPG ディフェンス"
01:30,39,6756185760,"Search It - Hidden Objects"
01:30,40,1094591345,"Pokémon GO"
01:30,41,6751537447,"Snake Puzzle: Slither to Eat!"
01:30,42,6784572173,"買い物うさぎ by クラシル"
01:30,43,6746465127,"セルサバイバー - シューティングゲーム"
01:30,44,6479970832,"Pokémon TCG Pocket"
01:30,45,6477413486,"Level Devil - NOT A Troll Game"
01:30,46,6742937695,"ペタペタペンギン団"
01:30,47,724594093,"LINE：ディズニー ツムツム"
01:30,48,1606549505,"ロイヤルキングダム (Royal Kingdom)"
01:30,49,1312031248,"荒野行動-スマホ版バトロワ"
01:30,50,6756058501,"Jelly Busters: パズルゲーム"
01:30,51,6757671759,"Water Sort Puzzle - Order Up"
01:30,52,6737022506,"ねじねじパズル"
01:30,53,6769314786,"Food Hunt: Pixel Puzzle"
01:30,54,6757832779,"3D Colorful Sort™ 魔法の水"
01:30,55,1423046460,"Paper.io 2"
01:30,56,6759997224,"巡回中！即タイホ！"
01:30,57,6505095234,"Car Jam - バスストップ ジャムゲーム"
01:30,58,6744975195,"Sled Surfers - ファーズ - 坂冒険"
01:30,59,6753862216,"フードスター（Foodstars）:マージ & クック"
01:30,60,1351168404,"Among Us!"
01:30,61,1222278363,"ワードウルフ決定版【新・人狼ゲーム】ワード人狼アプリ"
01:30,62,1443446174,"魔法のタイルズ 3™: 音ゲー ピアノタイル"
01:30,63,6748950306,"ソリティア：パズルゲーム 脳トレ カードゲーム 暇つぶし連想"
01:30,64,6762342518,"Fluffy Drop"
01:30,65,6689516366,"バスゲーム：カーパーキング・バスゲーム"
01:30,66,6475757306,"Disney Solitaire ディズニー ソリティア"
01:30,67,6747736697,"ドラゴンクエストスマッシュグロウ ドラクエローグライトRPG"
01:30,68,6764201639,"にゃんこ銃士：放置育成RPG"
01:30,69,6791525847,"Slow Mo Strike: ナイフ投げアクション"
01:30,70,6448104157,"オフラインゲーム - 暇つぶし ゲーム - パズルゲーム"
01:30,71,6787983567,"価値ズレ！ - 価値観協力オンラインゲーム"
01:30,72,1569776448,"カラーソートボトルパズル色分けゲーム: Get Color"
01:30,73,664575829,"フィッシュダム(Fishdom)"
01:30,74,1044039663,"みんなで早押しクイズ"
01:30,75,1638139403,"ブロッククラッシュ (Block Crush)"
01:30,76,6760957454,"脱出ゲーム アムステルダム"
01:30,77,6762267809,"Arrow Pro 3D"
01:30,78,6767091927,"ジグソードロップ：ソリティアパズル"
01:30,79,6499306806,"グッズソーティング3D：マッチゲーム"
01:30,80,1469186379,"雀魂 -じゃんたま-"
01:30,81,658511662,"モンスターストライク"
01:30,82,6451399876,"Delta Force"
01:30,83,1517980891,"パズル&サバイバル"
01:30,84,6503272652,"ラストZ：サバイバルシューティング"
01:30,85,6753668357,"LINE：ブロックジャム"
01:30,86,6757140488,"Sand Blocks: Drop Puzzle"
01:30,87,547145938,"にゃんこ大戦争"
01:30,88,1491074310,"Tetris® - テトリス (公式ゲーム)"
01:30,89,6776146068,"[777Real] A-SLOT+ 異世界かるてっと BT"
01:30,90,6756247422,"デジモンUP"
01:30,91,6749300334,"ネジ3Dパズル：ピンを外すゲーム"
01:30,92,1032346221,"妖怪ウォッチ ぷにぷに"
01:30,93,6760325543,"ArrowCube - 3DPuzzle"
01:30,94,6746743297,"Bus Fever-Car Jam Escape"
01:30,95,1479198816,"トップウォー"
01:30,96,6747957875,"Family Go! - 結婚・子育て・世代継承"
01:30,97,6743385713,"毛糸クラッシュ - パーキングゲーム バスのゲーム"
01:30,98,1415478437,"NicoFlick - フリック入力リズムゲーム"
01:30,99,6503603603,"ミステリータウン：マージゲーム (Mystery Town)"
01:30,100,1276424024,"オンクレならタイクレ！オンラインクレーンゲーム(オンクレ)"
01:30,101,6746328263,"Castle Busters"
01:30,102,6478063606,"カラーブロック コンボブラスト"
01:30,103,6755183085,"Yarn Loop: Knit Puzzle"
01:30,104,6756989323,"ラストアサイラム：プレイグ"
01:30,105,1579464667,"Pokémon Sleep"
01:30,106,6756482832,"Brain Puzzle 3: Crazy Mind"
01:30,107,1173389241,"どうぶつタワーバトル - オンライン対戦ゲーム"
01:30,108,1489932710,"プロジェクトセカイ カラフルステージ！ feat. 初音ミク"
01:30,109,1193508329,"ナンプレ - 数字パズルゲーム"
01:30,110,6760453970,"ダメ恋-闇カレコレクション"
01:30,111,6761100469,"Tricky Puzzle 2: 脳力テスト"
01:30,112,6754370732,"耳だけ捜査線 - 暇つぶし論理パズルゲーム"
01:30,113,6749251466,"クッキーラン：クランブル - 放置系RPG"
01:30,114,6755585789,"チート勇者～インベントリ攻略ゲー～RPG"
01:30,115,6788498566,"Gartic Phone"
01:30,116,6754558455,"Marble Sort!"
01:30,117,6740043080,"Screwdom : ボルトパズルゲーム"
01:30,118,6740618570,"XP Hero(ヒーロー)): まずは世界観をのぞいてみて"
01:30,119,6787609279,"Hide in Art - かくれんぼ"
01:30,120,1643509748,"マージクッキング テーマレストラン"
01:30,121,6756307486,"Cube Tap Sort"
01:30,122,1601400687,"2人でできるゲーム - マルチプレイ 対戦ゲーム"
01:30,123,6749132002,"落ちにゃん！(Drop the Cat)"
01:30,124,6779167923,"Colony Flow!"
01:30,125,1458758886,"イラストチェイナー - 絵しりとりオンラインお絵描きアプリ"
01:30,126,6767834940,"トップロード"
01:30,127,6476597728,"EDGE POKER (エッジポーカー)"
01:30,128,6782923681,"MiloDrop YaraTube"
01:30,129,1389111413,"Hole.io"
01:30,130,1573133915,"ルーレット - 迷った時の抽選・くじ引きアプリ（るーれっと）"
01:30,131,6756288168,"Cookingo: Perfect Meal"
01:30,132,1113270962,"みんなのオセロ【公式】オンライン対戦も遊べるオセロ対戦ゲーム"
01:30,133,6748996000,"ねこ旅"
01:30,134,6736896540,"ハローキティ：マイドリームストア"
01:30,135,6769683163,"霊界大作戦"
01:30,136,1344700142,"UNO!™"
01:30,137,6745772198,"ダイトモ"
01:30,138,1088626624,"無料ゲーム-迷った時のルーレット ランチや罰ゲーム抽選"
01:30,139,940320341,"プロ野球スピリッツＡ"
01:30,140,6760801577,"[グリパチ]ロボスキーI"
01:30,141,6504332779,"Color Block Jam"
01:30,142,1486214495,"ブレインテスト(Brain Test)：ひっかけパズル"
01:30,143,6747492600,"麻雀ブラスト (Mahjong Blast)"
01:30,144,6477417866,"価値観ゲーム Yappi ヤッピ  おもしろボードゲーム"
01:30,145,6756994116,"イナズマイレブン クロス"
01:30,146,6797465106,"脱出ゲーム｜小鳥のいる部屋"
01:30,147,1105855019,"ガーデンスケイプ (Gardenscapes)"
01:30,148,6744049261,"Block Color Mania, Puzzle Game"
01:30,149,6473767344,"キノコ伝説：勇者と魔法のランプ"
01:30,150,6760994244,"テイペンサバイバー"
01:30,151,1465731199,"2 Player Games : the Challenge"
01:30,152,6758326278,"Amaze GO! - 矢印 パズル"
01:30,153,1550945606,"サッカースーパースター - サッカー"
01:30,154,967906866,"ユニメモ"
01:30,155,6738109752,"タイルズ・サバイバル"
01:30,156,1545088576,"777Real(777リアル) パチンコ･パチスロアプリ"
01:30,157,6642698438,"ウッドパズル：Screw ネジ外すゲーム  - 人気 脳トレ"
01:30,158,6739554561,"信長の野望 真戦"
01:30,159,1176027022,"トゥーンブラスト"
01:30,160,6468921495,"ヴィータ麻雀(Vita Mahjong)"
01:30,161,6760389476,"Color Puzzle Jam - バスゲーム 車のジャム"
01:30,162,1562817072,"Mob Control"
01:30,163,6785835684,"脱出ゲーム　夏休み　　　　新作のEscape Room謎解き"
01:30,164,1554440792,"Hit＆Blowオンライン（ヒットアンドブロー）"
01:30,165,6469306922,"数学パズルゲーム — ナンバーマッチ, クロスワード"
01:30,166,6443755785,"シーサイド エスケープ：マージ & ストーリー"
01:30,167,6751788348,"Water Match®- ASMR Water Sort"
01:30,168,6749558327,"Water Jam：3Dカラー分類ゲーム"
01:30,169,1521236603,"Travel Town - マージアドベンチャー"
01:30,170,1597897013,"Water Sort Puzzle - ソートパズルゲーム"
01:30,171,6754559095,"E.D.E.N：最終防衛線"
01:30,172,6749558825,"Water Sort - 色分けパズル"
01:30,173,6499293031,"ネジマッチ - ネジ外し ナットズルゲーム"
01:30,174,6754098532,"ラッシュ：エクストリーム (RUSH: Xtreme)"
01:30,175,1536427424,"ゴッドフィールド"
01:30,176,6751222488,"Order Crazy:  飲み物ソートマッチ 色とりパズル"
01:30,177,6503284107,"オールインホール (All in Hole)"
01:30,178,895700579,"大富豪 Online"
01:30,179,6449243946,"スネーククラッシュ (Snake Clash)"
01:30,180,529996768,"Bingo Blitz™ - ビンゴゲーム"
01:30,181,6761523148,"Flower Forest - ワードパズル"
01:30,182,1287282214,"Call of Duty®: Mobile"
01:30,183,1556357398,"Pikmin Bloom"
01:30,184,6755861844,"確認させてください"
01:30,185,6779478739,"Romantic Nuts & Bolts Sorting"
01:30,186,6760751569,"Goods Sort Match - Sorting Fun"
01:30,187,1606703142,"Tic Tac Toe - まるばつゲーム チックタックトー"
01:30,188,6746435822,"バグハン！"
01:30,189,6751056652,"Pixel Flow!"
01:30,190,1249924192,"青鬼"
01:30,191,1340841589,"ナンバーパズル - 数字ジグソーパズルゲーム 人気"
01:30,192,6755670637,"Jigsort™: Solitaire"
01:30,193,1621929351,"単語サバイバル -暇つぶし脳トレ言葉ゲーム-"
01:30,194,6466620626,"フルーツ飴の達人 - ドバイもち、パフェ、ASMR、モッパン"
01:30,195,1671991909,"数学パズルゲーム - クロスマス"
01:30,196,1611490041,"メメントモリ"
01:30,197,6739246483,"ホール・エム・オール (Hole Em All)"
01:30,198,1597760047,"OneState RP・オンラインのオープンワールド"
01:30,199,1617304787,"フリック対戦 オンライン"
01:30,200,433622275,"人狼ゲーム ""牢獄の悪夢"""
02:30,1,6759763476,"Bus Traffic Fever!"
02:30,2,6761760135,"Meowdoku!"
02:30,3,6746180100,"幻想水滸伝 STAR LEAP"
02:30,4,6758648051,"僕のヒーローアカデミアUNITED SURVIVAL"
02:30,5,6596745408,"ちいかわぽけっと"
02:30,6,6741567125,"モンスターサバイバル"
02:30,7,6751222389,"NBAダンクシティ"
02:30,8,6771681142,"漢字分解パズル"
02:30,9,6741503079,"Pokémon Champions"
02:30,10,6748084174,"Smash Fest!"
02:30,11,1617391485,"ブロックブラスト (Block Blast)"
02:30,12,6755455500,"ハリウッドマージ"
02:30,13,6752672568,"Block Out! - Color Sort Puzzle"
02:30,14,6762239563,"意味怖ストーリー：バッドエンドを回避せよ！"
02:30,15,6759081967,"Jewel Coloring"
02:30,16,6471045672,"グルメ・ジャーニー"
02:30,17,6742122160,"TopTop(トップトップ): サクッと遊んで、パッと友達"
02:30,18,6759817762,"Titan Rush: Survival"
02:30,19,6756641135,"ホロライブドリームス"
02:30,20,6443575749,"ホワイトアウト・サバイバル"
02:30,21,6639605332,"パラノイズ"
02:30,22,431946152,"Roblox (ロブロックス)"
02:30,23,1529747588,"どこでもパーティーゲーム「どこパ」：ワードウルフオンライン"
02:30,24,6499209744,"マジックソート (Magic Sort!)"
02:30,25,6749109552,"X-Clash: サバイバル"
02:30,26,1117270703,"eFootball™"
02:30,27,6748397500,"Arrows – Puzzle Escape"
02:30,28,1482155847,"ロイヤルマッチ（Royal Match)"
02:30,29,6780891673,"Royal Smash! - Physics Puzzle"
02:30,30,6483539426,"フォートナイト"
02:30,31,6754311241,"無職転生 〜異世界行ったら本気だす〜 【クロエコ】"
02:30,32,6758080238,"トリミン2！-トリッキーミーン2 いじわる脳トレパズルゲーム"
02:30,33,6739554056,"キングショット"
02:30,34,1623318294,"ゴシップハーバー：マージ & ストーリー"
02:30,35,6757748602,"終焉のヒカリ"
02:30,36,638689075,"タウンシップ (Township)"
02:30,37,1229016807,"ブロスタ"
02:30,38,6761818626,"エンドレスフロンティア2 放置RPG ディフェンス"
02:30,39,6756185760,"Search It - Hidden Objects"
02:30,40,1094591345,"Pokémon GO"
02:30,41,6751537447,"Snake Puzzle: Slither to Eat!"
02:30,42,6784572173,"買い物うさぎ by クラシル"
02:30,43,6746465127,"セルサバイバー - シューティングゲーム"
02:30,44,6479970832,"Pokémon TCG Pocket"
02:30,45,6477413486,"Level Devil - NOT A Troll Game"
02:30,46,6742937695,"ペタペタペンギン団"
02:30,47,724594093,"LINE：ディズニー ツムツム"
02:30,48,1606549505,"ロイヤルキングダム (Royal Kingdom)"
02:30,49,1312031248,"荒野行動-スマホ版バトロワ"
02:30,50,6756058501,"Jelly Busters: パズルゲーム"
02:30,51,6757671759,"Water Sort Puzzle - Order Up"
02:30,52,6737022506,"ねじねじパズル"
02:30,53,6769314786,"Food Hunt: Pixel Puzzle"
02:30,54,6757832779,"3D Colorful Sort™ 魔法の水"
02:30,55,1423046460,"Paper.io 2"
02:30,56,6759997224,"巡回中！即タイホ！"
02:30,57,6505095234,"Car Jam - バスストップ ジャムゲーム"
02:30,58,6744975195,"Sled Surfers - ファーズ - 坂冒険"
02:30,59,6753862216,"フードスター（Foodstars）:マージ & クック"
02:30,60,1351168404,"Among Us!"
02:30,61,1222278363,"ワードウルフ決定版【新・人狼ゲーム】ワード人狼アプリ"
02:30,62,1443446174,"魔法のタイルズ 3™: 音ゲー ピアノタイル"
02:30,63,6748950306,"ソリティア：パズルゲーム 脳トレ カードゲーム 暇つぶし連想"
02:30,64,6762342518,"Fluffy Drop"
02:30,65,6689516366,"バスゲーム：カーパーキング・バスゲーム"
02:30,66,6475757306,"Disney Solitaire ディズニー ソリティア"
02:30,67,6747736697,"ドラゴンクエストスマッシュグロウ ドラクエローグライトRPG"
02:30,68,6764201639,"にゃんこ銃士：放置育成RPG"
02:30,69,6791525847,"Slow Mo Strike: ナイフ投げアクション"
02:30,70,6448104157,"オフラインゲーム - 暇つぶし ゲーム - パズルゲーム"
02:30,71,6787983567,"価値ズレ！ - 価値観協力オンラインゲーム"
02:30,72,1569776448,"カラーソートボトルパズル色分けゲーム: Get Color"
02:30,73,664575829,"フィッシュダム(Fishdom)"
02:30,74,1044039663,"みんなで早押しクイズ"
02:30,75,1638139403,"ブロッククラッシュ (Block Crush)"
02:30,76,6760957454,"脱出ゲーム アムステルダム"
02:30,77,6762267809,"Arrow Pro 3D"
02:30,78,6767091927,"ジグソードロップ：ソリティアパズル"
02:30,79,6499306806,"グッズソーティング3D：マッチゲーム"
02:30,80,1469186379,"雀魂 -じゃんたま-"
02:30,81,658511662,"モンスターストライク"
02:30,82,6451399876,"Delta Force"
02:30,83,1517980891,"パズル&サバイバル"
02:30,84,6503272652,"ラストZ：サバイバルシューティング"
02:30,85,6753668357,"LINE：ブロックジャム"
02:30,86,6757140488,"Sand Blocks: Drop Puzzle"
02:30,87,547145938,"にゃんこ大戦争"
02:30,88,1491074310,"Tetris® - テトリス (公式ゲーム)"
02:30,89,6776146068,"[777Real] A-SLOT+ 異世界かるてっと BT"
02:30,90,6756247422,"デジモンUP"
02:30,91,6749300334,"ネジ3Dパズル：ピンを外すゲーム"
02:30,92,1032346221,"妖怪ウォッチ ぷにぷに"
02:30,93,6760325543,"ArrowCube - 3DPuzzle"
02:30,94,6746743297,"Bus Fever-Car Jam Escape"
02:30,95,1479198816,"トップウォー"
02:30,96,6747957875,"Family Go! - 結婚・子育て・世代継承"
02:30,97,6743385713,"毛糸クラッシュ - パーキングゲーム バスのゲーム"
02:30,98,1415478437,"NicoFlick - フリック入力リズムゲーム"
02:30,99,6503603603,"ミステリータウン：マージゲーム (Mystery Town)"
02:30,100,1276424024,"オンクレならタイクレ！オンラインクレーンゲーム(オンクレ)"
02:30,101,6746328263,"Castle Busters"
02:30,102,6478063606,"カラーブロック コンボブラスト"
02:30,103,6755183085,"Yarn Loop: Knit Puzzle"
02:30,104,6756989323,"ラストアサイラム：プレイグ"
02:30,105,1579464667,"Pokémon Sleep"
02:30,106,6756482832,"Brain Puzzle 3: Crazy Mind"
02:30,107,1173389241,"どうぶつタワーバトル - オンライン対戦ゲーム"
02:30,108,1489932710,"プロジェクトセカイ カラフルステージ！ feat. 初音ミク"
02:30,109,1193508329,"ナンプレ - 数字パズルゲーム"
02:30,110,6760453970,"ダメ恋-闇カレコレクション"
02:30,111,6761100469,"Tricky Puzzle 2: 脳力テスト"
02:30,112,6754370732,"耳だけ捜査線 - 暇つぶし論理パズルゲーム"
02:30,113,6749251466,"クッキーラン：クランブル - 放置系RPG"
02:30,114,6755585789,"チート勇者～インベントリ攻略ゲー～RPG"
02:30,115,6788498566,"Gartic Phone"
02:30,116,6754558455,"Marble Sort!"
02:30,117,6740043080,"Screwdom : ボルトパズルゲーム"
02:30,118,6740618570,"XP Hero(ヒーロー)): まずは世界観をのぞいてみて"
02:30,119,6787609279,"Hide in Art - かくれんぼ"
02:30,120,1643509748,"マージクッキング テーマレストラン"
02:30,121,6756307486,"Cube Tap Sort"
02:30,122,1601400687,"2人でできるゲーム - マルチプレイ 対戦ゲーム"
02:30,123,6749132002,"落ちにゃん！(Drop the Cat)"
02:30,124,6779167923,"Colony Flow!"
02:30,125,1458758886,"イラストチェイナー - 絵しりとりオンラインお絵描きアプリ"
02:30,126,6767834940,"トップロード"
02:30,127,6476597728,"EDGE POKER (エッジポーカー)"
02:30,128,6782923681,"MiloDrop YaraTube"
02:30,129,1389111413,"Hole.io"
02:30,130,1573133915,"ルーレット - 迷った時の抽選・くじ引きアプリ（るーれっと）"
02:30,131,6756288168,"Cookingo: Perfect Meal"
02:30,132,1113270962,"みんなのオセロ【公式】オンライン対戦も遊べるオセロ対戦ゲーム"
02:30,133,6748996000,"ねこ旅"
02:30,134,6736896540,"ハローキティ：マイドリームストア"
02:30,135,6769683163,"霊界大作戦"
02:30,136,1344700142,"UNO!™"
02:30,137,6745772198,"ダイトモ"
02:30,138,1088626624,"無料ゲーム-迷った時のルーレット ランチや罰ゲーム抽選"
02:30,139,940320341,"プロ野球スピリッツＡ"
02:30,140,6760801577,"[グリパチ]ロボスキーI"
02:30,141,6504332779,"Color Block Jam"
02:30,142,1486214495,"ブレインテスト(Brain Test)：ひっかけパズル"
02:30,143,6747492600,"麻雀ブラスト (Mahjong Blast)"
02:30,144,6477417866,"価値観ゲーム Yappi ヤッピ  おもしろボードゲーム"
02:30,145,6756994116,"イナズマイレブン クロス"
02:30,146,6797465106,"脱出ゲーム｜小鳥のいる部屋"
02:30,147,1105855019,"ガーデンスケイプ (Gardenscapes)"
02:30,148,6744049261,"Block Color Mania, Puzzle Game"
02:30,149,6473767344,"キノコ伝説：勇者と魔法のランプ"
02:30,150,6760994244,"テイペンサバイバー"
02:30,151,1465731199,"2 Player Games : the Challenge"
02:30,152,6758326278,"Amaze GO! - 矢印 パズル"
02:30,153,1550945606,"サッカースーパースター - サッカー"
02:30,154,967906866,"ユニメモ"
02:30,155,6738109752,"タイルズ・サバイバル"
02:30,156,1545088576,"777Real(777リアル) パチンコ･パチスロアプリ"
02:30,157,6642698438,"ウッドパズル：Screw ネジ外すゲーム  - 人気 脳トレ"
02:30,158,6739554561,"信長の野望 真戦"
02:30,159,1176027022,"トゥーンブラスト"
02:30,160,6468921495,"ヴィータ麻雀(Vita Mahjong)"
02:30,161,6760389476,"Color Puzzle Jam - バスゲーム 車のジャム"
02:30,162,1562817072,"Mob Control"
02:30,163,6785835684,"脱出ゲーム　夏休み　　　　新作のEscape Room謎解き"
02:30,164,1554440792,"Hit＆Blowオンライン（ヒットアンドブロー）"
02:30,165,6469306922,"数学パズルゲーム — ナンバーマッチ, クロスワード"
02:30,166,6443755785,"シーサイド エスケープ：マージ & ストーリー"
02:30,167,6751788348,"Water Match®- ASMR Water Sort"
02:30,168,6749558327,"Water Jam：3Dカラー分類ゲーム"
02:30,169,1521236603,"Travel Town - マージアドベンチャー"
02:30,170,1597897013,"Water Sort Puzzle - ソートパズルゲーム"
02:30,171,6754559095,"E.D.E.N：最終防衛線"
02:30,172,6749558825,"Water Sort - 色分けパズル"
02:30,173,6499293031,"ネジマッチ - ネジ外し ナットズルゲーム"
02:30,174,6754098532,"ラッシュ：エクストリーム (RUSH: Xtreme)"
02:30,175,1536427424,"ゴッドフィールド"
02:30,176,6751222488,"Order Crazy:  飲み物ソートマッチ 色とりパズル"
02:30,177,6503284107,"オールインホール (All in Hole)"
02:30,178,895700579,"大富豪 Online"
02:30,179,6449243946,"スネーククラッシュ (Snake Clash)"
02:30,180,529996768,"Bingo Blitz™ - ビンゴゲーム"
02:30,181,6761523148,"Flower Forest - ワードパズル"
02:30,182,1287282214,"Call of Duty®: Mobile"
02:30,183,1556357398,"Pikmin Bloom"
02:30,184,6755861844,"確認させてください"
02:30,185,6779478739,"Romantic Nuts & Bolts Sorting"
02:30,186,6760751569,"Goods Sort Match - Sorting Fun"
02:30,187,1606703142,"Tic Tac Toe - まるばつゲーム チックタックトー"
02:30,188,6746435822,"バグハン！"
02:30,189,6751056652,"Pixel Flow!"
02:30,190,1249924192,"青鬼"
02:30,191,1340841589,"ナンバーパズル - 数字ジグソーパズルゲーム 人気"
02:30,192,6755670637,"Jigsort™: Solitaire"
02:30,193,1621929351,"単語サバイバル -暇つぶし脳トレ言葉ゲーム-"
02:30,194,6466620626,"フルーツ飴の達人 - ドバイもち、パフェ、ASMR、モッパン"
02:30,195,1671991909,"数学パズルゲーム - クロスマス"
02:30,196,1611490041,"メメントモリ"
02:30,197,6739246483,"ホール・エム・オール (Hole Em All)"
02:30,198,1597760047,"OneState RP・オンラインのオープンワールド"
02:30,199,1617304787,"フリック対戦 オンライン"
02:30,200,433622275,"人狼ゲーム ""牢獄の悪夢"""
03:30,1,6759763476,"Bus Traffic Fever!"
03:30,2,6761760135,"Meowdoku!"
03:30,3,6746180100,"幻想水滸伝 STAR LEAP"
03:30,4,6758648051,"僕のヒーローアカデミアUNITED SURVIVAL"
03:30,5,6596745408,"ちいかわぽけっと"
03:30,6,6741567125,"モンスターサバイバル"
03:30,7,6751222389,"NBAダンクシティ"
03:30,8,6771681142,"漢字分解パズル"
03:30,9,6741503079,"Pokémon Champions"
03:30,10,6748084174,"Smash Fest!"
03:30,11,1617391485,"ブロックブラスト (Block Blast)"
03:30,12,6755455500,"ハリウッドマージ"
03:30,13,6752672568,"Block Out! - Color Sort Puzzle"
03:30,14,6762239563,"意味怖ストーリー：バッドエンドを回避せよ！"
03:30,15,6759081967,"Jewel Coloring"
03:30,16,6471045672,"グルメ・ジャーニー"
03:30,17,6742122160,"TopTop(トップトップ): サクッと遊んで、パッと友達"
03:30,18,6759817762,"Titan Rush: Survival"
03:30,19,6756641135,"ホロライブドリームス"
03:30,20,6443575749,"ホワイトアウト・サバイバル"
03:30,21,6639605332,"パラノイズ"
03:30,22,431946152,"Roblox (ロブロックス)"
03:30,23,1529747588,"どこでもパーティーゲーム「どこパ」：ワードウルフオンライン"
03:30,24,6499209744,"マジックソート (Magic Sort!)"
03:30,25,6749109552,"X-Clash: サバイバル"
03:30,26,1117270703,"eFootball™"
03:30,27,6748397500,"Arrows – Puzzle Escape"
03:30,28,1482155847,"ロイヤルマッチ（Royal Match)"
03:30,29,6780891673,"Royal Smash! - Physics Puzzle"
03:30,30,6483539426,"フォートナイト"
03:30,31,6754311241,"無職転生 〜異世界行ったら本気だす〜 【クロエコ】"
03:30,32,6758080238,"トリミン2！-トリッキーミーン2 いじわる脳トレパズルゲーム"
03:30,33,6739554056,"キングショット"
03:30,34,1623318294,"ゴシップハーバー：マージ & ストーリー"
03:30,35,6757748602,"終焉のヒカリ"
03:30,36,638689075,"タウンシップ (Township)"
03:30,37,1229016807,"ブロスタ"
03:30,38,6761818626,"エンドレスフロンティア2 放置RPG ディフェンス"
03:30,39,6756185760,"Search It - Hidden Objects"
03:30,40,1094591345,"Pokémon GO"
03:30,41,6751537447,"Snake Puzzle: Slither to Eat!"
03:30,42,6784572173,"買い物うさぎ by クラシル"
03:30,43,6746465127,"セルサバイバー - シューティングゲーム"
03:30,44,6479970832,"Pokémon TCG Pocket"
03:30,45,6477413486,"Level Devil - NOT A Troll Game"
03:30,46,6742937695,"ペタペタペンギン団"
03:30,47,724594093,"LINE：ディズニー ツムツム"
03:30,48,1606549505,"ロイヤルキングダム (Royal Kingdom)"
03:30,49,1312031248,"荒野行動-スマホ版バトロワ"
03:30,50,6756058501,"Jelly Busters: パズルゲーム"
03:30,51,6757671759,"Water Sort Puzzle - Order Up"
03:30,52,6737022506,"ねじねじパズル"
03:30,53,6769314786,"Food Hunt: Pixel Puzzle"
03:30,54,6757832779,"3D Colorful Sort™ 魔法の水"
03:30,55,1423046460,"Paper.io 2"
03:30,56,6759997224,"巡回中！即タイホ！"
03:30,57,6505095234,"Car Jam - バスストップ ジャムゲーム"
03:30,58,6744975195,"Sled Surfers - ファーズ - 坂冒険"
03:30,59,6753862216,"フードスター（Foodstars）:マージ & クック"
03:30,60,1351168404,"Among Us!"
03:30,61,1222278363,"ワードウルフ決定版【新・人狼ゲーム】ワード人狼アプリ"
03:30,62,1443446174,"魔法のタイルズ 3™: 音ゲー ピアノタイル"
03:30,63,6748950306,"ソリティア：パズルゲーム 脳トレ カードゲーム 暇つぶし連想"
03:30,64,6762342518,"Fluffy Drop"
03:30,65,6689516366,"バスゲーム：カーパーキング・バスゲーム"
03:30,66,6475757306,"Disney Solitaire ディズニー ソリティア"
03:30,67,6747736697,"ドラゴンクエストスマッシュグロウ ドラクエローグライトRPG"
03:30,68,6764201639,"にゃんこ銃士：放置育成RPG"
03:30,69,6791525847,"Slow Mo Strike: ナイフ投げアクション"
03:30,70,6448104157,"オフラインゲーム - 暇つぶし ゲーム - パズルゲーム"
03:30,71,6787983567,"価値ズレ！ - 価値観協力オンラインゲーム"
03:30,72,1569776448,"カラーソートボトルパズル色分けゲーム: Get Color"
03:30,73,664575829,"フィッシュダム(Fishdom)"
03:30,74,1044039663,"みんなで早押しクイズ"
03:30,75,1638139403,"ブロッククラッシュ (Block Crush)"
03:30,76,6760957454,"脱出ゲーム アムステルダム"
03:30,77,6762267809,"Arrow Pro 3D"
03:30,78,6767091927,"ジグソードロップ：ソリティアパズル"
03:30,79,6499306806,"グッズソーティング3D：マッチゲーム"
03:30,80,1469186379,"雀魂 -じゃんたま-"
03:30,81,658511662,"モンスターストライク"
03:30,82,6451399876,"Delta Force"
03:30,83,1517980891,"パズル&サバイバル"
03:30,84,6503272652,"ラストZ：サバイバルシューティング"
03:30,85,6753668357,"LINE：ブロックジャム"
03:30,86,6757140488,"Sand Blocks: Drop Puzzle"
03:30,87,547145938,"にゃんこ大戦争"
03:30,88,1491074310,"Tetris® - テトリス (公式ゲーム)"
03:30,89,6776146068,"[777Real] A-SLOT+ 異世界かるてっと BT"
03:30,90,6756247422,"デジモンUP"
03:30,91,6749300334,"ネジ3Dパズル：ピンを外すゲーム"
03:30,92,1032346221,"妖怪ウォッチ ぷにぷに"
03:30,93,6760325543,"ArrowCube - 3DPuzzle"
03:30,94,6746743297,"Bus Fever-Car Jam Escape"
03:30,95,1479198816,"トップウォー"
03:30,96,6747957875,"Family Go! - 結婚・子育て・世代継承"
03:30,97,6743385713,"毛糸クラッシュ - パーキングゲーム バスのゲーム"
03:30,98,1415478437,"NicoFlick - フリック入力リズムゲーム"
03:30,99,6503603603,"ミステリータウン：マージゲーム (Mystery Town)"
03:30,100,1276424024,"オンクレならタイクレ！オンラインクレーンゲーム(オンクレ)"
03:30,101,6746328263,"Castle Busters"
03:30,102,6478063606,"カラーブロック コンボブラスト"
03:30,103,6755183085,"Yarn Loop: Knit Puzzle"
03:30,104,6756989323,"ラストアサイラム：プレイグ"
03:30,105,1579464667,"Pokémon Sleep"
03:30,106,6756482832,"Brain Puzzle 3: Crazy Mind"
03:30,107,1173389241,"どうぶつタワーバトル - オンライン対戦ゲーム"
03:30,108,1489932710,"プロジェクトセカイ カラフルステージ！ feat. 初音ミク"
03:30,109,1193508329,"ナンプレ - 数字パズルゲーム"
03:30,110,6760453970,"ダメ恋-闇カレコレクション"
03:30,111,6761100469,"Tricky Puzzle 2: 脳力テスト"
03:30,112,6754370732,"耳だけ捜査線 - 暇つぶし論理パズルゲーム"
03:30,113,6749251466,"クッキーラン：クランブル - 放置系RPG"
03:30,114,6755585789,"チート勇者～インベントリ攻略ゲー～RPG"
03:30,115,6788498566,"Gartic Phone"
03:30,116,6754558455,"Marble Sort!"
03:30,117,6740043080,"Screwdom : ボルトパズルゲーム"
03:30,118,6740618570,"XP Hero(ヒーロー)): まずは世界観をのぞいてみて"
03:30,119,6787609279,"Hide in Art - かくれんぼ"
03:30,120,1643509748,"マージクッキング テーマレストラン"
03:30,121,6756307486,"Cube Tap Sort"
03:30,122,1601400687,"2人でできるゲーム - マルチプレイ 対戦ゲーム"
03:30,123,6749132002,"落ちにゃん！(Drop the Cat)"
03:30,124,6779167923,"Colony Flow!"
03:30,125,1458758886,"イラストチェイナー - 絵しりとりオンラインお絵描きアプリ"
03:30,126,6767834940,"トップロード"
03:30,127,6476597728,"EDGE POKER (エッジポーカー)"
03:30,128,6782923681,"MiloDrop YaraTube"
03:30,129,1389111413,"Hole.io"
03:30,130,1573133915,"ルーレット - 迷った時の抽選・くじ引きアプリ（るーれっと）"
03:30,131,6756288168,"Cookingo: Perfect Meal"
03:30,132,1113270962,"みんなのオセロ【公式】オンライン対戦も遊べるオセロ対戦ゲーム"
03:30,133,6748996000,"ねこ旅"
03:30,134,6736896540,"ハローキティ：マイドリームストア"
03:30,135,6769683163,"霊界大作戦"
03:30,136,1344700142,"UNO!™"
03:30,137,6745772198,"ダイトモ"
03:30,138,1088626624,"無料ゲーム-迷った時のルーレット ランチや罰ゲーム抽選"
03:30,139,940320341,"プロ野球スピリッツＡ"
03:30,140,6760801577,"[グリパチ]ロボスキーI"
03:30,141,6504332779,"Color Block Jam"
03:30,142,1486214495,"ブレインテスト(Brain Test)：ひっかけパズル"
03:30,143,6747492600,"麻雀ブラスト (Mahjong Blast)"
03:30,144,6477417866,"価値観ゲーム Yappi ヤッピ  おもしろボードゲーム"
03:30,145,6756994116,"イナズマイレブン クロス"
03:30,146,6797465106,"脱出ゲーム｜小鳥のいる部屋"
03:30,147,1105855019,"ガーデンスケイプ (Gardenscapes)"
03:30,148,6744049261,"Block Color Mania, Puzzle Game"
03:30,149,6473767344,"キノコ伝説：勇者と魔法のランプ"
03:30,150,6760994244,"テイペンサバイバー"
03:30,151,1465731199,"2 Player Games : the Challenge"
03:30,152,6758326278,"Amaze GO! - 矢印 パズル"
03:30,153,1550945606,"サッカースーパースター - サッカー"
03:30,154,967906866,"ユニメモ"
03:30,155,6738109752,"タイルズ・サバイバル"
03:30,156,1545088576,"777Real(777リアル) パチンコ･パチスロアプリ"
03:30,157,6642698438,"ウッドパズル：Screw ネジ外すゲーム  - 人気 脳トレ"
03:30,158,6739554561,"信長の野望 真戦"
03:30,159,1176027022,"トゥーンブラスト"
03:30,160,6468921495,"ヴィータ麻雀(Vita Mahjong)"
03:30,161,6760389476,"Color Puzzle Jam - バスゲーム 車のジャム"
03:30,162,1562817072,"Mob Control"
03:30,163,6785835684,"脱出ゲーム　夏休み　　　　新作のEscape Room謎解き"
03:30,164,1554440792,"Hit＆Blowオンライン（ヒットアンドブロー）"
03:30,165,6469306922,"数学パズルゲーム — ナンバーマッチ, クロスワード"
03:30,166,6443755785,"シーサイド エスケープ：マージ & ストーリー"
03:30,167,6751788348,"Water Match®- ASMR Water Sort"
03:30,168,6749558327,"Water Jam：3Dカラー分類ゲーム"
03:30,169,1521236603,"Travel Town - マージアドベンチャー"
03:30,170,1597897013,"Water Sort Puzzle - ソートパズルゲーム"
03:30,171,6754559095,"E.D.E.N：最終防衛線"
03:30,172,6749558825,"Water Sort - 色分けパズル"
03:30,173,6499293031,"ネジマッチ - ネジ外し ナットズルゲーム"
03:30,174,6754098532,"ラッシュ：エクストリーム (RUSH: Xtreme)"
03:30,175,1536427424,"ゴッドフィールド"
03:30,176,6751222488,"Order Crazy:  飲み物ソートマッチ 色とりパズル"
03:30,177,6503284107,"オールインホール (All in Hole)"
03:30,178,895700579,"大富豪 Online"
03:30,179,6449243946,"スネーククラッシュ (Snake Clash)"
03:30,180,529996768,"Bingo Blitz™ - ビンゴゲーム"
03:30,181,6761523148,"Flower Forest - ワードパズル"
03:30,182,1287282214,"Call of Duty®: Mobile"
03:30,183,1556357398,"Pikmin Bloom"
03:30,184,6755861844,"確認させてください"
03:30,185,6779478739,"Romantic Nuts & Bolts Sorting"
03:30,186,6760751569,"Goods Sort Match - Sorting Fun"
03:30,187,1606703142,"Tic Tac Toe - まるばつゲーム チックタックトー"
03:30,188,6746435822,"バグハン！"
03:30,189,6751056652,"Pixel Flow!"
03:30,190,1249924192,"青鬼"
03:30,191,1340841589,"ナンバーパズル - 数字ジグソーパズルゲーム 人気"
03:30,192,6755670637,"Jigsort™: Solitaire"
03:30,193,1621929351,"単語サバイバル -暇つぶし脳トレ言葉ゲーム-"
03:30,194,6466620626,"フルーツ飴の達人 - ドバイもち、パフェ、ASMR、モッパン"
03:30,195,1671991909,"数学パズルゲーム - クロスマス"
03:30,196,1611490041,"メメントモリ"
03:30,197,6739246483,"ホール・エム・オール (Hole Em All)"
03:30,198,1597760047,"OneState RP・オンラインのオープンワールド"
03:30,199,1617304787,"フリック対戦 オンライン"
03:30,200,433622275,"人狼ゲーム ""牢獄の悪夢"""
04:30,1,6759763476,"Bus Traffic Fever!"
04:30,2,6761760135,"Meowdoku!"
04:30,3,6746180100,"幻想水滸伝 STAR LEAP"
04:30,4,6758648051,"僕のヒーローアカデミアUNITED SURVIVAL"
04:30,5,6596745408,"ちいかわぽけっと"
04:30,6,6741567125,"モンスターサバイバル"
04:30,7,6751222389,"NBAダンクシティ"
04:30,8,6771681142,"漢字分解パズル"
04:30,9,6741503079,"Pokémon Champions"
04:30,10,6748084174,"Smash Fest!"
04:30,11,1617391485,"ブロックブラスト (Block Blast)"
04:30,12,6752672568,"Block Out! - Color Sort Puzzle"
04:30,13,6755455500,"ハリウッドマージ"
04:30,14,6759081967,"Jewel Coloring"
04:30,15,6471045672,"グルメ・ジャーニー"
04:30,16,6762239563,"意味怖ストーリー：バッドエンドを回避せよ！"
04:30,17,6742122160,"TopTop(トップトップ): サクッと遊んで、パッと友達"
04:30,18,6759817762,"Titan Rush: Survival"
04:30,19,6756641135,"ホロライブドリームス"
04:30,20,6443575749,"ホワイトアウト・サバイバル"
04:30,21,6639605332,"パラノイズ"
04:30,22,1529747588,"どこでもパーティーゲーム「どこパ」：ワードウルフオンライン"
04:30,23,431946152,"Roblox (ロブロックス)"
04:30,24,6499209744,"マジックソート (Magic Sort!)"
04:30,25,6749109552,"X-Clash: サバイバル"
04:30,26,1117270703,"eFootball™"
04:30,27,6748397500,"Arrows – Puzzle Escape"
04:30,28,1482155847,"ロイヤルマッチ（Royal Match)"
04:30,29,6780891673,"Royal Smash! - Physics Puzzle"
04:30,30,6483539426,"フォートナイト"
04:30,31,6754311241,"無職転生 〜異世界行ったら本気だす〜 【クロエコ】"
04:30,32,6758080238,"トリミン2！-トリッキーミーン2 いじわる脳トレパズルゲーム"
04:30,33,6739554056,"キングショット"
04:30,34,1623318294,"ゴシップハーバー：マージ & ストーリー"
04:30,35,6757748602,"終焉のヒカリ"
04:30,36,1229016807,"ブロスタ"
04:30,37,6761818626,"エンドレスフロンティア2 放置RPG ディフェンス"
04:30,38,638689075,"タウンシップ (Township)"
04:30,39,6756185760,"Search It - Hidden Objects"
04:30,40,1094591345,"Pokémon GO"
04:30,41,6746465127,"セルサバイバー - シューティングゲーム"
04:30,42,6751537447,"Snake Puzzle: Slither to Eat!"
04:30,43,6784572173,"買い物うさぎ by クラシル"
04:30,44,6479970832,"Pokémon TCG Pocket"
04:30,45,724594093,"LINE：ディズニー ツムツム"
04:30,46,6742937695,"ペタペタペンギン団"
04:30,47,6477413486,"Level Devil - NOT A Troll Game"
04:30,48,1606549505,"ロイヤルキングダム (Royal Kingdom)"
04:30,49,1312031248,"荒野行動-スマホ版バトロワ"
04:30,50,6756058501,"Jelly Busters: パズルゲーム"
04:30,51,6757671759,"Water Sort Puzzle - Order Up"
04:30,52,6769314786,"Food Hunt: Pixel Puzzle"
04:30,53,6737022506,"ねじねじパズル"
04:30,54,6757832779,"3D Colorful Sort™ 魔法の水"
04:30,55,6748950306,"ソリティア：パズルゲーム 脳トレ カードゲーム 暇つぶし連想"
04:30,56,1222278363,"ワードウルフ決定版【新・人狼ゲーム】ワード人狼アプリ"
04:30,57,1351168404,"Among Us!"
04:30,58,6753862216,"フードスター（Foodstars）:マージ & クック"
04:30,59,6505095234,"Car Jam - バスストップ ジャムゲーム"
04:30,60,6759997224,"巡回中！即タイホ！"
04:30,61,6787983567,"価値ズレ！ - 価値観協力オンラインゲーム"
04:30,62,1423046460,"Paper.io 2"
04:30,63,1443446174,"魔法のタイルズ 3™: 音ゲー ピアノタイル"
04:30,64,6744975195,"Sled Surfers - ファーズ - 坂冒険"
04:30,65,6475757306,"Disney Solitaire ディズニー ソリティア"
04:30,66,6689516366,"バスゲーム：カーパーキング・バスゲーム"
04:30,67,1044039663,"みんなで早押しクイズ"
04:30,68,6747736697,"ドラゴンクエストスマッシュグロウ ドラクエローグライトRPG"
04:30,69,6762342518,"Fluffy Drop"
04:30,70,1569776448,"カラーソートボトルパズル色分けゲーム: Get Color"
04:30,71,6448104157,"オフラインゲーム - 暇つぶし ゲーム - パズルゲーム"
04:30,72,1469186379,"雀魂 -じゃんたま-"
04:30,73,664575829,"フィッシュダム(Fishdom)"
04:30,74,6767091927,"ジグソードロップ：ソリティアパズル"
04:30,75,6764201639,"にゃんこ銃士：放置育成RPG"
04:30,76,6760325543,"ArrowCube - 3DPuzzle"
04:30,77,658511662,"モンスターストライク"
04:30,78,6760957454,"脱出ゲーム アムステルダム"
04:30,79,6762267809,"Arrow Pro 3D"
04:30,80,6791525847,"Slow Mo Strike: ナイフ投げアクション"
04:30,81,1638139403,"ブロッククラッシュ (Block Crush)"
04:30,82,6499306806,"グッズソーティング3D：マッチゲーム"
04:30,83,6451399876,"Delta Force"
04:30,84,1517980891,"パズル&サバイバル"
04:30,85,6776146068,"[777Real] A-SLOT+ 異世界かるてっと BT"
04:30,86,6503272652,"ラストZ：サバイバルシューティング"
04:30,87,547145938,"にゃんこ大戦争"
04:30,88,6753668357,"LINE：ブロックジャム"
04:30,89,1491074310,"Tetris® - テトリス (公式ゲーム)"
04:30,90,6746743297,"Bus Fever-Car Jam Escape"
04:30,91,6749300334,"ネジ3Dパズル：ピンを外すゲーム"
04:30,92,6756247422,"デジモンUP"
04:30,93,1276424024,"オンクレならタイクレ！オンラインクレーンゲーム(オンクレ)"
04:30,94,1032346221,"妖怪ウォッチ ぷにぷに"
04:30,95,6743385713,"毛糸クラッシュ - パーキングゲーム バスのゲーム"
04:30,96,6747957875,"Family Go! - 結婚・子育て・世代継承"
04:30,97,1579464667,"Pokémon Sleep"
04:30,98,6757140488,"Sand Blocks: Drop Puzzle"
04:30,99,1415478437,"NicoFlick - フリック入力リズムゲーム"
04:30,100,6503603603,"ミステリータウン：マージゲーム (Mystery Town)"
04:30,101,1479198816,"トップウォー"
04:30,102,6788498566,"Gartic Phone"
04:30,103,1173389241,"どうぶつタワーバトル - オンライン対戦ゲーム"
04:30,104,6756989323,"ラストアサイラム：プレイグ"
04:30,105,6478063606,"カラーブロック コンボブラスト"
04:30,106,6756482832,"Brain Puzzle 3: Crazy Mind"
04:30,107,6746328263,"Castle Busters"
04:30,108,6755183085,"Yarn Loop: Knit Puzzle"
04:30,109,1489932710,"プロジェクトセカイ カラフルステージ！ feat. 初音ミク"
04:30,110,1193508329,"ナンプレ - 数字パズルゲーム"
04:30,111,6754370732,"耳だけ捜査線 - 暇つぶし論理パズルゲーム"
04:30,112,6749251466,"クッキーラン：クランブル - 放置系RPG"
04:30,113,6760453970,"ダメ恋-闇カレコレクション"
04:30,114,6755585789,"チート勇者～インベントリ攻略ゲー～RPG"
04:30,115,1458758886,"イラストチェイナー - 絵しりとりオンラインお絵描きアプリ"
04:30,116,6740043080,"Screwdom : ボルトパズルゲーム"
04:30,117,6749132002,"落ちにゃん！(Drop the Cat)"
04:30,118,6740618570,"XP Hero(ヒーロー)): まずは世界観をのぞいてみて"
04:30,119,6787609279,"Hide in Art - かくれんぼ"
04:30,120,6761100469,"Tricky Puzzle 2: 脳力テスト"
04:30,121,1643509748,"マージクッキング テーマレストラン"
04:30,122,1601400687,"2人でできるゲーム - マルチプレイ 対戦ゲーム"
04:30,123,6754558455,"Marble Sort!"
04:30,124,6476597728,"EDGE POKER (エッジポーカー)"
04:30,125,6767834940,"トップロード"
04:30,126,1344700142,"UNO!™"
04:30,127,6736896540,"ハローキティ：マイドリームストア"
04:30,128,1113270962,"みんなのオセロ【公式】オンライン対戦も遊べるオセロ対戦ゲーム"
04:30,129,6756288168,"Cookingo: Perfect Meal"
04:30,130,6756307486,"Cube Tap Sort"
04:30,131,6779167923,"Colony Flow!"
04:30,132,940320341,"プロ野球スピリッツＡ"
04:30,133,1389111413,"Hole.io"
04:30,134,6782923681,"MiloDrop YaraTube"
04:30,135,1573133915,"ルーレット - 迷った時の抽選・くじ引きアプリ（るーれっと）"
04:30,136,6477417866,"価値観ゲーム Yappi ヤッピ  おもしろボードゲーム"
04:30,137,6747492600,"麻雀ブラスト (Mahjong Blast)"
04:30,138,6769683163,"霊界大作戦"
04:30,139,1088626624,"無料ゲーム-迷った時のルーレット ランチや罰ゲーム抽選"
04:30,140,6504332779,"Color Block Jam"
04:30,141,6748996000,"ねこ旅"
04:30,142,6760801577,"[グリパチ]ロボスキーI"
04:30,143,6756994116,"イナズマイレブン クロス"
04:30,144,6760994244,"テイペンサバイバー"
04:30,145,1486214495,"ブレインテスト(Brain Test)：ひっかけパズル"
04:30,146,6745772198,"ダイトモ"
04:30,147,6797465106,"脱出ゲーム｜小鳥のいる部屋"
04:30,148,1105855019,"ガーデンスケイプ (Gardenscapes)"
04:30,149,1545088576,"777Real(777リアル) パチンコ･パチスロアプリ"
04:30,150,6744049261,"Block Color Mania, Puzzle Game"
04:30,151,6473767344,"キノコ伝説：勇者と魔法のランプ"
04:30,152,1465731199,"2 Player Games : the Challenge"
04:30,153,6642698438,"ウッドパズル：Screw ネジ外すゲーム  - 人気 脳トレ"
04:30,154,6758326278,"Amaze GO! - 矢印 パズル"
04:30,155,6739554561,"信長の野望 真戦"
04:30,156,1554440792,"Hit＆Blowオンライン（ヒットアンドブロー）"
04:30,157,6738109752,"タイルズ・サバイバル"
04:30,158,6751788348,"Water Match®- ASMR Water Sort"
04:30,159,6469306922,"数学パズルゲーム — ナンバーマッチ, クロスワード"
04:30,160,1550945606,"サッカースーパースター - サッカー"
04:30,161,895700579,"大富豪 Online"
04:30,162,1536427424,"ゴッドフィールド"
04:30,163,6468921495,"ヴィータ麻雀(Vita Mahjong)"
04:30,164,6785835684,"脱出ゲーム　夏休み　　　　新作のEscape Room謎解き"
04:30,165,1176027022,"トゥーンブラスト"
04:30,166,6443755785,"シーサイド エスケープ：マージ & ストーリー"
04:30,167,967906866,"ユニメモ"
04:30,168,6760389476,"Color Puzzle Jam - バスゲーム 車のジャム"
04:30,169,1521236603,"Travel Town - マージアドベンチャー"
04:30,170,6754559095,"E.D.E.N：最終防衛線"
04:30,171,1562817072,"Mob Control"
04:30,172,6761523148,"Flower Forest - ワードパズル"
04:30,173,6449243946,"スネーククラッシュ (Snake Clash)"
04:30,174,1597897013,"Water Sort Puzzle - ソートパズルゲーム"
04:30,175,529996768,"Bingo Blitz™ - ビンゴゲーム"
04:30,176,6499293031,"ネジマッチ - ネジ外し ナットズルゲーム"
04:30,177,6749558327,"Water Jam：3Dカラー分類ゲーム"
04:30,178,6751222488,"Order Crazy:  飲み物ソートマッチ 色とりパズル"
04:30,179,6503284107,"オールインホール (All in Hole)"
04:30,180,6749558825,"Water Sort - 色分けパズル"
04:30,181,6754098532,"ラッシュ：エクストリーム (RUSH: Xtreme)"
04:30,182,6755861844,"確認させてください"
04:30,183,1287282214,"Call of Duty®: Mobile"
04:30,184,6739246483,"ホール・エム・オール (Hole Em All)"
04:30,185,6779478739,"Romantic Nuts & Bolts Sorting"
04:30,186,6751056652,"Pixel Flow!"
04:30,187,1556357398,"Pikmin Bloom"
04:30,188,1611490041,"メメントモリ"
04:30,189,6599838025,"Tangled Rope: Solve Puzzles!"
04:30,190,1637753593,"ジャグラーオンライン～パチスロアプリ＆パチンコ店舗情報～"
04:30,191,6466620626,"フルーツ飴の達人 - ドバイもち、パフェ、ASMR、モッパン"
04:30,192,1249924192,"青鬼"
04:30,193,6760751569,"Goods Sort Match - Sorting Fun"
04:30,194,6755670637,"Jigsort™: Solitaire"
04:30,195,433622275,"人狼ゲーム ""牢獄の悪夢"""
04:30,196,1340841589,"ナンバーパズル - 数字ジグソーパズルゲーム 人気"
04:30,197,6752886832,"ホテル・ミステリア"
04:30,198,1606703142,"Tic Tac Toe - まるばつゲーム チックタックトー"
04:30,199,1671991909,"数学パズルゲーム - クロスマス"
04:30,200,1517783697,"原神～空月の歌～"
05:30,1,6759763476,"Bus Traffic Fever!"
05:30,2,6761760135,"Meowdoku!"
05:30,3,6746180100,"幻想水滸伝 STAR LEAP"
05:30,4,6758648051,"僕のヒーローアカデミアUNITED SURVIVAL"
05:30,5,6596745408,"ちいかわぽけっと"
05:30,6,6741567125,"モンスターサバイバル"
05:30,7,6751222389,"NBAダンクシティ"
05:30,8,6771681142,"漢字分解パズル"
05:30,9,6741503079,"Pokémon Champions"
05:30,10,6748084174,"Smash Fest!"
05:30,11,1617391485,"ブロックブラスト (Block Blast)"
05:30,12,6752672568,"Block Out! - Color Sort Puzzle"
05:30,13,6755455500,"ハリウッドマージ"
05:30,14,6759081967,"Jewel Coloring"
05:30,15,6471045672,"グルメ・ジャーニー"
05:30,16,6762239563,"意味怖ストーリー：バッドエンドを回避せよ！"
05:30,17,6742122160,"TopTop(トップトップ): サクッと遊んで、パッと友達"
05:30,18,6759817762,"Titan Rush: Survival"
05:30,19,6756641135,"ホロライブドリームス"
05:30,20,6443575749,"ホワイトアウト・サバイバル"
05:30,21,6639605332,"パラノイズ"
05:30,22,1529747588,"どこでもパーティーゲーム「どこパ」：ワードウルフオンライン"
05:30,23,431946152,"Roblox (ロブロックス)"
05:30,24,6499209744,"マジックソート (Magic Sort!)"
05:30,25,6749109552,"X-Clash: サバイバル"
05:30,26,1117270703,"eFootball™"
05:30,27,6748397500,"Arrows – Puzzle Escape"
05:30,28,1482155847,"ロイヤルマッチ（Royal Match)"
05:30,29,6780891673,"Royal Smash! - Physics Puzzle"
05:30,30,6483539426,"フォートナイト"
05:30,31,6754311241,"無職転生 〜異世界行ったら本気だす〜 【クロエコ】"
05:30,32,6758080238,"トリミン2！-トリッキーミーン2 いじわる脳トレパズルゲーム"
05:30,33,6739554056,"キングショット"
05:30,34,1623318294,"ゴシップハーバー：マージ & ストーリー"
05:30,35,6757748602,"終焉のヒカリ"
05:30,36,1229016807,"ブロスタ"
05:30,37,6761818626,"エンドレスフロンティア2 放置RPG ディフェンス"
05:30,38,638689075,"タウンシップ (Township)"
05:30,39,6756185760,"Search It - Hidden Objects"
05:30,40,1094591345,"Pokémon GO"
05:30,41,6746465127,"セルサバイバー - シューティングゲーム"
05:30,42,6751537447,"Snake Puzzle: Slither to Eat!"
05:30,43,6784572173,"買い物うさぎ by クラシル"
05:30,44,6479970832,"Pokémon TCG Pocket"
05:30,45,724594093,"LINE：ディズニー ツムツム"
05:30,46,6742937695,"ペタペタペンギン団"
05:30,47,6477413486,"Level Devil - NOT A Troll Game"
05:30,48,1606549505,"ロイヤルキングダム (Royal Kingdom)"
05:30,49,1312031248,"荒野行動-スマホ版バトロワ"
05:30,50,6756058501,"Jelly Busters: パズルゲーム"
05:30,51,6757671759,"Water Sort Puzzle - Order Up"
05:30,52,6769314786,"Food Hunt: Pixel Puzzle"
05:30,53,6737022506,"ねじねじパズル"
05:30,54,6757832779,"3D Colorful Sort™ 魔法の水"
05:30,55,6748950306,"ソリティア：パズルゲーム 脳トレ カードゲーム 暇つぶし連想"
05:30,56,1222278363,"ワードウルフ決定版【新・人狼ゲーム】ワード人狼アプリ"
05:30,57,1351168404,"Among Us!"
05:30,58,6753862216,"フードスター（Foodstars）:マージ & クック"
05:30,59,6505095234,"Car Jam - バスストップ ジャムゲーム"
05:30,60,6759997224,"巡回中！即タイホ！"
05:30,61,6787983567,"価値ズレ！ - 価値観協力オンラインゲーム"
05:30,62,1423046460,"Paper.io 2"
05:30,63,1443446174,"魔法のタイルズ 3™: 音ゲー ピアノタイル"
05:30,64,6744975195,"Sled Surfers - ファーズ - 坂冒険"
05:30,65,6475757306,"Disney Solitaire ディズニー ソリティア"
05:30,66,6689516366,"バスゲーム：カーパーキング・バスゲーム"
05:30,67,1044039663,"みんなで早押しクイズ"
05:30,68,6747736697,"ドラゴンクエストスマッシュグロウ ドラクエローグライトRPG"
05:30,69,6762342518,"Fluffy Drop"
05:30,70,1569776448,"カラーソートボトルパズル色分けゲーム: Get Color"
05:30,71,6448104157,"オフラインゲーム - 暇つぶし ゲーム - パズルゲーム"
05:30,72,1469186379,"雀魂 -じゃんたま-"
05:30,73,664575829,"フィッシュダム(Fishdom)"
05:30,74,6767091927,"ジグソードロップ：ソリティアパズル"
05:30,75,6764201639,"にゃんこ銃士：放置育成RPG"
05:30,76,6760325543,"ArrowCube - 3DPuzzle"
05:30,77,658511662,"モンスターストライク"
05:30,78,6760957454,"脱出ゲーム アムステルダム"
05:30,79,6762267809,"Arrow Pro 3D"
05:30,80,6791525847,"Slow Mo Strike: ナイフ投げアクション"
05:30,81,1638139403,"ブロッククラッシュ (Block Crush)"
05:30,82,6499306806,"グッズソーティング3D：マッチゲーム"
05:30,83,6451399876,"Delta Force"
05:30,84,1517980891,"パズル&サバイバル"
05:30,85,6776146068,"[777Real] A-SLOT+ 異世界かるてっと BT"
05:30,86,6503272652,"ラストZ：サバイバルシューティング"
05:30,87,547145938,"にゃんこ大戦争"
05:30,88,6753668357,"LINE：ブロックジャム"
05:30,89,1491074310,"Tetris® - テトリス (公式ゲーム)"
05:30,90,6746743297,"Bus Fever-Car Jam Escape"
05:30,91,6749300334,"ネジ3Dパズル：ピンを外すゲーム"
05:30,92,6756247422,"デジモンUP"
05:30,93,1276424024,"オンクレならタイクレ！オンラインクレーンゲーム(オンクレ)"
05:30,94,1032346221,"妖怪ウォッチ ぷにぷに"
05:30,95,6743385713,"毛糸クラッシュ - パーキングゲーム バスのゲーム"
05:30,96,6747957875,"Family Go! - 結婚・子育て・世代継承"
05:30,97,1579464667,"Pokémon Sleep"
05:30,98,6757140488,"Sand Blocks: Drop Puzzle"
05:30,99,1415478437,"NicoFlick - フリック入力リズムゲーム"
05:30,100,6503603603,"ミステリータウン：マージゲーム (Mystery Town)"
05:30,101,1479198816,"トップウォー"
05:30,102,6788498566,"Gartic Phone"
05:30,103,1173389241,"どうぶつタワーバトル - オンライン対戦ゲーム"
05:30,104,6756989323,"ラストアサイラム：プレイグ"
05:30,105,6478063606,"カラーブロック コンボブラスト"
05:30,106,6756482832,"Brain Puzzle 3: Crazy Mind"
05:30,107,6746328263,"Castle Busters"
05:30,108,6755183085,"Yarn Loop: Knit Puzzle"
05:30,109,1489932710,"プロジェクトセカイ カラフルステージ！ feat. 初音ミク"
05:30,110,1193508329,"ナンプレ - 数字パズルゲーム"
05:30,111,6754370732,"耳だけ捜査線 - 暇つぶし論理パズルゲーム"
05:30,112,6749251466,"クッキーラン：クランブル - 放置系RPG"
05:30,113,6760453970,"ダメ恋-闇カレコレクション"
05:30,114,6755585789,"チート勇者～インベントリ攻略ゲー～RPG"
05:30,115,1458758886,"イラストチェイナー - 絵しりとりオンラインお絵描きアプリ"
05:30,116,6740043080,"Screwdom : ボルトパズルゲーム"
05:30,117,6749132002,"落ちにゃん！(Drop the Cat)"
05:30,118,6740618570,"XP Hero(ヒーロー)): まずは世界観をのぞいてみて"
05:30,119,6787609279,"Hide in Art - かくれんぼ"
05:30,120,6761100469,"Tricky Puzzle 2: 脳力テスト"
05:30,121,1643509748,"マージクッキング テーマレストラン"
05:30,122,1601400687,"2人でできるゲーム - マルチプレイ 対戦ゲーム"
05:30,123,6754558455,"Marble Sort!"
05:30,124,6476597728,"EDGE POKER (エッジポーカー)"
05:30,125,6767834940,"トップロード"
05:30,126,1344700142,"UNO!™"
05:30,127,6736896540,"ハローキティ：マイドリームストア"
05:30,128,1113270962,"みんなのオセロ【公式】オンライン対戦も遊べるオセロ対戦ゲーム"
05:30,129,6756288168,"Cookingo: Perfect Meal"
05:30,130,6756307486,"Cube Tap Sort"
05:30,131,6779167923,"Colony Flow!"
05:30,132,940320341,"プロ野球スピリッツＡ"
05:30,133,1389111413,"Hole.io"
05:30,134,6782923681,"MiloDrop YaraTube"
05:30,135,1573133915,"ルーレット - 迷った時の抽選・くじ引きアプリ（るーれっと）"
05:30,136,6477417866,"価値観ゲーム Yappi ヤッピ  おもしろボードゲーム"
05:30,137,6747492600,"麻雀ブラスト (Mahjong Blast)"
05:30,138,6769683163,"霊界大作戦"
05:30,139,1088626624,"無料ゲーム-迷った時のルーレット ランチや罰ゲーム抽選"
05:30,140,6504332779,"Color Block Jam"
05:30,141,6748996000,"ねこ旅"
05:30,142,6760801577,"[グリパチ]ロボスキーI"
05:30,143,6756994116,"イナズマイレブン クロス"
05:30,144,6760994244,"テイペンサバイバー"
05:30,145,1486214495,"ブレインテスト(Brain Test)：ひっかけパズル"
05:30,146,6745772198,"ダイトモ"
05:30,147,6797465106,"脱出ゲーム｜小鳥のいる部屋"
05:30,148,1105855019,"ガーデンスケイプ (Gardenscapes)"
05:30,149,1545088576,"777Real(777リアル) パチンコ･パチスロアプリ"
05:30,150,6744049261,"Block Color Mania, Puzzle Game"
05:30,151,6473767344,"キノコ伝説：勇者と魔法のランプ"
05:30,152,1465731199,"2 Player Games : the Challenge"
05:30,153,6642698438,"ウッドパズル：Screw ネジ外すゲーム  - 人気 脳トレ"
05:30,154,6758326278,"Amaze GO! - 矢印 パズル"
05:30,155,6739554561,"信長の野望 真戦"
05:30,156,1554440792,"Hit＆Blowオンライン（ヒットアンドブロー）"
05:30,157,6738109752,"タイルズ・サバイバル"
05:30,158,6751788348,"Water Match®- ASMR Water Sort"
05:30,159,6469306922,"数学パズルゲーム — ナンバーマッチ, クロスワード"
05:30,160,1550945606,"サッカースーパースター - サッカー"
05:30,161,895700579,"大富豪 Online"
05:30,162,1536427424,"ゴッドフィールド"
05:30,163,6468921495,"ヴィータ麻雀(Vita Mahjong)"
05:30,164,6785835684,"脱出ゲーム　夏休み　　　　新作のEscape Room謎解き"
05:30,165,1176027022,"トゥーンブラスト"
05:30,166,6443755785,"シーサイド エスケープ：マージ & ストーリー"
05:30,167,967906866,"ユニメモ"
05:30,168,6760389476,"Color Puzzle Jam - バスゲーム 車のジャム"
05:30,169,1521236603,"Travel Town - マージアドベンチャー"
05:30,170,6754559095,"E.D.E.N：最終防衛線"
05:30,171,1562817072,"Mob Control"
05:30,172,6761523148,"Flower Forest - ワードパズル"
05:30,173,6449243946,"スネーククラッシュ (Snake Clash)"
05:30,174,1597897013,"Water Sort Puzzle - ソートパズルゲーム"
05:30,175,529996768,"Bingo Blitz™ - ビンゴゲーム"
05:30,176,6499293031,"ネジマッチ - ネジ外し ナットズルゲーム"
05:30,177,6749558327,"Water Jam：3Dカラー分類ゲーム"
05:30,178,6751222488,"Order Crazy:  飲み物ソートマッチ 色とりパズル"
05:30,179,6503284107,"オールインホール (All in Hole)"
05:30,180,6749558825,"Water Sort - 色分けパズル"
05:30,181,6754098532,"ラッシュ：エクストリーム (RUSH: Xtreme)"
05:30,182,6755861844,"確認させてください"
05:30,183,1287282214,"Call of Duty®: Mobile"
05:30,184,6739246483,"ホール・エム・オール (Hole Em All)"
05:30,185,6779478739,"Romantic Nuts & Bolts Sorting"
05:30,186,6751056652,"Pixel Flow!"
05:30,187,1556357398,"Pikmin Bloom"
05:30,188,1611490041,"メメントモリ"
05:30,189,6599838025,"Tangled Rope: Solve Puzzles!"
05:30,190,1637753593,"ジャグラーオンライン～パチスロアプリ＆パチンコ店舗情報～"
05:30,191,6466620626,"フルーツ飴の達人 - ドバイもち、パフェ、ASMR、モッパン"
05:30,192,1249924192,"青鬼"
05:30,193,6760751569,"Goods Sort Match - Sorting Fun"
05:30,194,6755670637,"Jigsort™: Solitaire"
05:30,195,433622275,"人狼ゲーム ""牢獄の悪夢"""
05:30,196,1340841589,"ナンバーパズル - 数字ジグソーパズルゲーム 人気"
05:30,197,6752886832,"ホテル・ミステリア"
05:30,198,1606703142,"Tic Tac Toe - まるばつゲーム チックタックトー"
05:30,199,1671991909,"数学パズルゲーム - クロスマス"
05:30,200,1517783697,"原神～空月の歌～"
06:30,1,6759763476,"Bus Traffic Fever!"
06:30,2,6761760135,"Meowdoku!"
06:30,3,6746180100,"幻想水滸伝 STAR LEAP"
06:30,4,6758648051,"僕のヒーローアカデミアUNITED SURVIVAL"
06:30,5,6596745408,"ちいかわぽけっと"
06:30,6,6741567125,"モンスターサバイバル"
06:30,7,6751222389,"NBAダンクシティ"
06:30,8,6771681142,"漢字分解パズル"
06:30,9,6741503079,"Pokémon Champions"
06:30,10,6748084174,"Smash Fest!"
06:30,11,1617391485,"ブロックブラスト (Block Blast)"
06:30,12,6752672568,"Block Out! - Color Sort Puzzle"
06:30,13,6755455500,"ハリウッドマージ"
06:30,14,6759081967,"Jewel Coloring"
06:30,15,6471045672,"グルメ・ジャーニー"
06:30,16,6762239563,"意味怖ストーリー：バッドエンドを回避せよ！"
06:30,17,6742122160,"TopTop(トップトップ): サクッと遊んで、パッと友達"
06:30,18,6759817762,"Titan Rush: Survival"
06:30,19,6756641135,"ホロライブドリームス"
06:30,20,6443575749,"ホワイトアウト・サバイバル"
06:30,21,6639605332,"パラノイズ"
06:30,22,1529747588,"どこでもパーティーゲーム「どこパ」：ワードウルフオンライン"
06:30,23,431946152,"Roblox (ロブロックス)"
06:30,24,6499209744,"マジックソート (Magic Sort!)"
06:30,25,6749109552,"X-Clash: サバイバル"
06:30,26,1117270703,"eFootball™"
06:30,27,6748397500,"Arrows – Puzzle Escape"
06:30,28,1482155847,"ロイヤルマッチ（Royal Match)"
06:30,29,6780891673,"Royal Smash! - Physics Puzzle"
06:30,30,6483539426,"フォートナイト"
06:30,31,6754311241,"無職転生 〜異世界行ったら本気だす〜 【クロエコ】"
06:30,32,6758080238,"トリミン2！-トリッキーミーン2 いじわる脳トレパズルゲーム"
06:30,33,6739554056,"キングショット"
06:30,34,1623318294,"ゴシップハーバー：マージ & ストーリー"
06:30,35,6757748602,"終焉のヒカリ"
06:30,36,1229016807,"ブロスタ"
06:30,37,6761818626,"エンドレスフロンティア2 放置RPG ディフェンス"
06:30,38,638689075,"タウンシップ (Township)"
06:30,39,6756185760,"Search It - Hidden Objects"
06:30,40,1094591345,"Pokémon GO"
06:30,41,6746465127,"セルサバイバー - シューティングゲーム"
06:30,42,6751537447,"Snake Puzzle: Slither to Eat!"
06:30,43,6784572173,"買い物うさぎ by クラシル"
06:30,44,6479970832,"Pokémon TCG Pocket"
06:30,45,724594093,"LINE：ディズニー ツムツム"
06:30,46,6742937695,"ペタペタペンギン団"
06:30,47,6477413486,"Level Devil - NOT A Troll Game"
06:30,48,1606549505,"ロイヤルキングダム (Royal Kingdom)"
06:30,49,1312031248,"荒野行動-スマホ版バトロワ"
06:30,50,6756058501,"Jelly Busters: パズルゲーム"
06:30,51,6757671759,"Water Sort Puzzle - Order Up"
06:30,52,6769314786,"Food Hunt: Pixel Puzzle"
06:30,53,6737022506,"ねじねじパズル"
06:30,54,6757832779,"3D Colorful Sort™ 魔法の水"
06:30,55,6748950306,"ソリティア：パズルゲーム 脳トレ カードゲーム 暇つぶし連想"
06:30,56,1222278363,"ワードウルフ決定版【新・人狼ゲーム】ワード人狼アプリ"
06:30,57,1351168404,"Among Us!"
06:30,58,6753862216,"フードスター（Foodstars）:マージ & クック"
06:30,59,6505095234,"Car Jam - バスストップ ジャムゲーム"
06:30,60,6759997224,"巡回中！即タイホ！"
06:30,61,6787983567,"価値ズレ！ - 価値観協力オンラインゲーム"
06:30,62,1423046460,"Paper.io 2"
06:30,63,1443446174,"魔法のタイルズ 3™: 音ゲー ピアノタイル"
06:30,64,6744975195,"Sled Surfers - ファーズ - 坂冒険"
06:30,65,6475757306,"Disney Solitaire ディズニー ソリティア"
06:30,66,6689516366,"バスゲーム：カーパーキング・バスゲーム"
06:30,67,1044039663,"みんなで早押しクイズ"
06:30,68,6747736697,"ドラゴンクエストスマッシュグロウ ドラクエローグライトRPG"
06:30,69,6762342518,"Fluffy Drop"
06:30,70,1569776448,"カラーソートボトルパズル色分けゲーム: Get Color"
06:30,71,6448104157,"オフラインゲーム - 暇つぶし ゲーム - パズルゲーム"
06:30,72,1469186379,"雀魂 -じゃんたま-"
06:30,73,664575829,"フィッシュダム(Fishdom)"
06:30,74,6767091927,"ジグソードロップ：ソリティアパズル"
06:30,75,6764201639,"にゃんこ銃士：放置育成RPG"
06:30,76,6760325543,"ArrowCube - 3DPuzzle"
06:30,77,658511662,"モンスターストライク"
06:30,78,6760957454,"脱出ゲーム アムステルダム"
06:30,79,6762267809,"Arrow Pro 3D"
06:30,80,6791525847,"Slow Mo Strike: ナイフ投げアクション"
06:30,81,1638139403,"ブロッククラッシュ (Block Crush)"
06:30,82,6499306806,"グッズソーティング3D：マッチゲーム"
06:30,83,6451399876,"Delta Force"
06:30,84,1517980891,"パズル&サバイバル"
06:30,85,6776146068,"[777Real] A-SLOT+ 異世界かるてっと BT"
06:30,86,6503272652,"ラストZ：サバイバルシューティング"
06:30,87,547145938,"にゃんこ大戦争"
06:30,88,6753668357,"LINE：ブロックジャム"
06:30,89,1491074310,"Tetris® - テトリス (公式ゲーム)"
06:30,90,6746743297,"Bus Fever-Car Jam Escape"
06:30,91,6749300334,"ネジ3Dパズル：ピンを外すゲーム"
06:30,92,6756247422,"デジモンUP"
06:30,93,1276424024,"オンクレならタイクレ！オンラインクレーンゲーム(オンクレ)"
06:30,94,1032346221,"妖怪ウォッチ ぷにぷに"
06:30,95,6743385713,"毛糸クラッシュ - パーキングゲーム バスのゲーム"
06:30,96,6747957875,"Family Go! - 結婚・子育て・世代継承"
06:30,97,1579464667,"Pokémon Sleep"
06:30,98,6757140488,"Sand Blocks: Drop Puzzle"
06:30,99,1415478437,"NicoFlick - フリック入力リズムゲーム"
06:30,100,6503603603,"ミステリータウン：マージゲーム (Mystery Town)"
06:30,101,1479198816,"トップウォー"
06:30,102,6788498566,"Gartic Phone"
06:30,103,1173389241,"どうぶつタワーバトル - オンライン対戦ゲーム"
06:30,104,6756989323,"ラストアサイラム：プレイグ"
06:30,105,6478063606,"カラーブロック コンボブラスト"
06:30,106,6756482832,"Brain Puzzle 3: Crazy Mind"
06:30,107,6746328263,"Castle Busters"
06:30,108,6755183085,"Yarn Loop: Knit Puzzle"
06:30,109,1489932710,"プロジェクトセカイ カラフルステージ！ feat. 初音ミク"
06:30,110,1193508329,"ナンプレ - 数字パズルゲーム"
06:30,111,6754370732,"耳だけ捜査線 - 暇つぶし論理パズルゲーム"
06:30,112,6749251466,"クッキーラン：クランブル - 放置系RPG"
06:30,113,6760453970,"ダメ恋-闇カレコレクション"
06:30,114,6755585789,"チート勇者～インベントリ攻略ゲー～RPG"
06:30,115,1458758886,"イラストチェイナー - 絵しりとりオンラインお絵描きアプリ"
06:30,116,6740043080,"Screwdom : ボルトパズルゲーム"
06:30,117,6749132002,"落ちにゃん！(Drop the Cat)"
06:30,118,6740618570,"XP Hero(ヒーロー)): まずは世界観をのぞいてみて"
06:30,119,6787609279,"Hide in Art - かくれんぼ"
06:30,120,6761100469,"Tricky Puzzle 2: 脳力テスト"
06:30,121,1643509748,"マージクッキング テーマレストラン"
06:30,122,1601400687,"2人でできるゲーム - マルチプレイ 対戦ゲーム"
06:30,123,6754558455,"Marble Sort!"
06:30,124,6476597728,"EDGE POKER (エッジポーカー)"
06:30,125,6767834940,"トップロード"
06:30,126,1344700142,"UNO!™"
06:30,127,6736896540,"ハローキティ：マイドリームストア"
06:30,128,1113270962,"みんなのオセロ【公式】オンライン対戦も遊べるオセロ対戦ゲーム"
06:30,129,6756288168,"Cookingo: Perfect Meal"
06:30,130,6756307486,"Cube Tap Sort"
06:30,131,6779167923,"Colony Flow!"
06:30,132,940320341,"プロ野球スピリッツＡ"
06:30,133,1389111413,"Hole.io"
06:30,134,6782923681,"MiloDrop YaraTube"
06:30,135,1573133915,"ルーレット - 迷った時の抽選・くじ引きアプリ（るーれっと）"
06:30,136,6477417866,"価値観ゲーム Yappi ヤッピ  おもしろボードゲーム"
06:30,137,6747492600,"麻雀ブラスト (Mahjong Blast)"
06:30,138,6769683163,"霊界大作戦"
06:30,139,1088626624,"無料ゲーム-迷った時のルーレット ランチや罰ゲーム抽選"
06:30,140,6504332779,"Color Block Jam"
06:30,141,6748996000,"ねこ旅"
06:30,142,6760801577,"[グリパチ]ロボスキーI"
06:30,143,6756994116,"イナズマイレブン クロス"
06:30,144,6760994244,"テイペンサバイバー"
06:30,145,1486214495,"ブレインテスト(Brain Test)：ひっかけパズル"
06:30,146,6745772198,"ダイトモ"
06:30,147,6797465106,"脱出ゲーム｜小鳥のいる部屋"
06:30,148,1105855019,"ガーデンスケイプ (Gardenscapes)"
06:30,149,1545088576,"777Real(777リアル) パチンコ･パチスロアプリ"
06:30,150,6744049261,"Block Color Mania, Puzzle Game"
06:30,151,6473767344,"キノコ伝説：勇者と魔法のランプ"
06:30,152,1465731199,"2 Player Games : the Challenge"
06:30,153,6642698438,"ウッドパズル：Screw ネジ外すゲーム  - 人気 脳トレ"
06:30,154,6758326278,"Amaze GO! - 矢印 パズル"
06:30,155,6739554561,"信長の野望 真戦"
06:30,156,1554440792,"Hit＆Blowオンライン（ヒットアンドブロー）"
06:30,157,6738109752,"タイルズ・サバイバル"
06:30,158,6751788348,"Water Match®- ASMR Water Sort"
06:30,159,6469306922,"数学パズルゲーム — ナンバーマッチ, クロスワード"
06:30,160,1550945606,"サッカースーパースター - サッカー"
06:30,161,895700579,"大富豪 Online"
06:30,162,1536427424,"ゴッドフィールド"
06:30,163,6468921495,"ヴィータ麻雀(Vita Mahjong)"
06:30,164,6785835684,"脱出ゲーム　夏休み　　　　新作のEscape Room謎解き"
06:30,165,1176027022,"トゥーンブラスト"
06:30,166,6443755785,"シーサイド エスケープ：マージ & ストーリー"
06:30,167,967906866,"ユニメモ"
06:30,168,6760389476,"Color Puzzle Jam - バスゲーム 車のジャム"
06:30,169,1521236603,"Travel Town - マージアドベンチャー"
06:30,170,6754559095,"E.D.E.N：最終防衛線"
06:30,171,1562817072,"Mob Control"
06:30,172,6761523148,"Flower Forest - ワードパズル"
06:30,173,6449243946,"スネーククラッシュ (Snake Clash)"
06:30,174,1597897013,"Water Sort Puzzle - ソートパズルゲーム"
06:30,175,529996768,"Bingo Blitz™ - ビンゴゲーム"
06:30,176,6499293031,"ネジマッチ - ネジ外し ナットズルゲーム"
06:30,177,6749558327,"Water Jam：3Dカラー分類ゲーム"
06:30,178,6751222488,"Order Crazy:  飲み物ソートマッチ 色とりパズル"
06:30,179,6503284107,"オールインホール (All in Hole)"
06:30,180,6749558825,"Water Sort - 色分けパズル"
06:30,181,6754098532,"ラッシュ：エクストリーム (RUSH: Xtreme)"
06:30,182,6755861844,"確認させてください"
06:30,183,1287282214,"Call of Duty®: Mobile"
06:30,184,6739246483,"ホール・エム・オール (Hole Em All)"
06:30,185,6779478739,"Romantic Nuts & Bolts Sorting"
06:30,186,6751056652,"Pixel Flow!"
06:30,187,1556357398,"Pikmin Bloom"
06:30,188,1611490041,"メメントモリ"
06:30,189,6599838025,"Tangled Rope: Solve Puzzles!"
06:30,190,1637753593,"ジャグラーオンライン～パチスロアプリ＆パチンコ店舗情報～"
06:30,191,6466620626,"フルーツ飴の達人 - ドバイもち、パフェ、ASMR、モッパン"
06:30,192,1249924192,"青鬼"
06:30,193,6760751569,"Goods Sort Match - Sorting Fun"
06:30,194,6755670637,"Jigsort™: Solitaire"
06:30,195,433622275,"人狼ゲーム ""牢獄の悪夢"""
06:30,196,1340841589,"ナンバーパズル - 数字ジグソーパズルゲーム 人気"
06:30,197,6752886832,"ホテル・ミステリア"
06:30,198,1606703142,"Tic Tac Toe - まるばつゲーム チックタックトー"
06:30,199,1671991909,"数学パズルゲーム - クロスマス"
06:30,200,1517783697,"原神～空月の歌～"
07:30,1,6759763476,"Bus Traffic Fever!"
07:30,2,6761760135,"Meowdoku!"
07:30,3,6746180100,"幻想水滸伝 STAR LEAP"
07:30,4,6758648051,"僕のヒーローアカデミアUNITED SURVIVAL"
07:30,5,6596745408,"ちいかわぽけっと"
07:30,6,6741567125,"モンスターサバイバル"
07:30,7,6751222389,"NBAダンクシティ"
07:30,8,6771681142,"漢字分解パズル"
07:30,9,6741503079,"Pokémon Champions"
07:30,10,6748084174,"Smash Fest!"
07:30,11,1617391485,"ブロックブラスト (Block Blast)"
07:30,12,6752672568,"Block Out! - Color Sort Puzzle"
07:30,13,6759081967,"Jewel Coloring"
07:30,14,6755455500,"ハリウッドマージ"
07:30,15,6471045672,"グルメ・ジャーニー"
07:30,16,6762239563,"意味怖ストーリー：バッドエンドを回避せよ！"
07:30,17,6742122160,"TopTop(トップトップ): サクッと遊んで、パッと友達"
07:30,18,6759817762,"Titan Rush: Survival"
07:30,19,6756641135,"ホロライブドリームス"
07:30,20,6639605332,"パラノイズ"
07:30,21,6443575749,"ホワイトアウト・サバイバル"
07:30,22,1529747588,"どこでもパーティーゲーム「どこパ」：ワードウルフオンライン"
07:30,23,431946152,"Roblox (ロブロックス)"
07:30,24,6499209744,"マジックソート (Magic Sort!)"
07:30,25,6749109552,"X-Clash: サバイバル"
07:30,26,1117270703,"eFootball™"
07:30,27,6748397500,"Arrows – Puzzle Escape"
07:30,28,1482155847,"ロイヤルマッチ（Royal Match)"
07:30,29,6780891673,"Royal Smash! - Physics Puzzle"
07:30,30,6754311241,"無職転生 〜異世界行ったら本気だす〜 【クロエコ】"
07:30,31,6483539426,"フォートナイト"
07:30,32,6758080238,"トリミン2！-トリッキーミーン2 いじわる脳トレパズルゲーム"
07:30,33,6739554056,"キングショット"
07:30,34,6757748602,"終焉のヒカリ"
07:30,35,1623318294,"ゴシップハーバー：マージ & ストーリー"
07:30,36,1229016807,"ブロスタ"
07:30,37,6761818626,"エンドレスフロンティア2 放置RPG ディフェンス"
07:30,38,638689075,"タウンシップ (Township)"
07:30,39,6756185760,"Search It - Hidden Objects"
07:30,40,1094591345,"Pokémon GO"
07:30,41,6746465127,"セルサバイバー - シューティングゲーム"
07:30,42,6751537447,"Snake Puzzle: Slither to Eat!"
07:30,43,6784572173,"買い物うさぎ by クラシル"
07:30,44,6479970832,"Pokémon TCG Pocket"
07:30,45,6742937695,"ペタペタペンギン団"
07:30,46,724594093,"LINE：ディズニー ツムツム"
07:30,47,6477413486,"Level Devil - NOT A Troll Game"
07:30,48,1606549505,"ロイヤルキングダム (Royal Kingdom)"
07:30,49,1312031248,"荒野行動-スマホ版バトロワ"
07:30,50,6756058501,"Jelly Busters: パズルゲーム"
07:30,51,6757671759,"Water Sort Puzzle - Order Up"
07:30,52,6769314786,"Food Hunt: Pixel Puzzle"
07:30,53,6737022506,"ねじねじパズル"
07:30,54,6748950306,"ソリティア：パズルゲーム 脳トレ カードゲーム 暇つぶし連想"
07:30,55,6757832779,"3D Colorful Sort™ 魔法の水"
07:30,56,6753862216,"フードスター（Foodstars）:マージ & クック"
07:30,57,1222278363,"ワードウルフ決定版【新・人狼ゲーム】ワード人狼アプリ"
07:30,58,1351168404,"Among Us!"
07:30,59,6505095234,"Car Jam - バスストップ ジャムゲーム"
07:30,60,6787983567,"価値ズレ！ - 価値観協力オンラインゲーム"
07:30,61,6759997224,"巡回中！即タイホ！"
07:30,62,1423046460,"Paper.io 2"
07:30,63,6475757306,"Disney Solitaire ディズニー ソリティア"
07:30,64,6689516366,"バスゲーム：カーパーキング・バスゲーム"
07:30,65,6744975195,"Sled Surfers - ファーズ - 坂冒険"
07:30,66,1443446174,"魔法のタイルズ 3™: 音ゲー ピアノタイル"
07:30,67,6760325543,"ArrowCube - 3DPuzzle"
07:30,68,1044039663,"みんなで早押しクイズ"
07:30,69,6747736697,"ドラゴンクエストスマッシュグロウ ドラクエローグライトRPG"
07:30,70,1569776448,"カラーソートボトルパズル色分けゲーム: Get Color"
07:30,71,6762342518,"Fluffy Drop"
07:30,72,6767091927,"ジグソードロップ：ソリティアパズル"
07:30,73,6448104157,"オフラインゲーム - 暇つぶし ゲーム - パズルゲーム"
07:30,74,1469186379,"雀魂 -じゃんたま-"
07:30,75,664575829,"フィッシュダム(Fishdom)"
07:30,76,6764201639,"にゃんこ銃士：放置育成RPG"
07:30,77,6760957454,"脱出ゲーム アムステルダム"
07:30,78,658511662,"モンスターストライク"
07:30,79,6762267809,"Arrow Pro 3D"
07:30,80,1638139403,"ブロッククラッシュ (Block Crush)"
07:30,81,6791525847,"Slow Mo Strike: ナイフ投げアクション"
07:30,82,6451399876,"Delta Force"
07:30,83,6499306806,"グッズソーティング3D：マッチゲーム"
07:30,84,1517980891,"パズル&サバイバル"
07:30,85,6776146068,"[777Real] A-SLOT+ 異世界かるてっと BT"
07:30,86,6503272652,"ラストZ：サバイバルシューティング"
07:30,87,547145938,"にゃんこ大戦争"
07:30,88,6753668357,"LINE：ブロックジャム"
07:30,89,6746743297,"Bus Fever-Car Jam Escape"
07:30,90,1491074310,"Tetris® - テトリス (公式ゲーム)"
07:30,91,6749300334,"ネジ3Dパズル：ピンを外すゲーム"
07:30,92,6756247422,"デジモンUP"
07:30,93,1276424024,"オンクレならタイクレ！オンラインクレーンゲーム(オンクレ)"
07:30,94,6747957875,"Family Go! - 結婚・子育て・世代継承"
07:30,95,1032346221,"妖怪ウォッチ ぷにぷに"
07:30,96,6743385713,"毛糸クラッシュ - パーキングゲーム バスのゲーム"
07:30,97,1579464667,"Pokémon Sleep"
07:30,98,6503603603,"ミステリータウン：マージゲーム (Mystery Town)"
07:30,99,1415478437,"NicoFlick - フリック入力リズムゲーム"
07:30,100,1479198816,"トップウォー"
07:30,101,6757140488,"Sand Blocks: Drop Puzzle"
07:30,102,6788498566,"Gartic Phone"
07:30,103,1173389241,"どうぶつタワーバトル - オンライン対戦ゲーム"
07:30,104,6756989323,"ラストアサイラム：プレイグ"
07:30,105,6755183085,"Yarn Loop: Knit Puzzle"
07:30,106,6756482832,"Brain Puzzle 3: Crazy Mind"
07:30,107,6478063606,"カラーブロック コンボブラスト"
07:30,108,6749251466,"クッキーラン：クランブル - 放置系RPG"
07:30,109,6746328263,"Castle Busters"
07:30,110,1489932710,"プロジェクトセカイ カラフルステージ！ feat. 初音ミク"
07:30,111,6755585789,"チート勇者～インベントリ攻略ゲー～RPG"
07:30,112,1193508329,"ナンプレ - 数字パズルゲーム"
07:30,113,6754370732,"耳だけ捜査線 - 暇つぶし論理パズルゲーム"
07:30,114,6760453970,"ダメ恋-闇カレコレクション"
07:30,115,1458758886,"イラストチェイナー - 絵しりとりオンラインお絵描きアプリ"
07:30,116,6749132002,"落ちにゃん！(Drop the Cat)"
07:30,117,6740043080,"Screwdom : ボルトパズルゲーム"
07:30,118,6740618570,"XP Hero(ヒーロー)): まずは世界観をのぞいてみて"
07:30,119,1643509748,"マージクッキング テーマレストラン"
07:30,120,6787609279,"Hide in Art - かくれんぼ"
07:30,121,6754558455,"Marble Sort!"
07:30,122,1601400687,"2人でできるゲーム - マルチプレイ 対戦ゲーム"
07:30,123,6761100469,"Tricky Puzzle 2: 脳力テスト"
07:30,124,6476597728,"EDGE POKER (エッジポーカー)"
07:30,125,6767834940,"トップロード"
07:30,126,1344700142,"UNO!™"
07:30,127,6736896540,"ハローキティ：マイドリームストア"
07:30,128,1113270962,"みんなのオセロ【公式】オンライン対戦も遊べるオセロ対戦ゲーム"
07:30,129,6756288168,"Cookingo: Perfect Meal"
07:30,130,6477417866,"価値観ゲーム Yappi ヤッピ  おもしろボードゲーム"
07:30,131,6782923681,"MiloDrop YaraTube"
07:30,132,6756307486,"Cube Tap Sort"
07:30,133,940320341,"プロ野球スピリッツＡ"
07:30,134,1389111413,"Hole.io"
07:30,135,6747492600,"麻雀ブラスト (Mahjong Blast)"
07:30,136,1573133915,"ルーレット - 迷った時の抽選・くじ引きアプリ（るーれっと）"
07:30,137,6779167923,"Colony Flow!"
07:30,138,6504332779,"Color Block Jam"
07:30,139,6769683163,"霊界大作戦"
07:30,140,6760994244,"テイペンサバイバー"
07:30,141,6756994116,"イナズマイレブン クロス"
07:30,142,6748996000,"ねこ旅"
07:30,143,1088626624,"無料ゲーム-迷った時のルーレット ランチや罰ゲーム抽選"
07:30,144,6760801577,"[グリパチ]ロボスキーI"
07:30,145,6797465106,"脱出ゲーム｜小鳥のいる部屋"
07:30,146,1545088576,"777Real(777リアル) パチンコ･パチスロアプリ"
07:30,147,1105855019,"ガーデンスケイプ (Gardenscapes)"
07:30,148,1486214495,"ブレインテスト(Brain Test)：ひっかけパズル"
07:30,149,6744049261,"Block Color Mania, Puzzle Game"
07:30,150,6745772198,"ダイトモ"
07:30,151,6473767344,"キノコ伝説：勇者と魔法のランプ"
07:30,152,6642698438,"ウッドパズル：Screw ネジ外すゲーム  - 人気 脳トレ"
07:30,153,1465731199,"2 Player Games : the Challenge"
07:30,154,6739554561,"信長の野望 真戦"
07:30,155,1554440792,"Hit＆Blowオンライン（ヒットアンドブロー）"
07:30,156,6758326278,"Amaze GO! - 矢印 パズル"
07:30,157,6751788348,"Water Match®- ASMR Water Sort"
07:30,158,6443755785,"シーサイド エスケープ：マージ & ストーリー"
07:30,159,6738109752,"タイルズ・サバイバル"
07:30,160,1536427424,"ゴッドフィールド"
07:30,161,895700579,"大富豪 Online"
07:30,162,6469306922,"数学パズルゲーム — ナンバーマッチ, クロスワード"
07:30,163,6468921495,"ヴィータ麻雀(Vita Mahjong)"
07:30,164,1176027022,"トゥーンブラスト"
07:30,165,1521236603,"Travel Town - マージアドベンチャー"
07:30,166,6785835684,"脱出ゲーム　夏休み　　　　新作のEscape Room謎解き"
07:30,167,967906866,"ユニメモ"
07:30,168,1550945606,"サッカースーパースター - サッカー"
07:30,169,6754559095,"E.D.E.N：最終防衛線"
07:30,170,6760389476,"Color Puzzle Jam - バスゲーム 車のジャム"
07:30,171,6761523148,"Flower Forest - ワードパズル"
07:30,172,1562817072,"Mob Control"
07:30,173,6449243946,"スネーククラッシュ (Snake Clash)"
07:30,174,529996768,"Bingo Blitz™ - ビンゴゲーム"
07:30,175,1597897013,"Water Sort Puzzle - ソートパズルゲーム"
07:30,176,6751222488,"Order Crazy:  飲み物ソートマッチ 色とりパズル"
07:30,177,6749558825,"Water Sort - 色分けパズル"
07:30,178,6499293031,"ネジマッチ - ネジ外し ナットズルゲーム"
07:30,179,6749558327,"Water Jam：3Dカラー分類ゲーム"
07:30,180,6503284107,"オールインホール (All in Hole)"
07:30,181,6739246483,"ホール・エム・オール (Hole Em All)"
07:30,182,1611490041,"メメントモリ"
07:30,183,6754098532,"ラッシュ：エクストリーム (RUSH: Xtreme)"
07:30,184,6779478739,"Romantic Nuts & Bolts Sorting"
07:30,185,6755861844,"確認させてください"
07:30,186,6751056652,"Pixel Flow!"
07:30,187,6599838025,"Tangled Rope: Solve Puzzles!"
07:30,188,1287282214,"Call of Duty®: Mobile"
07:30,189,1637753593,"ジャグラーオンライン～パチスロアプリ＆パチンコ店舗情報～"
07:30,190,6755670637,"Jigsort™: Solitaire"
07:30,191,1556357398,"Pikmin Bloom"
07:30,192,6752886832,"ホテル・ミステリア"
07:30,193,1249924192,"青鬼"
07:30,194,1340841589,"ナンバーパズル - 数字ジグソーパズルゲーム 人気"
07:30,195,433622275,"人狼ゲーム ""牢獄の悪夢"""
07:30,196,1347780764,"Identity V"
07:30,197,6466620626,"フルーツ飴の達人 - ドバイもち、パフェ、ASMR、モッパン"
07:30,198,6760751569,"Goods Sort Match - Sorting Fun"
07:30,199,1671991909,"数学パズルゲーム - クロスマス"
07:30,200,1606703142,"Tic Tac Toe - まるばつゲーム チックタックトー"
08:00,1,6759763476,"Bus Traffic Fever!"
08:00,2,6761760135,"Meowdoku!"
08:00,3,6746180100,"幻想水滸伝 STAR LEAP"
08:00,4,6758648051,"僕のヒーローアカデミアUNITED SURVIVAL"
08:00,5,6596745408,"ちいかわぽけっと"
08:00,6,6741567125,"モンスターサバイバル"
08:00,7,6751222389,"NBAダンクシティ"
08:00,8,6771681142,"漢字分解パズル"
08:00,9,6741503079,"Pokémon Champions"
08:00,10,6748084174,"Smash Fest!"
08:00,11,1617391485,"ブロックブラスト (Block Blast)"
08:00,12,6752672568,"Block Out! - Color Sort Puzzle"
08:00,13,6759081967,"Jewel Coloring"
08:00,14,6755455500,"ハリウッドマージ"
08:00,15,6471045672,"グルメ・ジャーニー"
08:00,16,6762239563,"意味怖ストーリー：バッドエンドを回避せよ！"
08:00,17,6742122160,"TopTop(トップトップ): サクッと遊んで、パッと友達"
08:00,18,6759817762,"Titan Rush: Survival"
08:00,19,6756641135,"ホロライブドリームス"
08:00,20,6639605332,"パラノイズ"
08:00,21,6443575749,"ホワイトアウト・サバイバル"
08:00,22,1529747588,"どこでもパーティーゲーム「どこパ」：ワードウルフオンライン"
08:00,23,431946152,"Roblox (ロブロックス)"
08:00,24,6499209744,"マジックソート (Magic Sort!)"
08:00,25,6749109552,"X-Clash: サバイバル"
08:00,26,1117270703,"eFootball™"
08:00,27,6748397500,"Arrows – Puzzle Escape"
08:00,28,1482155847,"ロイヤルマッチ（Royal Match)"
08:00,29,6780891673,"Royal Smash! - Physics Puzzle"
08:00,30,6754311241,"無職転生 〜異世界行ったら本気だす〜 【クロエコ】"
08:00,31,6483539426,"フォートナイト"
08:00,32,6758080238,"トリミン2！-トリッキーミーン2 いじわる脳トレパズルゲーム"
08:00,33,6739554056,"キングショット"
08:00,34,6757748602,"終焉のヒカリ"
08:00,35,1623318294,"ゴシップハーバー：マージ & ストーリー"
08:00,36,1229016807,"ブロスタ"
08:00,37,6761818626,"エンドレスフロンティア2 放置RPG ディフェンス"
08:00,38,638689075,"タウンシップ (Township)"
08:00,39,6756185760,"Search It - Hidden Objects"
08:00,40,1094591345,"Pokémon GO"
08:00,41,6746465127,"セルサバイバー - シューティングゲーム"
08:00,42,6751537447,"Snake Puzzle: Slither to Eat!"
08:00,43,6784572173,"買い物うさぎ by クラシル"
08:00,44,6479970832,"Pokémon TCG Pocket"
08:00,45,6742937695,"ペタペタペンギン団"
08:00,46,724594093,"LINE：ディズニー ツムツム"
08:00,47,6477413486,"Level Devil - NOT A Troll Game"
08:00,48,1606549505,"ロイヤルキングダム (Royal Kingdom)"
08:00,49,1312031248,"荒野行動-スマホ版バトロワ"
08:00,50,6756058501,"Jelly Busters: パズルゲーム"
08:00,51,6757671759,"Water Sort Puzzle - Order Up"
08:00,52,6769314786,"Food Hunt: Pixel Puzzle"
08:00,53,6737022506,"ねじねじパズル"
08:00,54,6748950306,"ソリティア：パズルゲーム 脳トレ カードゲーム 暇つぶし連想"
08:00,55,6757832779,"3D Colorful Sort™ 魔法の水"
08:00,56,6753862216,"フードスター（Foodstars）:マージ & クック"
08:00,57,1222278363,"ワードウルフ決定版【新・人狼ゲーム】ワード人狼アプリ"
08:00,58,1351168404,"Among Us!"
08:00,59,6505095234,"Car Jam - バスストップ ジャムゲーム"
08:00,60,6787983567,"価値ズレ！ - 価値観協力オンラインゲーム"
08:00,61,6759997224,"巡回中！即タイホ！"
08:00,62,1423046460,"Paper.io 2"
08:00,63,6475757306,"Disney Solitaire ディズニー ソリティア"
08:00,64,6689516366,"バスゲーム：カーパーキング・バスゲーム"
08:00,65,6744975195,"Sled Surfers - ファーズ - 坂冒険"
08:00,66,1443446174,"魔法のタイルズ 3™: 音ゲー ピアノタイル"
08:00,67,6760325543,"ArrowCube - 3DPuzzle"
08:00,68,1044039663,"みんなで早押しクイズ"
08:00,69,6747736697,"ドラゴンクエストスマッシュグロウ ドラクエローグライトRPG"
08:00,70,1569776448,"カラーソートボトルパズル色分けゲーム: Get Color"
08:00,71,6762342518,"Fluffy Drop"
08:00,72,6767091927,"ジグソードロップ：ソリティアパズル"
08:00,73,6448104157,"オフラインゲーム - 暇つぶし ゲーム - パズルゲーム"
08:00,74,1469186379,"雀魂 -じゃんたま-"
08:00,75,664575829,"フィッシュダム(Fishdom)"
08:00,76,6764201639,"にゃんこ銃士：放置育成RPG"
08:00,77,6760957454,"脱出ゲーム アムステルダム"
08:00,78,658511662,"モンスターストライク"
08:00,79,6762267809,"Arrow Pro 3D"
08:00,80,1638139403,"ブロッククラッシュ (Block Crush)"
08:00,81,6791525847,"Slow Mo Strike: ナイフ投げアクション"
08:00,82,6451399876,"Delta Force"
08:00,83,6499306806,"グッズソーティング3D：マッチゲーム"
08:00,84,1517980891,"パズル&サバイバル"
08:00,85,6776146068,"[777Real] A-SLOT+ 異世界かるてっと BT"
08:00,86,6503272652,"ラストZ：サバイバルシューティング"
08:00,87,547145938,"にゃんこ大戦争"
08:00,88,6753668357,"LINE：ブロックジャム"
08:00,89,6746743297,"Bus Fever-Car Jam Escape"
08:00,90,1491074310,"Tetris® - テトリス (公式ゲーム)"
08:00,91,6749300334,"ネジ3Dパズル：ピンを外すゲーム"
08:00,92,6756247422,"デジモンUP"
08:00,93,1276424024,"オンクレならタイクレ！オンラインクレーンゲーム(オンクレ)"
08:00,94,6747957875,"Family Go! - 結婚・子育て・世代継承"
08:00,95,1032346221,"妖怪ウォッチ ぷにぷに"
08:00,96,6743385713,"毛糸クラッシュ - パーキングゲーム バスのゲーム"
08:00,97,1579464667,"Pokémon Sleep"
08:00,98,6503603603,"ミステリータウン：マージゲーム (Mystery Town)"
08:00,99,1415478437,"NicoFlick - フリック入力リズムゲーム"
08:00,100,1479198816,"トップウォー"
08:00,101,6757140488,"Sand Blocks: Drop Puzzle"
08:00,102,6788498566,"Gartic Phone"
08:00,103,1173389241,"どうぶつタワーバトル - オンライン対戦ゲーム"
08:00,104,6756989323,"ラストアサイラム：プレイグ"
08:00,105,6755183085,"Yarn Loop: Knit Puzzle"
08:00,106,6756482832,"Brain Puzzle 3: Crazy Mind"
08:00,107,6478063606,"カラーブロック コンボブラスト"
08:00,108,6749251466,"クッキーラン：クランブル - 放置系RPG"
08:00,109,6746328263,"Castle Busters"
08:00,110,1489932710,"プロジェクトセカイ カラフルステージ！ feat. 初音ミク"
08:00,111,6755585789,"チート勇者～インベントリ攻略ゲー～RPG"
08:00,112,1193508329,"ナンプレ - 数字パズルゲーム"
08:00,113,6754370732,"耳だけ捜査線 - 暇つぶし論理パズルゲーム"
08:00,114,6760453970,"ダメ恋-闇カレコレクション"
08:00,115,1458758886,"イラストチェイナー - 絵しりとりオンラインお絵描きアプリ"
08:00,116,6749132002,"落ちにゃん！(Drop the Cat)"
08:00,117,6740043080,"Screwdom : ボルトパズルゲーム"
08:00,118,6740618570,"XP Hero(ヒーロー)): まずは世界観をのぞいてみて"
08:00,119,1643509748,"マージクッキング テーマレストラン"
08:00,120,6787609279,"Hide in Art - かくれんぼ"
08:00,121,6754558455,"Marble Sort!"
08:00,122,1601400687,"2人でできるゲーム - マルチプレイ 対戦ゲーム"
08:00,123,6761100469,"Tricky Puzzle 2: 脳力テスト"
08:00,124,6476597728,"EDGE POKER (エッジポーカー)"
08:00,125,6767834940,"トップロード"
08:00,126,1344700142,"UNO!™"
08:00,127,6736896540,"ハローキティ：マイドリームストア"
08:00,128,1113270962,"みんなのオセロ【公式】オンライン対戦も遊べるオセロ対戦ゲーム"
08:00,129,6756288168,"Cookingo: Perfect Meal"
08:00,130,6477417866,"価値観ゲーム Yappi ヤッピ  おもしろボードゲーム"
08:00,131,6782923681,"MiloDrop YaraTube"
08:00,132,6756307486,"Cube Tap Sort"
08:00,133,940320341,"プロ野球スピリッツＡ"
08:00,134,1389111413,"Hole.io"
08:00,135,6747492600,"麻雀ブラスト (Mahjong Blast)"
08:00,136,1573133915,"ルーレット - 迷った時の抽選・くじ引きアプリ（るーれっと）"
08:00,137,6779167923,"Colony Flow!"
08:00,138,6504332779,"Color Block Jam"
08:00,139,6769683163,"霊界大作戦"
08:00,140,6760994244,"テイペンサバイバー"
08:00,141,6756994116,"イナズマイレブン クロス"
08:00,142,6748996000,"ねこ旅"
08:00,143,1088626624,"無料ゲーム-迷った時のルーレット ランチや罰ゲーム抽選"
08:00,144,6760801577,"[グリパチ]ロボスキーI"
08:00,145,6797465106,"脱出ゲーム｜小鳥のいる部屋"
08:00,146,1545088576,"777Real(777リアル) パチンコ･パチスロアプリ"
08:00,147,1105855019,"ガーデンスケイプ (Gardenscapes)"
08:00,148,1486214495,"ブレインテスト(Brain Test)：ひっかけパズル"
08:00,149,6744049261,"Block Color Mania, Puzzle Game"
08:00,150,6745772198,"ダイトモ"
08:00,151,6473767344,"キノコ伝説：勇者と魔法のランプ"
08:00,152,6642698438,"ウッドパズル：Screw ネジ外すゲーム  - 人気 脳トレ"
08:00,153,1465731199,"2 Player Games : the Challenge"
08:00,154,6739554561,"信長の野望 真戦"
08:00,155,1554440792,"Hit＆Blowオンライン（ヒットアンドブロー）"
08:00,156,6758326278,"Amaze GO! - 矢印 パズル"
08:00,157,6751788348,"Water Match®- ASMR Water Sort"
08:00,158,6443755785,"シーサイド エスケープ：マージ & ストーリー"
08:00,159,6738109752,"タイルズ・サバイバル"
08:00,160,1536427424,"ゴッドフィールド"
08:00,161,895700579,"大富豪 Online"
08:00,162,6469306922,"数学パズルゲーム — ナンバーマッチ, クロスワード"
08:00,163,6468921495,"ヴィータ麻雀(Vita Mahjong)"
08:00,164,1176027022,"トゥーンブラスト"
08:00,165,1521236603,"Travel Town - マージアドベンチャー"
08:00,166,6785835684,"脱出ゲーム　夏休み　　　　新作のEscape Room謎解き"
08:00,167,967906866,"ユニメモ"
08:00,168,1550945606,"サッカースーパースター - サッカー"
08:00,169,6754559095,"E.D.E.N：最終防衛線"
08:00,170,6760389476,"Color Puzzle Jam - バスゲーム 車のジャム"
08:00,171,6761523148,"Flower Forest - ワードパズル"
08:00,172,1562817072,"Mob Control"
08:00,173,6449243946,"スネーククラッシュ (Snake Clash)"
08:00,174,529996768,"Bingo Blitz™ - ビンゴゲーム"
08:00,175,1597897013,"Water Sort Puzzle - ソートパズルゲーム"
08:00,176,6751222488,"Order Crazy:  飲み物ソートマッチ 色とりパズル"
08:00,177,6749558825,"Water Sort - 色分けパズル"
08:00,178,6499293031,"ネジマッチ - ネジ外し ナットズルゲーム"
08:00,179,6749558327,"Water Jam：3Dカラー分類ゲーム"
08:00,180,6503284107,"オールインホール (All in Hole)"
08:00,181,6739246483,"ホール・エム・オール (Hole Em All)"
08:00,182,1611490041,"メメントモリ"
08:00,183,6754098532,"ラッシュ：エクストリーム (RUSH: Xtreme)"
08:00,184,6779478739,"Romantic Nuts & Bolts Sorting"
08:00,185,6755861844,"確認させてください"
08:00,186,6751056652,"Pixel Flow!"
08:00,187,6599838025,"Tangled Rope: Solve Puzzles!"
08:00,188,1287282214,"Call of Duty®: Mobile"
08:00,189,1637753593,"ジャグラーオンライン～パチスロアプリ＆パチンコ店舗情報～"
08:00,190,6755670637,"Jigsort™: Solitaire"
08:00,191,1556357398,"Pikmin Bloom"
08:00,192,6752886832,"ホテル・ミステリア"
08:00,193,1249924192,"青鬼"
08:00,194,1340841589,"ナンバーパズル - 数字ジグソーパズルゲーム 人気"
08:00,195,433622275,"人狼ゲーム ""牢獄の悪夢"""
08:00,196,1347780764,"Identity V"
08:00,197,6466620626,"フルーツ飴の達人 - ドバイもち、パフェ、ASMR、モッパン"
08:00,198,6760751569,"Goods Sort Match - Sorting Fun"
08:00,199,1671991909,"数学パズルゲーム - クロスマス"
08:00,200,1606703142,"Tic Tac Toe - まるばつゲーム チックタックトー"
08:30,1,6759763476,"Bus Traffic Fever!"
08:30,2,6761760135,"Meowdoku!"
08:30,3,6746180100,"幻想水滸伝 STAR LEAP"
08:30,4,6758648051,"僕のヒーローアカデミアUNITED SURVIVAL"
08:30,5,6596745408,"ちいかわぽけっと"
08:30,6,6741567125,"モンスターサバイバル"
08:30,7,6751222389,"NBAダンクシティ"
08:30,8,6771681142,"漢字分解パズル"
08:30,9,6741503079,"Pokémon Champions"
08:30,10,6748084174,"Smash Fest!"
08:30,11,1617391485,"ブロックブラスト (Block Blast)"
08:30,12,6752672568,"Block Out! - Color Sort Puzzle"
08:30,13,6759081967,"Jewel Coloring"
08:30,14,6755455500,"ハリウッドマージ"
08:30,15,6471045672,"グルメ・ジャーニー"
08:30,16,6762239563,"意味怖ストーリー：バッドエンドを回避せよ！"
08:30,17,6742122160,"TopTop(トップトップ): サクッと遊んで、パッと友達"
08:30,18,6759817762,"Titan Rush: Survival"
08:30,19,6756641135,"ホロライブドリームス"
08:30,20,6639605332,"パラノイズ"
08:30,21,6443575749,"ホワイトアウト・サバイバル"
08:30,22,1529747588,"どこでもパーティーゲーム「どこパ」：ワードウルフオンライン"
08:30,23,431946152,"Roblox (ロブロックス)"
08:30,24,6499209744,"マジックソート (Magic Sort!)"
08:30,25,6749109552,"X-Clash: サバイバル"
08:30,26,1117270703,"eFootball™"
08:30,27,6748397500,"Arrows – Puzzle Escape"
08:30,28,1482155847,"ロイヤルマッチ（Royal Match)"
08:30,29,6780891673,"Royal Smash! - Physics Puzzle"
08:30,30,6754311241,"無職転生 〜異世界行ったら本気だす〜 【クロエコ】"
08:30,31,6483539426,"フォートナイト"
08:30,32,6758080238,"トリミン2！-トリッキーミーン2 いじわる脳トレパズルゲーム"
08:30,33,6739554056,"キングショット"
08:30,34,1623318294,"ゴシップハーバー：マージ & ストーリー"
08:30,35,1229016807,"ブロスタ"
08:30,36,6761818626,"エンドレスフロンティア2 放置RPG ディフェンス"
08:30,37,638689075,"タウンシップ (Township)"
08:30,38,6756185760,"Search It - Hidden Objects"
08:30,39,1094591345,"Pokémon GO"
08:30,40,6746465127,"セルサバイバー - シューティングゲーム"
08:30,41,6751537447,"Snake Puzzle: Slither to Eat!"
08:30,42,6784572173,"買い物うさぎ by クラシル"
08:30,43,6479970832,"Pokémon TCG Pocket"
08:30,44,6742937695,"ペタペタペンギン団"
08:30,45,724594093,"LINE：ディズニー ツムツム"
08:30,46,6477413486,"Level Devil - NOT A Troll Game"
08:30,47,1606549505,"ロイヤルキングダム (Royal Kingdom)"
08:30,48,1312031248,"荒野行動-スマホ版バトロワ"
08:30,49,6756058501,"Jelly Busters: パズルゲーム"
08:30,50,6757671759,"Water Sort Puzzle - Order Up"
08:30,51,6769314786,"Food Hunt: Pixel Puzzle"
08:30,52,6737022506,"ねじねじパズル"
08:30,53,6748950306,"ソリティア：パズルゲーム 脳トレ カードゲーム 暇つぶし連想"
08:30,54,6757832779,"3D Colorful Sort™ 魔法の水"
08:30,55,6753862216,"フードスター（Foodstars）:マージ & クック"
08:30,56,1222278363,"ワードウルフ決定版【新・人狼ゲーム】ワード人狼アプリ"
08:30,57,1351168404,"Among Us!"
08:30,58,6505095234,"Car Jam - バスストップ ジャムゲーム"
08:30,59,6787983567,"価値ズレ！ - 価値観協力オンラインゲーム"
08:30,60,6759997224,"巡回中！即タイホ！"
08:30,61,1423046460,"Paper.io 2"
08:30,62,6475757306,"Disney Solitaire ディズニー ソリティア"
08:30,63,6689516366,"バスゲーム：カーパーキング・バスゲーム"
08:30,64,6744975195,"Sled Surfers - ファーズ - 坂冒険"
08:30,65,1443446174,"魔法のタイルズ 3™: 音ゲー ピアノタイル"
08:30,66,6760325543,"ArrowCube - 3DPuzzle"
08:30,67,1044039663,"みんなで早押しクイズ"
08:30,68,6747736697,"ドラゴンクエストスマッシュグロウ ドラクエローグライトRPG"
08:30,69,1569776448,"カラーソートボトルパズル色分けゲーム: Get Color"
08:30,70,6762342518,"Fluffy Drop"
08:30,71,6767091927,"ジグソードロップ：ソリティアパズル"
08:30,72,6448104157,"オフラインゲーム - 暇つぶし ゲーム - パズルゲーム"
08:30,73,1469186379,"雀魂 -じゃんたま-"
08:30,74,664575829,"フィッシュダム(Fishdom)"
08:30,75,6764201639,"にゃんこ銃士：放置育成RPG"
08:30,76,6760957454,"脱出ゲーム アムステルダム"
08:30,77,658511662,"モンスターストライク"
08:30,78,6762267809,"Arrow Pro 3D"
08:30,79,1638139403,"ブロッククラッシュ (Block Crush)"
08:30,80,6791525847,"Slow Mo Strike: ナイフ投げアクション"
08:30,81,6451399876,"Delta Force"
08:30,82,6499306806,"グッズソーティング3D：マッチゲーム"
08:30,83,1517980891,"パズル&サバイバル"
08:30,84,6776146068,"[777Real] A-SLOT+ 異世界かるてっと BT"
08:30,85,6503272652,"ラストZ：サバイバルシューティング"
08:30,86,547145938,"にゃんこ大戦争"
08:30,87,6753668357,"LINE：ブロックジャム"
08:30,88,6746743297,"Bus Fever-Car Jam Escape"
08:30,89,1491074310,"Tetris® - テトリス (公式ゲーム)"
08:30,90,6749300334,"ネジ3Dパズル：ピンを外すゲーム"
08:30,91,6756247422,"デジモンUP"
08:30,92,1276424024,"オンクレならタイクレ！オンラインクレーンゲーム(オンクレ)"
08:30,93,6747957875,"Family Go! - 結婚・子育て・世代継承"
08:30,94,1032346221,"妖怪ウォッチ ぷにぷに"
08:30,95,6743385713,"毛糸クラッシュ - パーキングゲーム バスのゲーム"
08:30,96,1579464667,"Pokémon Sleep"
08:30,97,6503603603,"ミステリータウン：マージゲーム (Mystery Town)"
08:30,98,1415478437,"NicoFlick - フリック入力リズムゲーム"
08:30,99,1479198816,"トップウォー"
08:30,100,6757140488,"Sand Blocks: Drop Puzzle"
08:30,101,6788498566,"Gartic Phone"
08:30,102,1173389241,"どうぶつタワーバトル - オンライン対戦ゲーム"
08:30,103,6756989323,"ラストアサイラム：プレイグ"
08:30,104,6755183085,"Yarn Loop: Knit Puzzle"
08:30,105,6756482832,"Brain Puzzle 3: Crazy Mind"
08:30,106,6478063606,"カラーブロック コンボブラスト"
08:30,107,6749251466,"クッキーラン：クランブル - 放置系RPG"
08:30,108,6746328263,"Castle Busters"
08:30,109,1489932710,"プロジェクトセカイ カラフルステージ！ feat. 初音ミク"
08:30,110,6755585789,"チート勇者～インベントリ攻略ゲー～RPG"
08:30,111,1193508329,"ナンプレ - 数字パズルゲーム"
08:30,112,6754370732,"耳だけ捜査線 - 暇つぶし論理パズルゲーム"
08:30,113,6760453970,"ダメ恋-闇カレコレクション"
08:30,114,1458758886,"イラストチェイナー - 絵しりとりオンラインお絵描きアプリ"
08:30,115,6749132002,"落ちにゃん！(Drop the Cat)"
08:30,116,6740043080,"Screwdom : ボルトパズルゲーム"
08:30,117,6740618570,"XP Hero(ヒーロー)): まずは世界観をのぞいてみて"
08:30,118,1643509748,"マージクッキング テーマレストラン"
08:30,119,6787609279,"Hide in Art - かくれんぼ"
08:30,120,6754558455,"Marble Sort!"
08:30,121,1601400687,"2人でできるゲーム - マルチプレイ 対戦ゲーム"
08:30,122,6761100469,"Tricky Puzzle 2: 脳力テスト"
08:30,123,6476597728,"EDGE POKER (エッジポーカー)"
08:30,124,6767834940,"トップロード"
08:30,125,1344700142,"UNO!™"
08:30,126,6736896540,"ハローキティ：マイドリームストア"
08:30,127,1113270962,"みんなのオセロ【公式】オンライン対戦も遊べるオセロ対戦ゲーム"
08:30,128,6756288168,"Cookingo: Perfect Meal"
08:30,129,6477417866,"価値観ゲーム Yappi ヤッピ  おもしろボードゲーム"
08:30,130,6782923681,"MiloDrop YaraTube"
08:30,131,6756307486,"Cube Tap Sort"
08:30,132,940320341,"プロ野球スピリッツＡ"
08:30,133,1389111413,"Hole.io"
08:30,134,6747492600,"麻雀ブラスト (Mahjong Blast)"
08:30,135,1573133915,"ルーレット - 迷った時の抽選・くじ引きアプリ（るーれっと）"
08:30,136,6779167923,"Colony Flow!"
08:30,137,6504332779,"Color Block Jam"
08:30,138,6769683163,"霊界大作戦"
08:30,139,6760994244,"テイペンサバイバー"
08:30,140,6756994116,"イナズマイレブン クロス"
08:30,141,6748996000,"ねこ旅"
08:30,142,1088626624,"無料ゲーム-迷った時のルーレット ランチや罰ゲーム抽選"
08:30,143,6760801577,"[グリパチ]ロボスキーI"
08:30,144,6797465106,"脱出ゲーム｜小鳥のいる部屋"
08:30,145,1545088576,"777Real(777リアル) パチンコ･パチスロアプリ"
08:30,146,1105855019,"ガーデンスケイプ (Gardenscapes)"
08:30,147,1486214495,"ブレインテスト(Brain Test)：ひっかけパズル"
08:30,148,6744049261,"Block Color Mania, Puzzle Game"
08:30,149,6745772198,"ダイトモ"
08:30,150,6473767344,"キノコ伝説：勇者と魔法のランプ"
08:30,151,6642698438,"ウッドパズル：Screw ネジ外すゲーム  - 人気 脳トレ"
08:30,152,1465731199,"2 Player Games : the Challenge"
08:30,153,6739554561,"信長の野望 真戦"
08:30,154,1554440792,"Hit＆Blowオンライン（ヒットアンドブロー）"
08:30,155,6758326278,"Amaze GO! - 矢印 パズル"
08:30,156,6751788348,"Water Match®- ASMR Water Sort"
08:30,157,6443755785,"シーサイド エスケープ：マージ & ストーリー"
08:30,158,6738109752,"タイルズ・サバイバル"
08:30,159,1536427424,"ゴッドフィールド"
08:30,160,895700579,"大富豪 Online"
08:30,161,6469306922,"数学パズルゲーム — ナンバーマッチ, クロスワード"
08:30,162,6468921495,"ヴィータ麻雀(Vita Mahjong)"
08:30,163,1176027022,"トゥーンブラスト"
08:30,164,1521236603,"Travel Town - マージアドベンチャー"
08:30,165,6785835684,"脱出ゲーム　夏休み　　　　新作のEscape Room謎解き"
08:30,166,967906866,"ユニメモ"
08:30,167,1550945606,"サッカースーパースター - サッカー"
08:30,168,6754559095,"E.D.E.N：最終防衛線"
08:30,169,6760389476,"Color Puzzle Jam - バスゲーム 車のジャム"
08:30,170,6761523148,"Flower Forest - ワードパズル"
08:30,171,1562817072,"Mob Control"
08:30,172,6449243946,"スネーククラッシュ (Snake Clash)"
08:30,173,529996768,"Bingo Blitz™ - ビンゴゲーム"
08:30,174,1597897013,"Water Sort Puzzle - ソートパズルゲーム"
08:30,175,6751222488,"Order Crazy:  飲み物ソートマッチ 色とりパズル"
08:30,176,6749558825,"Water Sort - 色分けパズル"
08:30,177,6499293031,"ネジマッチ - ネジ外し ナットズルゲーム"
08:30,178,6749558327,"Water Jam：3Dカラー分類ゲーム"
08:30,179,6503284107,"オールインホール (All in Hole)"
08:30,180,6739246483,"ホール・エム・オール (Hole Em All)"
08:30,181,1611490041,"メメントモリ"
08:30,182,6754098532,"ラッシュ：エクストリーム (RUSH: Xtreme)"
08:30,183,6779478739,"Romantic Nuts & Bolts Sorting"
08:30,184,6755861844,"確認させてください"
08:30,185,6751056652,"Pixel Flow!"
08:30,186,6599838025,"Tangled Rope: Solve Puzzles!"
08:30,187,1287282214,"Call of Duty®: Mobile"
08:30,188,1637753593,"ジャグラーオンライン～パチスロアプリ＆パチンコ店舗情報～"
08:30,189,6755670637,"Jigsort™: Solitaire"
08:30,190,1556357398,"Pikmin Bloom"
08:30,191,6752886832,"ホテル・ミステリア"
08:30,192,1249924192,"青鬼"
08:30,193,1340841589,"ナンバーパズル - 数字ジグソーパズルゲーム 人気"
08:30,194,433622275,"人狼ゲーム ""牢獄の悪夢"""
08:30,195,1347780764,"Identity V"
08:30,196,6466620626,"フルーツ飴の達人 - ドバイもち、パフェ、ASMR、モッパン"
08:30,197,6760751569,"Goods Sort Match - Sorting Fun"
08:30,198,1671991909,"数学パズルゲーム - クロスマス"
08:30,199,1606703142,"Tic Tac Toe - まるばつゲーム チックタックトー"
08:30,200,1517783697,"原神～空月の歌～"
10:30,1,6759763476,"Bus Traffic Fever!"
10:30,2,6761760135,"Meowdoku!"
10:30,3,6746180100,"幻想水滸伝 STAR LEAP"
10:30,4,6758648051,"僕のヒーローアカデミアUNITED SURVIVAL"
10:30,5,6596745408,"ちいかわぽけっと"
10:30,6,6741567125,"モンスターサバイバル"
10:30,7,6751222389,"NBAダンクシティ"
10:30,8,6771681142,"漢字分解パズル"
10:30,9,6741503079,"Pokémon Champions"
10:30,10,6748084174,"Smash Fest!"
10:30,11,1617391485,"ブロックブラスト (Block Blast)"
10:30,12,6752672568,"Block Out! - Color Sort Puzzle"
10:30,13,6759081967,"Jewel Coloring"
10:30,14,6755455500,"ハリウッドマージ"
10:30,15,6471045672,"グルメ・ジャーニー"
10:30,16,6762239563,"意味怖ストーリー：バッドエンドを回避せよ！"
10:30,17,6742122160,"TopTop(トップトップ): サクッと遊んで、パッと友達"
10:30,18,6759817762,"Titan Rush: Survival"
10:30,19,6756641135,"ホロライブドリームス"
10:30,20,6639605332,"パラノイズ"
10:30,21,6443575749,"ホワイトアウト・サバイバル"
10:30,22,1529747588,"どこでもパーティーゲーム「どこパ」：ワードウルフオンライン"
10:30,23,431946152,"Roblox (ロブロックス)"
10:30,24,6499209744,"マジックソート (Magic Sort!)"
10:30,25,6749109552,"X-Clash: サバイバル"
10:30,26,1117270703,"eFootball™"
10:30,27,6748397500,"Arrows – Puzzle Escape"
10:30,28,1482155847,"ロイヤルマッチ（Royal Match)"
10:30,29,6780891673,"Royal Smash! - Physics Puzzle"
10:30,30,6754311241,"無職転生 〜異世界行ったら本気だす〜 【クロエコ】"
10:30,31,6483539426,"フォートナイト"
10:30,32,6758080238,"トリミン2！-トリッキーミーン2 いじわる脳トレパズルゲーム"
10:30,33,6739554056,"キングショット"
10:30,34,1623318294,"ゴシップハーバー：マージ & ストーリー"
10:30,35,1229016807,"ブロスタ"
10:30,36,6761818626,"エンドレスフロンティア2 放置RPG ディフェンス"
10:30,37,638689075,"タウンシップ (Township)"
10:30,38,6756185760,"Search It - Hidden Objects"
10:30,39,1094591345,"Pokémon GO"
10:30,40,6746465127,"セルサバイバー - シューティングゲーム"
10:30,41,6751537447,"Snake Puzzle: Slither to Eat!"
10:30,42,6784572173,"買い物うさぎ by クラシル"
10:30,43,6479970832,"Pokémon TCG Pocket"
10:30,44,6742937695,"ペタペタペンギン団"
10:30,45,724594093,"LINE：ディズニー ツムツム"
10:30,46,6477413486,"Level Devil - NOT A Troll Game"
10:30,47,1606549505,"ロイヤルキングダム (Royal Kingdom)"
10:30,48,1312031248,"荒野行動-スマホ版バトロワ"
10:30,49,6756058501,"Jelly Busters: パズルゲーム"
10:30,50,6757671759,"Water Sort Puzzle - Order Up"
10:30,51,6769314786,"Food Hunt: Pixel Puzzle"
10:30,52,6737022506,"ねじねじパズル"
10:30,53,6748950306,"ソリティア：パズルゲーム 脳トレ カードゲーム 暇つぶし連想"
10:30,54,6757832779,"3D Colorful Sort™ 魔法の水"
10:30,55,6753862216,"フードスター（Foodstars）:マージ & クック"
10:30,56,1222278363,"ワードウルフ決定版【新・人狼ゲーム】ワード人狼アプリ"
10:30,57,1351168404,"Among Us!"
10:30,58,6505095234,"Car Jam - バスストップ ジャムゲーム"
10:30,59,6787983567,"価値ズレ！ - 価値観協力オンラインゲーム"
10:30,60,6759997224,"巡回中！即タイホ！"
10:30,61,1423046460,"Paper.io 2"
10:30,62,6475757306,"Disney Solitaire ディズニー ソリティア"
10:30,63,6689516366,"バスゲーム：カーパーキング・バスゲーム"
10:30,64,6744975195,"Sled Surfers - ファーズ - 坂冒険"
10:30,65,1443446174,"魔法のタイルズ 3™: 音ゲー ピアノタイル"
10:30,66,6760325543,"ArrowCube - 3DPuzzle"
10:30,67,1044039663,"みんなで早押しクイズ"
10:30,68,6747736697,"ドラゴンクエストスマッシュグロウ ドラクエローグライトRPG"
10:30,69,1569776448,"カラーソートボトルパズル色分けゲーム: Get Color"
10:30,70,6762342518,"Fluffy Drop"
10:30,71,6767091927,"ジグソードロップ：ソリティアパズル"
10:30,72,6448104157,"オフラインゲーム - 暇つぶし ゲーム - パズルゲーム"
10:30,73,1469186379,"雀魂 -じゃんたま-"
10:30,74,664575829,"フィッシュダム(Fishdom)"
10:30,75,6764201639,"にゃんこ銃士：放置育成RPG"
10:30,76,6760957454,"脱出ゲーム アムステルダム"
10:30,77,658511662,"モンスターストライク"
10:30,78,6762267809,"Arrow Pro 3D"
10:30,79,1638139403,"ブロッククラッシュ (Block Crush)"
10:30,80,6791525847,"Slow Mo Strike: ナイフ投げアクション"
10:30,81,6451399876,"Delta Force"
10:30,82,6499306806,"グッズソーティング3D：マッチゲーム"
10:30,83,1517980891,"パズル&サバイバル"
10:30,84,6776146068,"[777Real] A-SLOT+ 異世界かるてっと BT"
10:30,85,6503272652,"ラストZ：サバイバルシューティング"
10:30,86,547145938,"にゃんこ大戦争"
10:30,87,6753668357,"LINE：ブロックジャム"
10:30,88,6746743297,"Bus Fever-Car Jam Escape"
10:30,89,1491074310,"Tetris® - テトリス (公式ゲーム)"
10:30,90,6749300334,"ネジ3Dパズル：ピンを外すゲーム"
10:30,91,6756247422,"デジモンUP"
10:30,92,1276424024,"オンクレならタイクレ！オンラインクレーンゲーム(オンクレ)"
10:30,93,6747957875,"Family Go! - 結婚・子育て・世代継承"
10:30,94,1032346221,"妖怪ウォッチ ぷにぷに"
10:30,95,6743385713,"毛糸クラッシュ - パーキングゲーム バスのゲーム"
10:30,96,1579464667,"Pokémon Sleep"
10:30,97,6503603603,"ミステリータウン：マージゲーム (Mystery Town)"
10:30,98,1415478437,"NicoFlick - フリック入力リズムゲーム"
10:30,99,1479198816,"トップウォー"
10:30,100,6757140488,"Sand Blocks: Drop Puzzle"
10:30,101,6788498566,"Gartic Phone"
10:30,102,1173389241,"どうぶつタワーバトル - オンライン対戦ゲーム"
10:30,103,6756989323,"ラストアサイラム：プレイグ"
10:30,104,6755183085,"Yarn Loop: Knit Puzzle"
10:30,105,6756482832,"Brain Puzzle 3: Crazy Mind"
10:30,106,6478063606,"カラーブロック コンボブラスト"
10:30,107,6749251466,"クッキーラン：クランブル - 放置系RPG"
10:30,108,6746328263,"Castle Busters"
10:30,109,1489932710,"プロジェクトセカイ カラフルステージ！ feat. 初音ミク"
10:30,110,6755585789,"チート勇者～インベントリ攻略ゲー～RPG"
10:30,111,1193508329,"ナンプレ - 数字パズルゲーム"
10:30,112,6754370732,"耳だけ捜査線 - 暇つぶし論理パズルゲーム"
10:30,113,6760453970,"ダメ恋-闇カレコレクション"
10:30,114,1458758886,"イラストチェイナー - 絵しりとりオンラインお絵描きアプリ"
10:30,115,6749132002,"落ちにゃん！(Drop the Cat)"
10:30,116,6740043080,"Screwdom : ボルトパズルゲーム"
10:30,117,6740618570,"XP Hero(ヒーロー)): まずは世界観をのぞいてみて"
10:30,118,1643509748,"マージクッキング テーマレストラン"
10:30,119,6787609279,"Hide in Art - かくれんぼ"
10:30,120,6754558455,"Marble Sort!"
10:30,121,1601400687,"2人でできるゲーム - マルチプレイ 対戦ゲーム"
10:30,122,6761100469,"Tricky Puzzle 2: 脳力テスト"
10:30,123,6476597728,"EDGE POKER (エッジポーカー)"
10:30,124,6767834940,"トップロード"
10:30,125,1344700142,"UNO!™"
10:30,126,6736896540,"ハローキティ：マイドリームストア"
10:30,127,1113270962,"みんなのオセロ【公式】オンライン対戦も遊べるオセロ対戦ゲーム"
10:30,128,6756288168,"Cookingo: Perfect Meal"
10:30,129,6477417866,"価値観ゲーム Yappi ヤッピ  おもしろボードゲーム"
10:30,130,6782923681,"MiloDrop YaraTube"
10:30,131,6756307486,"Cube Tap Sort"
10:30,132,940320341,"プロ野球スピリッツＡ"
10:30,133,1389111413,"Hole.io"
10:30,134,6747492600,"麻雀ブラスト (Mahjong Blast)"
10:30,135,1573133915,"ルーレット - 迷った時の抽選・くじ引きアプリ（るーれっと）"
10:30,136,6779167923,"Colony Flow!"
10:30,137,6504332779,"Color Block Jam"
10:30,138,6769683163,"霊界大作戦"
10:30,139,6760994244,"テイペンサバイバー"
10:30,140,6756994116,"イナズマイレブン クロス"
10:30,141,6748996000,"ねこ旅"
10:30,142,1088626624,"無料ゲーム-迷った時のルーレット ランチや罰ゲーム抽選"
10:30,143,6760801577,"[グリパチ]ロボスキーI"
10:30,144,6797465106,"脱出ゲーム｜小鳥のいる部屋"
10:30,145,1545088576,"777Real(777リアル) パチンコ･パチスロアプリ"
10:30,146,1105855019,"ガーデンスケイプ (Gardenscapes)"
10:30,147,1486214495,"ブレインテスト(Brain Test)：ひっかけパズル"
10:30,148,6744049261,"Block Color Mania, Puzzle Game"
10:30,149,6745772198,"ダイトモ"
10:30,150,6473767344,"キノコ伝説：勇者と魔法のランプ"
10:30,151,6642698438,"ウッドパズル：Screw ネジ外すゲーム  - 人気 脳トレ"
10:30,152,1465731199,"2 Player Games : the Challenge"
10:30,153,6739554561,"信長の野望 真戦"
10:30,154,1554440792,"Hit＆Blowオンライン（ヒットアンドブロー）"
10:30,155,6758326278,"Amaze GO! - 矢印 パズル"
10:30,156,6751788348,"Water Match®- ASMR Water Sort"
10:30,157,6443755785,"シーサイド エスケープ：マージ & ストーリー"
10:30,158,6738109752,"タイルズ・サバイバル"
10:30,159,1536427424,"ゴッドフィールド"
10:30,160,895700579,"大富豪 Online"
10:30,161,6469306922,"数学パズルゲーム — ナンバーマッチ, クロスワード"
10:30,162,6468921495,"ヴィータ麻雀(Vita Mahjong)"
10:30,163,1176027022,"トゥーンブラスト"
10:30,164,1521236603,"Travel Town - マージアドベンチャー"
10:30,165,6785835684,"脱出ゲーム　夏休み　　　　新作のEscape Room謎解き"
10:30,166,967906866,"ユニメモ"
10:30,167,1550945606,"サッカースーパースター - サッカー"
10:30,168,6754559095,"E.D.E.N：最終防衛線"
10:30,169,6760389476,"Color Puzzle Jam - バスゲーム 車のジャム"
10:30,170,6761523148,"Flower Forest - ワードパズル"
10:30,171,1562817072,"Mob Control"
10:30,172,6449243946,"スネーククラッシュ (Snake Clash)"
10:30,173,529996768,"Bingo Blitz™ - ビンゴゲーム"
10:30,174,1597897013,"Water Sort Puzzle - ソートパズルゲーム"
10:30,175,6751222488,"Order Crazy:  飲み物ソートマッチ 色とりパズル"
10:30,176,6749558825,"Water Sort - 色分けパズル"
10:30,177,6499293031,"ネジマッチ - ネジ外し ナットズルゲーム"
10:30,178,6749558327,"Water Jam：3Dカラー分類ゲーム"
10:30,179,6503284107,"オールインホール (All in Hole)"
10:30,180,6739246483,"ホール・エム・オール (Hole Em All)"
10:30,181,1611490041,"メメントモリ"
10:30,182,6754098532,"ラッシュ：エクストリーム (RUSH: Xtreme)"
10:30,183,6779478739,"Romantic Nuts & Bolts Sorting"
10:30,184,6755861844,"確認させてください"
10:30,185,6751056652,"Pixel Flow!"
10:30,186,6599838025,"Tangled Rope: Solve Puzzles!"
10:30,187,1287282214,"Call of Duty®: Mobile"
10:30,188,1637753593,"ジャグラーオンライン～パチスロアプリ＆パチンコ店舗情報～"
10:30,189,6755670637,"Jigsort™: Solitaire"
10:30,190,1556357398,"Pikmin Bloom"
10:30,191,6752886832,"ホテル・ミステリア"
10:30,192,1249924192,"青鬼"
10:30,193,1340841589,"ナンバーパズル - 数字ジグソーパズルゲーム 人気"
10:30,194,433622275,"人狼ゲーム ""牢獄の悪夢"""
10:30,195,1347780764,"Identity V"
10:30,196,6466620626,"フルーツ飴の達人 - ドバイもち、パフェ、ASMR、モッパン"
10:30,197,6760751569,"Goods Sort Match - Sorting Fun"
10:30,198,1671991909,"数学パズルゲーム - クロスマス"
10:30,199,1606703142,"Tic Tac Toe - まるばつゲーム チックタックトー"
10:30,200,1517783697,"原神～空月の歌～"
12:00,1,6759763476,"Bus Traffic Fever!"
12:00,2,6761760135,"Meowdoku!"
12:00,3,6746180100,"幻想水滸伝 STAR LEAP"
12:00,4,6758648051,"僕のヒーローアカデミアUNITED SURVIVAL"
12:00,5,6596745408,"ちいかわぽけっと"
12:00,6,6741567125,"モンスターサバイバル"
12:00,7,6751222389,"NBAダンクシティ"
12:00,8,6771681142,"漢字分解パズル"
12:00,9,6741503079,"Pokémon Champions"
12:00,10,6748084174,"Smash Fest!"
12:00,11,1617391485,"ブロックブラスト (Block Blast)"
12:00,12,6752672568,"Block Out! - Color Sort Puzzle"
12:00,13,6759081967,"Jewel Coloring"
12:00,14,6755455500,"ハリウッドマージ"
12:00,15,6471045672,"グルメ・ジャーニー"
12:00,16,6762239563,"意味怖ストーリー：バッドエンドを回避せよ！"
12:00,17,6742122160,"TopTop(トップトップ): サクッと遊んで、パッと友達"
12:00,18,6759817762,"Titan Rush: Survival"
12:00,19,6756641135,"ホロライブドリームス"
12:00,20,6639605332,"パラノイズ"
12:00,21,6443575749,"ホワイトアウト・サバイバル"
12:00,22,1529747588,"どこでもパーティーゲーム「どこパ」：ワードウルフオンライン"
12:00,23,431946152,"Roblox (ロブロックス)"
12:00,24,6499209744,"マジックソート (Magic Sort!)"
12:00,25,6749109552,"X-Clash: サバイバル"
12:00,26,1117270703,"eFootball™"
12:00,27,6748397500,"Arrows – Puzzle Escape"
12:00,28,1482155847,"ロイヤルマッチ（Royal Match)"
12:00,29,6780891673,"Royal Smash! - Physics Puzzle"
12:00,30,6754311241,"無職転生 〜異世界行ったら本気だす〜 【クロエコ】"
12:00,31,6483539426,"フォートナイト"
12:00,32,6758080238,"トリミン2！-トリッキーミーン2 いじわる脳トレパズルゲーム"
12:00,33,6739554056,"キングショット"
12:00,34,1623318294,"ゴシップハーバー：マージ & ストーリー"
12:00,35,1229016807,"ブロスタ"
12:00,36,6761818626,"エンドレスフロンティア2 放置RPG ディフェンス"
12:00,37,638689075,"タウンシップ (Township)"
12:00,38,6756185760,"Search It - Hidden Objects"
12:00,39,1094591345,"Pokémon GO"
12:00,40,6746465127,"セルサバイバー - シューティングゲーム"
12:00,41,6751537447,"Snake Puzzle: Slither to Eat!"
12:00,42,6784572173,"買い物うさぎ by クラシル"
12:00,43,6479970832,"Pokémon TCG Pocket"
12:00,44,6742937695,"ペタペタペンギン団"
12:00,45,724594093,"LINE：ディズニー ツムツム"
12:00,46,6477413486,"Level Devil - NOT A Troll Game"
12:00,47,1606549505,"ロイヤルキングダム (Royal Kingdom)"
12:00,48,1312031248,"荒野行動-スマホ版バトロワ"
12:00,49,6756058501,"Jelly Busters: パズルゲーム"
12:00,50,6757671759,"Water Sort Puzzle - Order Up"
12:00,51,6769314786,"Food Hunt: Pixel Puzzle"
12:00,52,6737022506,"ねじねじパズル"
12:00,53,6748950306,"ソリティア：パズルゲーム 脳トレ カードゲーム 暇つぶし連想"
12:00,54,6757832779,"3D Colorful Sort™ 魔法の水"
12:00,55,6753862216,"フードスター（Foodstars）:マージ & クック"
12:00,56,1222278363,"ワードウルフ決定版【新・人狼ゲーム】ワード人狼アプリ"
12:00,57,1351168404,"Among Us!"
12:00,58,6505095234,"Car Jam - バスストップ ジャムゲーム"
12:00,59,6787983567,"価値ズレ！ - 価値観協力オンラインゲーム"
12:00,60,6759997224,"巡回中！即タイホ！"
12:00,61,1423046460,"Paper.io 2"
12:00,62,6475757306,"Disney Solitaire ディズニー ソリティア"
12:00,63,6689516366,"バスゲーム：カーパーキング・バスゲーム"
12:00,64,6744975195,"Sled Surfers - ファーズ - 坂冒険"
12:00,65,1443446174,"魔法のタイルズ 3™: 音ゲー ピアノタイル"
12:00,66,6760325543,"ArrowCube - 3DPuzzle"
12:00,67,1044039663,"みんなで早押しクイズ"
12:00,68,6747736697,"ドラゴンクエストスマッシュグロウ ドラクエローグライトRPG"
12:00,69,1569776448,"カラーソートボトルパズル色分けゲーム: Get Color"
12:00,70,6762342518,"Fluffy Drop"
12:00,71,6767091927,"ジグソードロップ：ソリティアパズル"
12:00,72,6448104157,"オフラインゲーム - 暇つぶし ゲーム - パズルゲーム"
12:00,73,1469186379,"雀魂 -じゃんたま-"
12:00,74,664575829,"フィッシュダム(Fishdom)"
12:00,75,6764201639,"にゃんこ銃士：放置育成RPG"
12:00,76,6760957454,"脱出ゲーム アムステルダム"
12:00,77,658511662,"モンスターストライク"
12:00,78,6762267809,"Arrow Pro 3D"
12:00,79,1638139403,"ブロッククラッシュ (Block Crush)"
12:00,80,6791525847,"Slow Mo Strike: ナイフ投げアクション"
12:00,81,6451399876,"Delta Force"
12:00,82,6499306806,"グッズソーティング3D：マッチゲーム"
12:00,83,1517980891,"パズル&サバイバル"
12:00,84,6776146068,"[777Real] A-SLOT+ 異世界かるてっと BT"
12:00,85,6503272652,"ラストZ：サバイバルシューティング"
12:00,86,547145938,"にゃんこ大戦争"
12:00,87,6753668357,"LINE：ブロックジャム"
12:00,88,6746743297,"Bus Fever-Car Jam Escape"
12:00,89,1491074310,"Tetris® - テトリス (公式ゲーム)"
12:00,90,6749300334,"ネジ3Dパズル：ピンを外すゲーム"
12:00,91,6756247422,"デジモンUP"
12:00,92,1276424024,"オンクレならタイクレ！オンラインクレーンゲーム(オンクレ)"
12:00,93,6747957875,"Family Go! - 結婚・子育て・世代継承"
12:00,94,1032346221,"妖怪ウォッチ ぷにぷに"
12:00,95,6743385713,"毛糸クラッシュ - パーキングゲーム バスのゲーム"
12:00,96,1579464667,"Pokémon Sleep"
12:00,97,6503603603,"ミステリータウン：マージゲーム (Mystery Town)"
12:00,98,1415478437,"NicoFlick - フリック入力リズムゲーム"
12:00,99,1479198816,"トップウォー"
12:00,100,6757140488,"Sand Blocks: Drop Puzzle"
12:00,101,6788498566,"Gartic Phone"
12:00,102,1173389241,"どうぶつタワーバトル - オンライン対戦ゲーム"
12:00,103,6756989323,"ラストアサイラム：プレイグ"
12:00,104,6755183085,"Yarn Loop: Knit Puzzle"
12:00,105,6756482832,"Brain Puzzle 3: Crazy Mind"
12:00,106,6478063606,"カラーブロック コンボブラスト"
12:00,107,6749251466,"クッキーラン：クランブル - 放置系RPG"
12:00,108,6746328263,"Castle Busters"
12:00,109,1489932710,"プロジェクトセカイ カラフルステージ！ feat. 初音ミク"
12:00,110,6755585789,"チート勇者～インベントリ攻略ゲー～RPG"
12:00,111,1193508329,"ナンプレ - 数字パズルゲーム"
12:00,112,6754370732,"耳だけ捜査線 - 暇つぶし論理パズルゲーム"
12:00,113,6760453970,"ダメ恋-闇カレコレクション"
12:00,114,1458758886,"イラストチェイナー - 絵しりとりオンラインお絵描きアプリ"
12:00,115,6749132002,"落ちにゃん！(Drop the Cat)"
12:00,116,6740043080,"Screwdom : ボルトパズルゲーム"
12:00,117,6740618570,"XP Hero(ヒーロー)): まずは世界観をのぞいてみて"
12:00,118,1643509748,"マージクッキング テーマレストラン"
12:00,119,6787609279,"Hide in Art - かくれんぼ"
12:00,120,6754558455,"Marble Sort!"
12:00,121,1601400687,"2人でできるゲーム - マルチプレイ 対戦ゲーム"
12:00,122,6761100469,"Tricky Puzzle 2: 脳力テスト"
12:00,123,6476597728,"EDGE POKER (エッジポーカー)"
12:00,124,6767834940,"トップロード"
12:00,125,1344700142,"UNO!™"
12:00,126,6736896540,"ハローキティ：マイドリームストア"
12:00,127,1113270962,"みんなのオセロ【公式】オンライン対戦も遊べるオセロ対戦ゲーム"
12:00,128,6756288168,"Cookingo: Perfect Meal"
12:00,129,6477417866,"価値観ゲーム Yappi ヤッピ  おもしろボードゲーム"
12:00,130,6782923681,"MiloDrop YaraTube"
12:00,131,6756307486,"Cube Tap Sort"
12:00,132,940320341,"プロ野球スピリッツＡ"
12:00,133,1389111413,"Hole.io"
12:00,134,6747492600,"麻雀ブラスト (Mahjong Blast)"
12:00,135,1573133915,"ルーレット - 迷った時の抽選・くじ引きアプリ（るーれっと）"
12:00,136,6779167923,"Colony Flow!"
12:00,137,6504332779,"Color Block Jam"
12:00,138,6769683163,"霊界大作戦"
12:00,139,6760994244,"テイペンサバイバー"
12:00,140,6756994116,"イナズマイレブン クロス"
12:00,141,6748996000,"ねこ旅"
12:00,142,1088626624,"無料ゲーム-迷った時のルーレット ランチや罰ゲーム抽選"
12:00,143,6760801577,"[グリパチ]ロボスキーI"
12:00,144,6797465106,"脱出ゲーム｜小鳥のいる部屋"
12:00,145,1545088576,"777Real(777リアル) パチンコ･パチスロアプリ"
12:00,146,1105855019,"ガーデンスケイプ (Gardenscapes)"
12:00,147,1486214495,"ブレインテスト(Brain Test)：ひっかけパズル"
12:00,148,6744049261,"Block Color Mania, Puzzle Game"
12:00,149,6745772198,"ダイトモ"
12:00,150,6473767344,"キノコ伝説：勇者と魔法のランプ"
12:00,151,6642698438,"ウッドパズル：Screw ネジ外すゲーム  - 人気 脳トレ"
12:00,152,1465731199,"2 Player Games : the Challenge"
12:00,153,6739554561,"信長の野望 真戦"
12:00,154,1554440792,"Hit＆Blowオンライン（ヒットアンドブロー）"
12:00,155,6758326278,"Amaze GO! - 矢印 パズル"
12:00,156,6751788348,"Water Match®- ASMR Water Sort"
12:00,157,6443755785,"シーサイド エスケープ：マージ & ストーリー"
12:00,158,6738109752,"タイルズ・サバイバル"
12:00,159,1536427424,"ゴッドフィールド"
12:00,160,895700579,"大富豪 Online"
12:00,161,6469306922,"数学パズルゲーム — ナンバーマッチ, クロスワード"
12:00,162,6468921495,"ヴィータ麻雀(Vita Mahjong)"
12:00,163,1176027022,"トゥーンブラスト"
12:00,164,1521236603,"Travel Town - マージアドベンチャー"
12:00,165,6785835684,"脱出ゲーム　夏休み　　　　新作のEscape Room謎解き"
12:00,166,967906866,"ユニメモ"
12:00,167,1550945606,"サッカースーパースター - サッカー"
12:00,168,6754559095,"E.D.E.N：最終防衛線"
12:00,169,6760389476,"Color Puzzle Jam - バスゲーム 車のジャム"
12:00,170,6761523148,"Flower Forest - ワードパズル"
12:00,171,1562817072,"Mob Control"
12:00,172,6449243946,"スネーククラッシュ (Snake Clash)"
12:00,173,529996768,"Bingo Blitz™ - ビンゴゲーム"
12:00,174,1597897013,"Water Sort Puzzle - ソートパズルゲーム"
12:00,175,6751222488,"Order Crazy:  飲み物ソートマッチ 色とりパズル"
12:00,176,6749558825,"Water Sort - 色分けパズル"
12:00,177,6499293031,"ネジマッチ - ネジ外し ナットズルゲーム"
12:00,178,6749558327,"Water Jam：3Dカラー分類ゲーム"
12:00,179,6503284107,"オールインホール (All in Hole)"
12:00,180,6739246483,"ホール・エム・オール (Hole Em All)"
12:00,181,1611490041,"メメントモリ"
12:00,182,6754098532,"ラッシュ：エクストリーム (RUSH: Xtreme)"
12:00,183,6779478739,"Romantic Nuts & Bolts Sorting"
12:00,184,6755861844,"確認させてください"
12:00,185,6751056652,"Pixel Flow!"
12:00,186,6599838025,"Tangled Rope: Solve Puzzles!"
12:00,187,1287282214,"Call of Duty®: Mobile"
12:00,188,1637753593,"ジャグラーオンライン～パチスロアプリ＆パチンコ店舗情報～"
12:00,189,6755670637,"Jigsort™: Solitaire"
12:00,190,1556357398,"Pikmin Bloom"
12:00,191,6752886832,"ホテル・ミステリア"
12:00,192,1249924192,"青鬼"
12:00,193,1340841589,"ナンバーパズル - 数字ジグソーパズルゲーム 人気"
12:00,194,433622275,"人狼ゲーム ""牢獄の悪夢"""
12:00,195,1347780764,"Identity V"
12:00,196,6466620626,"フルーツ飴の達人 - ドバイもち、パフェ、ASMR、モッパン"
12:00,197,6760751569,"Goods Sort Match - Sorting Fun"
12:00,198,1671991909,"数学パズルゲーム - クロスマス"
12:00,199,1606703142,"Tic Tac Toe - まるばつゲーム チックタックトー"
12:00,200,1517783697,"原神～空月の歌～"
13:30,1,6759763476,"Bus Traffic Fever!"
13:30,2,6761760135,"Meowdoku!"
13:30,3,6746180100,"幻想水滸伝 STAR LEAP"
13:30,4,6758648051,"僕のヒーローアカデミアUNITED SURVIVAL"
13:30,5,6596745408,"ちいかわぽけっと"
13:30,6,6741567125,"モンスターサバイバル"
13:30,7,6751222389,"NBAダンクシティ"
13:30,8,6771681142,"漢字分解パズル"
13:30,9,6741503079,"Pokémon Champions"
13:30,10,6752672568,"Block Out! - Color Sort Puzzle"
13:30,11,1617391485,"ブロックブラスト (Block Blast)"
13:30,12,6748084174,"Smash Fest!"
13:30,13,6471045672,"グルメ・ジャーニー"
13:30,14,6762239563,"意味怖ストーリー：バッドエンドを回避せよ！"
13:30,15,6759081967,"Jewel Coloring"
13:30,16,6755455500,"ハリウッドマージ"
13:30,17,6759817762,"Titan Rush: Survival"
13:30,18,6639605332,"パラノイズ"
13:30,19,6742122160,"TopTop(トップトップ): サクッと遊んで、パッと友達"
13:30,20,6443575749,"ホワイトアウト・サバイバル"
13:30,21,6756641135,"ホロライブドリームス"
13:30,22,6749109552,"X-Clash: サバイバル"
13:30,23,6499209744,"マジックソート (Magic Sort!)"
13:30,24,431946152,"Roblox (ロブロックス)"
13:30,25,1529747588,"どこでもパーティーゲーム「どこパ」：ワードウルフオンライン"
13:30,26,1482155847,"ロイヤルマッチ（Royal Match)"
13:30,27,6780891673,"Royal Smash! - Physics Puzzle"
13:30,28,1117270703,"eFootball™"
13:30,29,6739554056,"キングショット"
13:30,30,6748397500,"Arrows – Puzzle Escape"
13:30,31,1623318294,"ゴシップハーバー：マージ & ストーリー"
13:30,32,6754311241,"無職転生 〜異世界行ったら本気だす〜 【クロエコ】"
13:30,33,6758080238,"トリミン2！-トリッキーミーン2 いじわる脳トレパズルゲーム"
13:30,34,6761818626,"エンドレスフロンティア2 放置RPG ディフェンス"
13:30,35,6483539426,"フォートナイト"
13:30,36,1094591345,"Pokémon GO"
13:30,37,638689075,"タウンシップ (Township)"
13:30,38,1229016807,"ブロスタ"
13:30,39,6757140488,"Sand Blocks: Drop Puzzle"
13:30,40,6746465127,"セルサバイバー - シューティングゲーム"
13:30,41,1606549505,"ロイヤルキングダム (Royal Kingdom)"
13:30,42,6742937695,"ペタペタペンギン団"
13:30,43,6756185760,"Search It - Hidden Objects"
13:30,44,6479970832,"Pokémon TCG Pocket"
13:30,45,6751537447,"Snake Puzzle: Slither to Eat!"
13:30,46,6505095234,"Car Jam - バスストップ ジャムゲーム"
13:30,47,6784572173,"買い物うさぎ by クラシル"
13:30,48,724594093,"LINE：ディズニー ツムツム"
13:30,49,6753862216,"フードスター（Foodstars）:マージ & クック"
13:30,50,6737022506,"ねじねじパズル"
13:30,51,6757671759,"Water Sort Puzzle - Order Up"
13:30,52,6477413486,"Level Devil - NOT A Troll Game"
13:30,53,6769314786,"Food Hunt: Pixel Puzzle"
13:30,54,6764201639,"にゃんこ銃士：放置育成RPG"
13:30,55,6759997224,"巡回中！即タイホ！"
13:30,56,1312031248,"荒野行動-スマホ版バトロワ"
13:30,57,6756058501,"Jelly Busters: パズルゲーム"
13:30,58,6689516366,"バスゲーム：カーパーキング・バスゲーム"
13:30,59,1423046460,"Paper.io 2"
13:30,60,6757832779,"3D Colorful Sort™ 魔法の水"
13:30,61,6762342518,"Fluffy Drop"
13:30,62,6791525847,"Slow Mo Strike: ナイフ投げアクション"
13:30,63,6745772198,"ダイトモ"
13:30,64,6760325543,"ArrowCube - 3DPuzzle"
13:30,65,6744975195,"Sled Surfers - ファーズ - 坂冒険"
13:30,66,6747736697,"ドラゴンクエストスマッシュグロウ ドラクエローグライトRPG"
13:30,67,6475757306,"Disney Solitaire ディズニー ソリティア"
13:30,68,6767091927,"ジグソードロップ：ソリティアパズル"
13:30,69,6503272652,"ラストZ：サバイバルシューティング"
13:30,70,1638139403,"ブロッククラッシュ (Block Crush)"
13:30,71,1443446174,"魔法のタイルズ 3™: 音ゲー ピアノタイル"
13:30,72,664575829,"フィッシュダム(Fishdom)"
13:30,73,6748950306,"ソリティア：パズルゲーム 脳トレ カードゲーム 暇つぶし連想"
13:30,74,6448104157,"オフラインゲーム - 暇つぶし ゲーム - パズルゲーム"
13:30,75,1222278363,"ワードウルフ決定版【新・人狼ゲーム】ワード人狼アプリ"
13:30,76,6762267809,"Arrow Pro 3D"
13:30,77,6753668357,"LINE：ブロックジャム"
13:30,78,6749300334,"ネジ3Dパズル：ピンを外すゲーム"
13:30,79,6503603603,"ミステリータウン：マージゲーム (Mystery Town)"
13:30,80,1351168404,"Among Us!"
13:30,81,6760957454,"脱出ゲーム アムステルダム"
13:30,82,6499306806,"グッズソーティング3D：マッチゲーム"
13:30,83,547145938,"にゃんこ大戦争"
13:30,84,658511662,"モンスターストライク"
13:30,85,1479198816,"トップウォー"
13:30,86,1517980891,"パズル&サバイバル"
13:30,87,6787983567,"価値ズレ！ - 価値観協力オンラインゲーム"
13:30,88,6755183085,"Yarn Loop: Knit Puzzle"
13:30,89,6756989323,"ラストアサイラム：プレイグ"
13:30,90,1044039663,"みんなで早押しクイズ"
13:30,91,1569776448,"カラーソートボトルパズル色分けゲーム: Get Color"
13:30,92,6451399876,"Delta Force"
13:30,93,1469186379,"雀魂 -じゃんたま-"
13:30,94,6755585789,"チート勇者～インベントリ攻略ゲー～RPG"
13:30,95,6746328263,"Castle Busters"
13:30,96,6756247422,"デジモンUP"
13:30,97,6746743297,"Bus Fever-Car Jam Escape"
13:30,98,1491074310,"Tetris® - テトリス (公式ゲーム)"
13:30,99,6743385713,"毛糸クラッシュ - パーキングゲーム バスのゲーム"
13:30,100,6756482832,"Brain Puzzle 3: Crazy Mind"
13:30,101,1276424024,"オンクレならタイクレ！オンラインクレーンゲーム(オンクレ)"
13:30,102,6767834940,"トップロード"
13:30,103,6747957875,"Family Go! - 結婚・子育て・世代継承"
13:30,104,6478063606,"カラーブロック コンボブラスト"
13:30,105,1579464667,"Pokémon Sleep"
13:30,106,6754370732,"耳だけ捜査線 - 暇つぶし論理パズルゲーム"
13:30,107,1032346221,"妖怪ウォッチ ぷにぷに"
13:30,108,6776146068,"[777Real] A-SLOT+ 異世界かるてっと BT"
13:30,109,967906866,"ユニメモ"
13:30,110,1193508329,"ナンプレ - 数字パズルゲーム"
13:30,111,6749251466,"クッキーラン：クランブル - 放置系RPG"
13:30,112,6754558455,"Marble Sort!"
13:30,113,6740618570,"XP Hero(ヒーロー)): まずは世界観をのぞいてみて"
13:30,114,6740043080,"Screwdom : ボルトパズルゲーム"
13:30,115,6744049261,"Block Color Mania, Puzzle Game"
13:30,116,1389111413,"Hole.io"
13:30,117,1173389241,"どうぶつタワーバトル - オンライン対戦ゲーム"
13:30,118,6749132002,"落ちにゃん！(Drop the Cat)"
13:30,119,1643509748,"マージクッキング テーマレストラン"
13:30,120,6748996000,"ねこ旅"
13:30,121,1489932710,"プロジェクトセカイ カラフルステージ！ feat. 初音ミク"
13:30,122,1415478437,"NicoFlick - フリック入力リズムゲーム"
13:30,123,6738109752,"タイルズ・サバイバル"
13:30,124,6736896540,"ハローキティ：マイドリームストア"
13:30,125,6504332779,"Color Block Jam"
13:30,126,1176027022,"トゥーンブラスト"
13:30,127,1458758886,"イラストチェイナー - 絵しりとりオンラインお絵描きアプリ"
13:30,128,6779167923,"Colony Flow!"
13:30,129,6760994244,"テイペンサバイバー"
13:30,130,1601400687,"2人でできるゲーム - マルチプレイ 対戦ゲーム"
13:30,131,1573133915,"ルーレット - 迷った時の抽選・くじ引きアプリ（るーれっと）"
13:30,132,6761100469,"Tricky Puzzle 2: 脳力テスト"
13:30,133,6788498566,"Gartic Phone"
13:30,134,6476597728,"EDGE POKER (エッジポーカー)"
13:30,135,6787609279,"Hide in Art - かくれんぼ"
13:30,136,6782923681,"MiloDrop YaraTube"
13:30,137,6747492600,"麻雀ブラスト (Mahjong Blast)"
13:30,138,6756288168,"Cookingo: Perfect Meal"
13:30,139,940320341,"プロ野球スピリッツＡ"
13:30,140,6473767344,"キノコ伝説：勇者と魔法のランプ"
13:30,141,6752886832,"ホテル・ミステリア"
13:30,142,6746435822,"バグハン！"
13:30,143,6760453970,"ダメ恋-闇カレコレクション"
13:30,144,6756994116,"イナズマイレブン クロス"
13:30,145,1344700142,"UNO!™"
13:30,146,1105855019,"ガーデンスケイプ (Gardenscapes)"
13:30,147,1113270962,"みんなのオセロ【公式】オンライン対戦も遊べるオセロ対戦ゲーム"
13:30,148,1486214495,"ブレインテスト(Brain Test)：ひっかけパズル"
13:30,149,6756307486,"Cube Tap Sort"
13:30,150,6758326278,"Amaze GO! - 矢印 パズル"
13:30,151,1562817072,"Mob Control"
13:30,152,6739554561,"信長の野望 真戦"
13:30,153,6443755785,"シーサイド エスケープ：マージ & ストーリー"
13:30,154,6477417866,"価値観ゲーム Yappi ヤッピ  おもしろボードゲーム"
13:30,155,6769683163,"霊界大作戦"
13:30,156,6760801577,"[グリパチ]ロボスキーI"
13:30,157,6797465106,"脱出ゲーム｜小鳥のいる部屋"
13:30,158,1088626624,"無料ゲーム-迷った時のルーレット ランチや罰ゲーム抽選"
13:30,159,6751788348,"Water Match®- ASMR Water Sort"
13:30,160,1545088576,"777Real(777リアル) パチンコ･パチスロアプリ"
13:30,161,1465731199,"2 Player Games : the Challenge"
13:30,162,6751222488,"Order Crazy:  飲み物ソートマッチ 色とりパズル"
13:30,163,6503284107,"オールインホール (All in Hole)"
13:30,164,6449243946,"スネーククラッシュ (Snake Clash)"
13:30,165,6754559095,"E.D.E.N：最終防衛線"
13:30,166,6599838025,"Tangled Rope: Solve Puzzles!"
13:30,167,6468921495,"ヴィータ麻雀(Vita Mahjong)"
13:30,168,1158967485,"ヒーローウォーズ：アライアンス — アクションバトルにRPG"
13:30,169,6785835684,"脱出ゲーム　夏休み　　　　新作のEscape Room謎解き"
13:30,170,6761523148,"Flower Forest - ワードパズル"
13:30,171,529996768,"Bingo Blitz™ - ビンゴゲーム"
13:30,172,1550945606,"サッカースーパースター - サッカー"
13:30,173,6760389476,"Color Puzzle Jam - バスゲーム 車のジャム"
13:30,174,6749558825,"Water Sort - 色分けパズル"
13:30,175,1521236603,"Travel Town - マージアドベンチャー"
13:30,176,6755670637,"Jigsort™: Solitaire"
13:30,177,6642698438,"ウッドパズル：Screw ネジ外すゲーム  - 人気 脳トレ"
13:30,178,6755861844,"確認させてください"
13:30,179,6751056652,"Pixel Flow!"
13:30,180,1556357398,"Pikmin Bloom"
13:30,181,1554440792,"Hit＆Blowオンライン（ヒットアンドブロー）"
13:30,182,6754098532,"ラッシュ：エクストリーム (RUSH: Xtreme)"
13:30,183,6751101794,"Loop Sort"
13:30,184,1597897013,"Water Sort Puzzle - ソートパズルゲーム"
13:30,185,6469306922,"数学パズルゲーム — ナンバーマッチ, クロスワード"
13:30,186,1536427424,"ゴッドフィールド"
13:30,187,1671991909,"数学パズルゲーム - クロスマス"
13:30,188,1611490041,"メメントモリ"
13:30,189,6789533514,"Bryzena Tile Journey"
13:30,190,6466620626,"フルーツ飴の達人 - ドバイもち、パフェ、ASMR、モッパン"
13:30,191,6499293031,"ネジマッチ - ネジ外し ナットズルゲーム"
13:30,192,6739246483,"ホール・エム・オール (Hole Em All)"
13:30,193,1635760774,"ザ・パーフェクトホテル (My Perfect Hotel)"
13:30,194,6757750991,"Color Maze Master"
13:30,195,895700579,"大富豪 Online"
13:30,196,1249924192,"青鬼"
13:30,197,6754262851,"増えうさぎ by クラシル"
13:30,198,1322310031,"ONE PIECE バウンティラッシュ - アクションゲーム"
13:30,199,6755509102,"ソリティアワード -  単語カード連想ゲーム"
13:30,200,6473152241,"Triple Match: 3Dグッズソートマッチゲーム"
14:30,1,6759763476,"Bus Traffic Fever!"
14:30,2,6761760135,"Meowdoku!"
14:30,3,6746180100,"幻想水滸伝 STAR LEAP"
14:30,4,6758648051,"僕のヒーローアカデミアUNITED SURVIVAL"
14:30,5,6596745408,"ちいかわぽけっと"
14:30,6,6741567125,"モンスターサバイバル"
14:30,7,6751222389,"NBAダンクシティ"
14:30,8,6771681142,"漢字分解パズル"
14:30,9,6741503079,"Pokémon Champions"
14:30,10,6752672568,"Block Out! - Color Sort Puzzle"
14:30,11,1617391485,"ブロックブラスト (Block Blast)"
14:30,12,6748084174,"Smash Fest!"
14:30,13,6471045672,"グルメ・ジャーニー"
14:30,14,6762239563,"意味怖ストーリー：バッドエンドを回避せよ！"
14:30,15,6759081967,"Jewel Coloring"
14:30,16,6755455500,"ハリウッドマージ"
14:30,17,6759817762,"Titan Rush: Survival"
14:30,18,6639605332,"パラノイズ"
14:30,19,6742122160,"TopTop(トップトップ): サクッと遊んで、パッと友達"
14:30,20,6443575749,"ホワイトアウト・サバイバル"
14:30,21,6756641135,"ホロライブドリームス"
14:30,22,6749109552,"X-Clash: サバイバル"
14:30,23,6499209744,"マジックソート (Magic Sort!)"
14:30,24,431946152,"Roblox (ロブロックス)"
14:30,25,1529747588,"どこでもパーティーゲーム「どこパ」：ワードウルフオンライン"
14:30,26,1482155847,"ロイヤルマッチ（Royal Match)"
14:30,27,6780891673,"Royal Smash! - Physics Puzzle"
14:30,28,1117270703,"eFootball™"
14:30,29,6739554056,"キングショット"
14:30,30,6748397500,"Arrows – Puzzle Escape"
14:30,31,1623318294,"ゴシップハーバー：マージ & ストーリー"
14:30,32,6754311241,"無職転生 〜異世界行ったら本気だす〜 【クロエコ】"
14:30,33,6758080238,"トリミン2！-トリッキーミーン2 いじわる脳トレパズルゲーム"
14:30,34,6761818626,"エンドレスフロンティア2 放置RPG ディフェンス"
14:30,35,6483539426,"フォートナイト"
14:30,36,1094591345,"Pokémon GO"
14:30,37,638689075,"タウンシップ (Township)"
14:30,38,1229016807,"ブロスタ"
14:30,39,6757140488,"Sand Blocks: Drop Puzzle"
14:30,40,6746465127,"セルサバイバー - シューティングゲーム"
14:30,41,1606549505,"ロイヤルキングダム (Royal Kingdom)"
14:30,42,6742937695,"ペタペタペンギン団"
14:30,43,6756185760,"Search It - Hidden Objects"
14:30,44,6479970832,"Pokémon TCG Pocket"
14:30,45,6751537447,"Snake Puzzle: Slither to Eat!"
14:30,46,6505095234,"Car Jam - バスストップ ジャムゲーム"
14:30,47,6784572173,"買い物うさぎ by クラシル"
14:30,48,724594093,"LINE：ディズニー ツムツム"
14:30,49,6753862216,"フードスター（Foodstars）:マージ & クック"
14:30,50,6737022506,"ねじねじパズル"
14:30,51,6757671759,"Water Sort Puzzle - Order Up"
14:30,52,6477413486,"Level Devil - NOT A Troll Game"
14:30,53,6769314786,"Food Hunt: Pixel Puzzle"
14:30,54,6764201639,"にゃんこ銃士：放置育成RPG"
14:30,55,6759997224,"巡回中！即タイホ！"
14:30,56,1312031248,"荒野行動-スマホ版バトロワ"
14:30,57,6756058501,"Jelly Busters: パズルゲーム"
14:30,58,6689516366,"バスゲーム：カーパーキング・バスゲーム"
14:30,59,1423046460,"Paper.io 2"
14:30,60,6757832779,"3D Colorful Sort™ 魔法の水"
14:30,61,6762342518,"Fluffy Drop"
14:30,62,6791525847,"Slow Mo Strike: ナイフ投げアクション"
14:30,63,6745772198,"ダイトモ"
14:30,64,6760325543,"ArrowCube - 3DPuzzle"
14:30,65,6744975195,"Sled Surfers - ファーズ - 坂冒険"
14:30,66,6747736697,"ドラゴンクエストスマッシュグロウ ドラクエローグライトRPG"
14:30,67,6475757306,"Disney Solitaire ディズニー ソリティア"
14:30,68,6767091927,"ジグソードロップ：ソリティアパズル"
14:30,69,6503272652,"ラストZ：サバイバルシューティング"
14:30,70,1638139403,"ブロッククラッシュ (Block Crush)"
14:30,71,1443446174,"魔法のタイルズ 3™: 音ゲー ピアノタイル"
14:30,72,664575829,"フィッシュダム(Fishdom)"
14:30,73,6748950306,"ソリティア：パズルゲーム 脳トレ カードゲーム 暇つぶし連想"
14:30,74,6448104157,"オフラインゲーム - 暇つぶし ゲーム - パズルゲーム"
14:30,75,1222278363,"ワードウルフ決定版【新・人狼ゲーム】ワード人狼アプリ"
14:30,76,6762267809,"Arrow Pro 3D"
14:30,77,6753668357,"LINE：ブロックジャム"
14:30,78,6749300334,"ネジ3Dパズル：ピンを外すゲーム"
14:30,79,6503603603,"ミステリータウン：マージゲーム (Mystery Town)"
14:30,80,1351168404,"Among Us!"
14:30,81,6760957454,"脱出ゲーム アムステルダム"
14:30,82,6499306806,"グッズソーティング3D：マッチゲーム"
14:30,83,547145938,"にゃんこ大戦争"
14:30,84,658511662,"モンスターストライク"
14:30,85,1479198816,"トップウォー"
14:30,86,1517980891,"パズル&サバイバル"
14:30,87,6787983567,"価値ズレ！ - 価値観協力オンラインゲーム"
14:30,88,6755183085,"Yarn Loop: Knit Puzzle"
14:30,89,6756989323,"ラストアサイラム：プレイグ"
14:30,90,1044039663,"みんなで早押しクイズ"
14:30,91,1569776448,"カラーソートボトルパズル色分けゲーム: Get Color"
14:30,92,6451399876,"Delta Force"
14:30,93,1469186379,"雀魂 -じゃんたま-"
14:30,94,6755585789,"チート勇者～インベントリ攻略ゲー～RPG"
14:30,95,6746328263,"Castle Busters"
14:30,96,6756247422,"デジモンUP"
14:30,97,6746743297,"Bus Fever-Car Jam Escape"
14:30,98,1491074310,"Tetris® - テトリス (公式ゲーム)"
14:30,99,6743385713,"毛糸クラッシュ - パーキングゲーム バスのゲーム"
14:30,100,6756482832,"Brain Puzzle 3: Crazy Mind"
14:30,101,1276424024,"オンクレならタイクレ！オンラインクレーンゲーム(オンクレ)"
14:30,102,6767834940,"トップロード"
14:30,103,6747957875,"Family Go! - 結婚・子育て・世代継承"
14:30,104,6478063606,"カラーブロック コンボブラスト"
14:30,105,1579464667,"Pokémon Sleep"
14:30,106,6754370732,"耳だけ捜査線 - 暇つぶし論理パズルゲーム"
14:30,107,1032346221,"妖怪ウォッチ ぷにぷに"
14:30,108,6776146068,"[777Real] A-SLOT+ 異世界かるてっと BT"
14:30,109,967906866,"ユニメモ"
14:30,110,1193508329,"ナンプレ - 数字パズルゲーム"
14:30,111,6749251466,"クッキーラン：クランブル - 放置系RPG"
14:30,112,6754558455,"Marble Sort!"
14:30,113,6740618570,"XP Hero(ヒーロー)): まずは世界観をのぞいてみて"
14:30,114,6740043080,"Screwdom : ボルトパズルゲーム"
14:30,115,6744049261,"Block Color Mania, Puzzle Game"
14:30,116,1389111413,"Hole.io"
14:30,117,1173389241,"どうぶつタワーバトル - オンライン対戦ゲーム"
14:30,118,6749132002,"落ちにゃん！(Drop the Cat)"
14:30,119,1643509748,"マージクッキング テーマレストラン"
14:30,120,6748996000,"ねこ旅"
14:30,121,1489932710,"プロジェクトセカイ カラフルステージ！ feat. 初音ミク"
14:30,122,1415478437,"NicoFlick - フリック入力リズムゲーム"
14:30,123,6738109752,"タイルズ・サバイバル"
14:30,124,6736896540,"ハローキティ：マイドリームストア"
14:30,125,6504332779,"Color Block Jam"
14:30,126,1176027022,"トゥーンブラスト"
14:30,127,1458758886,"イラストチェイナー - 絵しりとりオンラインお絵描きアプリ"
14:30,128,6779167923,"Colony Flow!"
14:30,129,6760994244,"テイペンサバイバー"
14:30,130,1601400687,"2人でできるゲーム - マルチプレイ 対戦ゲーム"
14:30,131,1573133915,"ルーレット - 迷った時の抽選・くじ引きアプリ（るーれっと）"
14:30,132,6761100469,"Tricky Puzzle 2: 脳力テスト"
14:30,133,6788498566,"Gartic Phone"
14:30,134,6476597728,"EDGE POKER (エッジポーカー)"
14:30,135,6787609279,"Hide in Art - かくれんぼ"
14:30,136,6782923681,"MiloDrop YaraTube"
14:30,137,6747492600,"麻雀ブラスト (Mahjong Blast)"
14:30,138,6756288168,"Cookingo: Perfect Meal"
14:30,139,940320341,"プロ野球スピリッツＡ"
14:30,140,6473767344,"キノコ伝説：勇者と魔法のランプ"
14:30,141,6752886832,"ホテル・ミステリア"
14:30,142,6746435822,"バグハン！"
14:30,143,6760453970,"ダメ恋-闇カレコレクション"
14:30,144,6756994116,"イナズマイレブン クロス"
14:30,145,1344700142,"UNO!™"
14:30,146,1105855019,"ガーデンスケイプ (Gardenscapes)"
14:30,147,1113270962,"みんなのオセロ【公式】オンライン対戦も遊べるオセロ対戦ゲーム"
14:30,148,1486214495,"ブレインテスト(Brain Test)：ひっかけパズル"
14:30,149,6756307486,"Cube Tap Sort"
14:30,150,6758326278,"Amaze GO! - 矢印 パズル"
14:30,151,1562817072,"Mob Control"
14:30,152,6739554561,"信長の野望 真戦"
14:30,153,6443755785,"シーサイド エスケープ：マージ & ストーリー"
14:30,154,6477417866,"価値観ゲーム Yappi ヤッピ  おもしろボードゲーム"
14:30,155,6769683163,"霊界大作戦"
14:30,156,6760801577,"[グリパチ]ロボスキーI"
14:30,157,6797465106,"脱出ゲーム｜小鳥のいる部屋"
14:30,158,1088626624,"無料ゲーム-迷った時のルーレット ランチや罰ゲーム抽選"
14:30,159,6751788348,"Water Match®- ASMR Water Sort"
14:30,160,1545088576,"777Real(777リアル) パチンコ･パチスロアプリ"
14:30,161,1465731199,"2 Player Games : the Challenge"
14:30,162,6751222488,"Order Crazy:  飲み物ソートマッチ 色とりパズル"
14:30,163,6503284107,"オールインホール (All in Hole)"
14:30,164,6449243946,"スネーククラッシュ (Snake Clash)"
14:30,165,6754559095,"E.D.E.N：最終防衛線"
14:30,166,6599838025,"Tangled Rope: Solve Puzzles!"
14:30,167,6468921495,"ヴィータ麻雀(Vita Mahjong)"
14:30,168,1158967485,"ヒーローウォーズ：アライアンス — アクションバトルにRPG"
14:30,169,6785835684,"脱出ゲーム　夏休み　　　　新作のEscape Room謎解き"
14:30,170,6761523148,"Flower Forest - ワードパズル"
14:30,171,529996768,"Bingo Blitz™ - ビンゴゲーム"
14:30,172,1550945606,"サッカースーパースター - サッカー"
14:30,173,6760389476,"Color Puzzle Jam - バスゲーム 車のジャム"
14:30,174,6749558825,"Water Sort - 色分けパズル"
14:30,175,1521236603,"Travel Town - マージアドベンチャー"
14:30,176,6755670637,"Jigsort™: Solitaire"
14:30,177,6642698438,"ウッドパズル：Screw ネジ外すゲーム  - 人気 脳トレ"
14:30,178,6755861844,"確認させてください"
14:30,179,6751056652,"Pixel Flow!"
14:30,180,1556357398,"Pikmin Bloom"
14:30,181,1554440792,"Hit＆Blowオンライン（ヒットアンドブロー）"
14:30,182,6754098532,"ラッシュ：エクストリーム (RUSH: Xtreme)"
14:30,183,6751101794,"Loop Sort"
14:30,184,1597897013,"Water Sort Puzzle - ソートパズルゲーム"
14:30,185,6469306922,"数学パズルゲーム — ナンバーマッチ, クロスワード"
14:30,186,1536427424,"ゴッドフィールド"
14:30,187,1671991909,"数学パズルゲーム - クロスマス"
14:30,188,1611490041,"メメントモリ"
14:30,189,6789533514,"Bryzena Tile Journey"
14:30,190,6466620626,"フルーツ飴の達人 - ドバイもち、パフェ、ASMR、モッパン"
14:30,191,6499293031,"ネジマッチ - ネジ外し ナットズルゲーム"
14:30,192,6739246483,"ホール・エム・オール (Hole Em All)"
14:30,193,1635760774,"ザ・パーフェクトホテル (My Perfect Hotel)"
14:30,194,6757750991,"Color Maze Master"
14:30,195,895700579,"大富豪 Online"
14:30,196,1249924192,"青鬼"
14:30,197,6754262851,"増えうさぎ by クラシル"
14:30,198,1322310031,"ONE PIECE バウンティラッシュ - アクションゲーム"
14:30,199,6755509102,"ソリティアワード -  単語カード連想ゲーム"
14:30,200,6473152241,"Triple Match: 3Dグッズソートマッチゲーム"
15:30,1,6759763476,"Bus Traffic Fever!"
15:30,2,6761760135,"Meowdoku!"
15:30,3,6746180100,"幻想水滸伝 STAR LEAP"
15:30,4,6758648051,"僕のヒーローアカデミアUNITED SURVIVAL"
15:30,5,6596745408,"ちいかわぽけっと"
15:30,6,6741567125,"モンスターサバイバル"
15:30,7,6771681142,"漢字分解パズル"
15:30,8,6751222389,"NBAダンクシティ"
15:30,9,6741503079,"Pokémon Champions"
15:30,10,6752672568,"Block Out! - Color Sort Puzzle"
15:30,11,1617391485,"ブロックブラスト (Block Blast)"
15:30,12,6748084174,"Smash Fest!"
15:30,13,6762239563,"意味怖ストーリー：バッドエンドを回避せよ！"
15:30,14,6471045672,"グルメ・ジャーニー"
15:30,15,6755455500,"ハリウッドマージ"
15:30,16,6759081967,"Jewel Coloring"
15:30,17,6759817762,"Titan Rush: Survival"
15:30,18,6639605332,"パラノイズ"
15:30,19,6742122160,"TopTop(トップトップ): サクッと遊んで、パッと友達"
15:30,20,6443575749,"ホワイトアウト・サバイバル"
15:30,21,6749109552,"X-Clash: サバイバル"
15:30,22,6756641135,"ホロライブドリームス"
15:30,23,6499209744,"マジックソート (Magic Sort!)"
15:30,24,431946152,"Roblox (ロブロックス)"
15:30,25,1482155847,"ロイヤルマッチ（Royal Match)"
15:30,26,1529747588,"どこでもパーティーゲーム「どこパ」：ワードウルフオンライン"
15:30,27,6780891673,"Royal Smash! - Physics Puzzle"
15:30,28,6739554056,"キングショット"
15:30,29,1117270703,"eFootball™"
15:30,30,1623318294,"ゴシップハーバー：マージ & ストーリー"
15:30,31,6748397500,"Arrows – Puzzle Escape"
15:30,32,6754311241,"無職転生 〜異世界行ったら本気だす〜 【クロエコ】"
15:30,33,6758080238,"トリミン2！-トリッキーミーン2 いじわる脳トレパズルゲーム"
15:30,34,1094591345,"Pokémon GO"
15:30,35,6761818626,"エンドレスフロンティア2 放置RPG ディフェンス"
15:30,36,6483539426,"フォートナイト"
15:30,37,638689075,"タウンシップ (Township)"
15:30,38,6757140488,"Sand Blocks: Drop Puzzle"
15:30,39,1229016807,"ブロスタ"
15:30,40,1606549505,"ロイヤルキングダム (Royal Kingdom)"
15:30,41,6742937695,"ペタペタペンギン団"
15:30,42,6746465127,"セルサバイバー - シューティングゲーム"
15:30,43,6756185760,"Search It - Hidden Objects"
15:30,44,6479970832,"Pokémon TCG Pocket"
15:30,45,6751537447,"Snake Puzzle: Slither to Eat!"
15:30,46,6505095234,"Car Jam - バスストップ ジャムゲーム"
15:30,47,6784572173,"買い物うさぎ by クラシル"
15:30,48,724594093,"LINE：ディズニー ツムツム"
15:30,49,6753862216,"フードスター（Foodstars）:マージ & クック"
15:30,50,6757671759,"Water Sort Puzzle - Order Up"
15:30,51,6764201639,"にゃんこ銃士：放置育成RPG"
15:30,52,6737022506,"ねじねじパズル"
15:30,53,6477413486,"Level Devil - NOT A Troll Game"
15:30,54,6759997224,"巡回中！即タイホ！"
15:30,55,6769314786,"Food Hunt: Pixel Puzzle"
15:30,56,1423046460,"Paper.io 2"
15:30,57,6689516366,"バスゲーム：カーパーキング・バスゲーム"
15:30,58,1312031248,"荒野行動-スマホ版バトロワ"
15:30,59,6744975195,"Sled Surfers - ファーズ - 坂冒険"
15:30,60,6756058501,"Jelly Busters: パズルゲーム"
15:30,61,6757832779,"3D Colorful Sort™ 魔法の水"
15:30,62,6762342518,"Fluffy Drop"
15:30,63,1638139403,"ブロッククラッシュ (Block Crush)"
15:30,64,6503272652,"ラストZ：サバイバルシューティング"
15:30,65,6760325543,"ArrowCube - 3DPuzzle"
15:30,66,6747736697,"ドラゴンクエストスマッシュグロウ ドラクエローグライトRPG"
15:30,67,6475757306,"Disney Solitaire ディズニー ソリティア"
15:30,68,6745772198,"ダイトモ"
15:30,69,1443446174,"魔法のタイルズ 3™: 音ゲー ピアノタイル"
15:30,70,6767091927,"ジグソードロップ：ソリティアパズル"
15:30,71,664575829,"フィッシュダム(Fishdom)"
15:30,72,6791525847,"Slow Mo Strike: ナイフ投げアクション"
15:30,73,6753668357,"LINE：ブロックジャム"
15:30,74,6448104157,"オフラインゲーム - 暇つぶし ゲーム - パズルゲーム"
15:30,75,6762267809,"Arrow Pro 3D"
15:30,76,6503603603,"ミステリータウン：マージゲーム (Mystery Town)"
15:30,77,6749300334,"ネジ3Dパズル：ピンを外すゲーム"
15:30,78,6748950306,"ソリティア：パズルゲーム 脳トレ カードゲーム 暇つぶし連想"
15:30,79,1222278363,"ワードウルフ決定版【新・人狼ゲーム】ワード人狼アプリ"
15:30,80,6755183085,"Yarn Loop: Knit Puzzle"
15:30,81,1479198816,"トップウォー"
15:30,82,6760957454,"脱出ゲーム アムステルダム"
15:30,83,6499306806,"グッズソーティング3D：マッチゲーム"
15:30,84,547145938,"にゃんこ大戦争"
15:30,85,6756989323,"ラストアサイラム：プレイグ"
15:30,86,1351168404,"Among Us!"
15:30,87,6746328263,"Castle Busters"
15:30,88,1517980891,"パズル&サバイバル"
15:30,89,1044039663,"みんなで早押しクイズ"
15:30,90,658511662,"モンスターストライク"
15:30,91,1569776448,"カラーソートボトルパズル色分けゲーム: Get Color"
15:30,92,6787983567,"価値ズレ！ - 価値観協力オンラインゲーム"
15:30,93,1469186379,"雀魂 -じゃんたま-"
15:30,94,6451399876,"Delta Force"
15:30,95,6756247422,"デジモンUP"
15:30,96,1491074310,"Tetris® - テトリス (公式ゲーム)"
15:30,97,6754370732,"耳だけ捜査線 - 暇つぶし論理パズルゲーム"
15:30,98,6755585789,"チート勇者～インベントリ攻略ゲー～RPG"
15:30,99,6756482832,"Brain Puzzle 3: Crazy Mind"
15:30,100,6746743297,"Bus Fever-Car Jam Escape"
15:30,101,6767834940,"トップロード"
15:30,102,6743385713,"毛糸クラッシュ - パーキングゲーム バスのゲーム"
15:30,103,6747957875,"Family Go! - 結婚・子育て・世代継承"
15:30,104,6478063606,"カラーブロック コンボブラスト"
15:30,105,1276424024,"オンクレならタイクレ！オンラインクレーンゲーム(オンクレ)"
15:30,106,1032346221,"妖怪ウォッチ ぷにぷに"
15:30,107,1579464667,"Pokémon Sleep"
15:30,108,6754558455,"Marble Sort!"
15:30,109,6776146068,"[777Real] A-SLOT+ 異世界かるてっと BT"
15:30,110,967906866,"ユニメモ"
15:30,111,1193508329,"ナンプレ - 数字パズルゲーム"
15:30,112,6749251466,"クッキーラン：クランブル - 放置系RPG"
15:30,113,6740618570,"XP Hero(ヒーロー)): まずは世界観をのぞいてみて"
15:30,114,6744049261,"Block Color Mania, Puzzle Game"
15:30,115,6738109752,"タイルズ・サバイバル"
15:30,116,1389111413,"Hole.io"
15:30,117,6740043080,"Screwdom : ボルトパズルゲーム"
15:30,118,6749132002,"落ちにゃん！(Drop the Cat)"
15:30,119,1176027022,"トゥーンブラスト"
15:30,120,1173389241,"どうぶつタワーバトル - オンライン対戦ゲーム"
15:30,121,1643509748,"マージクッキング テーマレストラン"
15:30,122,6748996000,"ねこ旅"
15:30,123,6736896540,"ハローキティ：マイドリームストア"
15:30,124,6504332779,"Color Block Jam"
15:30,125,1489932710,"プロジェクトセカイ カラフルステージ！ feat. 初音ミク"
15:30,126,6746435822,"バグハン！"
15:30,127,1415478437,"NicoFlick - フリック入力リズムゲーム"
15:30,128,1458758886,"イラストチェイナー - 絵しりとりオンラインお絵描きアプリ"
15:30,129,6779167923,"Colony Flow!"
15:30,130,1601400687,"2人でできるゲーム - マルチプレイ 対戦ゲーム"
15:30,131,6760994244,"テイペンサバイバー"
15:30,132,1573133915,"ルーレット - 迷った時の抽選・くじ引きアプリ（るーれっと）"
15:30,133,6752886832,"ホテル・ミステリア"
15:30,134,6476597728,"EDGE POKER (エッジポーカー)"
15:30,135,6787609279,"Hide in Art - かくれんぼ"
15:30,136,6761100469,"Tricky Puzzle 2: 脳力テスト"
15:30,137,6782923681,"MiloDrop YaraTube"
15:30,138,6758326278,"Amaze GO! - 矢印 パズル"
15:30,139,6747492600,"麻雀ブラスト (Mahjong Blast)"
15:30,140,6756288168,"Cookingo: Perfect Meal"
15:30,141,6756994116,"イナズマイレブン クロス"
15:30,142,6473767344,"キノコ伝説：勇者と魔法のランプ"
15:30,143,6788498566,"Gartic Phone"
15:30,144,1486214495,"ブレインテスト(Brain Test)：ひっかけパズル"
15:30,145,1105855019,"ガーデンスケイプ (Gardenscapes)"
15:30,146,1344700142,"UNO!™"
15:30,147,1113270962,"みんなのオセロ【公式】オンライン対戦も遊べるオセロ対戦ゲーム"
15:30,148,6760453970,"ダメ恋-闇カレコレクション"
15:30,149,1562817072,"Mob Control"
15:30,150,940320341,"プロ野球スピリッツＡ"
15:30,151,6756307486,"Cube Tap Sort"
15:30,152,6739554561,"信長の野望 真戦"
15:30,153,6503284107,"オールインホール (All in Hole)"
15:30,154,6443755785,"シーサイド エスケープ：マージ & ストーリー"
15:30,155,1465731199,"2 Player Games : the Challenge"
15:30,156,6761523148,"Flower Forest - ワードパズル"
15:30,157,6760389476,"Color Puzzle Jam - バスゲーム 車のジャム"
15:30,158,1088626624,"無料ゲーム-迷った時のルーレット ランチや罰ゲーム抽選"
15:30,159,6769683163,"霊界大作戦"
15:30,160,6797465106,"脱出ゲーム｜小鳥のいる部屋"
15:30,161,1545088576,"777Real(777リアル) パチンコ･パチスロアプリ"
15:30,162,6760801577,"[グリパチ]ロボスキーI"
15:30,163,6751788348,"Water Match®- ASMR Water Sort"
15:30,164,6477417866,"価値観ゲーム Yappi ヤッピ  おもしろボードゲーム"
15:30,165,1550945606,"サッカースーパースター - サッカー"
15:30,166,6751222488,"Order Crazy:  飲み物ソートマッチ 色とりパズル"
15:30,167,6599838025,"Tangled Rope: Solve Puzzles!"
15:30,168,6754559095,"E.D.E.N：最終防衛線"
15:30,169,6449243946,"スネーククラッシュ (Snake Clash)"
15:30,170,6754098532,"ラッシュ：エクストリーム (RUSH: Xtreme)"
15:30,171,1158967485,"ヒーローウォーズ：アライアンス — アクションバトルにRPG"
15:30,172,529996768,"Bingo Blitz™ - ビンゴゲーム"
15:30,173,6785835684,"脱出ゲーム　夏休み　　　　新作のEscape Room謎解き"
15:30,174,6468921495,"ヴィータ麻雀(Vita Mahjong)"
15:30,175,6751056652,"Pixel Flow!"
15:30,176,6755861844,"確認させてください"
15:30,177,1521236603,"Travel Town - マージアドベンチャー"
15:30,178,1556357398,"Pikmin Bloom"
15:30,179,6749558825,"Water Sort - 色分けパズル"
15:30,180,1554440792,"Hit＆Blowオンライン（ヒットアンドブロー）"
15:30,181,6642698438,"ウッドパズル：Screw ネジ外すゲーム  - 人気 脳トレ"
15:30,182,6755670637,"Jigsort™: Solitaire"
15:30,183,1597897013,"Water Sort Puzzle - ソートパズルゲーム"
15:30,184,6751101794,"Loop Sort"
15:30,185,1671991909,"数学パズルゲーム - クロスマス"
15:30,186,1611490041,"メメントモリ"
15:30,187,1536427424,"ゴッドフィールド"
15:30,188,6789533514,"Bryzena Tile Journey"
15:30,189,6469306922,"数学パズルゲーム — ナンバーマッチ, クロスワード"
15:30,190,6739246483,"ホール・エム・オール (Hole Em All)"
15:30,191,6473152241,"Triple Match: 3Dグッズソートマッチゲーム"
15:30,192,6466620626,"フルーツ飴の達人 - ドバイもち、パフェ、ASMR、モッパン"
15:30,193,1635760774,"ザ・パーフェクトホテル (My Perfect Hotel)"
15:30,194,1249924192,"青鬼"
15:30,195,895700579,"大富豪 Online"
15:30,196,6751270213,"オブジェクトを探す：隠されたパズル"
15:30,197,6499293031,"ネジマッチ - ネジ外し ナットズルゲーム"
15:30,198,1645844395,"大家さんになろう！"
15:30,199,6754262851,"増えうさぎ by クラシル"
15:30,200,6758745353,"家系図ミステリー - カジュアルロジックパズルゲーム"
17:00,1,6759763476,"Bus Traffic Fever!"
17:00,2,6761760135,"Meowdoku!"
17:00,3,6746180100,"幻想水滸伝 STAR LEAP"
17:00,4,6758648051,"僕のヒーローアカデミアUNITED SURVIVAL"
17:00,5,6596745408,"ちいかわぽけっと"
17:00,6,6741567125,"モンスターサバイバル"
17:00,7,6771681142,"漢字分解パズル"
17:00,8,6751222389,"NBAダンクシティ"
17:00,9,6741503079,"Pokémon Champions"
17:00,10,6752672568,"Block Out! - Color Sort Puzzle"
17:00,11,1617391485,"ブロックブラスト (Block Blast)"
17:00,12,6748084174,"Smash Fest!"
17:00,13,6762239563,"意味怖ストーリー：バッドエンドを回避せよ！"
17:00,14,6471045672,"グルメ・ジャーニー"
17:00,15,6755455500,"ハリウッドマージ"
17:00,16,6759081967,"Jewel Coloring"
17:00,17,6759817762,"Titan Rush: Survival"
17:00,18,6639605332,"パラノイズ"
17:00,19,6742122160,"TopTop(トップトップ): サクッと遊んで、パッと友達"
17:00,20,6443575749,"ホワイトアウト・サバイバル"
17:00,21,6749109552,"X-Clash: サバイバル"
17:00,22,6756641135,"ホロライブドリームス"
17:00,23,6499209744,"マジックソート (Magic Sort!)"
17:00,24,431946152,"Roblox (ロブロックス)"
17:00,25,1482155847,"ロイヤルマッチ（Royal Match)"
17:00,26,1529747588,"どこでもパーティーゲーム「どこパ」：ワードウルフオンライン"
17:00,27,6780891673,"Royal Smash! - Physics Puzzle"
17:00,28,6739554056,"キングショット"
17:00,29,1117270703,"eFootball™"
17:00,30,1623318294,"ゴシップハーバー：マージ & ストーリー"
17:00,31,6748397500,"Arrows – Puzzle Escape"
17:00,32,6754311241,"無職転生 〜異世界行ったら本気だす〜 【クロエコ】"
17:00,33,6758080238,"トリミン2！-トリッキーミーン2 いじわる脳トレパズルゲーム"
17:00,34,1094591345,"Pokémon GO"
17:00,35,6761818626,"エンドレスフロンティア2 放置RPG ディフェンス"
17:00,36,6483539426,"フォートナイト"
17:00,37,638689075,"タウンシップ (Township)"
17:00,38,6757140488,"Sand Blocks: Drop Puzzle"
17:00,39,1229016807,"ブロスタ"
17:00,40,1606549505,"ロイヤルキングダム (Royal Kingdom)"
17:00,41,6742937695,"ペタペタペンギン団"
17:00,42,6746465127,"セルサバイバー - シューティングゲーム"
17:00,43,6756185760,"Search It - Hidden Objects"
17:00,44,6479970832,"Pokémon TCG Pocket"
17:00,45,6751537447,"Snake Puzzle: Slither to Eat!"
17:00,46,6505095234,"Car Jam - バスストップ ジャムゲーム"
17:00,47,6784572173,"買い物うさぎ by クラシル"
17:00,48,724594093,"LINE：ディズニー ツムツム"
17:00,49,6753862216,"フードスター（Foodstars）:マージ & クック"
17:00,50,6757671759,"Water Sort Puzzle - Order Up"
17:00,51,6764201639,"にゃんこ銃士：放置育成RPG"
17:00,52,6737022506,"ねじねじパズル"
17:00,53,6477413486,"Level Devil - NOT A Troll Game"
17:00,54,6759997224,"巡回中！即タイホ！"
17:00,55,6769314786,"Food Hunt: Pixel Puzzle"
17:00,56,1423046460,"Paper.io 2"
17:00,57,6689516366,"バスゲーム：カーパーキング・バスゲーム"
17:00,58,1312031248,"荒野行動-スマホ版バトロワ"
17:00,59,6744975195,"Sled Surfers - ファーズ - 坂冒険"
17:00,60,6756058501,"Jelly Busters: パズルゲーム"
17:00,61,6757832779,"3D Colorful Sort™ 魔法の水"
17:00,62,6762342518,"Fluffy Drop"
17:00,63,1638139403,"ブロッククラッシュ (Block Crush)"
17:00,64,6503272652,"ラストZ：サバイバルシューティング"
17:00,65,6760325543,"ArrowCube - 3DPuzzle"
17:00,66,6747736697,"ドラゴンクエストスマッシュグロウ ドラクエローグライトRPG"
17:00,67,6475757306,"Disney Solitaire ディズニー ソリティア"
17:00,68,6745772198,"ダイトモ"
17:00,69,1443446174,"魔法のタイルズ 3™: 音ゲー ピアノタイル"
17:00,70,6767091927,"ジグソードロップ：ソリティアパズル"
17:00,71,664575829,"フィッシュダム(Fishdom)"
17:00,72,6791525847,"Slow Mo Strike: ナイフ投げアクション"
17:00,73,6753668357,"LINE：ブロックジャム"
17:00,74,6448104157,"オフラインゲーム - 暇つぶし ゲーム - パズルゲーム"
17:00,75,6762267809,"Arrow Pro 3D"
17:00,76,6503603603,"ミステリータウン：マージゲーム (Mystery Town)"
17:00,77,6749300334,"ネジ3Dパズル：ピンを外すゲーム"
17:00,78,6748950306,"ソリティア：パズルゲーム 脳トレ カードゲーム 暇つぶし連想"
17:00,79,1222278363,"ワードウルフ決定版【新・人狼ゲーム】ワード人狼アプリ"
17:00,80,6755183085,"Yarn Loop: Knit Puzzle"
17:00,81,1479198816,"トップウォー"
17:00,82,6760957454,"脱出ゲーム アムステルダム"
17:00,83,6499306806,"グッズソーティング3D：マッチゲーム"
17:00,84,547145938,"にゃんこ大戦争"
17:00,85,6756989323,"ラストアサイラム：プレイグ"
17:00,86,1351168404,"Among Us!"
17:00,87,6746328263,"Castle Busters"
17:00,88,1517980891,"パズル&サバイバル"
17:00,89,1044039663,"みんなで早押しクイズ"
17:00,90,658511662,"モンスターストライク"
17:00,91,1569776448,"カラーソートボトルパズル色分けゲーム: Get Color"
17:00,92,6787983567,"価値ズレ！ - 価値観協力オンラインゲーム"
17:00,93,1469186379,"雀魂 -じゃんたま-"
17:00,94,6451399876,"Delta Force"
17:00,95,6756247422,"デジモンUP"
17:00,96,1491074310,"Tetris® - テトリス (公式ゲーム)"
17:00,97,6754370732,"耳だけ捜査線 - 暇つぶし論理パズルゲーム"
17:00,98,6755585789,"チート勇者～インベントリ攻略ゲー～RPG"
17:00,99,6756482832,"Brain Puzzle 3: Crazy Mind"
17:00,100,6746743297,"Bus Fever-Car Jam Escape"
17:00,101,6767834940,"トップロード"
17:00,102,6743385713,"毛糸クラッシュ - パーキングゲーム バスのゲーム"
17:00,103,6747957875,"Family Go! - 結婚・子育て・世代継承"
17:00,104,6478063606,"カラーブロック コンボブラスト"
17:00,105,1276424024,"オンクレならタイクレ！オンラインクレーンゲーム(オンクレ)"
17:00,106,1032346221,"妖怪ウォッチ ぷにぷに"
17:00,107,1579464667,"Pokémon Sleep"
17:00,108,6754558455,"Marble Sort!"
17:00,109,6776146068,"[777Real] A-SLOT+ 異世界かるてっと BT"
17:00,110,967906866,"ユニメモ"
17:00,111,1193508329,"ナンプレ - 数字パズルゲーム"
17:00,112,6749251466,"クッキーラン：クランブル - 放置系RPG"
17:00,113,6740618570,"XP Hero(ヒーロー)): まずは世界観をのぞいてみて"
17:00,114,6744049261,"Block Color Mania, Puzzle Game"
17:00,115,6738109752,"タイルズ・サバイバル"
17:00,116,1389111413,"Hole.io"
17:00,117,6740043080,"Screwdom : ボルトパズルゲーム"
17:00,118,6749132002,"落ちにゃん！(Drop the Cat)"
17:00,119,1176027022,"トゥーンブラスト"
17:00,120,1173389241,"どうぶつタワーバトル - オンライン対戦ゲーム"
17:00,121,1643509748,"マージクッキング テーマレストラン"
17:00,122,6748996000,"ねこ旅"
17:00,123,6736896540,"ハローキティ：マイドリームストア"
17:00,124,6504332779,"Color Block Jam"
17:00,125,1489932710,"プロジェクトセカイ カラフルステージ！ feat. 初音ミク"
17:00,126,6746435822,"バグハン！"
17:00,127,1415478437,"NicoFlick - フリック入力リズムゲーム"
17:00,128,1458758886,"イラストチェイナー - 絵しりとりオンラインお絵描きアプリ"
17:00,129,6779167923,"Colony Flow!"
17:00,130,1601400687,"2人でできるゲーム - マルチプレイ 対戦ゲーム"
17:00,131,6760994244,"テイペンサバイバー"
17:00,132,1573133915,"ルーレット - 迷った時の抽選・くじ引きアプリ（るーれっと）"
17:00,133,6752886832,"ホテル・ミステリア"
17:00,134,6476597728,"EDGE POKER (エッジポーカー)"
17:00,135,6787609279,"Hide in Art - かくれんぼ"
17:00,136,6761100469,"Tricky Puzzle 2: 脳力テスト"
17:00,137,6782923681,"MiloDrop YaraTube"
17:00,138,6758326278,"Amaze GO! - 矢印 パズル"
17:00,139,6747492600,"麻雀ブラスト (Mahjong Blast)"
17:00,140,6756288168,"Cookingo: Perfect Meal"
17:00,141,6756994116,"イナズマイレブン クロス"
17:00,142,6473767344,"キノコ伝説：勇者と魔法のランプ"
17:00,143,6788498566,"Gartic Phone"
17:00,144,1486214495,"ブレインテスト(Brain Test)：ひっかけパズル"
17:00,145,1105855019,"ガーデンスケイプ (Gardenscapes)"
17:00,146,1344700142,"UNO!™"
17:00,147,1113270962,"みんなのオセロ【公式】オンライン対戦も遊べるオセロ対戦ゲーム"
17:00,148,6760453970,"ダメ恋-闇カレコレクション"
17:00,149,1562817072,"Mob Control"
17:00,150,940320341,"プロ野球スピリッツＡ"
17:00,151,6756307486,"Cube Tap Sort"
17:00,152,6739554561,"信長の野望 真戦"
17:00,153,6503284107,"オールインホール (All in Hole)"
17:00,154,6443755785,"シーサイド エスケープ：マージ & ストーリー"
17:00,155,1465731199,"2 Player Games : the Challenge"
17:00,156,6761523148,"Flower Forest - ワードパズル"
17:00,157,6760389476,"Color Puzzle Jam - バスゲーム 車のジャム"
17:00,158,1088626624,"無料ゲーム-迷った時のルーレット ランチや罰ゲーム抽選"
17:00,159,6769683163,"霊界大作戦"
17:00,160,6797465106,"脱出ゲーム｜小鳥のいる部屋"
17:00,161,1545088576,"777Real(777リアル) パチンコ･パチスロアプリ"
17:00,162,6760801577,"[グリパチ]ロボスキーI"
17:00,163,6751788348,"Water Match®- ASMR Water Sort"
17:00,164,6477417866,"価値観ゲーム Yappi ヤッピ  おもしろボードゲーム"
17:00,165,1550945606,"サッカースーパースター - サッカー"
17:00,166,6751222488,"Order Crazy:  飲み物ソートマッチ 色とりパズル"
17:00,167,6599838025,"Tangled Rope: Solve Puzzles!"
17:00,168,6754559095,"E.D.E.N：最終防衛線"
17:00,169,6449243946,"スネーククラッシュ (Snake Clash)"
17:00,170,6754098532,"ラッシュ：エクストリーム (RUSH: Xtreme)"
17:00,171,1158967485,"ヒーローウォーズ：アライアンス — アクションバトルにRPG"
17:00,172,529996768,"Bingo Blitz™ - ビンゴゲーム"
17:00,173,6785835684,"脱出ゲーム　夏休み　　　　新作のEscape Room謎解き"
17:00,174,6468921495,"ヴィータ麻雀(Vita Mahjong)"
17:00,175,6751056652,"Pixel Flow!"
17:00,176,6755861844,"確認させてください"
17:00,177,1521236603,"Travel Town - マージアドベンチャー"
17:00,178,1556357398,"Pikmin Bloom"
17:00,179,6749558825,"Water Sort - 色分けパズル"
17:00,180,1554440792,"Hit＆Blowオンライン（ヒットアンドブロー）"
17:00,181,6642698438,"ウッドパズル：Screw ネジ外すゲーム  - 人気 脳トレ"
17:00,182,6755670637,"Jigsort™: Solitaire"
17:00,183,1597897013,"Water Sort Puzzle - ソートパズルゲーム"
17:00,184,6751101794,"Loop Sort"
17:00,185,1671991909,"数学パズルゲーム - クロスマス"
17:00,186,1611490041,"メメントモリ"
17:00,187,1536427424,"ゴッドフィールド"
17:00,188,6789533514,"Bryzena Tile Journey"
17:00,189,6469306922,"数学パズルゲーム — ナンバーマッチ, クロスワード"
17:00,190,6739246483,"ホール・エム・オール (Hole Em All)"
17:00,191,6473152241,"Triple Match: 3Dグッズソートマッチゲーム"
17:00,192,6466620626,"フルーツ飴の達人 - ドバイもち、パフェ、ASMR、モッパン"
17:00,193,1635760774,"ザ・パーフェクトホテル (My Perfect Hotel)"
17:00,194,1249924192,"青鬼"
17:00,195,895700579,"大富豪 Online"
17:00,196,6751270213,"オブジェクトを探す：隠されたパズル"
17:00,197,6499293031,"ネジマッチ - ネジ外し ナットズルゲーム"
17:00,198,1645844395,"大家さんになろう！"
17:00,199,6754262851,"増えうさぎ by クラシル"
17:00,200,6758745353,"家系図ミステリー - カジュアルロジックパズルゲーム"
18:00,1,6759763476,"Bus Traffic Fever!"
18:00,2,6761760135,"Meowdoku!"
18:00,3,6746180100,"幻想水滸伝 STAR LEAP"
18:00,4,6758648051,"僕のヒーローアカデミアUNITED SURVIVAL"
18:00,5,6596745408,"ちいかわぽけっと"
18:00,6,6741567125,"モンスターサバイバル"
18:00,7,6771681142,"漢字分解パズル"
18:00,8,6741503079,"Pokémon Champions"
18:00,9,1617391485,"ブロックブラスト (Block Blast)"
18:00,10,6752672568,"Block Out! - Color Sort Puzzle"
18:00,11,6751222389,"NBAダンクシティ"
18:00,12,6762239563,"意味怖ストーリー：バッドエンドを回避せよ！"
18:00,13,6748084174,"Smash Fest!"
18:00,14,6471045672,"グルメ・ジャーニー"
18:00,15,6755455500,"ハリウッドマージ"
18:00,16,6759081967,"Jewel Coloring"
18:00,17,6639605332,"パラノイズ"
18:00,18,6759817762,"Titan Rush: Survival"
18:00,19,6742122160,"TopTop(トップトップ): サクッと遊んで、パッと友達"
18:00,20,6443575749,"ホワイトアウト・サバイバル"
18:00,21,6749109552,"X-Clash: サバイバル"
18:00,22,6499209744,"マジックソート (Magic Sort!)"
18:00,23,431946152,"Roblox (ロブロックス)"
18:00,24,6756641135,"ホロライブドリームス"
18:00,25,1482155847,"ロイヤルマッチ（Royal Match)"
18:00,26,1529747588,"どこでもパーティーゲーム「どこパ」：ワードウルフオンライン"
18:00,27,6739554056,"キングショット"
18:00,28,1623318294,"ゴシップハーバー：マージ & ストーリー"
18:00,29,1117270703,"eFootball™"
18:00,30,6780891673,"Royal Smash! - Physics Puzzle"
18:00,31,6748397500,"Arrows – Puzzle Escape"
18:00,32,6758080238,"トリミン2！-トリッキーミーン2 いじわる脳トレパズルゲーム"
18:00,33,1094591345,"Pokémon GO"
18:00,34,6761818626,"エンドレスフロンティア2 放置RPG ディフェンス"
18:00,35,6754311241,"無職転生 〜異世界行ったら本気だす〜 【クロエコ】"
18:00,36,6483539426,"フォートナイト"
18:00,37,638689075,"タウンシップ (Township)"
18:00,38,6742937695,"ペタペタペンギン団"
18:00,39,1229016807,"ブロスタ"
18:00,40,6746465127,"セルサバイバー - シューティングゲーム"
18:00,41,1606549505,"ロイヤルキングダム (Royal Kingdom)"
18:00,42,6751537447,"Snake Puzzle: Slither to Eat!"
18:00,43,6756185760,"Search It - Hidden Objects"
18:00,44,6479970832,"Pokémon TCG Pocket"
18:00,45,6757140488,"Sand Blocks: Drop Puzzle"
18:00,46,6753862216,"フードスター（Foodstars）:マージ & クック"
18:00,47,1423046460,"Paper.io 2"
18:00,48,724594093,"LINE：ディズニー ツムツム"
18:00,49,6744975195,"Sled Surfers - ファーズ - 坂冒険"
18:00,50,6757671759,"Water Sort Puzzle - Order Up"
18:00,51,6477413486,"Level Devil - NOT A Troll Game"
18:00,52,6503272652,"ラストZ：サバイバルシューティング"
18:00,53,6505095234,"Car Jam - バスストップ ジャムゲーム"
18:00,54,6759997224,"巡回中！即タイホ！"
18:00,55,6784572173,"買い物うさぎ by クラシル"
18:00,56,1638139403,"ブロッククラッシュ (Block Crush)"
18:00,57,6764201639,"にゃんこ銃士：放置育成RPG"
18:00,58,6689516366,"バスゲーム：カーパーキング・バスゲーム"
18:00,59,6737022506,"ねじねじパズル"
18:00,60,6769314786,"Food Hunt: Pixel Puzzle"
18:00,61,1312031248,"荒野行動-スマホ版バトロワ"
18:00,62,6747736697,"ドラゴンクエストスマッシュグロウ ドラクエローグライトRPG"
18:00,63,6756058501,"Jelly Busters: パズルゲーム"
18:00,64,6757832779,"3D Colorful Sort™ 魔法の水"
18:00,65,6760325543,"ArrowCube - 3DPuzzle"
18:00,66,6762342518,"Fluffy Drop"
18:00,67,1443446174,"魔法のタイルズ 3™: 音ゲー ピアノタイル"
18:00,68,6475757306,"Disney Solitaire ディズニー ソリティア"
18:00,69,664575829,"フィッシュダム(Fishdom)"
18:00,70,6448104157,"オフラインゲーム - 暇つぶし ゲーム - パズルゲーム"
18:00,71,6746328263,"Castle Busters"
18:00,72,6753668357,"LINE：ブロックジャム"
18:00,73,1479198816,"トップウォー"
18:00,74,6503603603,"ミステリータウン：マージゲーム (Mystery Town)"
18:00,75,1222278363,"ワードウルフ決定版【新・人狼ゲーム】ワード人狼アプリ"
18:00,76,6767091927,"ジグソードロップ：ソリティアパズル"
18:00,77,6762267809,"Arrow Pro 3D"
18:00,78,6756989323,"ラストアサイラム：プレイグ"
18:00,79,547145938,"にゃんこ大戦争"
18:00,80,6760957454,"脱出ゲーム アムステルダム"
18:00,81,6749300334,"ネジ3Dパズル：ピンを外すゲーム"
18:00,82,6756482832,"Brain Puzzle 3: Crazy Mind"
18:00,83,1517980891,"パズル&サバイバル"
18:00,84,1351168404,"Among Us!"
18:00,85,6499306806,"グッズソーティング3D：マッチゲーム"
18:00,86,6748950306,"ソリティア：パズルゲーム 脳トレ カードゲーム 暇つぶし連想"
18:00,87,6755183085,"Yarn Loop: Knit Puzzle"
18:00,88,6745772198,"ダイトモ"
18:00,89,1569776448,"カラーソートボトルパズル色分けゲーム: Get Color"
18:00,90,1491074310,"Tetris® - テトリス (公式ゲーム)"
18:00,91,1469186379,"雀魂 -じゃんたま-"
18:00,92,1044039663,"みんなで早押しクイズ"
18:00,93,6767834940,"トップロード"
18:00,94,6754370732,"耳だけ捜査線 - 暇つぶし論理パズルゲーム"
18:00,95,6451399876,"Delta Force"
18:00,96,6743385713,"毛糸クラッシュ - パーキングゲーム バスのゲーム"
18:00,97,658511662,"モンスターストライク"
18:00,98,6756247422,"デジモンUP"
18:00,99,6746743297,"Bus Fever-Car Jam Escape"
18:00,100,6787983567,"価値ズレ！ - 価値観協力オンラインゲーム"
18:00,101,6791525847,"Slow Mo Strike: ナイフ投げアクション"
18:00,102,6478063606,"カラーブロック コンボブラスト"
18:00,103,1276424024,"オンクレならタイクレ！オンラインクレーンゲーム(オンクレ)"
18:00,104,6755585789,"チート勇者～インベントリ攻略ゲー～RPG"
18:00,105,1032346221,"妖怪ウォッチ ぷにぷに"
18:00,106,1389111413,"Hole.io"
18:00,107,6754558455,"Marble Sort!"
18:00,108,6747957875,"Family Go! - 結婚・子育て・世代継承"
18:00,109,1193508329,"ナンプレ - 数字パズルゲーム"
18:00,110,6738109752,"タイルズ・サバイバル"
18:00,111,6504332779,"Color Block Jam"
18:00,112,6740618570,"XP Hero(ヒーロー)): まずは世界観をのぞいてみて"
18:00,113,6746435822,"バグハン！"
18:00,114,1579464667,"Pokémon Sleep"
18:00,115,6776146068,"[777Real] A-SLOT+ 異世界かるてっと BT"
18:00,116,967906866,"ユニメモ"
18:00,117,6752886832,"ホテル・ミステリア"
18:00,118,6756307486,"Cube Tap Sort"
18:00,119,1176027022,"トゥーンブラスト"
18:00,120,1173389241,"どうぶつタワーバトル - オンライン対戦ゲーム"
18:00,121,6749132002,"落ちにゃん！(Drop the Cat)"
18:00,122,6740043080,"Screwdom : ボルトパズルゲーム"
18:00,123,6749251466,"クッキーラン：クランブル - 放置系RPG"
18:00,124,1643509748,"マージクッキング テーマレストラン"
18:00,125,6744049261,"Block Color Mania, Puzzle Game"
18:00,126,1601400687,"2人でできるゲーム - マルチプレイ 対戦ゲーム"
18:00,127,1489932710,"プロジェクトセカイ カラフルステージ！ feat. 初音ミク"
18:00,128,6779167923,"Colony Flow!"
18:00,129,1562817072,"Mob Control"
18:00,130,1415478437,"NicoFlick - フリック入力リズムゲーム"
18:00,131,6760994244,"テイペンサバイバー"
18:00,132,1458758886,"イラストチェイナー - 絵しりとりオンラインお絵描きアプリ"
18:00,133,6736896540,"ハローキティ：マイドリームストア"
18:00,134,6758326278,"Amaze GO! - 矢印 パズル"
18:00,135,1113270962,"みんなのオセロ【公式】オンライン対戦も遊べるオセロ対戦ゲーム"
18:00,136,6756994116,"イナズマイレブン クロス"
18:00,137,1573133915,"ルーレット - 迷った時の抽選・くじ引きアプリ（るーれっと）"
18:00,138,6787609279,"Hide in Art - かくれんぼ"
18:00,139,6756288168,"Cookingo: Perfect Meal"
18:00,140,6782923681,"MiloDrop YaraTube"
18:00,141,6476597728,"EDGE POKER (エッジポーカー)"
18:00,142,6761100469,"Tricky Puzzle 2: 脳力テスト"
18:00,143,1344700142,"UNO!™"
18:00,144,6748996000,"ねこ旅"
18:00,145,940320341,"プロ野球スピリッツＡ"
18:00,146,6747492600,"麻雀ブラスト (Mahjong Blast)"
18:00,147,1105855019,"ガーデンスケイプ (Gardenscapes)"
18:00,148,6503284107,"オールインホール (All in Hole)"
18:00,149,1465731199,"2 Player Games : the Challenge"
18:00,150,6473767344,"キノコ伝説：勇者と魔法のランプ"
18:00,151,6754098532,"ラッシュ：エクストリーム (RUSH: Xtreme)"
18:00,152,6739554561,"信長の野望 真戦"
18:00,153,1550945606,"サッカースーパースター - サッカー"
18:00,154,1486214495,"ブレインテスト(Brain Test)：ひっかけパズル"
18:00,155,6761523148,"Flower Forest - ワードパズル"
18:00,156,6443755785,"シーサイド エスケープ：マージ & ストーリー"
18:00,157,6788498566,"Gartic Phone"
18:00,158,6760389476,"Color Puzzle Jam - バスゲーム 車のジャム"
18:00,159,6599838025,"Tangled Rope: Solve Puzzles!"
18:00,160,6760453970,"ダメ恋-闇カレコレクション"
18:00,161,6473152241,"Triple Match: 3Dグッズソートマッチゲーム"
18:00,162,1158967485,"ヒーローウォーズ：アライアンス — アクションバトルにRPG"
18:00,163,1545088576,"777Real(777リアル) パチンコ･パチスロアプリ"
18:00,164,1088626624,"無料ゲーム-迷った時のルーレット ランチや罰ゲーム抽選"
18:00,165,6751788348,"Water Match®- ASMR Water Sort"
18:00,166,6797465106,"脱出ゲーム｜小鳥のいる部屋"
18:00,167,6755861844,"確認させてください"
18:00,168,6449243946,"スネーククラッシュ (Snake Clash)"
18:00,169,6468921495,"ヴィータ麻雀(Vita Mahjong)"
18:00,170,6760801577,"[グリパチ]ロボスキーI"
18:00,171,529996768,"Bingo Blitz™ - ビンゴゲーム"
18:00,172,6769683163,"霊界大作戦"
18:00,173,1521236603,"Travel Town - マージアドベンチャー"
18:00,174,6477417866,"価値観ゲーム Yappi ヤッピ  おもしろボードゲーム"
18:00,175,6751222488,"Order Crazy:  飲み物ソートマッチ 色とりパズル"
18:00,176,6642698438,"ウッドパズル：Screw ネジ外すゲーム  - 人気 脳トレ"
18:00,177,6754559095,"E.D.E.N：最終防衛線"
18:00,178,6785835684,"脱出ゲーム　博物館　　　　　新作Escape Room謎解き"
18:00,179,1554440792,"Hit＆Blowオンライン（ヒットアンドブロー）"
18:00,180,1556357398,"Pikmin Bloom"
18:00,181,1635760774,"ザ・パーフェクトホテル (My Perfect Hotel)"
18:00,182,6749558825,"Water Sort - 色分けパズル"
18:00,183,1249924192,"青鬼"
18:00,184,553834731,"キャンディークラッシュ"
18:00,185,1597897013,"Water Sort Puzzle - ソートパズルゲーム"
18:00,186,1671991909,"数学パズルゲーム - クロスマス"
18:00,187,930574573,"スナイパー3Dシューティング戦ゲーム（Sniper 3D）"
18:00,188,6789533514,"Bryzena Tile Journey"
18:00,189,6751056652,"Pixel Flow!"
18:00,190,1536427424,"ゴッドフィールド"
18:00,191,1568245971,"カウントマスターズ：ランニングゲーム、面白いレース3D"
18:00,192,6751101794,"Loop Sort"
18:00,193,1645844395,"大家さんになろう！"
18:00,194,6466620626,"フルーツ飴の達人 - ドバイもち、パフェ、ASMR、モッパン"
18:00,195,6758745353,"家系図ミステリー - カジュアルロジックパズルゲーム"
18:00,196,6751270213,"オブジェクトを探す：隠されたパズル"
18:00,197,1542776143,"Pocket Champs: PVP 競争ゲーム"
18:00,198,6755670637,"Jigsort™: Solitaire"
18:00,199,1611490041,"メメントモリ"
18:00,200,6469306922,"数学パズルゲーム — ナンバーマッチ, クロスワード"
19:00,1,6759763476,"Bus Traffic Fever!"
19:00,2,6761760135,"Meowdoku!"
19:00,3,6746180100,"幻想水滸伝 STAR LEAP"
19:00,4,6758648051,"僕のヒーローアカデミアUNITED SURVIVAL"
19:00,5,6596745408,"ちいかわぽけっと"
19:00,6,6741567125,"モンスターサバイバル"
19:00,7,6771681142,"漢字分解パズル"
19:00,8,6741503079,"Pokémon Champions"
19:00,9,1617391485,"ブロックブラスト (Block Blast)"
19:00,10,6752672568,"Block Out! - Color Sort Puzzle"
19:00,11,6762239563,"意味怖ストーリー：バッドエンドを回避せよ！"
19:00,12,6748084174,"Smash Fest!"
19:00,13,6751222389,"NBAダンクシティ"
19:00,14,6755455500,"ハリウッドマージ"
19:00,15,6471045672,"グルメ・ジャーニー"
19:00,16,6639605332,"パラノイズ"
19:00,17,6759817762,"Titan Rush: Survival"
19:00,18,6759081967,"Jewel Coloring"
19:00,19,6742122160,"TopTop(トップトップ): サクッと遊んで、パッと友達"
19:00,20,6443575749,"ホワイトアウト・サバイバル"
19:00,21,6749109552,"X-Clash: サバイバル"
19:00,22,431946152,"Roblox (ロブロックス)"
19:00,23,6499209744,"マジックソート (Magic Sort!)"
19:00,24,6756641135,"ホロライブドリームス"
19:00,25,1482155847,"ロイヤルマッチ（Royal Match)"
19:00,26,1623318294,"ゴシップハーバー：マージ & ストーリー"
19:00,27,1529747588,"どこでもパーティーゲーム「どこパ」：ワードウルフオンライン"
19:00,28,6739554056,"キングショット"
19:00,29,1117270703,"eFootball™"
19:00,30,6780891673,"Royal Smash! - Physics Puzzle"
19:00,31,6748397500,"Arrows – Puzzle Escape"
19:00,32,6758080238,"トリミン2！-トリッキーミーン2 いじわる脳トレパズルゲーム"
19:00,33,1094591345,"Pokémon GO"
19:00,34,6483539426,"フォートナイト"
19:00,35,6761818626,"エンドレスフロンティア2 放置RPG ディフェンス"
19:00,36,6754311241,"無職転生 〜異世界行ったら本気だす〜 【クロエコ】"
19:00,37,638689075,"タウンシップ (Township)"
19:00,38,1229016807,"ブロスタ"
19:00,39,6742937695,"ペタペタペンギン団"
19:00,40,1606549505,"ロイヤルキングダム (Royal Kingdom)"
19:00,41,6746465127,"セルサバイバー - シューティングゲーム"
19:00,42,6751537447,"Snake Puzzle: Slither to Eat!"
19:00,43,6479970832,"Pokémon TCG Pocket"
19:00,44,6756185760,"Search It - Hidden Objects"
19:00,45,6744975195,"Sled Surfers - ファーズ - 坂冒険"
19:00,46,1423046460,"Paper.io 2"
19:00,47,6753862216,"フードスター（Foodstars）:マージ & クック"
19:00,48,724594093,"LINE：ディズニー ツムツム"
19:00,49,6477413486,"Level Devil - NOT A Troll Game"
19:00,50,6503272652,"ラストZ：サバイバルシューティング"
19:00,51,6757671759,"Water Sort Puzzle - Order Up"
19:00,52,6757140488,"Sand Blocks: Drop Puzzle"
19:00,53,6505095234,"Car Jam - バスストップ ジャムゲーム"
19:00,54,6759997224,"巡回中！即タイホ！"
19:00,55,6784572173,"買い物うさぎ by クラシル"
19:00,56,6689516366,"バスゲーム：カーパーキング・バスゲーム"
19:00,57,6747736697,"ドラゴンクエストスマッシュグロウ ドラクエローグライトRPG"
19:00,58,1638139403,"ブロッククラッシュ (Block Crush)"
19:00,59,1312031248,"荒野行動-スマホ版バトロワ"
19:00,60,6737022506,"ねじねじパズル"
19:00,61,6764201639,"にゃんこ銃士：放置育成RPG"
19:00,62,6769314786,"Food Hunt: Pixel Puzzle"
19:00,63,1443446174,"魔法のタイルズ 3™: 音ゲー ピアノタイル"
19:00,64,6757832779,"3D Colorful Sort™ 魔法の水"
19:00,65,6756058501,"Jelly Busters: パズルゲーム"
19:00,66,6475757306,"Disney Solitaire ディズニー ソリティア"
19:00,67,6760325543,"ArrowCube - 3DPuzzle"
19:00,68,6746328263,"Castle Busters"
19:00,69,664575829,"フィッシュダム(Fishdom)"
19:00,70,6762342518,"Fluffy Drop"
19:00,71,1222278363,"ワードウルフ決定版【新・人狼ゲーム】ワード人狼アプリ"
19:00,72,6753668357,"LINE：ブロックジャム"
19:00,73,6448104157,"オフラインゲーム - 暇つぶし ゲーム - パズルゲーム"
19:00,74,6503603603,"ミステリータウン：マージゲーム (Mystery Town)"
19:00,75,6791525847,"Slow Mo Strike: ナイフ投げアクション"
19:00,76,547145938,"にゃんこ大戦争"
19:00,77,1479198816,"トップウォー"
19:00,78,6756989323,"ラストアサイラム：プレイグ"
19:00,79,6760957454,"脱出ゲーム アムステルダム"
19:00,80,6756482832,"Brain Puzzle 3: Crazy Mind"
19:00,81,6762267809,"Arrow Pro 3D"
19:00,82,6767091927,"ジグソードロップ：ソリティアパズル"
19:00,83,1351168404,"Among Us!"
19:00,84,6499306806,"グッズソーティング3D：マッチゲーム"
19:00,85,1517980891,"パズル&サバイバル"
19:00,86,1491074310,"Tetris® - テトリス (公式ゲーム)"
19:00,87,1469186379,"雀魂 -じゃんたま-"
19:00,88,1569776448,"カラーソートボトルパズル色分けゲーム: Get Color"
19:00,89,6749300334,"ネジ3Dパズル：ピンを外すゲーム"
19:00,90,6748950306,"ソリティア：パズルゲーム 脳トレ カードゲーム 暇つぶし連想"
19:00,91,6451399876,"Delta Force"
19:00,92,1044039663,"みんなで早押しクイズ"
19:00,93,6743385713,"毛糸クラッシュ - パーキングゲーム バスのゲーム"
19:00,94,6767834940,"トップロード"
19:00,95,658511662,"モンスターストライク"
19:00,96,6755183085,"Yarn Loop: Knit Puzzle"
19:00,97,6756247422,"デジモンUP"
19:00,98,6746743297,"Bus Fever-Car Jam Escape"
19:00,99,6756307486,"Cube Tap Sort"
19:00,100,6745772198,"ダイトモ"
19:00,101,6787983567,"価値ズレ！ - 価値観協力オンラインゲーム"
19:00,102,6478063606,"カラーブロック コンボブラスト"
19:00,103,1276424024,"オンクレならタイクレ！オンラインクレーンゲーム(オンクレ)"
19:00,104,6754370732,"耳だけ捜査線 - 暇つぶし論理パズルゲーム"
19:00,105,1032346221,"妖怪ウォッチ ぷにぷに"
19:00,106,1389111413,"Hole.io"
19:00,107,6754558455,"Marble Sort!"
19:00,108,6504332779,"Color Block Jam"
19:00,109,1579464667,"Pokémon Sleep"
19:00,110,1193508329,"ナンプレ - 数字パズルゲーム"
19:00,111,6747957875,"Family Go! - 結婚・子育て・世代継承"
19:00,112,6738109752,"タイルズ・サバイバル"
19:00,113,6755585789,"チート勇者～インベントリ攻略ゲー～RPG"
19:00,114,6740618570,"XP Hero(ヒーロー)): まずは世界観をのぞいてみて"
19:00,115,1601400687,"2人でできるゲーム - マルチプレイ 対戦ゲーム"
19:00,116,1643509748,"マージクッキング テーマレストラン"
19:00,117,1173389241,"どうぶつタワーバトル - オンライン対戦ゲーム"
19:00,118,6752886832,"ホテル・ミステリア"
19:00,119,6776146068,"[777Real] A-SLOT+ 異世界かるてっと BT"
19:00,120,1489932710,"プロジェクトセカイ カラフルステージ！ feat. 初音ミク"
19:00,121,6749251466,"クッキーラン：クランブル - 放置系RPG"
19:00,122,6746435822,"バグハン！"
19:00,123,6740043080,"Screwdom : ボルトパズルゲーム"
19:00,124,967906866,"ユニメモ"
19:00,125,6749132002,"落ちにゃん！(Drop the Cat)"
19:00,126,6779167923,"Colony Flow!"
19:00,127,6744049261,"Block Color Mania, Puzzle Game"
19:00,128,1176027022,"トゥーンブラスト"
19:00,129,1458758886,"イラストチェイナー - 絵しりとりオンラインお絵描きアプリ"
19:00,130,1415478437,"NicoFlick - フリック入力リズムゲーム"
19:00,131,1113270962,"みんなのオセロ【公式】オンライン対戦も遊べるオセロ対戦ゲーム"
19:00,132,6760994244,"テイペンサバイバー"
19:00,133,6758326278,"Amaze GO! - 矢印 パズル"
19:00,134,1562817072,"Mob Control"
19:00,135,1344700142,"UNO!™"
19:00,136,6736896540,"ハローキティ：マイドリームストア"
19:00,137,6787609279,"Hide in Art - かくれんぼ"
19:00,138,6756288168,"Cookingo: Perfect Meal"
19:00,139,6756994116,"イナズマイレブン クロス"
19:00,140,1573133915,"ルーレット - 迷った時の抽選・くじ引きアプリ（るーれっと）"
19:00,141,6503284107,"オールインホール (All in Hole)"
19:00,142,940320341,"プロ野球スピリッツＡ"
19:00,143,6747492600,"麻雀ブラスト (Mahjong Blast)"
19:00,144,1105855019,"ガーデンスケイプ (Gardenscapes)"
19:00,145,6754098532,"ラッシュ：エクストリーム (RUSH: Xtreme)"
19:00,146,6476597728,"EDGE POKER (エッジポーカー)"
19:00,147,1550945606,"サッカースーパースター - サッカー"
19:00,148,6782923681,"MiloDrop YaraTube"
19:00,149,6761100469,"Tricky Puzzle 2: 脳力テスト"
19:00,150,6748996000,"ねこ旅"
19:00,151,6473152241,"Triple Match: 3Dグッズソートマッチゲーム"
19:00,152,1465731199,"2 Player Games : the Challenge"
19:00,153,6473767344,"キノコ伝説：勇者と魔法のランプ"
19:00,154,6739554561,"信長の野望 真戦"
19:00,155,1486214495,"ブレインテスト(Brain Test)：ひっかけパズル"
19:00,156,1088626624,"無料ゲーム-迷った時のルーレット ランチや罰ゲーム抽選"
19:00,157,1158967485,"ヒーローウォーズ：アライアンス — アクションバトルにRPG"
19:00,158,6788498566,"Gartic Phone"
19:00,159,6760389476,"Color Puzzle Jam - バスゲーム 車のジャム"
19:00,160,1545088576,"777Real(777リアル) パチンコ･パチスロアプリ"
19:00,161,6443755785,"シーサイド エスケープ：マージ & ストーリー"
19:00,162,6761523148,"Flower Forest - ワードパズル"
19:00,163,6599838025,"Tangled Rope: Solve Puzzles!"
19:00,164,6751788348,"Water Match®- ASMR Water Sort"
19:00,165,6468921495,"ヴィータ麻雀(Vita Mahjong)"
19:00,166,6755861844,"確認させてください"
19:00,167,6797465106,"脱出ゲーム｜小鳥のいる部屋"
19:00,168,6449243946,"スネーククラッシュ (Snake Clash)"
19:00,169,6760453970,"ダメ恋-闇カレコレクション"
19:00,170,6477417866,"価値観ゲーム Yappi ヤッピ  おもしろボードゲーム"
19:00,171,529996768,"Bingo Blitz™ - ビンゴゲーム"
19:00,172,1521236603,"Travel Town - マージアドベンチャー"
19:00,173,6760801577,"[グリパチ]ロボスキーI"
19:00,174,6642698438,"ウッドパズル：Screw ネジ外すゲーム  - 人気 脳トレ"
19:00,175,930574573,"スナイパー3Dシューティング戦ゲーム（Sniper 3D）"
19:00,176,6754559095,"E.D.E.N：最終防衛線"
19:00,177,1249924192,"青鬼"
19:00,178,6751222488,"Order Crazy:  飲み物ソートマッチ 色とりパズル"
19:00,179,6769683163,"霊界大作戦"
19:00,180,6749558825,"Water Sort - 色分けパズル"
19:00,181,1554440792,"Hit＆Blowオンライン（ヒットアンドブロー）"
19:00,182,6466620626,"フルーツ飴の達人 - ドバイもち、パフェ、ASMR、モッパン"
19:00,183,1635760774,"ザ・パーフェクトホテル (My Perfect Hotel)"
19:00,184,1597897013,"Water Sort Puzzle - ソートパズルゲーム"
19:00,185,6785835684,"脱出ゲーム　博物館　　　　　新作Escape Room謎解き"
19:00,186,1556357398,"Pikmin Bloom"
19:00,187,1536427424,"ゴッドフィールド"
19:00,188,1568245971,"カウントマスターズ：ランニングゲーム、面白いレース3D"
19:00,189,1671991909,"数学パズルゲーム - クロスマス"
19:00,190,1542776143,"Pocket Champs: PVP 競争ゲーム"
19:00,191,1645844395,"大家さんになろう！"
19:00,192,553834731,"キャンディークラッシュ"
19:00,193,1611490041,"メメントモリ"
19:00,194,6789533514,"Bryzena Tile Journey"
19:00,195,6751101794,"Loop Sort"
19:00,196,895700579,"大富豪 Online"
19:00,197,6751056652,"Pixel Flow!"
19:00,198,6772147203,"TapArrowHex"
19:00,199,6469306922,"数学パズルゲーム — ナンバーマッチ, クロスワード"
19:00,200,6751270213,"オブジェクトを探す：隠されたパズル"
20:00,1,6759763476,"Bus Traffic Fever!"
20:00,2,6761760135,"Meowdoku!"
20:00,3,6746180100,"幻想水滸伝 STAR LEAP"
20:00,4,6758648051,"僕のヒーローアカデミアUNITED SURVIVAL"
20:00,5,6596745408,"ちいかわぽけっと"
20:00,6,6741567125,"モンスターサバイバル"
20:00,7,6771681142,"漢字分解パズル"
20:00,8,6741503079,"Pokémon Champions"
20:00,9,1617391485,"ブロックブラスト (Block Blast)"
20:00,10,6752672568,"Block Out! - Color Sort Puzzle"
20:00,11,6762239563,"意味怖ストーリー：バッドエンドを回避せよ！"
20:00,12,6748084174,"Smash Fest!"
20:00,13,6751222389,"NBAダンクシティ"
20:00,14,6755455500,"ハリウッドマージ"
20:00,15,6471045672,"グルメ・ジャーニー"
20:00,16,6639605332,"パラノイズ"
20:00,17,6759817762,"Titan Rush: Survival"
20:00,18,6759081967,"Jewel Coloring"
20:00,19,6742122160,"TopTop(トップトップ): サクッと遊んで、パッと友達"
20:00,20,6443575749,"ホワイトアウト・サバイバル"
20:00,21,6749109552,"X-Clash: サバイバル"
20:00,22,431946152,"Roblox (ロブロックス)"
20:00,23,6499209744,"マジックソート (Magic Sort!)"
20:00,24,6756641135,"ホロライブドリームス"
20:00,25,1482155847,"ロイヤルマッチ（Royal Match)"
20:00,26,1623318294,"ゴシップハーバー：マージ & ストーリー"
20:00,27,1529747588,"どこでもパーティーゲーム「どこパ」：ワードウルフオンライン"
20:00,28,6739554056,"キングショット"
20:00,29,1117270703,"eFootball™"
20:00,30,6780891673,"Royal Smash! - Physics Puzzle"
20:00,31,6748397500,"Arrows – Puzzle Escape"
20:00,32,6758080238,"トリミン2！-トリッキーミーン2 いじわる脳トレパズルゲーム"
20:00,33,1094591345,"Pokémon GO"
20:00,34,6483539426,"フォートナイト"
20:00,35,6761818626,"エンドレスフロンティア2 放置RPG ディフェンス"
20:00,36,6754311241,"無職転生 〜異世界行ったら本気だす〜 【クロエコ】"
20:00,37,638689075,"タウンシップ (Township)"
20:00,38,1229016807,"ブロスタ"
20:00,39,6742937695,"ペタペタペンギン団"
20:00,40,1606549505,"ロイヤルキングダム (Royal Kingdom)"
20:00,41,6746465127,"セルサバイバー - シューティングゲーム"
20:00,42,6751537447,"Snake Puzzle: Slither to Eat!"
20:00,43,6479970832,"Pokémon TCG Pocket"
20:00,44,6756185760,"Search It - Hidden Objects"
20:00,45,6744975195,"Sled Surfers - ファーズ - 坂冒険"
20:00,46,1423046460,"Paper.io 2"
20:00,47,6753862216,"フードスター（Foodstars）:マージ & クック"
20:00,48,724594093,"LINE：ディズニー ツムツム"
20:00,49,6477413486,"Level Devil - NOT A Troll Game"
20:00,50,6503272652,"ラストZ：サバイバルシューティング"
20:00,51,6757671759,"Water Sort Puzzle - Order Up"
20:00,52,6757140488,"Sand Blocks: Drop Puzzle"
20:00,53,6505095234,"Car Jam - バスストップ ジャムゲーム"
20:00,54,6759997224,"巡回中！即タイホ！"
20:00,55,6784572173,"買い物うさぎ by クラシル"
20:00,56,6689516366,"バスゲーム：カーパーキング・バスゲーム"
20:00,57,6747736697,"ドラゴンクエストスマッシュグロウ ドラクエローグライトRPG"
20:00,58,1638139403,"ブロッククラッシュ (Block Crush)"
20:00,59,1312031248,"荒野行動-スマホ版バトロワ"
20:00,60,6737022506,"ねじねじパズル"
20:00,61,6764201639,"にゃんこ銃士：放置育成RPG"
20:00,62,6769314786,"Food Hunt: Pixel Puzzle"
20:00,63,1443446174,"魔法のタイルズ 3™: 音ゲー ピアノタイル"
20:00,64,6757832779,"3D Colorful Sort™ 魔法の水"
20:00,65,6756058501,"Jelly Busters: パズルゲーム"
20:00,66,6475757306,"Disney Solitaire ディズニー ソリティア"
20:00,67,6760325543,"ArrowCube - 3DPuzzle"
20:00,68,6746328263,"Castle Busters"
20:00,69,664575829,"フィッシュダム(Fishdom)"
20:00,70,6762342518,"Fluffy Drop"
20:00,71,1222278363,"ワードウルフ決定版【新・人狼ゲーム】ワード人狼アプリ"
20:00,72,6753668357,"LINE：ブロックジャム"
20:00,73,6448104157,"オフラインゲーム - 暇つぶし ゲーム - パズルゲーム"
20:00,74,6503603603,"ミステリータウン：マージゲーム (Mystery Town)"
20:00,75,6791525847,"Slow Mo Strike: ナイフ投げアクション"
20:00,76,547145938,"にゃんこ大戦争"
20:00,77,1479198816,"トップウォー"
20:00,78,6756989323,"ラストアサイラム：プレイグ"
20:00,79,6760957454,"脱出ゲーム アムステルダム"
20:00,80,6756482832,"Brain Puzzle 3: Crazy Mind"
20:00,81,6762267809,"Arrow Pro 3D"
20:00,82,6767091927,"ジグソードロップ：ソリティアパズル"
20:00,83,1351168404,"Among Us!"
20:00,84,6499306806,"グッズソーティング3D：マッチゲーム"
20:00,85,1517980891,"パズル&サバイバル"
20:00,86,1491074310,"Tetris® - テトリス (公式ゲーム)"
20:00,87,1469186379,"雀魂 -じゃんたま-"
20:00,88,1569776448,"カラーソートボトルパズル色分けゲーム: Get Color"
20:00,89,6749300334,"ネジ3Dパズル：ピンを外すゲーム"
20:00,90,6748950306,"ソリティア：パズルゲーム 脳トレ カードゲーム 暇つぶし連想"
20:00,91,6451399876,"Delta Force"
20:00,92,1044039663,"みんなで早押しクイズ"
20:00,93,6743385713,"毛糸クラッシュ - パーキングゲーム バスのゲーム"
20:00,94,6767834940,"トップロード"
20:00,95,658511662,"モンスターストライク"
20:00,96,6755183085,"Yarn Loop: Knit Puzzle"
20:00,97,6756247422,"デジモンUP"
20:00,98,6746743297,"Bus Fever-Car Jam Escape"
20:00,99,6756307486,"Cube Tap Sort"
20:00,100,6745772198,"ダイトモ"
20:00,101,6787983567,"価値ズレ！ - 価値観協力オンラインゲーム"
20:00,102,6478063606,"カラーブロック コンボブラスト"
20:00,103,1276424024,"オンクレならタイクレ！オンラインクレーンゲーム(オンクレ)"
20:00,104,6754370732,"耳だけ捜査線 - 暇つぶし論理パズルゲーム"
20:00,105,1032346221,"妖怪ウォッチ ぷにぷに"
20:00,106,1389111413,"Hole.io"
20:00,107,6754558455,"Marble Sort!"
20:00,108,6504332779,"Color Block Jam"
20:00,109,1579464667,"Pokémon Sleep"
20:00,110,1193508329,"ナンプレ - 数字パズルゲーム"
20:00,111,6747957875,"Family Go! - 結婚・子育て・世代継承"
20:00,112,6738109752,"タイルズ・サバイバル"
20:00,113,6755585789,"チート勇者～インベントリ攻略ゲー～RPG"
20:00,114,6740618570,"XP Hero(ヒーロー)): まずは世界観をのぞいてみて"
20:00,115,1601400687,"2人でできるゲーム - マルチプレイ 対戦ゲーム"
20:00,116,1643509748,"マージクッキング テーマレストラン"
20:00,117,1173389241,"どうぶつタワーバトル - オンライン対戦ゲーム"
20:00,118,6752886832,"ホテル・ミステリア"
20:00,119,6776146068,"[777Real] A-SLOT+ 異世界かるてっと BT"
20:00,120,1489932710,"プロジェクトセカイ カラフルステージ！ feat. 初音ミク"
20:00,121,6749251466,"クッキーラン：クランブル - 放置系RPG"
20:00,122,6746435822,"バグハン！"
20:00,123,6740043080,"Screwdom : ボルトパズルゲーム"
20:00,124,967906866,"ユニメモ"
20:00,125,6749132002,"落ちにゃん！(Drop the Cat)"
20:00,126,6779167923,"Colony Flow!"
20:00,127,6744049261,"Block Color Mania, Puzzle Game"
20:00,128,1176027022,"トゥーンブラスト"
20:00,129,1458758886,"イラストチェイナー - 絵しりとりオンラインお絵描きアプリ"
20:00,130,1415478437,"NicoFlick - フリック入力リズムゲーム"
20:00,131,1113270962,"みんなのオセロ【公式】オンライン対戦も遊べるオセロ対戦ゲーム"
20:00,132,6760994244,"テイペンサバイバー"
20:00,133,6758326278,"Amaze GO! - 矢印 パズル"
20:00,134,1562817072,"Mob Control"
20:00,135,1344700142,"UNO!™"
20:00,136,6736896540,"ハローキティ：マイドリームストア"
20:00,137,6787609279,"Hide in Art - かくれんぼ"
20:00,138,6756288168,"Cookingo: Perfect Meal"
20:00,139,6756994116,"イナズマイレブン クロス"
20:00,140,1573133915,"ルーレット - 迷った時の抽選・くじ引きアプリ（るーれっと）"
20:00,141,6503284107,"オールインホール (All in Hole)"
20:00,142,940320341,"プロ野球スピリッツＡ"
20:00,143,6747492600,"麻雀ブラスト (Mahjong Blast)"
20:00,144,1105855019,"ガーデンスケイプ (Gardenscapes)"
20:00,145,6754098532,"ラッシュ：エクストリーム (RUSH: Xtreme)"
20:00,146,6476597728,"EDGE POKER (エッジポーカー)"
20:00,147,1550945606,"サッカースーパースター - サッカー"
20:00,148,6782923681,"MiloDrop YaraTube"
20:00,149,6761100469,"Tricky Puzzle 2: 脳力テスト"
20:00,150,6748996000,"ねこ旅"
20:00,151,6473152241,"Triple Match: 3Dグッズソートマッチゲーム"
20:00,152,1465731199,"2 Player Games : the Challenge"
20:00,153,6473767344,"キノコ伝説：勇者と魔法のランプ"
20:00,154,6739554561,"信長の野望 真戦"
20:00,155,1486214495,"ブレインテスト(Brain Test)：ひっかけパズル"
20:00,156,1088626624,"無料ゲーム-迷った時のルーレット ランチや罰ゲーム抽選"
20:00,157,1158967485,"ヒーローウォーズ：アライアンス — アクションバトルにRPG"
20:00,158,6788498566,"Gartic Phone"
20:00,159,6760389476,"Color Puzzle Jam - バスゲーム 車のジャム"
20:00,160,1545088576,"777Real(777リアル) パチンコ･パチスロアプリ"
20:00,161,6443755785,"シーサイド エスケープ：マージ & ストーリー"
20:00,162,6761523148,"Flower Forest - ワードパズル"
20:00,163,6599838025,"Tangled Rope: Solve Puzzles!"
20:00,164,6751788348,"Water Match®- ASMR Water Sort"
20:00,165,6468921495,"ヴィータ麻雀(Vita Mahjong)"
20:00,166,6755861844,"確認させてください"
20:00,167,6797465106,"脱出ゲーム｜小鳥のいる部屋"
20:00,168,6449243946,"スネーククラッシュ (Snake Clash)"
20:00,169,6760453970,"ダメ恋-闇カレコレクション"
20:00,170,6477417866,"価値観ゲーム Yappi ヤッピ  おもしろボードゲーム"
20:00,171,529996768,"Bingo Blitz™ - ビンゴゲーム"
20:00,172,1521236603,"Travel Town - マージアドベンチャー"
20:00,173,6760801577,"[グリパチ]ロボスキーI"
20:00,174,6642698438,"ウッドパズル：Screw ネジ外すゲーム  - 人気 脳トレ"
20:00,175,930574573,"スナイパー3Dシューティング戦ゲーム（Sniper 3D）"
20:00,176,6754559095,"E.D.E.N：最終防衛線"
20:00,177,1249924192,"青鬼"
20:00,178,6751222488,"Order Crazy:  飲み物ソートマッチ 色とりパズル"
20:00,179,6769683163,"霊界大作戦"
20:00,180,6749558825,"Water Sort - 色分けパズル"
20:00,181,1554440792,"Hit＆Blowオンライン（ヒットアンドブロー）"
20:00,182,6466620626,"フルーツ飴の達人 - ドバイもち、パフェ、ASMR、モッパン"
20:00,183,1635760774,"ザ・パーフェクトホテル (My Perfect Hotel)"
20:00,184,1597897013,"Water Sort Puzzle - ソートパズルゲーム"
20:00,185,6785835684,"脱出ゲーム　博物館　　　　　新作Escape Room謎解き"
20:00,186,1556357398,"Pikmin Bloom"
20:00,187,1536427424,"ゴッドフィールド"
20:00,188,1568245971,"カウントマスターズ：ランニングゲーム、面白いレース3D"
20:00,189,1671991909,"数学パズルゲーム - クロスマス"
20:00,190,1542776143,"Pocket Champs: PVP 競争ゲーム"
20:00,191,1645844395,"大家さんになろう！"
20:00,192,553834731,"キャンディークラッシュ"
20:00,193,1611490041,"メメントモリ"
20:00,194,6789533514,"Bryzena Tile Journey"
20:00,195,6751101794,"Loop Sort"
20:00,196,895700579,"大富豪 Online"
20:00,197,6751056652,"Pixel Flow!"
20:00,198,6772147203,"TapArrowHex"
20:00,199,6469306922,"数学パズルゲーム — ナンバーマッチ, クロスワード"
20:00,200,6751270213,"オブジェクトを探す：隠されたパズル"
