time,rank,id,title
00:00,1,6739616715,"메이플 키우기"
00:00,2,6443575749,"WOS: 화이트아웃 서바이벌"
00:00,3,6475033368,"명조:워더링 웨이브"
00:00,4,1623318294,"가십하버: 합성 & 스토리 게임"
00:00,5,1273957743,"EA SPORTS FC Online M"
00:00,6,6503702666,"협타디: 협동 타워 디펜스"
00:00,7,1458848044,"컴투스프로야구V26"
00:00,8,6749251466,"쿠키런 키우기 - 쿠키런: 크럼블"
00:00,9,6482291732,"운빨존많겜"
00:00,10,6739554056,"킹샷:Kingshot"
00:00,11,1474589366,"리니지M"
00:00,12,1482155847,"로얄 매치 (Royal Match)"
00:00,13,1478371252,"FC 모바일"
00:00,14,1585915174,"승리의 여신: 니케"
00:00,15,1441742921,"마비노기 모바일"
00:00,16,6443755785,"씨사이드 익스케이프: 합성 & 스토리 게임"
00:00,17,1105855019,"Gardenscapes"
00:00,18,1094591345,"Pokémon GO"
00:00,19,6471045672,"테이스티 트레블: 합성 게임"
00:00,20,6448786147,"라스트 워: 서바이벌"
00:00,21,6762442041,"열혈강호: 넥스트"
00:00,22,6499562253,"드래곤빌리지3 - 100일 이벤트!"
00:00,23,1366526331,"배틀그라운드"
00:00,24,638689075,"꿈의 마을 (Township)"
00:00,25,6757360957,"삼국지: 천하결전"
00:00,26,6618142292,"핫레스토랑: 머지&쿠킹"
00:00,27,6754593077,"이환"
00:00,28,6479595079,"세븐나이츠 리버스"
00:00,29,1195621598,"Homescapes: Match 3 Games"
00:00,30,1606356401,"젠레스 존 제로 - 주년 기념"
00:00,31,1480616990,"리그 오브 레전드: 와일드 리프트"
00:00,32,1471942989,"한게임 섯다&맞고"
00:00,33,1133463693,"메이플스토리M"
00:00,34,1507872328,"WPL : 홀덤, 토너먼트, 오마하, 올인폴드, 픽앤고"
00:00,35,1643509748,"머지 쿠킹 테마 레스토랑（Merge Cooking）"
00:00,36,6446516059,"캣 히어로 : 방치형 RPG"
00:00,37,6740026253,"오피스 퀸 키우기"
00:00,38,6756989323,"라스트 어사일럼: 페스트"
00:00,39,1229016807,"브롤스타즈"
00:00,40,553834731,"캔디크러쉬사가"
00:00,41,6738163891,"뱀피르"
00:00,42,1606549505,"로얄 킹덤 (Royal Kingdom)"
00:00,43,1466736988,"카트라이더 러쉬플러스"
00:00,44,6764201639,"총잡이 고양이 - 방치형 키우기"
00:00,45,1117270703,"eFootball™"
00:00,46,1128255542,"리니지M(12)"
00:00,47,6748432502,"랜덤 다이스 2"
00:00,48,848091833,"냥코 대전쟁"
00:00,49,6758200096,"라그나로크M: Classic"
00:00,50,6503272652,"라스트 Z: 서바이벌 슈터"
00:00,51,6474961936,"레이싱 마스터"
00:00,52,6503603603,"미스터리 타운: 합성 게임 (Mystery Town)"
00:00,53,6754679035,"히어로 랜드M"
00:00,54,963067330,"쿠키런: 오븐브레이크"
00:00,55,6746151928,"두근두근타운"
00:00,56,1471486284,"한게임 포커"
00:00,57,1160056295,"모바일 레전드: Bang Bang"
00:00,58,6748004690,"SOL: enchant"
00:00,59,6746465127,"세포 특공대 - 전략형 타워 디펜스"
00:00,60,947258826,"마피아42"
00:00,61,6502326151,"카오스 제로 나이트메어"
00:00,62,1448979486,"던전앤파이터 모바일"
00:00,63,6475757306,"Disney Solitaire 디즈니 솔리테어"
00:00,64,6740621218,"갓깨비 키우기"
00:00,65,1520354659,"오딘: 발할라 라이징"
00:00,66,6751222389,"NBA 덩크 시티"
00:00,67,6755455500,"할리우드 머지"
00:00,68,6751086804,"그놈은 드래곤"
00:00,69,6757381033,"2026 프로야구GO!"
00:00,70,1616108452,"우마무스메 프리티 더비"
00:00,71,6443477650,"한게임 로얄홀덤"
00:00,72,1599719154,"붕괴: 스타레일"
00:00,73,6759822089,"오늘의 꽃 : 진짜 꽃을 키우는 게임"
00:00,74,6479970832,"포켓몬 카드 게임 Pocket"
00:00,75,6746192853,"변신 키우기"
00:00,76,6763241219,"LUNAR：에버소울"
00:00,77,1640203623,"작혼: 리치 마작"
00:00,78,1521236603,"Travel Town - 결합 어드벤처"
00:00,79,898986747,"좀비고등학교"
00:00,80,6740189002,"갤럭시 디펜스(Galaxy Defense)"
00:00,81,1053012308,"클래시 로얄 (Clash Royale)"
00:00,82,6670441558,"Dark War:Survival"
00:00,83,6483252725,"몬길: STAR DIVE"
00:00,84,6786589102,"티니핑 매직 매치"
00:00,85,1635712706,"슬레이어 키우기"
00:00,86,1176027022,"Toon Blast"
00:00,87,6448719154,"레이븐2"
00:00,88,6737595599,"파운데이션: 우주 전선"
00:00,89,1582390510,"한게임포커 클래식 - 7포커 홀덤 섯다 훌라 슬롯"
00:00,90,6462846417,"MLB 클러치 히트 베이스볼 26"
00:00,91,6759914688,"냥찍 히어로즈 : 방치형 RPG"
00:00,92,1580691683,"MLB 9이닝스 라이벌 26"
00:00,93,6749302379,"동방 찻집"
00:00,94,1492005122,"디아블로 이모탈"
00:00,95,6753862216,"푸드스타（Foodstars）: 합쳐서 요리하기"
00:00,96,6752886832,"호텔 레거시"
00:00,97,6450953550,"탑 히어로즈: 영웅의 시대"
00:00,98,1509450845,"쿠키런: 킹덤"
00:00,99,1470173983,"AION2"
00:00,100,664575829,"피쉬돔 (Fishdom)"
00:00,101,6736896540,"헬로키티 마이 드림 스토어"
00:00,102,1347780764,"Identity V -제5인격"
00:00,103,1458568643,"피망 뉴맞고 : 고스톱으로 대한민국 1등"
00:00,104,1376515087,"Age of Origins:Tower Defense"
00:00,105,1571873795,"블루 아카이브"
00:00,106,6767834940,"탑 로드"
00:00,107,6760743106,"천마지만 삼국지에서 무쌍중입니다"
00:00,108,6760754315,"꿈의 여행자: 별빛 여정"
00:00,109,6746636289,"Forge Master – Idle RPG"
00:00,110,6744885861,"스타일라잇: 3D 패션 시뮬레이션"
00:00,111,6737408689,"스톤에이지 키우기"
00:00,112,6756058501,"젤리 버스터즈: 퍼즐 게임"
00:00,113,880551258,"컴투스프로야구2026"
00:00,114,529479190,"클래시 오브 클랜"
00:00,115,608808713,"쿠키런"
00:00,116,1343688545,"ONE PIECE Bounty Rush"
00:00,117,1484442152,"머지 맨션: 퍼즐과 스토리"
00:00,118,6761749975,"토이 삼국"
00:00,119,1241893973,"페이트/그랜드 오더"
00:00,120,1597760047,"OneState RP: 온라인 롤플레잉"
00:00,121,1166415380,"풀팟 홀덤 포커: 텍사스 홀덤, 오마하, 토너먼트"
00:00,122,6443760593,"좀비 웨이브스"
00:00,123,6740966864,"딸깍 다이스"
00:00,124,6444598069,"나이트 크로우"
00:00,125,6776989094,"블라이트 워 : 방치형 RPG"
00:00,126,6756558621,"킹덤2: 타오르는 전장"
00:00,127,1516727770,"마구마구 2026: 풀체인지"
00:00,128,6476731203,"건틀렛: 신규 서버 오픈!"
00:00,129,1628970855,"AFK: 새로운 여정"
00:00,130,6752369665,"Haunted Merge: Horror Story"
00:00,131,1517783697,"원신-스네즈나야 오픈"
00:00,132,6752672568,"Block Out! - Color Sort Puzzle"
00:00,133,1203100009,"클럽오디션"
00:00,134,6502820653,"궁수의 전설2"
00:00,135,6444043291,"Domino Dreams™"
00:00,136,6443468110,"러브앤딥스페이스"
00:00,137,6443824730,"트릭컬 리바이브"
00:00,138,6754229264,"임진왜란: 조선의 반격"
00:00,139,6754373623,"소울 헌터 키우기 : 방치형 RPG"
00:00,140,6444112366,"Limbus Company"
00:00,141,1462911602,"Dream League Soccer 2026"
00:00,142,6476336847,"피망 쇼다운 홀덤 : 텍사스 홀덤, 포커, 토너먼트"
00:00,143,6472396866,"연운"
00:00,144,6762203850,"바르디안: Vardian"
00:00,145,6741503079,"Pokémon Champions"
00:00,146,6741889270,"픽셀 법사 키우기 : 방치형 RPG"
00:00,147,1449552940,"일곱 개의 대죄: GRAND CROSS"
00:00,148,6747957875,"Family Go! - 대를 잇는 인생 시뮬레이션"
00:00,149,6467117398,"버섯커 키우기"
00:00,150,6758827442,"히간: 이루실"
00:00,151,6504332779,"Color Block Jam"
00:00,152,6738469826,"랜드 오브 제일"
00:00,153,6760822948,"더 코지 플로리스트"
00:00,154,1478227443,"리니지2M"
00:00,155,6740043080,"Screwdom : 나사와 볼트 퍼즐"
00:00,156,6759585981,"별별 히어로: 영웅 다있소"
00:00,157,6499177365,"킹 오브 파이터 AFK"
00:00,158,479516143,"Minecraft 온라인으로 친구들과 함께 플레이하세요"
00:00,159,6449023119,"리버스: 1999"
00:00,160,6756641249,"hololive Dreams"
00:00,161,6760125313,"희비전 리버스"
00:00,162,1468063069,"피망 포커"
00:00,163,1484468651,"Dice Dreams™ 다이스 드림"
00:00,164,6752554540,"가이더스 원"
00:00,165,6475925341,"주술회전 팬텀 퍼레이드"
00:00,166,1551772053,"퍼즐 오브 Z"
00:00,167,852912420,"서머너즈 워 X 장송의 프리렌"
00:00,168,1481802531,"이사만루26"
00:00,169,6758072393,"추락한 아름다움: 머지&스토리"
00:00,170,6757722046,"Butcher hero: hook'n'chew RPG"
00:00,171,1158967485,"Hero Wars: Alliance 에픽 영웅 RPG"
00:00,172,6748741504,"에르피스"
00:00,173,955705796,"MARVEL 퓨처파이트"
00:00,174,6740848451,"RF 온라인 넥스트"
00:00,175,6767155768,"현상금 해적단 키우기"
00:00,176,6755585789,"템빨용사: 픽셀 아이템 머지 RPG"
00:00,177,1480616748,"전략적 팀 전투: 리그 오브 레전드 전략 게임"
00:00,178,588637521,"퍼즐앤드래곤"
00:00,179,6457256716,"Total Football - 2026 북중미 시즌"
00:00,180,6751056652,"Pixel Flow!"
00:00,181,880047117,"앵그리버드 2 (Angry Birds 2)"
00:00,182,1402384531,"플레이투게더 (Play Together)"
00:00,183,1668036690,"우파루 오딧세이"
00:00,184,6739345737,"팰몬: 서바이벌"
00:00,185,6757690255,"윈드러너 키우기"
00:00,186,6754012129,"우와 모험단"
00:00,187,1473903308,"명일방주"
00:00,188,6451399876,"Delta Force"
00:00,189,6740899070,"플랜티스와 좀비깡패"
00:00,190,1483058899,"Project Makeover"
00:00,191,6756247787,"디지몬 UP"
00:00,192,1660850121,"대항해시대 오리진"
00:00,193,1554247785,"Yu-Gi-Oh! Master Duel"
00:00,194,1487451427,"Infinity Kingdom"
00:00,195,6470362045,"워처 오브 렐름"
00:00,196,409687884,"팔라독(Paladog)"
00:00,197,6749132002,"빠지냥! (Drop the Cat)"
00:00,198,1473424424,"한게임 신맞고 : 대한민국 원조 고스톱"
00:00,199,6692615881,"SD건담 지 제네레이션 이터널"
00:00,200,6448864670,"월드 크러쉬 : 히어로 포스"
00:30,1,6739616715,"메이플 키우기"
00:30,2,6443575749,"WOS: 화이트아웃 서바이벌"
00:30,3,6475033368,"명조:워더링 웨이브"
00:30,4,1623318294,"가십하버: 합성 & 스토리 게임"
00:30,5,1273957743,"EA SPORTS FC Online M"
00:30,6,6503702666,"협타디: 협동 타워 디펜스"
00:30,7,1458848044,"컴투스프로야구V26"
00:30,8,6749251466,"쿠키런 키우기 - 쿠키런: 크럼블"
00:30,9,6482291732,"운빨존많겜"
00:30,10,6739554056,"킹샷:Kingshot"
00:30,11,1474589366,"리니지M"
00:30,12,1482155847,"로얄 매치 (Royal Match)"
00:30,13,1478371252,"FC 모바일"
00:30,14,1585915174,"승리의 여신: 니케"
00:30,15,1441742921,"마비노기 모바일"
00:30,16,6443755785,"씨사이드 익스케이프: 합성 & 스토리 게임"
00:30,17,1105855019,"Gardenscapes"
00:30,18,1094591345,"Pokémon GO"
00:30,19,6471045672,"테이스티 트레블: 합성 게임"
00:30,20,6448786147,"라스트 워: 서바이벌"
00:30,21,6762442041,"열혈강호: 넥스트"
00:30,22,6499562253,"드래곤빌리지3 - 100일 이벤트!"
00:30,23,1366526331,"배틀그라운드"
00:30,24,638689075,"꿈의 마을 (Township)"
00:30,25,6757360957,"삼국지: 천하결전"
00:30,26,6618142292,"핫레스토랑: 머지&쿠킹"
00:30,27,6754593077,"이환"
00:30,28,6479595079,"세븐나이츠 리버스"
00:30,29,1195621598,"Homescapes: Match 3 Games"
00:30,30,1606356401,"젠레스 존 제로 - 주년 기념"
00:30,31,1480616990,"리그 오브 레전드: 와일드 리프트"
00:30,32,1471942989,"한게임 섯다&맞고"
00:30,33,1133463693,"메이플스토리M"
00:30,34,1507872328,"WPL : 홀덤, 토너먼트, 오마하, 올인폴드, 픽앤고"
00:30,35,1643509748,"머지 쿠킹 테마 레스토랑（Merge Cooking）"
00:30,36,6446516059,"캣 히어로 : 방치형 RPG"
00:30,37,6740026253,"오피스 퀸 키우기"
00:30,38,6756989323,"라스트 어사일럼: 페스트"
00:30,39,1229016807,"브롤스타즈"
00:30,40,553834731,"캔디크러쉬사가"
00:30,41,6738163891,"뱀피르"
00:30,42,1606549505,"로얄 킹덤 (Royal Kingdom)"
00:30,43,1466736988,"카트라이더 러쉬플러스"
00:30,44,6764201639,"총잡이 고양이 - 방치형 키우기"
00:30,45,1117270703,"eFootball™"
00:30,46,1128255542,"리니지M(12)"
00:30,47,6748432502,"랜덤 다이스 2"
00:30,48,848091833,"냥코 대전쟁"
00:30,49,6758200096,"라그나로크M: Classic"
00:30,50,6503272652,"라스트 Z: 서바이벌 슈터"
00:30,51,6474961936,"레이싱 마스터"
00:30,52,6503603603,"미스터리 타운: 합성 게임 (Mystery Town)"
00:30,53,6754679035,"히어로 랜드M"
00:30,54,963067330,"쿠키런: 오븐브레이크"
00:30,55,6746151928,"두근두근타운"
00:30,56,1471486284,"한게임 포커"
00:30,57,1160056295,"모바일 레전드: Bang Bang"
00:30,58,6748004690,"SOL: enchant"
00:30,59,6746465127,"세포 특공대 - 전략형 타워 디펜스"
00:30,60,947258826,"마피아42"
00:30,61,6502326151,"카오스 제로 나이트메어"
00:30,62,1448979486,"던전앤파이터 모바일"
00:30,63,6475757306,"Disney Solitaire 디즈니 솔리테어"
00:30,64,6740621218,"갓깨비 키우기"
00:30,65,1520354659,"오딘: 발할라 라이징"
00:30,66,6751222389,"NBA 덩크 시티"
00:30,67,6755455500,"할리우드 머지"
00:30,68,6751086804,"그놈은 드래곤"
00:30,69,6757381033,"2026 프로야구GO!"
00:30,70,1616108452,"우마무스메 프리티 더비"
00:30,71,6443477650,"한게임 로얄홀덤"
00:30,72,1599719154,"붕괴: 스타레일"
00:30,73,6759822089,"오늘의 꽃 : 진짜 꽃을 키우는 게임"
00:30,74,6479970832,"포켓몬 카드 게임 Pocket"
00:30,75,6746192853,"변신 키우기"
00:30,76,6763241219,"LUNAR：에버소울"
00:30,77,1640203623,"작혼: 리치 마작"
00:30,78,1521236603,"Travel Town - 결합 어드벤처"
00:30,79,898986747,"좀비고등학교"
00:30,80,6740189002,"갤럭시 디펜스(Galaxy Defense)"
00:30,81,1053012308,"클래시 로얄 (Clash Royale)"
00:30,82,6670441558,"Dark War:Survival"
00:30,83,6483252725,"몬길: STAR DIVE"
00:30,84,6786589102,"티니핑 매직 매치"
00:30,85,1635712706,"슬레이어 키우기"
00:30,86,1176027022,"Toon Blast"
00:30,87,6448719154,"레이븐2"
00:30,88,6737595599,"파운데이션: 우주 전선"
00:30,89,1582390510,"한게임포커 클래식 - 7포커 홀덤 섯다 훌라 슬롯"
00:30,90,6462846417,"MLB 클러치 히트 베이스볼 26"
00:30,91,6759914688,"냥찍 히어로즈 : 방치형 RPG"
00:30,92,1580691683,"MLB 9이닝스 라이벌 26"
00:30,93,6749302379,"동방 찻집"
00:30,94,1492005122,"디아블로 이모탈"
00:30,95,6753862216,"푸드스타（Foodstars）: 합쳐서 요리하기"
00:30,96,6752886832,"호텔 레거시"
00:30,97,6450953550,"탑 히어로즈: 영웅의 시대"
00:30,98,1509450845,"쿠키런: 킹덤"
00:30,99,1470173983,"AION2"
00:30,100,664575829,"피쉬돔 (Fishdom)"
00:30,101,6736896540,"헬로키티 마이 드림 스토어"
00:30,102,1347780764,"Identity V -제5인격"
00:30,103,1458568643,"피망 뉴맞고 : 고스톱으로 대한민국 1등"
00:30,104,1376515087,"Age of Origins:Tower Defense"
00:30,105,1571873795,"블루 아카이브"
00:30,106,6767834940,"탑 로드"
00:30,107,6760743106,"천마지만 삼국지에서 무쌍중입니다"
00:30,108,6760754315,"꿈의 여행자: 별빛 여정"
00:30,109,6746636289,"Forge Master – Idle RPG"
00:30,110,6744885861,"스타일라잇: 3D 패션 시뮬레이션"
00:30,111,6737408689,"스톤에이지 키우기"
00:30,112,6756058501,"젤리 버스터즈: 퍼즐 게임"
00:30,113,880551258,"컴투스프로야구2026"
00:30,114,529479190,"클래시 오브 클랜"
00:30,115,608808713,"쿠키런"
00:30,116,1343688545,"ONE PIECE Bounty Rush"
00:30,117,1484442152,"머지 맨션: 퍼즐과 스토리"
00:30,118,6761749975,"토이 삼국"
00:30,119,1241893973,"페이트/그랜드 오더"
00:30,120,1597760047,"OneState RP: 온라인 롤플레잉"
00:30,121,1166415380,"풀팟 홀덤 포커: 텍사스 홀덤, 오마하, 토너먼트"
00:30,122,6443760593,"좀비 웨이브스"
00:30,123,6740966864,"딸깍 다이스"
00:30,124,6444598069,"나이트 크로우"
00:30,125,6776989094,"블라이트 워 : 방치형 RPG"
00:30,126,6756558621,"킹덤2: 타오르는 전장"
00:30,127,1516727770,"마구마구 2026: 풀체인지"
00:30,128,6476731203,"건틀렛: 신규 서버 오픈!"
00:30,129,1628970855,"AFK: 새로운 여정"
00:30,130,6752369665,"Haunted Merge: Horror Story"
00:30,131,1517783697,"원신-스네즈나야 오픈"
00:30,132,6752672568,"Block Out! - Color Sort Puzzle"
00:30,133,1203100009,"클럽오디션"
00:30,134,6502820653,"궁수의 전설2"
00:30,135,6444043291,"Domino Dreams™"
00:30,136,6443468110,"러브앤딥스페이스"
00:30,137,6443824730,"트릭컬 리바이브"
00:30,138,6754229264,"임진왜란: 조선의 반격"
00:30,139,6754373623,"소울 헌터 키우기 : 방치형 RPG"
00:30,140,6444112366,"Limbus Company"
00:30,141,1462911602,"Dream League Soccer 2026"
00:30,142,6476336847,"피망 쇼다운 홀덤 : 텍사스 홀덤, 포커, 토너먼트"
00:30,143,6472396866,"연운"
00:30,144,6762203850,"바르디안: Vardian"
00:30,145,6741503079,"Pokémon Champions"
00:30,146,6741889270,"픽셀 법사 키우기 : 방치형 RPG"
00:30,147,1449552940,"일곱 개의 대죄: GRAND CROSS"
00:30,148,6747957875,"Family Go! - 대를 잇는 인생 시뮬레이션"
00:30,149,6467117398,"버섯커 키우기"
00:30,150,6758827442,"히간: 이루실"
00:30,151,6504332779,"Color Block Jam"
00:30,152,6738469826,"랜드 오브 제일"
00:30,153,6760822948,"더 코지 플로리스트"
00:30,154,1478227443,"리니지2M"
00:30,155,6740043080,"Screwdom : 나사와 볼트 퍼즐"
00:30,156,6759585981,"별별 히어로: 영웅 다있소"
00:30,157,6499177365,"킹 오브 파이터 AFK"
00:30,158,479516143,"Minecraft 온라인으로 친구들과 함께 플레이하세요"
00:30,159,6449023119,"리버스: 1999"
00:30,160,6756641249,"hololive Dreams"
00:30,161,6760125313,"희비전 리버스"
00:30,162,1468063069,"피망 포커"
00:30,163,1484468651,"Dice Dreams™ 다이스 드림"
00:30,164,6752554540,"가이더스 원"
00:30,165,6475925341,"주술회전 팬텀 퍼레이드"
00:30,166,1551772053,"퍼즐 오브 Z"
00:30,167,852912420,"서머너즈 워 X 장송의 프리렌"
00:30,168,1481802531,"이사만루26"
00:30,169,6758072393,"추락한 아름다움: 머지&스토리"
00:30,170,6757722046,"Butcher hero: hook'n'chew RPG"
00:30,171,1158967485,"Hero Wars: Alliance 에픽 영웅 RPG"
00:30,172,6748741504,"에르피스"
00:30,173,955705796,"MARVEL 퓨처파이트"
00:30,174,6740848451,"RF 온라인 넥스트"
00:30,175,6767155768,"현상금 해적단 키우기"
00:30,176,6755585789,"템빨용사: 픽셀 아이템 머지 RPG"
00:30,177,1480616748,"전략적 팀 전투: 리그 오브 레전드 전략 게임"
00:30,178,588637521,"퍼즐앤드래곤"
00:30,179,6457256716,"Total Football - 2026 북중미 시즌"
00:30,180,6751056652,"Pixel Flow!"
00:30,181,880047117,"앵그리버드 2 (Angry Birds 2)"
00:30,182,1402384531,"플레이투게더 (Play Together)"
00:30,183,1668036690,"우파루 오딧세이"
00:30,184,6739345737,"팰몬: 서바이벌"
00:30,185,6757690255,"윈드러너 키우기"
00:30,186,6754012129,"우와 모험단"
00:30,187,1473903308,"명일방주"
00:30,188,6451399876,"Delta Force"
00:30,189,6740899070,"플랜티스와 좀비깡패"
00:30,190,1483058899,"Project Makeover"
00:30,191,6756247787,"디지몬 UP"
00:30,192,1660850121,"대항해시대 오리진"
00:30,193,1554247785,"Yu-Gi-Oh! Master Duel"
00:30,194,1487451427,"Infinity Kingdom"
00:30,195,6470362045,"워처 오브 렐름"
00:30,196,409687884,"팔라독(Paladog)"
00:30,197,6749132002,"빠지냥! (Drop the Cat)"
00:30,198,1473424424,"한게임 신맞고 : 대한민국 원조 고스톱"
00:30,199,6692615881,"SD건담 지 제네레이션 이터널"
00:30,200,6448864670,"월드 크러쉬 : 히어로 포스"
01:30,1,6739616715,"메이플 키우기"
01:30,2,6443575749,"WOS: 화이트아웃 서바이벌"
01:30,3,6475033368,"명조:워더링 웨이브"
01:30,4,6503702666,"협타디: 협동 타워 디펜스"
01:30,5,1623318294,"가십하버: 합성 & 스토리 게임"
01:30,6,1273957743,"EA SPORTS FC Online M"
01:30,7,1458848044,"컴투스프로야구V26"
01:30,8,1474589366,"리니지M"
01:30,9,1482155847,"로얄 매치 (Royal Match)"
01:30,10,6749251466,"쿠키런 키우기 - 쿠키런: 크럼블"
01:30,11,6482291732,"운빨존많겜"
01:30,12,6739554056,"킹샷:Kingshot"
01:30,13,1478371252,"FC 모바일"
01:30,14,6471045672,"테이스티 트레블: 합성 게임"
01:30,15,6443755785,"씨사이드 익스케이프: 합성 & 스토리 게임"
01:30,16,1585915174,"승리의 여신: 니케"
01:30,17,1105855019,"Gardenscapes"
01:30,18,1441742921,"마비노기 모바일"
01:30,19,1094591345,"Pokémon GO"
01:30,20,6448786147,"라스트 워: 서바이벌"
01:30,21,6762442041,"열혈강호: 넥스트"
01:30,22,1366526331,"배틀그라운드"
01:30,23,638689075,"꿈의 마을 (Township)"
01:30,24,6499562253,"드래곤빌리지3 - 100일 이벤트!"
01:30,25,6618142292,"핫레스토랑: 머지&쿠킹"
01:30,26,1195621598,"Homescapes: Match 3 Games"
01:30,27,6757360957,"삼국지: 천하결전"
01:30,28,1480616990,"리그 오브 레전드: 와일드 리프트"
01:30,29,1606356401,"젠레스 존 제로 - 주년 기념"
01:30,30,6754593077,"이환"
01:30,31,6479595079,"세븐나이츠 리버스"
01:30,32,1507872328,"WPL : 홀덤, 토너먼트, 오마하, 올인폴드, 픽앤고"
01:30,33,1471942989,"한게임 섯다&맞고"
01:30,34,1643509748,"머지 쿠킹 테마 레스토랑（Merge Cooking）"
01:30,35,1133463693,"메이플스토리M"
01:30,36,553834731,"캔디크러쉬사가"
01:30,37,1229016807,"브롤스타즈"
01:30,38,6756989323,"라스트 어사일럼: 페스트"
01:30,39,6446516059,"캣 히어로 : 방치형 RPG"
01:30,40,1606549505,"로얄 킹덤 (Royal Kingdom)"
01:30,41,6740026253,"오피스 퀸 키우기"
01:30,42,6764201639,"총잡이 고양이 - 방치형 키우기"
01:30,43,1466736988,"카트라이더 러쉬플러스"
01:30,44,1117270703,"eFootball™"
01:30,45,6738163891,"뱀피르"
01:30,46,1160056295,"모바일 레전드: Bang Bang"
01:30,47,6758200096,"라그나로크M: Classic"
01:30,48,6748432502,"랜덤 다이스 2"
01:30,49,1128255542,"리니지M(12)"
01:30,50,6503272652,"라스트 Z: 서바이벌 슈터"
01:30,51,848091833,"냥코 대전쟁"
01:30,52,6503603603,"미스터리 타운: 합성 게임 (Mystery Town)"
01:30,53,963067330,"쿠키런: 오븐브레이크"
01:30,54,1471486284,"한게임 포커"
01:30,55,6474961936,"레이싱 마스터"
01:30,56,6754679035,"히어로 랜드M"
01:30,57,6746151928,"두근두근타운"
01:30,58,947258826,"마피아42"
01:30,59,6443477650,"한게임 로얄홀덤"
01:30,60,6748004690,"SOL: enchant"
01:30,61,6475757306,"Disney Solitaire 디즈니 솔리테어"
01:30,62,6755455500,"할리우드 머지"
01:30,63,6746465127,"세포 특공대 - 전략형 타워 디펜스"
01:30,64,6751086804,"그놈은 드래곤"
01:30,65,1521236603,"Travel Town - 결합 어드벤처"
01:30,66,1448979486,"던전앤파이터 모바일"
01:30,67,6740621218,"갓깨비 키우기"
01:30,68,1520354659,"오딘: 발할라 라이징"
01:30,69,6502326151,"카오스 제로 나이트메어"
01:30,70,6751222389,"NBA 덩크 시티"
01:30,71,6757381033,"2026 프로야구GO!"
01:30,72,1599719154,"붕괴: 스타레일"
01:30,73,6746192853,"변신 키우기"
01:30,74,1616108452,"우마무스메 프리티 더비"
01:30,75,1492005122,"디아블로 이모탈"
01:30,76,6763241219,"LUNAR：에버소울"
01:30,77,898986747,"좀비고등학교"
01:30,78,6759822089,"오늘의 꽃 : 진짜 꽃을 키우는 게임"
01:30,79,1053012308,"클래시 로얄 (Clash Royale)"
01:30,80,1176027022,"Toon Blast"
01:30,81,6752886832,"호텔 레거시"
01:30,82,6479970832,"포켓몬 카드 게임 Pocket"
01:30,83,6740189002,"갤럭시 디펜스(Galaxy Defense)"
01:30,84,1640203623,"작혼: 리치 마작"
01:30,85,6786589102,"티니핑 매직 매치"
01:30,86,6448719154,"레이븐2"
01:30,87,6670441558,"Dark War:Survival"
01:30,88,1635712706,"슬레이어 키우기"
01:30,89,6483252725,"몬길: STAR DIVE"
01:30,90,6749302379,"동방 찻집"
01:30,91,6753862216,"푸드스타（Foodstars）: 합쳐서 요리하기"
01:30,92,1582390510,"한게임포커 클래식 - 7포커 홀덤 섯다 훌라 슬롯"
01:30,93,6759914688,"냥찍 히어로즈 : 방치형 RPG"
01:30,94,6736896540,"헬로키티 마이 드림 스토어"
01:30,95,1580691683,"MLB 9이닝스 라이벌 26"
01:30,96,664575829,"피쉬돔 (Fishdom)"
01:30,97,1509450845,"쿠키런: 킹덤"
01:30,98,6737595599,"파운데이션: 우주 전선"
01:30,99,1470173983,"AION2"
01:30,100,6462846417,"MLB 클러치 히트 베이스볼 26"
01:30,101,1458568643,"피망 뉴맞고 : 고스톱으로 대한민국 1등"
01:30,102,6450953550,"탑 히어로즈: 영웅의 시대"
01:30,103,1347780764,"Identity V -제5인격"
01:30,104,6760754315,"꿈의 여행자: 별빛 여정"
01:30,105,6767834940,"탑 로드"
01:30,106,1376515087,"Age of Origins:Tower Defense"
01:30,107,529479190,"클래시 오브 클랜"
01:30,108,1571873795,"블루 아카이브"
01:30,109,1166415380,"풀팟 홀덤 포커: 텍사스 홀덤, 오마하, 토너먼트"
01:30,110,1241893973,"페이트/그랜드 오더"
01:30,111,608808713,"쿠키런"
01:30,112,880551258,"컴투스프로야구2026"
01:30,113,6761749975,"토이 삼국"
01:30,114,6756058501,"젤리 버스터즈: 퍼즐 게임"
01:30,115,6776989094,"블라이트 워 : 방치형 RPG"
01:30,116,1597760047,"OneState RP: 온라인 롤플레잉"
01:30,117,6760743106,"천마지만 삼국지에서 무쌍중입니다"
01:30,118,1484442152,"머지 맨션: 퍼즐과 스토리"
01:30,119,6752672568,"Block Out! - Color Sort Puzzle"
01:30,120,6746636289,"Forge Master – Idle RPG"
01:30,121,6752369665,"Haunted Merge: Horror Story"
01:30,122,6444043291,"Domino Dreams™"
01:30,123,6737408689,"스톤에이지 키우기"
01:30,124,6476731203,"건틀렛: 신규 서버 오픈!"
01:30,125,6744885861,"스타일라잇: 3D 패션 시뮬레이션"
01:30,126,6443760593,"좀비 웨이브스"
01:30,127,6740966864,"딸깍 다이스"
01:30,128,1517783697,"원신-스네즈나야 오픈"
01:30,129,6444598069,"나이트 크로우"
01:30,130,1343688545,"ONE PIECE Bounty Rush"
01:30,131,1628970855,"AFK: 새로운 여정"
01:30,132,6476336847,"피망 쇼다운 홀덤 : 텍사스 홀덤, 포커, 토너먼트"
01:30,133,1516727770,"마구마구 2026: 풀체인지"
01:30,134,6443468110,"러브앤딥스페이스"
01:30,135,6756558621,"킹덤2: 타오르는 전장"
01:30,136,6502820653,"궁수의 전설2"
01:30,137,1449552940,"일곱 개의 대죄: GRAND CROSS"
01:30,138,1468063069,"피망 포커"
01:30,139,6443824730,"트릭컬 리바이브"
01:30,140,6472396866,"연운"
01:30,141,6747957875,"Family Go! - 대를 잇는 인생 시뮬레이션"
01:30,142,6444112366,"Limbus Company"
01:30,143,6467117398,"버섯커 키우기"
01:30,144,6754229264,"임진왜란: 조선의 반격"
01:30,145,6740848451,"RF 온라인 넥스트"
01:30,146,6504332779,"Color Block Jam"
01:30,147,1203100009,"클럽오디션"
01:30,148,479516143,"Minecraft 온라인으로 친구들과 함께 플레이하세요"
01:30,149,6754373623,"소울 헌터 키우기 : 방치형 RPG"
01:30,150,1371565796,"레이드: 그림자의 전설"
01:30,151,6740043080,"Screwdom : 나사와 볼트 퍼즐"
01:30,152,6741503079,"Pokémon Champions"
01:30,153,6449023119,"리버스: 1999"
01:30,154,1462911602,"Dream League Soccer 2026"
01:30,155,6759585981,"별별 히어로: 영웅 다있소"
01:30,156,6741889270,"픽셀 법사 키우기 : 방치형 RPG"
01:30,157,1478227443,"리니지2M"
01:30,158,6762203850,"바르디안: Vardian"
01:30,159,6738469826,"랜드 오브 제일"
01:30,160,6760822948,"더 코지 플로리스트"
01:30,161,6758072393,"추락한 아름다움: 머지&스토리"
01:30,162,6758827442,"히간: 이루실"
01:30,163,6756641249,"hololive Dreams"
01:30,164,1484468651,"Dice Dreams™ 다이스 드림"
01:30,165,6475925341,"주술회전 팬텀 퍼레이드"
01:30,166,6748741504,"에르피스"
01:30,167,852912420,"서머너즈 워 X 장송의 프리렌"
01:30,168,955705796,"MARVEL 퓨처파이트"
01:30,169,1481802531,"이사만루26"
01:30,170,6760125313,"희비전 리버스"
01:30,171,6757722046,"Butcher hero: hook'n'chew RPG"
01:30,172,6751056652,"Pixel Flow!"
01:30,173,6457256716,"Total Football - 2026 북중미 시즌"
01:30,174,1158967485,"Hero Wars: Alliance 에픽 영웅 RPG"
01:30,175,1480616748,"전략적 팀 전투: 리그 오브 레전드 전략 게임"
01:30,176,6754012129,"우와 모험단"
01:30,177,6752554540,"가이더스 원"
01:30,178,1551772053,"퍼즐 오브 Z"
01:30,179,1668036690,"우파루 오딧세이"
01:30,180,6499177365,"킹 오브 파이터 AFK"
01:30,181,1483058899,"Project Makeover"
01:30,182,1444980563,"리니지W"
01:30,183,6755585789,"템빨용사: 픽셀 아이템 머지 RPG"
01:30,184,6767155768,"현상금 해적단 키우기"
01:30,185,880047117,"앵그리버드 2 (Angry Birds 2)"
01:30,186,6451399876,"Delta Force"
01:30,187,6739345737,"팰몬: 서바이벌"
01:30,188,6740899070,"플랜티스와 좀비깡패"
01:30,189,6746328263,"Castle Busters"
01:30,190,588637521,"퍼즐앤드래곤"
01:30,191,6756247787,"디지몬 UP"
01:30,192,1402384531,"플레이투게더 (Play Together)"
01:30,193,409687884,"팔라독(Paladog)"
01:30,194,1473903308,"명일방주"
01:30,195,1554247785,"Yu-Gi-Oh! Master Duel"
01:30,196,6757690255,"윈드러너 키우기"
01:30,197,806077016,"War Robots: 멀티플레이어 게임"
01:30,198,6749132002,"빠지냥! (Drop the Cat)"
01:30,199,6566177585,"나 혼자 만렙 키우기"
01:30,200,1311102174,"위 베어 베어스 더 퍼즐 : 퍼즐게임"
02:00,1,6739616715,"메이플 키우기"
02:00,2,6443575749,"WOS: 화이트아웃 서바이벌"
02:00,3,6475033368,"명조:워더링 웨이브"
02:00,4,6503702666,"협타디: 협동 타워 디펜스"
02:00,5,1623318294,"가십하버: 합성 & 스토리 게임"
02:00,6,1273957743,"EA SPORTS FC Online M"
02:00,7,1458848044,"컴투스프로야구V26"
02:00,8,1474589366,"리니지M"
02:00,9,1482155847,"로얄 매치 (Royal Match)"
02:00,10,6749251466,"쿠키런 키우기 - 쿠키런: 크럼블"
02:00,11,6482291732,"운빨존많겜"
02:00,12,6739554056,"킹샷:Kingshot"
02:00,13,1478371252,"FC 모바일"
02:00,14,6471045672,"테이스티 트레블: 합성 게임"
02:00,15,6443755785,"씨사이드 익스케이프: 합성 & 스토리 게임"
02:00,16,1585915174,"승리의 여신: 니케"
02:00,17,1105855019,"Gardenscapes"
02:00,18,1441742921,"마비노기 모바일"
02:00,19,1094591345,"Pokémon GO"
02:00,20,6448786147,"라스트 워: 서바이벌"
02:00,21,6762442041,"열혈강호: 넥스트"
02:00,22,1366526331,"배틀그라운드"
02:00,23,638689075,"꿈의 마을 (Township)"
02:00,24,6499562253,"드래곤빌리지3 - 100일 이벤트!"
02:00,25,6618142292,"핫레스토랑: 머지&쿠킹"
02:00,26,1195621598,"Homescapes: Match 3 Games"
02:00,27,6757360957,"삼국지: 천하결전"
02:00,28,1480616990,"리그 오브 레전드: 와일드 리프트"
02:00,29,1606356401,"젠레스 존 제로 - 주년 기념"
02:00,30,6754593077,"이환"
02:00,31,6479595079,"세븐나이츠 리버스"
02:00,32,1507872328,"WPL : 홀덤, 토너먼트, 오마하, 올인폴드, 픽앤고"
02:00,33,1471942989,"한게임 섯다&맞고"
02:00,34,1643509748,"머지 쿠킹 테마 레스토랑（Merge Cooking）"
02:00,35,1133463693,"메이플스토리M"
02:00,36,553834731,"캔디크러쉬사가"
02:00,37,1229016807,"브롤스타즈"
02:00,38,6756989323,"라스트 어사일럼: 페스트"
02:00,39,6446516059,"캣 히어로 : 방치형 RPG"
02:00,40,1606549505,"로얄 킹덤 (Royal Kingdom)"
02:00,41,6740026253,"오피스 퀸 키우기"
02:00,42,6764201639,"총잡이 고양이 - 방치형 키우기"
02:00,43,1466736988,"카트라이더 러쉬플러스"
02:00,44,1117270703,"eFootball™"
02:00,45,6738163891,"뱀피르"
02:00,46,1160056295,"모바일 레전드: Bang Bang"
02:00,47,6758200096,"라그나로크M: Classic"
02:00,48,6748432502,"랜덤 다이스 2"
02:00,49,1128255542,"리니지M(12)"
02:00,50,6503272652,"라스트 Z: 서바이벌 슈터"
02:00,51,848091833,"냥코 대전쟁"
02:00,52,6503603603,"미스터리 타운: 합성 게임 (Mystery Town)"
02:00,53,963067330,"쿠키런: 오븐브레이크"
02:00,54,1471486284,"한게임 포커"
02:00,55,6474961936,"레이싱 마스터"
02:00,56,6754679035,"히어로 랜드M"
02:00,57,6746151928,"두근두근타운"
02:00,58,947258826,"마피아42"
02:00,59,6443477650,"한게임 로얄홀덤"
02:00,60,6748004690,"SOL: enchant"
02:00,61,6475757306,"Disney Solitaire 디즈니 솔리테어"
02:00,62,6755455500,"할리우드 머지"
02:00,63,6746465127,"세포 특공대 - 전략형 타워 디펜스"
02:00,64,6751086804,"그놈은 드래곤"
02:00,65,1521236603,"Travel Town - 결합 어드벤처"
02:00,66,1448979486,"던전앤파이터 모바일"
02:00,67,6740621218,"갓깨비 키우기"
02:00,68,1520354659,"오딘: 발할라 라이징"
02:00,69,6502326151,"카오스 제로 나이트메어"
02:00,70,6751222389,"NBA 덩크 시티"
02:00,71,6757381033,"2026 프로야구GO!"
02:00,72,1599719154,"붕괴: 스타레일"
02:00,73,6746192853,"변신 키우기"
02:00,74,1616108452,"우마무스메 프리티 더비"
02:00,75,1492005122,"디아블로 이모탈"
02:00,76,6763241219,"LUNAR：에버소울"
02:00,77,898986747,"좀비고등학교"
02:00,78,6759822089,"오늘의 꽃 : 진짜 꽃을 키우는 게임"
02:00,79,1053012308,"클래시 로얄 (Clash Royale)"
02:00,80,1176027022,"Toon Blast"
02:00,81,6752886832,"호텔 레거시"
02:00,82,6479970832,"포켓몬 카드 게임 Pocket"
02:00,83,6740189002,"갤럭시 디펜스(Galaxy Defense)"
02:00,84,1640203623,"작혼: 리치 마작"
02:00,85,6786589102,"티니핑 매직 매치"
02:00,86,6448719154,"레이븐2"
02:00,87,6670441558,"Dark War:Survival"
02:00,88,1635712706,"슬레이어 키우기"
02:00,89,6483252725,"몬길: STAR DIVE"
02:00,90,6749302379,"동방 찻집"
02:00,91,6753862216,"푸드스타（Foodstars）: 합쳐서 요리하기"
02:00,92,1582390510,"한게임포커 클래식 - 7포커 홀덤 섯다 훌라 슬롯"
02:00,93,6759914688,"냥찍 히어로즈 : 방치형 RPG"
02:00,94,6736896540,"헬로키티 마이 드림 스토어"
02:00,95,1580691683,"MLB 9이닝스 라이벌 26"
02:00,96,664575829,"피쉬돔 (Fishdom)"
02:00,97,1509450845,"쿠키런: 킹덤"
02:00,98,6737595599,"파운데이션: 우주 전선"
02:00,99,1470173983,"AION2"
02:00,100,6462846417,"MLB 클러치 히트 베이스볼 26"
02:00,101,1458568643,"피망 뉴맞고 : 고스톱으로 대한민국 1등"
02:00,102,6450953550,"탑 히어로즈: 영웅의 시대"
02:00,103,1347780764,"Identity V -제5인격"
02:00,104,6760754315,"꿈의 여행자: 별빛 여정"
02:00,105,6767834940,"탑 로드"
02:00,106,1376515087,"Age of Origins:Tower Defense"
02:00,107,529479190,"클래시 오브 클랜"
02:00,108,1571873795,"블루 아카이브"
02:00,109,1166415380,"풀팟 홀덤 포커: 텍사스 홀덤, 오마하, 토너먼트"
02:00,110,1241893973,"페이트/그랜드 오더"
02:00,111,608808713,"쿠키런"
02:00,112,880551258,"컴투스프로야구2026"
02:00,113,6761749975,"토이 삼국"
02:00,114,6756058501,"젤리 버스터즈: 퍼즐 게임"
02:00,115,6776989094,"블라이트 워 : 방치형 RPG"
02:00,116,1597760047,"OneState RP: 온라인 롤플레잉"
02:00,117,6760743106,"천마지만 삼국지에서 무쌍중입니다"
02:00,118,1484442152,"머지 맨션: 퍼즐과 스토리"
02:00,119,6752672568,"Block Out! - Color Sort Puzzle"
02:00,120,6746636289,"Forge Master – Idle RPG"
02:00,121,6752369665,"Haunted Merge: Horror Story"
02:00,122,6444043291,"Domino Dreams™"
02:00,123,6737408689,"스톤에이지 키우기"
02:00,124,6476731203,"건틀렛: 신규 서버 오픈!"
02:00,125,6744885861,"스타일라잇: 3D 패션 시뮬레이션"
02:00,126,6443760593,"좀비 웨이브스"
02:00,127,6740966864,"딸깍 다이스"
02:00,128,1517783697,"원신-스네즈나야 오픈"
02:00,129,6444598069,"나이트 크로우"
02:00,130,1343688545,"ONE PIECE Bounty Rush"
02:00,131,1628970855,"AFK: 새로운 여정"
02:00,132,6476336847,"피망 쇼다운 홀덤 : 텍사스 홀덤, 포커, 토너먼트"
02:00,133,1516727770,"마구마구 2026: 풀체인지"
02:00,134,6443468110,"러브앤딥스페이스"
02:00,135,6756558621,"킹덤2: 타오르는 전장"
02:00,136,6502820653,"궁수의 전설2"
02:00,137,1449552940,"일곱 개의 대죄: GRAND CROSS"
02:00,138,1468063069,"피망 포커"
02:00,139,6443824730,"트릭컬 리바이브"
02:00,140,6472396866,"연운"
02:00,141,6747957875,"Family Go! - 대를 잇는 인생 시뮬레이션"
02:00,142,6444112366,"Limbus Company"
02:00,143,6467117398,"버섯커 키우기"
02:00,144,6754229264,"임진왜란: 조선의 반격"
02:00,145,6740848451,"RF 온라인 넥스트"
02:00,146,6504332779,"Color Block Jam"
02:00,147,1203100009,"클럽오디션"
02:00,148,479516143,"Minecraft 온라인으로 친구들과 함께 플레이하세요"
02:00,149,6754373623,"소울 헌터 키우기 : 방치형 RPG"
02:00,150,1371565796,"레이드: 그림자의 전설"
02:00,151,6740043080,"Screwdom : 나사와 볼트 퍼즐"
02:00,152,6741503079,"Pokémon Champions"
02:00,153,6449023119,"리버스: 1999"
02:00,154,1462911602,"Dream League Soccer 2026"
02:00,155,6759585981,"별별 히어로: 영웅 다있소"
02:00,156,6741889270,"픽셀 법사 키우기 : 방치형 RPG"
02:00,157,1478227443,"리니지2M"
02:00,158,6762203850,"바르디안: Vardian"
02:00,159,6738469826,"랜드 오브 제일"
02:00,160,6760822948,"더 코지 플로리스트"
02:00,161,6758072393,"추락한 아름다움: 머지&스토리"
02:00,162,6758827442,"히간: 이루실"
02:00,163,6756641249,"hololive Dreams"
02:00,164,1484468651,"Dice Dreams™ 다이스 드림"
02:00,165,6475925341,"주술회전 팬텀 퍼레이드"
02:00,166,6748741504,"에르피스"
02:00,167,852912420,"서머너즈 워 X 장송의 프리렌"
02:00,168,955705796,"MARVEL 퓨처파이트"
02:00,169,1481802531,"이사만루26"
02:00,170,6760125313,"희비전 리버스"
02:00,171,6757722046,"Butcher hero: hook'n'chew RPG"
02:00,172,6751056652,"Pixel Flow!"
02:00,173,6457256716,"Total Football - 2026 북중미 시즌"
02:00,174,1158967485,"Hero Wars: Alliance 에픽 영웅 RPG"
02:00,175,1480616748,"전략적 팀 전투: 리그 오브 레전드 전략 게임"
02:00,176,6754012129,"우와 모험단"
02:00,177,6752554540,"가이더스 원"
02:00,178,1551772053,"퍼즐 오브 Z"
02:00,179,1668036690,"우파루 오딧세이"
02:00,180,6499177365,"킹 오브 파이터 AFK"
02:00,181,1483058899,"Project Makeover"
02:00,182,1444980563,"리니지W"
02:00,183,6755585789,"템빨용사: 픽셀 아이템 머지 RPG"
02:00,184,6767155768,"현상금 해적단 키우기"
02:00,185,880047117,"앵그리버드 2 (Angry Birds 2)"
02:00,186,6451399876,"Delta Force"
02:00,187,6739345737,"팰몬: 서바이벌"
02:00,188,6740899070,"플랜티스와 좀비깡패"
02:00,189,6746328263,"Castle Busters"
02:00,190,588637521,"퍼즐앤드래곤"
02:00,191,6756247787,"디지몬 UP"
02:00,192,1402384531,"플레이투게더 (Play Together)"
02:00,193,409687884,"팔라독(Paladog)"
02:00,194,1473903308,"명일방주"
02:00,195,1554247785,"Yu-Gi-Oh! Master Duel"
02:00,196,6757690255,"윈드러너 키우기"
02:00,197,806077016,"War Robots: 멀티플레이어 게임"
02:00,198,6749132002,"빠지냥! (Drop the Cat)"
02:00,199,6566177585,"나 혼자 만렙 키우기"
02:00,200,1311102174,"위 베어 베어스 더 퍼즐 : 퍼즐게임"
02:30,1,6739616715,"메이플 키우기"
02:30,2,6443575749,"WOS: 화이트아웃 서바이벌"
02:30,3,6475033368,"명조:워더링 웨이브"
02:30,4,6503702666,"협타디: 협동 타워 디펜스"
02:30,5,1623318294,"가십하버: 합성 & 스토리 게임"
02:30,6,1273957743,"EA SPORTS FC Online M"
02:30,7,1458848044,"컴투스프로야구V26"
02:30,8,1474589366,"리니지M"
02:30,9,1482155847,"로얄 매치 (Royal Match)"
02:30,10,6749251466,"쿠키런 키우기 - 쿠키런: 크럼블"
02:30,11,6482291732,"운빨존많겜"
02:30,12,6739554056,"킹샷:Kingshot"
02:30,13,1478371252,"FC 모바일"
02:30,14,6471045672,"테이스티 트레블: 합성 게임"
02:30,15,6443755785,"씨사이드 익스케이프: 합성 & 스토리 게임"
02:30,16,1585915174,"승리의 여신: 니케"
02:30,17,1105855019,"Gardenscapes"
02:30,18,1441742921,"마비노기 모바일"
02:30,19,1094591345,"Pokémon GO"
02:30,20,6448786147,"라스트 워: 서바이벌"
02:30,21,6762442041,"열혈강호: 넥스트"
02:30,22,1366526331,"배틀그라운드"
02:30,23,638689075,"꿈의 마을 (Township)"
02:30,24,6499562253,"드래곤빌리지3 - 100일 이벤트!"
02:30,25,6618142292,"핫레스토랑: 머지&쿠킹"
02:30,26,1195621598,"Homescapes: Match 3 Games"
02:30,27,6757360957,"삼국지: 천하결전"
02:30,28,1480616990,"리그 오브 레전드: 와일드 리프트"
02:30,29,1606356401,"젠레스 존 제로 - 주년 기념"
02:30,30,6754593077,"이환"
02:30,31,6479595079,"세븐나이츠 리버스"
02:30,32,1507872328,"WPL : 홀덤, 토너먼트, 오마하, 올인폴드, 픽앤고"
02:30,33,1471942989,"한게임 섯다&맞고"
02:30,34,1643509748,"머지 쿠킹 테마 레스토랑（Merge Cooking）"
02:30,35,1133463693,"메이플스토리M"
02:30,36,553834731,"캔디크러쉬사가"
02:30,37,1229016807,"브롤스타즈"
02:30,38,6756989323,"라스트 어사일럼: 페스트"
02:30,39,6446516059,"캣 히어로 : 방치형 RPG"
02:30,40,1606549505,"로얄 킹덤 (Royal Kingdom)"
02:30,41,6740026253,"오피스 퀸 키우기"
02:30,42,6764201639,"총잡이 고양이 - 방치형 키우기"
02:30,43,1466736988,"카트라이더 러쉬플러스"
02:30,44,1117270703,"eFootball™"
02:30,45,6738163891,"뱀피르"
02:30,46,1160056295,"모바일 레전드: Bang Bang"
02:30,47,6758200096,"라그나로크M: Classic"
02:30,48,6748432502,"랜덤 다이스 2"
02:30,49,1128255542,"리니지M(12)"
02:30,50,6503272652,"라스트 Z: 서바이벌 슈터"
02:30,51,848091833,"냥코 대전쟁"
02:30,52,6503603603,"미스터리 타운: 합성 게임 (Mystery Town)"
02:30,53,963067330,"쿠키런: 오븐브레이크"
02:30,54,1471486284,"한게임 포커"
02:30,55,6474961936,"레이싱 마스터"
02:30,56,6754679035,"히어로 랜드M"
02:30,57,6746151928,"두근두근타운"
02:30,58,947258826,"마피아42"
02:30,59,6443477650,"한게임 로얄홀덤"
02:30,60,6748004690,"SOL: enchant"
02:30,61,6475757306,"Disney Solitaire 디즈니 솔리테어"
02:30,62,6755455500,"할리우드 머지"
02:30,63,6746465127,"세포 특공대 - 전략형 타워 디펜스"
02:30,64,6751086804,"그놈은 드래곤"
02:30,65,1521236603,"Travel Town - 결합 어드벤처"
02:30,66,1448979486,"던전앤파이터 모바일"
02:30,67,6740621218,"갓깨비 키우기"
02:30,68,1520354659,"오딘: 발할라 라이징"
02:30,69,6502326151,"카오스 제로 나이트메어"
02:30,70,6751222389,"NBA 덩크 시티"
02:30,71,6757381033,"2026 프로야구GO!"
02:30,72,1599719154,"붕괴: 스타레일"
02:30,73,6746192853,"변신 키우기"
02:30,74,1616108452,"우마무스메 프리티 더비"
02:30,75,1492005122,"디아블로 이모탈"
02:30,76,6763241219,"LUNAR：에버소울"
02:30,77,898986747,"좀비고등학교"
02:30,78,6759822089,"오늘의 꽃 : 진짜 꽃을 키우는 게임"
02:30,79,1053012308,"클래시 로얄 (Clash Royale)"
02:30,80,1176027022,"Toon Blast"
02:30,81,6752886832,"호텔 레거시"
02:30,82,6479970832,"포켓몬 카드 게임 Pocket"
02:30,83,6740189002,"갤럭시 디펜스(Galaxy Defense)"
02:30,84,1640203623,"작혼: 리치 마작"
02:30,85,6786589102,"티니핑 매직 매치"
02:30,86,6448719154,"레이븐2"
02:30,87,6670441558,"Dark War:Survival"
02:30,88,1635712706,"슬레이어 키우기"
02:30,89,6483252725,"몬길: STAR DIVE"
02:30,90,6749302379,"동방 찻집"
02:30,91,6753862216,"푸드스타（Foodstars）: 합쳐서 요리하기"
02:30,92,1582390510,"한게임포커 클래식 - 7포커 홀덤 섯다 훌라 슬롯"
02:30,93,6759914688,"냥찍 히어로즈 : 방치형 RPG"
02:30,94,6736896540,"헬로키티 마이 드림 스토어"
02:30,95,1580691683,"MLB 9이닝스 라이벌 26"
02:30,96,664575829,"피쉬돔 (Fishdom)"
02:30,97,1509450845,"쿠키런: 킹덤"
02:30,98,6737595599,"파운데이션: 우주 전선"
02:30,99,1470173983,"AION2"
02:30,100,6462846417,"MLB 클러치 히트 베이스볼 26"
02:30,101,1458568643,"피망 뉴맞고 : 고스톱으로 대한민국 1등"
02:30,102,6450953550,"탑 히어로즈: 영웅의 시대"
02:30,103,1347780764,"Identity V -제5인격"
02:30,104,6760754315,"꿈의 여행자: 별빛 여정"
02:30,105,6767834940,"탑 로드"
02:30,106,1376515087,"Age of Origins:Tower Defense"
02:30,107,529479190,"클래시 오브 클랜"
02:30,108,1571873795,"블루 아카이브"
02:30,109,1166415380,"풀팟 홀덤 포커: 텍사스 홀덤, 오마하, 토너먼트"
02:30,110,1241893973,"페이트/그랜드 오더"
02:30,111,608808713,"쿠키런"
02:30,112,880551258,"컴투스프로야구2026"
02:30,113,6761749975,"토이 삼국"
02:30,114,6756058501,"젤리 버스터즈: 퍼즐 게임"
02:30,115,6776989094,"블라이트 워 : 방치형 RPG"
02:30,116,1597760047,"OneState RP: 온라인 롤플레잉"
02:30,117,6760743106,"천마지만 삼국지에서 무쌍중입니다"
02:30,118,1484442152,"머지 맨션: 퍼즐과 스토리"
02:30,119,6752672568,"Block Out! - Color Sort Puzzle"
02:30,120,6746636289,"Forge Master – Idle RPG"
02:30,121,6752369665,"Haunted Merge: Horror Story"
02:30,122,6444043291,"Domino Dreams™"
02:30,123,6737408689,"스톤에이지 키우기"
02:30,124,6476731203,"건틀렛: 신규 서버 오픈!"
02:30,125,6744885861,"스타일라잇: 3D 패션 시뮬레이션"
02:30,126,6443760593,"좀비 웨이브스"
02:30,127,6740966864,"딸깍 다이스"
02:30,128,1517783697,"원신-스네즈나야 오픈"
02:30,129,6444598069,"나이트 크로우"
02:30,130,1343688545,"ONE PIECE Bounty Rush"
02:30,131,1628970855,"AFK: 새로운 여정"
02:30,132,6476336847,"피망 쇼다운 홀덤 : 텍사스 홀덤, 포커, 토너먼트"
02:30,133,1516727770,"마구마구 2026: 풀체인지"
02:30,134,6443468110,"러브앤딥스페이스"
02:30,135,6756558621,"킹덤2: 타오르는 전장"
02:30,136,6502820653,"궁수의 전설2"
02:30,137,1449552940,"일곱 개의 대죄: GRAND CROSS"
02:30,138,1468063069,"피망 포커"
02:30,139,6443824730,"트릭컬 리바이브"
02:30,140,6472396866,"연운"
02:30,141,6747957875,"Family Go! - 대를 잇는 인생 시뮬레이션"
02:30,142,6444112366,"Limbus Company"
02:30,143,6467117398,"버섯커 키우기"
02:30,144,6754229264,"임진왜란: 조선의 반격"
02:30,145,6740848451,"RF 온라인 넥스트"
02:30,146,6504332779,"Color Block Jam"
02:30,147,1203100009,"클럽오디션"
02:30,148,479516143,"Minecraft 온라인으로 친구들과 함께 플레이하세요"
02:30,149,6754373623,"소울 헌터 키우기 : 방치형 RPG"
02:30,150,1371565796,"레이드: 그림자의 전설"
02:30,151,6740043080,"Screwdom : 나사와 볼트 퍼즐"
02:30,152,6741503079,"Pokémon Champions"
02:30,153,6449023119,"리버스: 1999"
02:30,154,1462911602,"Dream League Soccer 2026"
02:30,155,6759585981,"별별 히어로: 영웅 다있소"
02:30,156,6741889270,"픽셀 법사 키우기 : 방치형 RPG"
02:30,157,1478227443,"리니지2M"
02:30,158,6762203850,"바르디안: Vardian"
02:30,159,6738469826,"랜드 오브 제일"
02:30,160,6760822948,"더 코지 플로리스트"
02:30,161,6758072393,"추락한 아름다움: 머지&스토리"
02:30,162,6758827442,"히간: 이루실"
02:30,163,6756641249,"hololive Dreams"
02:30,164,1484468651,"Dice Dreams™ 다이스 드림"
02:30,165,6475925341,"주술회전 팬텀 퍼레이드"
02:30,166,6748741504,"에르피스"
02:30,167,852912420,"서머너즈 워 X 장송의 프리렌"
02:30,168,955705796,"MARVEL 퓨처파이트"
02:30,169,1481802531,"이사만루26"
02:30,170,6760125313,"희비전 리버스"
02:30,171,6757722046,"Butcher hero: hook'n'chew RPG"
02:30,172,6751056652,"Pixel Flow!"
02:30,173,6457256716,"Total Football - 2026 북중미 시즌"
02:30,174,1158967485,"Hero Wars: Alliance 에픽 영웅 RPG"
02:30,175,1480616748,"전략적 팀 전투: 리그 오브 레전드 전략 게임"
02:30,176,6754012129,"우와 모험단"
02:30,177,6752554540,"가이더스 원"
02:30,178,1551772053,"퍼즐 오브 Z"
02:30,179,1668036690,"우파루 오딧세이"
02:30,180,6499177365,"킹 오브 파이터 AFK"
02:30,181,1483058899,"Project Makeover"
02:30,182,1444980563,"리니지W"
02:30,183,6755585789,"템빨용사: 픽셀 아이템 머지 RPG"
02:30,184,6767155768,"현상금 해적단 키우기"
02:30,185,880047117,"앵그리버드 2 (Angry Birds 2)"
02:30,186,6451399876,"Delta Force"
02:30,187,6739345737,"팰몬: 서바이벌"
02:30,188,6740899070,"플랜티스와 좀비깡패"
02:30,189,6746328263,"Castle Busters"
02:30,190,588637521,"퍼즐앤드래곤"
02:30,191,6756247787,"디지몬 UP"
02:30,192,1402384531,"플레이투게더 (Play Together)"
02:30,193,409687884,"팔라독(Paladog)"
02:30,194,1473903308,"명일방주"
02:30,195,1554247785,"Yu-Gi-Oh! Master Duel"
02:30,196,6757690255,"윈드러너 키우기"
02:30,197,806077016,"War Robots: 멀티플레이어 게임"
02:30,198,6749132002,"빠지냥! (Drop the Cat)"
02:30,199,6566177585,"나 혼자 만렙 키우기"
02:30,200,1311102174,"위 베어 베어스 더 퍼즐 : 퍼즐게임"
03:00,1,6739616715,"메이플 키우기"
03:00,2,6443575749,"WOS: 화이트아웃 서바이벌"
03:00,3,6475033368,"명조:워더링 웨이브"
03:00,4,6503702666,"협타디: 협동 타워 디펜스"
03:00,5,1623318294,"가십하버: 합성 & 스토리 게임"
03:00,6,1273957743,"EA SPORTS FC Online M"
03:00,7,1458848044,"컴투스프로야구V26"
03:00,8,1474589366,"리니지M"
03:00,9,1482155847,"로얄 매치 (Royal Match)"
03:00,10,6749251466,"쿠키런 키우기 - 쿠키런: 크럼블"
03:00,11,6482291732,"운빨존많겜"
03:00,12,6739554056,"킹샷:Kingshot"
03:00,13,1478371252,"FC 모바일"
03:00,14,6471045672,"테이스티 트레블: 합성 게임"
03:00,15,6443755785,"씨사이드 익스케이프: 합성 & 스토리 게임"
03:00,16,1585915174,"승리의 여신: 니케"
03:00,17,1105855019,"Gardenscapes"
03:00,18,1441742921,"마비노기 모바일"
03:00,19,1094591345,"Pokémon GO"
03:00,20,6448786147,"라스트 워: 서바이벌"
03:00,21,6762442041,"열혈강호: 넥스트"
03:00,22,1366526331,"배틀그라운드"
03:00,23,638689075,"꿈의 마을 (Township)"
03:00,24,6499562253,"드래곤빌리지3 - 100일 이벤트!"
03:00,25,6618142292,"핫레스토랑: 머지&쿠킹"
03:00,26,1195621598,"Homescapes: Match 3 Games"
03:00,27,6757360957,"삼국지: 천하결전"
03:00,28,1480616990,"리그 오브 레전드: 와일드 리프트"
03:00,29,1606356401,"젠레스 존 제로 - 주년 기념"
03:00,30,6754593077,"이환"
03:00,31,6479595079,"세븐나이츠 리버스"
03:00,32,1507872328,"WPL : 홀덤, 토너먼트, 오마하, 올인폴드, 픽앤고"
03:00,33,1471942989,"한게임 섯다&맞고"
03:00,34,1643509748,"머지 쿠킹 테마 레스토랑（Merge Cooking）"
03:00,35,1133463693,"메이플스토리M"
03:00,36,553834731,"캔디크러쉬사가"
03:00,37,1229016807,"브롤스타즈"
03:00,38,6756989323,"라스트 어사일럼: 페스트"
03:00,39,6446516059,"캣 히어로 : 방치형 RPG"
03:00,40,1606549505,"로얄 킹덤 (Royal Kingdom)"
03:00,41,6740026253,"오피스 퀸 키우기"
03:00,42,6764201639,"총잡이 고양이 - 방치형 키우기"
03:00,43,1466736988,"카트라이더 러쉬플러스"
03:00,44,1117270703,"eFootball™"
03:00,45,6738163891,"뱀피르"
03:00,46,1160056295,"모바일 레전드: Bang Bang"
03:00,47,6758200096,"라그나로크M: Classic"
03:00,48,6748432502,"랜덤 다이스 2"
03:00,49,1128255542,"리니지M(12)"
03:00,50,6503272652,"라스트 Z: 서바이벌 슈터"
03:00,51,848091833,"냥코 대전쟁"
03:00,52,6503603603,"미스터리 타운: 합성 게임 (Mystery Town)"
03:00,53,963067330,"쿠키런: 오븐브레이크"
03:00,54,1471486284,"한게임 포커"
03:00,55,6474961936,"레이싱 마스터"
03:00,56,6754679035,"히어로 랜드M"
03:00,57,6746151928,"두근두근타운"
03:00,58,947258826,"마피아42"
03:00,59,6443477650,"한게임 로얄홀덤"
03:00,60,6748004690,"SOL: enchant"
03:00,61,6475757306,"Disney Solitaire 디즈니 솔리테어"
03:00,62,6755455500,"할리우드 머지"
03:00,63,6746465127,"세포 특공대 - 전략형 타워 디펜스"
03:00,64,6751086804,"그놈은 드래곤"
03:00,65,1521236603,"Travel Town - 결합 어드벤처"
03:00,66,1448979486,"던전앤파이터 모바일"
03:00,67,6740621218,"갓깨비 키우기"
03:00,68,1520354659,"오딘: 발할라 라이징"
03:00,69,6502326151,"카오스 제로 나이트메어"
03:00,70,6751222389,"NBA 덩크 시티"
03:00,71,6757381033,"2026 프로야구GO!"
03:00,72,1599719154,"붕괴: 스타레일"
03:00,73,6746192853,"변신 키우기"
03:00,74,1616108452,"우마무스메 프리티 더비"
03:00,75,1492005122,"디아블로 이모탈"
03:00,76,6763241219,"LUNAR：에버소울"
03:00,77,898986747,"좀비고등학교"
03:00,78,6759822089,"오늘의 꽃 : 진짜 꽃을 키우는 게임"
03:00,79,1053012308,"클래시 로얄 (Clash Royale)"
03:00,80,1176027022,"Toon Blast"
03:00,81,6752886832,"호텔 레거시"
03:00,82,6479970832,"포켓몬 카드 게임 Pocket"
03:00,83,6740189002,"갤럭시 디펜스(Galaxy Defense)"
03:00,84,1640203623,"작혼: 리치 마작"
03:00,85,6786589102,"티니핑 매직 매치"
03:00,86,6448719154,"레이븐2"
03:00,87,6670441558,"Dark War:Survival"
03:00,88,1635712706,"슬레이어 키우기"
03:00,89,6483252725,"몬길: STAR DIVE"
03:00,90,6749302379,"동방 찻집"
03:00,91,6753862216,"푸드스타（Foodstars）: 합쳐서 요리하기"
03:00,92,1582390510,"한게임포커 클래식 - 7포커 홀덤 섯다 훌라 슬롯"
03:00,93,6759914688,"냥찍 히어로즈 : 방치형 RPG"
03:00,94,6736896540,"헬로키티 마이 드림 스토어"
03:00,95,1580691683,"MLB 9이닝스 라이벌 26"
03:00,96,664575829,"피쉬돔 (Fishdom)"
03:00,97,1509450845,"쿠키런: 킹덤"
03:00,98,6737595599,"파운데이션: 우주 전선"
03:00,99,1470173983,"AION2"
03:00,100,6462846417,"MLB 클러치 히트 베이스볼 26"
03:00,101,1458568643,"피망 뉴맞고 : 고스톱으로 대한민국 1등"
03:00,102,6450953550,"탑 히어로즈: 영웅의 시대"
03:00,103,1347780764,"Identity V -제5인격"
03:00,104,6760754315,"꿈의 여행자: 별빛 여정"
03:00,105,6767834940,"탑 로드"
03:00,106,1376515087,"Age of Origins:Tower Defense"
03:00,107,529479190,"클래시 오브 클랜"
03:00,108,1571873795,"블루 아카이브"
03:00,109,1166415380,"풀팟 홀덤 포커: 텍사스 홀덤, 오마하, 토너먼트"
03:00,110,1241893973,"페이트/그랜드 오더"
03:00,111,608808713,"쿠키런"
03:00,112,880551258,"컴투스프로야구2026"
03:00,113,6761749975,"토이 삼국"
03:00,114,6756058501,"젤리 버스터즈: 퍼즐 게임"
03:00,115,6776989094,"블라이트 워 : 방치형 RPG"
03:00,116,1597760047,"OneState RP: 온라인 롤플레잉"
03:00,117,6760743106,"천마지만 삼국지에서 무쌍중입니다"
03:00,118,1484442152,"머지 맨션: 퍼즐과 스토리"
03:00,119,6752672568,"Block Out! - Color Sort Puzzle"
03:00,120,6746636289,"Forge Master – Idle RPG"
03:00,121,6752369665,"Haunted Merge: Horror Story"
03:00,122,6444043291,"Domino Dreams™"
03:00,123,6737408689,"스톤에이지 키우기"
03:00,124,6476731203,"건틀렛: 신규 서버 오픈!"
03:00,125,6744885861,"스타일라잇: 3D 패션 시뮬레이션"
03:00,126,6443760593,"좀비 웨이브스"
03:00,127,6740966864,"딸깍 다이스"
03:00,128,1517783697,"원신-스네즈나야 오픈"
03:00,129,6444598069,"나이트 크로우"
03:00,130,1343688545,"ONE PIECE Bounty Rush"
03:00,131,1628970855,"AFK: 새로운 여정"
03:00,132,6476336847,"피망 쇼다운 홀덤 : 텍사스 홀덤, 포커, 토너먼트"
03:00,133,1516727770,"마구마구 2026: 풀체인지"
03:00,134,6443468110,"러브앤딥스페이스"
03:00,135,6756558621,"킹덤2: 타오르는 전장"
03:00,136,6502820653,"궁수의 전설2"
03:00,137,1449552940,"일곱 개의 대죄: GRAND CROSS"
03:00,138,1468063069,"피망 포커"
03:00,139,6443824730,"트릭컬 리바이브"
03:00,140,6472396866,"연운"
03:00,141,6747957875,"Family Go! - 대를 잇는 인생 시뮬레이션"
03:00,142,6444112366,"Limbus Company"
03:00,143,6467117398,"버섯커 키우기"
03:00,144,6754229264,"임진왜란: 조선의 반격"
03:00,145,6740848451,"RF 온라인 넥스트"
03:00,146,6504332779,"Color Block Jam"
03:00,147,1203100009,"클럽오디션"
03:00,148,479516143,"Minecraft 온라인으로 친구들과 함께 플레이하세요"
03:00,149,6754373623,"소울 헌터 키우기 : 방치형 RPG"
03:00,150,1371565796,"레이드: 그림자의 전설"
03:00,151,6740043080,"Screwdom : 나사와 볼트 퍼즐"
03:00,152,6741503079,"Pokémon Champions"
03:00,153,6449023119,"리버스: 1999"
03:00,154,1462911602,"Dream League Soccer 2026"
03:00,155,6759585981,"별별 히어로: 영웅 다있소"
03:00,156,6741889270,"픽셀 법사 키우기 : 방치형 RPG"
03:00,157,1478227443,"리니지2M"
03:00,158,6762203850,"바르디안: Vardian"
03:00,159,6738469826,"랜드 오브 제일"
03:00,160,6760822948,"더 코지 플로리스트"
03:00,161,6758072393,"추락한 아름다움: 머지&스토리"
03:00,162,6758827442,"히간: 이루실"
03:00,163,6756641249,"hololive Dreams"
03:00,164,1484468651,"Dice Dreams™ 다이스 드림"
03:00,165,6475925341,"주술회전 팬텀 퍼레이드"
03:00,166,6748741504,"에르피스"
03:00,167,852912420,"서머너즈 워 X 장송의 프리렌"
03:00,168,955705796,"MARVEL 퓨처파이트"
03:00,169,1481802531,"이사만루26"
03:00,170,6760125313,"희비전 리버스"
03:00,171,6757722046,"Butcher hero: hook'n'chew RPG"
03:00,172,6751056652,"Pixel Flow!"
03:00,173,6457256716,"Total Football - 2026 북중미 시즌"
03:00,174,1158967485,"Hero Wars: Alliance 에픽 영웅 RPG"
03:00,175,1480616748,"전략적 팀 전투: 리그 오브 레전드 전략 게임"
03:00,176,6754012129,"우와 모험단"
03:00,177,6752554540,"가이더스 원"
03:00,178,1551772053,"퍼즐 오브 Z"
03:00,179,1668036690,"우파루 오딧세이"
03:00,180,6499177365,"킹 오브 파이터 AFK"
03:00,181,1483058899,"Project Makeover"
03:00,182,1444980563,"리니지W"
03:00,183,6755585789,"템빨용사: 픽셀 아이템 머지 RPG"
03:00,184,6767155768,"현상금 해적단 키우기"
03:00,185,880047117,"앵그리버드 2 (Angry Birds 2)"
03:00,186,6451399876,"Delta Force"
03:00,187,6739345737,"팰몬: 서바이벌"
03:00,188,6740899070,"플랜티스와 좀비깡패"
03:00,189,6746328263,"Castle Busters"
03:00,190,588637521,"퍼즐앤드래곤"
03:00,191,6756247787,"디지몬 UP"
03:00,192,1402384531,"플레이투게더 (Play Together)"
03:00,193,409687884,"팔라독(Paladog)"
03:00,194,1473903308,"명일방주"
03:00,195,1554247785,"Yu-Gi-Oh! Master Duel"
03:00,196,6757690255,"윈드러너 키우기"
03:00,197,806077016,"War Robots: 멀티플레이어 게임"
03:00,198,6749132002,"빠지냥! (Drop the Cat)"
03:00,199,6566177585,"나 혼자 만렙 키우기"
03:00,200,1311102174,"위 베어 베어스 더 퍼즐 : 퍼즐게임"
04:00,1,6739616715,"메이플 키우기"
04:00,2,6443575749,"WOS: 화이트아웃 서바이벌"
04:00,3,6475033368,"명조:워더링 웨이브"
04:00,4,6503702666,"협타디: 협동 타워 디펜스"
04:00,5,1623318294,"가십하버: 합성 & 스토리 게임"
04:00,6,1273957743,"EA SPORTS FC Online M"
04:00,7,1458848044,"컴투스프로야구V26"
04:00,8,1474589366,"리니지M"
04:00,9,1482155847,"로얄 매치 (Royal Match)"
04:00,10,6749251466,"쿠키런 키우기 - 쿠키런: 크럼블"
04:00,11,6482291732,"운빨존많겜"
04:00,12,6739554056,"킹샷:Kingshot"
04:00,13,1478371252,"FC 모바일"
04:00,14,6471045672,"테이스티 트레블: 합성 게임"
04:00,15,6443755785,"씨사이드 익스케이프: 합성 & 스토리 게임"
04:00,16,1585915174,"승리의 여신: 니케"
04:00,17,1105855019,"Gardenscapes"
04:00,18,1441742921,"마비노기 모바일"
04:00,19,1094591345,"Pokémon GO"
04:00,20,6448786147,"라스트 워: 서바이벌"
04:00,21,6762442041,"열혈강호: 넥스트"
04:00,22,1366526331,"배틀그라운드"
04:00,23,638689075,"꿈의 마을 (Township)"
04:00,24,6499562253,"드래곤빌리지3 - 100일 이벤트!"
04:00,25,6618142292,"핫레스토랑: 머지&쿠킹"
04:00,26,1195621598,"Homescapes: Match 3 Games"
04:00,27,6757360957,"삼국지: 천하결전"
04:00,28,1480616990,"리그 오브 레전드: 와일드 리프트"
04:00,29,1606356401,"젠레스 존 제로 - 주년 기념"
04:00,30,6754593077,"이환"
04:00,31,6479595079,"세븐나이츠 리버스"
04:00,32,1507872328,"WPL : 홀덤, 토너먼트, 오마하, 올인폴드, 픽앤고"
04:00,33,1471942989,"한게임 섯다&맞고"
04:00,34,1643509748,"머지 쿠킹 테마 레스토랑（Merge Cooking）"
04:00,35,1133463693,"메이플스토리M"
04:00,36,553834731,"캔디크러쉬사가"
04:00,37,1229016807,"브롤스타즈"
04:00,38,6756989323,"라스트 어사일럼: 페스트"
04:00,39,6446516059,"캣 히어로 : 방치형 RPG"
04:00,40,1606549505,"로얄 킹덤 (Royal Kingdom)"
04:00,41,6740026253,"오피스 퀸 키우기"
04:00,42,6764201639,"총잡이 고양이 - 방치형 키우기"
04:00,43,1466736988,"카트라이더 러쉬플러스"
04:00,44,1117270703,"eFootball™"
04:00,45,6738163891,"뱀피르"
04:00,46,1160056295,"모바일 레전드: Bang Bang"
04:00,47,6758200096,"라그나로크M: Classic"
04:00,48,6748432502,"랜덤 다이스 2"
04:00,49,1128255542,"리니지M(12)"
04:00,50,6503272652,"라스트 Z: 서바이벌 슈터"
04:00,51,848091833,"냥코 대전쟁"
04:00,52,6503603603,"미스터리 타운: 합성 게임 (Mystery Town)"
04:00,53,963067330,"쿠키런: 오븐브레이크"
04:00,54,1471486284,"한게임 포커"
04:00,55,6474961936,"레이싱 마스터"
04:00,56,6754679035,"히어로 랜드M"
04:00,57,6746151928,"두근두근타운"
04:00,58,947258826,"마피아42"
04:00,59,6443477650,"한게임 로얄홀덤"
04:00,60,6748004690,"SOL: enchant"
04:00,61,6475757306,"Disney Solitaire 디즈니 솔리테어"
04:00,62,6755455500,"할리우드 머지"
04:00,63,6746465127,"세포 특공대 - 전략형 타워 디펜스"
04:00,64,6751086804,"그놈은 드래곤"
04:00,65,1521236603,"Travel Town - 결합 어드벤처"
04:00,66,1448979486,"던전앤파이터 모바일"
04:00,67,6740621218,"갓깨비 키우기"
04:00,68,1520354659,"오딘: 발할라 라이징"
04:00,69,6502326151,"카오스 제로 나이트메어"
04:00,70,6751222389,"NBA 덩크 시티"
04:00,71,6757381033,"2026 프로야구GO!"
04:00,72,1599719154,"붕괴: 스타레일"
04:00,73,6746192853,"변신 키우기"
04:00,74,1616108452,"우마무스메 프리티 더비"
04:00,75,1492005122,"디아블로 이모탈"
04:00,76,6763241219,"LUNAR：에버소울"
04:00,77,898986747,"좀비고등학교"
04:00,78,6759822089,"오늘의 꽃 : 진짜 꽃을 키우는 게임"
04:00,79,1053012308,"클래시 로얄 (Clash Royale)"
04:00,80,1176027022,"Toon Blast"
04:00,81,6752886832,"호텔 레거시"
04:00,82,6479970832,"포켓몬 카드 게임 Pocket"
04:00,83,6740189002,"갤럭시 디펜스(Galaxy Defense)"
04:00,84,1640203623,"작혼: 리치 마작"
04:00,85,6786589102,"티니핑 매직 매치"
04:00,86,6448719154,"레이븐2"
04:00,87,6670441558,"Dark War:Survival"
04:00,88,1635712706,"슬레이어 키우기"
04:00,89,6483252725,"몬길: STAR DIVE"
04:00,90,6749302379,"동방 찻집"
04:00,91,6753862216,"푸드스타（Foodstars）: 합쳐서 요리하기"
04:00,92,1582390510,"한게임포커 클래식 - 7포커 홀덤 섯다 훌라 슬롯"
04:00,93,6759914688,"냥찍 히어로즈 : 방치형 RPG"
04:00,94,6736896540,"헬로키티 마이 드림 스토어"
04:00,95,1580691683,"MLB 9이닝스 라이벌 26"
04:00,96,664575829,"피쉬돔 (Fishdom)"
04:00,97,1509450845,"쿠키런: 킹덤"
04:00,98,6737595599,"파운데이션: 우주 전선"
04:00,99,1470173983,"AION2"
04:00,100,6462846417,"MLB 클러치 히트 베이스볼 26"
04:00,101,1458568643,"피망 뉴맞고 : 고스톱으로 대한민국 1등"
04:00,102,6450953550,"탑 히어로즈: 영웅의 시대"
04:00,103,1347780764,"Identity V -제5인격"
04:00,104,6760754315,"꿈의 여행자: 별빛 여정"
04:00,105,6767834940,"탑 로드"
04:00,106,1376515087,"Age of Origins:Tower Defense"
04:00,107,529479190,"클래시 오브 클랜"
04:00,108,1571873795,"블루 아카이브"
04:00,109,1166415380,"풀팟 홀덤 포커: 텍사스 홀덤, 오마하, 토너먼트"
04:00,110,1241893973,"페이트/그랜드 오더"
04:00,111,608808713,"쿠키런"
04:00,112,880551258,"컴투스프로야구2026"
04:00,113,6761749975,"토이 삼국"
04:00,114,6756058501,"젤리 버스터즈: 퍼즐 게임"
04:00,115,6776989094,"블라이트 워 : 방치형 RPG"
04:00,116,1597760047,"OneState RP: 온라인 롤플레잉"
04:00,117,6760743106,"천마지만 삼국지에서 무쌍중입니다"
04:00,118,1484442152,"머지 맨션: 퍼즐과 스토리"
04:00,119,6752672568,"Block Out! - Color Sort Puzzle"
04:00,120,6746636289,"Forge Master – Idle RPG"
04:00,121,6752369665,"Haunted Merge: Horror Story"
04:00,122,6444043291,"Domino Dreams™"
04:00,123,6737408689,"스톤에이지 키우기"
04:00,124,6476731203,"건틀렛: 신규 서버 오픈!"
04:00,125,6744885861,"스타일라잇: 3D 패션 시뮬레이션"
04:00,126,6443760593,"좀비 웨이브스"
04:00,127,6740966864,"딸깍 다이스"
04:00,128,1517783697,"원신-스네즈나야 오픈"
04:00,129,6444598069,"나이트 크로우"
04:00,130,1343688545,"ONE PIECE Bounty Rush"
04:00,131,1628970855,"AFK: 새로운 여정"
04:00,132,6476336847,"피망 쇼다운 홀덤 : 텍사스 홀덤, 포커, 토너먼트"
04:00,133,1516727770,"마구마구 2026: 풀체인지"
04:00,134,6443468110,"러브앤딥스페이스"
04:00,135,6756558621,"킹덤2: 타오르는 전장"
04:00,136,6502820653,"궁수의 전설2"
04:00,137,1449552940,"일곱 개의 대죄: GRAND CROSS"
04:00,138,1468063069,"피망 포커"
04:00,139,6443824730,"트릭컬 리바이브"
04:00,140,6472396866,"연운"
04:00,141,6747957875,"Family Go! - 대를 잇는 인생 시뮬레이션"
04:00,142,6444112366,"Limbus Company"
04:00,143,6467117398,"버섯커 키우기"
04:00,144,6754229264,"임진왜란: 조선의 반격"
04:00,145,6740848451,"RF 온라인 넥스트"
04:00,146,6504332779,"Color Block Jam"
04:00,147,1203100009,"클럽오디션"
04:00,148,479516143,"Minecraft 온라인으로 친구들과 함께 플레이하세요"
04:00,149,6754373623,"소울 헌터 키우기 : 방치형 RPG"
04:00,150,1371565796,"레이드: 그림자의 전설"
04:00,151,6740043080,"Screwdom : 나사와 볼트 퍼즐"
04:00,152,6741503079,"Pokémon Champions"
04:00,153,6449023119,"리버스: 1999"
04:00,154,1462911602,"Dream League Soccer 2026"
04:00,155,6759585981,"별별 히어로: 영웅 다있소"
04:00,156,6741889270,"픽셀 법사 키우기 : 방치형 RPG"
04:00,157,1478227443,"리니지2M"
04:00,158,6762203850,"바르디안: Vardian"
04:00,159,6738469826,"랜드 오브 제일"
04:00,160,6760822948,"더 코지 플로리스트"
04:00,161,6758072393,"추락한 아름다움: 머지&스토리"
04:00,162,6758827442,"히간: 이루실"
04:00,163,6756641249,"hololive Dreams"
04:00,164,1484468651,"Dice Dreams™ 다이스 드림"
04:00,165,6475925341,"주술회전 팬텀 퍼레이드"
04:00,166,6748741504,"에르피스"
04:00,167,852912420,"서머너즈 워 X 장송의 프리렌"
04:00,168,955705796,"MARVEL 퓨처파이트"
04:00,169,1481802531,"이사만루26"
04:00,170,6760125313,"희비전 리버스"
04:00,171,6757722046,"Butcher hero: hook'n'chew RPG"
04:00,172,6751056652,"Pixel Flow!"
04:00,173,6457256716,"Total Football - 2026 북중미 시즌"
04:00,174,1158967485,"Hero Wars: Alliance 에픽 영웅 RPG"
04:00,175,1480616748,"전략적 팀 전투: 리그 오브 레전드 전략 게임"
04:00,176,6754012129,"우와 모험단"
04:00,177,6752554540,"가이더스 원"
04:00,178,1551772053,"퍼즐 오브 Z"
04:00,179,1668036690,"우파루 오딧세이"
04:00,180,6499177365,"킹 오브 파이터 AFK"
04:00,181,1483058899,"Project Makeover"
04:00,182,1444980563,"리니지W"
04:00,183,6755585789,"템빨용사: 픽셀 아이템 머지 RPG"
04:00,184,6767155768,"현상금 해적단 키우기"
04:00,185,880047117,"앵그리버드 2 (Angry Birds 2)"
04:00,186,6451399876,"Delta Force"
04:00,187,6739345737,"팰몬: 서바이벌"
04:00,188,6740899070,"플랜티스와 좀비깡패"
04:00,189,6746328263,"Castle Busters"
04:00,190,588637521,"퍼즐앤드래곤"
04:00,191,6756247787,"디지몬 UP"
04:00,192,1402384531,"플레이투게더 (Play Together)"
04:00,193,409687884,"팔라독(Paladog)"
04:00,194,1473903308,"명일방주"
04:00,195,1554247785,"Yu-Gi-Oh! Master Duel"
04:00,196,6757690255,"윈드러너 키우기"
04:00,197,806077016,"War Robots: 멀티플레이어 게임"
04:00,198,6749132002,"빠지냥! (Drop the Cat)"
04:00,199,6566177585,"나 혼자 만렙 키우기"
04:00,200,1311102174,"위 베어 베어스 더 퍼즐 : 퍼즐게임"
04:30,1,6739616715,"메이플 키우기"
04:30,2,6503702666,"협타디: 협동 타워 디펜스"
04:30,3,6443575749,"WOS: 화이트아웃 서바이벌"
04:30,4,1623318294,"가십하버: 합성 & 스토리 게임"
04:30,5,6475033368,"명조:워더링 웨이브"
04:30,6,1273957743,"EA SPORTS FC Online M"
04:30,7,1458848044,"컴투스프로야구V26"
04:30,8,1482155847,"로얄 매치 (Royal Match)"
04:30,9,1474589366,"리니지M"
04:30,10,6749251466,"쿠키런 키우기 - 쿠키런: 크럼블"
04:30,11,6482291732,"운빨존많겜"
04:30,12,6739554056,"킹샷:Kingshot"
04:30,13,6471045672,"테이스티 트레블: 합성 게임"
04:30,14,1478371252,"FC 모바일"
04:30,15,6443755785,"씨사이드 익스케이프: 합성 & 스토리 게임"
04:30,16,1105855019,"Gardenscapes"
04:30,17,1585915174,"승리의 여신: 니케"
04:30,18,1441742921,"마비노기 모바일"
04:30,19,1094591345,"Pokémon GO"
04:30,20,6762442041,"열혈강호: 넥스트"
04:30,21,6448786147,"라스트 워: 서바이벌"
04:30,22,638689075,"꿈의 마을 (Township)"
04:30,23,1366526331,"배틀그라운드"
04:30,24,6499562253,"드래곤빌리지3 - 100일 이벤트!"
04:30,25,6618142292,"핫레스토랑: 머지&쿠킹"
04:30,26,1195621598,"Homescapes: Match 3 Games"
04:30,27,6757360957,"삼국지: 천하결전"
04:30,28,1480616990,"리그 오브 레전드: 와일드 리프트"
04:30,29,1133463693,"메이플스토리M"
04:30,30,1606356401,"젠레스 존 제로 - 주년 기념"
04:30,31,1471942989,"한게임 섯다&맞고"
04:30,32,1507872328,"WPL : 홀덤, 토너먼트, 오마하, 올인폴드, 픽앤고"
04:30,33,6754593077,"이환"
04:30,34,1643509748,"머지 쿠킹 테마 레스토랑（Merge Cooking）"
04:30,35,553834731,"캔디크러쉬사가"
04:30,36,6479595079,"세븐나이츠 리버스"
04:30,37,1229016807,"브롤스타즈"
04:30,38,1606549505,"로얄 킹덤 (Royal Kingdom)"
04:30,39,6446516059,"캣 히어로 : 방치형 RPG"
04:30,40,6764201639,"총잡이 고양이 - 방치형 키우기"
04:30,41,6756989323,"라스트 어사일럼: 페스트"
04:30,42,1466736988,"카트라이더 러쉬플러스"
04:30,43,6738163891,"뱀피르"
04:30,44,1160056295,"모바일 레전드: Bang Bang"
04:30,45,6740026253,"오피스 퀸 키우기"
04:30,46,1471486284,"한게임 포커"
04:30,47,1117270703,"eFootball™"
04:30,48,6746151928,"두근두근타운"
04:30,49,6503603603,"미스터리 타운: 합성 게임 (Mystery Town)"
04:30,50,6503272652,"라스트 Z: 서바이벌 슈터"
04:30,51,6758200096,"라그나로크M: Classic"
04:30,52,6443477650,"한게임 로얄홀덤"
04:30,53,6748432502,"랜덤 다이스 2"
04:30,54,1128255542,"리니지M(12)"
04:30,55,963067330,"쿠키런: 오븐브레이크"
04:30,56,848091833,"냥코 대전쟁"
04:30,57,947258826,"마피아42"
04:30,58,6475757306,"Disney Solitaire 디즈니 솔리테어"
04:30,59,6754679035,"히어로 랜드M"
04:30,60,6474961936,"레이싱 마스터"
04:30,61,1521236603,"Travel Town - 결합 어드벤처"
04:30,62,6755455500,"할리우드 머지"
04:30,63,6748004690,"SOL: enchant"
04:30,64,6746465127,"세포 특공대 - 전략형 타워 디펜스"
04:30,65,1520354659,"오딘: 발할라 라이징"
04:30,66,6751086804,"그놈은 드래곤"
04:30,67,1448979486,"던전앤파이터 모바일"
04:30,68,6751222389,"NBA 덩크 시티"
04:30,69,6763241219,"LUNAR：에버소울"
04:30,70,1599719154,"붕괴: 스타레일"
04:30,71,1492005122,"디아블로 이모탈"
04:30,72,6502326151,"카오스 제로 나이트메어"
04:30,73,6740621218,"갓깨비 키우기"
04:30,74,6746192853,"변신 키우기"
04:30,75,898986747,"좀비고등학교"
04:30,76,6757381033,"2026 프로야구GO!"
04:30,77,1616108452,"우마무스메 프리티 더비"
04:30,78,6752886832,"호텔 레거시"
04:30,79,1176027022,"Toon Blast"
04:30,80,6786589102,"티니핑 매직 매치"
04:30,81,6759822089,"오늘의 꽃 : 진짜 꽃을 키우는 게임"
04:30,82,1053012308,"클래시 로얄 (Clash Royale)"
04:30,83,6448719154,"레이븐2"
04:30,84,6740189002,"갤럭시 디펜스(Galaxy Defense)"
04:30,85,6753862216,"푸드스타（Foodstars）: 합쳐서 요리하기"
04:30,86,6749302379,"동방 찻집"
04:30,87,1635712706,"슬레이어 키우기"
04:30,88,6479970832,"포켓몬 카드 게임 Pocket"
04:30,89,6670441558,"Dark War:Survival"
04:30,90,6736896540,"헬로키티 마이 드림 스토어"
04:30,91,664575829,"피쉬돔 (Fishdom)"
04:30,92,1640203623,"작혼: 리치 마작"
04:30,93,1582390510,"한게임포커 클래식 - 7포커 홀덤 섯다 훌라 슬롯"
04:30,94,6759914688,"냥찍 히어로즈 : 방치형 RPG"
04:30,95,6483252725,"몬길: STAR DIVE"
04:30,96,1509450845,"쿠키런: 킹덤"
04:30,97,1458568643,"피망 뉴맞고 : 고스톱으로 대한민국 1등"
04:30,98,6462846417,"MLB 클러치 히트 베이스볼 26"
04:30,99,1580691683,"MLB 9이닝스 라이벌 26"
04:30,100,1470173983,"AION2"
04:30,101,1347780764,"Identity V -제5인격"
04:30,102,1166415380,"풀팟 홀덤 포커: 텍사스 홀덤, 오마하, 토너먼트"
04:30,103,6444043291,"Domino Dreams™"
04:30,104,608808713,"쿠키런"
04:30,105,6767834940,"탑 로드"
04:30,106,6737595599,"파운데이션: 우주 전선"
04:30,107,6450953550,"탑 히어로즈: 영웅의 시대"
04:30,108,6761749975,"토이 삼국"
04:30,109,880551258,"컴투스프로야구2026"
04:30,110,1571873795,"블루 아카이브"
04:30,111,6756058501,"젤리 버스터즈: 퍼즐 게임"
04:30,112,1484442152,"머지 맨션: 퍼즐과 스토리"
04:30,113,1241893973,"페이트/그랜드 오더"
04:30,114,6760754315,"꿈의 여행자: 별빛 여정"
04:30,115,6776989094,"블라이트 워 : 방치형 RPG"
04:30,116,529479190,"클래시 오브 클랜"
04:30,117,6752672568,"Block Out! - Color Sort Puzzle"
04:30,118,1597760047,"OneState RP: 온라인 롤플레잉"
04:30,119,6476336847,"피망 쇼다운 홀덤 : 텍사스 홀덤, 포커, 토너먼트"
04:30,120,1376515087,"Age of Origins:Tower Defense"
04:30,121,6760743106,"천마지만 삼국지에서 무쌍중입니다"
04:30,122,1444980563,"리니지W"
04:30,123,1468063069,"피망 포커"
04:30,124,6476731203,"건틀렛: 신규 서버 오픈!"
04:30,125,6752369665,"Haunted Merge: Horror Story"
04:30,126,6443760593,"좀비 웨이브스"
04:30,127,1343688545,"ONE PIECE Bounty Rush"
04:30,128,1517783697,"원신-스네즈나야 오픈"
04:30,129,1516727770,"마구마구 2026: 풀체인지"
04:30,130,6740966864,"딸깍 다이스"
04:30,131,6444598069,"나이트 크로우"
04:30,132,6737408689,"스톤에이지 키우기"
04:30,133,6443468110,"러브앤딥스페이스"
04:30,134,6746636289,"Forge Master – Idle RPG"
04:30,135,6747957875,"Family Go! - 대를 잇는 인생 시뮬레이션"
04:30,136,479516143,"Minecraft 온라인으로 친구들과 함께 플레이하세요"
04:30,137,6744885861,"스타일라잇: 3D 패션 시뮬레이션"
04:30,138,6740043080,"Screwdom : 나사와 볼트 퍼즐"
04:30,139,6502820653,"궁수의 전설2"
04:30,140,1484468651,"Dice Dreams™ 다이스 드림"
04:30,141,6756558621,"킹덤2: 타오르는 전장"
04:30,142,1628970855,"AFK: 새로운 여정"
04:30,143,1449552940,"일곱 개의 대죄: GRAND CROSS"
04:30,144,6504332779,"Color Block Jam"
04:30,145,6741889270,"픽셀 법사 키우기 : 방치형 RPG"
04:30,146,6443824730,"트릭컬 리바이브"
04:30,147,6760125313,"희비전 리버스"
04:30,148,6467117398,"버섯커 키우기"
04:30,149,6754229264,"임진왜란: 조선의 반격"
04:30,150,6762203850,"바르디안: Vardian"
04:30,151,6566177585,"나 혼자 만렙 키우기"
04:30,152,6740848451,"RF 온라인 넥스트"
04:30,153,6472396866,"연운"
04:30,154,1478227443,"리니지2M"
04:30,155,1371565796,"레이드: 그림자의 전설"
04:30,156,6754373623,"소울 헌터 키우기 : 방치형 RPG"
04:30,157,6758072393,"추락한 아름다움: 머지&스토리"
04:30,158,6760822948,"더 코지 플로리스트"
04:30,159,6475925341,"주술회전 팬텀 퍼레이드"
04:30,160,6449023119,"리버스: 1999"
04:30,161,6457256716,"Total Football - 2026 북중미 시즌"
04:30,162,6741503079,"Pokémon Champions"
04:30,163,6444112366,"Limbus Company"
04:30,164,1481802531,"이사만루26"
04:30,165,6738469826,"랜드 오브 제일"
04:30,166,6757722046,"Butcher hero: hook'n'chew RPG"
04:30,167,1483058899,"Project Makeover"
04:30,168,1203100009,"클럽오디션"
04:30,169,6756641249,"hololive Dreams"
04:30,170,1462911602,"Dream League Soccer 2026"
04:30,171,6748741504,"에르피스"
04:30,172,6759585981,"별별 히어로: 영웅 다있소"
04:30,173,6767155768,"현상금 해적단 키우기"
04:30,174,6758827442,"히간: 이루실"
04:30,175,955705796,"MARVEL 퓨처파이트"
04:30,176,6746328263,"Castle Busters"
04:30,177,6751056652,"Pixel Flow!"
04:30,178,852912420,"서머너즈 워 X 장송의 프리렌"
04:30,179,880047117,"앵그리버드 2 (Angry Birds 2)"
04:30,180,6752554540,"가이더스 원"
04:30,181,1668036690,"우파루 오딧세이"
04:30,182,6740899070,"플랜티스와 좀비깡패"
04:30,183,1480616748,"전략적 팀 전투: 리그 오브 레전드 전략 게임"
04:30,184,1158967485,"Hero Wars: Alliance 에픽 영웅 RPG"
04:30,185,1551772053,"퍼즐 오브 Z"
04:30,186,6756247787,"디지몬 UP"
04:30,187,6739345737,"팰몬: 서바이벌"
04:30,188,409687884,"팔라독(Paladog)"
04:30,189,6755585789,"템빨용사: 픽셀 아이템 머지 RPG"
04:30,190,6499177365,"킹 오브 파이터 AFK"
04:30,191,1473424424,"한게임 신맞고 : 대한민국 원조 고스톱"
04:30,192,6749132002,"빠지냥! (Drop the Cat)"
04:30,193,6754012129,"우와 모험단"
04:30,194,6692615881,"SD건담 지 제네레이션 이터널"
04:30,195,1311102174,"위 베어 베어스 더 퍼즐 : 퍼즐게임"
04:30,196,6451399876,"Delta Force"
04:30,197,6757690255,"윈드러너 키우기"
04:30,198,1660850121,"대항해시대 오리진"
04:30,199,6466373096,"동글동글 거위헬스장"
04:30,200,1473903308,"명일방주"
05:00,1,6739616715,"메이플 키우기"
05:00,2,6503702666,"협타디: 협동 타워 디펜스"
05:00,3,6443575749,"WOS: 화이트아웃 서바이벌"
05:00,4,1623318294,"가십하버: 합성 & 스토리 게임"
05:00,5,6475033368,"명조:워더링 웨이브"
05:00,6,1273957743,"EA SPORTS FC Online M"
05:00,7,1458848044,"컴투스프로야구V26"
05:00,8,1482155847,"로얄 매치 (Royal Match)"
05:00,9,1474589366,"리니지M"
05:00,10,6749251466,"쿠키런 키우기 - 쿠키런: 크럼블"
05:00,11,6482291732,"운빨존많겜"
05:00,12,6739554056,"킹샷:Kingshot"
05:00,13,6471045672,"테이스티 트레블: 합성 게임"
05:00,14,1478371252,"FC 모바일"
05:00,15,6443755785,"씨사이드 익스케이프: 합성 & 스토리 게임"
05:00,16,1105855019,"Gardenscapes"
05:00,17,1585915174,"승리의 여신: 니케"
05:00,18,1441742921,"마비노기 모바일"
05:00,19,1094591345,"Pokémon GO"
05:00,20,6762442041,"열혈강호: 넥스트"
05:00,21,6448786147,"라스트 워: 서바이벌"
05:00,22,638689075,"꿈의 마을 (Township)"
05:00,23,1366526331,"배틀그라운드"
05:00,24,6499562253,"드래곤빌리지3 - 100일 이벤트!"
05:00,25,6618142292,"핫레스토랑: 머지&쿠킹"
05:00,26,1195621598,"Homescapes: Match 3 Games"
05:00,27,6757360957,"삼국지: 천하결전"
05:00,28,1480616990,"리그 오브 레전드: 와일드 리프트"
05:00,29,1133463693,"메이플스토리M"
05:00,30,1606356401,"젠레스 존 제로 - 주년 기념"
05:00,31,1471942989,"한게임 섯다&맞고"
05:00,32,1507872328,"WPL : 홀덤, 토너먼트, 오마하, 올인폴드, 픽앤고"
05:00,33,6754593077,"이환"
05:00,34,1643509748,"머지 쿠킹 테마 레스토랑（Merge Cooking）"
05:00,35,553834731,"캔디크러쉬사가"
05:00,36,6479595079,"세븐나이츠 리버스"
05:00,37,1229016807,"브롤스타즈"
05:00,38,1606549505,"로얄 킹덤 (Royal Kingdom)"
05:00,39,6446516059,"캣 히어로 : 방치형 RPG"
05:00,40,6764201639,"총잡이 고양이 - 방치형 키우기"
05:00,41,6756989323,"라스트 어사일럼: 페스트"
05:00,42,1466736988,"카트라이더 러쉬플러스"
05:00,43,6738163891,"뱀피르"
05:00,44,1160056295,"모바일 레전드: Bang Bang"
05:00,45,6740026253,"오피스 퀸 키우기"
05:00,46,1471486284,"한게임 포커"
05:00,47,1117270703,"eFootball™"
05:00,48,6746151928,"두근두근타운"
05:00,49,6503603603,"미스터리 타운: 합성 게임 (Mystery Town)"
05:00,50,6503272652,"라스트 Z: 서바이벌 슈터"
05:00,51,6758200096,"라그나로크M: Classic"
05:00,52,6443477650,"한게임 로얄홀덤"
05:00,53,6748432502,"랜덤 다이스 2"
05:00,54,1128255542,"리니지M(12)"
05:00,55,963067330,"쿠키런: 오븐브레이크"
05:00,56,848091833,"냥코 대전쟁"
05:00,57,947258826,"마피아42"
05:00,58,6475757306,"Disney Solitaire 디즈니 솔리테어"
05:00,59,6754679035,"히어로 랜드M"
05:00,60,6474961936,"레이싱 마스터"
05:00,61,1521236603,"Travel Town - 결합 어드벤처"
05:00,62,6755455500,"할리우드 머지"
05:00,63,6748004690,"SOL: enchant"
05:00,64,6746465127,"세포 특공대 - 전략형 타워 디펜스"
05:00,65,1520354659,"오딘: 발할라 라이징"
05:00,66,6751086804,"그놈은 드래곤"
05:00,67,1448979486,"던전앤파이터 모바일"
05:00,68,6751222389,"NBA 덩크 시티"
05:00,69,6763241219,"LUNAR：에버소울"
05:00,70,1599719154,"붕괴: 스타레일"
05:00,71,1492005122,"디아블로 이모탈"
05:00,72,6502326151,"카오스 제로 나이트메어"
05:00,73,6740621218,"갓깨비 키우기"
05:00,74,6746192853,"변신 키우기"
05:00,75,898986747,"좀비고등학교"
05:00,76,6757381033,"2026 프로야구GO!"
05:00,77,1616108452,"우마무스메 프리티 더비"
05:00,78,6752886832,"호텔 레거시"
05:00,79,1176027022,"Toon Blast"
05:00,80,6786589102,"티니핑 매직 매치"
05:00,81,6759822089,"오늘의 꽃 : 진짜 꽃을 키우는 게임"
05:00,82,1053012308,"클래시 로얄 (Clash Royale)"
05:00,83,6448719154,"레이븐2"
05:00,84,6740189002,"갤럭시 디펜스(Galaxy Defense)"
05:00,85,6753862216,"푸드스타（Foodstars）: 합쳐서 요리하기"
05:00,86,6749302379,"동방 찻집"
05:00,87,1635712706,"슬레이어 키우기"
05:00,88,6479970832,"포켓몬 카드 게임 Pocket"
05:00,89,6670441558,"Dark War:Survival"
05:00,90,6736896540,"헬로키티 마이 드림 스토어"
05:00,91,664575829,"피쉬돔 (Fishdom)"
05:00,92,1640203623,"작혼: 리치 마작"
05:00,93,1582390510,"한게임포커 클래식 - 7포커 홀덤 섯다 훌라 슬롯"
05:00,94,6759914688,"냥찍 히어로즈 : 방치형 RPG"
05:00,95,6483252725,"몬길: STAR DIVE"
05:00,96,1509450845,"쿠키런: 킹덤"
05:00,97,1458568643,"피망 뉴맞고 : 고스톱으로 대한민국 1등"
05:00,98,6462846417,"MLB 클러치 히트 베이스볼 26"
05:00,99,1580691683,"MLB 9이닝스 라이벌 26"
05:00,100,1470173983,"AION2"
05:00,101,1347780764,"Identity V -제5인격"
05:00,102,1166415380,"풀팟 홀덤 포커: 텍사스 홀덤, 오마하, 토너먼트"
05:00,103,6444043291,"Domino Dreams™"
05:00,104,608808713,"쿠키런"
05:00,105,6767834940,"탑 로드"
05:00,106,6737595599,"파운데이션: 우주 전선"
05:00,107,6450953550,"탑 히어로즈: 영웅의 시대"
05:00,108,6761749975,"토이 삼국"
05:00,109,880551258,"컴투스프로야구2026"
05:00,110,1571873795,"블루 아카이브"
05:00,111,6756058501,"젤리 버스터즈: 퍼즐 게임"
05:00,112,1484442152,"머지 맨션: 퍼즐과 스토리"
05:00,113,1241893973,"페이트/그랜드 오더"
05:00,114,6760754315,"꿈의 여행자: 별빛 여정"
05:00,115,6776989094,"블라이트 워 : 방치형 RPG"
05:00,116,529479190,"클래시 오브 클랜"
05:00,117,6752672568,"Block Out! - Color Sort Puzzle"
05:00,118,1597760047,"OneState RP: 온라인 롤플레잉"
05:00,119,6476336847,"피망 쇼다운 홀덤 : 텍사스 홀덤, 포커, 토너먼트"
05:00,120,1376515087,"Age of Origins:Tower Defense"
05:00,121,6760743106,"천마지만 삼국지에서 무쌍중입니다"
05:00,122,1444980563,"리니지W"
05:00,123,1468063069,"피망 포커"
05:00,124,6476731203,"건틀렛: 신규 서버 오픈!"
05:00,125,6752369665,"Haunted Merge: Horror Story"
05:00,126,6443760593,"좀비 웨이브스"
05:00,127,1343688545,"ONE PIECE Bounty Rush"
05:00,128,1517783697,"원신-스네즈나야 오픈"
05:00,129,1516727770,"마구마구 2026: 풀체인지"
05:00,130,6740966864,"딸깍 다이스"
05:00,131,6444598069,"나이트 크로우"
05:00,132,6737408689,"스톤에이지 키우기"
05:00,133,6443468110,"러브앤딥스페이스"
05:00,134,6746636289,"Forge Master – Idle RPG"
05:00,135,6747957875,"Family Go! - 대를 잇는 인생 시뮬레이션"
05:00,136,479516143,"Minecraft 온라인으로 친구들과 함께 플레이하세요"
05:00,137,6744885861,"스타일라잇: 3D 패션 시뮬레이션"
05:00,138,6740043080,"Screwdom : 나사와 볼트 퍼즐"
05:00,139,6502820653,"궁수의 전설2"
05:00,140,1484468651,"Dice Dreams™ 다이스 드림"
05:00,141,6756558621,"킹덤2: 타오르는 전장"
05:00,142,1628970855,"AFK: 새로운 여정"
05:00,143,1449552940,"일곱 개의 대죄: GRAND CROSS"
05:00,144,6504332779,"Color Block Jam"
05:00,145,6741889270,"픽셀 법사 키우기 : 방치형 RPG"
05:00,146,6443824730,"트릭컬 리바이브"
05:00,147,6760125313,"희비전 리버스"
05:00,148,6467117398,"버섯커 키우기"
05:00,149,6754229264,"임진왜란: 조선의 반격"
05:00,150,6762203850,"바르디안: Vardian"
05:00,151,6566177585,"나 혼자 만렙 키우기"
05:00,152,6740848451,"RF 온라인 넥스트"
05:00,153,6472396866,"연운"
05:00,154,1478227443,"리니지2M"
05:00,155,1371565796,"레이드: 그림자의 전설"
05:00,156,6754373623,"소울 헌터 키우기 : 방치형 RPG"
05:00,157,6758072393,"추락한 아름다움: 머지&스토리"
05:00,158,6760822948,"더 코지 플로리스트"
05:00,159,6475925341,"주술회전 팬텀 퍼레이드"
05:00,160,6449023119,"리버스: 1999"
05:00,161,6457256716,"Total Football - 2026 북중미 시즌"
05:00,162,6741503079,"Pokémon Champions"
05:00,163,6444112366,"Limbus Company"
05:00,164,1481802531,"이사만루26"
05:00,165,6738469826,"랜드 오브 제일"
05:00,166,6757722046,"Butcher hero: hook'n'chew RPG"
05:00,167,1483058899,"Project Makeover"
05:00,168,1203100009,"클럽오디션"
05:00,169,6756641249,"hololive Dreams"
05:00,170,1462911602,"Dream League Soccer 2026"
05:00,171,6748741504,"에르피스"
05:00,172,6759585981,"별별 히어로: 영웅 다있소"
05:00,173,6767155768,"현상금 해적단 키우기"
05:00,174,6758827442,"히간: 이루실"
05:00,175,955705796,"MARVEL 퓨처파이트"
05:00,176,6746328263,"Castle Busters"
05:00,177,6751056652,"Pixel Flow!"
05:00,178,852912420,"서머너즈 워 X 장송의 프리렌"
05:00,179,880047117,"앵그리버드 2 (Angry Birds 2)"
05:00,180,6752554540,"가이더스 원"
05:00,181,1668036690,"우파루 오딧세이"
05:00,182,6740899070,"플랜티스와 좀비깡패"
05:00,183,1480616748,"전략적 팀 전투: 리그 오브 레전드 전략 게임"
05:00,184,1158967485,"Hero Wars: Alliance 에픽 영웅 RPG"
05:00,185,1551772053,"퍼즐 오브 Z"
05:00,186,6756247787,"디지몬 UP"
05:00,187,6739345737,"팰몬: 서바이벌"
05:00,188,409687884,"팔라독(Paladog)"
05:00,189,6755585789,"템빨용사: 픽셀 아이템 머지 RPG"
05:00,190,6499177365,"킹 오브 파이터 AFK"
05:00,191,1473424424,"한게임 신맞고 : 대한민국 원조 고스톱"
05:00,192,6749132002,"빠지냥! (Drop the Cat)"
05:00,193,6754012129,"우와 모험단"
05:00,194,6692615881,"SD건담 지 제네레이션 이터널"
05:00,195,1311102174,"위 베어 베어스 더 퍼즐 : 퍼즐게임"
05:00,196,6451399876,"Delta Force"
05:00,197,6757690255,"윈드러너 키우기"
05:00,198,1660850121,"대항해시대 오리진"
05:00,199,6466373096,"동글동글 거위헬스장"
05:00,200,1473903308,"명일방주"
06:00,1,6739616715,"메이플 키우기"
06:00,2,6503702666,"협타디: 협동 타워 디펜스"
06:00,3,6443575749,"WOS: 화이트아웃 서바이벌"
06:00,4,1623318294,"가십하버: 합성 & 스토리 게임"
06:00,5,6475033368,"명조:워더링 웨이브"
06:00,6,1273957743,"EA SPORTS FC Online M"
06:00,7,1458848044,"컴투스프로야구V26"
06:00,8,1482155847,"로얄 매치 (Royal Match)"
06:00,9,1474589366,"리니지M"
06:00,10,6749251466,"쿠키런 키우기 - 쿠키런: 크럼블"
06:00,11,6482291732,"운빨존많겜"
06:00,12,6739554056,"킹샷:Kingshot"
06:00,13,6471045672,"테이스티 트레블: 합성 게임"
06:00,14,1478371252,"FC 모바일"
06:00,15,6443755785,"씨사이드 익스케이프: 합성 & 스토리 게임"
06:00,16,1105855019,"Gardenscapes"
06:00,17,1585915174,"승리의 여신: 니케"
06:00,18,1441742921,"마비노기 모바일"
06:00,19,1094591345,"Pokémon GO"
06:00,20,6762442041,"열혈강호: 넥스트"
06:00,21,6448786147,"라스트 워: 서바이벌"
06:00,22,638689075,"꿈의 마을 (Township)"
06:00,23,1366526331,"배틀그라운드"
06:00,24,6499562253,"드래곤빌리지3 - 100일 이벤트!"
06:00,25,6618142292,"핫레스토랑: 머지&쿠킹"
06:00,26,1195621598,"Homescapes: Match 3 Games"
06:00,27,6757360957,"삼국지: 천하결전"
06:00,28,1480616990,"리그 오브 레전드: 와일드 리프트"
06:00,29,1133463693,"메이플스토리M"
06:00,30,1606356401,"젠레스 존 제로 - 주년 기념"
06:00,31,1471942989,"한게임 섯다&맞고"
06:00,32,1507872328,"WPL : 홀덤, 토너먼트, 오마하, 올인폴드, 픽앤고"
06:00,33,6754593077,"이환"
06:00,34,1643509748,"머지 쿠킹 테마 레스토랑（Merge Cooking）"
06:00,35,553834731,"캔디크러쉬사가"
06:00,36,6479595079,"세븐나이츠 리버스"
06:00,37,1229016807,"브롤스타즈"
06:00,38,1606549505,"로얄 킹덤 (Royal Kingdom)"
06:00,39,6446516059,"캣 히어로 : 방치형 RPG"
06:00,40,6764201639,"총잡이 고양이 - 방치형 키우기"
06:00,41,6756989323,"라스트 어사일럼: 페스트"
06:00,42,1466736988,"카트라이더 러쉬플러스"
06:00,43,6738163891,"뱀피르"
06:00,44,1160056295,"모바일 레전드: Bang Bang"
06:00,45,6740026253,"오피스 퀸 키우기"
06:00,46,1471486284,"한게임 포커"
06:00,47,1117270703,"eFootball™"
06:00,48,6746151928,"두근두근타운"
06:00,49,6503603603,"미스터리 타운: 합성 게임 (Mystery Town)"
06:00,50,6503272652,"라스트 Z: 서바이벌 슈터"
06:00,51,6758200096,"라그나로크M: Classic"
06:00,52,6443477650,"한게임 로얄홀덤"
06:00,53,6748432502,"랜덤 다이스 2"
06:00,54,1128255542,"리니지M(12)"
06:00,55,963067330,"쿠키런: 오븐브레이크"
06:00,56,848091833,"냥코 대전쟁"
06:00,57,947258826,"마피아42"
06:00,58,6475757306,"Disney Solitaire 디즈니 솔리테어"
06:00,59,6754679035,"히어로 랜드M"
06:00,60,6474961936,"레이싱 마스터"
06:00,61,1521236603,"Travel Town - 결합 어드벤처"
06:00,62,6755455500,"할리우드 머지"
06:00,63,6748004690,"SOL: enchant"
06:00,64,6746465127,"세포 특공대 - 전략형 타워 디펜스"
06:00,65,1520354659,"오딘: 발할라 라이징"
06:00,66,6751086804,"그놈은 드래곤"
06:00,67,1448979486,"던전앤파이터 모바일"
06:00,68,6751222389,"NBA 덩크 시티"
06:00,69,6763241219,"LUNAR：에버소울"
06:00,70,1599719154,"붕괴: 스타레일"
06:00,71,1492005122,"디아블로 이모탈"
06:00,72,6502326151,"카오스 제로 나이트메어"
06:00,73,6740621218,"갓깨비 키우기"
06:00,74,6746192853,"변신 키우기"
06:00,75,898986747,"좀비고등학교"
06:00,76,6757381033,"2026 프로야구GO!"
06:00,77,1616108452,"우마무스메 프리티 더비"
06:00,78,6752886832,"호텔 레거시"
06:00,79,1176027022,"Toon Blast"
06:00,80,6786589102,"티니핑 매직 매치"
06:00,81,6759822089,"오늘의 꽃 : 진짜 꽃을 키우는 게임"
06:00,82,1053012308,"클래시 로얄 (Clash Royale)"
06:00,83,6448719154,"레이븐2"
06:00,84,6740189002,"갤럭시 디펜스(Galaxy Defense)"
06:00,85,6753862216,"푸드스타（Foodstars）: 합쳐서 요리하기"
06:00,86,6749302379,"동방 찻집"
06:00,87,1635712706,"슬레이어 키우기"
06:00,88,6479970832,"포켓몬 카드 게임 Pocket"
06:00,89,6670441558,"Dark War:Survival"
06:00,90,6736896540,"헬로키티 마이 드림 스토어"
06:00,91,664575829,"피쉬돔 (Fishdom)"
06:00,92,1640203623,"작혼: 리치 마작"
06:00,93,1582390510,"한게임포커 클래식 - 7포커 홀덤 섯다 훌라 슬롯"
06:00,94,6759914688,"냥찍 히어로즈 : 방치형 RPG"
06:00,95,6483252725,"몬길: STAR DIVE"
06:00,96,1509450845,"쿠키런: 킹덤"
06:00,97,1458568643,"피망 뉴맞고 : 고스톱으로 대한민국 1등"
06:00,98,6462846417,"MLB 클러치 히트 베이스볼 26"
06:00,99,1580691683,"MLB 9이닝스 라이벌 26"
06:00,100,1470173983,"AION2"
06:00,101,1347780764,"Identity V -제5인격"
06:00,102,1166415380,"풀팟 홀덤 포커: 텍사스 홀덤, 오마하, 토너먼트"
06:00,103,6444043291,"Domino Dreams™"
06:00,104,608808713,"쿠키런"
06:00,105,6767834940,"탑 로드"
06:00,106,6737595599,"파운데이션: 우주 전선"
06:00,107,6450953550,"탑 히어로즈: 영웅의 시대"
06:00,108,6761749975,"토이 삼국"
06:00,109,880551258,"컴투스프로야구2026"
06:00,110,1571873795,"블루 아카이브"
06:00,111,6756058501,"젤리 버스터즈: 퍼즐 게임"
06:00,112,1484442152,"머지 맨션: 퍼즐과 스토리"
06:00,113,1241893973,"페이트/그랜드 오더"
06:00,114,6760754315,"꿈의 여행자: 별빛 여정"
06:00,115,6776989094,"블라이트 워 : 방치형 RPG"
06:00,116,529479190,"클래시 오브 클랜"
06:00,117,6752672568,"Block Out! - Color Sort Puzzle"
06:00,118,1597760047,"OneState RP: 온라인 롤플레잉"
06:00,119,6476336847,"피망 쇼다운 홀덤 : 텍사스 홀덤, 포커, 토너먼트"
06:00,120,1376515087,"Age of Origins:Tower Defense"
06:00,121,6760743106,"천마지만 삼국지에서 무쌍중입니다"
06:00,122,1444980563,"리니지W"
06:00,123,1468063069,"피망 포커"
06:00,124,6476731203,"건틀렛: 신규 서버 오픈!"
06:00,125,6752369665,"Haunted Merge: Horror Story"
06:00,126,6443760593,"좀비 웨이브스"
06:00,127,1343688545,"ONE PIECE Bounty Rush"
06:00,128,1517783697,"원신-스네즈나야 오픈"
06:00,129,1516727770,"마구마구 2026: 풀체인지"
06:00,130,6740966864,"딸깍 다이스"
06:00,131,6444598069,"나이트 크로우"
06:00,132,6737408689,"스톤에이지 키우기"
06:00,133,6443468110,"러브앤딥스페이스"
06:00,134,6746636289,"Forge Master – Idle RPG"
06:00,135,6747957875,"Family Go! - 대를 잇는 인생 시뮬레이션"
06:00,136,479516143,"Minecraft 온라인으로 친구들과 함께 플레이하세요"
06:00,137,6744885861,"스타일라잇: 3D 패션 시뮬레이션"
06:00,138,6740043080,"Screwdom : 나사와 볼트 퍼즐"
06:00,139,6502820653,"궁수의 전설2"
06:00,140,1484468651,"Dice Dreams™ 다이스 드림"
06:00,141,6756558621,"킹덤2: 타오르는 전장"
06:00,142,1628970855,"AFK: 새로운 여정"
06:00,143,1449552940,"일곱 개의 대죄: GRAND CROSS"
06:00,144,6504332779,"Color Block Jam"
06:00,145,6741889270,"픽셀 법사 키우기 : 방치형 RPG"
06:00,146,6443824730,"트릭컬 리바이브"
06:00,147,6760125313,"희비전 리버스"
06:00,148,6467117398,"버섯커 키우기"
06:00,149,6754229264,"임진왜란: 조선의 반격"
06:00,150,6762203850,"바르디안: Vardian"
06:00,151,6566177585,"나 혼자 만렙 키우기"
06:00,152,6740848451,"RF 온라인 넥스트"
06:00,153,6472396866,"연운"
06:00,154,1478227443,"리니지2M"
06:00,155,1371565796,"레이드: 그림자의 전설"
06:00,156,6754373623,"소울 헌터 키우기 : 방치형 RPG"
06:00,157,6758072393,"추락한 아름다움: 머지&스토리"
06:00,158,6760822948,"더 코지 플로리스트"
06:00,159,6475925341,"주술회전 팬텀 퍼레이드"
06:00,160,6449023119,"리버스: 1999"
06:00,161,6457256716,"Total Football - 2026 북중미 시즌"
06:00,162,6741503079,"Pokémon Champions"
06:00,163,6444112366,"Limbus Company"
06:00,164,1481802531,"이사만루26"
06:00,165,6738469826,"랜드 오브 제일"
06:00,166,6757722046,"Butcher hero: hook'n'chew RPG"
06:00,167,1483058899,"Project Makeover"
06:00,168,1203100009,"클럽오디션"
06:00,169,6756641249,"hololive Dreams"
06:00,170,1462911602,"Dream League Soccer 2026"
06:00,171,6748741504,"에르피스"
06:00,172,6759585981,"별별 히어로: 영웅 다있소"
06:00,173,6767155768,"현상금 해적단 키우기"
06:00,174,6758827442,"히간: 이루실"
06:00,175,955705796,"MARVEL 퓨처파이트"
06:00,176,6746328263,"Castle Busters"
06:00,177,6751056652,"Pixel Flow!"
06:00,178,852912420,"서머너즈 워 X 장송의 프리렌"
06:00,179,880047117,"앵그리버드 2 (Angry Birds 2)"
06:00,180,6752554540,"가이더스 원"
06:00,181,1668036690,"우파루 오딧세이"
06:00,182,6740899070,"플랜티스와 좀비깡패"
06:00,183,1480616748,"전략적 팀 전투: 리그 오브 레전드 전략 게임"
06:00,184,1158967485,"Hero Wars: Alliance 에픽 영웅 RPG"
06:00,185,1551772053,"퍼즐 오브 Z"
06:00,186,6756247787,"디지몬 UP"
06:00,187,6739345737,"팰몬: 서바이벌"
06:00,188,409687884,"팔라독(Paladog)"
06:00,189,6755585789,"템빨용사: 픽셀 아이템 머지 RPG"
06:00,190,6499177365,"킹 오브 파이터 AFK"
06:00,191,1473424424,"한게임 신맞고 : 대한민국 원조 고스톱"
06:00,192,6749132002,"빠지냥! (Drop the Cat)"
06:00,193,6754012129,"우와 모험단"
06:00,194,6692615881,"SD건담 지 제네레이션 이터널"
06:00,195,1311102174,"위 베어 베어스 더 퍼즐 : 퍼즐게임"
06:00,196,6451399876,"Delta Force"
06:00,197,6757690255,"윈드러너 키우기"
06:00,198,1660850121,"대항해시대 오리진"
06:00,199,6466373096,"동글동글 거위헬스장"
06:00,200,1473903308,"명일방주"
07:00,1,6739616715,"메이플 키우기"
07:00,2,6503702666,"협타디: 협동 타워 디펜스"
07:00,3,6443575749,"WOS: 화이트아웃 서바이벌"
07:00,4,1623318294,"가십하버: 합성 & 스토리 게임"
07:00,5,6475033368,"명조:워더링 웨이브"
07:00,6,1273957743,"EA SPORTS FC Online M"
07:00,7,1458848044,"컴투스프로야구V26"
07:00,8,1482155847,"로얄 매치 (Royal Match)"
07:00,9,1474589366,"리니지M"
07:00,10,6749251466,"쿠키런 키우기 - 쿠키런: 크럼블"
07:00,11,6482291732,"운빨존많겜"
07:00,12,6739554056,"킹샷:Kingshot"
07:00,13,6471045672,"테이스티 트레블: 합성 게임"
07:00,14,1478371252,"FC 모바일"
07:00,15,6443755785,"씨사이드 익스케이프: 합성 & 스토리 게임"
07:00,16,1105855019,"Gardenscapes"
07:00,17,1585915174,"승리의 여신: 니케"
07:00,18,1441742921,"마비노기 모바일"
07:00,19,1094591345,"Pokémon GO"
07:00,20,6762442041,"열혈강호: 넥스트"
07:00,21,6448786147,"라스트 워: 서바이벌"
07:00,22,638689075,"꿈의 마을 (Township)"
07:00,23,1366526331,"배틀그라운드"
07:00,24,6499562253,"드래곤빌리지3 - 100일 이벤트!"
07:00,25,6618142292,"핫레스토랑: 머지&쿠킹"
07:00,26,1195621598,"Homescapes: Match 3 Games"
07:00,27,6757360957,"삼국지: 천하결전"
07:00,28,1480616990,"리그 오브 레전드: 와일드 리프트"
07:00,29,1133463693,"메이플스토리M"
07:00,30,1606356401,"젠레스 존 제로 - 주년 기념"
07:00,31,1471942989,"한게임 섯다&맞고"
07:00,32,1507872328,"WPL : 홀덤, 토너먼트, 오마하, 올인폴드, 픽앤고"
07:00,33,6754593077,"이환"
07:00,34,1643509748,"머지 쿠킹 테마 레스토랑（Merge Cooking）"
07:00,35,553834731,"캔디크러쉬사가"
07:00,36,6479595079,"세븐나이츠 리버스"
07:00,37,1229016807,"브롤스타즈"
07:00,38,1606549505,"로얄 킹덤 (Royal Kingdom)"
07:00,39,6446516059,"캣 히어로 : 방치형 RPG"
07:00,40,6764201639,"총잡이 고양이 - 방치형 키우기"
07:00,41,6756989323,"라스트 어사일럼: 페스트"
07:00,42,1466736988,"카트라이더 러쉬플러스"
07:00,43,6738163891,"뱀피르"
07:00,44,1160056295,"모바일 레전드: Bang Bang"
07:00,45,6740026253,"오피스 퀸 키우기"
07:00,46,1471486284,"한게임 포커"
07:00,47,1117270703,"eFootball™"
07:00,48,6746151928,"두근두근타운"
07:00,49,6503603603,"미스터리 타운: 합성 게임 (Mystery Town)"
07:00,50,6503272652,"라스트 Z: 서바이벌 슈터"
07:00,51,6758200096,"라그나로크M: Classic"
07:00,52,6443477650,"한게임 로얄홀덤"
07:00,53,6748432502,"랜덤 다이스 2"
07:00,54,1128255542,"리니지M(12)"
07:00,55,963067330,"쿠키런: 오븐브레이크"
07:00,56,848091833,"냥코 대전쟁"
07:00,57,947258826,"마피아42"
07:00,58,6475757306,"Disney Solitaire 디즈니 솔리테어"
07:00,59,6754679035,"히어로 랜드M"
07:00,60,6474961936,"레이싱 마스터"
07:00,61,1521236603,"Travel Town - 결합 어드벤처"
07:00,62,6755455500,"할리우드 머지"
07:00,63,6748004690,"SOL: enchant"
07:00,64,6746465127,"세포 특공대 - 전략형 타워 디펜스"
07:00,65,1520354659,"오딘: 발할라 라이징"
07:00,66,6751086804,"그놈은 드래곤"
07:00,67,1448979486,"던전앤파이터 모바일"
07:00,68,6751222389,"NBA 덩크 시티"
07:00,69,6763241219,"LUNAR：에버소울"
07:00,70,1599719154,"붕괴: 스타레일"
07:00,71,1492005122,"디아블로 이모탈"
07:00,72,6502326151,"카오스 제로 나이트메어"
07:00,73,6740621218,"갓깨비 키우기"
07:00,74,6746192853,"변신 키우기"
07:00,75,898986747,"좀비고등학교"
07:00,76,6757381033,"2026 프로야구GO!"
07:00,77,1616108452,"우마무스메 프리티 더비"
07:00,78,6752886832,"호텔 레거시"
07:00,79,1176027022,"Toon Blast"
07:00,80,6786589102,"티니핑 매직 매치"
07:00,81,6759822089,"오늘의 꽃 : 진짜 꽃을 키우는 게임"
07:00,82,1053012308,"클래시 로얄 (Clash Royale)"
07:00,83,6448719154,"레이븐2"
07:00,84,6740189002,"갤럭시 디펜스(Galaxy Defense)"
07:00,85,6753862216,"푸드스타（Foodstars）: 합쳐서 요리하기"
07:00,86,6749302379,"동방 찻집"
07:00,87,1635712706,"슬레이어 키우기"
07:00,88,6479970832,"포켓몬 카드 게임 Pocket"
07:00,89,6670441558,"Dark War:Survival"
07:00,90,6736896540,"헬로키티 마이 드림 스토어"
07:00,91,664575829,"피쉬돔 (Fishdom)"
07:00,92,1640203623,"작혼: 리치 마작"
07:00,93,1582390510,"한게임포커 클래식 - 7포커 홀덤 섯다 훌라 슬롯"
07:00,94,6759914688,"냥찍 히어로즈 : 방치형 RPG"
07:00,95,6483252725,"몬길: STAR DIVE"
07:00,96,1509450845,"쿠키런: 킹덤"
07:00,97,1458568643,"피망 뉴맞고 : 고스톱으로 대한민국 1등"
07:00,98,6462846417,"MLB 클러치 히트 베이스볼 26"
07:00,99,1580691683,"MLB 9이닝스 라이벌 26"
07:00,100,1470173983,"AION2"
07:00,101,1347780764,"Identity V -제5인격"
07:00,102,1166415380,"풀팟 홀덤 포커: 텍사스 홀덤, 오마하, 토너먼트"
07:00,103,6444043291,"Domino Dreams™"
07:00,104,608808713,"쿠키런"
07:00,105,6767834940,"탑 로드"
07:00,106,6737595599,"파운데이션: 우주 전선"
07:00,107,6450953550,"탑 히어로즈: 영웅의 시대"
07:00,108,6761749975,"토이 삼국"
07:00,109,880551258,"컴투스프로야구2026"
07:00,110,1571873795,"블루 아카이브"
07:00,111,6756058501,"젤리 버스터즈: 퍼즐 게임"
07:00,112,1484442152,"머지 맨션: 퍼즐과 스토리"
07:00,113,1241893973,"페이트/그랜드 오더"
07:00,114,6760754315,"꿈의 여행자: 별빛 여정"
07:00,115,6776989094,"블라이트 워 : 방치형 RPG"
07:00,116,529479190,"클래시 오브 클랜"
07:00,117,6752672568,"Block Out! - Color Sort Puzzle"
07:00,118,1597760047,"OneState RP: 온라인 롤플레잉"
07:00,119,6476336847,"피망 쇼다운 홀덤 : 텍사스 홀덤, 포커, 토너먼트"
07:00,120,1376515087,"Age of Origins:Tower Defense"
07:00,121,6760743106,"천마지만 삼국지에서 무쌍중입니다"
07:00,122,1444980563,"리니지W"
07:00,123,1468063069,"피망 포커"
07:00,124,6476731203,"건틀렛: 신규 서버 오픈!"
07:00,125,6752369665,"Haunted Merge: Horror Story"
07:00,126,6443760593,"좀비 웨이브스"
07:00,127,1343688545,"ONE PIECE Bounty Rush"
07:00,128,1517783697,"원신-스네즈나야 오픈"
07:00,129,1516727770,"마구마구 2026: 풀체인지"
07:00,130,6740966864,"딸깍 다이스"
07:00,131,6444598069,"나이트 크로우"
07:00,132,6737408689,"스톤에이지 키우기"
07:00,133,6443468110,"러브앤딥스페이스"
07:00,134,6746636289,"Forge Master – Idle RPG"
07:00,135,6747957875,"Family Go! - 대를 잇는 인생 시뮬레이션"
07:00,136,479516143,"Minecraft 온라인으로 친구들과 함께 플레이하세요"
07:00,137,6744885861,"스타일라잇: 3D 패션 시뮬레이션"
07:00,138,6740043080,"Screwdom : 나사와 볼트 퍼즐"
07:00,139,6502820653,"궁수의 전설2"
07:00,140,1484468651,"Dice Dreams™ 다이스 드림"
07:00,141,6756558621,"킹덤2: 타오르는 전장"
07:00,142,1628970855,"AFK: 새로운 여정"
07:00,143,1449552940,"일곱 개의 대죄: GRAND CROSS"
07:00,144,6504332779,"Color Block Jam"
07:00,145,6741889270,"픽셀 법사 키우기 : 방치형 RPG"
07:00,146,6443824730,"트릭컬 리바이브"
07:00,147,6760125313,"희비전 리버스"
07:00,148,6467117398,"버섯커 키우기"
07:00,149,6754229264,"임진왜란: 조선의 반격"
07:00,150,6762203850,"바르디안: Vardian"
07:00,151,6566177585,"나 혼자 만렙 키우기"
07:00,152,6740848451,"RF 온라인 넥스트"
07:00,153,6472396866,"연운"
07:00,154,1478227443,"리니지2M"
07:00,155,1371565796,"레이드: 그림자의 전설"
07:00,156,6754373623,"소울 헌터 키우기 : 방치형 RPG"
07:00,157,6758072393,"추락한 아름다움: 머지&스토리"
07:00,158,6760822948,"더 코지 플로리스트"
07:00,159,6475925341,"주술회전 팬텀 퍼레이드"
07:00,160,6449023119,"리버스: 1999"
07:00,161,6457256716,"Total Football - 2026 북중미 시즌"
07:00,162,6741503079,"Pokémon Champions"
07:00,163,6444112366,"Limbus Company"
07:00,164,1481802531,"이사만루26"
07:00,165,6738469826,"랜드 오브 제일"
07:00,166,6757722046,"Butcher hero: hook'n'chew RPG"
07:00,167,1483058899,"Project Makeover"
07:00,168,1203100009,"클럽오디션"
07:00,169,6756641249,"hololive Dreams"
07:00,170,1462911602,"Dream League Soccer 2026"
07:00,171,6748741504,"에르피스"
07:00,172,6759585981,"별별 히어로: 영웅 다있소"
07:00,173,6767155768,"현상금 해적단 키우기"
07:00,174,6758827442,"히간: 이루실"
07:00,175,955705796,"MARVEL 퓨처파이트"
07:00,176,6746328263,"Castle Busters"
07:00,177,6751056652,"Pixel Flow!"
07:00,178,852912420,"서머너즈 워 X 장송의 프리렌"
07:00,179,880047117,"앵그리버드 2 (Angry Birds 2)"
07:00,180,6752554540,"가이더스 원"
07:00,181,1668036690,"우파루 오딧세이"
07:00,182,6740899070,"플랜티스와 좀비깡패"
07:00,183,1480616748,"전략적 팀 전투: 리그 오브 레전드 전략 게임"
07:00,184,1158967485,"Hero Wars: Alliance 에픽 영웅 RPG"
07:00,185,1551772053,"퍼즐 오브 Z"
07:00,186,6756247787,"디지몬 UP"
07:00,187,6739345737,"팰몬: 서바이벌"
07:00,188,409687884,"팔라독(Paladog)"
07:00,189,6755585789,"템빨용사: 픽셀 아이템 머지 RPG"
07:00,190,6499177365,"킹 오브 파이터 AFK"
07:00,191,1473424424,"한게임 신맞고 : 대한민국 원조 고스톱"
07:00,192,6749132002,"빠지냥! (Drop the Cat)"
07:00,193,6754012129,"우와 모험단"
07:00,194,6692615881,"SD건담 지 제네레이션 이터널"
07:00,195,1311102174,"위 베어 베어스 더 퍼즐 : 퍼즐게임"
07:00,196,6451399876,"Delta Force"
07:00,197,6757690255,"윈드러너 키우기"
07:00,198,1660850121,"대항해시대 오리진"
07:00,199,6466373096,"동글동글 거위헬스장"
07:00,200,1473903308,"명일방주"
07:30,1,6739616715,"메이플 키우기"
07:30,2,6503702666,"협타디: 협동 타워 디펜스"
07:30,3,6443575749,"WOS: 화이트아웃 서바이벌"
07:30,4,1623318294,"가십하버: 합성 & 스토리 게임"
07:30,5,6475033368,"명조:워더링 웨이브"
07:30,6,1273957743,"EA SPORTS FC Online M"
07:30,7,1458848044,"컴투스프로야구V26"
07:30,8,1482155847,"로얄 매치 (Royal Match)"
07:30,9,6749251466,"쿠키런 키우기 - 쿠키런: 크럼블"
07:30,10,6482291732,"운빨존많겜"
07:30,11,1474589366,"리니지M"
07:30,12,6739554056,"킹샷:Kingshot"
07:30,13,6471045672,"테이스티 트레블: 합성 게임"
07:30,14,1478371252,"FC 모바일"
07:30,15,6443755785,"씨사이드 익스케이프: 합성 & 스토리 게임"
07:30,16,1105855019,"Gardenscapes"
07:30,17,1585915174,"승리의 여신: 니케"
07:30,18,1441742921,"마비노기 모바일"
07:30,19,1094591345,"Pokémon GO"
07:30,20,6762442041,"열혈강호: 넥스트"
07:30,21,6448786147,"라스트 워: 서바이벌"
07:30,22,1366526331,"배틀그라운드"
07:30,23,638689075,"꿈의 마을 (Township)"
07:30,24,6499562253,"드래곤빌리지3 - 100일 이벤트!"
07:30,25,1195621598,"Homescapes: Match 3 Games"
07:30,26,6618142292,"핫레스토랑: 머지&쿠킹"
07:30,27,1480616990,"리그 오브 레전드: 와일드 리프트"
07:30,28,6757360957,"삼국지: 천하결전"
07:30,29,1133463693,"메이플스토리M"
07:30,30,1471942989,"한게임 섯다&맞고"
07:30,31,1606356401,"젠레스 존 제로 - 주년 기념"
07:30,32,1507872328,"WPL : 홀덤, 토너먼트, 오마하, 올인폴드, 픽앤고"
07:30,33,1643509748,"머지 쿠킹 테마 레스토랑（Merge Cooking）"
07:30,34,6754593077,"이환"
07:30,35,553834731,"캔디크러쉬사가"
07:30,36,6479595079,"세븐나이츠 리버스"
07:30,37,1229016807,"브롤스타즈"
07:30,38,6446516059,"캣 히어로 : 방치형 RPG"
07:30,39,1606549505,"로얄 킹덤 (Royal Kingdom)"
07:30,40,6764201639,"총잡이 고양이 - 방치형 키우기"
07:30,41,1466736988,"카트라이더 러쉬플러스"
07:30,42,6756989323,"라스트 어사일럼: 페스트"
07:30,43,6738163891,"뱀피르"
07:30,44,1160056295,"모바일 레전드: Bang Bang"
07:30,45,1471486284,"한게임 포커"
07:30,46,6740026253,"오피스 퀸 키우기"
07:30,47,1117270703,"eFootball™"
07:30,48,6503603603,"미스터리 타운: 합성 게임 (Mystery Town)"
07:30,49,6746151928,"두근두근타운"
07:30,50,6758200096,"라그나로크M: Classic"
07:30,51,848091833,"냥코 대전쟁"
07:30,52,6503272652,"라스트 Z: 서바이벌 슈터"
07:30,53,947258826,"마피아42"
07:30,54,963067330,"쿠키런: 오븐브레이크"
07:30,55,6443477650,"한게임 로얄홀덤"
07:30,56,6748432502,"랜덤 다이스 2"
07:30,57,1128255542,"리니지M(12)"
07:30,58,6475757306,"Disney Solitaire 디즈니 솔리테어"
07:30,59,6754679035,"히어로 랜드M"
07:30,60,1521236603,"Travel Town - 결합 어드벤처"
07:30,61,6474961936,"레이싱 마스터"
07:30,62,6755455500,"할리우드 머지"
07:30,63,6748004690,"SOL: enchant"
07:30,64,6746465127,"세포 특공대 - 전략형 타워 디펜스"
07:30,65,1520354659,"오딘: 발할라 라이징"
07:30,66,6751222389,"NBA 덩크 시티"
07:30,67,6751086804,"그놈은 드래곤"
07:30,68,1599719154,"붕괴: 스타레일"
07:30,69,1448979486,"던전앤파이터 모바일"
07:30,70,6763241219,"LUNAR：에버소울"
07:30,71,1492005122,"디아블로 이모탈"
07:30,72,6502326151,"카오스 제로 나이트메어"
07:30,73,6746192853,"변신 키우기"
07:30,74,6740621218,"갓깨비 키우기"
07:30,75,898986747,"좀비고등학교"
07:30,76,6757381033,"2026 프로야구GO!"
07:30,77,1176027022,"Toon Blast"
07:30,78,6752886832,"호텔 레거시"
07:30,79,1616108452,"우마무스메 프리티 더비"
07:30,80,6786589102,"티니핑 매직 매치"
07:30,81,6759822089,"오늘의 꽃 : 진짜 꽃을 키우는 게임"
07:30,82,1053012308,"클래시 로얄 (Clash Royale)"
07:30,83,6448719154,"레이븐2"
07:30,84,6753862216,"푸드스타（Foodstars）: 합쳐서 요리하기"
07:30,85,6740189002,"갤럭시 디펜스(Galaxy Defense)"
07:30,86,6749302379,"동방 찻집"
07:30,87,1635712706,"슬레이어 키우기"
07:30,88,6670441558,"Dark War:Survival"
07:30,89,6736896540,"헬로키티 마이 드림 스토어"
07:30,90,6479970832,"포켓몬 카드 게임 Pocket"
07:30,91,664575829,"피쉬돔 (Fishdom)"
07:30,92,1640203623,"작혼: 리치 마작"
07:30,93,1582390510,"한게임포커 클래식 - 7포커 홀덤 섯다 훌라 슬롯"
07:30,94,1509450845,"쿠키런: 킹덤"
07:30,95,6759914688,"냥찍 히어로즈 : 방치형 RPG"
07:30,96,1458568643,"피망 뉴맞고 : 고스톱으로 대한민국 1등"
07:30,97,6483252725,"몬길: STAR DIVE"
07:30,98,6462846417,"MLB 클러치 히트 베이스볼 26"
07:30,99,1470173983,"AION2"
07:30,100,1580691683,"MLB 9이닝스 라이벌 26"
07:30,101,6767834940,"탑 로드"
07:30,102,1347780764,"Identity V -제5인격"
07:30,103,6444043291,"Domino Dreams™"
07:30,104,608808713,"쿠키런"
07:30,105,1166415380,"풀팟 홀덤 포커: 텍사스 홀덤, 오마하, 토너먼트"
07:30,106,1571873795,"블루 아카이브"
07:30,107,6761749975,"토이 삼국"
07:30,108,6737595599,"파운데이션: 우주 전선"
07:30,109,880551258,"컴투스프로야구2026"
07:30,110,6776989094,"블라이트 워 : 방치형 RPG"
07:30,111,6756058501,"젤리 버스터즈: 퍼즐 게임"
07:30,112,6450953550,"탑 히어로즈: 영웅의 시대"
07:30,113,1484442152,"머지 맨션: 퍼즐과 스토리"
07:30,114,529479190,"클래시 오브 클랜"
07:30,115,1241893973,"페이트/그랜드 오더"
07:30,116,6760754315,"꿈의 여행자: 별빛 여정"
07:30,117,6752672568,"Block Out! - Color Sort Puzzle"
07:30,118,1597760047,"OneState RP: 온라인 롤플레잉"
07:30,119,1376515087,"Age of Origins:Tower Defense"
07:30,120,6476336847,"피망 쇼다운 홀덤 : 텍사스 홀덤, 포커, 토너먼트"
07:30,121,6760743106,"천마지만 삼국지에서 무쌍중입니다"
07:30,122,1468063069,"피망 포커"
07:30,123,1516727770,"마구마구 2026: 풀체인지"
07:30,124,1444980563,"리니지W"
07:30,125,6752369665,"Haunted Merge: Horror Story"
07:30,126,6476731203,"건틀렛: 신규 서버 오픈!"
07:30,127,1517783697,"원신-스네즈나야 오픈"
07:30,128,6740966864,"딸깍 다이스"
07:30,129,6443760593,"좀비 웨이브스"
07:30,130,1343688545,"ONE PIECE Bounty Rush"
07:30,131,6444598069,"나이트 크로우"
07:30,132,6740043080,"Screwdom : 나사와 볼트 퍼즐"
07:30,133,6443468110,"러브앤딥스페이스"
07:30,134,6747957875,"Family Go! - 대를 잇는 인생 시뮬레이션"
07:30,135,479516143,"Minecraft 온라인으로 친구들과 함께 플레이하세요"
07:30,136,6737408689,"스톤에이지 키우기"
07:30,137,6475925341,"주술회전 팬텀 퍼레이드"
07:30,138,6746636289,"Forge Master – Idle RPG"
07:30,139,1484468651,"Dice Dreams™ 다이스 드림"
07:30,140,6762203850,"바르디안: Vardian"
07:30,141,1449552940,"일곱 개의 대죄: GRAND CROSS"
07:30,142,6502820653,"궁수의 전설2"
07:30,143,6744885861,"스타일라잇: 3D 패션 시뮬레이션"
07:30,144,1628970855,"AFK: 새로운 여정"
07:30,145,1371565796,"레이드: 그림자의 전설"
07:30,146,6767155768,"현상금 해적단 키우기"
07:30,147,6504332779,"Color Block Jam"
07:30,148,6741889270,"픽셀 법사 키우기 : 방치형 RPG"
07:30,149,6760125313,"희비전 리버스"
07:30,150,6756558621,"킹덤2: 타오르는 전장"
07:30,151,6443824730,"트릭컬 리바이브"
07:30,152,6740848451,"RF 온라인 넥스트"
07:30,153,6467117398,"버섯커 키우기"
07:30,154,6758072393,"추락한 아름다움: 머지&스토리"
07:30,155,6754229264,"임진왜란: 조선의 반격"
07:30,156,6754373623,"소울 헌터 키우기 : 방치형 RPG"
07:30,157,6757722046,"Butcher hero: hook'n'chew RPG"
07:30,158,6566177585,"나 혼자 만렙 키우기"
07:30,159,6741503079,"Pokémon Champions"
07:30,160,6472396866,"연운"
07:30,161,6760822948,"더 코지 플로리스트"
07:30,162,955705796,"MARVEL 퓨처파이트"
07:30,163,6444112366,"Limbus Company"
07:30,164,1478227443,"리니지2M"
07:30,165,6457256716,"Total Football - 2026 북중미 시즌"
07:30,166,6449023119,"리버스: 1999"
07:30,167,1481802531,"이사만루26"
07:30,168,6756641249,"hololive Dreams"
07:30,169,6738469826,"랜드 오브 제일"
07:30,170,1483058899,"Project Makeover"
07:30,171,1203100009,"클럽오디션"
07:30,172,6746328263,"Castle Busters"
07:30,173,880047117,"앵그리버드 2 (Angry Birds 2)"
07:30,174,1480616748,"전략적 팀 전투: 리그 오브 레전드 전략 게임"
07:30,175,1462911602,"Dream League Soccer 2026"
07:30,176,6748741504,"에르피스"
07:30,177,6751056652,"Pixel Flow!"
07:30,178,6759585981,"별별 히어로: 영웅 다있소"
07:30,179,6758827442,"히간: 이루실"
07:30,180,1668036690,"우파루 오딧세이"
07:30,181,6740899070,"플랜티스와 좀비깡패"
07:30,182,852912420,"서머너즈 워 X 장송의 프리렌"
07:30,183,6752554540,"가이더스 원"
07:30,184,409687884,"팔라독(Paladog)"
07:30,185,6756247787,"디지몬 UP"
07:30,186,6755585789,"템빨용사: 픽셀 아이템 머지 RPG"
07:30,187,1551772053,"퍼즐 오브 Z"
07:30,188,1158967485,"Hero Wars: Alliance 에픽 영웅 RPG"
07:30,189,6739345737,"팰몬: 서바이벌"
07:30,190,6692615881,"SD건담 지 제네레이션 이터널"
07:30,191,6749132002,"빠지냥! (Drop the Cat)"
07:30,192,1473424424,"한게임 신맞고 : 대한민국 원조 고스톱"
07:30,193,6499177365,"킹 오브 파이터 AFK"
07:30,194,1554247785,"Yu-Gi-Oh! Master Duel"
07:30,195,1311102174,"위 베어 베어스 더 퍼즐 : 퍼즐게임"
07:30,196,6466373096,"동글동글 거위헬스장"
07:30,197,6451399876,"Delta Force"
07:30,198,6757690255,"윈드러너 키우기"
07:30,199,6754012129,"우와 모험단"
07:30,200,1473903308,"명일방주"
08:30,1,6739616715,"메이플 키우기"
08:30,2,6503702666,"협타디: 협동 타워 디펜스"
08:30,3,6443575749,"WOS: 화이트아웃 서바이벌"
08:30,4,1623318294,"가십하버: 합성 & 스토리 게임"
08:30,5,6475033368,"명조:워더링 웨이브"
08:30,6,1273957743,"EA SPORTS FC Online M"
08:30,7,1458848044,"컴투스프로야구V26"
08:30,8,1482155847,"로얄 매치 (Royal Match)"
08:30,9,6749251466,"쿠키런 키우기 - 쿠키런: 크럼블"
08:30,10,6482291732,"운빨존많겜"
08:30,11,1474589366,"리니지M"
08:30,12,6739554056,"킹샷:Kingshot"
08:30,13,6471045672,"테이스티 트레블: 합성 게임"
08:30,14,1478371252,"FC 모바일"
08:30,15,6443755785,"씨사이드 익스케이프: 합성 & 스토리 게임"
08:30,16,1105855019,"Gardenscapes"
08:30,17,1585915174,"승리의 여신: 니케"
08:30,18,1441742921,"마비노기 모바일"
08:30,19,1094591345,"Pokémon GO"
08:30,20,6762442041,"열혈강호: 넥스트"
08:30,21,6448786147,"라스트 워: 서바이벌"
08:30,22,1366526331,"배틀그라운드"
08:30,23,638689075,"꿈의 마을 (Township)"
08:30,24,6499562253,"드래곤빌리지3 - 100일 이벤트!"
08:30,25,1195621598,"Homescapes: Match 3 Games"
08:30,26,6618142292,"핫레스토랑: 머지&쿠킹"
08:30,27,1480616990,"리그 오브 레전드: 와일드 리프트"
08:30,28,6757360957,"삼국지: 천하결전"
08:30,29,1133463693,"메이플스토리M"
08:30,30,1471942989,"한게임 섯다&맞고"
08:30,31,1606356401,"젠레스 존 제로 - 주년 기념"
08:30,32,1507872328,"WPL : 홀덤, 토너먼트, 오마하, 올인폴드, 픽앤고"
08:30,33,1643509748,"머지 쿠킹 테마 레스토랑（Merge Cooking）"
08:30,34,6754593077,"이환"
08:30,35,553834731,"캔디크러쉬사가"
08:30,36,6479595079,"세븐나이츠 리버스"
08:30,37,1229016807,"브롤스타즈"
08:30,38,6446516059,"캣 히어로 : 방치형 RPG"
08:30,39,1606549505,"로얄 킹덤 (Royal Kingdom)"
08:30,40,6764201639,"총잡이 고양이 - 방치형 키우기"
08:30,41,1466736988,"카트라이더 러쉬플러스"
08:30,42,6756989323,"라스트 어사일럼: 페스트"
08:30,43,6738163891,"뱀피르"
08:30,44,1160056295,"모바일 레전드: Bang Bang"
08:30,45,1471486284,"한게임 포커"
08:30,46,6740026253,"오피스 퀸 키우기"
08:30,47,1117270703,"eFootball™"
08:30,48,6503603603,"미스터리 타운: 합성 게임 (Mystery Town)"
08:30,49,6746151928,"두근두근타운"
08:30,50,6758200096,"라그나로크M: Classic"
08:30,51,848091833,"냥코 대전쟁"
08:30,52,6503272652,"라스트 Z: 서바이벌 슈터"
08:30,53,947258826,"마피아42"
08:30,54,963067330,"쿠키런: 오븐브레이크"
08:30,55,6443477650,"한게임 로얄홀덤"
08:30,56,6748432502,"랜덤 다이스 2"
08:30,57,1128255542,"리니지M(12)"
08:30,58,6475757306,"Disney Solitaire 디즈니 솔리테어"
08:30,59,6754679035,"히어로 랜드M"
08:30,60,1521236603,"Travel Town - 결합 어드벤처"
08:30,61,6474961936,"레이싱 마스터"
08:30,62,6755455500,"할리우드 머지"
08:30,63,6748004690,"SOL: enchant"
08:30,64,6746465127,"세포 특공대 - 전략형 타워 디펜스"
08:30,65,1520354659,"오딘: 발할라 라이징"
08:30,66,6751222389,"NBA 덩크 시티"
08:30,67,6751086804,"그놈은 드래곤"
08:30,68,1599719154,"붕괴: 스타레일"
08:30,69,1448979486,"던전앤파이터 모바일"
08:30,70,6763241219,"LUNAR：에버소울"
08:30,71,1492005122,"디아블로 이모탈"
08:30,72,6502326151,"카오스 제로 나이트메어"
08:30,73,6746192853,"변신 키우기"
08:30,74,6740621218,"갓깨비 키우기"
08:30,75,898986747,"좀비고등학교"
08:30,76,6757381033,"2026 프로야구GO!"
08:30,77,1176027022,"Toon Blast"
08:30,78,6752886832,"호텔 레거시"
08:30,79,1616108452,"우마무스메 프리티 더비"
08:30,80,6786589102,"티니핑 매직 매치"
08:30,81,6759822089,"오늘의 꽃 : 진짜 꽃을 키우는 게임"
08:30,82,1053012308,"클래시 로얄 (Clash Royale)"
08:30,83,6448719154,"레이븐2"
08:30,84,6753862216,"푸드스타（Foodstars）: 합쳐서 요리하기"
08:30,85,6740189002,"갤럭시 디펜스(Galaxy Defense)"
08:30,86,6749302379,"동방 찻집"
08:30,87,1635712706,"슬레이어 키우기"
08:30,88,6670441558,"Dark War:Survival"
08:30,89,6736896540,"헬로키티 마이 드림 스토어"
08:30,90,6479970832,"포켓몬 카드 게임 Pocket"
08:30,91,664575829,"피쉬돔 (Fishdom)"
08:30,92,1640203623,"작혼: 리치 마작"
08:30,93,1582390510,"한게임포커 클래식 - 7포커 홀덤 섯다 훌라 슬롯"
08:30,94,1509450845,"쿠키런: 킹덤"
08:30,95,6759914688,"냥찍 히어로즈 : 방치형 RPG"
08:30,96,1458568643,"피망 뉴맞고 : 고스톱으로 대한민국 1등"
08:30,97,6483252725,"몬길: STAR DIVE"
08:30,98,6462846417,"MLB 클러치 히트 베이스볼 26"
08:30,99,1470173983,"AION2"
08:30,100,1580691683,"MLB 9이닝스 라이벌 26"
08:30,101,6767834940,"탑 로드"
08:30,102,1347780764,"Identity V -제5인격"
08:30,103,6444043291,"Domino Dreams™"
08:30,104,608808713,"쿠키런"
08:30,105,1166415380,"풀팟 홀덤 포커: 텍사스 홀덤, 오마하, 토너먼트"
08:30,106,1571873795,"블루 아카이브"
08:30,107,6761749975,"토이 삼국"
08:30,108,6737595599,"파운데이션: 우주 전선"
08:30,109,880551258,"컴투스프로야구2026"
08:30,110,6776989094,"블라이트 워 : 방치형 RPG"
08:30,111,6756058501,"젤리 버스터즈: 퍼즐 게임"
08:30,112,6450953550,"탑 히어로즈: 영웅의 시대"
08:30,113,1484442152,"머지 맨션: 퍼즐과 스토리"
08:30,114,529479190,"클래시 오브 클랜"
08:30,115,1241893973,"페이트/그랜드 오더"
08:30,116,6760754315,"꿈의 여행자: 별빛 여정"
08:30,117,6752672568,"Block Out! - Color Sort Puzzle"
08:30,118,1597760047,"OneState RP: 온라인 롤플레잉"
08:30,119,1376515087,"Age of Origins:Tower Defense"
08:30,120,6476336847,"피망 쇼다운 홀덤 : 텍사스 홀덤, 포커, 토너먼트"
08:30,121,6760743106,"천마지만 삼국지에서 무쌍중입니다"
08:30,122,1468063069,"피망 포커"
08:30,123,1516727770,"마구마구 2026: 풀체인지"
08:30,124,1444980563,"리니지W"
08:30,125,6752369665,"Haunted Merge: Horror Story"
08:30,126,6476731203,"건틀렛: 신규 서버 오픈!"
08:30,127,1517783697,"원신-스네즈나야 오픈"
08:30,128,6740966864,"딸깍 다이스"
08:30,129,6443760593,"좀비 웨이브스"
08:30,130,1343688545,"ONE PIECE Bounty Rush"
08:30,131,6444598069,"나이트 크로우"
08:30,132,6740043080,"Screwdom : 나사와 볼트 퍼즐"
08:30,133,6443468110,"러브앤딥스페이스"
08:30,134,6747957875,"Family Go! - 대를 잇는 인생 시뮬레이션"
08:30,135,479516143,"Minecraft 온라인으로 친구들과 함께 플레이하세요"
08:30,136,6737408689,"스톤에이지 키우기"
08:30,137,6475925341,"주술회전 팬텀 퍼레이드"
08:30,138,6746636289,"Forge Master – Idle RPG"
08:30,139,1484468651,"Dice Dreams™ 다이스 드림"
08:30,140,6762203850,"바르디안: Vardian"
08:30,141,1449552940,"일곱 개의 대죄: GRAND CROSS"
08:30,142,6502820653,"궁수의 전설2"
08:30,143,6744885861,"스타일라잇: 3D 패션 시뮬레이션"
08:30,144,1628970855,"AFK: 새로운 여정"
08:30,145,1371565796,"레이드: 그림자의 전설"
08:30,146,6767155768,"현상금 해적단 키우기"
08:30,147,6504332779,"Color Block Jam"
08:30,148,6741889270,"픽셀 법사 키우기 : 방치형 RPG"
08:30,149,6760125313,"희비전 리버스"
08:30,150,6756558621,"킹덤2: 타오르는 전장"
08:30,151,6443824730,"트릭컬 리바이브"
08:30,152,6740848451,"RF 온라인 넥스트"
08:30,153,6467117398,"버섯커 키우기"
08:30,154,6758072393,"추락한 아름다움: 머지&스토리"
08:30,155,6754229264,"임진왜란: 조선의 반격"
08:30,156,6754373623,"소울 헌터 키우기 : 방치형 RPG"
08:30,157,6757722046,"Butcher hero: hook'n'chew RPG"
08:30,158,6566177585,"나 혼자 만렙 키우기"
08:30,159,6741503079,"Pokémon Champions"
08:30,160,6472396866,"연운"
08:30,161,6760822948,"더 코지 플로리스트"
08:30,162,955705796,"MARVEL 퓨처파이트"
08:30,163,6444112366,"Limbus Company"
08:30,164,1478227443,"리니지2M"
08:30,165,6457256716,"Total Football - 2026 북중미 시즌"
08:30,166,6449023119,"리버스: 1999"
08:30,167,1481802531,"이사만루26"
08:30,168,6756641249,"hololive Dreams"
08:30,169,6738469826,"랜드 오브 제일"
08:30,170,1483058899,"Project Makeover"
08:30,171,1203100009,"클럽오디션"
08:30,172,6746328263,"Castle Busters"
08:30,173,880047117,"앵그리버드 2 (Angry Birds 2)"
08:30,174,1480616748,"전략적 팀 전투: 리그 오브 레전드 전략 게임"
08:30,175,1462911602,"Dream League Soccer 2026"
08:30,176,6748741504,"에르피스"
08:30,177,6751056652,"Pixel Flow!"
08:30,178,6759585981,"별별 히어로: 영웅 다있소"
08:30,179,6758827442,"히간: 이루실"
08:30,180,1668036690,"우파루 오딧세이"
08:30,181,6740899070,"플랜티스와 좀비깡패"
08:30,182,852912420,"서머너즈 워 X 장송의 프리렌"
08:30,183,6752554540,"가이더스 원"
08:30,184,409687884,"팔라독(Paladog)"
08:30,185,6756247787,"디지몬 UP"
08:30,186,6755585789,"템빨용사: 픽셀 아이템 머지 RPG"
08:30,187,1551772053,"퍼즐 오브 Z"
08:30,188,1158967485,"Hero Wars: Alliance 에픽 영웅 RPG"
08:30,189,6739345737,"팰몬: 서바이벌"
08:30,190,6692615881,"SD건담 지 제네레이션 이터널"
08:30,191,6749132002,"빠지냥! (Drop the Cat)"
08:30,192,1473424424,"한게임 신맞고 : 대한민국 원조 고스톱"
08:30,193,6499177365,"킹 오브 파이터 AFK"
08:30,194,1554247785,"Yu-Gi-Oh! Master Duel"
08:30,195,1311102174,"위 베어 베어스 더 퍼즐 : 퍼즐게임"
08:30,196,6466373096,"동글동글 거위헬스장"
08:30,197,6451399876,"Delta Force"
08:30,198,6757690255,"윈드러너 키우기"
08:30,199,6754012129,"우와 모험단"
08:30,200,1473903308,"명일방주"
09:30,1,6739616715,"메이플 키우기"
09:30,2,6503702666,"협타디: 협동 타워 디펜스"
09:30,3,6443575749,"WOS: 화이트아웃 서바이벌"
09:30,4,1623318294,"가십하버: 합성 & 스토리 게임"
09:30,5,6475033368,"명조:워더링 웨이브"
09:30,6,1273957743,"EA SPORTS FC Online M"
09:30,7,1458848044,"컴투스프로야구V26"
09:30,8,1482155847,"로얄 매치 (Royal Match)"
09:30,9,6749251466,"쿠키런 키우기 - 쿠키런: 크럼블"
09:30,10,6482291732,"운빨존많겜"
09:30,11,1474589366,"리니지M"
09:30,12,6739554056,"킹샷:Kingshot"
09:30,13,6471045672,"테이스티 트레블: 합성 게임"
09:30,14,1478371252,"FC 모바일"
09:30,15,6443755785,"씨사이드 익스케이프: 합성 & 스토리 게임"
09:30,16,1105855019,"Gardenscapes"
09:30,17,1585915174,"승리의 여신: 니케"
09:30,18,1441742921,"마비노기 모바일"
09:30,19,1094591345,"Pokémon GO"
09:30,20,6762442041,"열혈강호: 넥스트"
09:30,21,6448786147,"라스트 워: 서바이벌"
09:30,22,1366526331,"배틀그라운드"
09:30,23,638689075,"꿈의 마을 (Township)"
09:30,24,6499562253,"드래곤빌리지3 - 100일 이벤트!"
09:30,25,1195621598,"Homescapes: Match 3 Games"
09:30,26,6618142292,"핫레스토랑: 머지&쿠킹"
09:30,27,1480616990,"리그 오브 레전드: 와일드 리프트"
09:30,28,6757360957,"삼국지: 천하결전"
09:30,29,1133463693,"메이플스토리M"
09:30,30,1471942989,"한게임 섯다&맞고"
09:30,31,1606356401,"젠레스 존 제로 - 주년 기념"
09:30,32,1507872328,"WPL : 홀덤, 토너먼트, 오마하, 올인폴드, 픽앤고"
09:30,33,1643509748,"머지 쿠킹 테마 레스토랑（Merge Cooking）"
09:30,34,6754593077,"이환"
09:30,35,553834731,"캔디크러쉬사가"
09:30,36,6479595079,"세븐나이츠 리버스"
09:30,37,1229016807,"브롤스타즈"
09:30,38,6446516059,"캣 히어로 : 방치형 RPG"
09:30,39,1606549505,"로얄 킹덤 (Royal Kingdom)"
09:30,40,6764201639,"총잡이 고양이 - 방치형 키우기"
09:30,41,1466736988,"카트라이더 러쉬플러스"
09:30,42,6756989323,"라스트 어사일럼: 페스트"
09:30,43,6738163891,"뱀피르"
09:30,44,1160056295,"모바일 레전드: Bang Bang"
09:30,45,1471486284,"한게임 포커"
09:30,46,6740026253,"오피스 퀸 키우기"
09:30,47,1117270703,"eFootball™"
09:30,48,6503603603,"미스터리 타운: 합성 게임 (Mystery Town)"
09:30,49,6746151928,"두근두근타운"
09:30,50,6758200096,"라그나로크M: Classic"
09:30,51,848091833,"냥코 대전쟁"
09:30,52,6503272652,"라스트 Z: 서바이벌 슈터"
09:30,53,947258826,"마피아42"
09:30,54,963067330,"쿠키런: 오븐브레이크"
09:30,55,6443477650,"한게임 로얄홀덤"
09:30,56,6748432502,"랜덤 다이스 2"
09:30,57,1128255542,"리니지M(12)"
09:30,58,6475757306,"Disney Solitaire 디즈니 솔리테어"
09:30,59,6754679035,"히어로 랜드M"
09:30,60,1521236603,"Travel Town - 결합 어드벤처"
09:30,61,6474961936,"레이싱 마스터"
09:30,62,6755455500,"할리우드 머지"
09:30,63,6748004690,"SOL: enchant"
09:30,64,6746465127,"세포 특공대 - 전략형 타워 디펜스"
09:30,65,1520354659,"오딘: 발할라 라이징"
09:30,66,6751222389,"NBA 덩크 시티"
09:30,67,6751086804,"그놈은 드래곤"
09:30,68,1599719154,"붕괴: 스타레일"
09:30,69,1448979486,"던전앤파이터 모바일"
09:30,70,6763241219,"LUNAR：에버소울"
09:30,71,1492005122,"디아블로 이모탈"
09:30,72,6502326151,"카오스 제로 나이트메어"
09:30,73,6746192853,"변신 키우기"
09:30,74,6740621218,"갓깨비 키우기"
09:30,75,898986747,"좀비고등학교"
09:30,76,6757381033,"2026 프로야구GO!"
09:30,77,1176027022,"Toon Blast"
09:30,78,6752886832,"호텔 레거시"
09:30,79,1616108452,"우마무스메 프리티 더비"
09:30,80,6786589102,"티니핑 매직 매치"
09:30,81,6759822089,"오늘의 꽃 : 진짜 꽃을 키우는 게임"
09:30,82,1053012308,"클래시 로얄 (Clash Royale)"
09:30,83,6448719154,"레이븐2"
09:30,84,6753862216,"푸드스타（Foodstars）: 합쳐서 요리하기"
09:30,85,6740189002,"갤럭시 디펜스(Galaxy Defense)"
09:30,86,6749302379,"동방 찻집"
09:30,87,1635712706,"슬레이어 키우기"
09:30,88,6670441558,"Dark War:Survival"
09:30,89,6736896540,"헬로키티 마이 드림 스토어"
09:30,90,6479970832,"포켓몬 카드 게임 Pocket"
09:30,91,664575829,"피쉬돔 (Fishdom)"
09:30,92,1640203623,"작혼: 리치 마작"
09:30,93,1582390510,"한게임포커 클래식 - 7포커 홀덤 섯다 훌라 슬롯"
09:30,94,1509450845,"쿠키런: 킹덤"
09:30,95,6759914688,"냥찍 히어로즈 : 방치형 RPG"
09:30,96,1458568643,"피망 뉴맞고 : 고스톱으로 대한민국 1등"
09:30,97,6483252725,"몬길: STAR DIVE"
09:30,98,6462846417,"MLB 클러치 히트 베이스볼 26"
09:30,99,1470173983,"AION2"
09:30,100,1580691683,"MLB 9이닝스 라이벌 26"
09:30,101,6767834940,"탑 로드"
09:30,102,1347780764,"Identity V -제5인격"
09:30,103,6444043291,"Domino Dreams™"
09:30,104,608808713,"쿠키런"
09:30,105,1166415380,"풀팟 홀덤 포커: 텍사스 홀덤, 오마하, 토너먼트"
09:30,106,1571873795,"블루 아카이브"
09:30,107,6761749975,"토이 삼국"
09:30,108,6737595599,"파운데이션: 우주 전선"
09:30,109,880551258,"컴투스프로야구2026"
09:30,110,6776989094,"블라이트 워 : 방치형 RPG"
09:30,111,6756058501,"젤리 버스터즈: 퍼즐 게임"
09:30,112,6450953550,"탑 히어로즈: 영웅의 시대"
09:30,113,1484442152,"머지 맨션: 퍼즐과 스토리"
09:30,114,529479190,"클래시 오브 클랜"
09:30,115,1241893973,"페이트/그랜드 오더"
09:30,116,6760754315,"꿈의 여행자: 별빛 여정"
09:30,117,6752672568,"Block Out! - Color Sort Puzzle"
09:30,118,1597760047,"OneState RP: 온라인 롤플레잉"
09:30,119,1376515087,"Age of Origins:Tower Defense"
09:30,120,6476336847,"피망 쇼다운 홀덤 : 텍사스 홀덤, 포커, 토너먼트"
09:30,121,6760743106,"천마지만 삼국지에서 무쌍중입니다"
09:30,122,1468063069,"피망 포커"
09:30,123,1516727770,"마구마구 2026: 풀체인지"
09:30,124,1444980563,"리니지W"
09:30,125,6752369665,"Haunted Merge: Horror Story"
09:30,126,6476731203,"건틀렛: 신규 서버 오픈!"
09:30,127,1517783697,"원신-스네즈나야 오픈"
09:30,128,6740966864,"딸깍 다이스"
09:30,129,6443760593,"좀비 웨이브스"
09:30,130,1343688545,"ONE PIECE Bounty Rush"
09:30,131,6444598069,"나이트 크로우"
09:30,132,6740043080,"Screwdom : 나사와 볼트 퍼즐"
09:30,133,6443468110,"러브앤딥스페이스"
09:30,134,6747957875,"Family Go! - 대를 잇는 인생 시뮬레이션"
09:30,135,479516143,"Minecraft 온라인으로 친구들과 함께 플레이하세요"
09:30,136,6737408689,"스톤에이지 키우기"
09:30,137,6475925341,"주술회전 팬텀 퍼레이드"
09:30,138,6746636289,"Forge Master – Idle RPG"
09:30,139,1484468651,"Dice Dreams™ 다이스 드림"
09:30,140,6762203850,"바르디안: Vardian"
09:30,141,1449552940,"일곱 개의 대죄: GRAND CROSS"
09:30,142,6502820653,"궁수의 전설2"
09:30,143,6744885861,"스타일라잇: 3D 패션 시뮬레이션"
09:30,144,1628970855,"AFK: 새로운 여정"
09:30,145,1371565796,"레이드: 그림자의 전설"
09:30,146,6767155768,"현상금 해적단 키우기"
09:30,147,6504332779,"Color Block Jam"
09:30,148,6741889270,"픽셀 법사 키우기 : 방치형 RPG"
09:30,149,6760125313,"희비전 리버스"
09:30,150,6756558621,"킹덤2: 타오르는 전장"
09:30,151,6443824730,"트릭컬 리바이브"
09:30,152,6740848451,"RF 온라인 넥스트"
09:30,153,6467117398,"버섯커 키우기"
09:30,154,6758072393,"추락한 아름다움: 머지&스토리"
09:30,155,6754229264,"임진왜란: 조선의 반격"
09:30,156,6754373623,"소울 헌터 키우기 : 방치형 RPG"
09:30,157,6757722046,"Butcher hero: hook'n'chew RPG"
09:30,158,6566177585,"나 혼자 만렙 키우기"
09:30,159,6741503079,"Pokémon Champions"
09:30,160,6472396866,"연운"
09:30,161,6760822948,"더 코지 플로리스트"
09:30,162,955705796,"MARVEL 퓨처파이트"
09:30,163,6444112366,"Limbus Company"
09:30,164,1478227443,"리니지2M"
09:30,165,6457256716,"Total Football - 2026 북중미 시즌"
09:30,166,6449023119,"리버스: 1999"
09:30,167,1481802531,"이사만루26"
09:30,168,6756641249,"hololive Dreams"
09:30,169,6738469826,"랜드 오브 제일"
09:30,170,1483058899,"Project Makeover"
09:30,171,1203100009,"클럽오디션"
09:30,172,6746328263,"Castle Busters"
09:30,173,880047117,"앵그리버드 2 (Angry Birds 2)"
09:30,174,1480616748,"전략적 팀 전투: 리그 오브 레전드 전략 게임"
09:30,175,1462911602,"Dream League Soccer 2026"
09:30,176,6748741504,"에르피스"
09:30,177,6751056652,"Pixel Flow!"
09:30,178,6759585981,"별별 히어로: 영웅 다있소"
09:30,179,6758827442,"히간: 이루실"
09:30,180,1668036690,"우파루 오딧세이"
09:30,181,6740899070,"플랜티스와 좀비깡패"
09:30,182,852912420,"서머너즈 워 X 장송의 프리렌"
09:30,183,6752554540,"가이더스 원"
09:30,184,409687884,"팔라독(Paladog)"
09:30,185,6756247787,"디지몬 UP"
09:30,186,6755585789,"템빨용사: 픽셀 아이템 머지 RPG"
09:30,187,1551772053,"퍼즐 오브 Z"
09:30,188,1158967485,"Hero Wars: Alliance 에픽 영웅 RPG"
09:30,189,6739345737,"팰몬: 서바이벌"
09:30,190,6692615881,"SD건담 지 제네레이션 이터널"
09:30,191,6749132002,"빠지냥! (Drop the Cat)"
09:30,192,1473424424,"한게임 신맞고 : 대한민국 원조 고스톱"
09:30,193,6499177365,"킹 오브 파이터 AFK"
09:30,194,1554247785,"Yu-Gi-Oh! Master Duel"
09:30,195,1311102174,"위 베어 베어스 더 퍼즐 : 퍼즐게임"
09:30,196,6466373096,"동글동글 거위헬스장"
09:30,197,6451399876,"Delta Force"
09:30,198,6757690255,"윈드러너 키우기"
09:30,199,6754012129,"우와 모험단"
09:30,200,1473903308,"명일방주"
11:00,1,6739616715,"메이플 키우기"
11:00,2,6503702666,"협타디: 협동 타워 디펜스"
11:00,3,6443575749,"WOS: 화이트아웃 서바이벌"
11:00,4,1623318294,"가십하버: 합성 & 스토리 게임"
11:00,5,6475033368,"명조:워더링 웨이브"
11:00,6,1458848044,"컴투스프로야구V26"
11:00,7,1273957743,"EA SPORTS FC Online M"
11:00,8,1482155847,"로얄 매치 (Royal Match)"
11:00,9,6749251466,"쿠키런 키우기 - 쿠키런: 크럼블"
11:00,10,1474589366,"리니지M"
11:00,11,6482291732,"운빨존많겜"
11:00,12,6739554056,"킹샷:Kingshot"
11:00,13,6471045672,"테이스티 트레블: 합성 게임"
11:00,14,1478371252,"FC 모바일"
11:00,15,6443755785,"씨사이드 익스케이프: 합성 & 스토리 게임"
11:00,16,1105855019,"Gardenscapes"
11:00,17,1585915174,"승리의 여신: 니케"
11:00,18,1441742921,"마비노기 모바일"
11:00,19,1094591345,"Pokémon GO"
11:00,20,6762442041,"열혈강호: 넥스트"
11:00,21,6448786147,"라스트 워: 서바이벌"
11:00,22,1366526331,"배틀그라운드"
11:00,23,638689075,"꿈의 마을 (Township)"
11:00,24,6499562253,"드래곤빌리지3 - 100일 이벤트!"
11:00,25,1195621598,"Homescapes: Match 3 Games"
11:00,26,6618142292,"핫레스토랑: 머지&쿠킹"
11:00,27,1480616990,"리그 오브 레전드: 와일드 리프트"
11:00,28,1133463693,"메이플스토리M"
11:00,29,6757360957,"삼국지: 천하결전"
11:00,30,1471942989,"한게임 섯다&맞고"
11:00,31,1507872328,"WPL : 홀덤, 토너먼트, 오마하, 올인폴드, 픽앤고"
11:00,32,1643509748,"머지 쿠킹 테마 레스토랑（Merge Cooking）"
11:00,33,1606356401,"젠레스 존 제로 - 주년 기념"
11:00,34,6754593077,"이환"
11:00,35,553834731,"캔디크러쉬사가"
11:00,36,6479595079,"세븐나이츠 리버스"
11:00,37,1229016807,"브롤스타즈"
11:00,38,6446516059,"캣 히어로 : 방치형 RPG"
11:00,39,1606549505,"로얄 킹덤 (Royal Kingdom)"
11:00,40,6764201639,"총잡이 고양이 - 방치형 키우기"
11:00,41,1466736988,"카트라이더 러쉬플러스"
11:00,42,6756989323,"라스트 어사일럼: 페스트"
11:00,43,1471486284,"한게임 포커"
11:00,44,1160056295,"모바일 레전드: Bang Bang"
11:00,45,6738163891,"뱀피르"
11:00,46,6740026253,"오피스 퀸 키우기"
11:00,47,6758200096,"라그나로크M: Classic"
11:00,48,6503603603,"미스터리 타운: 합성 게임 (Mystery Town)"
11:00,49,1117270703,"eFootball™"
11:00,50,6746151928,"두근두근타운"
11:00,51,848091833,"냥코 대전쟁"
11:00,52,6503272652,"라스트 Z: 서바이벌 슈터"
11:00,53,947258826,"마피아42"
11:00,54,963067330,"쿠키런: 오븐브레이크"
11:00,55,6754679035,"히어로 랜드M"
11:00,56,1128255542,"리니지M(12)"
11:00,57,6748432502,"랜덤 다이스 2"
11:00,58,6443477650,"한게임 로얄홀덤"
11:00,59,6475757306,"Disney Solitaire 디즈니 솔리테어"
11:00,60,1521236603,"Travel Town - 결합 어드벤처"
11:00,61,6474961936,"레이싱 마스터"
11:00,62,6748004690,"SOL: enchant"
11:00,63,1492005122,"디아블로 이모탈"
11:00,64,6755455500,"할리우드 머지"
11:00,65,6746465127,"세포 특공대 - 전략형 타워 디펜스"
11:00,66,6763241219,"LUNAR：에버소울"
11:00,67,6751222389,"NBA 덩크 시티"
11:00,68,6751086804,"그놈은 드래곤"
11:00,69,1599719154,"붕괴: 스타레일"
11:00,70,1520354659,"오딘: 발할라 라이징"
11:00,71,1448979486,"던전앤파이터 모바일"
11:00,72,898986747,"좀비고등학교"
11:00,73,6502326151,"카오스 제로 나이트메어"
11:00,74,6746192853,"변신 키우기"
11:00,75,6740621218,"갓깨비 키우기"
11:00,76,1176027022,"Toon Blast"
11:00,77,1616108452,"우마무스메 프리티 더비"
11:00,78,6752886832,"호텔 레거시"
11:00,79,6757381033,"2026 프로야구GO!"
11:00,80,6786589102,"티니핑 매직 매치"
11:00,81,6759822089,"오늘의 꽃 : 진짜 꽃을 키우는 게임"
11:00,82,1053012308,"클래시 로얄 (Clash Royale)"
11:00,83,6448719154,"레이븐2"
11:00,84,1635712706,"슬레이어 키우기"
11:00,85,6753862216,"푸드스타（Foodstars）: 합쳐서 요리하기"
11:00,86,6749302379,"동방 찻집"
11:00,87,6740189002,"갤럭시 디펜스(Galaxy Defense)"
11:00,88,6670441558,"Dark War:Survival"
11:00,89,6736896540,"헬로키티 마이 드림 스토어"
11:00,90,664575829,"피쉬돔 (Fishdom)"
11:00,91,6479970832,"포켓몬 카드 게임 Pocket"
11:00,92,1458568643,"피망 뉴맞고 : 고스톱으로 대한민국 1등"
11:00,93,1582390510,"한게임포커 클래식 - 7포커 홀덤 섯다 훌라 슬롯"
11:00,94,1640203623,"작혼: 리치 마작"
11:00,95,1509450845,"쿠키런: 킹덤"
11:00,96,6759914688,"냥찍 히어로즈 : 방치형 RPG"
11:00,97,1470173983,"AION2"
11:00,98,6483252725,"몬길: STAR DIVE"
11:00,99,6444043291,"Domino Dreams™"
11:00,100,6767834940,"탑 로드"
11:00,101,6462846417,"MLB 클러치 히트 베이스볼 26"
11:00,102,1580691683,"MLB 9이닝스 라이벌 26"
11:00,103,608808713,"쿠키런"
11:00,104,6776989094,"블라이트 워 : 방치형 RPG"
11:00,105,1347780764,"Identity V -제5인격"
11:00,106,6761749975,"토이 삼국"
11:00,107,1571873795,"블루 아카이브"
11:00,108,880551258,"컴투스프로야구2026"
11:00,109,1166415380,"풀팟 홀덤 포커: 텍사스 홀덤, 오마하, 토너먼트"
11:00,110,6756058501,"젤리 버스터즈: 퍼즐 게임"
11:00,111,1484442152,"머지 맨션: 퍼즐과 스토리"
11:00,112,6737595599,"파운데이션: 우주 전선"
11:00,113,1241893973,"페이트/그랜드 오더"
11:00,114,6450953550,"탑 히어로즈: 영웅의 시대"
11:00,115,529479190,"클래시 오브 클랜"
11:00,116,1376515087,"Age of Origins:Tower Defense"
11:00,117,6760754315,"꿈의 여행자: 별빛 여정"
11:00,118,6752672568,"Block Out! - Color Sort Puzzle"
11:00,119,1597760047,"OneState RP: 온라인 롤플레잉"
11:00,120,1444980563,"리니지W"
11:00,121,6476336847,"피망 쇼다운 홀덤 : 텍사스 홀덤, 포커, 토너먼트"
11:00,122,1516727770,"마구마구 2026: 풀체인지"
11:00,123,1468063069,"피망 포커"
11:00,124,6760743106,"천마지만 삼국지에서 무쌍중입니다"
11:00,125,6740966864,"딸깍 다이스"
11:00,126,6752369665,"Haunted Merge: Horror Story"
11:00,127,6476731203,"건틀렛: 신규 서버 오픈!"
11:00,128,1517783697,"원신-스네즈나야 오픈"
11:00,129,6475925341,"주술회전 팬텀 퍼레이드"
11:00,130,6443760593,"좀비 웨이브스"
11:00,131,1343688545,"ONE PIECE Bounty Rush"
11:00,132,6740043080,"Screwdom : 나사와 볼트 퍼즐"
11:00,133,6747957875,"Family Go! - 대를 잇는 인생 시뮬레이션"
11:00,134,479516143,"Minecraft 온라인으로 친구들과 함께 플레이하세요"
11:00,135,6444598069,"나이트 크로우"
11:00,136,6737408689,"스톤에이지 키우기"
11:00,137,6443468110,"러브앤딥스페이스"
11:00,138,6744885861,"스타일라잇: 3D 패션 시뮬레이션"
11:00,139,1449552940,"일곱 개의 대죄: GRAND CROSS"
11:00,140,6762203850,"바르디안: Vardian"
11:00,141,6502820653,"궁수의 전설2"
11:00,142,1484468651,"Dice Dreams™ 다이스 드림"
11:00,143,6746636289,"Forge Master – Idle RPG"
11:00,144,1628970855,"AFK: 새로운 여정"
11:00,145,6504332779,"Color Block Jam"
11:00,146,6457256716,"Total Football - 2026 북중미 시즌"
11:00,147,1371565796,"레이드: 그림자의 전설"
11:00,148,6767155768,"현상금 해적단 키우기"
11:00,149,6760125313,"희비전 리버스"
11:00,150,6443824730,"트릭컬 리바이브"
11:00,151,6741889270,"픽셀 법사 키우기 : 방치형 RPG"
11:00,152,6756558621,"킹덤2: 타오르는 전장"
11:00,153,1481802531,"이사만루26"
11:00,154,6449023119,"리버스: 1999"
11:00,155,6754373623,"소울 헌터 키우기 : 방치형 RPG"
11:00,156,6741503079,"Pokémon Champions"
11:00,157,6740848451,"RF 온라인 넥스트"
11:00,158,1478227443,"리니지2M"
11:00,159,6758072393,"추락한 아름다움: 머지&스토리"
11:00,160,6467117398,"버섯커 키우기"
11:00,161,6757722046,"Butcher hero: hook'n'chew RPG"
11:00,162,6566177585,"나 혼자 만렙 키우기"
11:00,163,6756641249,"hololive Dreams"
11:00,164,6760822948,"더 코지 플로리스트"
11:00,165,6754229264,"임진왜란: 조선의 반격"
11:00,166,6738469826,"랜드 오브 제일"
11:00,167,6746328263,"Castle Busters"
11:00,168,1483058899,"Project Makeover"
11:00,169,6472396866,"연운"
11:00,170,955705796,"MARVEL 퓨처파이트"
11:00,171,6444112366,"Limbus Company"
11:00,172,1203100009,"클럽오디션"
11:00,173,880047117,"앵그리버드 2 (Angry Birds 2)"
11:00,174,1480616748,"전략적 팀 전투: 리그 오브 레전드 전략 게임"
11:00,175,1462911602,"Dream League Soccer 2026"
11:00,176,6748741504,"에르피스"
11:00,177,6751056652,"Pixel Flow!"
11:00,178,852912420,"서머너즈 워 X 장송의 프리렌"
11:00,179,6740899070,"플랜티스와 좀비깡패"
11:00,180,6759585981,"별별 히어로: 영웅 다있소"
11:00,181,6758827442,"히간: 이루실"
11:00,182,1668036690,"우파루 오딧세이"
11:00,183,409687884,"팔라독(Paladog)"
11:00,184,6752554540,"가이더스 원"
11:00,185,6756247787,"디지몬 UP"
11:00,186,6739345737,"팰몬: 서바이벌"
11:00,187,1551772053,"퍼즐 오브 Z"
11:00,188,6754012129,"우와 모험단"
11:00,189,6755585789,"템빨용사: 픽셀 아이템 머지 RPG"
11:00,190,1158967485,"Hero Wars: Alliance 에픽 영웅 RPG"
11:00,191,6692615881,"SD건담 지 제네레이션 이터널"
11:00,192,6466373096,"동글동글 거위헬스장"
11:00,193,6499177365,"킹 오브 파이터 AFK"
11:00,194,1473424424,"한게임 신맞고 : 대한민국 원조 고스톱"
11:00,195,6749132002,"빠지냥! (Drop the Cat)"
11:00,196,1311102174,"위 베어 베어스 더 퍼즐 : 퍼즐게임"
11:00,197,6451399876,"Delta Force"
11:00,198,1554247785,"Yu-Gi-Oh! Master Duel"
11:00,199,6757690255,"윈드러너 키우기"
11:00,200,1473903308,"명일방주"
12:00,1,6739616715,"메이플 키우기"
12:00,2,6503702666,"협타디: 협동 타워 디펜스"
12:00,3,6443575749,"WOS: 화이트아웃 서바이벌"
12:00,4,1623318294,"가십하버: 합성 & 스토리 게임"
12:00,5,6475033368,"명조:워더링 웨이브"
12:00,6,1458848044,"컴투스프로야구V26"
12:00,7,1273957743,"EA SPORTS FC Online M"
12:00,8,1482155847,"로얄 매치 (Royal Match)"
12:00,9,6749251466,"쿠키런 키우기 - 쿠키런: 크럼블"
12:00,10,1474589366,"리니지M"
12:00,11,6482291732,"운빨존많겜"
12:00,12,6739554056,"킹샷:Kingshot"
12:00,13,6471045672,"테이스티 트레블: 합성 게임"
12:00,14,1478371252,"FC 모바일"
12:00,15,6443755785,"씨사이드 익스케이프: 합성 & 스토리 게임"
12:00,16,1105855019,"Gardenscapes"
12:00,17,1585915174,"승리의 여신: 니케"
12:00,18,1441742921,"마비노기 모바일"
12:00,19,1094591345,"Pokémon GO"
12:00,20,6762442041,"열혈강호: 넥스트"
12:00,21,6448786147,"라스트 워: 서바이벌"
12:00,22,1366526331,"배틀그라운드"
12:00,23,638689075,"꿈의 마을 (Township)"
12:00,24,6499562253,"드래곤빌리지3 - 100일 이벤트!"
12:00,25,1195621598,"Homescapes: Match 3 Games"
12:00,26,6618142292,"핫레스토랑: 머지&쿠킹"
12:00,27,1480616990,"리그 오브 레전드: 와일드 리프트"
12:00,28,1133463693,"메이플스토리M"
12:00,29,6757360957,"삼국지: 천하결전"
12:00,30,1471942989,"한게임 섯다&맞고"
12:00,31,1507872328,"WPL : 홀덤, 토너먼트, 오마하, 올인폴드, 픽앤고"
12:00,32,1643509748,"머지 쿠킹 테마 레스토랑（Merge Cooking）"
12:00,33,1606356401,"젠레스 존 제로 - 주년 기념"
12:00,34,6754593077,"이환"
12:00,35,553834731,"캔디크러쉬사가"
12:00,36,6479595079,"세븐나이츠 리버스"
12:00,37,1229016807,"브롤스타즈"
12:00,38,6446516059,"캣 히어로 : 방치형 RPG"
12:00,39,1606549505,"로얄 킹덤 (Royal Kingdom)"
12:00,40,6764201639,"총잡이 고양이 - 방치형 키우기"
12:00,41,1466736988,"카트라이더 러쉬플러스"
12:00,42,6756989323,"라스트 어사일럼: 페스트"
12:00,43,1471486284,"한게임 포커"
12:00,44,1160056295,"모바일 레전드: Bang Bang"
12:00,45,6738163891,"뱀피르"
12:00,46,6740026253,"오피스 퀸 키우기"
12:00,47,6758200096,"라그나로크M: Classic"
12:00,48,6503603603,"미스터리 타운: 합성 게임 (Mystery Town)"
12:00,49,1117270703,"eFootball™"
12:00,50,6746151928,"두근두근타운"
12:00,51,848091833,"냥코 대전쟁"
12:00,52,6503272652,"라스트 Z: 서바이벌 슈터"
12:00,53,947258826,"마피아42"
12:00,54,963067330,"쿠키런: 오븐브레이크"
12:00,55,6754679035,"히어로 랜드M"
12:00,56,1128255542,"리니지M(12)"
12:00,57,6748432502,"랜덤 다이스 2"
12:00,58,6443477650,"한게임 로얄홀덤"
12:00,59,6475757306,"Disney Solitaire 디즈니 솔리테어"
12:00,60,1521236603,"Travel Town - 결합 어드벤처"
12:00,61,6474961936,"레이싱 마스터"
12:00,62,6748004690,"SOL: enchant"
12:00,63,1492005122,"디아블로 이모탈"
12:00,64,6755455500,"할리우드 머지"
12:00,65,6746465127,"세포 특공대 - 전략형 타워 디펜스"
12:00,66,6763241219,"LUNAR：에버소울"
12:00,67,6751222389,"NBA 덩크 시티"
12:00,68,6751086804,"그놈은 드래곤"
12:00,69,1599719154,"붕괴: 스타레일"
12:00,70,1520354659,"오딘: 발할라 라이징"
12:00,71,1448979486,"던전앤파이터 모바일"
12:00,72,898986747,"좀비고등학교"
12:00,73,6502326151,"카오스 제로 나이트메어"
12:00,74,6746192853,"변신 키우기"
12:00,75,6740621218,"갓깨비 키우기"
12:00,76,1176027022,"Toon Blast"
12:00,77,1616108452,"우마무스메 프리티 더비"
12:00,78,6752886832,"호텔 레거시"
12:00,79,6757381033,"2026 프로야구GO!"
12:00,80,6786589102,"티니핑 매직 매치"
12:00,81,6759822089,"오늘의 꽃 : 진짜 꽃을 키우는 게임"
12:00,82,1053012308,"클래시 로얄 (Clash Royale)"
12:00,83,6448719154,"레이븐2"
12:00,84,1635712706,"슬레이어 키우기"
12:00,85,6753862216,"푸드스타（Foodstars）: 합쳐서 요리하기"
12:00,86,6749302379,"동방 찻집"
12:00,87,6740189002,"갤럭시 디펜스(Galaxy Defense)"
12:00,88,6670441558,"Dark War:Survival"
12:00,89,6736896540,"헬로키티 마이 드림 스토어"
12:00,90,664575829,"피쉬돔 (Fishdom)"
12:00,91,6479970832,"포켓몬 카드 게임 Pocket"
12:00,92,1458568643,"피망 뉴맞고 : 고스톱으로 대한민국 1등"
12:00,93,1582390510,"한게임포커 클래식 - 7포커 홀덤 섯다 훌라 슬롯"
12:00,94,1640203623,"작혼: 리치 마작"
12:00,95,1509450845,"쿠키런: 킹덤"
12:00,96,6759914688,"냥찍 히어로즈 : 방치형 RPG"
12:00,97,1470173983,"AION2"
12:00,98,6483252725,"몬길: STAR DIVE"
12:00,99,6444043291,"Domino Dreams™"
12:00,100,6767834940,"탑 로드"
12:00,101,6462846417,"MLB 클러치 히트 베이스볼 26"
12:00,102,1580691683,"MLB 9이닝스 라이벌 26"
12:00,103,608808713,"쿠키런"
12:00,104,6776989094,"블라이트 워 : 방치형 RPG"
12:00,105,1347780764,"Identity V -제5인격"
12:00,106,6761749975,"토이 삼국"
12:00,107,1571873795,"블루 아카이브"
12:00,108,880551258,"컴투스프로야구2026"
12:00,109,1166415380,"풀팟 홀덤 포커: 텍사스 홀덤, 오마하, 토너먼트"
12:00,110,6756058501,"젤리 버스터즈: 퍼즐 게임"
12:00,111,1484442152,"머지 맨션: 퍼즐과 스토리"
12:00,112,6737595599,"파운데이션: 우주 전선"
12:00,113,1241893973,"페이트/그랜드 오더"
12:00,114,6450953550,"탑 히어로즈: 영웅의 시대"
12:00,115,529479190,"클래시 오브 클랜"
12:00,116,1376515087,"Age of Origins:Tower Defense"
12:00,117,6760754315,"꿈의 여행자: 별빛 여정"
12:00,118,6752672568,"Block Out! - Color Sort Puzzle"
12:00,119,1597760047,"OneState RP: 온라인 롤플레잉"
12:00,120,1444980563,"리니지W"
12:00,121,6476336847,"피망 쇼다운 홀덤 : 텍사스 홀덤, 포커, 토너먼트"
12:00,122,1516727770,"마구마구 2026: 풀체인지"
12:00,123,1468063069,"피망 포커"
12:00,124,6760743106,"천마지만 삼국지에서 무쌍중입니다"
12:00,125,6740966864,"딸깍 다이스"
12:00,126,6752369665,"Haunted Merge: Horror Story"
12:00,127,6476731203,"건틀렛: 신규 서버 오픈!"
12:00,128,1517783697,"원신-스네즈나야 오픈"
12:00,129,6475925341,"주술회전 팬텀 퍼레이드"
12:00,130,6443760593,"좀비 웨이브스"
12:00,131,1343688545,"ONE PIECE Bounty Rush"
12:00,132,6740043080,"Screwdom : 나사와 볼트 퍼즐"
12:00,133,6747957875,"Family Go! - 대를 잇는 인생 시뮬레이션"
12:00,134,479516143,"Minecraft 온라인으로 친구들과 함께 플레이하세요"
12:00,135,6444598069,"나이트 크로우"
12:00,136,6737408689,"스톤에이지 키우기"
12:00,137,6443468110,"러브앤딥스페이스"
12:00,138,6744885861,"스타일라잇: 3D 패션 시뮬레이션"
12:00,139,1449552940,"일곱 개의 대죄: GRAND CROSS"
12:00,140,6762203850,"바르디안: Vardian"
12:00,141,6502820653,"궁수의 전설2"
12:00,142,1484468651,"Dice Dreams™ 다이스 드림"
12:00,143,6746636289,"Forge Master – Idle RPG"
12:00,144,1628970855,"AFK: 새로운 여정"
12:00,145,6504332779,"Color Block Jam"
12:00,146,6457256716,"Total Football - 2026 북중미 시즌"
12:00,147,1371565796,"레이드: 그림자의 전설"
12:00,148,6767155768,"현상금 해적단 키우기"
12:00,149,6760125313,"희비전 리버스"
12:00,150,6443824730,"트릭컬 리바이브"
12:00,151,6741889270,"픽셀 법사 키우기 : 방치형 RPG"
12:00,152,6756558621,"킹덤2: 타오르는 전장"
12:00,153,1481802531,"이사만루26"
12:00,154,6449023119,"리버스: 1999"
12:00,155,6754373623,"소울 헌터 키우기 : 방치형 RPG"
12:00,156,6741503079,"Pokémon Champions"
12:00,157,6740848451,"RF 온라인 넥스트"
12:00,158,1478227443,"리니지2M"
12:00,159,6758072393,"추락한 아름다움: 머지&스토리"
12:00,160,6467117398,"버섯커 키우기"
12:00,161,6757722046,"Butcher hero: hook'n'chew RPG"
12:00,162,6566177585,"나 혼자 만렙 키우기"
12:00,163,6756641249,"hololive Dreams"
12:00,164,6760822948,"더 코지 플로리스트"
12:00,165,6754229264,"임진왜란: 조선의 반격"
12:00,166,6738469826,"랜드 오브 제일"
12:00,167,6746328263,"Castle Busters"
12:00,168,1483058899,"Project Makeover"
12:00,169,6472396866,"연운"
12:00,170,955705796,"MARVEL 퓨처파이트"
12:00,171,6444112366,"Limbus Company"
12:00,172,1203100009,"클럽오디션"
12:00,173,880047117,"앵그리버드 2 (Angry Birds 2)"
12:00,174,1480616748,"전략적 팀 전투: 리그 오브 레전드 전략 게임"
12:00,175,1462911602,"Dream League Soccer 2026"
12:00,176,6748741504,"에르피스"
12:00,177,6751056652,"Pixel Flow!"
12:00,178,852912420,"서머너즈 워 X 장송의 프리렌"
12:00,179,6740899070,"플랜티스와 좀비깡패"
12:00,180,6759585981,"별별 히어로: 영웅 다있소"
12:00,181,6758827442,"히간: 이루실"
12:00,182,1668036690,"우파루 오딧세이"
12:00,183,409687884,"팔라독(Paladog)"
12:00,184,6752554540,"가이더스 원"
12:00,185,6756247787,"디지몬 UP"
12:00,186,6739345737,"팰몬: 서바이벌"
12:00,187,1551772053,"퍼즐 오브 Z"
12:00,188,6754012129,"우와 모험단"
12:00,189,6755585789,"템빨용사: 픽셀 아이템 머지 RPG"
12:00,190,1158967485,"Hero Wars: Alliance 에픽 영웅 RPG"
12:00,191,6692615881,"SD건담 지 제네레이션 이터널"
12:00,192,6466373096,"동글동글 거위헬스장"
12:00,193,6499177365,"킹 오브 파이터 AFK"
12:00,194,1473424424,"한게임 신맞고 : 대한민국 원조 고스톱"
12:00,195,6749132002,"빠지냥! (Drop the Cat)"
12:00,196,1311102174,"위 베어 베어스 더 퍼즐 : 퍼즐게임"
12:00,197,6451399876,"Delta Force"
12:00,198,1554247785,"Yu-Gi-Oh! Master Duel"
12:00,199,6757690255,"윈드러너 키우기"
12:00,200,1473903308,"명일방주"
13:00,1,6739616715,"메이플 키우기"
13:00,2,6503702666,"협타디: 협동 타워 디펜스"
13:00,3,6443575749,"WOS: 화이트아웃 서바이벌"
13:00,4,1623318294,"가십하버: 합성 & 스토리 게임"
13:00,5,6475033368,"명조:워더링 웨이브"
13:00,6,1458848044,"컴투스프로야구V26"
13:00,7,1273957743,"EA SPORTS FC Online M"
13:00,8,1482155847,"로얄 매치 (Royal Match)"
13:00,9,6749251466,"쿠키런 키우기 - 쿠키런: 크럼블"
13:00,10,1474589366,"리니지M"
13:00,11,6482291732,"운빨존많겜"
13:00,12,6739554056,"킹샷:Kingshot"
13:00,13,6471045672,"테이스티 트레블: 합성 게임"
13:00,14,1478371252,"FC 모바일"
13:00,15,6443755785,"씨사이드 익스케이프: 합성 & 스토리 게임"
13:00,16,1105855019,"Gardenscapes"
13:00,17,1585915174,"승리의 여신: 니케"
13:00,18,1441742921,"마비노기 모바일"
13:00,19,1094591345,"Pokémon GO"
13:00,20,6762442041,"열혈강호: 넥스트"
13:00,21,6448786147,"라스트 워: 서바이벌"
13:00,22,1366526331,"배틀그라운드"
13:00,23,638689075,"꿈의 마을 (Township)"
13:00,24,6499562253,"드래곤빌리지3 - 100일 이벤트!"
13:00,25,1195621598,"Homescapes: Match 3 Games"
13:00,26,6618142292,"핫레스토랑: 머지&쿠킹"
13:00,27,1480616990,"리그 오브 레전드: 와일드 리프트"
13:00,28,1133463693,"메이플스토리M"
13:00,29,6757360957,"삼국지: 천하결전"
13:00,30,1471942989,"한게임 섯다&맞고"
13:00,31,1507872328,"WPL : 홀덤, 토너먼트, 오마하, 올인폴드, 픽앤고"
13:00,32,1643509748,"머지 쿠킹 테마 레스토랑（Merge Cooking）"
13:00,33,1606356401,"젠레스 존 제로 - 주년 기념"
13:00,34,6754593077,"이환"
13:00,35,553834731,"캔디크러쉬사가"
13:00,36,6479595079,"세븐나이츠 리버스"
13:00,37,1229016807,"브롤스타즈"
13:00,38,6446516059,"캣 히어로 : 방치형 RPG"
13:00,39,1606549505,"로얄 킹덤 (Royal Kingdom)"
13:00,40,6764201639,"총잡이 고양이 - 방치형 키우기"
13:00,41,1466736988,"카트라이더 러쉬플러스"
13:00,42,6756989323,"라스트 어사일럼: 페스트"
13:00,43,1471486284,"한게임 포커"
13:00,44,1160056295,"모바일 레전드: Bang Bang"
13:00,45,6738163891,"뱀피르"
13:00,46,6740026253,"오피스 퀸 키우기"
13:00,47,6758200096,"라그나로크M: Classic"
13:00,48,6503603603,"미스터리 타운: 합성 게임 (Mystery Town)"
13:00,49,1117270703,"eFootball™"
13:00,50,6746151928,"두근두근타운"
13:00,51,848091833,"냥코 대전쟁"
13:00,52,6503272652,"라스트 Z: 서바이벌 슈터"
13:00,53,947258826,"마피아42"
13:00,54,963067330,"쿠키런: 오븐브레이크"
13:00,55,6754679035,"히어로 랜드M"
13:00,56,1128255542,"리니지M(12)"
13:00,57,6748432502,"랜덤 다이스 2"
13:00,58,6443477650,"한게임 로얄홀덤"
13:00,59,6475757306,"Disney Solitaire 디즈니 솔리테어"
13:00,60,1521236603,"Travel Town - 결합 어드벤처"
13:00,61,6474961936,"레이싱 마스터"
13:00,62,6748004690,"SOL: enchant"
13:00,63,1492005122,"디아블로 이모탈"
13:00,64,6755455500,"할리우드 머지"
13:00,65,6746465127,"세포 특공대 - 전략형 타워 디펜스"
13:00,66,6763241219,"LUNAR：에버소울"
13:00,67,6751222389,"NBA 덩크 시티"
13:00,68,6751086804,"그놈은 드래곤"
13:00,69,1599719154,"붕괴: 스타레일"
13:00,70,1520354659,"오딘: 발할라 라이징"
13:00,71,1448979486,"던전앤파이터 모바일"
13:00,72,898986747,"좀비고등학교"
13:00,73,6502326151,"카오스 제로 나이트메어"
13:00,74,6746192853,"변신 키우기"
13:00,75,6740621218,"갓깨비 키우기"
13:00,76,1176027022,"Toon Blast"
13:00,77,1616108452,"우마무스메 프리티 더비"
13:00,78,6752886832,"호텔 레거시"
13:00,79,6757381033,"2026 프로야구GO!"
13:00,80,6786589102,"티니핑 매직 매치"
13:00,81,6759822089,"오늘의 꽃 : 진짜 꽃을 키우는 게임"
13:00,82,1053012308,"클래시 로얄 (Clash Royale)"
13:00,83,6448719154,"레이븐2"
13:00,84,1635712706,"슬레이어 키우기"
13:00,85,6753862216,"푸드스타（Foodstars）: 합쳐서 요리하기"
13:00,86,6749302379,"동방 찻집"
13:00,87,6740189002,"갤럭시 디펜스(Galaxy Defense)"
13:00,88,6670441558,"Dark War:Survival"
13:00,89,6736896540,"헬로키티 마이 드림 스토어"
13:00,90,664575829,"피쉬돔 (Fishdom)"
13:00,91,6479970832,"포켓몬 카드 게임 Pocket"
13:00,92,1458568643,"피망 뉴맞고 : 고스톱으로 대한민국 1등"
13:00,93,1582390510,"한게임포커 클래식 - 7포커 홀덤 섯다 훌라 슬롯"
13:00,94,1640203623,"작혼: 리치 마작"
13:00,95,1509450845,"쿠키런: 킹덤"
13:00,96,6759914688,"냥찍 히어로즈 : 방치형 RPG"
13:00,97,1470173983,"AION2"
13:00,98,6483252725,"몬길: STAR DIVE"
13:00,99,6444043291,"Domino Dreams™"
13:00,100,6767834940,"탑 로드"
13:00,101,6462846417,"MLB 클러치 히트 베이스볼 26"
13:00,102,1580691683,"MLB 9이닝스 라이벌 26"
13:00,103,608808713,"쿠키런"
13:00,104,6776989094,"블라이트 워 : 방치형 RPG"
13:00,105,1347780764,"Identity V -제5인격"
13:00,106,6761749975,"토이 삼국"
13:00,107,1571873795,"블루 아카이브"
13:00,108,880551258,"컴투스프로야구2026"
13:00,109,1166415380,"풀팟 홀덤 포커: 텍사스 홀덤, 오마하, 토너먼트"
13:00,110,6756058501,"젤리 버스터즈: 퍼즐 게임"
13:00,111,1484442152,"머지 맨션: 퍼즐과 스토리"
13:00,112,6737595599,"파운데이션: 우주 전선"
13:00,113,1241893973,"페이트/그랜드 오더"
13:00,114,6450953550,"탑 히어로즈: 영웅의 시대"
13:00,115,529479190,"클래시 오브 클랜"
13:00,116,1376515087,"Age of Origins:Tower Defense"
13:00,117,6760754315,"꿈의 여행자: 별빛 여정"
13:00,118,6752672568,"Block Out! - Color Sort Puzzle"
13:00,119,1597760047,"OneState RP: 온라인 롤플레잉"
13:00,120,1444980563,"리니지W"
13:00,121,6476336847,"피망 쇼다운 홀덤 : 텍사스 홀덤, 포커, 토너먼트"
13:00,122,1516727770,"마구마구 2026: 풀체인지"
13:00,123,1468063069,"피망 포커"
13:00,124,6760743106,"천마지만 삼국지에서 무쌍중입니다"
13:00,125,6740966864,"딸깍 다이스"
13:00,126,6752369665,"Haunted Merge: Horror Story"
13:00,127,6476731203,"건틀렛: 신규 서버 오픈!"
13:00,128,1517783697,"원신-스네즈나야 오픈"
13:00,129,6475925341,"주술회전 팬텀 퍼레이드"
13:00,130,6443760593,"좀비 웨이브스"
13:00,131,1343688545,"ONE PIECE Bounty Rush"
13:00,132,6740043080,"Screwdom : 나사와 볼트 퍼즐"
13:00,133,6747957875,"Family Go! - 대를 잇는 인생 시뮬레이션"
13:00,134,479516143,"Minecraft 온라인으로 친구들과 함께 플레이하세요"
13:00,135,6444598069,"나이트 크로우"
13:00,136,6737408689,"스톤에이지 키우기"
13:00,137,6443468110,"러브앤딥스페이스"
13:00,138,6744885861,"스타일라잇: 3D 패션 시뮬레이션"
13:00,139,1449552940,"일곱 개의 대죄: GRAND CROSS"
13:00,140,6762203850,"바르디안: Vardian"
13:00,141,6502820653,"궁수의 전설2"
13:00,142,1484468651,"Dice Dreams™ 다이스 드림"
13:00,143,6746636289,"Forge Master – Idle RPG"
13:00,144,1628970855,"AFK: 새로운 여정"
13:00,145,6504332779,"Color Block Jam"
13:00,146,6457256716,"Total Football - 2026 북중미 시즌"
13:00,147,1371565796,"레이드: 그림자의 전설"
13:00,148,6767155768,"현상금 해적단 키우기"
13:00,149,6760125313,"희비전 리버스"
13:00,150,6443824730,"트릭컬 리바이브"
13:00,151,6741889270,"픽셀 법사 키우기 : 방치형 RPG"
13:00,152,6756558621,"킹덤2: 타오르는 전장"
13:00,153,1481802531,"이사만루26"
13:00,154,6449023119,"리버스: 1999"
13:00,155,6754373623,"소울 헌터 키우기 : 방치형 RPG"
13:00,156,6741503079,"Pokémon Champions"
13:00,157,6740848451,"RF 온라인 넥스트"
13:00,158,1478227443,"리니지2M"
13:00,159,6758072393,"추락한 아름다움: 머지&스토리"
13:00,160,6467117398,"버섯커 키우기"
13:00,161,6757722046,"Butcher hero: hook'n'chew RPG"
13:00,162,6566177585,"나 혼자 만렙 키우기"
13:00,163,6756641249,"hololive Dreams"
13:00,164,6760822948,"더 코지 플로리스트"
13:00,165,6754229264,"임진왜란: 조선의 반격"
13:00,166,6738469826,"랜드 오브 제일"
13:00,167,6746328263,"Castle Busters"
13:00,168,1483058899,"Project Makeover"
13:00,169,6472396866,"연운"
13:00,170,955705796,"MARVEL 퓨처파이트"
13:00,171,6444112366,"Limbus Company"
13:00,172,1203100009,"클럽오디션"
13:00,173,880047117,"앵그리버드 2 (Angry Birds 2)"
13:00,174,1480616748,"전략적 팀 전투: 리그 오브 레전드 전략 게임"
13:00,175,1462911602,"Dream League Soccer 2026"
13:00,176,6748741504,"에르피스"
13:00,177,6751056652,"Pixel Flow!"
13:00,178,852912420,"서머너즈 워 X 장송의 프리렌"
13:00,179,6740899070,"플랜티스와 좀비깡패"
13:00,180,6759585981,"별별 히어로: 영웅 다있소"
13:00,181,6758827442,"히간: 이루실"
13:00,182,1668036690,"우파루 오딧세이"
13:00,183,409687884,"팔라독(Paladog)"
13:00,184,6752554540,"가이더스 원"
13:00,185,6756247787,"디지몬 UP"
13:00,186,6739345737,"팰몬: 서바이벌"
13:00,187,1551772053,"퍼즐 오브 Z"
13:00,188,6754012129,"우와 모험단"
13:00,189,6755585789,"템빨용사: 픽셀 아이템 머지 RPG"
13:00,190,1158967485,"Hero Wars: Alliance 에픽 영웅 RPG"
13:00,191,6692615881,"SD건담 지 제네레이션 이터널"
13:00,192,6466373096,"동글동글 거위헬스장"
13:00,193,6499177365,"킹 오브 파이터 AFK"
13:00,194,1473424424,"한게임 신맞고 : 대한민국 원조 고스톱"
13:00,195,6749132002,"빠지냥! (Drop the Cat)"
13:00,196,1311102174,"위 베어 베어스 더 퍼즐 : 퍼즐게임"
13:00,197,6451399876,"Delta Force"
13:00,198,1554247785,"Yu-Gi-Oh! Master Duel"
13:00,199,6757690255,"윈드러너 키우기"
13:00,200,1473903308,"명일방주"
