time,rank,id,title
00:00,1,1089079153,"Garena 傳說對決：膽大黨聯動開啟！"
00:00,2,919043762,"星城-賓果行星大賽開跑"
00:00,3,1556357398,"Pikmin Bloom"
00:00,4,6443575749,"寒霜啟示錄"
00:00,5,6739554056,"Kingshot"
00:00,6,1623318294,"緋聞港口：合併&故事"
00:00,7,501306812,"麻將明星3缺1"
00:00,8,553834731,"糖果傳奇"
00:00,9,6759030432,"瑪奇 Mobile"
00:00,10,6752602491,"三國：謀定天下"
00:00,11,6756641249,"hololive Dreams"
00:00,12,1453363650,"PUBG MOBILE：絕地求生M"
00:00,13,1339550728,"包你發-王識賢、安心亞推薦休閒娛樂城-老虎機、捕魚機多款遊戲"
00:00,14,1441199787,"豪神娛樂城"
00:00,15,6448786147,"最後的戰爭 - Last War"
00:00,16,6752642477,"明日方舟：終末地"
00:00,17,6739616715,"楓之谷：放置冒險記"
00:00,18,1290086677,"楓之谷M - 奇幻冒險MMORPG"
00:00,19,6774434587,"猛鬼三國"
00:00,20,6749527002,"RO仙境傳説：世界之旅"
00:00,21,6749251466,"薑餅人放置大戰爭 - 餅乾養成RPG"
00:00,22,6449517782,"嚦咕麻將-戰神賽特、雷神之錘、超八、賽馬、麻將、魚機、老虎機"
00:00,23,455902495,"麻將 神來也麻將－台灣16張、麻雀"
00:00,24,406889139,"Coin Master"
00:00,25,1229016807,"《荒野亂鬥》"
00:00,26,1267732467,"金好運"
00:00,27,6670604287,"Garena® 三角洲行動"
00:00,28,907432647,"老子有錢-10萬倍賽特、柏青斯洛、老虎機、爆萬倍捕魚機"
00:00,29,6762115994,"開局一座島-送真海鮮！"
00:00,30,1094591345,"Pokémon GO"
00:00,31,6746465127,"細胞保衛戰 - 生存射擊大亂鬥"
00:00,32,6450006659,"巔峰極速"
00:00,33,1105855019,"夢幻花園 (Gardenscapes)"
00:00,34,1465688043,"決勝時刻: Mobile - Garena"
00:00,35,6504542886,"杖劍傳說：坎斯汀之約"
00:00,36,6482291732,"運氣拚輸贏"
00:00,37,1007924271,"滿貫大亨娛樂城 - 雷霆之錘II：諸神黃昏 強勢降臨！"
00:00,38,6471045672,"食光旅行"
00:00,39,1276508585,"天堂M"
00:00,40,6503702666,"同盟塔防戰：並肩作戰"
00:00,41,1094930513,"EA SPORTS FC™ 足球 Mobile 2026"
00:00,42,6758648051,"我的英雄學院：UNITED SURVIVAL"
00:00,43,1482155847,"Royal Match"
00:00,44,1606549505,"Royal Kingdom"
00:00,45,6746151928,"心動小鎮"
00:00,46,1501301871,"《英雄聯盟：激鬥峽谷》"
00:00,47,6503272652,"Last Z:Survival Shooter（倖存者逃亡）"
00:00,48,971601423,"貓咪大戰爭"
00:00,49,1195621598,"夢幻家園 (Homescapes)"
00:00,50,6754965520,"Rogue Legend - Roguelike RPG"
00:00,51,6739514639,"信長之野望 真戰"
00:00,52,6749109328,"超能戰爭"
00:00,53,767265270,"《LINE Rangers》×動畫「怪獸8號」合作活動"
00:00,54,1402384531,"天天玩樂園 (Play Together)"
00:00,55,1059665257,"MLB：9局職棒26"
00:00,56,6756707358,"肥鵝美食街"
00:00,57,6670441558,"Dark War:Survival"
00:00,58,1606356401,"絕區零 - 週年慶"
00:00,59,6475033368,"鳴潮 - 前往玄方地界"
00:00,60,6502820653,"弓箭傳說2"
00:00,61,6479970832,"Pokémon TCG Pocket"
00:00,62,6738109752,"點點大作戰"
00:00,63,1580691683,"MLB 9局職棒 勁旅對決 26"
00:00,64,6744796128,"燕雲十六聲"
00:00,65,6443755785,"漫遊小鎮®：合併&故事"
00:00,66,1444980563,"天堂W"
00:00,67,730209957,"拉斯維加斯娛樂城-捕魚,老虎機,拉霸,麻將,賭場遊戲"
00:00,68,1212704444,"棒球殿堂Live"
00:00,69,1356980152,"大福Online-老虎機、捕魚、推幣機、刮刮樂、拉霸 娛樂城"
00:00,70,638689075,"夢想小鎮 (Township)"
00:00,71,6503113088,"新武俠大明星"
00:00,72,6749302379,"夢幻茶樓"
00:00,73,1466736988,"跑跑卡丁車 Rush+"
00:00,74,6740966864,"點點英雄：骰子傳說"
00:00,75,6760538120,"醫起救世界：鼠裡逃生"
00:00,76,6756000886,"新熱血江湖：世界"
00:00,77,6618142292,"火辣餐廳：合併&烹飪"
00:00,78,6755455500,"好萊塢合成：星夢逆襲"
00:00,79,6760813873,"世界之外"
00:00,80,6474654939,"逆水寒"
00:00,81,1673675970,"蛋仔派對"
00:00,82,1492885094,"叫我大掌櫃"
00:00,83,6780402432,"爆走摸魚君"
00:00,84,6737599263,"NBA巔峰對決"
00:00,85,6747065546,"雲上城之歌：勇者再出發"
00:00,86,1628970855,"劍與遠征：啟程"
00:00,87,1572788053,"一念逍遙：涅槃重生"
00:00,88,6752369665,"誰來救救我"
00:00,89,6759596187,"無盡輪迴：鬼域摸金"
00:00,90,1630883882,"勝利女神：妮姬"
00:00,91,1517783697,"原神·空月之歌"
00:00,92,1300146617,"Free Fire: 9周年"
00:00,93,1530758357,"三國志・戰略版"
00:00,94,1315535136,"荒野行動"
00:00,95,6743163616,"江湖有詭"
00:00,96,1192272619,"錢街Online-麻將、捕魚機、老虎機、紅包雨、娛樂城"
00:00,97,6759817762,"Titan Rush: Survival"
00:00,98,1521236603,"Travel Town - Merge Adventure"
00:00,99,1599719154,"崩壞：星穹鐵道"
00:00,100,1643509748,"摩奇料理 主題餐廳"
00:00,101,439159270,"德州撲克 神來也德州撲克(Texas Poker)"
00:00,102,6760377678,"車車屍搭普 - 超激爽末日刷怪！"
00:00,103,1117270703,"eFootball™"
00:00,104,6747024269,"齒輪獸衛隊"
00:00,105,6755585789,"靠裝勇者：背包合成RPG"
00:00,106,6751560944,"我的花園世界"
00:00,107,850251209,"怪物彈珠"
00:00,108,6760992149,"生存33天"
00:00,109,1566814309,"國粹天天樂-台灣麻將四隻刀13支大老二排7接龍"
00:00,110,1053012308,"Clash Royale"
00:00,111,1551574670,"末日喧囂"
00:00,112,6692615881,"SD鋼彈 G世代 永恆"
00:00,113,6445880165,"暗影英雄：突襲"
00:00,114,1562065271,"無雙戰機"
00:00,115,6499562253,"龍村 3"
00:00,116,6785414379,"天命：六道輪迴"
00:00,117,1628517224,"忍者必須死-全球版"
00:00,118,1491129492,"Baseball Clash: Real-time game"
00:00,119,6746192853,"變身傳奇"
00:00,120,6754595303,"三國志KING"
00:00,121,6462846417,"MLB 制勝時刻 26"
00:00,122,6757519748,"超時空街球對決"
00:00,123,1376515087,"Age of Origins:Tower Defense"
00:00,124,1416604843,"Garena 極速領域：矩陣突破"
00:00,125,6469999573,"全明星街球派對"
00:00,126,6450953550,"王國之歌（Top Heroes）"
00:00,127,1253796614,"RO仙境傳說：守護永恆的愛"
00:00,128,1672731515,"捕魚新紀元Online - 歡樂捕魚大作戰"
00:00,129,6745761596,"Coin Master - Board Adventure"
00:00,130,949344041,"LINE 熊大農場"
00:00,131,6744726523,"問劍長生-亞洲服"
00:00,132,1037737746,"真人麻將 野蠻世界娛樂城-陳雷推薦"
00:00,133,6758817271,"鬼雄三國：主公有夠鬼"
00:00,134,6596787726,"卡皮巴拉 Go!"
00:00,135,6773322250,"解憂小食光：餐廳模擬經營"
00:00,136,6480159275,"救世者之樹：新世界"
00:00,137,6746328263,"Castle Busters"
00:00,138,6450161259,"獸族之怒"
00:00,139,664575829,"夢幻水族箱 (Fishdom)"
00:00,140,1536558718,"王牌俱樂部-戰神賽特2、赤三國、柏青、雷神、麻將、捕魚機"
00:00,141,1160056295,"Mobile Legends: Bang Bang"
00:00,142,963067330,"跑跑薑餅人：烤箱大逃亡"
00:00,143,1370284166,"第五人格"
00:00,144,6759955644,"練氣3000層：墮落女帝逼我飛升"
00:00,145,6503603603,"迷霧小鎮: 合成遊戲 (Mystery Town)"
00:00,146,1241253595,"叫我官老爺"
00:00,147,6738897614,"時光大爆炸"
00:00,148,1328213172,"一個官人一個妻"
00:00,149,6615069116,"救世主超忙"
00:00,150,6475925341,"咒術迴戰 幻影夜行"
00:00,151,529479190,"部落衝突 (Clash of Clans)"
00:00,152,6747957875,"家族物語 - 治癒系世代模擬"
00:00,153,1570095804,"Kingdom Guard:Tower Defense TD"
00:00,154,6757722046,"Butcher hero: hook'n'chew RPG"
00:00,155,1442505782,"明日之後-末日生存手遊"
00:00,156,6446716937,"九萬畝"
00:00,157,1158967485,"勇士爭霸：武士聯盟 放置角色 RPG遊戲"
00:00,158,1528941310,"噠噠特攻"
00:00,159,6757910692,"NBA王朝崛起"
00:00,160,6757413794,"真三國無雙・霸"
00:00,161,6751030003,"異環"
00:00,162,6753970194,"勇者來開團"
00:00,163,6450099588,"棕色塵埃2- 冒汗心跳的RPG"
00:00,164,807342900,"宅神爺麻將—正宗16張台灣麻將，捕魚機大獎狂噴，真人秒開桌"
00:00,165,6762765238,"JUMP 全明星亂鬥"
00:00,166,6756251184,"錫葛尼斯：紅月再臨"
00:00,167,1098157959,"文明霸業 - 王者再臨"
00:00,168,6737189862,"野蠻生存錄：侏羅紀"
00:00,169,852912420,"魔靈召喚: 天空之役"
00:00,170,6738163891,"VAMPIR：血之繼承者"
00:00,171,1390473317,"超異域公主連結！Re:Dive"
00:00,172,6480158002,"RO仙境傳說：初心之戰"
00:00,173,1602657241,"彈彈堂 Origin"
00:00,174,6754668476,"永夜降臨：雙面魅影"
00:00,175,6754387513,"堡壘傳說：蒸汽龐克"
00:00,176,6755575756,"巡夢少女"
00:00,177,6754004606,"超自然行動組"
00:00,178,1549111077,"辣財神娛樂城-張菲代言超爽賽特4、黑帝斯"
00:00,179,1593130084,"火炬之光：無限"
00:00,180,1487755374,"神來也暗棋2、象棋麻將"
00:00,181,6443760593,"喪尸狂潮"
00:00,182,1480516829,"Free Fire MAX"
00:00,183,6759788962,"Lordrush"
00:00,184,1487451427,"Infinity Kingdom"
00:00,185,6767834940,"最強領主"
00:00,186,1545808948,"RO仙境傳說: 新世代的誕生"
00:00,187,625257520,"《爐石戰記》"
00:00,188,1527975534,"全民打棒球 Pro"
00:00,189,1509450845,"薑餅人王國"
00:00,190,1483058899,"Project Makeover"
00:00,191,1252850847,"《NBA 2K Mobile》籃球遊戲"
00:00,192,583798880,"神魔之塔"
00:00,193,6738469826,"可獄不可囚"
00:00,194,1575861620,"賽馬娘Pretty Derby"
00:00,195,6740075555,"奇蹟MU：暴走之翼"
00:00,196,1492005122,"《暗黑破壞神 永生不朽》"
00:00,197,6756606270,"咻咻史萊姆 x 白爛貓 - 彈幕射擊放置RPG"
00:00,198,1371565796,"突襲：暗影傳說"
00:00,199,1462117269,"Sky光·遇"
00:00,200,6769617371,"刃與三國：烽火爭霸"
00:30,1,1089079153,"Garena 傳說對決：膽大黨聯動開啟！"
00:30,2,919043762,"星城-賓果行星大賽開跑"
00:30,3,1556357398,"Pikmin Bloom"
00:30,4,6443575749,"寒霜啟示錄"
00:30,5,6739554056,"Kingshot"
00:30,6,1623318294,"緋聞港口：合併&故事"
00:30,7,501306812,"麻將明星3缺1"
00:30,8,553834731,"糖果傳奇"
00:30,9,6759030432,"瑪奇 Mobile"
00:30,10,6752602491,"三國：謀定天下"
00:30,11,6756641249,"hololive Dreams"
00:30,12,1453363650,"PUBG MOBILE：絕地求生M"
00:30,13,1339550728,"包你發-王識賢、安心亞推薦休閒娛樂城-老虎機、捕魚機多款遊戲"
00:30,14,1441199787,"豪神娛樂城"
00:30,15,6448786147,"最後的戰爭 - Last War"
00:30,16,6752642477,"明日方舟：終末地"
00:30,17,6739616715,"楓之谷：放置冒險記"
00:30,18,1290086677,"楓之谷M - 奇幻冒險MMORPG"
00:30,19,6774434587,"猛鬼三國"
00:30,20,6749527002,"RO仙境傳説：世界之旅"
00:30,21,6749251466,"薑餅人放置大戰爭 - 餅乾養成RPG"
00:30,22,6449517782,"嚦咕麻將-戰神賽特、雷神之錘、超八、賽馬、麻將、魚機、老虎機"
00:30,23,455902495,"麻將 神來也麻將－台灣16張、麻雀"
00:30,24,406889139,"Coin Master"
00:30,25,1229016807,"《荒野亂鬥》"
00:30,26,1267732467,"金好運"
00:30,27,6670604287,"Garena® 三角洲行動"
00:30,28,907432647,"老子有錢-10萬倍賽特、柏青斯洛、老虎機、爆萬倍捕魚機"
00:30,29,6762115994,"開局一座島-送真海鮮！"
00:30,30,1094591345,"Pokémon GO"
00:30,31,6746465127,"細胞保衛戰 - 生存射擊大亂鬥"
00:30,32,6450006659,"巔峰極速"
00:30,33,1105855019,"夢幻花園 (Gardenscapes)"
00:30,34,1465688043,"決勝時刻: Mobile - Garena"
00:30,35,6504542886,"杖劍傳說：坎斯汀之約"
00:30,36,6482291732,"運氣拚輸贏"
00:30,37,1007924271,"滿貫大亨娛樂城 - 雷霆之錘II：諸神黃昏 強勢降臨！"
00:30,38,6471045672,"食光旅行"
00:30,39,1276508585,"天堂M"
00:30,40,6503702666,"同盟塔防戰：並肩作戰"
00:30,41,1094930513,"EA SPORTS FC™ 足球 Mobile 2026"
00:30,42,6758648051,"我的英雄學院：UNITED SURVIVAL"
00:30,43,1482155847,"Royal Match"
00:30,44,1606549505,"Royal Kingdom"
00:30,45,6746151928,"心動小鎮"
00:30,46,1501301871,"《英雄聯盟：激鬥峽谷》"
00:30,47,6503272652,"Last Z:Survival Shooter（倖存者逃亡）"
00:30,48,971601423,"貓咪大戰爭"
00:30,49,1195621598,"夢幻家園 (Homescapes)"
00:30,50,6754965520,"Rogue Legend - Roguelike RPG"
00:30,51,6739514639,"信長之野望 真戰"
00:30,52,6749109328,"超能戰爭"
00:30,53,767265270,"《LINE Rangers》×動畫「怪獸8號」合作活動"
00:30,54,1402384531,"天天玩樂園 (Play Together)"
00:30,55,1059665257,"MLB：9局職棒26"
00:30,56,6756707358,"肥鵝美食街"
00:30,57,6670441558,"Dark War:Survival"
00:30,58,1606356401,"絕區零 - 週年慶"
00:30,59,6475033368,"鳴潮 - 前往玄方地界"
00:30,60,6502820653,"弓箭傳說2"
00:30,61,6479970832,"Pokémon TCG Pocket"
00:30,62,6738109752,"點點大作戰"
00:30,63,1580691683,"MLB 9局職棒 勁旅對決 26"
00:30,64,6744796128,"燕雲十六聲"
00:30,65,6443755785,"漫遊小鎮®：合併&故事"
00:30,66,1444980563,"天堂W"
00:30,67,730209957,"拉斯維加斯娛樂城-捕魚,老虎機,拉霸,麻將,賭場遊戲"
00:30,68,1212704444,"棒球殿堂Live"
00:30,69,1356980152,"大福Online-老虎機、捕魚、推幣機、刮刮樂、拉霸 娛樂城"
00:30,70,638689075,"夢想小鎮 (Township)"
00:30,71,6503113088,"新武俠大明星"
00:30,72,6749302379,"夢幻茶樓"
00:30,73,1466736988,"跑跑卡丁車 Rush+"
00:30,74,6740966864,"點點英雄：骰子傳說"
00:30,75,6760538120,"醫起救世界：鼠裡逃生"
00:30,76,6756000886,"新熱血江湖：世界"
00:30,77,6618142292,"火辣餐廳：合併&烹飪"
00:30,78,6755455500,"好萊塢合成：星夢逆襲"
00:30,79,6760813873,"世界之外"
00:30,80,6474654939,"逆水寒"
00:30,81,1673675970,"蛋仔派對"
00:30,82,1492885094,"叫我大掌櫃"
00:30,83,6780402432,"爆走摸魚君"
00:30,84,6737599263,"NBA巔峰對決"
00:30,85,6747065546,"雲上城之歌：勇者再出發"
00:30,86,1628970855,"劍與遠征：啟程"
00:30,87,1572788053,"一念逍遙：涅槃重生"
00:30,88,6752369665,"誰來救救我"
00:30,89,6759596187,"無盡輪迴：鬼域摸金"
00:30,90,1630883882,"勝利女神：妮姬"
00:30,91,1517783697,"原神·空月之歌"
00:30,92,1300146617,"Free Fire: 9周年"
00:30,93,1530758357,"三國志・戰略版"
00:30,94,1315535136,"荒野行動"
00:30,95,6743163616,"江湖有詭"
00:30,96,1192272619,"錢街Online-麻將、捕魚機、老虎機、紅包雨、娛樂城"
00:30,97,6759817762,"Titan Rush: Survival"
00:30,98,1521236603,"Travel Town - Merge Adventure"
00:30,99,1599719154,"崩壞：星穹鐵道"
00:30,100,1643509748,"摩奇料理 主題餐廳"
00:30,101,439159270,"德州撲克 神來也德州撲克(Texas Poker)"
00:30,102,6760377678,"車車屍搭普 - 超激爽末日刷怪！"
00:30,103,1117270703,"eFootball™"
00:30,104,6747024269,"齒輪獸衛隊"
00:30,105,6755585789,"靠裝勇者：背包合成RPG"
00:30,106,6751560944,"我的花園世界"
00:30,107,850251209,"怪物彈珠"
00:30,108,6760992149,"生存33天"
00:30,109,1566814309,"國粹天天樂-台灣麻將四隻刀13支大老二排7接龍"
00:30,110,1053012308,"Clash Royale"
00:30,111,1551574670,"末日喧囂"
00:30,112,6692615881,"SD鋼彈 G世代 永恆"
00:30,113,6445880165,"暗影英雄：突襲"
00:30,114,1562065271,"無雙戰機"
00:30,115,6499562253,"龍村 3"
00:30,116,6785414379,"天命：六道輪迴"
00:30,117,1628517224,"忍者必須死-全球版"
00:30,118,1491129492,"Baseball Clash: Real-time game"
00:30,119,6746192853,"變身傳奇"
00:30,120,6754595303,"三國志KING"
00:30,121,6462846417,"MLB 制勝時刻 26"
00:30,122,6757519748,"超時空街球對決"
00:30,123,1376515087,"Age of Origins:Tower Defense"
00:30,124,1416604843,"Garena 極速領域：矩陣突破"
00:30,125,6469999573,"全明星街球派對"
00:30,126,6450953550,"王國之歌（Top Heroes）"
00:30,127,1253796614,"RO仙境傳說：守護永恆的愛"
00:30,128,1672731515,"捕魚新紀元Online - 歡樂捕魚大作戰"
00:30,129,6745761596,"Coin Master - Board Adventure"
00:30,130,949344041,"LINE 熊大農場"
00:30,131,6744726523,"問劍長生-亞洲服"
00:30,132,1037737746,"真人麻將 野蠻世界娛樂城-陳雷推薦"
00:30,133,6758817271,"鬼雄三國：主公有夠鬼"
00:30,134,6596787726,"卡皮巴拉 Go!"
00:30,135,6773322250,"解憂小食光：餐廳模擬經營"
00:30,136,6480159275,"救世者之樹：新世界"
00:30,137,6746328263,"Castle Busters"
00:30,138,6450161259,"獸族之怒"
00:30,139,664575829,"夢幻水族箱 (Fishdom)"
00:30,140,1536558718,"王牌俱樂部-戰神賽特2、赤三國、柏青、雷神、麻將、捕魚機"
00:30,141,1160056295,"Mobile Legends: Bang Bang"
00:30,142,963067330,"跑跑薑餅人：烤箱大逃亡"
00:30,143,1370284166,"第五人格"
00:30,144,6759955644,"練氣3000層：墮落女帝逼我飛升"
00:30,145,6503603603,"迷霧小鎮: 合成遊戲 (Mystery Town)"
00:30,146,1241253595,"叫我官老爺"
00:30,147,6738897614,"時光大爆炸"
00:30,148,1328213172,"一個官人一個妻"
00:30,149,6615069116,"救世主超忙"
00:30,150,6475925341,"咒術迴戰 幻影夜行"
00:30,151,529479190,"部落衝突 (Clash of Clans)"
00:30,152,6747957875,"家族物語 - 治癒系世代模擬"
00:30,153,1570095804,"Kingdom Guard:Tower Defense TD"
00:30,154,6757722046,"Butcher hero: hook'n'chew RPG"
00:30,155,1442505782,"明日之後-末日生存手遊"
00:30,156,6446716937,"九萬畝"
00:30,157,1158967485,"勇士爭霸：武士聯盟 放置角色 RPG遊戲"
00:30,158,1528941310,"噠噠特攻"
00:30,159,6757910692,"NBA王朝崛起"
00:30,160,6757413794,"真三國無雙・霸"
00:30,161,6751030003,"異環"
00:30,162,6753970194,"勇者來開團"
00:30,163,6450099588,"棕色塵埃2- 冒汗心跳的RPG"
00:30,164,807342900,"宅神爺麻將—正宗16張台灣麻將，捕魚機大獎狂噴，真人秒開桌"
00:30,165,6762765238,"JUMP 全明星亂鬥"
00:30,166,6756251184,"錫葛尼斯：紅月再臨"
00:30,167,1098157959,"文明霸業 - 王者再臨"
00:30,168,6737189862,"野蠻生存錄：侏羅紀"
00:30,169,852912420,"魔靈召喚: 天空之役"
00:30,170,6738163891,"VAMPIR：血之繼承者"
00:30,171,1390473317,"超異域公主連結！Re:Dive"
00:30,172,6480158002,"RO仙境傳說：初心之戰"
00:30,173,1602657241,"彈彈堂 Origin"
00:30,174,6754668476,"永夜降臨：雙面魅影"
00:30,175,6754387513,"堡壘傳說：蒸汽龐克"
00:30,176,6755575756,"巡夢少女"
00:30,177,6754004606,"超自然行動組"
00:30,178,1549111077,"辣財神娛樂城-張菲代言超爽賽特4、黑帝斯"
00:30,179,1593130084,"火炬之光：無限"
00:30,180,1487755374,"神來也暗棋2、象棋麻將"
00:30,181,6443760593,"喪尸狂潮"
00:30,182,1480516829,"Free Fire MAX"
00:30,183,6759788962,"Lordrush"
00:30,184,1487451427,"Infinity Kingdom"
00:30,185,6767834940,"最強領主"
00:30,186,1545808948,"RO仙境傳說: 新世代的誕生"
00:30,187,625257520,"《爐石戰記》"
00:30,188,1527975534,"全民打棒球 Pro"
00:30,189,1509450845,"薑餅人王國"
00:30,190,1483058899,"Project Makeover"
00:30,191,1252850847,"《NBA 2K Mobile》籃球遊戲"
00:30,192,583798880,"神魔之塔"
00:30,193,6738469826,"可獄不可囚"
00:30,194,1575861620,"賽馬娘Pretty Derby"
00:30,195,6740075555,"奇蹟MU：暴走之翼"
00:30,196,1492005122,"《暗黑破壞神 永生不朽》"
00:30,197,6756606270,"咻咻史萊姆 x 白爛貓 - 彈幕射擊放置RPG"
00:30,198,1371565796,"突襲：暗影傳說"
00:30,199,1462117269,"Sky光·遇"
00:30,200,6769617371,"刃與三國：烽火爭霸"
01:00,1,1089079153,"Garena 傳說對決：膽大黨聯動開啟！"
01:00,2,919043762,"星城-賓果行星大賽開跑"
01:00,3,1556357398,"Pikmin Bloom"
01:00,4,6443575749,"寒霜啟示錄"
01:00,5,6739554056,"Kingshot"
01:00,6,1623318294,"緋聞港口：合併&故事"
01:00,7,501306812,"麻將明星3缺1"
01:00,8,553834731,"糖果傳奇"
01:00,9,6759030432,"瑪奇 Mobile"
01:00,10,6752602491,"三國：謀定天下"
01:00,11,6756641249,"hololive Dreams"
01:00,12,1453363650,"PUBG MOBILE：絕地求生M"
01:00,13,1339550728,"包你發-王識賢、安心亞推薦休閒娛樂城-老虎機、捕魚機多款遊戲"
01:00,14,1441199787,"豪神娛樂城"
01:00,15,6448786147,"最後的戰爭 - Last War"
01:00,16,6752642477,"明日方舟：終末地"
01:00,17,6739616715,"楓之谷：放置冒險記"
01:00,18,1290086677,"楓之谷M - 奇幻冒險MMORPG"
01:00,19,6774434587,"猛鬼三國"
01:00,20,6749527002,"RO仙境傳説：世界之旅"
01:00,21,6749251466,"薑餅人放置大戰爭 - 餅乾養成RPG"
01:00,22,6449517782,"嚦咕麻將-戰神賽特、雷神之錘、超八、賽馬、麻將、魚機、老虎機"
01:00,23,455902495,"麻將 神來也麻將－台灣16張、麻雀"
01:00,24,406889139,"Coin Master"
01:00,25,1229016807,"《荒野亂鬥》"
01:00,26,1267732467,"金好運"
01:00,27,6670604287,"Garena® 三角洲行動"
01:00,28,907432647,"老子有錢-10萬倍賽特、柏青斯洛、老虎機、爆萬倍捕魚機"
01:00,29,6762115994,"開局一座島-送真海鮮！"
01:00,30,1094591345,"Pokémon GO"
01:00,31,6746465127,"細胞保衛戰 - 生存射擊大亂鬥"
01:00,32,6450006659,"巔峰極速"
01:00,33,1105855019,"夢幻花園 (Gardenscapes)"
01:00,34,1465688043,"決勝時刻: Mobile - Garena"
01:00,35,6504542886,"杖劍傳說：坎斯汀之約"
01:00,36,6482291732,"運氣拚輸贏"
01:00,37,1007924271,"滿貫大亨娛樂城 - 雷霆之錘II：諸神黃昏 強勢降臨！"
01:00,38,6471045672,"食光旅行"
01:00,39,1276508585,"天堂M"
01:00,40,6503702666,"同盟塔防戰：並肩作戰"
01:00,41,1094930513,"EA SPORTS FC™ 足球 Mobile 2026"
01:00,42,6758648051,"我的英雄學院：UNITED SURVIVAL"
01:00,43,1482155847,"Royal Match"
01:00,44,1606549505,"Royal Kingdom"
01:00,45,6746151928,"心動小鎮"
01:00,46,1501301871,"《英雄聯盟：激鬥峽谷》"
01:00,47,6503272652,"Last Z:Survival Shooter（倖存者逃亡）"
01:00,48,971601423,"貓咪大戰爭"
01:00,49,1195621598,"夢幻家園 (Homescapes)"
01:00,50,6754965520,"Rogue Legend - Roguelike RPG"
01:00,51,6739514639,"信長之野望 真戰"
01:00,52,6749109328,"超能戰爭"
01:00,53,767265270,"《LINE Rangers》×動畫「怪獸8號」合作活動"
01:00,54,1402384531,"天天玩樂園 (Play Together)"
01:00,55,1059665257,"MLB：9局職棒26"
01:00,56,6756707358,"肥鵝美食街"
01:00,57,6670441558,"Dark War:Survival"
01:00,58,1606356401,"絕區零 - 週年慶"
01:00,59,6475033368,"鳴潮 - 前往玄方地界"
01:00,60,6502820653,"弓箭傳說2"
01:00,61,6479970832,"Pokémon TCG Pocket"
01:00,62,6738109752,"點點大作戰"
01:00,63,1580691683,"MLB 9局職棒 勁旅對決 26"
01:00,64,6744796128,"燕雲十六聲"
01:00,65,6443755785,"漫遊小鎮®：合併&故事"
01:00,66,1444980563,"天堂W"
01:00,67,730209957,"拉斯維加斯娛樂城-捕魚,老虎機,拉霸,麻將,賭場遊戲"
01:00,68,1212704444,"棒球殿堂Live"
01:00,69,1356980152,"大福Online-老虎機、捕魚、推幣機、刮刮樂、拉霸 娛樂城"
01:00,70,638689075,"夢想小鎮 (Township)"
01:00,71,6503113088,"新武俠大明星"
01:00,72,6749302379,"夢幻茶樓"
01:00,73,1466736988,"跑跑卡丁車 Rush+"
01:00,74,6740966864,"點點英雄：骰子傳說"
01:00,75,6760538120,"醫起救世界：鼠裡逃生"
01:00,76,6756000886,"新熱血江湖：世界"
01:00,77,6618142292,"火辣餐廳：合併&烹飪"
01:00,78,6755455500,"好萊塢合成：星夢逆襲"
01:00,79,6760813873,"世界之外"
01:00,80,6474654939,"逆水寒"
01:00,81,1673675970,"蛋仔派對"
01:00,82,1492885094,"叫我大掌櫃"
01:00,83,6780402432,"爆走摸魚君"
01:00,84,6737599263,"NBA巔峰對決"
01:00,85,6747065546,"雲上城之歌：勇者再出發"
01:00,86,1628970855,"劍與遠征：啟程"
01:00,87,1572788053,"一念逍遙：涅槃重生"
01:00,88,6752369665,"誰來救救我"
01:00,89,6759596187,"無盡輪迴：鬼域摸金"
01:00,90,1630883882,"勝利女神：妮姬"
01:00,91,1517783697,"原神·空月之歌"
01:00,92,1300146617,"Free Fire: 9周年"
01:00,93,1530758357,"三國志・戰略版"
01:00,94,1315535136,"荒野行動"
01:00,95,6743163616,"江湖有詭"
01:00,96,1192272619,"錢街Online-麻將、捕魚機、老虎機、紅包雨、娛樂城"
01:00,97,6759817762,"Titan Rush: Survival"
01:00,98,1521236603,"Travel Town - Merge Adventure"
01:00,99,1599719154,"崩壞：星穹鐵道"
01:00,100,1643509748,"摩奇料理 主題餐廳"
01:00,101,439159270,"德州撲克 神來也德州撲克(Texas Poker)"
01:00,102,6760377678,"車車屍搭普 - 超激爽末日刷怪！"
01:00,103,1117270703,"eFootball™"
01:00,104,6747024269,"齒輪獸衛隊"
01:00,105,6755585789,"靠裝勇者：背包合成RPG"
01:00,106,6751560944,"我的花園世界"
01:00,107,850251209,"怪物彈珠"
01:00,108,6760992149,"生存33天"
01:00,109,1566814309,"國粹天天樂-台灣麻將四隻刀13支大老二排7接龍"
01:00,110,1053012308,"Clash Royale"
01:00,111,1551574670,"末日喧囂"
01:00,112,6692615881,"SD鋼彈 G世代 永恆"
01:00,113,6445880165,"暗影英雄：突襲"
01:00,114,1562065271,"無雙戰機"
01:00,115,6499562253,"龍村 3"
01:00,116,6785414379,"天命：六道輪迴"
01:00,117,1628517224,"忍者必須死-全球版"
01:00,118,1491129492,"Baseball Clash: Real-time game"
01:00,119,6746192853,"變身傳奇"
01:00,120,6754595303,"三國志KING"
01:00,121,6462846417,"MLB 制勝時刻 26"
01:00,122,6757519748,"超時空街球對決"
01:00,123,1376515087,"Age of Origins:Tower Defense"
01:00,124,1416604843,"Garena 極速領域：矩陣突破"
01:00,125,6469999573,"全明星街球派對"
01:00,126,6450953550,"王國之歌（Top Heroes）"
01:00,127,1253796614,"RO仙境傳說：守護永恆的愛"
01:00,128,1672731515,"捕魚新紀元Online - 歡樂捕魚大作戰"
01:00,129,6745761596,"Coin Master - Board Adventure"
01:00,130,949344041,"LINE 熊大農場"
01:00,131,6744726523,"問劍長生-亞洲服"
01:00,132,1037737746,"真人麻將 野蠻世界娛樂城-陳雷推薦"
01:00,133,6758817271,"鬼雄三國：主公有夠鬼"
01:00,134,6596787726,"卡皮巴拉 Go!"
01:00,135,6773322250,"解憂小食光：餐廳模擬經營"
01:00,136,6480159275,"救世者之樹：新世界"
01:00,137,6746328263,"Castle Busters"
01:00,138,6450161259,"獸族之怒"
01:00,139,664575829,"夢幻水族箱 (Fishdom)"
01:00,140,1536558718,"王牌俱樂部-戰神賽特2、赤三國、柏青、雷神、麻將、捕魚機"
01:00,141,1160056295,"Mobile Legends: Bang Bang"
01:00,142,963067330,"跑跑薑餅人：烤箱大逃亡"
01:00,143,1370284166,"第五人格"
01:00,144,6759955644,"練氣3000層：墮落女帝逼我飛升"
01:00,145,6503603603,"迷霧小鎮: 合成遊戲 (Mystery Town)"
01:00,146,1241253595,"叫我官老爺"
01:00,147,6738897614,"時光大爆炸"
01:00,148,1328213172,"一個官人一個妻"
01:00,149,6615069116,"救世主超忙"
01:00,150,6475925341,"咒術迴戰 幻影夜行"
01:00,151,529479190,"部落衝突 (Clash of Clans)"
01:00,152,6747957875,"家族物語 - 治癒系世代模擬"
01:00,153,1570095804,"Kingdom Guard:Tower Defense TD"
01:00,154,6757722046,"Butcher hero: hook'n'chew RPG"
01:00,155,1442505782,"明日之後-末日生存手遊"
01:00,156,6446716937,"九萬畝"
01:00,157,1158967485,"勇士爭霸：武士聯盟 放置角色 RPG遊戲"
01:00,158,1528941310,"噠噠特攻"
01:00,159,6757910692,"NBA王朝崛起"
01:00,160,6757413794,"真三國無雙・霸"
01:00,161,6751030003,"異環"
01:00,162,6753970194,"勇者來開團"
01:00,163,6450099588,"棕色塵埃2- 冒汗心跳的RPG"
01:00,164,807342900,"宅神爺麻將—正宗16張台灣麻將，捕魚機大獎狂噴，真人秒開桌"
01:00,165,6762765238,"JUMP 全明星亂鬥"
01:00,166,6756251184,"錫葛尼斯：紅月再臨"
01:00,167,1098157959,"文明霸業 - 王者再臨"
01:00,168,6737189862,"野蠻生存錄：侏羅紀"
01:00,169,852912420,"魔靈召喚: 天空之役"
01:00,170,6738163891,"VAMPIR：血之繼承者"
01:00,171,1390473317,"超異域公主連結！Re:Dive"
01:00,172,6480158002,"RO仙境傳說：初心之戰"
01:00,173,1602657241,"彈彈堂 Origin"
01:00,174,6754668476,"永夜降臨：雙面魅影"
01:00,175,6754387513,"堡壘傳說：蒸汽龐克"
01:00,176,6755575756,"巡夢少女"
01:00,177,6754004606,"超自然行動組"
01:00,178,1549111077,"辣財神娛樂城-張菲代言超爽賽特4、黑帝斯"
01:00,179,1593130084,"火炬之光：無限"
01:00,180,1487755374,"神來也暗棋2、象棋麻將"
01:00,181,6443760593,"喪尸狂潮"
01:00,182,1480516829,"Free Fire MAX"
01:00,183,6759788962,"Lordrush"
01:00,184,1487451427,"Infinity Kingdom"
01:00,185,6767834940,"最強領主"
01:00,186,1545808948,"RO仙境傳說: 新世代的誕生"
01:00,187,625257520,"《爐石戰記》"
01:00,188,1527975534,"全民打棒球 Pro"
01:00,189,1509450845,"薑餅人王國"
01:00,190,1483058899,"Project Makeover"
01:00,191,1252850847,"《NBA 2K Mobile》籃球遊戲"
01:00,192,583798880,"神魔之塔"
01:00,193,6738469826,"可獄不可囚"
01:00,194,1575861620,"賽馬娘Pretty Derby"
01:00,195,6740075555,"奇蹟MU：暴走之翼"
01:00,196,1492005122,"《暗黑破壞神 永生不朽》"
01:00,197,6756606270,"咻咻史萊姆 x 白爛貓 - 彈幕射擊放置RPG"
01:00,198,1371565796,"突襲：暗影傳說"
01:00,199,1462117269,"Sky光·遇"
01:00,200,6769617371,"刃與三國：烽火爭霸"
02:00,1,1089079153,"Garena 傳說對決：膽大黨聯動開啟！"
02:00,2,919043762,"星城-賓果行星大賽開跑"
02:00,3,1556357398,"Pikmin Bloom"
02:00,4,6443575749,"寒霜啟示錄"
02:00,5,6739554056,"Kingshot"
02:00,6,1623318294,"緋聞港口：合併&故事"
02:00,7,501306812,"麻將明星3缺1"
02:00,8,553834731,"糖果傳奇"
02:00,9,6759030432,"瑪奇 Mobile"
02:00,10,6752602491,"三國：謀定天下"
02:00,11,1339550728,"包你發-王識賢、安心亞推薦休閒娛樂城-老虎機、捕魚機多款遊戲"
02:00,12,1453363650,"PUBG MOBILE：絕地求生M"
02:00,13,6756641249,"hololive Dreams"
02:00,14,6448786147,"最後的戰爭 - Last War"
02:00,15,1441199787,"豪神娛樂城"
02:00,16,6752642477,"明日方舟：終末地"
02:00,17,6749527002,"RO仙境傳説：世界之旅"
02:00,18,6449517782,"嚦咕麻將-戰神賽特、雷神之錘、超八、賽馬、麻將、魚機、老虎機"
02:00,19,1290086677,"楓之谷M - 奇幻冒險MMORPG"
02:00,20,406889139,"Coin Master"
02:00,21,6774434587,"猛鬼三國"
02:00,22,6749251466,"薑餅人放置大戰爭 - 餅乾養成RPG"
02:00,23,6739616715,"楓之谷：放置冒險記"
02:00,24,455902495,"麻將 神來也麻將－台灣16張、麻雀"
02:00,25,1229016807,"《荒野亂鬥》"
02:00,26,1267732467,"金好運"
02:00,27,907432647,"老子有錢-10萬倍賽特、柏青斯洛、老虎機、爆萬倍捕魚機"
02:00,28,6670604287,"Garena® 三角洲行動"
02:00,29,6762115994,"開局一座島-送真海鮮！"
02:00,30,1094591345,"Pokémon GO"
02:00,31,6746465127,"細胞保衛戰 - 生存射擊大亂鬥"
02:00,32,1105855019,"夢幻花園 (Gardenscapes)"
02:00,33,6471045672,"食光旅行"
02:00,34,6450006659,"巔峰極速"
02:00,35,6504542886,"杖劍傳說：坎斯汀之約"
02:00,36,1465688043,"決勝時刻: Mobile - Garena"
02:00,37,6482291732,"運氣拚輸贏"
02:00,38,1007924271,"滿貫大亨娛樂城 - 雷霆之錘II：諸神黃昏 強勢降臨！"
02:00,39,6503702666,"同盟塔防戰：並肩作戰"
02:00,40,1276508585,"天堂M"
02:00,41,1482155847,"Royal Match"
02:00,42,1606549505,"Royal Kingdom"
02:00,43,6758648051,"我的英雄學院：UNITED SURVIVAL"
02:00,44,1094930513,"EA SPORTS FC™ 足球 Mobile 2026"
02:00,45,6503272652,"Last Z:Survival Shooter（倖存者逃亡）"
02:00,46,1501301871,"《英雄聯盟：激鬥峽谷》"
02:00,47,1195621598,"夢幻家園 (Homescapes)"
02:00,48,6754965520,"Rogue Legend - Roguelike RPG"
02:00,49,971601423,"貓咪大戰爭"
02:00,50,6746151928,"心動小鎮"
02:00,51,767265270,"《LINE Rangers》×動畫「怪獸8號」合作活動"
02:00,52,6749109328,"超能戰爭"
02:00,53,1402384531,"天天玩樂園 (Play Together)"
02:00,54,6739514639,"信長之野望 真戰"
02:00,55,6670441558,"Dark War:Survival"
02:00,56,1059665257,"MLB：9局職棒26"
02:00,57,6479970832,"Pokémon TCG Pocket"
02:00,58,6756707358,"肥鵝美食街"
02:00,59,6744796128,"燕雲十六聲"
02:00,60,1606356401,"絕區零 - 週年慶"
02:00,61,6475033368,"鳴潮 - 前往玄方地界"
02:00,62,6738109752,"點點大作戰"
02:00,63,1212704444,"棒球殿堂Live"
02:00,64,638689075,"夢想小鎮 (Township)"
02:00,65,730209957,"拉斯維加斯娛樂城-捕魚,老虎機,拉霸,麻將,賭場遊戲"
02:00,66,6502820653,"弓箭傳說2"
02:00,67,6443755785,"漫遊小鎮®：合併&故事"
02:00,68,1356980152,"大福Online-老虎機、捕魚、推幣機、刮刮樂、拉霸 娛樂城"
02:00,69,1466736988,"跑跑卡丁車 Rush+"
02:00,70,6503113088,"新武俠大明星"
02:00,71,1580691683,"MLB 9局職棒 勁旅對決 26"
02:00,72,1444980563,"天堂W"
02:00,73,6749302379,"夢幻茶樓"
02:00,74,6759817762,"Titan Rush: Survival"
02:00,75,6760538120,"醫起救世界：鼠裡逃生"
02:00,76,6618142292,"火辣餐廳：合併&烹飪"
02:00,77,6755455500,"好萊塢合成：星夢逆襲"
02:00,78,6740966864,"點點英雄：骰子傳說"
02:00,79,6756000886,"新熱血江湖：世界"
02:00,80,1673675970,"蛋仔派對"
02:00,81,6752369665,"誰來救救我"
02:00,82,1572788053,"一念逍遙：涅槃重生"
02:00,83,6737599263,"NBA巔峰對決"
02:00,84,6780402432,"爆走摸魚君"
02:00,85,1517783697,"原神·空月之歌"
02:00,86,1521236603,"Travel Town - Merge Adventure"
02:00,87,6760813873,"世界之外"
02:00,88,6759596187,"無盡輪迴：鬼域摸金"
02:00,89,6474654939,"逆水寒"
02:00,90,1628970855,"劍與遠征：啟程"
02:00,91,1630883882,"勝利女神：妮姬"
02:00,92,1492885094,"叫我大掌櫃"
02:00,93,6747065546,"雲上城之歌：勇者再出發"
02:00,94,1599719154,"崩壞：星穹鐵道"
02:00,95,6445880165,"暗影英雄：突襲"
02:00,96,6760377678,"車車屍搭普 - 超激爽末日刷怪！"
02:00,97,6755585789,"靠裝勇者：背包合成RPG"
02:00,98,1300146617,"Free Fire: 9周年"
02:00,99,1643509748,"摩奇料理 主題餐廳"
02:00,100,1530758357,"三國志・戰略版"
02:00,101,6743163616,"江湖有詭"
02:00,102,1117270703,"eFootball™"
02:00,103,6751560944,"我的花園世界"
02:00,104,1192272619,"錢街Online-麻將、捕魚機、老虎機、紅包雨、娛樂城"
02:00,105,1315535136,"荒野行動"
02:00,106,6747024269,"齒輪獸衛隊"
02:00,107,439159270,"德州撲克 神來也德州撲克(Texas Poker)"
02:00,108,1566814309,"國粹天天樂-台灣麻將四隻刀13支大老二排7接龍"
02:00,109,6692615881,"SD鋼彈 G世代 永恆"
02:00,110,850251209,"怪物彈珠"
02:00,111,1053012308,"Clash Royale"
02:00,112,6760992149,"生存33天"
02:00,113,1562065271,"無雙戰機"
02:00,114,6499562253,"龍村 3"
02:00,115,1551574670,"末日喧囂"
02:00,116,1491129492,"Baseball Clash: Real-time game"
02:00,117,6754595303,"三國志KING"
02:00,118,6462846417,"MLB 制勝時刻 26"
02:00,119,1628517224,"忍者必須死-全球版"
02:00,120,6785414379,"天命：六道輪迴"
02:00,121,6469999573,"全明星街球派對"
02:00,122,6757519748,"超時空街球對決"
02:00,123,6746192853,"變身傳奇"
02:00,124,6450953550,"王國之歌（Top Heroes）"
02:00,125,6745761596,"Coin Master - Board Adventure"
02:00,126,1416604843,"Garena 極速領域：矩陣突破"
02:00,127,1037737746,"真人麻將 野蠻世界娛樂城-陳雷推薦"
02:00,128,664575829,"夢幻水族箱 (Fishdom)"
02:00,129,1376515087,"Age of Origins:Tower Defense"
02:00,130,1253796614,"RO仙境傳說：守護永恆的愛"
02:00,131,1672731515,"捕魚新紀元Online - 歡樂捕魚大作戰"
02:00,132,6744726523,"問劍長生-亞洲服"
02:00,133,949344041,"LINE 熊大農場"
02:00,134,6773322250,"解憂小食光：餐廳模擬經營"
02:00,135,1241253595,"叫我官老爺"
02:00,136,529479190,"部落衝突 (Clash of Clans)"
02:00,137,6480159275,"救世者之樹：新世界"
02:00,138,6758817271,"鬼雄三國：主公有夠鬼"
02:00,139,1370284166,"第五人格"
02:00,140,6746328263,"Castle Busters"
02:00,141,6503603603,"迷霧小鎮: 合成遊戲 (Mystery Town)"
02:00,142,6596787726,"卡皮巴拉 Go!"
02:00,143,1160056295,"Mobile Legends: Bang Bang"
02:00,144,6738897614,"時光大爆炸"
02:00,145,6450161259,"獸族之怒"
02:00,146,6759955644,"練氣3000層：墮落女帝逼我飛升"
02:00,147,963067330,"跑跑薑餅人：烤箱大逃亡"
02:00,148,1536558718,"王牌俱樂部-戰神賽特2、赤三國、柏青、雷神、麻將、捕魚機"
02:00,149,6747957875,"家族物語 - 治癒系世代模擬"
02:00,150,6615069116,"救世主超忙"
02:00,151,1328213172,"一個官人一個妻"
02:00,152,6757722046,"Butcher hero: hook'n'chew RPG"
02:00,153,1570095804,"Kingdom Guard:Tower Defense TD"
02:00,154,6475925341,"咒術迴戰 幻影夜行"
02:00,155,1158967485,"勇士爭霸：武士聯盟 放置角色 RPG遊戲"
02:00,156,1442505782,"明日之後-末日生存手遊"
02:00,157,6446716937,"九萬畝"
02:00,158,6753970194,"勇者來開團"
02:00,159,1528941310,"噠噠特攻"
02:00,160,807342900,"宅神爺麻將—正宗16張台灣麻將，捕魚機大獎狂噴，真人秒開桌"
02:00,161,6751030003,"異環"
02:00,162,6450099588,"棕色塵埃2- 冒汗心跳的RPG"
02:00,163,1390473317,"超異域公主連結！Re:Dive"
02:00,164,852912420,"魔靈召喚: 天空之役"
02:00,165,6755575756,"巡夢少女"
02:00,166,6762765238,"JUMP 全明星亂鬥"
02:00,167,6480158002,"RO仙境傳說：初心之戰"
02:00,168,6757413794,"真三國無雙・霸"
02:00,169,6757910692,"NBA王朝崛起"
02:00,170,6738163891,"VAMPIR：血之繼承者"
02:00,171,6756251184,"錫葛尼斯：紅月再臨"
02:00,172,1098157959,"文明霸業 - 王者再臨"
02:00,173,6754004606,"超自然行動組"
02:00,174,6737189862,"野蠻生存錄：侏羅紀"
02:00,175,583798880,"神魔之塔"
02:00,176,6754387513,"堡壘傳說：蒸汽龐克"
02:00,177,1483058899,"Project Makeover"
02:00,178,6739022700,"時光雜貨店"
02:00,179,1593130084,"火炬之光：無限"
02:00,180,1252850847,"《NBA 2K Mobile》籃球遊戲"
02:00,181,1663423521,"Wizardry Variants Daphne"
02:00,182,1480516829,"Free Fire MAX"
02:00,183,1545808948,"RO仙境傳說: 新世代的誕生"
02:00,184,1602657241,"彈彈堂 Origin"
02:00,185,6754668476,"永夜降臨：雙面魅影"
02:00,186,1509450845,"薑餅人王國"
02:00,187,1492005122,"《暗黑破壞神 永生不朽》"
02:00,188,6759788962,"Lordrush"
02:00,189,6737409896,"進擊的惡魔團"
02:00,190,625257520,"《爐石戰記》"
02:00,191,1487755374,"神來也暗棋2、象棋麻將"
02:00,192,6443760593,"喪尸狂潮"
02:00,193,1527975534,"全民打棒球 Pro"
02:00,194,6740075555,"奇蹟MU：暴走之翼"
02:00,195,1487451427,"Infinity Kingdom"
02:00,196,1462117269,"Sky光·遇"
02:00,197,6767834940,"最強領主"
02:00,198,1371565796,"突襲：暗影傳說"
02:00,199,1549111077,"辣財神娛樂城-張菲代言超爽賽特4、黑帝斯"
02:00,200,1529827834,"開心鬥地主 - 真人棋牌合集"
02:30,1,1089079153,"Garena 傳說對決：膽大黨聯動開啟！"
02:30,2,919043762,"星城-賓果行星大賽開跑"
02:30,3,1556357398,"Pikmin Bloom"
02:30,4,6443575749,"寒霜啟示錄"
02:30,5,6739554056,"Kingshot"
02:30,6,1623318294,"緋聞港口：合併&故事"
02:30,7,501306812,"麻將明星3缺1"
02:30,8,553834731,"糖果傳奇"
02:30,9,6759030432,"瑪奇 Mobile"
02:30,10,6752602491,"三國：謀定天下"
02:30,11,1339550728,"包你發-王識賢、安心亞推薦休閒娛樂城-老虎機、捕魚機多款遊戲"
02:30,12,1453363650,"PUBG MOBILE：絕地求生M"
02:30,13,6756641249,"hololive Dreams"
02:30,14,6448786147,"最後的戰爭 - Last War"
02:30,15,1441199787,"豪神娛樂城"
02:30,16,6752642477,"明日方舟：終末地"
02:30,17,6749527002,"RO仙境傳説：世界之旅"
02:30,18,6449517782,"嚦咕麻將-戰神賽特、雷神之錘、超八、賽馬、麻將、魚機、老虎機"
02:30,19,1290086677,"楓之谷M - 奇幻冒險MMORPG"
02:30,20,406889139,"Coin Master"
02:30,21,6774434587,"猛鬼三國"
02:30,22,6749251466,"薑餅人放置大戰爭 - 餅乾養成RPG"
02:30,23,6739616715,"楓之谷：放置冒險記"
02:30,24,455902495,"麻將 神來也麻將－台灣16張、麻雀"
02:30,25,1229016807,"《荒野亂鬥》"
02:30,26,1267732467,"金好運"
02:30,27,907432647,"老子有錢-10萬倍賽特、柏青斯洛、老虎機、爆萬倍捕魚機"
02:30,28,6670604287,"Garena® 三角洲行動"
02:30,29,6762115994,"開局一座島-送真海鮮！"
02:30,30,1094591345,"Pokémon GO"
02:30,31,6746465127,"細胞保衛戰 - 生存射擊大亂鬥"
02:30,32,1105855019,"夢幻花園 (Gardenscapes)"
02:30,33,6471045672,"食光旅行"
02:30,34,6450006659,"巔峰極速"
02:30,35,6504542886,"杖劍傳說：坎斯汀之約"
02:30,36,1465688043,"決勝時刻: Mobile - Garena"
02:30,37,6482291732,"運氣拚輸贏"
02:30,38,1007924271,"滿貫大亨娛樂城 - 雷霆之錘II：諸神黃昏 強勢降臨！"
02:30,39,6503702666,"同盟塔防戰：並肩作戰"
02:30,40,1276508585,"天堂M"
02:30,41,1482155847,"Royal Match"
02:30,42,1606549505,"Royal Kingdom"
02:30,43,6758648051,"我的英雄學院：UNITED SURVIVAL"
02:30,44,1094930513,"EA SPORTS FC™ 足球 Mobile 2026"
02:30,45,6503272652,"Last Z:Survival Shooter（倖存者逃亡）"
02:30,46,1501301871,"《英雄聯盟：激鬥峽谷》"
02:30,47,1195621598,"夢幻家園 (Homescapes)"
02:30,48,6754965520,"Rogue Legend - Roguelike RPG"
02:30,49,971601423,"貓咪大戰爭"
02:30,50,6746151928,"心動小鎮"
02:30,51,767265270,"《LINE Rangers》×動畫「怪獸8號」合作活動"
02:30,52,6749109328,"超能戰爭"
02:30,53,1402384531,"天天玩樂園 (Play Together)"
02:30,54,6739514639,"信長之野望 真戰"
02:30,55,6670441558,"Dark War:Survival"
02:30,56,1059665257,"MLB：9局職棒26"
02:30,57,6479970832,"Pokémon TCG Pocket"
02:30,58,6756707358,"肥鵝美食街"
02:30,59,6744796128,"燕雲十六聲"
02:30,60,1606356401,"絕區零 - 週年慶"
02:30,61,6475033368,"鳴潮 - 前往玄方地界"
02:30,62,6738109752,"點點大作戰"
02:30,63,1212704444,"棒球殿堂Live"
02:30,64,638689075,"夢想小鎮 (Township)"
02:30,65,730209957,"拉斯維加斯娛樂城-捕魚,老虎機,拉霸,麻將,賭場遊戲"
02:30,66,6502820653,"弓箭傳說2"
02:30,67,6443755785,"漫遊小鎮®：合併&故事"
02:30,68,1356980152,"大福Online-老虎機、捕魚、推幣機、刮刮樂、拉霸 娛樂城"
02:30,69,1466736988,"跑跑卡丁車 Rush+"
02:30,70,6503113088,"新武俠大明星"
02:30,71,1580691683,"MLB 9局職棒 勁旅對決 26"
02:30,72,1444980563,"天堂W"
02:30,73,6749302379,"夢幻茶樓"
02:30,74,6759817762,"Titan Rush: Survival"
02:30,75,6760538120,"醫起救世界：鼠裡逃生"
02:30,76,6618142292,"火辣餐廳：合併&烹飪"
02:30,77,6755455500,"好萊塢合成：星夢逆襲"
02:30,78,6740966864,"點點英雄：骰子傳說"
02:30,79,6756000886,"新熱血江湖：世界"
02:30,80,1673675970,"蛋仔派對"
02:30,81,6752369665,"誰來救救我"
02:30,82,1572788053,"一念逍遙：涅槃重生"
02:30,83,6737599263,"NBA巔峰對決"
02:30,84,6780402432,"爆走摸魚君"
02:30,85,1517783697,"原神·空月之歌"
02:30,86,1521236603,"Travel Town - Merge Adventure"
02:30,87,6760813873,"世界之外"
02:30,88,6759596187,"無盡輪迴：鬼域摸金"
02:30,89,6474654939,"逆水寒"
02:30,90,1628970855,"劍與遠征：啟程"
02:30,91,1630883882,"勝利女神：妮姬"
02:30,92,1492885094,"叫我大掌櫃"
02:30,93,6747065546,"雲上城之歌：勇者再出發"
02:30,94,1599719154,"崩壞：星穹鐵道"
02:30,95,6445880165,"暗影英雄：突襲"
02:30,96,6760377678,"車車屍搭普 - 超激爽末日刷怪！"
02:30,97,6755585789,"靠裝勇者：背包合成RPG"
02:30,98,1300146617,"Free Fire: 9周年"
02:30,99,1643509748,"摩奇料理 主題餐廳"
02:30,100,1530758357,"三國志・戰略版"
02:30,101,6743163616,"江湖有詭"
02:30,102,1117270703,"eFootball™"
02:30,103,6751560944,"我的花園世界"
02:30,104,1192272619,"錢街Online-麻將、捕魚機、老虎機、紅包雨、娛樂城"
02:30,105,1315535136,"荒野行動"
02:30,106,6747024269,"齒輪獸衛隊"
02:30,107,439159270,"德州撲克 神來也德州撲克(Texas Poker)"
02:30,108,1566814309,"國粹天天樂-台灣麻將四隻刀13支大老二排7接龍"
02:30,109,6692615881,"SD鋼彈 G世代 永恆"
02:30,110,850251209,"怪物彈珠"
02:30,111,1053012308,"Clash Royale"
02:30,112,6760992149,"生存33天"
02:30,113,1562065271,"無雙戰機"
02:30,114,6499562253,"龍村 3"
02:30,115,1551574670,"末日喧囂"
02:30,116,1491129492,"Baseball Clash: Real-time game"
02:30,117,6754595303,"三國志KING"
02:30,118,6462846417,"MLB 制勝時刻 26"
02:30,119,1628517224,"忍者必須死-全球版"
02:30,120,6785414379,"天命：六道輪迴"
02:30,121,6469999573,"全明星街球派對"
02:30,122,6757519748,"超時空街球對決"
02:30,123,6746192853,"變身傳奇"
02:30,124,6450953550,"王國之歌（Top Heroes）"
02:30,125,6745761596,"Coin Master - Board Adventure"
02:30,126,1416604843,"Garena 極速領域：矩陣突破"
02:30,127,1037737746,"真人麻將 野蠻世界娛樂城-陳雷推薦"
02:30,128,664575829,"夢幻水族箱 (Fishdom)"
02:30,129,1376515087,"Age of Origins:Tower Defense"
02:30,130,1253796614,"RO仙境傳說：守護永恆的愛"
02:30,131,1672731515,"捕魚新紀元Online - 歡樂捕魚大作戰"
02:30,132,6744726523,"問劍長生-亞洲服"
02:30,133,949344041,"LINE 熊大農場"
02:30,134,6773322250,"解憂小食光：餐廳模擬經營"
02:30,135,1241253595,"叫我官老爺"
02:30,136,529479190,"部落衝突 (Clash of Clans)"
02:30,137,6480159275,"救世者之樹：新世界"
02:30,138,6758817271,"鬼雄三國：主公有夠鬼"
02:30,139,1370284166,"第五人格"
02:30,140,6746328263,"Castle Busters"
02:30,141,6503603603,"迷霧小鎮: 合成遊戲 (Mystery Town)"
02:30,142,6596787726,"卡皮巴拉 Go!"
02:30,143,1160056295,"Mobile Legends: Bang Bang"
02:30,144,6738897614,"時光大爆炸"
02:30,145,6450161259,"獸族之怒"
02:30,146,6759955644,"練氣3000層：墮落女帝逼我飛升"
02:30,147,963067330,"跑跑薑餅人：烤箱大逃亡"
02:30,148,1536558718,"王牌俱樂部-戰神賽特2、赤三國、柏青、雷神、麻將、捕魚機"
02:30,149,6747957875,"家族物語 - 治癒系世代模擬"
02:30,150,6615069116,"救世主超忙"
02:30,151,1328213172,"一個官人一個妻"
02:30,152,6757722046,"Butcher hero: hook'n'chew RPG"
02:30,153,1570095804,"Kingdom Guard:Tower Defense TD"
02:30,154,6475925341,"咒術迴戰 幻影夜行"
02:30,155,1158967485,"勇士爭霸：武士聯盟 放置角色 RPG遊戲"
02:30,156,1442505782,"明日之後-末日生存手遊"
02:30,157,6446716937,"九萬畝"
02:30,158,6753970194,"勇者來開團"
02:30,159,1528941310,"噠噠特攻"
02:30,160,807342900,"宅神爺麻將—正宗16張台灣麻將，捕魚機大獎狂噴，真人秒開桌"
02:30,161,6751030003,"異環"
02:30,162,6450099588,"棕色塵埃2- 冒汗心跳的RPG"
02:30,163,1390473317,"超異域公主連結！Re:Dive"
02:30,164,852912420,"魔靈召喚: 天空之役"
02:30,165,6755575756,"巡夢少女"
02:30,166,6762765238,"JUMP 全明星亂鬥"
02:30,167,6480158002,"RO仙境傳說：初心之戰"
02:30,168,6757413794,"真三國無雙・霸"
02:30,169,6757910692,"NBA王朝崛起"
02:30,170,6738163891,"VAMPIR：血之繼承者"
02:30,171,6756251184,"錫葛尼斯：紅月再臨"
02:30,172,1098157959,"文明霸業 - 王者再臨"
02:30,173,6754004606,"超自然行動組"
02:30,174,6737189862,"野蠻生存錄：侏羅紀"
02:30,175,583798880,"神魔之塔"
02:30,176,6754387513,"堡壘傳說：蒸汽龐克"
02:30,177,1483058899,"Project Makeover"
02:30,178,6739022700,"時光雜貨店"
02:30,179,1593130084,"火炬之光：無限"
02:30,180,1252850847,"《NBA 2K Mobile》籃球遊戲"
02:30,181,1663423521,"Wizardry Variants Daphne"
02:30,182,1480516829,"Free Fire MAX"
02:30,183,1545808948,"RO仙境傳說: 新世代的誕生"
02:30,184,1602657241,"彈彈堂 Origin"
02:30,185,6754668476,"永夜降臨：雙面魅影"
02:30,186,1509450845,"薑餅人王國"
02:30,187,1492005122,"《暗黑破壞神 永生不朽》"
02:30,188,6759788962,"Lordrush"
02:30,189,6737409896,"進擊的惡魔團"
02:30,190,625257520,"《爐石戰記》"
02:30,191,1487755374,"神來也暗棋2、象棋麻將"
02:30,192,6443760593,"喪尸狂潮"
02:30,193,1527975534,"全民打棒球 Pro"
02:30,194,6740075555,"奇蹟MU：暴走之翼"
02:30,195,1487451427,"Infinity Kingdom"
02:30,196,1462117269,"Sky光·遇"
02:30,197,6767834940,"最強領主"
02:30,198,1371565796,"突襲：暗影傳說"
02:30,199,1549111077,"辣財神娛樂城-張菲代言超爽賽特4、黑帝斯"
02:30,200,1529827834,"開心鬥地主 - 真人棋牌合集"
03:30,1,1089079153,"Garena 傳說對決：膽大黨聯動開啟！"
03:30,2,919043762,"星城-賓果行星大賽開跑"
03:30,3,1556357398,"Pikmin Bloom"
03:30,4,6443575749,"寒霜啟示錄"
03:30,5,6739554056,"Kingshot"
03:30,6,1623318294,"緋聞港口：合併&故事"
03:30,7,501306812,"麻將明星3缺1"
03:30,8,553834731,"糖果傳奇"
03:30,9,6759030432,"瑪奇 Mobile"
03:30,10,6752602491,"三國：謀定天下"
03:30,11,1339550728,"包你發-王識賢、安心亞推薦休閒娛樂城-老虎機、捕魚機多款遊戲"
03:30,12,1453363650,"PUBG MOBILE：絕地求生M"
03:30,13,6756641249,"hololive Dreams"
03:30,14,6448786147,"最後的戰爭 - Last War"
03:30,15,1441199787,"豪神娛樂城"
03:30,16,6752642477,"明日方舟：終末地"
03:30,17,6749527002,"RO仙境傳説：世界之旅"
03:30,18,6449517782,"嚦咕麻將-戰神賽特、雷神之錘、超八、賽馬、麻將、魚機、老虎機"
03:30,19,1290086677,"楓之谷M - 奇幻冒險MMORPG"
03:30,20,406889139,"Coin Master"
03:30,21,6774434587,"猛鬼三國"
03:30,22,6749251466,"薑餅人放置大戰爭 - 餅乾養成RPG"
03:30,23,6739616715,"楓之谷：放置冒險記"
03:30,24,455902495,"麻將 神來也麻將－台灣16張、麻雀"
03:30,25,1229016807,"《荒野亂鬥》"
03:30,26,1267732467,"金好運"
03:30,27,907432647,"老子有錢-10萬倍賽特、柏青斯洛、老虎機、爆萬倍捕魚機"
03:30,28,6670604287,"Garena® 三角洲行動"
03:30,29,6762115994,"開局一座島-送真海鮮！"
03:30,30,1094591345,"Pokémon GO"
03:30,31,6746465127,"細胞保衛戰 - 生存射擊大亂鬥"
03:30,32,1105855019,"夢幻花園 (Gardenscapes)"
03:30,33,6471045672,"食光旅行"
03:30,34,6450006659,"巔峰極速"
03:30,35,6504542886,"杖劍傳說：坎斯汀之約"
03:30,36,1465688043,"決勝時刻: Mobile - Garena"
03:30,37,6482291732,"運氣拚輸贏"
03:30,38,1007924271,"滿貫大亨娛樂城 - 雷霆之錘II：諸神黃昏 強勢降臨！"
03:30,39,6503702666,"同盟塔防戰：並肩作戰"
03:30,40,1276508585,"天堂M"
03:30,41,1482155847,"Royal Match"
03:30,42,1606549505,"Royal Kingdom"
03:30,43,6758648051,"我的英雄學院：UNITED SURVIVAL"
03:30,44,1094930513,"EA SPORTS FC™ 足球 Mobile 2026"
03:30,45,6503272652,"Last Z:Survival Shooter（倖存者逃亡）"
03:30,46,1501301871,"《英雄聯盟：激鬥峽谷》"
03:30,47,1195621598,"夢幻家園 (Homescapes)"
03:30,48,6754965520,"Rogue Legend - Roguelike RPG"
03:30,49,971601423,"貓咪大戰爭"
03:30,50,6746151928,"心動小鎮"
03:30,51,767265270,"《LINE Rangers》×動畫「怪獸8號」合作活動"
03:30,52,6749109328,"超能戰爭"
03:30,53,1402384531,"天天玩樂園 (Play Together)"
03:30,54,6739514639,"信長之野望 真戰"
03:30,55,6670441558,"Dark War:Survival"
03:30,56,1059665257,"MLB：9局職棒26"
03:30,57,6479970832,"Pokémon TCG Pocket"
03:30,58,6756707358,"肥鵝美食街"
03:30,59,6744796128,"燕雲十六聲"
03:30,60,1606356401,"絕區零 - 週年慶"
03:30,61,6475033368,"鳴潮 - 前往玄方地界"
03:30,62,6738109752,"點點大作戰"
03:30,63,1212704444,"棒球殿堂Live"
03:30,64,638689075,"夢想小鎮 (Township)"
03:30,65,730209957,"拉斯維加斯娛樂城-捕魚,老虎機,拉霸,麻將,賭場遊戲"
03:30,66,6502820653,"弓箭傳說2"
03:30,67,6443755785,"漫遊小鎮®：合併&故事"
03:30,68,1356980152,"大福Online-老虎機、捕魚、推幣機、刮刮樂、拉霸 娛樂城"
03:30,69,1466736988,"跑跑卡丁車 Rush+"
03:30,70,6503113088,"新武俠大明星"
03:30,71,1580691683,"MLB 9局職棒 勁旅對決 26"
03:30,72,1444980563,"天堂W"
03:30,73,6749302379,"夢幻茶樓"
03:30,74,6759817762,"Titan Rush: Survival"
03:30,75,6760538120,"醫起救世界：鼠裡逃生"
03:30,76,6618142292,"火辣餐廳：合併&烹飪"
03:30,77,6755455500,"好萊塢合成：星夢逆襲"
03:30,78,6740966864,"點點英雄：骰子傳說"
03:30,79,6756000886,"新熱血江湖：世界"
03:30,80,1673675970,"蛋仔派對"
03:30,81,6752369665,"誰來救救我"
03:30,82,1572788053,"一念逍遙：涅槃重生"
03:30,83,6737599263,"NBA巔峰對決"
03:30,84,6780402432,"爆走摸魚君"
03:30,85,1517783697,"原神·空月之歌"
03:30,86,1521236603,"Travel Town - Merge Adventure"
03:30,87,6760813873,"世界之外"
03:30,88,6759596187,"無盡輪迴：鬼域摸金"
03:30,89,6474654939,"逆水寒"
03:30,90,1628970855,"劍與遠征：啟程"
03:30,91,1630883882,"勝利女神：妮姬"
03:30,92,1492885094,"叫我大掌櫃"
03:30,93,6747065546,"雲上城之歌：勇者再出發"
03:30,94,1599719154,"崩壞：星穹鐵道"
03:30,95,6445880165,"暗影英雄：突襲"
03:30,96,6760377678,"車車屍搭普 - 超激爽末日刷怪！"
03:30,97,6755585789,"靠裝勇者：背包合成RPG"
03:30,98,1300146617,"Free Fire: 9周年"
03:30,99,1643509748,"摩奇料理 主題餐廳"
03:30,100,1530758357,"三國志・戰略版"
03:30,101,6743163616,"江湖有詭"
03:30,102,1117270703,"eFootball™"
03:30,103,6751560944,"我的花園世界"
03:30,104,1192272619,"錢街Online-麻將、捕魚機、老虎機、紅包雨、娛樂城"
03:30,105,1315535136,"荒野行動"
03:30,106,6747024269,"齒輪獸衛隊"
03:30,107,439159270,"德州撲克 神來也德州撲克(Texas Poker)"
03:30,108,1566814309,"國粹天天樂-台灣麻將四隻刀13支大老二排7接龍"
03:30,109,6692615881,"SD鋼彈 G世代 永恆"
03:30,110,850251209,"怪物彈珠"
03:30,111,1053012308,"Clash Royale"
03:30,112,6760992149,"生存33天"
03:30,113,1562065271,"無雙戰機"
03:30,114,6499562253,"龍村 3"
03:30,115,1551574670,"末日喧囂"
03:30,116,1491129492,"Baseball Clash: Real-time game"
03:30,117,6754595303,"三國志KING"
03:30,118,6462846417,"MLB 制勝時刻 26"
03:30,119,1628517224,"忍者必須死-全球版"
03:30,120,6785414379,"天命：六道輪迴"
03:30,121,6469999573,"全明星街球派對"
03:30,122,6757519748,"超時空街球對決"
03:30,123,6746192853,"變身傳奇"
03:30,124,6450953550,"王國之歌（Top Heroes）"
03:30,125,6745761596,"Coin Master - Board Adventure"
03:30,126,1416604843,"Garena 極速領域：矩陣突破"
03:30,127,1037737746,"真人麻將 野蠻世界娛樂城-陳雷推薦"
03:30,128,664575829,"夢幻水族箱 (Fishdom)"
03:30,129,1376515087,"Age of Origins:Tower Defense"
03:30,130,1253796614,"RO仙境傳說：守護永恆的愛"
03:30,131,1672731515,"捕魚新紀元Online - 歡樂捕魚大作戰"
03:30,132,6744726523,"問劍長生-亞洲服"
03:30,133,949344041,"LINE 熊大農場"
03:30,134,6773322250,"解憂小食光：餐廳模擬經營"
03:30,135,1241253595,"叫我官老爺"
03:30,136,529479190,"部落衝突 (Clash of Clans)"
03:30,137,6480159275,"救世者之樹：新世界"
03:30,138,6758817271,"鬼雄三國：主公有夠鬼"
03:30,139,1370284166,"第五人格"
03:30,140,6746328263,"Castle Busters"
03:30,141,6503603603,"迷霧小鎮: 合成遊戲 (Mystery Town)"
03:30,142,6596787726,"卡皮巴拉 Go!"
03:30,143,1160056295,"Mobile Legends: Bang Bang"
03:30,144,6738897614,"時光大爆炸"
03:30,145,6450161259,"獸族之怒"
03:30,146,6759955644,"練氣3000層：墮落女帝逼我飛升"
03:30,147,963067330,"跑跑薑餅人：烤箱大逃亡"
03:30,148,1536558718,"王牌俱樂部-戰神賽特2、赤三國、柏青、雷神、麻將、捕魚機"
03:30,149,6747957875,"家族物語 - 治癒系世代模擬"
03:30,150,6615069116,"救世主超忙"
03:30,151,1328213172,"一個官人一個妻"
03:30,152,6757722046,"Butcher hero: hook'n'chew RPG"
03:30,153,1570095804,"Kingdom Guard:Tower Defense TD"
03:30,154,6475925341,"咒術迴戰 幻影夜行"
03:30,155,1158967485,"勇士爭霸：武士聯盟 放置角色 RPG遊戲"
03:30,156,1442505782,"明日之後-末日生存手遊"
03:30,157,6446716937,"九萬畝"
03:30,158,6753970194,"勇者來開團"
03:30,159,1528941310,"噠噠特攻"
03:30,160,807342900,"宅神爺麻將—正宗16張台灣麻將，捕魚機大獎狂噴，真人秒開桌"
03:30,161,6751030003,"異環"
03:30,162,6450099588,"棕色塵埃2- 冒汗心跳的RPG"
03:30,163,1390473317,"超異域公主連結！Re:Dive"
03:30,164,852912420,"魔靈召喚: 天空之役"
03:30,165,6755575756,"巡夢少女"
03:30,166,6762765238,"JUMP 全明星亂鬥"
03:30,167,6480158002,"RO仙境傳說：初心之戰"
03:30,168,6757413794,"真三國無雙・霸"
03:30,169,6757910692,"NBA王朝崛起"
03:30,170,6738163891,"VAMPIR：血之繼承者"
03:30,171,6756251184,"錫葛尼斯：紅月再臨"
03:30,172,1098157959,"文明霸業 - 王者再臨"
03:30,173,6754004606,"超自然行動組"
03:30,174,6737189862,"野蠻生存錄：侏羅紀"
03:30,175,583798880,"神魔之塔"
03:30,176,6754387513,"堡壘傳說：蒸汽龐克"
03:30,177,1483058899,"Project Makeover"
03:30,178,6739022700,"時光雜貨店"
03:30,179,1593130084,"火炬之光：無限"
03:30,180,1252850847,"《NBA 2K Mobile》籃球遊戲"
03:30,181,1663423521,"Wizardry Variants Daphne"
03:30,182,1480516829,"Free Fire MAX"
03:30,183,1545808948,"RO仙境傳說: 新世代的誕生"
03:30,184,1602657241,"彈彈堂 Origin"
03:30,185,6754668476,"永夜降臨：雙面魅影"
03:30,186,1509450845,"薑餅人王國"
03:30,187,1492005122,"《暗黑破壞神 永生不朽》"
03:30,188,6759788962,"Lordrush"
03:30,189,6737409896,"進擊的惡魔團"
03:30,190,625257520,"《爐石戰記》"
03:30,191,1487755374,"神來也暗棋2、象棋麻將"
03:30,192,6443760593,"喪尸狂潮"
03:30,193,1527975534,"全民打棒球 Pro"
03:30,194,6740075555,"奇蹟MU：暴走之翼"
03:30,195,1487451427,"Infinity Kingdom"
03:30,196,1462117269,"Sky光·遇"
03:30,197,6767834940,"最強領主"
03:30,198,1371565796,"突襲：暗影傳說"
03:30,199,1549111077,"辣財神娛樂城-張菲代言超爽賽特4、黑帝斯"
03:30,200,1529827834,"開心鬥地主 - 真人棋牌合集"
04:00,1,1089079153,"Garena 傳說對決：膽大黨聯動開啟！"
04:00,2,919043762,"星城-賓果行星大賽開跑"
04:00,3,1556357398,"Pikmin Bloom"
04:00,4,6443575749,"寒霜啟示錄"
04:00,5,6739554056,"Kingshot"
04:00,6,1623318294,"緋聞港口：合併&故事"
04:00,7,501306812,"麻將明星3缺1"
04:00,8,553834731,"糖果傳奇"
04:00,9,6759030432,"瑪奇 Mobile"
04:00,10,6752602491,"三國：謀定天下"
04:00,11,1339550728,"包你發-王識賢、安心亞推薦休閒娛樂城-老虎機、捕魚機多款遊戲"
04:00,12,1453363650,"PUBG MOBILE：絕地求生M"
04:00,13,6756641249,"hololive Dreams"
04:00,14,6448786147,"最後的戰爭 - Last War"
04:00,15,1441199787,"豪神娛樂城"
04:00,16,6752642477,"明日方舟：終末地"
04:00,17,6749527002,"RO仙境傳説：世界之旅"
04:00,18,6449517782,"嚦咕麻將-戰神賽特、雷神之錘、超八、賽馬、麻將、魚機、老虎機"
04:00,19,1290086677,"楓之谷M - 奇幻冒險MMORPG"
04:00,20,406889139,"Coin Master"
04:00,21,6774434587,"猛鬼三國"
04:00,22,6749251466,"薑餅人放置大戰爭 - 餅乾養成RPG"
04:00,23,6739616715,"楓之谷：放置冒險記"
04:00,24,455902495,"麻將 神來也麻將－台灣16張、麻雀"
04:00,25,1229016807,"《荒野亂鬥》"
04:00,26,1267732467,"金好運"
04:00,27,907432647,"老子有錢-10萬倍賽特、柏青斯洛、老虎機、爆萬倍捕魚機"
04:00,28,6670604287,"Garena® 三角洲行動"
04:00,29,6762115994,"開局一座島-送真海鮮！"
04:00,30,1094591345,"Pokémon GO"
04:00,31,6746465127,"細胞保衛戰 - 生存射擊大亂鬥"
04:00,32,1105855019,"夢幻花園 (Gardenscapes)"
04:00,33,6471045672,"食光旅行"
04:00,34,6450006659,"巔峰極速"
04:00,35,6504542886,"杖劍傳說：坎斯汀之約"
04:00,36,1465688043,"決勝時刻: Mobile - Garena"
04:00,37,6482291732,"運氣拚輸贏"
04:00,38,1007924271,"滿貫大亨娛樂城 - 雷霆之錘II：諸神黃昏 強勢降臨！"
04:00,39,6503702666,"同盟塔防戰：並肩作戰"
04:00,40,1276508585,"天堂M"
04:00,41,1482155847,"Royal Match"
04:00,42,1606549505,"Royal Kingdom"
04:00,43,6758648051,"我的英雄學院：UNITED SURVIVAL"
04:00,44,1094930513,"EA SPORTS FC™ 足球 Mobile 2026"
04:00,45,6503272652,"Last Z:Survival Shooter（倖存者逃亡）"
04:00,46,1501301871,"《英雄聯盟：激鬥峽谷》"
04:00,47,1195621598,"夢幻家園 (Homescapes)"
04:00,48,6754965520,"Rogue Legend - Roguelike RPG"
04:00,49,971601423,"貓咪大戰爭"
04:00,50,6746151928,"心動小鎮"
04:00,51,767265270,"《LINE Rangers》×動畫「怪獸8號」合作活動"
04:00,52,6749109328,"超能戰爭"
04:00,53,1402384531,"天天玩樂園 (Play Together)"
04:00,54,6739514639,"信長之野望 真戰"
04:00,55,6670441558,"Dark War:Survival"
04:00,56,1059665257,"MLB：9局職棒26"
04:00,57,6479970832,"Pokémon TCG Pocket"
04:00,58,6756707358,"肥鵝美食街"
04:00,59,6744796128,"燕雲十六聲"
04:00,60,1606356401,"絕區零 - 週年慶"
04:00,61,6475033368,"鳴潮 - 前往玄方地界"
04:00,62,6738109752,"點點大作戰"
04:00,63,1212704444,"棒球殿堂Live"
04:00,64,638689075,"夢想小鎮 (Township)"
04:00,65,730209957,"拉斯維加斯娛樂城-捕魚,老虎機,拉霸,麻將,賭場遊戲"
04:00,66,6502820653,"弓箭傳說2"
04:00,67,6443755785,"漫遊小鎮®：合併&故事"
04:00,68,1356980152,"大福Online-老虎機、捕魚、推幣機、刮刮樂、拉霸 娛樂城"
04:00,69,1466736988,"跑跑卡丁車 Rush+"
04:00,70,6503113088,"新武俠大明星"
04:00,71,1580691683,"MLB 9局職棒 勁旅對決 26"
04:00,72,1444980563,"天堂W"
04:00,73,6749302379,"夢幻茶樓"
04:00,74,6759817762,"Titan Rush: Survival"
04:00,75,6760538120,"醫起救世界：鼠裡逃生"
04:00,76,6618142292,"火辣餐廳：合併&烹飪"
04:00,77,6755455500,"好萊塢合成：星夢逆襲"
04:00,78,6740966864,"點點英雄：骰子傳說"
04:00,79,6756000886,"新熱血江湖：世界"
04:00,80,1673675970,"蛋仔派對"
04:00,81,6752369665,"誰來救救我"
04:00,82,1572788053,"一念逍遙：涅槃重生"
04:00,83,6737599263,"NBA巔峰對決"
04:00,84,6780402432,"爆走摸魚君"
04:00,85,1517783697,"原神·空月之歌"
04:00,86,1521236603,"Travel Town - Merge Adventure"
04:00,87,6760813873,"世界之外"
04:00,88,6759596187,"無盡輪迴：鬼域摸金"
04:00,89,6474654939,"逆水寒"
04:00,90,1628970855,"劍與遠征：啟程"
04:00,91,1630883882,"勝利女神：妮姬"
04:00,92,1492885094,"叫我大掌櫃"
04:00,93,6747065546,"雲上城之歌：勇者再出發"
04:00,94,1599719154,"崩壞：星穹鐵道"
04:00,95,6445880165,"暗影英雄：突襲"
04:00,96,6760377678,"車車屍搭普 - 超激爽末日刷怪！"
04:00,97,6755585789,"靠裝勇者：背包合成RPG"
04:00,98,1300146617,"Free Fire: 9周年"
04:00,99,1643509748,"摩奇料理 主題餐廳"
04:00,100,1530758357,"三國志・戰略版"
04:00,101,6743163616,"江湖有詭"
04:00,102,1117270703,"eFootball™"
04:00,103,6751560944,"我的花園世界"
04:00,104,1192272619,"錢街Online-麻將、捕魚機、老虎機、紅包雨、娛樂城"
04:00,105,1315535136,"荒野行動"
04:00,106,6747024269,"齒輪獸衛隊"
04:00,107,439159270,"德州撲克 神來也德州撲克(Texas Poker)"
04:00,108,1566814309,"國粹天天樂-台灣麻將四隻刀13支大老二排7接龍"
04:00,109,6692615881,"SD鋼彈 G世代 永恆"
04:00,110,850251209,"怪物彈珠"
04:00,111,1053012308,"Clash Royale"
04:00,112,6760992149,"生存33天"
04:00,113,1562065271,"無雙戰機"
04:00,114,6499562253,"龍村 3"
04:00,115,1551574670,"末日喧囂"
04:00,116,1491129492,"Baseball Clash: Real-time game"
04:00,117,6754595303,"三國志KING"
04:00,118,6462846417,"MLB 制勝時刻 26"
04:00,119,1628517224,"忍者必須死-全球版"
04:00,120,6785414379,"天命：六道輪迴"
04:00,121,6469999573,"全明星街球派對"
04:00,122,6757519748,"超時空街球對決"
04:00,123,6746192853,"變身傳奇"
04:00,124,6450953550,"王國之歌（Top Heroes）"
04:00,125,6745761596,"Coin Master - Board Adventure"
04:00,126,1416604843,"Garena 極速領域：矩陣突破"
04:00,127,1037737746,"真人麻將 野蠻世界娛樂城-陳雷推薦"
04:00,128,664575829,"夢幻水族箱 (Fishdom)"
04:00,129,1376515087,"Age of Origins:Tower Defense"
04:00,130,1253796614,"RO仙境傳說：守護永恆的愛"
04:00,131,1672731515,"捕魚新紀元Online - 歡樂捕魚大作戰"
04:00,132,6744726523,"問劍長生-亞洲服"
04:00,133,949344041,"LINE 熊大農場"
04:00,134,6773322250,"解憂小食光：餐廳模擬經營"
04:00,135,1241253595,"叫我官老爺"
04:00,136,529479190,"部落衝突 (Clash of Clans)"
04:00,137,6480159275,"救世者之樹：新世界"
04:00,138,6758817271,"鬼雄三國：主公有夠鬼"
04:00,139,1370284166,"第五人格"
04:00,140,6746328263,"Castle Busters"
04:00,141,6503603603,"迷霧小鎮: 合成遊戲 (Mystery Town)"
04:00,142,6596787726,"卡皮巴拉 Go!"
04:00,143,1160056295,"Mobile Legends: Bang Bang"
04:00,144,6738897614,"時光大爆炸"
04:00,145,6450161259,"獸族之怒"
04:00,146,6759955644,"練氣3000層：墮落女帝逼我飛升"
04:00,147,963067330,"跑跑薑餅人：烤箱大逃亡"
04:00,148,1536558718,"王牌俱樂部-戰神賽特2、赤三國、柏青、雷神、麻將、捕魚機"
04:00,149,6747957875,"家族物語 - 治癒系世代模擬"
04:00,150,6615069116,"救世主超忙"
04:00,151,1328213172,"一個官人一個妻"
04:00,152,6757722046,"Butcher hero: hook'n'chew RPG"
04:00,153,1570095804,"Kingdom Guard:Tower Defense TD"
04:00,154,6475925341,"咒術迴戰 幻影夜行"
04:00,155,1158967485,"勇士爭霸：武士聯盟 放置角色 RPG遊戲"
04:00,156,1442505782,"明日之後-末日生存手遊"
04:00,157,6446716937,"九萬畝"
04:00,158,6753970194,"勇者來開團"
04:00,159,1528941310,"噠噠特攻"
04:00,160,807342900,"宅神爺麻將—正宗16張台灣麻將，捕魚機大獎狂噴，真人秒開桌"
04:00,161,6751030003,"異環"
04:00,162,6450099588,"棕色塵埃2- 冒汗心跳的RPG"
04:00,163,1390473317,"超異域公主連結！Re:Dive"
04:00,164,852912420,"魔靈召喚: 天空之役"
04:00,165,6755575756,"巡夢少女"
04:00,166,6762765238,"JUMP 全明星亂鬥"
04:00,167,6480158002,"RO仙境傳說：初心之戰"
04:00,168,6757413794,"真三國無雙・霸"
04:00,169,6757910692,"NBA王朝崛起"
04:00,170,6738163891,"VAMPIR：血之繼承者"
04:00,171,6756251184,"錫葛尼斯：紅月再臨"
04:00,172,1098157959,"文明霸業 - 王者再臨"
04:00,173,6754004606,"超自然行動組"
04:00,174,6737189862,"野蠻生存錄：侏羅紀"
04:00,175,583798880,"神魔之塔"
04:00,176,6754387513,"堡壘傳說：蒸汽龐克"
04:00,177,1483058899,"Project Makeover"
04:00,178,6739022700,"時光雜貨店"
04:00,179,1593130084,"火炬之光：無限"
04:00,180,1252850847,"《NBA 2K Mobile》籃球遊戲"
04:00,181,1663423521,"Wizardry Variants Daphne"
04:00,182,1480516829,"Free Fire MAX"
04:00,183,1545808948,"RO仙境傳說: 新世代的誕生"
04:00,184,1602657241,"彈彈堂 Origin"
04:00,185,6754668476,"永夜降臨：雙面魅影"
04:00,186,1509450845,"薑餅人王國"
04:00,187,1492005122,"《暗黑破壞神 永生不朽》"
04:00,188,6759788962,"Lordrush"
04:00,189,6737409896,"進擊的惡魔團"
04:00,190,625257520,"《爐石戰記》"
04:00,191,1487755374,"神來也暗棋2、象棋麻將"
04:00,192,6443760593,"喪尸狂潮"
04:00,193,1527975534,"全民打棒球 Pro"
04:00,194,6740075555,"奇蹟MU：暴走之翼"
04:00,195,1487451427,"Infinity Kingdom"
04:00,196,1462117269,"Sky光·遇"
04:00,197,6767834940,"最強領主"
04:00,198,1371565796,"突襲：暗影傳說"
04:00,199,1549111077,"辣財神娛樂城-張菲代言超爽賽特4、黑帝斯"
04:00,200,1529827834,"開心鬥地主 - 真人棋牌合集"
05:00,1,1089079153,"Garena 傳說對決：膽大黨聯動開啟！"
05:00,2,919043762,"星城-賓果行星大賽開跑"
05:00,3,1556357398,"Pikmin Bloom"
05:00,4,6443575749,"寒霜啟示錄"
05:00,5,6739554056,"Kingshot"
05:00,6,501306812,"麻將明星3缺1"
05:00,7,1623318294,"緋聞港口：合併&故事"
05:00,8,553834731,"糖果傳奇"
05:00,9,6759030432,"瑪奇 Mobile"
05:00,10,1339550728,"包你發-王識賢、安心亞推薦休閒娛樂城-老虎機、捕魚機多款遊戲"
05:00,11,6752602491,"三國：謀定天下"
05:00,12,1453363650,"PUBG MOBILE：絕地求生M"
05:00,13,6756641249,"hololive Dreams"
05:00,14,406889139,"Coin Master"
05:00,15,6448786147,"最後的戰爭 - Last War"
05:00,16,1441199787,"豪神娛樂城"
05:00,17,6752642477,"明日方舟：終末地"
05:00,18,1290086677,"楓之谷M - 奇幻冒險MMORPG"
05:00,19,6749527002,"RO仙境傳説：世界之旅"
05:00,20,6749251466,"薑餅人放置大戰爭 - 餅乾養成RPG"
05:00,21,6449517782,"嚦咕麻將-戰神賽特、雷神之錘、超八、賽馬、麻將、魚機、老虎機"
05:00,22,6739616715,"楓之谷：放置冒險記"
05:00,23,455902495,"麻將 神來也麻將－台灣16張、麻雀"
05:00,24,6774434587,"猛鬼三國"
05:00,25,1267732467,"金好運"
05:00,26,1229016807,"《荒野亂鬥》"
05:00,27,6670604287,"Garena® 三角洲行動"
05:00,28,907432647,"老子有錢-10萬倍賽特、柏青斯洛、老虎機、爆萬倍捕魚機"
05:00,29,6762115994,"開局一座島-送真海鮮！"
05:00,30,6471045672,"食光旅行"
05:00,31,1105855019,"夢幻花園 (Gardenscapes)"
05:00,32,1094591345,"Pokémon GO"
05:00,33,6746465127,"細胞保衛戰 - 生存射擊大亂鬥"
05:00,34,1276508585,"天堂M"
05:00,35,6450006659,"巔峰極速"
05:00,36,1465688043,"決勝時刻: Mobile - Garena"
05:00,37,6482291732,"運氣拚輸贏"
05:00,38,6504542886,"杖劍傳說：坎斯汀之約"
05:00,39,1007924271,"滿貫大亨娛樂城 - 雷霆之錘II：諸神黃昏 強勢降臨！"
05:00,40,6503702666,"同盟塔防戰：並肩作戰"
05:00,41,1482155847,"Royal Match"
05:00,42,1606549505,"Royal Kingdom"
05:00,43,6503272652,"Last Z:Survival Shooter（倖存者逃亡）"
05:00,44,1195621598,"夢幻家園 (Homescapes)"
05:00,45,6758648051,"我的英雄學院：UNITED SURVIVAL"
05:00,46,1094930513,"EA SPORTS FC™ 足球 Mobile 2026"
05:00,47,6754965520,"Rogue Legend - Roguelike RPG"
05:00,48,767265270,"《LINE Rangers》×動畫「怪獸8號」合作活動"
05:00,49,1501301871,"《英雄聯盟：激鬥峽谷》"
05:00,50,6746151928,"心動小鎮"
05:00,51,971601423,"貓咪大戰爭"
05:00,52,6749109328,"超能戰爭"
05:00,53,1059665257,"MLB：9局職棒26"
05:00,54,1402384531,"天天玩樂園 (Play Together)"
05:00,55,6744796128,"燕雲十六聲"
05:00,56,6475033368,"鳴潮 - 前往玄方地界"
05:00,57,6739514639,"信長之野望 真戰"
05:00,58,6670441558,"Dark War:Survival"
05:00,59,6756707358,"肥鵝美食街"
05:00,60,1356980152,"大福Online-老虎機、捕魚、推幣機、刮刮樂、拉霸 娛樂城"
05:00,61,638689075,"夢想小鎮 (Township)"
05:00,62,6479970832,"Pokémon TCG Pocket"
05:00,63,1212704444,"棒球殿堂Live"
05:00,64,1606356401,"絕區零 - 週年慶"
05:00,65,1580691683,"MLB 9局職棒 勁旅對決 26"
05:00,66,730209957,"拉斯維加斯娛樂城-捕魚,老虎機,拉霸,麻將,賭場遊戲"
05:00,67,6443755785,"漫遊小鎮®：合併&故事"
05:00,68,6502820653,"弓箭傳說2"
05:00,69,6738109752,"點點大作戰"
05:00,70,1466736988,"跑跑卡丁車 Rush+"
05:00,71,1444980563,"天堂W"
05:00,72,6749302379,"夢幻茶樓"
05:00,73,6503113088,"新武俠大明星"
05:00,74,6759817762,"Titan Rush: Survival"
05:00,75,1521236603,"Travel Town - Merge Adventure"
05:00,76,6755455500,"好萊塢合成：星夢逆襲"
05:00,77,6756000886,"新熱血江湖：世界"
05:00,78,6474654939,"逆水寒"
05:00,79,6760538120,"醫起救世界：鼠裡逃生"
05:00,80,6618142292,"火辣餐廳：合併&烹飪"
05:00,81,6740966864,"點點英雄：骰子傳說"
05:00,82,6780402432,"爆走摸魚君"
05:00,83,6752369665,"誰來救救我"
05:00,84,1517783697,"原神·空月之歌"
05:00,85,1673675970,"蛋仔派對"
05:00,86,1572788053,"一念逍遙：涅槃重生"
05:00,87,6755585789,"靠裝勇者：背包合成RPG"
05:00,88,1643509748,"摩奇料理 主題餐廳"
05:00,89,6759596187,"無盡輪迴：鬼域摸金"
05:00,90,6737599263,"NBA巔峰對決"
05:00,91,1599719154,"崩壞：星穹鐵道"
05:00,92,6760813873,"世界之外"
05:00,93,1630883882,"勝利女神：妮姬"
05:00,94,6747065546,"雲上城之歌：勇者再出發"
05:00,95,6760377678,"車車屍搭普 - 超激爽末日刷怪！"
05:00,96,1117270703,"eFootball™"
05:00,97,6445880165,"暗影英雄：突襲"
05:00,98,6751560944,"我的花園世界"
05:00,99,1530758357,"三國志・戰略版"
05:00,100,1300146617,"Free Fire: 9周年"
05:00,101,1492885094,"叫我大掌櫃"
05:00,102,1628970855,"劍與遠征：啟程"
05:00,103,6743163616,"江湖有詭"
05:00,104,1192272619,"錢街Online-麻將、捕魚機、老虎機、紅包雨、娛樂城"
05:00,105,1566814309,"國粹天天樂-台灣麻將四隻刀13支大老二排7接龍"
05:00,106,6754595303,"三國志KING"
05:00,107,1315535136,"荒野行動"
05:00,108,1551574670,"末日喧囂"
05:00,109,6747024269,"齒輪獸衛隊"
05:00,110,439159270,"德州撲克 神來也德州撲克(Texas Poker)"
05:00,111,6692615881,"SD鋼彈 G世代 永恆"
05:00,112,6760992149,"生存33天"
05:00,113,1053012308,"Clash Royale"
05:00,114,1416604843,"Garena 極速領域：矩陣突破"
05:00,115,6462846417,"MLB 制勝時刻 26"
05:00,116,1491129492,"Baseball Clash: Real-time game"
05:00,117,850251209,"怪物彈珠"
05:00,118,6745761596,"Coin Master - Board Adventure"
05:00,119,1562065271,"無雙戰機"
05:00,120,6469999573,"全明星街球派對"
05:00,121,6499562253,"龍村 3"
05:00,122,1628517224,"忍者必須死-全球版"
05:00,123,6785414379,"天命：六道輪迴"
05:00,124,664575829,"夢幻水族箱 (Fishdom)"
05:00,125,1037737746,"真人麻將 野蠻世界娛樂城-陳雷推薦"
05:00,126,1241253595,"叫我官老爺"
05:00,127,6450953550,"王國之歌（Top Heroes）"
05:00,128,6757519748,"超時空街球對決"
05:00,129,1376515087,"Age of Origins:Tower Defense"
05:00,130,1370284166,"第五人格"
05:00,131,1253796614,"RO仙境傳說：守護永恆的愛"
05:00,132,529479190,"部落衝突 (Clash of Clans)"
05:00,133,949344041,"LINE 熊大農場"
05:00,134,6746192853,"變身傳奇"
05:00,135,6503603603,"迷霧小鎮: 合成遊戲 (Mystery Town)"
05:00,136,6475925341,"咒術迴戰 幻影夜行"
05:00,137,6450161259,"獸族之怒"
05:00,138,963067330,"跑跑薑餅人：烤箱大逃亡"
05:00,139,6596787726,"卡皮巴拉 Go!"
05:00,140,6615069116,"救世主超忙"
05:00,141,6773322250,"解憂小食光：餐廳模擬經營"
05:00,142,6758817271,"鬼雄三國：主公有夠鬼"
05:00,143,6744726523,"問劍長生-亞洲服"
05:00,144,6738897614,"時光大爆炸"
05:00,145,6746328263,"Castle Busters"
05:00,146,1672731515,"捕魚新紀元Online - 歡樂捕魚大作戰"
05:00,147,6480159275,"救世者之樹：新世界"
05:00,148,6747957875,"家族物語 - 治癒系世代模擬"
05:00,149,1160056295,"Mobile Legends: Bang Bang"
05:00,150,6759955644,"練氣3000層：墮落女帝逼我飛升"
05:00,151,6757722046,"Butcher hero: hook'n'chew RPG"
05:00,152,1536558718,"王牌俱樂部-戰神賽特2、赤三國、柏青、雷神、麻將、捕魚機"
05:00,153,6753970194,"勇者來開團"
05:00,154,1570095804,"Kingdom Guard:Tower Defense TD"
05:00,155,1328213172,"一個官人一個妻"
05:00,156,1390473317,"超異域公主連結！Re:Dive"
05:00,157,1528941310,"噠噠特攻"
05:00,158,583798880,"神魔之塔"
05:00,159,6757910692,"NBA王朝崛起"
05:00,160,1158967485,"勇士爭霸：武士聯盟 放置角色 RPG遊戲"
05:00,161,6446716937,"九萬畝"
05:00,162,1442505782,"明日之後-末日生存手遊"
05:00,163,1593130084,"火炬之光：無限"
05:00,164,6450099588,"棕色塵埃2- 冒汗心跳的RPG"
05:00,165,6751030003,"異環"
05:00,166,6762765238,"JUMP 全明星亂鬥"
05:00,167,807342900,"宅神爺麻將—正宗16張台灣麻將，捕魚機大獎狂噴，真人秒開桌"
05:00,168,6480158002,"RO仙境傳說：初心之戰"
05:00,169,1252850847,"《NBA 2K Mobile》籃球遊戲"
05:00,170,6737189862,"野蠻生存錄：侏羅紀"
05:00,171,6738163891,"VAMPIR：血之繼承者"
05:00,172,1483058899,"Project Makeover"
05:00,173,1527975534,"全民打棒球 Pro"
05:00,174,6757413794,"真三國無雙・霸"
05:00,175,1663423521,"Wizardry Variants Daphne"
05:00,176,1020109860,"金猴爺老虎機-線上老虎機遊戲"
05:00,177,6755575756,"巡夢少女"
05:00,178,6754004606,"超自然行動組"
05:00,179,6756251184,"錫葛尼斯：紅月再臨"
05:00,180,1480516829,"Free Fire MAX"
05:00,181,6776965113,"神獸激戰"
05:00,182,852912420,"魔靈召喚: 天空之役"
05:00,183,6739022700,"時光雜貨店"
05:00,184,6744917659,"DoE：流亡地牢"
05:00,185,1098157959,"文明霸業 - 王者再臨"
05:00,186,1545808948,"RO仙境傳說: 新世代的誕生"
05:00,187,6754387513,"堡壘傳說：蒸汽龐克"
05:00,188,6737409896,"進擊的惡魔團"
05:00,189,1509450845,"薑餅人王國"
05:00,190,625257520,"《爐石戰記》"
05:00,191,1492005122,"《暗黑破壞神 永生不朽》"
05:00,192,6769617371,"刃與三國：烽火爭霸"
05:00,193,6754668476,"永夜降臨：雙面魅影"
05:00,194,1462117269,"Sky光·遇"
05:00,195,6740075555,"奇蹟MU：暴走之翼"
05:00,196,6759788962,"Lordrush"
05:00,197,6648774034,"最強宗師"
05:00,198,1580670593,"極無雙2"
05:00,199,6443468077,"戀與深空"
05:00,200,6443760593,"喪尸狂潮"
06:00,1,1089079153,"Garena 傳說對決：膽大黨聯動開啟！"
06:00,2,919043762,"星城-賓果行星大賽開跑"
06:00,3,1556357398,"Pikmin Bloom"
06:00,4,6443575749,"寒霜啟示錄"
06:00,5,6739554056,"Kingshot"
06:00,6,501306812,"麻將明星3缺1"
06:00,7,1623318294,"緋聞港口：合併&故事"
06:00,8,553834731,"糖果傳奇"
06:00,9,6759030432,"瑪奇 Mobile"
06:00,10,1339550728,"包你發-王識賢、安心亞推薦休閒娛樂城-老虎機、捕魚機多款遊戲"
06:00,11,6752602491,"三國：謀定天下"
06:00,12,1453363650,"PUBG MOBILE：絕地求生M"
06:00,13,6756641249,"hololive Dreams"
06:00,14,406889139,"Coin Master"
06:00,15,6448786147,"最後的戰爭 - Last War"
06:00,16,1441199787,"豪神娛樂城"
06:00,17,6752642477,"明日方舟：終末地"
06:00,18,1290086677,"楓之谷M - 奇幻冒險MMORPG"
06:00,19,6749527002,"RO仙境傳説：世界之旅"
06:00,20,6749251466,"薑餅人放置大戰爭 - 餅乾養成RPG"
06:00,21,6449517782,"嚦咕麻將-戰神賽特、雷神之錘、超八、賽馬、麻將、魚機、老虎機"
06:00,22,6739616715,"楓之谷：放置冒險記"
06:00,23,455902495,"麻將 神來也麻將－台灣16張、麻雀"
06:00,24,6774434587,"猛鬼三國"
06:00,25,1267732467,"金好運"
06:00,26,1229016807,"《荒野亂鬥》"
06:00,27,6670604287,"Garena® 三角洲行動"
06:00,28,907432647,"老子有錢-10萬倍賽特、柏青斯洛、老虎機、爆萬倍捕魚機"
06:00,29,6762115994,"開局一座島-送真海鮮！"
06:00,30,6471045672,"食光旅行"
06:00,31,1105855019,"夢幻花園 (Gardenscapes)"
06:00,32,1094591345,"Pokémon GO"
06:00,33,6746465127,"細胞保衛戰 - 生存射擊大亂鬥"
06:00,34,1276508585,"天堂M"
06:00,35,6450006659,"巔峰極速"
06:00,36,1465688043,"決勝時刻: Mobile - Garena"
06:00,37,6482291732,"運氣拚輸贏"
06:00,38,6504542886,"杖劍傳說：坎斯汀之約"
06:00,39,1007924271,"滿貫大亨娛樂城 - 雷霆之錘II：諸神黃昏 強勢降臨！"
06:00,40,6503702666,"同盟塔防戰：並肩作戰"
06:00,41,1482155847,"Royal Match"
06:00,42,1606549505,"Royal Kingdom"
06:00,43,6503272652,"Last Z:Survival Shooter（倖存者逃亡）"
06:00,44,1195621598,"夢幻家園 (Homescapes)"
06:00,45,6758648051,"我的英雄學院：UNITED SURVIVAL"
06:00,46,1094930513,"EA SPORTS FC™ 足球 Mobile 2026"
06:00,47,6754965520,"Rogue Legend - Roguelike RPG"
06:00,48,767265270,"《LINE Rangers》×動畫「怪獸8號」合作活動"
06:00,49,1501301871,"《英雄聯盟：激鬥峽谷》"
06:00,50,6746151928,"心動小鎮"
06:00,51,971601423,"貓咪大戰爭"
06:00,52,6749109328,"超能戰爭"
06:00,53,1059665257,"MLB：9局職棒26"
06:00,54,1402384531,"天天玩樂園 (Play Together)"
06:00,55,6744796128,"燕雲十六聲"
06:00,56,6475033368,"鳴潮 - 前往玄方地界"
06:00,57,6739514639,"信長之野望 真戰"
06:00,58,6670441558,"Dark War:Survival"
06:00,59,6756707358,"肥鵝美食街"
06:00,60,1356980152,"大福Online-老虎機、捕魚、推幣機、刮刮樂、拉霸 娛樂城"
06:00,61,638689075,"夢想小鎮 (Township)"
06:00,62,6479970832,"Pokémon TCG Pocket"
06:00,63,1212704444,"棒球殿堂Live"
06:00,64,1606356401,"絕區零 - 週年慶"
06:00,65,1580691683,"MLB 9局職棒 勁旅對決 26"
06:00,66,730209957,"拉斯維加斯娛樂城-捕魚,老虎機,拉霸,麻將,賭場遊戲"
06:00,67,6443755785,"漫遊小鎮®：合併&故事"
06:00,68,6502820653,"弓箭傳說2"
06:00,69,6738109752,"點點大作戰"
06:00,70,1466736988,"跑跑卡丁車 Rush+"
06:00,71,1444980563,"天堂W"
06:00,72,6749302379,"夢幻茶樓"
06:00,73,6503113088,"新武俠大明星"
06:00,74,6759817762,"Titan Rush: Survival"
06:00,75,1521236603,"Travel Town - Merge Adventure"
06:00,76,6755455500,"好萊塢合成：星夢逆襲"
06:00,77,6756000886,"新熱血江湖：世界"
06:00,78,6474654939,"逆水寒"
06:00,79,6760538120,"醫起救世界：鼠裡逃生"
06:00,80,6618142292,"火辣餐廳：合併&烹飪"
06:00,81,6740966864,"點點英雄：骰子傳說"
06:00,82,6780402432,"爆走摸魚君"
06:00,83,6752369665,"誰來救救我"
06:00,84,1517783697,"原神·空月之歌"
06:00,85,1673675970,"蛋仔派對"
06:00,86,1572788053,"一念逍遙：涅槃重生"
06:00,87,6755585789,"靠裝勇者：背包合成RPG"
06:00,88,1643509748,"摩奇料理 主題餐廳"
06:00,89,6759596187,"無盡輪迴：鬼域摸金"
06:00,90,6737599263,"NBA巔峰對決"
06:00,91,1599719154,"崩壞：星穹鐵道"
06:00,92,6760813873,"世界之外"
06:00,93,1630883882,"勝利女神：妮姬"
06:00,94,6747065546,"雲上城之歌：勇者再出發"
06:00,95,6760377678,"車車屍搭普 - 超激爽末日刷怪！"
06:00,96,1117270703,"eFootball™"
06:00,97,6445880165,"暗影英雄：突襲"
06:00,98,6751560944,"我的花園世界"
06:00,99,1530758357,"三國志・戰略版"
06:00,100,1300146617,"Free Fire: 9周年"
06:00,101,1492885094,"叫我大掌櫃"
06:00,102,1628970855,"劍與遠征：啟程"
06:00,103,6743163616,"江湖有詭"
06:00,104,1192272619,"錢街Online-麻將、捕魚機、老虎機、紅包雨、娛樂城"
06:00,105,1566814309,"國粹天天樂-台灣麻將四隻刀13支大老二排7接龍"
06:00,106,6754595303,"三國志KING"
06:00,107,1315535136,"荒野行動"
06:00,108,1551574670,"末日喧囂"
06:00,109,6747024269,"齒輪獸衛隊"
06:00,110,439159270,"德州撲克 神來也德州撲克(Texas Poker)"
06:00,111,6692615881,"SD鋼彈 G世代 永恆"
06:00,112,6760992149,"生存33天"
06:00,113,1053012308,"Clash Royale"
06:00,114,1416604843,"Garena 極速領域：矩陣突破"
06:00,115,6462846417,"MLB 制勝時刻 26"
06:00,116,1491129492,"Baseball Clash: Real-time game"
06:00,117,850251209,"怪物彈珠"
06:00,118,6745761596,"Coin Master - Board Adventure"
06:00,119,1562065271,"無雙戰機"
06:00,120,6469999573,"全明星街球派對"
06:00,121,6499562253,"龍村 3"
06:00,122,1628517224,"忍者必須死-全球版"
06:00,123,6785414379,"天命：六道輪迴"
06:00,124,664575829,"夢幻水族箱 (Fishdom)"
06:00,125,1037737746,"真人麻將 野蠻世界娛樂城-陳雷推薦"
06:00,126,1241253595,"叫我官老爺"
06:00,127,6450953550,"王國之歌（Top Heroes）"
06:00,128,6757519748,"超時空街球對決"
06:00,129,1376515087,"Age of Origins:Tower Defense"
06:00,130,1370284166,"第五人格"
06:00,131,1253796614,"RO仙境傳說：守護永恆的愛"
06:00,132,529479190,"部落衝突 (Clash of Clans)"
06:00,133,949344041,"LINE 熊大農場"
06:00,134,6746192853,"變身傳奇"
06:00,135,6503603603,"迷霧小鎮: 合成遊戲 (Mystery Town)"
06:00,136,6475925341,"咒術迴戰 幻影夜行"
06:00,137,6450161259,"獸族之怒"
06:00,138,963067330,"跑跑薑餅人：烤箱大逃亡"
06:00,139,6596787726,"卡皮巴拉 Go!"
06:00,140,6615069116,"救世主超忙"
06:00,141,6773322250,"解憂小食光：餐廳模擬經營"
06:00,142,6758817271,"鬼雄三國：主公有夠鬼"
06:00,143,6744726523,"問劍長生-亞洲服"
06:00,144,6738897614,"時光大爆炸"
06:00,145,6746328263,"Castle Busters"
06:00,146,1672731515,"捕魚新紀元Online - 歡樂捕魚大作戰"
06:00,147,6480159275,"救世者之樹：新世界"
06:00,148,6747957875,"家族物語 - 治癒系世代模擬"
06:00,149,1160056295,"Mobile Legends: Bang Bang"
06:00,150,6759955644,"練氣3000層：墮落女帝逼我飛升"
06:00,151,6757722046,"Butcher hero: hook'n'chew RPG"
06:00,152,1536558718,"王牌俱樂部-戰神賽特2、赤三國、柏青、雷神、麻將、捕魚機"
06:00,153,6753970194,"勇者來開團"
06:00,154,1570095804,"Kingdom Guard:Tower Defense TD"
06:00,155,1328213172,"一個官人一個妻"
06:00,156,1390473317,"超異域公主連結！Re:Dive"
06:00,157,1528941310,"噠噠特攻"
06:00,158,583798880,"神魔之塔"
06:00,159,6757910692,"NBA王朝崛起"
06:00,160,1158967485,"勇士爭霸：武士聯盟 放置角色 RPG遊戲"
06:00,161,6446716937,"九萬畝"
06:00,162,1442505782,"明日之後-末日生存手遊"
06:00,163,1593130084,"火炬之光：無限"
06:00,164,6450099588,"棕色塵埃2- 冒汗心跳的RPG"
06:00,165,6751030003,"異環"
06:00,166,6762765238,"JUMP 全明星亂鬥"
06:00,167,807342900,"宅神爺麻將—正宗16張台灣麻將，捕魚機大獎狂噴，真人秒開桌"
06:00,168,6480158002,"RO仙境傳說：初心之戰"
06:00,169,1252850847,"《NBA 2K Mobile》籃球遊戲"
06:00,170,6737189862,"野蠻生存錄：侏羅紀"
06:00,171,6738163891,"VAMPIR：血之繼承者"
06:00,172,1483058899,"Project Makeover"
06:00,173,1527975534,"全民打棒球 Pro"
06:00,174,6757413794,"真三國無雙・霸"
06:00,175,1663423521,"Wizardry Variants Daphne"
06:00,176,1020109860,"金猴爺老虎機-線上老虎機遊戲"
06:00,177,6755575756,"巡夢少女"
06:00,178,6754004606,"超自然行動組"
06:00,179,6756251184,"錫葛尼斯：紅月再臨"
06:00,180,1480516829,"Free Fire MAX"
06:00,181,6776965113,"神獸激戰"
06:00,182,852912420,"魔靈召喚: 天空之役"
06:00,183,6739022700,"時光雜貨店"
06:00,184,6744917659,"DoE：流亡地牢"
06:00,185,1098157959,"文明霸業 - 王者再臨"
06:00,186,1545808948,"RO仙境傳說: 新世代的誕生"
06:00,187,6754387513,"堡壘傳說：蒸汽龐克"
06:00,188,6737409896,"進擊的惡魔團"
06:00,189,1509450845,"薑餅人王國"
06:00,190,625257520,"《爐石戰記》"
06:00,191,1492005122,"《暗黑破壞神 永生不朽》"
06:00,192,6769617371,"刃與三國：烽火爭霸"
06:00,193,6754668476,"永夜降臨：雙面魅影"
06:00,194,1462117269,"Sky光·遇"
06:00,195,6740075555,"奇蹟MU：暴走之翼"
06:00,196,6759788962,"Lordrush"
06:00,197,6648774034,"最強宗師"
06:00,198,1580670593,"極無雙2"
06:00,199,6443468077,"戀與深空"
06:00,200,6443760593,"喪尸狂潮"
06:30,1,1089079153,"Garena 傳說對決：膽大黨聯動開啟！"
06:30,2,919043762,"星城-賓果行星大賽開跑"
06:30,3,1556357398,"Pikmin Bloom"
06:30,4,6443575749,"寒霜啟示錄"
06:30,5,6739554056,"Kingshot"
06:30,6,501306812,"麻將明星3缺1"
06:30,7,1623318294,"緋聞港口：合併&故事"
06:30,8,553834731,"糖果傳奇"
06:30,9,6759030432,"瑪奇 Mobile"
06:30,10,1339550728,"包你發-王識賢、安心亞推薦休閒娛樂城-老虎機、捕魚機多款遊戲"
06:30,11,6752602491,"三國：謀定天下"
06:30,12,1453363650,"PUBG MOBILE：絕地求生M"
06:30,13,6756641249,"hololive Dreams"
06:30,14,406889139,"Coin Master"
06:30,15,6448786147,"最後的戰爭 - Last War"
06:30,16,1441199787,"豪神娛樂城"
06:30,17,6752642477,"明日方舟：終末地"
06:30,18,1290086677,"楓之谷M - 奇幻冒險MMORPG"
06:30,19,6749527002,"RO仙境傳説：世界之旅"
06:30,20,6749251466,"薑餅人放置大戰爭 - 餅乾養成RPG"
06:30,21,6449517782,"嚦咕麻將-戰神賽特、雷神之錘、超八、賽馬、麻將、魚機、老虎機"
06:30,22,6739616715,"楓之谷：放置冒險記"
06:30,23,455902495,"麻將 神來也麻將－台灣16張、麻雀"
06:30,24,6774434587,"猛鬼三國"
06:30,25,1267732467,"金好運"
06:30,26,1229016807,"《荒野亂鬥》"
06:30,27,6670604287,"Garena® 三角洲行動"
06:30,28,907432647,"老子有錢-10萬倍賽特、柏青斯洛、老虎機、爆萬倍捕魚機"
06:30,29,6762115994,"開局一座島-送真海鮮！"
06:30,30,6471045672,"食光旅行"
06:30,31,1105855019,"夢幻花園 (Gardenscapes)"
06:30,32,1094591345,"Pokémon GO"
06:30,33,6746465127,"細胞保衛戰 - 生存射擊大亂鬥"
06:30,34,1276508585,"天堂M"
06:30,35,6450006659,"巔峰極速"
06:30,36,1465688043,"決勝時刻: Mobile - Garena"
06:30,37,6482291732,"運氣拚輸贏"
06:30,38,6504542886,"杖劍傳說：坎斯汀之約"
06:30,39,1007924271,"滿貫大亨娛樂城 - 雷霆之錘II：諸神黃昏 強勢降臨！"
06:30,40,6503702666,"同盟塔防戰：並肩作戰"
06:30,41,1482155847,"Royal Match"
06:30,42,1606549505,"Royal Kingdom"
06:30,43,6503272652,"Last Z:Survival Shooter（倖存者逃亡）"
06:30,44,1195621598,"夢幻家園 (Homescapes)"
06:30,45,6758648051,"我的英雄學院：UNITED SURVIVAL"
06:30,46,1094930513,"EA SPORTS FC™ 足球 Mobile 2026"
06:30,47,6754965520,"Rogue Legend - Roguelike RPG"
06:30,48,767265270,"《LINE Rangers》×動畫「怪獸8號」合作活動"
06:30,49,1501301871,"《英雄聯盟：激鬥峽谷》"
06:30,50,6746151928,"心動小鎮"
06:30,51,971601423,"貓咪大戰爭"
06:30,52,6749109328,"超能戰爭"
06:30,53,1059665257,"MLB：9局職棒26"
06:30,54,1402384531,"天天玩樂園 (Play Together)"
06:30,55,6744796128,"燕雲十六聲"
06:30,56,6475033368,"鳴潮 - 前往玄方地界"
06:30,57,6739514639,"信長之野望 真戰"
06:30,58,6670441558,"Dark War:Survival"
06:30,59,6756707358,"肥鵝美食街"
06:30,60,1356980152,"大福Online-老虎機、捕魚、推幣機、刮刮樂、拉霸 娛樂城"
06:30,61,638689075,"夢想小鎮 (Township)"
06:30,62,6479970832,"Pokémon TCG Pocket"
06:30,63,1212704444,"棒球殿堂Live"
06:30,64,1606356401,"絕區零 - 週年慶"
06:30,65,1580691683,"MLB 9局職棒 勁旅對決 26"
06:30,66,730209957,"拉斯維加斯娛樂城-捕魚,老虎機,拉霸,麻將,賭場遊戲"
06:30,67,6443755785,"漫遊小鎮®：合併&故事"
06:30,68,6502820653,"弓箭傳說2"
06:30,69,6738109752,"點點大作戰"
06:30,70,1466736988,"跑跑卡丁車 Rush+"
06:30,71,1444980563,"天堂W"
06:30,72,6749302379,"夢幻茶樓"
06:30,73,6503113088,"新武俠大明星"
06:30,74,6759817762,"Titan Rush: Survival"
06:30,75,1521236603,"Travel Town - Merge Adventure"
06:30,76,6755455500,"好萊塢合成：星夢逆襲"
06:30,77,6756000886,"新熱血江湖：世界"
06:30,78,6474654939,"逆水寒"
06:30,79,6760538120,"醫起救世界：鼠裡逃生"
06:30,80,6618142292,"火辣餐廳：合併&烹飪"
06:30,81,6740966864,"點點英雄：骰子傳說"
06:30,82,6780402432,"爆走摸魚君"
06:30,83,6752369665,"誰來救救我"
06:30,84,1517783697,"原神·空月之歌"
06:30,85,1673675970,"蛋仔派對"
06:30,86,1572788053,"一念逍遙：涅槃重生"
06:30,87,6755585789,"靠裝勇者：背包合成RPG"
06:30,88,1643509748,"摩奇料理 主題餐廳"
06:30,89,6759596187,"無盡輪迴：鬼域摸金"
06:30,90,6737599263,"NBA巔峰對決"
06:30,91,1599719154,"崩壞：星穹鐵道"
06:30,92,6760813873,"世界之外"
06:30,93,1630883882,"勝利女神：妮姬"
06:30,94,6747065546,"雲上城之歌：勇者再出發"
06:30,95,6760377678,"車車屍搭普 - 超激爽末日刷怪！"
06:30,96,1117270703,"eFootball™"
06:30,97,6445880165,"暗影英雄：突襲"
06:30,98,6751560944,"我的花園世界"
06:30,99,1530758357,"三國志・戰略版"
06:30,100,1300146617,"Free Fire: 9周年"
06:30,101,1492885094,"叫我大掌櫃"
06:30,102,1628970855,"劍與遠征：啟程"
06:30,103,6743163616,"江湖有詭"
06:30,104,1192272619,"錢街Online-麻將、捕魚機、老虎機、紅包雨、娛樂城"
06:30,105,1566814309,"國粹天天樂-台灣麻將四隻刀13支大老二排7接龍"
06:30,106,6754595303,"三國志KING"
06:30,107,1315535136,"荒野行動"
06:30,108,1551574670,"末日喧囂"
06:30,109,6747024269,"齒輪獸衛隊"
06:30,110,439159270,"德州撲克 神來也德州撲克(Texas Poker)"
06:30,111,6692615881,"SD鋼彈 G世代 永恆"
06:30,112,6760992149,"生存33天"
06:30,113,1053012308,"Clash Royale"
06:30,114,1416604843,"Garena 極速領域：矩陣突破"
06:30,115,6462846417,"MLB 制勝時刻 26"
06:30,116,1491129492,"Baseball Clash: Real-time game"
06:30,117,850251209,"怪物彈珠"
06:30,118,6745761596,"Coin Master - Board Adventure"
06:30,119,1562065271,"無雙戰機"
06:30,120,6469999573,"全明星街球派對"
06:30,121,6499562253,"龍村 3"
06:30,122,1628517224,"忍者必須死-全球版"
06:30,123,6785414379,"天命：六道輪迴"
06:30,124,664575829,"夢幻水族箱 (Fishdom)"
06:30,125,1037737746,"真人麻將 野蠻世界娛樂城-陳雷推薦"
06:30,126,1241253595,"叫我官老爺"
06:30,127,6450953550,"王國之歌（Top Heroes）"
06:30,128,6757519748,"超時空街球對決"
06:30,129,1376515087,"Age of Origins:Tower Defense"
06:30,130,1370284166,"第五人格"
06:30,131,1253796614,"RO仙境傳說：守護永恆的愛"
06:30,132,529479190,"部落衝突 (Clash of Clans)"
06:30,133,949344041,"LINE 熊大農場"
06:30,134,6746192853,"變身傳奇"
06:30,135,6503603603,"迷霧小鎮: 合成遊戲 (Mystery Town)"
06:30,136,6475925341,"咒術迴戰 幻影夜行"
06:30,137,6450161259,"獸族之怒"
06:30,138,963067330,"跑跑薑餅人：烤箱大逃亡"
06:30,139,6596787726,"卡皮巴拉 Go!"
06:30,140,6615069116,"救世主超忙"
06:30,141,6773322250,"解憂小食光：餐廳模擬經營"
06:30,142,6758817271,"鬼雄三國：主公有夠鬼"
06:30,143,6744726523,"問劍長生-亞洲服"
06:30,144,6738897614,"時光大爆炸"
06:30,145,6746328263,"Castle Busters"
06:30,146,1672731515,"捕魚新紀元Online - 歡樂捕魚大作戰"
06:30,147,6480159275,"救世者之樹：新世界"
06:30,148,6747957875,"家族物語 - 治癒系世代模擬"
06:30,149,1160056295,"Mobile Legends: Bang Bang"
06:30,150,6759955644,"練氣3000層：墮落女帝逼我飛升"
06:30,151,6757722046,"Butcher hero: hook'n'chew RPG"
06:30,152,1536558718,"王牌俱樂部-戰神賽特2、赤三國、柏青、雷神、麻將、捕魚機"
06:30,153,6753970194,"勇者來開團"
06:30,154,1570095804,"Kingdom Guard:Tower Defense TD"
06:30,155,1328213172,"一個官人一個妻"
06:30,156,1390473317,"超異域公主連結！Re:Dive"
06:30,157,1528941310,"噠噠特攻"
06:30,158,583798880,"神魔之塔"
06:30,159,6757910692,"NBA王朝崛起"
06:30,160,1158967485,"勇士爭霸：武士聯盟 放置角色 RPG遊戲"
06:30,161,6446716937,"九萬畝"
06:30,162,1442505782,"明日之後-末日生存手遊"
06:30,163,1593130084,"火炬之光：無限"
06:30,164,6450099588,"棕色塵埃2- 冒汗心跳的RPG"
06:30,165,6751030003,"異環"
06:30,166,6762765238,"JUMP 全明星亂鬥"
06:30,167,807342900,"宅神爺麻將—正宗16張台灣麻將，捕魚機大獎狂噴，真人秒開桌"
06:30,168,6480158002,"RO仙境傳說：初心之戰"
06:30,169,1252850847,"《NBA 2K Mobile》籃球遊戲"
06:30,170,6737189862,"野蠻生存錄：侏羅紀"
06:30,171,6738163891,"VAMPIR：血之繼承者"
06:30,172,1483058899,"Project Makeover"
06:30,173,1527975534,"全民打棒球 Pro"
06:30,174,6757413794,"真三國無雙・霸"
06:30,175,1663423521,"Wizardry Variants Daphne"
06:30,176,1020109860,"金猴爺老虎機-線上老虎機遊戲"
06:30,177,6755575756,"巡夢少女"
06:30,178,6754004606,"超自然行動組"
06:30,179,6756251184,"錫葛尼斯：紅月再臨"
06:30,180,1480516829,"Free Fire MAX"
06:30,181,6776965113,"神獸激戰"
06:30,182,852912420,"魔靈召喚: 天空之役"
06:30,183,6739022700,"時光雜貨店"
06:30,184,6744917659,"DoE：流亡地牢"
06:30,185,1098157959,"文明霸業 - 王者再臨"
06:30,186,1545808948,"RO仙境傳說: 新世代的誕生"
06:30,187,6754387513,"堡壘傳說：蒸汽龐克"
06:30,188,6737409896,"進擊的惡魔團"
06:30,189,1509450845,"薑餅人王國"
06:30,190,625257520,"《爐石戰記》"
06:30,191,1492005122,"《暗黑破壞神 永生不朽》"
06:30,192,6769617371,"刃與三國：烽火爭霸"
06:30,193,6754668476,"永夜降臨：雙面魅影"
06:30,194,1462117269,"Sky光·遇"
06:30,195,6740075555,"奇蹟MU：暴走之翼"
06:30,196,6759788962,"Lordrush"
06:30,197,6648774034,"最強宗師"
06:30,198,1580670593,"極無雙2"
06:30,199,6443468077,"戀與深空"
06:30,200,6443760593,"喪尸狂潮"
07:00,1,1089079153,"Garena 傳說對決：膽大黨聯動開啟！"
07:00,2,919043762,"星城-賓果行星大賽開跑"
07:00,3,1556357398,"Pikmin Bloom"
07:00,4,6443575749,"寒霜啟示錄"
07:00,5,6739554056,"Kingshot"
07:00,6,501306812,"麻將明星3缺1"
07:00,7,1623318294,"緋聞港口：合併&故事"
07:00,8,553834731,"糖果傳奇"
07:00,9,6759030432,"瑪奇 Mobile"
07:00,10,1339550728,"包你發-王識賢、安心亞推薦休閒娛樂城-老虎機、捕魚機多款遊戲"
07:00,11,6752602491,"三國：謀定天下"
07:00,12,1453363650,"PUBG MOBILE：絕地求生M"
07:00,13,6756641249,"hololive Dreams"
07:00,14,406889139,"Coin Master"
07:00,15,6739616715,"楓之谷：放置冒險記"
07:00,16,1441199787,"豪神娛樂城"
07:00,17,6448786147,"最後的戰爭 - Last War"
07:00,18,1267732467,"金好運"
07:00,19,6752642477,"明日方舟：終末地"
07:00,20,1290086677,"楓之谷M - 奇幻冒險MMORPG"
07:00,21,6749527002,"RO仙境傳説：世界之旅"
07:00,22,6449517782,"嚦咕麻將-戰神賽特、雷神之錘、超八、賽馬、麻將、魚機、老虎機"
07:00,23,6749251466,"薑餅人放置大戰爭 - 餅乾養成RPG"
07:00,24,455902495,"麻將 神來也麻將－台灣16張、麻雀"
07:00,25,6774434587,"猛鬼三國"
07:00,26,1229016807,"《荒野亂鬥》"
07:00,27,6670604287,"Garena® 三角洲行動"
07:00,28,907432647,"老子有錢-10萬倍賽特、柏青斯洛、老虎機、爆萬倍捕魚機"
07:00,29,6762115994,"開局一座島-送真海鮮！"
07:00,30,6471045672,"食光旅行"
07:00,31,1276508585,"天堂M"
07:00,32,6746465127,"細胞保衛戰 - 生存射擊大亂鬥"
07:00,33,1105855019,"夢幻花園 (Gardenscapes)"
07:00,34,1094591345,"Pokémon GO"
07:00,35,6482291732,"運氣拚輸贏"
07:00,36,6450006659,"巔峰極速"
07:00,37,1465688043,"決勝時刻: Mobile - Garena"
07:00,38,6504542886,"杖劍傳說：坎斯汀之約"
07:00,39,1482155847,"Royal Match"
07:00,40,1007924271,"滿貫大亨娛樂城 - 雷霆之錘II：諸神黃昏 強勢降臨！"
07:00,41,6503702666,"同盟塔防戰：並肩作戰"
07:00,42,1606549505,"Royal Kingdom"
07:00,43,6754965520,"Rogue Legend - Roguelike RPG"
07:00,44,1195621598,"夢幻家園 (Homescapes)"
07:00,45,6758648051,"我的英雄學院：UNITED SURVIVAL"
07:00,46,6503272652,"Last Z:Survival Shooter（倖存者逃亡）"
07:00,47,767265270,"《LINE Rangers》×動畫「怪獸8號」合作活動"
07:00,48,1094930513,"EA SPORTS FC™ 足球 Mobile 2026"
07:00,49,6749109328,"超能戰爭"
07:00,50,1501301871,"《英雄聯盟：激鬥峽谷》"
07:00,51,6746151928,"心動小鎮"
07:00,52,971601423,"貓咪大戰爭"
07:00,53,1059665257,"MLB：9局職棒26"
07:00,54,6756707358,"肥鵝美食街"
07:00,55,6475033368,"鳴潮 - 前往玄方地界"
07:00,56,1402384531,"天天玩樂園 (Play Together)"
07:00,57,6479970832,"Pokémon TCG Pocket"
07:00,58,6739514639,"信長之野望 真戰"
07:00,59,6503113088,"新武俠大明星"
07:00,60,6744796128,"燕雲十六聲"
07:00,61,6670441558,"Dark War:Survival"
07:00,62,1212704444,"棒球殿堂Live"
07:00,63,1580691683,"MLB 9局職棒 勁旅對決 26"
07:00,64,638689075,"夢想小鎮 (Township)"
07:00,65,1356980152,"大福Online-老虎機、捕魚、推幣機、刮刮樂、拉霸 娛樂城"
07:00,66,6443755785,"漫遊小鎮®：合併&故事"
07:00,67,1606356401,"絕區零 - 週年慶"
07:00,68,1466736988,"跑跑卡丁車 Rush+"
07:00,69,6738109752,"點點大作戰"
07:00,70,730209957,"拉斯維加斯娛樂城-捕魚,老虎機,拉霸,麻將,賭場遊戲"
07:00,71,6502820653,"弓箭傳說2"
07:00,72,1444980563,"天堂W"
07:00,73,6749302379,"夢幻茶樓"
07:00,74,6756000886,"新熱血江湖：世界"
07:00,75,1521236603,"Travel Town - Merge Adventure"
07:00,76,6759596187,"無盡輪迴：鬼域摸金"
07:00,77,6740966864,"點點英雄：骰子傳說"
07:00,78,6780402432,"爆走摸魚君"
07:00,79,6759817762,"Titan Rush: Survival"
07:00,80,6755455500,"好萊塢合成：星夢逆襲"
07:00,81,6618142292,"火辣餐廳：合併&烹飪"
07:00,82,1517783697,"原神·空月之歌"
07:00,83,6474654939,"逆水寒"
07:00,84,1643509748,"摩奇料理 主題餐廳"
07:00,85,6760538120,"醫起救世界：鼠裡逃生"
07:00,86,6752369665,"誰來救救我"
07:00,87,6751560944,"我的花園世界"
07:00,88,1572788053,"一念逍遙：涅槃重生"
07:00,89,1673675970,"蛋仔派對"
07:00,90,6760377678,"車車屍搭普 - 超激爽末日刷怪！"
07:00,91,6737599263,"NBA巔峰對決"
07:00,92,1599719154,"崩壞：星穹鐵道"
07:00,93,6755585789,"靠裝勇者：背包合成RPG"
07:00,94,6760813873,"世界之外"
07:00,95,1566814309,"國粹天天樂-台灣麻將四隻刀13支大老二排7接龍"
07:00,96,1630883882,"勝利女神：妮姬"
07:00,97,583798880,"神魔之塔"
07:00,98,1117270703,"eFootball™"
07:00,99,1530758357,"三國志・戰略版"
07:00,100,6743163616,"江湖有詭"
07:00,101,6760992149,"生存33天"
07:00,102,1192272619,"錢街Online-麻將、捕魚機、老虎機、紅包雨、娛樂城"
07:00,103,1300146617,"Free Fire: 9周年"
07:00,104,6785414379,"天命：六道輪迴"
07:00,105,439159270,"德州撲克 神來也德州撲克(Texas Poker)"
07:00,106,6747065546,"雲上城之歌：勇者再出發"
07:00,107,1492885094,"叫我大掌櫃"
07:00,108,6445880165,"暗影英雄：突襲"
07:00,109,6692615881,"SD鋼彈 G世代 永恆"
07:00,110,1315535136,"荒野行動"
07:00,111,1551574670,"末日喧囂"
07:00,112,1628970855,"劍與遠征：啟程"
07:00,113,1416604843,"Garena 極速領域：矩陣突破"
07:00,114,6462846417,"MLB 制勝時刻 26"
07:00,115,1562065271,"無雙戰機"
07:00,116,6745761596,"Coin Master - Board Adventure"
07:00,117,6747024269,"齒輪獸衛隊"
07:00,118,1053012308,"Clash Royale"
07:00,119,6754595303,"三國志KING"
07:00,120,6469999573,"全明星街球派對"
07:00,121,850251209,"怪物彈珠"
07:00,122,1491129492,"Baseball Clash: Real-time game"
07:00,123,6450161259,"獸族之怒"
07:00,124,1037737746,"真人麻將 野蠻世界娛樂城-陳雷推薦"
07:00,125,6757519748,"超時空街球對決"
07:00,126,6499562253,"龍村 3"
07:00,127,664575829,"夢幻水族箱 (Fishdom)"
07:00,128,1628517224,"忍者必須死-全球版"
07:00,129,6450953550,"王國之歌（Top Heroes）"
07:00,130,6475925341,"咒術迴戰 幻影夜行"
07:00,131,6773322250,"解憂小食光：餐廳模擬經營"
07:00,132,1241253595,"叫我官老爺"
07:00,133,6758817271,"鬼雄三國：主公有夠鬼"
07:00,134,1376515087,"Age of Origins:Tower Defense"
07:00,135,1536558718,"王牌俱樂部-戰神賽特2、赤三國、柏青、雷神、麻將、捕魚機"
07:00,136,6746328263,"Castle Busters"
07:00,137,6503603603,"迷霧小鎮: 合成遊戲 (Mystery Town)"
07:00,138,963067330,"跑跑薑餅人：烤箱大逃亡"
07:00,139,1370284166,"第五人格"
07:00,140,6746192853,"變身傳奇"
07:00,141,1253796614,"RO仙境傳說：守護永恆的愛"
07:00,142,529479190,"部落衝突 (Clash of Clans)"
07:00,143,949344041,"LINE 熊大農場"
07:00,144,1672731515,"捕魚新紀元Online - 歡樂捕魚大作戰"
07:00,145,6596787726,"卡皮巴拉 Go!"
07:00,146,6759955644,"練氣3000層：墮落女帝逼我飛升"
07:00,147,6738897614,"時光大爆炸"
07:00,148,6747957875,"家族物語 - 治癒系世代模擬"
07:00,149,6615069116,"救世主超忙"
07:00,150,1160056295,"Mobile Legends: Bang Bang"
07:00,151,6744726523,"問劍長生-亞洲服"
07:00,152,6757910692,"NBA王朝崛起"
07:00,153,6756251184,"錫葛尼斯：紅月再臨"
07:00,154,6480159275,"救世者之樹：新世界"
07:00,155,6757722046,"Butcher hero: hook'n'chew RPG"
07:00,156,1528941310,"噠噠特攻"
07:00,157,6753970194,"勇者來開團"
07:00,158,1390473317,"超異域公主連結！Re:Dive"
07:00,159,807342900,"宅神爺麻將—正宗16張台灣麻將，捕魚機大獎狂噴，真人秒開桌"
07:00,160,1328213172,"一個官人一個妻"
07:00,161,1098157959,"文明霸業 - 王者再臨"
07:00,162,1527975534,"全民打棒球 Pro"
07:00,163,6446716937,"九萬畝"
07:00,164,852912420,"魔靈召喚: 天空之役"
07:00,165,6754387513,"堡壘傳說：蒸汽龐克"
07:00,166,1570095804,"Kingdom Guard:Tower Defense TD"
07:00,167,1442505782,"明日之後-末日生存手遊"
07:00,168,6751030003,"異環"
07:00,169,6762765238,"JUMP 全明星亂鬥"
07:00,170,6450099588,"棕色塵埃2- 冒汗心跳的RPG"
07:00,171,1252850847,"《NBA 2K Mobile》籃球遊戲"
07:00,172,1158967485,"勇士爭霸：武士聯盟 放置角色 RPG遊戲"
07:00,173,1593130084,"火炬之光：無限"
07:00,174,1483058899,"Project Makeover"
07:00,175,6776965113,"神獸激戰"
07:00,176,6737189862,"野蠻生存錄：侏羅紀"
07:00,177,6754004606,"超自然行動組"
07:00,178,6480158002,"RO仙境傳說：初心之戰"
07:00,179,1663423521,"Wizardry Variants Daphne"
07:00,180,1480516829,"Free Fire MAX"
07:00,181,6738163891,"VAMPIR：血之繼承者"
07:00,182,6757413794,"真三國無雙・霸"
07:00,183,6740075555,"奇蹟MU：暴走之翼"
07:00,184,6755575756,"巡夢少女"
07:00,185,1509450845,"薑餅人王國"
07:00,186,1462117269,"Sky光·遇"
07:00,187,625257520,"《爐石戰記》"
07:00,188,1545808948,"RO仙境傳說: 新世代的誕生"
07:00,189,6737409896,"進擊的惡魔團"
07:00,190,1020109860,"金猴爺老虎機-線上老虎機遊戲"
07:00,191,6744917659,"DoE：流亡地牢"
07:00,192,6648774034,"最強宗師"
07:00,193,1534470447,"X-Poker - 德州撲克 十三支約局"
07:00,194,6739022700,"時光雜貨店"
07:00,195,6443468077,"戀與深空"
07:00,196,1529827834,"開心鬥地主 - 真人棋牌合集"
07:00,197,1492005122,"《暗黑破壞神 永生不朽》"
07:00,198,6756606270,"咻咻史萊姆 x 白爛貓 - 彈幕射擊放置RPG"
07:00,199,6754668476,"永夜降臨：雙面魅影"
07:00,200,6743704037,"邪門鬼道"
08:00,1,1089079153,"Garena 傳說對決：膽大黨聯動開啟！"
08:00,2,919043762,"星城-賓果行星大賽開跑"
08:00,3,1556357398,"Pikmin Bloom"
08:00,4,6443575749,"寒霜啟示錄"
08:00,5,6739554056,"Kingshot"
08:00,6,501306812,"麻將明星3缺1"
08:00,7,1623318294,"緋聞港口：合併&故事"
08:00,8,553834731,"糖果傳奇"
08:00,9,6759030432,"瑪奇 Mobile"
08:00,10,1339550728,"包你發-王識賢、安心亞推薦休閒娛樂城-老虎機、捕魚機多款遊戲"
08:00,11,6752602491,"三國：謀定天下"
08:00,12,1453363650,"PUBG MOBILE：絕地求生M"
08:00,13,6756641249,"hololive Dreams"
08:00,14,406889139,"Coin Master"
08:00,15,6739616715,"楓之谷：放置冒險記"
08:00,16,1441199787,"豪神娛樂城"
08:00,17,6448786147,"最後的戰爭 - Last War"
08:00,18,1267732467,"金好運"
08:00,19,6752642477,"明日方舟：終末地"
08:00,20,1290086677,"楓之谷M - 奇幻冒險MMORPG"
08:00,21,6749527002,"RO仙境傳説：世界之旅"
08:00,22,6449517782,"嚦咕麻將-戰神賽特、雷神之錘、超八、賽馬、麻將、魚機、老虎機"
08:00,23,6749251466,"薑餅人放置大戰爭 - 餅乾養成RPG"
08:00,24,455902495,"麻將 神來也麻將－台灣16張、麻雀"
08:00,25,6774434587,"猛鬼三國"
08:00,26,1229016807,"《荒野亂鬥》"
08:00,27,6670604287,"Garena® 三角洲行動"
08:00,28,907432647,"老子有錢-10萬倍賽特、柏青斯洛、老虎機、爆萬倍捕魚機"
08:00,29,6762115994,"開局一座島-送真海鮮！"
08:00,30,6471045672,"食光旅行"
08:00,31,1276508585,"天堂M"
08:00,32,6746465127,"細胞保衛戰 - 生存射擊大亂鬥"
08:00,33,1105855019,"夢幻花園 (Gardenscapes)"
08:00,34,1094591345,"Pokémon GO"
08:00,35,6482291732,"運氣拚輸贏"
08:00,36,6450006659,"巔峰極速"
08:00,37,1465688043,"決勝時刻: Mobile - Garena"
08:00,38,6504542886,"杖劍傳說：坎斯汀之約"
08:00,39,1482155847,"Royal Match"
08:00,40,1007924271,"滿貫大亨娛樂城 - 雷霆之錘II：諸神黃昏 強勢降臨！"
08:00,41,6503702666,"同盟塔防戰：並肩作戰"
08:00,42,1606549505,"Royal Kingdom"
08:00,43,6754965520,"Rogue Legend - Roguelike RPG"
08:00,44,1195621598,"夢幻家園 (Homescapes)"
08:00,45,6758648051,"我的英雄學院：UNITED SURVIVAL"
08:00,46,6503272652,"Last Z:Survival Shooter（倖存者逃亡）"
08:00,47,767265270,"《LINE Rangers》×動畫「怪獸8號」合作活動"
08:00,48,1094930513,"EA SPORTS FC™ 足球 Mobile 2026"
08:00,49,6749109328,"超能戰爭"
08:00,50,1501301871,"《英雄聯盟：激鬥峽谷》"
08:00,51,6746151928,"心動小鎮"
08:00,52,971601423,"貓咪大戰爭"
08:00,53,1059665257,"MLB：9局職棒26"
08:00,54,6756707358,"肥鵝美食街"
08:00,55,6475033368,"鳴潮 - 前往玄方地界"
08:00,56,1402384531,"天天玩樂園 (Play Together)"
08:00,57,6479970832,"Pokémon TCG Pocket"
08:00,58,6739514639,"信長之野望 真戰"
08:00,59,6503113088,"新武俠大明星"
08:00,60,6744796128,"燕雲十六聲"
08:00,61,6670441558,"Dark War:Survival"
08:00,62,1212704444,"棒球殿堂Live"
08:00,63,1580691683,"MLB 9局職棒 勁旅對決 26"
08:00,64,638689075,"夢想小鎮 (Township)"
08:00,65,1356980152,"大福Online-老虎機、捕魚、推幣機、刮刮樂、拉霸 娛樂城"
08:00,66,6443755785,"漫遊小鎮®：合併&故事"
08:00,67,1606356401,"絕區零 - 週年慶"
08:00,68,1466736988,"跑跑卡丁車 Rush+"
08:00,69,6738109752,"點點大作戰"
08:00,70,730209957,"拉斯維加斯娛樂城-捕魚,老虎機,拉霸,麻將,賭場遊戲"
08:00,71,6502820653,"弓箭傳說2"
08:00,72,1444980563,"天堂W"
08:00,73,6749302379,"夢幻茶樓"
08:00,74,6756000886,"新熱血江湖：世界"
08:00,75,1521236603,"Travel Town - Merge Adventure"
08:00,76,6759596187,"無盡輪迴：鬼域摸金"
08:00,77,6740966864,"點點英雄：骰子傳說"
08:00,78,6780402432,"爆走摸魚君"
08:00,79,6759817762,"Titan Rush: Survival"
08:00,80,6755455500,"好萊塢合成：星夢逆襲"
08:00,81,6618142292,"火辣餐廳：合併&烹飪"
08:00,82,1517783697,"原神·空月之歌"
08:00,83,6474654939,"逆水寒"
08:00,84,1643509748,"摩奇料理 主題餐廳"
08:00,85,6760538120,"醫起救世界：鼠裡逃生"
08:00,86,6752369665,"誰來救救我"
08:00,87,6751560944,"我的花園世界"
08:00,88,1572788053,"一念逍遙：涅槃重生"
08:00,89,1673675970,"蛋仔派對"
08:00,90,6760377678,"車車屍搭普 - 超激爽末日刷怪！"
08:00,91,6737599263,"NBA巔峰對決"
08:00,92,1599719154,"崩壞：星穹鐵道"
08:00,93,6755585789,"靠裝勇者：背包合成RPG"
08:00,94,6760813873,"世界之外"
08:00,95,1566814309,"國粹天天樂-台灣麻將四隻刀13支大老二排7接龍"
08:00,96,1630883882,"勝利女神：妮姬"
08:00,97,583798880,"神魔之塔"
08:00,98,1117270703,"eFootball™"
08:00,99,1530758357,"三國志・戰略版"
08:00,100,6743163616,"江湖有詭"
08:00,101,6760992149,"生存33天"
08:00,102,1192272619,"錢街Online-麻將、捕魚機、老虎機、紅包雨、娛樂城"
08:00,103,1300146617,"Free Fire: 9周年"
08:00,104,6785414379,"天命：六道輪迴"
08:00,105,439159270,"德州撲克 神來也德州撲克(Texas Poker)"
08:00,106,6747065546,"雲上城之歌：勇者再出發"
08:00,107,1492885094,"叫我大掌櫃"
08:00,108,6445880165,"暗影英雄：突襲"
08:00,109,6692615881,"SD鋼彈 G世代 永恆"
08:00,110,1315535136,"荒野行動"
08:00,111,1551574670,"末日喧囂"
08:00,112,1628970855,"劍與遠征：啟程"
08:00,113,1416604843,"Garena 極速領域：矩陣突破"
08:00,114,6462846417,"MLB 制勝時刻 26"
08:00,115,1562065271,"無雙戰機"
08:00,116,6745761596,"Coin Master - Board Adventure"
08:00,117,6747024269,"齒輪獸衛隊"
08:00,118,1053012308,"Clash Royale"
08:00,119,6754595303,"三國志KING"
08:00,120,6469999573,"全明星街球派對"
08:00,121,850251209,"怪物彈珠"
08:00,122,1491129492,"Baseball Clash: Real-time game"
08:00,123,6450161259,"獸族之怒"
08:00,124,1037737746,"真人麻將 野蠻世界娛樂城-陳雷推薦"
08:00,125,6757519748,"超時空街球對決"
08:00,126,6499562253,"龍村 3"
08:00,127,664575829,"夢幻水族箱 (Fishdom)"
08:00,128,1628517224,"忍者必須死-全球版"
08:00,129,6450953550,"王國之歌（Top Heroes）"
08:00,130,6475925341,"咒術迴戰 幻影夜行"
08:00,131,6773322250,"解憂小食光：餐廳模擬經營"
08:00,132,1241253595,"叫我官老爺"
08:00,133,6758817271,"鬼雄三國：主公有夠鬼"
08:00,134,1376515087,"Age of Origins:Tower Defense"
08:00,135,1536558718,"王牌俱樂部-戰神賽特2、赤三國、柏青、雷神、麻將、捕魚機"
08:00,136,6746328263,"Castle Busters"
08:00,137,6503603603,"迷霧小鎮: 合成遊戲 (Mystery Town)"
08:00,138,963067330,"跑跑薑餅人：烤箱大逃亡"
08:00,139,1370284166,"第五人格"
08:00,140,6746192853,"變身傳奇"
08:00,141,1253796614,"RO仙境傳說：守護永恆的愛"
08:00,142,529479190,"部落衝突 (Clash of Clans)"
08:00,143,949344041,"LINE 熊大農場"
08:00,144,1672731515,"捕魚新紀元Online - 歡樂捕魚大作戰"
08:00,145,6596787726,"卡皮巴拉 Go!"
08:00,146,6759955644,"練氣3000層：墮落女帝逼我飛升"
08:00,147,6738897614,"時光大爆炸"
08:00,148,6747957875,"家族物語 - 治癒系世代模擬"
08:00,149,6615069116,"救世主超忙"
08:00,150,1160056295,"Mobile Legends: Bang Bang"
08:00,151,6744726523,"問劍長生-亞洲服"
08:00,152,6757910692,"NBA王朝崛起"
08:00,153,6756251184,"錫葛尼斯：紅月再臨"
08:00,154,6480159275,"救世者之樹：新世界"
08:00,155,6757722046,"Butcher hero: hook'n'chew RPG"
08:00,156,1528941310,"噠噠特攻"
08:00,157,6753970194,"勇者來開團"
08:00,158,1390473317,"超異域公主連結！Re:Dive"
08:00,159,807342900,"宅神爺麻將—正宗16張台灣麻將，捕魚機大獎狂噴，真人秒開桌"
08:00,160,1328213172,"一個官人一個妻"
08:00,161,1098157959,"文明霸業 - 王者再臨"
08:00,162,1527975534,"全民打棒球 Pro"
08:00,163,6446716937,"九萬畝"
08:00,164,852912420,"魔靈召喚: 天空之役"
08:00,165,6754387513,"堡壘傳說：蒸汽龐克"
08:00,166,1570095804,"Kingdom Guard:Tower Defense TD"
08:00,167,1442505782,"明日之後-末日生存手遊"
08:00,168,6751030003,"異環"
08:00,169,6762765238,"JUMP 全明星亂鬥"
08:00,170,6450099588,"棕色塵埃2- 冒汗心跳的RPG"
08:00,171,1252850847,"《NBA 2K Mobile》籃球遊戲"
08:00,172,1158967485,"勇士爭霸：武士聯盟 放置角色 RPG遊戲"
08:00,173,1593130084,"火炬之光：無限"
08:00,174,1483058899,"Project Makeover"
08:00,175,6776965113,"神獸激戰"
08:00,176,6737189862,"野蠻生存錄：侏羅紀"
08:00,177,6754004606,"超自然行動組"
08:00,178,6480158002,"RO仙境傳說：初心之戰"
08:00,179,1663423521,"Wizardry Variants Daphne"
08:00,180,1480516829,"Free Fire MAX"
08:00,181,6738163891,"VAMPIR：血之繼承者"
08:00,182,6757413794,"真三國無雙・霸"
08:00,183,6740075555,"奇蹟MU：暴走之翼"
08:00,184,6755575756,"巡夢少女"
08:00,185,1509450845,"薑餅人王國"
08:00,186,1462117269,"Sky光·遇"
08:00,187,625257520,"《爐石戰記》"
08:00,188,1545808948,"RO仙境傳說: 新世代的誕生"
08:00,189,6737409896,"進擊的惡魔團"
08:00,190,1020109860,"金猴爺老虎機-線上老虎機遊戲"
08:00,191,6744917659,"DoE：流亡地牢"
08:00,192,6648774034,"最強宗師"
08:00,193,1534470447,"X-Poker - 德州撲克 十三支約局"
08:00,194,6739022700,"時光雜貨店"
08:00,195,6443468077,"戀與深空"
08:00,196,1529827834,"開心鬥地主 - 真人棋牌合集"
08:00,197,1492005122,"《暗黑破壞神 永生不朽》"
08:00,198,6756606270,"咻咻史萊姆 x 白爛貓 - 彈幕射擊放置RPG"
08:00,199,6754668476,"永夜降臨：雙面魅影"
08:00,200,6743704037,"邪門鬼道"
08:30,1,1089079153,"Garena 傳說對決：膽大黨聯動開啟！"
08:30,2,919043762,"星城-賓果行星大賽開跑"
08:30,3,1556357398,"Pikmin Bloom"
08:30,4,6443575749,"寒霜啟示錄"
08:30,5,6739554056,"Kingshot"
08:30,6,501306812,"麻將明星3缺1"
08:30,7,1623318294,"緋聞港口：合併&故事"
08:30,8,553834731,"糖果傳奇"
08:30,9,6759030432,"瑪奇 Mobile"
08:30,10,1339550728,"包你發-王識賢、安心亞推薦休閒娛樂城-老虎機、捕魚機多款遊戲"
08:30,11,6752602491,"三國：謀定天下"
08:30,12,1453363650,"PUBG MOBILE：絕地求生M"
08:30,13,6756641249,"hololive Dreams"
08:30,14,406889139,"Coin Master"
08:30,15,6739616715,"楓之谷：放置冒險記"
08:30,16,1441199787,"豪神娛樂城"
08:30,17,6448786147,"最後的戰爭 - Last War"
08:30,18,1267732467,"金好運"
08:30,19,6752642477,"明日方舟：終末地"
08:30,20,1290086677,"楓之谷M - 奇幻冒險MMORPG"
08:30,21,6749527002,"RO仙境傳説：世界之旅"
08:30,22,6449517782,"嚦咕麻將-戰神賽特、雷神之錘、超八、賽馬、麻將、魚機、老虎機"
08:30,23,6749251466,"薑餅人放置大戰爭 - 餅乾養成RPG"
08:30,24,455902495,"麻將 神來也麻將－台灣16張、麻雀"
08:30,25,6774434587,"猛鬼三國"
08:30,26,1229016807,"《荒野亂鬥》"
08:30,27,6670604287,"Garena® 三角洲行動"
08:30,28,907432647,"老子有錢-10萬倍賽特、柏青斯洛、老虎機、爆萬倍捕魚機"
08:30,29,6762115994,"開局一座島-送真海鮮！"
08:30,30,6471045672,"食光旅行"
08:30,31,1276508585,"天堂M"
08:30,32,6746465127,"細胞保衛戰 - 生存射擊大亂鬥"
08:30,33,1105855019,"夢幻花園 (Gardenscapes)"
08:30,34,1094591345,"Pokémon GO"
08:30,35,6482291732,"運氣拚輸贏"
08:30,36,6450006659,"巔峰極速"
08:30,37,1465688043,"決勝時刻: Mobile - Garena"
08:30,38,6504542886,"杖劍傳說：坎斯汀之約"
08:30,39,1482155847,"Royal Match"
08:30,40,1007924271,"滿貫大亨娛樂城 - 雷霆之錘II：諸神黃昏 強勢降臨！"
08:30,41,6503702666,"同盟塔防戰：並肩作戰"
08:30,42,1606549505,"Royal Kingdom"
08:30,43,6754965520,"Rogue Legend - Roguelike RPG"
08:30,44,1195621598,"夢幻家園 (Homescapes)"
08:30,45,6758648051,"我的英雄學院：UNITED SURVIVAL"
08:30,46,6503272652,"Last Z:Survival Shooter（倖存者逃亡）"
08:30,47,767265270,"《LINE Rangers》×動畫「怪獸8號」合作活動"
08:30,48,1094930513,"EA SPORTS FC™ 足球 Mobile 2026"
08:30,49,6749109328,"超能戰爭"
08:30,50,1501301871,"《英雄聯盟：激鬥峽谷》"
08:30,51,6746151928,"心動小鎮"
08:30,52,971601423,"貓咪大戰爭"
08:30,53,1059665257,"MLB：9局職棒26"
08:30,54,6756707358,"肥鵝美食街"
08:30,55,6475033368,"鳴潮 - 前往玄方地界"
08:30,56,1402384531,"天天玩樂園 (Play Together)"
08:30,57,6479970832,"Pokémon TCG Pocket"
08:30,58,6739514639,"信長之野望 真戰"
08:30,59,6503113088,"新武俠大明星"
08:30,60,6744796128,"燕雲十六聲"
08:30,61,6670441558,"Dark War:Survival"
08:30,62,1212704444,"棒球殿堂Live"
08:30,63,1580691683,"MLB 9局職棒 勁旅對決 26"
08:30,64,638689075,"夢想小鎮 (Township)"
08:30,65,1356980152,"大福Online-老虎機、捕魚、推幣機、刮刮樂、拉霸 娛樂城"
08:30,66,6443755785,"漫遊小鎮®：合併&故事"
08:30,67,1606356401,"絕區零 - 週年慶"
08:30,68,1466736988,"跑跑卡丁車 Rush+"
08:30,69,6738109752,"點點大作戰"
08:30,70,730209957,"拉斯維加斯娛樂城-捕魚,老虎機,拉霸,麻將,賭場遊戲"
08:30,71,6502820653,"弓箭傳說2"
08:30,72,1444980563,"天堂W"
08:30,73,6749302379,"夢幻茶樓"
08:30,74,6756000886,"新熱血江湖：世界"
08:30,75,1521236603,"Travel Town - Merge Adventure"
08:30,76,6759596187,"無盡輪迴：鬼域摸金"
08:30,77,6740966864,"點點英雄：骰子傳說"
08:30,78,6780402432,"爆走摸魚君"
08:30,79,6759817762,"Titan Rush: Survival"
08:30,80,6755455500,"好萊塢合成：星夢逆襲"
08:30,81,6618142292,"火辣餐廳：合併&烹飪"
08:30,82,1517783697,"原神·空月之歌"
08:30,83,6474654939,"逆水寒"
08:30,84,1643509748,"摩奇料理 主題餐廳"
08:30,85,6760538120,"醫起救世界：鼠裡逃生"
08:30,86,6752369665,"誰來救救我"
08:30,87,6751560944,"我的花園世界"
08:30,88,1572788053,"一念逍遙：涅槃重生"
08:30,89,1673675970,"蛋仔派對"
08:30,90,6760377678,"車車屍搭普 - 超激爽末日刷怪！"
08:30,91,6737599263,"NBA巔峰對決"
08:30,92,1599719154,"崩壞：星穹鐵道"
08:30,93,6755585789,"靠裝勇者：背包合成RPG"
08:30,94,6760813873,"世界之外"
08:30,95,1566814309,"國粹天天樂-台灣麻將四隻刀13支大老二排7接龍"
08:30,96,1630883882,"勝利女神：妮姬"
08:30,97,583798880,"神魔之塔"
08:30,98,1117270703,"eFootball™"
08:30,99,1530758357,"三國志・戰略版"
08:30,100,6743163616,"江湖有詭"
08:30,101,6760992149,"生存33天"
08:30,102,1192272619,"錢街Online-麻將、捕魚機、老虎機、紅包雨、娛樂城"
08:30,103,1300146617,"Free Fire: 9周年"
08:30,104,6785414379,"天命：六道輪迴"
08:30,105,439159270,"德州撲克 神來也德州撲克(Texas Poker)"
08:30,106,6747065546,"雲上城之歌：勇者再出發"
08:30,107,1492885094,"叫我大掌櫃"
08:30,108,6445880165,"暗影英雄：突襲"
08:30,109,6692615881,"SD鋼彈 G世代 永恆"
08:30,110,1315535136,"荒野行動"
08:30,111,1551574670,"末日喧囂"
08:30,112,1628970855,"劍與遠征：啟程"
08:30,113,1416604843,"Garena 極速領域：矩陣突破"
08:30,114,6462846417,"MLB 制勝時刻 26"
08:30,115,1562065271,"無雙戰機"
08:30,116,6745761596,"Coin Master - Board Adventure"
08:30,117,6747024269,"齒輪獸衛隊"
08:30,118,1053012308,"Clash Royale"
08:30,119,6754595303,"三國志KING"
08:30,120,6469999573,"全明星街球派對"
08:30,121,850251209,"怪物彈珠"
08:30,122,1491129492,"Baseball Clash: Real-time game"
08:30,123,6450161259,"獸族之怒"
08:30,124,1037737746,"真人麻將 野蠻世界娛樂城-陳雷推薦"
08:30,125,6757519748,"超時空街球對決"
08:30,126,6499562253,"龍村 3"
08:30,127,664575829,"夢幻水族箱 (Fishdom)"
08:30,128,1628517224,"忍者必須死-全球版"
08:30,129,6450953550,"王國之歌（Top Heroes）"
08:30,130,6475925341,"咒術迴戰 幻影夜行"
08:30,131,6773322250,"解憂小食光：餐廳模擬經營"
08:30,132,1241253595,"叫我官老爺"
08:30,133,6758817271,"鬼雄三國：主公有夠鬼"
08:30,134,1376515087,"Age of Origins:Tower Defense"
08:30,135,1536558718,"王牌俱樂部-戰神賽特2、赤三國、柏青、雷神、麻將、捕魚機"
08:30,136,6746328263,"Castle Busters"
08:30,137,6503603603,"迷霧小鎮: 合成遊戲 (Mystery Town)"
08:30,138,963067330,"跑跑薑餅人：烤箱大逃亡"
08:30,139,1370284166,"第五人格"
08:30,140,6746192853,"變身傳奇"
08:30,141,1253796614,"RO仙境傳說：守護永恆的愛"
08:30,142,529479190,"部落衝突 (Clash of Clans)"
08:30,143,949344041,"LINE 熊大農場"
08:30,144,1672731515,"捕魚新紀元Online - 歡樂捕魚大作戰"
08:30,145,6596787726,"卡皮巴拉 Go!"
08:30,146,6759955644,"練氣3000層：墮落女帝逼我飛升"
08:30,147,6738897614,"時光大爆炸"
08:30,148,6747957875,"家族物語 - 治癒系世代模擬"
08:30,149,6615069116,"救世主超忙"
08:30,150,1160056295,"Mobile Legends: Bang Bang"
08:30,151,6744726523,"問劍長生-亞洲服"
08:30,152,6757910692,"NBA王朝崛起"
08:30,153,6756251184,"錫葛尼斯：紅月再臨"
08:30,154,6480159275,"救世者之樹：新世界"
08:30,155,6757722046,"Butcher hero: hook'n'chew RPG"
08:30,156,1528941310,"噠噠特攻"
08:30,157,6753970194,"勇者來開團"
08:30,158,1390473317,"超異域公主連結！Re:Dive"
08:30,159,807342900,"宅神爺麻將—正宗16張台灣麻將，捕魚機大獎狂噴，真人秒開桌"
08:30,160,1328213172,"一個官人一個妻"
08:30,161,1098157959,"文明霸業 - 王者再臨"
08:30,162,1527975534,"全民打棒球 Pro"
08:30,163,6446716937,"九萬畝"
08:30,164,852912420,"魔靈召喚: 天空之役"
08:30,165,6754387513,"堡壘傳說：蒸汽龐克"
08:30,166,1570095804,"Kingdom Guard:Tower Defense TD"
08:30,167,1442505782,"明日之後-末日生存手遊"
08:30,168,6751030003,"異環"
08:30,169,6762765238,"JUMP 全明星亂鬥"
08:30,170,6450099588,"棕色塵埃2- 冒汗心跳的RPG"
08:30,171,1252850847,"《NBA 2K Mobile》籃球遊戲"
08:30,172,1158967485,"勇士爭霸：武士聯盟 放置角色 RPG遊戲"
08:30,173,1593130084,"火炬之光：無限"
08:30,174,1483058899,"Project Makeover"
08:30,175,6776965113,"神獸激戰"
08:30,176,6737189862,"野蠻生存錄：侏羅紀"
08:30,177,6754004606,"超自然行動組"
08:30,178,6480158002,"RO仙境傳說：初心之戰"
08:30,179,1663423521,"Wizardry Variants Daphne"
08:30,180,1480516829,"Free Fire MAX"
08:30,181,6738163891,"VAMPIR：血之繼承者"
08:30,182,6757413794,"真三國無雙・霸"
08:30,183,6740075555,"奇蹟MU：暴走之翼"
08:30,184,6755575756,"巡夢少女"
08:30,185,1509450845,"薑餅人王國"
08:30,186,1462117269,"Sky光·遇"
08:30,187,625257520,"《爐石戰記》"
08:30,188,1545808948,"RO仙境傳說: 新世代的誕生"
08:30,189,6737409896,"進擊的惡魔團"
08:30,190,1020109860,"金猴爺老虎機-線上老虎機遊戲"
08:30,191,6744917659,"DoE：流亡地牢"
08:30,192,6648774034,"最強宗師"
08:30,193,1534470447,"X-Poker - 德州撲克 十三支約局"
08:30,194,6739022700,"時光雜貨店"
08:30,195,6443468077,"戀與深空"
08:30,196,1529827834,"開心鬥地主 - 真人棋牌合集"
08:30,197,1492005122,"《暗黑破壞神 永生不朽》"
08:30,198,6756606270,"咻咻史萊姆 x 白爛貓 - 彈幕射擊放置RPG"
08:30,199,6754668476,"永夜降臨：雙面魅影"
08:30,200,6743704037,"邪門鬼道"
10:00,1,1089079153,"Garena 傳說對決：膽大黨聯動開啟！"
10:00,2,919043762,"星城-賓果行星大賽開跑"
10:00,3,1556357398,"Pikmin Bloom"
10:00,4,6443575749,"寒霜啟示錄"
10:00,5,6739554056,"Kingshot"
10:00,6,501306812,"麻將明星3缺1"
10:00,7,1623318294,"緋聞港口：合併&故事"
10:00,8,553834731,"糖果傳奇"
10:00,9,6759030432,"瑪奇 Mobile"
10:00,10,1339550728,"包你發-王識賢、安心亞推薦休閒娛樂城-老虎機、捕魚機多款遊戲"
10:00,11,6752602491,"三國：謀定天下"
10:00,12,1453363650,"PUBG MOBILE：絕地求生M"
10:00,13,6756641249,"hololive Dreams"
10:00,14,406889139,"Coin Master"
10:00,15,6739616715,"楓之谷：放置冒險記"
10:00,16,1441199787,"豪神娛樂城"
10:00,17,6448786147,"最後的戰爭 - Last War"
10:00,18,1267732467,"金好運"
10:00,19,6752642477,"明日方舟：終末地"
10:00,20,1290086677,"楓之谷M - 奇幻冒險MMORPG"
10:00,21,6749527002,"RO仙境傳説：世界之旅"
10:00,22,6449517782,"嚦咕麻將-戰神賽特、雷神之錘、超八、賽馬、麻將、魚機、老虎機"
10:00,23,6749251466,"薑餅人放置大戰爭 - 餅乾養成RPG"
10:00,24,455902495,"麻將 神來也麻將－台灣16張、麻雀"
10:00,25,6774434587,"猛鬼三國"
10:00,26,1229016807,"《荒野亂鬥》"
10:00,27,6670604287,"Garena® 三角洲行動"
10:00,28,907432647,"老子有錢-10萬倍賽特、柏青斯洛、老虎機、爆萬倍捕魚機"
10:00,29,6762115994,"開局一座島-送真海鮮！"
10:00,30,6471045672,"食光旅行"
10:00,31,1276508585,"天堂M"
10:00,32,6746465127,"細胞保衛戰 - 生存射擊大亂鬥"
10:00,33,1105855019,"夢幻花園 (Gardenscapes)"
10:00,34,1094591345,"Pokémon GO"
10:00,35,6482291732,"運氣拚輸贏"
10:00,36,6450006659,"巔峰極速"
10:00,37,1465688043,"決勝時刻: Mobile - Garena"
10:00,38,6504542886,"杖劍傳說：坎斯汀之約"
10:00,39,1482155847,"Royal Match"
10:00,40,1007924271,"滿貫大亨娛樂城 - 雷霆之錘II：諸神黃昏 強勢降臨！"
10:00,41,6503702666,"同盟塔防戰：並肩作戰"
10:00,42,1606549505,"Royal Kingdom"
10:00,43,6754965520,"Rogue Legend - Roguelike RPG"
10:00,44,1195621598,"夢幻家園 (Homescapes)"
10:00,45,6758648051,"我的英雄學院：UNITED SURVIVAL"
10:00,46,6503272652,"Last Z:Survival Shooter（倖存者逃亡）"
10:00,47,767265270,"《LINE Rangers》×動畫「怪獸8號」合作活動"
10:00,48,1094930513,"EA SPORTS FC™ 足球 Mobile 2026"
10:00,49,6749109328,"超能戰爭"
10:00,50,1501301871,"《英雄聯盟：激鬥峽谷》"
10:00,51,6746151928,"心動小鎮"
10:00,52,971601423,"貓咪大戰爭"
10:00,53,1059665257,"MLB：9局職棒26"
10:00,54,6756707358,"肥鵝美食街"
10:00,55,6475033368,"鳴潮 - 前往玄方地界"
10:00,56,1402384531,"天天玩樂園 (Play Together)"
10:00,57,6479970832,"Pokémon TCG Pocket"
10:00,58,6739514639,"信長之野望 真戰"
10:00,59,6503113088,"新武俠大明星"
10:00,60,6744796128,"燕雲十六聲"
10:00,61,6670441558,"Dark War:Survival"
10:00,62,1212704444,"棒球殿堂Live"
10:00,63,1580691683,"MLB 9局職棒 勁旅對決 26"
10:00,64,638689075,"夢想小鎮 (Township)"
10:00,65,1356980152,"大福Online-老虎機、捕魚、推幣機、刮刮樂、拉霸 娛樂城"
10:00,66,6443755785,"漫遊小鎮®：合併&故事"
10:00,67,1606356401,"絕區零 - 週年慶"
10:00,68,1466736988,"跑跑卡丁車 Rush+"
10:00,69,6738109752,"點點大作戰"
10:00,70,730209957,"拉斯維加斯娛樂城-捕魚,老虎機,拉霸,麻將,賭場遊戲"
10:00,71,6502820653,"弓箭傳說2"
10:00,72,1444980563,"天堂W"
10:00,73,6749302379,"夢幻茶樓"
10:00,74,6756000886,"新熱血江湖：世界"
10:00,75,1521236603,"Travel Town - Merge Adventure"
10:00,76,6759596187,"無盡輪迴：鬼域摸金"
10:00,77,6740966864,"點點英雄：骰子傳說"
10:00,78,6780402432,"爆走摸魚君"
10:00,79,6759817762,"Titan Rush: Survival"
10:00,80,6755455500,"好萊塢合成：星夢逆襲"
10:00,81,6618142292,"火辣餐廳：合併&烹飪"
10:00,82,1517783697,"原神·空月之歌"
10:00,83,6474654939,"逆水寒"
10:00,84,1643509748,"摩奇料理 主題餐廳"
10:00,85,6760538120,"醫起救世界：鼠裡逃生"
10:00,86,6752369665,"誰來救救我"
10:00,87,6751560944,"我的花園世界"
10:00,88,1572788053,"一念逍遙：涅槃重生"
10:00,89,1673675970,"蛋仔派對"
10:00,90,6760377678,"車車屍搭普 - 超激爽末日刷怪！"
10:00,91,6737599263,"NBA巔峰對決"
10:00,92,1599719154,"崩壞：星穹鐵道"
10:00,93,6755585789,"靠裝勇者：背包合成RPG"
10:00,94,6760813873,"世界之外"
10:00,95,1566814309,"國粹天天樂-台灣麻將四隻刀13支大老二排7接龍"
10:00,96,1630883882,"勝利女神：妮姬"
10:00,97,583798880,"神魔之塔"
10:00,98,1117270703,"eFootball™"
10:00,99,1530758357,"三國志・戰略版"
10:00,100,6743163616,"江湖有詭"
10:00,101,6760992149,"生存33天"
10:00,102,1192272619,"錢街Online-麻將、捕魚機、老虎機、紅包雨、娛樂城"
10:00,103,1300146617,"Free Fire: 9周年"
10:00,104,6785414379,"天命：六道輪迴"
10:00,105,439159270,"德州撲克 神來也德州撲克(Texas Poker)"
10:00,106,6747065546,"雲上城之歌：勇者再出發"
10:00,107,1492885094,"叫我大掌櫃"
10:00,108,6445880165,"暗影英雄：突襲"
10:00,109,6692615881,"SD鋼彈 G世代 永恆"
10:00,110,1315535136,"荒野行動"
10:00,111,1551574670,"末日喧囂"
10:00,112,1628970855,"劍與遠征：啟程"
10:00,113,1416604843,"Garena 極速領域：矩陣突破"
10:00,114,6462846417,"MLB 制勝時刻 26"
10:00,115,1562065271,"無雙戰機"
10:00,116,6745761596,"Coin Master - Board Adventure"
10:00,117,6747024269,"齒輪獸衛隊"
10:00,118,1053012308,"Clash Royale"
10:00,119,6754595303,"三國志KING"
10:00,120,6469999573,"全明星街球派對"
10:00,121,850251209,"怪物彈珠"
10:00,122,1491129492,"Baseball Clash: Real-time game"
10:00,123,6450161259,"獸族之怒"
10:00,124,1037737746,"真人麻將 野蠻世界娛樂城-陳雷推薦"
10:00,125,6757519748,"超時空街球對決"
10:00,126,6499562253,"龍村 3"
10:00,127,664575829,"夢幻水族箱 (Fishdom)"
10:00,128,1628517224,"忍者必須死-全球版"
10:00,129,6450953550,"王國之歌（Top Heroes）"
10:00,130,6475925341,"咒術迴戰 幻影夜行"
10:00,131,6773322250,"解憂小食光：餐廳模擬經營"
10:00,132,1241253595,"叫我官老爺"
10:00,133,6758817271,"鬼雄三國：主公有夠鬼"
10:00,134,1376515087,"Age of Origins:Tower Defense"
10:00,135,1536558718,"王牌俱樂部-戰神賽特2、赤三國、柏青、雷神、麻將、捕魚機"
10:00,136,6746328263,"Castle Busters"
10:00,137,6503603603,"迷霧小鎮: 合成遊戲 (Mystery Town)"
10:00,138,963067330,"跑跑薑餅人：烤箱大逃亡"
10:00,139,1370284166,"第五人格"
10:00,140,6746192853,"變身傳奇"
10:00,141,1253796614,"RO仙境傳說：守護永恆的愛"
10:00,142,529479190,"部落衝突 (Clash of Clans)"
10:00,143,949344041,"LINE 熊大農場"
10:00,144,1672731515,"捕魚新紀元Online - 歡樂捕魚大作戰"
10:00,145,6596787726,"卡皮巴拉 Go!"
10:00,146,6759955644,"練氣3000層：墮落女帝逼我飛升"
10:00,147,6738897614,"時光大爆炸"
10:00,148,6747957875,"家族物語 - 治癒系世代模擬"
10:00,149,6615069116,"救世主超忙"
10:00,150,1160056295,"Mobile Legends: Bang Bang"
10:00,151,6744726523,"問劍長生-亞洲服"
10:00,152,6757910692,"NBA王朝崛起"
10:00,153,6756251184,"錫葛尼斯：紅月再臨"
10:00,154,6480159275,"救世者之樹：新世界"
10:00,155,6757722046,"Butcher hero: hook'n'chew RPG"
10:00,156,1528941310,"噠噠特攻"
10:00,157,6753970194,"勇者來開團"
10:00,158,1390473317,"超異域公主連結！Re:Dive"
10:00,159,807342900,"宅神爺麻將—正宗16張台灣麻將，捕魚機大獎狂噴，真人秒開桌"
10:00,160,1328213172,"一個官人一個妻"
10:00,161,1098157959,"文明霸業 - 王者再臨"
10:00,162,1527975534,"全民打棒球 Pro"
10:00,163,6446716937,"九萬畝"
10:00,164,852912420,"魔靈召喚: 天空之役"
10:00,165,6754387513,"堡壘傳說：蒸汽龐克"
10:00,166,1570095804,"Kingdom Guard:Tower Defense TD"
10:00,167,1442505782,"明日之後-末日生存手遊"
10:00,168,6751030003,"異環"
10:00,169,6762765238,"JUMP 全明星亂鬥"
10:00,170,6450099588,"棕色塵埃2- 冒汗心跳的RPG"
10:00,171,1252850847,"《NBA 2K Mobile》籃球遊戲"
10:00,172,1158967485,"勇士爭霸：武士聯盟 放置角色 RPG遊戲"
10:00,173,1593130084,"火炬之光：無限"
10:00,174,1483058899,"Project Makeover"
10:00,175,6776965113,"神獸激戰"
10:00,176,6737189862,"野蠻生存錄：侏羅紀"
10:00,177,6754004606,"超自然行動組"
10:00,178,6480158002,"RO仙境傳說：初心之戰"
10:00,179,1663423521,"Wizardry Variants Daphne"
10:00,180,1480516829,"Free Fire MAX"
10:00,181,6738163891,"VAMPIR：血之繼承者"
10:00,182,6757413794,"真三國無雙・霸"
10:00,183,6740075555,"奇蹟MU：暴走之翼"
10:00,184,6755575756,"巡夢少女"
10:00,185,1509450845,"薑餅人王國"
10:00,186,1462117269,"Sky光·遇"
10:00,187,625257520,"《爐石戰記》"
10:00,188,1545808948,"RO仙境傳說: 新世代的誕生"
10:00,189,6737409896,"進擊的惡魔團"
10:00,190,1020109860,"金猴爺老虎機-線上老虎機遊戲"
10:00,191,6744917659,"DoE：流亡地牢"
10:00,192,6648774034,"最強宗師"
10:00,193,1534470447,"X-Poker - 德州撲克 十三支約局"
10:00,194,6739022700,"時光雜貨店"
10:00,195,6443468077,"戀與深空"
10:00,196,1529827834,"開心鬥地主 - 真人棋牌合集"
10:00,197,1492005122,"《暗黑破壞神 永生不朽》"
10:00,198,6756606270,"咻咻史萊姆 x 白爛貓 - 彈幕射擊放置RPG"
10:00,199,6754668476,"永夜降臨：雙面魅影"
10:00,200,6743704037,"邪門鬼道"
12:00,1,1089079153,"Garena 傳說對決：膽大黨聯動開啟！"
12:00,2,919043762,"星城-賓果行星大賽開跑"
12:00,3,1556357398,"Pikmin Bloom"
12:00,4,6443575749,"寒霜啟示錄"
12:00,5,6739554056,"Kingshot"
12:00,6,501306812,"麻將明星3缺1"
12:00,7,1623318294,"緋聞港口：合併&故事"
12:00,8,6759030432,"瑪奇 Mobile"
12:00,9,553834731,"糖果傳奇"
12:00,10,1339550728,"包你發-王識賢、安心亞推薦休閒娛樂城-老虎機、捕魚機多款遊戲"
12:00,11,1453363650,"PUBG MOBILE：絕地求生M"
12:00,12,6752602491,"三國：謀定天下"
12:00,13,6756641249,"hololive Dreams"
12:00,14,6739616715,"楓之谷：放置冒險記"
12:00,15,406889139,"Coin Master"
12:00,16,1441199787,"豪神娛樂城"
12:00,17,6448786147,"最後的戰爭 - Last War"
12:00,18,1267732467,"金好運"
12:00,19,1290086677,"楓之谷M - 奇幻冒險MMORPG"
12:00,20,6449517782,"嚦咕麻將-戰神賽特、雷神之錘、超八、賽馬、麻將、魚機、老虎機"
12:00,21,6752642477,"明日方舟：終末地"
12:00,22,6749527002,"RO仙境傳説：世界之旅"
12:00,23,6749251466,"薑餅人放置大戰爭 - 餅乾養成RPG"
12:00,24,455902495,"麻將 神來也麻將－台灣16張、麻雀"
12:00,25,6774434587,"猛鬼三國"
12:00,26,1229016807,"《荒野亂鬥》"
12:00,27,907432647,"老子有錢-10萬倍賽特、柏青斯洛、老虎機、爆萬倍捕魚機"
12:00,28,6670604287,"Garena® 三角洲行動"
12:00,29,6762115994,"開局一座島-送真海鮮！"
12:00,30,6746465127,"細胞保衛戰 - 生存射擊大亂鬥"
12:00,31,6471045672,"食光旅行"
12:00,32,1276508585,"天堂M"
12:00,33,1105855019,"夢幻花園 (Gardenscapes)"
12:00,34,1094591345,"Pokémon GO"
12:00,35,6482291732,"運氣拚輸贏"
12:00,36,6450006659,"巔峰極速"
12:00,37,1465688043,"決勝時刻: Mobile - Garena"
12:00,38,6504542886,"杖劍傳說：坎斯汀之約"
12:00,39,1482155847,"Royal Match"
12:00,40,1007924271,"滿貫大亨娛樂城 - 雷霆之錘II：諸神黃昏 強勢降臨！"
12:00,41,6503702666,"同盟塔防戰：並肩作戰"
12:00,42,1606549505,"Royal Kingdom"
12:00,43,6754965520,"Rogue Legend - Roguelike RPG"
12:00,44,1195621598,"夢幻家園 (Homescapes)"
12:00,45,6758648051,"我的英雄學院：UNITED SURVIVAL"
12:00,46,6746151928,"心動小鎮"
12:00,47,767265270,"《LINE Rangers》×動畫「怪獸8號」合作活動"
12:00,48,1501301871,"《英雄聯盟：激鬥峽谷》"
12:00,49,971601423,"貓咪大戰爭"
12:00,50,6503272652,"Last Z:Survival Shooter（倖存者逃亡）"
12:00,51,1094930513,"EA SPORTS FC™ 足球 Mobile 2026"
12:00,52,6749109328,"超能戰爭"
12:00,53,1059665257,"MLB：9局職棒26"
12:00,54,6475033368,"鳴潮 - 前往玄方地界"
12:00,55,6756707358,"肥鵝美食街"
12:00,56,6503113088,"新武俠大明星"
12:00,57,6744796128,"燕雲十六聲"
12:00,58,6479970832,"Pokémon TCG Pocket"
12:00,59,1402384531,"天天玩樂園 (Play Together)"
12:00,60,6670441558,"Dark War:Survival"
12:00,61,6739514639,"信長之野望 真戰"
12:00,62,1580691683,"MLB 9局職棒 勁旅對決 26"
12:00,63,638689075,"夢想小鎮 (Township)"
12:00,64,1212704444,"棒球殿堂Live"
12:00,65,1356980152,"大福Online-老虎機、捕魚、推幣機、刮刮樂、拉霸 娛樂城"
12:00,66,1606356401,"絕區零 - 週年慶"
12:00,67,1466736988,"跑跑卡丁車 Rush+"
12:00,68,6443755785,"漫遊小鎮®：合併&故事"
12:00,69,730209957,"拉斯維加斯娛樂城-捕魚,老虎機,拉霸,麻將,賭場遊戲"
12:00,70,6738109752,"點點大作戰"
12:00,71,6502820653,"弓箭傳說2"
12:00,72,6749302379,"夢幻茶樓"
12:00,73,1521236603,"Travel Town - Merge Adventure"
12:00,74,1444980563,"天堂W"
12:00,75,6756000886,"新熱血江湖：世界"
12:00,76,6759596187,"無盡輪迴：鬼域摸金"
12:00,77,6740966864,"點點英雄：骰子傳說"
12:00,78,6780402432,"爆走摸魚君"
12:00,79,6759817762,"Titan Rush: Survival"
12:00,80,6618142292,"火辣餐廳：合併&烹飪"
12:00,81,6755455500,"好萊塢合成：星夢逆襲"
12:00,82,6474654939,"逆水寒"
12:00,83,1517783697,"原神·空月之歌"
12:00,84,6760538120,"醫起救世界：鼠裡逃生"
12:00,85,1643509748,"摩奇料理 主題餐廳"
12:00,86,6751560944,"我的花園世界"
12:00,87,6752369665,"誰來救救我"
12:00,88,6760377678,"車車屍搭普 - 超激爽末日刷怪！"
12:00,89,1673675970,"蛋仔派對"
12:00,90,1572788053,"一念逍遙：涅槃重生"
12:00,91,6737599263,"NBA巔峰對決"
12:00,92,6755585789,"靠裝勇者：背包合成RPG"
12:00,93,1599719154,"崩壞：星穹鐵道"
12:00,94,583798880,"神魔之塔"
12:00,95,1566814309,"國粹天天樂-台灣麻將四隻刀13支大老二排7接龍"
12:00,96,6760813873,"世界之外"
12:00,97,1630883882,"勝利女神：妮姬"
12:00,98,1117270703,"eFootball™"
12:00,99,1192272619,"錢街Online-麻將、捕魚機、老虎機、紅包雨、娛樂城"
12:00,100,6760992149,"生存33天"
12:00,101,1530758357,"三國志・戰略版"
12:00,102,6743163616,"江湖有詭"
12:00,103,6785414379,"天命：六道輪迴"
12:00,104,1300146617,"Free Fire: 9周年"
12:00,105,439159270,"德州撲克 神來也德州撲克(Texas Poker)"
12:00,106,6747065546,"雲上城之歌：勇者再出發"
12:00,107,1315535136,"荒野行動"
12:00,108,6462846417,"MLB 制勝時刻 26"
12:00,109,6445880165,"暗影英雄：突襲"
12:00,110,1492885094,"叫我大掌櫃"
12:00,111,6692615881,"SD鋼彈 G世代 永恆"
12:00,112,1551574670,"末日喧囂"
12:00,113,6745761596,"Coin Master - Board Adventure"
12:00,114,1628970855,"劍與遠征：啟程"
12:00,115,1416604843,"Garena 極速領域：矩陣突破"
12:00,116,1562065271,"無雙戰機"
12:00,117,6469999573,"全明星街球派對"
12:00,118,1053012308,"Clash Royale"
12:00,119,6754595303,"三國志KING"
12:00,120,6747024269,"齒輪獸衛隊"
12:00,121,850251209,"怪物彈珠"
12:00,122,1491129492,"Baseball Clash: Real-time game"
12:00,123,6450161259,"獸族之怒"
12:00,124,6757519748,"超時空街球對決"
12:00,125,1037737746,"真人麻將 野蠻世界娛樂城-陳雷推薦"
12:00,126,6499562253,"龍村 3"
12:00,127,1628517224,"忍者必須死-全球版"
12:00,128,6450953550,"王國之歌（Top Heroes）"
12:00,129,664575829,"夢幻水族箱 (Fishdom)"
12:00,130,1534470447,"X-Poker - 德州撲克 十三支約局"
12:00,131,6475925341,"咒術迴戰 幻影夜行"
12:00,132,6773322250,"解憂小食光：餐廳模擬經營"
12:00,133,1241253595,"叫我官老爺"
12:00,134,1370284166,"第五人格"
12:00,135,6746328263,"Castle Busters"
12:00,136,1536558718,"王牌俱樂部-戰神賽特2、赤三國、柏青、雷神、麻將、捕魚機"
12:00,137,6758817271,"鬼雄三國：主公有夠鬼"
12:00,138,963067330,"跑跑薑餅人：烤箱大逃亡"
12:00,139,6503603603,"迷霧小鎮: 合成遊戲 (Mystery Town)"
12:00,140,1672731515,"捕魚新紀元Online - 歡樂捕魚大作戰"
12:00,141,1376515087,"Age of Origins:Tower Defense"
12:00,142,1253796614,"RO仙境傳說：守護永恆的愛"
12:00,143,529479190,"部落衝突 (Clash of Clans)"
12:00,144,6746192853,"變身傳奇"
12:00,145,6738163891,"VAMPIR：血之繼承者"
12:00,146,949344041,"LINE 熊大農場"
12:00,147,6759955644,"練氣3000層：墮落女帝逼我飛升"
12:00,148,6596787726,"卡皮巴拉 Go!"
12:00,149,6747957875,"家族物語 - 治癒系世代模擬"
12:00,150,6738897614,"時光大爆炸"
12:00,151,1160056295,"Mobile Legends: Bang Bang"
12:00,152,6615069116,"救世主超忙"
12:00,153,6757910692,"NBA王朝崛起"
12:00,154,6756251184,"錫葛尼斯：紅月再臨"
12:00,155,6744726523,"問劍長生-亞洲服"
12:00,156,1528941310,"噠噠特攻"
12:00,157,6480159275,"救世者之樹：新世界"
12:00,158,807342900,"宅神爺麻將—正宗16張台灣麻將，捕魚機大獎狂噴，真人秒開桌"
12:00,159,6757722046,"Butcher hero: hook'n'chew RPG"
12:00,160,1098157959,"文明霸業 - 王者再臨"
12:00,161,1390473317,"超異域公主連結！Re:Dive"
12:00,162,6753970194,"勇者來開團"
12:00,163,6754387513,"堡壘傳說：蒸汽龐克"
12:00,164,1328213172,"一個官人一個妻"
12:00,165,1527975534,"全民打棒球 Pro"
12:00,166,6480158002,"RO仙境傳說：初心之戰"
12:00,167,6446716937,"九萬畝"
12:00,168,852912420,"魔靈召喚: 天空之役"
12:00,169,6751030003,"異環"
12:00,170,6762765238,"JUMP 全明星亂鬥"
12:00,171,6754004606,"超自然行動組"
12:00,172,1252850847,"《NBA 2K Mobile》籃球遊戲"
12:00,173,1570095804,"Kingdom Guard:Tower Defense TD"
12:00,174,1442505782,"明日之後-末日生存手遊"
12:00,175,1593130084,"火炬之光：無限"
12:00,176,1158967485,"勇士爭霸：武士聯盟 放置角色 RPG遊戲"
12:00,177,6450099588,"棕色塵埃2- 冒汗心跳的RPG"
12:00,178,1483058899,"Project Makeover"
12:00,179,6776965113,"神獸激戰"
12:00,180,6740075555,"奇蹟MU：暴走之翼"
12:00,181,6757413794,"真三國無雙・霸"
12:00,182,1480516829,"Free Fire MAX"
12:00,183,1529827834,"開心鬥地主 - 真人棋牌合集"
12:00,184,6443468077,"戀與深空"
12:00,185,6737189862,"野蠻生存錄：侏羅紀"
12:00,186,1462117269,"Sky光·遇"
12:00,187,1663423521,"Wizardry Variants Daphne"
12:00,188,6744917659,"DoE：流亡地牢"
12:00,189,1509450845,"薑餅人王國"
12:00,190,625257520,"《爐石戰記》"
12:00,191,6755575756,"巡夢少女"
12:00,192,6737409896,"進擊的惡魔團"
12:00,193,1020109860,"金猴爺老虎機-線上老虎機遊戲"
12:00,194,1621328561,"MONOPOLY GO! (大富翁 GO!)"
12:00,195,6754668476,"永夜降臨：雙面魅影"
12:00,196,6648774034,"最強宗師"
12:00,197,1545808948,"RO仙境傳說: 新世代的誕生"
12:00,198,6769617371,"刃與三國：烽火爭霸"
12:00,199,6759788962,"Lordrush"
12:00,200,1576831351,"緋染天空 Heaven Burns Red"
14:00,1,1089079153,"Garena 傳說對決：膽大黨聯動開啟！"
14:00,2,919043762,"星城-賓果行星大賽開跑"
14:00,3,1556357398,"Pikmin Bloom"
14:00,4,6443575749,"寒霜啟示錄"
14:00,5,6739554056,"Kingshot"
14:00,6,1623318294,"緋聞港口：合併&故事"
14:00,7,501306812,"麻將明星3缺1"
14:00,8,6759030432,"瑪奇 Mobile"
14:00,9,553834731,"糖果傳奇"
14:00,10,1339550728,"包你發-王識賢、安心亞推薦休閒娛樂城-老虎機、捕魚機多款遊戲"
14:00,11,1453363650,"PUBG MOBILE：絕地求生M"
14:00,12,6739616715,"楓之谷：放置冒險記"
14:00,13,406889139,"Coin Master"
14:00,14,6752602491,"三國：謀定天下"
14:00,15,1441199787,"豪神娛樂城"
14:00,16,6448786147,"最後的戰爭 - Last War"
14:00,17,6756641249,"hololive Dreams"
14:00,18,1267732467,"金好運"
14:00,19,1290086677,"楓之谷M - 奇幻冒險MMORPG"
14:00,20,6749251466,"薑餅人放置大戰爭 - 餅乾養成RPG"
14:00,21,6752642477,"明日方舟：終末地"
14:00,22,6749527002,"RO仙境傳説：世界之旅"
14:00,23,6449517782,"嚦咕麻將-戰神賽特、雷神之錘、超八、賽馬、麻將、魚機、老虎機"
14:00,24,6774434587,"猛鬼三國"
14:00,25,455902495,"麻將 神來也麻將－台灣16張、麻雀"
14:00,26,6762115994,"開局一座島-送真海鮮！"
14:00,27,907432647,"老子有錢-10萬倍賽特、柏青斯洛、老虎機、爆萬倍捕魚機"
14:00,28,6670604287,"Garena® 三角洲行動"
14:00,29,1229016807,"《荒野亂鬥》"
14:00,30,6471045672,"食光旅行"
14:00,31,1276508585,"天堂M"
14:00,32,6746465127,"細胞保衛戰 - 生存射擊大亂鬥"
14:00,33,1105855019,"夢幻花園 (Gardenscapes)"
14:00,34,1094591345,"Pokémon GO"
14:00,35,6482291732,"運氣拚輸贏"
14:00,36,6504542886,"杖劍傳說：坎斯汀之約"
14:00,37,6450006659,"巔峰極速"
14:00,38,1465688043,"決勝時刻: Mobile - Garena"
14:00,39,6503702666,"同盟塔防戰：並肩作戰"
14:00,40,1007924271,"滿貫大亨娛樂城 - 雷霆之錘II：諸神黃昏 強勢降臨！"
14:00,41,1482155847,"Royal Match"
14:00,42,1606549505,"Royal Kingdom"
14:00,43,6503272652,"Last Z:Survival Shooter（倖存者逃亡）"
14:00,44,1195621598,"夢幻家園 (Homescapes)"
14:00,45,6746151928,"心動小鎮"
14:00,46,6758648051,"我的英雄學院：UNITED SURVIVAL"
14:00,47,6754965520,"Rogue Legend - Roguelike RPG"
14:00,48,767265270,"《LINE Rangers》×動畫「怪獸8號」合作活動"
14:00,49,1501301871,"《英雄聯盟：激鬥峽谷》"
14:00,50,971601423,"貓咪大戰爭"
14:00,51,6738109752,"點點大作戰"
14:00,52,6475033368,"鳴潮 - 前往玄方地界"
14:00,53,1094930513,"EA SPORTS FC™ 足球 Mobile 2026"
14:00,54,6749109328,"超能戰爭"
14:00,55,6744796128,"燕雲十六聲"
14:00,56,6503113088,"新武俠大明星"
14:00,57,6756707358,"肥鵝美食街"
14:00,58,1059665257,"MLB：9局職棒26"
14:00,59,6739514639,"信長之野望 真戰"
14:00,60,1402384531,"天天玩樂園 (Play Together)"
14:00,61,6479970832,"Pokémon TCG Pocket"
14:00,62,6670441558,"Dark War:Survival"
14:00,63,6443755785,"漫遊小鎮®：合併&故事"
14:00,64,638689075,"夢想小鎮 (Township)"
14:00,65,583798880,"神魔之塔"
14:00,66,1466736988,"跑跑卡丁車 Rush+"
14:00,67,1212704444,"棒球殿堂Live"
14:00,68,1580691683,"MLB 9局職棒 勁旅對決 26"
14:00,69,1606356401,"絕區零 - 週年慶"
14:00,70,6474654939,"逆水寒"
14:00,71,6502820653,"弓箭傳說2"
14:00,72,6749302379,"夢幻茶樓"
14:00,73,1356980152,"大福Online-老虎機、捕魚、推幣機、刮刮樂、拉霸 娛樂城"
14:00,74,6740966864,"點點英雄：骰子傳說"
14:00,75,730209957,"拉斯維加斯娛樂城-捕魚,老虎機,拉霸,麻將,賭場遊戲"
14:00,76,6756000886,"新熱血江湖：世界"
14:00,77,6759596187,"無盡輪迴：鬼域摸金"
14:00,78,1521236603,"Travel Town - Merge Adventure"
14:00,79,1444980563,"天堂W"
14:00,80,6618142292,"火辣餐廳：合併&烹飪"
14:00,81,6755585789,"靠裝勇者：背包合成RPG"
14:00,82,6751560944,"我的花園世界"
14:00,83,6755455500,"好萊塢合成：星夢逆襲"
14:00,84,6759817762,"Titan Rush: Survival"
14:00,85,1599719154,"崩壞：星穹鐵道"
14:00,86,6780402432,"爆走摸魚君"
14:00,87,1643509748,"摩奇料理 主題餐廳"
14:00,88,1572788053,"一念逍遙：涅槃重生"
14:00,89,6760377678,"車車屍搭普 - 超激爽末日刷怪！"
14:00,90,1517783697,"原神·空月之歌"
14:00,91,6752369665,"誰來救救我"
14:00,92,6760538120,"醫起救世界：鼠裡逃生"
14:00,93,1630883882,"勝利女神：妮姬"
14:00,94,1673675970,"蛋仔派對"
14:00,95,6738163891,"VAMPIR：血之繼承者"
14:00,96,6760813873,"世界之外"
14:00,97,6737599263,"NBA巔峰對決"
14:00,98,6760992149,"生存33天"
14:00,99,1530758357,"三國志・戰略版"
14:00,100,6445880165,"暗影英雄：突襲"
14:00,101,6743163616,"江湖有詭"
14:00,102,6785414379,"天命：六道輪迴"
14:00,103,1566814309,"國粹天天樂-台灣麻將四隻刀13支大老二排7接龍"
14:00,104,1117270703,"eFootball™"
14:00,105,1192272619,"錢街Online-麻將、捕魚機、老虎機、紅包雨、娛樂城"
14:00,106,1492885094,"叫我大掌櫃"
14:00,107,6745761596,"Coin Master - Board Adventure"
14:00,108,6747065546,"雲上城之歌：勇者再出發"
14:00,109,6469999573,"全明星街球派對"
14:00,110,1562065271,"無雙戰機"
14:00,111,6462846417,"MLB 制勝時刻 26"
14:00,112,1315535136,"荒野行動"
14:00,113,1300146617,"Free Fire: 9周年"
14:00,114,439159270,"德州撲克 神來也德州撲克(Texas Poker)"
14:00,115,6754595303,"三國志KING"
14:00,116,6692615881,"SD鋼彈 G世代 永恆"
14:00,117,1628970855,"劍與遠征：啟程"
14:00,118,1534470447,"X-Poker - 德州撲克 十三支約局"
14:00,119,1480516829,"Free Fire MAX"
14:00,120,1376515087,"Age of Origins:Tower Defense"
14:00,121,6747024269,"齒輪獸衛隊"
14:00,122,1551574670,"末日喧囂"
14:00,123,6746192853,"變身傳奇"
14:00,124,1053012308,"Clash Royale"
14:00,125,1416604843,"Garena 極速領域：矩陣突破"
14:00,126,850251209,"怪物彈珠"
14:00,127,6475925341,"咒術迴戰 幻影夜行"
14:00,128,1491129492,"Baseball Clash: Real-time game"
14:00,129,6450161259,"獸族之怒"
14:00,130,1628517224,"忍者必須死-全球版"
14:00,131,6757519748,"超時空街球對決"
14:00,132,6450953550,"王國之歌（Top Heroes）"
14:00,133,6503603603,"迷霧小鎮: 合成遊戲 (Mystery Town)"
14:00,134,6740848451,"RF ONLINE NEXT"
14:00,135,1370284166,"第五人格"
14:00,136,664575829,"夢幻水族箱 (Fishdom)"
14:00,137,6499562253,"龍村 3"
14:00,138,1037737746,"真人麻將 野蠻世界娛樂城-陳雷推薦"
14:00,139,6773322250,"解憂小食光：餐廳模擬經營"
14:00,140,949344041,"LINE 熊大農場"
14:00,141,1253796614,"RO仙境傳說：守護永恆的愛"
14:00,142,1487451427,"Infinity Kingdom"
14:00,143,6758817271,"鬼雄三國：主公有夠鬼"
14:00,144,6753970194,"勇者來開團"
14:00,145,6596787726,"卡皮巴拉 Go!"
14:00,146,1241253595,"叫我官老爺"
14:00,147,963067330,"跑跑薑餅人：烤箱大逃亡"
14:00,148,1672731515,"捕魚新紀元Online - 歡樂捕魚大作戰"
14:00,149,529479190,"部落衝突 (Clash of Clans)"
14:00,150,6746328263,"Castle Busters"
14:00,151,6744726523,"問劍長生-亞洲服"
14:00,152,1536558718,"王牌俱樂部-戰神賽特2、赤三國、柏青、雷神、麻將、捕魚機"
14:00,153,6759955644,"練氣3000層：墮落女帝逼我飛升"
14:00,154,6756251184,"錫葛尼斯：紅月再臨"
14:00,155,1570095804,"Kingdom Guard:Tower Defense TD"
14:00,156,1528941310,"噠噠特攻"
14:00,157,6747957875,"家族物語 - 治癒系世代模擬"
14:00,158,6480158002,"RO仙境傳說：初心之戰"
14:00,159,6615069116,"救世主超忙"
14:00,160,6762765238,"JUMP 全明星亂鬥"
14:00,161,6757910692,"NBA王朝崛起"
14:00,162,807342900,"宅神爺麻將—正宗16張台灣麻將，捕魚機大獎狂噴，真人秒開桌"
14:00,163,1160056295,"Mobile Legends: Bang Bang"
14:00,164,6738897614,"時光大爆炸"
14:00,165,1390473317,"超異域公主連結！Re:Dive"
14:00,166,6446716937,"九萬畝"
14:00,167,6450099588,"棕色塵埃2- 冒汗心跳的RPG"
14:00,168,6480159275,"救世者之樹：新世界"
14:00,169,6757722046,"Butcher hero: hook'n'chew RPG"
14:00,170,6754387513,"堡壘傳說：蒸汽龐克"
14:00,171,1328213172,"一個官人一個妻"
14:00,172,6755575756,"巡夢少女"
14:00,173,6754158504,"RO仙境傳說：愛如初見Classic"
14:00,174,6754004606,"超自然行動組"
14:00,175,1527975534,"全民打棒球 Pro"
14:00,176,1098157959,"文明霸業 - 王者再臨"
14:00,177,1252850847,"《NBA 2K Mobile》籃球遊戲"
14:00,178,6754668476,"永夜降臨：雙面魅影"
14:00,179,1442505782,"明日之後-末日生存手遊"
14:00,180,1226382859,"陰陽師Onmyoji"
14:00,181,1576831351,"緋染天空 Heaven Burns Red"
14:00,182,6751030003,"異環"
14:00,183,852912420,"魔靈召喚: 天空之役"
14:00,184,6769617371,"刃與三國：烽火爭霸"
14:00,185,6776965113,"神獸激戰"
14:00,186,1483058899,"Project Makeover"
14:00,187,6737189862,"野蠻生存錄：侏羅紀"
14:00,188,1593130084,"火炬之光：無限"
14:00,189,1529827834,"開心鬥地主 - 真人棋牌合集"
14:00,190,1158967485,"勇士爭霸：武士聯盟 放置角色 RPG遊戲"
14:00,191,6740075555,"奇蹟MU：暴走之翼"
14:00,192,6443468077,"戀與深空"
14:00,193,1509450845,"薑餅人王國"
14:00,194,6757413794,"真三國無雙・霸"
14:00,195,1462117269,"Sky光·遇"
14:00,196,6737409896,"進擊的惡魔團"
14:00,197,6648774034,"最強宗師"
14:00,198,625257520,"《爐石戰記》"
14:00,199,6741827909,"RO仙境傳說：守護永恆的愛 Classic"
14:00,200,6744917659,"DoE：流亡地牢"
15:30,1,1089079153,"Garena 傳說對決：膽大黨聯動開啟！"
15:30,2,919043762,"星城-賓果行星大賽開跑"
15:30,3,1556357398,"Pikmin Bloom"
15:30,4,6443575749,"寒霜啟示錄"
15:30,5,6739554056,"Kingshot"
15:30,6,1623318294,"緋聞港口：合併&故事"
15:30,7,501306812,"麻將明星3缺1"
15:30,8,6759030432,"瑪奇 Mobile"
15:30,9,553834731,"糖果傳奇"
15:30,10,1339550728,"包你發-王識賢、安心亞推薦休閒娛樂城-老虎機、捕魚機多款遊戲"
15:30,11,1453363650,"PUBG MOBILE：絕地求生M"
15:30,12,6739616715,"楓之谷：放置冒險記"
15:30,13,406889139,"Coin Master"
15:30,14,6752602491,"三國：謀定天下"
15:30,15,1441199787,"豪神娛樂城"
15:30,16,6448786147,"最後的戰爭 - Last War"
15:30,17,6756641249,"hololive Dreams"
15:30,18,1267732467,"金好運"
15:30,19,1290086677,"楓之谷M - 奇幻冒險MMORPG"
15:30,20,6749251466,"薑餅人放置大戰爭 - 餅乾養成RPG"
15:30,21,6752642477,"明日方舟：終末地"
15:30,22,6749527002,"RO仙境傳説：世界之旅"
15:30,23,6449517782,"嚦咕麻將-戰神賽特、雷神之錘、超八、賽馬、麻將、魚機、老虎機"
15:30,24,6774434587,"猛鬼三國"
15:30,25,455902495,"麻將 神來也麻將－台灣16張、麻雀"
15:30,26,6762115994,"開局一座島-送真海鮮！"
15:30,27,907432647,"老子有錢-10萬倍賽特、柏青斯洛、老虎機、爆萬倍捕魚機"
15:30,28,6670604287,"Garena® 三角洲行動"
15:30,29,1229016807,"《荒野亂鬥》"
15:30,30,6471045672,"食光旅行"
15:30,31,1276508585,"天堂M"
15:30,32,6746465127,"細胞保衛戰 - 生存射擊大亂鬥"
15:30,33,1105855019,"夢幻花園 (Gardenscapes)"
15:30,34,1094591345,"Pokémon GO"
15:30,35,6482291732,"運氣拚輸贏"
15:30,36,6504542886,"杖劍傳說：坎斯汀之約"
15:30,37,6450006659,"巔峰極速"
15:30,38,1465688043,"決勝時刻: Mobile - Garena"
15:30,39,6503702666,"同盟塔防戰：並肩作戰"
15:30,40,1007924271,"滿貫大亨娛樂城 - 雷霆之錘II：諸神黃昏 強勢降臨！"
15:30,41,1482155847,"Royal Match"
15:30,42,1606549505,"Royal Kingdom"
15:30,43,6503272652,"Last Z:Survival Shooter（倖存者逃亡）"
15:30,44,1195621598,"夢幻家園 (Homescapes)"
15:30,45,6746151928,"心動小鎮"
15:30,46,6758648051,"我的英雄學院：UNITED SURVIVAL"
15:30,47,6754965520,"Rogue Legend - Roguelike RPG"
15:30,48,767265270,"《LINE Rangers》×動畫「怪獸8號」合作活動"
15:30,49,1501301871,"《英雄聯盟：激鬥峽谷》"
15:30,50,971601423,"貓咪大戰爭"
15:30,51,6738109752,"點點大作戰"
15:30,52,6475033368,"鳴潮 - 前往玄方地界"
15:30,53,1094930513,"EA SPORTS FC™ 足球 Mobile 2026"
15:30,54,6749109328,"超能戰爭"
15:30,55,6744796128,"燕雲十六聲"
15:30,56,6503113088,"新武俠大明星"
15:30,57,6756707358,"肥鵝美食街"
15:30,58,1059665257,"MLB：9局職棒26"
15:30,59,6739514639,"信長之野望 真戰"
15:30,60,1402384531,"天天玩樂園 (Play Together)"
15:30,61,6479970832,"Pokémon TCG Pocket"
15:30,62,6670441558,"Dark War:Survival"
15:30,63,6443755785,"漫遊小鎮®：合併&故事"
15:30,64,638689075,"夢想小鎮 (Township)"
15:30,65,583798880,"神魔之塔"
15:30,66,1466736988,"跑跑卡丁車 Rush+"
15:30,67,1212704444,"棒球殿堂Live"
15:30,68,1580691683,"MLB 9局職棒 勁旅對決 26"
15:30,69,1606356401,"絕區零 - 週年慶"
15:30,70,6474654939,"逆水寒"
15:30,71,6502820653,"弓箭傳說2"
15:30,72,6749302379,"夢幻茶樓"
15:30,73,1356980152,"大福Online-老虎機、捕魚、推幣機、刮刮樂、拉霸 娛樂城"
15:30,74,6740966864,"點點英雄：骰子傳說"
15:30,75,730209957,"拉斯維加斯娛樂城-捕魚,老虎機,拉霸,麻將,賭場遊戲"
15:30,76,6756000886,"新熱血江湖：世界"
15:30,77,6759596187,"無盡輪迴：鬼域摸金"
15:30,78,1521236603,"Travel Town - Merge Adventure"
15:30,79,1444980563,"天堂W"
15:30,80,6618142292,"火辣餐廳：合併&烹飪"
15:30,81,6755585789,"靠裝勇者：背包合成RPG"
15:30,82,6751560944,"我的花園世界"
15:30,83,6755455500,"好萊塢合成：星夢逆襲"
15:30,84,6759817762,"Titan Rush: Survival"
15:30,85,1599719154,"崩壞：星穹鐵道"
15:30,86,6780402432,"爆走摸魚君"
15:30,87,1643509748,"摩奇料理 主題餐廳"
15:30,88,1572788053,"一念逍遙：涅槃重生"
15:30,89,6760377678,"車車屍搭普 - 超激爽末日刷怪！"
15:30,90,1517783697,"原神·空月之歌"
15:30,91,6752369665,"誰來救救我"
15:30,92,6760538120,"醫起救世界：鼠裡逃生"
15:30,93,1630883882,"勝利女神：妮姬"
15:30,94,1673675970,"蛋仔派對"
15:30,95,6738163891,"VAMPIR：血之繼承者"
15:30,96,6760813873,"世界之外"
15:30,97,6737599263,"NBA巔峰對決"
15:30,98,6760992149,"生存33天"
15:30,99,1530758357,"三國志・戰略版"
15:30,100,6445880165,"暗影英雄：突襲"
15:30,101,6743163616,"江湖有詭"
15:30,102,6785414379,"天命：六道輪迴"
15:30,103,1566814309,"國粹天天樂-台灣麻將四隻刀13支大老二排7接龍"
15:30,104,1117270703,"eFootball™"
15:30,105,1192272619,"錢街Online-麻將、捕魚機、老虎機、紅包雨、娛樂城"
15:30,106,1492885094,"叫我大掌櫃"
15:30,107,6745761596,"Coin Master - Board Adventure"
15:30,108,6747065546,"雲上城之歌：勇者再出發"
15:30,109,6469999573,"全明星街球派對"
15:30,110,1562065271,"無雙戰機"
15:30,111,6462846417,"MLB 制勝時刻 26"
15:30,112,1315535136,"荒野行動"
15:30,113,1300146617,"Free Fire: 9周年"
15:30,114,439159270,"德州撲克 神來也德州撲克(Texas Poker)"
15:30,115,6754595303,"三國志KING"
15:30,116,6692615881,"SD鋼彈 G世代 永恆"
15:30,117,1628970855,"劍與遠征：啟程"
15:30,118,1534470447,"X-Poker - 德州撲克 十三支約局"
15:30,119,1480516829,"Free Fire MAX"
15:30,120,1376515087,"Age of Origins:Tower Defense"
15:30,121,6747024269,"齒輪獸衛隊"
15:30,122,1551574670,"末日喧囂"
15:30,123,6746192853,"變身傳奇"
15:30,124,1053012308,"Clash Royale"
15:30,125,1416604843,"Garena 極速領域：矩陣突破"
15:30,126,850251209,"怪物彈珠"
15:30,127,6475925341,"咒術迴戰 幻影夜行"
15:30,128,1491129492,"Baseball Clash: Real-time game"
15:30,129,6450161259,"獸族之怒"
15:30,130,1628517224,"忍者必須死-全球版"
15:30,131,6757519748,"超時空街球對決"
15:30,132,6450953550,"王國之歌（Top Heroes）"
15:30,133,6503603603,"迷霧小鎮: 合成遊戲 (Mystery Town)"
15:30,134,6740848451,"RF ONLINE NEXT"
15:30,135,1370284166,"第五人格"
15:30,136,664575829,"夢幻水族箱 (Fishdom)"
15:30,137,6499562253,"龍村 3"
15:30,138,1037737746,"真人麻將 野蠻世界娛樂城-陳雷推薦"
15:30,139,6773322250,"解憂小食光：餐廳模擬經營"
15:30,140,949344041,"LINE 熊大農場"
15:30,141,1253796614,"RO仙境傳說：守護永恆的愛"
15:30,142,1487451427,"Infinity Kingdom"
15:30,143,6758817271,"鬼雄三國：主公有夠鬼"
15:30,144,6753970194,"勇者來開團"
15:30,145,6596787726,"卡皮巴拉 Go!"
15:30,146,1241253595,"叫我官老爺"
15:30,147,963067330,"跑跑薑餅人：烤箱大逃亡"
15:30,148,1672731515,"捕魚新紀元Online - 歡樂捕魚大作戰"
15:30,149,529479190,"部落衝突 (Clash of Clans)"
15:30,150,6746328263,"Castle Busters"
15:30,151,6744726523,"問劍長生-亞洲服"
15:30,152,1536558718,"王牌俱樂部-戰神賽特2、赤三國、柏青、雷神、麻將、捕魚機"
15:30,153,6759955644,"練氣3000層：墮落女帝逼我飛升"
15:30,154,6756251184,"錫葛尼斯：紅月再臨"
15:30,155,1570095804,"Kingdom Guard:Tower Defense TD"
15:30,156,1528941310,"噠噠特攻"
15:30,157,6747957875,"家族物語 - 治癒系世代模擬"
15:30,158,6480158002,"RO仙境傳說：初心之戰"
15:30,159,6615069116,"救世主超忙"
15:30,160,6762765238,"JUMP 全明星亂鬥"
15:30,161,6757910692,"NBA王朝崛起"
15:30,162,807342900,"宅神爺麻將—正宗16張台灣麻將，捕魚機大獎狂噴，真人秒開桌"
15:30,163,1160056295,"Mobile Legends: Bang Bang"
15:30,164,6738897614,"時光大爆炸"
15:30,165,1390473317,"超異域公主連結！Re:Dive"
15:30,166,6446716937,"九萬畝"
15:30,167,6450099588,"棕色塵埃2- 冒汗心跳的RPG"
15:30,168,6480159275,"救世者之樹：新世界"
15:30,169,6757722046,"Butcher hero: hook'n'chew RPG"
15:30,170,6754387513,"堡壘傳說：蒸汽龐克"
15:30,171,1328213172,"一個官人一個妻"
15:30,172,6755575756,"巡夢少女"
15:30,173,6754158504,"RO仙境傳說：愛如初見Classic"
15:30,174,6754004606,"超自然行動組"
15:30,175,1527975534,"全民打棒球 Pro"
15:30,176,1098157959,"文明霸業 - 王者再臨"
15:30,177,1252850847,"《NBA 2K Mobile》籃球遊戲"
15:30,178,6754668476,"永夜降臨：雙面魅影"
15:30,179,1442505782,"明日之後-末日生存手遊"
15:30,180,1226382859,"陰陽師Onmyoji"
15:30,181,1576831351,"緋染天空 Heaven Burns Red"
15:30,182,6751030003,"異環"
15:30,183,852912420,"魔靈召喚: 天空之役"
15:30,184,6769617371,"刃與三國：烽火爭霸"
15:30,185,6776965113,"神獸激戰"
15:30,186,1483058899,"Project Makeover"
15:30,187,6737189862,"野蠻生存錄：侏羅紀"
15:30,188,1593130084,"火炬之光：無限"
15:30,189,1529827834,"開心鬥地主 - 真人棋牌合集"
15:30,190,1158967485,"勇士爭霸：武士聯盟 放置角色 RPG遊戲"
15:30,191,6740075555,"奇蹟MU：暴走之翼"
15:30,192,6443468077,"戀與深空"
15:30,193,1509450845,"薑餅人王國"
15:30,194,6757413794,"真三國無雙・霸"
15:30,195,1462117269,"Sky光·遇"
15:30,196,6737409896,"進擊的惡魔團"
15:30,197,6648774034,"最強宗師"
15:30,198,625257520,"《爐石戰記》"
15:30,199,6741827909,"RO仙境傳說：守護永恆的愛 Classic"
15:30,200,6744917659,"DoE：流亡地牢"
17:00,1,1089079153,"Garena 傳說對決：膽大黨聯動開啟！"
17:00,2,919043762,"星城-賓果行星大賽開跑"
17:00,3,6443575749,"寒霜啟示錄"
17:00,4,1556357398,"Pikmin Bloom"
17:00,5,6739554056,"Kingshot"
17:00,6,1623318294,"緋聞港口：合併&故事"
17:00,7,6448786147,"最後的戰爭 - Last War"
17:00,8,501306812,"麻將明星3缺1"
17:00,9,6759030432,"瑪奇 Mobile"
17:00,10,553834731,"糖果傳奇"
17:00,11,1453363650,"PUBG MOBILE：絕地求生M"
17:00,12,1339550728,"包你發-王識賢、安心亞推薦休閒娛樂城-老虎機、捕魚機多款遊戲"
17:00,13,6739616715,"楓之谷：放置冒險記"
17:00,14,406889139,"Coin Master"
17:00,15,6752602491,"三國：謀定天下"
17:00,16,1441199787,"豪神娛樂城"
17:00,17,1267732467,"金好運"
17:00,18,6756641249,"hololive Dreams"
17:00,19,6749251466,"薑餅人放置大戰爭 - 餅乾養成RPG"
17:00,20,6749527002,"RO仙境傳説：世界之旅"
17:00,21,6774434587,"猛鬼三國"
17:00,22,1290086677,"楓之谷M - 奇幻冒險MMORPG"
17:00,23,6752642477,"明日方舟：終末地"
17:00,24,6449517782,"嚦咕麻將-戰神賽特、雷神之錘、超八、賽馬、麻將、魚機、老虎機"
17:00,25,455902495,"麻將 神來也麻將－台灣16張、麻雀"
17:00,26,6670604287,"Garena® 三角洲行動"
17:00,27,6762115994,"開局一座島-送真海鮮！"
17:00,28,1229016807,"《荒野亂鬥》"
17:00,29,907432647,"老子有錢-10萬倍賽特、柏青斯洛、老虎機、爆萬倍捕魚機"
17:00,30,6471045672,"食光旅行"
17:00,31,1105855019,"夢幻花園 (Gardenscapes)"
17:00,32,6746465127,"細胞保衛戰 - 生存射擊大亂鬥"
17:00,33,1094591345,"Pokémon GO"
17:00,34,6482291732,"運氣拚輸贏"
17:00,35,6504542886,"杖劍傳說：坎斯汀之約"
17:00,36,1276508585,"天堂M"
17:00,37,6503702666,"同盟塔防戰：並肩作戰"
17:00,38,6503272652,"Last Z:Survival Shooter（倖存者逃亡）"
17:00,39,6450006659,"巔峰極速"
17:00,40,1465688043,"決勝時刻: Mobile - Garena"
17:00,41,1007924271,"滿貫大亨娛樂城 - 雷霆之錘II：諸神黃昏 強勢降臨！"
17:00,42,1482155847,"Royal Match"
17:00,43,583798880,"神魔之塔"
17:00,44,6749109328,"超能戰爭"
17:00,45,1606549505,"Royal Kingdom"
17:00,46,6746151928,"心動小鎮"
17:00,47,6670441558,"Dark War:Survival"
17:00,48,6475033368,"鳴潮 - 前往玄方地界"
17:00,49,1195621598,"夢幻家園 (Homescapes)"
17:00,50,1117270703,"eFootball™"
17:00,51,1501301871,"《英雄聯盟：激鬥峽谷》"
17:00,52,767265270,"《LINE Rangers》×動畫「怪獸8號」合作活動"
17:00,53,6738109752,"點點大作戰"
17:00,54,6758648051,"我的英雄學院：UNITED SURVIVAL"
17:00,55,971601423,"貓咪大戰爭"
17:00,56,1094930513,"EA SPORTS FC™ 足球 Mobile 2026"
17:00,57,1059665257,"MLB：9局職棒26"
17:00,58,6739514639,"信長之野望 真戰"
17:00,59,6744796128,"燕雲十六聲"
17:00,60,6754965520,"Rogue Legend - Roguelike RPG"
17:00,61,6756707358,"肥鵝美食街"
17:00,62,6503113088,"新武俠大明星"
17:00,63,6749302379,"夢幻茶樓"
17:00,64,1402384531,"天天玩樂園 (Play Together)"
17:00,65,6755585789,"靠裝勇者：背包合成RPG"
17:00,66,6443755785,"漫遊小鎮®：合併&故事"
17:00,67,1212704444,"棒球殿堂Live"
17:00,68,6474654939,"逆水寒"
17:00,69,638689075,"夢想小鎮 (Township)"
17:00,70,1466736988,"跑跑卡丁車 Rush+"
17:00,71,6479970832,"Pokémon TCG Pocket"
17:00,72,1580691683,"MLB 9局職棒 勁旅對決 26"
17:00,73,6502820653,"弓箭傳說2"
17:00,74,1606356401,"絕區零 - 週年慶"
17:00,75,6618142292,"火辣餐廳：合併&烹飪"
17:00,76,6760538120,"醫起救世界：鼠裡逃生"
17:00,77,1356980152,"大福Online-老虎機、捕魚、推幣機、刮刮樂、拉霸 娛樂城"
17:00,78,6756000886,"新熱血江湖：世界"
17:00,79,6755455500,"好萊塢合成：星夢逆襲"
17:00,80,6759596187,"無盡輪迴：鬼域摸金"
17:00,81,6740966864,"點點英雄：骰子傳說"
17:00,82,1572788053,"一念逍遙：涅槃重生"
17:00,83,6780402432,"爆走摸魚君"
17:00,84,6751560944,"我的花園世界"
17:00,85,1521236603,"Travel Town - Merge Adventure"
17:00,86,730209957,"拉斯維加斯娛樂城-捕魚,老虎機,拉霸,麻將,賭場遊戲"
17:00,87,6759817762,"Titan Rush: Survival"
17:00,88,6450953550,"王國之歌（Top Heroes）"
17:00,89,1643509748,"摩奇料理 主題餐廳"
17:00,90,1599719154,"崩壞：星穹鐵道"
17:00,91,1192272619,"錢街Online-麻將、捕魚機、老虎機、紅包雨、娛樂城"
17:00,92,1444980563,"天堂W"
17:00,93,6760992149,"生存33天"
17:00,94,6737599263,"NBA巔峰對決"
17:00,95,1517783697,"原神·空月之歌"
17:00,96,6738163891,"VAMPIR：血之繼承者"
17:00,97,6752369665,"誰來救救我"
17:00,98,1487451427,"Infinity Kingdom"
17:00,99,1630883882,"勝利女神：妮姬"
17:00,100,6760377678,"車車屍搭普 - 超激爽末日刷怪！"
17:00,101,6785414379,"天命：六道輪迴"
17:00,102,6760813873,"世界之外"
17:00,103,949344041,"LINE 熊大農場"
17:00,104,6462846417,"MLB 制勝時刻 26"
17:00,105,1566814309,"國粹天天樂-台灣麻將四隻刀13支大老二排7接龍"
17:00,106,6747065546,"雲上城之歌：勇者再出發"
17:00,107,1673675970,"蛋仔派對"
17:00,108,6740848451,"RF ONLINE NEXT"
17:00,109,1315535136,"荒野行動"
17:00,110,1376515087,"Age of Origins:Tower Defense"
17:00,111,1370284166,"第五人格"
17:00,112,1530758357,"三國志・戰略版"
17:00,113,6745761596,"Coin Master - Board Adventure"
17:00,114,1562065271,"無雙戰機"
17:00,115,6445880165,"暗影英雄：突襲"
17:00,116,6692615881,"SD鋼彈 G世代 永恆"
17:00,117,1492885094,"叫我大掌櫃"
17:00,118,6743163616,"江湖有詭"
17:00,119,1158967485,"勇士爭霸：武士聯盟 放置角色 RPG遊戲"
17:00,120,6499562253,"龍村 3"
17:00,121,6746192853,"變身傳奇"
17:00,122,6469999573,"全明星街球派對"
17:00,123,1300146617,"Free Fire: 9周年"
17:00,124,6475925341,"咒術迴戰 幻影夜行"
17:00,125,1053012308,"Clash Royale"
17:00,126,6754595303,"三國志KING"
17:00,127,1628970855,"劍與遠征：啟程"
17:00,128,6757519748,"超時空街球對決"
17:00,129,6503603603,"迷霧小鎮: 合成遊戲 (Mystery Town)"
17:00,130,6747024269,"齒輪獸衛隊"
17:00,131,439159270,"德州撲克 神來也德州撲克(Texas Poker)"
17:00,132,6754158504,"RO仙境傳說：愛如初見Classic"
17:00,133,6446716937,"九萬畝"
17:00,134,6744726523,"問劍長生-亞洲服"
17:00,135,6450161259,"獸族之怒"
17:00,136,850251209,"怪物彈珠"
17:00,137,1480516829,"Free Fire MAX"
17:00,138,6480158002,"RO仙境傳說：初心之戰"
17:00,139,1491129492,"Baseball Clash: Real-time game"
17:00,140,1551574670,"末日喧囂"
17:00,141,1416604843,"Garena 極速領域：矩陣突破"
17:00,142,6596787726,"卡皮巴拉 Go!"
17:00,143,1534470447,"X-Poker - 德州撲克 十三支約局"
17:00,144,6758817271,"鬼雄三國：主公有夠鬼"
17:00,145,6773322250,"解憂小食光：餐廳模擬經營"
17:00,146,6753970194,"勇者來開團"
17:00,147,6755575756,"巡夢少女"
17:00,148,963067330,"跑跑薑餅人：烤箱大逃亡"
17:00,149,529479190,"部落衝突 (Clash of Clans)"
17:00,150,1628517224,"忍者必須死-全球版"
17:00,151,664575829,"夢幻水族箱 (Fishdom)"
17:00,152,1570095804,"Kingdom Guard:Tower Defense TD"
17:00,153,1241253595,"叫我官老爺"
17:00,154,6615069116,"救世主超忙"
17:00,155,1253796614,"RO仙境傳說：守護永恆的愛"
17:00,156,6741827909,"RO仙境傳說：守護永恆的愛 Classic"
17:00,157,1037737746,"真人麻將 野蠻世界娛樂城-陳雷推薦"
17:00,158,895761422,"LINE Bubble 2"
17:00,159,6754668476,"永夜降臨：雙面魅影"
17:00,160,6756251184,"錫葛尼斯：紅月再臨"
17:00,161,1672731515,"捕魚新紀元Online - 歡樂捕魚大作戰"
17:00,162,6759955644,"練氣3000層：墮落女帝逼我飛升"
17:00,163,1528941310,"噠噠特攻"
17:00,164,1442505782,"明日之後-末日生存手遊"
17:00,165,6746328263,"Castle Busters"
17:00,166,6738897614,"時光大爆炸"
17:00,167,6747957875,"家族物語 - 治癒系世代模擬"
17:00,168,6757910692,"NBA王朝崛起"
17:00,169,1536558718,"王牌俱樂部-戰神賽特2、赤三國、柏青、雷神、麻將、捕魚機"
17:00,170,1160056295,"Mobile Legends: Bang Bang"
17:00,171,6762765238,"JUMP 全明星亂鬥"
17:00,172,6450099588,"棕色塵埃2- 冒汗心跳的RPG"
17:00,173,6776965113,"神獸激戰"
17:00,174,807342900,"宅神爺麻將—正宗16張台灣麻將，捕魚機大獎狂噴，真人秒開桌"
17:00,175,1252850847,"《NBA 2K Mobile》籃球遊戲"
17:00,176,6751030003,"異環"
17:00,177,6445906110,"Monster Hunter Now"
17:00,178,1663423521,"Wizardry Variants Daphne"
17:00,179,1390473317,"超異域公主連結！Re:Dive"
17:00,180,6738469826,"可獄不可囚"
17:00,181,6480159275,"救世者之樹：新世界"
17:00,182,6737189862,"野蠻生存錄：侏羅紀"
17:00,183,6754387513,"堡壘傳說：蒸汽龐克"
17:00,184,6754004606,"超自然行動組"
17:00,185,6757722046,"Butcher hero: hook'n'chew RPG"
17:00,186,1328213172,"一個官人一個妻"
17:00,187,6767834940,"最強領主"
17:00,188,6648774034,"最強宗師"
17:00,189,1576831351,"緋染天空 Heaven Burns Red"
17:00,190,1579464667,"Pokémon Sleep"
17:00,191,1527975534,"全民打棒球 Pro"
17:00,192,6451176533,"恐龍突變 : T-Rex"
17:00,193,6744917659,"DoE：流亡地牢"
17:00,194,1529827834,"開心鬥地主 - 真人棋牌合集"
17:00,195,1483058899,"Project Makeover"
17:00,196,1645036328,"暮色雙城"
17:00,197,6737409896,"進擊的惡魔團"
17:00,198,6769617371,"刃與三國：烽火爭霸"
17:00,199,1545808948,"RO仙境傳說: 新世代的誕生"
17:00,200,6443468077,"戀與深空"
