time,rank,id,title
00:00,1,com.gof.global,"WOS: 화이트아웃 서바이벌"
00:00,2,com.netmarble.sol,"SOL: enchant"
00:00,3,com.run.tower.defense,"킹샷:Kingshot"
00:00,4,com.devsisters.cc,"쿠키런 키우기 - 쿠키런: 크럼블"
00:00,5,com.ncsoft.lineagem19,"리니지M"
00:00,6,com.mergegames.gossipharbor,"가십하버: 합성 & 스토리 게임"
00:00,7,com.fun.lastwar.gp,"라스트 워: 서바이벌"
00:00,8,com.roblox.client,"로블록스 (Roblox)"
00:00,9,com.dreamgames.royalmatch,"로얄 매치 Royal Match"
00:00,10,com.rxjhglkr.gp,"열혈강호: 넥스트"
00:00,11,com.nexon.ma,"메이플 키우기"
00:00,12,com.kakaogames.odin,"오딘: 발할라 라이징"
00:00,13,com.nhnent.pokerclassic,"한게임포커 클래식 : 7포커 홀덤 섯다 훌라 슬롯"
00:00,14,com.nhnent.Qpoker,"한게임 포커"
00:00,15,com.proximabeta.nikke,"승리의 여신: 니케"
00:00,16,com.HoYoverse.Nap,"젠레스 존 제로 - 주년 기념"
00:00,17,com.percent.aos.luckydefense,"운빨존많겜"
00:00,18,com.kurogame.wutheringwaves.global,"명조:워더링 웨이브 - 현방 지계를 향하여"
00:00,19,com.phs.global,"라스트 어사일럼: 페스트"
00:00,20,com.readygo.barrel.gp,"라스트 Z: 서바이벌 슈터"
00:00,21,com.fatmerge.global,"테이스티 트레블: 합성 게임"
00:00,22,com.nexon.fmk,"FC 모바일"
00:00,23,com.gamedots.seasideescape,"씨사이드 익스케이프: 합성 & 스토리 게임"
00:00,24,com.playrix.gardenscapes,"꿈의 정원 (Gardenscapes)"
00:00,25,com.supercell.brawlstars,"브롤스타즈"
00:00,26,com.nexon.nsc.maplem,"메이플스토리M"
00:00,27,com.dreamgames.royalkingdom,"로얄 킹덤 (Royal Kingdom)"
00:00,28,com.nexon.devcat.mm,"마비노기 모바일"
00:00,29,com.netmarble.thered,"뱀피르"
00:00,30,com.neowiz.games.poker,"피망 포커 : 카지노 로얄 - 홀덤, 7포커, 바둑이"
00:00,31,com.ncsoft.lineagew,"리니지W"
00:00,32,com.epidgames.trickcalrevive,"트릭컬 리바이브"
00:00,33,game.qualiarts.hololive.dreams.com,"hololive Dreams"
00:00,34,com.fowgames.kingdom2,"킹덤2: 타오르는 전장"
00:00,35,com.com2us.futurecpb.android.google.global.normal,"컴투스프로야구V26"
00:00,36,com.NHNEnt.MSudda,"한게임 섯다&맞고"
00:00,37,com.HoYoverse.hkrpgoversea,"붕괴: 스타레일"
00:00,38,net.kernys.aooni,"좀비고등학교"
00:00,39,com.netmarble.tskgb,"세븐나이츠 리버스"
00:00,40,com.netmarble.rfnext,"RF 온라인 넥스트"
00:00,41,com.percent.aos.cooptd,"협타디: 협동 타워 디펜스"
00:00,42,com.king.candycrushsaga,"캔디크러쉬사가 (Candy Crush Saga)"
00:00,43,com.nexon.fo4m,"EA SPORTS FC Online M"
00:00,44,com.pubg.krmobile,"배틀그라운드"
00:00,45,com.cola.game,"핫레스토랑: 머지&쿠킹"
00:00,46,com.cedargames.mysterytown,"미스터리 타운: 합성 게임 (Mystery Town)"
00:00,47,com.kr.firegp,"I9: 인페르노 나인"
00:00,48,com.playrix.homescapes,"꿈의 집 (Homescapes)"
00:00,49,com.gravity.romkrzeny.aos,"라그나로크M: Classic"
00:00,50,com.ncsoft.aion2,"AION2"
00:00,51,com.haoplay.game.and.exilium,"소녀전선2: 망명"
00:00,52,com.bhk.newslgkr,"삼국지: 천하결전"
00:00,53,com.hollywood.merge,"할리우드 머지"
00:00,54,com.miHoYo.GenshinImpact,"원신-스네즈나야 오픈"
00:00,55,com.webzen.mumonarch2.google,"뮤 모나크2"
00:00,56,com.kingsgroup.sos,"S.O.S: 스테이트 오브 서바이벌"
00:00,57,com.jsjskr.google,"토이 삼국"
00:00,58,com.playrix.township,"꿈의 마을 (Township)"
00:00,59,jp.konami.pesam,"eFootball™"
00:00,60,com.readygo.dark.gp,"Dark War Survival"
00:00,61,com.gryphline.endfield.gp,"명일방주: 엔드필드"
00:00,62,com.NHNEnt.NDuelgo,"한게임 신맞고 : 대한민국 원조 고스톱"
00:00,63,com.nianticlabs.pokemongo,"Pokémon GO"
00:00,64,com.neowiz.games.newmatgo,"피망 뉴맞고: 고스톱 대표 맞고 게임"
00:00,65,com.ncsoft.lineage2m19,"리니지2M"
00:00,66,com.superplaystudios.disneysolitairedreams,"Disney Solitaire 디즈니 솔리테어"
00:00,67,jp.co.ponos.battlecatskr,"냥코 대전쟁"
00:00,68,com.ProjectMoon.LimbusCompany,"Limbus Company"
00:00,69,io.randomco.travel,"Travel Town - 결합 어드벤처"
00:00,70,com.merge.cooking.theme.restaurant.food,"머지 쿠킹 테마 레스토랑"
00:00,71,com.dlw.kr.google,"시티 데몬헌터즈: 각성자들"
00:00,72,com.joycity.im,"임진왜란: 조선의 반격"
00:00,73,com.zempot.wplpoker,"WPL : 홀덤, 토너먼트, 오마하, 올인폴드, 픽앤고"
00:00,74,com.highbrow.games.dvo,"드래곤빌리지3"
00:00,75,jp.konami.masterduel,"Yu-Gi-Oh! Master Duel"
00:00,76,com.netease.dunkcdjp,"NBA 덩크 시티"
00:00,77,com.nhn.AApoker,"한게임 로얄홀덤"
00:00,78,com.com2us.probaseball3d.normal.freefull.google.global.android.common,"컴투스프로야구2026"
00:00,79,com.pockethaven.roguelegend,"로그 레전드: 로그라이크 RPG"
00:00,80,com.funplus.ts.global,"타일 서바이벌"
00:00,81,com.mhclyxpb.gatja,"동방 찻집"
00:00,82,com.gametree.lhlr.gp,"그놈은 드래곤"
00:00,83,com.hariwn.legendofcivilizations,"포지 마스터 (Forge Master)"
00:00,84,com.billionairegames.serares,"변신 키우기"
00:00,85,kr.haoplay.game.and.reverse,"리버스: 1999"
00:00,86,com.hottagames.nte,"이환"
00:00,87,com.netmarble.fgok,"페이트/그랜드 오더"
00:00,88,com.playrix.fishdomdd.gplay,"피쉬돔 (Fishdom)"
00:00,89,com.dwgames.chunorpg,"추노 키우기"
00:00,90,com.netmarble.raven2,"레이븐2"
00:00,91,com.netmarble.lineageII,"리니지2 레볼루션"
00:00,92,com.devsisters.ck,"쿠키런: 킹덤"
00:00,93,com.nexon.he,"히간: 이루실"
00:00,94,com.zzsjkr.google,"갓깨비 키우기-999뽑기 증정"
00:00,95,com.wemade.nightcrows,"나이트 크로우"
00:00,96,com.xman.kr.gp,"X 클래시"
00:00,97,com.play.merge.restyle,"Merge Restyle"
00:00,98,com.nexon.kart,"카트라이더 러쉬플러스"
00:00,99,com.haegin.kbo,"2026 프로야구GO!"
00:00,100,com.fiveminlab.overgeared.hero.backpack.merge,"템빨용사: 픽셀 아이템 머지 RPG"
00:00,101,com.screenshake.dominodreams,"Domino Dreams™ 도미노 드림"
00:00,102,defense.roguelike.cell.shoot.survivor,"세포 특공대"
00:00,103,com.webzen.muangel.google,"뮤 모나크"
00:00,104,com.netmarble.stonkey,"스톤에이지 키우기"
00:00,105,com.qjzj4399kr.google,"기적의 검"
00:00,106,com.sopt.mafia42.client,"마피아42"
00:00,107,com.netmarble.bnsmkr,"블레이드&소울 레볼루션"
00:00,108,com.gear2.letsgolegends,"레츠고 레전드!"
00:00,109,com.smilegate.lordnine.stove.google,"로드나인"
00:00,110,com.com2us.smon.normal.freefull.google.kr.android.common,"서머너즈 워 X 장송의 프리렌"
00:00,111,com.bilibilihk.jujutsuphanparagp,"주술회전 팬텀 퍼레이드"
00:00,112,com.ddup.zombiewaves.zw,"좀비 웨이브스"
00:00,113,com.farlightgames.igame.gp,"AFK: 새로운 여정"
00:00,114,com.ulugame.hdqykrob.google,"아케론:종말의 서곡"
00:00,115,com.kakaogames.aaw,"아키에이지 워 (ArcheAge WAR)"
00:00,116,com.gear2.growslayer,"슬레이어 키우기"
00:00,117,com.greenmushroom.boomblitz.gp,"탑 히어로즈"
00:00,118,com.xd.xdtglobal.gp,"두근두근타운"
00:00,119,com.neowizgames.game.browndust2,"브라운더스트2 - 가슴 벅찬 RPG"
00:00,120,com.camelgames.aoz,"에이지 오브 제트: 타워 디펜스"
00:00,121,com.dreamwalker.kr.gp,"꿈의 여행자: 별빛 여정"
00:00,122,com.ncsoft.lineagem,"리니지M(12)"
00:00,123,com.EightStudio.BlightWar,"블라이트 워 : 방치형 RPG"
00:00,124,com.kr.firelite,"I9: 인페르노 나인(19) - 세로형 RPG"
00:00,125,com.global.ztmslgkr,"퍼즐 오브 Z"
00:00,126,com.ryonggame.soulhunteridle,"소울 헌터 키우기 : 방치형 RPG"
00:00,127,com.orienjoy.heroland.kr,"히어로 랜드M"
00:00,128,com.ujoygp.flower,"오늘의 꽃"
00:00,129,net.gameduo.gv,"캣 히어로 : 방치형 RPG"
00:00,130,com.merge.game.foodstars,"푸드스타: 합쳐서 요리하기"
00:00,131,com.gamespark.topking.gp,"탑 로드"
00:00,132,com.mxdzzkr.google,"버섯커 키우기-3000뽑기 증정"
00:00,133,com.lilithgames.rok.gpkr,"라이즈 오브 킹덤즈"
00:00,134,com.ylqdhkr.gp,"엔터테인먼트 거물"
00:00,135,com.kakaogames.friendsKing,"프렌즈팝콘"
00:00,136,com.YoStarKR.Arknights,"명일방주"
00:00,137,com.yzlmkr.google,"우와 모험단"
00:00,138,com.xmh.rpg.kr.an,"스카이 어비스: 혈맹의 서약"
00:00,139,com.devsisters.gb,"쿠키런: 오븐브레이크"
00:00,140,com.supercell.clashofclans,"클래시 오브 클랜"
00:00,141,com.nspgames.dungeonslasher,"던전 슬래셔"
00:00,142,com.igg.android.doomsdaylastsurvivors,"둠스데이: 영웅의 여정"
00:00,143,com.xone.gpkr,"ASURA: 블러드 앤 소울"
00:00,144,com.pocketchamps.game,"포켓 챔프: 3D 레이싱 게임"
00:00,145,com.riotgames.league.wildrift,"리그 오브 레전드: 와일드 리프트"
00:00,146,com.zy.wqmt.global,"무기미도"
00:00,147,com.mobile.legends,"모바일 레전드: Bang Bang"
00:00,148,com.games.foundation,"파운데이션: 우주 전선"
00:00,149,com.galasports.totalfootball.kr,"Total Football - 2026 북중미 시즌"
00:00,150,com.hdfzxrpg.googlelb,"해적 키우기-방치형 RPG"
00:00,151,com.kakaogames.umamusume,"우마무스메 프리티 더비"
00:00,152,com.superplaystudios.dicedreams,"Dice Dreams™️ 다이스 드림"
00:00,153,com.MelsoftGames.FamilyIslandFarm,"패밀리 아일랜드 - 농장모험게임"
00:00,154,com.bandainamcoent.gget_WW,"SD건담 지 제네레이션 이터널"
00:00,155,com.sundaytoz.mobile.anipang2.google.kakao.service,"애니팡2 - 3매치 퍼즐게임"
00:00,156,com.plarium.raidlegends,"레이드: 그림자의 전설"
00:00,157,com.estgames.cabalr.kr.ls,"카발RED"
00:00,158,kr.txwy.and.blhx,"벽람항로"
00:00,159,com.Chodun.CatGunner,"총잡이 고양이 : 방치형 키우기 RPG"
00:00,160,com.linegames.uwogl,"대항해시대 오리진"
00:00,161,com.fatr.global,"호텔 레거시: 합성&리모델링"
00:00,162,apli879756.vmz,"괴수: 진화 연대기"
00:00,163,com.hybeim.architect,"아키텍트: 랜드 오브 엑자일"
00:00,164,com.riftsky.mhg.kr.gp,"더 코지 플로리스트"
00:00,165,com.superpixel.undyinghero,"불사용사 키우기 : 방치형 RPG"
00:00,166,com.joycastle.mergematch,"Matching Story - Puzzle Games"
00:00,167,com.rxjhkr.an,"열혈강호: 귀환"
00:00,168,com.supercell.clashroyale,"클래시 로얄 (Clash Royale)"
00:00,169,com.com2us.ninepb3d.normal.freefull.google.global.android.common,"MLB 9이닝스 26"
00:00,170,com.stove.epic7.google,"에픽세븐"
00:00,171,com.bandainamcoent.dgup_ww,"디지몬 UP"
00:00,172,com.kr.lfhsgp,"그레이 사가"
00:00,173,com.sundaytoz.kakao.anipang3.service,"애니팡3 - 매치 3 퍼즐"
00:00,174,com.sundaytoz.kakao.anipang4,"애니팡4: 매치3 퍼즐 게임"
00:00,175,com.ea.huntingsniper,"헌팅 스나이퍼"
00:00,176,com.nexon.mdnf,"던전앤파이터 모바일"
00:00,177,com.mojang.minecraftpe,"Minecraft: 나만의 세계를 꿈꾸고 만들어보세요"
00:00,178,net.peakgames.toonblast,"Toon Blast"
00:00,179,com.smilegate.chaoszero.stove.google,"카오스 제로 나이트메어"
00:00,180,com.gearpaw.defenders.td.game,"기어몬: 타워 디펜스"
00:00,181,com.com2us.futuremlb.android.google.global.normal,"MLB 9이닝스 라이벌 26"
00:00,182,net.gameduo.anotherdungeon,"어나더던전"
00:00,183,com.redveilone.vardian,"바르디안 : 피의 맹세"
00:00,184,com.moonactive.cmboard,"Coin Master: 보드 어드벤처"
00:00,185,com.smallgiantgames.empires,"엠파이어 & 퍼즐 (Empires & Puzzles)"
00:00,186,com.wemadeconnect.aos.lostdgl,"로스트 소드"
00:00,187,com.netmarble.ma9bkr,"마구마구 2026: 풀체인지"
00:00,188,com.wireless.defenseland,"레이드 러시: 타워 디펜스"
00:00,189,com.blizzard.wtcg.hearthstone,"하스스톤"
00:00,190,com.cyberjoy.galaxydefense,"갤럭시 디펜스 (Galaxy Defense)"
00:00,191,jp.pokemon.pokemontcgp,"포켓몬 카드 게임 Pocket"
00:00,192,com.nexon.bluearchive,"블루 아카이브"
00:00,193,com.ratinghope.gplay,"타이탄 러쉬: 서바이벌"
00:00,194,com.kakaogames.ares,"아레스 : 라이즈 오브 가디언즈"
00:00,195,com.game.btjkr.and,"영혼 인도자：신의 이름으로"
00:00,196,com.a3.topgirl.gplay,"Top Girl"
00:00,197,com.netmarble.arthdal,"아스달 연대기: 세 개의 세력"
00:00,198,com.multicastgames.butcher,"Butcher hero: 서바이벌 RPG"
00:00,199,com.minigame.wszj.android.gp,"Wing Fighter"
00:00,200,group.theorigin.themaxlevelreturner,"나 혼자 만렙 키우기"
01:00,1,com.gof.global,"WOS: 화이트아웃 서바이벌"
01:00,2,com.netmarble.sol,"SOL: enchant"
01:00,3,com.run.tower.defense,"킹샷:Kingshot"
01:00,4,com.devsisters.cc,"쿠키런 키우기 - 쿠키런: 크럼블"
01:00,5,com.ncsoft.lineagem19,"리니지M"
01:00,6,com.mergegames.gossipharbor,"가십하버: 합성 & 스토리 게임"
01:00,7,com.fun.lastwar.gp,"라스트 워: 서바이벌"
01:00,8,com.roblox.client,"로블록스 (Roblox)"
01:00,9,com.dreamgames.royalmatch,"로얄 매치 Royal Match"
01:00,10,com.rxjhglkr.gp,"열혈강호: 넥스트"
01:00,11,com.nexon.ma,"메이플 키우기"
01:00,12,com.kakaogames.odin,"오딘: 발할라 라이징"
01:00,13,com.nhnent.pokerclassic,"한게임포커 클래식 : 7포커 홀덤 섯다 훌라 슬롯"
01:00,14,com.nhnent.Qpoker,"한게임 포커"
01:00,15,com.proximabeta.nikke,"승리의 여신: 니케"
01:00,16,com.HoYoverse.Nap,"젠레스 존 제로 - 주년 기념"
01:00,17,com.percent.aos.luckydefense,"운빨존많겜"
01:00,18,com.kurogame.wutheringwaves.global,"명조:워더링 웨이브 - 현방 지계를 향하여"
01:00,19,com.phs.global,"라스트 어사일럼: 페스트"
01:00,20,com.readygo.barrel.gp,"라스트 Z: 서바이벌 슈터"
01:00,21,com.fatmerge.global,"테이스티 트레블: 합성 게임"
01:00,22,com.nexon.fmk,"FC 모바일"
01:00,23,com.gamedots.seasideescape,"씨사이드 익스케이프: 합성 & 스토리 게임"
01:00,24,com.playrix.gardenscapes,"꿈의 정원 (Gardenscapes)"
01:00,25,com.supercell.brawlstars,"브롤스타즈"
01:00,26,com.nexon.nsc.maplem,"메이플스토리M"
01:00,27,com.dreamgames.royalkingdom,"로얄 킹덤 (Royal Kingdom)"
01:00,28,com.nexon.devcat.mm,"마비노기 모바일"
01:00,29,com.netmarble.thered,"뱀피르"
01:00,30,com.neowiz.games.poker,"피망 포커 : 카지노 로얄 - 홀덤, 7포커, 바둑이"
01:00,31,com.ncsoft.lineagew,"리니지W"
01:00,32,com.epidgames.trickcalrevive,"트릭컬 리바이브"
01:00,33,game.qualiarts.hololive.dreams.com,"hololive Dreams"
01:00,34,com.fowgames.kingdom2,"킹덤2: 타오르는 전장"
01:00,35,com.com2us.futurecpb.android.google.global.normal,"컴투스프로야구V26"
01:00,36,com.NHNEnt.MSudda,"한게임 섯다&맞고"
01:00,37,com.HoYoverse.hkrpgoversea,"붕괴: 스타레일"
01:00,38,net.kernys.aooni,"좀비고등학교"
01:00,39,com.netmarble.tskgb,"세븐나이츠 리버스"
01:00,40,com.netmarble.rfnext,"RF 온라인 넥스트"
01:00,41,com.percent.aos.cooptd,"협타디: 협동 타워 디펜스"
01:00,42,com.king.candycrushsaga,"캔디크러쉬사가 (Candy Crush Saga)"
01:00,43,com.nexon.fo4m,"EA SPORTS FC Online M"
01:00,44,com.pubg.krmobile,"배틀그라운드"
01:00,45,com.cola.game,"핫레스토랑: 머지&쿠킹"
01:00,46,com.cedargames.mysterytown,"미스터리 타운: 합성 게임 (Mystery Town)"
01:00,47,com.kr.firegp,"I9: 인페르노 나인"
01:00,48,com.playrix.homescapes,"꿈의 집 (Homescapes)"
01:00,49,com.gravity.romkrzeny.aos,"라그나로크M: Classic"
01:00,50,com.ncsoft.aion2,"AION2"
01:00,51,com.haoplay.game.and.exilium,"소녀전선2: 망명"
01:00,52,com.bhk.newslgkr,"삼국지: 천하결전"
01:00,53,com.hollywood.merge,"할리우드 머지"
01:00,54,com.miHoYo.GenshinImpact,"원신-스네즈나야 오픈"
01:00,55,com.webzen.mumonarch2.google,"뮤 모나크2"
01:00,56,com.kingsgroup.sos,"S.O.S: 스테이트 오브 서바이벌"
01:00,57,com.jsjskr.google,"토이 삼국"
01:00,58,com.playrix.township,"꿈의 마을 (Township)"
01:00,59,jp.konami.pesam,"eFootball™"
01:00,60,com.readygo.dark.gp,"Dark War Survival"
01:00,61,com.gryphline.endfield.gp,"명일방주: 엔드필드"
01:00,62,com.NHNEnt.NDuelgo,"한게임 신맞고 : 대한민국 원조 고스톱"
01:00,63,com.nianticlabs.pokemongo,"Pokémon GO"
01:00,64,com.neowiz.games.newmatgo,"피망 뉴맞고: 고스톱 대표 맞고 게임"
01:00,65,com.ncsoft.lineage2m19,"리니지2M"
01:00,66,com.superplaystudios.disneysolitairedreams,"Disney Solitaire 디즈니 솔리테어"
01:00,67,jp.co.ponos.battlecatskr,"냥코 대전쟁"
01:00,68,com.ProjectMoon.LimbusCompany,"Limbus Company"
01:00,69,io.randomco.travel,"Travel Town - 결합 어드벤처"
01:00,70,com.merge.cooking.theme.restaurant.food,"머지 쿠킹 테마 레스토랑"
01:00,71,com.dlw.kr.google,"시티 데몬헌터즈: 각성자들"
01:00,72,com.joycity.im,"임진왜란: 조선의 반격"
01:00,73,com.zempot.wplpoker,"WPL : 홀덤, 토너먼트, 오마하, 올인폴드, 픽앤고"
01:00,74,com.highbrow.games.dvo,"드래곤빌리지3"
01:00,75,jp.konami.masterduel,"Yu-Gi-Oh! Master Duel"
01:00,76,com.netease.dunkcdjp,"NBA 덩크 시티"
01:00,77,com.nhn.AApoker,"한게임 로얄홀덤"
01:00,78,com.com2us.probaseball3d.normal.freefull.google.global.android.common,"컴투스프로야구2026"
01:00,79,com.pockethaven.roguelegend,"로그 레전드: 로그라이크 RPG"
01:00,80,com.funplus.ts.global,"타일 서바이벌"
01:00,81,com.mhclyxpb.gatja,"동방 찻집"
01:00,82,com.gametree.lhlr.gp,"그놈은 드래곤"
01:00,83,com.hariwn.legendofcivilizations,"포지 마스터 (Forge Master)"
01:00,84,com.billionairegames.serares,"변신 키우기"
01:00,85,kr.haoplay.game.and.reverse,"리버스: 1999"
01:00,86,com.hottagames.nte,"이환"
01:00,87,com.netmarble.fgok,"페이트/그랜드 오더"
01:00,88,com.playrix.fishdomdd.gplay,"피쉬돔 (Fishdom)"
01:00,89,com.dwgames.chunorpg,"추노 키우기"
01:00,90,com.netmarble.raven2,"레이븐2"
01:00,91,com.netmarble.lineageII,"리니지2 레볼루션"
01:00,92,com.devsisters.ck,"쿠키런: 킹덤"
01:00,93,com.nexon.he,"히간: 이루실"
01:00,94,com.zzsjkr.google,"갓깨비 키우기-999뽑기 증정"
01:00,95,com.wemade.nightcrows,"나이트 크로우"
01:00,96,com.xman.kr.gp,"X 클래시"
01:00,97,com.play.merge.restyle,"Merge Restyle"
01:00,98,com.nexon.kart,"카트라이더 러쉬플러스"
01:00,99,com.haegin.kbo,"2026 프로야구GO!"
01:00,100,com.fiveminlab.overgeared.hero.backpack.merge,"템빨용사: 픽셀 아이템 머지 RPG"
01:00,101,com.screenshake.dominodreams,"Domino Dreams™ 도미노 드림"
01:00,102,defense.roguelike.cell.shoot.survivor,"세포 특공대"
01:00,103,com.webzen.muangel.google,"뮤 모나크"
01:00,104,com.netmarble.stonkey,"스톤에이지 키우기"
01:00,105,com.qjzj4399kr.google,"기적의 검"
01:00,106,com.sopt.mafia42.client,"마피아42"
01:00,107,com.netmarble.bnsmkr,"블레이드&소울 레볼루션"
01:00,108,com.gear2.letsgolegends,"레츠고 레전드!"
01:00,109,com.smilegate.lordnine.stove.google,"로드나인"
01:00,110,com.com2us.smon.normal.freefull.google.kr.android.common,"서머너즈 워 X 장송의 프리렌"
01:00,111,com.bilibilihk.jujutsuphanparagp,"주술회전 팬텀 퍼레이드"
01:00,112,com.ddup.zombiewaves.zw,"좀비 웨이브스"
01:00,113,com.farlightgames.igame.gp,"AFK: 새로운 여정"
01:00,114,com.ulugame.hdqykrob.google,"아케론:종말의 서곡"
01:00,115,com.kakaogames.aaw,"아키에이지 워 (ArcheAge WAR)"
01:00,116,com.gear2.growslayer,"슬레이어 키우기"
01:00,117,com.greenmushroom.boomblitz.gp,"탑 히어로즈"
01:00,118,com.xd.xdtglobal.gp,"두근두근타운"
01:00,119,com.neowizgames.game.browndust2,"브라운더스트2 - 가슴 벅찬 RPG"
01:00,120,com.camelgames.aoz,"에이지 오브 제트: 타워 디펜스"
01:00,121,com.dreamwalker.kr.gp,"꿈의 여행자: 별빛 여정"
01:00,122,com.ncsoft.lineagem,"리니지M(12)"
01:00,123,com.EightStudio.BlightWar,"블라이트 워 : 방치형 RPG"
01:00,124,com.kr.firelite,"I9: 인페르노 나인(19) - 세로형 RPG"
01:00,125,com.global.ztmslgkr,"퍼즐 오브 Z"
01:00,126,com.ryonggame.soulhunteridle,"소울 헌터 키우기 : 방치형 RPG"
01:00,127,com.orienjoy.heroland.kr,"히어로 랜드M"
01:00,128,com.ujoygp.flower,"오늘의 꽃"
01:00,129,net.gameduo.gv,"캣 히어로 : 방치형 RPG"
01:00,130,com.merge.game.foodstars,"푸드스타: 합쳐서 요리하기"
01:00,131,com.gamespark.topking.gp,"탑 로드"
01:00,132,com.mxdzzkr.google,"버섯커 키우기-3000뽑기 증정"
01:00,133,com.lilithgames.rok.gpkr,"라이즈 오브 킹덤즈"
01:00,134,com.ylqdhkr.gp,"엔터테인먼트 거물"
01:00,135,com.kakaogames.friendsKing,"프렌즈팝콘"
01:00,136,com.YoStarKR.Arknights,"명일방주"
01:00,137,com.yzlmkr.google,"우와 모험단"
01:00,138,com.xmh.rpg.kr.an,"스카이 어비스: 혈맹의 서약"
01:00,139,com.devsisters.gb,"쿠키런: 오븐브레이크"
01:00,140,com.supercell.clashofclans,"클래시 오브 클랜"
01:00,141,com.nspgames.dungeonslasher,"던전 슬래셔"
01:00,142,com.igg.android.doomsdaylastsurvivors,"둠스데이: 영웅의 여정"
01:00,143,com.xone.gpkr,"ASURA: 블러드 앤 소울"
01:00,144,com.pocketchamps.game,"포켓 챔프: 3D 레이싱 게임"
01:00,145,com.riotgames.league.wildrift,"리그 오브 레전드: 와일드 리프트"
01:00,146,com.zy.wqmt.global,"무기미도"
01:00,147,com.mobile.legends,"모바일 레전드: Bang Bang"
01:00,148,com.games.foundation,"파운데이션: 우주 전선"
01:00,149,com.galasports.totalfootball.kr,"Total Football - 2026 북중미 시즌"
01:00,150,com.hdfzxrpg.googlelb,"해적 키우기-방치형 RPG"
01:00,151,com.kakaogames.umamusume,"우마무스메 프리티 더비"
01:00,152,com.superplaystudios.dicedreams,"Dice Dreams™️ 다이스 드림"
01:00,153,com.MelsoftGames.FamilyIslandFarm,"패밀리 아일랜드 - 농장모험게임"
01:00,154,com.bandainamcoent.gget_WW,"SD건담 지 제네레이션 이터널"
01:00,155,com.sundaytoz.mobile.anipang2.google.kakao.service,"애니팡2 - 3매치 퍼즐게임"
01:00,156,com.plarium.raidlegends,"레이드: 그림자의 전설"
01:00,157,com.estgames.cabalr.kr.ls,"카발RED"
01:00,158,kr.txwy.and.blhx,"벽람항로"
01:00,159,com.Chodun.CatGunner,"총잡이 고양이 : 방치형 키우기 RPG"
01:00,160,com.linegames.uwogl,"대항해시대 오리진"
01:00,161,com.fatr.global,"호텔 레거시: 합성&리모델링"
01:00,162,apli879756.vmz,"괴수: 진화 연대기"
01:00,163,com.hybeim.architect,"아키텍트: 랜드 오브 엑자일"
01:00,164,com.riftsky.mhg.kr.gp,"더 코지 플로리스트"
01:00,165,com.superpixel.undyinghero,"불사용사 키우기 : 방치형 RPG"
01:00,166,com.joycastle.mergematch,"Matching Story - Puzzle Games"
01:00,167,com.rxjhkr.an,"열혈강호: 귀환"
01:00,168,com.supercell.clashroyale,"클래시 로얄 (Clash Royale)"
01:00,169,com.com2us.ninepb3d.normal.freefull.google.global.android.common,"MLB 9이닝스 26"
01:00,170,com.stove.epic7.google,"에픽세븐"
01:00,171,com.bandainamcoent.dgup_ww,"디지몬 UP"
01:00,172,com.kr.lfhsgp,"그레이 사가"
01:00,173,com.sundaytoz.kakao.anipang3.service,"애니팡3 - 매치 3 퍼즐"
01:00,174,com.sundaytoz.kakao.anipang4,"애니팡4: 매치3 퍼즐 게임"
01:00,175,com.ea.huntingsniper,"헌팅 스나이퍼"
01:00,176,com.nexon.mdnf,"던전앤파이터 모바일"
01:00,177,com.mojang.minecraftpe,"Minecraft: 나만의 세계를 꿈꾸고 만들어보세요"
01:00,178,net.peakgames.toonblast,"Toon Blast"
01:00,179,com.smilegate.chaoszero.stove.google,"카오스 제로 나이트메어"
01:00,180,com.gearpaw.defenders.td.game,"기어몬: 타워 디펜스"
01:00,181,com.com2us.futuremlb.android.google.global.normal,"MLB 9이닝스 라이벌 26"
01:00,182,net.gameduo.anotherdungeon,"어나더던전"
01:00,183,com.redveilone.vardian,"바르디안 : 피의 맹세"
01:00,184,com.moonactive.cmboard,"Coin Master: 보드 어드벤처"
01:00,185,com.smallgiantgames.empires,"엠파이어 & 퍼즐 (Empires & Puzzles)"
01:00,186,com.wemadeconnect.aos.lostdgl,"로스트 소드"
01:00,187,com.netmarble.ma9bkr,"마구마구 2026: 풀체인지"
01:00,188,com.wireless.defenseland,"레이드 러시: 타워 디펜스"
01:00,189,com.blizzard.wtcg.hearthstone,"하스스톤"
01:00,190,com.cyberjoy.galaxydefense,"갤럭시 디펜스 (Galaxy Defense)"
01:00,191,jp.pokemon.pokemontcgp,"포켓몬 카드 게임 Pocket"
01:00,192,com.nexon.bluearchive,"블루 아카이브"
01:00,193,com.ratinghope.gplay,"타이탄 러쉬: 서바이벌"
01:00,194,com.kakaogames.ares,"아레스 : 라이즈 오브 가디언즈"
01:00,195,com.game.btjkr.and,"영혼 인도자：신의 이름으로"
01:00,196,com.a3.topgirl.gplay,"Top Girl"
01:00,197,com.netmarble.arthdal,"아스달 연대기: 세 개의 세력"
01:00,198,com.multicastgames.butcher,"Butcher hero: 서바이벌 RPG"
01:00,199,com.minigame.wszj.android.gp,"Wing Fighter"
01:00,200,group.theorigin.themaxlevelreturner,"나 혼자 만렙 키우기"
02:00,1,com.gof.global,"WOS: 화이트아웃 서바이벌"
02:00,2,com.netmarble.sol,"SOL: enchant"
02:00,3,com.run.tower.defense,"킹샷:Kingshot"
02:00,4,com.devsisters.cc,"쿠키런 키우기 - 쿠키런: 크럼블"
02:00,5,com.ncsoft.lineagem19,"리니지M"
02:00,6,com.mergegames.gossipharbor,"가십하버: 합성 & 스토리 게임"
02:00,7,com.fun.lastwar.gp,"라스트 워: 서바이벌"
02:00,8,com.roblox.client,"로블록스 (Roblox)"
02:00,9,com.dreamgames.royalmatch,"로얄 매치 Royal Match"
02:00,10,com.rxjhglkr.gp,"열혈강호: 넥스트"
02:00,11,com.nexon.ma,"메이플 키우기"
02:00,12,com.kakaogames.odin,"오딘: 발할라 라이징"
02:00,13,com.nhnent.pokerclassic,"한게임포커 클래식 : 7포커 홀덤 섯다 훌라 슬롯"
02:00,14,com.nhnent.Qpoker,"한게임 포커"
02:00,15,com.proximabeta.nikke,"승리의 여신: 니케"
02:00,16,com.HoYoverse.Nap,"젠레스 존 제로 - 주년 기념"
02:00,17,com.percent.aos.luckydefense,"운빨존많겜"
02:00,18,com.kurogame.wutheringwaves.global,"명조:워더링 웨이브 - 현방 지계를 향하여"
02:00,19,com.phs.global,"라스트 어사일럼: 페스트"
02:00,20,com.readygo.barrel.gp,"라스트 Z: 서바이벌 슈터"
02:00,21,com.fatmerge.global,"테이스티 트레블: 합성 게임"
02:00,22,com.nexon.fmk,"FC 모바일"
02:00,23,com.gamedots.seasideescape,"씨사이드 익스케이프: 합성 & 스토리 게임"
02:00,24,com.playrix.gardenscapes,"꿈의 정원 (Gardenscapes)"
02:00,25,com.supercell.brawlstars,"브롤스타즈"
02:00,26,com.nexon.nsc.maplem,"메이플스토리M"
02:00,27,com.dreamgames.royalkingdom,"로얄 킹덤 (Royal Kingdom)"
02:00,28,com.nexon.devcat.mm,"마비노기 모바일"
02:00,29,com.netmarble.thered,"뱀피르"
02:00,30,com.neowiz.games.poker,"피망 포커 : 카지노 로얄 - 홀덤, 7포커, 바둑이"
02:00,31,com.ncsoft.lineagew,"리니지W"
02:00,32,com.epidgames.trickcalrevive,"트릭컬 리바이브"
02:00,33,game.qualiarts.hololive.dreams.com,"hololive Dreams"
02:00,34,com.fowgames.kingdom2,"킹덤2: 타오르는 전장"
02:00,35,com.com2us.futurecpb.android.google.global.normal,"컴투스프로야구V26"
02:00,36,com.NHNEnt.MSudda,"한게임 섯다&맞고"
02:00,37,com.HoYoverse.hkrpgoversea,"붕괴: 스타레일"
02:00,38,net.kernys.aooni,"좀비고등학교"
02:00,39,com.netmarble.tskgb,"세븐나이츠 리버스"
02:00,40,com.netmarble.rfnext,"RF 온라인 넥스트"
02:00,41,com.percent.aos.cooptd,"협타디: 협동 타워 디펜스"
02:00,42,com.king.candycrushsaga,"캔디크러쉬사가 (Candy Crush Saga)"
02:00,43,com.nexon.fo4m,"EA SPORTS FC Online M"
02:00,44,com.pubg.krmobile,"배틀그라운드"
02:00,45,com.cola.game,"핫레스토랑: 머지&쿠킹"
02:00,46,com.cedargames.mysterytown,"미스터리 타운: 합성 게임 (Mystery Town)"
02:00,47,com.kr.firegp,"I9: 인페르노 나인"
02:00,48,com.playrix.homescapes,"꿈의 집 (Homescapes)"
02:00,49,com.gravity.romkrzeny.aos,"라그나로크M: Classic"
02:00,50,com.ncsoft.aion2,"AION2"
02:00,51,com.haoplay.game.and.exilium,"소녀전선2: 망명"
02:00,52,com.bhk.newslgkr,"삼국지: 천하결전"
02:00,53,com.hollywood.merge,"할리우드 머지"
02:00,54,com.miHoYo.GenshinImpact,"원신-스네즈나야 오픈"
02:00,55,com.webzen.mumonarch2.google,"뮤 모나크2"
02:00,56,com.kingsgroup.sos,"S.O.S: 스테이트 오브 서바이벌"
02:00,57,com.jsjskr.google,"토이 삼국"
02:00,58,com.playrix.township,"꿈의 마을 (Township)"
02:00,59,jp.konami.pesam,"eFootball™"
02:00,60,com.readygo.dark.gp,"Dark War Survival"
02:00,61,com.gryphline.endfield.gp,"명일방주: 엔드필드"
02:00,62,com.NHNEnt.NDuelgo,"한게임 신맞고 : 대한민국 원조 고스톱"
02:00,63,com.nianticlabs.pokemongo,"Pokémon GO"
02:00,64,com.neowiz.games.newmatgo,"피망 뉴맞고: 고스톱 대표 맞고 게임"
02:00,65,com.ncsoft.lineage2m19,"리니지2M"
02:00,66,com.superplaystudios.disneysolitairedreams,"Disney Solitaire 디즈니 솔리테어"
02:00,67,jp.co.ponos.battlecatskr,"냥코 대전쟁"
02:00,68,com.ProjectMoon.LimbusCompany,"Limbus Company"
02:00,69,io.randomco.travel,"Travel Town - 결합 어드벤처"
02:00,70,com.merge.cooking.theme.restaurant.food,"머지 쿠킹 테마 레스토랑"
02:00,71,com.dlw.kr.google,"시티 데몬헌터즈: 각성자들"
02:00,72,com.joycity.im,"임진왜란: 조선의 반격"
02:00,73,com.zempot.wplpoker,"WPL : 홀덤, 토너먼트, 오마하, 올인폴드, 픽앤고"
02:00,74,com.highbrow.games.dvo,"드래곤빌리지3"
02:00,75,jp.konami.masterduel,"Yu-Gi-Oh! Master Duel"
02:00,76,com.netease.dunkcdjp,"NBA 덩크 시티"
02:00,77,com.nhn.AApoker,"한게임 로얄홀덤"
02:00,78,com.com2us.probaseball3d.normal.freefull.google.global.android.common,"컴투스프로야구2026"
02:00,79,com.pockethaven.roguelegend,"로그 레전드: 로그라이크 RPG"
02:00,80,com.funplus.ts.global,"타일 서바이벌"
02:00,81,com.mhclyxpb.gatja,"동방 찻집"
02:00,82,com.gametree.lhlr.gp,"그놈은 드래곤"
02:00,83,com.hariwn.legendofcivilizations,"포지 마스터 (Forge Master)"
02:00,84,com.billionairegames.serares,"변신 키우기"
02:00,85,kr.haoplay.game.and.reverse,"리버스: 1999"
02:00,86,com.hottagames.nte,"이환"
02:00,87,com.netmarble.fgok,"페이트/그랜드 오더"
02:00,88,com.playrix.fishdomdd.gplay,"피쉬돔 (Fishdom)"
02:00,89,com.dwgames.chunorpg,"추노 키우기"
02:00,90,com.netmarble.raven2,"레이븐2"
02:00,91,com.netmarble.lineageII,"리니지2 레볼루션"
02:00,92,com.devsisters.ck,"쿠키런: 킹덤"
02:00,93,com.nexon.he,"히간: 이루실"
02:00,94,com.zzsjkr.google,"갓깨비 키우기-999뽑기 증정"
02:00,95,com.wemade.nightcrows,"나이트 크로우"
02:00,96,com.xman.kr.gp,"X 클래시"
02:00,97,com.play.merge.restyle,"Merge Restyle"
02:00,98,com.nexon.kart,"카트라이더 러쉬플러스"
02:00,99,com.haegin.kbo,"2026 프로야구GO!"
02:00,100,com.fiveminlab.overgeared.hero.backpack.merge,"템빨용사: 픽셀 아이템 머지 RPG"
02:00,101,com.screenshake.dominodreams,"Domino Dreams™ 도미노 드림"
02:00,102,defense.roguelike.cell.shoot.survivor,"세포 특공대"
02:00,103,com.webzen.muangel.google,"뮤 모나크"
02:00,104,com.netmarble.stonkey,"스톤에이지 키우기"
02:00,105,com.qjzj4399kr.google,"기적의 검"
02:00,106,com.sopt.mafia42.client,"마피아42"
02:00,107,com.netmarble.bnsmkr,"블레이드&소울 레볼루션"
02:00,108,com.gear2.letsgolegends,"레츠고 레전드!"
02:00,109,com.smilegate.lordnine.stove.google,"로드나인"
02:00,110,com.com2us.smon.normal.freefull.google.kr.android.common,"서머너즈 워 X 장송의 프리렌"
02:00,111,com.bilibilihk.jujutsuphanparagp,"주술회전 팬텀 퍼레이드"
02:00,112,com.ddup.zombiewaves.zw,"좀비 웨이브스"
02:00,113,com.farlightgames.igame.gp,"AFK: 새로운 여정"
02:00,114,com.ulugame.hdqykrob.google,"아케론:종말의 서곡"
02:00,115,com.kakaogames.aaw,"아키에이지 워 (ArcheAge WAR)"
02:00,116,com.gear2.growslayer,"슬레이어 키우기"
02:00,117,com.greenmushroom.boomblitz.gp,"탑 히어로즈"
02:00,118,com.xd.xdtglobal.gp,"두근두근타운"
02:00,119,com.neowizgames.game.browndust2,"브라운더스트2 - 가슴 벅찬 RPG"
02:00,120,com.camelgames.aoz,"에이지 오브 제트: 타워 디펜스"
02:00,121,com.dreamwalker.kr.gp,"꿈의 여행자: 별빛 여정"
02:00,122,com.ncsoft.lineagem,"리니지M(12)"
02:00,123,com.EightStudio.BlightWar,"블라이트 워 : 방치형 RPG"
02:00,124,com.kr.firelite,"I9: 인페르노 나인(19) - 세로형 RPG"
02:00,125,com.global.ztmslgkr,"퍼즐 오브 Z"
02:00,126,com.ryonggame.soulhunteridle,"소울 헌터 키우기 : 방치형 RPG"
02:00,127,com.orienjoy.heroland.kr,"히어로 랜드M"
02:00,128,com.ujoygp.flower,"오늘의 꽃"
02:00,129,net.gameduo.gv,"캣 히어로 : 방치형 RPG"
02:00,130,com.merge.game.foodstars,"푸드스타: 합쳐서 요리하기"
02:00,131,com.gamespark.topking.gp,"탑 로드"
02:00,132,com.mxdzzkr.google,"버섯커 키우기-3000뽑기 증정"
02:00,133,com.lilithgames.rok.gpkr,"라이즈 오브 킹덤즈"
02:00,134,com.ylqdhkr.gp,"엔터테인먼트 거물"
02:00,135,com.kakaogames.friendsKing,"프렌즈팝콘"
02:00,136,com.YoStarKR.Arknights,"명일방주"
02:00,137,com.yzlmkr.google,"우와 모험단"
02:00,138,com.xmh.rpg.kr.an,"스카이 어비스: 혈맹의 서약"
02:00,139,com.devsisters.gb,"쿠키런: 오븐브레이크"
02:00,140,com.supercell.clashofclans,"클래시 오브 클랜"
02:00,141,com.nspgames.dungeonslasher,"던전 슬래셔"
02:00,142,com.igg.android.doomsdaylastsurvivors,"둠스데이: 영웅의 여정"
02:00,143,com.xone.gpkr,"ASURA: 블러드 앤 소울"
02:00,144,com.pocketchamps.game,"포켓 챔프: 3D 레이싱 게임"
02:00,145,com.riotgames.league.wildrift,"리그 오브 레전드: 와일드 리프트"
02:00,146,com.zy.wqmt.global,"무기미도"
02:00,147,com.mobile.legends,"모바일 레전드: Bang Bang"
02:00,148,com.games.foundation,"파운데이션: 우주 전선"
02:00,149,com.galasports.totalfootball.kr,"Total Football - 2026 북중미 시즌"
02:00,150,com.hdfzxrpg.googlelb,"해적 키우기-방치형 RPG"
02:00,151,com.kakaogames.umamusume,"우마무스메 프리티 더비"
02:00,152,com.superplaystudios.dicedreams,"Dice Dreams™️ 다이스 드림"
02:00,153,com.MelsoftGames.FamilyIslandFarm,"패밀리 아일랜드 - 농장모험게임"
02:00,154,com.bandainamcoent.gget_WW,"SD건담 지 제네레이션 이터널"
02:00,155,com.sundaytoz.mobile.anipang2.google.kakao.service,"애니팡2 - 3매치 퍼즐게임"
02:00,156,com.plarium.raidlegends,"레이드: 그림자의 전설"
02:00,157,com.estgames.cabalr.kr.ls,"카발RED"
02:00,158,kr.txwy.and.blhx,"벽람항로"
02:00,159,com.Chodun.CatGunner,"총잡이 고양이 : 방치형 키우기 RPG"
02:00,160,com.linegames.uwogl,"대항해시대 오리진"
02:00,161,com.fatr.global,"호텔 레거시: 합성&리모델링"
02:00,162,apli879756.vmz,"괴수: 진화 연대기"
02:00,163,com.hybeim.architect,"아키텍트: 랜드 오브 엑자일"
02:00,164,com.riftsky.mhg.kr.gp,"더 코지 플로리스트"
02:00,165,com.superpixel.undyinghero,"불사용사 키우기 : 방치형 RPG"
02:00,166,com.joycastle.mergematch,"Matching Story - Puzzle Games"
02:00,167,com.rxjhkr.an,"열혈강호: 귀환"
02:00,168,com.supercell.clashroyale,"클래시 로얄 (Clash Royale)"
02:00,169,com.com2us.ninepb3d.normal.freefull.google.global.android.common,"MLB 9이닝스 26"
02:00,170,com.stove.epic7.google,"에픽세븐"
02:00,171,com.bandainamcoent.dgup_ww,"디지몬 UP"
02:00,172,com.kr.lfhsgp,"그레이 사가"
02:00,173,com.sundaytoz.kakao.anipang3.service,"애니팡3 - 매치 3 퍼즐"
02:00,174,com.sundaytoz.kakao.anipang4,"애니팡4: 매치3 퍼즐 게임"
02:00,175,com.ea.huntingsniper,"헌팅 스나이퍼"
02:00,176,com.nexon.mdnf,"던전앤파이터 모바일"
02:00,177,com.mojang.minecraftpe,"Minecraft: 나만의 세계를 꿈꾸고 만들어보세요"
02:00,178,net.peakgames.toonblast,"Toon Blast"
02:00,179,com.smilegate.chaoszero.stove.google,"카오스 제로 나이트메어"
02:00,180,com.gearpaw.defenders.td.game,"기어몬: 타워 디펜스"
02:00,181,com.com2us.futuremlb.android.google.global.normal,"MLB 9이닝스 라이벌 26"
02:00,182,net.gameduo.anotherdungeon,"어나더던전"
02:00,183,com.redveilone.vardian,"바르디안 : 피의 맹세"
02:00,184,com.moonactive.cmboard,"Coin Master: 보드 어드벤처"
02:00,185,com.smallgiantgames.empires,"엠파이어 & 퍼즐 (Empires & Puzzles)"
02:00,186,com.wemadeconnect.aos.lostdgl,"로스트 소드"
02:00,187,com.netmarble.ma9bkr,"마구마구 2026: 풀체인지"
02:00,188,com.wireless.defenseland,"레이드 러시: 타워 디펜스"
02:00,189,com.blizzard.wtcg.hearthstone,"하스스톤"
02:00,190,com.cyberjoy.galaxydefense,"갤럭시 디펜스 (Galaxy Defense)"
02:00,191,jp.pokemon.pokemontcgp,"포켓몬 카드 게임 Pocket"
02:00,192,com.nexon.bluearchive,"블루 아카이브"
02:00,193,com.ratinghope.gplay,"타이탄 러쉬: 서바이벌"
02:00,194,com.kakaogames.ares,"아레스 : 라이즈 오브 가디언즈"
02:00,195,com.game.btjkr.and,"영혼 인도자：신의 이름으로"
02:00,196,com.a3.topgirl.gplay,"Top Girl"
02:00,197,com.netmarble.arthdal,"아스달 연대기: 세 개의 세력"
02:00,198,com.multicastgames.butcher,"Butcher hero: 서바이벌 RPG"
02:00,199,com.minigame.wszj.android.gp,"Wing Fighter"
02:00,200,group.theorigin.themaxlevelreturner,"나 혼자 만렙 키우기"
03:00,1,com.gof.global,"WOS: 화이트아웃 서바이벌"
03:00,2,com.netmarble.sol,"SOL: enchant"
03:00,3,com.run.tower.defense,"킹샷:Kingshot"
03:00,4,com.devsisters.cc,"쿠키런 키우기 - 쿠키런: 크럼블"
03:00,5,com.ncsoft.lineagem19,"리니지M"
03:00,6,com.mergegames.gossipharbor,"가십하버: 합성 & 스토리 게임"
03:00,7,com.fun.lastwar.gp,"라스트 워: 서바이벌"
03:00,8,com.roblox.client,"로블록스 (Roblox)"
03:00,9,com.dreamgames.royalmatch,"로얄 매치 Royal Match"
03:00,10,com.rxjhglkr.gp,"열혈강호: 넥스트"
03:00,11,com.nexon.ma,"메이플 키우기"
03:00,12,com.kakaogames.odin,"오딘: 발할라 라이징"
03:00,13,com.nhnent.pokerclassic,"한게임포커 클래식 : 7포커 홀덤 섯다 훌라 슬롯"
03:00,14,com.nhnent.Qpoker,"한게임 포커"
03:00,15,com.proximabeta.nikke,"승리의 여신: 니케"
03:00,16,com.HoYoverse.Nap,"젠레스 존 제로 - 주년 기념"
03:00,17,com.percent.aos.luckydefense,"운빨존많겜"
03:00,18,com.kurogame.wutheringwaves.global,"명조:워더링 웨이브 - 현방 지계를 향하여"
03:00,19,com.phs.global,"라스트 어사일럼: 페스트"
03:00,20,com.readygo.barrel.gp,"라스트 Z: 서바이벌 슈터"
03:00,21,com.fatmerge.global,"테이스티 트레블: 합성 게임"
03:00,22,com.nexon.fmk,"FC 모바일"
03:00,23,com.gamedots.seasideescape,"씨사이드 익스케이프: 합성 & 스토리 게임"
03:00,24,com.playrix.gardenscapes,"꿈의 정원 (Gardenscapes)"
03:00,25,com.supercell.brawlstars,"브롤스타즈"
03:00,26,com.nexon.nsc.maplem,"메이플스토리M"
03:00,27,com.dreamgames.royalkingdom,"로얄 킹덤 (Royal Kingdom)"
03:00,28,com.nexon.devcat.mm,"마비노기 모바일"
03:00,29,com.netmarble.thered,"뱀피르"
03:00,30,com.neowiz.games.poker,"피망 포커 : 카지노 로얄 - 홀덤, 7포커, 바둑이"
03:00,31,com.ncsoft.lineagew,"리니지W"
03:00,32,com.epidgames.trickcalrevive,"트릭컬 리바이브"
03:00,33,game.qualiarts.hololive.dreams.com,"hololive Dreams"
03:00,34,com.fowgames.kingdom2,"킹덤2: 타오르는 전장"
03:00,35,com.com2us.futurecpb.android.google.global.normal,"컴투스프로야구V26"
03:00,36,com.NHNEnt.MSudda,"한게임 섯다&맞고"
03:00,37,com.HoYoverse.hkrpgoversea,"붕괴: 스타레일"
03:00,38,net.kernys.aooni,"좀비고등학교"
03:00,39,com.netmarble.tskgb,"세븐나이츠 리버스"
03:00,40,com.netmarble.rfnext,"RF 온라인 넥스트"
03:00,41,com.percent.aos.cooptd,"협타디: 협동 타워 디펜스"
03:00,42,com.king.candycrushsaga,"캔디크러쉬사가 (Candy Crush Saga)"
03:00,43,com.nexon.fo4m,"EA SPORTS FC Online M"
03:00,44,com.pubg.krmobile,"배틀그라운드"
03:00,45,com.cola.game,"핫레스토랑: 머지&쿠킹"
03:00,46,com.cedargames.mysterytown,"미스터리 타운: 합성 게임 (Mystery Town)"
03:00,47,com.kr.firegp,"I9: 인페르노 나인"
03:00,48,com.playrix.homescapes,"꿈의 집 (Homescapes)"
03:00,49,com.gravity.romkrzeny.aos,"라그나로크M: Classic"
03:00,50,com.ncsoft.aion2,"AION2"
03:00,51,com.haoplay.game.and.exilium,"소녀전선2: 망명"
03:00,52,com.bhk.newslgkr,"삼국지: 천하결전"
03:00,53,com.hollywood.merge,"할리우드 머지"
03:00,54,com.miHoYo.GenshinImpact,"원신-스네즈나야 오픈"
03:00,55,com.webzen.mumonarch2.google,"뮤 모나크2"
03:00,56,com.kingsgroup.sos,"S.O.S: 스테이트 오브 서바이벌"
03:00,57,com.jsjskr.google,"토이 삼국"
03:00,58,com.playrix.township,"꿈의 마을 (Township)"
03:00,59,jp.konami.pesam,"eFootball™"
03:00,60,com.readygo.dark.gp,"Dark War Survival"
03:00,61,com.gryphline.endfield.gp,"명일방주: 엔드필드"
03:00,62,com.NHNEnt.NDuelgo,"한게임 신맞고 : 대한민국 원조 고스톱"
03:00,63,com.nianticlabs.pokemongo,"Pokémon GO"
03:00,64,com.neowiz.games.newmatgo,"피망 뉴맞고: 고스톱 대표 맞고 게임"
03:00,65,com.ncsoft.lineage2m19,"리니지2M"
03:00,66,com.superplaystudios.disneysolitairedreams,"Disney Solitaire 디즈니 솔리테어"
03:00,67,jp.co.ponos.battlecatskr,"냥코 대전쟁"
03:00,68,com.ProjectMoon.LimbusCompany,"Limbus Company"
03:00,69,io.randomco.travel,"Travel Town - 결합 어드벤처"
03:00,70,com.merge.cooking.theme.restaurant.food,"머지 쿠킹 테마 레스토랑"
03:00,71,com.dlw.kr.google,"시티 데몬헌터즈: 각성자들"
03:00,72,com.joycity.im,"임진왜란: 조선의 반격"
03:00,73,com.zempot.wplpoker,"WPL : 홀덤, 토너먼트, 오마하, 올인폴드, 픽앤고"
03:00,74,com.highbrow.games.dvo,"드래곤빌리지3"
03:00,75,jp.konami.masterduel,"Yu-Gi-Oh! Master Duel"
03:00,76,com.netease.dunkcdjp,"NBA 덩크 시티"
03:00,77,com.nhn.AApoker,"한게임 로얄홀덤"
03:00,78,com.com2us.probaseball3d.normal.freefull.google.global.android.common,"컴투스프로야구2026"
03:00,79,com.pockethaven.roguelegend,"로그 레전드: 로그라이크 RPG"
03:00,80,com.funplus.ts.global,"타일 서바이벌"
03:00,81,com.mhclyxpb.gatja,"동방 찻집"
03:00,82,com.gametree.lhlr.gp,"그놈은 드래곤"
03:00,83,com.hariwn.legendofcivilizations,"포지 마스터 (Forge Master)"
03:00,84,com.billionairegames.serares,"변신 키우기"
03:00,85,kr.haoplay.game.and.reverse,"리버스: 1999"
03:00,86,com.hottagames.nte,"이환"
03:00,87,com.netmarble.fgok,"페이트/그랜드 오더"
03:00,88,com.playrix.fishdomdd.gplay,"피쉬돔 (Fishdom)"
03:00,89,com.dwgames.chunorpg,"추노 키우기"
03:00,90,com.netmarble.raven2,"레이븐2"
03:00,91,com.netmarble.lineageII,"리니지2 레볼루션"
03:00,92,com.devsisters.ck,"쿠키런: 킹덤"
03:00,93,com.nexon.he,"히간: 이루실"
03:00,94,com.zzsjkr.google,"갓깨비 키우기-999뽑기 증정"
03:00,95,com.wemade.nightcrows,"나이트 크로우"
03:00,96,com.xman.kr.gp,"X 클래시"
03:00,97,com.play.merge.restyle,"Merge Restyle"
03:00,98,com.nexon.kart,"카트라이더 러쉬플러스"
03:00,99,com.haegin.kbo,"2026 프로야구GO!"
03:00,100,com.fiveminlab.overgeared.hero.backpack.merge,"템빨용사: 픽셀 아이템 머지 RPG"
03:00,101,com.screenshake.dominodreams,"Domino Dreams™ 도미노 드림"
03:00,102,defense.roguelike.cell.shoot.survivor,"세포 특공대"
03:00,103,com.webzen.muangel.google,"뮤 모나크"
03:00,104,com.netmarble.stonkey,"스톤에이지 키우기"
03:00,105,com.qjzj4399kr.google,"기적의 검"
03:00,106,com.sopt.mafia42.client,"마피아42"
03:00,107,com.netmarble.bnsmkr,"블레이드&소울 레볼루션"
03:00,108,com.gear2.letsgolegends,"레츠고 레전드!"
03:00,109,com.smilegate.lordnine.stove.google,"로드나인"
03:00,110,com.com2us.smon.normal.freefull.google.kr.android.common,"서머너즈 워 X 장송의 프리렌"
03:00,111,com.bilibilihk.jujutsuphanparagp,"주술회전 팬텀 퍼레이드"
03:00,112,com.ddup.zombiewaves.zw,"좀비 웨이브스"
03:00,113,com.farlightgames.igame.gp,"AFK: 새로운 여정"
03:00,114,com.ulugame.hdqykrob.google,"아케론:종말의 서곡"
03:00,115,com.kakaogames.aaw,"아키에이지 워 (ArcheAge WAR)"
03:00,116,com.gear2.growslayer,"슬레이어 키우기"
03:00,117,com.greenmushroom.boomblitz.gp,"탑 히어로즈"
03:00,118,com.xd.xdtglobal.gp,"두근두근타운"
03:00,119,com.neowizgames.game.browndust2,"브라운더스트2 - 가슴 벅찬 RPG"
03:00,120,com.camelgames.aoz,"에이지 오브 제트: 타워 디펜스"
03:00,121,com.dreamwalker.kr.gp,"꿈의 여행자: 별빛 여정"
03:00,122,com.ncsoft.lineagem,"리니지M(12)"
03:00,123,com.EightStudio.BlightWar,"블라이트 워 : 방치형 RPG"
03:00,124,com.kr.firelite,"I9: 인페르노 나인(19) - 세로형 RPG"
03:00,125,com.global.ztmslgkr,"퍼즐 오브 Z"
03:00,126,com.ryonggame.soulhunteridle,"소울 헌터 키우기 : 방치형 RPG"
03:00,127,com.orienjoy.heroland.kr,"히어로 랜드M"
03:00,128,com.ujoygp.flower,"오늘의 꽃"
03:00,129,net.gameduo.gv,"캣 히어로 : 방치형 RPG"
03:00,130,com.merge.game.foodstars,"푸드스타: 합쳐서 요리하기"
03:00,131,com.gamespark.topking.gp,"탑 로드"
03:00,132,com.mxdzzkr.google,"버섯커 키우기-3000뽑기 증정"
03:00,133,com.lilithgames.rok.gpkr,"라이즈 오브 킹덤즈"
03:00,134,com.ylqdhkr.gp,"엔터테인먼트 거물"
03:00,135,com.kakaogames.friendsKing,"프렌즈팝콘"
03:00,136,com.YoStarKR.Arknights,"명일방주"
03:00,137,com.yzlmkr.google,"우와 모험단"
03:00,138,com.xmh.rpg.kr.an,"스카이 어비스: 혈맹의 서약"
03:00,139,com.devsisters.gb,"쿠키런: 오븐브레이크"
03:00,140,com.supercell.clashofclans,"클래시 오브 클랜"
03:00,141,com.nspgames.dungeonslasher,"던전 슬래셔"
03:00,142,com.igg.android.doomsdaylastsurvivors,"둠스데이: 영웅의 여정"
03:00,143,com.xone.gpkr,"ASURA: 블러드 앤 소울"
03:00,144,com.pocketchamps.game,"포켓 챔프: 3D 레이싱 게임"
03:00,145,com.riotgames.league.wildrift,"리그 오브 레전드: 와일드 리프트"
03:00,146,com.zy.wqmt.global,"무기미도"
03:00,147,com.mobile.legends,"모바일 레전드: Bang Bang"
03:00,148,com.games.foundation,"파운데이션: 우주 전선"
03:00,149,com.galasports.totalfootball.kr,"Total Football - 2026 북중미 시즌"
03:00,150,com.hdfzxrpg.googlelb,"해적 키우기-방치형 RPG"
03:00,151,com.kakaogames.umamusume,"우마무스메 프리티 더비"
03:00,152,com.superplaystudios.dicedreams,"Dice Dreams™️ 다이스 드림"
03:00,153,com.MelsoftGames.FamilyIslandFarm,"패밀리 아일랜드 - 농장모험게임"
03:00,154,com.bandainamcoent.gget_WW,"SD건담 지 제네레이션 이터널"
03:00,155,com.sundaytoz.mobile.anipang2.google.kakao.service,"애니팡2 - 3매치 퍼즐게임"
03:00,156,com.plarium.raidlegends,"레이드: 그림자의 전설"
03:00,157,com.estgames.cabalr.kr.ls,"카발RED"
03:00,158,kr.txwy.and.blhx,"벽람항로"
03:00,159,com.Chodun.CatGunner,"총잡이 고양이 : 방치형 키우기 RPG"
03:00,160,com.linegames.uwogl,"대항해시대 오리진"
03:00,161,com.fatr.global,"호텔 레거시: 합성&리모델링"
03:00,162,apli879756.vmz,"괴수: 진화 연대기"
03:00,163,com.hybeim.architect,"아키텍트: 랜드 오브 엑자일"
03:00,164,com.riftsky.mhg.kr.gp,"더 코지 플로리스트"
03:00,165,com.superpixel.undyinghero,"불사용사 키우기 : 방치형 RPG"
03:00,166,com.joycastle.mergematch,"Matching Story - Puzzle Games"
03:00,167,com.rxjhkr.an,"열혈강호: 귀환"
03:00,168,com.supercell.clashroyale,"클래시 로얄 (Clash Royale)"
03:00,169,com.com2us.ninepb3d.normal.freefull.google.global.android.common,"MLB 9이닝스 26"
03:00,170,com.stove.epic7.google,"에픽세븐"
03:00,171,com.bandainamcoent.dgup_ww,"디지몬 UP"
03:00,172,com.kr.lfhsgp,"그레이 사가"
03:00,173,com.sundaytoz.kakao.anipang3.service,"애니팡3 - 매치 3 퍼즐"
03:00,174,com.sundaytoz.kakao.anipang4,"애니팡4: 매치3 퍼즐 게임"
03:00,175,com.ea.huntingsniper,"헌팅 스나이퍼"
03:00,176,com.nexon.mdnf,"던전앤파이터 모바일"
03:00,177,com.mojang.minecraftpe,"Minecraft: 나만의 세계를 꿈꾸고 만들어보세요"
03:00,178,net.peakgames.toonblast,"Toon Blast"
03:00,179,com.smilegate.chaoszero.stove.google,"카오스 제로 나이트메어"
03:00,180,com.gearpaw.defenders.td.game,"기어몬: 타워 디펜스"
03:00,181,com.com2us.futuremlb.android.google.global.normal,"MLB 9이닝스 라이벌 26"
03:00,182,net.gameduo.anotherdungeon,"어나더던전"
03:00,183,com.redveilone.vardian,"바르디안 : 피의 맹세"
03:00,184,com.moonactive.cmboard,"Coin Master: 보드 어드벤처"
03:00,185,com.smallgiantgames.empires,"엠파이어 & 퍼즐 (Empires & Puzzles)"
03:00,186,com.wemadeconnect.aos.lostdgl,"로스트 소드"
03:00,187,com.netmarble.ma9bkr,"마구마구 2026: 풀체인지"
03:00,188,com.wireless.defenseland,"레이드 러시: 타워 디펜스"
03:00,189,com.blizzard.wtcg.hearthstone,"하스스톤"
03:00,190,com.cyberjoy.galaxydefense,"갤럭시 디펜스 (Galaxy Defense)"
03:00,191,jp.pokemon.pokemontcgp,"포켓몬 카드 게임 Pocket"
03:00,192,com.nexon.bluearchive,"블루 아카이브"
03:00,193,com.ratinghope.gplay,"타이탄 러쉬: 서바이벌"
03:00,194,com.kakaogames.ares,"아레스 : 라이즈 오브 가디언즈"
03:00,195,com.game.btjkr.and,"영혼 인도자：신의 이름으로"
03:00,196,com.a3.topgirl.gplay,"Top Girl"
03:00,197,com.netmarble.arthdal,"아스달 연대기: 세 개의 세력"
03:00,198,com.multicastgames.butcher,"Butcher hero: 서바이벌 RPG"
03:00,199,com.minigame.wszj.android.gp,"Wing Fighter"
03:00,200,group.theorigin.themaxlevelreturner,"나 혼자 만렙 키우기"
04:30,1,com.gof.global,"WOS: 화이트아웃 서바이벌"
04:30,2,com.netmarble.sol,"SOL: enchant"
04:30,3,com.run.tower.defense,"킹샷:Kingshot"
04:30,4,com.devsisters.cc,"쿠키런 키우기 - 쿠키런: 크럼블"
04:30,5,com.ncsoft.lineagem19,"리니지M"
04:30,6,com.mergegames.gossipharbor,"가십하버: 합성 & 스토리 게임"
04:30,7,com.fun.lastwar.gp,"라스트 워: 서바이벌"
04:30,8,com.roblox.client,"로블록스 (Roblox)"
04:30,9,com.dreamgames.royalmatch,"로얄 매치 Royal Match"
04:30,10,com.rxjhglkr.gp,"열혈강호: 넥스트"
04:30,11,com.nexon.ma,"메이플 키우기"
04:30,12,com.kakaogames.odin,"오딘: 발할라 라이징"
04:30,13,com.nhnent.pokerclassic,"한게임포커 클래식 : 7포커 홀덤 섯다 훌라 슬롯"
04:30,14,com.nhnent.Qpoker,"한게임 포커"
04:30,15,com.proximabeta.nikke,"승리의 여신: 니케"
04:30,16,com.HoYoverse.Nap,"젠레스 존 제로 - 주년 기념"
04:30,17,com.percent.aos.luckydefense,"운빨존많겜"
04:30,18,com.kurogame.wutheringwaves.global,"명조:워더링 웨이브 - 현방 지계를 향하여"
04:30,19,com.phs.global,"라스트 어사일럼: 페스트"
04:30,20,com.readygo.barrel.gp,"라스트 Z: 서바이벌 슈터"
04:30,21,com.fatmerge.global,"테이스티 트레블: 합성 게임"
04:30,22,com.nexon.fmk,"FC 모바일"
04:30,23,com.gamedots.seasideescape,"씨사이드 익스케이프: 합성 & 스토리 게임"
04:30,24,com.playrix.gardenscapes,"꿈의 정원 (Gardenscapes)"
04:30,25,com.supercell.brawlstars,"브롤스타즈"
04:30,26,com.nexon.nsc.maplem,"메이플스토리M"
04:30,27,com.dreamgames.royalkingdom,"로얄 킹덤 (Royal Kingdom)"
04:30,28,com.nexon.devcat.mm,"마비노기 모바일"
04:30,29,com.netmarble.thered,"뱀피르"
04:30,30,com.neowiz.games.poker,"피망 포커 : 카지노 로얄 - 홀덤, 7포커, 바둑이"
04:30,31,com.ncsoft.lineagew,"리니지W"
04:30,32,com.epidgames.trickcalrevive,"트릭컬 리바이브"
04:30,33,game.qualiarts.hololive.dreams.com,"hololive Dreams"
04:30,34,com.fowgames.kingdom2,"킹덤2: 타오르는 전장"
04:30,35,com.com2us.futurecpb.android.google.global.normal,"컴투스프로야구V26"
04:30,36,com.NHNEnt.MSudda,"한게임 섯다&맞고"
04:30,37,com.HoYoverse.hkrpgoversea,"붕괴: 스타레일"
04:30,38,net.kernys.aooni,"좀비고등학교"
04:30,39,com.netmarble.tskgb,"세븐나이츠 리버스"
04:30,40,com.netmarble.rfnext,"RF 온라인 넥스트"
04:30,41,com.percent.aos.cooptd,"협타디: 협동 타워 디펜스"
04:30,42,com.king.candycrushsaga,"캔디크러쉬사가 (Candy Crush Saga)"
04:30,43,com.nexon.fo4m,"EA SPORTS FC Online M"
04:30,44,com.pubg.krmobile,"배틀그라운드"
04:30,45,com.cola.game,"핫레스토랑: 머지&쿠킹"
04:30,46,com.cedargames.mysterytown,"미스터리 타운: 합성 게임 (Mystery Town)"
04:30,47,com.kr.firegp,"I9: 인페르노 나인"
04:30,48,com.playrix.homescapes,"꿈의 집 (Homescapes)"
04:30,49,com.gravity.romkrzeny.aos,"라그나로크M: Classic"
04:30,50,com.ncsoft.aion2,"AION2"
04:30,51,com.haoplay.game.and.exilium,"소녀전선2: 망명"
04:30,52,com.bhk.newslgkr,"삼국지: 천하결전"
04:30,53,com.hollywood.merge,"할리우드 머지"
04:30,54,com.miHoYo.GenshinImpact,"원신-스네즈나야 오픈"
04:30,55,com.webzen.mumonarch2.google,"뮤 모나크2"
04:30,56,com.kingsgroup.sos,"S.O.S: 스테이트 오브 서바이벌"
04:30,57,com.jsjskr.google,"토이 삼국"
04:30,58,com.playrix.township,"꿈의 마을 (Township)"
04:30,59,jp.konami.pesam,"eFootball™"
04:30,60,com.readygo.dark.gp,"Dark War Survival"
04:30,61,com.gryphline.endfield.gp,"명일방주: 엔드필드"
04:30,62,com.NHNEnt.NDuelgo,"한게임 신맞고 : 대한민국 원조 고스톱"
04:30,63,com.nianticlabs.pokemongo,"Pokémon GO"
04:30,64,com.neowiz.games.newmatgo,"피망 뉴맞고: 고스톱 대표 맞고 게임"
04:30,65,com.ncsoft.lineage2m19,"리니지2M"
04:30,66,com.superplaystudios.disneysolitairedreams,"Disney Solitaire 디즈니 솔리테어"
04:30,67,jp.co.ponos.battlecatskr,"냥코 대전쟁"
04:30,68,com.ProjectMoon.LimbusCompany,"Limbus Company"
04:30,69,io.randomco.travel,"Travel Town - 결합 어드벤처"
04:30,70,com.merge.cooking.theme.restaurant.food,"머지 쿠킹 테마 레스토랑"
04:30,71,com.dlw.kr.google,"시티 데몬헌터즈: 각성자들"
04:30,72,com.joycity.im,"임진왜란: 조선의 반격"
04:30,73,com.zempot.wplpoker,"WPL : 홀덤, 토너먼트, 오마하, 올인폴드, 픽앤고"
04:30,74,com.highbrow.games.dvo,"드래곤빌리지3"
04:30,75,jp.konami.masterduel,"Yu-Gi-Oh! Master Duel"
04:30,76,com.netease.dunkcdjp,"NBA 덩크 시티"
04:30,77,com.nhn.AApoker,"한게임 로얄홀덤"
04:30,78,com.com2us.probaseball3d.normal.freefull.google.global.android.common,"컴투스프로야구2026"
04:30,79,com.pockethaven.roguelegend,"로그 레전드: 로그라이크 RPG"
04:30,80,com.funplus.ts.global,"타일 서바이벌"
04:30,81,com.mhclyxpb.gatja,"동방 찻집"
04:30,82,com.gametree.lhlr.gp,"그놈은 드래곤"
04:30,83,com.hariwn.legendofcivilizations,"포지 마스터 (Forge Master)"
04:30,84,com.billionairegames.serares,"변신 키우기"
04:30,85,kr.haoplay.game.and.reverse,"리버스: 1999"
04:30,86,com.hottagames.nte,"이환"
04:30,87,com.netmarble.fgok,"페이트/그랜드 오더"
04:30,88,com.playrix.fishdomdd.gplay,"피쉬돔 (Fishdom)"
04:30,89,com.dwgames.chunorpg,"추노 키우기"
04:30,90,com.netmarble.raven2,"레이븐2"
04:30,91,com.netmarble.lineageII,"리니지2 레볼루션"
04:30,92,com.devsisters.ck,"쿠키런: 킹덤"
04:30,93,com.nexon.he,"히간: 이루실"
04:30,94,com.zzsjkr.google,"갓깨비 키우기-999뽑기 증정"
04:30,95,com.wemade.nightcrows,"나이트 크로우"
04:30,96,com.xman.kr.gp,"X 클래시"
04:30,97,com.play.merge.restyle,"Merge Restyle"
04:30,98,com.nexon.kart,"카트라이더 러쉬플러스"
04:30,99,com.haegin.kbo,"2026 프로야구GO!"
04:30,100,com.fiveminlab.overgeared.hero.backpack.merge,"템빨용사: 픽셀 아이템 머지 RPG"
04:30,101,com.screenshake.dominodreams,"Domino Dreams™ 도미노 드림"
04:30,102,defense.roguelike.cell.shoot.survivor,"세포 특공대"
04:30,103,com.webzen.muangel.google,"뮤 모나크"
04:30,104,com.netmarble.stonkey,"스톤에이지 키우기"
04:30,105,com.qjzj4399kr.google,"기적의 검"
04:30,106,com.sopt.mafia42.client,"마피아42"
04:30,107,com.netmarble.bnsmkr,"블레이드&소울 레볼루션"
04:30,108,com.gear2.letsgolegends,"레츠고 레전드!"
04:30,109,com.smilegate.lordnine.stove.google,"로드나인"
04:30,110,com.com2us.smon.normal.freefull.google.kr.android.common,"서머너즈 워 X 장송의 프리렌"
04:30,111,com.bilibilihk.jujutsuphanparagp,"주술회전 팬텀 퍼레이드"
04:30,112,com.ddup.zombiewaves.zw,"좀비 웨이브스"
04:30,113,com.farlightgames.igame.gp,"AFK: 새로운 여정"
04:30,114,com.ulugame.hdqykrob.google,"아케론:종말의 서곡"
04:30,115,com.kakaogames.aaw,"아키에이지 워 (ArcheAge WAR)"
04:30,116,com.gear2.growslayer,"슬레이어 키우기"
04:30,117,com.greenmushroom.boomblitz.gp,"탑 히어로즈"
04:30,118,com.xd.xdtglobal.gp,"두근두근타운"
04:30,119,com.neowizgames.game.browndust2,"브라운더스트2 - 가슴 벅찬 RPG"
04:30,120,com.camelgames.aoz,"에이지 오브 제트: 타워 디펜스"
04:30,121,com.dreamwalker.kr.gp,"꿈의 여행자: 별빛 여정"
04:30,122,com.ncsoft.lineagem,"리니지M(12)"
04:30,123,com.EightStudio.BlightWar,"블라이트 워 : 방치형 RPG"
04:30,124,com.kr.firelite,"I9: 인페르노 나인(19) - 세로형 RPG"
04:30,125,com.global.ztmslgkr,"퍼즐 오브 Z"
04:30,126,com.ryonggame.soulhunteridle,"소울 헌터 키우기 : 방치형 RPG"
04:30,127,com.orienjoy.heroland.kr,"히어로 랜드M"
04:30,128,com.ujoygp.flower,"오늘의 꽃"
04:30,129,net.gameduo.gv,"캣 히어로 : 방치형 RPG"
04:30,130,com.merge.game.foodstars,"푸드스타: 합쳐서 요리하기"
04:30,131,com.gamespark.topking.gp,"탑 로드"
04:30,132,com.mxdzzkr.google,"버섯커 키우기-3000뽑기 증정"
04:30,133,com.lilithgames.rok.gpkr,"라이즈 오브 킹덤즈"
04:30,134,com.ylqdhkr.gp,"엔터테인먼트 거물"
04:30,135,com.kakaogames.friendsKing,"프렌즈팝콘"
04:30,136,com.YoStarKR.Arknights,"명일방주"
04:30,137,com.yzlmkr.google,"우와 모험단"
04:30,138,com.xmh.rpg.kr.an,"스카이 어비스: 혈맹의 서약"
04:30,139,com.devsisters.gb,"쿠키런: 오븐브레이크"
04:30,140,com.supercell.clashofclans,"클래시 오브 클랜"
04:30,141,com.nspgames.dungeonslasher,"던전 슬래셔"
04:30,142,com.igg.android.doomsdaylastsurvivors,"둠스데이: 영웅의 여정"
04:30,143,com.xone.gpkr,"ASURA: 블러드 앤 소울"
04:30,144,com.pocketchamps.game,"포켓 챔프: 3D 레이싱 게임"
04:30,145,com.riotgames.league.wildrift,"리그 오브 레전드: 와일드 리프트"
04:30,146,com.zy.wqmt.global,"무기미도"
04:30,147,com.mobile.legends,"모바일 레전드: Bang Bang"
04:30,148,com.games.foundation,"파운데이션: 우주 전선"
04:30,149,com.galasports.totalfootball.kr,"Total Football - 2026 북중미 시즌"
04:30,150,com.hdfzxrpg.googlelb,"해적 키우기-방치형 RPG"
04:30,151,com.kakaogames.umamusume,"우마무스메 프리티 더비"
04:30,152,com.superplaystudios.dicedreams,"Dice Dreams™️ 다이스 드림"
04:30,153,com.MelsoftGames.FamilyIslandFarm,"패밀리 아일랜드 - 농장모험게임"
04:30,154,com.bandainamcoent.gget_WW,"SD건담 지 제네레이션 이터널"
04:30,155,com.sundaytoz.mobile.anipang2.google.kakao.service,"애니팡2 - 3매치 퍼즐게임"
04:30,156,com.plarium.raidlegends,"레이드: 그림자의 전설"
04:30,157,com.estgames.cabalr.kr.ls,"카발RED"
04:30,158,kr.txwy.and.blhx,"벽람항로"
04:30,159,com.Chodun.CatGunner,"총잡이 고양이 : 방치형 키우기 RPG"
04:30,160,com.linegames.uwogl,"대항해시대 오리진"
04:30,161,com.fatr.global,"호텔 레거시: 합성&리모델링"
04:30,162,apli879756.vmz,"괴수: 진화 연대기"
04:30,163,com.hybeim.architect,"아키텍트: 랜드 오브 엑자일"
04:30,164,com.riftsky.mhg.kr.gp,"더 코지 플로리스트"
04:30,165,com.superpixel.undyinghero,"불사용사 키우기 : 방치형 RPG"
04:30,166,com.joycastle.mergematch,"Matching Story - Puzzle Games"
04:30,167,com.rxjhkr.an,"열혈강호: 귀환"
04:30,168,com.supercell.clashroyale,"클래시 로얄 (Clash Royale)"
04:30,169,com.com2us.ninepb3d.normal.freefull.google.global.android.common,"MLB 9이닝스 26"
04:30,170,com.stove.epic7.google,"에픽세븐"
04:30,171,com.bandainamcoent.dgup_ww,"디지몬 UP"
04:30,172,com.kr.lfhsgp,"그레이 사가"
04:30,173,com.sundaytoz.kakao.anipang3.service,"애니팡3 - 매치 3 퍼즐"
04:30,174,com.sundaytoz.kakao.anipang4,"애니팡4: 매치3 퍼즐 게임"
04:30,175,com.ea.huntingsniper,"헌팅 스나이퍼"
04:30,176,com.nexon.mdnf,"던전앤파이터 모바일"
04:30,177,com.mojang.minecraftpe,"Minecraft: 나만의 세계를 꿈꾸고 만들어보세요"
04:30,178,net.peakgames.toonblast,"Toon Blast"
04:30,179,com.smilegate.chaoszero.stove.google,"카오스 제로 나이트메어"
04:30,180,com.gearpaw.defenders.td.game,"기어몬: 타워 디펜스"
04:30,181,com.com2us.futuremlb.android.google.global.normal,"MLB 9이닝스 라이벌 26"
04:30,182,net.gameduo.anotherdungeon,"어나더던전"
04:30,183,com.redveilone.vardian,"바르디안 : 피의 맹세"
04:30,184,com.moonactive.cmboard,"Coin Master: 보드 어드벤처"
04:30,185,com.smallgiantgames.empires,"엠파이어 & 퍼즐 (Empires & Puzzles)"
04:30,186,com.wemadeconnect.aos.lostdgl,"로스트 소드"
04:30,187,com.netmarble.ma9bkr,"마구마구 2026: 풀체인지"
04:30,188,com.wireless.defenseland,"레이드 러시: 타워 디펜스"
04:30,189,com.blizzard.wtcg.hearthstone,"하스스톤"
04:30,190,com.cyberjoy.galaxydefense,"갤럭시 디펜스 (Galaxy Defense)"
04:30,191,jp.pokemon.pokemontcgp,"포켓몬 카드 게임 Pocket"
04:30,192,com.nexon.bluearchive,"블루 아카이브"
04:30,193,com.ratinghope.gplay,"타이탄 러쉬: 서바이벌"
04:30,194,com.kakaogames.ares,"아레스 : 라이즈 오브 가디언즈"
04:30,195,com.game.btjkr.and,"영혼 인도자：신의 이름으로"
04:30,196,com.a3.topgirl.gplay,"Top Girl"
04:30,197,com.netmarble.arthdal,"아스달 연대기: 세 개의 세력"
04:30,198,com.multicastgames.butcher,"Butcher hero: 서바이벌 RPG"
04:30,199,com.minigame.wszj.android.gp,"Wing Fighter"
04:30,200,group.theorigin.themaxlevelreturner,"나 혼자 만렙 키우기"
05:30,1,com.gof.global,"WOS: 화이트아웃 서바이벌"
05:30,2,com.netmarble.sol,"SOL: enchant"
05:30,3,com.run.tower.defense,"킹샷:Kingshot"
05:30,4,com.devsisters.cc,"쿠키런 키우기 - 쿠키런: 크럼블"
05:30,5,com.ncsoft.lineagem19,"리니지M"
05:30,6,com.mergegames.gossipharbor,"가십하버: 합성 & 스토리 게임"
05:30,7,com.fun.lastwar.gp,"라스트 워: 서바이벌"
05:30,8,com.roblox.client,"로블록스 (Roblox)"
05:30,9,com.dreamgames.royalmatch,"로얄 매치 Royal Match"
05:30,10,com.rxjhglkr.gp,"열혈강호: 넥스트"
05:30,11,com.nexon.ma,"메이플 키우기"
05:30,12,com.kakaogames.odin,"오딘: 발할라 라이징"
05:30,13,com.nhnent.pokerclassic,"한게임포커 클래식 : 7포커 홀덤 섯다 훌라 슬롯"
05:30,14,com.nhnent.Qpoker,"한게임 포커"
05:30,15,com.proximabeta.nikke,"승리의 여신: 니케"
05:30,16,com.HoYoverse.Nap,"젠레스 존 제로 - 주년 기념"
05:30,17,com.percent.aos.luckydefense,"운빨존많겜"
05:30,18,com.kurogame.wutheringwaves.global,"명조:워더링 웨이브 - 현방 지계를 향하여"
05:30,19,com.phs.global,"라스트 어사일럼: 페스트"
05:30,20,com.readygo.barrel.gp,"라스트 Z: 서바이벌 슈터"
05:30,21,com.fatmerge.global,"테이스티 트레블: 합성 게임"
05:30,22,com.nexon.fmk,"FC 모바일"
05:30,23,com.gamedots.seasideescape,"씨사이드 익스케이프: 합성 & 스토리 게임"
05:30,24,com.playrix.gardenscapes,"꿈의 정원 (Gardenscapes)"
05:30,25,com.supercell.brawlstars,"브롤스타즈"
05:30,26,com.nexon.nsc.maplem,"메이플스토리M"
05:30,27,com.dreamgames.royalkingdom,"로얄 킹덤 (Royal Kingdom)"
05:30,28,com.nexon.devcat.mm,"마비노기 모바일"
05:30,29,com.netmarble.thered,"뱀피르"
05:30,30,com.neowiz.games.poker,"피망 포커 : 카지노 로얄 - 홀덤, 7포커, 바둑이"
05:30,31,com.ncsoft.lineagew,"리니지W"
05:30,32,com.epidgames.trickcalrevive,"트릭컬 리바이브"
05:30,33,game.qualiarts.hololive.dreams.com,"hololive Dreams"
05:30,34,com.fowgames.kingdom2,"킹덤2: 타오르는 전장"
05:30,35,com.com2us.futurecpb.android.google.global.normal,"컴투스프로야구V26"
05:30,36,com.NHNEnt.MSudda,"한게임 섯다&맞고"
05:30,37,com.HoYoverse.hkrpgoversea,"붕괴: 스타레일"
05:30,38,net.kernys.aooni,"좀비고등학교"
05:30,39,com.netmarble.tskgb,"세븐나이츠 리버스"
05:30,40,com.netmarble.rfnext,"RF 온라인 넥스트"
05:30,41,com.percent.aos.cooptd,"협타디: 협동 타워 디펜스"
05:30,42,com.king.candycrushsaga,"캔디크러쉬사가 (Candy Crush Saga)"
05:30,43,com.nexon.fo4m,"EA SPORTS FC Online M"
05:30,44,com.pubg.krmobile,"배틀그라운드"
05:30,45,com.cola.game,"핫레스토랑: 머지&쿠킹"
05:30,46,com.cedargames.mysterytown,"미스터리 타운: 합성 게임 (Mystery Town)"
05:30,47,com.kr.firegp,"I9: 인페르노 나인"
05:30,48,com.playrix.homescapes,"꿈의 집 (Homescapes)"
05:30,49,com.gravity.romkrzeny.aos,"라그나로크M: Classic"
05:30,50,com.ncsoft.aion2,"AION2"
05:30,51,com.haoplay.game.and.exilium,"소녀전선2: 망명"
05:30,52,com.bhk.newslgkr,"삼국지: 천하결전"
05:30,53,com.hollywood.merge,"할리우드 머지"
05:30,54,com.miHoYo.GenshinImpact,"원신-스네즈나야 오픈"
05:30,55,com.webzen.mumonarch2.google,"뮤 모나크2"
05:30,56,com.kingsgroup.sos,"S.O.S: 스테이트 오브 서바이벌"
05:30,57,com.jsjskr.google,"토이 삼국"
05:30,58,com.playrix.township,"꿈의 마을 (Township)"
05:30,59,jp.konami.pesam,"eFootball™"
05:30,60,com.readygo.dark.gp,"Dark War Survival"
05:30,61,com.gryphline.endfield.gp,"명일방주: 엔드필드"
05:30,62,com.NHNEnt.NDuelgo,"한게임 신맞고 : 대한민국 원조 고스톱"
05:30,63,com.nianticlabs.pokemongo,"Pokémon GO"
05:30,64,com.neowiz.games.newmatgo,"피망 뉴맞고: 고스톱 대표 맞고 게임"
05:30,65,com.ncsoft.lineage2m19,"리니지2M"
05:30,66,com.superplaystudios.disneysolitairedreams,"Disney Solitaire 디즈니 솔리테어"
05:30,67,jp.co.ponos.battlecatskr,"냥코 대전쟁"
05:30,68,com.ProjectMoon.LimbusCompany,"Limbus Company"
05:30,69,io.randomco.travel,"Travel Town - 결합 어드벤처"
05:30,70,com.merge.cooking.theme.restaurant.food,"머지 쿠킹 테마 레스토랑"
05:30,71,com.dlw.kr.google,"시티 데몬헌터즈: 각성자들"
05:30,72,com.joycity.im,"임진왜란: 조선의 반격"
05:30,73,com.zempot.wplpoker,"WPL : 홀덤, 토너먼트, 오마하, 올인폴드, 픽앤고"
05:30,74,com.highbrow.games.dvo,"드래곤빌리지3"
05:30,75,jp.konami.masterduel,"Yu-Gi-Oh! Master Duel"
05:30,76,com.netease.dunkcdjp,"NBA 덩크 시티"
05:30,77,com.nhn.AApoker,"한게임 로얄홀덤"
05:30,78,com.com2us.probaseball3d.normal.freefull.google.global.android.common,"컴투스프로야구2026"
05:30,79,com.pockethaven.roguelegend,"로그 레전드: 로그라이크 RPG"
05:30,80,com.funplus.ts.global,"타일 서바이벌"
05:30,81,com.mhclyxpb.gatja,"동방 찻집"
05:30,82,com.gametree.lhlr.gp,"그놈은 드래곤"
05:30,83,com.hariwn.legendofcivilizations,"포지 마스터 (Forge Master)"
05:30,84,com.billionairegames.serares,"변신 키우기"
05:30,85,kr.haoplay.game.and.reverse,"리버스: 1999"
05:30,86,com.hottagames.nte,"이환"
05:30,87,com.netmarble.fgok,"페이트/그랜드 오더"
05:30,88,com.playrix.fishdomdd.gplay,"피쉬돔 (Fishdom)"
05:30,89,com.dwgames.chunorpg,"추노 키우기"
05:30,90,com.netmarble.raven2,"레이븐2"
05:30,91,com.netmarble.lineageII,"리니지2 레볼루션"
05:30,92,com.devsisters.ck,"쿠키런: 킹덤"
05:30,93,com.nexon.he,"히간: 이루실"
05:30,94,com.zzsjkr.google,"갓깨비 키우기-999뽑기 증정"
05:30,95,com.wemade.nightcrows,"나이트 크로우"
05:30,96,com.xman.kr.gp,"X 클래시"
05:30,97,com.play.merge.restyle,"Merge Restyle"
05:30,98,com.nexon.kart,"카트라이더 러쉬플러스"
05:30,99,com.haegin.kbo,"2026 프로야구GO!"
05:30,100,com.fiveminlab.overgeared.hero.backpack.merge,"템빨용사: 픽셀 아이템 머지 RPG"
05:30,101,com.screenshake.dominodreams,"Domino Dreams™ 도미노 드림"
05:30,102,defense.roguelike.cell.shoot.survivor,"세포 특공대"
05:30,103,com.webzen.muangel.google,"뮤 모나크"
05:30,104,com.netmarble.stonkey,"스톤에이지 키우기"
05:30,105,com.qjzj4399kr.google,"기적의 검"
05:30,106,com.sopt.mafia42.client,"마피아42"
05:30,107,com.netmarble.bnsmkr,"블레이드&소울 레볼루션"
05:30,108,com.gear2.letsgolegends,"레츠고 레전드!"
05:30,109,com.smilegate.lordnine.stove.google,"로드나인"
05:30,110,com.com2us.smon.normal.freefull.google.kr.android.common,"서머너즈 워 X 장송의 프리렌"
05:30,111,com.bilibilihk.jujutsuphanparagp,"주술회전 팬텀 퍼레이드"
05:30,112,com.ddup.zombiewaves.zw,"좀비 웨이브스"
05:30,113,com.farlightgames.igame.gp,"AFK: 새로운 여정"
05:30,114,com.ulugame.hdqykrob.google,"아케론:종말의 서곡"
05:30,115,com.kakaogames.aaw,"아키에이지 워 (ArcheAge WAR)"
05:30,116,com.gear2.growslayer,"슬레이어 키우기"
05:30,117,com.greenmushroom.boomblitz.gp,"탑 히어로즈"
05:30,118,com.xd.xdtglobal.gp,"두근두근타운"
05:30,119,com.neowizgames.game.browndust2,"브라운더스트2 - 가슴 벅찬 RPG"
05:30,120,com.camelgames.aoz,"에이지 오브 제트: 타워 디펜스"
05:30,121,com.dreamwalker.kr.gp,"꿈의 여행자: 별빛 여정"
05:30,122,com.ncsoft.lineagem,"리니지M(12)"
05:30,123,com.EightStudio.BlightWar,"블라이트 워 : 방치형 RPG"
05:30,124,com.kr.firelite,"I9: 인페르노 나인(19) - 세로형 RPG"
05:30,125,com.global.ztmslgkr,"퍼즐 오브 Z"
05:30,126,com.ryonggame.soulhunteridle,"소울 헌터 키우기 : 방치형 RPG"
05:30,127,com.orienjoy.heroland.kr,"히어로 랜드M"
05:30,128,com.ujoygp.flower,"오늘의 꽃"
05:30,129,net.gameduo.gv,"캣 히어로 : 방치형 RPG"
05:30,130,com.merge.game.foodstars,"푸드스타: 합쳐서 요리하기"
05:30,131,com.gamespark.topking.gp,"탑 로드"
05:30,132,com.mxdzzkr.google,"버섯커 키우기-3000뽑기 증정"
05:30,133,com.lilithgames.rok.gpkr,"라이즈 오브 킹덤즈"
05:30,134,com.ylqdhkr.gp,"엔터테인먼트 거물"
05:30,135,com.kakaogames.friendsKing,"프렌즈팝콘"
05:30,136,com.YoStarKR.Arknights,"명일방주"
05:30,137,com.yzlmkr.google,"우와 모험단"
05:30,138,com.xmh.rpg.kr.an,"스카이 어비스: 혈맹의 서약"
05:30,139,com.devsisters.gb,"쿠키런: 오븐브레이크"
05:30,140,com.supercell.clashofclans,"클래시 오브 클랜"
05:30,141,com.nspgames.dungeonslasher,"던전 슬래셔"
05:30,142,com.igg.android.doomsdaylastsurvivors,"둠스데이: 영웅의 여정"
05:30,143,com.xone.gpkr,"ASURA: 블러드 앤 소울"
05:30,144,com.pocketchamps.game,"포켓 챔프: 3D 레이싱 게임"
05:30,145,com.riotgames.league.wildrift,"리그 오브 레전드: 와일드 리프트"
05:30,146,com.zy.wqmt.global,"무기미도"
05:30,147,com.mobile.legends,"모바일 레전드: Bang Bang"
05:30,148,com.games.foundation,"파운데이션: 우주 전선"
05:30,149,com.galasports.totalfootball.kr,"Total Football - 2026 북중미 시즌"
05:30,150,com.hdfzxrpg.googlelb,"해적 키우기-방치형 RPG"
05:30,151,com.kakaogames.umamusume,"우마무스메 프리티 더비"
05:30,152,com.superplaystudios.dicedreams,"Dice Dreams™️ 다이스 드림"
05:30,153,com.MelsoftGames.FamilyIslandFarm,"패밀리 아일랜드 - 농장모험게임"
05:30,154,com.bandainamcoent.gget_WW,"SD건담 지 제네레이션 이터널"
05:30,155,com.sundaytoz.mobile.anipang2.google.kakao.service,"애니팡2 - 3매치 퍼즐게임"
05:30,156,com.plarium.raidlegends,"레이드: 그림자의 전설"
05:30,157,com.estgames.cabalr.kr.ls,"카발RED"
05:30,158,kr.txwy.and.blhx,"벽람항로"
05:30,159,com.Chodun.CatGunner,"총잡이 고양이 : 방치형 키우기 RPG"
05:30,160,com.linegames.uwogl,"대항해시대 오리진"
05:30,161,com.fatr.global,"호텔 레거시: 합성&리모델링"
05:30,162,apli879756.vmz,"괴수: 진화 연대기"
05:30,163,com.hybeim.architect,"아키텍트: 랜드 오브 엑자일"
05:30,164,com.riftsky.mhg.kr.gp,"더 코지 플로리스트"
05:30,165,com.superpixel.undyinghero,"불사용사 키우기 : 방치형 RPG"
05:30,166,com.joycastle.mergematch,"Matching Story - Puzzle Games"
05:30,167,com.rxjhkr.an,"열혈강호: 귀환"
05:30,168,com.supercell.clashroyale,"클래시 로얄 (Clash Royale)"
05:30,169,com.com2us.ninepb3d.normal.freefull.google.global.android.common,"MLB 9이닝스 26"
05:30,170,com.stove.epic7.google,"에픽세븐"
05:30,171,com.bandainamcoent.dgup_ww,"디지몬 UP"
05:30,172,com.kr.lfhsgp,"그레이 사가"
05:30,173,com.sundaytoz.kakao.anipang3.service,"애니팡3 - 매치 3 퍼즐"
05:30,174,com.sundaytoz.kakao.anipang4,"애니팡4: 매치3 퍼즐 게임"
05:30,175,com.ea.huntingsniper,"헌팅 스나이퍼"
05:30,176,com.nexon.mdnf,"던전앤파이터 모바일"
05:30,177,com.mojang.minecraftpe,"Minecraft: 나만의 세계를 꿈꾸고 만들어보세요"
05:30,178,net.peakgames.toonblast,"Toon Blast"
05:30,179,com.smilegate.chaoszero.stove.google,"카오스 제로 나이트메어"
05:30,180,com.gearpaw.defenders.td.game,"기어몬: 타워 디펜스"
05:30,181,com.com2us.futuremlb.android.google.global.normal,"MLB 9이닝스 라이벌 26"
05:30,182,net.gameduo.anotherdungeon,"어나더던전"
05:30,183,com.redveilone.vardian,"바르디안 : 피의 맹세"
05:30,184,com.moonactive.cmboard,"Coin Master: 보드 어드벤처"
05:30,185,com.smallgiantgames.empires,"엠파이어 & 퍼즐 (Empires & Puzzles)"
05:30,186,com.wemadeconnect.aos.lostdgl,"로스트 소드"
05:30,187,com.netmarble.ma9bkr,"마구마구 2026: 풀체인지"
05:30,188,com.wireless.defenseland,"레이드 러시: 타워 디펜스"
05:30,189,com.blizzard.wtcg.hearthstone,"하스스톤"
05:30,190,com.cyberjoy.galaxydefense,"갤럭시 디펜스 (Galaxy Defense)"
05:30,191,jp.pokemon.pokemontcgp,"포켓몬 카드 게임 Pocket"
05:30,192,com.nexon.bluearchive,"블루 아카이브"
05:30,193,com.ratinghope.gplay,"타이탄 러쉬: 서바이벌"
05:30,194,com.kakaogames.ares,"아레스 : 라이즈 오브 가디언즈"
05:30,195,com.game.btjkr.and,"영혼 인도자：신의 이름으로"
05:30,196,com.a3.topgirl.gplay,"Top Girl"
05:30,197,com.netmarble.arthdal,"아스달 연대기: 세 개의 세력"
05:30,198,com.multicastgames.butcher,"Butcher hero: 서바이벌 RPG"
05:30,199,com.minigame.wszj.android.gp,"Wing Fighter"
05:30,200,group.theorigin.themaxlevelreturner,"나 혼자 만렙 키우기"
06:30,1,com.gof.global,"WOS: 화이트아웃 서바이벌"
06:30,2,com.netmarble.sol,"SOL: enchant"
06:30,3,com.run.tower.defense,"킹샷:Kingshot"
06:30,4,com.devsisters.cc,"쿠키런 키우기 - 쿠키런: 크럼블"
06:30,5,com.ncsoft.lineagem19,"리니지M"
06:30,6,com.mergegames.gossipharbor,"가십하버: 합성 & 스토리 게임"
06:30,7,com.fun.lastwar.gp,"라스트 워: 서바이벌"
06:30,8,com.roblox.client,"로블록스 (Roblox)"
06:30,9,com.dreamgames.royalmatch,"로얄 매치 Royal Match"
06:30,10,com.rxjhglkr.gp,"열혈강호: 넥스트"
06:30,11,com.nexon.ma,"메이플 키우기"
06:30,12,com.kakaogames.odin,"오딘: 발할라 라이징"
06:30,13,com.nhnent.pokerclassic,"한게임포커 클래식 : 7포커 홀덤 섯다 훌라 슬롯"
06:30,14,com.nhnent.Qpoker,"한게임 포커"
06:30,15,com.proximabeta.nikke,"승리의 여신: 니케"
06:30,16,com.HoYoverse.Nap,"젠레스 존 제로 - 주년 기념"
06:30,17,com.percent.aos.luckydefense,"운빨존많겜"
06:30,18,com.kurogame.wutheringwaves.global,"명조:워더링 웨이브 - 현방 지계를 향하여"
06:30,19,com.phs.global,"라스트 어사일럼: 페스트"
06:30,20,com.readygo.barrel.gp,"라스트 Z: 서바이벌 슈터"
06:30,21,com.fatmerge.global,"테이스티 트레블: 합성 게임"
06:30,22,com.nexon.fmk,"FC 모바일"
06:30,23,com.gamedots.seasideescape,"씨사이드 익스케이프: 합성 & 스토리 게임"
06:30,24,com.playrix.gardenscapes,"꿈의 정원 (Gardenscapes)"
06:30,25,com.supercell.brawlstars,"브롤스타즈"
06:30,26,com.nexon.nsc.maplem,"메이플스토리M"
06:30,27,com.dreamgames.royalkingdom,"로얄 킹덤 (Royal Kingdom)"
06:30,28,com.nexon.devcat.mm,"마비노기 모바일"
06:30,29,com.netmarble.thered,"뱀피르"
06:30,30,com.neowiz.games.poker,"피망 포커 : 카지노 로얄 - 홀덤, 7포커, 바둑이"
06:30,31,com.ncsoft.lineagew,"리니지W"
06:30,32,com.epidgames.trickcalrevive,"트릭컬 리바이브"
06:30,33,game.qualiarts.hololive.dreams.com,"hololive Dreams"
06:30,34,com.fowgames.kingdom2,"킹덤2: 타오르는 전장"
06:30,35,com.com2us.futurecpb.android.google.global.normal,"컴투스프로야구V26"
06:30,36,com.NHNEnt.MSudda,"한게임 섯다&맞고"
06:30,37,com.HoYoverse.hkrpgoversea,"붕괴: 스타레일"
06:30,38,net.kernys.aooni,"좀비고등학교"
06:30,39,com.netmarble.tskgb,"세븐나이츠 리버스"
06:30,40,com.netmarble.rfnext,"RF 온라인 넥스트"
06:30,41,com.percent.aos.cooptd,"협타디: 협동 타워 디펜스"
06:30,42,com.king.candycrushsaga,"캔디크러쉬사가 (Candy Crush Saga)"
06:30,43,com.nexon.fo4m,"EA SPORTS FC Online M"
06:30,44,com.pubg.krmobile,"배틀그라운드"
06:30,45,com.cola.game,"핫레스토랑: 머지&쿠킹"
06:30,46,com.cedargames.mysterytown,"미스터리 타운: 합성 게임 (Mystery Town)"
06:30,47,com.kr.firegp,"I9: 인페르노 나인"
06:30,48,com.playrix.homescapes,"꿈의 집 (Homescapes)"
06:30,49,com.gravity.romkrzeny.aos,"라그나로크M: Classic"
06:30,50,com.ncsoft.aion2,"AION2"
06:30,51,com.haoplay.game.and.exilium,"소녀전선2: 망명"
06:30,52,com.bhk.newslgkr,"삼국지: 천하결전"
06:30,53,com.hollywood.merge,"할리우드 머지"
06:30,54,com.miHoYo.GenshinImpact,"원신-스네즈나야 오픈"
06:30,55,com.webzen.mumonarch2.google,"뮤 모나크2"
06:30,56,com.kingsgroup.sos,"S.O.S: 스테이트 오브 서바이벌"
06:30,57,com.jsjskr.google,"토이 삼국"
06:30,58,com.playrix.township,"꿈의 마을 (Township)"
06:30,59,jp.konami.pesam,"eFootball™"
06:30,60,com.readygo.dark.gp,"Dark War Survival"
06:30,61,com.gryphline.endfield.gp,"명일방주: 엔드필드"
06:30,62,com.NHNEnt.NDuelgo,"한게임 신맞고 : 대한민국 원조 고스톱"
06:30,63,com.nianticlabs.pokemongo,"Pokémon GO"
06:30,64,com.neowiz.games.newmatgo,"피망 뉴맞고: 고스톱 대표 맞고 게임"
06:30,65,com.ncsoft.lineage2m19,"리니지2M"
06:30,66,com.superplaystudios.disneysolitairedreams,"Disney Solitaire 디즈니 솔리테어"
06:30,67,jp.co.ponos.battlecatskr,"냥코 대전쟁"
06:30,68,com.ProjectMoon.LimbusCompany,"Limbus Company"
06:30,69,io.randomco.travel,"Travel Town - 결합 어드벤처"
06:30,70,com.merge.cooking.theme.restaurant.food,"머지 쿠킹 테마 레스토랑"
06:30,71,com.dlw.kr.google,"시티 데몬헌터즈: 각성자들"
06:30,72,com.joycity.im,"임진왜란: 조선의 반격"
06:30,73,com.zempot.wplpoker,"WPL : 홀덤, 토너먼트, 오마하, 올인폴드, 픽앤고"
06:30,74,com.highbrow.games.dvo,"드래곤빌리지3"
06:30,75,jp.konami.masterduel,"Yu-Gi-Oh! Master Duel"
06:30,76,com.netease.dunkcdjp,"NBA 덩크 시티"
06:30,77,com.nhn.AApoker,"한게임 로얄홀덤"
06:30,78,com.com2us.probaseball3d.normal.freefull.google.global.android.common,"컴투스프로야구2026"
06:30,79,com.pockethaven.roguelegend,"로그 레전드: 로그라이크 RPG"
06:30,80,com.funplus.ts.global,"타일 서바이벌"
06:30,81,com.mhclyxpb.gatja,"동방 찻집"
06:30,82,com.gametree.lhlr.gp,"그놈은 드래곤"
06:30,83,com.hariwn.legendofcivilizations,"포지 마스터 (Forge Master)"
06:30,84,com.billionairegames.serares,"변신 키우기"
06:30,85,kr.haoplay.game.and.reverse,"리버스: 1999"
06:30,86,com.hottagames.nte,"이환"
06:30,87,com.netmarble.fgok,"페이트/그랜드 오더"
06:30,88,com.playrix.fishdomdd.gplay,"피쉬돔 (Fishdom)"
06:30,89,com.dwgames.chunorpg,"추노 키우기"
06:30,90,com.netmarble.raven2,"레이븐2"
06:30,91,com.netmarble.lineageII,"리니지2 레볼루션"
06:30,92,com.devsisters.ck,"쿠키런: 킹덤"
06:30,93,com.nexon.he,"히간: 이루실"
06:30,94,com.zzsjkr.google,"갓깨비 키우기-999뽑기 증정"
06:30,95,com.wemade.nightcrows,"나이트 크로우"
06:30,96,com.xman.kr.gp,"X 클래시"
06:30,97,com.play.merge.restyle,"Merge Restyle"
06:30,98,com.nexon.kart,"카트라이더 러쉬플러스"
06:30,99,com.haegin.kbo,"2026 프로야구GO!"
06:30,100,com.fiveminlab.overgeared.hero.backpack.merge,"템빨용사: 픽셀 아이템 머지 RPG"
06:30,101,com.screenshake.dominodreams,"Domino Dreams™ 도미노 드림"
06:30,102,defense.roguelike.cell.shoot.survivor,"세포 특공대"
06:30,103,com.webzen.muangel.google,"뮤 모나크"
06:30,104,com.netmarble.stonkey,"스톤에이지 키우기"
06:30,105,com.qjzj4399kr.google,"기적의 검"
06:30,106,com.sopt.mafia42.client,"마피아42"
06:30,107,com.netmarble.bnsmkr,"블레이드&소울 레볼루션"
06:30,108,com.gear2.letsgolegends,"레츠고 레전드!"
06:30,109,com.smilegate.lordnine.stove.google,"로드나인"
06:30,110,com.com2us.smon.normal.freefull.google.kr.android.common,"서머너즈 워 X 장송의 프리렌"
06:30,111,com.bilibilihk.jujutsuphanparagp,"주술회전 팬텀 퍼레이드"
06:30,112,com.ddup.zombiewaves.zw,"좀비 웨이브스"
06:30,113,com.farlightgames.igame.gp,"AFK: 새로운 여정"
06:30,114,com.ulugame.hdqykrob.google,"아케론:종말의 서곡"
06:30,115,com.kakaogames.aaw,"아키에이지 워 (ArcheAge WAR)"
06:30,116,com.gear2.growslayer,"슬레이어 키우기"
06:30,117,com.greenmushroom.boomblitz.gp,"탑 히어로즈"
06:30,118,com.xd.xdtglobal.gp,"두근두근타운"
06:30,119,com.neowizgames.game.browndust2,"브라운더스트2 - 가슴 벅찬 RPG"
06:30,120,com.camelgames.aoz,"에이지 오브 제트: 타워 디펜스"
06:30,121,com.dreamwalker.kr.gp,"꿈의 여행자: 별빛 여정"
06:30,122,com.ncsoft.lineagem,"리니지M(12)"
06:30,123,com.EightStudio.BlightWar,"블라이트 워 : 방치형 RPG"
06:30,124,com.kr.firelite,"I9: 인페르노 나인(19) - 세로형 RPG"
06:30,125,com.global.ztmslgkr,"퍼즐 오브 Z"
06:30,126,com.ryonggame.soulhunteridle,"소울 헌터 키우기 : 방치형 RPG"
06:30,127,com.orienjoy.heroland.kr,"히어로 랜드M"
06:30,128,com.ujoygp.flower,"오늘의 꽃"
06:30,129,net.gameduo.gv,"캣 히어로 : 방치형 RPG"
06:30,130,com.merge.game.foodstars,"푸드스타: 합쳐서 요리하기"
06:30,131,com.gamespark.topking.gp,"탑 로드"
06:30,132,com.mxdzzkr.google,"버섯커 키우기-3000뽑기 증정"
06:30,133,com.lilithgames.rok.gpkr,"라이즈 오브 킹덤즈"
06:30,134,com.ylqdhkr.gp,"엔터테인먼트 거물"
06:30,135,com.kakaogames.friendsKing,"프렌즈팝콘"
06:30,136,com.YoStarKR.Arknights,"명일방주"
06:30,137,com.yzlmkr.google,"우와 모험단"
06:30,138,com.xmh.rpg.kr.an,"스카이 어비스: 혈맹의 서약"
06:30,139,com.devsisters.gb,"쿠키런: 오븐브레이크"
06:30,140,com.supercell.clashofclans,"클래시 오브 클랜"
06:30,141,com.nspgames.dungeonslasher,"던전 슬래셔"
06:30,142,com.igg.android.doomsdaylastsurvivors,"둠스데이: 영웅의 여정"
06:30,143,com.xone.gpkr,"ASURA: 블러드 앤 소울"
06:30,144,com.pocketchamps.game,"포켓 챔프: 3D 레이싱 게임"
06:30,145,com.riotgames.league.wildrift,"리그 오브 레전드: 와일드 리프트"
06:30,146,com.zy.wqmt.global,"무기미도"
06:30,147,com.mobile.legends,"모바일 레전드: Bang Bang"
06:30,148,com.games.foundation,"파운데이션: 우주 전선"
06:30,149,com.galasports.totalfootball.kr,"Total Football - 2026 북중미 시즌"
06:30,150,com.hdfzxrpg.googlelb,"해적 키우기-방치형 RPG"
06:30,151,com.kakaogames.umamusume,"우마무스메 프리티 더비"
06:30,152,com.superplaystudios.dicedreams,"Dice Dreams™️ 다이스 드림"
06:30,153,com.MelsoftGames.FamilyIslandFarm,"패밀리 아일랜드 - 농장모험게임"
06:30,154,com.bandainamcoent.gget_WW,"SD건담 지 제네레이션 이터널"
06:30,155,com.sundaytoz.mobile.anipang2.google.kakao.service,"애니팡2 - 3매치 퍼즐게임"
06:30,156,com.plarium.raidlegends,"레이드: 그림자의 전설"
06:30,157,com.estgames.cabalr.kr.ls,"카발RED"
06:30,158,kr.txwy.and.blhx,"벽람항로"
06:30,159,com.Chodun.CatGunner,"총잡이 고양이 : 방치형 키우기 RPG"
06:30,160,com.linegames.uwogl,"대항해시대 오리진"
06:30,161,com.fatr.global,"호텔 레거시: 합성&리모델링"
06:30,162,apli879756.vmz,"괴수: 진화 연대기"
06:30,163,com.hybeim.architect,"아키텍트: 랜드 오브 엑자일"
06:30,164,com.riftsky.mhg.kr.gp,"더 코지 플로리스트"
06:30,165,com.superpixel.undyinghero,"불사용사 키우기 : 방치형 RPG"
06:30,166,com.joycastle.mergematch,"Matching Story - Puzzle Games"
06:30,167,com.rxjhkr.an,"열혈강호: 귀환"
06:30,168,com.supercell.clashroyale,"클래시 로얄 (Clash Royale)"
06:30,169,com.com2us.ninepb3d.normal.freefull.google.global.android.common,"MLB 9이닝스 26"
06:30,170,com.stove.epic7.google,"에픽세븐"
06:30,171,com.bandainamcoent.dgup_ww,"디지몬 UP"
06:30,172,com.kr.lfhsgp,"그레이 사가"
06:30,173,com.sundaytoz.kakao.anipang3.service,"애니팡3 - 매치 3 퍼즐"
06:30,174,com.sundaytoz.kakao.anipang4,"애니팡4: 매치3 퍼즐 게임"
06:30,175,com.ea.huntingsniper,"헌팅 스나이퍼"
06:30,176,com.nexon.mdnf,"던전앤파이터 모바일"
06:30,177,com.mojang.minecraftpe,"Minecraft: 나만의 세계를 꿈꾸고 만들어보세요"
06:30,178,net.peakgames.toonblast,"Toon Blast"
06:30,179,com.smilegate.chaoszero.stove.google,"카오스 제로 나이트메어"
06:30,180,com.gearpaw.defenders.td.game,"기어몬: 타워 디펜스"
06:30,181,com.com2us.futuremlb.android.google.global.normal,"MLB 9이닝스 라이벌 26"
06:30,182,net.gameduo.anotherdungeon,"어나더던전"
06:30,183,com.redveilone.vardian,"바르디안 : 피의 맹세"
06:30,184,com.moonactive.cmboard,"Coin Master: 보드 어드벤처"
06:30,185,com.smallgiantgames.empires,"엠파이어 & 퍼즐 (Empires & Puzzles)"
06:30,186,com.wemadeconnect.aos.lostdgl,"로스트 소드"
06:30,187,com.netmarble.ma9bkr,"마구마구 2026: 풀체인지"
06:30,188,com.wireless.defenseland,"레이드 러시: 타워 디펜스"
06:30,189,com.blizzard.wtcg.hearthstone,"하스스톤"
06:30,190,com.cyberjoy.galaxydefense,"갤럭시 디펜스 (Galaxy Defense)"
06:30,191,jp.pokemon.pokemontcgp,"포켓몬 카드 게임 Pocket"
06:30,192,com.nexon.bluearchive,"블루 아카이브"
06:30,193,com.ratinghope.gplay,"타이탄 러쉬: 서바이벌"
06:30,194,com.kakaogames.ares,"아레스 : 라이즈 오브 가디언즈"
06:30,195,com.game.btjkr.and,"영혼 인도자：신의 이름으로"
06:30,196,com.a3.topgirl.gplay,"Top Girl"
06:30,197,com.netmarble.arthdal,"아스달 연대기: 세 개의 세력"
06:30,198,com.multicastgames.butcher,"Butcher hero: 서바이벌 RPG"
06:30,199,com.minigame.wszj.android.gp,"Wing Fighter"
06:30,200,group.theorigin.themaxlevelreturner,"나 혼자 만렙 키우기"
07:30,1,com.gof.global,"WOS: 화이트아웃 서바이벌"
07:30,2,com.netmarble.sol,"SOL: enchant"
07:30,3,com.run.tower.defense,"킹샷:Kingshot"
07:30,4,com.devsisters.cc,"쿠키런 키우기 - 쿠키런: 크럼블"
07:30,5,com.ncsoft.lineagem19,"리니지M"
07:30,6,com.mergegames.gossipharbor,"가십하버: 합성 & 스토리 게임"
07:30,7,com.fun.lastwar.gp,"라스트 워: 서바이벌"
07:30,8,com.roblox.client,"로블록스 (Roblox)"
07:30,9,com.dreamgames.royalmatch,"로얄 매치 Royal Match"
07:30,10,com.rxjhglkr.gp,"열혈강호: 넥스트"
07:30,11,com.nexon.ma,"메이플 키우기"
07:30,12,com.kakaogames.odin,"오딘: 발할라 라이징"
07:30,13,com.nhnent.pokerclassic,"한게임포커 클래식 : 7포커 홀덤 섯다 훌라 슬롯"
07:30,14,com.nhnent.Qpoker,"한게임 포커"
07:30,15,com.proximabeta.nikke,"승리의 여신: 니케"
07:30,16,com.HoYoverse.Nap,"젠레스 존 제로 - 주년 기념"
07:30,17,com.percent.aos.luckydefense,"운빨존많겜"
07:30,18,com.kurogame.wutheringwaves.global,"명조:워더링 웨이브 - 현방 지계를 향하여"
07:30,19,com.phs.global,"라스트 어사일럼: 페스트"
07:30,20,com.readygo.barrel.gp,"라스트 Z: 서바이벌 슈터"
07:30,21,com.fatmerge.global,"테이스티 트레블: 합성 게임"
07:30,22,com.nexon.fmk,"FC 모바일"
07:30,23,com.gamedots.seasideescape,"씨사이드 익스케이프: 합성 & 스토리 게임"
07:30,24,com.playrix.gardenscapes,"꿈의 정원 (Gardenscapes)"
07:30,25,com.supercell.brawlstars,"브롤스타즈"
07:30,26,com.nexon.nsc.maplem,"메이플스토리M"
07:30,27,com.dreamgames.royalkingdom,"로얄 킹덤 (Royal Kingdom)"
07:30,28,com.nexon.devcat.mm,"마비노기 모바일"
07:30,29,com.netmarble.thered,"뱀피르"
07:30,30,com.neowiz.games.poker,"피망 포커 : 카지노 로얄 - 홀덤, 7포커, 바둑이"
07:30,31,com.ncsoft.lineagew,"리니지W"
07:30,32,com.epidgames.trickcalrevive,"트릭컬 리바이브"
07:30,33,game.qualiarts.hololive.dreams.com,"hololive Dreams"
07:30,34,com.fowgames.kingdom2,"킹덤2: 타오르는 전장"
07:30,35,com.com2us.futurecpb.android.google.global.normal,"컴투스프로야구V26"
07:30,36,com.NHNEnt.MSudda,"한게임 섯다&맞고"
07:30,37,com.HoYoverse.hkrpgoversea,"붕괴: 스타레일"
07:30,38,net.kernys.aooni,"좀비고등학교"
07:30,39,com.netmarble.tskgb,"세븐나이츠 리버스"
07:30,40,com.netmarble.rfnext,"RF 온라인 넥스트"
07:30,41,com.percent.aos.cooptd,"협타디: 협동 타워 디펜스"
07:30,42,com.king.candycrushsaga,"캔디크러쉬사가 (Candy Crush Saga)"
07:30,43,com.nexon.fo4m,"EA SPORTS FC Online M"
07:30,44,com.pubg.krmobile,"배틀그라운드"
07:30,45,com.cola.game,"핫레스토랑: 머지&쿠킹"
07:30,46,com.cedargames.mysterytown,"미스터리 타운: 합성 게임 (Mystery Town)"
07:30,47,com.kr.firegp,"I9: 인페르노 나인"
07:30,48,com.playrix.homescapes,"꿈의 집 (Homescapes)"
07:30,49,com.gravity.romkrzeny.aos,"라그나로크M: Classic"
07:30,50,com.ncsoft.aion2,"AION2"
07:30,51,com.haoplay.game.and.exilium,"소녀전선2: 망명"
07:30,52,com.bhk.newslgkr,"삼국지: 천하결전"
07:30,53,com.hollywood.merge,"할리우드 머지"
07:30,54,com.miHoYo.GenshinImpact,"원신-스네즈나야 오픈"
07:30,55,com.webzen.mumonarch2.google,"뮤 모나크2"
07:30,56,com.kingsgroup.sos,"S.O.S: 스테이트 오브 서바이벌"
07:30,57,com.jsjskr.google,"토이 삼국"
07:30,58,com.playrix.township,"꿈의 마을 (Township)"
07:30,59,jp.konami.pesam,"eFootball™"
07:30,60,com.readygo.dark.gp,"Dark War Survival"
07:30,61,com.gryphline.endfield.gp,"명일방주: 엔드필드"
07:30,62,com.NHNEnt.NDuelgo,"한게임 신맞고 : 대한민국 원조 고스톱"
07:30,63,com.nianticlabs.pokemongo,"Pokémon GO"
07:30,64,com.neowiz.games.newmatgo,"피망 뉴맞고: 고스톱 대표 맞고 게임"
07:30,65,com.ncsoft.lineage2m19,"리니지2M"
07:30,66,com.superplaystudios.disneysolitairedreams,"Disney Solitaire 디즈니 솔리테어"
07:30,67,jp.co.ponos.battlecatskr,"냥코 대전쟁"
07:30,68,com.ProjectMoon.LimbusCompany,"Limbus Company"
07:30,69,io.randomco.travel,"Travel Town - 결합 어드벤처"
07:30,70,com.merge.cooking.theme.restaurant.food,"머지 쿠킹 테마 레스토랑"
07:30,71,com.dlw.kr.google,"시티 데몬헌터즈: 각성자들"
07:30,72,com.joycity.im,"임진왜란: 조선의 반격"
07:30,73,com.zempot.wplpoker,"WPL : 홀덤, 토너먼트, 오마하, 올인폴드, 픽앤고"
07:30,74,com.highbrow.games.dvo,"드래곤빌리지3"
07:30,75,jp.konami.masterduel,"Yu-Gi-Oh! Master Duel"
07:30,76,com.netease.dunkcdjp,"NBA 덩크 시티"
07:30,77,com.nhn.AApoker,"한게임 로얄홀덤"
07:30,78,com.com2us.probaseball3d.normal.freefull.google.global.android.common,"컴투스프로야구2026"
07:30,79,com.pockethaven.roguelegend,"로그 레전드: 로그라이크 RPG"
07:30,80,com.funplus.ts.global,"타일 서바이벌"
07:30,81,com.mhclyxpb.gatja,"동방 찻집"
07:30,82,com.gametree.lhlr.gp,"그놈은 드래곤"
07:30,83,com.hariwn.legendofcivilizations,"포지 마스터 (Forge Master)"
07:30,84,com.billionairegames.serares,"변신 키우기"
07:30,85,kr.haoplay.game.and.reverse,"리버스: 1999"
07:30,86,com.hottagames.nte,"이환"
07:30,87,com.netmarble.fgok,"페이트/그랜드 오더"
07:30,88,com.playrix.fishdomdd.gplay,"피쉬돔 (Fishdom)"
07:30,89,com.dwgames.chunorpg,"추노 키우기"
07:30,90,com.netmarble.raven2,"레이븐2"
07:30,91,com.netmarble.lineageII,"리니지2 레볼루션"
07:30,92,com.devsisters.ck,"쿠키런: 킹덤"
07:30,93,com.nexon.he,"히간: 이루실"
07:30,94,com.zzsjkr.google,"갓깨비 키우기-999뽑기 증정"
07:30,95,com.wemade.nightcrows,"나이트 크로우"
07:30,96,com.xman.kr.gp,"X 클래시"
07:30,97,com.play.merge.restyle,"Merge Restyle"
07:30,98,com.nexon.kart,"카트라이더 러쉬플러스"
07:30,99,com.haegin.kbo,"2026 프로야구GO!"
07:30,100,com.fiveminlab.overgeared.hero.backpack.merge,"템빨용사: 픽셀 아이템 머지 RPG"
07:30,101,com.screenshake.dominodreams,"Domino Dreams™ 도미노 드림"
07:30,102,defense.roguelike.cell.shoot.survivor,"세포 특공대"
07:30,103,com.webzen.muangel.google,"뮤 모나크"
07:30,104,com.netmarble.stonkey,"스톤에이지 키우기"
07:30,105,com.qjzj4399kr.google,"기적의 검"
07:30,106,com.sopt.mafia42.client,"마피아42"
07:30,107,com.netmarble.bnsmkr,"블레이드&소울 레볼루션"
07:30,108,com.gear2.letsgolegends,"레츠고 레전드!"
07:30,109,com.smilegate.lordnine.stove.google,"로드나인"
07:30,110,com.com2us.smon.normal.freefull.google.kr.android.common,"서머너즈 워 X 장송의 프리렌"
07:30,111,com.bilibilihk.jujutsuphanparagp,"주술회전 팬텀 퍼레이드"
07:30,112,com.ddup.zombiewaves.zw,"좀비 웨이브스"
07:30,113,com.farlightgames.igame.gp,"AFK: 새로운 여정"
07:30,114,com.ulugame.hdqykrob.google,"아케론:종말의 서곡"
07:30,115,com.kakaogames.aaw,"아키에이지 워 (ArcheAge WAR)"
07:30,116,com.gear2.growslayer,"슬레이어 키우기"
07:30,117,com.greenmushroom.boomblitz.gp,"탑 히어로즈"
07:30,118,com.xd.xdtglobal.gp,"두근두근타운"
07:30,119,com.neowizgames.game.browndust2,"브라운더스트2 - 가슴 벅찬 RPG"
07:30,120,com.camelgames.aoz,"에이지 오브 제트: 타워 디펜스"
07:30,121,com.dreamwalker.kr.gp,"꿈의 여행자: 별빛 여정"
07:30,122,com.ncsoft.lineagem,"리니지M(12)"
07:30,123,com.EightStudio.BlightWar,"블라이트 워 : 방치형 RPG"
07:30,124,com.kr.firelite,"I9: 인페르노 나인(19) - 세로형 RPG"
07:30,125,com.global.ztmslgkr,"퍼즐 오브 Z"
07:30,126,com.ryonggame.soulhunteridle,"소울 헌터 키우기 : 방치형 RPG"
07:30,127,com.orienjoy.heroland.kr,"히어로 랜드M"
07:30,128,com.ujoygp.flower,"오늘의 꽃"
07:30,129,net.gameduo.gv,"캣 히어로 : 방치형 RPG"
07:30,130,com.merge.game.foodstars,"푸드스타: 합쳐서 요리하기"
07:30,131,com.gamespark.topking.gp,"탑 로드"
07:30,132,com.mxdzzkr.google,"버섯커 키우기-3000뽑기 증정"
07:30,133,com.lilithgames.rok.gpkr,"라이즈 오브 킹덤즈"
07:30,134,com.ylqdhkr.gp,"엔터테인먼트 거물"
07:30,135,com.kakaogames.friendsKing,"프렌즈팝콘"
07:30,136,com.YoStarKR.Arknights,"명일방주"
07:30,137,com.yzlmkr.google,"우와 모험단"
07:30,138,com.xmh.rpg.kr.an,"스카이 어비스: 혈맹의 서약"
07:30,139,com.devsisters.gb,"쿠키런: 오븐브레이크"
07:30,140,com.supercell.clashofclans,"클래시 오브 클랜"
07:30,141,com.nspgames.dungeonslasher,"던전 슬래셔"
07:30,142,com.igg.android.doomsdaylastsurvivors,"둠스데이: 영웅의 여정"
07:30,143,com.xone.gpkr,"ASURA: 블러드 앤 소울"
07:30,144,com.pocketchamps.game,"포켓 챔프: 3D 레이싱 게임"
07:30,145,com.riotgames.league.wildrift,"리그 오브 레전드: 와일드 리프트"
07:30,146,com.zy.wqmt.global,"무기미도"
07:30,147,com.mobile.legends,"모바일 레전드: Bang Bang"
07:30,148,com.games.foundation,"파운데이션: 우주 전선"
07:30,149,com.galasports.totalfootball.kr,"Total Football - 2026 북중미 시즌"
07:30,150,com.hdfzxrpg.googlelb,"해적 키우기-방치형 RPG"
07:30,151,com.kakaogames.umamusume,"우마무스메 프리티 더비"
07:30,152,com.superplaystudios.dicedreams,"Dice Dreams™️ 다이스 드림"
07:30,153,com.MelsoftGames.FamilyIslandFarm,"패밀리 아일랜드 - 농장모험게임"
07:30,154,com.bandainamcoent.gget_WW,"SD건담 지 제네레이션 이터널"
07:30,155,com.sundaytoz.mobile.anipang2.google.kakao.service,"애니팡2 - 3매치 퍼즐게임"
07:30,156,com.plarium.raidlegends,"레이드: 그림자의 전설"
07:30,157,com.estgames.cabalr.kr.ls,"카발RED"
07:30,158,kr.txwy.and.blhx,"벽람항로"
07:30,159,com.Chodun.CatGunner,"총잡이 고양이 : 방치형 키우기 RPG"
07:30,160,com.linegames.uwogl,"대항해시대 오리진"
07:30,161,com.fatr.global,"호텔 레거시: 합성&리모델링"
07:30,162,apli879756.vmz,"괴수: 진화 연대기"
07:30,163,com.hybeim.architect,"아키텍트: 랜드 오브 엑자일"
07:30,164,com.riftsky.mhg.kr.gp,"더 코지 플로리스트"
07:30,165,com.superpixel.undyinghero,"불사용사 키우기 : 방치형 RPG"
07:30,166,com.joycastle.mergematch,"Matching Story - Puzzle Games"
07:30,167,com.rxjhkr.an,"열혈강호: 귀환"
07:30,168,com.supercell.clashroyale,"클래시 로얄 (Clash Royale)"
07:30,169,com.com2us.ninepb3d.normal.freefull.google.global.android.common,"MLB 9이닝스 26"
07:30,170,com.stove.epic7.google,"에픽세븐"
07:30,171,com.bandainamcoent.dgup_ww,"디지몬 UP"
07:30,172,com.kr.lfhsgp,"그레이 사가"
07:30,173,com.sundaytoz.kakao.anipang3.service,"애니팡3 - 매치 3 퍼즐"
07:30,174,com.sundaytoz.kakao.anipang4,"애니팡4: 매치3 퍼즐 게임"
07:30,175,com.ea.huntingsniper,"헌팅 스나이퍼"
07:30,176,com.nexon.mdnf,"던전앤파이터 모바일"
07:30,177,com.mojang.minecraftpe,"Minecraft: 나만의 세계를 꿈꾸고 만들어보세요"
07:30,178,net.peakgames.toonblast,"Toon Blast"
07:30,179,com.smilegate.chaoszero.stove.google,"카오스 제로 나이트메어"
07:30,180,com.gearpaw.defenders.td.game,"기어몬: 타워 디펜스"
07:30,181,com.com2us.futuremlb.android.google.global.normal,"MLB 9이닝스 라이벌 26"
07:30,182,net.gameduo.anotherdungeon,"어나더던전"
07:30,183,com.redveilone.vardian,"바르디안 : 피의 맹세"
07:30,184,com.moonactive.cmboard,"Coin Master: 보드 어드벤처"
07:30,185,com.smallgiantgames.empires,"엠파이어 & 퍼즐 (Empires & Puzzles)"
07:30,186,com.wemadeconnect.aos.lostdgl,"로스트 소드"
07:30,187,com.netmarble.ma9bkr,"마구마구 2026: 풀체인지"
07:30,188,com.wireless.defenseland,"레이드 러시: 타워 디펜스"
07:30,189,com.blizzard.wtcg.hearthstone,"하스스톤"
07:30,190,com.cyberjoy.galaxydefense,"갤럭시 디펜스 (Galaxy Defense)"
07:30,191,jp.pokemon.pokemontcgp,"포켓몬 카드 게임 Pocket"
07:30,192,com.nexon.bluearchive,"블루 아카이브"
07:30,193,com.ratinghope.gplay,"타이탄 러쉬: 서바이벌"
07:30,194,com.kakaogames.ares,"아레스 : 라이즈 오브 가디언즈"
07:30,195,com.game.btjkr.and,"영혼 인도자：신의 이름으로"
07:30,196,com.a3.topgirl.gplay,"Top Girl"
07:30,197,com.netmarble.arthdal,"아스달 연대기: 세 개의 세력"
07:30,198,com.multicastgames.butcher,"Butcher hero: 서바이벌 RPG"
07:30,199,com.minigame.wszj.android.gp,"Wing Fighter"
07:30,200,group.theorigin.themaxlevelreturner,"나 혼자 만렙 키우기"
08:30,1,com.gof.global,"WOS: 화이트아웃 서바이벌"
08:30,2,com.netmarble.sol,"SOL: enchant"
08:30,3,com.run.tower.defense,"킹샷:Kingshot"
08:30,4,com.devsisters.cc,"쿠키런 키우기 - 쿠키런: 크럼블"
08:30,5,com.ncsoft.lineagem19,"리니지M"
08:30,6,com.mergegames.gossipharbor,"가십하버: 합성 & 스토리 게임"
08:30,7,com.fun.lastwar.gp,"라스트 워: 서바이벌"
08:30,8,com.roblox.client,"로블록스 (Roblox)"
08:30,9,com.dreamgames.royalmatch,"로얄 매치 Royal Match"
08:30,10,com.rxjhglkr.gp,"열혈강호: 넥스트"
08:30,11,com.nexon.ma,"메이플 키우기"
08:30,12,com.kakaogames.odin,"오딘: 발할라 라이징"
08:30,13,com.nhnent.pokerclassic,"한게임포커 클래식 : 7포커 홀덤 섯다 훌라 슬롯"
08:30,14,com.nhnent.Qpoker,"한게임 포커"
08:30,15,com.proximabeta.nikke,"승리의 여신: 니케"
08:30,16,com.HoYoverse.Nap,"젠레스 존 제로 - 주년 기념"
08:30,17,com.percent.aos.luckydefense,"운빨존많겜"
08:30,18,com.kurogame.wutheringwaves.global,"명조:워더링 웨이브 - 현방 지계를 향하여"
08:30,19,com.phs.global,"라스트 어사일럼: 페스트"
08:30,20,com.readygo.barrel.gp,"라스트 Z: 서바이벌 슈터"
08:30,21,com.fatmerge.global,"테이스티 트레블: 합성 게임"
08:30,22,com.nexon.fmk,"FC 모바일"
08:30,23,com.gamedots.seasideescape,"씨사이드 익스케이프: 합성 & 스토리 게임"
08:30,24,com.playrix.gardenscapes,"꿈의 정원 (Gardenscapes)"
08:30,25,com.supercell.brawlstars,"브롤스타즈"
08:30,26,com.nexon.nsc.maplem,"메이플스토리M"
08:30,27,com.dreamgames.royalkingdom,"로얄 킹덤 (Royal Kingdom)"
08:30,28,com.nexon.devcat.mm,"마비노기 모바일"
08:30,29,com.netmarble.thered,"뱀피르"
08:30,30,com.neowiz.games.poker,"피망 포커 : 카지노 로얄 - 홀덤, 7포커, 바둑이"
08:30,31,com.ncsoft.lineagew,"리니지W"
08:30,32,com.epidgames.trickcalrevive,"트릭컬 리바이브"
08:30,33,game.qualiarts.hololive.dreams.com,"hololive Dreams"
08:30,34,com.fowgames.kingdom2,"킹덤2: 타오르는 전장"
08:30,35,com.com2us.futurecpb.android.google.global.normal,"컴투스프로야구V26"
08:30,36,com.NHNEnt.MSudda,"한게임 섯다&맞고"
08:30,37,com.HoYoverse.hkrpgoversea,"붕괴: 스타레일"
08:30,38,net.kernys.aooni,"좀비고등학교"
08:30,39,com.netmarble.tskgb,"세븐나이츠 리버스"
08:30,40,com.netmarble.rfnext,"RF 온라인 넥스트"
08:30,41,com.percent.aos.cooptd,"협타디: 협동 타워 디펜스"
08:30,42,com.king.candycrushsaga,"캔디크러쉬사가 (Candy Crush Saga)"
08:30,43,com.nexon.fo4m,"EA SPORTS FC Online M"
08:30,44,com.pubg.krmobile,"배틀그라운드"
08:30,45,com.cola.game,"핫레스토랑: 머지&쿠킹"
08:30,46,com.cedargames.mysterytown,"미스터리 타운: 합성 게임 (Mystery Town)"
08:30,47,com.kr.firegp,"I9: 인페르노 나인"
08:30,48,com.playrix.homescapes,"꿈의 집 (Homescapes)"
08:30,49,com.gravity.romkrzeny.aos,"라그나로크M: Classic"
08:30,50,com.ncsoft.aion2,"AION2"
08:30,51,com.haoplay.game.and.exilium,"소녀전선2: 망명"
08:30,52,com.bhk.newslgkr,"삼국지: 천하결전"
08:30,53,com.hollywood.merge,"할리우드 머지"
08:30,54,com.miHoYo.GenshinImpact,"원신-스네즈나야 오픈"
08:30,55,com.webzen.mumonarch2.google,"뮤 모나크2"
08:30,56,com.kingsgroup.sos,"S.O.S: 스테이트 오브 서바이벌"
08:30,57,com.jsjskr.google,"토이 삼국"
08:30,58,com.playrix.township,"꿈의 마을 (Township)"
08:30,59,jp.konami.pesam,"eFootball™"
08:30,60,com.readygo.dark.gp,"Dark War Survival"
08:30,61,com.gryphline.endfield.gp,"명일방주: 엔드필드"
08:30,62,com.NHNEnt.NDuelgo,"한게임 신맞고 : 대한민국 원조 고스톱"
08:30,63,com.nianticlabs.pokemongo,"Pokémon GO"
08:30,64,com.neowiz.games.newmatgo,"피망 뉴맞고: 고스톱 대표 맞고 게임"
08:30,65,com.ncsoft.lineage2m19,"리니지2M"
08:30,66,com.superplaystudios.disneysolitairedreams,"Disney Solitaire 디즈니 솔리테어"
08:30,67,jp.co.ponos.battlecatskr,"냥코 대전쟁"
08:30,68,com.ProjectMoon.LimbusCompany,"Limbus Company"
08:30,69,io.randomco.travel,"Travel Town - 결합 어드벤처"
08:30,70,com.merge.cooking.theme.restaurant.food,"머지 쿠킹 테마 레스토랑"
08:30,71,com.dlw.kr.google,"시티 데몬헌터즈: 각성자들"
08:30,72,com.joycity.im,"임진왜란: 조선의 반격"
08:30,73,com.zempot.wplpoker,"WPL : 홀덤, 토너먼트, 오마하, 올인폴드, 픽앤고"
08:30,74,com.highbrow.games.dvo,"드래곤빌리지3"
08:30,75,jp.konami.masterduel,"Yu-Gi-Oh! Master Duel"
08:30,76,com.netease.dunkcdjp,"NBA 덩크 시티"
08:30,77,com.nhn.AApoker,"한게임 로얄홀덤"
08:30,78,com.com2us.probaseball3d.normal.freefull.google.global.android.common,"컴투스프로야구2026"
08:30,79,com.pockethaven.roguelegend,"로그 레전드: 로그라이크 RPG"
08:30,80,com.funplus.ts.global,"타일 서바이벌"
08:30,81,com.mhclyxpb.gatja,"동방 찻집"
08:30,82,com.gametree.lhlr.gp,"그놈은 드래곤"
08:30,83,com.hariwn.legendofcivilizations,"포지 마스터 (Forge Master)"
08:30,84,com.billionairegames.serares,"변신 키우기"
08:30,85,kr.haoplay.game.and.reverse,"리버스: 1999"
08:30,86,com.hottagames.nte,"이환"
08:30,87,com.netmarble.fgok,"페이트/그랜드 오더"
08:30,88,com.playrix.fishdomdd.gplay,"피쉬돔 (Fishdom)"
08:30,89,com.dwgames.chunorpg,"추노 키우기"
08:30,90,com.netmarble.raven2,"레이븐2"
08:30,91,com.netmarble.lineageII,"리니지2 레볼루션"
08:30,92,com.devsisters.ck,"쿠키런: 킹덤"
08:30,93,com.nexon.he,"히간: 이루실"
08:30,94,com.zzsjkr.google,"갓깨비 키우기-999뽑기 증정"
08:30,95,com.wemade.nightcrows,"나이트 크로우"
08:30,96,com.xman.kr.gp,"X 클래시"
08:30,97,com.play.merge.restyle,"Merge Restyle"
08:30,98,com.nexon.kart,"카트라이더 러쉬플러스"
08:30,99,com.haegin.kbo,"2026 프로야구GO!"
08:30,100,com.fiveminlab.overgeared.hero.backpack.merge,"템빨용사: 픽셀 아이템 머지 RPG"
08:30,101,com.screenshake.dominodreams,"Domino Dreams™ 도미노 드림"
08:30,102,defense.roguelike.cell.shoot.survivor,"세포 특공대"
08:30,103,com.webzen.muangel.google,"뮤 모나크"
08:30,104,com.netmarble.stonkey,"스톤에이지 키우기"
08:30,105,com.qjzj4399kr.google,"기적의 검"
08:30,106,com.sopt.mafia42.client,"마피아42"
08:30,107,com.netmarble.bnsmkr,"블레이드&소울 레볼루션"
08:30,108,com.gear2.letsgolegends,"레츠고 레전드!"
08:30,109,com.smilegate.lordnine.stove.google,"로드나인"
08:30,110,com.com2us.smon.normal.freefull.google.kr.android.common,"서머너즈 워 X 장송의 프리렌"
08:30,111,com.bilibilihk.jujutsuphanparagp,"주술회전 팬텀 퍼레이드"
08:30,112,com.ddup.zombiewaves.zw,"좀비 웨이브스"
08:30,113,com.farlightgames.igame.gp,"AFK: 새로운 여정"
08:30,114,com.ulugame.hdqykrob.google,"아케론:종말의 서곡"
08:30,115,com.kakaogames.aaw,"아키에이지 워 (ArcheAge WAR)"
08:30,116,com.gear2.growslayer,"슬레이어 키우기"
08:30,117,com.greenmushroom.boomblitz.gp,"탑 히어로즈"
08:30,118,com.xd.xdtglobal.gp,"두근두근타운"
08:30,119,com.neowizgames.game.browndust2,"브라운더스트2 - 가슴 벅찬 RPG"
08:30,120,com.camelgames.aoz,"에이지 오브 제트: 타워 디펜스"
08:30,121,com.dreamwalker.kr.gp,"꿈의 여행자: 별빛 여정"
08:30,122,com.ncsoft.lineagem,"리니지M(12)"
08:30,123,com.EightStudio.BlightWar,"블라이트 워 : 방치형 RPG"
08:30,124,com.kr.firelite,"I9: 인페르노 나인(19) - 세로형 RPG"
08:30,125,com.global.ztmslgkr,"퍼즐 오브 Z"
08:30,126,com.ryonggame.soulhunteridle,"소울 헌터 키우기 : 방치형 RPG"
08:30,127,com.orienjoy.heroland.kr,"히어로 랜드M"
08:30,128,com.ujoygp.flower,"오늘의 꽃"
08:30,129,net.gameduo.gv,"캣 히어로 : 방치형 RPG"
08:30,130,com.merge.game.foodstars,"푸드스타: 합쳐서 요리하기"
08:30,131,com.gamespark.topking.gp,"탑 로드"
08:30,132,com.mxdzzkr.google,"버섯커 키우기-3000뽑기 증정"
08:30,133,com.lilithgames.rok.gpkr,"라이즈 오브 킹덤즈"
08:30,134,com.ylqdhkr.gp,"엔터테인먼트 거물"
08:30,135,com.kakaogames.friendsKing,"프렌즈팝콘"
08:30,136,com.YoStarKR.Arknights,"명일방주"
08:30,137,com.yzlmkr.google,"우와 모험단"
08:30,138,com.xmh.rpg.kr.an,"스카이 어비스: 혈맹의 서약"
08:30,139,com.devsisters.gb,"쿠키런: 오븐브레이크"
08:30,140,com.supercell.clashofclans,"클래시 오브 클랜"
08:30,141,com.nspgames.dungeonslasher,"던전 슬래셔"
08:30,142,com.igg.android.doomsdaylastsurvivors,"둠스데이: 영웅의 여정"
08:30,143,com.xone.gpkr,"ASURA: 블러드 앤 소울"
08:30,144,com.pocketchamps.game,"포켓 챔프: 3D 레이싱 게임"
08:30,145,com.riotgames.league.wildrift,"리그 오브 레전드: 와일드 리프트"
08:30,146,com.zy.wqmt.global,"무기미도"
08:30,147,com.mobile.legends,"모바일 레전드: Bang Bang"
08:30,148,com.games.foundation,"파운데이션: 우주 전선"
08:30,149,com.galasports.totalfootball.kr,"Total Football - 2026 북중미 시즌"
08:30,150,com.hdfzxrpg.googlelb,"해적 키우기-방치형 RPG"
08:30,151,com.kakaogames.umamusume,"우마무스메 프리티 더비"
08:30,152,com.superplaystudios.dicedreams,"Dice Dreams™️ 다이스 드림"
08:30,153,com.MelsoftGames.FamilyIslandFarm,"패밀리 아일랜드 - 농장모험게임"
08:30,154,com.bandainamcoent.gget_WW,"SD건담 지 제네레이션 이터널"
08:30,155,com.sundaytoz.mobile.anipang2.google.kakao.service,"애니팡2 - 3매치 퍼즐게임"
08:30,156,com.plarium.raidlegends,"레이드: 그림자의 전설"
08:30,157,com.estgames.cabalr.kr.ls,"카발RED"
08:30,158,kr.txwy.and.blhx,"벽람항로"
08:30,159,com.Chodun.CatGunner,"총잡이 고양이 : 방치형 키우기 RPG"
08:30,160,com.linegames.uwogl,"대항해시대 오리진"
08:30,161,com.fatr.global,"호텔 레거시: 합성&리모델링"
08:30,162,apli879756.vmz,"괴수: 진화 연대기"
08:30,163,com.hybeim.architect,"아키텍트: 랜드 오브 엑자일"
08:30,164,com.riftsky.mhg.kr.gp,"더 코지 플로리스트"
08:30,165,com.superpixel.undyinghero,"불사용사 키우기 : 방치형 RPG"
08:30,166,com.joycastle.mergematch,"Matching Story - Puzzle Games"
08:30,167,com.rxjhkr.an,"열혈강호: 귀환"
08:30,168,com.supercell.clashroyale,"클래시 로얄 (Clash Royale)"
08:30,169,com.com2us.ninepb3d.normal.freefull.google.global.android.common,"MLB 9이닝스 26"
08:30,170,com.stove.epic7.google,"에픽세븐"
08:30,171,com.bandainamcoent.dgup_ww,"디지몬 UP"
08:30,172,com.kr.lfhsgp,"그레이 사가"
08:30,173,com.sundaytoz.kakao.anipang3.service,"애니팡3 - 매치 3 퍼즐"
08:30,174,com.sundaytoz.kakao.anipang4,"애니팡4: 매치3 퍼즐 게임"
08:30,175,com.ea.huntingsniper,"헌팅 스나이퍼"
08:30,176,com.nexon.mdnf,"던전앤파이터 모바일"
08:30,177,com.mojang.minecraftpe,"Minecraft: 나만의 세계를 꿈꾸고 만들어보세요"
08:30,178,net.peakgames.toonblast,"Toon Blast"
08:30,179,com.smilegate.chaoszero.stove.google,"카오스 제로 나이트메어"
08:30,180,com.gearpaw.defenders.td.game,"기어몬: 타워 디펜스"
08:30,181,com.com2us.futuremlb.android.google.global.normal,"MLB 9이닝스 라이벌 26"
08:30,182,net.gameduo.anotherdungeon,"어나더던전"
08:30,183,com.redveilone.vardian,"바르디안 : 피의 맹세"
08:30,184,com.moonactive.cmboard,"Coin Master: 보드 어드벤처"
08:30,185,com.smallgiantgames.empires,"엠파이어 & 퍼즐 (Empires & Puzzles)"
08:30,186,com.wemadeconnect.aos.lostdgl,"로스트 소드"
08:30,187,com.netmarble.ma9bkr,"마구마구 2026: 풀체인지"
08:30,188,com.wireless.defenseland,"레이드 러시: 타워 디펜스"
08:30,189,com.blizzard.wtcg.hearthstone,"하스스톤"
08:30,190,com.cyberjoy.galaxydefense,"갤럭시 디펜스 (Galaxy Defense)"
08:30,191,jp.pokemon.pokemontcgp,"포켓몬 카드 게임 Pocket"
08:30,192,com.nexon.bluearchive,"블루 아카이브"
08:30,193,com.ratinghope.gplay,"타이탄 러쉬: 서바이벌"
08:30,194,com.kakaogames.ares,"아레스 : 라이즈 오브 가디언즈"
08:30,195,com.game.btjkr.and,"영혼 인도자：신의 이름으로"
08:30,196,com.a3.topgirl.gplay,"Top Girl"
08:30,197,com.netmarble.arthdal,"아스달 연대기: 세 개의 세력"
08:30,198,com.multicastgames.butcher,"Butcher hero: 서바이벌 RPG"
08:30,199,com.minigame.wszj.android.gp,"Wing Fighter"
08:30,200,group.theorigin.themaxlevelreturner,"나 혼자 만렙 키우기"
10:00,1,com.netmarble.sol,"SOL: enchant"
10:00,2,com.gof.global,"WOS: 화이트아웃 서바이벌"
10:00,3,com.run.tower.defense,"킹샷:Kingshot"
10:00,4,com.devsisters.cc,"쿠키런 키우기 - 쿠키런: 크럼블"
10:00,5,com.ncsoft.lineagem19,"리니지M"
10:00,6,com.fun.lastwar.gp,"라스트 워: 서바이벌"
10:00,7,com.mergegames.gossipharbor,"가십하버: 합성 & 스토리 게임"
10:00,8,com.dreamgames.royalmatch,"로얄 매치 Royal Match"
10:00,9,com.roblox.client,"로블록스 (Roblox)"
10:00,10,com.rxjhglkr.gp,"열혈강호: 넥스트"
10:00,11,com.nexon.ma,"메이플 키우기"
10:00,12,com.kakaogames.odin,"오딘: 발할라 라이징"
10:00,13,com.nhnent.pokerclassic,"한게임포커 클래식 : 7포커 홀덤 섯다 훌라 슬롯"
10:00,14,com.nhnent.Qpoker,"한게임 포커"
10:00,15,com.proximabeta.nikke,"승리의 여신: 니케"
10:00,16,com.HoYoverse.Nap,"젠레스 존 제로 - 주년 기념"
10:00,17,com.percent.aos.luckydefense,"운빨존많겜"
10:00,18,com.phs.global,"라스트 어사일럼: 페스트"
10:00,19,com.kurogame.wutheringwaves.global,"명조:워더링 웨이브 - 현방 지계를 향하여"
10:00,20,com.readygo.barrel.gp,"라스트 Z: 서바이벌 슈터"
10:00,21,com.nexon.fmk,"FC 모바일"
10:00,22,com.fatmerge.global,"테이스티 트레블: 합성 게임"
10:00,23,com.gamedots.seasideescape,"씨사이드 익스케이프: 합성 & 스토리 게임"
10:00,24,com.playrix.gardenscapes,"꿈의 정원 (Gardenscapes)"
10:00,25,com.supercell.brawlstars,"브롤스타즈"
10:00,26,com.nexon.nsc.maplem,"메이플스토리M"
10:00,27,com.dreamgames.royalkingdom,"로얄 킹덤 (Royal Kingdom)"
10:00,28,com.epidgames.trickcalrevive,"트릭컬 리바이브"
10:00,29,com.netmarble.thered,"뱀피르"
10:00,30,com.neowiz.games.poker,"피망 포커 : 카지노 로얄 - 홀덤, 7포커, 바둑이"
10:00,31,com.ncsoft.lineagew,"리니지W"
10:00,32,com.fowgames.kingdom2,"킹덤2: 타오르는 전장"
10:00,33,com.com2us.futurecpb.android.google.global.normal,"컴투스프로야구V26"
10:00,34,com.NHNEnt.MSudda,"한게임 섯다&맞고"
10:00,35,game.qualiarts.hololive.dreams.com,"hololive Dreams"
10:00,36,com.nexon.devcat.mm,"마비노기 모바일"
10:00,37,net.kernys.aooni,"좀비고등학교"
10:00,38,com.percent.aos.cooptd,"협타디: 협동 타워 디펜스"
10:00,39,com.netmarble.tskgb,"세븐나이츠 리버스"
10:00,40,com.king.candycrushsaga,"캔디크러쉬사가 (Candy Crush Saga)"
10:00,41,com.HoYoverse.hkrpgoversea,"붕괴: 스타레일"
10:00,42,com.nexon.fo4m,"EA SPORTS FC Online M"
10:00,43,com.pubg.krmobile,"배틀그라운드"
10:00,44,com.netmarble.fgok,"페이트/그랜드 오더"
10:00,45,com.kr.firegp,"I9: 인페르노 나인"
10:00,46,com.cedargames.mysterytown,"미스터리 타운: 합성 게임 (Mystery Town)"
10:00,47,com.cola.game,"핫레스토랑: 머지&쿠킹"
10:00,48,com.netmarble.rfnext,"RF 온라인 넥스트"
10:00,49,com.playrix.homescapes,"꿈의 집 (Homescapes)"
10:00,50,com.gravity.romkrzeny.aos,"라그나로크M: Classic"
10:00,51,com.ncsoft.aion2,"AION2"
10:00,52,com.bhk.newslgkr,"삼국지: 천하결전"
10:00,53,com.miHoYo.GenshinImpact,"원신-스네즈나야 오픈"
10:00,54,com.hollywood.merge,"할리우드 머지"
10:00,55,com.webzen.mumonarch2.google,"뮤 모나크2"
10:00,56,com.kingsgroup.sos,"S.O.S: 스테이트 오브 서바이벌"
10:00,57,com.jsjskr.google,"토이 삼국"
10:00,58,com.readygo.dark.gp,"Dark War Survival"
10:00,59,com.playrix.township,"꿈의 마을 (Township)"
10:00,60,com.gryphline.endfield.gp,"명일방주: 엔드필드"
10:00,61,jp.konami.pesam,"eFootball™"
10:00,62,com.NHNEnt.NDuelgo,"한게임 신맞고 : 대한민국 원조 고스톱"
10:00,63,com.nianticlabs.pokemongo,"Pokémon GO"
10:00,64,com.ncsoft.lineage2m19,"리니지2M"
10:00,65,com.neowiz.games.newmatgo,"피망 뉴맞고: 고스톱 대표 맞고 게임"
10:00,66,jp.co.ponos.battlecatskr,"냥코 대전쟁"
10:00,67,com.superplaystudios.disneysolitairedreams,"Disney Solitaire 디즈니 솔리테어"
10:00,68,com.ProjectMoon.LimbusCompany,"Limbus Company"
10:00,69,com.merge.cooking.theme.restaurant.food,"머지 쿠킹 테마 레스토랑"
10:00,70,io.randomco.travel,"Travel Town - 결합 어드벤처"
10:00,71,com.dlw.kr.google,"시티 데몬헌터즈: 각성자들"
10:00,72,com.joycity.im,"임진왜란: 조선의 반격"
10:00,73,com.zempot.wplpoker,"WPL : 홀덤, 토너먼트, 오마하, 올인폴드, 픽앤고"
10:00,74,com.highbrow.games.dvo,"드래곤빌리지3"
10:00,75,com.netease.dunkcdjp,"NBA 덩크 시티"
10:00,76,com.haoplay.game.and.exilium,"소녀전선2: 망명"
10:00,77,com.nhn.AApoker,"한게임 로얄홀덤"
10:00,78,com.pockethaven.roguelegend,"로그 레전드: 로그라이크 RPG"
10:00,79,com.com2us.probaseball3d.normal.freefull.google.global.android.common,"컴투스프로야구2026"
10:00,80,kr.haoplay.game.and.reverse,"리버스: 1999"
10:00,81,com.mhclyxpb.gatja,"동방 찻집"
10:00,82,com.gametree.lhlr.gp,"그놈은 드래곤"
10:00,83,com.hariwn.legendofcivilizations,"포지 마스터 (Forge Master)"
10:00,84,com.billionairegames.serares,"변신 키우기"
10:00,85,com.funplus.ts.global,"타일 서바이벌"
10:00,86,com.hottagames.nte,"이환"
10:00,87,com.dwgames.chunorpg,"추노 키우기"
10:00,88,com.netmarble.lineageII,"리니지2 레볼루션"
10:00,89,com.playrix.fishdomdd.gplay,"피쉬돔 (Fishdom)"
10:00,90,com.devsisters.ck,"쿠키런: 킹덤"
10:00,91,com.nexon.he,"히간: 이루실"
10:00,92,com.zzsjkr.google,"갓깨비 키우기-999뽑기 증정"
10:00,93,com.netmarble.raven2,"레이븐2"
10:00,94,com.xman.kr.gp,"X 클래시"
10:00,95,com.orienjoy.heroland.kr,"히어로 랜드M"
10:00,96,com.haegin.kbo,"2026 프로야구GO!"
10:00,97,com.play.merge.restyle,"Merge Restyle"
10:00,98,com.nexon.kart,"카트라이더 러쉬플러스"
10:00,99,com.netmarble.stonkey,"스톤에이지 키우기"
10:00,100,com.screenshake.dominodreams,"Domino Dreams™ 도미노 드림"
10:00,101,com.fiveminlab.overgeared.hero.backpack.merge,"템빨용사: 픽셀 아이템 머지 RPG"
10:00,102,com.qjzj4399kr.google,"기적의 검"
10:00,103,com.com2us.smon.normal.freefull.google.kr.android.common,"서머너즈 워 X 장송의 프리렌"
10:00,104,com.sopt.mafia42.client,"마피아42"
10:00,105,defense.roguelike.cell.shoot.survivor,"세포 특공대"
10:00,106,com.wemade.nightcrows,"나이트 크로우"
10:00,107,com.gear2.letsgolegends,"레츠고 레전드!"
10:00,108,com.webzen.muangel.google,"뮤 모나크"
10:00,109,com.smilegate.lordnine.stove.google,"로드나인"
10:00,110,com.bilibilihk.jujutsuphanparagp,"주술회전 팬텀 퍼레이드"
10:00,111,com.ddup.zombiewaves.zw,"좀비 웨이브스"
10:00,112,com.farlightgames.igame.gp,"AFK: 새로운 여정"
10:00,113,com.ulugame.hdqykrob.google,"아케론:종말의 서곡"
10:00,114,com.kakaogames.aaw,"아키에이지 워 (ArcheAge WAR)"
10:00,115,com.gear2.growslayer,"슬레이어 키우기"
10:00,116,com.greenmushroom.boomblitz.gp,"탑 히어로즈"
10:00,117,com.xd.xdtglobal.gp,"두근두근타운"
10:00,118,com.camelgames.aoz,"에이지 오브 제트: 타워 디펜스"
10:00,119,com.dreamwalker.kr.gp,"꿈의 여행자: 별빛 여정"
10:00,120,com.kr.firelite,"I9: 인페르노 나인(19) - 세로형 RPG"
10:00,121,com.ncsoft.lineagem,"리니지M(12)"
10:00,122,com.global.ztmslgkr,"퍼즐 오브 Z"
10:00,123,com.netmarble.bnsmkr,"블레이드&소울 레볼루션"
10:00,124,com.EightStudio.BlightWar,"블라이트 워 : 방치형 RPG"
10:00,125,com.ujoygp.flower,"오늘의 꽃"
10:00,126,net.gameduo.gv,"캣 히어로 : 방치형 RPG"
10:00,127,jp.konami.masterduel,"Yu-Gi-Oh! Master Duel"
10:00,128,com.merge.game.foodstars,"푸드스타: 합쳐서 요리하기"
10:00,129,com.gamespark.topking.gp,"탑 로드"
10:00,130,com.ryonggame.soulhunteridle,"소울 헌터 키우기 : 방치형 RPG"
10:00,131,com.lilithgames.rok.gpkr,"라이즈 오브 킹덤즈"
10:00,132,com.ylqdhkr.gp,"엔터테인먼트 거물"
10:00,133,com.kakaogames.friendsKing,"프렌즈팝콘"
10:00,134,com.neowizgames.game.browndust2,"브라운더스트2 - 가슴 벅찬 RPG"
10:00,135,com.yzlmkr.google,"우와 모험단"
10:00,136,com.devsisters.gb,"쿠키런: 오븐브레이크"
10:00,137,com.supercell.clashofclans,"클래시 오브 클랜"
10:00,138,com.nspgames.dungeonslasher,"던전 슬래셔"
10:00,139,com.YoStarKR.Arknights,"명일방주"
10:00,140,com.xone.gpkr,"ASURA: 블러드 앤 소울"
10:00,141,com.riotgames.league.wildrift,"리그 오브 레전드: 와일드 리프트"
10:00,142,com.zy.wqmt.global,"무기미도"
10:00,143,com.linegames.uwogl,"대항해시대 오리진"
10:00,144,com.xmh.rpg.kr.an,"스카이 어비스: 혈맹의 서약"
10:00,145,com.pocketchamps.game,"포켓 챔프: 3D 레이싱 게임"
10:00,146,com.mobile.legends,"모바일 레전드: Bang Bang"
10:00,147,com.galasports.totalfootball.kr,"Total Football - 2026 북중미 시즌"
10:00,148,com.hdfzxrpg.googlelb,"해적 키우기-방치형 RPG"
10:00,149,com.kakaogames.umamusume,"우마무스메 프리티 더비"
10:00,150,com.superplaystudios.dicedreams,"Dice Dreams™️ 다이스 드림"
10:00,151,kr.txwy.and.blhx,"벽람항로"
10:00,152,com.mxdzzkr.google,"버섯커 키우기-3000뽑기 증정"
10:00,153,com.MelsoftGames.FamilyIslandFarm,"패밀리 아일랜드 - 농장모험게임"
10:00,154,com.netmarble.arthdal,"아스달 연대기: 세 개의 세력"
10:00,155,com.igg.android.doomsdaylastsurvivors,"둠스데이: 영웅의 여정"
10:00,156,com.sundaytoz.mobile.anipang2.google.kakao.service,"애니팡2 - 3매치 퍼즐게임"
10:00,157,com.estgames.cabalr.kr.ls,"카발RED"
10:00,158,com.superpixel.undyinghero,"불사용사 키우기 : 방치형 RPG"
10:00,159,com.Chodun.CatGunner,"총잡이 고양이 : 방치형 키우기 RPG"
10:00,160,com.plarium.raidlegends,"레이드: 그림자의 전설"
10:00,161,com.games.foundation,"파운데이션: 우주 전선"
10:00,162,com.fatr.global,"호텔 레거시: 합성&리모델링"
10:00,163,apli879756.vmz,"괴수: 진화 연대기"
10:00,164,com.hybeim.architect,"아키텍트: 랜드 오브 엑자일"
10:00,165,com.riftsky.mhg.kr.gp,"더 코지 플로리스트"
10:00,166,com.joycastle.mergematch,"Matching Story - Puzzle Games"
10:00,167,com.rxjhkr.an,"열혈강호: 귀환"
10:00,168,com.supercell.clashroyale,"클래시 로얄 (Clash Royale)"
10:00,169,com.ratinghope.gplay,"타이탄 러쉬: 서바이벌"
10:00,170,com.com2us.ninepb3d.normal.freefull.google.global.android.common,"MLB 9이닝스 26"
10:00,171,com.bandainamcoent.gget_WW,"SD건담 지 제네레이션 이터널"
10:00,172,com.bandainamcoent.dgup_ww,"디지몬 UP"
10:00,173,com.sundaytoz.kakao.anipang3.service,"애니팡3 - 매치 3 퍼즐"
10:00,174,com.sundaytoz.kakao.anipang4,"애니팡4: 매치3 퍼즐 게임"
10:00,175,com.ea.huntingsniper,"헌팅 스나이퍼"
10:00,176,com.nexon.mdnf,"던전앤파이터 모바일"
10:00,177,com.kr.lfhsgp,"그레이 사가"
10:00,178,com.mojang.minecraftpe,"Minecraft: 나만의 세계를 꿈꾸고 만들어보세요"
10:00,179,com.gearpaw.defenders.td.game,"기어몬: 타워 디펜스"
10:00,180,com.blizzard.diablo.immortal,"디아블로 이모탈"
10:00,181,com.com2us.futuremlb.android.google.global.normal,"MLB 9이닝스 라이벌 26"
10:00,182,com.redveilone.vardian,"바르디안 : 피의 맹세"
10:00,183,net.peakgames.toonblast,"Toon Blast"
10:00,184,com.moonactive.cmboard,"Coin Master: 보드 어드벤처"
10:00,185,com.wemadeconnect.aos.lostdgl,"로스트 소드"
10:00,186,com.blizzard.wtcg.hearthstone,"하스스톤"
10:00,187,com.stove.epic7.google,"에픽세븐"
10:00,188,com.kakaogames.ares,"아레스 : 라이즈 오브 가디언즈"
10:00,189,com.netmarble.ma9bkr,"마구마구 2026: 풀체인지"
10:00,190,com.smilegate.chaoszero.stove.google,"카오스 제로 나이트메어"
10:00,191,com.cyberjoy.galaxydefense,"갤럭시 디펜스 (Galaxy Defense)"
10:00,192,com.dwjp.gp,"애니멀 가든 - 진짜 꽃다발을 배달돼요!"
10:00,193,jp.pokemon.pokemontcgp,"포켓몬 카드 게임 Pocket"
10:00,194,com.nexon.bluearchive,"블루 아카이브"
10:00,195,com.smallgiantgames.empires,"엠파이어 & 퍼즐 (Empires & Puzzles)"
10:00,196,com.bladetw.bd,"블리치: 소울 레조넌스"
10:00,197,net.gameduo.anotherdungeon,"어나더던전"
10:00,198,com.game.btjkr.and,"영혼 인도자：신의 이름으로"
10:00,199,com.a3.topgirl.gplay,"Top Girl"
10:00,200,com.justgame.jails,"랜드 오브 제일"
12:30,1,com.netmarble.sol,"SOL: enchant"
12:30,2,com.gof.global,"WOS: 화이트아웃 서바이벌"
12:30,3,com.run.tower.defense,"킹샷:Kingshot"
12:30,4,com.ncsoft.lineagem19,"리니지M"
12:30,5,com.devsisters.cc,"쿠키런 키우기 - 쿠키런: 크럼블"
12:30,6,com.mergegames.gossipharbor,"가십하버: 합성 & 스토리 게임"
12:30,7,com.dreamgames.royalmatch,"로얄 매치 Royal Match"
12:30,8,com.fun.lastwar.gp,"라스트 워: 서바이벌"
12:30,9,com.roblox.client,"로블록스 (Roblox)"
12:30,10,com.rxjhglkr.gp,"열혈강호: 넥스트"
12:30,11,com.nexon.ma,"메이플 키우기"
12:30,12,com.kakaogames.odin,"오딘: 발할라 라이징"
12:30,13,com.nhnent.Qpoker,"한게임 포커"
12:30,14,com.nhnent.pokerclassic,"한게임포커 클래식 : 7포커 홀덤 섯다 훌라 슬롯"
12:30,15,com.proximabeta.nikke,"승리의 여신: 니케"
12:30,16,com.HoYoverse.Nap,"젠레스 존 제로 - 주년 기념"
12:30,17,com.percent.aos.luckydefense,"운빨존많겜"
12:30,18,com.phs.global,"라스트 어사일럼: 페스트"
12:30,19,com.miHoYo.GenshinImpact,"원신-스네즈나야 오픈"
12:30,20,com.kurogame.wutheringwaves.global,"명조:워더링 웨이브 - 현방 지계를 향하여"
12:30,21,com.readygo.barrel.gp,"라스트 Z: 서바이벌 슈터"
12:30,22,com.nexon.fmk,"FC 모바일"
12:30,23,com.fatmerge.global,"테이스티 트레블: 합성 게임"
12:30,24,com.gamedots.seasideescape,"씨사이드 익스케이프: 합성 & 스토리 게임"
12:30,25,com.playrix.gardenscapes,"꿈의 정원 (Gardenscapes)"
12:30,26,com.supercell.brawlstars,"브롤스타즈"
12:30,27,com.nexon.nsc.maplem,"메이플스토리M"
12:30,28,com.dreamgames.royalkingdom,"로얄 킹덤 (Royal Kingdom)"
12:30,29,com.ncsoft.lineagew,"리니지W"
12:30,30,com.epidgames.trickcalrevive,"트릭컬 리바이브"
12:30,31,com.netmarble.thered,"뱀피르"
12:30,32,com.neowiz.games.poker,"피망 포커 : 카지노 로얄 - 홀덤, 7포커, 바둑이"
12:30,33,game.qualiarts.hololive.dreams.com,"hololive Dreams"
12:30,34,net.kernys.aooni,"좀비고등학교"
12:30,35,com.nexon.devcat.mm,"마비노기 모바일"
12:30,36,com.fowgames.kingdom2,"킹덤2: 타오르는 전장"
12:30,37,com.com2us.futurecpb.android.google.global.normal,"컴투스프로야구V26"
12:30,38,com.percent.aos.cooptd,"협타디: 협동 타워 디펜스"
12:30,39,com.NHNEnt.MSudda,"한게임 섯다&맞고"
12:30,40,com.netmarble.tskgb,"세븐나이츠 리버스"
12:30,41,com.king.candycrushsaga,"캔디크러쉬사가 (Candy Crush Saga)"
12:30,42,com.HoYoverse.hkrpgoversea,"붕괴: 스타레일"
12:30,43,com.nexon.fo4m,"EA SPORTS FC Online M"
12:30,44,com.pubg.krmobile,"배틀그라운드"
12:30,45,com.netmarble.fgok,"페이트/그랜드 오더"
12:30,46,com.gravity.romkrzeny.aos,"라그나로크M: Classic"
12:30,47,com.cedargames.mysterytown,"미스터리 타운: 합성 게임 (Mystery Town)"
12:30,48,com.cola.game,"핫레스토랑: 머지&쿠킹"
12:30,49,com.netmarble.rfnext,"RF 온라인 넥스트"
12:30,50,com.playrix.homescapes,"꿈의 집 (Homescapes)"
12:30,51,com.ncsoft.aion2,"AION2"
12:30,52,com.kr.firegp,"I9: 인페르노 나인"
12:30,53,com.bhk.newslgkr,"삼국지: 천하결전"
12:30,54,com.kingsgroup.sos,"S.O.S: 스테이트 오브 서바이벌"
12:30,55,com.hollywood.merge,"할리우드 머지"
12:30,56,com.webzen.mumonarch2.google,"뮤 모나크2"
12:30,57,com.jsjskr.google,"토이 삼국"
12:30,58,com.gryphline.endfield.gp,"명일방주: 엔드필드"
12:30,59,com.playrix.township,"꿈의 마을 (Township)"
12:30,60,com.readygo.dark.gp,"Dark War Survival"
12:30,61,jp.konami.pesam,"eFootball™"
12:30,62,com.nianticlabs.pokemongo,"Pokémon GO"
12:30,63,com.NHNEnt.NDuelgo,"한게임 신맞고 : 대한민국 원조 고스톱"
12:30,64,com.neowiz.games.newmatgo,"피망 뉴맞고: 고스톱 대표 맞고 게임"
12:30,65,jp.co.ponos.battlecatskr,"냥코 대전쟁"
12:30,66,com.ncsoft.lineage2m19,"리니지2M"
12:30,67,com.superplaystudios.disneysolitairedreams,"Disney Solitaire 디즈니 솔리테어"
12:30,68,io.randomco.travel,"Travel Town - 결합 어드벤처"
12:30,69,com.merge.cooking.theme.restaurant.food,"머지 쿠킹 테마 레스토랑"
12:30,70,com.netease.dunkcdjp,"NBA 덩크 시티"
12:30,71,com.dlw.kr.google,"시티 데몬헌터즈: 각성자들"
12:30,72,com.haoplay.game.and.exilium,"소녀전선2: 망명"
12:30,73,com.joycity.im,"임진왜란: 조선의 반격"
12:30,74,com.pockethaven.roguelegend,"로그 레전드: 로그라이크 RPG"
12:30,75,com.ProjectMoon.LimbusCompany,"Limbus Company"
12:30,76,com.nhn.AApoker,"한게임 로얄홀덤"
12:30,77,com.com2us.probaseball3d.normal.freefull.google.global.android.common,"컴투스프로야구2026"
12:30,78,com.zempot.wplpoker,"WPL : 홀덤, 토너먼트, 오마하, 올인폴드, 픽앤고"
12:30,79,com.hariwn.legendofcivilizations,"포지 마스터 (Forge Master)"
12:30,80,kr.haoplay.game.and.reverse,"리버스: 1999"
12:30,81,com.mhclyxpb.gatja,"동방 찻집"
12:30,82,com.funplus.ts.global,"타일 서바이벌"
12:30,83,com.gametree.lhlr.gp,"그놈은 드래곤"
12:30,84,com.highbrow.games.dvo,"드래곤빌리지3"
12:30,85,com.billionairegames.serares,"변신 키우기"
12:30,86,com.netmarble.lineageII,"리니지2 레볼루션"
12:30,87,com.dwgames.chunorpg,"추노 키우기"
12:30,88,com.playrix.fishdomdd.gplay,"피쉬돔 (Fishdom)"
12:30,89,com.devsisters.ck,"쿠키런: 킹덤"
12:30,90,com.netmarble.raven2,"레이븐2"
12:30,91,com.hottagames.nte,"이환"
12:30,92,com.xman.kr.gp,"X 클래시"
12:30,93,com.orienjoy.heroland.kr,"히어로 랜드M"
12:30,94,com.play.merge.restyle,"Merge Restyle"
12:30,95,com.nexon.kart,"카트라이더 러쉬플러스"
12:30,96,com.zzsjkr.google,"갓깨비 키우기-999뽑기 증정"
12:30,97,com.supercell.clashofclans,"클래시 오브 클랜"
12:30,98,com.screenshake.dominodreams,"Domino Dreams™ 도미노 드림"
12:30,99,com.fiveminlab.overgeared.hero.backpack.merge,"템빨용사: 픽셀 아이템 머지 RPG"
12:30,100,com.haegin.kbo,"2026 프로야구GO!"
12:30,101,com.qjzj4399kr.google,"기적의 검"
12:30,102,com.com2us.smon.normal.freefull.google.kr.android.common,"서머너즈 워 X 장송의 프리렌"
12:30,103,com.sopt.mafia42.client,"마피아42"
12:30,104,defense.roguelike.cell.shoot.survivor,"세포 특공대"
12:30,105,com.wemade.nightcrows,"나이트 크로우"
12:30,106,com.webzen.muangel.google,"뮤 모나크"
12:30,107,com.nexon.he,"히간: 이루실"
12:30,108,com.bilibilihk.jujutsuphanparagp,"주술회전 팬텀 퍼레이드"
12:30,109,com.netmarble.stonkey,"스톤에이지 키우기"
12:30,110,com.farlightgames.igame.gp,"AFK: 새로운 여정"
12:30,111,com.kakaogames.aaw,"아키에이지 워 (ArcheAge WAR)"
12:30,112,com.greenmushroom.boomblitz.gp,"탑 히어로즈"
12:30,113,com.ulugame.hdqykrob.google,"아케론:종말의 서곡"
12:30,114,com.kr.firelite,"I9: 인페르노 나인(19) - 세로형 RPG"
12:30,115,com.ncsoft.lineagem,"리니지M(12)"
12:30,116,com.ddup.zombiewaves.zw,"좀비 웨이브스"
12:30,117,com.netmarble.bnsmkr,"블레이드&소울 레볼루션"
12:30,118,com.xd.xdtglobal.gp,"두근두근타운"
12:30,119,com.EightStudio.BlightWar,"블라이트 워 : 방치형 RPG"
12:30,120,com.camelgames.aoz,"에이지 오브 제트: 타워 디펜스"
12:30,121,com.global.ztmslgkr,"퍼즐 오브 Z"
12:30,122,com.ujoygp.flower,"오늘의 꽃"
12:30,123,jp.konami.masterduel,"Yu-Gi-Oh! Master Duel"
12:30,124,com.nspgames.dungeonslasher,"던전 슬래셔"
12:30,125,com.gear2.growslayer,"슬레이어 키우기"
12:30,126,com.smilegate.lordnine.stove.google,"로드나인"
12:30,127,net.gameduo.gv,"캣 히어로 : 방치형 RPG"
12:30,128,com.merge.game.foodstars,"푸드스타: 합쳐서 요리하기"
12:30,129,com.ryonggame.soulhunteridle,"소울 헌터 키우기 : 방치형 RPG"
12:30,130,com.ylqdhkr.gp,"엔터테인먼트 거물"
12:30,131,com.neowizgames.game.browndust2,"브라운더스트2 - 가슴 벅찬 RPG"
12:30,132,com.dreamwalker.kr.gp,"꿈의 여행자: 별빛 여정"
12:30,133,com.lilithgames.rok.gpkr,"라이즈 오브 킹덤즈"
12:30,134,com.kakaogames.friendsKing,"프렌즈팝콘"
12:30,135,com.gamespark.topking.gp,"탑 로드"
12:30,136,com.YoStarKR.Arknights,"명일방주"
12:30,137,com.xone.gpkr,"ASURA: 블러드 앤 소울"
12:30,138,com.riotgames.league.wildrift,"리그 오브 레전드: 와일드 리프트"
12:30,139,com.zy.wqmt.global,"무기미도"
12:30,140,com.devsisters.gb,"쿠키런: 오븐브레이크"
12:30,141,com.linegames.uwogl,"대항해시대 오리진"
12:30,142,com.xmh.rpg.kr.an,"스카이 어비스: 혈맹의 서약"
12:30,143,com.pocketchamps.game,"포켓 챔프: 3D 레이싱 게임"
12:30,144,com.yzlmkr.google,"우와 모험단"
12:30,145,com.mobile.legends,"모바일 레전드: Bang Bang"
12:30,146,com.kakaogames.umamusume,"우마무스메 프리티 더비"
12:30,147,com.MelsoftGames.FamilyIslandFarm,"패밀리 아일랜드 - 농장모험게임"
12:30,148,kr.txwy.and.blhx,"벽람항로"
12:30,149,com.mxdzzkr.google,"버섯커 키우기-3000뽑기 증정"
12:30,150,com.hdfzxrpg.googlelb,"해적 키우기-방치형 RPG"
12:30,151,com.gear2.letsgolegends,"레츠고 레전드!"
12:30,152,com.netmarble.arthdal,"아스달 연대기: 세 개의 세력"
12:30,153,com.igg.android.doomsdaylastsurvivors,"둠스데이: 영웅의 여정"
12:30,154,com.galasports.totalfootball.kr,"Total Football - 2026 북중미 시즌"
12:30,155,com.sundaytoz.mobile.anipang2.google.kakao.service,"애니팡2 - 3매치 퍼즐게임"
12:30,156,com.superplaystudios.dicedreams,"Dice Dreams™️ 다이스 드림"
12:30,157,com.superpixel.undyinghero,"불사용사 키우기 : 방치형 RPG"
12:30,158,com.Chodun.CatGunner,"총잡이 고양이 : 방치형 키우기 RPG"
12:30,159,com.plarium.raidlegends,"레이드: 그림자의 전설"
12:30,160,com.games.foundation,"파운데이션: 우주 전선"
12:30,161,com.fatr.global,"호텔 레거시: 합성&리모델링"
12:30,162,apli879756.vmz,"괴수: 진화 연대기"
12:30,163,com.hybeim.architect,"아키텍트: 랜드 오브 엑자일"
12:30,164,com.estgames.cabalr.kr.ls,"카발RED"
12:30,165,com.com2us.ninepb3d.normal.freefull.google.global.android.common,"MLB 9이닝스 26"
12:30,166,com.ratinghope.gplay,"타이탄 러쉬: 서바이벌"
12:30,167,com.bandainamcoent.gget_WW,"SD건담 지 제네레이션 이터널"
12:30,168,com.joycastle.mergematch,"Matching Story - Puzzle Games"
12:30,169,com.ea.huntingsniper,"헌팅 스나이퍼"
12:30,170,com.sundaytoz.kakao.anipang3.service,"애니팡3 - 매치 3 퍼즐"
12:30,171,com.kr.lfhsgp,"그레이 사가"
12:30,172,com.riftsky.mhg.kr.gp,"더 코지 플로리스트"
12:30,173,com.redveilone.vardian,"바르디안 : 피의 맹세"
12:30,174,com.supercell.clashroyale,"클래시 로얄 (Clash Royale)"
12:30,175,com.mojang.minecraftpe,"Minecraft: 나만의 세계를 꿈꾸고 만들어보세요"
12:30,176,com.blizzard.diablo.immortal,"디아블로 이모탈"
12:30,177,com.sundaytoz.kakao.anipang4,"애니팡4: 매치3 퍼즐 게임"
12:30,178,net.peakgames.toonblast,"Toon Blast"
12:30,179,com.com2us.futuremlb.android.google.global.normal,"MLB 9이닝스 라이벌 26"
12:30,180,com.rxjhkr.an,"열혈강호: 귀환"
12:30,181,com.wemadeconnect.aos.lostdgl,"로스트 소드"
12:30,182,com.gearpaw.defenders.td.game,"기어몬: 타워 디펜스"
12:30,183,com.moonactive.cmboard,"Coin Master: 보드 어드벤처"
12:30,184,com.blizzard.wtcg.hearthstone,"하스스톤"
12:30,185,com.stove.epic7.google,"에픽세븐"
12:30,186,com.kakaogames.ares,"아레스 : 라이즈 오브 가디언즈"
12:30,187,com.netmarble.ma9bkr,"마구마구 2026: 풀체인지"
12:30,188,com.smilegate.chaoszero.stove.google,"카오스 제로 나이트메어"
12:30,189,com.cyberjoy.galaxydefense,"갤럭시 디펜스 (Galaxy Defense)"
12:30,190,com.bandainamcoent.dgup_ww,"디지몬 UP"
12:30,191,com.dwjp.gp,"애니멀 가든 - 진짜 꽃다발을 배달돼요!"
12:30,192,com.nexon.mdnf,"던전앤파이터 모바일"
12:30,193,com.smallgiantgames.empires,"엠파이어 & 퍼즐 (Empires & Puzzles)"
12:30,194,com.bladetw.bd,"블리치: 소울 레조넌스"
12:30,195,net.gameduo.anotherdungeon,"어나더던전"
12:30,196,group.theorigin.themaxlevelreturner,"나 혼자 만렙 키우기"
12:30,197,com.multicastgames.butcher,"Butcher hero: 서바이벌 RPG"
12:30,198,com.justgame.jails,"랜드 오브 제일"
12:30,199,com.linegames.gm,"창세기전 모바일 - 서풍의 광시곡"
12:30,200,com.game.btjkr.and,"영혼 인도자：신의 이름으로"
14:30,1,com.gof.global,"WOS: 화이트아웃 서바이벌"
14:30,2,com.netmarble.sol,"SOL: enchant"
14:30,3,com.run.tower.defense,"킹샷:Kingshot"
14:30,4,com.devsisters.cc,"쿠키런 키우기 - 쿠키런: 크럼블"
14:30,5,com.ncsoft.lineagem19,"리니지M"
14:30,6,com.mergegames.gossipharbor,"가십하버: 합성 & 스토리 게임"
14:30,7,com.dreamgames.royalmatch,"로얄 매치 Royal Match"
14:30,8,com.roblox.client,"로블록스 (Roblox)"
14:30,9,com.fun.lastwar.gp,"라스트 워: 서바이벌"
14:30,10,com.nexon.ma,"메이플 키우기"
14:30,11,com.rxjhglkr.gp,"열혈강호: 넥스트"
14:30,12,com.proximabeta.nikke,"승리의 여신: 니케"
14:30,13,com.kakaogames.odin,"오딘: 발할라 라이징"
14:30,14,com.nhnent.Qpoker,"한게임 포커"
14:30,15,com.nhnent.pokerclassic,"한게임포커 클래식 : 7포커 홀덤 섯다 훌라 슬롯"
14:30,16,com.HoYoverse.Nap,"젠레스 존 제로 - 주년 기념"
14:30,17,com.percent.aos.luckydefense,"운빨존많겜"
14:30,18,com.miHoYo.GenshinImpact,"원신-스네즈나야 오픈"
14:30,19,com.phs.global,"라스트 어사일럼: 페스트"
14:30,20,com.kurogame.wutheringwaves.global,"명조:워더링 웨이브 - 현방 지계를 향하여"
14:30,21,com.fatmerge.global,"테이스티 트레블: 합성 게임"
14:30,22,com.readygo.barrel.gp,"라스트 Z: 서바이벌 슈터"
14:30,23,com.gamedots.seasideescape,"씨사이드 익스케이프: 합성 & 스토리 게임"
14:30,24,com.playrix.gardenscapes,"꿈의 정원 (Gardenscapes)"
14:30,25,com.supercell.brawlstars,"브롤스타즈"
14:30,26,com.nexon.fmk,"FC 모바일"
14:30,27,com.nexon.nsc.maplem,"메이플스토리M"
14:30,28,com.dreamgames.royalkingdom,"로얄 킹덤 (Royal Kingdom)"
14:30,29,com.ncsoft.lineagew,"리니지W"
14:30,30,com.epidgames.trickcalrevive,"트릭컬 리바이브"
14:30,31,com.netmarble.thered,"뱀피르"
14:30,32,com.nexon.devcat.mm,"마비노기 모바일"
14:30,33,game.qualiarts.hololive.dreams.com,"hololive Dreams"
14:30,34,com.neowiz.games.poker,"피망 포커 : 카지노 로얄 - 홀덤, 7포커, 바둑이"
14:30,35,com.fowgames.kingdom2,"킹덤2: 타오르는 전장"
14:30,36,net.kernys.aooni,"좀비고등학교"
14:30,37,com.com2us.futurecpb.android.google.global.normal,"컴투스프로야구V26"
14:30,38,com.percent.aos.cooptd,"협타디: 협동 타워 디펜스"
14:30,39,com.NHNEnt.MSudda,"한게임 섯다&맞고"
14:30,40,com.king.candycrushsaga,"캔디크러쉬사가 (Candy Crush Saga)"
14:30,41,com.HoYoverse.hkrpgoversea,"붕괴: 스타레일"
14:30,42,com.netmarble.fgok,"페이트/그랜드 오더"
14:30,43,com.pubg.krmobile,"배틀그라운드"
14:30,44,com.nexon.fo4m,"EA SPORTS FC Online M"
14:30,45,com.gravity.romkrzeny.aos,"라그나로크M: Classic"
14:30,46,com.cedargames.mysterytown,"미스터리 타운: 합성 게임 (Mystery Town)"
14:30,47,com.netmarble.rfnext,"RF 온라인 넥스트"
14:30,48,com.cola.game,"핫레스토랑: 머지&쿠킹"
14:30,49,com.playrix.homescapes,"꿈의 집 (Homescapes)"
14:30,50,com.kr.firegp,"I9: 인페르노 나인"
14:30,51,com.netmarble.tskgb,"세븐나이츠 리버스"
14:30,52,com.ncsoft.aion2,"AION2"
14:30,53,com.bhk.newslgkr,"삼국지: 천하결전"
14:30,54,kr.haoplay.game.and.reverse,"리버스: 1999"
14:30,55,com.kingsgroup.sos,"S.O.S: 스테이트 오브 서바이벌"
14:30,56,com.hollywood.merge,"할리우드 머지"
14:30,57,com.webzen.mumonarch2.google,"뮤 모나크2"
14:30,58,com.jsjskr.google,"토이 삼국"
14:30,59,com.gryphline.endfield.gp,"명일방주: 엔드필드"
14:30,60,com.playrix.township,"꿈의 마을 (Township)"
14:30,61,com.readygo.dark.gp,"Dark War Survival"
14:30,62,jp.konami.pesam,"eFootball™"
14:30,63,com.nianticlabs.pokemongo,"Pokémon GO"
14:30,64,com.NHNEnt.NDuelgo,"한게임 신맞고 : 대한민국 원조 고스톱"
14:30,65,com.neowiz.games.newmatgo,"피망 뉴맞고: 고스톱 대표 맞고 게임"
14:30,66,jp.co.ponos.battlecatskr,"냥코 대전쟁"
14:30,67,com.ncsoft.lineage2m19,"리니지2M"
14:30,68,com.superplaystudios.disneysolitairedreams,"Disney Solitaire 디즈니 솔리테어"
14:30,69,com.merge.cooking.theme.restaurant.food,"머지 쿠킹 테마 레스토랑"
14:30,70,io.randomco.travel,"Travel Town - 결합 어드벤처"
14:30,71,com.netease.dunkcdjp,"NBA 덩크 시티"
14:30,72,com.dlw.kr.google,"시티 데몬헌터즈: 각성자들"
14:30,73,com.haoplay.game.and.exilium,"소녀전선2: 망명"
14:30,74,com.pockethaven.roguelegend,"로그 레전드: 로그라이크 RPG"
14:30,75,com.hariwn.legendofcivilizations,"포지 마스터 (Forge Master)"
14:30,76,com.joycity.im,"임진왜란: 조선의 반격"
14:30,77,com.ProjectMoon.LimbusCompany,"Limbus Company"
14:30,78,com.nhn.AApoker,"한게임 로얄홀덤"
14:30,79,com.com2us.probaseball3d.normal.freefull.google.global.android.common,"컴투스프로야구2026"
14:30,80,com.zempot.wplpoker,"WPL : 홀덤, 토너먼트, 오마하, 올인폴드, 픽앤고"
14:30,81,com.gametree.lhlr.gp,"그놈은 드래곤"
14:30,82,com.mhclyxpb.gatja,"동방 찻집"
14:30,83,com.funplus.ts.global,"타일 서바이벌"
14:30,84,com.highbrow.games.dvo,"드래곤빌리지3"
14:30,85,com.billionairegames.serares,"변신 키우기"
14:30,86,com.dwgames.chunorpg,"추노 키우기"
14:30,87,com.kakaogames.aaw,"아키에이지 워 (ArcheAge WAR)"
14:30,88,com.playrix.fishdomdd.gplay,"피쉬돔 (Fishdom)"
14:30,89,com.netmarble.raven2,"레이븐2"
14:30,90,com.devsisters.ck,"쿠키런: 킹덤"
14:30,91,com.hottagames.nte,"이환"
14:30,92,com.orienjoy.heroland.kr,"히어로 랜드M"
14:30,93,com.xman.kr.gp,"X 클래시"
14:30,94,com.netmarble.lineageII,"리니지2 레볼루션"
14:30,95,com.supercell.clashofclans,"클래시 오브 클랜"
14:30,96,com.play.merge.restyle,"Merge Restyle"
14:30,97,com.nexon.kart,"카트라이더 러쉬플러스"
14:30,98,com.haegin.kbo,"2026 프로야구GO!"
14:30,99,com.screenshake.dominodreams,"Domino Dreams™ 도미노 드림"
14:30,100,com.fiveminlab.overgeared.hero.backpack.merge,"템빨용사: 픽셀 아이템 머지 RPG"
14:30,101,com.zzsjkr.google,"갓깨비 키우기-999뽑기 증정"
14:30,102,com.com2us.smon.normal.freefull.google.kr.android.common,"서머너즈 워 X 장송의 프리렌"
14:30,103,com.webzen.muangel.google,"뮤 모나크"
14:30,104,defense.roguelike.cell.shoot.survivor,"세포 특공대"
14:30,105,com.sopt.mafia42.client,"마피아42"
14:30,106,com.qjzj4399kr.google,"기적의 검"
14:30,107,com.wemade.nightcrows,"나이트 크로우"
14:30,108,com.bilibilihk.jujutsuphanparagp,"주술회전 팬텀 퍼레이드"
14:30,109,com.nexon.he,"히간: 이루실"
14:30,110,com.farlightgames.igame.gp,"AFK: 새로운 여정"
14:30,111,com.netmarble.stonkey,"스톤에이지 키우기"
14:30,112,com.greenmushroom.boomblitz.gp,"탑 히어로즈"
14:30,113,com.kr.firelite,"I9: 인페르노 나인(19) - 세로형 RPG"
14:30,114,com.ulugame.hdqykrob.google,"아케론:종말의 서곡"
14:30,115,com.camelgames.aoz,"에이지 오브 제트: 타워 디펜스"
14:30,116,com.ncsoft.lineagem,"리니지M(12)"
14:30,117,com.ddup.zombiewaves.zw,"좀비 웨이브스"
14:30,118,com.netmarble.bnsmkr,"블레이드&소울 레볼루션"
14:30,119,com.ryonggame.soulhunteridle,"소울 헌터 키우기 : 방치형 RPG"
14:30,120,com.xd.xdtglobal.gp,"두근두근타운"
14:30,121,com.EightStudio.BlightWar,"블라이트 워 : 방치형 RPG"
14:30,122,jp.konami.masterduel,"Yu-Gi-Oh! Master Duel"
14:30,123,com.global.ztmslgkr,"퍼즐 오브 Z"
14:30,124,com.ujoygp.flower,"오늘의 꽃"
14:30,125,com.smilegate.lordnine.stove.google,"로드나인"
14:30,126,com.merge.game.foodstars,"푸드스타: 합쳐서 요리하기"
14:30,127,com.nspgames.dungeonslasher,"던전 슬래셔"
14:30,128,net.gameduo.gv,"캣 히어로 : 방치형 RPG"
14:30,129,com.gear2.growslayer,"슬레이어 키우기"
14:30,130,com.nexon.mdnf,"던전앤파이터 모바일"
14:30,131,com.neowizgames.game.browndust2,"브라운더스트2 - 가슴 벅찬 RPG"
14:30,132,com.ylqdhkr.gp,"엔터테인먼트 거물"
14:30,133,com.dreamwalker.kr.gp,"꿈의 여행자: 별빛 여정"
14:30,134,com.lilithgames.rok.gpkr,"라이즈 오브 킹덤즈"
14:30,135,com.kakaogames.friendsKing,"프렌즈팝콘"
14:30,136,com.gamespark.topking.gp,"탑 로드"
14:30,137,com.YoStarKR.Arknights,"명일방주"
14:30,138,com.riotgames.league.wildrift,"리그 오브 레전드: 와일드 리프트"
14:30,139,com.zy.wqmt.global,"무기미도"
14:30,140,com.devsisters.gb,"쿠키런: 오븐브레이크"
14:30,141,com.linegames.uwogl,"대항해시대 오리진"
14:30,142,com.pocketchamps.game,"포켓 챔프: 3D 레이싱 게임"
14:30,143,com.xone.gpkr,"ASURA: 블러드 앤 소울"
14:30,144,com.hybeim.architect,"아키텍트: 랜드 오브 엑자일"
14:30,145,com.xmh.rpg.kr.an,"스카이 어비스: 혈맹의 서약"
14:30,146,com.igg.android.doomsdaylastsurvivors,"둠스데이: 영웅의 여정"
14:30,147,com.mobile.legends,"모바일 레전드: Bang Bang"
14:30,148,com.sundaytoz.mobile.anipang2.google.kakao.service,"애니팡2 - 3매치 퍼즐게임"
14:30,149,com.MelsoftGames.FamilyIslandFarm,"패밀리 아일랜드 - 농장모험게임"
14:30,150,com.yzlmkr.google,"우와 모험단"
14:30,151,com.mxdzzkr.google,"버섯커 키우기-3000뽑기 증정"
14:30,152,com.kakaogames.umamusume,"우마무스메 프리티 더비"
14:30,153,com.gear2.letsgolegends,"레츠고 레전드!"
14:30,154,kr.txwy.and.blhx,"벽람항로"
14:30,155,com.netmarble.arthdal,"아스달 연대기: 세 개의 세력"
14:30,156,com.games.foundation,"파운데이션: 우주 전선"
14:30,157,com.hdfzxrpg.googlelb,"해적 키우기-방치형 RPG"
14:30,158,com.superplaystudios.dicedreams,"Dice Dreams™️ 다이스 드림"
14:30,159,com.Chodun.CatGunner,"총잡이 고양이 : 방치형 키우기 RPG"
14:30,160,com.galasports.totalfootball.kr,"Total Football - 2026 북중미 시즌"
14:30,161,com.superpixel.undyinghero,"불사용사 키우기 : 방치형 RPG"
14:30,162,com.plarium.raidlegends,"레이드: 그림자의 전설"
14:30,163,com.fatr.global,"호텔 레거시: 합성&리모델링"
14:30,164,apli879756.vmz,"괴수: 진화 연대기"
14:30,165,com.estgames.cabalr.kr.ls,"카발RED"
14:30,166,com.com2us.ninepb3d.normal.freefull.google.global.android.common,"MLB 9이닝스 26"
14:30,167,com.ratinghope.gplay,"타이탄 러쉬: 서바이벌"
14:30,168,com.bandainamcoent.gget_WW,"SD건담 지 제네레이션 이터널"
14:30,169,com.joycastle.mergematch,"Matching Story - Puzzle Games"
14:30,170,com.ea.huntingsniper,"헌팅 스나이퍼"
14:30,171,com.kr.lfhsgp,"그레이 사가"
14:30,172,com.supercell.clashroyale,"클래시 로얄 (Clash Royale)"
14:30,173,com.sundaytoz.kakao.anipang3.service,"애니팡3 - 매치 3 퍼즐"
14:30,174,com.blizzard.diablo.immortal,"디아블로 이모탈"
14:30,175,com.riftsky.mhg.kr.gp,"더 코지 플로리스트"
14:30,176,com.redveilone.vardian,"바르디안 : 피의 맹세"
14:30,177,com.sundaytoz.kakao.anipang4,"애니팡4: 매치3 퍼즐 게임"
14:30,178,net.peakgames.toonblast,"Toon Blast"
14:30,179,com.mojang.minecraftpe,"Minecraft: 나만의 세계를 꿈꾸고 만들어보세요"
14:30,180,com.gearpaw.defenders.td.game,"기어몬: 타워 디펜스"
14:30,181,com.cyberjoy.galaxydefense,"갤럭시 디펜스 (Galaxy Defense)"
14:30,182,com.com2us.futuremlb.android.google.global.normal,"MLB 9이닝스 라이벌 26"
14:30,183,com.rxjhkr.an,"열혈강호: 귀환"
14:30,184,com.moonactive.cmboard,"Coin Master: 보드 어드벤처"
14:30,185,com.stove.epic7.google,"에픽세븐"
14:30,186,com.smilegate.chaoszero.stove.google,"카오스 제로 나이트메어"
14:30,187,com.kakaogames.ares,"아레스 : 라이즈 오브 가디언즈"
14:30,188,com.bladetw.bd,"블리치: 소울 레조넌스"
14:30,189,com.bandainamcoent.dgup_ww,"디지몬 UP"
14:30,190,com.netmarble.ma9bkr,"마구마구 2026: 풀체인지"
14:30,191,com.smallgiantgames.empires,"엠파이어 & 퍼즐 (Empires & Puzzles)"
14:30,192,com.ChoGames.DogPigClassic,"멍꿀 클래식 : 방치형 파밍 RPG"
14:30,193,com.dwjp.gp,"애니멀 가든 - 진짜 꽃다발을 배달돼요!"
14:30,194,net.gameduo.anotherdungeon,"어나더던전"
14:30,195,com.multicastgames.butcher,"Butcher hero: 서바이벌 RPG"
14:30,196,com.justgame.jails,"랜드 오브 제일"
14:30,197,group.theorigin.themaxlevelreturner,"나 혼자 만렙 키우기"
14:30,198,com.blizzard.wtcg.hearthstone,"하스스톤"
14:30,199,com.linegames.gm,"창세기전 모바일 - 서풍의 광시곡"
14:30,200,com.wemadeconnect.aos.lostdgl,"로스트 소드"
15:30,1,com.gof.global,"WOS: 화이트아웃 서바이벌"
15:30,2,com.netmarble.sol,"SOL: enchant"
15:30,3,com.run.tower.defense,"킹샷:Kingshot"
15:30,4,com.devsisters.cc,"쿠키런 키우기 - 쿠키런: 크럼블"
15:30,5,com.ncsoft.lineagem19,"리니지M"
15:30,6,com.mergegames.gossipharbor,"가십하버: 합성 & 스토리 게임"
15:30,7,com.dreamgames.royalmatch,"로얄 매치 Royal Match"
15:30,8,com.fun.lastwar.gp,"라스트 워: 서바이벌"
15:30,9,com.roblox.client,"로블록스 (Roblox)"
15:30,10,com.nexon.ma,"메이플 키우기"
15:30,11,com.rxjhglkr.gp,"열혈강호: 넥스트"
15:30,12,com.proximabeta.nikke,"승리의 여신: 니케"
15:30,13,com.kakaogames.odin,"오딘: 발할라 라이징"
15:30,14,com.nhnent.Qpoker,"한게임 포커"
15:30,15,com.nhnent.pokerclassic,"한게임포커 클래식 : 7포커 홀덤 섯다 훌라 슬롯"
15:30,16,com.HoYoverse.Nap,"젠레스 존 제로 - 주년 기념"
15:30,17,com.percent.aos.luckydefense,"운빨존많겜"
15:30,18,com.miHoYo.GenshinImpact,"원신-스네즈나야 오픈"
15:30,19,com.phs.global,"라스트 어사일럼: 페스트"
15:30,20,com.kurogame.wutheringwaves.global,"명조:워더링 웨이브 - 현방 지계를 향하여"
15:30,21,com.readygo.barrel.gp,"라스트 Z: 서바이벌 슈터"
15:30,22,com.fatmerge.global,"테이스티 트레블: 합성 게임"
15:30,23,com.gamedots.seasideescape,"씨사이드 익스케이프: 합성 & 스토리 게임"
15:30,24,com.playrix.gardenscapes,"꿈의 정원 (Gardenscapes)"
15:30,25,com.supercell.brawlstars,"브롤스타즈"
15:30,26,com.nexon.fmk,"FC 모바일"
15:30,27,com.nexon.nsc.maplem,"메이플스토리M"
15:30,28,com.dreamgames.royalkingdom,"로얄 킹덤 (Royal Kingdom)"
15:30,29,com.ncsoft.lineagew,"리니지W"
15:30,30,com.epidgames.trickcalrevive,"트릭컬 리바이브"
15:30,31,com.netmarble.thered,"뱀피르"
15:30,32,com.nexon.devcat.mm,"마비노기 모바일"
15:30,33,com.neowiz.games.poker,"피망 포커 : 카지노 로얄 - 홀덤, 7포커, 바둑이"
15:30,34,game.qualiarts.hololive.dreams.com,"hololive Dreams"
15:30,35,com.fowgames.kingdom2,"킹덤2: 타오르는 전장"
15:30,36,net.kernys.aooni,"좀비고등학교"
15:30,37,com.com2us.futurecpb.android.google.global.normal,"컴투스프로야구V26"
15:30,38,com.percent.aos.cooptd,"협타디: 협동 타워 디펜스"
15:30,39,com.NHNEnt.MSudda,"한게임 섯다&맞고"
15:30,40,com.king.candycrushsaga,"캔디크러쉬사가 (Candy Crush Saga)"
15:30,41,com.HoYoverse.hkrpgoversea,"붕괴: 스타레일"
15:30,42,com.netmarble.fgok,"페이트/그랜드 오더"
15:30,43,com.pubg.krmobile,"배틀그라운드"
15:30,44,com.nexon.fo4m,"EA SPORTS FC Online M"
15:30,45,com.gravity.romkrzeny.aos,"라그나로크M: Classic"
15:30,46,com.cedargames.mysterytown,"미스터리 타운: 합성 게임 (Mystery Town)"
15:30,47,com.netmarble.rfnext,"RF 온라인 넥스트"
15:30,48,com.cola.game,"핫레스토랑: 머지&쿠킹"
15:30,49,com.playrix.homescapes,"꿈의 집 (Homescapes)"
15:30,50,com.ncsoft.aion2,"AION2"
15:30,51,com.kr.firegp,"I9: 인페르노 나인"
15:30,52,com.netmarble.tskgb,"세븐나이츠 리버스"
15:30,53,com.bhk.newslgkr,"삼국지: 천하결전"
15:30,54,kr.haoplay.game.and.reverse,"리버스: 1999"
15:30,55,com.kingsgroup.sos,"S.O.S: 스테이트 오브 서바이벌"
15:30,56,com.hollywood.merge,"할리우드 머지"
15:30,57,com.webzen.mumonarch2.google,"뮤 모나크2"
15:30,58,com.jsjskr.google,"토이 삼국"
15:30,59,com.gryphline.endfield.gp,"명일방주: 엔드필드"
15:30,60,com.playrix.township,"꿈의 마을 (Township)"
15:30,61,com.readygo.dark.gp,"Dark War Survival"
15:30,62,jp.konami.pesam,"eFootball™"
15:30,63,com.nianticlabs.pokemongo,"Pokémon GO"
15:30,64,com.NHNEnt.NDuelgo,"한게임 신맞고 : 대한민국 원조 고스톱"
15:30,65,com.neowiz.games.newmatgo,"피망 뉴맞고: 고스톱 대표 맞고 게임"
15:30,66,jp.co.ponos.battlecatskr,"냥코 대전쟁"
15:30,67,com.ncsoft.lineage2m19,"리니지2M"
15:30,68,com.superplaystudios.disneysolitairedreams,"Disney Solitaire 디즈니 솔리테어"
15:30,69,com.merge.cooking.theme.restaurant.food,"머지 쿠킹 테마 레스토랑"
15:30,70,io.randomco.travel,"Travel Town - 결합 어드벤처"
15:30,71,com.netease.dunkcdjp,"NBA 덩크 시티"
15:30,72,com.dlw.kr.google,"시티 데몬헌터즈: 각성자들"
15:30,73,com.haoplay.game.and.exilium,"소녀전선2: 망명"
15:30,74,com.pockethaven.roguelegend,"로그 레전드: 로그라이크 RPG"
15:30,75,com.hariwn.legendofcivilizations,"포지 마스터 (Forge Master)"
15:30,76,com.joycity.im,"임진왜란: 조선의 반격"
15:30,77,com.ProjectMoon.LimbusCompany,"Limbus Company"
15:30,78,com.com2us.probaseball3d.normal.freefull.google.global.android.common,"컴투스프로야구2026"
15:30,79,com.nhn.AApoker,"한게임 로얄홀덤"
15:30,80,com.zempot.wplpoker,"WPL : 홀덤, 토너먼트, 오마하, 올인폴드, 픽앤고"
15:30,81,com.gametree.lhlr.gp,"그놈은 드래곤"
15:30,82,com.mhclyxpb.gatja,"동방 찻집"
15:30,83,com.funplus.ts.global,"타일 서바이벌"
15:30,84,com.highbrow.games.dvo,"드래곤빌리지3"
15:30,85,com.billionairegames.serares,"변신 키우기"
15:30,86,com.kakaogames.aaw,"아키에이지 워 (ArcheAge WAR)"
15:30,87,com.dwgames.chunorpg,"추노 키우기"
15:30,88,com.playrix.fishdomdd.gplay,"피쉬돔 (Fishdom)"
15:30,89,com.devsisters.ck,"쿠키런: 킹덤"
15:30,90,com.netmarble.raven2,"레이븐2"
15:30,91,com.hottagames.nte,"이환"
15:30,92,com.orienjoy.heroland.kr,"히어로 랜드M"
15:30,93,com.netmarble.lineageII,"리니지2 레볼루션"
15:30,94,com.xman.kr.gp,"X 클래시"
15:30,95,com.supercell.clashofclans,"클래시 오브 클랜"
15:30,96,com.play.merge.restyle,"Merge Restyle"
15:30,97,com.nexon.kart,"카트라이더 러쉬플러스"
15:30,98,com.haegin.kbo,"2026 프로야구GO!"
15:30,99,com.screenshake.dominodreams,"Domino Dreams™ 도미노 드림"
15:30,100,com.fiveminlab.overgeared.hero.backpack.merge,"템빨용사: 픽셀 아이템 머지 RPG"
15:30,101,com.qjzj4399kr.google,"기적의 검"
15:30,102,com.zzsjkr.google,"갓깨비 키우기-999뽑기 증정"
15:30,103,com.com2us.smon.normal.freefull.google.kr.android.common,"서머너즈 워 X 장송의 프리렌"
15:30,104,com.webzen.muangel.google,"뮤 모나크"
15:30,105,defense.roguelike.cell.shoot.survivor,"세포 특공대"
15:30,106,com.sopt.mafia42.client,"마피아42"
15:30,107,com.wemade.nightcrows,"나이트 크로우"
15:30,108,com.nexon.he,"히간: 이루실"
15:30,109,com.netmarble.stonkey,"스톤에이지 키우기"
15:30,110,com.bilibilihk.jujutsuphanparagp,"주술회전 팬텀 퍼레이드"
15:30,111,com.farlightgames.igame.gp,"AFK: 새로운 여정"
15:30,112,com.greenmushroom.boomblitz.gp,"탑 히어로즈"
15:30,113,com.ulugame.hdqykrob.google,"아케론:종말의 서곡"
15:30,114,com.kr.firelite,"I9: 인페르노 나인(19) - 세로형 RPG"
15:30,115,com.camelgames.aoz,"에이지 오브 제트: 타워 디펜스"
15:30,116,com.ddup.zombiewaves.zw,"좀비 웨이브스"
15:30,117,com.netmarble.bnsmkr,"블레이드&소울 레볼루션"
15:30,118,com.ryonggame.soulhunteridle,"소울 헌터 키우기 : 방치형 RPG"
15:30,119,com.global.ztmslgkr,"퍼즐 오브 Z"
15:30,120,com.xd.xdtglobal.gp,"두근두근타운"
15:30,121,com.EightStudio.BlightWar,"블라이트 워 : 방치형 RPG"
15:30,122,jp.konami.masterduel,"Yu-Gi-Oh! Master Duel"
15:30,123,com.ujoygp.flower,"오늘의 꽃"
15:30,124,com.smilegate.lordnine.stove.google,"로드나인"
15:30,125,com.merge.game.foodstars,"푸드스타: 합쳐서 요리하기"
15:30,126,com.nspgames.dungeonslasher,"던전 슬래셔"
15:30,127,net.gameduo.gv,"캣 히어로 : 방치형 RPG"
15:30,128,com.gear2.growslayer,"슬레이어 키우기"
15:30,129,com.nexon.mdnf,"던전앤파이터 모바일"
15:30,130,com.gamespark.topking.gp,"탑 로드"
15:30,131,com.neowizgames.game.browndust2,"브라운더스트2 - 가슴 벅찬 RPG"
15:30,132,com.ylqdhkr.gp,"엔터테인먼트 거물"
15:30,133,com.dreamwalker.kr.gp,"꿈의 여행자: 별빛 여정"
15:30,134,com.lilithgames.rok.gpkr,"라이즈 오브 킹덤즈"
15:30,135,com.kakaogames.friendsKing,"프렌즈팝콘"
15:30,136,com.YoStarKR.Arknights,"명일방주"
15:30,137,com.riotgames.league.wildrift,"리그 오브 레전드: 와일드 리프트"
15:30,138,com.zy.wqmt.global,"무기미도"
15:30,139,com.ncsoft.lineagem,"리니지M(12)"
15:30,140,com.hybeim.architect,"아키텍트: 랜드 오브 엑자일"
15:30,141,com.devsisters.gb,"쿠키런: 오븐브레이크"
15:30,142,com.linegames.uwogl,"대항해시대 오리진"
15:30,143,com.pocketchamps.game,"포켓 챔프: 3D 레이싱 게임"
15:30,144,com.xone.gpkr,"ASURA: 블러드 앤 소울"
15:30,145,com.xmh.rpg.kr.an,"스카이 어비스: 혈맹의 서약"
15:30,146,com.igg.android.doomsdaylastsurvivors,"둠스데이: 영웅의 여정"
15:30,147,com.mobile.legends,"모바일 레전드: Bang Bang"
15:30,148,com.sundaytoz.mobile.anipang2.google.kakao.service,"애니팡2 - 3매치 퍼즐게임"
15:30,149,com.MelsoftGames.FamilyIslandFarm,"패밀리 아일랜드 - 농장모험게임"
15:30,150,com.yzlmkr.google,"우와 모험단"
15:30,151,com.mxdzzkr.google,"버섯커 키우기-3000뽑기 증정"
15:30,152,com.kakaogames.umamusume,"우마무스메 프리티 더비"
15:30,153,com.gear2.letsgolegends,"레츠고 레전드!"
15:30,154,kr.txwy.and.blhx,"벽람항로"
15:30,155,com.netmarble.arthdal,"아스달 연대기: 세 개의 세력"
15:30,156,com.games.foundation,"파운데이션: 우주 전선"
15:30,157,com.hdfzxrpg.googlelb,"해적 키우기-방치형 RPG"
15:30,158,com.superplaystudios.dicedreams,"Dice Dreams™️ 다이스 드림"
15:30,159,com.Chodun.CatGunner,"총잡이 고양이 : 방치형 키우기 RPG"
15:30,160,com.galasports.totalfootball.kr,"Total Football - 2026 북중미 시즌"
15:30,161,com.superpixel.undyinghero,"불사용사 키우기 : 방치형 RPG"
15:30,162,com.plarium.raidlegends,"레이드: 그림자의 전설"
15:30,163,com.fatr.global,"호텔 레거시: 합성&리모델링"
15:30,164,apli879756.vmz,"괴수: 진화 연대기"
15:30,165,com.com2us.ninepb3d.normal.freefull.google.global.android.common,"MLB 9이닝스 26"
15:30,166,com.estgames.cabalr.kr.ls,"카발RED"
15:30,167,com.ratinghope.gplay,"타이탄 러쉬: 서바이벌"
15:30,168,com.bandainamcoent.gget_WW,"SD건담 지 제네레이션 이터널"
15:30,169,com.joycastle.mergematch,"Matching Story - Puzzle Games"
15:30,170,com.ea.huntingsniper,"헌팅 스나이퍼"
15:30,171,com.redveilone.vardian,"바르디안 : 피의 맹세"
15:30,172,com.kr.lfhsgp,"그레이 사가"
15:30,173,com.supercell.clashroyale,"클래시 로얄 (Clash Royale)"
15:30,174,com.sundaytoz.kakao.anipang3.service,"애니팡3 - 매치 3 퍼즐"
15:30,175,com.blizzard.diablo.immortal,"디아블로 이모탈"
15:30,176,com.riftsky.mhg.kr.gp,"더 코지 플로리스트"
15:30,177,com.sundaytoz.kakao.anipang4,"애니팡4: 매치3 퍼즐 게임"
15:30,178,net.peakgames.toonblast,"Toon Blast"
15:30,179,com.mojang.minecraftpe,"Minecraft: 나만의 세계를 꿈꾸고 만들어보세요"
15:30,180,com.gearpaw.defenders.td.game,"기어몬: 타워 디펜스"
15:30,181,com.cyberjoy.galaxydefense,"갤럭시 디펜스 (Galaxy Defense)"
15:30,182,com.com2us.futuremlb.android.google.global.normal,"MLB 9이닝스 라이벌 26"
15:30,183,com.rxjhkr.an,"열혈강호: 귀환"
15:30,184,com.moonactive.cmboard,"Coin Master: 보드 어드벤처"
15:30,185,com.stove.epic7.google,"에픽세븐"
15:30,186,com.smilegate.chaoszero.stove.google,"카오스 제로 나이트메어"
15:30,187,com.kakaogames.ares,"아레스 : 라이즈 오브 가디언즈"
15:30,188,com.bladetw.bd,"블리치: 소울 레조넌스"
15:30,189,com.bandainamcoent.dgup_ww,"디지몬 UP"
15:30,190,com.netmarble.ma9bkr,"마구마구 2026: 풀체인지"
15:30,191,com.smallgiantgames.empires,"엠파이어 & 퍼즐 (Empires & Puzzles)"
15:30,192,com.ChoGames.DogPigClassic,"멍꿀 클래식 : 방치형 파밍 RPG"
15:30,193,com.dwjp.gp,"애니멀 가든 - 진짜 꽃다발을 배달돼요!"
15:30,194,com.blizzard.wtcg.hearthstone,"하스스톤"
15:30,195,net.gameduo.anotherdungeon,"어나더던전"
15:30,196,com.multicastgames.butcher,"Butcher hero: 서바이벌 RPG"
15:30,197,com.justgame.jails,"랜드 오브 제일"
15:30,198,group.theorigin.themaxlevelreturner,"나 혼자 만렙 키우기"
15:30,199,com.linegames.gm,"창세기전 모바일 - 서풍의 광시곡"
15:30,200,com.wemadeconnect.aos.lostdgl,"로스트 소드"
17:00,1,com.netmarble.sol,"SOL: enchant"
17:00,2,com.gof.global,"WOS: 화이트아웃 서바이벌"
17:00,3,com.run.tower.defense,"킹샷:Kingshot"
17:00,4,com.ncsoft.lineagem19,"리니지M"
17:00,5,com.devsisters.cc,"쿠키런 키우기 - 쿠키런: 크럼블"
17:00,6,com.mergegames.gossipharbor,"가십하버: 합성 & 스토리 게임"
17:00,7,com.dreamgames.royalmatch,"로얄 매치 Royal Match"
17:00,8,com.fun.lastwar.gp,"라스트 워: 서바이벌"
17:00,9,com.roblox.client,"로블록스 (Roblox)"
17:00,10,com.nexon.ma,"메이플 키우기"
17:00,11,com.rxjhglkr.gp,"열혈강호: 넥스트"
17:00,12,com.proximabeta.nikke,"승리의 여신: 니케"
17:00,13,com.kakaogames.odin,"오딘: 발할라 라이징"
17:00,14,com.nhnent.Qpoker,"한게임 포커"
17:00,15,com.nhnent.pokerclassic,"한게임포커 클래식 : 7포커 홀덤 섯다 훌라 슬롯"
17:00,16,com.HoYoverse.Nap,"젠레스 존 제로 - 주년 기념"
17:00,17,com.percent.aos.luckydefense,"운빨존많겜"
17:00,18,com.miHoYo.GenshinImpact,"원신-스네즈나야 오픈"
17:00,19,com.phs.global,"라스트 어사일럼: 페스트"
17:00,20,com.kurogame.wutheringwaves.global,"명조:워더링 웨이브 - 현방 지계를 향하여"
17:00,21,com.readygo.barrel.gp,"라스트 Z: 서바이벌 슈터"
17:00,22,com.fatmerge.global,"테이스티 트레블: 합성 게임"
17:00,23,com.gamedots.seasideescape,"씨사이드 익스케이프: 합성 & 스토리 게임"
17:00,24,com.playrix.gardenscapes,"꿈의 정원 (Gardenscapes)"
17:00,25,com.supercell.brawlstars,"브롤스타즈"
17:00,26,com.nexon.fmk,"FC 모바일"
17:00,27,com.nexon.nsc.maplem,"메이플스토리M"
17:00,28,com.dreamgames.royalkingdom,"로얄 킹덤 (Royal Kingdom)"
17:00,29,com.ncsoft.lineagew,"리니지W"
17:00,30,com.epidgames.trickcalrevive,"트릭컬 리바이브"
17:00,31,com.netmarble.thered,"뱀피르"
17:00,32,com.nexon.devcat.mm,"마비노기 모바일"
17:00,33,com.neowiz.games.poker,"피망 포커 : 카지노 로얄 - 홀덤, 7포커, 바둑이"
17:00,34,game.qualiarts.hololive.dreams.com,"hololive Dreams"
17:00,35,com.fowgames.kingdom2,"킹덤2: 타오르는 전장"
17:00,36,com.com2us.futurecpb.android.google.global.normal,"컴투스프로야구V26"
17:00,37,net.kernys.aooni,"좀비고등학교"
17:00,38,com.percent.aos.cooptd,"협타디: 협동 타워 디펜스"
17:00,39,com.NHNEnt.MSudda,"한게임 섯다&맞고"
17:00,40,com.king.candycrushsaga,"캔디크러쉬사가 (Candy Crush Saga)"
17:00,41,com.HoYoverse.hkrpgoversea,"붕괴: 스타레일"
17:00,42,com.netmarble.fgok,"페이트/그랜드 오더"
17:00,43,com.pubg.krmobile,"배틀그라운드"
17:00,44,com.nexon.fo4m,"EA SPORTS FC Online M"
17:00,45,com.gravity.romkrzeny.aos,"라그나로크M: Classic"
17:00,46,com.cedargames.mysterytown,"미스터리 타운: 합성 게임 (Mystery Town)"
17:00,47,com.netmarble.rfnext,"RF 온라인 넥스트"
17:00,48,com.cola.game,"핫레스토랑: 머지&쿠킹"
17:00,49,com.playrix.homescapes,"꿈의 집 (Homescapes)"
17:00,50,com.ncsoft.aion2,"AION2"
17:00,51,com.kr.firegp,"I9: 인페르노 나인"
17:00,52,com.netmarble.tskgb,"세븐나이츠 리버스"
17:00,53,com.bhk.newslgkr,"삼국지: 천하결전"
17:00,54,kr.haoplay.game.and.reverse,"리버스: 1999"
17:00,55,com.kingsgroup.sos,"S.O.S: 스테이트 오브 서바이벌"
17:00,56,com.hollywood.merge,"할리우드 머지"
17:00,57,com.webzen.mumonarch2.google,"뮤 모나크2"
17:00,58,com.jsjskr.google,"토이 삼국"
17:00,59,com.gryphline.endfield.gp,"명일방주: 엔드필드"
17:00,60,com.playrix.township,"꿈의 마을 (Township)"
17:00,61,com.readygo.dark.gp,"Dark War Survival"
17:00,62,jp.konami.pesam,"eFootball™"
17:00,63,com.nianticlabs.pokemongo,"Pokémon GO"
17:00,64,com.NHNEnt.NDuelgo,"한게임 신맞고 : 대한민국 원조 고스톱"
17:00,65,com.neowiz.games.newmatgo,"피망 뉴맞고: 고스톱 대표 맞고 게임"
17:00,66,jp.co.ponos.battlecatskr,"냥코 대전쟁"
17:00,67,com.ncsoft.lineage2m19,"리니지2M"
17:00,68,com.superplaystudios.disneysolitairedreams,"Disney Solitaire 디즈니 솔리테어"
17:00,69,com.merge.cooking.theme.restaurant.food,"머지 쿠킹 테마 레스토랑"
17:00,70,io.randomco.travel,"Travel Town - 결합 어드벤처"
17:00,71,com.netease.dunkcdjp,"NBA 덩크 시티"
17:00,72,com.dlw.kr.google,"시티 데몬헌터즈: 각성자들"
17:00,73,com.joycity.im,"임진왜란: 조선의 반격"
17:00,74,com.haoplay.game.and.exilium,"소녀전선2: 망명"
17:00,75,com.pockethaven.roguelegend,"로그 레전드: 로그라이크 RPG"
17:00,76,com.hariwn.legendofcivilizations,"포지 마스터 (Forge Master)"
17:00,77,com.ProjectMoon.LimbusCompany,"Limbus Company"
17:00,78,com.com2us.probaseball3d.normal.freefull.google.global.android.common,"컴투스프로야구2026"
17:00,79,com.nhn.AApoker,"한게임 로얄홀덤"
17:00,80,com.zempot.wplpoker,"WPL : 홀덤, 토너먼트, 오마하, 올인폴드, 픽앤고"
17:00,81,com.gametree.lhlr.gp,"그놈은 드래곤"
17:00,82,com.mhclyxpb.gatja,"동방 찻집"
17:00,83,com.funplus.ts.global,"타일 서바이벌"
17:00,84,com.highbrow.games.dvo,"드래곤빌리지3"
17:00,85,com.billionairegames.serares,"변신 키우기"
17:00,86,com.kakaogames.aaw,"아키에이지 워 (ArcheAge WAR)"
17:00,87,com.dwgames.chunorpg,"추노 키우기"
17:00,88,com.playrix.fishdomdd.gplay,"피쉬돔 (Fishdom)"
17:00,89,com.devsisters.ck,"쿠키런: 킹덤"
17:00,90,com.netmarble.raven2,"레이븐2"
17:00,91,com.hottagames.nte,"이환"
17:00,92,com.orienjoy.heroland.kr,"히어로 랜드M"
17:00,93,com.netmarble.lineageII,"리니지2 레볼루션"
17:00,94,com.xman.kr.gp,"X 클래시"
17:00,95,com.supercell.clashofclans,"클래시 오브 클랜"
17:00,96,com.play.merge.restyle,"Merge Restyle"
17:00,97,com.nexon.kart,"카트라이더 러쉬플러스"
17:00,98,com.haegin.kbo,"2026 프로야구GO!"
17:00,99,com.zzsjkr.google,"갓깨비 키우기-999뽑기 증정"
17:00,100,com.screenshake.dominodreams,"Domino Dreams™ 도미노 드림"
17:00,101,com.fiveminlab.overgeared.hero.backpack.merge,"템빨용사: 픽셀 아이템 머지 RPG"
17:00,102,com.qjzj4399kr.google,"기적의 검"
17:00,103,com.com2us.smon.normal.freefull.google.kr.android.common,"서머너즈 워 X 장송의 프리렌"
17:00,104,com.webzen.muangel.google,"뮤 모나크"
17:00,105,defense.roguelike.cell.shoot.survivor,"세포 특공대"
17:00,106,com.sopt.mafia42.client,"마피아42"
17:00,107,com.wemade.nightcrows,"나이트 크로우"
17:00,108,com.nexon.he,"히간: 이루실"
17:00,109,com.netmarble.stonkey,"스톤에이지 키우기"
17:00,110,com.bilibilihk.jujutsuphanparagp,"주술회전 팬텀 퍼레이드"
17:00,111,com.farlightgames.igame.gp,"AFK: 새로운 여정"
17:00,112,com.greenmushroom.boomblitz.gp,"탑 히어로즈"
17:00,113,com.ulugame.hdqykrob.google,"아케론:종말의 서곡"
17:00,114,com.kr.firelite,"I9: 인페르노 나인(19) - 세로형 RPG"
17:00,115,com.ddup.zombiewaves.zw,"좀비 웨이브스"
17:00,116,com.camelgames.aoz,"에이지 오브 제트: 타워 디펜스"
17:00,117,com.netmarble.bnsmkr,"블레이드&소울 레볼루션"
17:00,118,com.ryonggame.soulhunteridle,"소울 헌터 키우기 : 방치형 RPG"
17:00,119,com.global.ztmslgkr,"퍼즐 오브 Z"
17:00,120,com.ujoygp.flower,"오늘의 꽃"
17:00,121,com.xd.xdtglobal.gp,"두근두근타운"
17:00,122,com.EightStudio.BlightWar,"블라이트 워 : 방치형 RPG"
17:00,123,jp.konami.masterduel,"Yu-Gi-Oh! Master Duel"
17:00,124,com.smilegate.lordnine.stove.google,"로드나인"
17:00,125,com.merge.game.foodstars,"푸드스타: 합쳐서 요리하기"
17:00,126,com.nspgames.dungeonslasher,"던전 슬래셔"
17:00,127,net.gameduo.gv,"캣 히어로 : 방치형 RPG"
17:00,128,com.gear2.growslayer,"슬레이어 키우기"
17:00,129,com.nexon.mdnf,"던전앤파이터 모바일"
17:00,130,com.gamespark.topking.gp,"탑 로드"
17:00,131,com.kakaogames.friendsKing,"프렌즈팝콘"
17:00,132,com.dreamwalker.kr.gp,"꿈의 여행자: 별빛 여정"
17:00,133,com.lilithgames.rok.gpkr,"라이즈 오브 킹덤즈"
17:00,134,com.neowizgames.game.browndust2,"브라운더스트2 - 가슴 벅찬 RPG"
17:00,135,com.ylqdhkr.gp,"엔터테인먼트 거물"
17:00,136,com.devsisters.gb,"쿠키런: 오븐브레이크"
17:00,137,com.YoStarKR.Arknights,"명일방주"
17:00,138,com.riotgames.league.wildrift,"리그 오브 레전드: 와일드 리프트"
17:00,139,com.zy.wqmt.global,"무기미도"
17:00,140,com.ncsoft.lineagem,"리니지M(12)"
17:00,141,com.xone.gpkr,"ASURA: 블러드 앤 소울"
17:00,142,com.hybeim.architect,"아키텍트: 랜드 오브 엑자일"
17:00,143,com.linegames.uwogl,"대항해시대 오리진"
17:00,144,com.yzlmkr.google,"우와 모험단"
17:00,145,com.pocketchamps.game,"포켓 챔프: 3D 레이싱 게임"
17:00,146,com.xmh.rpg.kr.an,"스카이 어비스: 혈맹의 서약"
17:00,147,com.igg.android.doomsdaylastsurvivors,"둠스데이: 영웅의 여정"
17:00,148,com.mobile.legends,"모바일 레전드: Bang Bang"
17:00,149,com.sundaytoz.mobile.anipang2.google.kakao.service,"애니팡2 - 3매치 퍼즐게임"
17:00,150,com.MelsoftGames.FamilyIslandFarm,"패밀리 아일랜드 - 농장모험게임"
17:00,151,com.hdfzxrpg.googlelb,"해적 키우기-방치형 RPG"
17:00,152,com.mxdzzkr.google,"버섯커 키우기-3000뽑기 증정"
17:00,153,com.kakaogames.umamusume,"우마무스메 프리티 더비"
17:00,154,kr.txwy.and.blhx,"벽람항로"
17:00,155,com.gear2.letsgolegends,"레츠고 레전드!"
17:00,156,com.netmarble.arthdal,"아스달 연대기: 세 개의 세력"
17:00,157,com.galasports.totalfootball.kr,"Total Football - 2026 북중미 시즌"
17:00,158,com.games.foundation,"파운데이션: 우주 전선"
17:00,159,com.superplaystudios.dicedreams,"Dice Dreams™️ 다이스 드림"
17:00,160,com.Chodun.CatGunner,"총잡이 고양이 : 방치형 키우기 RPG"
17:00,161,com.superpixel.undyinghero,"불사용사 키우기 : 방치형 RPG"
17:00,162,com.plarium.raidlegends,"레이드: 그림자의 전설"
17:00,163,com.fatr.global,"호텔 레거시: 합성&리모델링"
17:00,164,apli879756.vmz,"괴수: 진화 연대기"
17:00,165,com.estgames.cabalr.kr.ls,"카발RED"
17:00,166,com.com2us.ninepb3d.normal.freefull.google.global.android.common,"MLB 9이닝스 26"
17:00,167,com.ratinghope.gplay,"타이탄 러쉬: 서바이벌"
17:00,168,com.bandainamcoent.gget_WW,"SD건담 지 제네레이션 이터널"
17:00,169,com.joycastle.mergematch,"Matching Story - Puzzle Games"
17:00,170,com.sundaytoz.kakao.anipang3.service,"애니팡3 - 매치 3 퍼즐"
17:00,171,com.ea.huntingsniper,"헌팅 스나이퍼"
17:00,172,com.redveilone.vardian,"바르디안 : 피의 맹세"
17:00,173,com.kr.lfhsgp,"그레이 사가"
17:00,174,com.supercell.clashroyale,"클래시 로얄 (Clash Royale)"
17:00,175,com.blizzard.diablo.immortal,"디아블로 이모탈"
17:00,176,com.riftsky.mhg.kr.gp,"더 코지 플로리스트"
17:00,177,com.sundaytoz.kakao.anipang4,"애니팡4: 매치3 퍼즐 게임"
17:00,178,net.peakgames.toonblast,"Toon Blast"
17:00,179,com.mojang.minecraftpe,"Minecraft: 나만의 세계를 꿈꾸고 만들어보세요"
17:00,180,com.com2us.futuremlb.android.google.global.normal,"MLB 9이닝스 라이벌 26"
17:00,181,com.rxjhkr.an,"열혈강호: 귀환"
17:00,182,com.gearpaw.defenders.td.game,"기어몬: 타워 디펜스"
17:00,183,com.cyberjoy.galaxydefense,"갤럭시 디펜스 (Galaxy Defense)"
17:00,184,com.moonactive.cmboard,"Coin Master: 보드 어드벤처"
17:00,185,com.stove.epic7.google,"에픽세븐"
17:00,186,com.smilegate.chaoszero.stove.google,"카오스 제로 나이트메어"
17:00,187,com.kakaogames.ares,"아레스 : 라이즈 오브 가디언즈"
17:00,188,com.bladetw.bd,"블리치: 소울 레조넌스"
17:00,189,com.netmarble.ma9bkr,"마구마구 2026: 풀체인지"
17:00,190,com.dwjp.gp,"애니멀 가든 - 진짜 꽃다발을 배달돼요!"
17:00,191,com.bandainamcoent.dgup_ww,"디지몬 UP"
17:00,192,com.smallgiantgames.empires,"엠파이어 & 퍼즐 (Empires & Puzzles)"
17:00,193,com.ChoGames.DogPigClassic,"멍꿀 클래식 : 방치형 파밍 RPG"
17:00,194,com.blizzard.wtcg.hearthstone,"하스스톤"
17:00,195,net.gameduo.anotherdungeon,"어나더던전"
17:00,196,group.theorigin.themaxlevelreturner,"나 혼자 만렙 키우기"
17:00,197,com.multicastgames.butcher,"Butcher hero: 서바이벌 RPG"
17:00,198,com.justgame.jails,"랜드 오브 제일"
17:00,199,com.linegames.gm,"창세기전 모바일 - 서풍의 광시곡"
17:00,200,com.wemadeconnect.aos.lostdgl,"로스트 소드"
18:30,1,com.netmarble.sol,"SOL: enchant"
18:30,2,com.gof.global,"WOS: 화이트아웃 서바이벌"
18:30,3,com.run.tower.defense,"킹샷:Kingshot"
18:30,4,com.ncsoft.lineagem19,"리니지M"
18:30,5,com.devsisters.cc,"쿠키런 키우기 - 쿠키런: 크럼블"
18:30,6,com.mergegames.gossipharbor,"가십하버: 합성 & 스토리 게임"
18:30,7,com.dreamgames.royalmatch,"로얄 매치 Royal Match"
18:30,8,com.fun.lastwar.gp,"라스트 워: 서바이벌"
18:30,9,com.roblox.client,"로블록스 (Roblox)"
18:30,10,com.nexon.ma,"메이플 키우기"
18:30,11,com.rxjhglkr.gp,"열혈강호: 넥스트"
18:30,12,com.proximabeta.nikke,"승리의 여신: 니케"
18:30,13,com.kakaogames.odin,"오딘: 발할라 라이징"
18:30,14,com.nhnent.Qpoker,"한게임 포커"
18:30,15,com.nhnent.pokerclassic,"한게임포커 클래식 : 7포커 홀덤 섯다 훌라 슬롯"
18:30,16,com.HoYoverse.Nap,"젠레스 존 제로 - 주년 기념"
18:30,17,com.percent.aos.luckydefense,"운빨존많겜"
18:30,18,com.miHoYo.GenshinImpact,"원신-스네즈나야 오픈"
18:30,19,com.phs.global,"라스트 어사일럼: 페스트"
18:30,20,com.kurogame.wutheringwaves.global,"명조:워더링 웨이브 - 현방 지계를 향하여"
18:30,21,com.readygo.barrel.gp,"라스트 Z: 서바이벌 슈터"
18:30,22,com.fatmerge.global,"테이스티 트레블: 합성 게임"
18:30,23,com.gamedots.seasideescape,"씨사이드 익스케이프: 합성 & 스토리 게임"
18:30,24,com.playrix.gardenscapes,"꿈의 정원 (Gardenscapes)"
18:30,25,com.supercell.brawlstars,"브롤스타즈"
18:30,26,com.nexon.fmk,"FC 모바일"
18:30,27,com.nexon.nsc.maplem,"메이플스토리M"
18:30,28,com.dreamgames.royalkingdom,"로얄 킹덤 (Royal Kingdom)"
18:30,29,com.ncsoft.lineagew,"리니지W"
18:30,30,com.epidgames.trickcalrevive,"트릭컬 리바이브"
18:30,31,com.netmarble.thered,"뱀피르"
18:30,32,com.nexon.devcat.mm,"마비노기 모바일"
18:30,33,com.neowiz.games.poker,"피망 포커 : 카지노 로얄 - 홀덤, 7포커, 바둑이"
18:30,34,game.qualiarts.hololive.dreams.com,"hololive Dreams"
18:30,35,com.fowgames.kingdom2,"킹덤2: 타오르는 전장"
18:30,36,com.com2us.futurecpb.android.google.global.normal,"컴투스프로야구V26"
18:30,37,net.kernys.aooni,"좀비고등학교"
18:30,38,com.percent.aos.cooptd,"협타디: 협동 타워 디펜스"
18:30,39,com.NHNEnt.MSudda,"한게임 섯다&맞고"
18:30,40,com.king.candycrushsaga,"캔디크러쉬사가 (Candy Crush Saga)"
18:30,41,com.HoYoverse.hkrpgoversea,"붕괴: 스타레일"
18:30,42,com.netmarble.fgok,"페이트/그랜드 오더"
18:30,43,com.pubg.krmobile,"배틀그라운드"
18:30,44,com.nexon.fo4m,"EA SPORTS FC Online M"
18:30,45,com.gravity.romkrzeny.aos,"라그나로크M: Classic"
18:30,46,com.cedargames.mysterytown,"미스터리 타운: 합성 게임 (Mystery Town)"
18:30,47,com.netmarble.rfnext,"RF 온라인 넥스트"
18:30,48,com.cola.game,"핫레스토랑: 머지&쿠킹"
18:30,49,com.playrix.homescapes,"꿈의 집 (Homescapes)"
18:30,50,com.ncsoft.aion2,"AION2"
18:30,51,com.kr.firegp,"I9: 인페르노 나인"
18:30,52,com.netmarble.tskgb,"세븐나이츠 리버스"
18:30,53,com.bhk.newslgkr,"삼국지: 천하결전"
18:30,54,kr.haoplay.game.and.reverse,"리버스: 1999"
18:30,55,com.kingsgroup.sos,"S.O.S: 스테이트 오브 서바이벌"
18:30,56,com.hollywood.merge,"할리우드 머지"
18:30,57,com.webzen.mumonarch2.google,"뮤 모나크2"
18:30,58,com.jsjskr.google,"토이 삼국"
18:30,59,com.gryphline.endfield.gp,"명일방주: 엔드필드"
18:30,60,com.playrix.township,"꿈의 마을 (Township)"
18:30,61,com.readygo.dark.gp,"Dark War Survival"
18:30,62,jp.konami.pesam,"eFootball™"
18:30,63,com.nianticlabs.pokemongo,"Pokémon GO"
18:30,64,com.NHNEnt.NDuelgo,"한게임 신맞고 : 대한민국 원조 고스톱"
18:30,65,com.neowiz.games.newmatgo,"피망 뉴맞고: 고스톱 대표 맞고 게임"
18:30,66,jp.co.ponos.battlecatskr,"냥코 대전쟁"
18:30,67,com.ncsoft.lineage2m19,"리니지2M"
18:30,68,com.superplaystudios.disneysolitairedreams,"Disney Solitaire 디즈니 솔리테어"
18:30,69,com.merge.cooking.theme.restaurant.food,"머지 쿠킹 테마 레스토랑"
18:30,70,io.randomco.travel,"Travel Town - 결합 어드벤처"
18:30,71,com.netease.dunkcdjp,"NBA 덩크 시티"
18:30,72,com.dlw.kr.google,"시티 데몬헌터즈: 각성자들"
18:30,73,com.joycity.im,"임진왜란: 조선의 반격"
18:30,74,com.haoplay.game.and.exilium,"소녀전선2: 망명"
18:30,75,com.pockethaven.roguelegend,"로그 레전드: 로그라이크 RPG"
18:30,76,com.hariwn.legendofcivilizations,"포지 마스터 (Forge Master)"
18:30,77,com.ProjectMoon.LimbusCompany,"Limbus Company"
18:30,78,com.com2us.probaseball3d.normal.freefull.google.global.android.common,"컴투스프로야구2026"
18:30,79,com.nhn.AApoker,"한게임 로얄홀덤"
18:30,80,com.zempot.wplpoker,"WPL : 홀덤, 토너먼트, 오마하, 올인폴드, 픽앤고"
18:30,81,com.gametree.lhlr.gp,"그놈은 드래곤"
18:30,82,com.mhclyxpb.gatja,"동방 찻집"
18:30,83,com.funplus.ts.global,"타일 서바이벌"
18:30,84,com.highbrow.games.dvo,"드래곤빌리지3"
18:30,85,com.billionairegames.serares,"변신 키우기"
18:30,86,com.kakaogames.aaw,"아키에이지 워 (ArcheAge WAR)"
18:30,87,com.dwgames.chunorpg,"추노 키우기"
18:30,88,com.playrix.fishdomdd.gplay,"피쉬돔 (Fishdom)"
18:30,89,com.devsisters.ck,"쿠키런: 킹덤"
18:30,90,com.netmarble.raven2,"레이븐2"
18:30,91,com.hottagames.nte,"이환"
18:30,92,com.orienjoy.heroland.kr,"히어로 랜드M"
18:30,93,com.netmarble.lineageII,"리니지2 레볼루션"
18:30,94,com.xman.kr.gp,"X 클래시"
18:30,95,com.supercell.clashofclans,"클래시 오브 클랜"
18:30,96,com.play.merge.restyle,"Merge Restyle"
18:30,97,com.nexon.kart,"카트라이더 러쉬플러스"
18:30,98,com.haegin.kbo,"2026 프로야구GO!"
18:30,99,com.zzsjkr.google,"갓깨비 키우기-999뽑기 증정"
18:30,100,com.screenshake.dominodreams,"Domino Dreams™ 도미노 드림"
18:30,101,com.fiveminlab.overgeared.hero.backpack.merge,"템빨용사: 픽셀 아이템 머지 RPG"
18:30,102,com.qjzj4399kr.google,"기적의 검"
18:30,103,com.com2us.smon.normal.freefull.google.kr.android.common,"서머너즈 워 X 장송의 프리렌"
18:30,104,com.webzen.muangel.google,"뮤 모나크"
18:30,105,com.wemade.nightcrows,"나이트 크로우"
18:30,106,defense.roguelike.cell.shoot.survivor,"세포 특공대"
18:30,107,com.sopt.mafia42.client,"마피아42"
18:30,108,com.nexon.he,"히간: 이루실"
18:30,109,com.netmarble.stonkey,"스톤에이지 키우기"
18:30,110,com.bilibilihk.jujutsuphanparagp,"주술회전 팬텀 퍼레이드"
18:30,111,com.farlightgames.igame.gp,"AFK: 새로운 여정"
18:30,112,com.greenmushroom.boomblitz.gp,"탑 히어로즈"
18:30,113,com.ulugame.hdqykrob.google,"아케론:종말의 서곡"
18:30,114,com.kr.firelite,"I9: 인페르노 나인(19) - 세로형 RPG"
18:30,115,com.ddup.zombiewaves.zw,"좀비 웨이브스"
18:30,116,com.camelgames.aoz,"에이지 오브 제트: 타워 디펜스"
18:30,117,com.netmarble.bnsmkr,"블레이드&소울 레볼루션"
18:30,118,com.ryonggame.soulhunteridle,"소울 헌터 키우기 : 방치형 RPG"
18:30,119,com.global.ztmslgkr,"퍼즐 오브 Z"
18:30,120,com.ujoygp.flower,"오늘의 꽃"
18:30,121,com.xd.xdtglobal.gp,"두근두근타운"
18:30,122,com.EightStudio.BlightWar,"블라이트 워 : 방치형 RPG"
18:30,123,jp.konami.masterduel,"Yu-Gi-Oh! Master Duel"
18:30,124,com.smilegate.lordnine.stove.google,"로드나인"
18:30,125,com.merge.game.foodstars,"푸드스타: 합쳐서 요리하기"
18:30,126,com.nspgames.dungeonslasher,"던전 슬래셔"
18:30,127,net.gameduo.gv,"캣 히어로 : 방치형 RPG"
18:30,128,com.gear2.growslayer,"슬레이어 키우기"
18:30,129,com.nexon.mdnf,"던전앤파이터 모바일"
18:30,130,com.gamespark.topking.gp,"탑 로드"
18:30,131,com.kakaogames.friendsKing,"프렌즈팝콘"
18:30,132,com.dreamwalker.kr.gp,"꿈의 여행자: 별빛 여정"
18:30,133,com.lilithgames.rok.gpkr,"라이즈 오브 킹덤즈"
18:30,134,com.neowizgames.game.browndust2,"브라운더스트2 - 가슴 벅찬 RPG"
18:30,135,com.ylqdhkr.gp,"엔터테인먼트 거물"
18:30,136,com.devsisters.gb,"쿠키런: 오븐브레이크"
18:30,137,com.YoStarKR.Arknights,"명일방주"
18:30,138,com.riotgames.league.wildrift,"리그 오브 레전드: 와일드 리프트"
18:30,139,com.ncsoft.lineagem,"리니지M(12)"
18:30,140,com.zy.wqmt.global,"무기미도"
18:30,141,com.xone.gpkr,"ASURA: 블러드 앤 소울"
18:30,142,com.hybeim.architect,"아키텍트: 랜드 오브 엑자일"
18:30,143,com.linegames.uwogl,"대항해시대 오리진"
18:30,144,com.yzlmkr.google,"우와 모험단"
18:30,145,com.pocketchamps.game,"포켓 챔프: 3D 레이싱 게임"
18:30,146,com.xmh.rpg.kr.an,"스카이 어비스: 혈맹의 서약"
18:30,147,com.igg.android.doomsdaylastsurvivors,"둠스데이: 영웅의 여정"
18:30,148,com.mobile.legends,"모바일 레전드: Bang Bang"
18:30,149,com.sundaytoz.mobile.anipang2.google.kakao.service,"애니팡2 - 3매치 퍼즐게임"
18:30,150,com.kakaogames.umamusume,"우마무스메 프리티 더비"
18:30,151,com.MelsoftGames.FamilyIslandFarm,"패밀리 아일랜드 - 농장모험게임"
18:30,152,com.hdfzxrpg.googlelb,"해적 키우기-방치형 RPG"
18:30,153,com.mxdzzkr.google,"버섯커 키우기-3000뽑기 증정"
18:30,154,kr.txwy.and.blhx,"벽람항로"
18:30,155,com.gear2.letsgolegends,"레츠고 레전드!"
18:30,156,com.netmarble.arthdal,"아스달 연대기: 세 개의 세력"
18:30,157,com.galasports.totalfootball.kr,"Total Football - 2026 북중미 시즌"
18:30,158,com.games.foundation,"파운데이션: 우주 전선"
18:30,159,com.superplaystudios.dicedreams,"Dice Dreams™️ 다이스 드림"
18:30,160,com.Chodun.CatGunner,"총잡이 고양이 : 방치형 키우기 RPG"
18:30,161,com.superpixel.undyinghero,"불사용사 키우기 : 방치형 RPG"
18:30,162,com.plarium.raidlegends,"레이드: 그림자의 전설"
18:30,163,com.fatr.global,"호텔 레거시: 합성&리모델링"
18:30,164,apli879756.vmz,"괴수: 진화 연대기"
18:30,165,com.estgames.cabalr.kr.ls,"카발RED"
18:30,166,com.com2us.ninepb3d.normal.freefull.google.global.android.common,"MLB 9이닝스 26"
18:30,167,com.ratinghope.gplay,"타이탄 러쉬: 서바이벌"
18:30,168,com.bandainamcoent.gget_WW,"SD건담 지 제네레이션 이터널"
18:30,169,com.joycastle.mergematch,"Matching Story - Puzzle Games"
18:30,170,com.sundaytoz.kakao.anipang3.service,"애니팡3 - 매치 3 퍼즐"
18:30,171,com.ea.huntingsniper,"헌팅 스나이퍼"
18:30,172,com.redveilone.vardian,"바르디안 : 피의 맹세"
18:30,173,com.kr.lfhsgp,"그레이 사가"
18:30,174,com.supercell.clashroyale,"클래시 로얄 (Clash Royale)"
18:30,175,com.blizzard.diablo.immortal,"디아블로 이모탈"
18:30,176,com.riftsky.mhg.kr.gp,"더 코지 플로리스트"
18:30,177,com.sundaytoz.kakao.anipang4,"애니팡4: 매치3 퍼즐 게임"
18:30,178,net.peakgames.toonblast,"Toon Blast"
18:30,179,com.mojang.minecraftpe,"Minecraft: 나만의 세계를 꿈꾸고 만들어보세요"
18:30,180,com.com2us.futuremlb.android.google.global.normal,"MLB 9이닝스 라이벌 26"
18:30,181,com.rxjhkr.an,"열혈강호: 귀환"
18:30,182,com.gearpaw.defenders.td.game,"기어몬: 타워 디펜스"
18:30,183,com.cyberjoy.galaxydefense,"갤럭시 디펜스 (Galaxy Defense)"
18:30,184,com.moonactive.cmboard,"Coin Master: 보드 어드벤처"
18:30,185,com.stove.epic7.google,"에픽세븐"
18:30,186,com.smilegate.chaoszero.stove.google,"카오스 제로 나이트메어"
18:30,187,com.kakaogames.ares,"아레스 : 라이즈 오브 가디언즈"
18:30,188,com.bladetw.bd,"블리치: 소울 레조넌스"
18:30,189,com.netmarble.ma9bkr,"마구마구 2026: 풀체인지"
18:30,190,com.dwjp.gp,"애니멀 가든 - 진짜 꽃다발을 배달돼요!"
18:30,191,com.bandainamcoent.dgup_ww,"디지몬 UP"
18:30,192,com.smallgiantgames.empires,"엠파이어 & 퍼즐 (Empires & Puzzles)"
18:30,193,com.ChoGames.DogPigClassic,"멍꿀 클래식 : 방치형 파밍 RPG"
18:30,194,com.blizzard.wtcg.hearthstone,"하스스톤"
18:30,195,net.gameduo.anotherdungeon,"어나더던전"
18:30,196,group.theorigin.themaxlevelreturner,"나 혼자 만렙 키우기"
18:30,197,com.multicastgames.butcher,"Butcher hero: 서바이벌 RPG"
18:30,198,com.justgame.jails,"랜드 오브 제일"
18:30,199,com.game.btjkr.and,"영혼 인도자：신의 이름으로"
18:30,200,com.linegames.gm,"창세기전 모바일 - 서풍의 광시곡"
19:30,1,com.netmarble.sol,"SOL: enchant"
19:30,2,com.gof.global,"WOS: 화이트아웃 서바이벌"
19:30,3,com.run.tower.defense,"킹샷:Kingshot"
19:30,4,com.ncsoft.lineagem19,"리니지M"
19:30,5,com.devsisters.cc,"쿠키런 키우기 - 쿠키런: 크럼블"
19:30,6,com.mergegames.gossipharbor,"가십하버: 합성 & 스토리 게임"
19:30,7,com.dreamgames.royalmatch,"로얄 매치 Royal Match"
19:30,8,com.fun.lastwar.gp,"라스트 워: 서바이벌"
19:30,9,com.roblox.client,"로블록스 (Roblox)"
19:30,10,com.nexon.ma,"메이플 키우기"
19:30,11,com.rxjhglkr.gp,"열혈강호: 넥스트"
19:30,12,com.proximabeta.nikke,"승리의 여신: 니케"
19:30,13,com.kakaogames.odin,"오딘: 발할라 라이징"
19:30,14,com.nhnent.Qpoker,"한게임 포커"
19:30,15,com.nhnent.pokerclassic,"한게임포커 클래식 : 7포커 홀덤 섯다 훌라 슬롯"
19:30,16,com.HoYoverse.Nap,"젠레스 존 제로 - 주년 기념"
19:30,17,com.percent.aos.luckydefense,"운빨존많겜"
19:30,18,com.miHoYo.GenshinImpact,"원신-스네즈나야 오픈"
19:30,19,com.phs.global,"라스트 어사일럼: 페스트"
19:30,20,com.kurogame.wutheringwaves.global,"명조:워더링 웨이브 - 현방 지계를 향하여"
19:30,21,com.readygo.barrel.gp,"라스트 Z: 서바이벌 슈터"
19:30,22,com.fatmerge.global,"테이스티 트레블: 합성 게임"
19:30,23,com.gamedots.seasideescape,"씨사이드 익스케이프: 합성 & 스토리 게임"
19:30,24,com.playrix.gardenscapes,"꿈의 정원 (Gardenscapes)"
19:30,25,com.supercell.brawlstars,"브롤스타즈"
19:30,26,com.nexon.fmk,"FC 모바일"
19:30,27,com.nexon.nsc.maplem,"메이플스토리M"
19:30,28,com.dreamgames.royalkingdom,"로얄 킹덤 (Royal Kingdom)"
19:30,29,com.ncsoft.lineagew,"리니지W"
19:30,30,com.epidgames.trickcalrevive,"트릭컬 리바이브"
19:30,31,com.netmarble.thered,"뱀피르"
19:30,32,com.nexon.devcat.mm,"마비노기 모바일"
19:30,33,com.neowiz.games.poker,"피망 포커 : 카지노 로얄 - 홀덤, 7포커, 바둑이"
19:30,34,game.qualiarts.hololive.dreams.com,"hololive Dreams"
19:30,35,com.fowgames.kingdom2,"킹덤2: 타오르는 전장"
19:30,36,com.com2us.futurecpb.android.google.global.normal,"컴투스프로야구V26"
19:30,37,net.kernys.aooni,"좀비고등학교"
19:30,38,com.percent.aos.cooptd,"협타디: 협동 타워 디펜스"
19:30,39,com.NHNEnt.MSudda,"한게임 섯다&맞고"
19:30,40,com.king.candycrushsaga,"캔디크러쉬사가 (Candy Crush Saga)"
19:30,41,com.HoYoverse.hkrpgoversea,"붕괴: 스타레일"
19:30,42,com.netmarble.fgok,"페이트/그랜드 오더"
19:30,43,com.pubg.krmobile,"배틀그라운드"
19:30,44,com.nexon.fo4m,"EA SPORTS FC Online M"
19:30,45,com.gravity.romkrzeny.aos,"라그나로크M: Classic"
19:30,46,com.cedargames.mysterytown,"미스터리 타운: 합성 게임 (Mystery Town)"
19:30,47,com.netmarble.rfnext,"RF 온라인 넥스트"
19:30,48,com.cola.game,"핫레스토랑: 머지&쿠킹"
19:30,49,com.playrix.homescapes,"꿈의 집 (Homescapes)"
19:30,50,com.ncsoft.aion2,"AION2"
19:30,51,com.kr.firegp,"I9: 인페르노 나인"
19:30,52,com.netmarble.tskgb,"세븐나이츠 리버스"
19:30,53,com.bhk.newslgkr,"삼국지: 천하결전"
19:30,54,kr.haoplay.game.and.reverse,"리버스: 1999"
19:30,55,com.kingsgroup.sos,"S.O.S: 스테이트 오브 서바이벌"
19:30,56,com.hollywood.merge,"할리우드 머지"
19:30,57,com.webzen.mumonarch2.google,"뮤 모나크2"
19:30,58,com.jsjskr.google,"토이 삼국"
19:30,59,com.gryphline.endfield.gp,"명일방주: 엔드필드"
19:30,60,com.playrix.township,"꿈의 마을 (Township)"
19:30,61,com.readygo.dark.gp,"Dark War Survival"
19:30,62,jp.konami.pesam,"eFootball™"
19:30,63,com.nianticlabs.pokemongo,"Pokémon GO"
19:30,64,com.NHNEnt.NDuelgo,"한게임 신맞고 : 대한민국 원조 고스톱"
19:30,65,com.neowiz.games.newmatgo,"피망 뉴맞고: 고스톱 대표 맞고 게임"
19:30,66,jp.co.ponos.battlecatskr,"냥코 대전쟁"
19:30,67,com.ncsoft.lineage2m19,"리니지2M"
19:30,68,com.superplaystudios.disneysolitairedreams,"Disney Solitaire 디즈니 솔리테어"
19:30,69,com.merge.cooking.theme.restaurant.food,"머지 쿠킹 테마 레스토랑"
19:30,70,io.randomco.travel,"Travel Town - 결합 어드벤처"
19:30,71,com.netease.dunkcdjp,"NBA 덩크 시티"
19:30,72,com.dlw.kr.google,"시티 데몬헌터즈: 각성자들"
19:30,73,com.joycity.im,"임진왜란: 조선의 반격"
19:30,74,com.haoplay.game.and.exilium,"소녀전선2: 망명"
19:30,75,com.pockethaven.roguelegend,"로그 레전드: 로그라이크 RPG"
19:30,76,com.hariwn.legendofcivilizations,"포지 마스터 (Forge Master)"
19:30,77,com.ProjectMoon.LimbusCompany,"Limbus Company"
19:30,78,com.com2us.probaseball3d.normal.freefull.google.global.android.common,"컴투스프로야구2026"
19:30,79,com.nhn.AApoker,"한게임 로얄홀덤"
19:30,80,com.zempot.wplpoker,"WPL : 홀덤, 토너먼트, 오마하, 올인폴드, 픽앤고"
19:30,81,com.gametree.lhlr.gp,"그놈은 드래곤"
19:30,82,com.mhclyxpb.gatja,"동방 찻집"
19:30,83,com.funplus.ts.global,"타일 서바이벌"
19:30,84,com.highbrow.games.dvo,"드래곤빌리지3"
19:30,85,com.billionairegames.serares,"변신 키우기"
19:30,86,com.kakaogames.aaw,"아키에이지 워 (ArcheAge WAR)"
19:30,87,com.dwgames.chunorpg,"추노 키우기"
19:30,88,com.playrix.fishdomdd.gplay,"피쉬돔 (Fishdom)"
19:30,89,com.devsisters.ck,"쿠키런: 킹덤"
19:30,90,com.netmarble.raven2,"레이븐2"
19:30,91,com.hottagames.nte,"이환"
19:30,92,com.xman.kr.gp,"X 클래시"
19:30,93,com.orienjoy.heroland.kr,"히어로 랜드M"
19:30,94,com.netmarble.lineageII,"리니지2 레볼루션"
19:30,95,com.supercell.clashofclans,"클래시 오브 클랜"
19:30,96,com.play.merge.restyle,"Merge Restyle"
19:30,97,com.nexon.kart,"카트라이더 러쉬플러스"
19:30,98,com.haegin.kbo,"2026 프로야구GO!"
19:30,99,com.zzsjkr.google,"갓깨비 키우기-999뽑기 증정"
19:30,100,com.screenshake.dominodreams,"Domino Dreams™ 도미노 드림"
19:30,101,com.fiveminlab.overgeared.hero.backpack.merge,"템빨용사: 픽셀 아이템 머지 RPG"
19:30,102,com.qjzj4399kr.google,"기적의 검"
19:30,103,com.com2us.smon.normal.freefull.google.kr.android.common,"서머너즈 워 X 장송의 프리렌"
19:30,104,com.webzen.muangel.google,"뮤 모나크"
19:30,105,com.wemade.nightcrows,"나이트 크로우"
19:30,106,defense.roguelike.cell.shoot.survivor,"세포 특공대"
19:30,107,com.sopt.mafia42.client,"마피아42"
19:30,108,com.nexon.he,"히간: 이루실"
19:30,109,com.netmarble.stonkey,"스톤에이지 키우기"
19:30,110,com.bilibilihk.jujutsuphanparagp,"주술회전 팬텀 퍼레이드"
19:30,111,com.farlightgames.igame.gp,"AFK: 새로운 여정"
19:30,112,com.greenmushroom.boomblitz.gp,"탑 히어로즈"
19:30,113,com.ulugame.hdqykrob.google,"아케론:종말의 서곡"
19:30,114,com.kr.firelite,"I9: 인페르노 나인(19) - 세로형 RPG"
19:30,115,com.ddup.zombiewaves.zw,"좀비 웨이브스"
19:30,116,com.camelgames.aoz,"에이지 오브 제트: 타워 디펜스"
19:30,117,com.netmarble.bnsmkr,"블레이드&소울 레볼루션"
19:30,118,com.ryonggame.soulhunteridle,"소울 헌터 키우기 : 방치형 RPG"
19:30,119,com.global.ztmslgkr,"퍼즐 오브 Z"
19:30,120,com.ujoygp.flower,"오늘의 꽃"
19:30,121,com.xd.xdtglobal.gp,"두근두근타운"
19:30,122,com.EightStudio.BlightWar,"블라이트 워 : 방치형 RPG"
19:30,123,jp.konami.masterduel,"Yu-Gi-Oh! Master Duel"
19:30,124,com.nspgames.dungeonslasher,"던전 슬래셔"
19:30,125,com.smilegate.lordnine.stove.google,"로드나인"
19:30,126,com.merge.game.foodstars,"푸드스타: 합쳐서 요리하기"
19:30,127,net.gameduo.gv,"캣 히어로 : 방치형 RPG"
19:30,128,com.gear2.growslayer,"슬레이어 키우기"
19:30,129,com.ylqdhkr.gp,"엔터테인먼트 거물"
19:30,130,com.nexon.mdnf,"던전앤파이터 모바일"
19:30,131,com.gamespark.topking.gp,"탑 로드"
19:30,132,com.kakaogames.friendsKing,"프렌즈팝콘"
19:30,133,com.dreamwalker.kr.gp,"꿈의 여행자: 별빛 여정"
19:30,134,com.lilithgames.rok.gpkr,"라이즈 오브 킹덤즈"
19:30,135,com.neowizgames.game.browndust2,"브라운더스트2 - 가슴 벅찬 RPG"
19:30,136,com.devsisters.gb,"쿠키런: 오븐브레이크"
19:30,137,com.YoStarKR.Arknights,"명일방주"
19:30,138,com.riotgames.league.wildrift,"리그 오브 레전드: 와일드 리프트"
19:30,139,com.ncsoft.lineagem,"리니지M(12)"
19:30,140,com.zy.wqmt.global,"무기미도"
19:30,141,com.xone.gpkr,"ASURA: 블러드 앤 소울"
19:30,142,com.hybeim.architect,"아키텍트: 랜드 오브 엑자일"
19:30,143,com.linegames.uwogl,"대항해시대 오리진"
19:30,144,com.yzlmkr.google,"우와 모험단"
19:30,145,com.pocketchamps.game,"포켓 챔프: 3D 레이싱 게임"
19:30,146,com.xmh.rpg.kr.an,"스카이 어비스: 혈맹의 서약"
19:30,147,com.igg.android.doomsdaylastsurvivors,"둠스데이: 영웅의 여정"
19:30,148,com.mobile.legends,"모바일 레전드: Bang Bang"
19:30,149,com.sundaytoz.mobile.anipang2.google.kakao.service,"애니팡2 - 3매치 퍼즐게임"
19:30,150,com.kakaogames.umamusume,"우마무스메 프리티 더비"
19:30,151,com.MelsoftGames.FamilyIslandFarm,"패밀리 아일랜드 - 농장모험게임"
19:30,152,com.hdfzxrpg.googlelb,"해적 키우기-방치형 RPG"
19:30,153,com.mxdzzkr.google,"버섯커 키우기-3000뽑기 증정"
19:30,154,kr.txwy.and.blhx,"벽람항로"
19:30,155,com.gear2.letsgolegends,"레츠고 레전드!"
19:30,156,com.netmarble.arthdal,"아스달 연대기: 세 개의 세력"
19:30,157,com.galasports.totalfootball.kr,"Total Football - 2026 북중미 시즌"
19:30,158,com.games.foundation,"파운데이션: 우주 전선"
19:30,159,com.superplaystudios.dicedreams,"Dice Dreams™️ 다이스 드림"
19:30,160,com.Chodun.CatGunner,"총잡이 고양이 : 방치형 키우기 RPG"
19:30,161,com.superpixel.undyinghero,"불사용사 키우기 : 방치형 RPG"
19:30,162,com.plarium.raidlegends,"레이드: 그림자의 전설"
19:30,163,com.fatr.global,"호텔 레거시: 합성&리모델링"
19:30,164,apli879756.vmz,"괴수: 진화 연대기"
19:30,165,com.estgames.cabalr.kr.ls,"카발RED"
19:30,166,com.com2us.ninepb3d.normal.freefull.google.global.android.common,"MLB 9이닝스 26"
19:30,167,com.ratinghope.gplay,"타이탄 러쉬: 서바이벌"
19:30,168,com.bandainamcoent.gget_WW,"SD건담 지 제네레이션 이터널"
19:30,169,com.joycastle.mergematch,"Matching Story - Puzzle Games"
19:30,170,com.sundaytoz.kakao.anipang3.service,"애니팡3 - 매치 3 퍼즐"
19:30,171,com.ea.huntingsniper,"헌팅 스나이퍼"
19:30,172,com.riftsky.mhg.kr.gp,"더 코지 플로리스트"
19:30,173,com.redveilone.vardian,"바르디안 : 피의 맹세"
19:30,174,com.kr.lfhsgp,"그레이 사가"
19:30,175,com.supercell.clashroyale,"클래시 로얄 (Clash Royale)"
19:30,176,com.blizzard.diablo.immortal,"디아블로 이모탈"
19:30,177,com.sundaytoz.kakao.anipang4,"애니팡4: 매치3 퍼즐 게임"
19:30,178,net.peakgames.toonblast,"Toon Blast"
19:30,179,com.mojang.minecraftpe,"Minecraft: 나만의 세계를 꿈꾸고 만들어보세요"
19:30,180,com.com2us.futuremlb.android.google.global.normal,"MLB 9이닝스 라이벌 26"
19:30,181,com.rxjhkr.an,"열혈강호: 귀환"
19:30,182,com.gearpaw.defenders.td.game,"기어몬: 타워 디펜스"
19:30,183,com.cyberjoy.galaxydefense,"갤럭시 디펜스 (Galaxy Defense)"
19:30,184,com.moonactive.cmboard,"Coin Master: 보드 어드벤처"
19:30,185,com.stove.epic7.google,"에픽세븐"
19:30,186,com.smilegate.chaoszero.stove.google,"카오스 제로 나이트메어"
19:30,187,com.kakaogames.ares,"아레스 : 라이즈 오브 가디언즈"
19:30,188,com.bladetw.bd,"블리치: 소울 레조넌스"
19:30,189,com.netmarble.ma9bkr,"마구마구 2026: 풀체인지"
19:30,190,com.dwjp.gp,"애니멀 가든 - 진짜 꽃다발을 배달돼요!"
19:30,191,com.bandainamcoent.dgup_ww,"디지몬 UP"
19:30,192,com.smallgiantgames.empires,"엠파이어 & 퍼즐 (Empires & Puzzles)"
19:30,193,com.ChoGames.DogPigClassic,"멍꿀 클래식 : 방치형 파밍 RPG"
19:30,194,com.blizzard.wtcg.hearthstone,"하스스톤"
19:30,195,net.gameduo.anotherdungeon,"어나더던전"
19:30,196,group.theorigin.themaxlevelreturner,"나 혼자 만렙 키우기"
19:30,197,com.multicastgames.butcher,"Butcher hero: 서바이벌 RPG"
19:30,198,com.justgame.jails,"랜드 오브 제일"
19:30,199,com.game.btjkr.and,"영혼 인도자：신의 이름으로"
19:30,200,com.linegames.gm,"창세기전 모바일 - 서풍의 광시곡"
20:30,1,com.netmarble.sol,"SOL: enchant"
20:30,2,com.gof.global,"WOS: 화이트아웃 서바이벌"
20:30,3,com.run.tower.defense,"킹샷:Kingshot"
20:30,4,com.ncsoft.lineagem19,"리니지M"
20:30,5,com.devsisters.cc,"쿠키런 키우기 - 쿠키런: 크럼블"
20:30,6,com.mergegames.gossipharbor,"가십하버: 합성 & 스토리 게임"
20:30,7,com.dreamgames.royalmatch,"로얄 매치 Royal Match"
20:30,8,com.fun.lastwar.gp,"라스트 워: 서바이벌"
20:30,9,com.roblox.client,"로블록스 (Roblox)"
20:30,10,com.nexon.ma,"메이플 키우기"
20:30,11,com.rxjhglkr.gp,"열혈강호: 넥스트"
20:30,12,com.proximabeta.nikke,"승리의 여신: 니케"
20:30,13,com.kakaogames.odin,"오딘: 발할라 라이징"
20:30,14,com.nhnent.Qpoker,"한게임 포커"
20:30,15,com.nhnent.pokerclassic,"한게임포커 클래식 : 7포커 홀덤 섯다 훌라 슬롯"
20:30,16,com.HoYoverse.Nap,"젠레스 존 제로 - 주년 기념"
20:30,17,com.percent.aos.luckydefense,"운빨존많겜"
20:30,18,com.miHoYo.GenshinImpact,"원신-스네즈나야 오픈"
20:30,19,com.phs.global,"라스트 어사일럼: 페스트"
20:30,20,com.kurogame.wutheringwaves.global,"명조:워더링 웨이브 - 현방 지계를 향하여"
20:30,21,com.readygo.barrel.gp,"라스트 Z: 서바이벌 슈터"
20:30,22,com.fatmerge.global,"테이스티 트레블: 합성 게임"
20:30,23,com.gamedots.seasideescape,"씨사이드 익스케이프: 합성 & 스토리 게임"
20:30,24,com.playrix.gardenscapes,"꿈의 정원 (Gardenscapes)"
20:30,25,com.supercell.brawlstars,"브롤스타즈"
20:30,26,com.nexon.fmk,"FC 모바일"
20:30,27,com.nexon.nsc.maplem,"메이플스토리M"
20:30,28,com.dreamgames.royalkingdom,"로얄 킹덤 (Royal Kingdom)"
20:30,29,com.ncsoft.lineagew,"리니지W"
20:30,30,com.epidgames.trickcalrevive,"트릭컬 리바이브"
20:30,31,com.netmarble.thered,"뱀피르"
20:30,32,com.nexon.devcat.mm,"마비노기 모바일"
20:30,33,com.neowiz.games.poker,"피망 포커 : 카지노 로얄 - 홀덤, 7포커, 바둑이"
20:30,34,game.qualiarts.hololive.dreams.com,"hololive Dreams"
20:30,35,com.fowgames.kingdom2,"킹덤2: 타오르는 전장"
20:30,36,com.com2us.futurecpb.android.google.global.normal,"컴투스프로야구V26"
20:30,37,net.kernys.aooni,"좀비고등학교"
20:30,38,com.percent.aos.cooptd,"협타디: 협동 타워 디펜스"
20:30,39,com.NHNEnt.MSudda,"한게임 섯다&맞고"
20:30,40,com.king.candycrushsaga,"캔디크러쉬사가 (Candy Crush Saga)"
20:30,41,com.HoYoverse.hkrpgoversea,"붕괴: 스타레일"
20:30,42,com.netmarble.fgok,"페이트/그랜드 오더"
20:30,43,com.pubg.krmobile,"배틀그라운드"
20:30,44,com.nexon.fo4m,"EA SPORTS FC Online M"
20:30,45,com.gravity.romkrzeny.aos,"라그나로크M: Classic"
20:30,46,com.cedargames.mysterytown,"미스터리 타운: 합성 게임 (Mystery Town)"
20:30,47,com.netmarble.rfnext,"RF 온라인 넥스트"
20:30,48,com.cola.game,"핫레스토랑: 머지&쿠킹"
20:30,49,com.playrix.homescapes,"꿈의 집 (Homescapes)"
20:30,50,com.ncsoft.aion2,"AION2"
20:30,51,com.kr.firegp,"I9: 인페르노 나인"
20:30,52,com.netmarble.tskgb,"세븐나이츠 리버스"
20:30,53,com.bhk.newslgkr,"삼국지: 천하결전"
20:30,54,kr.haoplay.game.and.reverse,"리버스: 1999"
20:30,55,com.kingsgroup.sos,"S.O.S: 스테이트 오브 서바이벌"
20:30,56,com.hollywood.merge,"할리우드 머지"
20:30,57,com.webzen.mumonarch2.google,"뮤 모나크2"
20:30,58,com.jsjskr.google,"토이 삼국"
20:30,59,com.gryphline.endfield.gp,"명일방주: 엔드필드"
20:30,60,com.playrix.township,"꿈의 마을 (Township)"
20:30,61,com.readygo.dark.gp,"Dark War Survival"
20:30,62,jp.konami.pesam,"eFootball™"
20:30,63,com.nianticlabs.pokemongo,"Pokémon GO"
20:30,64,com.NHNEnt.NDuelgo,"한게임 신맞고 : 대한민국 원조 고스톱"
20:30,65,com.neowiz.games.newmatgo,"피망 뉴맞고: 고스톱 대표 맞고 게임"
20:30,66,jp.co.ponos.battlecatskr,"냥코 대전쟁"
20:30,67,com.ncsoft.lineage2m19,"리니지2M"
20:30,68,com.superplaystudios.disneysolitairedreams,"Disney Solitaire 디즈니 솔리테어"
20:30,69,com.merge.cooking.theme.restaurant.food,"머지 쿠킹 테마 레스토랑"
20:30,70,io.randomco.travel,"Travel Town - 결합 어드벤처"
20:30,71,com.netease.dunkcdjp,"NBA 덩크 시티"
20:30,72,com.dlw.kr.google,"시티 데몬헌터즈: 각성자들"
20:30,73,com.joycity.im,"임진왜란: 조선의 반격"
20:30,74,com.haoplay.game.and.exilium,"소녀전선2: 망명"
20:30,75,com.pockethaven.roguelegend,"로그 레전드: 로그라이크 RPG"
20:30,76,com.hariwn.legendofcivilizations,"포지 마스터 (Forge Master)"
20:30,77,com.ProjectMoon.LimbusCompany,"Limbus Company"
20:30,78,com.com2us.probaseball3d.normal.freefull.google.global.android.common,"컴투스프로야구2026"
20:30,79,com.nhn.AApoker,"한게임 로얄홀덤"
20:30,80,com.zempot.wplpoker,"WPL : 홀덤, 토너먼트, 오마하, 올인폴드, 픽앤고"
20:30,81,com.gametree.lhlr.gp,"그놈은 드래곤"
20:30,82,com.mhclyxpb.gatja,"동방 찻집"
20:30,83,com.funplus.ts.global,"타일 서바이벌"
20:30,84,com.highbrow.games.dvo,"드래곤빌리지3"
20:30,85,com.billionairegames.serares,"변신 키우기"
20:30,86,com.kakaogames.aaw,"아키에이지 워 (ArcheAge WAR)"
20:30,87,com.dwgames.chunorpg,"추노 키우기"
20:30,88,com.playrix.fishdomdd.gplay,"피쉬돔 (Fishdom)"
20:30,89,com.devsisters.ck,"쿠키런: 킹덤"
20:30,90,com.netmarble.raven2,"레이븐2"
20:30,91,com.hottagames.nte,"이환"
20:30,92,com.xman.kr.gp,"X 클래시"
20:30,93,com.orienjoy.heroland.kr,"히어로 랜드M"
20:30,94,com.netmarble.lineageII,"리니지2 레볼루션"
20:30,95,com.supercell.clashofclans,"클래시 오브 클랜"
20:30,96,com.play.merge.restyle,"Merge Restyle"
20:30,97,com.nexon.kart,"카트라이더 러쉬플러스"
20:30,98,com.haegin.kbo,"2026 프로야구GO!"
20:30,99,com.zzsjkr.google,"갓깨비 키우기-999뽑기 증정"
20:30,100,com.screenshake.dominodreams,"Domino Dreams™ 도미노 드림"
20:30,101,com.fiveminlab.overgeared.hero.backpack.merge,"템빨용사: 픽셀 아이템 머지 RPG"
20:30,102,com.qjzj4399kr.google,"기적의 검"
20:30,103,com.com2us.smon.normal.freefull.google.kr.android.common,"서머너즈 워 X 장송의 프리렌"
20:30,104,com.webzen.muangel.google,"뮤 모나크"
20:30,105,com.wemade.nightcrows,"나이트 크로우"
20:30,106,defense.roguelike.cell.shoot.survivor,"세포 특공대"
20:30,107,com.sopt.mafia42.client,"마피아42"
20:30,108,com.nexon.he,"히간: 이루실"
20:30,109,com.netmarble.stonkey,"스톤에이지 키우기"
20:30,110,com.bilibilihk.jujutsuphanparagp,"주술회전 팬텀 퍼레이드"
20:30,111,com.farlightgames.igame.gp,"AFK: 새로운 여정"
20:30,112,com.greenmushroom.boomblitz.gp,"탑 히어로즈"
20:30,113,com.ulugame.hdqykrob.google,"아케론:종말의 서곡"
20:30,114,com.kr.firelite,"I9: 인페르노 나인(19) - 세로형 RPG"
20:30,115,com.ddup.zombiewaves.zw,"좀비 웨이브스"
20:30,116,com.camelgames.aoz,"에이지 오브 제트: 타워 디펜스"
20:30,117,com.netmarble.bnsmkr,"블레이드&소울 레볼루션"
20:30,118,com.ryonggame.soulhunteridle,"소울 헌터 키우기 : 방치형 RPG"
20:30,119,com.global.ztmslgkr,"퍼즐 오브 Z"
20:30,120,com.ujoygp.flower,"오늘의 꽃"
20:30,121,com.xd.xdtglobal.gp,"두근두근타운"
20:30,122,com.EightStudio.BlightWar,"블라이트 워 : 방치형 RPG"
20:30,123,jp.konami.masterduel,"Yu-Gi-Oh! Master Duel"
20:30,124,com.nspgames.dungeonslasher,"던전 슬래셔"
20:30,125,com.smilegate.lordnine.stove.google,"로드나인"
20:30,126,com.merge.game.foodstars,"푸드스타: 합쳐서 요리하기"
20:30,127,net.gameduo.gv,"캣 히어로 : 방치형 RPG"
20:30,128,com.gear2.growslayer,"슬레이어 키우기"
20:30,129,com.ylqdhkr.gp,"엔터테인먼트 거물"
20:30,130,com.nexon.mdnf,"던전앤파이터 모바일"
20:30,131,com.gamespark.topking.gp,"탑 로드"
20:30,132,com.kakaogames.friendsKing,"프렌즈팝콘"
20:30,133,com.dreamwalker.kr.gp,"꿈의 여행자: 별빛 여정"
20:30,134,com.lilithgames.rok.gpkr,"라이즈 오브 킹덤즈"
20:30,135,com.neowizgames.game.browndust2,"브라운더스트2 - 가슴 벅찬 RPG"
20:30,136,com.devsisters.gb,"쿠키런: 오븐브레이크"
20:30,137,com.YoStarKR.Arknights,"명일방주"
20:30,138,com.riotgames.league.wildrift,"리그 오브 레전드: 와일드 리프트"
20:30,139,com.ncsoft.lineagem,"리니지M(12)"
20:30,140,com.zy.wqmt.global,"무기미도"
20:30,141,com.xone.gpkr,"ASURA: 블러드 앤 소울"
20:30,142,com.hybeim.architect,"아키텍트: 랜드 오브 엑자일"
20:30,143,com.linegames.uwogl,"대항해시대 오리진"
20:30,144,com.yzlmkr.google,"우와 모험단"
20:30,145,com.pocketchamps.game,"포켓 챔프: 3D 레이싱 게임"
20:30,146,com.xmh.rpg.kr.an,"스카이 어비스: 혈맹의 서약"
20:30,147,com.igg.android.doomsdaylastsurvivors,"둠스데이: 영웅의 여정"
20:30,148,com.mobile.legends,"모바일 레전드: Bang Bang"
20:30,149,com.sundaytoz.mobile.anipang2.google.kakao.service,"애니팡2 - 3매치 퍼즐게임"
20:30,150,com.kakaogames.umamusume,"우마무스메 프리티 더비"
20:30,151,com.MelsoftGames.FamilyIslandFarm,"패밀리 아일랜드 - 농장모험게임"
20:30,152,com.hdfzxrpg.googlelb,"해적 키우기-방치형 RPG"
20:30,153,com.mxdzzkr.google,"버섯커 키우기-3000뽑기 증정"
20:30,154,kr.txwy.and.blhx,"벽람항로"
20:30,155,com.gear2.letsgolegends,"레츠고 레전드!"
20:30,156,com.netmarble.arthdal,"아스달 연대기: 세 개의 세력"
20:30,157,com.galasports.totalfootball.kr,"Total Football - 2026 북중미 시즌"
20:30,158,com.games.foundation,"파운데이션: 우주 전선"
20:30,159,com.superplaystudios.dicedreams,"Dice Dreams™️ 다이스 드림"
20:30,160,com.Chodun.CatGunner,"총잡이 고양이 : 방치형 키우기 RPG"
20:30,161,com.superpixel.undyinghero,"불사용사 키우기 : 방치형 RPG"
20:30,162,com.plarium.raidlegends,"레이드: 그림자의 전설"
20:30,163,com.fatr.global,"호텔 레거시: 합성&리모델링"
20:30,164,apli879756.vmz,"괴수: 진화 연대기"
20:30,165,com.estgames.cabalr.kr.ls,"카발RED"
20:30,166,com.com2us.ninepb3d.normal.freefull.google.global.android.common,"MLB 9이닝스 26"
20:30,167,com.ratinghope.gplay,"타이탄 러쉬: 서바이벌"
20:30,168,com.bandainamcoent.gget_WW,"SD건담 지 제네레이션 이터널"
20:30,169,com.joycastle.mergematch,"Matching Story - Puzzle Games"
20:30,170,com.sundaytoz.kakao.anipang3.service,"애니팡3 - 매치 3 퍼즐"
20:30,171,com.ea.huntingsniper,"헌팅 스나이퍼"
20:30,172,com.riftsky.mhg.kr.gp,"더 코지 플로리스트"
20:30,173,com.redveilone.vardian,"바르디안 : 피의 맹세"
20:30,174,com.kr.lfhsgp,"그레이 사가"
20:30,175,com.supercell.clashroyale,"클래시 로얄 (Clash Royale)"
20:30,176,com.blizzard.diablo.immortal,"디아블로 이모탈"
20:30,177,com.sundaytoz.kakao.anipang4,"애니팡4: 매치3 퍼즐 게임"
20:30,178,net.peakgames.toonblast,"Toon Blast"
20:30,179,com.mojang.minecraftpe,"Minecraft: 나만의 세계를 꿈꾸고 만들어보세요"
20:30,180,com.com2us.futuremlb.android.google.global.normal,"MLB 9이닝스 라이벌 26"
20:30,181,com.rxjhkr.an,"열혈강호: 귀환"
20:30,182,com.gearpaw.defenders.td.game,"기어몬: 타워 디펜스"
20:30,183,com.cyberjoy.galaxydefense,"갤럭시 디펜스 (Galaxy Defense)"
20:30,184,com.moonactive.cmboard,"Coin Master: 보드 어드벤처"
20:30,185,com.stove.epic7.google,"에픽세븐"
20:30,186,com.smilegate.chaoszero.stove.google,"카오스 제로 나이트메어"
20:30,187,com.kakaogames.ares,"아레스 : 라이즈 오브 가디언즈"
20:30,188,com.bladetw.bd,"블리치: 소울 레조넌스"
20:30,189,com.netmarble.ma9bkr,"마구마구 2026: 풀체인지"
20:30,190,com.dwjp.gp,"애니멀 가든 - 진짜 꽃다발을 배달돼요!"
20:30,191,com.bandainamcoent.dgup_ww,"디지몬 UP"
20:30,192,com.smallgiantgames.empires,"엠파이어 & 퍼즐 (Empires & Puzzles)"
20:30,193,com.ChoGames.DogPigClassic,"멍꿀 클래식 : 방치형 파밍 RPG"
20:30,194,com.blizzard.wtcg.hearthstone,"하스스톤"
20:30,195,net.gameduo.anotherdungeon,"어나더던전"
20:30,196,group.theorigin.themaxlevelreturner,"나 혼자 만렙 키우기"
20:30,197,com.multicastgames.butcher,"Butcher hero: 서바이벌 RPG"
20:30,198,com.justgame.jails,"랜드 오브 제일"
20:30,199,com.game.btjkr.and,"영혼 인도자：신의 이름으로"
20:30,200,com.linegames.gm,"창세기전 모바일 - 서풍의 광시곡"
