time,rank,id,title
00:00,1,com.netmarble.sol,"SOL: enchant"
00:00,2,com.HoYoverse.Nap,"젠레스 존 제로 - 주년 기념"
00:00,3,com.ncsoft.lineagem19,"리니지M"
00:00,4,com.kakaogames.odin,"오딘: 발할라 라이징"
00:00,5,com.gof.global,"WOS: 화이트아웃 서바이벌"
00:00,6,com.kurogame.wutheringwaves.global,"명조:워더링 웨이브 - 현방 지계를 향하여"
00:00,7,com.rxjhglkr.gp,"열혈강호: 넥스트"
00:00,8,com.run.tower.defense,"킹샷:Kingshot"
00:00,9,com.nexon.ma,"메이플 키우기"
00:00,10,com.devsisters.cc,"쿠키런 키우기 - 쿠키런: 크럼블"
00:00,11,com.fun.lastwar.gp,"라스트 워: 서바이벌"
00:00,12,com.nhnent.pokerclassic,"한게임포커 클래식 : 7포커 홀덤 섯다 훌라 슬롯"
00:00,13,com.roblox.client,"로블록스 (Roblox)"
00:00,14,com.dreamgames.royalmatch,"로얄 매치 Royal Match"
00:00,15,com.proximabeta.nikke,"승리의 여신: 니케"
00:00,16,com.mergegames.gossipharbor,"가십하버: 합성 & 스토리 게임"
00:00,17,com.nhnent.Qpoker,"한게임 포커"
00:00,18,com.percent.aos.luckydefense,"운빨존많겜"
00:00,19,com.nexon.nsc.maplem,"메이플스토리M"
00:00,20,com.nexon.devcat.mm,"마비노기 모바일"
00:00,21,com.readygo.barrel.gp,"라스트 Z: 서바이벌 슈터"
00:00,22,com.NHNEnt.MSudda,"한게임 섯다&맞고"
00:00,23,com.nexon.fmk,"FC 모바일"
00:00,24,com.gamedots.seasideescape,"씨사이드 익스케이프: 합성 & 스토리 게임"
00:00,25,com.neowiz.games.poker,"피망 포커 : 카지노 로얄 - 홀덤, 7포커, 바둑이"
00:00,26,com.fatmerge.global,"테이스티 트레블: 합성 게임"
00:00,27,com.playrix.gardenscapes,"꿈의 정원 (Gardenscapes)"
00:00,28,com.phs.global,"라스트 어사일럼: 페스트"
00:00,29,com.nexon.fo4m,"EA SPORTS FC Online M"
00:00,30,com.ncsoft.aion2,"AION2"
00:00,31,com.netmarble.thered,"뱀피르"
00:00,32,game.qualiarts.hololive.dreams.com,"hololive Dreams"
00:00,33,com.HoYoverse.hkrpgoversea,"붕괴: 스타레일"
00:00,34,jp.co.ponos.battlecatskr,"냥코 대전쟁"
00:00,35,com.dreamgames.royalkingdom,"로얄 킹덤 (Royal Kingdom)"
00:00,36,com.epidgames.trickcalrevive,"트릭컬 리바이브"
00:00,37,com.percent.aos.cooptd,"협타디: 협동 타워 디펜스"
00:00,38,com.ncsoft.lineagew,"리니지W"
00:00,39,com.pubg.krmobile,"배틀그라운드"
00:00,40,com.com2us.futurecpb.android.google.global.normal,"컴투스프로야구V26"
00:00,41,com.ncsoft.lineage2m19,"리니지2M"
00:00,42,com.hottagames.nte,"이환"
00:00,43,com.bhk.newslgkr,"삼국지: 천하결전"
00:00,44,com.nianticlabs.pokemongo,"Pokémon GO"
00:00,45,com.king.candycrushsaga,"캔디크러쉬사가 (Candy Crush Saga)"
00:00,46,jp.konami.pesam,"eFootball™"
00:00,47,com.gravity.romkrzeny.aos,"라그나로크M: Classic"
00:00,48,com.cedargames.mysterytown,"미스터리 타운: 합성 게임 (Mystery Town)"
00:00,49,com.playrix.township,"꿈의 마을 (Township)"
00:00,50,com.jsjskr.google,"토이 삼국"
00:00,51,com.bandainamcoent.gget_WW,"SD건담 지 제네레이션 이터널"
00:00,52,com.devsisters.ck,"쿠키런: 킹덤"
00:00,53,com.kr.firegp,"I9: 인페르노 나인"
00:00,54,com.cola.game,"핫레스토랑: 머지&쿠킹"
00:00,55,com.neowizgames.game.browndust2,"브라운더스트2 - 가슴 벅찬 RPG"
00:00,56,com.playrix.homescapes,"꿈의 집 (Homescapes)"
00:00,57,com.webzen.mumonarch2.google,"뮤 모나크2"
00:00,58,com.netmarble.tskgb,"세븐나이츠 리버스"
00:00,59,com.NHNEnt.NDuelgo,"한게임 신맞고 : 대한민국 원조 고스톱"
00:00,60,com.zempot.wplpoker,"WPL : 홀덤, 토너먼트, 오마하, 올인폴드, 픽앤고"
00:00,61,com.YoStarKR.Arknights,"명일방주"
00:00,62,com.ncsoft.lineagem,"리니지M(12)"
00:00,63,com.netmarble.monster2,"몬길: STAR DIVE"
00:00,64,com.com2us.smon.normal.freefull.google.kr.android.common,"서머너즈 워 X 장송의 프리렌"
00:00,65,com.hollywood.merge,"할리우드 머지"
00:00,66,com.readygo.dark.gp,"Dark War Survival"
00:00,67,com.highbrow.games.dvo,"드래곤빌리지3"
00:00,68,com.dlw.kr.google,"시티 데몬헌터즈: 각성자들"
00:00,69,com.devsisters.gb,"쿠키런: 오븐브레이크"
00:00,70,com.supercell.brawlstars,"브롤스타즈"
00:00,71,com.neowiz.games.newmatgo,"피망 뉴맞고: 고스톱 대표 맞고 게임"
00:00,72,com.com2us.probaseball3d.normal.freefull.google.global.android.common,"컴투스프로야구2026"
00:00,73,com.nexon.kart,"카트라이더 러쉬플러스"
00:00,74,com.superplaystudios.disneysolitairedreams,"Disney Solitaire 디즈니 솔리테어"
00:00,75,com.gametree.lhlr.gp,"그놈은 드래곤"
00:00,76,com.miHoYo.GenshinImpact,"원신·공월의 노래"
00:00,77,com.zzsjkr.google,"갓깨비 키우기-999뽑기 증정"
00:00,78,com.xd.xdtglobal.gp,"두근두근타운"
00:00,79,com.nhn.AApoker,"한게임 로얄홀덤"
00:00,80,com.netmarble.rfnext,"RF 온라인 넥스트"
00:00,81,com.merge.cooking.theme.restaurant.food,"머지 쿠킹 테마 레스토랑"
00:00,82,com.supercell.clashofclans,"클래시 오브 클랜"
00:00,83,com.gear2.growslayer,"슬레이어 키우기"
00:00,84,com.smilegate.chaoszero.stove.google,"카오스 제로 나이트메어"
00:00,85,com.wemade.nightcrows,"나이트 크로우"
00:00,86,com.nexon.he,"히간: 이루실"
00:00,87,com.kakaogames.aaw,"아키에이지 워 (ArcheAge WAR)"
00:00,88,com.billionairegames.serares,"변신 키우기"
00:00,89,com.haoplay.game.and.exilium,"소녀전선2: 망명"
00:00,90,com.smilegate.lordnine.stove.google,"로드나인"
00:00,91,com.netmarble.raven2,"레이븐2"
00:00,92,com.qjzj4399kr.google,"기적의 검"
00:00,93,com.playrix.fishdomdd.gplay,"피쉬돔 (Fishdom)"
00:00,94,com.netmarble.bnsmkr,"블레이드&소울 레볼루션"
00:00,95,com.netmarble.stonkey,"스톤에이지 키우기"
00:00,96,jp.pokemon.pokemontcgp,"포켓몬 카드 게임 Pocket"
00:00,97,com.ujoygp.flower,"오늘의 꽃"
00:00,98,com.kingsgroup.sos,"S.O.S: 스테이트 오브 서바이벌"
00:00,99,io.randomco.travel,"Travel Town - 결합 어드벤처"
00:00,100,com.dreamwalker.kr.gp,"꿈의 여행자: 별빛 여정"
00:00,101,com.webzen.muangel.google,"뮤 모나크"
00:00,102,com.yzlmkr.google,"우와 모험단"
00:00,103,com.sundaytoz.mobile.anipang2.google.kakao.service,"애니팡2 - 3매치 퍼즐게임"
00:00,104,com.greenmushroom.boomblitz.gp,"탑 히어로즈"
00:00,105,com.hariwn.legendofcivilizations,"포지 마스터 (Forge Master)"
00:00,106,com.ryonggame.soulhunteridle,"소울 헌터 키우기 : 방치형 RPG"
00:00,107,com.joycity.im,"임진왜란: 조선의 반격"
00:00,108,com.funplus.ts.global,"타일 서바이벌"
00:00,109,com.mhclyxpb.gatja,"동방 찻집"
00:00,110,com.mxdzzkr.google,"버섯커 키우기-3000뽑기 증정"
00:00,111,com.fiveminlab.overgeared.hero.backpack.merge,"템빨용사: 픽셀 아이템 머지 RPG"
00:00,112,com.dwgames.chunorpg,"추노 키우기"
00:00,113,com.xman.kr.gp,"X 클래시"
00:00,114,com.global.ztmslgkr,"퍼즐 오브 Z"
00:00,115,kr.haoplay.game.and.reverse,"리버스: 1999"
00:00,116,com.screenshake.dominodreams,"Domino Dreams™"
00:00,117,com.kakaogames.umamusume,"우마무스메 프리티 더비"
00:00,118,com.ulugame.hdqykrob.google,"아케론:종말의 서곡"
00:00,119,com.ProjectMoon.LimbusCompany,"Limbus Company"
00:00,120,com.hdfzxrpg.googlelb,"해적 키우기-방치형 RPG"
00:00,121,net.gameduo.gv,"캣 히어로 : 방치형 RPG"
00:00,122,com.bandainamcoent.dgup_ww,"디지몬 UP"
00:00,123,net.kernys.aooni,"좀비고등학교"
00:00,124,com.lilithgames.rok.gpkr,"라이즈 오브 킹덤즈"
00:00,125,net.lightcon.windidle,"윈드러너 키우기"
00:00,126,com.sopt.mafia42.client,"마피아42"
00:00,127,com.zlongame.kr.langrisser,"랑그릿사"
00:00,128,com.ddup.zombiewaves.zw,"좀비 웨이브스"
00:00,129,com.play.merge.restyle,"Merge Restyle"
00:00,130,com.camelgames.aoz,"에이지 오브 제트: 타워 디펜스"
00:00,131,com.haegin.kbo,"2026 프로야구GO!"
00:00,132,com.mojang.minecraftpe,"Minecraft: 나만의 세계를 꿈꾸고 만들어보세요"
00:00,133,com.netmarble.arthdal,"아스달 연대기: 세 개의 세력"
00:00,134,com.bilibilihk.jujutsuphanparagp,"주술회전 팬텀 퍼레이드"
00:00,135,com.korea.hsbbkr.google,"도깨비 소녀와 함께"
00:00,136,com.superplaystudios.dicedreams,"Dice Dreams™️ 다이스 드림"
00:00,137,com.qookkagame.sgzzlb.gp.kr,"삼국지 전략판"
00:00,138,com.com2us.ninepb3d.normal.freefull.google.global.android.common,"MLB 9이닝스 26"
00:00,139,com.netmarble.lineageII,"리니지2 레볼루션"
00:00,140,com.kr.firelite,"I9: 인페르노 나인(19) - 세로형 RPG"
00:00,141,com.pjsekai.kr,"프로젝트 세카이 컬러풀 스테이지! feat.하츠네 미쿠"
00:00,142,com.kr.lfhsgp,"그레이 사가"
00:00,143,com.hybeim.architect,"아키텍트: 랜드 오브 엑자일"
00:00,144,com.gear2.letsgolegends,"레츠고 레전드!"
00:00,145,com.riftsky.mhg.kr.gp,"더 코지 플로리스트"
00:00,146,com.MelsoftGames.FamilyIslandFarm,"패밀리 아일랜드 - 농장모험게임"
00:00,147,com.xone.gpkr,"ASURA: 블러드 앤 소울"
00:00,148,com.games.foundation,"파운데이션: 우주 전선"
00:00,149,com.galasports.totalfootball.kr,"Total Football - 2026 북중미 시즌"
00:00,150,com.superpixel.undyinghero,"불사용사 키우기 : 방치형 RPG"
00:00,151,com.pocketchamps.game,"포켓 챔프: 3D 레이싱 게임"
00:00,152,com.ylqdhkr.gp,"엔터테인먼트 거물"
00:00,153,com.supercell.clashroyale,"클래시 로얄 (Clash Royale)"
00:00,154,com.xmh.rpg.kr.an,"스카이 어비스: 혈맹의 서약"
00:00,155,com.merge.game.foodstars,"푸드스타: 합쳐서 요리하기"
00:00,156,com.riotgames.league.wildrift,"리그 오브 레전드: 와일드 리프트"
00:00,157,com.com2us.futuremlb.android.google.global.normal,"MLB 9이닝스 라이벌 26"
00:00,158,com.justgame.jails,"랜드 오브 제일"
00:00,159,net.peakgames.toonblast,"Toon Blast"
00:00,160,com.dwjp.gp,"애니멀 가든 - 진짜 꽃다발을 배달돼요!"
00:00,161,com.minigame.wszj.android.gp,"Wing Fighter"
00:00,162,com.ea.huntingsniper,"헌팅 스나이퍼"
00:00,163,net.gameduo.anotherdungeon,"어나더던전"
00:00,164,com.nexon.mdnf,"던전앤파이터 모바일"
00:00,165,com.plarium.raidlegends,"레이드: 그림자의 전설"
00:00,166,com.igg.android.doomsdaylastsurvivors,"둠스데이: 영웅의 여정"
00:00,167,com.a3.topgirl.gplay,"Top Girl"
00:00,168,com.linegames.gm,"창세기전 모바일 - 서풍의 광시곡"
00:00,169,com.sundaytoz.kakao.anipang3.service,"애니팡3 - 매치 3 퍼즐"
00:00,170,com.gravity.rooc.android,"라그나로크 오리진 클래식"
00:00,171,com.mobile.legends,"모바일 레전드: Bang Bang"
00:00,172,com.gamespark.topking.gp,"탑 로드"
00:00,173,apli879756.vmz,"괴수: 진화 연대기"
00:00,174,com.webzen.r2origin.google,"R2 ORIGIN"
00:00,175,defense.roguelike.cell.shoot.survivor,"세포 특공대"
00:00,176,com.cyberjoy.galaxydefense,"갤럭시 디펜스 (Galaxy Defense)"
00:00,177,com.gryphline.endfield.gp,"명일방주: 엔드필드"
00:00,178,com.xd.ssrpgkr,"소드 오브 콘발라리아"
00:00,179,com.kakaogames.friendsKing,"프렌즈팝콘"
00:00,180,com.joycastle.mergematch,"Matching Story - Puzzle Games"
00:00,181,com.ygjszkr.google,"귀판오분전-444뽑기 증정"
00:00,182,com.sundaytoz.kakao.anipang4,"애니팡4: 매치3 퍼즐 게임"
00:00,183,com.stove.epic7.google,"에픽세븐"
00:00,184,com.netmarble.sololv,"나 혼자만 레벨업:어라이즈"
00:00,185,com.blizzard.diablo.immortal,"디아블로 이모탈"
00:00,186,com.netmarble.ma9bkr,"마구마구 2026: 풀체인지"
00:00,187,com.game.btjkr.and,"영혼 인도자：신의 이름으로"
00:00,188,com.netease.dfjskr,"레이싱 마스터(Racing Master)"
00:00,189,jp.co.drecom.wizardry.daphne,"Wizardry Variants Daphne"
00:00,190,com.wemadeconnect.aos.lostdgl,"로스트 소드-1.5주년"
00:00,191,com.moonactive.cmboard,"Coin Master: 보드 어드벤처"
00:00,192,com.nexon.v4kr,"V4"
00:00,193,com.pearlabyss.blackdesertm,"검은사막 모바일"
00:00,194,com.joycity.gw,"건쉽배틀 토탈워페어"
00:00,195,com.netmarble.fgok,"페이트/그랜드 오더"
00:00,196,com.wireless.defenseland,"레이드 러시: 타워 디펜스"
00:00,197,com.riotgames.league.teamfighttactics,"전략적 팀 전투: 리그 오브 레전드 전략 게임"
00:00,198,com.Volcanus.Cheonsammu.aos,"천마지만 삼국지에서 무쌍중입니다"
00:00,199,com.mymskr.gp,"호드 워:어벤저의 소환"
00:00,200,com.fatr.global,"호텔 레거시: 합성&리모델링"
02:00,1,com.netmarble.sol,"SOL: enchant"
02:00,2,com.HoYoverse.Nap,"젠레스 존 제로 - 주년 기념"
02:00,3,com.ncsoft.lineagem19,"리니지M"
02:00,4,com.gof.global,"WOS: 화이트아웃 서바이벌"
02:00,5,com.kurogame.wutheringwaves.global,"명조:워더링 웨이브 - 현방 지계를 향하여"
02:00,6,com.kakaogames.odin,"오딘: 발할라 라이징"
02:00,7,com.rxjhglkr.gp,"열혈강호: 넥스트"
02:00,8,com.run.tower.defense,"킹샷:Kingshot"
02:00,9,com.nexon.ma,"메이플 키우기"
02:00,10,com.devsisters.cc,"쿠키런 키우기 - 쿠키런: 크럼블"
02:00,11,com.fun.lastwar.gp,"라스트 워: 서바이벌"
02:00,12,com.nhnent.pokerclassic,"한게임포커 클래식 : 7포커 홀덤 섯다 훌라 슬롯"
02:00,13,com.roblox.client,"로블록스 (Roblox)"
02:00,14,com.dreamgames.royalmatch,"로얄 매치 Royal Match"
02:00,15,com.proximabeta.nikke,"승리의 여신: 니케"
02:00,16,com.mergegames.gossipharbor,"가십하버: 합성 & 스토리 게임"
02:00,17,com.nhnent.Qpoker,"한게임 포커"
02:00,18,com.percent.aos.luckydefense,"운빨존많겜"
02:00,19,com.nexon.nsc.maplem,"메이플스토리M"
02:00,20,com.nexon.devcat.mm,"마비노기 모바일"
02:00,21,com.readygo.barrel.gp,"라스트 Z: 서바이벌 슈터"
02:00,22,com.NHNEnt.MSudda,"한게임 섯다&맞고"
02:00,23,com.nexon.fmk,"FC 모바일"
02:00,24,com.gamedots.seasideescape,"씨사이드 익스케이프: 합성 & 스토리 게임"
02:00,25,com.neowiz.games.poker,"피망 포커 : 카지노 로얄 - 홀덤, 7포커, 바둑이"
02:00,26,com.fatmerge.global,"테이스티 트레블: 합성 게임"
02:00,27,com.playrix.gardenscapes,"꿈의 정원 (Gardenscapes)"
02:00,28,com.phs.global,"라스트 어사일럼: 페스트"
02:00,29,com.nexon.fo4m,"EA SPORTS FC Online M"
02:00,30,com.ncsoft.aion2,"AION2"
02:00,31,com.netmarble.thered,"뱀피르"
02:00,32,game.qualiarts.hololive.dreams.com,"hololive Dreams"
02:00,33,com.HoYoverse.hkrpgoversea,"붕괴: 스타레일"
02:00,34,jp.co.ponos.battlecatskr,"냥코 대전쟁"
02:00,35,com.dreamgames.royalkingdom,"로얄 킹덤 (Royal Kingdom)"
02:00,36,com.epidgames.trickcalrevive,"트릭컬 리바이브"
02:00,37,com.percent.aos.cooptd,"협타디: 협동 타워 디펜스"
02:00,38,com.ncsoft.lineagew,"리니지W"
02:00,39,com.pubg.krmobile,"배틀그라운드"
02:00,40,com.com2us.futurecpb.android.google.global.normal,"컴투스프로야구V26"
02:00,41,com.ncsoft.lineage2m19,"리니지2M"
02:00,42,com.hottagames.nte,"이환"
02:00,43,com.bhk.newslgkr,"삼국지: 천하결전"
02:00,44,com.nianticlabs.pokemongo,"Pokémon GO"
02:00,45,com.king.candycrushsaga,"캔디크러쉬사가 (Candy Crush Saga)"
02:00,46,jp.konami.pesam,"eFootball™"
02:00,47,com.gravity.romkrzeny.aos,"라그나로크M: Classic"
02:00,48,com.cedargames.mysterytown,"미스터리 타운: 합성 게임 (Mystery Town)"
02:00,49,com.playrix.township,"꿈의 마을 (Township)"
02:00,50,com.jsjskr.google,"토이 삼국"
02:00,51,com.bandainamcoent.gget_WW,"SD건담 지 제네레이션 이터널"
02:00,52,com.devsisters.ck,"쿠키런: 킹덤"
02:00,53,com.kr.firegp,"I9: 인페르노 나인"
02:00,54,com.cola.game,"핫레스토랑: 머지&쿠킹"
02:00,55,com.neowizgames.game.browndust2,"브라운더스트2 - 가슴 벅찬 RPG"
02:00,56,com.playrix.homescapes,"꿈의 집 (Homescapes)"
02:00,57,com.webzen.mumonarch2.google,"뮤 모나크2"
02:00,58,com.NHNEnt.NDuelgo,"한게임 신맞고 : 대한민국 원조 고스톱"
02:00,59,com.zempot.wplpoker,"WPL : 홀덤, 토너먼트, 오마하, 올인폴드, 픽앤고"
02:00,60,com.YoStarKR.Arknights,"명일방주"
02:00,61,com.ncsoft.lineagem,"리니지M(12)"
02:00,62,com.netmarble.monster2,"몬길: STAR DIVE"
02:00,63,com.com2us.smon.normal.freefull.google.kr.android.common,"서머너즈 워 X 장송의 프리렌"
02:00,64,com.netmarble.tskgb,"세븐나이츠 리버스"
02:00,65,com.hollywood.merge,"할리우드 머지"
02:00,66,com.readygo.dark.gp,"Dark War Survival"
02:00,67,com.highbrow.games.dvo,"드래곤빌리지3"
02:00,68,com.dlw.kr.google,"시티 데몬헌터즈: 각성자들"
02:00,69,com.devsisters.gb,"쿠키런: 오븐브레이크"
02:00,70,com.supercell.brawlstars,"브롤스타즈"
02:00,71,com.neowiz.games.newmatgo,"피망 뉴맞고: 고스톱 대표 맞고 게임"
02:00,72,com.com2us.probaseball3d.normal.freefull.google.global.android.common,"컴투스프로야구2026"
02:00,73,com.nexon.kart,"카트라이더 러쉬플러스"
02:00,74,com.superplaystudios.disneysolitairedreams,"Disney Solitaire 디즈니 솔리테어"
02:00,75,com.gametree.lhlr.gp,"그놈은 드래곤"
02:00,76,com.miHoYo.GenshinImpact,"원신·공월의 노래"
02:00,77,com.zzsjkr.google,"갓깨비 키우기-999뽑기 증정"
02:00,78,com.xd.xdtglobal.gp,"두근두근타운"
02:00,79,com.nhn.AApoker,"한게임 로얄홀덤"
02:00,80,com.netmarble.rfnext,"RF 온라인 넥스트"
02:00,81,com.merge.cooking.theme.restaurant.food,"머지 쿠킹 테마 레스토랑"
02:00,82,com.supercell.clashofclans,"클래시 오브 클랜"
02:00,83,com.gear2.growslayer,"슬레이어 키우기"
02:00,84,com.smilegate.chaoszero.stove.google,"카오스 제로 나이트메어"
02:00,85,com.wemade.nightcrows,"나이트 크로우"
02:00,86,com.nexon.he,"히간: 이루실"
02:00,87,com.kakaogames.aaw,"아키에이지 워 (ArcheAge WAR)"
02:00,88,com.billionairegames.serares,"변신 키우기"
02:00,89,com.haoplay.game.and.exilium,"소녀전선2: 망명"
02:00,90,com.smilegate.lordnine.stove.google,"로드나인"
02:00,91,com.netmarble.raven2,"레이븐2"
02:00,92,com.qjzj4399kr.google,"기적의 검"
02:00,93,com.netmarble.bnsmkr,"블레이드&소울 레볼루션"
02:00,94,com.netmarble.stonkey,"스톤에이지 키우기"
02:00,95,jp.pokemon.pokemontcgp,"포켓몬 카드 게임 Pocket"
02:00,96,com.ujoygp.flower,"오늘의 꽃"
02:00,97,com.kingsgroup.sos,"S.O.S: 스테이트 오브 서바이벌"
02:00,98,io.randomco.travel,"Travel Town - 결합 어드벤처"
02:00,99,com.playrix.fishdomdd.gplay,"피쉬돔 (Fishdom)"
02:00,100,com.dreamwalker.kr.gp,"꿈의 여행자: 별빛 여정"
02:00,101,com.webzen.muangel.google,"뮤 모나크"
02:00,102,com.yzlmkr.google,"우와 모험단"
02:00,103,com.sundaytoz.mobile.anipang2.google.kakao.service,"애니팡2 - 3매치 퍼즐게임"
02:00,104,com.netmarble.fgok,"페이트/그랜드 오더"
02:00,105,com.greenmushroom.boomblitz.gp,"탑 히어로즈"
02:00,106,com.hariwn.legendofcivilizations,"포지 마스터 (Forge Master)"
02:00,107,com.ryonggame.soulhunteridle,"소울 헌터 키우기 : 방치형 RPG"
02:00,108,com.joycity.im,"임진왜란: 조선의 반격"
02:00,109,com.funplus.ts.global,"타일 서바이벌"
02:00,110,com.mhclyxpb.gatja,"동방 찻집"
02:00,111,com.mxdzzkr.google,"버섯커 키우기-3000뽑기 증정"
02:00,112,com.fiveminlab.overgeared.hero.backpack.merge,"템빨용사: 픽셀 아이템 머지 RPG"
02:00,113,com.dwgames.chunorpg,"추노 키우기"
02:00,114,com.xman.kr.gp,"X 클래시"
02:00,115,com.global.ztmslgkr,"퍼즐 오브 Z"
02:00,116,kr.haoplay.game.and.reverse,"리버스: 1999"
02:00,117,com.screenshake.dominodreams,"Domino Dreams™"
02:00,118,com.kakaogames.umamusume,"우마무스메 프리티 더비"
02:00,119,com.ulugame.hdqykrob.google,"아케론:종말의 서곡"
02:00,120,com.ProjectMoon.LimbusCompany,"Limbus Company"
02:00,121,com.hdfzxrpg.googlelb,"해적 키우기-방치형 RPG"
02:00,122,net.gameduo.gv,"캣 히어로 : 방치형 RPG"
02:00,123,com.bandainamcoent.dgup_ww,"디지몬 UP"
02:00,124,net.kernys.aooni,"좀비고등학교"
02:00,125,com.lilithgames.rok.gpkr,"라이즈 오브 킹덤즈"
02:00,126,net.lightcon.windidle,"윈드러너 키우기"
02:00,127,com.sopt.mafia42.client,"마피아42"
02:00,128,com.zlongame.kr.langrisser,"랑그릿사"
02:00,129,com.ddup.zombiewaves.zw,"좀비 웨이브스"
02:00,130,com.play.merge.restyle,"Merge Restyle"
02:00,131,com.camelgames.aoz,"에이지 오브 제트: 타워 디펜스"
02:00,132,com.haegin.kbo,"2026 프로야구GO!"
02:00,133,com.netmarble.arthdal,"아스달 연대기: 세 개의 세력"
02:00,134,com.bilibilihk.jujutsuphanparagp,"주술회전 팬텀 퍼레이드"
02:00,135,com.korea.hsbbkr.google,"도깨비 소녀와 함께"
02:00,136,com.superplaystudios.dicedreams,"Dice Dreams™️ 다이스 드림"
02:00,137,com.mojang.minecraftpe,"Minecraft: 나만의 세계를 꿈꾸고 만들어보세요"
02:00,138,com.qookkagame.sgzzlb.gp.kr,"삼국지 전략판"
02:00,139,com.com2us.ninepb3d.normal.freefull.google.global.android.common,"MLB 9이닝스 26"
02:00,140,com.netmarble.lineageII,"리니지2 레볼루션"
02:00,141,com.kr.firelite,"I9: 인페르노 나인(19) - 세로형 RPG"
02:00,142,com.pjsekai.kr,"프로젝트 세카이 컬러풀 스테이지! feat.하츠네 미쿠"
02:00,143,com.kr.lfhsgp,"그레이 사가"
02:00,144,com.hybeim.architect,"아키텍트: 랜드 오브 엑자일"
02:00,145,com.gear2.letsgolegends,"레츠고 레전드!"
02:00,146,com.riftsky.mhg.kr.gp,"더 코지 플로리스트"
02:00,147,com.MelsoftGames.FamilyIslandFarm,"패밀리 아일랜드 - 농장모험게임"
02:00,148,com.xone.gpkr,"ASURA: 블러드 앤 소울"
02:00,149,com.games.foundation,"파운데이션: 우주 전선"
02:00,150,com.galasports.totalfootball.kr,"Total Football - 2026 북중미 시즌"
02:00,151,com.superpixel.undyinghero,"불사용사 키우기 : 방치형 RPG"
02:00,152,com.pocketchamps.game,"포켓 챔프: 3D 레이싱 게임"
02:00,153,com.ylqdhkr.gp,"엔터테인먼트 거물"
02:00,154,com.supercell.clashroyale,"클래시 로얄 (Clash Royale)"
02:00,155,com.xmh.rpg.kr.an,"스카이 어비스: 혈맹의 서약"
02:00,156,com.merge.game.foodstars,"푸드스타: 합쳐서 요리하기"
02:00,157,com.riotgames.league.wildrift,"리그 오브 레전드: 와일드 리프트"
02:00,158,com.com2us.futuremlb.android.google.global.normal,"MLB 9이닝스 라이벌 26"
02:00,159,com.justgame.jails,"랜드 오브 제일"
02:00,160,net.peakgames.toonblast,"Toon Blast"
02:00,161,com.dwjp.gp,"애니멀 가든 - 진짜 꽃다발을 배달돼요!"
02:00,162,com.minigame.wszj.android.gp,"Wing Fighter"
02:00,163,com.ea.huntingsniper,"헌팅 스나이퍼"
02:00,164,net.gameduo.anotherdungeon,"어나더던전"
02:00,165,com.nexon.mdnf,"던전앤파이터 모바일"
02:00,166,com.plarium.raidlegends,"레이드: 그림자의 전설"
02:00,167,com.igg.android.doomsdaylastsurvivors,"둠스데이: 영웅의 여정"
02:00,168,com.a3.topgirl.gplay,"Top Girl"
02:00,169,com.linegames.gm,"창세기전 모바일 - 서풍의 광시곡"
02:00,170,com.sundaytoz.kakao.anipang3.service,"애니팡3 - 매치 3 퍼즐"
02:00,171,com.gravity.rooc.android,"라그나로크 오리진 클래식"
02:00,172,com.mobile.legends,"모바일 레전드: Bang Bang"
02:00,173,com.gamespark.topking.gp,"탑 로드"
02:00,174,apli879756.vmz,"괴수: 진화 연대기"
02:00,175,com.webzen.r2origin.google,"R2 ORIGIN"
02:00,176,defense.roguelike.cell.shoot.survivor,"세포 특공대"
02:00,177,com.cyberjoy.galaxydefense,"갤럭시 디펜스 (Galaxy Defense)"
02:00,178,com.gryphline.endfield.gp,"명일방주: 엔드필드"
02:00,179,com.xd.ssrpgkr,"소드 오브 콘발라리아"
02:00,180,com.kakaogames.friendsKing,"프렌즈팝콘"
02:00,181,com.joycastle.mergematch,"Matching Story - Puzzle Games"
02:00,182,com.ygjszkr.google,"귀판오분전-444뽑기 증정"
02:00,183,com.sundaytoz.kakao.anipang4,"애니팡4: 매치3 퍼즐 게임"
02:00,184,com.stove.epic7.google,"에픽세븐"
02:00,185,com.netmarble.sololv,"나 혼자만 레벨업:어라이즈"
02:00,186,com.blizzard.diablo.immortal,"디아블로 이모탈"
02:00,187,com.netmarble.ma9bkr,"마구마구 2026: 풀체인지"
02:00,188,com.game.btjkr.and,"영혼 인도자：신의 이름으로"
02:00,189,com.netease.dfjskr,"레이싱 마스터(Racing Master)"
02:00,190,jp.co.drecom.wizardry.daphne,"Wizardry Variants Daphne"
02:00,191,com.wemadeconnect.aos.lostdgl,"로스트 소드-1.5주년"
02:00,192,com.moonactive.cmboard,"Coin Master: 보드 어드벤처"
02:00,193,com.nexon.v4kr,"V4"
02:00,194,com.pearlabyss.blackdesertm,"검은사막 모바일"
02:00,195,com.joycity.gw,"건쉽배틀 토탈워페어"
02:00,196,com.wireless.defenseland,"레이드 러시: 타워 디펜스"
02:00,197,com.riotgames.league.teamfighttactics,"전략적 팀 전투: 리그 오브 레전드 전략 게임"
02:00,198,com.Volcanus.Cheonsammu.aos,"천마지만 삼국지에서 무쌍중입니다"
02:00,199,com.mymskr.gp,"호드 워:어벤저의 소환"
02:00,200,com.fatr.global,"호텔 레거시: 합성&리모델링"
04:00,1,com.netmarble.sol,"SOL: enchant"
04:00,2,com.ncsoft.lineagem19,"리니지M"
04:00,3,com.HoYoverse.Nap,"젠레스 존 제로 - 주년 기념"
04:00,4,com.gof.global,"WOS: 화이트아웃 서바이벌"
04:00,5,com.kurogame.wutheringwaves.global,"명조:워더링 웨이브 - 현방 지계를 향하여"
04:00,6,com.kakaogames.odin,"오딘: 발할라 라이징"
04:00,7,com.rxjhglkr.gp,"열혈강호: 넥스트"
04:00,8,com.run.tower.defense,"킹샷:Kingshot"
04:00,9,com.devsisters.cc,"쿠키런 키우기 - 쿠키런: 크럼블"
04:00,10,com.nexon.ma,"메이플 키우기"
04:00,11,com.nhnent.pokerclassic,"한게임포커 클래식 : 7포커 홀덤 섯다 훌라 슬롯"
04:00,12,com.fun.lastwar.gp,"라스트 워: 서바이벌"
04:00,13,com.roblox.client,"로블록스 (Roblox)"
04:00,14,com.dreamgames.royalmatch,"로얄 매치 Royal Match"
04:00,15,com.mergegames.gossipharbor,"가십하버: 합성 & 스토리 게임"
04:00,16,com.proximabeta.nikke,"승리의 여신: 니케"
04:00,17,com.nhnent.Qpoker,"한게임 포커"
04:00,18,com.percent.aos.luckydefense,"운빨존많겜"
04:00,19,com.nexon.nsc.maplem,"메이플스토리M"
04:00,20,com.nexon.devcat.mm,"마비노기 모바일"
04:00,21,com.NHNEnt.MSudda,"한게임 섯다&맞고"
04:00,22,com.readygo.barrel.gp,"라스트 Z: 서바이벌 슈터"
04:00,23,com.nexon.fmk,"FC 모바일"
04:00,24,com.neowiz.games.poker,"피망 포커 : 카지노 로얄 - 홀덤, 7포커, 바둑이"
04:00,25,com.gamedots.seasideescape,"씨사이드 익스케이프: 합성 & 스토리 게임"
04:00,26,com.fatmerge.global,"테이스티 트레블: 합성 게임"
04:00,27,com.playrix.gardenscapes,"꿈의 정원 (Gardenscapes)"
04:00,28,com.nexon.fo4m,"EA SPORTS FC Online M"
04:00,29,com.phs.global,"라스트 어사일럼: 페스트"
04:00,30,com.ncsoft.aion2,"AION2"
04:00,31,com.HoYoverse.hkrpgoversea,"붕괴: 스타레일"
04:00,32,com.dreamgames.royalkingdom,"로얄 킹덤 (Royal Kingdom)"
04:00,33,com.netmarble.thered,"뱀피르"
04:00,34,jp.co.ponos.battlecatskr,"냥코 대전쟁"
04:00,35,com.ncsoft.lineagew,"리니지W"
04:00,36,com.epidgames.trickcalrevive,"트릭컬 리바이브"
04:00,37,com.pubg.krmobile,"배틀그라운드"
04:00,38,com.percent.aos.cooptd,"협타디: 협동 타워 디펜스"
04:00,39,game.qualiarts.hololive.dreams.com,"hololive Dreams"
04:00,40,com.com2us.futurecpb.android.google.global.normal,"컴투스프로야구V26"
04:00,41,com.bhk.newslgkr,"삼국지: 천하결전"
04:00,42,com.nianticlabs.pokemongo,"Pokémon GO"
04:00,43,com.ncsoft.lineage2m19,"리니지2M"
04:00,44,com.king.candycrushsaga,"캔디크러쉬사가 (Candy Crush Saga)"
04:00,45,jp.konami.pesam,"eFootball™"
04:00,46,com.gravity.romkrzeny.aos,"라그나로크M: Classic"
04:00,47,com.bandainamcoent.gget_WW,"SD건담 지 제네레이션 이터널"
04:00,48,com.cedargames.mysterytown,"미스터리 타운: 합성 게임 (Mystery Town)"
04:00,49,com.playrix.township,"꿈의 마을 (Township)"
04:00,50,com.jsjskr.google,"토이 삼국"
04:00,51,com.kr.firegp,"I9: 인페르노 나인"
04:00,52,com.hottagames.nte,"이환"
04:00,53,com.zempot.wplpoker,"WPL : 홀덤, 토너먼트, 오마하, 올인폴드, 픽앤고"
04:00,54,com.cola.game,"핫레스토랑: 머지&쿠킹"
04:00,55,com.NHNEnt.NDuelgo,"한게임 신맞고 : 대한민국 원조 고스톱"
04:00,56,com.neowizgames.game.browndust2,"브라운더스트2 - 가슴 벅찬 RPG"
04:00,57,com.ncsoft.lineagem,"리니지M(12)"
04:00,58,com.playrix.homescapes,"꿈의 집 (Homescapes)"
04:00,59,com.netmarble.tskgb,"세븐나이츠 리버스"
04:00,60,com.com2us.smon.normal.freefull.google.kr.android.common,"서머너즈 워 X 장송의 프리렌"
04:00,61,com.webzen.mumonarch2.google,"뮤 모나크2"
04:00,62,com.highbrow.games.dvo,"드래곤빌리지3"
04:00,63,com.readygo.dark.gp,"Dark War Survival"
04:00,64,com.hollywood.merge,"할리우드 머지"
04:00,65,com.dlw.kr.google,"시티 데몬헌터즈: 각성자들"
04:00,66,com.devsisters.ck,"쿠키런: 킹덤"
04:00,67,com.supercell.brawlstars,"브롤스타즈"
04:00,68,com.YoStarKR.Arknights,"명일방주"
04:00,69,com.com2us.probaseball3d.normal.freefull.google.global.android.common,"컴투스프로야구2026"
04:00,70,com.netmarble.monster2,"몬길: STAR DIVE"
04:00,71,com.neowiz.games.newmatgo,"피망 뉴맞고: 고스톱 대표 맞고 게임"
04:00,72,com.nhn.AApoker,"한게임 로얄홀덤"
04:00,73,com.nexon.kart,"카트라이더 러쉬플러스"
04:00,74,com.gametree.lhlr.gp,"그놈은 드래곤"
04:00,75,com.superplaystudios.disneysolitairedreams,"Disney Solitaire 디즈니 솔리테어"
04:00,76,com.zzsjkr.google,"갓깨비 키우기-999뽑기 증정"
04:00,77,com.miHoYo.GenshinImpact,"원신·공월의 노래"
04:00,78,com.xd.xdtglobal.gp,"두근두근타운"
04:00,79,com.supercell.clashofclans,"클래시 오브 클랜"
04:00,80,com.merge.cooking.theme.restaurant.food,"머지 쿠킹 테마 레스토랑"
04:00,81,com.devsisters.gb,"쿠키런: 오븐브레이크"
04:00,82,com.nexon.he,"히간: 이루실"
04:00,83,com.billionairegames.serares,"변신 키우기"
04:00,84,com.smilegate.chaoszero.stove.google,"카오스 제로 나이트메어"
04:00,85,com.smilegate.lordnine.stove.google,"로드나인"
04:00,86,com.wemade.nightcrows,"나이트 크로우"
04:00,87,com.haoplay.game.and.exilium,"소녀전선2: 망명"
04:00,88,com.gear2.growslayer,"슬레이어 키우기"
04:00,89,com.kingsgroup.sos,"S.O.S: 스테이트 오브 서바이벌"
04:00,90,jp.pokemon.pokemontcgp,"포켓몬 카드 게임 Pocket"
04:00,91,com.playrix.fishdomdd.gplay,"피쉬돔 (Fishdom)"
04:00,92,com.qjzj4399kr.google,"기적의 검"
04:00,93,com.netmarble.raven2,"레이븐2"
04:00,94,com.kakaogames.aaw,"아키에이지 워 (ArcheAge WAR)"
04:00,95,com.dreamwalker.kr.gp,"꿈의 여행자: 별빛 여정"
04:00,96,com.yzlmkr.google,"우와 모험단"
04:00,97,com.netmarble.bnsmkr,"블레이드&소울 레볼루션"
04:00,98,com.netmarble.rfnext,"RF 온라인 넥스트"
04:00,99,io.randomco.travel,"Travel Town - 결합 어드벤처"
04:00,100,com.netmarble.fgok,"페이트/그랜드 오더"
04:00,101,com.ujoygp.flower,"오늘의 꽃"
04:00,102,com.ryonggame.soulhunteridle,"소울 헌터 키우기 : 방치형 RPG"
04:00,103,com.sundaytoz.mobile.anipang2.google.kakao.service,"애니팡2 - 3매치 퍼즐게임"
04:00,104,com.joycity.im,"임진왜란: 조선의 반격"
04:00,105,com.netmarble.stonkey,"스톤에이지 키우기"
04:00,106,com.webzen.muangel.google,"뮤 모나크"
04:00,107,com.greenmushroom.boomblitz.gp,"탑 히어로즈"
04:00,108,com.funplus.ts.global,"타일 서바이벌"
04:00,109,com.mhclyxpb.gatja,"동방 찻집"
04:00,110,com.hariwn.legendofcivilizations,"포지 마스터 (Forge Master)"
04:00,111,com.xman.kr.gp,"X 클래시"
04:00,112,com.mxdzzkr.google,"버섯커 키우기-3000뽑기 증정"
04:00,113,com.fiveminlab.overgeared.hero.backpack.merge,"템빨용사: 픽셀 아이템 머지 RPG"
04:00,114,com.dwgames.chunorpg,"추노 키우기"
04:00,115,com.ulugame.hdqykrob.google,"아케론:종말의 서곡"
04:00,116,kr.haoplay.game.and.reverse,"리버스: 1999"
04:00,117,com.global.ztmslgkr,"퍼즐 오브 Z"
04:00,118,com.kakaogames.umamusume,"우마무스메 프리티 더비"
04:00,119,net.kernys.aooni,"좀비고등학교"
04:00,120,com.screenshake.dominodreams,"Domino Dreams™"
04:00,121,com.sopt.mafia42.client,"마피아42"
04:00,122,com.ProjectMoon.LimbusCompany,"Limbus Company"
04:00,123,com.lilithgames.rok.gpkr,"라이즈 오브 킹덤즈"
04:00,124,com.hdfzxrpg.googlelb,"해적 키우기-방치형 RPG"
04:00,125,net.gameduo.gv,"캣 히어로 : 방치형 RPG"
04:00,126,com.bandainamcoent.dgup_ww,"디지몬 UP"
04:00,127,com.ddup.zombiewaves.zw,"좀비 웨이브스"
04:00,128,net.lightcon.windidle,"윈드러너 키우기"
04:00,129,com.com2us.ninepb3d.normal.freefull.google.global.android.common,"MLB 9이닝스 26"
04:00,130,com.mojang.minecraftpe,"Minecraft: 나만의 세계를 꿈꾸고 만들어보세요"
04:00,131,com.bilibilihk.jujutsuphanparagp,"주술회전 팬텀 퍼레이드"
04:00,132,com.qookkagame.sgzzlb.gp.kr,"삼국지 전략판"
04:00,133,com.play.merge.restyle,"Merge Restyle"
04:00,134,com.haegin.kbo,"2026 프로야구GO!"
04:00,135,com.pjsekai.kr,"프로젝트 세카이 컬러풀 스테이지! feat.하츠네 미쿠"
04:00,136,com.korea.hsbbkr.google,"도깨비 소녀와 함께"
04:00,137,com.superplaystudios.dicedreams,"Dice Dreams™️ 다이스 드림"
04:00,138,com.netmarble.arthdal,"아스달 연대기: 세 개의 세력"
04:00,139,com.camelgames.aoz,"에이지 오브 제트: 타워 디펜스"
04:00,140,com.netmarble.lineageII,"리니지2 레볼루션"
04:00,141,com.hybeim.architect,"아키텍트: 랜드 오브 엑자일"
04:00,142,com.kr.firelite,"I9: 인페르노 나인(19) - 세로형 RPG"
04:00,143,com.riftsky.mhg.kr.gp,"더 코지 플로리스트"
04:00,144,com.supercell.clashroyale,"클래시 로얄 (Clash Royale)"
04:00,145,com.kr.lfhsgp,"그레이 사가"
04:00,146,com.MelsoftGames.FamilyIslandFarm,"패밀리 아일랜드 - 농장모험게임"
04:00,147,com.games.foundation,"파운데이션: 우주 전선"
04:00,148,com.galasports.totalfootball.kr,"Total Football - 2026 북중미 시즌"
04:00,149,com.xone.gpkr,"ASURA: 블러드 앤 소울"
04:00,150,com.pocketchamps.game,"포켓 챔프: 3D 레이싱 게임"
04:00,151,com.gear2.letsgolegends,"레츠고 레전드!"
04:00,152,com.merge.game.foodstars,"푸드스타: 합쳐서 요리하기"
04:00,153,com.superpixel.undyinghero,"불사용사 키우기 : 방치형 RPG"
04:00,154,com.com2us.futuremlb.android.google.global.normal,"MLB 9이닝스 라이벌 26"
04:00,155,com.zlongame.kr.langrisser,"랑그릿사"
04:00,156,com.riotgames.league.wildrift,"리그 오브 레전드: 와일드 리프트"
04:00,157,com.justgame.jails,"랜드 오브 제일"
04:00,158,com.xmh.rpg.kr.an,"스카이 어비스: 혈맹의 서약"
04:00,159,com.ylqdhkr.gp,"엔터테인먼트 거물"
04:00,160,com.minigame.wszj.android.gp,"Wing Fighter"
04:00,161,com.ea.huntingsniper,"헌팅 스나이퍼"
04:00,162,com.gravity.rooc.android,"라그나로크 오리진 클래식"
04:00,163,com.mobile.legends,"모바일 레전드: Bang Bang"
04:00,164,com.gamespark.topking.gp,"탑 로드"
04:00,165,com.plarium.raidlegends,"레이드: 그림자의 전설"
04:00,166,com.webzen.r2origin.google,"R2 ORIGIN"
04:00,167,com.igg.android.doomsdaylastsurvivors,"둠스데이: 영웅의 여정"
04:00,168,com.sundaytoz.kakao.anipang3.service,"애니팡3 - 매치 3 퍼즐"
04:00,169,net.gameduo.anotherdungeon,"어나더던전"
04:00,170,com.a3.topgirl.gplay,"Top Girl"
04:00,171,net.peakgames.toonblast,"Toon Blast"
04:00,172,com.nexon.mdnf,"던전앤파이터 모바일"
04:00,173,com.xd.ssrpgkr,"소드 오브 콘발라리아"
04:00,174,com.kakaogames.friendsKing,"프렌즈팝콘"
04:00,175,com.dwjp.gp,"애니멀 가든 - 진짜 꽃다발을 배달돼요!"
04:00,176,apli879756.vmz,"괴수: 진화 연대기"
04:00,177,defense.roguelike.cell.shoot.survivor,"세포 특공대"
04:00,178,com.cyberjoy.galaxydefense,"갤럭시 디펜스 (Galaxy Defense)"
04:00,179,com.netease.dfjskr,"레이싱 마스터(Racing Master)"
04:00,180,com.sundaytoz.kakao.anipang4,"애니팡4: 매치3 퍼즐 게임"
04:00,181,jp.co.drecom.wizardry.daphne,"Wizardry Variants Daphne"
04:00,182,com.linegames.gm,"창세기전 모바일 - 서풍의 광시곡"
04:00,183,com.netmarble.sololv,"나 혼자만 레벨업:어라이즈"
04:00,184,com.gryphline.endfield.gp,"명일방주: 엔드필드"
04:00,185,com.joycastle.mergematch,"Matching Story - Puzzle Games"
04:00,186,com.nexon.v4kr,"V4"
04:00,187,com.stove.epic7.google,"에픽세븐"
04:00,188,com.ygjszkr.google,"귀판오분전-444뽑기 증정"
04:00,189,com.joycity.gw,"건쉽배틀 토탈워페어"
04:00,190,com.wemadeconnect.aos.lostdgl,"로스트 소드-1.5주년"
04:00,191,com.game.btjkr.and,"영혼 인도자：신의 이름으로"
04:00,192,com.Volcanus.Cheonsammu.aos,"천마지만 삼국지에서 무쌍중입니다"
04:00,193,com.netmarble.ma9bkr,"마구마구 2026: 풀체인지"
04:00,194,com.blizzard.diablo.immortal,"디아블로 이모탈"
04:00,195,com.pearlabyss.blackdesertm,"검은사막 모바일"
04:00,196,com.moonactive.cmboard,"Coin Master: 보드 어드벤처"
04:00,197,com.pockethaven.roguelegend,"로그 레전드: 로그라이크 RPG"
04:00,198,com.fatr.global,"호텔 레거시: 합성&리모델링"
04:00,199,com.riotgames.league.teamfighttactics,"전략적 팀 전투: 리그 오브 레전드 전략 게임"
04:00,200,com.streetcomplete.pixelmagician,"픽셀 법사 키우기 : 1.5주년 2서버 오픈!"
05:30,1,com.netmarble.sol,"SOL: enchant"
05:30,2,com.ncsoft.lineagem19,"리니지M"
05:30,3,com.HoYoverse.Nap,"젠레스 존 제로 - 주년 기념"
05:30,4,com.gof.global,"WOS: 화이트아웃 서바이벌"
05:30,5,com.kurogame.wutheringwaves.global,"명조:워더링 웨이브 - 현방 지계를 향하여"
05:30,6,com.kakaogames.odin,"오딘: 발할라 라이징"
05:30,7,com.run.tower.defense,"킹샷:Kingshot"
05:30,8,com.rxjhglkr.gp,"열혈강호: 넥스트"
05:30,9,com.devsisters.cc,"쿠키런 키우기 - 쿠키런: 크럼블"
05:30,10,com.nexon.ma,"메이플 키우기"
05:30,11,com.nhnent.pokerclassic,"한게임포커 클래식 : 7포커 홀덤 섯다 훌라 슬롯"
05:30,12,com.fun.lastwar.gp,"라스트 워: 서바이벌"
05:30,13,com.roblox.client,"로블록스 (Roblox)"
05:30,14,com.dreamgames.royalmatch,"로얄 매치 Royal Match"
05:30,15,com.proximabeta.nikke,"승리의 여신: 니케"
05:30,16,com.mergegames.gossipharbor,"가십하버: 합성 & 스토리 게임"
05:30,17,com.nhnent.Qpoker,"한게임 포커"
05:30,18,com.percent.aos.luckydefense,"운빨존많겜"
05:30,19,com.nexon.nsc.maplem,"메이플스토리M"
05:30,20,com.nexon.devcat.mm,"마비노기 모바일"
05:30,21,com.NHNEnt.MSudda,"한게임 섯다&맞고"
05:30,22,com.readygo.barrel.gp,"라스트 Z: 서바이벌 슈터"
05:30,23,com.nexon.fmk,"FC 모바일"
05:30,24,com.gamedots.seasideescape,"씨사이드 익스케이프: 합성 & 스토리 게임"
05:30,25,com.neowiz.games.poker,"피망 포커 : 카지노 로얄 - 홀덤, 7포커, 바둑이"
05:30,26,com.playrix.gardenscapes,"꿈의 정원 (Gardenscapes)"
05:30,27,com.phs.global,"라스트 어사일럼: 페스트"
05:30,28,com.fatmerge.global,"테이스티 트레블: 합성 게임"
05:30,29,com.nexon.fo4m,"EA SPORTS FC Online M"
05:30,30,com.HoYoverse.hkrpgoversea,"붕괴: 스타레일"
05:30,31,com.ncsoft.aion2,"AION2"
05:30,32,com.dreamgames.royalkingdom,"로얄 킹덤 (Royal Kingdom)"
05:30,33,com.netmarble.thered,"뱀피르"
05:30,34,jp.co.ponos.battlecatskr,"냥코 대전쟁"
05:30,35,com.pubg.krmobile,"배틀그라운드"
05:30,36,com.epidgames.trickcalrevive,"트릭컬 리바이브"
05:30,37,com.percent.aos.cooptd,"협타디: 협동 타워 디펜스"
05:30,38,game.qualiarts.hololive.dreams.com,"hololive Dreams"
05:30,39,com.com2us.futurecpb.android.google.global.normal,"컴투스프로야구V26"
05:30,40,com.ncsoft.lineagew,"리니지W"
05:30,41,com.bhk.newslgkr,"삼국지: 천하결전"
05:30,42,com.king.candycrushsaga,"캔디크러쉬사가 (Candy Crush Saga)"
05:30,43,com.nianticlabs.pokemongo,"Pokémon GO"
05:30,44,com.ncsoft.lineage2m19,"리니지2M"
05:30,45,jp.konami.pesam,"eFootball™"
05:30,46,com.cedargames.mysterytown,"미스터리 타운: 합성 게임 (Mystery Town)"
05:30,47,com.gravity.romkrzeny.aos,"라그나로크M: Classic"
05:30,48,com.bandainamcoent.gget_WW,"SD건담 지 제네레이션 이터널"
05:30,49,com.playrix.township,"꿈의 마을 (Township)"
05:30,50,com.cola.game,"핫레스토랑: 머지&쿠킹"
05:30,51,com.jsjskr.google,"토이 삼국"
05:30,52,com.hottagames.nte,"이환"
05:30,53,com.neowizgames.game.browndust2,"브라운더스트2 - 가슴 벅찬 RPG"
05:30,54,com.kr.firegp,"I9: 인페르노 나인"
05:30,55,com.zempot.wplpoker,"WPL : 홀덤, 토너먼트, 오마하, 올인폴드, 픽앤고"
05:30,56,com.ncsoft.lineagem,"리니지M(12)"
05:30,57,com.NHNEnt.NDuelgo,"한게임 신맞고 : 대한민국 원조 고스톱"
05:30,58,com.netmarble.tskgb,"세븐나이츠 리버스"
05:30,59,com.playrix.homescapes,"꿈의 집 (Homescapes)"
05:30,60,com.com2us.smon.normal.freefull.google.kr.android.common,"서머너즈 워 X 장송의 프리렌"
05:30,61,com.webzen.mumonarch2.google,"뮤 모나크2"
05:30,62,com.hollywood.merge,"할리우드 머지"
05:30,63,com.readygo.dark.gp,"Dark War Survival"
05:30,64,com.highbrow.games.dvo,"드래곤빌리지3"
05:30,65,com.dlw.kr.google,"시티 데몬헌터즈: 각성자들"
05:30,66,com.devsisters.ck,"쿠키런: 킹덤"
05:30,67,com.netmarble.fgok,"페이트/그랜드 오더"
05:30,68,com.neowiz.games.newmatgo,"피망 뉴맞고: 고스톱 대표 맞고 게임"
05:30,69,com.supercell.brawlstars,"브롤스타즈"
05:30,70,com.YoStarKR.Arknights,"명일방주"
05:30,71,com.netmarble.monster2,"몬길: STAR DIVE"
05:30,72,com.com2us.probaseball3d.normal.freefull.google.global.android.common,"컴투스프로야구2026"
05:30,73,com.nexon.kart,"카트라이더 러쉬플러스"
05:30,74,com.nhn.AApoker,"한게임 로얄홀덤"
05:30,75,com.miHoYo.GenshinImpact,"원신·공월의 노래"
05:30,76,com.gametree.lhlr.gp,"그놈은 드래곤"
05:30,77,com.zzsjkr.google,"갓깨비 키우기-999뽑기 증정"
05:30,78,com.superplaystudios.disneysolitairedreams,"Disney Solitaire 디즈니 솔리테어"
05:30,79,com.xd.xdtglobal.gp,"두근두근타운"
05:30,80,com.supercell.clashofclans,"클래시 오브 클랜"
05:30,81,com.merge.cooking.theme.restaurant.food,"머지 쿠킹 테마 레스토랑"
05:30,82,com.billionairegames.serares,"변신 키우기"
05:30,83,com.devsisters.gb,"쿠키런: 오븐브레이크"
05:30,84,com.smilegate.chaoszero.stove.google,"카오스 제로 나이트메어"
05:30,85,com.wemade.nightcrows,"나이트 크로우"
05:30,86,com.smilegate.lordnine.stove.google,"로드나인"
05:30,87,com.haoplay.game.and.exilium,"소녀전선2: 망명"
05:30,88,com.qjzj4399kr.google,"기적의 검"
05:30,89,com.playrix.fishdomdd.gplay,"피쉬돔 (Fishdom)"
05:30,90,com.gear2.growslayer,"슬레이어 키우기"
05:30,91,com.kingsgroup.sos,"S.O.S: 스테이트 오브 서바이벌"
05:30,92,jp.pokemon.pokemontcgp,"포켓몬 카드 게임 Pocket"
05:30,93,com.netmarble.bnsmkr,"블레이드&소울 레볼루션"
05:30,94,com.nexon.he,"히간: 이루실"
05:30,95,com.netmarble.raven2,"레이븐2"
05:30,96,com.kakaogames.aaw,"아키에이지 워 (ArcheAge WAR)"
05:30,97,com.netmarble.rfnext,"RF 온라인 넥스트"
05:30,98,io.randomco.travel,"Travel Town - 결합 어드벤처"
05:30,99,com.ujoygp.flower,"오늘의 꽃"
05:30,100,com.ryonggame.soulhunteridle,"소울 헌터 키우기 : 방치형 RPG"
05:30,101,com.yzlmkr.google,"우와 모험단"
05:30,102,com.sundaytoz.mobile.anipang2.google.kakao.service,"애니팡2 - 3매치 퍼즐게임"
05:30,103,com.netmarble.stonkey,"스톤에이지 키우기"
05:30,104,com.funplus.ts.global,"타일 서바이벌"
05:30,105,com.webzen.muangel.google,"뮤 모나크"
05:30,106,com.greenmushroom.boomblitz.gp,"탑 히어로즈"
05:30,107,com.hariwn.legendofcivilizations,"포지 마스터 (Forge Master)"
05:30,108,com.dreamwalker.kr.gp,"꿈의 여행자: 별빛 여정"
05:30,109,com.joycity.im,"임진왜란: 조선의 반격"
05:30,110,com.mhclyxpb.gatja,"동방 찻집"
05:30,111,com.xman.kr.gp,"X 클래시"
05:30,112,com.mxdzzkr.google,"버섯커 키우기-3000뽑기 증정"
05:30,113,com.fiveminlab.overgeared.hero.backpack.merge,"템빨용사: 픽셀 아이템 머지 RPG"
05:30,114,com.dwgames.chunorpg,"추노 키우기"
05:30,115,kr.haoplay.game.and.reverse,"리버스: 1999"
05:30,116,com.global.ztmslgkr,"퍼즐 오브 Z"
05:30,117,com.sopt.mafia42.client,"마피아42"
05:30,118,com.kakaogames.umamusume,"우마무스메 프리티 더비"
05:30,119,net.lightcon.windidle,"윈드러너 키우기"
05:30,120,com.ulugame.hdqykrob.google,"아케론:종말의 서곡"
05:30,121,com.screenshake.dominodreams,"Domino Dreams™"
05:30,122,com.ProjectMoon.LimbusCompany,"Limbus Company"
05:30,123,com.hdfzxrpg.googlelb,"해적 키우기-방치형 RPG"
05:30,124,net.gameduo.gv,"캣 히어로 : 방치형 RPG"
05:30,125,com.lilithgames.rok.gpkr,"라이즈 오브 킹덤즈"
05:30,126,com.mojang.minecraftpe,"Minecraft: 나만의 세계를 꿈꾸고 만들어보세요"
05:30,127,com.bandainamcoent.dgup_ww,"디지몬 UP"
05:30,128,com.ddup.zombiewaves.zw,"좀비 웨이브스"
05:30,129,com.com2us.ninepb3d.normal.freefull.google.global.android.common,"MLB 9이닝스 26"
05:30,130,net.kernys.aooni,"좀비고등학교"
05:30,131,com.haegin.kbo,"2026 프로야구GO!"
05:30,132,com.bilibilihk.jujutsuphanparagp,"주술회전 팬텀 퍼레이드"
05:30,133,com.qookkagame.sgzzlb.gp.kr,"삼국지 전략판"
05:30,134,com.play.merge.restyle,"Merge Restyle"
05:30,135,com.superplaystudios.dicedreams,"Dice Dreams™️ 다이스 드림"
05:30,136,com.pjsekai.kr,"프로젝트 세카이 컬러풀 스테이지! feat.하츠네 미쿠"
05:30,137,com.korea.hsbbkr.google,"도깨비 소녀와 함께"
05:30,138,com.kr.firelite,"I9: 인페르노 나인(19) - 세로형 RPG"
05:30,139,com.netmarble.arthdal,"아스달 연대기: 세 개의 세력"
05:30,140,com.supercell.clashroyale,"클래시 로얄 (Clash Royale)"
05:30,141,com.camelgames.aoz,"에이지 오브 제트: 타워 디펜스"
05:30,142,com.netmarble.lineageII,"리니지2 레볼루션"
05:30,143,com.hybeim.architect,"아키텍트: 랜드 오브 엑자일"
05:30,144,com.riftsky.mhg.kr.gp,"더 코지 플로리스트"
05:30,145,com.kr.lfhsgp,"그레이 사가"
05:30,146,com.MelsoftGames.FamilyIslandFarm,"패밀리 아일랜드 - 농장모험게임"
05:30,147,com.gear2.letsgolegends,"레츠고 레전드!"
05:30,148,com.superpixel.undyinghero,"불사용사 키우기 : 방치형 RPG"
05:30,149,com.games.foundation,"파운데이션: 우주 전선"
05:30,150,com.riotgames.league.wildrift,"리그 오브 레전드: 와일드 리프트"
05:30,151,com.galasports.totalfootball.kr,"Total Football - 2026 북중미 시즌"
05:30,152,com.xone.gpkr,"ASURA: 블러드 앤 소울"
05:30,153,com.pocketchamps.game,"포켓 챔프: 3D 레이싱 게임"
05:30,154,com.justgame.jails,"랜드 오브 제일"
05:30,155,com.merge.game.foodstars,"푸드스타: 합쳐서 요리하기"
05:30,156,com.com2us.futuremlb.android.google.global.normal,"MLB 9이닝스 라이벌 26"
05:30,157,com.zlongame.kr.langrisser,"랑그릿사"
05:30,158,com.minigame.wszj.android.gp,"Wing Fighter"
05:30,159,com.plarium.raidlegends,"레이드: 그림자의 전설"
05:30,160,com.xmh.rpg.kr.an,"스카이 어비스: 혈맹의 서약"
05:30,161,com.ylqdhkr.gp,"엔터테인먼트 거물"
05:30,162,com.ea.huntingsniper,"헌팅 스나이퍼"
05:30,163,com.igg.android.doomsdaylastsurvivors,"둠스데이: 영웅의 여정"
05:30,164,com.mobile.legends,"모바일 레전드: Bang Bang"
05:30,165,com.gravity.rooc.android,"라그나로크 오리진 클래식"
05:30,166,com.gamespark.topking.gp,"탑 로드"
05:30,167,com.webzen.r2origin.google,"R2 ORIGIN"
05:30,168,com.nexon.mdnf,"던전앤파이터 모바일"
05:30,169,com.sundaytoz.kakao.anipang3.service,"애니팡3 - 매치 3 퍼즐"
05:30,170,net.gameduo.anotherdungeon,"어나더던전"
05:30,171,com.a3.topgirl.gplay,"Top Girl"
05:30,172,net.peakgames.toonblast,"Toon Blast"
05:30,173,com.xd.ssrpgkr,"소드 오브 콘발라리아"
05:30,174,com.cyberjoy.galaxydefense,"갤럭시 디펜스 (Galaxy Defense)"
05:30,175,defense.roguelike.cell.shoot.survivor,"세포 특공대"
05:30,176,com.dwjp.gp,"애니멀 가든 - 진짜 꽃다발을 배달돼요!"
05:30,177,apli879756.vmz,"괴수: 진화 연대기"
05:30,178,com.kakaogames.friendsKing,"프렌즈팝콘"
05:30,179,com.nexon.bluearchive,"블루 아카이브"
05:30,180,com.stove.epic7.google,"에픽세븐"
05:30,181,com.netease.dfjskr,"레이싱 마스터(Racing Master)"
05:30,182,com.nexon.v4kr,"V4"
05:30,183,com.sundaytoz.kakao.anipang4,"애니팡4: 매치3 퍼즐 게임"
05:30,184,jp.co.drecom.wizardry.daphne,"Wizardry Variants Daphne"
05:30,185,com.linegames.gm,"창세기전 모바일 - 서풍의 광시곡"
05:30,186,com.netmarble.sololv,"나 혼자만 레벨업:어라이즈"
05:30,187,com.gryphline.endfield.gp,"명일방주: 엔드필드"
05:30,188,com.joycastle.mergematch,"Matching Story - Puzzle Games"
05:30,189,com.pockethaven.roguelegend,"로그 레전드: 로그라이크 RPG"
05:30,190,com.netmarble.ma9bkr,"마구마구 2026: 풀체인지"
05:30,191,com.ygjszkr.google,"귀판오분전-444뽑기 증정"
05:30,192,com.joycity.gw,"건쉽배틀 토탈워페어"
05:30,193,com.wemadeconnect.aos.lostdgl,"로스트 소드-1.5주년"
05:30,194,com.blizzard.diablo.immortal,"디아블로 이모탈"
05:30,195,com.game.btjkr.and,"영혼 인도자：신의 이름으로"
05:30,196,com.pearlabyss.blackdesertm,"검은사막 모바일"
05:30,197,com.moonactive.cmboard,"Coin Master: 보드 어드벤처"
05:30,198,com.rxjhkr.an,"열혈강호: 귀환"
05:30,199,com.gearpaw.defenders.td.game,"기어몬: 타워 디펜스"
05:30,200,com.fatr.global,"호텔 레거시: 합성&리모델링"
07:00,1,com.netmarble.sol,"SOL: enchant"
07:00,2,com.ncsoft.lineagem19,"리니지M"
07:00,3,com.HoYoverse.Nap,"젠레스 존 제로 - 주년 기념"
07:00,4,com.gof.global,"WOS: 화이트아웃 서바이벌"
07:00,5,com.kurogame.wutheringwaves.global,"명조:워더링 웨이브 - 현방 지계를 향하여"
07:00,6,com.kakaogames.odin,"오딘: 발할라 라이징"
07:00,7,com.run.tower.defense,"킹샷:Kingshot"
07:00,8,com.rxjhglkr.gp,"열혈강호: 넥스트"
07:00,9,com.nexon.ma,"메이플 키우기"
07:00,10,com.devsisters.cc,"쿠키런 키우기 - 쿠키런: 크럼블"
07:00,11,com.nhnent.pokerclassic,"한게임포커 클래식 : 7포커 홀덤 섯다 훌라 슬롯"
07:00,12,com.fun.lastwar.gp,"라스트 워: 서바이벌"
07:00,13,com.roblox.client,"로블록스 (Roblox)"
07:00,14,com.dreamgames.royalmatch,"로얄 매치 Royal Match"
07:00,15,com.mergegames.gossipharbor,"가십하버: 합성 & 스토리 게임"
07:00,16,com.proximabeta.nikke,"승리의 여신: 니케"
07:00,17,com.nhnent.Qpoker,"한게임 포커"
07:00,18,com.percent.aos.luckydefense,"운빨존많겜"
07:00,19,com.nexon.nsc.maplem,"메이플스토리M"
07:00,20,com.nexon.devcat.mm,"마비노기 모바일"
07:00,21,com.NHNEnt.MSudda,"한게임 섯다&맞고"
07:00,22,com.readygo.barrel.gp,"라스트 Z: 서바이벌 슈터"
07:00,23,com.neowiz.games.poker,"피망 포커 : 카지노 로얄 - 홀덤, 7포커, 바둑이"
07:00,24,com.nexon.fmk,"FC 모바일"
07:00,25,com.gamedots.seasideescape,"씨사이드 익스케이프: 합성 & 스토리 게임"
07:00,26,com.playrix.gardenscapes,"꿈의 정원 (Gardenscapes)"
07:00,27,com.fatmerge.global,"테이스티 트레블: 합성 게임"
07:00,28,com.phs.global,"라스트 어사일럼: 페스트"
07:00,29,com.nexon.fo4m,"EA SPORTS FC Online M"
07:00,30,com.HoYoverse.hkrpgoversea,"붕괴: 스타레일"
07:00,31,com.ncsoft.aion2,"AION2"
07:00,32,com.dreamgames.royalkingdom,"로얄 킹덤 (Royal Kingdom)"
07:00,33,com.netmarble.thered,"뱀피르"
07:00,34,jp.co.ponos.battlecatskr,"냥코 대전쟁"
07:00,35,com.pubg.krmobile,"배틀그라운드"
07:00,36,com.percent.aos.cooptd,"협타디: 협동 타워 디펜스"
07:00,37,com.epidgames.trickcalrevive,"트릭컬 리바이브"
07:00,38,game.qualiarts.hololive.dreams.com,"hololive Dreams"
07:00,39,com.ncsoft.lineagew,"리니지W"
07:00,40,com.com2us.futurecpb.android.google.global.normal,"컴투스프로야구V26"
07:00,41,com.bhk.newslgkr,"삼국지: 천하결전"
07:00,42,com.nianticlabs.pokemongo,"Pokémon GO"
07:00,43,com.king.candycrushsaga,"캔디크러쉬사가 (Candy Crush Saga)"
07:00,44,com.ncsoft.lineage2m19,"리니지2M"
07:00,45,jp.konami.pesam,"eFootball™"
07:00,46,com.gravity.romkrzeny.aos,"라그나로크M: Classic"
07:00,47,com.cedargames.mysterytown,"미스터리 타운: 합성 게임 (Mystery Town)"
07:00,48,com.bandainamcoent.gget_WW,"SD건담 지 제네레이션 이터널"
07:00,49,com.playrix.township,"꿈의 마을 (Township)"
07:00,50,com.jsjskr.google,"토이 삼국"
07:00,51,com.kr.firegp,"I9: 인페르노 나인"
07:00,52,com.cola.game,"핫레스토랑: 머지&쿠킹"
07:00,53,com.hottagames.nte,"이환"
07:00,54,com.neowizgames.game.browndust2,"브라운더스트2 - 가슴 벅찬 RPG"
07:00,55,com.zempot.wplpoker,"WPL : 홀덤, 토너먼트, 오마하, 올인폴드, 픽앤고"
07:00,56,com.playrix.homescapes,"꿈의 집 (Homescapes)"
07:00,57,com.ncsoft.lineagem,"리니지M(12)"
07:00,58,com.NHNEnt.NDuelgo,"한게임 신맞고 : 대한민국 원조 고스톱"
07:00,59,com.netmarble.tskgb,"세븐나이츠 리버스"
07:00,60,com.com2us.smon.normal.freefull.google.kr.android.common,"서머너즈 워 X 장송의 프리렌"
07:00,61,com.webzen.mumonarch2.google,"뮤 모나크2"
07:00,62,com.hollywood.merge,"할리우드 머지"
07:00,63,com.readygo.dark.gp,"Dark War Survival"
07:00,64,com.highbrow.games.dvo,"드래곤빌리지3"
07:00,65,com.devsisters.ck,"쿠키런: 킹덤"
07:00,66,com.dlw.kr.google,"시티 데몬헌터즈: 각성자들"
07:00,67,com.netmarble.fgok,"페이트/그랜드 오더"
07:00,68,com.neowiz.games.newmatgo,"피망 뉴맞고: 고스톱 대표 맞고 게임"
07:00,69,com.supercell.brawlstars,"브롤스타즈"
07:00,70,com.YoStarKR.Arknights,"명일방주"
07:00,71,com.netmarble.monster2,"몬길: STAR DIVE"
07:00,72,com.com2us.probaseball3d.normal.freefull.google.global.android.common,"컴투스프로야구2026"
07:00,73,com.nexon.kart,"카트라이더 러쉬플러스"
07:00,74,com.nhn.AApoker,"한게임 로얄홀덤"
07:00,75,com.miHoYo.GenshinImpact,"원신·공월의 노래"
07:00,76,com.superplaystudios.disneysolitairedreams,"Disney Solitaire 디즈니 솔리테어"
07:00,77,com.gametree.lhlr.gp,"그놈은 드래곤"
07:00,78,com.zzsjkr.google,"갓깨비 키우기-999뽑기 증정"
07:00,79,com.xd.xdtglobal.gp,"두근두근타운"
07:00,80,com.supercell.clashofclans,"클래시 오브 클랜"
07:00,81,com.merge.cooking.theme.restaurant.food,"머지 쿠킹 테마 레스토랑"
07:00,82,com.devsisters.gb,"쿠키런: 오븐브레이크"
07:00,83,com.haoplay.game.and.exilium,"소녀전선2: 망명"
07:00,84,com.billionairegames.serares,"변신 키우기"
07:00,85,com.smilegate.chaoszero.stove.google,"카오스 제로 나이트메어"
07:00,86,com.wemade.nightcrows,"나이트 크로우"
07:00,87,com.smilegate.lordnine.stove.google,"로드나인"
07:00,88,jp.pokemon.pokemontcgp,"포켓몬 카드 게임 Pocket"
07:00,89,com.gear2.growslayer,"슬레이어 키우기"
07:00,90,com.kingsgroup.sos,"S.O.S: 스테이트 오브 서바이벌"
07:00,91,com.qjzj4399kr.google,"기적의 검"
07:00,92,com.playrix.fishdomdd.gplay,"피쉬돔 (Fishdom)"
07:00,93,com.kakaogames.aaw,"아키에이지 워 (ArcheAge WAR)"
07:00,94,com.netmarble.raven2,"레이븐2"
07:00,95,com.netmarble.bnsmkr,"블레이드&소울 레볼루션"
07:00,96,com.nexon.he,"히간: 이루실"
07:00,97,io.randomco.travel,"Travel Town - 결합 어드벤처"
07:00,98,com.ujoygp.flower,"오늘의 꽃"
07:00,99,com.netmarble.rfnext,"RF 온라인 넥스트"
07:00,100,com.ryonggame.soulhunteridle,"소울 헌터 키우기 : 방치형 RPG"
07:00,101,com.yzlmkr.google,"우와 모험단"
07:00,102,com.netmarble.stonkey,"스톤에이지 키우기"
07:00,103,com.sundaytoz.mobile.anipang2.google.kakao.service,"애니팡2 - 3매치 퍼즐게임"
07:00,104,com.greenmushroom.boomblitz.gp,"탑 히어로즈"
07:00,105,com.funplus.ts.global,"타일 서바이벌"
07:00,106,com.webzen.muangel.google,"뮤 모나크"
07:00,107,com.dreamwalker.kr.gp,"꿈의 여행자: 별빛 여정"
07:00,108,com.hariwn.legendofcivilizations,"포지 마스터 (Forge Master)"
07:00,109,com.mxdzzkr.google,"버섯커 키우기-3000뽑기 증정"
07:00,110,com.joycity.im,"임진왜란: 조선의 반격"
07:00,111,com.mhclyxpb.gatja,"동방 찻집"
07:00,112,com.xman.kr.gp,"X 클래시"
07:00,113,kr.haoplay.game.and.reverse,"리버스: 1999"
07:00,114,com.fiveminlab.overgeared.hero.backpack.merge,"템빨용사: 픽셀 아이템 머지 RPG"
07:00,115,com.dwgames.chunorpg,"추노 키우기"
07:00,116,com.global.ztmslgkr,"퍼즐 오브 Z"
07:00,117,com.screenshake.dominodreams,"Domino Dreams™"
07:00,118,com.ProjectMoon.LimbusCompany,"Limbus Company"
07:00,119,com.sopt.mafia42.client,"마피아42"
07:00,120,com.kakaogames.umamusume,"우마무스메 프리티 더비"
07:00,121,net.lightcon.windidle,"윈드러너 키우기"
07:00,122,com.ulugame.hdqykrob.google,"아케론:종말의 서곡"
07:00,123,com.lilithgames.rok.gpkr,"라이즈 오브 킹덤즈"
07:00,124,com.hdfzxrpg.googlelb,"해적 키우기-방치형 RPG"
07:00,125,net.gameduo.gv,"캣 히어로 : 방치형 RPG"
07:00,126,net.kernys.aooni,"좀비고등학교"
07:00,127,com.mojang.minecraftpe,"Minecraft: 나만의 세계를 꿈꾸고 만들어보세요"
07:00,128,com.bilibilihk.jujutsuphanparagp,"주술회전 팬텀 퍼레이드"
07:00,129,com.bandainamcoent.dgup_ww,"디지몬 UP"
07:00,130,com.play.merge.restyle,"Merge Restyle"
07:00,131,com.ddup.zombiewaves.zw,"좀비 웨이브스"
07:00,132,com.com2us.ninepb3d.normal.freefull.google.global.android.common,"MLB 9이닝스 26"
07:00,133,com.haegin.kbo,"2026 프로야구GO!"
07:00,134,com.qookkagame.sgzzlb.gp.kr,"삼국지 전략판"
07:00,135,com.pjsekai.kr,"프로젝트 세카이 컬러풀 스테이지! feat.하츠네 미쿠"
07:00,136,com.superplaystudios.dicedreams,"Dice Dreams™️ 다이스 드림"
07:00,137,com.korea.hsbbkr.google,"도깨비 소녀와 함께"
07:00,138,com.kr.firelite,"I9: 인페르노 나인(19) - 세로형 RPG"
07:00,139,com.netmarble.arthdal,"아스달 연대기: 세 개의 세력"
07:00,140,com.supercell.clashroyale,"클래시 로얄 (Clash Royale)"
07:00,141,com.camelgames.aoz,"에이지 오브 제트: 타워 디펜스"
07:00,142,com.riftsky.mhg.kr.gp,"더 코지 플로리스트"
07:00,143,com.hybeim.architect,"아키텍트: 랜드 오브 엑자일"
07:00,144,com.netmarble.lineageII,"리니지2 레볼루션"
07:00,145,com.kr.lfhsgp,"그레이 사가"
07:00,146,com.MelsoftGames.FamilyIslandFarm,"패밀리 아일랜드 - 농장모험게임"
07:00,147,com.pocketchamps.game,"포켓 챔프: 3D 레이싱 게임"
07:00,148,com.games.foundation,"파운데이션: 우주 전선"
07:00,149,com.gear2.letsgolegends,"레츠고 레전드!"
07:00,150,com.superpixel.undyinghero,"불사용사 키우기 : 방치형 RPG"
07:00,151,com.riotgames.league.wildrift,"리그 오브 레전드: 와일드 리프트"
07:00,152,com.galasports.totalfootball.kr,"Total Football - 2026 북중미 시즌"
07:00,153,com.xone.gpkr,"ASURA: 블러드 앤 소울"
07:00,154,com.justgame.jails,"랜드 오브 제일"
07:00,155,com.merge.game.foodstars,"푸드스타: 합쳐서 요리하기"
07:00,156,com.zlongame.kr.langrisser,"랑그릿사"
07:00,157,com.xmh.rpg.kr.an,"스카이 어비스: 혈맹의 서약"
07:00,158,com.com2us.futuremlb.android.google.global.normal,"MLB 9이닝스 라이벌 26"
07:00,159,com.minigame.wszj.android.gp,"Wing Fighter"
07:00,160,com.ea.huntingsniper,"헌팅 스나이퍼"
07:00,161,com.plarium.raidlegends,"레이드: 그림자의 전설"
07:00,162,com.ylqdhkr.gp,"엔터테인먼트 거물"
07:00,163,com.igg.android.doomsdaylastsurvivors,"둠스데이: 영웅의 여정"
07:00,164,com.mobile.legends,"모바일 레전드: Bang Bang"
07:00,165,com.gravity.rooc.android,"라그나로크 오리진 클래식"
07:00,166,com.gamespark.topking.gp,"탑 로드"
07:00,167,net.gameduo.anotherdungeon,"어나더던전"
07:00,168,net.peakgames.toonblast,"Toon Blast"
07:00,169,com.a3.topgirl.gplay,"Top Girl"
07:00,170,com.webzen.r2origin.google,"R2 ORIGIN"
07:00,171,apli879756.vmz,"괴수: 진화 연대기"
07:00,172,com.nexon.mdnf,"던전앤파이터 모바일"
07:00,173,com.sundaytoz.kakao.anipang3.service,"애니팡3 - 매치 3 퍼즐"
07:00,174,com.xd.ssrpgkr,"소드 오브 콘발라리아"
07:00,175,com.kakaogames.friendsKing,"프렌즈팝콘"
07:00,176,com.cyberjoy.galaxydefense,"갤럭시 디펜스 (Galaxy Defense)"
07:00,177,jp.co.drecom.wizardry.daphne,"Wizardry Variants Daphne"
07:00,178,defense.roguelike.cell.shoot.survivor,"세포 특공대"
07:00,179,com.dwjp.gp,"애니멀 가든 - 진짜 꽃다발을 배달돼요!"
07:00,180,com.gryphline.endfield.gp,"명일방주: 엔드필드"
07:00,181,com.joycastle.mergematch,"Matching Story - Puzzle Games"
07:00,182,com.nexon.bluearchive,"블루 아카이브"
07:00,183,com.stove.epic7.google,"에픽세븐"
07:00,184,com.netmarble.sololv,"나 혼자만 레벨업:어라이즈"
07:00,185,com.netease.dfjskr,"레이싱 마스터(Racing Master)"
07:00,186,com.ygjszkr.google,"귀판오분전-444뽑기 증정"
07:00,187,com.nexon.v4kr,"V4"
07:00,188,com.sundaytoz.kakao.anipang4,"애니팡4: 매치3 퍼즐 게임"
07:00,189,com.wemadeconnect.aos.lostdgl,"로스트 소드-1.5주년"
07:00,190,com.linegames.gm,"창세기전 모바일 - 서풍의 광시곡"
07:00,191,com.pockethaven.roguelegend,"로그 레전드: 로그라이크 RPG"
07:00,192,com.joycity.gw,"건쉽배틀 토탈워페어"
07:00,193,com.netmarble.ma9bkr,"마구마구 2026: 풀체인지"
07:00,194,com.moonactive.cmboard,"Coin Master: 보드 어드벤처"
07:00,195,com.fatr.global,"호텔 레거시: 합성&리모델링"
07:00,196,com.riotgames.league.teamfighttactics,"전략적 팀 전투: 리그 오브 레전드 전략 게임"
07:00,197,com.blizzard.diablo.immortal,"디아블로 이모탈"
07:00,198,com.game.btjkr.and,"영혼 인도자：신의 이름으로"
07:00,199,com.pearlabyss.blackdesertm,"검은사막 모바일"
07:00,200,com.rxjhkr.an,"열혈강호: 귀환"
08:30,1,com.netmarble.sol,"SOL: enchant"
08:30,2,com.ncsoft.lineagem19,"리니지M"
08:30,3,com.HoYoverse.Nap,"젠레스 존 제로 - 주년 기념"
08:30,4,com.gof.global,"WOS: 화이트아웃 서바이벌"
08:30,5,com.kurogame.wutheringwaves.global,"명조:워더링 웨이브 - 현방 지계를 향하여"
08:30,6,com.kakaogames.odin,"오딘: 발할라 라이징"
08:30,7,com.run.tower.defense,"킹샷:Kingshot"
08:30,8,com.rxjhglkr.gp,"열혈강호: 넥스트"
08:30,9,com.devsisters.cc,"쿠키런 키우기 - 쿠키런: 크럼블"
08:30,10,com.nexon.ma,"메이플 키우기"
08:30,11,com.fun.lastwar.gp,"라스트 워: 서바이벌"
08:30,12,com.nhnent.pokerclassic,"한게임포커 클래식 : 7포커 홀덤 섯다 훌라 슬롯"
08:30,13,com.roblox.client,"로블록스 (Roblox)"
08:30,14,com.dreamgames.royalmatch,"로얄 매치 Royal Match"
08:30,15,com.mergegames.gossipharbor,"가십하버: 합성 & 스토리 게임"
08:30,16,com.proximabeta.nikke,"승리의 여신: 니케"
08:30,17,com.nhnent.Qpoker,"한게임 포커"
08:30,18,com.percent.aos.luckydefense,"운빨존많겜"
08:30,19,com.nexon.nsc.maplem,"메이플스토리M"
08:30,20,com.nexon.devcat.mm,"마비노기 모바일"
08:30,21,com.NHNEnt.MSudda,"한게임 섯다&맞고"
08:30,22,com.readygo.barrel.gp,"라스트 Z: 서바이벌 슈터"
08:30,23,com.neowiz.games.poker,"피망 포커 : 카지노 로얄 - 홀덤, 7포커, 바둑이"
08:30,24,com.nexon.fmk,"FC 모바일"
08:30,25,com.gamedots.seasideescape,"씨사이드 익스케이프: 합성 & 스토리 게임"
08:30,26,com.playrix.gardenscapes,"꿈의 정원 (Gardenscapes)"
08:30,27,com.fatmerge.global,"테이스티 트레블: 합성 게임"
08:30,28,com.phs.global,"라스트 어사일럼: 페스트"
08:30,29,com.nexon.fo4m,"EA SPORTS FC Online M"
08:30,30,com.HoYoverse.hkrpgoversea,"붕괴: 스타레일"
08:30,31,com.ncsoft.aion2,"AION2"
08:30,32,com.dreamgames.royalkingdom,"로얄 킹덤 (Royal Kingdom)"
08:30,33,com.netmarble.thered,"뱀피르"
08:30,34,jp.co.ponos.battlecatskr,"냥코 대전쟁"
08:30,35,com.pubg.krmobile,"배틀그라운드"
08:30,36,com.percent.aos.cooptd,"협타디: 협동 타워 디펜스"
08:30,37,com.epidgames.trickcalrevive,"트릭컬 리바이브"
08:30,38,game.qualiarts.hololive.dreams.com,"hololive Dreams"
08:30,39,com.com2us.futurecpb.android.google.global.normal,"컴투스프로야구V26"
08:30,40,com.ncsoft.lineagew,"리니지W"
08:30,41,com.bhk.newslgkr,"삼국지: 천하결전"
08:30,42,com.nianticlabs.pokemongo,"Pokémon GO"
08:30,43,com.king.candycrushsaga,"캔디크러쉬사가 (Candy Crush Saga)"
08:30,44,com.ncsoft.lineage2m19,"리니지2M"
08:30,45,jp.konami.pesam,"eFootball™"
08:30,46,com.gravity.romkrzeny.aos,"라그나로크M: Classic"
08:30,47,com.cedargames.mysterytown,"미스터리 타운: 합성 게임 (Mystery Town)"
08:30,48,com.bandainamcoent.gget_WW,"SD건담 지 제네레이션 이터널"
08:30,49,com.playrix.township,"꿈의 마을 (Township)"
08:30,50,com.jsjskr.google,"토이 삼국"
08:30,51,com.kr.firegp,"I9: 인페르노 나인"
08:30,52,com.zempot.wplpoker,"WPL : 홀덤, 토너먼트, 오마하, 올인폴드, 픽앤고"
08:30,53,com.cola.game,"핫레스토랑: 머지&쿠킹"
08:30,54,com.hottagames.nte,"이환"
08:30,55,com.NHNEnt.NDuelgo,"한게임 신맞고 : 대한민국 원조 고스톱"
08:30,56,com.ncsoft.lineagem,"리니지M(12)"
08:30,57,com.neowizgames.game.browndust2,"브라운더스트2 - 가슴 벅찬 RPG"
08:30,58,com.playrix.homescapes,"꿈의 집 (Homescapes)"
08:30,59,com.netmarble.tskgb,"세븐나이츠 리버스"
08:30,60,com.webzen.mumonarch2.google,"뮤 모나크2"
08:30,61,com.com2us.smon.normal.freefull.google.kr.android.common,"서머너즈 워 X 장송의 프리렌"
08:30,62,com.hollywood.merge,"할리우드 머지"
08:30,63,com.readygo.dark.gp,"Dark War Survival"
08:30,64,com.highbrow.games.dvo,"드래곤빌리지3"
08:30,65,com.dlw.kr.google,"시티 데몬헌터즈: 각성자들"
08:30,66,com.devsisters.ck,"쿠키런: 킹덤"
08:30,67,com.netmarble.fgok,"페이트/그랜드 오더"
08:30,68,com.supercell.brawlstars,"브롤스타즈"
08:30,69,com.neowiz.games.newmatgo,"피망 뉴맞고: 고스톱 대표 맞고 게임"
08:30,70,com.YoStarKR.Arknights,"명일방주"
08:30,71,com.nhn.AApoker,"한게임 로얄홀덤"
08:30,72,com.netmarble.monster2,"몬길: STAR DIVE"
08:30,73,com.com2us.probaseball3d.normal.freefull.google.global.android.common,"컴투스프로야구2026"
08:30,74,com.nexon.kart,"카트라이더 러쉬플러스"
08:30,75,com.miHoYo.GenshinImpact,"원신·공월의 노래"
08:30,76,com.superplaystudios.disneysolitairedreams,"Disney Solitaire 디즈니 솔리테어"
08:30,77,com.gametree.lhlr.gp,"그놈은 드래곤"
08:30,78,com.zzsjkr.google,"갓깨비 키우기-999뽑기 증정"
08:30,79,com.xd.xdtglobal.gp,"두근두근타운"
08:30,80,com.supercell.clashofclans,"클래시 오브 클랜"
08:30,81,com.merge.cooking.theme.restaurant.food,"머지 쿠킹 테마 레스토랑"
08:30,82,com.devsisters.gb,"쿠키런: 오븐브레이크"
08:30,83,com.haoplay.game.and.exilium,"소녀전선2: 망명"
08:30,84,com.billionairegames.serares,"변신 키우기"
08:30,85,com.smilegate.lordnine.stove.google,"로드나인"
08:30,86,com.smilegate.chaoszero.stove.google,"카오스 제로 나이트메어"
08:30,87,com.wemade.nightcrows,"나이트 크로우"
08:30,88,jp.pokemon.pokemontcgp,"포켓몬 카드 게임 Pocket"
08:30,89,com.gear2.growslayer,"슬레이어 키우기"
08:30,90,com.nexon.he,"히간: 이루실"
08:30,91,com.kingsgroup.sos,"S.O.S: 스테이트 오브 서바이벌"
08:30,92,com.qjzj4399kr.google,"기적의 검"
08:30,93,com.playrix.fishdomdd.gplay,"피쉬돔 (Fishdom)"
08:30,94,com.kakaogames.aaw,"아키에이지 워 (ArcheAge WAR)"
08:30,95,com.netmarble.raven2,"레이븐2"
08:30,96,com.netmarble.bnsmkr,"블레이드&소울 레볼루션"
08:30,97,io.randomco.travel,"Travel Town - 결합 어드벤처"
08:30,98,com.ujoygp.flower,"오늘의 꽃"
08:30,99,com.netmarble.rfnext,"RF 온라인 넥스트"
08:30,100,com.ryonggame.soulhunteridle,"소울 헌터 키우기 : 방치형 RPG"
08:30,101,com.yzlmkr.google,"우와 모험단"
08:30,102,com.netmarble.stonkey,"스톤에이지 키우기"
08:30,103,com.sundaytoz.mobile.anipang2.google.kakao.service,"애니팡2 - 3매치 퍼즐게임"
08:30,104,com.webzen.muangel.google,"뮤 모나크"
08:30,105,com.greenmushroom.boomblitz.gp,"탑 히어로즈"
08:30,106,com.funplus.ts.global,"타일 서바이벌"
08:30,107,com.dreamwalker.kr.gp,"꿈의 여행자: 별빛 여정"
08:30,108,com.hariwn.legendofcivilizations,"포지 마스터 (Forge Master)"
08:30,109,com.joycity.im,"임진왜란: 조선의 반격"
08:30,110,com.mhclyxpb.gatja,"동방 찻집"
08:30,111,com.xman.kr.gp,"X 클래시"
08:30,112,com.mxdzzkr.google,"버섯커 키우기-3000뽑기 증정"
08:30,113,com.dwgames.chunorpg,"추노 키우기"
08:30,114,kr.haoplay.game.and.reverse,"리버스: 1999"
08:30,115,com.fiveminlab.overgeared.hero.backpack.merge,"템빨용사: 픽셀 아이템 머지 RPG"
08:30,116,com.global.ztmslgkr,"퍼즐 오브 Z"
08:30,117,com.screenshake.dominodreams,"Domino Dreams™"
08:30,118,com.hdfzxrpg.googlelb,"해적 키우기-방치형 RPG"
08:30,119,com.kakaogames.umamusume,"우마무스메 프리티 더비"
08:30,120,com.ProjectMoon.LimbusCompany,"Limbus Company"
08:30,121,com.sopt.mafia42.client,"마피아42"
08:30,122,net.gameduo.gv,"캣 히어로 : 방치형 RPG"
08:30,123,net.lightcon.windidle,"윈드러너 키우기"
08:30,124,com.ulugame.hdqykrob.google,"아케론:종말의 서곡"
08:30,125,com.lilithgames.rok.gpkr,"라이즈 오브 킹덤즈"
08:30,126,com.bandainamcoent.dgup_ww,"디지몬 UP"
08:30,127,com.com2us.ninepb3d.normal.freefull.google.global.android.common,"MLB 9이닝스 26"
08:30,128,com.ddup.zombiewaves.zw,"좀비 웨이브스"
08:30,129,net.kernys.aooni,"좀비고등학교"
08:30,130,com.mojang.minecraftpe,"Minecraft: 나만의 세계를 꿈꾸고 만들어보세요"
08:30,131,com.bilibilihk.jujutsuphanparagp,"주술회전 팬텀 퍼레이드"
08:30,132,com.play.merge.restyle,"Merge Restyle"
08:30,133,com.haegin.kbo,"2026 프로야구GO!"
08:30,134,com.qookkagame.sgzzlb.gp.kr,"삼국지 전략판"
08:30,135,com.pjsekai.kr,"프로젝트 세카이 컬러풀 스테이지! feat.하츠네 미쿠"
08:30,136,com.korea.hsbbkr.google,"도깨비 소녀와 함께"
08:30,137,com.superplaystudios.dicedreams,"Dice Dreams™️ 다이스 드림"
08:30,138,com.netmarble.arthdal,"아스달 연대기: 세 개의 세력"
08:30,139,com.camelgames.aoz,"에이지 오브 제트: 타워 디펜스"
08:30,140,com.kr.firelite,"I9: 인페르노 나인(19) - 세로형 RPG"
08:30,141,com.supercell.clashroyale,"클래시 로얄 (Clash Royale)"
08:30,142,com.riftsky.mhg.kr.gp,"더 코지 플로리스트"
08:30,143,com.netmarble.lineageII,"리니지2 레볼루션"
08:30,144,com.hybeim.architect,"아키텍트: 랜드 오브 엑자일"
08:30,145,com.kr.lfhsgp,"그레이 사가"
08:30,146,com.MelsoftGames.FamilyIslandFarm,"패밀리 아일랜드 - 농장모험게임"
08:30,147,com.merge.game.foodstars,"푸드스타: 합쳐서 요리하기"
08:30,148,com.pocketchamps.game,"포켓 챔프: 3D 레이싱 게임"
08:30,149,com.galasports.totalfootball.kr,"Total Football - 2026 북중미 시즌"
08:30,150,com.games.foundation,"파운데이션: 우주 전선"
08:30,151,com.com2us.futuremlb.android.google.global.normal,"MLB 9이닝스 라이벌 26"
08:30,152,com.gear2.letsgolegends,"레츠고 레전드!"
08:30,153,com.superpixel.undyinghero,"불사용사 키우기 : 방치형 RPG"
08:30,154,com.riotgames.league.wildrift,"리그 오브 레전드: 와일드 리프트"
08:30,155,com.xone.gpkr,"ASURA: 블러드 앤 소울"
08:30,156,com.justgame.jails,"랜드 오브 제일"
08:30,157,com.zlongame.kr.langrisser,"랑그릿사"
08:30,158,com.xmh.rpg.kr.an,"스카이 어비스: 혈맹의 서약"
08:30,159,com.ylqdhkr.gp,"엔터테인먼트 거물"
08:30,160,com.minigame.wszj.android.gp,"Wing Fighter"
08:30,161,com.ea.huntingsniper,"헌팅 스나이퍼"
08:30,162,com.plarium.raidlegends,"레이드: 그림자의 전설"
08:30,163,com.gravity.rooc.android,"라그나로크 오리진 클래식"
08:30,164,com.igg.android.doomsdaylastsurvivors,"둠스데이: 영웅의 여정"
08:30,165,com.mobile.legends,"모바일 레전드: Bang Bang"
08:30,166,com.webzen.r2origin.google,"R2 ORIGIN"
08:30,167,com.gamespark.topking.gp,"탑 로드"
08:30,168,net.gameduo.anotherdungeon,"어나더던전"
08:30,169,net.peakgames.toonblast,"Toon Blast"
08:30,170,com.a3.topgirl.gplay,"Top Girl"
08:30,171,apli879756.vmz,"괴수: 진화 연대기"
08:30,172,com.nexon.mdnf,"던전앤파이터 모바일"
08:30,173,com.sundaytoz.kakao.anipang3.service,"애니팡3 - 매치 3 퍼즐"
08:30,174,com.xd.ssrpgkr,"소드 오브 콘발라리아"
08:30,175,com.dwjp.gp,"애니멀 가든 - 진짜 꽃다발을 배달돼요!"
08:30,176,com.kakaogames.friendsKing,"프렌즈팝콘"
08:30,177,com.cyberjoy.galaxydefense,"갤럭시 디펜스 (Galaxy Defense)"
08:30,178,jp.co.drecom.wizardry.daphne,"Wizardry Variants Daphne"
08:30,179,defense.roguelike.cell.shoot.survivor,"세포 특공대"
08:30,180,com.sundaytoz.kakao.anipang4,"애니팡4: 매치3 퍼즐 게임"
08:30,181,com.gryphline.endfield.gp,"명일방주: 엔드필드"
08:30,182,com.netease.dfjskr,"레이싱 마스터(Racing Master)"
08:30,183,com.joycastle.mergematch,"Matching Story - Puzzle Games"
08:30,184,com.linegames.gm,"창세기전 모바일 - 서풍의 광시곡"
08:30,185,com.nexon.bluearchive,"블루 아카이브"
08:30,186,com.nexon.v4kr,"V4"
08:30,187,com.stove.epic7.google,"에픽세븐"
08:30,188,com.netmarble.sololv,"나 혼자만 레벨업:어라이즈"
08:30,189,com.pearlabyss.blackdesertm,"검은사막 모바일"
08:30,190,com.ygjszkr.google,"귀판오분전-444뽑기 증정"
08:30,191,com.wemadeconnect.aos.lostdgl,"로스트 소드-1.5주년"
08:30,192,com.pockethaven.roguelegend,"로그 레전드: 로그라이크 RPG"
08:30,193,com.joycity.gw,"건쉽배틀 토탈워페어"
08:30,194,com.game.btjkr.and,"영혼 인도자：신의 이름으로"
08:30,195,com.netmarble.ma9bkr,"마구마구 2026: 풀체인지"
08:30,196,com.moonactive.cmboard,"Coin Master: 보드 어드벤처"
08:30,197,com.fatr.global,"호텔 레거시: 합성&리모델링"
08:30,198,com.riotgames.league.teamfighttactics,"전략적 팀 전투: 리그 오브 레전드 전략 게임"
08:30,199,com.blizzard.diablo.immortal,"디아블로 이모탈"
08:30,200,com.rxjhkr.an,"열혈강호: 귀환"
10:30,1,com.netmarble.sol,"SOL: enchant"
10:30,2,com.ncsoft.lineagem19,"리니지M"
10:30,3,com.HoYoverse.Nap,"젠레스 존 제로 - 주년 기념"
10:30,4,com.gof.global,"WOS: 화이트아웃 서바이벌"
10:30,5,com.kurogame.wutheringwaves.global,"명조:워더링 웨이브 - 현방 지계를 향하여"
10:30,6,com.kakaogames.odin,"오딘: 발할라 라이징"
10:30,7,com.run.tower.defense,"킹샷:Kingshot"
10:30,8,com.rxjhglkr.gp,"열혈강호: 넥스트"
10:30,9,com.devsisters.cc,"쿠키런 키우기 - 쿠키런: 크럼블"
10:30,10,com.nexon.ma,"메이플 키우기"
10:30,11,com.fun.lastwar.gp,"라스트 워: 서바이벌"
10:30,12,com.nhnent.pokerclassic,"한게임포커 클래식 : 7포커 홀덤 섯다 훌라 슬롯"
10:30,13,com.roblox.client,"로블록스 (Roblox)"
10:30,14,com.dreamgames.royalmatch,"로얄 매치 Royal Match"
10:30,15,com.mergegames.gossipharbor,"가십하버: 합성 & 스토리 게임"
10:30,16,com.proximabeta.nikke,"승리의 여신: 니케"
10:30,17,com.nhnent.Qpoker,"한게임 포커"
10:30,18,com.percent.aos.luckydefense,"운빨존많겜"
10:30,19,com.nexon.nsc.maplem,"메이플스토리M"
10:30,20,com.nexon.devcat.mm,"마비노기 모바일"
10:30,21,com.NHNEnt.MSudda,"한게임 섯다&맞고"
10:30,22,com.readygo.barrel.gp,"라스트 Z: 서바이벌 슈터"
10:30,23,com.neowiz.games.poker,"피망 포커 : 카지노 로얄 - 홀덤, 7포커, 바둑이"
10:30,24,com.nexon.fmk,"FC 모바일"
10:30,25,com.gamedots.seasideescape,"씨사이드 익스케이프: 합성 & 스토리 게임"
10:30,26,com.playrix.gardenscapes,"꿈의 정원 (Gardenscapes)"
10:30,27,com.fatmerge.global,"테이스티 트레블: 합성 게임"
10:30,28,com.phs.global,"라스트 어사일럼: 페스트"
10:30,29,com.nexon.fo4m,"EA SPORTS FC Online M"
10:30,30,com.HoYoverse.hkrpgoversea,"붕괴: 스타레일"
10:30,31,com.dreamgames.royalkingdom,"로얄 킹덤 (Royal Kingdom)"
10:30,32,com.ncsoft.aion2,"AION2"
10:30,33,com.netmarble.thered,"뱀피르"
10:30,34,jp.co.ponos.battlecatskr,"냥코 대전쟁"
10:30,35,com.pubg.krmobile,"배틀그라운드"
10:30,36,com.percent.aos.cooptd,"협타디: 협동 타워 디펜스"
10:30,37,com.epidgames.trickcalrevive,"트릭컬 리바이브"
10:30,38,game.qualiarts.hololive.dreams.com,"hololive Dreams"
10:30,39,com.com2us.futurecpb.android.google.global.normal,"컴투스프로야구V26"
10:30,40,com.ncsoft.lineagew,"리니지W"
10:30,41,com.bhk.newslgkr,"삼국지: 천하결전"
10:30,42,com.nianticlabs.pokemongo,"Pokémon GO"
10:30,43,com.king.candycrushsaga,"캔디크러쉬사가 (Candy Crush Saga)"
10:30,44,com.ncsoft.lineage2m19,"리니지2M"
10:30,45,jp.konami.pesam,"eFootball™"
10:30,46,com.cedargames.mysterytown,"미스터리 타운: 합성 게임 (Mystery Town)"
10:30,47,com.gravity.romkrzeny.aos,"라그나로크M: Classic"
10:30,48,com.bandainamcoent.gget_WW,"SD건담 지 제네레이션 이터널"
10:30,49,com.playrix.township,"꿈의 마을 (Township)"
10:30,50,com.jsjskr.google,"토이 삼국"
10:30,51,com.kr.firegp,"I9: 인페르노 나인"
10:30,52,com.zempot.wplpoker,"WPL : 홀덤, 토너먼트, 오마하, 올인폴드, 픽앤고"
10:30,53,com.cola.game,"핫레스토랑: 머지&쿠킹"
10:30,54,com.NHNEnt.NDuelgo,"한게임 신맞고 : 대한민국 원조 고스톱"
10:30,55,com.hottagames.nte,"이환"
10:30,56,com.ncsoft.lineagem,"리니지M(12)"
10:30,57,com.neowizgames.game.browndust2,"브라운더스트2 - 가슴 벅찬 RPG"
10:30,58,com.playrix.homescapes,"꿈의 집 (Homescapes)"
10:30,59,com.netmarble.tskgb,"세븐나이츠 리버스"
10:30,60,com.webzen.mumonarch2.google,"뮤 모나크2"
10:30,61,com.com2us.smon.normal.freefull.google.kr.android.common,"서머너즈 워 X 장송의 프리렌"
10:30,62,com.hollywood.merge,"할리우드 머지"
10:30,63,com.readygo.dark.gp,"Dark War Survival"
10:30,64,com.highbrow.games.dvo,"드래곤빌리지3"
10:30,65,com.dlw.kr.google,"시티 데몬헌터즈: 각성자들"
10:30,66,com.devsisters.ck,"쿠키런: 킹덤"
10:30,67,com.netmarble.fgok,"페이트/그랜드 오더"
10:30,68,com.neowiz.games.newmatgo,"피망 뉴맞고: 고스톱 대표 맞고 게임"
10:30,69,com.supercell.brawlstars,"브롤스타즈"
10:30,70,com.YoStarKR.Arknights,"명일방주"
10:30,71,com.com2us.probaseball3d.normal.freefull.google.global.android.common,"컴투스프로야구2026"
10:30,72,com.nhn.AApoker,"한게임 로얄홀덤"
10:30,73,com.netmarble.monster2,"몬길: STAR DIVE"
10:30,74,com.nexon.kart,"카트라이더 러쉬플러스"
10:30,75,com.miHoYo.GenshinImpact,"원신·공월의 노래"
10:30,76,com.gametree.lhlr.gp,"그놈은 드래곤"
10:30,77,com.superplaystudios.disneysolitairedreams,"Disney Solitaire 디즈니 솔리테어"
10:30,78,com.zzsjkr.google,"갓깨비 키우기-999뽑기 증정"
10:30,79,com.xd.xdtglobal.gp,"두근두근타운"
10:30,80,com.supercell.clashofclans,"클래시 오브 클랜"
10:30,81,com.merge.cooking.theme.restaurant.food,"머지 쿠킹 테마 레스토랑"
10:30,82,com.haoplay.game.and.exilium,"소녀전선2: 망명"
10:30,83,com.devsisters.gb,"쿠키런: 오븐브레이크"
10:30,84,com.billionairegames.serares,"변신 키우기"
10:30,85,com.smilegate.lordnine.stove.google,"로드나인"
10:30,86,com.smilegate.chaoszero.stove.google,"카오스 제로 나이트메어"
10:30,87,com.wemade.nightcrows,"나이트 크로우"
10:30,88,com.qjzj4399kr.google,"기적의 검"
10:30,89,jp.pokemon.pokemontcgp,"포켓몬 카드 게임 Pocket"
10:30,90,com.gear2.growslayer,"슬레이어 키우기"
10:30,91,com.kingsgroup.sos,"S.O.S: 스테이트 오브 서바이벌"
10:30,92,com.nexon.he,"히간: 이루실"
10:30,93,com.playrix.fishdomdd.gplay,"피쉬돔 (Fishdom)"
10:30,94,com.kakaogames.aaw,"아키에이지 워 (ArcheAge WAR)"
10:30,95,com.netmarble.raven2,"레이븐2"
10:30,96,com.netmarble.bnsmkr,"블레이드&소울 레볼루션"
10:30,97,com.ujoygp.flower,"오늘의 꽃"
10:30,98,io.randomco.travel,"Travel Town - 결합 어드벤처"
10:30,99,com.netmarble.rfnext,"RF 온라인 넥스트"
10:30,100,com.ryonggame.soulhunteridle,"소울 헌터 키우기 : 방치형 RPG"
10:30,101,com.yzlmkr.google,"우와 모험단"
10:30,102,com.sundaytoz.mobile.anipang2.google.kakao.service,"애니팡2 - 3매치 퍼즐게임"
10:30,103,com.netmarble.stonkey,"스톤에이지 키우기"
10:30,104,com.webzen.muangel.google,"뮤 모나크"
10:30,105,com.greenmushroom.boomblitz.gp,"탑 히어로즈"
10:30,106,com.dreamwalker.kr.gp,"꿈의 여행자: 별빛 여정"
10:30,107,com.funplus.ts.global,"타일 서바이벌"
10:30,108,com.hariwn.legendofcivilizations,"포지 마스터 (Forge Master)"
10:30,109,com.joycity.im,"임진왜란: 조선의 반격"
10:30,110,com.mhclyxpb.gatja,"동방 찻집"
10:30,111,com.xman.kr.gp,"X 클래시"
10:30,112,com.mxdzzkr.google,"버섯커 키우기-3000뽑기 증정"
10:30,113,kr.haoplay.game.and.reverse,"리버스: 1999"
10:30,114,com.dwgames.chunorpg,"추노 키우기"
10:30,115,com.fiveminlab.overgeared.hero.backpack.merge,"템빨용사: 픽셀 아이템 머지 RPG"
10:30,116,com.global.ztmslgkr,"퍼즐 오브 Z"
10:30,117,com.screenshake.dominodreams,"Domino Dreams™"
10:30,118,com.ulugame.hdqykrob.google,"아케론:종말의 서곡"
10:30,119,com.hdfzxrpg.googlelb,"해적 키우기-방치형 RPG"
10:30,120,com.sopt.mafia42.client,"마피아42"
10:30,121,com.kakaogames.umamusume,"우마무스메 프리티 더비"
10:30,122,com.ProjectMoon.LimbusCompany,"Limbus Company"
10:30,123,net.gameduo.gv,"캣 히어로 : 방치형 RPG"
10:30,124,net.lightcon.windidle,"윈드러너 키우기"
10:30,125,com.lilithgames.rok.gpkr,"라이즈 오브 킹덤즈"
10:30,126,com.bandainamcoent.dgup_ww,"디지몬 UP"
10:30,127,com.com2us.ninepb3d.normal.freefull.google.global.android.common,"MLB 9이닝스 26"
10:30,128,com.ddup.zombiewaves.zw,"좀비 웨이브스"
10:30,129,net.kernys.aooni,"좀비고등학교"
10:30,130,com.mojang.minecraftpe,"Minecraft: 나만의 세계를 꿈꾸고 만들어보세요"
10:30,131,com.bilibilihk.jujutsuphanparagp,"주술회전 팬텀 퍼레이드"
10:30,132,com.play.merge.restyle,"Merge Restyle"
10:30,133,com.haegin.kbo,"2026 프로야구GO!"
10:30,134,com.qookkagame.sgzzlb.gp.kr,"삼국지 전략판"
10:30,135,com.pjsekai.kr,"프로젝트 세카이 컬러풀 스테이지! feat.하츠네 미쿠"
10:30,136,com.korea.hsbbkr.google,"도깨비 소녀와 함께"
10:30,137,com.superplaystudios.dicedreams,"Dice Dreams™️ 다이스 드림"
10:30,138,com.kr.firelite,"I9: 인페르노 나인(19) - 세로형 RPG"
10:30,139,com.netmarble.arthdal,"아스달 연대기: 세 개의 세력"
10:30,140,com.camelgames.aoz,"에이지 오브 제트: 타워 디펜스"
10:30,141,com.supercell.clashroyale,"클래시 로얄 (Clash Royale)"
10:30,142,com.riftsky.mhg.kr.gp,"더 코지 플로리스트"
10:30,143,com.hybeim.architect,"아키텍트: 랜드 오브 엑자일"
10:30,144,com.netmarble.lineageII,"리니지2 레볼루션"
10:30,145,com.kr.lfhsgp,"그레이 사가"
10:30,146,com.MelsoftGames.FamilyIslandFarm,"패밀리 아일랜드 - 농장모험게임"
10:30,147,com.merge.game.foodstars,"푸드스타: 합쳐서 요리하기"
10:30,148,com.pocketchamps.game,"포켓 챔프: 3D 레이싱 게임"
10:30,149,com.xone.gpkr,"ASURA: 블러드 앤 소울"
10:30,150,com.galasports.totalfootball.kr,"Total Football - 2026 북중미 시즌"
10:30,151,com.games.foundation,"파운데이션: 우주 전선"
10:30,152,com.com2us.futuremlb.android.google.global.normal,"MLB 9이닝스 라이벌 26"
10:30,153,com.riotgames.league.wildrift,"리그 오브 레전드: 와일드 리프트"
10:30,154,com.superpixel.undyinghero,"불사용사 키우기 : 방치형 RPG"
10:30,155,com.gear2.letsgolegends,"레츠고 레전드!"
10:30,156,com.justgame.jails,"랜드 오브 제일"
10:30,157,com.zlongame.kr.langrisser,"랑그릿사"
10:30,158,com.xmh.rpg.kr.an,"스카이 어비스: 혈맹의 서약"
10:30,159,com.ylqdhkr.gp,"엔터테인먼트 거물"
10:30,160,com.minigame.wszj.android.gp,"Wing Fighter"
10:30,161,com.ea.huntingsniper,"헌팅 스나이퍼"
10:30,162,com.plarium.raidlegends,"레이드: 그림자의 전설"
10:30,163,com.gravity.rooc.android,"라그나로크 오리진 클래식"
10:30,164,com.igg.android.doomsdaylastsurvivors,"둠스데이: 영웅의 여정"
10:30,165,com.mobile.legends,"모바일 레전드: Bang Bang"
10:30,166,com.webzen.r2origin.google,"R2 ORIGIN"
10:30,167,com.a3.topgirl.gplay,"Top Girl"
10:30,168,com.sundaytoz.kakao.anipang3.service,"애니팡3 - 매치 3 퍼즐"
10:30,169,net.gameduo.anotherdungeon,"어나더던전"
10:30,170,com.gamespark.topking.gp,"탑 로드"
10:30,171,net.peakgames.toonblast,"Toon Blast"
10:30,172,apli879756.vmz,"괴수: 진화 연대기"
10:30,173,com.nexon.mdnf,"던전앤파이터 모바일"
10:30,174,com.xd.ssrpgkr,"소드 오브 콘발라리아"
10:30,175,com.dwjp.gp,"애니멀 가든 - 진짜 꽃다발을 배달돼요!"
10:30,176,com.cyberjoy.galaxydefense,"갤럭시 디펜스 (Galaxy Defense)"
10:30,177,com.kakaogames.friendsKing,"프렌즈팝콘"
10:30,178,defense.roguelike.cell.shoot.survivor,"세포 특공대"
10:30,179,com.sundaytoz.kakao.anipang4,"애니팡4: 매치3 퍼즐 게임"
10:30,180,jp.co.drecom.wizardry.daphne,"Wizardry Variants Daphne"
10:30,181,com.nexon.bluearchive,"블루 아카이브"
10:30,182,com.joycastle.mergematch,"Matching Story - Puzzle Games"
10:30,183,com.gryphline.endfield.gp,"명일방주: 엔드필드"
10:30,184,com.netease.dfjskr,"레이싱 마스터(Racing Master)"
10:30,185,com.stove.epic7.google,"에픽세븐"
10:30,186,com.linegames.gm,"창세기전 모바일 - 서풍의 광시곡"
10:30,187,com.nexon.v4kr,"V4"
10:30,188,com.netmarble.sololv,"나 혼자만 레벨업:어라이즈"
10:30,189,com.pearlabyss.blackdesertm,"검은사막 모바일"
10:30,190,com.ygjszkr.google,"귀판오분전-444뽑기 증정"
10:30,191,com.wemadeconnect.aos.lostdgl,"로스트 소드-1.5주년"
10:30,192,com.netmarble.ma9bkr,"마구마구 2026: 풀체인지"
10:30,193,com.joycity.gw,"건쉽배틀 토탈워페어"
10:30,194,com.moonactive.cmboard,"Coin Master: 보드 어드벤처"
10:30,195,com.pockethaven.roguelegend,"로그 레전드: 로그라이크 RPG"
10:30,196,com.blizzard.diablo.immortal,"디아블로 이모탈"
10:30,197,com.game.btjkr.and,"영혼 인도자：신의 이름으로"
10:30,198,com.fatr.global,"호텔 레거시: 합성&리모델링"
10:30,199,com.riotgames.league.teamfighttactics,"전략적 팀 전투: 리그 오브 레전드 전략 게임"
10:30,200,com.rxjhkr.an,"열혈강호: 귀환"
14:00,1,com.netmarble.sol,"SOL: enchant"
14:00,2,com.ncsoft.lineagem19,"리니지M"
14:00,3,com.HoYoverse.Nap,"젠레스 존 제로 - 주년 기념"
14:00,4,com.gof.global,"WOS: 화이트아웃 서바이벌"
14:00,5,com.kurogame.wutheringwaves.global,"명조:워더링 웨이브 - 현방 지계를 향하여"
14:00,6,com.kakaogames.odin,"오딘: 발할라 라이징"
14:00,7,com.run.tower.defense,"킹샷:Kingshot"
14:00,8,com.rxjhglkr.gp,"열혈강호: 넥스트"
14:00,9,com.devsisters.cc,"쿠키런 키우기 - 쿠키런: 크럼블"
14:00,10,com.nexon.ma,"메이플 키우기"
14:00,11,com.nhnent.pokerclassic,"한게임포커 클래식 : 7포커 홀덤 섯다 훌라 슬롯"
14:00,12,com.fun.lastwar.gp,"라스트 워: 서바이벌"
14:00,13,com.roblox.client,"로블록스 (Roblox)"
14:00,14,com.dreamgames.royalmatch,"로얄 매치 Royal Match"
14:00,15,com.mergegames.gossipharbor,"가십하버: 합성 & 스토리 게임"
14:00,16,com.proximabeta.nikke,"승리의 여신: 니케"
14:00,17,com.nhnent.Qpoker,"한게임 포커"
14:00,18,com.percent.aos.luckydefense,"운빨존많겜"
14:00,19,com.nexon.nsc.maplem,"메이플스토리M"
14:00,20,com.nexon.devcat.mm,"마비노기 모바일"
14:00,21,com.NHNEnt.MSudda,"한게임 섯다&맞고"
14:00,22,com.readygo.barrel.gp,"라스트 Z: 서바이벌 슈터"
14:00,23,com.neowiz.games.poker,"피망 포커 : 카지노 로얄 - 홀덤, 7포커, 바둑이"
14:00,24,com.nexon.fmk,"FC 모바일"
14:00,25,com.gamedots.seasideescape,"씨사이드 익스케이프: 합성 & 스토리 게임"
14:00,26,com.playrix.gardenscapes,"꿈의 정원 (Gardenscapes)"
14:00,27,com.fatmerge.global,"테이스티 트레블: 합성 게임"
14:00,28,com.nexon.fo4m,"EA SPORTS FC Online M"
14:00,29,com.phs.global,"라스트 어사일럼: 페스트"
14:00,30,com.HoYoverse.hkrpgoversea,"붕괴: 스타레일"
14:00,31,com.dreamgames.royalkingdom,"로얄 킹덤 (Royal Kingdom)"
14:00,32,com.ncsoft.aion2,"AION2"
14:00,33,com.netmarble.thered,"뱀피르"
14:00,34,jp.co.ponos.battlecatskr,"냥코 대전쟁"
14:00,35,com.pubg.krmobile,"배틀그라운드"
14:00,36,com.percent.aos.cooptd,"협타디: 협동 타워 디펜스"
14:00,37,com.epidgames.trickcalrevive,"트릭컬 리바이브"
14:00,38,game.qualiarts.hololive.dreams.com,"hololive Dreams"
14:00,39,com.com2us.futurecpb.android.google.global.normal,"컴투스프로야구V26"
14:00,40,com.ncsoft.lineagew,"리니지W"
14:00,41,com.bhk.newslgkr,"삼국지: 천하결전"
14:00,42,com.nianticlabs.pokemongo,"Pokémon GO"
14:00,43,com.king.candycrushsaga,"캔디크러쉬사가 (Candy Crush Saga)"
14:00,44,com.ncsoft.lineage2m19,"리니지2M"
14:00,45,jp.konami.pesam,"eFootball™"
14:00,46,com.gravity.romkrzeny.aos,"라그나로크M: Classic"
14:00,47,com.cedargames.mysterytown,"미스터리 타운: 합성 게임 (Mystery Town)"
14:00,48,com.bandainamcoent.gget_WW,"SD건담 지 제네레이션 이터널"
14:00,49,com.playrix.township,"꿈의 마을 (Township)"
14:00,50,com.jsjskr.google,"토이 삼국"
14:00,51,com.kr.firegp,"I9: 인페르노 나인"
14:00,52,com.zempot.wplpoker,"WPL : 홀덤, 토너먼트, 오마하, 올인폴드, 픽앤고"
14:00,53,com.cola.game,"핫레스토랑: 머지&쿠킹"
14:00,54,com.hottagames.nte,"이환"
14:00,55,com.NHNEnt.NDuelgo,"한게임 신맞고 : 대한민국 원조 고스톱"
14:00,56,com.ncsoft.lineagem,"리니지M(12)"
14:00,57,com.neowizgames.game.browndust2,"브라운더스트2 - 가슴 벅찬 RPG"
14:00,58,com.playrix.homescapes,"꿈의 집 (Homescapes)"
14:00,59,com.webzen.mumonarch2.google,"뮤 모나크2"
14:00,60,com.netmarble.tskgb,"세븐나이츠 리버스"
14:00,61,com.com2us.smon.normal.freefull.google.kr.android.common,"서머너즈 워 X 장송의 프리렌"
14:00,62,com.hollywood.merge,"할리우드 머지"
14:00,63,com.readygo.dark.gp,"Dark War Survival"
14:00,64,com.highbrow.games.dvo,"드래곤빌리지3"
14:00,65,com.dlw.kr.google,"시티 데몬헌터즈: 각성자들"
14:00,66,com.devsisters.ck,"쿠키런: 킹덤"
14:00,67,com.netmarble.fgok,"페이트/그랜드 오더"
14:00,68,com.supercell.brawlstars,"브롤스타즈"
14:00,69,com.neowiz.games.newmatgo,"피망 뉴맞고: 고스톱 대표 맞고 게임"
14:00,70,com.YoStarKR.Arknights,"명일방주"
14:00,71,com.com2us.probaseball3d.normal.freefull.google.global.android.common,"컴투스프로야구2026"
14:00,72,com.nhn.AApoker,"한게임 로얄홀덤"
14:00,73,com.netmarble.monster2,"몬길: STAR DIVE"
14:00,74,com.nexon.kart,"카트라이더 러쉬플러스"
14:00,75,com.miHoYo.GenshinImpact,"원신·공월의 노래"
14:00,76,com.gametree.lhlr.gp,"그놈은 드래곤"
14:00,77,com.superplaystudios.disneysolitairedreams,"Disney Solitaire 디즈니 솔리테어"
14:00,78,com.zzsjkr.google,"갓깨비 키우기-999뽑기 증정"
14:00,79,com.xd.xdtglobal.gp,"두근두근타운"
14:00,80,com.supercell.clashofclans,"클래시 오브 클랜"
14:00,81,com.merge.cooking.theme.restaurant.food,"머지 쿠킹 테마 레스토랑"
14:00,82,com.haoplay.game.and.exilium,"소녀전선2: 망명"
14:00,83,com.devsisters.gb,"쿠키런: 오븐브레이크"
14:00,84,com.billionairegames.serares,"변신 키우기"
14:00,85,com.smilegate.lordnine.stove.google,"로드나인"
14:00,86,com.smilegate.chaoszero.stove.google,"카오스 제로 나이트메어"
14:00,87,com.wemade.nightcrows,"나이트 크로우"
14:00,88,com.qjzj4399kr.google,"기적의 검"
14:00,89,jp.pokemon.pokemontcgp,"포켓몬 카드 게임 Pocket"
14:00,90,com.gear2.growslayer,"슬레이어 키우기"
14:00,91,com.nexon.he,"히간: 이루실"
14:00,92,com.playrix.fishdomdd.gplay,"피쉬돔 (Fishdom)"
14:00,93,com.kingsgroup.sos,"S.O.S: 스테이트 오브 서바이벌"
14:00,94,com.kakaogames.aaw,"아키에이지 워 (ArcheAge WAR)"
14:00,95,com.netmarble.raven2,"레이븐2"
14:00,96,com.netmarble.bnsmkr,"블레이드&소울 레볼루션"
14:00,97,com.ujoygp.flower,"오늘의 꽃"
14:00,98,io.randomco.travel,"Travel Town - 결합 어드벤처"
14:00,99,com.ryonggame.soulhunteridle,"소울 헌터 키우기 : 방치형 RPG"
14:00,100,com.netmarble.rfnext,"RF 온라인 넥스트"
14:00,101,com.sundaytoz.mobile.anipang2.google.kakao.service,"애니팡2 - 3매치 퍼즐게임"
14:00,102,com.yzlmkr.google,"우와 모험단"
14:00,103,com.netmarble.stonkey,"스톤에이지 키우기"
14:00,104,com.webzen.muangel.google,"뮤 모나크"
14:00,105,com.greenmushroom.boomblitz.gp,"탑 히어로즈"
14:00,106,com.funplus.ts.global,"타일 서바이벌"
14:00,107,com.dreamwalker.kr.gp,"꿈의 여행자: 별빛 여정"
14:00,108,com.hariwn.legendofcivilizations,"포지 마스터 (Forge Master)"
14:00,109,com.joycity.im,"임진왜란: 조선의 반격"
14:00,110,com.mhclyxpb.gatja,"동방 찻집"
14:00,111,com.xman.kr.gp,"X 클래시"
14:00,112,com.mxdzzkr.google,"버섯커 키우기-3000뽑기 증정"
14:00,113,kr.haoplay.game.and.reverse,"리버스: 1999"
14:00,114,com.fiveminlab.overgeared.hero.backpack.merge,"템빨용사: 픽셀 아이템 머지 RPG"
14:00,115,com.dwgames.chunorpg,"추노 키우기"
14:00,116,com.global.ztmslgkr,"퍼즐 오브 Z"
14:00,117,com.ulugame.hdqykrob.google,"아케론:종말의 서곡"
14:00,118,com.screenshake.dominodreams,"Domino Dreams™"
14:00,119,com.hdfzxrpg.googlelb,"해적 키우기-방치형 RPG"
14:00,120,com.ProjectMoon.LimbusCompany,"Limbus Company"
14:00,121,com.kakaogames.umamusume,"우마무스메 프리티 더비"
14:00,122,com.sopt.mafia42.client,"마피아42"
14:00,123,net.gameduo.gv,"캣 히어로 : 방치형 RPG"
14:00,124,net.lightcon.windidle,"윈드러너 키우기"
14:00,125,com.lilithgames.rok.gpkr,"라이즈 오브 킹덤즈"
14:00,126,com.bandainamcoent.dgup_ww,"디지몬 UP"
14:00,127,com.ddup.zombiewaves.zw,"좀비 웨이브스"
14:00,128,com.com2us.ninepb3d.normal.freefull.google.global.android.common,"MLB 9이닝스 26"
14:00,129,net.kernys.aooni,"좀비고등학교"
14:00,130,com.mojang.minecraftpe,"Minecraft: 나만의 세계를 꿈꾸고 만들어보세요"
14:00,131,com.bilibilihk.jujutsuphanparagp,"주술회전 팬텀 퍼레이드"
14:00,132,com.play.merge.restyle,"Merge Restyle"
14:00,133,com.qookkagame.sgzzlb.gp.kr,"삼국지 전략판"
14:00,134,com.haegin.kbo,"2026 프로야구GO!"
14:00,135,com.pjsekai.kr,"프로젝트 세카이 컬러풀 스테이지! feat.하츠네 미쿠"
14:00,136,com.camelgames.aoz,"에이지 오브 제트: 타워 디펜스"
14:00,137,com.superplaystudios.dicedreams,"Dice Dreams™️ 다이스 드림"
14:00,138,com.korea.hsbbkr.google,"도깨비 소녀와 함께"
14:00,139,com.netmarble.arthdal,"아스달 연대기: 세 개의 세력"
14:00,140,com.kr.firelite,"I9: 인페르노 나인(19) - 세로형 RPG"
14:00,141,com.supercell.clashroyale,"클래시 로얄 (Clash Royale)"
14:00,142,com.netmarble.lineageII,"리니지2 레볼루션"
14:00,143,com.riftsky.mhg.kr.gp,"더 코지 플로리스트"
14:00,144,com.hybeim.architect,"아키텍트: 랜드 오브 엑자일"
14:00,145,com.xone.gpkr,"ASURA: 블러드 앤 소울"
14:00,146,com.kr.lfhsgp,"그레이 사가"
14:00,147,com.MelsoftGames.FamilyIslandFarm,"패밀리 아일랜드 - 농장모험게임"
14:00,148,com.merge.game.foodstars,"푸드스타: 합쳐서 요리하기"
14:00,149,com.pocketchamps.game,"포켓 챔프: 3D 레이싱 게임"
14:00,150,com.com2us.futuremlb.android.google.global.normal,"MLB 9이닝스 라이벌 26"
14:00,151,com.galasports.totalfootball.kr,"Total Football - 2026 북중미 시즌"
14:00,152,com.games.foundation,"파운데이션: 우주 전선"
14:00,153,com.riotgames.league.wildrift,"리그 오브 레전드: 와일드 리프트"
14:00,154,com.superpixel.undyinghero,"불사용사 키우기 : 방치형 RPG"
14:00,155,com.gear2.letsgolegends,"레츠고 레전드!"
14:00,156,com.justgame.jails,"랜드 오브 제일"
14:00,157,com.ylqdhkr.gp,"엔터테인먼트 거물"
14:00,158,com.zlongame.kr.langrisser,"랑그릿사"
14:00,159,com.xmh.rpg.kr.an,"스카이 어비스: 혈맹의 서약"
14:00,160,com.minigame.wszj.android.gp,"Wing Fighter"
14:00,161,com.ea.huntingsniper,"헌팅 스나이퍼"
14:00,162,com.plarium.raidlegends,"레이드: 그림자의 전설"
14:00,163,com.gravity.rooc.android,"라그나로크 오리진 클래식"
14:00,164,com.mobile.legends,"모바일 레전드: Bang Bang"
14:00,165,com.igg.android.doomsdaylastsurvivors,"둠스데이: 영웅의 여정"
14:00,166,com.gamespark.topking.gp,"탑 로드"
14:00,167,com.webzen.r2origin.google,"R2 ORIGIN"
14:00,168,com.sundaytoz.kakao.anipang3.service,"애니팡3 - 매치 3 퍼즐"
14:00,169,com.a3.topgirl.gplay,"Top Girl"
14:00,170,net.peakgames.toonblast,"Toon Blast"
14:00,171,net.gameduo.anotherdungeon,"어나더던전"
14:00,172,apli879756.vmz,"괴수: 진화 연대기"
14:00,173,com.nexon.mdnf,"던전앤파이터 모바일"
14:00,174,com.xd.ssrpgkr,"소드 오브 콘발라리아"
14:00,175,com.cyberjoy.galaxydefense,"갤럭시 디펜스 (Galaxy Defense)"
14:00,176,com.dwjp.gp,"애니멀 가든 - 진짜 꽃다발을 배달돼요!"
14:00,177,com.sundaytoz.kakao.anipang4,"애니팡4: 매치3 퍼즐 게임"
14:00,178,com.kakaogames.friendsKing,"프렌즈팝콘"
14:00,179,defense.roguelike.cell.shoot.survivor,"세포 특공대"
14:00,180,jp.co.drecom.wizardry.daphne,"Wizardry Variants Daphne"
14:00,181,com.nexon.bluearchive,"블루 아카이브"
14:00,182,com.gryphline.endfield.gp,"명일방주: 엔드필드"
14:00,183,com.netease.dfjskr,"레이싱 마스터(Racing Master)"
14:00,184,com.pearlabyss.blackdesertm,"검은사막 모바일"
14:00,185,com.joycastle.mergematch,"Matching Story - Puzzle Games"
14:00,186,com.linegames.gm,"창세기전 모바일 - 서풍의 광시곡"
14:00,187,com.stove.epic7.google,"에픽세븐"
14:00,188,com.nexon.v4kr,"V4"
14:00,189,com.netmarble.sololv,"나 혼자만 레벨업:어라이즈"
14:00,190,com.ygjszkr.google,"귀판오분전-444뽑기 증정"
14:00,191,com.wemadeconnect.aos.lostdgl,"로스트 소드-1.5주년"
14:00,192,com.pockethaven.roguelegend,"로그 레전드: 로그라이크 RPG"
14:00,193,com.game.btjkr.and,"영혼 인도자：신의 이름으로"
14:00,194,com.netmarble.ma9bkr,"마구마구 2026: 풀체인지"
14:00,195,com.joycity.gw,"건쉽배틀 토탈워페어"
14:00,196,com.moonactive.cmboard,"Coin Master: 보드 어드벤처"
14:00,197,com.blizzard.diablo.immortal,"디아블로 이모탈"
14:00,198,com.fatr.global,"호텔 레거시: 합성&리모델링"
14:00,199,com.riotgames.league.teamfighttactics,"전략적 팀 전투: 리그 오브 레전드 전략 게임"
14:00,200,com.mymskr.gp,"호드 워:어벤저의 소환"
16:30,1,com.netmarble.sol,"SOL: enchant"
16:30,2,com.ncsoft.lineagem19,"리니지M"
16:30,3,com.HoYoverse.Nap,"젠레스 존 제로 - 주년 기념"
16:30,4,com.gof.global,"WOS: 화이트아웃 서바이벌"
16:30,5,com.kurogame.wutheringwaves.global,"명조:워더링 웨이브 - 현방 지계를 향하여"
16:30,6,com.run.tower.defense,"킹샷:Kingshot"
16:30,7,com.kakaogames.odin,"오딘: 발할라 라이징"
16:30,8,com.rxjhglkr.gp,"열혈강호: 넥스트"
16:30,9,com.devsisters.cc,"쿠키런 키우기 - 쿠키런: 크럼블"
16:30,10,com.nexon.ma,"메이플 키우기"
16:30,11,com.fun.lastwar.gp,"라스트 워: 서바이벌"
16:30,12,com.nhnent.pokerclassic,"한게임포커 클래식 : 7포커 홀덤 섯다 훌라 슬롯"
16:30,13,com.roblox.client,"로블록스 (Roblox)"
16:30,14,com.dreamgames.royalmatch,"로얄 매치 Royal Match"
16:30,15,com.mergegames.gossipharbor,"가십하버: 합성 & 스토리 게임"
16:30,16,com.proximabeta.nikke,"승리의 여신: 니케"
16:30,17,com.nhnent.Qpoker,"한게임 포커"
16:30,18,com.percent.aos.luckydefense,"운빨존많겜"
16:30,19,com.nexon.nsc.maplem,"메이플스토리M"
16:30,20,com.nexon.devcat.mm,"마비노기 모바일"
16:30,21,com.NHNEnt.MSudda,"한게임 섯다&맞고"
16:30,22,com.readygo.barrel.gp,"라스트 Z: 서바이벌 슈터"
16:30,23,com.neowiz.games.poker,"피망 포커 : 카지노 로얄 - 홀덤, 7포커, 바둑이"
16:30,24,com.nexon.fmk,"FC 모바일"
16:30,25,com.gamedots.seasideescape,"씨사이드 익스케이프: 합성 & 스토리 게임"
16:30,26,com.playrix.gardenscapes,"꿈의 정원 (Gardenscapes)"
16:30,27,com.fatmerge.global,"테이스티 트레블: 합성 게임"
16:30,28,com.phs.global,"라스트 어사일럼: 페스트"
16:30,29,com.nexon.fo4m,"EA SPORTS FC Online M"
16:30,30,com.HoYoverse.hkrpgoversea,"붕괴: 스타레일"
16:30,31,com.ncsoft.aion2,"AION2"
16:30,32,com.dreamgames.royalkingdom,"로얄 킹덤 (Royal Kingdom)"
16:30,33,com.netmarble.thered,"뱀피르"
16:30,34,jp.co.ponos.battlecatskr,"냥코 대전쟁"
16:30,35,com.pubg.krmobile,"배틀그라운드"
16:30,36,com.percent.aos.cooptd,"협타디: 협동 타워 디펜스"
16:30,37,com.epidgames.trickcalrevive,"트릭컬 리바이브"
16:30,38,com.ncsoft.lineagew,"리니지W"
16:30,39,game.qualiarts.hololive.dreams.com,"hololive Dreams"
16:30,40,com.com2us.futurecpb.android.google.global.normal,"컴투스프로야구V26"
16:30,41,com.bhk.newslgkr,"삼국지: 천하결전"
16:30,42,com.nianticlabs.pokemongo,"Pokémon GO"
16:30,43,com.ncsoft.lineage2m19,"리니지2M"
16:30,44,com.king.candycrushsaga,"캔디크러쉬사가 (Candy Crush Saga)"
16:30,45,jp.konami.pesam,"eFootball™"
16:30,46,com.cedargames.mysterytown,"미스터리 타운: 합성 게임 (Mystery Town)"
16:30,47,com.gravity.romkrzeny.aos,"라그나로크M: Classic"
16:30,48,com.bandainamcoent.gget_WW,"SD건담 지 제네레이션 이터널"
16:30,49,com.playrix.township,"꿈의 마을 (Township)"
16:30,50,com.jsjskr.google,"토이 삼국"
16:30,51,com.kr.firegp,"I9: 인페르노 나인"
16:30,52,com.cola.game,"핫레스토랑: 머지&쿠킹"
16:30,53,com.zempot.wplpoker,"WPL : 홀덤, 토너먼트, 오마하, 올인폴드, 픽앤고"
16:30,54,com.hottagames.nte,"이환"
16:30,55,com.NHNEnt.NDuelgo,"한게임 신맞고 : 대한민국 원조 고스톱"
16:30,56,com.playrix.homescapes,"꿈의 집 (Homescapes)"
16:30,57,com.ncsoft.lineagem,"리니지M(12)"
16:30,58,com.neowizgames.game.browndust2,"브라운더스트2 - 가슴 벅찬 RPG"
16:30,59,com.webzen.mumonarch2.google,"뮤 모나크2"
16:30,60,com.netmarble.tskgb,"세븐나이츠 리버스"
16:30,61,com.com2us.smon.normal.freefull.google.kr.android.common,"서머너즈 워 X 장송의 프리렌"
16:30,62,com.hollywood.merge,"할리우드 머지"
16:30,63,com.readygo.dark.gp,"Dark War Survival"
16:30,64,com.highbrow.games.dvo,"드래곤빌리지3"
16:30,65,com.dlw.kr.google,"시티 데몬헌터즈: 각성자들"
16:30,66,com.devsisters.ck,"쿠키런: 킹덤"
16:30,67,com.netmarble.fgok,"페이트/그랜드 오더"
16:30,68,com.supercell.brawlstars,"브롤스타즈"
16:30,69,com.neowiz.games.newmatgo,"피망 뉴맞고: 고스톱 대표 맞고 게임"
16:30,70,com.YoStarKR.Arknights,"명일방주"
16:30,71,com.com2us.probaseball3d.normal.freefull.google.global.android.common,"컴투스프로야구2026"
16:30,72,com.nhn.AApoker,"한게임 로얄홀덤"
16:30,73,com.netmarble.monster2,"몬길: STAR DIVE"
16:30,74,com.miHoYo.GenshinImpact,"원신·공월의 노래"
16:30,75,com.nexon.kart,"카트라이더 러쉬플러스"
16:30,76,com.gametree.lhlr.gp,"그놈은 드래곤"
16:30,77,com.superplaystudios.disneysolitairedreams,"Disney Solitaire 디즈니 솔리테어"
16:30,78,com.zzsjkr.google,"갓깨비 키우기-999뽑기 증정"
16:30,79,com.xd.xdtglobal.gp,"두근두근타운"
16:30,80,com.haoplay.game.and.exilium,"소녀전선2: 망명"
16:30,81,com.supercell.clashofclans,"클래시 오브 클랜"
16:30,82,com.merge.cooking.theme.restaurant.food,"머지 쿠킹 테마 레스토랑"
16:30,83,com.billionairegames.serares,"변신 키우기"
16:30,84,com.devsisters.gb,"쿠키런: 오븐브레이크"
16:30,85,com.smilegate.lordnine.stove.google,"로드나인"
16:30,86,com.smilegate.chaoszero.stove.google,"카오스 제로 나이트메어"
16:30,87,com.wemade.nightcrows,"나이트 크로우"
16:30,88,com.kakaogames.aaw,"아키에이지 워 (ArcheAge WAR)"
16:30,89,com.qjzj4399kr.google,"기적의 검"
16:30,90,com.nexon.he,"히간: 이루실"
16:30,91,com.gear2.growslayer,"슬레이어 키우기"
16:30,92,com.playrix.fishdomdd.gplay,"피쉬돔 (Fishdom)"
16:30,93,jp.pokemon.pokemontcgp,"포켓몬 카드 게임 Pocket"
16:30,94,com.kingsgroup.sos,"S.O.S: 스테이트 오브 서바이벌"
16:30,95,com.netmarble.raven2,"레이븐2"
16:30,96,com.ujoygp.flower,"오늘의 꽃"
16:30,97,com.netmarble.bnsmkr,"블레이드&소울 레볼루션"
16:30,98,io.randomco.travel,"Travel Town - 결합 어드벤처"
16:30,99,com.ryonggame.soulhunteridle,"소울 헌터 키우기 : 방치형 RPG"
16:30,100,com.netmarble.stonkey,"스톤에이지 키우기"
16:30,101,com.netmarble.rfnext,"RF 온라인 넥스트"
16:30,102,com.yzlmkr.google,"우와 모험단"
16:30,103,com.sundaytoz.mobile.anipang2.google.kakao.service,"애니팡2 - 3매치 퍼즐게임"
16:30,104,com.webzen.muangel.google,"뮤 모나크"
16:30,105,com.dreamwalker.kr.gp,"꿈의 여행자: 별빛 여정"
16:30,106,com.hariwn.legendofcivilizations,"포지 마스터 (Forge Master)"
16:30,107,com.funplus.ts.global,"타일 서바이벌"
16:30,108,com.greenmushroom.boomblitz.gp,"탑 히어로즈"
16:30,109,com.xman.kr.gp,"X 클래시"
16:30,110,com.mhclyxpb.gatja,"동방 찻집"
16:30,111,com.mxdzzkr.google,"버섯커 키우기-3000뽑기 증정"
16:30,112,com.joycity.im,"임진왜란: 조선의 반격"
16:30,113,kr.haoplay.game.and.reverse,"리버스: 1999"
16:30,114,com.fiveminlab.overgeared.hero.backpack.merge,"템빨용사: 픽셀 아이템 머지 RPG"
16:30,115,com.dwgames.chunorpg,"추노 키우기"
16:30,116,com.ulugame.hdqykrob.google,"아케론:종말의 서곡"
16:30,117,com.global.ztmslgkr,"퍼즐 오브 Z"
16:30,118,com.screenshake.dominodreams,"Domino Dreams™"
16:30,119,com.ProjectMoon.LimbusCompany,"Limbus Company"
16:30,120,com.hdfzxrpg.googlelb,"해적 키우기-방치형 RPG"
16:30,121,com.kakaogames.umamusume,"우마무스메 프리티 더비"
16:30,122,com.sopt.mafia42.client,"마피아42"
16:30,123,net.gameduo.gv,"캣 히어로 : 방치형 RPG"
16:30,124,com.lilithgames.rok.gpkr,"라이즈 오브 킹덤즈"
16:30,125,net.lightcon.windidle,"윈드러너 키우기"
16:30,126,com.ddup.zombiewaves.zw,"좀비 웨이브스"
16:30,127,com.bandainamcoent.dgup_ww,"디지몬 UP"
16:30,128,com.haegin.kbo,"2026 프로야구GO!"
16:30,129,com.com2us.ninepb3d.normal.freefull.google.global.android.common,"MLB 9이닝스 26"
16:30,130,net.kernys.aooni,"좀비고등학교"
16:30,131,com.play.merge.restyle,"Merge Restyle"
16:30,132,com.mojang.minecraftpe,"Minecraft: 나만의 세계를 꿈꾸고 만들어보세요"
16:30,133,com.bilibilihk.jujutsuphanparagp,"주술회전 팬텀 퍼레이드"
16:30,134,com.qookkagame.sgzzlb.gp.kr,"삼국지 전략판"
16:30,135,com.pjsekai.kr,"프로젝트 세카이 컬러풀 스테이지! feat.하츠네 미쿠"
16:30,136,com.superplaystudios.dicedreams,"Dice Dreams™️ 다이스 드림"
16:30,137,com.korea.hsbbkr.google,"도깨비 소녀와 함께"
16:30,138,com.camelgames.aoz,"에이지 오브 제트: 타워 디펜스"
16:30,139,com.kr.firelite,"I9: 인페르노 나인(19) - 세로형 RPG"
16:30,140,com.netmarble.arthdal,"아스달 연대기: 세 개의 세력"
16:30,141,com.supercell.clashroyale,"클래시 로얄 (Clash Royale)"
16:30,142,com.riftsky.mhg.kr.gp,"더 코지 플로리스트"
16:30,143,com.netmarble.lineageII,"리니지2 레볼루션"
16:30,144,com.hybeim.architect,"아키텍트: 랜드 오브 엑자일"
16:30,145,com.kr.lfhsgp,"그레이 사가"
16:30,146,com.xone.gpkr,"ASURA: 블러드 앤 소울"
16:30,147,com.MelsoftGames.FamilyIslandFarm,"패밀리 아일랜드 - 농장모험게임"
16:30,148,com.pocketchamps.game,"포켓 챔프: 3D 레이싱 게임"
16:30,149,com.merge.game.foodstars,"푸드스타: 합쳐서 요리하기"
16:30,150,com.com2us.futuremlb.android.google.global.normal,"MLB 9이닝스 라이벌 26"
16:30,151,com.games.foundation,"파운데이션: 우주 전선"
16:30,152,com.galasports.totalfootball.kr,"Total Football - 2026 북중미 시즌"
16:30,153,com.riotgames.league.wildrift,"리그 오브 레전드: 와일드 리프트"
16:30,154,com.justgame.jails,"랜드 오브 제일"
16:30,155,com.superpixel.undyinghero,"불사용사 키우기 : 방치형 RPG"
16:30,156,com.gear2.letsgolegends,"레츠고 레전드!"
16:30,157,com.xmh.rpg.kr.an,"스카이 어비스: 혈맹의 서약"
16:30,158,com.zlongame.kr.langrisser,"랑그릿사"
16:30,159,com.minigame.wszj.android.gp,"Wing Fighter"
16:30,160,com.ylqdhkr.gp,"엔터테인먼트 거물"
16:30,161,com.ea.huntingsniper,"헌팅 스나이퍼"
16:30,162,com.plarium.raidlegends,"레이드: 그림자의 전설"
16:30,163,com.gravity.rooc.android,"라그나로크 오리진 클래식"
16:30,164,com.igg.android.doomsdaylastsurvivors,"둠스데이: 영웅의 여정"
16:30,165,com.mobile.legends,"모바일 레전드: Bang Bang"
16:30,166,com.gamespark.topking.gp,"탑 로드"
16:30,167,com.a3.topgirl.gplay,"Top Girl"
16:30,168,com.sundaytoz.kakao.anipang3.service,"애니팡3 - 매치 3 퍼즐"
16:30,169,net.peakgames.toonblast,"Toon Blast"
16:30,170,com.nexon.mdnf,"던전앤파이터 모바일"
16:30,171,apli879756.vmz,"괴수: 진화 연대기"
16:30,172,com.webzen.r2origin.google,"R2 ORIGIN"
16:30,173,net.gameduo.anotherdungeon,"어나더던전"
16:30,174,com.dwjp.gp,"애니멀 가든 - 진짜 꽃다발을 배달돼요!"
16:30,175,com.xd.ssrpgkr,"소드 오브 콘발라리아"
16:30,176,com.nexon.bluearchive,"블루 아카이브"
16:30,177,com.cyberjoy.galaxydefense,"갤럭시 디펜스 (Galaxy Defense)"
16:30,178,defense.roguelike.cell.shoot.survivor,"세포 특공대"
16:30,179,com.kakaogames.friendsKing,"프렌즈팝콘"
16:30,180,jp.co.drecom.wizardry.daphne,"Wizardry Variants Daphne"
16:30,181,com.sundaytoz.kakao.anipang4,"애니팡4: 매치3 퍼즐 게임"
16:30,182,com.gryphline.endfield.gp,"명일방주: 엔드필드"
16:30,183,com.netease.dfjskr,"레이싱 마스터(Racing Master)"
16:30,184,com.joycastle.mergematch,"Matching Story - Puzzle Games"
16:30,185,com.stove.epic7.google,"에픽세븐"
16:30,186,com.linegames.gm,"창세기전 모바일 - 서풍의 광시곡"
16:30,187,com.pearlabyss.blackdesertm,"검은사막 모바일"
16:30,188,com.nexon.v4kr,"V4"
16:30,189,com.ygjszkr.google,"귀판오분전-444뽑기 증정"
16:30,190,com.netmarble.sololv,"나 혼자만 레벨업:어라이즈"
16:30,191,com.wemadeconnect.aos.lostdgl,"로스트 소드-1.5주년"
16:30,192,com.pockethaven.roguelegend,"로그 레전드: 로그라이크 RPG"
16:30,193,com.game.btjkr.and,"영혼 인도자：신의 이름으로"
16:30,194,com.blizzard.diablo.immortal,"디아블로 이모탈"
16:30,195,com.netmarble.ma9bkr,"마구마구 2026: 풀체인지"
16:30,196,com.moonactive.cmboard,"Coin Master: 보드 어드벤처"
16:30,197,com.joycity.gw,"건쉽배틀 토탈워페어"
16:30,198,com.fatr.global,"호텔 레거시: 합성&리모델링"
16:30,199,com.riotgames.league.teamfighttactics,"전략적 팀 전투: 리그 오브 레전드 전략 게임"
16:30,200,com.rxjhkr.an,"열혈강호: 귀환"
18:00,1,com.netmarble.sol,"SOL: enchant"
18:00,2,com.ncsoft.lineagem19,"리니지M"
18:00,3,com.HoYoverse.Nap,"젠레스 존 제로 - 주년 기념"
18:00,4,com.gof.global,"WOS: 화이트아웃 서바이벌"
18:00,5,com.kurogame.wutheringwaves.global,"명조:워더링 웨이브 - 현방 지계를 향하여"
18:00,6,com.run.tower.defense,"킹샷:Kingshot"
18:00,7,com.kakaogames.odin,"오딘: 발할라 라이징"
18:00,8,com.rxjhglkr.gp,"열혈강호: 넥스트"
18:00,9,com.devsisters.cc,"쿠키런 키우기 - 쿠키런: 크럼블"
18:00,10,com.nexon.ma,"메이플 키우기"
18:00,11,com.fun.lastwar.gp,"라스트 워: 서바이벌"
18:00,12,com.nhnent.pokerclassic,"한게임포커 클래식 : 7포커 홀덤 섯다 훌라 슬롯"
18:00,13,com.roblox.client,"로블록스 (Roblox)"
18:00,14,com.dreamgames.royalmatch,"로얄 매치 Royal Match"
18:00,15,com.mergegames.gossipharbor,"가십하버: 합성 & 스토리 게임"
18:00,16,com.proximabeta.nikke,"승리의 여신: 니케"
18:00,17,com.nhnent.Qpoker,"한게임 포커"
18:00,18,com.percent.aos.luckydefense,"운빨존많겜"
18:00,19,com.nexon.nsc.maplem,"메이플스토리M"
18:00,20,com.nexon.devcat.mm,"마비노기 모바일"
18:00,21,com.NHNEnt.MSudda,"한게임 섯다&맞고"
18:00,22,com.readygo.barrel.gp,"라스트 Z: 서바이벌 슈터"
18:00,23,com.neowiz.games.poker,"피망 포커 : 카지노 로얄 - 홀덤, 7포커, 바둑이"
18:00,24,com.nexon.fmk,"FC 모바일"
18:00,25,com.gamedots.seasideescape,"씨사이드 익스케이프: 합성 & 스토리 게임"
18:00,26,com.playrix.gardenscapes,"꿈의 정원 (Gardenscapes)"
18:00,27,com.fatmerge.global,"테이스티 트레블: 합성 게임"
18:00,28,com.phs.global,"라스트 어사일럼: 페스트"
18:00,29,com.nexon.fo4m,"EA SPORTS FC Online M"
18:00,30,com.HoYoverse.hkrpgoversea,"붕괴: 스타레일"
18:00,31,com.ncsoft.aion2,"AION2"
18:00,32,com.dreamgames.royalkingdom,"로얄 킹덤 (Royal Kingdom)"
18:00,33,com.netmarble.thered,"뱀피르"
18:00,34,jp.co.ponos.battlecatskr,"냥코 대전쟁"
18:00,35,com.pubg.krmobile,"배틀그라운드"
18:00,36,com.percent.aos.cooptd,"협타디: 협동 타워 디펜스"
18:00,37,com.epidgames.trickcalrevive,"트릭컬 리바이브"
18:00,38,com.ncsoft.lineagew,"리니지W"
18:00,39,game.qualiarts.hololive.dreams.com,"hololive Dreams"
18:00,40,com.com2us.futurecpb.android.google.global.normal,"컴투스프로야구V26"
18:00,41,com.bhk.newslgkr,"삼국지: 천하결전"
18:00,42,com.nianticlabs.pokemongo,"Pokémon GO"
18:00,43,com.ncsoft.lineage2m19,"리니지2M"
18:00,44,com.king.candycrushsaga,"캔디크러쉬사가 (Candy Crush Saga)"
18:00,45,jp.konami.pesam,"eFootball™"
18:00,46,com.cedargames.mysterytown,"미스터리 타운: 합성 게임 (Mystery Town)"
18:00,47,com.gravity.romkrzeny.aos,"라그나로크M: Classic"
18:00,48,com.bandainamcoent.gget_WW,"SD건담 지 제네레이션 이터널"
18:00,49,com.playrix.township,"꿈의 마을 (Township)"
18:00,50,com.jsjskr.google,"토이 삼국"
18:00,51,com.kr.firegp,"I9: 인페르노 나인"
18:00,52,com.cola.game,"핫레스토랑: 머지&쿠킹"
18:00,53,com.zempot.wplpoker,"WPL : 홀덤, 토너먼트, 오마하, 올인폴드, 픽앤고"
18:00,54,com.hottagames.nte,"이환"
18:00,55,com.NHNEnt.NDuelgo,"한게임 신맞고 : 대한민국 원조 고스톱"
18:00,56,com.playrix.homescapes,"꿈의 집 (Homescapes)"
18:00,57,com.ncsoft.lineagem,"리니지M(12)"
18:00,58,com.neowizgames.game.browndust2,"브라운더스트2 - 가슴 벅찬 RPG"
18:00,59,com.webzen.mumonarch2.google,"뮤 모나크2"
18:00,60,com.netmarble.tskgb,"세븐나이츠 리버스"
18:00,61,com.com2us.smon.normal.freefull.google.kr.android.common,"서머너즈 워 X 장송의 프리렌"
18:00,62,com.hollywood.merge,"할리우드 머지"
18:00,63,com.readygo.dark.gp,"Dark War Survival"
18:00,64,com.highbrow.games.dvo,"드래곤빌리지3"
18:00,65,com.dlw.kr.google,"시티 데몬헌터즈: 각성자들"
18:00,66,com.devsisters.ck,"쿠키런: 킹덤"
18:00,67,com.netmarble.fgok,"페이트/그랜드 오더"
18:00,68,com.supercell.brawlstars,"브롤스타즈"
18:00,69,com.neowiz.games.newmatgo,"피망 뉴맞고: 고스톱 대표 맞고 게임"
18:00,70,com.YoStarKR.Arknights,"명일방주"
18:00,71,com.com2us.probaseball3d.normal.freefull.google.global.android.common,"컴투스프로야구2026"
18:00,72,com.nhn.AApoker,"한게임 로얄홀덤"
18:00,73,com.netmarble.monster2,"몬길: STAR DIVE"
18:00,74,com.miHoYo.GenshinImpact,"원신·공월의 노래"
18:00,75,com.nexon.kart,"카트라이더 러쉬플러스"
18:00,76,com.gametree.lhlr.gp,"그놈은 드래곤"
18:00,77,com.superplaystudios.disneysolitairedreams,"Disney Solitaire 디즈니 솔리테어"
18:00,78,com.zzsjkr.google,"갓깨비 키우기-999뽑기 증정"
18:00,79,com.xd.xdtglobal.gp,"두근두근타운"
18:00,80,com.haoplay.game.and.exilium,"소녀전선2: 망명"
18:00,81,com.supercell.clashofclans,"클래시 오브 클랜"
18:00,82,com.merge.cooking.theme.restaurant.food,"머지 쿠킹 테마 레스토랑"
18:00,83,com.billionairegames.serares,"변신 키우기"
18:00,84,com.devsisters.gb,"쿠키런: 오븐브레이크"
18:00,85,com.smilegate.lordnine.stove.google,"로드나인"
18:00,86,com.smilegate.chaoszero.stove.google,"카오스 제로 나이트메어"
18:00,87,com.wemade.nightcrows,"나이트 크로우"
18:00,88,com.kakaogames.aaw,"아키에이지 워 (ArcheAge WAR)"
18:00,89,com.qjzj4399kr.google,"기적의 검"
18:00,90,com.nexon.he,"히간: 이루실"
18:00,91,com.gear2.growslayer,"슬레이어 키우기"
18:00,92,com.playrix.fishdomdd.gplay,"피쉬돔 (Fishdom)"
18:00,93,jp.pokemon.pokemontcgp,"포켓몬 카드 게임 Pocket"
18:00,94,com.kingsgroup.sos,"S.O.S: 스테이트 오브 서바이벌"
18:00,95,com.netmarble.raven2,"레이븐2"
18:00,96,com.ujoygp.flower,"오늘의 꽃"
18:00,97,com.netmarble.bnsmkr,"블레이드&소울 레볼루션"
18:00,98,io.randomco.travel,"Travel Town - 결합 어드벤처"
18:00,99,com.ryonggame.soulhunteridle,"소울 헌터 키우기 : 방치형 RPG"
18:00,100,com.netmarble.stonkey,"스톤에이지 키우기"
18:00,101,com.netmarble.rfnext,"RF 온라인 넥스트"
18:00,102,com.yzlmkr.google,"우와 모험단"
18:00,103,com.sundaytoz.mobile.anipang2.google.kakao.service,"애니팡2 - 3매치 퍼즐게임"
18:00,104,com.webzen.muangel.google,"뮤 모나크"
18:00,105,com.dreamwalker.kr.gp,"꿈의 여행자: 별빛 여정"
18:00,106,com.hariwn.legendofcivilizations,"포지 마스터 (Forge Master)"
18:00,107,com.funplus.ts.global,"타일 서바이벌"
18:00,108,com.greenmushroom.boomblitz.gp,"탑 히어로즈"
18:00,109,com.xman.kr.gp,"X 클래시"
18:00,110,com.joycity.im,"임진왜란: 조선의 반격"
18:00,111,com.mhclyxpb.gatja,"동방 찻집"
18:00,112,com.mxdzzkr.google,"버섯커 키우기-3000뽑기 증정"
18:00,113,kr.haoplay.game.and.reverse,"리버스: 1999"
18:00,114,com.fiveminlab.overgeared.hero.backpack.merge,"템빨용사: 픽셀 아이템 머지 RPG"
18:00,115,com.dwgames.chunorpg,"추노 키우기"
18:00,116,com.ulugame.hdqykrob.google,"아케론:종말의 서곡"
18:00,117,com.global.ztmslgkr,"퍼즐 오브 Z"
18:00,118,com.screenshake.dominodreams,"Domino Dreams™"
18:00,119,com.ProjectMoon.LimbusCompany,"Limbus Company"
18:00,120,com.hdfzxrpg.googlelb,"해적 키우기-방치형 RPG"
18:00,121,com.kakaogames.umamusume,"우마무스메 프리티 더비"
18:00,122,com.sopt.mafia42.client,"마피아42"
18:00,123,net.gameduo.gv,"캣 히어로 : 방치형 RPG"
18:00,124,com.lilithgames.rok.gpkr,"라이즈 오브 킹덤즈"
18:00,125,net.lightcon.windidle,"윈드러너 키우기"
18:00,126,com.ddup.zombiewaves.zw,"좀비 웨이브스"
18:00,127,com.bandainamcoent.dgup_ww,"디지몬 UP"
18:00,128,com.haegin.kbo,"2026 프로야구GO!"
18:00,129,com.com2us.ninepb3d.normal.freefull.google.global.android.common,"MLB 9이닝스 26"
18:00,130,net.kernys.aooni,"좀비고등학교"
18:00,131,com.play.merge.restyle,"Merge Restyle"
18:00,132,com.mojang.minecraftpe,"Minecraft: 나만의 세계를 꿈꾸고 만들어보세요"
18:00,133,com.bilibilihk.jujutsuphanparagp,"주술회전 팬텀 퍼레이드"
18:00,134,com.qookkagame.sgzzlb.gp.kr,"삼국지 전략판"
18:00,135,com.pjsekai.kr,"프로젝트 세카이 컬러풀 스테이지! feat.하츠네 미쿠"
18:00,136,com.superplaystudios.dicedreams,"Dice Dreams™️ 다이스 드림"
18:00,137,com.korea.hsbbkr.google,"도깨비 소녀와 함께"
18:00,138,com.camelgames.aoz,"에이지 오브 제트: 타워 디펜스"
18:00,139,com.kr.firelite,"I9: 인페르노 나인(19) - 세로형 RPG"
18:00,140,com.netmarble.arthdal,"아스달 연대기: 세 개의 세력"
18:00,141,com.supercell.clashroyale,"클래시 로얄 (Clash Royale)"
18:00,142,com.riftsky.mhg.kr.gp,"더 코지 플로리스트"
18:00,143,com.netmarble.lineageII,"리니지2 레볼루션"
18:00,144,com.hybeim.architect,"아키텍트: 랜드 오브 엑자일"
18:00,145,com.kr.lfhsgp,"그레이 사가"
18:00,146,com.xone.gpkr,"ASURA: 블러드 앤 소울"
18:00,147,com.MelsoftGames.FamilyIslandFarm,"패밀리 아일랜드 - 농장모험게임"
18:00,148,com.pocketchamps.game,"포켓 챔프: 3D 레이싱 게임"
18:00,149,com.merge.game.foodstars,"푸드스타: 합쳐서 요리하기"
18:00,150,com.com2us.futuremlb.android.google.global.normal,"MLB 9이닝스 라이벌 26"
18:00,151,com.games.foundation,"파운데이션: 우주 전선"
18:00,152,com.galasports.totalfootball.kr,"Total Football - 2026 북중미 시즌"
18:00,153,com.riotgames.league.wildrift,"리그 오브 레전드: 와일드 리프트"
18:00,154,com.justgame.jails,"랜드 오브 제일"
18:00,155,com.superpixel.undyinghero,"불사용사 키우기 : 방치형 RPG"
18:00,156,com.gear2.letsgolegends,"레츠고 레전드!"
18:00,157,com.xmh.rpg.kr.an,"스카이 어비스: 혈맹의 서약"
18:00,158,com.zlongame.kr.langrisser,"랑그릿사"
18:00,159,com.minigame.wszj.android.gp,"Wing Fighter"
18:00,160,com.ylqdhkr.gp,"엔터테인먼트 거물"
18:00,161,com.ea.huntingsniper,"헌팅 스나이퍼"
18:00,162,com.plarium.raidlegends,"레이드: 그림자의 전설"
18:00,163,com.gravity.rooc.android,"라그나로크 오리진 클래식"
18:00,164,com.igg.android.doomsdaylastsurvivors,"둠스데이: 영웅의 여정"
18:00,165,com.mobile.legends,"모바일 레전드: Bang Bang"
18:00,166,com.gamespark.topking.gp,"탑 로드"
18:00,167,com.a3.topgirl.gplay,"Top Girl"
18:00,168,com.sundaytoz.kakao.anipang3.service,"애니팡3 - 매치 3 퍼즐"
18:00,169,net.peakgames.toonblast,"Toon Blast"
18:00,170,com.nexon.mdnf,"던전앤파이터 모바일"
18:00,171,apli879756.vmz,"괴수: 진화 연대기"
18:00,172,com.webzen.r2origin.google,"R2 ORIGIN"
18:00,173,net.gameduo.anotherdungeon,"어나더던전"
18:00,174,com.dwjp.gp,"애니멀 가든 - 진짜 꽃다발을 배달돼요!"
18:00,175,com.xd.ssrpgkr,"소드 오브 콘발라리아"
18:00,176,com.nexon.bluearchive,"블루 아카이브"
18:00,177,com.cyberjoy.galaxydefense,"갤럭시 디펜스 (Galaxy Defense)"
18:00,178,defense.roguelike.cell.shoot.survivor,"세포 특공대"
18:00,179,com.kakaogames.friendsKing,"프렌즈팝콘"
18:00,180,jp.co.drecom.wizardry.daphne,"Wizardry Variants Daphne"
18:00,181,com.sundaytoz.kakao.anipang4,"애니팡4: 매치3 퍼즐 게임"
18:00,182,com.gryphline.endfield.gp,"명일방주: 엔드필드"
18:00,183,com.netease.dfjskr,"레이싱 마스터(Racing Master)"
18:00,184,com.joycastle.mergematch,"Matching Story - Puzzle Games"
18:00,185,com.stove.epic7.google,"에픽세븐"
18:00,186,com.linegames.gm,"창세기전 모바일 - 서풍의 광시곡"
18:00,187,com.pearlabyss.blackdesertm,"검은사막 모바일"
18:00,188,com.nexon.v4kr,"V4"
18:00,189,com.ygjszkr.google,"귀판오분전-444뽑기 증정"
18:00,190,com.netmarble.sololv,"나 혼자만 레벨업:어라이즈"
18:00,191,com.wemadeconnect.aos.lostdgl,"로스트 소드-1.5주년"
18:00,192,com.pockethaven.roguelegend,"로그 레전드: 로그라이크 RPG"
18:00,193,com.game.btjkr.and,"영혼 인도자：신의 이름으로"
18:00,194,com.blizzard.diablo.immortal,"디아블로 이모탈"
18:00,195,com.netmarble.ma9bkr,"마구마구 2026: 풀체인지"
18:00,196,com.moonactive.cmboard,"Coin Master: 보드 어드벤처"
18:00,197,com.joycity.gw,"건쉽배틀 토탈워페어"
18:00,198,com.fatr.global,"호텔 레거시: 합성&리모델링"
18:00,199,com.riotgames.league.teamfighttactics,"전략적 팀 전투: 리그 오브 레전드 전략 게임"
18:00,200,com.rxjhkr.an,"열혈강호: 귀환"
19:00,1,com.netmarble.sol,"SOL: enchant"
19:00,2,com.ncsoft.lineagem19,"리니지M"
19:00,3,com.HoYoverse.Nap,"젠레스 존 제로 - 주년 기념"
19:00,4,com.gof.global,"WOS: 화이트아웃 서바이벌"
19:00,5,com.kurogame.wutheringwaves.global,"명조:워더링 웨이브 - 현방 지계를 향하여"
19:00,6,com.run.tower.defense,"킹샷:Kingshot"
19:00,7,com.kakaogames.odin,"오딘: 발할라 라이징"
19:00,8,com.rxjhglkr.gp,"열혈강호: 넥스트"
19:00,9,com.devsisters.cc,"쿠키런 키우기 - 쿠키런: 크럼블"
19:00,10,com.nexon.ma,"메이플 키우기"
19:00,11,com.fun.lastwar.gp,"라스트 워: 서바이벌"
19:00,12,com.nhnent.pokerclassic,"한게임포커 클래식 : 7포커 홀덤 섯다 훌라 슬롯"
19:00,13,com.roblox.client,"로블록스 (Roblox)"
19:00,14,com.dreamgames.royalmatch,"로얄 매치 Royal Match"
19:00,15,com.mergegames.gossipharbor,"가십하버: 합성 & 스토리 게임"
19:00,16,com.proximabeta.nikke,"승리의 여신: 니케"
19:00,17,com.nhnent.Qpoker,"한게임 포커"
19:00,18,com.percent.aos.luckydefense,"운빨존많겜"
19:00,19,com.nexon.nsc.maplem,"메이플스토리M"
19:00,20,com.nexon.devcat.mm,"마비노기 모바일"
19:00,21,com.NHNEnt.MSudda,"한게임 섯다&맞고"
19:00,22,com.readygo.barrel.gp,"라스트 Z: 서바이벌 슈터"
19:00,23,com.neowiz.games.poker,"피망 포커 : 카지노 로얄 - 홀덤, 7포커, 바둑이"
19:00,24,com.nexon.fmk,"FC 모바일"
19:00,25,com.gamedots.seasideescape,"씨사이드 익스케이프: 합성 & 스토리 게임"
19:00,26,com.playrix.gardenscapes,"꿈의 정원 (Gardenscapes)"
19:00,27,com.fatmerge.global,"테이스티 트레블: 합성 게임"
19:00,28,com.phs.global,"라스트 어사일럼: 페스트"
19:00,29,com.nexon.fo4m,"EA SPORTS FC Online M"
19:00,30,com.HoYoverse.hkrpgoversea,"붕괴: 스타레일"
19:00,31,com.ncsoft.aion2,"AION2"
19:00,32,com.dreamgames.royalkingdom,"로얄 킹덤 (Royal Kingdom)"
19:00,33,com.netmarble.thered,"뱀피르"
19:00,34,jp.co.ponos.battlecatskr,"냥코 대전쟁"
19:00,35,com.pubg.krmobile,"배틀그라운드"
19:00,36,com.percent.aos.cooptd,"협타디: 협동 타워 디펜스"
19:00,37,com.epidgames.trickcalrevive,"트릭컬 리바이브"
19:00,38,com.ncsoft.lineagew,"리니지W"
19:00,39,game.qualiarts.hololive.dreams.com,"hololive Dreams"
19:00,40,com.com2us.futurecpb.android.google.global.normal,"컴투스프로야구V26"
19:00,41,com.bhk.newslgkr,"삼국지: 천하결전"
19:00,42,com.nianticlabs.pokemongo,"Pokémon GO"
19:00,43,com.ncsoft.lineage2m19,"리니지2M"
19:00,44,com.king.candycrushsaga,"캔디크러쉬사가 (Candy Crush Saga)"
19:00,45,jp.konami.pesam,"eFootball™"
19:00,46,com.cedargames.mysterytown,"미스터리 타운: 합성 게임 (Mystery Town)"
19:00,47,com.gravity.romkrzeny.aos,"라그나로크M: Classic"
19:00,48,com.bandainamcoent.gget_WW,"SD건담 지 제네레이션 이터널"
19:00,49,com.playrix.township,"꿈의 마을 (Township)"
19:00,50,com.jsjskr.google,"토이 삼국"
19:00,51,com.kr.firegp,"I9: 인페르노 나인"
19:00,52,com.cola.game,"핫레스토랑: 머지&쿠킹"
19:00,53,com.zempot.wplpoker,"WPL : 홀덤, 토너먼트, 오마하, 올인폴드, 픽앤고"
19:00,54,com.hottagames.nte,"이환"
19:00,55,com.NHNEnt.NDuelgo,"한게임 신맞고 : 대한민국 원조 고스톱"
19:00,56,com.playrix.homescapes,"꿈의 집 (Homescapes)"
19:00,57,com.ncsoft.lineagem,"리니지M(12)"
19:00,58,com.neowizgames.game.browndust2,"브라운더스트2 - 가슴 벅찬 RPG"
19:00,59,com.webzen.mumonarch2.google,"뮤 모나크2"
19:00,60,com.netmarble.tskgb,"세븐나이츠 리버스"
19:00,61,com.com2us.smon.normal.freefull.google.kr.android.common,"서머너즈 워 X 장송의 프리렌"
19:00,62,com.hollywood.merge,"할리우드 머지"
19:00,63,com.readygo.dark.gp,"Dark War Survival"
19:00,64,com.highbrow.games.dvo,"드래곤빌리지3"
19:00,65,com.dlw.kr.google,"시티 데몬헌터즈: 각성자들"
19:00,66,com.devsisters.ck,"쿠키런: 킹덤"
19:00,67,com.netmarble.fgok,"페이트/그랜드 오더"
19:00,68,com.supercell.brawlstars,"브롤스타즈"
19:00,69,com.neowiz.games.newmatgo,"피망 뉴맞고: 고스톱 대표 맞고 게임"
19:00,70,com.YoStarKR.Arknights,"명일방주"
19:00,71,com.com2us.probaseball3d.normal.freefull.google.global.android.common,"컴투스프로야구2026"
19:00,72,com.nhn.AApoker,"한게임 로얄홀덤"
19:00,73,com.netmarble.monster2,"몬길: STAR DIVE"
19:00,74,com.miHoYo.GenshinImpact,"원신·공월의 노래"
19:00,75,com.nexon.kart,"카트라이더 러쉬플러스"
19:00,76,com.gametree.lhlr.gp,"그놈은 드래곤"
19:00,77,com.superplaystudios.disneysolitairedreams,"Disney Solitaire 디즈니 솔리테어"
19:00,78,com.zzsjkr.google,"갓깨비 키우기-999뽑기 증정"
19:00,79,com.xd.xdtglobal.gp,"두근두근타운"
19:00,80,com.haoplay.game.and.exilium,"소녀전선2: 망명"
19:00,81,com.supercell.clashofclans,"클래시 오브 클랜"
19:00,82,com.merge.cooking.theme.restaurant.food,"머지 쿠킹 테마 레스토랑"
19:00,83,com.billionairegames.serares,"변신 키우기"
19:00,84,com.devsisters.gb,"쿠키런: 오븐브레이크"
19:00,85,com.smilegate.lordnine.stove.google,"로드나인"
19:00,86,com.smilegate.chaoszero.stove.google,"카오스 제로 나이트메어"
19:00,87,com.wemade.nightcrows,"나이트 크로우"
19:00,88,com.kakaogames.aaw,"아키에이지 워 (ArcheAge WAR)"
19:00,89,com.qjzj4399kr.google,"기적의 검"
19:00,90,com.nexon.he,"히간: 이루실"
19:00,91,com.gear2.growslayer,"슬레이어 키우기"
19:00,92,com.playrix.fishdomdd.gplay,"피쉬돔 (Fishdom)"
19:00,93,jp.pokemon.pokemontcgp,"포켓몬 카드 게임 Pocket"
19:00,94,com.kingsgroup.sos,"S.O.S: 스테이트 오브 서바이벌"
19:00,95,com.netmarble.raven2,"레이븐2"
19:00,96,com.ujoygp.flower,"오늘의 꽃"
19:00,97,com.netmarble.bnsmkr,"블레이드&소울 레볼루션"
19:00,98,io.randomco.travel,"Travel Town - 결합 어드벤처"
19:00,99,com.ryonggame.soulhunteridle,"소울 헌터 키우기 : 방치형 RPG"
19:00,100,com.netmarble.stonkey,"스톤에이지 키우기"
19:00,101,com.netmarble.rfnext,"RF 온라인 넥스트"
19:00,102,com.yzlmkr.google,"우와 모험단"
19:00,103,com.sundaytoz.mobile.anipang2.google.kakao.service,"애니팡2 - 3매치 퍼즐게임"
19:00,104,com.webzen.muangel.google,"뮤 모나크"
19:00,105,com.dreamwalker.kr.gp,"꿈의 여행자: 별빛 여정"
19:00,106,com.hariwn.legendofcivilizations,"포지 마스터 (Forge Master)"
19:00,107,com.funplus.ts.global,"타일 서바이벌"
19:00,108,com.greenmushroom.boomblitz.gp,"탑 히어로즈"
19:00,109,com.xman.kr.gp,"X 클래시"
19:00,110,com.joycity.im,"임진왜란: 조선의 반격"
19:00,111,com.mhclyxpb.gatja,"동방 찻집"
19:00,112,com.mxdzzkr.google,"버섯커 키우기-3000뽑기 증정"
19:00,113,kr.haoplay.game.and.reverse,"리버스: 1999"
19:00,114,com.fiveminlab.overgeared.hero.backpack.merge,"템빨용사: 픽셀 아이템 머지 RPG"
19:00,115,com.dwgames.chunorpg,"추노 키우기"
19:00,116,com.ulugame.hdqykrob.google,"아케론:종말의 서곡"
19:00,117,com.global.ztmslgkr,"퍼즐 오브 Z"
19:00,118,com.screenshake.dominodreams,"Domino Dreams™"
19:00,119,com.ProjectMoon.LimbusCompany,"Limbus Company"
19:00,120,com.hdfzxrpg.googlelb,"해적 키우기-방치형 RPG"
19:00,121,com.kakaogames.umamusume,"우마무스메 프리티 더비"
19:00,122,com.sopt.mafia42.client,"마피아42"
19:00,123,net.gameduo.gv,"캣 히어로 : 방치형 RPG"
19:00,124,com.lilithgames.rok.gpkr,"라이즈 오브 킹덤즈"
19:00,125,net.lightcon.windidle,"윈드러너 키우기"
19:00,126,com.ddup.zombiewaves.zw,"좀비 웨이브스"
19:00,127,com.bandainamcoent.dgup_ww,"디지몬 UP"
19:00,128,com.haegin.kbo,"2026 프로야구GO!"
19:00,129,com.com2us.ninepb3d.normal.freefull.google.global.android.common,"MLB 9이닝스 26"
19:00,130,net.kernys.aooni,"좀비고등학교"
19:00,131,com.play.merge.restyle,"Merge Restyle"
19:00,132,com.mojang.minecraftpe,"Minecraft: 나만의 세계를 꿈꾸고 만들어보세요"
19:00,133,com.bilibilihk.jujutsuphanparagp,"주술회전 팬텀 퍼레이드"
19:00,134,com.qookkagame.sgzzlb.gp.kr,"삼국지 전략판"
19:00,135,com.pjsekai.kr,"프로젝트 세카이 컬러풀 스테이지! feat.하츠네 미쿠"
19:00,136,com.superplaystudios.dicedreams,"Dice Dreams™️ 다이스 드림"
19:00,137,com.korea.hsbbkr.google,"도깨비 소녀와 함께"
19:00,138,com.camelgames.aoz,"에이지 오브 제트: 타워 디펜스"
19:00,139,com.kr.firelite,"I9: 인페르노 나인(19) - 세로형 RPG"
19:00,140,com.netmarble.arthdal,"아스달 연대기: 세 개의 세력"
19:00,141,com.supercell.clashroyale,"클래시 로얄 (Clash Royale)"
19:00,142,com.riftsky.mhg.kr.gp,"더 코지 플로리스트"
19:00,143,com.netmarble.lineageII,"리니지2 레볼루션"
19:00,144,com.hybeim.architect,"아키텍트: 랜드 오브 엑자일"
19:00,145,com.kr.lfhsgp,"그레이 사가"
19:00,146,com.xone.gpkr,"ASURA: 블러드 앤 소울"
19:00,147,com.MelsoftGames.FamilyIslandFarm,"패밀리 아일랜드 - 농장모험게임"
19:00,148,com.pocketchamps.game,"포켓 챔프: 3D 레이싱 게임"
19:00,149,com.merge.game.foodstars,"푸드스타: 합쳐서 요리하기"
19:00,150,com.com2us.futuremlb.android.google.global.normal,"MLB 9이닝스 라이벌 26"
19:00,151,com.games.foundation,"파운데이션: 우주 전선"
19:00,152,com.galasports.totalfootball.kr,"Total Football - 2026 북중미 시즌"
19:00,153,com.riotgames.league.wildrift,"리그 오브 레전드: 와일드 리프트"
19:00,154,com.justgame.jails,"랜드 오브 제일"
19:00,155,com.superpixel.undyinghero,"불사용사 키우기 : 방치형 RPG"
19:00,156,com.gear2.letsgolegends,"레츠고 레전드!"
19:00,157,com.xmh.rpg.kr.an,"스카이 어비스: 혈맹의 서약"
19:00,158,com.zlongame.kr.langrisser,"랑그릿사"
19:00,159,com.minigame.wszj.android.gp,"Wing Fighter"
19:00,160,com.ylqdhkr.gp,"엔터테인먼트 거물"
19:00,161,com.ea.huntingsniper,"헌팅 스나이퍼"
19:00,162,com.plarium.raidlegends,"레이드: 그림자의 전설"
19:00,163,com.gravity.rooc.android,"라그나로크 오리진 클래식"
19:00,164,com.igg.android.doomsdaylastsurvivors,"둠스데이: 영웅의 여정"
19:00,165,com.mobile.legends,"모바일 레전드: Bang Bang"
19:00,166,com.gamespark.topking.gp,"탑 로드"
19:00,167,com.a3.topgirl.gplay,"Top Girl"
19:00,168,com.sundaytoz.kakao.anipang3.service,"애니팡3 - 매치 3 퍼즐"
19:00,169,net.peakgames.toonblast,"Toon Blast"
19:00,170,com.nexon.mdnf,"던전앤파이터 모바일"
19:00,171,apli879756.vmz,"괴수: 진화 연대기"
19:00,172,com.webzen.r2origin.google,"R2 ORIGIN"
19:00,173,net.gameduo.anotherdungeon,"어나더던전"
19:00,174,com.dwjp.gp,"애니멀 가든 - 진짜 꽃다발을 배달돼요!"
19:00,175,com.xd.ssrpgkr,"소드 오브 콘발라리아"
19:00,176,com.nexon.bluearchive,"블루 아카이브"
19:00,177,com.cyberjoy.galaxydefense,"갤럭시 디펜스 (Galaxy Defense)"
19:00,178,defense.roguelike.cell.shoot.survivor,"세포 특공대"
19:00,179,com.kakaogames.friendsKing,"프렌즈팝콘"
19:00,180,jp.co.drecom.wizardry.daphne,"Wizardry Variants Daphne"
19:00,181,com.sundaytoz.kakao.anipang4,"애니팡4: 매치3 퍼즐 게임"
19:00,182,com.gryphline.endfield.gp,"명일방주: 엔드필드"
19:00,183,com.netease.dfjskr,"레이싱 마스터(Racing Master)"
19:00,184,com.joycastle.mergematch,"Matching Story - Puzzle Games"
19:00,185,com.stove.epic7.google,"에픽세븐"
19:00,186,com.linegames.gm,"창세기전 모바일 - 서풍의 광시곡"
19:00,187,com.pearlabyss.blackdesertm,"검은사막 모바일"
19:00,188,com.nexon.v4kr,"V4"
19:00,189,com.ygjszkr.google,"귀판오분전-444뽑기 증정"
19:00,190,com.netmarble.sololv,"나 혼자만 레벨업:어라이즈"
19:00,191,com.wemadeconnect.aos.lostdgl,"로스트 소드-1.5주년"
19:00,192,com.pockethaven.roguelegend,"로그 레전드: 로그라이크 RPG"
19:00,193,com.game.btjkr.and,"영혼 인도자：신의 이름으로"
19:00,194,com.blizzard.diablo.immortal,"디아블로 이모탈"
19:00,195,com.netmarble.ma9bkr,"마구마구 2026: 풀체인지"
19:00,196,com.moonactive.cmboard,"Coin Master: 보드 어드벤처"
19:00,197,com.joycity.gw,"건쉽배틀 토탈워페어"
19:00,198,com.fatr.global,"호텔 레거시: 합성&리모델링"
19:00,199,com.riotgames.league.teamfighttactics,"전략적 팀 전투: 리그 오브 레전드 전략 게임"
19:00,200,com.rxjhkr.an,"열혈강호: 귀환"
21:00,1,com.netmarble.sol,"SOL: enchant"
21:00,2,com.ncsoft.lineagem19,"리니지M"
21:00,3,com.HoYoverse.Nap,"젠레스 존 제로 - 주년 기념"
21:00,4,com.gof.global,"WOS: 화이트아웃 서바이벌"
21:00,5,com.kurogame.wutheringwaves.global,"명조:워더링 웨이브 - 현방 지계를 향하여"
21:00,6,com.run.tower.defense,"킹샷:Kingshot"
21:00,7,com.kakaogames.odin,"오딘: 발할라 라이징"
21:00,8,com.rxjhglkr.gp,"열혈강호: 넥스트"
21:00,9,com.devsisters.cc,"쿠키런 키우기 - 쿠키런: 크럼블"
21:00,10,com.nexon.ma,"메이플 키우기"
21:00,11,com.fun.lastwar.gp,"라스트 워: 서바이벌"
21:00,12,com.nhnent.pokerclassic,"한게임포커 클래식 : 7포커 홀덤 섯다 훌라 슬롯"
21:00,13,com.roblox.client,"로블록스 (Roblox)"
21:00,14,com.dreamgames.royalmatch,"로얄 매치 Royal Match"
21:00,15,com.mergegames.gossipharbor,"가십하버: 합성 & 스토리 게임"
21:00,16,com.proximabeta.nikke,"승리의 여신: 니케"
21:00,17,com.nhnent.Qpoker,"한게임 포커"
21:00,18,com.percent.aos.luckydefense,"운빨존많겜"
21:00,19,com.nexon.nsc.maplem,"메이플스토리M"
21:00,20,com.nexon.devcat.mm,"마비노기 모바일"
21:00,21,com.NHNEnt.MSudda,"한게임 섯다&맞고"
21:00,22,com.readygo.barrel.gp,"라스트 Z: 서바이벌 슈터"
21:00,23,com.neowiz.games.poker,"피망 포커 : 카지노 로얄 - 홀덤, 7포커, 바둑이"
21:00,24,com.nexon.fmk,"FC 모바일"
21:00,25,com.gamedots.seasideescape,"씨사이드 익스케이프: 합성 & 스토리 게임"
21:00,26,com.playrix.gardenscapes,"꿈의 정원 (Gardenscapes)"
21:00,27,com.fatmerge.global,"테이스티 트레블: 합성 게임"
21:00,28,com.phs.global,"라스트 어사일럼: 페스트"
21:00,29,com.nexon.fo4m,"EA SPORTS FC Online M"
21:00,30,com.HoYoverse.hkrpgoversea,"붕괴: 스타레일"
21:00,31,com.ncsoft.aion2,"AION2"
21:00,32,com.dreamgames.royalkingdom,"로얄 킹덤 (Royal Kingdom)"
21:00,33,com.netmarble.thered,"뱀피르"
21:00,34,jp.co.ponos.battlecatskr,"냥코 대전쟁"
21:00,35,com.pubg.krmobile,"배틀그라운드"
21:00,36,com.percent.aos.cooptd,"협타디: 협동 타워 디펜스"
21:00,37,com.epidgames.trickcalrevive,"트릭컬 리바이브"
21:00,38,com.ncsoft.lineagew,"리니지W"
21:00,39,game.qualiarts.hololive.dreams.com,"hololive Dreams"
21:00,40,com.com2us.futurecpb.android.google.global.normal,"컴투스프로야구V26"
21:00,41,com.bhk.newslgkr,"삼국지: 천하결전"
21:00,42,com.nianticlabs.pokemongo,"Pokémon GO"
21:00,43,com.ncsoft.lineage2m19,"리니지2M"
21:00,44,com.king.candycrushsaga,"캔디크러쉬사가 (Candy Crush Saga)"
21:00,45,jp.konami.pesam,"eFootball™"
21:00,46,com.cedargames.mysterytown,"미스터리 타운: 합성 게임 (Mystery Town)"
21:00,47,com.gravity.romkrzeny.aos,"라그나로크M: Classic"
21:00,48,com.bandainamcoent.gget_WW,"SD건담 지 제네레이션 이터널"
21:00,49,com.playrix.township,"꿈의 마을 (Township)"
21:00,50,com.jsjskr.google,"토이 삼국"
21:00,51,com.kr.firegp,"I9: 인페르노 나인"
21:00,52,com.cola.game,"핫레스토랑: 머지&쿠킹"
21:00,53,com.zempot.wplpoker,"WPL : 홀덤, 토너먼트, 오마하, 올인폴드, 픽앤고"
21:00,54,com.NHNEnt.NDuelgo,"한게임 신맞고 : 대한민국 원조 고스톱"
21:00,55,com.hottagames.nte,"이환"
21:00,56,com.playrix.homescapes,"꿈의 집 (Homescapes)"
21:00,57,com.ncsoft.lineagem,"리니지M(12)"
21:00,58,com.neowizgames.game.browndust2,"브라운더스트2 - 가슴 벅찬 RPG"
21:00,59,com.webzen.mumonarch2.google,"뮤 모나크2"
21:00,60,com.netmarble.tskgb,"세븐나이츠 리버스"
21:00,61,com.com2us.smon.normal.freefull.google.kr.android.common,"서머너즈 워 X 장송의 프리렌"
21:00,62,com.hollywood.merge,"할리우드 머지"
21:00,63,com.readygo.dark.gp,"Dark War Survival"
21:00,64,com.highbrow.games.dvo,"드래곤빌리지3"
21:00,65,com.dlw.kr.google,"시티 데몬헌터즈: 각성자들"
21:00,66,com.devsisters.ck,"쿠키런: 킹덤"
21:00,67,com.netmarble.fgok,"페이트/그랜드 오더"
21:00,68,com.supercell.brawlstars,"브롤스타즈"
21:00,69,com.neowiz.games.newmatgo,"피망 뉴맞고: 고스톱 대표 맞고 게임"
21:00,70,com.YoStarKR.Arknights,"명일방주"
21:00,71,com.com2us.probaseball3d.normal.freefull.google.global.android.common,"컴투스프로야구2026"
21:00,72,com.nhn.AApoker,"한게임 로얄홀덤"
21:00,73,com.netmarble.monster2,"몬길: STAR DIVE"
21:00,74,com.miHoYo.GenshinImpact,"원신·공월의 노래"
21:00,75,com.nexon.kart,"카트라이더 러쉬플러스"
21:00,76,com.gametree.lhlr.gp,"그놈은 드래곤"
21:00,77,com.superplaystudios.disneysolitairedreams,"Disney Solitaire 디즈니 솔리테어"
21:00,78,com.zzsjkr.google,"갓깨비 키우기-999뽑기 증정"
21:00,79,com.xd.xdtglobal.gp,"두근두근타운"
21:00,80,com.haoplay.game.and.exilium,"소녀전선2: 망명"
21:00,81,com.supercell.clashofclans,"클래시 오브 클랜"
21:00,82,com.merge.cooking.theme.restaurant.food,"머지 쿠킹 테마 레스토랑"
21:00,83,com.billionairegames.serares,"변신 키우기"
21:00,84,com.devsisters.gb,"쿠키런: 오븐브레이크"
21:00,85,com.smilegate.lordnine.stove.google,"로드나인"
21:00,86,com.smilegate.chaoszero.stove.google,"카오스 제로 나이트메어"
21:00,87,com.wemade.nightcrows,"나이트 크로우"
21:00,88,com.kakaogames.aaw,"아키에이지 워 (ArcheAge WAR)"
21:00,89,com.qjzj4399kr.google,"기적의 검"
21:00,90,com.nexon.he,"히간: 이루실"
21:00,91,com.gear2.growslayer,"슬레이어 키우기"
21:00,92,com.playrix.fishdomdd.gplay,"피쉬돔 (Fishdom)"
21:00,93,jp.pokemon.pokemontcgp,"포켓몬 카드 게임 Pocket"
21:00,94,com.kingsgroup.sos,"S.O.S: 스테이트 오브 서바이벌"
21:00,95,com.netmarble.raven2,"레이븐2"
21:00,96,com.ujoygp.flower,"오늘의 꽃"
21:00,97,com.netmarble.bnsmkr,"블레이드&소울 레볼루션"
21:00,98,io.randomco.travel,"Travel Town - 결합 어드벤처"
21:00,99,com.ryonggame.soulhunteridle,"소울 헌터 키우기 : 방치형 RPG"
21:00,100,com.netmarble.stonkey,"스톤에이지 키우기"
21:00,101,com.netmarble.rfnext,"RF 온라인 넥스트"
21:00,102,com.yzlmkr.google,"우와 모험단"
21:00,103,com.sundaytoz.mobile.anipang2.google.kakao.service,"애니팡2 - 3매치 퍼즐게임"
21:00,104,com.webzen.muangel.google,"뮤 모나크"
21:00,105,com.dreamwalker.kr.gp,"꿈의 여행자: 별빛 여정"
21:00,106,com.hariwn.legendofcivilizations,"포지 마스터 (Forge Master)"
21:00,107,com.funplus.ts.global,"타일 서바이벌"
21:00,108,com.greenmushroom.boomblitz.gp,"탑 히어로즈"
21:00,109,com.xman.kr.gp,"X 클래시"
21:00,110,com.joycity.im,"임진왜란: 조선의 반격"
21:00,111,com.mhclyxpb.gatja,"동방 찻집"
21:00,112,com.mxdzzkr.google,"버섯커 키우기-3000뽑기 증정"
21:00,113,kr.haoplay.game.and.reverse,"리버스: 1999"
21:00,114,com.fiveminlab.overgeared.hero.backpack.merge,"템빨용사: 픽셀 아이템 머지 RPG"
21:00,115,com.dwgames.chunorpg,"추노 키우기"
21:00,116,com.ulugame.hdqykrob.google,"아케론:종말의 서곡"
21:00,117,com.global.ztmslgkr,"퍼즐 오브 Z"
21:00,118,com.screenshake.dominodreams,"Domino Dreams™"
21:00,119,com.ProjectMoon.LimbusCompany,"Limbus Company"
21:00,120,com.hdfzxrpg.googlelb,"해적 키우기-방치형 RPG"
21:00,121,com.kakaogames.umamusume,"우마무스메 프리티 더비"
21:00,122,com.sopt.mafia42.client,"마피아42"
21:00,123,net.gameduo.gv,"캣 히어로 : 방치형 RPG"
21:00,124,com.lilithgames.rok.gpkr,"라이즈 오브 킹덤즈"
21:00,125,net.lightcon.windidle,"윈드러너 키우기"
21:00,126,com.ddup.zombiewaves.zw,"좀비 웨이브스"
21:00,127,com.bandainamcoent.dgup_ww,"디지몬 UP"
21:00,128,com.haegin.kbo,"2026 프로야구GO!"
21:00,129,com.com2us.ninepb3d.normal.freefull.google.global.android.common,"MLB 9이닝스 26"
21:00,130,net.kernys.aooni,"좀비고등학교"
21:00,131,com.play.merge.restyle,"Merge Restyle"
21:00,132,com.mojang.minecraftpe,"Minecraft: 나만의 세계를 꿈꾸고 만들어보세요"
21:00,133,com.bilibilihk.jujutsuphanparagp,"주술회전 팬텀 퍼레이드"
21:00,134,com.qookkagame.sgzzlb.gp.kr,"삼국지 전략판"
21:00,135,com.pjsekai.kr,"프로젝트 세카이 컬러풀 스테이지! feat.하츠네 미쿠"
21:00,136,com.superplaystudios.dicedreams,"Dice Dreams™️ 다이스 드림"
21:00,137,com.korea.hsbbkr.google,"도깨비 소녀와 함께"
21:00,138,com.camelgames.aoz,"에이지 오브 제트: 타워 디펜스"
21:00,139,com.kr.firelite,"I9: 인페르노 나인(19) - 세로형 RPG"
21:00,140,com.netmarble.arthdal,"아스달 연대기: 세 개의 세력"
21:00,141,com.supercell.clashroyale,"클래시 로얄 (Clash Royale)"
21:00,142,com.riftsky.mhg.kr.gp,"더 코지 플로리스트"
21:00,143,com.netmarble.lineageII,"리니지2 레볼루션"
21:00,144,com.hybeim.architect,"아키텍트: 랜드 오브 엑자일"
21:00,145,com.kr.lfhsgp,"그레이 사가"
21:00,146,com.xone.gpkr,"ASURA: 블러드 앤 소울"
21:00,147,com.MelsoftGames.FamilyIslandFarm,"패밀리 아일랜드 - 농장모험게임"
21:00,148,com.pocketchamps.game,"포켓 챔프: 3D 레이싱 게임"
21:00,149,com.merge.game.foodstars,"푸드스타: 합쳐서 요리하기"
21:00,150,com.com2us.futuremlb.android.google.global.normal,"MLB 9이닝스 라이벌 26"
21:00,151,com.games.foundation,"파운데이션: 우주 전선"
21:00,152,com.galasports.totalfootball.kr,"Total Football - 2026 북중미 시즌"
21:00,153,com.riotgames.league.wildrift,"리그 오브 레전드: 와일드 리프트"
21:00,154,com.justgame.jails,"랜드 오브 제일"
21:00,155,com.superpixel.undyinghero,"불사용사 키우기 : 방치형 RPG"
21:00,156,com.gear2.letsgolegends,"레츠고 레전드!"
21:00,157,com.xmh.rpg.kr.an,"스카이 어비스: 혈맹의 서약"
21:00,158,com.zlongame.kr.langrisser,"랑그릿사"
21:00,159,com.minigame.wszj.android.gp,"Wing Fighter"
21:00,160,com.ylqdhkr.gp,"엔터테인먼트 거물"
21:00,161,com.ea.huntingsniper,"헌팅 스나이퍼"
21:00,162,com.plarium.raidlegends,"레이드: 그림자의 전설"
21:00,163,com.gravity.rooc.android,"라그나로크 오리진 클래식"
21:00,164,com.igg.android.doomsdaylastsurvivors,"둠스데이: 영웅의 여정"
21:00,165,com.mobile.legends,"모바일 레전드: Bang Bang"
21:00,166,com.gamespark.topking.gp,"탑 로드"
21:00,167,com.a3.topgirl.gplay,"Top Girl"
21:00,168,com.sundaytoz.kakao.anipang3.service,"애니팡3 - 매치 3 퍼즐"
21:00,169,net.peakgames.toonblast,"Toon Blast"
21:00,170,com.nexon.mdnf,"던전앤파이터 모바일"
21:00,171,apli879756.vmz,"괴수: 진화 연대기"
21:00,172,com.webzen.r2origin.google,"R2 ORIGIN"
21:00,173,net.gameduo.anotherdungeon,"어나더던전"
21:00,174,com.dwjp.gp,"애니멀 가든 - 진짜 꽃다발을 배달돼요!"
21:00,175,com.xd.ssrpgkr,"소드 오브 콘발라리아"
21:00,176,com.nexon.bluearchive,"블루 아카이브"
21:00,177,com.cyberjoy.galaxydefense,"갤럭시 디펜스 (Galaxy Defense)"
21:00,178,defense.roguelike.cell.shoot.survivor,"세포 특공대"
21:00,179,com.kakaogames.friendsKing,"프렌즈팝콘"
21:00,180,jp.co.drecom.wizardry.daphne,"Wizardry Variants Daphne"
21:00,181,com.sundaytoz.kakao.anipang4,"애니팡4: 매치3 퍼즐 게임"
21:00,182,com.gryphline.endfield.gp,"명일방주: 엔드필드"
21:00,183,com.netease.dfjskr,"레이싱 마스터(Racing Master)"
21:00,184,com.joycastle.mergematch,"Matching Story - Puzzle Games"
21:00,185,com.stove.epic7.google,"에픽세븐"
21:00,186,com.linegames.gm,"창세기전 모바일 - 서풍의 광시곡"
21:00,187,com.pearlabyss.blackdesertm,"검은사막 모바일"
21:00,188,com.nexon.v4kr,"V4"
21:00,189,com.ygjszkr.google,"귀판오분전-444뽑기 증정"
21:00,190,com.netmarble.sololv,"나 혼자만 레벨업:어라이즈"
21:00,191,com.wemadeconnect.aos.lostdgl,"로스트 소드-1.5주년"
21:00,192,com.pockethaven.roguelegend,"로그 레전드: 로그라이크 RPG"
21:00,193,com.game.btjkr.and,"영혼 인도자：신의 이름으로"
21:00,194,com.blizzard.diablo.immortal,"디아블로 이모탈"
21:00,195,com.netmarble.ma9bkr,"마구마구 2026: 풀체인지"
21:00,196,com.moonactive.cmboard,"Coin Master: 보드 어드벤처"
21:00,197,com.joycity.gw,"건쉽배틀 토탈워페어"
21:00,198,com.fatr.global,"호텔 레거시: 합성&리모델링"
21:00,199,com.riotgames.league.teamfighttactics,"전략적 팀 전투: 리그 오브 레전드 전략 게임"
21:00,200,com.rxjhkr.an,"열혈강호: 귀환"
