time,rank,id,title
00:00,1,6739616715,"메이플 키우기"
00:00,2,6443575749,"WOS: 화이트아웃 서바이벌"
00:00,3,1623318294,"가십하버: 합성 & 스토리 게임"
00:00,4,6749251466,"쿠키런 키우기 - 쿠키런: 크럼블"
00:00,5,1474589366,"리니지M"
00:00,6,6754593077,"이환"
00:00,7,6482291732,"운빨존많겜"
00:00,8,1458848044,"컴투스프로야구V26"
00:00,9,1094591345,"Pokémon GO"
00:00,10,6739554056,"킹샷:Kingshot"
00:00,11,1482155847,"로얄 매치 (Royal Match)"
00:00,12,1478371252,"FC 모바일"
00:00,13,6443755785,"씨사이드 익스케이프: 합성 & 스토리 게임"
00:00,14,1606356401,"젠레스 존 제로 - 주년 기념"
00:00,15,1273957743,"EA SPORTS FC Online M"
00:00,16,1441742921,"마비노기 모바일"
00:00,17,6738163891,"뱀피르"
00:00,18,1105855019,"Gardenscapes"
00:00,19,6448786147,"라스트 워: 서바이벌"
00:00,20,6471045672,"테이스티 트레블: 합성 게임"
00:00,21,6502326151,"카오스 제로 나이트메어"
00:00,22,6748004690,"SOL: enchant"
00:00,23,1520354659,"오딘: 발할라 라이징"
00:00,24,6762442041,"열혈강호: 넥스트"
00:00,25,1366526331,"배틀그라운드"
00:00,26,6503702666,"협타디: 협동 타워 디펜스"
00:00,27,6618142292,"핫레스토랑: 머지&쿠킹"
00:00,28,1480616990,"리그 오브 레전드: 와일드 리프트"
00:00,29,1585915174,"승리의 여신: 니케"
00:00,30,1616108452,"우마무스메 프리티 더비"
00:00,31,1640203623,"작혼: 리치 마작"
00:00,32,1195621598,"Homescapes: Match 3 Games"
00:00,33,1643509748,"머지 쿠킹 테마 레스토랑（Merge Cooking）"
00:00,34,6748432502,"랜덤 다이스 2"
00:00,35,1133463693,"메이플스토리M"
00:00,36,1471942989,"한게임 섯다&맞고"
00:00,37,1117270703,"eFootball™"
00:00,38,1229016807,"브롤스타즈"
00:00,39,6475033368,"명조:워더링 웨이브 - 현방 지계를 향하여"
00:00,40,6756989323,"라스트 어사일럼: 페스트"
00:00,41,638689075,"꿈의 마을 (Township)"
00:00,42,848091833,"냥코 대전쟁"
00:00,43,6746151928,"두근두근타운"
00:00,44,6759822089,"오늘의 꽃 : 진짜 꽃을 키우는 게임"
00:00,45,1571873795,"블루 아카이브"
00:00,46,6499562253,"드래곤빌리지3 - 100일 이벤트!"
00:00,47,6503272652,"라스트 Z: 서바이벌 슈터"
00:00,48,553834731,"캔디크러쉬사가"
00:00,49,1128255542,"리니지M(12)"
00:00,50,6483252725,"몬길: STAR DIVE"
00:00,51,1466736988,"카트라이더 러쉬플러스"
00:00,52,1507872328,"WPL : 홀덤, 토너먼트, 오마하, 올인폴드, 픽앤고"
00:00,53,1606549505,"로얄 킹덤 (Royal Kingdom)"
00:00,54,6446516059,"캣 히어로 : 방치형 RPG"
00:00,55,6758200096,"라그나로크M: Classic"
00:00,56,6757381033,"2026 프로야구GO!"
00:00,57,6740848451,"RF 온라인 넥스트"
00:00,58,6503603603,"미스터리 타운: 합성 게임 (Mystery Town)"
00:00,59,6751222389,"NBA 덩크 시티"
00:00,60,6740026253,"오피스 퀸 키우기"
00:00,61,947258826,"마피아42"
00:00,62,1471486284,"한게임 포커"
00:00,63,6746192853,"변신 키우기"
00:00,64,6757360957,"삼국지: 천하결전"
00:00,65,6475757306,"Disney Solitaire 디즈니 솔리테어"
00:00,66,6754679035,"히어로 랜드M"
00:00,67,1635712706,"슬레이어 키우기"
00:00,68,6755455500,"할리우드 머지"
00:00,69,6443477650,"한게임 로얄홀덤"
00:00,70,6764201639,"총잡이 고양이 - 방치형 키우기"
00:00,71,1580691683,"MLB 9이닝스 라이벌 26"
00:00,72,6479970832,"포켓몬 카드 게임 Pocket"
00:00,73,1448979486,"던전앤파이터 모바일"
00:00,74,6443468110,"러브앤딥스페이스"
00:00,75,6448719154,"레이븐2"
00:00,76,6756558621,"킹덤2: 타오르는 전장"
00:00,77,6749302379,"동방 찻집"
00:00,78,1521236603,"Travel Town - 결합 어드벤처"
00:00,79,1582390510,"한게임포커 클래식 - 7포커 홀덤 섯다 훌라 슬롯"
00:00,80,6746465127,"세포 특공대 - 전략형 타워 디펜스"
00:00,81,1470173983,"AION2"
00:00,82,6759585981,"별별 히어로: 영웅 다있소"
00:00,83,6670441558,"Dark War:Survival"
00:00,84,963067330,"쿠키런: 오븐브레이크"
00:00,85,1080541643,"Infinite Borders-인피니트 보더스"
00:00,86,6467117398,"버섯커 키우기"
00:00,87,6752886832,"호텔 레거시"
00:00,88,6786589102,"티니핑 매직 매치"
00:00,89,898986747,"좀비고등학교"
00:00,90,6759914688,"냥찍 히어로즈 : 방치형 RPG"
00:00,91,1599719154,"붕괴: 스타레일"
00:00,92,6479595079,"세븐나이츠 리버스"
00:00,93,1628970855,"AFK: 새로운 여정"
00:00,94,6753862216,"푸드스타（Foodstars）: 합쳐서 요리하기"
00:00,95,6751086804,"그놈은 드래곤"
00:00,96,6737595599,"파운데이션: 우주 전선"
00:00,97,1458568643,"피망 뉴맞고 : 고스톱으로 대한민국 1등"
00:00,98,6736896540,"헬로키티 마이 드림 스토어"
00:00,99,1509450845,"쿠키런: 킹덤"
00:00,100,6776989094,"블라이트 워 : 방치형 RPG"
00:00,101,1053012308,"클래시 로얄 (Clash Royale)"
00:00,102,6449023119,"리버스: 1999"
00:00,103,664575829,"피쉬돔 (Fishdom)"
00:00,104,1376515087,"Age of Origins:Tower Defense"
00:00,105,1241893973,"페이트/그랜드 오더"
00:00,106,1478227443,"리니지2M"
00:00,107,1176027022,"Toon Blast"
00:00,108,1517783697,"원신-스네즈나야 오픈"
00:00,109,529479190,"클래시 오브 클랜"
00:00,110,6737408689,"스톤에이지 키우기"
00:00,111,6767834940,"탑 로드"
00:00,112,1492005122,"디아블로 이모탈"
00:00,113,880551258,"컴투스프로야구2026"
00:00,114,6746636289,"Forge Master – Idle RPG"
00:00,115,6754229264,"임진왜란: 조선의 반격"
00:00,116,6740621218,"갓깨비 키우기"
00:00,117,6450953550,"탑 히어로즈: 영웅의 시대"
00:00,118,6754373623,"소울 헌터 키우기 : 방치형 RPG"
00:00,119,6740966864,"딸깍 다이스"
00:00,120,6757690255,"윈드러너 키우기"
00:00,121,608808713,"쿠키런"
00:00,122,1160056295,"모바일 레전드: Bang Bang"
00:00,123,6476731203,"건틀렛: 방치형 액션 RPG"
00:00,124,6756058501,"젤리 버스터즈: 퍼즐 게임"
00:00,125,6756641249,"hololive Dreams"
00:00,126,1484442152,"머지 맨션: 퍼즐과 스토리"
00:00,127,6475925341,"주술회전 팬텀 퍼레이드"
00:00,128,6475077096,"아키에이지 워 (ArcheAge WAR)"
00:00,129,6738469826,"랜드 오브 제일"
00:00,130,6752672568,"Block Out! - Color Sort Puzzle"
00:00,131,6741503079,"Pokémon Champions"
00:00,132,6755585789,"템빨용사: 픽셀 아이템 머지 RPG"
00:00,133,1347780764,"Identity V -제5인격"
00:00,134,6760822948,"더 코지 플로리스트"
00:00,135,6767155768,"현상금 해적단 키우기"
00:00,136,1554247785,"Yu-Gi-Oh! Master Duel"
00:00,137,1473424424,"한게임 신맞고 : 대한민국 원조 고스톱"
00:00,138,6752369665,"Haunted Merge: Horror Story"
00:00,139,479516143,"Minecraft 온라인으로 친구들과 함께 플레이하세요"
00:00,140,1166415380,"풀팟 홀덤 포커: 텍사스 홀덤, 오마하, 토너먼트"
00:00,141,1484468651,"Dice Dreams™ 다이스 드림"
00:00,142,1516727770,"마구마구 2026: 풀체인지"
00:00,143,6761749975,"토이 삼국"
00:00,144,6756247787,"디지몬 UP"
00:00,145,6457256716,"Total Football - 2026 북중미 시즌"
00:00,146,6462846417,"MLB 클러치 히트 베이스볼 26"
00:00,147,6760754315,"꿈의 여행자: 별빛 여정"
00:00,148,6745081346,"블리치: 소울 레조넌스"
00:00,149,1598881852,"프로젝트 세카이 컬러풀 스테이지! feat.하츠네 미쿠"
00:00,150,6444043291,"Domino Dreams™"
00:00,151,6504332779,"Color Block Jam"
00:00,152,6740189002,"갤럭시 디펜스(Galaxy Defense)"
00:00,153,1480616748,"전략적 팀 전투: 리그 오브 레전드 전략 게임"
00:00,154,6757722046,"Butcher hero: hook'n'chew RPG"
00:00,155,6692615881,"SD건담 지 제네레이션 이터널"
00:00,156,1597760047,"OneState RP: 온라인 롤플레잉"
00:00,157,6502820653,"궁수의 전설2"
00:00,158,6747957875,"Family Go! - 대를 잇는 인생 시뮬레이션"
00:00,159,6443760593,"좀비 웨이브스"
00:00,160,1581561666,"HIT2"
00:00,161,1668036690,"우파루 오딧세이"
00:00,162,6741889270,"픽셀 법사 키우기 : 방치형 RPG"
00:00,163,1540557475,"라스트 포트리스 : 언더그라운드"
00:00,164,6476336847,"피망 쇼다운 홀덤 : 텍사스 홀덤, 포커, 토너먼트"
00:00,165,6698862298,"아키텍트: 랜드 오브 엑자일"
00:00,166,6483053853,"로드나인"
00:00,167,1483058899,"Project Makeover"
00:00,168,6740043080,"Screwdom : 나사와 볼트 퍼즐"
00:00,169,6758072393,"추락한 아름다움: 머지&스토리"
00:00,170,6740899070,"플랜티스와 좀비깡패"
00:00,171,6480157886,"트리 오브 세이비어: 네버랜드"
00:00,172,1444980563,"리니지W"
00:00,173,880047117,"앵그리버드 2 (Angry Birds 2)"
00:00,174,6740556884,"잠룡 : 무협 도트 RPG"
00:00,175,955705796,"MARVEL 퓨처파이트"
00:00,176,6757908157,"JoJo's Bizarre Adventure: GS"
00:00,177,6762203850,"바르디안: Vardian"
00:00,178,6751056652,"Pixel Flow!"
00:00,179,1468063069,"피망 포커"
00:00,180,1450127722,"랑그릿사"
00:00,181,362464325,"아이모: The World of Magic"
00:00,182,6754965520,"로그 레전드: 로그라이크 RPG"
00:00,183,6739345737,"팰몬: 서바이벌"
00:00,184,6739772012,"암살자 키우기 : 1주년"
00:00,185,6749132002,"빠지냥! (Drop the Cat)"
00:00,186,1533248097,"앙상블스타즈!!"
00:00,187,6737874398,"Merge Fashion: Romance Story"
00:00,188,6762268182,"Z 루트: 리뎀션"
00:00,189,6746328263,"Castle Busters"
00:00,190,6466373096,"동글동글 거위헬스장"
00:00,191,1551772053,"퍼즐 오브 Z"
00:00,192,6740514809,"신궁 키우기 : 방치형 RPG"
00:00,193,6754012129,"우와 모험단"
00:00,194,1487451427,"Infinity Kingdom"
00:00,195,6740618570,"XP Hero (XP 히어로)"
00:00,196,409687884,"팔라독(Paladog)"
00:00,197,6444112366,"Limbus Company"
00:00,198,6754214886,"레츠고 레전드!"
00:00,199,6779167923,"Colony Flow!"
00:00,200,1645844535,"갓물주 키우기"
00:30,1,6739616715,"메이플 키우기"
00:30,2,6443575749,"WOS: 화이트아웃 서바이벌"
00:30,3,1623318294,"가십하버: 합성 & 스토리 게임"
00:30,4,6749251466,"쿠키런 키우기 - 쿠키런: 크럼블"
00:30,5,1474589366,"리니지M"
00:30,6,6754593077,"이환"
00:30,7,6482291732,"운빨존많겜"
00:30,8,1458848044,"컴투스프로야구V26"
00:30,9,1094591345,"Pokémon GO"
00:30,10,6739554056,"킹샷:Kingshot"
00:30,11,1482155847,"로얄 매치 (Royal Match)"
00:30,12,1478371252,"FC 모바일"
00:30,13,6443755785,"씨사이드 익스케이프: 합성 & 스토리 게임"
00:30,14,1606356401,"젠레스 존 제로 - 주년 기념"
00:30,15,1273957743,"EA SPORTS FC Online M"
00:30,16,1441742921,"마비노기 모바일"
00:30,17,6738163891,"뱀피르"
00:30,18,1105855019,"Gardenscapes"
00:30,19,6448786147,"라스트 워: 서바이벌"
00:30,20,6471045672,"테이스티 트레블: 합성 게임"
00:30,21,6502326151,"카오스 제로 나이트메어"
00:30,22,6748004690,"SOL: enchant"
00:30,23,1520354659,"오딘: 발할라 라이징"
00:30,24,6762442041,"열혈강호: 넥스트"
00:30,25,1366526331,"배틀그라운드"
00:30,26,6503702666,"협타디: 협동 타워 디펜스"
00:30,27,6618142292,"핫레스토랑: 머지&쿠킹"
00:30,28,1480616990,"리그 오브 레전드: 와일드 리프트"
00:30,29,1585915174,"승리의 여신: 니케"
00:30,30,1616108452,"우마무스메 프리티 더비"
00:30,31,1640203623,"작혼: 리치 마작"
00:30,32,1195621598,"Homescapes: Match 3 Games"
00:30,33,1643509748,"머지 쿠킹 테마 레스토랑（Merge Cooking）"
00:30,34,6748432502,"랜덤 다이스 2"
00:30,35,1133463693,"메이플스토리M"
00:30,36,1471942989,"한게임 섯다&맞고"
00:30,37,1117270703,"eFootball™"
00:30,38,1229016807,"브롤스타즈"
00:30,39,6475033368,"명조:워더링 웨이브 - 현방 지계를 향하여"
00:30,40,6756989323,"라스트 어사일럼: 페스트"
00:30,41,638689075,"꿈의 마을 (Township)"
00:30,42,848091833,"냥코 대전쟁"
00:30,43,6746151928,"두근두근타운"
00:30,44,6759822089,"오늘의 꽃 : 진짜 꽃을 키우는 게임"
00:30,45,1571873795,"블루 아카이브"
00:30,46,6499562253,"드래곤빌리지3 - 100일 이벤트!"
00:30,47,6503272652,"라스트 Z: 서바이벌 슈터"
00:30,48,553834731,"캔디크러쉬사가"
00:30,49,1128255542,"리니지M(12)"
00:30,50,6483252725,"몬길: STAR DIVE"
00:30,51,1466736988,"카트라이더 러쉬플러스"
00:30,52,1507872328,"WPL : 홀덤, 토너먼트, 오마하, 올인폴드, 픽앤고"
00:30,53,1606549505,"로얄 킹덤 (Royal Kingdom)"
00:30,54,6446516059,"캣 히어로 : 방치형 RPG"
00:30,55,6758200096,"라그나로크M: Classic"
00:30,56,6757381033,"2026 프로야구GO!"
00:30,57,6740848451,"RF 온라인 넥스트"
00:30,58,6503603603,"미스터리 타운: 합성 게임 (Mystery Town)"
00:30,59,6751222389,"NBA 덩크 시티"
00:30,60,6740026253,"오피스 퀸 키우기"
00:30,61,947258826,"마피아42"
00:30,62,1471486284,"한게임 포커"
00:30,63,6746192853,"변신 키우기"
00:30,64,6757360957,"삼국지: 천하결전"
00:30,65,6475757306,"Disney Solitaire 디즈니 솔리테어"
00:30,66,6754679035,"히어로 랜드M"
00:30,67,1635712706,"슬레이어 키우기"
00:30,68,6755455500,"할리우드 머지"
00:30,69,6443477650,"한게임 로얄홀덤"
00:30,70,6764201639,"총잡이 고양이 - 방치형 키우기"
00:30,71,1580691683,"MLB 9이닝스 라이벌 26"
00:30,72,6479970832,"포켓몬 카드 게임 Pocket"
00:30,73,1448979486,"던전앤파이터 모바일"
00:30,74,6443468110,"러브앤딥스페이스"
00:30,75,6448719154,"레이븐2"
00:30,76,6756558621,"킹덤2: 타오르는 전장"
00:30,77,6749302379,"동방 찻집"
00:30,78,1521236603,"Travel Town - 결합 어드벤처"
00:30,79,1582390510,"한게임포커 클래식 - 7포커 홀덤 섯다 훌라 슬롯"
00:30,80,6746465127,"세포 특공대 - 전략형 타워 디펜스"
00:30,81,1470173983,"AION2"
00:30,82,6759585981,"별별 히어로: 영웅 다있소"
00:30,83,6670441558,"Dark War:Survival"
00:30,84,963067330,"쿠키런: 오븐브레이크"
00:30,85,1080541643,"Infinite Borders-인피니트 보더스"
00:30,86,6467117398,"버섯커 키우기"
00:30,87,6752886832,"호텔 레거시"
00:30,88,6786589102,"티니핑 매직 매치"
00:30,89,898986747,"좀비고등학교"
00:30,90,6759914688,"냥찍 히어로즈 : 방치형 RPG"
00:30,91,1599719154,"붕괴: 스타레일"
00:30,92,6479595079,"세븐나이츠 리버스"
00:30,93,1628970855,"AFK: 새로운 여정"
00:30,94,6753862216,"푸드스타（Foodstars）: 합쳐서 요리하기"
00:30,95,6751086804,"그놈은 드래곤"
00:30,96,6737595599,"파운데이션: 우주 전선"
00:30,97,1458568643,"피망 뉴맞고 : 고스톱으로 대한민국 1등"
00:30,98,6736896540,"헬로키티 마이 드림 스토어"
00:30,99,1509450845,"쿠키런: 킹덤"
00:30,100,6776989094,"블라이트 워 : 방치형 RPG"
00:30,101,1053012308,"클래시 로얄 (Clash Royale)"
00:30,102,6449023119,"리버스: 1999"
00:30,103,664575829,"피쉬돔 (Fishdom)"
00:30,104,1376515087,"Age of Origins:Tower Defense"
00:30,105,1241893973,"페이트/그랜드 오더"
00:30,106,1478227443,"리니지2M"
00:30,107,1176027022,"Toon Blast"
00:30,108,1517783697,"원신-스네즈나야 오픈"
00:30,109,529479190,"클래시 오브 클랜"
00:30,110,6737408689,"스톤에이지 키우기"
00:30,111,6767834940,"탑 로드"
00:30,112,1492005122,"디아블로 이모탈"
00:30,113,880551258,"컴투스프로야구2026"
00:30,114,6746636289,"Forge Master – Idle RPG"
00:30,115,6754229264,"임진왜란: 조선의 반격"
00:30,116,6740621218,"갓깨비 키우기"
00:30,117,6450953550,"탑 히어로즈: 영웅의 시대"
00:30,118,6754373623,"소울 헌터 키우기 : 방치형 RPG"
00:30,119,6740966864,"딸깍 다이스"
00:30,120,6757690255,"윈드러너 키우기"
00:30,121,608808713,"쿠키런"
00:30,122,1160056295,"모바일 레전드: Bang Bang"
00:30,123,6476731203,"건틀렛: 방치형 액션 RPG"
00:30,124,6756058501,"젤리 버스터즈: 퍼즐 게임"
00:30,125,6756641249,"hololive Dreams"
00:30,126,1484442152,"머지 맨션: 퍼즐과 스토리"
00:30,127,6475925341,"주술회전 팬텀 퍼레이드"
00:30,128,6475077096,"아키에이지 워 (ArcheAge WAR)"
00:30,129,6738469826,"랜드 오브 제일"
00:30,130,6752672568,"Block Out! - Color Sort Puzzle"
00:30,131,6741503079,"Pokémon Champions"
00:30,132,6755585789,"템빨용사: 픽셀 아이템 머지 RPG"
00:30,133,1347780764,"Identity V -제5인격"
00:30,134,6760822948,"더 코지 플로리스트"
00:30,135,6767155768,"현상금 해적단 키우기"
00:30,136,1554247785,"Yu-Gi-Oh! Master Duel"
00:30,137,1473424424,"한게임 신맞고 : 대한민국 원조 고스톱"
00:30,138,6752369665,"Haunted Merge: Horror Story"
00:30,139,479516143,"Minecraft 온라인으로 친구들과 함께 플레이하세요"
00:30,140,1166415380,"풀팟 홀덤 포커: 텍사스 홀덤, 오마하, 토너먼트"
00:30,141,1484468651,"Dice Dreams™ 다이스 드림"
00:30,142,1516727770,"마구마구 2026: 풀체인지"
00:30,143,6761749975,"토이 삼국"
00:30,144,6756247787,"디지몬 UP"
00:30,145,6457256716,"Total Football - 2026 북중미 시즌"
00:30,146,6462846417,"MLB 클러치 히트 베이스볼 26"
00:30,147,6760754315,"꿈의 여행자: 별빛 여정"
00:30,148,6745081346,"블리치: 소울 레조넌스"
00:30,149,1598881852,"프로젝트 세카이 컬러풀 스테이지! feat.하츠네 미쿠"
00:30,150,6444043291,"Domino Dreams™"
00:30,151,6504332779,"Color Block Jam"
00:30,152,6740189002,"갤럭시 디펜스(Galaxy Defense)"
00:30,153,1480616748,"전략적 팀 전투: 리그 오브 레전드 전략 게임"
00:30,154,6757722046,"Butcher hero: hook'n'chew RPG"
00:30,155,6692615881,"SD건담 지 제네레이션 이터널"
00:30,156,1597760047,"OneState RP: 온라인 롤플레잉"
00:30,157,6502820653,"궁수의 전설2"
00:30,158,6747957875,"Family Go! - 대를 잇는 인생 시뮬레이션"
00:30,159,6443760593,"좀비 웨이브스"
00:30,160,1581561666,"HIT2"
00:30,161,1668036690,"우파루 오딧세이"
00:30,162,6741889270,"픽셀 법사 키우기 : 방치형 RPG"
00:30,163,1540557475,"라스트 포트리스 : 언더그라운드"
00:30,164,6476336847,"피망 쇼다운 홀덤 : 텍사스 홀덤, 포커, 토너먼트"
00:30,165,6698862298,"아키텍트: 랜드 오브 엑자일"
00:30,166,6483053853,"로드나인"
00:30,167,1483058899,"Project Makeover"
00:30,168,6740043080,"Screwdom : 나사와 볼트 퍼즐"
00:30,169,6758072393,"추락한 아름다움: 머지&스토리"
00:30,170,6740899070,"플랜티스와 좀비깡패"
00:30,171,6480157886,"트리 오브 세이비어: 네버랜드"
00:30,172,1444980563,"리니지W"
00:30,173,880047117,"앵그리버드 2 (Angry Birds 2)"
00:30,174,6740556884,"잠룡 : 무협 도트 RPG"
00:30,175,955705796,"MARVEL 퓨처파이트"
00:30,176,6757908157,"JoJo's Bizarre Adventure: GS"
00:30,177,6762203850,"바르디안: Vardian"
00:30,178,6751056652,"Pixel Flow!"
00:30,179,1468063069,"피망 포커"
00:30,180,1450127722,"랑그릿사"
00:30,181,362464325,"아이모: The World of Magic"
00:30,182,6754965520,"로그 레전드: 로그라이크 RPG"
00:30,183,6739345737,"팰몬: 서바이벌"
00:30,184,6739772012,"암살자 키우기 : 1주년"
00:30,185,6749132002,"빠지냥! (Drop the Cat)"
00:30,186,1533248097,"앙상블스타즈!!"
00:30,187,6737874398,"Merge Fashion: Romance Story"
00:30,188,6762268182,"Z 루트: 리뎀션"
00:30,189,6746328263,"Castle Busters"
00:30,190,6466373096,"동글동글 거위헬스장"
00:30,191,1551772053,"퍼즐 오브 Z"
00:30,192,6740514809,"신궁 키우기 : 방치형 RPG"
00:30,193,6754012129,"우와 모험단"
00:30,194,1487451427,"Infinity Kingdom"
00:30,195,6740618570,"XP Hero (XP 히어로)"
00:30,196,409687884,"팔라독(Paladog)"
00:30,197,6444112366,"Limbus Company"
00:30,198,6754214886,"레츠고 레전드!"
00:30,199,6779167923,"Colony Flow!"
00:30,200,1645844535,"갓물주 키우기"
01:30,1,6739616715,"메이플 키우기"
01:30,2,6443575749,"WOS: 화이트아웃 서바이벌"
01:30,3,1623318294,"가십하버: 합성 & 스토리 게임"
01:30,4,6749251466,"쿠키런 키우기 - 쿠키런: 크럼블"
01:30,5,1474589366,"리니지M"
01:30,6,6754593077,"이환"
01:30,7,1458848044,"컴투스프로야구V26"
01:30,8,6482291732,"운빨존많겜"
01:30,9,1094591345,"Pokémon GO"
01:30,10,6739554056,"킹샷:Kingshot"
01:30,11,1482155847,"로얄 매치 (Royal Match)"
01:30,12,1478371252,"FC 모바일"
01:30,13,6443755785,"씨사이드 익스케이프: 합성 & 스토리 게임"
01:30,14,6471045672,"테이스티 트레블: 합성 게임"
01:30,15,1606356401,"젠레스 존 제로 - 주년 기념"
01:30,16,1273957743,"EA SPORTS FC Online M"
01:30,17,1441742921,"마비노기 모바일"
01:30,18,6738163891,"뱀피르"
01:30,19,1105855019,"Gardenscapes"
01:30,20,6502326151,"카오스 제로 나이트메어"
01:30,21,6448786147,"라스트 워: 서바이벌"
01:30,22,1520354659,"오딘: 발할라 라이징"
01:30,23,6748004690,"SOL: enchant"
01:30,24,6762442041,"열혈강호: 넥스트"
01:30,25,1366526331,"배틀그라운드"
01:30,26,6503702666,"협타디: 협동 타워 디펜스"
01:30,27,6618142292,"핫레스토랑: 머지&쿠킹"
01:30,28,1480616990,"리그 오브 레전드: 와일드 리프트"
01:30,29,1195621598,"Homescapes: Match 3 Games"
01:30,30,1585915174,"승리의 여신: 니케"
01:30,31,1640203623,"작혼: 리치 마작"
01:30,32,1616108452,"우마무스메 프리티 더비"
01:30,33,1643509748,"머지 쿠킹 테마 레스토랑（Merge Cooking）"
01:30,34,1471942989,"한게임 섯다&맞고"
01:30,35,1229016807,"브롤스타즈"
01:30,36,6748432502,"랜덤 다이스 2"
01:30,37,1133463693,"메이플스토리M"
01:30,38,1117270703,"eFootball™"
01:30,39,638689075,"꿈의 마을 (Township)"
01:30,40,1507872328,"WPL : 홀덤, 토너먼트, 오마하, 올인폴드, 픽앤고"
01:30,41,1128255542,"리니지M(12)"
01:30,42,6475033368,"명조:워더링 웨이브 - 현방 지계를 향하여"
01:30,43,553834731,"캔디크러쉬사가"
01:30,44,848091833,"냥코 대전쟁"
01:30,45,6503272652,"라스트 Z: 서바이벌 슈터"
01:30,46,6756989323,"라스트 어사일럼: 페스트"
01:30,47,1571873795,"블루 아카이브"
01:30,48,6483252725,"몬길: STAR DIVE"
01:30,49,6759822089,"오늘의 꽃 : 진짜 꽃을 키우는 게임"
01:30,50,6499562253,"드래곤빌리지3 - 100일 이벤트!"
01:30,51,6746151928,"두근두근타운"
01:30,52,1466736988,"카트라이더 러쉬플러스"
01:30,53,1606549505,"로얄 킹덤 (Royal Kingdom)"
01:30,54,6446516059,"캣 히어로 : 방치형 RPG"
01:30,55,6757381033,"2026 프로야구GO!"
01:30,56,6758200096,"라그나로크M: Classic"
01:30,57,6751222389,"NBA 덩크 시티"
01:30,58,6503603603,"미스터리 타운: 합성 게임 (Mystery Town)"
01:30,59,6475757306,"Disney Solitaire 디즈니 솔리테어"
01:30,60,6740848451,"RF 온라인 넥스트"
01:30,61,6443477650,"한게임 로얄홀덤"
01:30,62,1471486284,"한게임 포커"
01:30,63,947258826,"마피아42"
01:30,64,6754679035,"히어로 랜드M"
01:30,65,6740026253,"오피스 퀸 키우기"
01:30,66,6757360957,"삼국지: 천하결전"
01:30,67,6746192853,"변신 키우기"
01:30,68,6755455500,"할리우드 머지"
01:30,69,6764201639,"총잡이 고양이 - 방치형 키우기"
01:30,70,1080541643,"Infinite Borders-인피니트 보더스"
01:30,71,1580691683,"MLB 9이닝스 라이벌 26"
01:30,72,1448979486,"던전앤파이터 모바일"
01:30,73,1635712706,"슬레이어 키우기"
01:30,74,6756558621,"킹덤2: 타오르는 전장"
01:30,75,6479970832,"포켓몬 카드 게임 Pocket"
01:30,76,6448719154,"레이븐2"
01:30,77,1521236603,"Travel Town - 결합 어드벤처"
01:30,78,6752886832,"호텔 레거시"
01:30,79,6443468110,"러브앤딥스페이스"
01:30,80,6749302379,"동방 찻집"
01:30,81,1582390510,"한게임포커 클래식 - 7포커 홀덤 섯다 훌라 슬롯"
01:30,82,6746465127,"세포 특공대 - 전략형 타워 디펜스"
01:30,83,963067330,"쿠키런: 오븐브레이크"
01:30,84,6786589102,"티니핑 매직 매치"
01:30,85,1470173983,"AION2"
01:30,86,1599719154,"붕괴: 스타레일"
01:30,87,898986747,"좀비고등학교"
01:30,88,6670441558,"Dark War:Survival"
01:30,89,6479595079,"세븐나이츠 리버스"
01:30,90,6467117398,"버섯커 키우기"
01:30,91,6759585981,"별별 히어로: 영웅 다있소"
01:30,92,6753862216,"푸드스타（Foodstars）: 합쳐서 요리하기"
01:30,93,6759914688,"냥찍 히어로즈 : 방치형 RPG"
01:30,94,6751086804,"그놈은 드래곤"
01:30,95,6736896540,"헬로키티 마이 드림 스토어"
01:30,96,1628970855,"AFK: 새로운 여정"
01:30,97,1053012308,"클래시 로얄 (Clash Royale)"
01:30,98,664575829,"피쉬돔 (Fishdom)"
01:30,99,1458568643,"피망 뉴맞고 : 고스톱으로 대한민국 1등"
01:30,100,6776989094,"블라이트 워 : 방치형 RPG"
01:30,101,1241893973,"페이트/그랜드 오더"
01:30,102,6740621218,"갓깨비 키우기"
01:30,103,1517783697,"원신-스네즈나야 오픈"
01:30,104,1176027022,"Toon Blast"
01:30,105,6449023119,"리버스: 1999"
01:30,106,1509450845,"쿠키런: 킹덤"
01:30,107,6737595599,"파운데이션: 우주 전선"
01:30,108,1376515087,"Age of Origins:Tower Defense"
01:30,109,529479190,"클래시 오브 클랜"
01:30,110,1492005122,"디아블로 이모탈"
01:30,111,6746636289,"Forge Master – Idle RPG"
01:30,112,6475077096,"아키에이지 워 (ArcheAge WAR)"
01:30,113,1478227443,"리니지2M"
01:30,114,6737408689,"스톤에이지 키우기"
01:30,115,6757690255,"윈드러너 키우기"
01:30,116,6754229264,"임진왜란: 조선의 반격"
01:30,117,6767834940,"탑 로드"
01:30,118,6754373623,"소울 헌터 키우기 : 방치형 RPG"
01:30,119,1166415380,"풀팟 홀덤 포커: 텍사스 홀덤, 오마하, 토너먼트"
01:30,120,6756058501,"젤리 버스터즈: 퍼즐 게임"
01:30,121,608808713,"쿠키런"
01:30,122,6738469826,"랜드 오브 제일"
01:30,123,1484442152,"머지 맨션: 퍼즐과 스토리"
01:30,124,880551258,"컴투스프로야구2026"
01:30,125,1554247785,"Yu-Gi-Oh! Master Duel"
01:30,126,6450953550,"탑 히어로즈: 영웅의 시대"
01:30,127,6752672568,"Block Out! - Color Sort Puzzle"
01:30,128,6740966864,"딸깍 다이스"
01:30,129,1160056295,"모바일 레전드: Bang Bang"
01:30,130,6475925341,"주술회전 팬텀 퍼레이드"
01:30,131,6756641249,"hololive Dreams"
01:30,132,6476731203,"건틀렛: 방치형 액션 RPG"
01:30,133,1347780764,"Identity V -제5인격"
01:30,134,6476336847,"피망 쇼다운 홀덤 : 텍사스 홀덤, 포커, 토너먼트"
01:30,135,1516727770,"마구마구 2026: 풀체인지"
01:30,136,6752369665,"Haunted Merge: Horror Story"
01:30,137,1444980563,"리니지W"
01:30,138,6760822948,"더 코지 플로리스트"
01:30,139,479516143,"Minecraft 온라인으로 친구들과 함께 플레이하세요"
01:30,140,6755585789,"템빨용사: 픽셀 아이템 머지 RPG"
01:30,141,6767155768,"현상금 해적단 키우기"
01:30,142,1484468651,"Dice Dreams™ 다이스 드림"
01:30,143,6741503079,"Pokémon Champions"
01:30,144,1473424424,"한게임 신맞고 : 대한민국 원조 고스톱"
01:30,145,6504332779,"Color Block Jam"
01:30,146,6692615881,"SD건담 지 제네레이션 이터널"
01:30,147,6745081346,"블리치: 소울 레조넌스"
01:30,148,6760754315,"꿈의 여행자: 별빛 여정"
01:30,149,6462846417,"MLB 클러치 히트 베이스볼 26"
01:30,150,6756247787,"디지몬 UP"
01:30,151,6761749975,"토이 삼국"
01:30,152,1598881852,"프로젝트 세카이 컬러풀 스테이지! feat.하츠네 미쿠"
01:30,153,6757722046,"Butcher hero: hook'n'chew RPG"
01:30,154,6444043291,"Domino Dreams™"
01:30,155,6747957875,"Family Go! - 대를 잇는 인생 시뮬레이션"
01:30,156,1480616748,"전략적 팀 전투: 리그 오브 레전드 전략 게임"
01:30,157,6457256716,"Total Football - 2026 북중미 시즌"
01:30,158,6483053853,"로드나인"
01:30,159,1668036690,"우파루 오딧세이"
01:30,160,1597760047,"OneState RP: 온라인 롤플레잉"
01:30,161,6740189002,"갤럭시 디펜스(Galaxy Defense)"
01:30,162,6502820653,"궁수의 전설2"
01:30,163,6758072393,"추락한 아름다움: 머지&스토리"
01:30,164,6741889270,"픽셀 법사 키우기 : 방치형 RPG"
01:30,165,1483058899,"Project Makeover"
01:30,166,6740043080,"Screwdom : 나사와 볼트 퍼즐"
01:30,167,6443760593,"좀비 웨이브스"
01:30,168,880047117,"앵그리버드 2 (Angry Birds 2)"
01:30,169,1581561666,"HIT2"
01:30,170,6740899070,"플랜티스와 좀비깡패"
01:30,171,1540557475,"라스트 포트리스 : 언더그라운드"
01:30,172,6762203850,"바르디안: Vardian"
01:30,173,6698862298,"아키텍트: 랜드 오브 엑자일"
01:30,174,6740514809,"신궁 키우기 : 방치형 RPG"
01:30,175,1468063069,"피망 포커"
01:30,176,6739772012,"암살자 키우기 : 1주년"
01:30,177,6751056652,"Pixel Flow!"
01:30,178,6480157886,"트리 오브 세이비어: 네버랜드"
01:30,179,6474961936,"레이싱 마스터"
01:30,180,1462911602,"Dream League Soccer 2026"
01:30,181,6737874398,"Merge Fashion: Romance Story"
01:30,182,6749132002,"빠지냥! (Drop the Cat)"
01:30,183,955705796,"MARVEL 퓨처파이트"
01:30,184,6757908157,"JoJo's Bizarre Adventure: GS"
01:30,185,6740556884,"잠룡 : 무협 도트 RPG"
01:30,186,6754965520,"로그 레전드: 로그라이크 RPG"
01:30,187,1533248097,"앙상블스타즈!!"
01:30,188,1450127722,"랑그릿사"
01:30,189,6466373096,"동글동글 거위헬스장"
01:30,190,362464325,"아이모: The World of Magic"
01:30,191,6743155652,"인생존망겜"
01:30,192,6739345737,"팰몬: 서바이벌"
01:30,193,409687884,"팔라독(Paladog)"
01:30,194,6746328263,"Castle Busters"
01:30,195,6740618570,"XP Hero (XP 히어로)"
01:30,196,6499209744,"마법의 정렬 (Magic Sort!)"
01:30,197,6762268182,"Z 루트: 리뎀션"
01:30,198,6754012129,"우와 모험단"
01:30,199,6779167923,"Colony Flow!"
01:30,200,1311102174,"위 베어 베어스 더 퍼즐 : 퍼즐게임"
02:30,1,6739616715,"메이플 키우기"
02:30,2,6443575749,"WOS: 화이트아웃 서바이벌"
02:30,3,1623318294,"가십하버: 합성 & 스토리 게임"
02:30,4,6749251466,"쿠키런 키우기 - 쿠키런: 크럼블"
02:30,5,1474589366,"리니지M"
02:30,6,6754593077,"이환"
02:30,7,1458848044,"컴투스프로야구V26"
02:30,8,6482291732,"운빨존많겜"
02:30,9,1094591345,"Pokémon GO"
02:30,10,6739554056,"킹샷:Kingshot"
02:30,11,1482155847,"로얄 매치 (Royal Match)"
02:30,12,1478371252,"FC 모바일"
02:30,13,6443755785,"씨사이드 익스케이프: 합성 & 스토리 게임"
02:30,14,6471045672,"테이스티 트레블: 합성 게임"
02:30,15,1606356401,"젠레스 존 제로 - 주년 기념"
02:30,16,1273957743,"EA SPORTS FC Online M"
02:30,17,1441742921,"마비노기 모바일"
02:30,18,6738163891,"뱀피르"
02:30,19,1105855019,"Gardenscapes"
02:30,20,6502326151,"카오스 제로 나이트메어"
02:30,21,6448786147,"라스트 워: 서바이벌"
02:30,22,1520354659,"오딘: 발할라 라이징"
02:30,23,6748004690,"SOL: enchant"
02:30,24,6762442041,"열혈강호: 넥스트"
02:30,25,1366526331,"배틀그라운드"
02:30,26,6503702666,"협타디: 협동 타워 디펜스"
02:30,27,6618142292,"핫레스토랑: 머지&쿠킹"
02:30,28,1480616990,"리그 오브 레전드: 와일드 리프트"
02:30,29,1195621598,"Homescapes: Match 3 Games"
02:30,30,1585915174,"승리의 여신: 니케"
02:30,31,1640203623,"작혼: 리치 마작"
02:30,32,1616108452,"우마무스메 프리티 더비"
02:30,33,1643509748,"머지 쿠킹 테마 레스토랑（Merge Cooking）"
02:30,34,1471942989,"한게임 섯다&맞고"
02:30,35,1229016807,"브롤스타즈"
02:30,36,6748432502,"랜덤 다이스 2"
02:30,37,1133463693,"메이플스토리M"
02:30,38,1117270703,"eFootball™"
02:30,39,638689075,"꿈의 마을 (Township)"
02:30,40,1507872328,"WPL : 홀덤, 토너먼트, 오마하, 올인폴드, 픽앤고"
02:30,41,1128255542,"리니지M(12)"
02:30,42,6475033368,"명조:워더링 웨이브 - 현방 지계를 향하여"
02:30,43,553834731,"캔디크러쉬사가"
02:30,44,848091833,"냥코 대전쟁"
02:30,45,6503272652,"라스트 Z: 서바이벌 슈터"
02:30,46,6756989323,"라스트 어사일럼: 페스트"
02:30,47,1571873795,"블루 아카이브"
02:30,48,6483252725,"몬길: STAR DIVE"
02:30,49,6759822089,"오늘의 꽃 : 진짜 꽃을 키우는 게임"
02:30,50,6499562253,"드래곤빌리지3 - 100일 이벤트!"
02:30,51,6746151928,"두근두근타운"
02:30,52,1466736988,"카트라이더 러쉬플러스"
02:30,53,1606549505,"로얄 킹덤 (Royal Kingdom)"
02:30,54,6446516059,"캣 히어로 : 방치형 RPG"
02:30,55,6757381033,"2026 프로야구GO!"
02:30,56,6758200096,"라그나로크M: Classic"
02:30,57,6751222389,"NBA 덩크 시티"
02:30,58,6503603603,"미스터리 타운: 합성 게임 (Mystery Town)"
02:30,59,6475757306,"Disney Solitaire 디즈니 솔리테어"
02:30,60,6740848451,"RF 온라인 넥스트"
02:30,61,6443477650,"한게임 로얄홀덤"
02:30,62,1471486284,"한게임 포커"
02:30,63,947258826,"마피아42"
02:30,64,6754679035,"히어로 랜드M"
02:30,65,6740026253,"오피스 퀸 키우기"
02:30,66,6757360957,"삼국지: 천하결전"
02:30,67,6746192853,"변신 키우기"
02:30,68,6755455500,"할리우드 머지"
02:30,69,6764201639,"총잡이 고양이 - 방치형 키우기"
02:30,70,1080541643,"Infinite Borders-인피니트 보더스"
02:30,71,1580691683,"MLB 9이닝스 라이벌 26"
02:30,72,1448979486,"던전앤파이터 모바일"
02:30,73,1635712706,"슬레이어 키우기"
02:30,74,6756558621,"킹덤2: 타오르는 전장"
02:30,75,6479970832,"포켓몬 카드 게임 Pocket"
02:30,76,6448719154,"레이븐2"
02:30,77,1521236603,"Travel Town - 결합 어드벤처"
02:30,78,6752886832,"호텔 레거시"
02:30,79,6443468110,"러브앤딥스페이스"
02:30,80,6749302379,"동방 찻집"
02:30,81,1582390510,"한게임포커 클래식 - 7포커 홀덤 섯다 훌라 슬롯"
02:30,82,6746465127,"세포 특공대 - 전략형 타워 디펜스"
02:30,83,963067330,"쿠키런: 오븐브레이크"
02:30,84,6786589102,"티니핑 매직 매치"
02:30,85,1470173983,"AION2"
02:30,86,1599719154,"붕괴: 스타레일"
02:30,87,898986747,"좀비고등학교"
02:30,88,6670441558,"Dark War:Survival"
02:30,89,6479595079,"세븐나이츠 리버스"
02:30,90,6467117398,"버섯커 키우기"
02:30,91,6759585981,"별별 히어로: 영웅 다있소"
02:30,92,6753862216,"푸드스타（Foodstars）: 합쳐서 요리하기"
02:30,93,6759914688,"냥찍 히어로즈 : 방치형 RPG"
02:30,94,6751086804,"그놈은 드래곤"
02:30,95,6736896540,"헬로키티 마이 드림 스토어"
02:30,96,1628970855,"AFK: 새로운 여정"
02:30,97,1053012308,"클래시 로얄 (Clash Royale)"
02:30,98,664575829,"피쉬돔 (Fishdom)"
02:30,99,1458568643,"피망 뉴맞고 : 고스톱으로 대한민국 1등"
02:30,100,6776989094,"블라이트 워 : 방치형 RPG"
02:30,101,1241893973,"페이트/그랜드 오더"
02:30,102,6740621218,"갓깨비 키우기"
02:30,103,1517783697,"원신-스네즈나야 오픈"
02:30,104,1176027022,"Toon Blast"
02:30,105,6449023119,"리버스: 1999"
02:30,106,1509450845,"쿠키런: 킹덤"
02:30,107,6737595599,"파운데이션: 우주 전선"
02:30,108,1376515087,"Age of Origins:Tower Defense"
02:30,109,529479190,"클래시 오브 클랜"
02:30,110,1492005122,"디아블로 이모탈"
02:30,111,6746636289,"Forge Master – Idle RPG"
02:30,112,6475077096,"아키에이지 워 (ArcheAge WAR)"
02:30,113,1478227443,"리니지2M"
02:30,114,6737408689,"스톤에이지 키우기"
02:30,115,6757690255,"윈드러너 키우기"
02:30,116,6754229264,"임진왜란: 조선의 반격"
02:30,117,6767834940,"탑 로드"
02:30,118,6754373623,"소울 헌터 키우기 : 방치형 RPG"
02:30,119,1166415380,"풀팟 홀덤 포커: 텍사스 홀덤, 오마하, 토너먼트"
02:30,120,6756058501,"젤리 버스터즈: 퍼즐 게임"
02:30,121,608808713,"쿠키런"
02:30,122,6738469826,"랜드 오브 제일"
02:30,123,1484442152,"머지 맨션: 퍼즐과 스토리"
02:30,124,880551258,"컴투스프로야구2026"
02:30,125,1554247785,"Yu-Gi-Oh! Master Duel"
02:30,126,6450953550,"탑 히어로즈: 영웅의 시대"
02:30,127,6752672568,"Block Out! - Color Sort Puzzle"
02:30,128,6740966864,"딸깍 다이스"
02:30,129,1160056295,"모바일 레전드: Bang Bang"
02:30,130,6475925341,"주술회전 팬텀 퍼레이드"
02:30,131,6756641249,"hololive Dreams"
02:30,132,6476731203,"건틀렛: 방치형 액션 RPG"
02:30,133,1347780764,"Identity V -제5인격"
02:30,134,6476336847,"피망 쇼다운 홀덤 : 텍사스 홀덤, 포커, 토너먼트"
02:30,135,1516727770,"마구마구 2026: 풀체인지"
02:30,136,6752369665,"Haunted Merge: Horror Story"
02:30,137,1444980563,"리니지W"
02:30,138,6760822948,"더 코지 플로리스트"
02:30,139,479516143,"Minecraft 온라인으로 친구들과 함께 플레이하세요"
02:30,140,6755585789,"템빨용사: 픽셀 아이템 머지 RPG"
02:30,141,6767155768,"현상금 해적단 키우기"
02:30,142,1484468651,"Dice Dreams™ 다이스 드림"
02:30,143,6741503079,"Pokémon Champions"
02:30,144,1473424424,"한게임 신맞고 : 대한민국 원조 고스톱"
02:30,145,6504332779,"Color Block Jam"
02:30,146,6692615881,"SD건담 지 제네레이션 이터널"
02:30,147,6745081346,"블리치: 소울 레조넌스"
02:30,148,6760754315,"꿈의 여행자: 별빛 여정"
02:30,149,6462846417,"MLB 클러치 히트 베이스볼 26"
02:30,150,6756247787,"디지몬 UP"
02:30,151,6761749975,"토이 삼국"
02:30,152,1598881852,"프로젝트 세카이 컬러풀 스테이지! feat.하츠네 미쿠"
02:30,153,6757722046,"Butcher hero: hook'n'chew RPG"
02:30,154,6444043291,"Domino Dreams™"
02:30,155,6747957875,"Family Go! - 대를 잇는 인생 시뮬레이션"
02:30,156,1480616748,"전략적 팀 전투: 리그 오브 레전드 전략 게임"
02:30,157,6457256716,"Total Football - 2026 북중미 시즌"
02:30,158,6483053853,"로드나인"
02:30,159,1668036690,"우파루 오딧세이"
02:30,160,1597760047,"OneState RP: 온라인 롤플레잉"
02:30,161,6740189002,"갤럭시 디펜스(Galaxy Defense)"
02:30,162,6502820653,"궁수의 전설2"
02:30,163,6758072393,"추락한 아름다움: 머지&스토리"
02:30,164,6741889270,"픽셀 법사 키우기 : 방치형 RPG"
02:30,165,1483058899,"Project Makeover"
02:30,166,6740043080,"Screwdom : 나사와 볼트 퍼즐"
02:30,167,6443760593,"좀비 웨이브스"
02:30,168,880047117,"앵그리버드 2 (Angry Birds 2)"
02:30,169,1581561666,"HIT2"
02:30,170,6740899070,"플랜티스와 좀비깡패"
02:30,171,1540557475,"라스트 포트리스 : 언더그라운드"
02:30,172,6762203850,"바르디안: Vardian"
02:30,173,6698862298,"아키텍트: 랜드 오브 엑자일"
02:30,174,6740514809,"신궁 키우기 : 방치형 RPG"
02:30,175,1468063069,"피망 포커"
02:30,176,6739772012,"암살자 키우기 : 1주년"
02:30,177,6751056652,"Pixel Flow!"
02:30,178,6480157886,"트리 오브 세이비어: 네버랜드"
02:30,179,6474961936,"레이싱 마스터"
02:30,180,1462911602,"Dream League Soccer 2026"
02:30,181,6737874398,"Merge Fashion: Romance Story"
02:30,182,6749132002,"빠지냥! (Drop the Cat)"
02:30,183,955705796,"MARVEL 퓨처파이트"
02:30,184,6757908157,"JoJo's Bizarre Adventure: GS"
02:30,185,6740556884,"잠룡 : 무협 도트 RPG"
02:30,186,6754965520,"로그 레전드: 로그라이크 RPG"
02:30,187,1533248097,"앙상블스타즈!!"
02:30,188,1450127722,"랑그릿사"
02:30,189,6466373096,"동글동글 거위헬스장"
02:30,190,362464325,"아이모: The World of Magic"
02:30,191,6743155652,"인생존망겜"
02:30,192,6739345737,"팰몬: 서바이벌"
02:30,193,409687884,"팔라독(Paladog)"
02:30,194,6746328263,"Castle Busters"
02:30,195,6740618570,"XP Hero (XP 히어로)"
02:30,196,6499209744,"마법의 정렬 (Magic Sort!)"
02:30,197,6762268182,"Z 루트: 리뎀션"
02:30,198,6754012129,"우와 모험단"
02:30,199,6779167923,"Colony Flow!"
02:30,200,1311102174,"위 베어 베어스 더 퍼즐 : 퍼즐게임"
03:00,1,6739616715,"메이플 키우기"
03:00,2,6443575749,"WOS: 화이트아웃 서바이벌"
03:00,3,1623318294,"가십하버: 합성 & 스토리 게임"
03:00,4,6749251466,"쿠키런 키우기 - 쿠키런: 크럼블"
03:00,5,1474589366,"리니지M"
03:00,6,6754593077,"이환"
03:00,7,1458848044,"컴투스프로야구V26"
03:00,8,6482291732,"운빨존많겜"
03:00,9,1094591345,"Pokémon GO"
03:00,10,6739554056,"킹샷:Kingshot"
03:00,11,1482155847,"로얄 매치 (Royal Match)"
03:00,12,1478371252,"FC 모바일"
03:00,13,6443755785,"씨사이드 익스케이프: 합성 & 스토리 게임"
03:00,14,6471045672,"테이스티 트레블: 합성 게임"
03:00,15,1606356401,"젠레스 존 제로 - 주년 기념"
03:00,16,1273957743,"EA SPORTS FC Online M"
03:00,17,1441742921,"마비노기 모바일"
03:00,18,6738163891,"뱀피르"
03:00,19,1105855019,"Gardenscapes"
03:00,20,6502326151,"카오스 제로 나이트메어"
03:00,21,6448786147,"라스트 워: 서바이벌"
03:00,22,1520354659,"오딘: 발할라 라이징"
03:00,23,6748004690,"SOL: enchant"
03:00,24,6762442041,"열혈강호: 넥스트"
03:00,25,1366526331,"배틀그라운드"
03:00,26,6503702666,"협타디: 협동 타워 디펜스"
03:00,27,6618142292,"핫레스토랑: 머지&쿠킹"
03:00,28,1480616990,"리그 오브 레전드: 와일드 리프트"
03:00,29,1195621598,"Homescapes: Match 3 Games"
03:00,30,1585915174,"승리의 여신: 니케"
03:00,31,1640203623,"작혼: 리치 마작"
03:00,32,1616108452,"우마무스메 프리티 더비"
03:00,33,1643509748,"머지 쿠킹 테마 레스토랑（Merge Cooking）"
03:00,34,1471942989,"한게임 섯다&맞고"
03:00,35,1229016807,"브롤스타즈"
03:00,36,6748432502,"랜덤 다이스 2"
03:00,37,1133463693,"메이플스토리M"
03:00,38,1117270703,"eFootball™"
03:00,39,638689075,"꿈의 마을 (Township)"
03:00,40,1507872328,"WPL : 홀덤, 토너먼트, 오마하, 올인폴드, 픽앤고"
03:00,41,1128255542,"리니지M(12)"
03:00,42,6475033368,"명조:워더링 웨이브 - 현방 지계를 향하여"
03:00,43,553834731,"캔디크러쉬사가"
03:00,44,848091833,"냥코 대전쟁"
03:00,45,6503272652,"라스트 Z: 서바이벌 슈터"
03:00,46,6756989323,"라스트 어사일럼: 페스트"
03:00,47,1571873795,"블루 아카이브"
03:00,48,6483252725,"몬길: STAR DIVE"
03:00,49,6759822089,"오늘의 꽃 : 진짜 꽃을 키우는 게임"
03:00,50,6499562253,"드래곤빌리지3 - 100일 이벤트!"
03:00,51,6746151928,"두근두근타운"
03:00,52,1466736988,"카트라이더 러쉬플러스"
03:00,53,1606549505,"로얄 킹덤 (Royal Kingdom)"
03:00,54,6446516059,"캣 히어로 : 방치형 RPG"
03:00,55,6757381033,"2026 프로야구GO!"
03:00,56,6758200096,"라그나로크M: Classic"
03:00,57,6751222389,"NBA 덩크 시티"
03:00,58,6503603603,"미스터리 타운: 합성 게임 (Mystery Town)"
03:00,59,6475757306,"Disney Solitaire 디즈니 솔리테어"
03:00,60,6740848451,"RF 온라인 넥스트"
03:00,61,6443477650,"한게임 로얄홀덤"
03:00,62,1471486284,"한게임 포커"
03:00,63,947258826,"마피아42"
03:00,64,6754679035,"히어로 랜드M"
03:00,65,6740026253,"오피스 퀸 키우기"
03:00,66,6757360957,"삼국지: 천하결전"
03:00,67,6746192853,"변신 키우기"
03:00,68,6755455500,"할리우드 머지"
03:00,69,6764201639,"총잡이 고양이 - 방치형 키우기"
03:00,70,1080541643,"Infinite Borders-인피니트 보더스"
03:00,71,1580691683,"MLB 9이닝스 라이벌 26"
03:00,72,1448979486,"던전앤파이터 모바일"
03:00,73,1635712706,"슬레이어 키우기"
03:00,74,6756558621,"킹덤2: 타오르는 전장"
03:00,75,6479970832,"포켓몬 카드 게임 Pocket"
03:00,76,6448719154,"레이븐2"
03:00,77,1521236603,"Travel Town - 결합 어드벤처"
03:00,78,6752886832,"호텔 레거시"
03:00,79,6443468110,"러브앤딥스페이스"
03:00,80,6749302379,"동방 찻집"
03:00,81,1582390510,"한게임포커 클래식 - 7포커 홀덤 섯다 훌라 슬롯"
03:00,82,6746465127,"세포 특공대 - 전략형 타워 디펜스"
03:00,83,963067330,"쿠키런: 오븐브레이크"
03:00,84,6786589102,"티니핑 매직 매치"
03:00,85,1470173983,"AION2"
03:00,86,1599719154,"붕괴: 스타레일"
03:00,87,898986747,"좀비고등학교"
03:00,88,6670441558,"Dark War:Survival"
03:00,89,6479595079,"세븐나이츠 리버스"
03:00,90,6467117398,"버섯커 키우기"
03:00,91,6759585981,"별별 히어로: 영웅 다있소"
03:00,92,6753862216,"푸드스타（Foodstars）: 합쳐서 요리하기"
03:00,93,6759914688,"냥찍 히어로즈 : 방치형 RPG"
03:00,94,6751086804,"그놈은 드래곤"
03:00,95,6736896540,"헬로키티 마이 드림 스토어"
03:00,96,1628970855,"AFK: 새로운 여정"
03:00,97,1053012308,"클래시 로얄 (Clash Royale)"
03:00,98,664575829,"피쉬돔 (Fishdom)"
03:00,99,1458568643,"피망 뉴맞고 : 고스톱으로 대한민국 1등"
03:00,100,6776989094,"블라이트 워 : 방치형 RPG"
03:00,101,1241893973,"페이트/그랜드 오더"
03:00,102,6740621218,"갓깨비 키우기"
03:00,103,1517783697,"원신-스네즈나야 오픈"
03:00,104,1176027022,"Toon Blast"
03:00,105,6449023119,"리버스: 1999"
03:00,106,1509450845,"쿠키런: 킹덤"
03:00,107,6737595599,"파운데이션: 우주 전선"
03:00,108,1376515087,"Age of Origins:Tower Defense"
03:00,109,529479190,"클래시 오브 클랜"
03:00,110,1492005122,"디아블로 이모탈"
03:00,111,6746636289,"Forge Master – Idle RPG"
03:00,112,6475077096,"아키에이지 워 (ArcheAge WAR)"
03:00,113,1478227443,"리니지2M"
03:00,114,6737408689,"스톤에이지 키우기"
03:00,115,6757690255,"윈드러너 키우기"
03:00,116,6754229264,"임진왜란: 조선의 반격"
03:00,117,6767834940,"탑 로드"
03:00,118,6754373623,"소울 헌터 키우기 : 방치형 RPG"
03:00,119,1166415380,"풀팟 홀덤 포커: 텍사스 홀덤, 오마하, 토너먼트"
03:00,120,6756058501,"젤리 버스터즈: 퍼즐 게임"
03:00,121,608808713,"쿠키런"
03:00,122,6738469826,"랜드 오브 제일"
03:00,123,1484442152,"머지 맨션: 퍼즐과 스토리"
03:00,124,880551258,"컴투스프로야구2026"
03:00,125,1554247785,"Yu-Gi-Oh! Master Duel"
03:00,126,6450953550,"탑 히어로즈: 영웅의 시대"
03:00,127,6752672568,"Block Out! - Color Sort Puzzle"
03:00,128,6740966864,"딸깍 다이스"
03:00,129,1160056295,"모바일 레전드: Bang Bang"
03:00,130,6475925341,"주술회전 팬텀 퍼레이드"
03:00,131,6756641249,"hololive Dreams"
03:00,132,6476731203,"건틀렛: 방치형 액션 RPG"
03:00,133,1347780764,"Identity V -제5인격"
03:00,134,6476336847,"피망 쇼다운 홀덤 : 텍사스 홀덤, 포커, 토너먼트"
03:00,135,1516727770,"마구마구 2026: 풀체인지"
03:00,136,6752369665,"Haunted Merge: Horror Story"
03:00,137,1444980563,"리니지W"
03:00,138,6760822948,"더 코지 플로리스트"
03:00,139,479516143,"Minecraft 온라인으로 친구들과 함께 플레이하세요"
03:00,140,6755585789,"템빨용사: 픽셀 아이템 머지 RPG"
03:00,141,6767155768,"현상금 해적단 키우기"
03:00,142,1484468651,"Dice Dreams™ 다이스 드림"
03:00,143,6741503079,"Pokémon Champions"
03:00,144,1473424424,"한게임 신맞고 : 대한민국 원조 고스톱"
03:00,145,6504332779,"Color Block Jam"
03:00,146,6692615881,"SD건담 지 제네레이션 이터널"
03:00,147,6745081346,"블리치: 소울 레조넌스"
03:00,148,6760754315,"꿈의 여행자: 별빛 여정"
03:00,149,6462846417,"MLB 클러치 히트 베이스볼 26"
03:00,150,6756247787,"디지몬 UP"
03:00,151,6761749975,"토이 삼국"
03:00,152,1598881852,"프로젝트 세카이 컬러풀 스테이지! feat.하츠네 미쿠"
03:00,153,6757722046,"Butcher hero: hook'n'chew RPG"
03:00,154,6444043291,"Domino Dreams™"
03:00,155,6747957875,"Family Go! - 대를 잇는 인생 시뮬레이션"
03:00,156,1480616748,"전략적 팀 전투: 리그 오브 레전드 전략 게임"
03:00,157,6457256716,"Total Football - 2026 북중미 시즌"
03:00,158,6483053853,"로드나인"
03:00,159,1668036690,"우파루 오딧세이"
03:00,160,1597760047,"OneState RP: 온라인 롤플레잉"
03:00,161,6740189002,"갤럭시 디펜스(Galaxy Defense)"
03:00,162,6502820653,"궁수의 전설2"
03:00,163,6758072393,"추락한 아름다움: 머지&스토리"
03:00,164,6741889270,"픽셀 법사 키우기 : 방치형 RPG"
03:00,165,1483058899,"Project Makeover"
03:00,166,6740043080,"Screwdom : 나사와 볼트 퍼즐"
03:00,167,6443760593,"좀비 웨이브스"
03:00,168,880047117,"앵그리버드 2 (Angry Birds 2)"
03:00,169,1581561666,"HIT2"
03:00,170,6740899070,"플랜티스와 좀비깡패"
03:00,171,1540557475,"라스트 포트리스 : 언더그라운드"
03:00,172,6762203850,"바르디안: Vardian"
03:00,173,6698862298,"아키텍트: 랜드 오브 엑자일"
03:00,174,6740514809,"신궁 키우기 : 방치형 RPG"
03:00,175,1468063069,"피망 포커"
03:00,176,6739772012,"암살자 키우기 : 1주년"
03:00,177,6751056652,"Pixel Flow!"
03:00,178,6480157886,"트리 오브 세이비어: 네버랜드"
03:00,179,6474961936,"레이싱 마스터"
03:00,180,1462911602,"Dream League Soccer 2026"
03:00,181,6737874398,"Merge Fashion: Romance Story"
03:00,182,6749132002,"빠지냥! (Drop the Cat)"
03:00,183,955705796,"MARVEL 퓨처파이트"
03:00,184,6757908157,"JoJo's Bizarre Adventure: GS"
03:00,185,6740556884,"잠룡 : 무협 도트 RPG"
03:00,186,6754965520,"로그 레전드: 로그라이크 RPG"
03:00,187,1533248097,"앙상블스타즈!!"
03:00,188,1450127722,"랑그릿사"
03:00,189,6466373096,"동글동글 거위헬스장"
03:00,190,362464325,"아이모: The World of Magic"
03:00,191,6743155652,"인생존망겜"
03:00,192,6739345737,"팰몬: 서바이벌"
03:00,193,409687884,"팔라독(Paladog)"
03:00,194,6746328263,"Castle Busters"
03:00,195,6740618570,"XP Hero (XP 히어로)"
03:00,196,6499209744,"마법의 정렬 (Magic Sort!)"
03:00,197,6762268182,"Z 루트: 리뎀션"
03:00,198,6754012129,"우와 모험단"
03:00,199,6779167923,"Colony Flow!"
03:00,200,1311102174,"위 베어 베어스 더 퍼즐 : 퍼즐게임"
04:00,1,6739616715,"메이플 키우기"
04:00,2,6443575749,"WOS: 화이트아웃 서바이벌"
04:00,3,1623318294,"가십하버: 합성 & 스토리 게임"
04:00,4,6749251466,"쿠키런 키우기 - 쿠키런: 크럼블"
04:00,5,1474589366,"리니지M"
04:00,6,6754593077,"이환"
04:00,7,1458848044,"컴투스프로야구V26"
04:00,8,6482291732,"운빨존많겜"
04:00,9,1094591345,"Pokémon GO"
04:00,10,6739554056,"킹샷:Kingshot"
04:00,11,1482155847,"로얄 매치 (Royal Match)"
04:00,12,1478371252,"FC 모바일"
04:00,13,6443755785,"씨사이드 익스케이프: 합성 & 스토리 게임"
04:00,14,6471045672,"테이스티 트레블: 합성 게임"
04:00,15,1606356401,"젠레스 존 제로 - 주년 기념"
04:00,16,1273957743,"EA SPORTS FC Online M"
04:00,17,1441742921,"마비노기 모바일"
04:00,18,6738163891,"뱀피르"
04:00,19,1105855019,"Gardenscapes"
04:00,20,6502326151,"카오스 제로 나이트메어"
04:00,21,6448786147,"라스트 워: 서바이벌"
04:00,22,1520354659,"오딘: 발할라 라이징"
04:00,23,6748004690,"SOL: enchant"
04:00,24,6762442041,"열혈강호: 넥스트"
04:00,25,1366526331,"배틀그라운드"
04:00,26,6503702666,"협타디: 협동 타워 디펜스"
04:00,27,6618142292,"핫레스토랑: 머지&쿠킹"
04:00,28,1480616990,"리그 오브 레전드: 와일드 리프트"
04:00,29,1195621598,"Homescapes: Match 3 Games"
04:00,30,1585915174,"승리의 여신: 니케"
04:00,31,1640203623,"작혼: 리치 마작"
04:00,32,1616108452,"우마무스메 프리티 더비"
04:00,33,1643509748,"머지 쿠킹 테마 레스토랑（Merge Cooking）"
04:00,34,1471942989,"한게임 섯다&맞고"
04:00,35,1229016807,"브롤스타즈"
04:00,36,6748432502,"랜덤 다이스 2"
04:00,37,1133463693,"메이플스토리M"
04:00,38,1117270703,"eFootball™"
04:00,39,638689075,"꿈의 마을 (Township)"
04:00,40,1507872328,"WPL : 홀덤, 토너먼트, 오마하, 올인폴드, 픽앤고"
04:00,41,1128255542,"리니지M(12)"
04:00,42,6475033368,"명조:워더링 웨이브 - 현방 지계를 향하여"
04:00,43,553834731,"캔디크러쉬사가"
04:00,44,848091833,"냥코 대전쟁"
04:00,45,6503272652,"라스트 Z: 서바이벌 슈터"
04:00,46,6756989323,"라스트 어사일럼: 페스트"
04:00,47,1571873795,"블루 아카이브"
04:00,48,6483252725,"몬길: STAR DIVE"
04:00,49,6759822089,"오늘의 꽃 : 진짜 꽃을 키우는 게임"
04:00,50,6499562253,"드래곤빌리지3 - 100일 이벤트!"
04:00,51,6746151928,"두근두근타운"
04:00,52,1466736988,"카트라이더 러쉬플러스"
04:00,53,1606549505,"로얄 킹덤 (Royal Kingdom)"
04:00,54,6446516059,"캣 히어로 : 방치형 RPG"
04:00,55,6757381033,"2026 프로야구GO!"
04:00,56,6758200096,"라그나로크M: Classic"
04:00,57,6751222389,"NBA 덩크 시티"
04:00,58,6503603603,"미스터리 타운: 합성 게임 (Mystery Town)"
04:00,59,6475757306,"Disney Solitaire 디즈니 솔리테어"
04:00,60,6740848451,"RF 온라인 넥스트"
04:00,61,6443477650,"한게임 로얄홀덤"
04:00,62,1471486284,"한게임 포커"
04:00,63,947258826,"마피아42"
04:00,64,6754679035,"히어로 랜드M"
04:00,65,6740026253,"오피스 퀸 키우기"
04:00,66,6757360957,"삼국지: 천하결전"
04:00,67,6746192853,"변신 키우기"
04:00,68,6755455500,"할리우드 머지"
04:00,69,6764201639,"총잡이 고양이 - 방치형 키우기"
04:00,70,1080541643,"Infinite Borders-인피니트 보더스"
04:00,71,1580691683,"MLB 9이닝스 라이벌 26"
04:00,72,1448979486,"던전앤파이터 모바일"
04:00,73,1635712706,"슬레이어 키우기"
04:00,74,6756558621,"킹덤2: 타오르는 전장"
04:00,75,6479970832,"포켓몬 카드 게임 Pocket"
04:00,76,6448719154,"레이븐2"
04:00,77,1521236603,"Travel Town - 결합 어드벤처"
04:00,78,6752886832,"호텔 레거시"
04:00,79,6443468110,"러브앤딥스페이스"
04:00,80,6749302379,"동방 찻집"
04:00,81,1582390510,"한게임포커 클래식 - 7포커 홀덤 섯다 훌라 슬롯"
04:00,82,6746465127,"세포 특공대 - 전략형 타워 디펜스"
04:00,83,963067330,"쿠키런: 오븐브레이크"
04:00,84,6786589102,"티니핑 매직 매치"
04:00,85,1470173983,"AION2"
04:00,86,1599719154,"붕괴: 스타레일"
04:00,87,898986747,"좀비고등학교"
04:00,88,6670441558,"Dark War:Survival"
04:00,89,6479595079,"세븐나이츠 리버스"
04:00,90,6467117398,"버섯커 키우기"
04:00,91,6759585981,"별별 히어로: 영웅 다있소"
04:00,92,6753862216,"푸드스타（Foodstars）: 합쳐서 요리하기"
04:00,93,6759914688,"냥찍 히어로즈 : 방치형 RPG"
04:00,94,6751086804,"그놈은 드래곤"
04:00,95,6736896540,"헬로키티 마이 드림 스토어"
04:00,96,1628970855,"AFK: 새로운 여정"
04:00,97,1053012308,"클래시 로얄 (Clash Royale)"
04:00,98,664575829,"피쉬돔 (Fishdom)"
04:00,99,1458568643,"피망 뉴맞고 : 고스톱으로 대한민국 1등"
04:00,100,6776989094,"블라이트 워 : 방치형 RPG"
04:00,101,1241893973,"페이트/그랜드 오더"
04:00,102,6740621218,"갓깨비 키우기"
04:00,103,1517783697,"원신-스네즈나야 오픈"
04:00,104,1176027022,"Toon Blast"
04:00,105,6449023119,"리버스: 1999"
04:00,106,1509450845,"쿠키런: 킹덤"
04:00,107,6737595599,"파운데이션: 우주 전선"
04:00,108,1376515087,"Age of Origins:Tower Defense"
04:00,109,529479190,"클래시 오브 클랜"
04:00,110,1492005122,"디아블로 이모탈"
04:00,111,6746636289,"Forge Master – Idle RPG"
04:00,112,6475077096,"아키에이지 워 (ArcheAge WAR)"
04:00,113,1478227443,"리니지2M"
04:00,114,6737408689,"스톤에이지 키우기"
04:00,115,6757690255,"윈드러너 키우기"
04:00,116,6754229264,"임진왜란: 조선의 반격"
04:00,117,6767834940,"탑 로드"
04:00,118,6754373623,"소울 헌터 키우기 : 방치형 RPG"
04:00,119,1166415380,"풀팟 홀덤 포커: 텍사스 홀덤, 오마하, 토너먼트"
04:00,120,6756058501,"젤리 버스터즈: 퍼즐 게임"
04:00,121,608808713,"쿠키런"
04:00,122,6738469826,"랜드 오브 제일"
04:00,123,1484442152,"머지 맨션: 퍼즐과 스토리"
04:00,124,880551258,"컴투스프로야구2026"
04:00,125,1554247785,"Yu-Gi-Oh! Master Duel"
04:00,126,6450953550,"탑 히어로즈: 영웅의 시대"
04:00,127,6752672568,"Block Out! - Color Sort Puzzle"
04:00,128,6740966864,"딸깍 다이스"
04:00,129,1160056295,"모바일 레전드: Bang Bang"
04:00,130,6475925341,"주술회전 팬텀 퍼레이드"
04:00,131,6756641249,"hololive Dreams"
04:00,132,6476731203,"건틀렛: 방치형 액션 RPG"
04:00,133,1347780764,"Identity V -제5인격"
04:00,134,6476336847,"피망 쇼다운 홀덤 : 텍사스 홀덤, 포커, 토너먼트"
04:00,135,1516727770,"마구마구 2026: 풀체인지"
04:00,136,6752369665,"Haunted Merge: Horror Story"
04:00,137,1444980563,"리니지W"
04:00,138,6760822948,"더 코지 플로리스트"
04:00,139,479516143,"Minecraft 온라인으로 친구들과 함께 플레이하세요"
04:00,140,6755585789,"템빨용사: 픽셀 아이템 머지 RPG"
04:00,141,6767155768,"현상금 해적단 키우기"
04:00,142,1484468651,"Dice Dreams™ 다이스 드림"
04:00,143,6741503079,"Pokémon Champions"
04:00,144,1473424424,"한게임 신맞고 : 대한민국 원조 고스톱"
04:00,145,6504332779,"Color Block Jam"
04:00,146,6692615881,"SD건담 지 제네레이션 이터널"
04:00,147,6745081346,"블리치: 소울 레조넌스"
04:00,148,6760754315,"꿈의 여행자: 별빛 여정"
04:00,149,6462846417,"MLB 클러치 히트 베이스볼 26"
04:00,150,6756247787,"디지몬 UP"
04:00,151,6761749975,"토이 삼국"
04:00,152,1598881852,"프로젝트 세카이 컬러풀 스테이지! feat.하츠네 미쿠"
04:00,153,6757722046,"Butcher hero: hook'n'chew RPG"
04:00,154,6444043291,"Domino Dreams™"
04:00,155,6747957875,"Family Go! - 대를 잇는 인생 시뮬레이션"
04:00,156,1480616748,"전략적 팀 전투: 리그 오브 레전드 전략 게임"
04:00,157,6457256716,"Total Football - 2026 북중미 시즌"
04:00,158,6483053853,"로드나인"
04:00,159,1668036690,"우파루 오딧세이"
04:00,160,1597760047,"OneState RP: 온라인 롤플레잉"
04:00,161,6740189002,"갤럭시 디펜스(Galaxy Defense)"
04:00,162,6502820653,"궁수의 전설2"
04:00,163,6758072393,"추락한 아름다움: 머지&스토리"
04:00,164,6741889270,"픽셀 법사 키우기 : 방치형 RPG"
04:00,165,1483058899,"Project Makeover"
04:00,166,6740043080,"Screwdom : 나사와 볼트 퍼즐"
04:00,167,6443760593,"좀비 웨이브스"
04:00,168,880047117,"앵그리버드 2 (Angry Birds 2)"
04:00,169,1581561666,"HIT2"
04:00,170,6740899070,"플랜티스와 좀비깡패"
04:00,171,1540557475,"라스트 포트리스 : 언더그라운드"
04:00,172,6762203850,"바르디안: Vardian"
04:00,173,6698862298,"아키텍트: 랜드 오브 엑자일"
04:00,174,6740514809,"신궁 키우기 : 방치형 RPG"
04:00,175,1468063069,"피망 포커"
04:00,176,6739772012,"암살자 키우기 : 1주년"
04:00,177,6751056652,"Pixel Flow!"
04:00,178,6480157886,"트리 오브 세이비어: 네버랜드"
04:00,179,6474961936,"레이싱 마스터"
04:00,180,1462911602,"Dream League Soccer 2026"
04:00,181,6737874398,"Merge Fashion: Romance Story"
04:00,182,6749132002,"빠지냥! (Drop the Cat)"
04:00,183,955705796,"MARVEL 퓨처파이트"
04:00,184,6757908157,"JoJo's Bizarre Adventure: GS"
04:00,185,6740556884,"잠룡 : 무협 도트 RPG"
04:00,186,6754965520,"로그 레전드: 로그라이크 RPG"
04:00,187,1533248097,"앙상블스타즈!!"
04:00,188,1450127722,"랑그릿사"
04:00,189,6466373096,"동글동글 거위헬스장"
04:00,190,362464325,"아이모: The World of Magic"
04:00,191,6743155652,"인생존망겜"
04:00,192,6739345737,"팰몬: 서바이벌"
04:00,193,409687884,"팔라독(Paladog)"
04:00,194,6746328263,"Castle Busters"
04:00,195,6740618570,"XP Hero (XP 히어로)"
04:00,196,6499209744,"마법의 정렬 (Magic Sort!)"
04:00,197,6762268182,"Z 루트: 리뎀션"
04:00,198,6754012129,"우와 모험단"
04:00,199,6779167923,"Colony Flow!"
04:00,200,1311102174,"위 베어 베어스 더 퍼즐 : 퍼즐게임"
04:30,1,6739616715,"메이플 키우기"
04:30,2,6443575749,"WOS: 화이트아웃 서바이벌"
04:30,3,1623318294,"가십하버: 합성 & 스토리 게임"
04:30,4,1458848044,"컴투스프로야구V26"
04:30,5,6749251466,"쿠키런 키우기 - 쿠키런: 크럼블"
04:30,6,1474589366,"리니지M"
04:30,7,6482291732,"운빨존많겜"
04:30,8,6754593077,"이환"
04:30,9,1094591345,"Pokémon GO"
04:30,10,6471045672,"테이스티 트레블: 합성 게임"
04:30,11,1482155847,"로얄 매치 (Royal Match)"
04:30,12,6443755785,"씨사이드 익스케이프: 합성 & 스토리 게임"
04:30,13,6739554056,"킹샷:Kingshot"
04:30,14,1478371252,"FC 모바일"
04:30,15,1606356401,"젠레스 존 제로 - 주년 기념"
04:30,16,6738163891,"뱀피르"
04:30,17,1273957743,"EA SPORTS FC Online M"
04:30,18,1105855019,"Gardenscapes"
04:30,19,1441742921,"마비노기 모바일"
04:30,20,6502326151,"카오스 제로 나이트메어"
04:30,21,6448786147,"라스트 워: 서바이벌"
04:30,22,6762442041,"열혈강호: 넥스트"
04:30,23,1520354659,"오딘: 발할라 라이징"
04:30,24,1366526331,"배틀그라운드"
04:30,25,6748004690,"SOL: enchant"
04:30,26,6503702666,"협타디: 협동 타워 디펜스"
04:30,27,6618142292,"핫레스토랑: 머지&쿠킹"
04:30,28,1480616990,"리그 오브 레전드: 와일드 리프트"
04:30,29,1195621598,"Homescapes: Match 3 Games"
04:30,30,1643509748,"머지 쿠킹 테마 레스토랑（Merge Cooking）"
04:30,31,1585915174,"승리의 여신: 니케"
04:30,32,1640203623,"작혼: 리치 마작"
04:30,33,1133463693,"메이플스토리M"
04:30,34,1616108452,"우마무스메 프리티 더비"
04:30,35,1471942989,"한게임 섯다&맞고"
04:30,36,1229016807,"브롤스타즈"
04:30,37,1507872328,"WPL : 홀덤, 토너먼트, 오마하, 올인폴드, 픽앤고"
04:30,38,1117270703,"eFootball™"
04:30,39,6748432502,"랜덤 다이스 2"
04:30,40,638689075,"꿈의 마을 (Township)"
04:30,41,6483252725,"몬길: STAR DIVE"
04:30,42,553834731,"캔디크러쉬사가"
04:30,43,6758200096,"라그나로크M: Classic"
04:30,44,6746151928,"두근두근타운"
04:30,45,1466736988,"카트라이더 러쉬플러스"
04:30,46,848091833,"냥코 대전쟁"
04:30,47,1128255542,"리니지M(12)"
04:30,48,1606549505,"로얄 킹덤 (Royal Kingdom)"
04:30,49,6759822089,"오늘의 꽃 : 진짜 꽃을 키우는 게임"
04:30,50,6499562253,"드래곤빌리지3 - 100일 이벤트!"
04:30,51,6756989323,"라스트 어사일럼: 페스트"
04:30,52,6446516059,"캣 히어로 : 방치형 RPG"
04:30,53,6503272652,"라스트 Z: 서바이벌 슈터"
04:30,54,6443477650,"한게임 로얄홀덤"
04:30,55,6475033368,"명조:워더링 웨이브 - 현방 지계를 향하여"
04:30,56,6751222389,"NBA 덩크 시티"
04:30,57,1571873795,"블루 아카이브"
04:30,58,947258826,"마피아42"
04:30,59,1471486284,"한게임 포커"
04:30,60,6475757306,"Disney Solitaire 디즈니 솔리테어"
04:30,61,6503603603,"미스터리 타운: 합성 게임 (Mystery Town)"
04:30,62,6757381033,"2026 프로야구GO!"
04:30,63,6754679035,"히어로 랜드M"
04:30,64,1080541643,"Infinite Borders-인피니트 보더스"
04:30,65,1448979486,"던전앤파이터 모바일"
04:30,66,6757360957,"삼국지: 천하결전"
04:30,67,6740848451,"RF 온라인 넥스트"
04:30,68,6740026253,"오피스 퀸 키우기"
04:30,69,6755455500,"할리우드 머지"
04:30,70,6764201639,"총잡이 고양이 - 방치형 키우기"
04:30,71,6746192853,"변신 키우기"
04:30,72,1521236603,"Travel Town - 결합 어드벤처"
04:30,73,6479970832,"포켓몬 카드 게임 Pocket"
04:30,74,1580691683,"MLB 9이닝스 라이벌 26"
04:30,75,6752886832,"호텔 레거시"
04:30,76,6746465127,"세포 특공대 - 전략형 타워 디펜스"
04:30,77,6448719154,"레이븐2"
04:30,78,1635712706,"슬레이어 키우기"
04:30,79,6756558621,"킹덤2: 타오르는 전장"
04:30,80,6443468110,"러브앤딥스페이스"
04:30,81,6786589102,"티니핑 매직 매치"
04:30,82,963067330,"쿠키런: 오븐브레이크"
04:30,83,6749302379,"동방 찻집"
04:30,84,898986747,"좀비고등학교"
04:30,85,1582390510,"한게임포커 클래식 - 7포커 홀덤 섯다 훌라 슬롯"
04:30,86,6479595079,"세븐나이츠 리버스"
04:30,87,1599719154,"붕괴: 스타레일"
04:30,88,1470173983,"AION2"
04:30,89,6467117398,"버섯커 키우기"
04:30,90,6753862216,"푸드스타（Foodstars）: 합쳐서 요리하기"
04:30,91,6736896540,"헬로키티 마이 드림 스토어"
04:30,92,6670441558,"Dark War:Survival"
04:30,93,6751086804,"그놈은 드래곤"
04:30,94,664575829,"피쉬돔 (Fishdom)"
04:30,95,1509450845,"쿠키런: 킹덤"
04:30,96,1053012308,"클래시 로얄 (Clash Royale)"
04:30,97,6759585981,"별별 히어로: 영웅 다있소"
04:30,98,1458568643,"피망 뉴맞고 : 고스톱으로 대한민국 1등"
04:30,99,1628970855,"AFK: 새로운 여정"
04:30,100,6759914688,"냥찍 히어로즈 : 방치형 RPG"
04:30,101,6449023119,"리버스: 1999"
04:30,102,6740621218,"갓깨비 키우기"
04:30,103,1176027022,"Toon Blast"
04:30,104,1241893973,"페이트/그랜드 오더"
04:30,105,1517783697,"원신-스네즈나야 오픈"
04:30,106,6776989094,"블라이트 워 : 방치형 RPG"
04:30,107,6737595599,"파운데이션: 우주 전선"
04:30,108,529479190,"클래시 오브 클랜"
04:30,109,6476336847,"피망 쇼다운 홀덤 : 텍사스 홀덤, 포커, 토너먼트"
04:30,110,608808713,"쿠키런"
04:30,111,1376515087,"Age of Origins:Tower Defense"
04:30,112,1166415380,"풀팟 홀덤 포커: 텍사스 홀덤, 오마하, 토너먼트"
04:30,113,6756058501,"젤리 버스터즈: 퍼즐 게임"
04:30,114,6767834940,"탑 로드"
04:30,115,1492005122,"디아블로 이모탈"
04:30,116,1516727770,"마구마구 2026: 풀체인지"
04:30,117,6752672568,"Block Out! - Color Sort Puzzle"
04:30,118,1484442152,"머지 맨션: 퍼즐과 스토리"
04:30,119,6754229264,"임진왜란: 조선의 반격"
04:30,120,6475077096,"아키에이지 워 (ArcheAge WAR)"
04:30,121,6476731203,"건틀렛: 방치형 액션 RPG"
04:30,122,1478227443,"리니지2M"
04:30,123,6475925341,"주술회전 팬텀 퍼레이드"
04:30,124,880551258,"컴투스프로야구2026"
04:30,125,1484468651,"Dice Dreams™ 다이스 드림"
04:30,126,6746636289,"Forge Master – Idle RPG"
04:30,127,6757690255,"윈드러너 키우기"
04:30,128,6754373623,"소울 헌터 키우기 : 방치형 RPG"
04:30,129,6737408689,"스톤에이지 키우기"
04:30,130,1444980563,"리니지W"
04:30,131,1554247785,"Yu-Gi-Oh! Master Duel"
04:30,132,6738469826,"랜드 오브 제일"
04:30,133,1347780764,"Identity V -제5인격"
04:30,134,6752369665,"Haunted Merge: Horror Story"
04:30,135,6740966864,"딸깍 다이스"
04:30,136,6761749975,"토이 삼국"
04:30,137,6756641249,"hololive Dreams"
04:30,138,1160056295,"모바일 레전드: Bang Bang"
04:30,139,479516143,"Minecraft 온라인으로 친구들과 함께 플레이하세요"
04:30,140,6767155768,"현상금 해적단 키우기"
04:30,141,6504332779,"Color Block Jam"
04:30,142,6462846417,"MLB 클러치 히트 베이스볼 26"
04:30,143,6450953550,"탑 히어로즈: 영웅의 시대"
04:30,144,6760822948,"더 코지 플로리스트"
04:30,145,6740043080,"Screwdom : 나사와 볼트 퍼즐"
04:30,146,6747957875,"Family Go! - 대를 잇는 인생 시뮬레이션"
04:30,147,1597760047,"OneState RP: 온라인 롤플레잉"
04:30,148,6741503079,"Pokémon Champions"
04:30,149,6745081346,"블리치: 소울 레조넌스"
04:30,150,1462911602,"Dream League Soccer 2026"
04:30,151,6760754315,"꿈의 여행자: 별빛 여정"
04:30,152,6756247787,"디지몬 UP"
04:30,153,1598881852,"프로젝트 세카이 컬러풀 스테이지! feat.하츠네 미쿠"
04:30,154,6444043291,"Domino Dreams™"
04:30,155,6755585789,"템빨용사: 픽셀 아이템 머지 RPG"
04:30,156,1473424424,"한게임 신맞고 : 대한민국 원조 고스톱"
04:30,157,6757722046,"Butcher hero: hook'n'chew RPG"
04:30,158,6692615881,"SD건담 지 제네레이션 이터널"
04:30,159,1480616748,"전략적 팀 전투: 리그 오브 레전드 전략 게임"
04:30,160,6762203850,"바르디안: Vardian"
04:30,161,6758072393,"추락한 아름다움: 머지&스토리"
04:30,162,6457256716,"Total Football - 2026 북중미 시즌"
04:30,163,1483058899,"Project Makeover"
04:30,164,6502820653,"궁수의 전설2"
04:30,165,6483053853,"로드나인"
04:30,166,1668036690,"우파루 오딧세이"
04:30,167,1468063069,"피망 포커"
04:30,168,6741889270,"픽셀 법사 키우기 : 방치형 RPG"
04:30,169,880047117,"앵그리버드 2 (Angry Birds 2)"
04:30,170,6740899070,"플랜티스와 좀비깡패"
04:30,171,6740189002,"갤럭시 디펜스(Galaxy Defense)"
04:30,172,6466373096,"동글동글 거위헬스장"
04:30,173,6751056652,"Pixel Flow!"
04:30,174,6443760593,"좀비 웨이브스"
04:30,175,6737874398,"Merge Fashion: Romance Story"
04:30,176,6749132002,"빠지냥! (Drop the Cat)"
04:30,177,6739772012,"암살자 키우기 : 1주년"
04:30,178,955705796,"MARVEL 퓨처파이트"
04:30,179,1581561666,"HIT2"
04:30,180,6743155652,"인생존망겜"
04:30,181,1540557475,"라스트 포트리스 : 언더그라운드"
04:30,182,6474961936,"레이싱 마스터"
04:30,183,6754965520,"로그 레전드: 로그라이크 RPG"
04:30,184,6698862298,"아키텍트: 랜드 오브 엑자일"
04:30,185,6740618570,"XP Hero (XP 히어로)"
04:30,186,6740514809,"신궁 키우기 : 방치형 RPG"
04:30,187,6480157886,"트리 오브 세이비어: 네버랜드"
04:30,188,6739345737,"팰몬: 서바이벌"
04:30,189,6499209744,"마법의 정렬 (Magic Sort!)"
04:30,190,409687884,"팔라독(Paladog)"
04:30,191,6757908157,"JoJo's Bizarre Adventure: GS"
04:30,192,1450127722,"랑그릿사"
04:30,193,6443824730,"트릭컬 리바이브"
04:30,194,1533248097,"앙상블스타즈!!"
04:30,195,6746328263,"Castle Busters"
04:30,196,6760125313,"희비전 리버스"
04:30,197,6476094902,"궁:영롱몽"
04:30,198,6444112366,"Limbus Company"
04:30,199,6779167923,"Colony Flow!"
04:30,200,362464325,"아이모: The World of Magic"
05:00,1,6739616715,"메이플 키우기"
05:00,2,6443575749,"WOS: 화이트아웃 서바이벌"
05:00,3,1623318294,"가십하버: 합성 & 스토리 게임"
05:00,4,1458848044,"컴투스프로야구V26"
05:00,5,6749251466,"쿠키런 키우기 - 쿠키런: 크럼블"
05:00,6,1474589366,"리니지M"
05:00,7,6482291732,"운빨존많겜"
05:00,8,6754593077,"이환"
05:00,9,1094591345,"Pokémon GO"
05:00,10,6471045672,"테이스티 트레블: 합성 게임"
05:00,11,1482155847,"로얄 매치 (Royal Match)"
05:00,12,6443755785,"씨사이드 익스케이프: 합성 & 스토리 게임"
05:00,13,6739554056,"킹샷:Kingshot"
05:00,14,1478371252,"FC 모바일"
05:00,15,1606356401,"젠레스 존 제로 - 주년 기념"
05:00,16,6738163891,"뱀피르"
05:00,17,1273957743,"EA SPORTS FC Online M"
05:00,18,1105855019,"Gardenscapes"
05:00,19,1441742921,"마비노기 모바일"
05:00,20,6502326151,"카오스 제로 나이트메어"
05:00,21,6448786147,"라스트 워: 서바이벌"
05:00,22,6762442041,"열혈강호: 넥스트"
05:00,23,1520354659,"오딘: 발할라 라이징"
05:00,24,1366526331,"배틀그라운드"
05:00,25,6748004690,"SOL: enchant"
05:00,26,6503702666,"협타디: 협동 타워 디펜스"
05:00,27,6618142292,"핫레스토랑: 머지&쿠킹"
05:00,28,1480616990,"리그 오브 레전드: 와일드 리프트"
05:00,29,1195621598,"Homescapes: Match 3 Games"
05:00,30,1643509748,"머지 쿠킹 테마 레스토랑（Merge Cooking）"
05:00,31,1585915174,"승리의 여신: 니케"
05:00,32,1640203623,"작혼: 리치 마작"
05:00,33,1133463693,"메이플스토리M"
05:00,34,1616108452,"우마무스메 프리티 더비"
05:00,35,1471942989,"한게임 섯다&맞고"
05:00,36,1229016807,"브롤스타즈"
05:00,37,1507872328,"WPL : 홀덤, 토너먼트, 오마하, 올인폴드, 픽앤고"
05:00,38,1117270703,"eFootball™"
05:00,39,6748432502,"랜덤 다이스 2"
05:00,40,638689075,"꿈의 마을 (Township)"
05:00,41,6483252725,"몬길: STAR DIVE"
05:00,42,553834731,"캔디크러쉬사가"
05:00,43,6758200096,"라그나로크M: Classic"
05:00,44,6746151928,"두근두근타운"
05:00,45,1466736988,"카트라이더 러쉬플러스"
05:00,46,848091833,"냥코 대전쟁"
05:00,47,1128255542,"리니지M(12)"
05:00,48,1606549505,"로얄 킹덤 (Royal Kingdom)"
05:00,49,6759822089,"오늘의 꽃 : 진짜 꽃을 키우는 게임"
05:00,50,6499562253,"드래곤빌리지3 - 100일 이벤트!"
05:00,51,6756989323,"라스트 어사일럼: 페스트"
05:00,52,6446516059,"캣 히어로 : 방치형 RPG"
05:00,53,6503272652,"라스트 Z: 서바이벌 슈터"
05:00,54,6443477650,"한게임 로얄홀덤"
05:00,55,6475033368,"명조:워더링 웨이브 - 현방 지계를 향하여"
05:00,56,6751222389,"NBA 덩크 시티"
05:00,57,1571873795,"블루 아카이브"
05:00,58,947258826,"마피아42"
05:00,59,1471486284,"한게임 포커"
05:00,60,6475757306,"Disney Solitaire 디즈니 솔리테어"
05:00,61,6503603603,"미스터리 타운: 합성 게임 (Mystery Town)"
05:00,62,6757381033,"2026 프로야구GO!"
05:00,63,6754679035,"히어로 랜드M"
05:00,64,1080541643,"Infinite Borders-인피니트 보더스"
05:00,65,1448979486,"던전앤파이터 모바일"
05:00,66,6757360957,"삼국지: 천하결전"
05:00,67,6740848451,"RF 온라인 넥스트"
05:00,68,6740026253,"오피스 퀸 키우기"
05:00,69,6755455500,"할리우드 머지"
05:00,70,6764201639,"총잡이 고양이 - 방치형 키우기"
05:00,71,6746192853,"변신 키우기"
05:00,72,1521236603,"Travel Town - 결합 어드벤처"
05:00,73,6479970832,"포켓몬 카드 게임 Pocket"
05:00,74,1580691683,"MLB 9이닝스 라이벌 26"
05:00,75,6752886832,"호텔 레거시"
05:00,76,6746465127,"세포 특공대 - 전략형 타워 디펜스"
05:00,77,6448719154,"레이븐2"
05:00,78,1635712706,"슬레이어 키우기"
05:00,79,6756558621,"킹덤2: 타오르는 전장"
05:00,80,6443468110,"러브앤딥스페이스"
05:00,81,6786589102,"티니핑 매직 매치"
05:00,82,963067330,"쿠키런: 오븐브레이크"
05:00,83,6749302379,"동방 찻집"
05:00,84,898986747,"좀비고등학교"
05:00,85,1582390510,"한게임포커 클래식 - 7포커 홀덤 섯다 훌라 슬롯"
05:00,86,6479595079,"세븐나이츠 리버스"
05:00,87,1599719154,"붕괴: 스타레일"
05:00,88,1470173983,"AION2"
05:00,89,6467117398,"버섯커 키우기"
05:00,90,6753862216,"푸드스타（Foodstars）: 합쳐서 요리하기"
05:00,91,6736896540,"헬로키티 마이 드림 스토어"
05:00,92,6670441558,"Dark War:Survival"
05:00,93,6751086804,"그놈은 드래곤"
05:00,94,664575829,"피쉬돔 (Fishdom)"
05:00,95,1509450845,"쿠키런: 킹덤"
05:00,96,1053012308,"클래시 로얄 (Clash Royale)"
05:00,97,6759585981,"별별 히어로: 영웅 다있소"
05:00,98,1458568643,"피망 뉴맞고 : 고스톱으로 대한민국 1등"
05:00,99,1628970855,"AFK: 새로운 여정"
05:00,100,6759914688,"냥찍 히어로즈 : 방치형 RPG"
05:00,101,6449023119,"리버스: 1999"
05:00,102,6740621218,"갓깨비 키우기"
05:00,103,1176027022,"Toon Blast"
05:00,104,1241893973,"페이트/그랜드 오더"
05:00,105,1517783697,"원신-스네즈나야 오픈"
05:00,106,6776989094,"블라이트 워 : 방치형 RPG"
05:00,107,6737595599,"파운데이션: 우주 전선"
05:00,108,529479190,"클래시 오브 클랜"
05:00,109,6476336847,"피망 쇼다운 홀덤 : 텍사스 홀덤, 포커, 토너먼트"
05:00,110,608808713,"쿠키런"
05:00,111,1376515087,"Age of Origins:Tower Defense"
05:00,112,1166415380,"풀팟 홀덤 포커: 텍사스 홀덤, 오마하, 토너먼트"
05:00,113,6756058501,"젤리 버스터즈: 퍼즐 게임"
05:00,114,6767834940,"탑 로드"
05:00,115,1492005122,"디아블로 이모탈"
05:00,116,1516727770,"마구마구 2026: 풀체인지"
05:00,117,6752672568,"Block Out! - Color Sort Puzzle"
05:00,118,1484442152,"머지 맨션: 퍼즐과 스토리"
05:00,119,6754229264,"임진왜란: 조선의 반격"
05:00,120,6475077096,"아키에이지 워 (ArcheAge WAR)"
05:00,121,6476731203,"건틀렛: 방치형 액션 RPG"
05:00,122,1478227443,"리니지2M"
05:00,123,6475925341,"주술회전 팬텀 퍼레이드"
05:00,124,880551258,"컴투스프로야구2026"
05:00,125,1484468651,"Dice Dreams™ 다이스 드림"
05:00,126,6746636289,"Forge Master – Idle RPG"
05:00,127,6757690255,"윈드러너 키우기"
05:00,128,6754373623,"소울 헌터 키우기 : 방치형 RPG"
05:00,129,6737408689,"스톤에이지 키우기"
05:00,130,1444980563,"리니지W"
05:00,131,1554247785,"Yu-Gi-Oh! Master Duel"
05:00,132,6738469826,"랜드 오브 제일"
05:00,133,1347780764,"Identity V -제5인격"
05:00,134,6752369665,"Haunted Merge: Horror Story"
05:00,135,6740966864,"딸깍 다이스"
05:00,136,6761749975,"토이 삼국"
05:00,137,6756641249,"hololive Dreams"
05:00,138,1160056295,"모바일 레전드: Bang Bang"
05:00,139,479516143,"Minecraft 온라인으로 친구들과 함께 플레이하세요"
05:00,140,6767155768,"현상금 해적단 키우기"
05:00,141,6504332779,"Color Block Jam"
05:00,142,6462846417,"MLB 클러치 히트 베이스볼 26"
05:00,143,6450953550,"탑 히어로즈: 영웅의 시대"
05:00,144,6760822948,"더 코지 플로리스트"
05:00,145,6740043080,"Screwdom : 나사와 볼트 퍼즐"
05:00,146,6747957875,"Family Go! - 대를 잇는 인생 시뮬레이션"
05:00,147,1597760047,"OneState RP: 온라인 롤플레잉"
05:00,148,6741503079,"Pokémon Champions"
05:00,149,6745081346,"블리치: 소울 레조넌스"
05:00,150,1462911602,"Dream League Soccer 2026"
05:00,151,6760754315,"꿈의 여행자: 별빛 여정"
05:00,152,6756247787,"디지몬 UP"
05:00,153,1598881852,"프로젝트 세카이 컬러풀 스테이지! feat.하츠네 미쿠"
05:00,154,6444043291,"Domino Dreams™"
05:00,155,6755585789,"템빨용사: 픽셀 아이템 머지 RPG"
05:00,156,1473424424,"한게임 신맞고 : 대한민국 원조 고스톱"
05:00,157,6757722046,"Butcher hero: hook'n'chew RPG"
05:00,158,6692615881,"SD건담 지 제네레이션 이터널"
05:00,159,1480616748,"전략적 팀 전투: 리그 오브 레전드 전략 게임"
05:00,160,6762203850,"바르디안: Vardian"
05:00,161,6758072393,"추락한 아름다움: 머지&스토리"
05:00,162,6457256716,"Total Football - 2026 북중미 시즌"
05:00,163,1483058899,"Project Makeover"
05:00,164,6502820653,"궁수의 전설2"
05:00,165,6483053853,"로드나인"
05:00,166,1668036690,"우파루 오딧세이"
05:00,167,1468063069,"피망 포커"
05:00,168,6741889270,"픽셀 법사 키우기 : 방치형 RPG"
05:00,169,880047117,"앵그리버드 2 (Angry Birds 2)"
05:00,170,6740899070,"플랜티스와 좀비깡패"
05:00,171,6740189002,"갤럭시 디펜스(Galaxy Defense)"
05:00,172,6466373096,"동글동글 거위헬스장"
05:00,173,6751056652,"Pixel Flow!"
05:00,174,6443760593,"좀비 웨이브스"
05:00,175,6737874398,"Merge Fashion: Romance Story"
05:00,176,6749132002,"빠지냥! (Drop the Cat)"
05:00,177,6739772012,"암살자 키우기 : 1주년"
05:00,178,955705796,"MARVEL 퓨처파이트"
05:00,179,1581561666,"HIT2"
05:00,180,6743155652,"인생존망겜"
05:00,181,1540557475,"라스트 포트리스 : 언더그라운드"
05:00,182,6474961936,"레이싱 마스터"
05:00,183,6754965520,"로그 레전드: 로그라이크 RPG"
05:00,184,6698862298,"아키텍트: 랜드 오브 엑자일"
05:00,185,6740618570,"XP Hero (XP 히어로)"
05:00,186,6740514809,"신궁 키우기 : 방치형 RPG"
05:00,187,6480157886,"트리 오브 세이비어: 네버랜드"
05:00,188,6739345737,"팰몬: 서바이벌"
05:00,189,6499209744,"마법의 정렬 (Magic Sort!)"
05:00,190,409687884,"팔라독(Paladog)"
05:00,191,6757908157,"JoJo's Bizarre Adventure: GS"
05:00,192,1450127722,"랑그릿사"
05:00,193,6443824730,"트릭컬 리바이브"
05:00,194,1533248097,"앙상블스타즈!!"
05:00,195,6746328263,"Castle Busters"
05:00,196,6760125313,"희비전 리버스"
05:00,197,6476094902,"궁:영롱몽"
05:00,198,6444112366,"Limbus Company"
05:00,199,6779167923,"Colony Flow!"
05:00,200,362464325,"아이모: The World of Magic"
05:30,1,6739616715,"메이플 키우기"
05:30,2,6443575749,"WOS: 화이트아웃 서바이벌"
05:30,3,1623318294,"가십하버: 합성 & 스토리 게임"
05:30,4,1458848044,"컴투스프로야구V26"
05:30,5,6749251466,"쿠키런 키우기 - 쿠키런: 크럼블"
05:30,6,1474589366,"리니지M"
05:30,7,6482291732,"운빨존많겜"
05:30,8,6754593077,"이환"
05:30,9,1094591345,"Pokémon GO"
05:30,10,6471045672,"테이스티 트레블: 합성 게임"
05:30,11,1482155847,"로얄 매치 (Royal Match)"
05:30,12,6443755785,"씨사이드 익스케이프: 합성 & 스토리 게임"
05:30,13,6739554056,"킹샷:Kingshot"
05:30,14,1478371252,"FC 모바일"
05:30,15,1606356401,"젠레스 존 제로 - 주년 기념"
05:30,16,6738163891,"뱀피르"
05:30,17,1273957743,"EA SPORTS FC Online M"
05:30,18,1105855019,"Gardenscapes"
05:30,19,1441742921,"마비노기 모바일"
05:30,20,6502326151,"카오스 제로 나이트메어"
05:30,21,6448786147,"라스트 워: 서바이벌"
05:30,22,6762442041,"열혈강호: 넥스트"
05:30,23,1520354659,"오딘: 발할라 라이징"
05:30,24,1366526331,"배틀그라운드"
05:30,25,6748004690,"SOL: enchant"
05:30,26,6503702666,"협타디: 협동 타워 디펜스"
05:30,27,6618142292,"핫레스토랑: 머지&쿠킹"
05:30,28,1480616990,"리그 오브 레전드: 와일드 리프트"
05:30,29,1195621598,"Homescapes: Match 3 Games"
05:30,30,1643509748,"머지 쿠킹 테마 레스토랑（Merge Cooking）"
05:30,31,1585915174,"승리의 여신: 니케"
05:30,32,1640203623,"작혼: 리치 마작"
05:30,33,1133463693,"메이플스토리M"
05:30,34,1616108452,"우마무스메 프리티 더비"
05:30,35,1471942989,"한게임 섯다&맞고"
05:30,36,1229016807,"브롤스타즈"
05:30,37,1507872328,"WPL : 홀덤, 토너먼트, 오마하, 올인폴드, 픽앤고"
05:30,38,1117270703,"eFootball™"
05:30,39,6748432502,"랜덤 다이스 2"
05:30,40,638689075,"꿈의 마을 (Township)"
05:30,41,6483252725,"몬길: STAR DIVE"
05:30,42,553834731,"캔디크러쉬사가"
05:30,43,6758200096,"라그나로크M: Classic"
05:30,44,6746151928,"두근두근타운"
05:30,45,1466736988,"카트라이더 러쉬플러스"
05:30,46,848091833,"냥코 대전쟁"
05:30,47,1128255542,"리니지M(12)"
05:30,48,1606549505,"로얄 킹덤 (Royal Kingdom)"
05:30,49,6759822089,"오늘의 꽃 : 진짜 꽃을 키우는 게임"
05:30,50,6499562253,"드래곤빌리지3 - 100일 이벤트!"
05:30,51,6756989323,"라스트 어사일럼: 페스트"
05:30,52,6446516059,"캣 히어로 : 방치형 RPG"
05:30,53,6503272652,"라스트 Z: 서바이벌 슈터"
05:30,54,6443477650,"한게임 로얄홀덤"
05:30,55,6475033368,"명조:워더링 웨이브 - 현방 지계를 향하여"
05:30,56,6751222389,"NBA 덩크 시티"
05:30,57,1571873795,"블루 아카이브"
05:30,58,947258826,"마피아42"
05:30,59,1471486284,"한게임 포커"
05:30,60,6475757306,"Disney Solitaire 디즈니 솔리테어"
05:30,61,6503603603,"미스터리 타운: 합성 게임 (Mystery Town)"
05:30,62,6757381033,"2026 프로야구GO!"
05:30,63,6754679035,"히어로 랜드M"
05:30,64,1080541643,"Infinite Borders-인피니트 보더스"
05:30,65,1448979486,"던전앤파이터 모바일"
05:30,66,6757360957,"삼국지: 천하결전"
05:30,67,6740848451,"RF 온라인 넥스트"
05:30,68,6740026253,"오피스 퀸 키우기"
05:30,69,6755455500,"할리우드 머지"
05:30,70,6764201639,"총잡이 고양이 - 방치형 키우기"
05:30,71,6746192853,"변신 키우기"
05:30,72,1521236603,"Travel Town - 결합 어드벤처"
05:30,73,6479970832,"포켓몬 카드 게임 Pocket"
05:30,74,1580691683,"MLB 9이닝스 라이벌 26"
05:30,75,6752886832,"호텔 레거시"
05:30,76,6746465127,"세포 특공대 - 전략형 타워 디펜스"
05:30,77,6448719154,"레이븐2"
05:30,78,1635712706,"슬레이어 키우기"
05:30,79,6756558621,"킹덤2: 타오르는 전장"
05:30,80,6443468110,"러브앤딥스페이스"
05:30,81,6786589102,"티니핑 매직 매치"
05:30,82,963067330,"쿠키런: 오븐브레이크"
05:30,83,6749302379,"동방 찻집"
05:30,84,898986747,"좀비고등학교"
05:30,85,1582390510,"한게임포커 클래식 - 7포커 홀덤 섯다 훌라 슬롯"
05:30,86,6479595079,"세븐나이츠 리버스"
05:30,87,1599719154,"붕괴: 스타레일"
05:30,88,1470173983,"AION2"
05:30,89,6467117398,"버섯커 키우기"
05:30,90,6753862216,"푸드스타（Foodstars）: 합쳐서 요리하기"
05:30,91,6736896540,"헬로키티 마이 드림 스토어"
05:30,92,6670441558,"Dark War:Survival"
05:30,93,6751086804,"그놈은 드래곤"
05:30,94,664575829,"피쉬돔 (Fishdom)"
05:30,95,1509450845,"쿠키런: 킹덤"
05:30,96,1053012308,"클래시 로얄 (Clash Royale)"
05:30,97,6759585981,"별별 히어로: 영웅 다있소"
05:30,98,1458568643,"피망 뉴맞고 : 고스톱으로 대한민국 1등"
05:30,99,1628970855,"AFK: 새로운 여정"
05:30,100,6759914688,"냥찍 히어로즈 : 방치형 RPG"
05:30,101,6449023119,"리버스: 1999"
05:30,102,6740621218,"갓깨비 키우기"
05:30,103,1176027022,"Toon Blast"
05:30,104,1241893973,"페이트/그랜드 오더"
05:30,105,1517783697,"원신-스네즈나야 오픈"
05:30,106,6776989094,"블라이트 워 : 방치형 RPG"
05:30,107,6737595599,"파운데이션: 우주 전선"
05:30,108,529479190,"클래시 오브 클랜"
05:30,109,6476336847,"피망 쇼다운 홀덤 : 텍사스 홀덤, 포커, 토너먼트"
05:30,110,608808713,"쿠키런"
05:30,111,1376515087,"Age of Origins:Tower Defense"
05:30,112,1166415380,"풀팟 홀덤 포커: 텍사스 홀덤, 오마하, 토너먼트"
05:30,113,6756058501,"젤리 버스터즈: 퍼즐 게임"
05:30,114,6767834940,"탑 로드"
05:30,115,1492005122,"디아블로 이모탈"
05:30,116,1516727770,"마구마구 2026: 풀체인지"
05:30,117,6752672568,"Block Out! - Color Sort Puzzle"
05:30,118,1484442152,"머지 맨션: 퍼즐과 스토리"
05:30,119,6754229264,"임진왜란: 조선의 반격"
05:30,120,6475077096,"아키에이지 워 (ArcheAge WAR)"
05:30,121,6476731203,"건틀렛: 방치형 액션 RPG"
05:30,122,1478227443,"리니지2M"
05:30,123,6475925341,"주술회전 팬텀 퍼레이드"
05:30,124,880551258,"컴투스프로야구2026"
05:30,125,1484468651,"Dice Dreams™ 다이스 드림"
05:30,126,6746636289,"Forge Master – Idle RPG"
05:30,127,6757690255,"윈드러너 키우기"
05:30,128,6754373623,"소울 헌터 키우기 : 방치형 RPG"
05:30,129,6737408689,"스톤에이지 키우기"
05:30,130,1444980563,"리니지W"
05:30,131,1554247785,"Yu-Gi-Oh! Master Duel"
05:30,132,6738469826,"랜드 오브 제일"
05:30,133,1347780764,"Identity V -제5인격"
05:30,134,6752369665,"Haunted Merge: Horror Story"
05:30,135,6740966864,"딸깍 다이스"
05:30,136,6761749975,"토이 삼국"
05:30,137,6756641249,"hololive Dreams"
05:30,138,1160056295,"모바일 레전드: Bang Bang"
05:30,139,479516143,"Minecraft 온라인으로 친구들과 함께 플레이하세요"
05:30,140,6767155768,"현상금 해적단 키우기"
05:30,141,6504332779,"Color Block Jam"
05:30,142,6462846417,"MLB 클러치 히트 베이스볼 26"
05:30,143,6450953550,"탑 히어로즈: 영웅의 시대"
05:30,144,6760822948,"더 코지 플로리스트"
05:30,145,6740043080,"Screwdom : 나사와 볼트 퍼즐"
05:30,146,6747957875,"Family Go! - 대를 잇는 인생 시뮬레이션"
05:30,147,1597760047,"OneState RP: 온라인 롤플레잉"
05:30,148,6741503079,"Pokémon Champions"
05:30,149,6745081346,"블리치: 소울 레조넌스"
05:30,150,1462911602,"Dream League Soccer 2026"
05:30,151,6760754315,"꿈의 여행자: 별빛 여정"
05:30,152,6756247787,"디지몬 UP"
05:30,153,1598881852,"프로젝트 세카이 컬러풀 스테이지! feat.하츠네 미쿠"
05:30,154,6444043291,"Domino Dreams™"
05:30,155,6755585789,"템빨용사: 픽셀 아이템 머지 RPG"
05:30,156,1473424424,"한게임 신맞고 : 대한민국 원조 고스톱"
05:30,157,6757722046,"Butcher hero: hook'n'chew RPG"
05:30,158,6692615881,"SD건담 지 제네레이션 이터널"
05:30,159,1480616748,"전략적 팀 전투: 리그 오브 레전드 전략 게임"
05:30,160,6762203850,"바르디안: Vardian"
05:30,161,6758072393,"추락한 아름다움: 머지&스토리"
05:30,162,6457256716,"Total Football - 2026 북중미 시즌"
05:30,163,1483058899,"Project Makeover"
05:30,164,6502820653,"궁수의 전설2"
05:30,165,6483053853,"로드나인"
05:30,166,1668036690,"우파루 오딧세이"
05:30,167,1468063069,"피망 포커"
05:30,168,6741889270,"픽셀 법사 키우기 : 방치형 RPG"
05:30,169,880047117,"앵그리버드 2 (Angry Birds 2)"
05:30,170,6740899070,"플랜티스와 좀비깡패"
05:30,171,6740189002,"갤럭시 디펜스(Galaxy Defense)"
05:30,172,6466373096,"동글동글 거위헬스장"
05:30,173,6751056652,"Pixel Flow!"
05:30,174,6443760593,"좀비 웨이브스"
05:30,175,6737874398,"Merge Fashion: Romance Story"
05:30,176,6749132002,"빠지냥! (Drop the Cat)"
05:30,177,6739772012,"암살자 키우기 : 1주년"
05:30,178,955705796,"MARVEL 퓨처파이트"
05:30,179,1581561666,"HIT2"
05:30,180,6743155652,"인생존망겜"
05:30,181,1540557475,"라스트 포트리스 : 언더그라운드"
05:30,182,6474961936,"레이싱 마스터"
05:30,183,6754965520,"로그 레전드: 로그라이크 RPG"
05:30,184,6698862298,"아키텍트: 랜드 오브 엑자일"
05:30,185,6740618570,"XP Hero (XP 히어로)"
05:30,186,6740514809,"신궁 키우기 : 방치형 RPG"
05:30,187,6480157886,"트리 오브 세이비어: 네버랜드"
05:30,188,6739345737,"팰몬: 서바이벌"
05:30,189,6499209744,"마법의 정렬 (Magic Sort!)"
05:30,190,409687884,"팔라독(Paladog)"
05:30,191,6757908157,"JoJo's Bizarre Adventure: GS"
05:30,192,1450127722,"랑그릿사"
05:30,193,6443824730,"트릭컬 리바이브"
05:30,194,1533248097,"앙상블스타즈!!"
05:30,195,6746328263,"Castle Busters"
05:30,196,6760125313,"희비전 리버스"
05:30,197,6476094902,"궁:영롱몽"
05:30,198,6444112366,"Limbus Company"
05:30,199,6779167923,"Colony Flow!"
05:30,200,362464325,"아이모: The World of Magic"
06:30,1,6739616715,"메이플 키우기"
06:30,2,6443575749,"WOS: 화이트아웃 서바이벌"
06:30,3,1623318294,"가십하버: 합성 & 스토리 게임"
06:30,4,1458848044,"컴투스프로야구V26"
06:30,5,6749251466,"쿠키런 키우기 - 쿠키런: 크럼블"
06:30,6,1474589366,"리니지M"
06:30,7,6482291732,"운빨존많겜"
06:30,8,6754593077,"이환"
06:30,9,1094591345,"Pokémon GO"
06:30,10,6471045672,"테이스티 트레블: 합성 게임"
06:30,11,1482155847,"로얄 매치 (Royal Match)"
06:30,12,6443755785,"씨사이드 익스케이프: 합성 & 스토리 게임"
06:30,13,6739554056,"킹샷:Kingshot"
06:30,14,1478371252,"FC 모바일"
06:30,15,1606356401,"젠레스 존 제로 - 주년 기념"
06:30,16,6738163891,"뱀피르"
06:30,17,1273957743,"EA SPORTS FC Online M"
06:30,18,1105855019,"Gardenscapes"
06:30,19,1441742921,"마비노기 모바일"
06:30,20,6502326151,"카오스 제로 나이트메어"
06:30,21,6448786147,"라스트 워: 서바이벌"
06:30,22,6762442041,"열혈강호: 넥스트"
06:30,23,1520354659,"오딘: 발할라 라이징"
06:30,24,1366526331,"배틀그라운드"
06:30,25,6748004690,"SOL: enchant"
06:30,26,6503702666,"협타디: 협동 타워 디펜스"
06:30,27,6618142292,"핫레스토랑: 머지&쿠킹"
06:30,28,1480616990,"리그 오브 레전드: 와일드 리프트"
06:30,29,1195621598,"Homescapes: Match 3 Games"
06:30,30,1643509748,"머지 쿠킹 테마 레스토랑（Merge Cooking）"
06:30,31,1585915174,"승리의 여신: 니케"
06:30,32,1640203623,"작혼: 리치 마작"
06:30,33,1133463693,"메이플스토리M"
06:30,34,1616108452,"우마무스메 프리티 더비"
06:30,35,1471942989,"한게임 섯다&맞고"
06:30,36,1229016807,"브롤스타즈"
06:30,37,1507872328,"WPL : 홀덤, 토너먼트, 오마하, 올인폴드, 픽앤고"
06:30,38,1117270703,"eFootball™"
06:30,39,6748432502,"랜덤 다이스 2"
06:30,40,638689075,"꿈의 마을 (Township)"
06:30,41,6483252725,"몬길: STAR DIVE"
06:30,42,553834731,"캔디크러쉬사가"
06:30,43,6758200096,"라그나로크M: Classic"
06:30,44,6746151928,"두근두근타운"
06:30,45,1466736988,"카트라이더 러쉬플러스"
06:30,46,848091833,"냥코 대전쟁"
06:30,47,1128255542,"리니지M(12)"
06:30,48,1606549505,"로얄 킹덤 (Royal Kingdom)"
06:30,49,6759822089,"오늘의 꽃 : 진짜 꽃을 키우는 게임"
06:30,50,6499562253,"드래곤빌리지3 - 100일 이벤트!"
06:30,51,6756989323,"라스트 어사일럼: 페스트"
06:30,52,6446516059,"캣 히어로 : 방치형 RPG"
06:30,53,6503272652,"라스트 Z: 서바이벌 슈터"
06:30,54,6443477650,"한게임 로얄홀덤"
06:30,55,6475033368,"명조:워더링 웨이브"
06:30,56,6751222389,"NBA 덩크 시티"
06:30,57,1571873795,"블루 아카이브"
06:30,58,947258826,"마피아42"
06:30,59,1471486284,"한게임 포커"
06:30,60,6475757306,"Disney Solitaire 디즈니 솔리테어"
06:30,61,6503603603,"미스터리 타운: 합성 게임 (Mystery Town)"
06:30,62,6757381033,"2026 프로야구GO!"
06:30,63,6754679035,"히어로 랜드M"
06:30,64,1080541643,"Infinite Borders-인피니트 보더스"
06:30,65,1448979486,"던전앤파이터 모바일"
06:30,66,6757360957,"삼국지: 천하결전"
06:30,67,6740848451,"RF 온라인 넥스트"
06:30,68,6740026253,"오피스 퀸 키우기"
06:30,69,6755455500,"할리우드 머지"
06:30,70,6764201639,"총잡이 고양이 - 방치형 키우기"
06:30,71,6746192853,"변신 키우기"
06:30,72,1521236603,"Travel Town - 결합 어드벤처"
06:30,73,6479970832,"포켓몬 카드 게임 Pocket"
06:30,74,1580691683,"MLB 9이닝스 라이벌 26"
06:30,75,6752886832,"호텔 레거시"
06:30,76,6746465127,"세포 특공대 - 전략형 타워 디펜스"
06:30,77,6448719154,"레이븐2"
06:30,78,1635712706,"슬레이어 키우기"
06:30,79,6756558621,"킹덤2: 타오르는 전장"
06:30,80,6443468110,"러브앤딥스페이스"
06:30,81,6786589102,"티니핑 매직 매치"
06:30,82,963067330,"쿠키런: 오븐브레이크"
06:30,83,6749302379,"동방 찻집"
06:30,84,898986747,"좀비고등학교"
06:30,85,1582390510,"한게임포커 클래식 - 7포커 홀덤 섯다 훌라 슬롯"
06:30,86,6479595079,"세븐나이츠 리버스"
06:30,87,1599719154,"붕괴: 스타레일"
06:30,88,1470173983,"AION2"
06:30,89,6467117398,"버섯커 키우기"
06:30,90,6753862216,"푸드스타（Foodstars）: 합쳐서 요리하기"
06:30,91,6736896540,"헬로키티 마이 드림 스토어"
06:30,92,6670441558,"Dark War:Survival"
06:30,93,6751086804,"그놈은 드래곤"
06:30,94,664575829,"피쉬돔 (Fishdom)"
06:30,95,1509450845,"쿠키런: 킹덤"
06:30,96,1053012308,"클래시 로얄 (Clash Royale)"
06:30,97,6759585981,"별별 히어로: 영웅 다있소"
06:30,98,1458568643,"피망 뉴맞고 : 고스톱으로 대한민국 1등"
06:30,99,1628970855,"AFK: 새로운 여정"
06:30,100,6759914688,"냥찍 히어로즈 : 방치형 RPG"
06:30,101,6449023119,"리버스: 1999"
06:30,102,6740621218,"갓깨비 키우기"
06:30,103,1176027022,"Toon Blast"
06:30,104,1241893973,"페이트/그랜드 오더"
06:30,105,1517783697,"원신-스네즈나야 오픈"
06:30,106,6776989094,"블라이트 워 : 방치형 RPG"
06:30,107,6737595599,"파운데이션: 우주 전선"
06:30,108,529479190,"클래시 오브 클랜"
06:30,109,6476336847,"피망 쇼다운 홀덤 : 텍사스 홀덤, 포커, 토너먼트"
06:30,110,608808713,"쿠키런"
06:30,111,1376515087,"Age of Origins:Tower Defense"
06:30,112,1166415380,"풀팟 홀덤 포커: 텍사스 홀덤, 오마하, 토너먼트"
06:30,113,6756058501,"젤리 버스터즈: 퍼즐 게임"
06:30,114,6767834940,"탑 로드"
06:30,115,1492005122,"디아블로 이모탈"
06:30,116,1516727770,"마구마구 2026: 풀체인지"
06:30,117,6752672568,"Block Out! - Color Sort Puzzle"
06:30,118,1484442152,"머지 맨션: 퍼즐과 스토리"
06:30,119,6754229264,"임진왜란: 조선의 반격"
06:30,120,6475077096,"아키에이지 워 (ArcheAge WAR)"
06:30,121,6476731203,"건틀렛: 방치형 액션 RPG"
06:30,122,1478227443,"리니지2M"
06:30,123,6475925341,"주술회전 팬텀 퍼레이드"
06:30,124,880551258,"컴투스프로야구2026"
06:30,125,1484468651,"Dice Dreams™ 다이스 드림"
06:30,126,6746636289,"Forge Master – Idle RPG"
06:30,127,6757690255,"윈드러너 키우기"
06:30,128,6754373623,"소울 헌터 키우기 : 방치형 RPG"
06:30,129,6737408689,"스톤에이지 키우기"
06:30,130,1444980563,"리니지W"
06:30,131,1554247785,"Yu-Gi-Oh! Master Duel"
06:30,132,6738469826,"랜드 오브 제일"
06:30,133,1347780764,"Identity V -제5인격"
06:30,134,6752369665,"Haunted Merge: Horror Story"
06:30,135,6740966864,"딸깍 다이스"
06:30,136,6761749975,"토이 삼국"
06:30,137,6756641249,"hololive Dreams"
06:30,138,1160056295,"모바일 레전드: Bang Bang"
06:30,139,479516143,"Minecraft 온라인으로 친구들과 함께 플레이하세요"
06:30,140,6767155768,"현상금 해적단 키우기"
06:30,141,6504332779,"Color Block Jam"
06:30,142,6462846417,"MLB 클러치 히트 베이스볼 26"
06:30,143,6450953550,"탑 히어로즈: 영웅의 시대"
06:30,144,6760822948,"더 코지 플로리스트"
06:30,145,6740043080,"Screwdom : 나사와 볼트 퍼즐"
06:30,146,6747957875,"Family Go! - 대를 잇는 인생 시뮬레이션"
06:30,147,1597760047,"OneState RP: 온라인 롤플레잉"
06:30,148,6741503079,"Pokémon Champions"
06:30,149,6745081346,"블리치: 소울 레조넌스"
06:30,150,1462911602,"Dream League Soccer 2026"
06:30,151,6760754315,"꿈의 여행자: 별빛 여정"
06:30,152,6756247787,"디지몬 UP"
06:30,153,1598881852,"프로젝트 세카이 컬러풀 스테이지! feat.하츠네 미쿠"
06:30,154,6444043291,"Domino Dreams™"
06:30,155,6755585789,"템빨용사: 픽셀 아이템 머지 RPG"
06:30,156,1473424424,"한게임 신맞고 : 대한민국 원조 고스톱"
06:30,157,6757722046,"Butcher hero: hook'n'chew RPG"
06:30,158,6692615881,"SD건담 지 제네레이션 이터널"
06:30,159,1480616748,"전략적 팀 전투: 리그 오브 레전드 전략 게임"
06:30,160,6762203850,"바르디안: Vardian"
06:30,161,6758072393,"추락한 아름다움: 머지&스토리"
06:30,162,6457256716,"Total Football - 2026 북중미 시즌"
06:30,163,1483058899,"Project Makeover"
06:30,164,6502820653,"궁수의 전설2"
06:30,165,6483053853,"로드나인"
06:30,166,1668036690,"우파루 오딧세이"
06:30,167,1468063069,"피망 포커"
06:30,168,6741889270,"픽셀 법사 키우기 : 방치형 RPG"
06:30,169,880047117,"앵그리버드 2 (Angry Birds 2)"
06:30,170,6740899070,"플랜티스와 좀비깡패"
06:30,171,6740189002,"갤럭시 디펜스(Galaxy Defense)"
06:30,172,6466373096,"동글동글 거위헬스장"
06:30,173,6751056652,"Pixel Flow!"
06:30,174,6443760593,"좀비 웨이브스"
06:30,175,6737874398,"Merge Fashion: Romance Story"
06:30,176,6749132002,"빠지냥! (Drop the Cat)"
06:30,177,6739772012,"암살자 키우기 : 1주년"
06:30,178,955705796,"MARVEL 퓨처파이트"
06:30,179,1581561666,"HIT2"
06:30,180,6743155652,"인생존망겜"
06:30,181,1540557475,"라스트 포트리스 : 언더그라운드"
06:30,182,6474961936,"레이싱 마스터"
06:30,183,6754965520,"로그 레전드: 로그라이크 RPG"
06:30,184,6698862298,"아키텍트: 랜드 오브 엑자일"
06:30,185,6740618570,"XP Hero (XP 히어로)"
06:30,186,6740514809,"신궁 키우기 : 방치형 RPG"
06:30,187,6480157886,"트리 오브 세이비어: 네버랜드"
06:30,188,6739345737,"팰몬: 서바이벌"
06:30,189,6499209744,"마법의 정렬 (Magic Sort!)"
06:30,190,409687884,"팔라독(Paladog)"
06:30,191,6757908157,"JoJo's Bizarre Adventure: GS"
06:30,192,1450127722,"랑그릿사"
06:30,193,6443824730,"트릭컬 리바이브"
06:30,194,1533248097,"앙상블스타즈!!"
06:30,195,6746328263,"Castle Busters"
06:30,196,6760125313,"희비전 리버스"
06:30,197,6476094902,"궁:영롱몽"
06:30,198,6444112366,"Limbus Company"
06:30,199,6779167923,"Colony Flow!"
06:30,200,362464325,"아이모: The World of Magic"
07:30,1,6739616715,"메이플 키우기"
07:30,2,6443575749,"WOS: 화이트아웃 서바이벌"
07:30,3,1623318294,"가십하버: 합성 & 스토리 게임"
07:30,4,1458848044,"컴투스프로야구V26"
07:30,5,6749251466,"쿠키런 키우기 - 쿠키런: 크럼블"
07:30,6,1474589366,"리니지M"
07:30,7,6482291732,"운빨존많겜"
07:30,8,6754593077,"이환"
07:30,9,6471045672,"테이스티 트레블: 합성 게임"
07:30,10,1094591345,"Pokémon GO"
07:30,11,1482155847,"로얄 매치 (Royal Match)"
07:30,12,6443755785,"씨사이드 익스케이프: 합성 & 스토리 게임"
07:30,13,1478371252,"FC 모바일"
07:30,14,6739554056,"킹샷:Kingshot"
07:30,15,1606356401,"젠레스 존 제로 - 주년 기념"
07:30,16,6738163891,"뱀피르"
07:30,17,1273957743,"EA SPORTS FC Online M"
07:30,18,1105855019,"Gardenscapes"
07:30,19,1441742921,"마비노기 모바일"
07:30,20,6502326151,"카오스 제로 나이트메어"
07:30,21,6762442041,"열혈강호: 넥스트"
07:30,22,6448786147,"라스트 워: 서바이벌"
07:30,23,1366526331,"배틀그라운드"
07:30,24,1520354659,"오딘: 발할라 라이징"
07:30,25,6748004690,"SOL: enchant"
07:30,26,6503702666,"협타디: 협동 타워 디펜스"
07:30,27,6618142292,"핫레스토랑: 머지&쿠킹"
07:30,28,1480616990,"리그 오브 레전드: 와일드 리프트"
07:30,29,1643509748,"머지 쿠킹 테마 레스토랑（Merge Cooking）"
07:30,30,1195621598,"Homescapes: Match 3 Games"
07:30,31,1585915174,"승리의 여신: 니케"
07:30,32,1133463693,"메이플스토리M"
07:30,33,1640203623,"작혼: 리치 마작"
07:30,34,1471942989,"한게임 섯다&맞고"
07:30,35,1616108452,"우마무스메 프리티 더비"
07:30,36,1229016807,"브롤스타즈"
07:30,37,1507872328,"WPL : 홀덤, 토너먼트, 오마하, 올인폴드, 픽앤고"
07:30,38,1117270703,"eFootball™"
07:30,39,638689075,"꿈의 마을 (Township)"
07:30,40,6748432502,"랜덤 다이스 2"
07:30,41,6483252725,"몬길: STAR DIVE"
07:30,42,553834731,"캔디크러쉬사가"
07:30,43,1128255542,"리니지M(12)"
07:30,44,1466736988,"카트라이더 러쉬플러스"
07:30,45,6746151928,"두근두근타운"
07:30,46,848091833,"냥코 대전쟁"
07:30,47,6758200096,"라그나로크M: Classic"
07:30,48,1606549505,"로얄 킹덤 (Royal Kingdom)"
07:30,49,6499562253,"드래곤빌리지3 - 100일 이벤트!"
07:30,50,6759822089,"오늘의 꽃 : 진짜 꽃을 키우는 게임"
07:30,51,6503272652,"라스트 Z: 서바이벌 슈터"
07:30,52,6756989323,"라스트 어사일럼: 페스트"
07:30,53,6446516059,"캣 히어로 : 방치형 RPG"
07:30,54,947258826,"마피아42"
07:30,55,6751222389,"NBA 덩크 시티"
07:30,56,6443477650,"한게임 로얄홀덤"
07:30,57,6475033368,"명조:워더링 웨이브"
07:30,58,1571873795,"블루 아카이브"
07:30,59,6475757306,"Disney Solitaire 디즈니 솔리테어"
07:30,60,1471486284,"한게임 포커"
07:30,61,6503603603,"미스터리 타운: 합성 게임 (Mystery Town)"
07:30,62,6757381033,"2026 프로야구GO!"
07:30,63,1080541643,"Infinite Borders-인피니트 보더스"
07:30,64,6754679035,"히어로 랜드M"
07:30,65,6757360957,"삼국지: 천하결전"
07:30,66,1448979486,"던전앤파이터 모바일"
07:30,67,6764201639,"총잡이 고양이 - 방치형 키우기"
07:30,68,6755455500,"할리우드 머지"
07:30,69,6740026253,"오피스 퀸 키우기"
07:30,70,6740848451,"RF 온라인 넥스트"
07:30,71,6746465127,"세포 특공대 - 전략형 타워 디펜스"
07:30,72,1580691683,"MLB 9이닝스 라이벌 26"
07:30,73,1521236603,"Travel Town - 결합 어드벤처"
07:30,74,6479970832,"포켓몬 카드 게임 Pocket"
07:30,75,6746192853,"변신 키우기"
07:30,76,6752886832,"호텔 레거시"
07:30,77,6448719154,"레이븐2"
07:30,78,1635712706,"슬레이어 키우기"
07:30,79,6756558621,"킹덤2: 타오르는 전장"
07:30,80,6786589102,"티니핑 매직 매치"
07:30,81,963067330,"쿠키런: 오븐브레이크"
07:30,82,6443468110,"러브앤딥스페이스"
07:30,83,898986747,"좀비고등학교"
07:30,84,6749302379,"동방 찻집"
07:30,85,1509450845,"쿠키런: 킹덤"
07:30,86,6479595079,"세븐나이츠 리버스"
07:30,87,1599719154,"붕괴: 스타레일"
07:30,88,1582390510,"한게임포커 클래식 - 7포커 홀덤 섯다 훌라 슬롯"
07:30,89,6467117398,"버섯커 키우기"
07:30,90,1470173983,"AION2"
07:30,91,6753862216,"푸드스타（Foodstars）: 합쳐서 요리하기"
07:30,92,6736896540,"헬로키티 마이 드림 스토어"
07:30,93,6751086804,"그놈은 드래곤"
07:30,94,6670441558,"Dark War:Survival"
07:30,95,1053012308,"클래시 로얄 (Clash Royale)"
07:30,96,664575829,"피쉬돔 (Fishdom)"
07:30,97,1458568643,"피망 뉴맞고 : 고스톱으로 대한민국 1등"
07:30,98,6759585981,"별별 히어로: 영웅 다있소"
07:30,99,1628970855,"AFK: 새로운 여정"
07:30,100,6740621218,"갓깨비 키우기"
07:30,101,6759914688,"냥찍 히어로즈 : 방치형 RPG"
07:30,102,6449023119,"리버스: 1999"
07:30,103,1176027022,"Toon Blast"
07:30,104,1241893973,"페이트/그랜드 오더"
07:30,105,6776989094,"블라이트 워 : 방치형 RPG"
07:30,106,1517783697,"원신-스네즈나야 오픈"
07:30,107,529479190,"클래시 오브 클랜"
07:30,108,608808713,"쿠키런"
07:30,109,6737595599,"파운데이션: 우주 전선"
07:30,110,6475925341,"주술회전 팬텀 퍼레이드"
07:30,111,6476336847,"피망 쇼다운 홀덤 : 텍사스 홀덤, 포커, 토너먼트"
07:30,112,6756058501,"젤리 버스터즈: 퍼즐 게임"
07:30,113,6767834940,"탑 로드"
07:30,114,1166415380,"풀팟 홀덤 포커: 텍사스 홀덤, 오마하, 토너먼트"
07:30,115,1376515087,"Age of Origins:Tower Defense"
07:30,116,1484442152,"머지 맨션: 퍼즐과 스토리"
07:30,117,1484468651,"Dice Dreams™ 다이스 드림"
07:30,118,6476731203,"건틀렛: 방치형 액션 RPG"
07:30,119,6752672568,"Block Out! - Color Sort Puzzle"
07:30,120,1492005122,"디아블로 이모탈"
07:30,121,1516727770,"마구마구 2026: 풀체인지"
07:30,122,880551258,"컴투스프로야구2026"
07:30,123,6754229264,"임진왜란: 조선의 반격"
07:30,124,6754373623,"소울 헌터 키우기 : 방치형 RPG"
07:30,125,6740966864,"딸깍 다이스"
07:30,126,1478227443,"리니지2M"
07:30,127,6475077096,"아키에이지 워 (ArcheAge WAR)"
07:30,128,6761749975,"토이 삼국"
07:30,129,6746636289,"Forge Master – Idle RPG"
07:30,130,6757690255,"윈드러너 키우기"
07:30,131,6738469826,"랜드 오브 제일"
07:30,132,1554247785,"Yu-Gi-Oh! Master Duel"
07:30,133,6737408689,"스톤에이지 키우기"
07:30,134,1347780764,"Identity V -제5인격"
07:30,135,1444980563,"리니지W"
07:30,136,6752369665,"Haunted Merge: Horror Story"
07:30,137,1160056295,"모바일 레전드: Bang Bang"
07:30,138,6462846417,"MLB 클러치 히트 베이스볼 26"
07:30,139,1462911602,"Dream League Soccer 2026"
07:30,140,1597760047,"OneState RP: 온라인 롤플레잉"
07:30,141,6756641249,"hololive Dreams"
07:30,142,479516143,"Minecraft 온라인으로 친구들과 함께 플레이하세요"
07:30,143,6740043080,"Screwdom : 나사와 볼트 퍼즐"
07:30,144,6767155768,"현상금 해적단 키우기"
07:30,145,6504332779,"Color Block Jam"
07:30,146,6760822948,"더 코지 플로리스트"
07:30,147,6450953550,"탑 히어로즈: 영웅의 시대"
07:30,148,1598881852,"프로젝트 세카이 컬러풀 스테이지! feat.하츠네 미쿠"
07:30,149,6741503079,"Pokémon Champions"
07:30,150,6747957875,"Family Go! - 대를 잇는 인생 시뮬레이션"
07:30,151,6444043291,"Domino Dreams™"
07:30,152,6745081346,"블리치: 소울 레조넌스"
07:30,153,6740899070,"플랜티스와 좀비깡패"
07:30,154,6756247787,"디지몬 UP"
07:30,155,1480616748,"전략적 팀 전투: 리그 오브 레전드 전략 게임"
07:30,156,6757722046,"Butcher hero: hook'n'chew RPG"
07:30,157,6760754315,"꿈의 여행자: 별빛 여정"
07:30,158,6755585789,"템빨용사: 픽셀 아이템 머지 RPG"
07:30,159,1473424424,"한게임 신맞고 : 대한민국 원조 고스톱"
07:30,160,6692615881,"SD건담 지 제네레이션 이터널"
07:30,161,6758072393,"추락한 아름다움: 머지&스토리"
07:30,162,6762203850,"바르디안: Vardian"
07:30,163,6457256716,"Total Football - 2026 북중미 시즌"
07:30,164,1483058899,"Project Makeover"
07:30,165,1668036690,"우파루 오딧세이"
07:30,166,6502820653,"궁수의 전설2"
07:30,167,6741889270,"픽셀 법사 키우기 : 방치형 RPG"
07:30,168,6483053853,"로드나인"
07:30,169,1468063069,"피망 포커"
07:30,170,880047117,"앵그리버드 2 (Angry Birds 2)"
07:30,171,6466373096,"동글동글 거위헬스장"
07:30,172,6751056652,"Pixel Flow!"
07:30,173,6740189002,"갤럭시 디펜스(Galaxy Defense)"
07:30,174,955705796,"MARVEL 퓨처파이트"
07:30,175,6443760593,"좀비 웨이브스"
07:30,176,6737874398,"Merge Fashion: Romance Story"
07:30,177,6749132002,"빠지냥! (Drop the Cat)"
07:30,178,6739772012,"암살자 키우기 : 1주년"
07:30,179,6476094902,"궁:영롱몽"
07:30,180,6740514809,"신궁 키우기 : 방치형 RPG"
07:30,181,6474961936,"레이싱 마스터"
07:30,182,6743155652,"인생존망겜"
07:30,183,6740618570,"XP Hero (XP 히어로)"
07:30,184,1540557475,"라스트 포트리스 : 언더그라운드"
07:30,185,1581561666,"HIT2"
07:30,186,6754965520,"로그 레전드: 로그라이크 RPG"
07:30,187,6443824730,"트릭컬 리바이브"
07:30,188,6698862298,"아키텍트: 랜드 오브 엑자일"
07:30,189,6739345737,"팰몬: 서바이벌"
07:30,190,409687884,"팔라독(Paladog)"
07:30,191,6499209744,"마법의 정렬 (Magic Sort!)"
07:30,192,6757908157,"JoJo's Bizarre Adventure: GS"
07:30,193,6480157886,"트리 오브 세이비어: 네버랜드"
07:30,194,1533248097,"앙상블스타즈!!"
07:30,195,6746328263,"Castle Busters"
07:30,196,6742809054,"MAJO - 아포칼립스 마녀 택틱스 RPG"
07:30,197,6740556884,"잠룡 : 무협 도트 RPG"
07:30,198,6760125313,"희비전 리버스"
07:30,199,6779167923,"Colony Flow!"
07:30,200,1450127722,"랑그릿사"
08:30,1,6739616715,"메이플 키우기"
08:30,2,6443575749,"WOS: 화이트아웃 서바이벌"
08:30,3,1623318294,"가십하버: 합성 & 스토리 게임"
08:30,4,1458848044,"컴투스프로야구V26"
08:30,5,6749251466,"쿠키런 키우기 - 쿠키런: 크럼블"
08:30,6,1474589366,"리니지M"
08:30,7,6482291732,"운빨존많겜"
08:30,8,6754593077,"이환"
08:30,9,6471045672,"테이스티 트레블: 합성 게임"
08:30,10,1094591345,"Pokémon GO"
08:30,11,1482155847,"로얄 매치 (Royal Match)"
08:30,12,6443755785,"씨사이드 익스케이프: 합성 & 스토리 게임"
08:30,13,1478371252,"FC 모바일"
08:30,14,6739554056,"킹샷:Kingshot"
08:30,15,1606356401,"젠레스 존 제로 - 주년 기념"
08:30,16,6738163891,"뱀피르"
08:30,17,1273957743,"EA SPORTS FC Online M"
08:30,18,1105855019,"Gardenscapes"
08:30,19,1441742921,"마비노기 모바일"
08:30,20,6502326151,"카오스 제로 나이트메어"
08:30,21,6762442041,"열혈강호: 넥스트"
08:30,22,6448786147,"라스트 워: 서바이벌"
08:30,23,1366526331,"배틀그라운드"
08:30,24,1520354659,"오딘: 발할라 라이징"
08:30,25,6748004690,"SOL: enchant"
08:30,26,6503702666,"협타디: 협동 타워 디펜스"
08:30,27,6618142292,"핫레스토랑: 머지&쿠킹"
08:30,28,1480616990,"리그 오브 레전드: 와일드 리프트"
08:30,29,1643509748,"머지 쿠킹 테마 레스토랑（Merge Cooking）"
08:30,30,1195621598,"Homescapes: Match 3 Games"
08:30,31,1585915174,"승리의 여신: 니케"
08:30,32,1133463693,"메이플스토리M"
08:30,33,1640203623,"작혼: 리치 마작"
08:30,34,1471942989,"한게임 섯다&맞고"
08:30,35,1616108452,"우마무스메 프리티 더비"
08:30,36,1229016807,"브롤스타즈"
08:30,37,1507872328,"WPL : 홀덤, 토너먼트, 오마하, 올인폴드, 픽앤고"
08:30,38,1117270703,"eFootball™"
08:30,39,638689075,"꿈의 마을 (Township)"
08:30,40,6748432502,"랜덤 다이스 2"
08:30,41,6483252725,"몬길: STAR DIVE"
08:30,42,553834731,"캔디크러쉬사가"
08:30,43,1128255542,"리니지M(12)"
08:30,44,1466736988,"카트라이더 러쉬플러스"
08:30,45,6746151928,"두근두근타운"
08:30,46,848091833,"냥코 대전쟁"
08:30,47,6758200096,"라그나로크M: Classic"
08:30,48,1606549505,"로얄 킹덤 (Royal Kingdom)"
08:30,49,6499562253,"드래곤빌리지3 - 100일 이벤트!"
08:30,50,6759822089,"오늘의 꽃 : 진짜 꽃을 키우는 게임"
08:30,51,6503272652,"라스트 Z: 서바이벌 슈터"
08:30,52,6756989323,"라스트 어사일럼: 페스트"
08:30,53,6446516059,"캣 히어로 : 방치형 RPG"
08:30,54,947258826,"마피아42"
08:30,55,6751222389,"NBA 덩크 시티"
08:30,56,6443477650,"한게임 로얄홀덤"
08:30,57,6475033368,"명조:워더링 웨이브"
08:30,58,1571873795,"블루 아카이브"
08:30,59,6475757306,"Disney Solitaire 디즈니 솔리테어"
08:30,60,1471486284,"한게임 포커"
08:30,61,6503603603,"미스터리 타운: 합성 게임 (Mystery Town)"
08:30,62,6757381033,"2026 프로야구GO!"
08:30,63,1080541643,"Infinite Borders-인피니트 보더스"
08:30,64,6754679035,"히어로 랜드M"
08:30,65,6757360957,"삼국지: 천하결전"
08:30,66,1448979486,"던전앤파이터 모바일"
08:30,67,6764201639,"총잡이 고양이 - 방치형 키우기"
08:30,68,6755455500,"할리우드 머지"
08:30,69,6740026253,"오피스 퀸 키우기"
08:30,70,6740848451,"RF 온라인 넥스트"
08:30,71,6746465127,"세포 특공대 - 전략형 타워 디펜스"
08:30,72,1580691683,"MLB 9이닝스 라이벌 26"
08:30,73,1521236603,"Travel Town - 결합 어드벤처"
08:30,74,6479970832,"포켓몬 카드 게임 Pocket"
08:30,75,6746192853,"변신 키우기"
08:30,76,6752886832,"호텔 레거시"
08:30,77,6448719154,"레이븐2"
08:30,78,1635712706,"슬레이어 키우기"
08:30,79,6756558621,"킹덤2: 타오르는 전장"
08:30,80,6786589102,"티니핑 매직 매치"
08:30,81,963067330,"쿠키런: 오븐브레이크"
08:30,82,6443468110,"러브앤딥스페이스"
08:30,83,898986747,"좀비고등학교"
08:30,84,6749302379,"동방 찻집"
08:30,85,1509450845,"쿠키런: 킹덤"
08:30,86,6479595079,"세븐나이츠 리버스"
08:30,87,1599719154,"붕괴: 스타레일"
08:30,88,1582390510,"한게임포커 클래식 - 7포커 홀덤 섯다 훌라 슬롯"
08:30,89,6467117398,"버섯커 키우기"
08:30,90,1470173983,"AION2"
08:30,91,6753862216,"푸드스타（Foodstars）: 합쳐서 요리하기"
08:30,92,6736896540,"헬로키티 마이 드림 스토어"
08:30,93,6751086804,"그놈은 드래곤"
08:30,94,6670441558,"Dark War:Survival"
08:30,95,1053012308,"클래시 로얄 (Clash Royale)"
08:30,96,664575829,"피쉬돔 (Fishdom)"
08:30,97,1458568643,"피망 뉴맞고 : 고스톱으로 대한민국 1등"
08:30,98,6759585981,"별별 히어로: 영웅 다있소"
08:30,99,1628970855,"AFK: 새로운 여정"
08:30,100,6740621218,"갓깨비 키우기"
08:30,101,6759914688,"냥찍 히어로즈 : 방치형 RPG"
08:30,102,6449023119,"리버스: 1999"
08:30,103,1176027022,"Toon Blast"
08:30,104,1241893973,"페이트/그랜드 오더"
08:30,105,6776989094,"블라이트 워 : 방치형 RPG"
08:30,106,1517783697,"원신-스네즈나야 오픈"
08:30,107,529479190,"클래시 오브 클랜"
08:30,108,608808713,"쿠키런"
08:30,109,6737595599,"파운데이션: 우주 전선"
08:30,110,6475925341,"주술회전 팬텀 퍼레이드"
08:30,111,6476336847,"피망 쇼다운 홀덤 : 텍사스 홀덤, 포커, 토너먼트"
08:30,112,6756058501,"젤리 버스터즈: 퍼즐 게임"
08:30,113,6767834940,"탑 로드"
08:30,114,1166415380,"풀팟 홀덤 포커: 텍사스 홀덤, 오마하, 토너먼트"
08:30,115,1376515087,"Age of Origins:Tower Defense"
08:30,116,1484442152,"머지 맨션: 퍼즐과 스토리"
08:30,117,1484468651,"Dice Dreams™ 다이스 드림"
08:30,118,6476731203,"건틀렛: 방치형 액션 RPG"
08:30,119,6752672568,"Block Out! - Color Sort Puzzle"
08:30,120,1492005122,"디아블로 이모탈"
08:30,121,1516727770,"마구마구 2026: 풀체인지"
08:30,122,880551258,"컴투스프로야구2026"
08:30,123,6754229264,"임진왜란: 조선의 반격"
08:30,124,6754373623,"소울 헌터 키우기 : 방치형 RPG"
08:30,125,6740966864,"딸깍 다이스"
08:30,126,1478227443,"리니지2M"
08:30,127,6475077096,"아키에이지 워 (ArcheAge WAR)"
08:30,128,6761749975,"토이 삼국"
08:30,129,6746636289,"Forge Master – Idle RPG"
08:30,130,6757690255,"윈드러너 키우기"
08:30,131,6738469826,"랜드 오브 제일"
08:30,132,1554247785,"Yu-Gi-Oh! Master Duel"
08:30,133,6737408689,"스톤에이지 키우기"
08:30,134,1347780764,"Identity V -제5인격"
08:30,135,1444980563,"리니지W"
08:30,136,6752369665,"Haunted Merge: Horror Story"
08:30,137,1160056295,"모바일 레전드: Bang Bang"
08:30,138,6462846417,"MLB 클러치 히트 베이스볼 26"
08:30,139,1462911602,"Dream League Soccer 2026"
08:30,140,1597760047,"OneState RP: 온라인 롤플레잉"
08:30,141,6756641249,"hololive Dreams"
08:30,142,479516143,"Minecraft 온라인으로 친구들과 함께 플레이하세요"
08:30,143,6740043080,"Screwdom : 나사와 볼트 퍼즐"
08:30,144,6767155768,"현상금 해적단 키우기"
08:30,145,6504332779,"Color Block Jam"
08:30,146,6760822948,"더 코지 플로리스트"
08:30,147,6450953550,"탑 히어로즈: 영웅의 시대"
08:30,148,1598881852,"프로젝트 세카이 컬러풀 스테이지! feat.하츠네 미쿠"
08:30,149,6741503079,"Pokémon Champions"
08:30,150,6747957875,"Family Go! - 대를 잇는 인생 시뮬레이션"
08:30,151,6444043291,"Domino Dreams™"
08:30,152,6745081346,"블리치: 소울 레조넌스"
08:30,153,6740899070,"플랜티스와 좀비깡패"
08:30,154,6756247787,"디지몬 UP"
08:30,155,1480616748,"전략적 팀 전투: 리그 오브 레전드 전략 게임"
08:30,156,6757722046,"Butcher hero: hook'n'chew RPG"
08:30,157,6760754315,"꿈의 여행자: 별빛 여정"
08:30,158,6755585789,"템빨용사: 픽셀 아이템 머지 RPG"
08:30,159,1473424424,"한게임 신맞고 : 대한민국 원조 고스톱"
08:30,160,6692615881,"SD건담 지 제네레이션 이터널"
08:30,161,6758072393,"추락한 아름다움: 머지&스토리"
08:30,162,6762203850,"바르디안: Vardian"
08:30,163,6457256716,"Total Football - 2026 북중미 시즌"
08:30,164,1483058899,"Project Makeover"
08:30,165,1668036690,"우파루 오딧세이"
08:30,166,6502820653,"궁수의 전설2"
08:30,167,6741889270,"픽셀 법사 키우기 : 방치형 RPG"
08:30,168,6483053853,"로드나인"
08:30,169,1468063069,"피망 포커"
08:30,170,880047117,"앵그리버드 2 (Angry Birds 2)"
08:30,171,6466373096,"동글동글 거위헬스장"
08:30,172,6751056652,"Pixel Flow!"
08:30,173,6740189002,"갤럭시 디펜스(Galaxy Defense)"
08:30,174,955705796,"MARVEL 퓨처파이트"
08:30,175,6443760593,"좀비 웨이브스"
08:30,176,6737874398,"Merge Fashion: Romance Story"
08:30,177,6749132002,"빠지냥! (Drop the Cat)"
08:30,178,6739772012,"암살자 키우기 : 1주년"
08:30,179,6476094902,"궁:영롱몽"
08:30,180,6740514809,"신궁 키우기 : 방치형 RPG"
08:30,181,6474961936,"레이싱 마스터"
08:30,182,6743155652,"인생존망겜"
08:30,183,6740618570,"XP Hero (XP 히어로)"
08:30,184,1540557475,"라스트 포트리스 : 언더그라운드"
08:30,185,1581561666,"HIT2"
08:30,186,6754965520,"로그 레전드: 로그라이크 RPG"
08:30,187,6443824730,"트릭컬 리바이브"
08:30,188,6698862298,"아키텍트: 랜드 오브 엑자일"
08:30,189,6739345737,"팰몬: 서바이벌"
08:30,190,409687884,"팔라독(Paladog)"
08:30,191,6499209744,"마법의 정렬 (Magic Sort!)"
08:30,192,6757908157,"JoJo's Bizarre Adventure: GS"
08:30,193,6480157886,"트리 오브 세이비어: 네버랜드"
08:30,194,1533248097,"앙상블스타즈!!"
08:30,195,6746328263,"Castle Busters"
08:30,196,6742809054,"MAJO - 아포칼립스 마녀 택틱스 RPG"
08:30,197,6740556884,"잠룡 : 무협 도트 RPG"
08:30,198,6760125313,"희비전 리버스"
08:30,199,6779167923,"Colony Flow!"
08:30,200,1450127722,"랑그릿사"
09:30,1,6739616715,"메이플 키우기"
09:30,2,6443575749,"WOS: 화이트아웃 서바이벌"
09:30,3,1623318294,"가십하버: 합성 & 스토리 게임"
09:30,4,1458848044,"컴투스프로야구V26"
09:30,5,6749251466,"쿠키런 키우기 - 쿠키런: 크럼블"
09:30,6,1474589366,"리니지M"
09:30,7,6482291732,"운빨존많겜"
09:30,8,6754593077,"이환"
09:30,9,6471045672,"테이스티 트레블: 합성 게임"
09:30,10,1094591345,"Pokémon GO"
09:30,11,1482155847,"로얄 매치 (Royal Match)"
09:30,12,6443755785,"씨사이드 익스케이프: 합성 & 스토리 게임"
09:30,13,1478371252,"FC 모바일"
09:30,14,6739554056,"킹샷:Kingshot"
09:30,15,1606356401,"젠레스 존 제로 - 주년 기념"
09:30,16,6738163891,"뱀피르"
09:30,17,1273957743,"EA SPORTS FC Online M"
09:30,18,1105855019,"Gardenscapes"
09:30,19,1441742921,"마비노기 모바일"
09:30,20,6502326151,"카오스 제로 나이트메어"
09:30,21,6762442041,"열혈강호: 넥스트"
09:30,22,6448786147,"라스트 워: 서바이벌"
09:30,23,1366526331,"배틀그라운드"
09:30,24,1520354659,"오딘: 발할라 라이징"
09:30,25,6748004690,"SOL: enchant"
09:30,26,6503702666,"협타디: 협동 타워 디펜스"
09:30,27,6618142292,"핫레스토랑: 머지&쿠킹"
09:30,28,1480616990,"리그 오브 레전드: 와일드 리프트"
09:30,29,1643509748,"머지 쿠킹 테마 레스토랑（Merge Cooking）"
09:30,30,1195621598,"Homescapes: Match 3 Games"
09:30,31,1585915174,"승리의 여신: 니케"
09:30,32,1133463693,"메이플스토리M"
09:30,33,1640203623,"작혼: 리치 마작"
09:30,34,1471942989,"한게임 섯다&맞고"
09:30,35,1616108452,"우마무스메 프리티 더비"
09:30,36,1229016807,"브롤스타즈"
09:30,37,1507872328,"WPL : 홀덤, 토너먼트, 오마하, 올인폴드, 픽앤고"
09:30,38,1117270703,"eFootball™"
09:30,39,638689075,"꿈의 마을 (Township)"
09:30,40,6748432502,"랜덤 다이스 2"
09:30,41,6483252725,"몬길: STAR DIVE"
09:30,42,553834731,"캔디크러쉬사가"
09:30,43,1128255542,"리니지M(12)"
09:30,44,1466736988,"카트라이더 러쉬플러스"
09:30,45,6746151928,"두근두근타운"
09:30,46,848091833,"냥코 대전쟁"
09:30,47,6758200096,"라그나로크M: Classic"
09:30,48,1606549505,"로얄 킹덤 (Royal Kingdom)"
09:30,49,6499562253,"드래곤빌리지3 - 100일 이벤트!"
09:30,50,6759822089,"오늘의 꽃 : 진짜 꽃을 키우는 게임"
09:30,51,6503272652,"라스트 Z: 서바이벌 슈터"
09:30,52,6756989323,"라스트 어사일럼: 페스트"
09:30,53,6446516059,"캣 히어로 : 방치형 RPG"
09:30,54,947258826,"마피아42"
09:30,55,6751222389,"NBA 덩크 시티"
09:30,56,6443477650,"한게임 로얄홀덤"
09:30,57,6475033368,"명조:워더링 웨이브"
09:30,58,1571873795,"블루 아카이브"
09:30,59,6475757306,"Disney Solitaire 디즈니 솔리테어"
09:30,60,1471486284,"한게임 포커"
09:30,61,6503603603,"미스터리 타운: 합성 게임 (Mystery Town)"
09:30,62,6757381033,"2026 프로야구GO!"
09:30,63,1080541643,"Infinite Borders-인피니트 보더스"
09:30,64,6754679035,"히어로 랜드M"
09:30,65,6757360957,"삼국지: 천하결전"
09:30,66,1448979486,"던전앤파이터 모바일"
09:30,67,6764201639,"총잡이 고양이 - 방치형 키우기"
09:30,68,6755455500,"할리우드 머지"
09:30,69,6740026253,"오피스 퀸 키우기"
09:30,70,6740848451,"RF 온라인 넥스트"
09:30,71,6746465127,"세포 특공대 - 전략형 타워 디펜스"
09:30,72,1580691683,"MLB 9이닝스 라이벌 26"
09:30,73,1521236603,"Travel Town - 결합 어드벤처"
09:30,74,6479970832,"포켓몬 카드 게임 Pocket"
09:30,75,6746192853,"변신 키우기"
09:30,76,6752886832,"호텔 레거시"
09:30,77,6448719154,"레이븐2"
09:30,78,1635712706,"슬레이어 키우기"
09:30,79,6756558621,"킹덤2: 타오르는 전장"
09:30,80,6786589102,"티니핑 매직 매치"
09:30,81,963067330,"쿠키런: 오븐브레이크"
09:30,82,6443468110,"러브앤딥스페이스"
09:30,83,898986747,"좀비고등학교"
09:30,84,6749302379,"동방 찻집"
09:30,85,1509450845,"쿠키런: 킹덤"
09:30,86,6479595079,"세븐나이츠 리버스"
09:30,87,1599719154,"붕괴: 스타레일"
09:30,88,1582390510,"한게임포커 클래식 - 7포커 홀덤 섯다 훌라 슬롯"
09:30,89,6467117398,"버섯커 키우기"
09:30,90,1470173983,"AION2"
09:30,91,6753862216,"푸드스타（Foodstars）: 합쳐서 요리하기"
09:30,92,6736896540,"헬로키티 마이 드림 스토어"
09:30,93,6751086804,"그놈은 드래곤"
09:30,94,6670441558,"Dark War:Survival"
09:30,95,1053012308,"클래시 로얄 (Clash Royale)"
09:30,96,664575829,"피쉬돔 (Fishdom)"
09:30,97,1458568643,"피망 뉴맞고 : 고스톱으로 대한민국 1등"
09:30,98,6759585981,"별별 히어로: 영웅 다있소"
09:30,99,1628970855,"AFK: 새로운 여정"
09:30,100,6740621218,"갓깨비 키우기"
09:30,101,6759914688,"냥찍 히어로즈 : 방치형 RPG"
09:30,102,6449023119,"리버스: 1999"
09:30,103,1176027022,"Toon Blast"
09:30,104,1241893973,"페이트/그랜드 오더"
09:30,105,6776989094,"블라이트 워 : 방치형 RPG"
09:30,106,1517783697,"원신-스네즈나야 오픈"
09:30,107,529479190,"클래시 오브 클랜"
09:30,108,608808713,"쿠키런"
09:30,109,6737595599,"파운데이션: 우주 전선"
09:30,110,6475925341,"주술회전 팬텀 퍼레이드"
09:30,111,6476336847,"피망 쇼다운 홀덤 : 텍사스 홀덤, 포커, 토너먼트"
09:30,112,6756058501,"젤리 버스터즈: 퍼즐 게임"
09:30,113,6767834940,"탑 로드"
09:30,114,1166415380,"풀팟 홀덤 포커: 텍사스 홀덤, 오마하, 토너먼트"
09:30,115,1376515087,"Age of Origins:Tower Defense"
09:30,116,1484442152,"머지 맨션: 퍼즐과 스토리"
09:30,117,1484468651,"Dice Dreams™ 다이스 드림"
09:30,118,6476731203,"건틀렛: 방치형 액션 RPG"
09:30,119,6752672568,"Block Out! - Color Sort Puzzle"
09:30,120,1492005122,"디아블로 이모탈"
09:30,121,1516727770,"마구마구 2026: 풀체인지"
09:30,122,880551258,"컴투스프로야구2026"
09:30,123,6754229264,"임진왜란: 조선의 반격"
09:30,124,6754373623,"소울 헌터 키우기 : 방치형 RPG"
09:30,125,6740966864,"딸깍 다이스"
09:30,126,1478227443,"리니지2M"
09:30,127,6475077096,"아키에이지 워 (ArcheAge WAR)"
09:30,128,6761749975,"토이 삼국"
09:30,129,6746636289,"Forge Master – Idle RPG"
09:30,130,6757690255,"윈드러너 키우기"
09:30,131,6738469826,"랜드 오브 제일"
09:30,132,1554247785,"Yu-Gi-Oh! Master Duel"
09:30,133,6737408689,"스톤에이지 키우기"
09:30,134,1347780764,"Identity V -제5인격"
09:30,135,1444980563,"리니지W"
09:30,136,6752369665,"Haunted Merge: Horror Story"
09:30,137,1160056295,"모바일 레전드: Bang Bang"
09:30,138,6462846417,"MLB 클러치 히트 베이스볼 26"
09:30,139,1462911602,"Dream League Soccer 2026"
09:30,140,1597760047,"OneState RP: 온라인 롤플레잉"
09:30,141,6756641249,"hololive Dreams"
09:30,142,479516143,"Minecraft 온라인으로 친구들과 함께 플레이하세요"
09:30,143,6740043080,"Screwdom : 나사와 볼트 퍼즐"
09:30,144,6767155768,"현상금 해적단 키우기"
09:30,145,6504332779,"Color Block Jam"
09:30,146,6760822948,"더 코지 플로리스트"
09:30,147,6450953550,"탑 히어로즈: 영웅의 시대"
09:30,148,1598881852,"프로젝트 세카이 컬러풀 스테이지! feat.하츠네 미쿠"
09:30,149,6741503079,"Pokémon Champions"
09:30,150,6747957875,"Family Go! - 대를 잇는 인생 시뮬레이션"
09:30,151,6444043291,"Domino Dreams™"
09:30,152,6745081346,"블리치: 소울 레조넌스"
09:30,153,6740899070,"플랜티스와 좀비깡패"
09:30,154,6756247787,"디지몬 UP"
09:30,155,1480616748,"전략적 팀 전투: 리그 오브 레전드 전략 게임"
09:30,156,6757722046,"Butcher hero: hook'n'chew RPG"
09:30,157,6760754315,"꿈의 여행자: 별빛 여정"
09:30,158,6755585789,"템빨용사: 픽셀 아이템 머지 RPG"
09:30,159,1473424424,"한게임 신맞고 : 대한민국 원조 고스톱"
09:30,160,6692615881,"SD건담 지 제네레이션 이터널"
09:30,161,6758072393,"추락한 아름다움: 머지&스토리"
09:30,162,6762203850,"바르디안: Vardian"
09:30,163,6457256716,"Total Football - 2026 북중미 시즌"
09:30,164,1483058899,"Project Makeover"
09:30,165,1668036690,"우파루 오딧세이"
09:30,166,6502820653,"궁수의 전설2"
09:30,167,6741889270,"픽셀 법사 키우기 : 방치형 RPG"
09:30,168,6483053853,"로드나인"
09:30,169,1468063069,"피망 포커"
09:30,170,880047117,"앵그리버드 2 (Angry Birds 2)"
09:30,171,6466373096,"동글동글 거위헬스장"
09:30,172,6751056652,"Pixel Flow!"
09:30,173,6740189002,"갤럭시 디펜스(Galaxy Defense)"
09:30,174,955705796,"MARVEL 퓨처파이트"
09:30,175,6443760593,"좀비 웨이브스"
09:30,176,6737874398,"Merge Fashion: Romance Story"
09:30,177,6749132002,"빠지냥! (Drop the Cat)"
09:30,178,6739772012,"암살자 키우기 : 1주년"
09:30,179,6476094902,"궁:영롱몽"
09:30,180,6740514809,"신궁 키우기 : 방치형 RPG"
09:30,181,6474961936,"레이싱 마스터"
09:30,182,6743155652,"인생존망겜"
09:30,183,6740618570,"XP Hero (XP 히어로)"
09:30,184,1540557475,"라스트 포트리스 : 언더그라운드"
09:30,185,1581561666,"HIT2"
09:30,186,6754965520,"로그 레전드: 로그라이크 RPG"
09:30,187,6443824730,"트릭컬 리바이브"
09:30,188,6698862298,"아키텍트: 랜드 오브 엑자일"
09:30,189,6739345737,"팰몬: 서바이벌"
09:30,190,409687884,"팔라독(Paladog)"
09:30,191,6499209744,"마법의 정렬 (Magic Sort!)"
09:30,192,6757908157,"JoJo's Bizarre Adventure: GS"
09:30,193,6480157886,"트리 오브 세이비어: 네버랜드"
09:30,194,1533248097,"앙상블스타즈!!"
09:30,195,6746328263,"Castle Busters"
09:30,196,6742809054,"MAJO - 아포칼립스 마녀 택틱스 RPG"
09:30,197,6740556884,"잠룡 : 무협 도트 RPG"
09:30,198,6760125313,"희비전 리버스"
09:30,199,6779167923,"Colony Flow!"
09:30,200,1450127722,"랑그릿사"
11:00,1,6739616715,"메이플 키우기"
11:00,2,1458848044,"컴투스프로야구V26"
11:00,3,6443575749,"WOS: 화이트아웃 서바이벌"
11:00,4,1623318294,"가십하버: 합성 & 스토리 게임"
11:00,5,6749251466,"쿠키런 키우기 - 쿠키런: 크럼블"
11:00,6,1474589366,"리니지M"
11:00,7,6482291732,"운빨존많겜"
11:00,8,6754593077,"이환"
11:00,9,6471045672,"테이스티 트레블: 합성 게임"
11:00,10,1482155847,"로얄 매치 (Royal Match)"
11:00,11,1094591345,"Pokémon GO"
11:00,12,6443755785,"씨사이드 익스케이프: 합성 & 스토리 게임"
11:00,13,1478371252,"FC 모바일"
11:00,14,6739554056,"킹샷:Kingshot"
11:00,15,1606356401,"젠레스 존 제로 - 주년 기념"
11:00,16,6738163891,"뱀피르"
11:00,17,1105855019,"Gardenscapes"
11:00,18,1273957743,"EA SPORTS FC Online M"
11:00,19,1441742921,"마비노기 모바일"
11:00,20,6502326151,"카오스 제로 나이트메어"
11:00,21,6762442041,"열혈강호: 넥스트"
11:00,22,1585915174,"승리의 여신: 니케"
11:00,23,6448786147,"라스트 워: 서바이벌"
11:00,24,1366526331,"배틀그라운드"
11:00,25,1520354659,"오딘: 발할라 라이징"
11:00,26,6748004690,"SOL: enchant"
11:00,27,6503702666,"협타디: 협동 타워 디펜스"
11:00,28,1480616990,"리그 오브 레전드: 와일드 리프트"
11:00,29,6618142292,"핫레스토랑: 머지&쿠킹"
11:00,30,1643509748,"머지 쿠킹 테마 레스토랑（Merge Cooking）"
11:00,31,1195621598,"Homescapes: Match 3 Games"
11:00,32,1133463693,"메이플스토리M"
11:00,33,1640203623,"작혼: 리치 마작"
11:00,34,1616108452,"우마무스메 프리티 더비"
11:00,35,1471942989,"한게임 섯다&맞고"
11:00,36,1507872328,"WPL : 홀덤, 토너먼트, 오마하, 올인폴드, 픽앤고"
11:00,37,1229016807,"브롤스타즈"
11:00,38,1117270703,"eFootball™"
11:00,39,638689075,"꿈의 마을 (Township)"
11:00,40,6748432502,"랜덤 다이스 2"
11:00,41,6483252725,"몬길: STAR DIVE"
11:00,42,553834731,"캔디크러쉬사가"
11:00,43,1128255542,"리니지M(12)"
11:00,44,6751222389,"NBA 덩크 시티"
11:00,45,1466736988,"카트라이더 러쉬플러스"
11:00,46,6499562253,"드래곤빌리지3 - 100일 이벤트!"
11:00,47,6746151928,"두근두근타운"
11:00,48,848091833,"냥코 대전쟁"
11:00,49,6758200096,"라그나로크M: Classic"
11:00,50,1606549505,"로얄 킹덤 (Royal Kingdom)"
11:00,51,6759822089,"오늘의 꽃 : 진짜 꽃을 키우는 게임"
11:00,52,6503272652,"라스트 Z: 서바이벌 슈터"
11:00,53,947258826,"마피아42"
11:00,54,6756989323,"라스트 어사일럼: 페스트"
11:00,55,6446516059,"캣 히어로 : 방치형 RPG"
11:00,56,1571873795,"블루 아카이브"
11:00,57,6443477650,"한게임 로얄홀덤"
11:00,58,6475033368,"명조:워더링 웨이브"
11:00,59,6475757306,"Disney Solitaire 디즈니 솔리테어"
11:00,60,6503603603,"미스터리 타운: 합성 게임 (Mystery Town)"
11:00,61,1471486284,"한게임 포커"
11:00,62,6757381033,"2026 프로야구GO!"
11:00,63,1080541643,"Infinite Borders-인피니트 보더스"
11:00,64,6754679035,"히어로 랜드M"
11:00,65,6757360957,"삼국지: 천하결전"
11:00,66,6764201639,"총잡이 고양이 - 방치형 키우기"
11:00,67,1448979486,"던전앤파이터 모바일"
11:00,68,6755455500,"할리우드 머지"
11:00,69,6746465127,"세포 특공대 - 전략형 타워 디펜스"
11:00,70,6740026253,"오피스 퀸 키우기"
11:00,71,6740848451,"RF 온라인 넥스트"
11:00,72,1521236603,"Travel Town - 결합 어드벤처"
11:00,73,1580691683,"MLB 9이닝스 라이벌 26"
11:00,74,6479970832,"포켓몬 카드 게임 Pocket"
11:00,75,6448719154,"레이븐2"
11:00,76,6752886832,"호텔 레거시"
11:00,77,6746192853,"변신 키우기"
11:00,78,1635712706,"슬레이어 키우기"
11:00,79,6756558621,"킹덤2: 타오르는 전장"
11:00,80,6751086804,"그놈은 드래곤"
11:00,81,963067330,"쿠키런: 오븐브레이크"
11:00,82,6786589102,"티니핑 매직 매치"
11:00,83,898986747,"좀비고등학교"
11:00,84,6479595079,"세븐나이츠 리버스"
11:00,85,1509450845,"쿠키런: 킹덤"
11:00,86,6443468110,"러브앤딥스페이스"
11:00,87,6749302379,"동방 찻집"
11:00,88,6467117398,"버섯커 키우기"
11:00,89,1599719154,"붕괴: 스타레일"
11:00,90,1470173983,"AION2"
11:00,91,1582390510,"한게임포커 클래식 - 7포커 홀덤 섯다 훌라 슬롯"
11:00,92,6753862216,"푸드스타（Foodstars）: 합쳐서 요리하기"
11:00,93,6736896540,"헬로키티 마이 드림 스토어"
11:00,94,6670441558,"Dark War:Survival"
11:00,95,1053012308,"클래시 로얄 (Clash Royale)"
11:00,96,664575829,"피쉬돔 (Fishdom)"
11:00,97,1458568643,"피망 뉴맞고 : 고스톱으로 대한민국 1등"
11:00,98,6449023119,"리버스: 1999"
11:00,99,6759585981,"별별 히어로: 영웅 다있소"
11:00,100,1628970855,"AFK: 새로운 여정"
11:00,101,6759914688,"냥찍 히어로즈 : 방치형 RPG"
11:00,102,1176027022,"Toon Blast"
11:00,103,6740621218,"갓깨비 키우기"
11:00,104,1241893973,"페이트/그랜드 오더"
11:00,105,1517783697,"원신-스네즈나야 오픈"
11:00,106,6776989094,"블라이트 워 : 방치형 RPG"
11:00,107,529479190,"클래시 오브 클랜"
11:00,108,608808713,"쿠키런"
11:00,109,6756058501,"젤리 버스터즈: 퍼즐 게임"
11:00,110,6767834940,"탑 로드"
11:00,111,6737595599,"파운데이션: 우주 전선"
11:00,112,6476336847,"피망 쇼다운 홀덤 : 텍사스 홀덤, 포커, 토너먼트"
11:00,113,6475925341,"주술회전 팬텀 퍼레이드"
11:00,114,1492005122,"디아블로 이모탈"
11:00,115,1516727770,"마구마구 2026: 풀체인지"
11:00,116,1166415380,"풀팟 홀덤 포커: 텍사스 홀덤, 오마하, 토너먼트"
11:00,117,6476731203,"건틀렛: 신규 서버 오픈!"
11:00,118,1484468651,"Dice Dreams™ 다이스 드림"
11:00,119,1484442152,"머지 맨션: 퍼즐과 스토리"
11:00,120,1376515087,"Age of Origins:Tower Defense"
11:00,121,880551258,"컴투스프로야구2026"
11:00,122,6752672568,"Block Out! - Color Sort Puzzle"
11:00,123,6754373623,"소울 헌터 키우기 : 방치형 RPG"
11:00,124,6754229264,"임진왜란: 조선의 반격"
11:00,125,6761749975,"토이 삼국"
11:00,126,6740966864,"딸깍 다이스"
11:00,127,6746636289,"Forge Master – Idle RPG"
11:00,128,1478227443,"리니지2M"
11:00,129,6475077096,"아키에이지 워 (ArcheAge WAR)"
11:00,130,6738469826,"랜드 오브 제일"
11:00,131,6757690255,"윈드러너 키우기"
11:00,132,6737408689,"스톤에이지 키우기"
11:00,133,1347780764,"Identity V -제5인격"
11:00,134,6752369665,"Haunted Merge: Horror Story"
11:00,135,1554247785,"Yu-Gi-Oh! Master Duel"
11:00,136,6741503079,"Pokémon Champions"
11:00,137,1462911602,"Dream League Soccer 2026"
11:00,138,1597760047,"OneState RP: 온라인 롤플레잉"
11:00,139,1444980563,"리니지W"
11:00,140,6756641249,"hololive Dreams"
11:00,141,6767155768,"현상금 해적단 키우기"
11:00,142,1598881852,"프로젝트 세카이 컬러풀 스테이지! feat.하츠네 미쿠"
11:00,143,6462846417,"MLB 클러치 히트 베이스볼 26"
11:00,144,1160056295,"모바일 레전드: Bang Bang"
11:00,145,6740043080,"Screwdom : 나사와 볼트 퍼즐"
11:00,146,479516143,"Minecraft 온라인으로 친구들과 함께 플레이하세요"
11:00,147,6504332779,"Color Block Jam"
11:00,148,6760822948,"더 코지 플로리스트"
11:00,149,6747957875,"Family Go! - 대를 잇는 인생 시뮬레이션"
11:00,150,6450953550,"탑 히어로즈: 영웅의 시대"
11:00,151,6444043291,"Domino Dreams™"
11:00,152,6740899070,"플랜티스와 좀비깡패"
11:00,153,6760754315,"꿈의 여행자: 별빛 여정"
11:00,154,6745081346,"블리치: 소울 레조넌스"
11:00,155,1480616748,"전략적 팀 전투: 리그 오브 레전드 전략 게임"
11:00,156,6756247787,"디지몬 UP"
11:00,157,6457256716,"Total Football - 2026 북중미 시즌"
11:00,158,6757722046,"Butcher hero: hook'n'chew RPG"
11:00,159,6755585789,"템빨용사: 픽셀 아이템 머지 RPG"
11:00,160,6692615881,"SD건담 지 제네레이션 이터널"
11:00,161,6762203850,"바르디안: Vardian"
11:00,162,1473424424,"한게임 신맞고 : 대한민국 원조 고스톱"
11:00,163,6758072393,"추락한 아름다움: 머지&스토리"
11:00,164,6483053853,"로드나인"
11:00,165,1483058899,"Project Makeover"
11:00,166,6741889270,"픽셀 법사 키우기 : 방치형 RPG"
11:00,167,1468063069,"피망 포커"
11:00,168,6502820653,"궁수의 전설2"
11:00,169,1668036690,"우파루 오딧세이"
11:00,170,880047117,"앵그리버드 2 (Angry Birds 2)"
11:00,171,6466373096,"동글동글 거위헬스장"
11:00,172,6751056652,"Pixel Flow!"
11:00,173,6740189002,"갤럭시 디펜스(Galaxy Defense)"
11:00,174,955705796,"MARVEL 퓨처파이트"
11:00,175,6443760593,"좀비 웨이브스"
11:00,176,6737874398,"Merge Fashion: Romance Story"
11:00,177,6749132002,"빠지냥! (Drop the Cat)"
11:00,178,6740514809,"신궁 키우기 : 방치형 RPG"
11:00,179,6474961936,"레이싱 마스터"
11:00,180,6443824730,"트릭컬 리바이브"
11:00,181,6739772012,"암살자 키우기 : 1주년"
11:00,182,6743155652,"인생존망겜"
11:00,183,6476094902,"궁:영롱몽"
11:00,184,6740618570,"XP Hero (XP 히어로)"
11:00,185,6739345737,"팰몬: 서바이벌"
11:00,186,6754965520,"로그 레전드: 로그라이크 RPG"
11:00,187,6757908157,"JoJo's Bizarre Adventure: GS"
11:00,188,1540557475,"라스트 포트리스 : 언더그라운드"
11:00,189,409687884,"팔라독(Paladog)"
11:00,190,1581561666,"HIT2"
11:00,191,1533248097,"앙상블스타즈!!"
11:00,192,6499209744,"마법의 정렬 (Magic Sort!)"
11:00,193,6698862298,"아키텍트: 랜드 오브 엑자일"
11:00,194,6444112366,"Limbus Company"
11:00,195,6746328263,"Castle Busters"
11:00,196,6480157886,"트리 오브 세이비어: 네버랜드"
11:00,197,1528941310,"탕탕특공대"
11:00,198,6760125313,"희비전 리버스"
11:00,199,6742809054,"MAJO - 아포칼립스 마녀 택틱스 RPG"
11:00,200,6740556884,"잠룡 : 무협 도트 RPG"
12:00,1,6739616715,"메이플 키우기"
12:00,2,1458848044,"컴투스프로야구V26"
12:00,3,6443575749,"WOS: 화이트아웃 서바이벌"
12:00,4,1623318294,"가십하버: 합성 & 스토리 게임"
12:00,5,6749251466,"쿠키런 키우기 - 쿠키런: 크럼블"
12:00,6,1474589366,"리니지M"
12:00,7,6482291732,"운빨존많겜"
12:00,8,6754593077,"이환"
12:00,9,6471045672,"테이스티 트레블: 합성 게임"
12:00,10,1482155847,"로얄 매치 (Royal Match)"
12:00,11,1094591345,"Pokémon GO"
12:00,12,6443755785,"씨사이드 익스케이프: 합성 & 스토리 게임"
12:00,13,1478371252,"FC 모바일"
12:00,14,6739554056,"킹샷:Kingshot"
12:00,15,1606356401,"젠레스 존 제로 - 주년 기념"
12:00,16,6738163891,"뱀피르"
12:00,17,1105855019,"Gardenscapes"
12:00,18,1273957743,"EA SPORTS FC Online M"
12:00,19,1441742921,"마비노기 모바일"
12:00,20,6502326151,"카오스 제로 나이트메어"
12:00,21,6762442041,"열혈강호: 넥스트"
12:00,22,1585915174,"승리의 여신: 니케"
12:00,23,6448786147,"라스트 워: 서바이벌"
12:00,24,1366526331,"배틀그라운드"
12:00,25,1520354659,"오딘: 발할라 라이징"
12:00,26,6748004690,"SOL: enchant"
12:00,27,6503702666,"협타디: 협동 타워 디펜스"
12:00,28,1480616990,"리그 오브 레전드: 와일드 리프트"
12:00,29,6618142292,"핫레스토랑: 머지&쿠킹"
12:00,30,1643509748,"머지 쿠킹 테마 레스토랑（Merge Cooking）"
12:00,31,1195621598,"Homescapes: Match 3 Games"
12:00,32,1133463693,"메이플스토리M"
12:00,33,1640203623,"작혼: 리치 마작"
12:00,34,1616108452,"우마무스메 프리티 더비"
12:00,35,1471942989,"한게임 섯다&맞고"
12:00,36,1507872328,"WPL : 홀덤, 토너먼트, 오마하, 올인폴드, 픽앤고"
12:00,37,1229016807,"브롤스타즈"
12:00,38,1117270703,"eFootball™"
12:00,39,638689075,"꿈의 마을 (Township)"
12:00,40,6748432502,"랜덤 다이스 2"
12:00,41,6483252725,"몬길: STAR DIVE"
12:00,42,553834731,"캔디크러쉬사가"
12:00,43,1128255542,"리니지M(12)"
12:00,44,6751222389,"NBA 덩크 시티"
12:00,45,1466736988,"카트라이더 러쉬플러스"
12:00,46,6499562253,"드래곤빌리지3 - 100일 이벤트!"
12:00,47,6746151928,"두근두근타운"
12:00,48,848091833,"냥코 대전쟁"
12:00,49,6758200096,"라그나로크M: Classic"
12:00,50,1606549505,"로얄 킹덤 (Royal Kingdom)"
12:00,51,6759822089,"오늘의 꽃 : 진짜 꽃을 키우는 게임"
12:00,52,6503272652,"라스트 Z: 서바이벌 슈터"
12:00,53,947258826,"마피아42"
12:00,54,6756989323,"라스트 어사일럼: 페스트"
12:00,55,6446516059,"캣 히어로 : 방치형 RPG"
12:00,56,1571873795,"블루 아카이브"
12:00,57,6443477650,"한게임 로얄홀덤"
12:00,58,6475033368,"명조:워더링 웨이브"
12:00,59,6475757306,"Disney Solitaire 디즈니 솔리테어"
12:00,60,6503603603,"미스터리 타운: 합성 게임 (Mystery Town)"
12:00,61,1471486284,"한게임 포커"
12:00,62,6757381033,"2026 프로야구GO!"
12:00,63,1080541643,"Infinite Borders-인피니트 보더스"
12:00,64,6754679035,"히어로 랜드M"
12:00,65,6757360957,"삼국지: 천하결전"
12:00,66,6764201639,"총잡이 고양이 - 방치형 키우기"
12:00,67,1448979486,"던전앤파이터 모바일"
12:00,68,6755455500,"할리우드 머지"
12:00,69,6746465127,"세포 특공대 - 전략형 타워 디펜스"
12:00,70,6740026253,"오피스 퀸 키우기"
12:00,71,6740848451,"RF 온라인 넥스트"
12:00,72,1521236603,"Travel Town - 결합 어드벤처"
12:00,73,1580691683,"MLB 9이닝스 라이벌 26"
12:00,74,6479970832,"포켓몬 카드 게임 Pocket"
12:00,75,6448719154,"레이븐2"
12:00,76,6752886832,"호텔 레거시"
12:00,77,6746192853,"변신 키우기"
12:00,78,1635712706,"슬레이어 키우기"
12:00,79,6756558621,"킹덤2: 타오르는 전장"
12:00,80,6751086804,"그놈은 드래곤"
12:00,81,963067330,"쿠키런: 오븐브레이크"
12:00,82,6786589102,"티니핑 매직 매치"
12:00,83,898986747,"좀비고등학교"
12:00,84,6479595079,"세븐나이츠 리버스"
12:00,85,1509450845,"쿠키런: 킹덤"
12:00,86,6443468110,"러브앤딥스페이스"
12:00,87,6749302379,"동방 찻집"
12:00,88,6467117398,"버섯커 키우기"
12:00,89,1599719154,"붕괴: 스타레일"
12:00,90,1470173983,"AION2"
12:00,91,1582390510,"한게임포커 클래식 - 7포커 홀덤 섯다 훌라 슬롯"
12:00,92,6753862216,"푸드스타（Foodstars）: 합쳐서 요리하기"
12:00,93,6736896540,"헬로키티 마이 드림 스토어"
12:00,94,6670441558,"Dark War:Survival"
12:00,95,1053012308,"클래시 로얄 (Clash Royale)"
12:00,96,664575829,"피쉬돔 (Fishdom)"
12:00,97,1458568643,"피망 뉴맞고 : 고스톱으로 대한민국 1등"
12:00,98,6449023119,"리버스: 1999"
12:00,99,6759585981,"별별 히어로: 영웅 다있소"
12:00,100,1628970855,"AFK: 새로운 여정"
12:00,101,6759914688,"냥찍 히어로즈 : 방치형 RPG"
12:00,102,1176027022,"Toon Blast"
12:00,103,6740621218,"갓깨비 키우기"
12:00,104,1241893973,"페이트/그랜드 오더"
12:00,105,1517783697,"원신-스네즈나야 오픈"
12:00,106,6776989094,"블라이트 워 : 방치형 RPG"
12:00,107,529479190,"클래시 오브 클랜"
12:00,108,608808713,"쿠키런"
12:00,109,6756058501,"젤리 버스터즈: 퍼즐 게임"
12:00,110,6767834940,"탑 로드"
12:00,111,6737595599,"파운데이션: 우주 전선"
12:00,112,6476336847,"피망 쇼다운 홀덤 : 텍사스 홀덤, 포커, 토너먼트"
12:00,113,6475925341,"주술회전 팬텀 퍼레이드"
12:00,114,1492005122,"디아블로 이모탈"
12:00,115,1516727770,"마구마구 2026: 풀체인지"
12:00,116,1166415380,"풀팟 홀덤 포커: 텍사스 홀덤, 오마하, 토너먼트"
12:00,117,6476731203,"건틀렛: 신규 서버 오픈!"
12:00,118,1484468651,"Dice Dreams™ 다이스 드림"
12:00,119,1484442152,"머지 맨션: 퍼즐과 스토리"
12:00,120,1376515087,"Age of Origins:Tower Defense"
12:00,121,880551258,"컴투스프로야구2026"
12:00,122,6752672568,"Block Out! - Color Sort Puzzle"
12:00,123,6754373623,"소울 헌터 키우기 : 방치형 RPG"
12:00,124,6754229264,"임진왜란: 조선의 반격"
12:00,125,6761749975,"토이 삼국"
12:00,126,6740966864,"딸깍 다이스"
12:00,127,6746636289,"Forge Master – Idle RPG"
12:00,128,1478227443,"리니지2M"
12:00,129,6475077096,"아키에이지 워 (ArcheAge WAR)"
12:00,130,6738469826,"랜드 오브 제일"
12:00,131,6757690255,"윈드러너 키우기"
12:00,132,6737408689,"스톤에이지 키우기"
12:00,133,1347780764,"Identity V -제5인격"
12:00,134,6752369665,"Haunted Merge: Horror Story"
12:00,135,1554247785,"Yu-Gi-Oh! Master Duel"
12:00,136,6741503079,"Pokémon Champions"
12:00,137,1462911602,"Dream League Soccer 2026"
12:00,138,1597760047,"OneState RP: 온라인 롤플레잉"
12:00,139,1444980563,"리니지W"
12:00,140,6756641249,"hololive Dreams"
12:00,141,6767155768,"현상금 해적단 키우기"
12:00,142,1598881852,"프로젝트 세카이 컬러풀 스테이지! feat.하츠네 미쿠"
12:00,143,6462846417,"MLB 클러치 히트 베이스볼 26"
12:00,144,1160056295,"모바일 레전드: Bang Bang"
12:00,145,6740043080,"Screwdom : 나사와 볼트 퍼즐"
12:00,146,479516143,"Minecraft 온라인으로 친구들과 함께 플레이하세요"
12:00,147,6504332779,"Color Block Jam"
12:00,148,6760822948,"더 코지 플로리스트"
12:00,149,6747957875,"Family Go! - 대를 잇는 인생 시뮬레이션"
12:00,150,6450953550,"탑 히어로즈: 영웅의 시대"
12:00,151,6444043291,"Domino Dreams™"
12:00,152,6740899070,"플랜티스와 좀비깡패"
12:00,153,6760754315,"꿈의 여행자: 별빛 여정"
12:00,154,6745081346,"블리치: 소울 레조넌스"
12:00,155,1480616748,"전략적 팀 전투: 리그 오브 레전드 전략 게임"
12:00,156,6756247787,"디지몬 UP"
12:00,157,6457256716,"Total Football - 2026 북중미 시즌"
12:00,158,6757722046,"Butcher hero: hook'n'chew RPG"
12:00,159,6755585789,"템빨용사: 픽셀 아이템 머지 RPG"
12:00,160,6692615881,"SD건담 지 제네레이션 이터널"
12:00,161,6762203850,"바르디안: Vardian"
12:00,162,1473424424,"한게임 신맞고 : 대한민국 원조 고스톱"
12:00,163,6758072393,"추락한 아름다움: 머지&스토리"
12:00,164,6483053853,"로드나인"
12:00,165,1483058899,"Project Makeover"
12:00,166,6741889270,"픽셀 법사 키우기 : 방치형 RPG"
12:00,167,1468063069,"피망 포커"
12:00,168,6502820653,"궁수의 전설2"
12:00,169,1668036690,"우파루 오딧세이"
12:00,170,880047117,"앵그리버드 2 (Angry Birds 2)"
12:00,171,6466373096,"동글동글 거위헬스장"
12:00,172,6751056652,"Pixel Flow!"
12:00,173,6740189002,"갤럭시 디펜스(Galaxy Defense)"
12:00,174,955705796,"MARVEL 퓨처파이트"
12:00,175,6443760593,"좀비 웨이브스"
12:00,176,6737874398,"Merge Fashion: Romance Story"
12:00,177,6749132002,"빠지냥! (Drop the Cat)"
12:00,178,6740514809,"신궁 키우기 : 방치형 RPG"
12:00,179,6474961936,"레이싱 마스터"
12:00,180,6443824730,"트릭컬 리바이브"
12:00,181,6739772012,"암살자 키우기 : 1주년"
12:00,182,6743155652,"인생존망겜"
12:00,183,6476094902,"궁:영롱몽"
12:00,184,6740618570,"XP Hero (XP 히어로)"
12:00,185,6739345737,"팰몬: 서바이벌"
12:00,186,6754965520,"로그 레전드: 로그라이크 RPG"
12:00,187,6757908157,"JoJo's Bizarre Adventure: GS"
12:00,188,1540557475,"라스트 포트리스 : 언더그라운드"
12:00,189,409687884,"팔라독(Paladog)"
12:00,190,1581561666,"HIT2"
12:00,191,1533248097,"앙상블스타즈!!"
12:00,192,6499209744,"마법의 정렬 (Magic Sort!)"
12:00,193,6698862298,"아키텍트: 랜드 오브 엑자일"
12:00,194,6444112366,"Limbus Company"
12:00,195,6746328263,"Castle Busters"
12:00,196,6480157886,"트리 오브 세이비어: 네버랜드"
12:00,197,1528941310,"탕탕특공대"
12:00,198,6760125313,"희비전 리버스"
12:00,199,6742809054,"MAJO - 아포칼립스 마녀 택틱스 RPG"
12:00,200,6740556884,"잠룡 : 무협 도트 RPG"
13:00,1,6739616715,"메이플 키우기"
13:00,2,1458848044,"컴투스프로야구V26"
13:00,3,6443575749,"WOS: 화이트아웃 서바이벌"
13:00,4,1623318294,"가십하버: 합성 & 스토리 게임"
13:00,5,6749251466,"쿠키런 키우기 - 쿠키런: 크럼블"
13:00,6,1474589366,"리니지M"
13:00,7,6482291732,"운빨존많겜"
13:00,8,6754593077,"이환"
13:00,9,6471045672,"테이스티 트레블: 합성 게임"
13:00,10,1482155847,"로얄 매치 (Royal Match)"
13:00,11,1094591345,"Pokémon GO"
13:00,12,6443755785,"씨사이드 익스케이프: 합성 & 스토리 게임"
13:00,13,1478371252,"FC 모바일"
13:00,14,6739554056,"킹샷:Kingshot"
13:00,15,1606356401,"젠레스 존 제로 - 주년 기념"
13:00,16,6738163891,"뱀피르"
13:00,17,1105855019,"Gardenscapes"
13:00,18,1273957743,"EA SPORTS FC Online M"
13:00,19,1441742921,"마비노기 모바일"
13:00,20,6502326151,"카오스 제로 나이트메어"
13:00,21,6762442041,"열혈강호: 넥스트"
13:00,22,1585915174,"승리의 여신: 니케"
13:00,23,6448786147,"라스트 워: 서바이벌"
13:00,24,1366526331,"배틀그라운드"
13:00,25,1520354659,"오딘: 발할라 라이징"
13:00,26,6748004690,"SOL: enchant"
13:00,27,6503702666,"협타디: 협동 타워 디펜스"
13:00,28,1480616990,"리그 오브 레전드: 와일드 리프트"
13:00,29,6618142292,"핫레스토랑: 머지&쿠킹"
13:00,30,1643509748,"머지 쿠킹 테마 레스토랑（Merge Cooking）"
13:00,31,1195621598,"Homescapes: Match 3 Games"
13:00,32,1133463693,"메이플스토리M"
13:00,33,1640203623,"작혼: 리치 마작"
13:00,34,1616108452,"우마무스메 프리티 더비"
13:00,35,1471942989,"한게임 섯다&맞고"
13:00,36,1507872328,"WPL : 홀덤, 토너먼트, 오마하, 올인폴드, 픽앤고"
13:00,37,1229016807,"브롤스타즈"
13:00,38,1117270703,"eFootball™"
13:00,39,638689075,"꿈의 마을 (Township)"
13:00,40,6748432502,"랜덤 다이스 2"
13:00,41,6483252725,"몬길: STAR DIVE"
13:00,42,553834731,"캔디크러쉬사가"
13:00,43,1128255542,"리니지M(12)"
13:00,44,6751222389,"NBA 덩크 시티"
13:00,45,1466736988,"카트라이더 러쉬플러스"
13:00,46,6499562253,"드래곤빌리지3 - 100일 이벤트!"
13:00,47,6746151928,"두근두근타운"
13:00,48,848091833,"냥코 대전쟁"
13:00,49,6758200096,"라그나로크M: Classic"
13:00,50,1606549505,"로얄 킹덤 (Royal Kingdom)"
13:00,51,6759822089,"오늘의 꽃 : 진짜 꽃을 키우는 게임"
13:00,52,6503272652,"라스트 Z: 서바이벌 슈터"
13:00,53,947258826,"마피아42"
13:00,54,6756989323,"라스트 어사일럼: 페스트"
13:00,55,6446516059,"캣 히어로 : 방치형 RPG"
13:00,56,1571873795,"블루 아카이브"
13:00,57,6443477650,"한게임 로얄홀덤"
13:00,58,6475033368,"명조:워더링 웨이브"
13:00,59,6475757306,"Disney Solitaire 디즈니 솔리테어"
13:00,60,6503603603,"미스터리 타운: 합성 게임 (Mystery Town)"
13:00,61,1471486284,"한게임 포커"
13:00,62,6757381033,"2026 프로야구GO!"
13:00,63,1080541643,"Infinite Borders-인피니트 보더스"
13:00,64,6754679035,"히어로 랜드M"
13:00,65,6757360957,"삼국지: 천하결전"
13:00,66,6764201639,"총잡이 고양이 - 방치형 키우기"
13:00,67,1448979486,"던전앤파이터 모바일"
13:00,68,6755455500,"할리우드 머지"
13:00,69,6746465127,"세포 특공대 - 전략형 타워 디펜스"
13:00,70,6740026253,"오피스 퀸 키우기"
13:00,71,6740848451,"RF 온라인 넥스트"
13:00,72,1521236603,"Travel Town - 결합 어드벤처"
13:00,73,1580691683,"MLB 9이닝스 라이벌 26"
13:00,74,6479970832,"포켓몬 카드 게임 Pocket"
13:00,75,6448719154,"레이븐2"
13:00,76,6752886832,"호텔 레거시"
13:00,77,6746192853,"변신 키우기"
13:00,78,1635712706,"슬레이어 키우기"
13:00,79,6756558621,"킹덤2: 타오르는 전장"
13:00,80,6751086804,"그놈은 드래곤"
13:00,81,963067330,"쿠키런: 오븐브레이크"
13:00,82,6786589102,"티니핑 매직 매치"
13:00,83,898986747,"좀비고등학교"
13:00,84,6479595079,"세븐나이츠 리버스"
13:00,85,1509450845,"쿠키런: 킹덤"
13:00,86,6443468110,"러브앤딥스페이스"
13:00,87,6749302379,"동방 찻집"
13:00,88,6467117398,"버섯커 키우기"
13:00,89,1599719154,"붕괴: 스타레일"
13:00,90,1470173983,"AION2"
13:00,91,1582390510,"한게임포커 클래식 - 7포커 홀덤 섯다 훌라 슬롯"
13:00,92,6753862216,"푸드스타（Foodstars）: 합쳐서 요리하기"
13:00,93,6736896540,"헬로키티 마이 드림 스토어"
13:00,94,6670441558,"Dark War:Survival"
13:00,95,1053012308,"클래시 로얄 (Clash Royale)"
13:00,96,664575829,"피쉬돔 (Fishdom)"
13:00,97,1458568643,"피망 뉴맞고 : 고스톱으로 대한민국 1등"
13:00,98,6449023119,"리버스: 1999"
13:00,99,6759585981,"별별 히어로: 영웅 다있소"
13:00,100,1628970855,"AFK: 새로운 여정"
13:00,101,6759914688,"냥찍 히어로즈 : 방치형 RPG"
13:00,102,1176027022,"Toon Blast"
13:00,103,6740621218,"갓깨비 키우기"
13:00,104,1241893973,"페이트/그랜드 오더"
13:00,105,1517783697,"원신-스네즈나야 오픈"
13:00,106,6776989094,"블라이트 워 : 방치형 RPG"
13:00,107,529479190,"클래시 오브 클랜"
13:00,108,608808713,"쿠키런"
13:00,109,6756058501,"젤리 버스터즈: 퍼즐 게임"
13:00,110,6767834940,"탑 로드"
13:00,111,6737595599,"파운데이션: 우주 전선"
13:00,112,6476336847,"피망 쇼다운 홀덤 : 텍사스 홀덤, 포커, 토너먼트"
13:00,113,6475925341,"주술회전 팬텀 퍼레이드"
13:00,114,1492005122,"디아블로 이모탈"
13:00,115,1516727770,"마구마구 2026: 풀체인지"
13:00,116,1166415380,"풀팟 홀덤 포커: 텍사스 홀덤, 오마하, 토너먼트"
13:00,117,6476731203,"건틀렛: 신규 서버 오픈!"
13:00,118,1484468651,"Dice Dreams™ 다이스 드림"
13:00,119,1484442152,"머지 맨션: 퍼즐과 스토리"
13:00,120,1376515087,"Age of Origins:Tower Defense"
13:00,121,880551258,"컴투스프로야구2026"
13:00,122,6752672568,"Block Out! - Color Sort Puzzle"
13:00,123,6754373623,"소울 헌터 키우기 : 방치형 RPG"
13:00,124,6754229264,"임진왜란: 조선의 반격"
13:00,125,6761749975,"토이 삼국"
13:00,126,6740966864,"딸깍 다이스"
13:00,127,6746636289,"Forge Master – Idle RPG"
13:00,128,1478227443,"리니지2M"
13:00,129,6475077096,"아키에이지 워 (ArcheAge WAR)"
13:00,130,6738469826,"랜드 오브 제일"
13:00,131,6757690255,"윈드러너 키우기"
13:00,132,6737408689,"스톤에이지 키우기"
13:00,133,1347780764,"Identity V -제5인격"
13:00,134,6752369665,"Haunted Merge: Horror Story"
13:00,135,1554247785,"Yu-Gi-Oh! Master Duel"
13:00,136,6741503079,"Pokémon Champions"
13:00,137,1462911602,"Dream League Soccer 2026"
13:00,138,1597760047,"OneState RP: 온라인 롤플레잉"
13:00,139,1444980563,"리니지W"
13:00,140,6756641249,"hololive Dreams"
13:00,141,6767155768,"현상금 해적단 키우기"
13:00,142,1598881852,"프로젝트 세카이 컬러풀 스테이지! feat.하츠네 미쿠"
13:00,143,6462846417,"MLB 클러치 히트 베이스볼 26"
13:00,144,1160056295,"모바일 레전드: Bang Bang"
13:00,145,6740043080,"Screwdom : 나사와 볼트 퍼즐"
13:00,146,479516143,"Minecraft 온라인으로 친구들과 함께 플레이하세요"
13:00,147,6504332779,"Color Block Jam"
13:00,148,6760822948,"더 코지 플로리스트"
13:00,149,6747957875,"Family Go! - 대를 잇는 인생 시뮬레이션"
13:00,150,6450953550,"탑 히어로즈: 영웅의 시대"
13:00,151,6444043291,"Domino Dreams™"
13:00,152,6740899070,"플랜티스와 좀비깡패"
13:00,153,6760754315,"꿈의 여행자: 별빛 여정"
13:00,154,6745081346,"블리치: 소울 레조넌스"
13:00,155,1480616748,"전략적 팀 전투: 리그 오브 레전드 전략 게임"
13:00,156,6756247787,"디지몬 UP"
13:00,157,6457256716,"Total Football - 2026 북중미 시즌"
13:00,158,6757722046,"Butcher hero: hook'n'chew RPG"
13:00,159,6755585789,"템빨용사: 픽셀 아이템 머지 RPG"
13:00,160,6692615881,"SD건담 지 제네레이션 이터널"
13:00,161,6762203850,"바르디안: Vardian"
13:00,162,1473424424,"한게임 신맞고 : 대한민국 원조 고스톱"
13:00,163,6758072393,"추락한 아름다움: 머지&스토리"
13:00,164,6483053853,"로드나인"
13:00,165,1483058899,"Project Makeover"
13:00,166,6741889270,"픽셀 법사 키우기 : 방치형 RPG"
13:00,167,1468063069,"피망 포커"
13:00,168,6502820653,"궁수의 전설2"
13:00,169,1668036690,"우파루 오딧세이"
13:00,170,880047117,"앵그리버드 2 (Angry Birds 2)"
13:00,171,6466373096,"동글동글 거위헬스장"
13:00,172,6751056652,"Pixel Flow!"
13:00,173,6740189002,"갤럭시 디펜스(Galaxy Defense)"
13:00,174,955705796,"MARVEL 퓨처파이트"
13:00,175,6443760593,"좀비 웨이브스"
13:00,176,6737874398,"Merge Fashion: Romance Story"
13:00,177,6749132002,"빠지냥! (Drop the Cat)"
13:00,178,6740514809,"신궁 키우기 : 방치형 RPG"
13:00,179,6474961936,"레이싱 마스터"
13:00,180,6443824730,"트릭컬 리바이브"
13:00,181,6739772012,"암살자 키우기 : 1주년"
13:00,182,6743155652,"인생존망겜"
13:00,183,6476094902,"궁:영롱몽"
13:00,184,6740618570,"XP Hero (XP 히어로)"
13:00,185,6739345737,"팰몬: 서바이벌"
13:00,186,6754965520,"로그 레전드: 로그라이크 RPG"
13:00,187,6757908157,"JoJo's Bizarre Adventure: GS"
13:00,188,1540557475,"라스트 포트리스 : 언더그라운드"
13:00,189,409687884,"팔라독(Paladog)"
13:00,190,1581561666,"HIT2"
13:00,191,1533248097,"앙상블스타즈!!"
13:00,192,6499209744,"마법의 정렬 (Magic Sort!)"
13:00,193,6698862298,"아키텍트: 랜드 오브 엑자일"
13:00,194,6444112366,"Limbus Company"
13:00,195,6746328263,"Castle Busters"
13:00,196,6480157886,"트리 오브 세이비어: 네버랜드"
13:00,197,1528941310,"탕탕특공대"
13:00,198,6760125313,"희비전 리버스"
13:00,199,6742809054,"MAJO - 아포칼립스 마녀 택틱스 RPG"
13:00,200,6740556884,"잠룡 : 무협 도트 RPG"
14:00,1,6739616715,"메이플 키우기"
14:00,2,6443575749,"WOS: 화이트아웃 서바이벌"
14:00,3,1458848044,"컴투스프로야구V26"
14:00,4,1623318294,"가십하버: 합성 & 스토리 게임"
14:00,5,6749251466,"쿠키런 키우기 - 쿠키런: 크럼블"
14:00,6,6482291732,"운빨존많겜"
14:00,7,1474589366,"리니지M"
14:00,8,1585915174,"승리의 여신: 니케"
14:00,9,6754593077,"이환"
14:00,10,6739554056,"킹샷:Kingshot"
14:00,11,1441742921,"마비노기 모바일"
14:00,12,1482155847,"로얄 매치 (Royal Match)"
14:00,13,6471045672,"테이스티 트레블: 합성 게임"
14:00,14,6443755785,"씨사이드 익스케이프: 합성 & 스토리 게임"
14:00,15,1094591345,"Pokémon GO"
14:00,16,1606356401,"젠레스 존 제로 - 주년 기념"
14:00,17,1478371252,"FC 모바일"
14:00,18,1105855019,"Gardenscapes"
14:00,19,6738163891,"뱀피르"
14:00,20,1273957743,"EA SPORTS FC Online M"
14:00,21,6762442041,"열혈강호: 넥스트"
14:00,22,6502326151,"카오스 제로 나이트메어"
14:00,23,6448786147,"라스트 워: 서바이벌"
14:00,24,1366526331,"배틀그라운드"
14:00,25,6503702666,"협타디: 협동 타워 디펜스"
14:00,26,1520354659,"오딘: 발할라 라이징"
14:00,27,6748004690,"SOL: enchant"
14:00,28,6618142292,"핫레스토랑: 머지&쿠킹"
14:00,29,1195621598,"Homescapes: Match 3 Games"
14:00,30,1643509748,"머지 쿠킹 테마 레스토랑（Merge Cooking）"
14:00,31,6499562253,"드래곤빌리지3 - 100일 이벤트!"
14:00,32,1480616990,"리그 오브 레전드: 와일드 리프트"
14:00,33,1640203623,"작혼: 리치 마작"
14:00,34,1133463693,"메이플스토리M"
14:00,35,1471942989,"한게임 섯다&맞고"
14:00,36,1616108452,"우마무스메 프리티 더비"
14:00,37,1507872328,"WPL : 홀덤, 토너먼트, 오마하, 올인폴드, 픽앤고"
14:00,38,6751222389,"NBA 덩크 시티"
14:00,39,1229016807,"브롤스타즈"
14:00,40,638689075,"꿈의 마을 (Township)"
14:00,41,6483252725,"몬길: STAR DIVE"
14:00,42,1117270703,"eFootball™"
14:00,43,553834731,"캔디크러쉬사가"
14:00,44,6748432502,"랜덤 다이스 2"
14:00,45,6446516059,"캣 히어로 : 방치형 RPG"
14:00,46,1606549505,"로얄 킹덤 (Royal Kingdom)"
14:00,47,848091833,"냥코 대전쟁"
14:00,48,6746151928,"두근두근타운"
14:00,49,1128255542,"리니지M(12)"
14:00,50,1466736988,"카트라이더 러쉬플러스"
14:00,51,947258826,"마피아42"
14:00,52,6759822089,"오늘의 꽃 : 진짜 꽃을 키우는 게임"
14:00,53,6503272652,"라스트 Z: 서바이벌 슈터"
14:00,54,6758200096,"라그나로크M: Classic"
14:00,55,6757381033,"2026 프로야구GO!"
14:00,56,6756989323,"라스트 어사일럼: 페스트"
14:00,57,6503603603,"미스터리 타운: 합성 게임 (Mystery Town)"
14:00,58,6475757306,"Disney Solitaire 디즈니 솔리테어"
14:00,59,1571873795,"블루 아카이브"
14:00,60,6751086804,"그놈은 드래곤"
14:00,61,6740026253,"오피스 퀸 키우기"
14:00,62,6475033368,"명조:워더링 웨이브"
14:00,63,6443477650,"한게임 로얄홀덤"
14:00,64,1471486284,"한게임 포커"
14:00,65,1448979486,"던전앤파이터 모바일"
14:00,66,6754679035,"히어로 랜드M"
14:00,67,1080541643,"Infinite Borders-인피니트 보더스"
14:00,68,1580691683,"MLB 9이닝스 라이벌 26"
14:00,69,6764201639,"총잡이 고양이 - 방치형 키우기"
14:00,70,6755455500,"할리우드 머지"
14:00,71,6746192853,"변신 키우기"
14:00,72,6746465127,"세포 특공대 - 전략형 타워 디펜스"
14:00,73,6757360957,"삼국지: 천하결전"
14:00,74,6740848451,"RF 온라인 넥스트"
14:00,75,1521236603,"Travel Town - 결합 어드벤처"
14:00,76,6479970832,"포켓몬 카드 게임 Pocket"
14:00,77,963067330,"쿠키런: 오븐브레이크"
14:00,78,6752886832,"호텔 레거시"
14:00,79,6737408689,"스톤에이지 키우기"
14:00,80,6756558621,"킹덤2: 타오르는 전장"
14:00,81,6448719154,"레이븐2"
14:00,82,1635712706,"슬레이어 키우기"
14:00,83,898986747,"좀비고등학교"
14:00,84,6786589102,"티니핑 매직 매치"
14:00,85,1509450845,"쿠키런: 킹덤"
14:00,86,6759914688,"냥찍 히어로즈 : 방치형 RPG"
14:00,87,6749302379,"동방 찻집"
14:00,88,1599719154,"붕괴: 스타레일"
14:00,89,6443468110,"러브앤딥스페이스"
14:00,90,6467117398,"버섯커 키우기"
14:00,91,6479595079,"세븐나이츠 리버스"
14:00,92,6753862216,"푸드스타（Foodstars）: 합쳐서 요리하기"
14:00,93,6736896540,"헬로키티 마이 드림 스토어"
14:00,94,6670441558,"Dark War:Survival"
14:00,95,1470173983,"AION2"
14:00,96,1053012308,"클래시 로얄 (Clash Royale)"
14:00,97,6740621218,"갓깨비 키우기"
14:00,98,1376515087,"Age of Origins:Tower Defense"
14:00,99,664575829,"피쉬돔 (Fishdom)"
14:00,100,1582390510,"한게임포커 클래식 - 7포커 홀덤 섯다 훌라 슬롯"
14:00,101,6746636289,"Forge Master – Idle RPG"
14:00,102,6767834940,"탑 로드"
14:00,103,6737595599,"파운데이션: 우주 전선"
14:00,104,1517783697,"원신-스네즈나야 오픈"
14:00,105,6759585981,"별별 히어로: 영웅 다있소"
14:00,106,1458568643,"피망 뉴맞고 : 고스톱으로 대한민국 1등"
14:00,107,6449023119,"리버스: 1999"
14:00,108,1176027022,"Toon Blast"
14:00,109,1628970855,"AFK: 새로운 여정"
14:00,110,6761749975,"토이 삼국"
14:00,111,880551258,"컴투스프로야구2026"
14:00,112,1241893973,"페이트/그랜드 오더"
14:00,113,608808713,"쿠키런"
14:00,114,1484442152,"머지 맨션: 퍼즐과 스토리"
14:00,115,1492005122,"디아블로 이모탈"
14:00,116,6776989094,"블라이트 워 : 방치형 RPG"
14:00,117,529479190,"클래시 오브 클랜"
14:00,118,6756058501,"젤리 버스터즈: 퍼즐 게임"
14:00,119,6476336847,"피망 쇼다운 홀덤 : 텍사스 홀덤, 포커, 토너먼트"
14:00,120,6475925341,"주술회전 팬텀 퍼레이드"
14:00,121,1516727770,"마구마구 2026: 풀체인지"
14:00,122,1597760047,"OneState RP: 온라인 롤플레잉"
14:00,123,6752369665,"Haunted Merge: Horror Story"
14:00,124,6476731203,"건틀렛: 신규 서버 오픈!"
14:00,125,6738469826,"랜드 오브 제일"
14:00,126,1484468651,"Dice Dreams™ 다이스 드림"
14:00,127,6752672568,"Block Out! - Color Sort Puzzle"
14:00,128,6754373623,"소울 헌터 키우기 : 방치형 RPG"
14:00,129,6740966864,"딸깍 다이스"
14:00,130,1166415380,"풀팟 홀덤 포커: 텍사스 홀덤, 오마하, 토너먼트"
14:00,131,6757690255,"윈드러너 키우기"
14:00,132,6741503079,"Pokémon Champions"
14:00,133,1598881852,"프로젝트 세카이 컬러풀 스테이지! feat.하츠네 미쿠"
14:00,134,1478227443,"리니지2M"
14:00,135,6754229264,"임진왜란: 조선의 반격"
14:00,136,6740189002,"갤럭시 디펜스(Galaxy Defense)"
14:00,137,6444598069,"나이트 크로우"
14:00,138,1462911602,"Dream League Soccer 2026"
14:00,139,6767155768,"현상금 해적단 키우기"
14:00,140,1347780764,"Identity V -제5인격"
14:00,141,1444980563,"리니지W"
14:00,142,6475077096,"아키에이지 워 (ArcheAge WAR)"
14:00,143,6740043080,"Screwdom : 나사와 볼트 퍼즐"
14:00,144,6760822948,"더 코지 플로리스트"
14:00,145,1554247785,"Yu-Gi-Oh! Master Duel"
14:00,146,1160056295,"모바일 레전드: Bang Bang"
14:00,147,6504332779,"Color Block Jam"
14:00,148,6740899070,"플랜티스와 좀비깡패"
14:00,149,479516143,"Minecraft 온라인으로 친구들과 함께 플레이하세요"
14:00,150,6450953550,"탑 히어로즈: 영웅의 시대"
14:00,151,6747957875,"Family Go! - 대를 잇는 인생 시뮬레이션"
14:00,152,1614789798,"포세이돈키우기"
14:00,153,6756641249,"hololive Dreams"
14:00,154,6462846417,"MLB 클러치 히트 베이스볼 26"
14:00,155,6760754315,"꿈의 여행자: 별빛 여정"
14:00,156,6444043291,"Domino Dreams™"
14:00,157,1480616748,"전략적 팀 전투: 리그 오브 레전드 전략 게임"
14:00,158,6762203850,"바르디안: Vardian"
14:00,159,6443760593,"좀비 웨이브스"
14:00,160,6502820653,"궁수의 전설2"
14:00,161,6745081346,"블리치: 소울 레조넌스"
14:00,162,1487451427,"Infinity Kingdom"
14:00,163,6692615881,"SD건담 지 제네레이션 이터널"
14:00,164,1468063069,"피망 포커"
14:00,165,6755585789,"템빨용사: 픽셀 아이템 머지 RPG"
14:00,166,6756247787,"디지몬 UP"
14:00,167,6758072393,"추락한 아름다움: 머지&스토리"
14:00,168,6457256716,"Total Football - 2026 북중미 시즌"
14:00,169,6757722046,"Butcher hero: hook'n'chew RPG"
14:00,170,6483053853,"로드나인"
14:00,171,1483058899,"Project Makeover"
14:00,172,1668036690,"우파루 오딧세이"
14:00,173,6741889270,"픽셀 법사 키우기 : 방치형 RPG"
14:00,174,1473424424,"한게임 신맞고 : 대한민국 원조 고스톱"
14:00,175,6466373096,"동글동글 거위헬스장"
14:00,176,880047117,"앵그리버드 2 (Angry Birds 2)"
14:00,177,6747024269,"기어몬: 타워 디펜스"
14:00,178,6754012129,"우와 모험단"
14:00,179,955705796,"MARVEL 퓨처파이트"
14:00,180,6754965520,"로그 레전드: 로그라이크 RPG"
14:00,181,6443824730,"트릭컬 리바이브"
14:00,182,6737874398,"Merge Fashion: Romance Story"
14:00,183,6751056652,"Pixel Flow!"
14:00,184,6743155652,"인생존망겜"
14:00,185,6740514809,"신궁 키우기 : 방치형 RPG"
14:00,186,6738109752,"타일 서바이벌"
14:00,187,6757908157,"JoJo's Bizarre Adventure: GS"
14:00,188,6740618570,"XP Hero (XP 히어로)"
14:00,189,1322399438,"에픽세븐"
14:00,190,6444112366,"Limbus Company"
14:00,191,1528941310,"탕탕특공대"
14:00,192,6749132002,"빠지냥! (Drop the Cat)"
14:00,193,6739345737,"팰몬: 서바이벌"
14:00,194,409687884,"팔라독(Paladog)"
14:00,195,6474961936,"레이싱 마스터"
14:00,196,6476094902,"궁:영롱몽"
14:00,197,6760125313,"희비전 리버스"
14:00,198,6739772012,"암살자 키우기 : 1주년"
14:00,199,6746328263,"Castle Busters"
14:00,200,6740556884,"잠룡 : 무협 도트 RPG"
14:30,1,6739616715,"메이플 키우기"
14:30,2,6443575749,"WOS: 화이트아웃 서바이벌"
14:30,3,1458848044,"컴투스프로야구V26"
14:30,4,1623318294,"가십하버: 합성 & 스토리 게임"
14:30,5,6749251466,"쿠키런 키우기 - 쿠키런: 크럼블"
14:30,6,6482291732,"운빨존많겜"
14:30,7,1474589366,"리니지M"
14:30,8,1585915174,"승리의 여신: 니케"
14:30,9,6754593077,"이환"
14:30,10,6739554056,"킹샷:Kingshot"
14:30,11,1441742921,"마비노기 모바일"
14:30,12,1482155847,"로얄 매치 (Royal Match)"
14:30,13,6471045672,"테이스티 트레블: 합성 게임"
14:30,14,6443755785,"씨사이드 익스케이프: 합성 & 스토리 게임"
14:30,15,1094591345,"Pokémon GO"
14:30,16,1606356401,"젠레스 존 제로 - 주년 기념"
14:30,17,1478371252,"FC 모바일"
14:30,18,1105855019,"Gardenscapes"
14:30,19,6738163891,"뱀피르"
14:30,20,1273957743,"EA SPORTS FC Online M"
14:30,21,6762442041,"열혈강호: 넥스트"
14:30,22,6502326151,"카오스 제로 나이트메어"
14:30,23,6448786147,"라스트 워: 서바이벌"
14:30,24,1366526331,"배틀그라운드"
14:30,25,6503702666,"협타디: 협동 타워 디펜스"
14:30,26,1520354659,"오딘: 발할라 라이징"
14:30,27,6748004690,"SOL: enchant"
14:30,28,6618142292,"핫레스토랑: 머지&쿠킹"
14:30,29,1195621598,"Homescapes: Match 3 Games"
14:30,30,1643509748,"머지 쿠킹 테마 레스토랑（Merge Cooking）"
14:30,31,6499562253,"드래곤빌리지3 - 100일 이벤트!"
14:30,32,1480616990,"리그 오브 레전드: 와일드 리프트"
14:30,33,1640203623,"작혼: 리치 마작"
14:30,34,1133463693,"메이플스토리M"
14:30,35,1471942989,"한게임 섯다&맞고"
14:30,36,1616108452,"우마무스메 프리티 더비"
14:30,37,1507872328,"WPL : 홀덤, 토너먼트, 오마하, 올인폴드, 픽앤고"
14:30,38,6751222389,"NBA 덩크 시티"
14:30,39,1229016807,"브롤스타즈"
14:30,40,638689075,"꿈의 마을 (Township)"
14:30,41,6483252725,"몬길: STAR DIVE"
14:30,42,1117270703,"eFootball™"
14:30,43,553834731,"캔디크러쉬사가"
14:30,44,6748432502,"랜덤 다이스 2"
14:30,45,6446516059,"캣 히어로 : 방치형 RPG"
14:30,46,1606549505,"로얄 킹덤 (Royal Kingdom)"
14:30,47,848091833,"냥코 대전쟁"
14:30,48,6746151928,"두근두근타운"
14:30,49,1128255542,"리니지M(12)"
14:30,50,1466736988,"카트라이더 러쉬플러스"
14:30,51,947258826,"마피아42"
14:30,52,6759822089,"오늘의 꽃 : 진짜 꽃을 키우는 게임"
14:30,53,6503272652,"라스트 Z: 서바이벌 슈터"
14:30,54,6758200096,"라그나로크M: Classic"
14:30,55,6757381033,"2026 프로야구GO!"
14:30,56,6756989323,"라스트 어사일럼: 페스트"
14:30,57,6503603603,"미스터리 타운: 합성 게임 (Mystery Town)"
14:30,58,6475757306,"Disney Solitaire 디즈니 솔리테어"
14:30,59,1571873795,"블루 아카이브"
14:30,60,6751086804,"그놈은 드래곤"
14:30,61,6740026253,"오피스 퀸 키우기"
14:30,62,6475033368,"명조:워더링 웨이브"
14:30,63,6443477650,"한게임 로얄홀덤"
14:30,64,1471486284,"한게임 포커"
14:30,65,1448979486,"던전앤파이터 모바일"
14:30,66,6754679035,"히어로 랜드M"
14:30,67,1080541643,"Infinite Borders-인피니트 보더스"
14:30,68,1580691683,"MLB 9이닝스 라이벌 26"
14:30,69,6764201639,"총잡이 고양이 - 방치형 키우기"
14:30,70,6755455500,"할리우드 머지"
14:30,71,6746192853,"변신 키우기"
14:30,72,6746465127,"세포 특공대 - 전략형 타워 디펜스"
14:30,73,6757360957,"삼국지: 천하결전"
14:30,74,6740848451,"RF 온라인 넥스트"
14:30,75,1521236603,"Travel Town - 결합 어드벤처"
14:30,76,6479970832,"포켓몬 카드 게임 Pocket"
14:30,77,963067330,"쿠키런: 오븐브레이크"
14:30,78,6752886832,"호텔 레거시"
14:30,79,6737408689,"스톤에이지 키우기"
14:30,80,6756558621,"킹덤2: 타오르는 전장"
14:30,81,6448719154,"레이븐2"
14:30,82,1635712706,"슬레이어 키우기"
14:30,83,898986747,"좀비고등학교"
14:30,84,6786589102,"티니핑 매직 매치"
14:30,85,1509450845,"쿠키런: 킹덤"
14:30,86,6759914688,"냥찍 히어로즈 : 방치형 RPG"
14:30,87,6749302379,"동방 찻집"
14:30,88,1599719154,"붕괴: 스타레일"
14:30,89,6443468110,"러브앤딥스페이스"
14:30,90,6467117398,"버섯커 키우기"
14:30,91,6479595079,"세븐나이츠 리버스"
14:30,92,6753862216,"푸드스타（Foodstars）: 합쳐서 요리하기"
14:30,93,6736896540,"헬로키티 마이 드림 스토어"
14:30,94,6670441558,"Dark War:Survival"
14:30,95,1470173983,"AION2"
14:30,96,1053012308,"클래시 로얄 (Clash Royale)"
14:30,97,6740621218,"갓깨비 키우기"
14:30,98,1376515087,"Age of Origins:Tower Defense"
14:30,99,664575829,"피쉬돔 (Fishdom)"
14:30,100,1582390510,"한게임포커 클래식 - 7포커 홀덤 섯다 훌라 슬롯"
14:30,101,6746636289,"Forge Master – Idle RPG"
14:30,102,6767834940,"탑 로드"
14:30,103,6737595599,"파운데이션: 우주 전선"
14:30,104,1517783697,"원신-스네즈나야 오픈"
14:30,105,6759585981,"별별 히어로: 영웅 다있소"
14:30,106,1458568643,"피망 뉴맞고 : 고스톱으로 대한민국 1등"
14:30,107,6449023119,"리버스: 1999"
14:30,108,1176027022,"Toon Blast"
14:30,109,1628970855,"AFK: 새로운 여정"
14:30,110,6761749975,"토이 삼국"
14:30,111,880551258,"컴투스프로야구2026"
14:30,112,1241893973,"페이트/그랜드 오더"
14:30,113,608808713,"쿠키런"
14:30,114,1484442152,"머지 맨션: 퍼즐과 스토리"
14:30,115,1492005122,"디아블로 이모탈"
14:30,116,6776989094,"블라이트 워 : 방치형 RPG"
14:30,117,529479190,"클래시 오브 클랜"
14:30,118,6756058501,"젤리 버스터즈: 퍼즐 게임"
14:30,119,6476336847,"피망 쇼다운 홀덤 : 텍사스 홀덤, 포커, 토너먼트"
14:30,120,6475925341,"주술회전 팬텀 퍼레이드"
14:30,121,1516727770,"마구마구 2026: 풀체인지"
14:30,122,1597760047,"OneState RP: 온라인 롤플레잉"
14:30,123,6752369665,"Haunted Merge: Horror Story"
14:30,124,6476731203,"건틀렛: 신규 서버 오픈!"
14:30,125,6738469826,"랜드 오브 제일"
14:30,126,1484468651,"Dice Dreams™ 다이스 드림"
14:30,127,6752672568,"Block Out! - Color Sort Puzzle"
14:30,128,6754373623,"소울 헌터 키우기 : 방치형 RPG"
14:30,129,6740966864,"딸깍 다이스"
14:30,130,1166415380,"풀팟 홀덤 포커: 텍사스 홀덤, 오마하, 토너먼트"
14:30,131,6757690255,"윈드러너 키우기"
14:30,132,6741503079,"Pokémon Champions"
14:30,133,1598881852,"프로젝트 세카이 컬러풀 스테이지! feat.하츠네 미쿠"
14:30,134,1478227443,"리니지2M"
14:30,135,6754229264,"임진왜란: 조선의 반격"
14:30,136,6740189002,"갤럭시 디펜스(Galaxy Defense)"
14:30,137,6444598069,"나이트 크로우"
14:30,138,1462911602,"Dream League Soccer 2026"
14:30,139,6767155768,"현상금 해적단 키우기"
14:30,140,1347780764,"Identity V -제5인격"
14:30,141,1444980563,"리니지W"
14:30,142,6475077096,"아키에이지 워 (ArcheAge WAR)"
14:30,143,6740043080,"Screwdom : 나사와 볼트 퍼즐"
14:30,144,6760822948,"더 코지 플로리스트"
14:30,145,1554247785,"Yu-Gi-Oh! Master Duel"
14:30,146,1160056295,"모바일 레전드: Bang Bang"
14:30,147,6504332779,"Color Block Jam"
14:30,148,6740899070,"플랜티스와 좀비깡패"
14:30,149,479516143,"Minecraft 온라인으로 친구들과 함께 플레이하세요"
14:30,150,6450953550,"탑 히어로즈: 영웅의 시대"
14:30,151,6747957875,"Family Go! - 대를 잇는 인생 시뮬레이션"
14:30,152,1614789798,"포세이돈키우기"
14:30,153,6756641249,"hololive Dreams"
14:30,154,6462846417,"MLB 클러치 히트 베이스볼 26"
14:30,155,6760754315,"꿈의 여행자: 별빛 여정"
14:30,156,6444043291,"Domino Dreams™"
14:30,157,1480616748,"전략적 팀 전투: 리그 오브 레전드 전략 게임"
14:30,158,6762203850,"바르디안: Vardian"
14:30,159,6443760593,"좀비 웨이브스"
14:30,160,6502820653,"궁수의 전설2"
14:30,161,6745081346,"블리치: 소울 레조넌스"
14:30,162,1487451427,"Infinity Kingdom"
14:30,163,6692615881,"SD건담 지 제네레이션 이터널"
14:30,164,1468063069,"피망 포커"
14:30,165,6755585789,"템빨용사: 픽셀 아이템 머지 RPG"
14:30,166,6756247787,"디지몬 UP"
14:30,167,6758072393,"추락한 아름다움: 머지&스토리"
14:30,168,6457256716,"Total Football - 2026 북중미 시즌"
14:30,169,6757722046,"Butcher hero: hook'n'chew RPG"
14:30,170,6483053853,"로드나인"
14:30,171,1483058899,"Project Makeover"
14:30,172,1668036690,"우파루 오딧세이"
14:30,173,6741889270,"픽셀 법사 키우기 : 방치형 RPG"
14:30,174,1473424424,"한게임 신맞고 : 대한민국 원조 고스톱"
14:30,175,6466373096,"동글동글 거위헬스장"
14:30,176,880047117,"앵그리버드 2 (Angry Birds 2)"
14:30,177,6747024269,"기어몬: 타워 디펜스"
14:30,178,6754012129,"우와 모험단"
14:30,179,955705796,"MARVEL 퓨처파이트"
14:30,180,6754965520,"로그 레전드: 로그라이크 RPG"
14:30,181,6443824730,"트릭컬 리바이브"
14:30,182,6737874398,"Merge Fashion: Romance Story"
14:30,183,6751056652,"Pixel Flow!"
14:30,184,6743155652,"인생존망겜"
14:30,185,6740514809,"신궁 키우기 : 방치형 RPG"
14:30,186,6738109752,"타일 서바이벌"
14:30,187,6757908157,"JoJo's Bizarre Adventure: GS"
14:30,188,6740618570,"XP Hero (XP 히어로)"
14:30,189,1322399438,"에픽세븐"
14:30,190,6444112366,"Limbus Company"
14:30,191,1528941310,"탕탕특공대"
14:30,192,6749132002,"빠지냥! (Drop the Cat)"
14:30,193,6739345737,"팰몬: 서바이벌"
14:30,194,409687884,"팔라독(Paladog)"
14:30,195,6474961936,"레이싱 마스터"
14:30,196,6476094902,"궁:영롱몽"
14:30,197,6760125313,"희비전 리버스"
14:30,198,6739772012,"암살자 키우기 : 1주년"
14:30,199,6746328263,"Castle Busters"
14:30,200,6740556884,"잠룡 : 무협 도트 RPG"
15:30,1,6739616715,"메이플 키우기"
15:30,2,6443575749,"WOS: 화이트아웃 서바이벌"
15:30,3,1458848044,"컴투스프로야구V26"
15:30,4,1623318294,"가십하버: 합성 & 스토리 게임"
15:30,5,6749251466,"쿠키런 키우기 - 쿠키런: 크럼블"
15:30,6,6482291732,"운빨존많겜"
15:30,7,1474589366,"리니지M"
15:30,8,1585915174,"승리의 여신: 니케"
15:30,9,6754593077,"이환"
15:30,10,6739554056,"킹샷:Kingshot"
15:30,11,1441742921,"마비노기 모바일"
15:30,12,1482155847,"로얄 매치 (Royal Match)"
15:30,13,6471045672,"테이스티 트레블: 합성 게임"
15:30,14,6443755785,"씨사이드 익스케이프: 합성 & 스토리 게임"
15:30,15,1094591345,"Pokémon GO"
15:30,16,1606356401,"젠레스 존 제로 - 주년 기념"
15:30,17,1478371252,"FC 모바일"
15:30,18,1105855019,"Gardenscapes"
15:30,19,6738163891,"뱀피르"
15:30,20,1273957743,"EA SPORTS FC Online M"
15:30,21,6762442041,"열혈강호: 넥스트"
15:30,22,6502326151,"카오스 제로 나이트메어"
15:30,23,6448786147,"라스트 워: 서바이벌"
15:30,24,1366526331,"배틀그라운드"
15:30,25,6503702666,"협타디: 협동 타워 디펜스"
15:30,26,1520354659,"오딘: 발할라 라이징"
15:30,27,6748004690,"SOL: enchant"
15:30,28,6618142292,"핫레스토랑: 머지&쿠킹"
15:30,29,1195621598,"Homescapes: Match 3 Games"
15:30,30,1643509748,"머지 쿠킹 테마 레스토랑（Merge Cooking）"
15:30,31,6499562253,"드래곤빌리지3 - 100일 이벤트!"
15:30,32,1480616990,"리그 오브 레전드: 와일드 리프트"
15:30,33,1640203623,"작혼: 리치 마작"
15:30,34,1133463693,"메이플스토리M"
15:30,35,1471942989,"한게임 섯다&맞고"
15:30,36,1616108452,"우마무스메 프리티 더비"
15:30,37,1507872328,"WPL : 홀덤, 토너먼트, 오마하, 올인폴드, 픽앤고"
15:30,38,6751222389,"NBA 덩크 시티"
15:30,39,1229016807,"브롤스타즈"
15:30,40,638689075,"꿈의 마을 (Township)"
15:30,41,6483252725,"몬길: STAR DIVE"
15:30,42,1117270703,"eFootball™"
15:30,43,553834731,"캔디크러쉬사가"
15:30,44,6748432502,"랜덤 다이스 2"
15:30,45,6446516059,"캣 히어로 : 방치형 RPG"
15:30,46,1606549505,"로얄 킹덤 (Royal Kingdom)"
15:30,47,848091833,"냥코 대전쟁"
15:30,48,6746151928,"두근두근타운"
15:30,49,1128255542,"리니지M(12)"
15:30,50,1466736988,"카트라이더 러쉬플러스"
15:30,51,947258826,"마피아42"
15:30,52,6759822089,"오늘의 꽃 : 진짜 꽃을 키우는 게임"
15:30,53,6503272652,"라스트 Z: 서바이벌 슈터"
15:30,54,6758200096,"라그나로크M: Classic"
15:30,55,6757381033,"2026 프로야구GO!"
15:30,56,6756989323,"라스트 어사일럼: 페스트"
15:30,57,6503603603,"미스터리 타운: 합성 게임 (Mystery Town)"
15:30,58,6475757306,"Disney Solitaire 디즈니 솔리테어"
15:30,59,1571873795,"블루 아카이브"
15:30,60,6751086804,"그놈은 드래곤"
15:30,61,6740026253,"오피스 퀸 키우기"
15:30,62,6475033368,"명조:워더링 웨이브"
15:30,63,6443477650,"한게임 로얄홀덤"
15:30,64,1471486284,"한게임 포커"
15:30,65,1448979486,"던전앤파이터 모바일"
15:30,66,6754679035,"히어로 랜드M"
15:30,67,1080541643,"Infinite Borders-인피니트 보더스"
15:30,68,1580691683,"MLB 9이닝스 라이벌 26"
15:30,69,6764201639,"총잡이 고양이 - 방치형 키우기"
15:30,70,6755455500,"할리우드 머지"
15:30,71,6746192853,"변신 키우기"
15:30,72,6746465127,"세포 특공대 - 전략형 타워 디펜스"
15:30,73,6757360957,"삼국지: 천하결전"
15:30,74,6740848451,"RF 온라인 넥스트"
15:30,75,1521236603,"Travel Town - 결합 어드벤처"
15:30,76,6479970832,"포켓몬 카드 게임 Pocket"
15:30,77,963067330,"쿠키런: 오븐브레이크"
15:30,78,6752886832,"호텔 레거시"
15:30,79,6737408689,"스톤에이지 키우기"
15:30,80,6756558621,"킹덤2: 타오르는 전장"
15:30,81,6448719154,"레이븐2"
15:30,82,1635712706,"슬레이어 키우기"
15:30,83,898986747,"좀비고등학교"
15:30,84,6786589102,"티니핑 매직 매치"
15:30,85,1509450845,"쿠키런: 킹덤"
15:30,86,6759914688,"냥찍 히어로즈 : 방치형 RPG"
15:30,87,6749302379,"동방 찻집"
15:30,88,1599719154,"붕괴: 스타레일"
15:30,89,6443468110,"러브앤딥스페이스"
15:30,90,6467117398,"버섯커 키우기"
15:30,91,6479595079,"세븐나이츠 리버스"
15:30,92,6753862216,"푸드스타（Foodstars）: 합쳐서 요리하기"
15:30,93,6736896540,"헬로키티 마이 드림 스토어"
15:30,94,6670441558,"Dark War:Survival"
15:30,95,1470173983,"AION2"
15:30,96,1053012308,"클래시 로얄 (Clash Royale)"
15:30,97,6740621218,"갓깨비 키우기"
15:30,98,1376515087,"Age of Origins:Tower Defense"
15:30,99,664575829,"피쉬돔 (Fishdom)"
15:30,100,1582390510,"한게임포커 클래식 - 7포커 홀덤 섯다 훌라 슬롯"
15:30,101,6746636289,"Forge Master – Idle RPG"
15:30,102,6767834940,"탑 로드"
15:30,103,6737595599,"파운데이션: 우주 전선"
15:30,104,1517783697,"원신-스네즈나야 오픈"
15:30,105,6759585981,"별별 히어로: 영웅 다있소"
15:30,106,1458568643,"피망 뉴맞고 : 고스톱으로 대한민국 1등"
15:30,107,6449023119,"리버스: 1999"
15:30,108,1176027022,"Toon Blast"
15:30,109,1628970855,"AFK: 새로운 여정"
15:30,110,6761749975,"토이 삼국"
15:30,111,880551258,"컴투스프로야구2026"
15:30,112,1241893973,"페이트/그랜드 오더"
15:30,113,608808713,"쿠키런"
15:30,114,1484442152,"머지 맨션: 퍼즐과 스토리"
15:30,115,1492005122,"디아블로 이모탈"
15:30,116,6776989094,"블라이트 워 : 방치형 RPG"
15:30,117,529479190,"클래시 오브 클랜"
15:30,118,6756058501,"젤리 버스터즈: 퍼즐 게임"
15:30,119,6476336847,"피망 쇼다운 홀덤 : 텍사스 홀덤, 포커, 토너먼트"
15:30,120,6475925341,"주술회전 팬텀 퍼레이드"
15:30,121,1516727770,"마구마구 2026: 풀체인지"
15:30,122,1597760047,"OneState RP: 온라인 롤플레잉"
15:30,123,6752369665,"Haunted Merge: Horror Story"
15:30,124,6476731203,"건틀렛: 신규 서버 오픈!"
15:30,125,6738469826,"랜드 오브 제일"
15:30,126,1484468651,"Dice Dreams™ 다이스 드림"
15:30,127,6752672568,"Block Out! - Color Sort Puzzle"
15:30,128,6754373623,"소울 헌터 키우기 : 방치형 RPG"
15:30,129,6740966864,"딸깍 다이스"
15:30,130,1166415380,"풀팟 홀덤 포커: 텍사스 홀덤, 오마하, 토너먼트"
15:30,131,6757690255,"윈드러너 키우기"
15:30,132,6741503079,"Pokémon Champions"
15:30,133,1598881852,"프로젝트 세카이 컬러풀 스테이지! feat.하츠네 미쿠"
15:30,134,1478227443,"리니지2M"
15:30,135,6754229264,"임진왜란: 조선의 반격"
15:30,136,6740189002,"갤럭시 디펜스(Galaxy Defense)"
15:30,137,6444598069,"나이트 크로우"
15:30,138,1462911602,"Dream League Soccer 2026"
15:30,139,6767155768,"현상금 해적단 키우기"
15:30,140,1347780764,"Identity V -제5인격"
15:30,141,1444980563,"리니지W"
15:30,142,6475077096,"아키에이지 워 (ArcheAge WAR)"
15:30,143,6740043080,"Screwdom : 나사와 볼트 퍼즐"
15:30,144,6760822948,"더 코지 플로리스트"
15:30,145,1554247785,"Yu-Gi-Oh! Master Duel"
15:30,146,1160056295,"모바일 레전드: Bang Bang"
15:30,147,6504332779,"Color Block Jam"
15:30,148,6740899070,"플랜티스와 좀비깡패"
15:30,149,479516143,"Minecraft 온라인으로 친구들과 함께 플레이하세요"
15:30,150,6450953550,"탑 히어로즈: 영웅의 시대"
15:30,151,6747957875,"Family Go! - 대를 잇는 인생 시뮬레이션"
15:30,152,1614789798,"포세이돈키우기"
15:30,153,6756641249,"hololive Dreams"
15:30,154,6462846417,"MLB 클러치 히트 베이스볼 26"
15:30,155,6760754315,"꿈의 여행자: 별빛 여정"
15:30,156,6444043291,"Domino Dreams™"
15:30,157,1480616748,"전략적 팀 전투: 리그 오브 레전드 전략 게임"
15:30,158,6762203850,"바르디안: Vardian"
15:30,159,6443760593,"좀비 웨이브스"
15:30,160,6502820653,"궁수의 전설2"
15:30,161,6745081346,"블리치: 소울 레조넌스"
15:30,162,1487451427,"Infinity Kingdom"
15:30,163,6692615881,"SD건담 지 제네레이션 이터널"
15:30,164,1468063069,"피망 포커"
15:30,165,6755585789,"템빨용사: 픽셀 아이템 머지 RPG"
15:30,166,6756247787,"디지몬 UP"
15:30,167,6758072393,"추락한 아름다움: 머지&스토리"
15:30,168,6457256716,"Total Football - 2026 북중미 시즌"
15:30,169,6757722046,"Butcher hero: hook'n'chew RPG"
15:30,170,6483053853,"로드나인"
15:30,171,1483058899,"Project Makeover"
15:30,172,1668036690,"우파루 오딧세이"
15:30,173,6741889270,"픽셀 법사 키우기 : 방치형 RPG"
15:30,174,1473424424,"한게임 신맞고 : 대한민국 원조 고스톱"
15:30,175,6466373096,"동글동글 거위헬스장"
15:30,176,880047117,"앵그리버드 2 (Angry Birds 2)"
15:30,177,6747024269,"기어몬: 타워 디펜스"
15:30,178,6754012129,"우와 모험단"
15:30,179,955705796,"MARVEL 퓨처파이트"
15:30,180,6754965520,"로그 레전드: 로그라이크 RPG"
15:30,181,6443824730,"트릭컬 리바이브"
15:30,182,6737874398,"Merge Fashion: Romance Story"
15:30,183,6751056652,"Pixel Flow!"
15:30,184,6743155652,"인생존망겜"
15:30,185,6740514809,"신궁 키우기 : 방치형 RPG"
15:30,186,6738109752,"타일 서바이벌"
15:30,187,6757908157,"JoJo's Bizarre Adventure: GS"
15:30,188,6740618570,"XP Hero (XP 히어로)"
15:30,189,1322399438,"에픽세븐"
15:30,190,6444112366,"Limbus Company"
15:30,191,1528941310,"탕탕특공대"
15:30,192,6749132002,"빠지냥! (Drop the Cat)"
15:30,193,6739345737,"팰몬: 서바이벌"
15:30,194,409687884,"팔라독(Paladog)"
15:30,195,6474961936,"레이싱 마스터"
15:30,196,6476094902,"궁:영롱몽"
15:30,197,6760125313,"희비전 리버스"
15:30,198,6739772012,"암살자 키우기 : 1주년"
15:30,199,6746328263,"Castle Busters"
15:30,200,6740556884,"잠룡 : 무협 도트 RPG"
16:30,1,6739616715,"메이플 키우기"
16:30,2,6443575749,"WOS: 화이트아웃 서바이벌"
16:30,3,1458848044,"컴투스프로야구V26"
16:30,4,1623318294,"가십하버: 합성 & 스토리 게임"
16:30,5,6749251466,"쿠키런 키우기 - 쿠키런: 크럼블"
16:30,6,6482291732,"운빨존많겜"
16:30,7,1474589366,"리니지M"
16:30,8,1585915174,"승리의 여신: 니케"
16:30,9,6754593077,"이환"
16:30,10,6739554056,"킹샷:Kingshot"
16:30,11,1441742921,"마비노기 모바일"
16:30,12,1482155847,"로얄 매치 (Royal Match)"
16:30,13,6471045672,"테이스티 트레블: 합성 게임"
16:30,14,6443755785,"씨사이드 익스케이프: 합성 & 스토리 게임"
16:30,15,1094591345,"Pokémon GO"
16:30,16,1606356401,"젠레스 존 제로 - 주년 기념"
16:30,17,1478371252,"FC 모바일"
16:30,18,1105855019,"Gardenscapes"
16:30,19,6738163891,"뱀피르"
16:30,20,1273957743,"EA SPORTS FC Online M"
16:30,21,6762442041,"열혈강호: 넥스트"
16:30,22,6502326151,"카오스 제로 나이트메어"
16:30,23,6448786147,"라스트 워: 서바이벌"
16:30,24,1366526331,"배틀그라운드"
16:30,25,6503702666,"협타디: 협동 타워 디펜스"
16:30,26,1520354659,"오딘: 발할라 라이징"
16:30,27,6748004690,"SOL: enchant"
16:30,28,6618142292,"핫레스토랑: 머지&쿠킹"
16:30,29,1195621598,"Homescapes: Match 3 Games"
16:30,30,1643509748,"머지 쿠킹 테마 레스토랑（Merge Cooking）"
16:30,31,6499562253,"드래곤빌리지3 - 100일 이벤트!"
16:30,32,1480616990,"리그 오브 레전드: 와일드 리프트"
16:30,33,1640203623,"작혼: 리치 마작"
16:30,34,1133463693,"메이플스토리M"
16:30,35,1471942989,"한게임 섯다&맞고"
16:30,36,1616108452,"우마무스메 프리티 더비"
16:30,37,1507872328,"WPL : 홀덤, 토너먼트, 오마하, 올인폴드, 픽앤고"
16:30,38,6751222389,"NBA 덩크 시티"
16:30,39,1229016807,"브롤스타즈"
16:30,40,638689075,"꿈의 마을 (Township)"
16:30,41,6483252725,"몬길: STAR DIVE"
16:30,42,1117270703,"eFootball™"
16:30,43,553834731,"캔디크러쉬사가"
16:30,44,6748432502,"랜덤 다이스 2"
16:30,45,6446516059,"캣 히어로 : 방치형 RPG"
16:30,46,1606549505,"로얄 킹덤 (Royal Kingdom)"
16:30,47,848091833,"냥코 대전쟁"
16:30,48,6746151928,"두근두근타운"
16:30,49,1128255542,"리니지M(12)"
16:30,50,1466736988,"카트라이더 러쉬플러스"
16:30,51,947258826,"마피아42"
16:30,52,6759822089,"오늘의 꽃 : 진짜 꽃을 키우는 게임"
16:30,53,6503272652,"라스트 Z: 서바이벌 슈터"
16:30,54,6758200096,"라그나로크M: Classic"
16:30,55,6757381033,"2026 프로야구GO!"
16:30,56,6756989323,"라스트 어사일럼: 페스트"
16:30,57,6503603603,"미스터리 타운: 합성 게임 (Mystery Town)"
16:30,58,6475757306,"Disney Solitaire 디즈니 솔리테어"
16:30,59,1571873795,"블루 아카이브"
16:30,60,6751086804,"그놈은 드래곤"
16:30,61,6740026253,"오피스 퀸 키우기"
16:30,62,6475033368,"명조:워더링 웨이브"
16:30,63,6443477650,"한게임 로얄홀덤"
16:30,64,1471486284,"한게임 포커"
16:30,65,1448979486,"던전앤파이터 모바일"
16:30,66,6754679035,"히어로 랜드M"
16:30,67,1080541643,"Infinite Borders-인피니트 보더스"
16:30,68,1580691683,"MLB 9이닝스 라이벌 26"
16:30,69,6764201639,"총잡이 고양이 - 방치형 키우기"
16:30,70,6755455500,"할리우드 머지"
16:30,71,6746192853,"변신 키우기"
16:30,72,6746465127,"세포 특공대 - 전략형 타워 디펜스"
16:30,73,6757360957,"삼국지: 천하결전"
16:30,74,6740848451,"RF 온라인 넥스트"
16:30,75,1521236603,"Travel Town - 결합 어드벤처"
16:30,76,6479970832,"포켓몬 카드 게임 Pocket"
16:30,77,963067330,"쿠키런: 오븐브레이크"
16:30,78,6752886832,"호텔 레거시"
16:30,79,6737408689,"스톤에이지 키우기"
16:30,80,6756558621,"킹덤2: 타오르는 전장"
16:30,81,6448719154,"레이븐2"
16:30,82,1635712706,"슬레이어 키우기"
16:30,83,898986747,"좀비고등학교"
16:30,84,6786589102,"티니핑 매직 매치"
16:30,85,1509450845,"쿠키런: 킹덤"
16:30,86,6759914688,"냥찍 히어로즈 : 방치형 RPG"
16:30,87,6749302379,"동방 찻집"
16:30,88,1599719154,"붕괴: 스타레일"
16:30,89,6443468110,"러브앤딥스페이스"
16:30,90,6467117398,"버섯커 키우기"
16:30,91,6479595079,"세븐나이츠 리버스"
16:30,92,6753862216,"푸드스타（Foodstars）: 합쳐서 요리하기"
16:30,93,6736896540,"헬로키티 마이 드림 스토어"
16:30,94,6670441558,"Dark War:Survival"
16:30,95,1470173983,"AION2"
16:30,96,1053012308,"클래시 로얄 (Clash Royale)"
16:30,97,6740621218,"갓깨비 키우기"
16:30,98,1376515087,"Age of Origins:Tower Defense"
16:30,99,664575829,"피쉬돔 (Fishdom)"
16:30,100,1582390510,"한게임포커 클래식 - 7포커 홀덤 섯다 훌라 슬롯"
16:30,101,6746636289,"Forge Master – Idle RPG"
16:30,102,6767834940,"탑 로드"
16:30,103,6737595599,"파운데이션: 우주 전선"
16:30,104,1517783697,"원신-스네즈나야 오픈"
16:30,105,6759585981,"별별 히어로: 영웅 다있소"
16:30,106,1458568643,"피망 뉴맞고 : 고스톱으로 대한민국 1등"
16:30,107,6449023119,"리버스: 1999"
16:30,108,1176027022,"Toon Blast"
16:30,109,1628970855,"AFK: 새로운 여정"
16:30,110,6761749975,"토이 삼국"
16:30,111,880551258,"컴투스프로야구2026"
16:30,112,1241893973,"페이트/그랜드 오더"
16:30,113,608808713,"쿠키런"
16:30,114,1484442152,"머지 맨션: 퍼즐과 스토리"
16:30,115,1492005122,"디아블로 이모탈"
16:30,116,6776989094,"블라이트 워 : 방치형 RPG"
16:30,117,529479190,"클래시 오브 클랜"
16:30,118,6756058501,"젤리 버스터즈: 퍼즐 게임"
16:30,119,6476336847,"피망 쇼다운 홀덤 : 텍사스 홀덤, 포커, 토너먼트"
16:30,120,6475925341,"주술회전 팬텀 퍼레이드"
16:30,121,1516727770,"마구마구 2026: 풀체인지"
16:30,122,1597760047,"OneState RP: 온라인 롤플레잉"
16:30,123,6752369665,"Haunted Merge: Horror Story"
16:30,124,6476731203,"건틀렛: 신규 서버 오픈!"
16:30,125,6738469826,"랜드 오브 제일"
16:30,126,1484468651,"Dice Dreams™ 다이스 드림"
16:30,127,6752672568,"Block Out! - Color Sort Puzzle"
16:30,128,6754373623,"소울 헌터 키우기 : 방치형 RPG"
16:30,129,6740966864,"딸깍 다이스"
16:30,130,1166415380,"풀팟 홀덤 포커: 텍사스 홀덤, 오마하, 토너먼트"
16:30,131,6757690255,"윈드러너 키우기"
16:30,132,6741503079,"Pokémon Champions"
16:30,133,1598881852,"프로젝트 세카이 컬러풀 스테이지! feat.하츠네 미쿠"
16:30,134,1478227443,"리니지2M"
16:30,135,6754229264,"임진왜란: 조선의 반격"
16:30,136,6740189002,"갤럭시 디펜스(Galaxy Defense)"
16:30,137,6444598069,"나이트 크로우"
16:30,138,1462911602,"Dream League Soccer 2026"
16:30,139,6767155768,"현상금 해적단 키우기"
16:30,140,1347780764,"Identity V -제5인격"
16:30,141,1444980563,"리니지W"
16:30,142,6475077096,"아키에이지 워 (ArcheAge WAR)"
16:30,143,6740043080,"Screwdom : 나사와 볼트 퍼즐"
16:30,144,6760822948,"더 코지 플로리스트"
16:30,145,1554247785,"Yu-Gi-Oh! Master Duel"
16:30,146,1160056295,"모바일 레전드: Bang Bang"
16:30,147,6504332779,"Color Block Jam"
16:30,148,6740899070,"플랜티스와 좀비깡패"
16:30,149,479516143,"Minecraft 온라인으로 친구들과 함께 플레이하세요"
16:30,150,6450953550,"탑 히어로즈: 영웅의 시대"
16:30,151,6747957875,"Family Go! - 대를 잇는 인생 시뮬레이션"
16:30,152,1614789798,"포세이돈키우기"
16:30,153,6756641249,"hololive Dreams"
16:30,154,6462846417,"MLB 클러치 히트 베이스볼 26"
16:30,155,6760754315,"꿈의 여행자: 별빛 여정"
16:30,156,6444043291,"Domino Dreams™"
16:30,157,1480616748,"전략적 팀 전투: 리그 오브 레전드 전략 게임"
16:30,158,6762203850,"바르디안: Vardian"
16:30,159,6443760593,"좀비 웨이브스"
16:30,160,6502820653,"궁수의 전설2"
16:30,161,6745081346,"블리치: 소울 레조넌스"
16:30,162,1487451427,"Infinity Kingdom"
16:30,163,6692615881,"SD건담 지 제네레이션 이터널"
16:30,164,1468063069,"피망 포커"
16:30,165,6755585789,"템빨용사: 픽셀 아이템 머지 RPG"
16:30,166,6756247787,"디지몬 UP"
16:30,167,6758072393,"추락한 아름다움: 머지&스토리"
16:30,168,6457256716,"Total Football - 2026 북중미 시즌"
16:30,169,6757722046,"Butcher hero: hook'n'chew RPG"
16:30,170,6483053853,"로드나인"
16:30,171,1483058899,"Project Makeover"
16:30,172,1668036690,"우파루 오딧세이"
16:30,173,6741889270,"픽셀 법사 키우기 : 방치형 RPG"
16:30,174,1473424424,"한게임 신맞고 : 대한민국 원조 고스톱"
16:30,175,6466373096,"동글동글 거위헬스장"
16:30,176,880047117,"앵그리버드 2 (Angry Birds 2)"
16:30,177,6747024269,"기어몬: 타워 디펜스"
16:30,178,6754012129,"우와 모험단"
16:30,179,955705796,"MARVEL 퓨처파이트"
16:30,180,6754965520,"로그 레전드: 로그라이크 RPG"
16:30,181,6443824730,"트릭컬 리바이브"
16:30,182,6737874398,"Merge Fashion: Romance Story"
16:30,183,6751056652,"Pixel Flow!"
16:30,184,6743155652,"인생존망겜"
16:30,185,6740514809,"신궁 키우기 : 방치형 RPG"
16:30,186,6738109752,"타일 서바이벌"
16:30,187,6757908157,"JoJo's Bizarre Adventure: GS"
16:30,188,6740618570,"XP Hero (XP 히어로)"
16:30,189,1322399438,"에픽세븐"
16:30,190,6444112366,"Limbus Company"
16:30,191,1528941310,"탕탕특공대"
16:30,192,6749132002,"빠지냥! (Drop the Cat)"
16:30,193,6739345737,"팰몬: 서바이벌"
16:30,194,409687884,"팔라독(Paladog)"
16:30,195,6474961936,"레이싱 마스터"
16:30,196,6476094902,"궁:영롱몽"
16:30,197,6760125313,"희비전 리버스"
16:30,198,6739772012,"암살자 키우기 : 1주년"
16:30,199,6746328263,"Castle Busters"
16:30,200,6740556884,"잠룡 : 무협 도트 RPG"
17:30,1,6739616715,"메이플 키우기"
17:30,2,6443575749,"WOS: 화이트아웃 서바이벌"
17:30,3,1458848044,"컴투스프로야구V26"
17:30,4,1623318294,"가십하버: 합성 & 스토리 게임"
17:30,5,6749251466,"쿠키런 키우기 - 쿠키런: 크럼블"
17:30,6,6482291732,"운빨존많겜"
17:30,7,1474589366,"리니지M"
17:30,8,1585915174,"승리의 여신: 니케"
17:30,9,6754593077,"이환"
17:30,10,6739554056,"킹샷:Kingshot"
17:30,11,1441742921,"마비노기 모바일"
17:30,12,1482155847,"로얄 매치 (Royal Match)"
17:30,13,6471045672,"테이스티 트레블: 합성 게임"
17:30,14,6443755785,"씨사이드 익스케이프: 합성 & 스토리 게임"
17:30,15,1094591345,"Pokémon GO"
17:30,16,1606356401,"젠레스 존 제로 - 주년 기념"
17:30,17,1478371252,"FC 모바일"
17:30,18,1105855019,"Gardenscapes"
17:30,19,6738163891,"뱀피르"
17:30,20,1273957743,"EA SPORTS FC Online M"
17:30,21,6762442041,"열혈강호: 넥스트"
17:30,22,6502326151,"카오스 제로 나이트메어"
17:30,23,6448786147,"라스트 워: 서바이벌"
17:30,24,1366526331,"배틀그라운드"
17:30,25,6503702666,"협타디: 협동 타워 디펜스"
17:30,26,1520354659,"오딘: 발할라 라이징"
17:30,27,6748004690,"SOL: enchant"
17:30,28,6618142292,"핫레스토랑: 머지&쿠킹"
17:30,29,1195621598,"Homescapes: Match 3 Games"
17:30,30,1643509748,"머지 쿠킹 테마 레스토랑（Merge Cooking）"
17:30,31,6499562253,"드래곤빌리지3 - 100일 이벤트!"
17:30,32,1480616990,"리그 오브 레전드: 와일드 리프트"
17:30,33,1640203623,"작혼: 리치 마작"
17:30,34,1133463693,"메이플스토리M"
17:30,35,1471942989,"한게임 섯다&맞고"
17:30,36,1616108452,"우마무스메 프리티 더비"
17:30,37,1507872328,"WPL : 홀덤, 토너먼트, 오마하, 올인폴드, 픽앤고"
17:30,38,6751222389,"NBA 덩크 시티"
17:30,39,1229016807,"브롤스타즈"
17:30,40,638689075,"꿈의 마을 (Township)"
17:30,41,6483252725,"몬길: STAR DIVE"
17:30,42,1117270703,"eFootball™"
17:30,43,553834731,"캔디크러쉬사가"
17:30,44,6748432502,"랜덤 다이스 2"
17:30,45,6446516059,"캣 히어로 : 방치형 RPG"
17:30,46,1606549505,"로얄 킹덤 (Royal Kingdom)"
17:30,47,848091833,"냥코 대전쟁"
17:30,48,6746151928,"두근두근타운"
17:30,49,1128255542,"리니지M(12)"
17:30,50,1466736988,"카트라이더 러쉬플러스"
17:30,51,947258826,"마피아42"
17:30,52,6759822089,"오늘의 꽃 : 진짜 꽃을 키우는 게임"
17:30,53,6503272652,"라스트 Z: 서바이벌 슈터"
17:30,54,6758200096,"라그나로크M: Classic"
17:30,55,6757381033,"2026 프로야구GO!"
17:30,56,6756989323,"라스트 어사일럼: 페스트"
17:30,57,6503603603,"미스터리 타운: 합성 게임 (Mystery Town)"
17:30,58,6475757306,"Disney Solitaire 디즈니 솔리테어"
17:30,59,1571873795,"블루 아카이브"
17:30,60,6751086804,"그놈은 드래곤"
17:30,61,6740026253,"오피스 퀸 키우기"
17:30,62,6475033368,"명조:워더링 웨이브"
17:30,63,6443477650,"한게임 로얄홀덤"
17:30,64,1471486284,"한게임 포커"
17:30,65,1448979486,"던전앤파이터 모바일"
17:30,66,6754679035,"히어로 랜드M"
17:30,67,1080541643,"Infinite Borders-인피니트 보더스"
17:30,68,1580691683,"MLB 9이닝스 라이벌 26"
17:30,69,6764201639,"총잡이 고양이 - 방치형 키우기"
17:30,70,6755455500,"할리우드 머지"
17:30,71,6746192853,"변신 키우기"
17:30,72,6746465127,"세포 특공대 - 전략형 타워 디펜스"
17:30,73,6757360957,"삼국지: 천하결전"
17:30,74,6740848451,"RF 온라인 넥스트"
17:30,75,1521236603,"Travel Town - 결합 어드벤처"
17:30,76,6479970832,"포켓몬 카드 게임 Pocket"
17:30,77,963067330,"쿠키런: 오븐브레이크"
17:30,78,6752886832,"호텔 레거시"
17:30,79,6737408689,"스톤에이지 키우기"
17:30,80,6756558621,"킹덤2: 타오르는 전장"
17:30,81,6448719154,"레이븐2"
17:30,82,1635712706,"슬레이어 키우기"
17:30,83,898986747,"좀비고등학교"
17:30,84,6786589102,"티니핑 매직 매치"
17:30,85,1509450845,"쿠키런: 킹덤"
17:30,86,6759914688,"냥찍 히어로즈 : 방치형 RPG"
17:30,87,6749302379,"동방 찻집"
17:30,88,1599719154,"붕괴: 스타레일"
17:30,89,6443468110,"러브앤딥스페이스"
17:30,90,6467117398,"버섯커 키우기"
17:30,91,6479595079,"세븐나이츠 리버스"
17:30,92,6753862216,"푸드스타（Foodstars）: 합쳐서 요리하기"
17:30,93,6736896540,"헬로키티 마이 드림 스토어"
17:30,94,6670441558,"Dark War:Survival"
17:30,95,1470173983,"AION2"
17:30,96,1053012308,"클래시 로얄 (Clash Royale)"
17:30,97,6740621218,"갓깨비 키우기"
17:30,98,1376515087,"Age of Origins:Tower Defense"
17:30,99,664575829,"피쉬돔 (Fishdom)"
17:30,100,1582390510,"한게임포커 클래식 - 7포커 홀덤 섯다 훌라 슬롯"
17:30,101,6746636289,"Forge Master – Idle RPG"
17:30,102,6767834940,"탑 로드"
17:30,103,6737595599,"파운데이션: 우주 전선"
17:30,104,1517783697,"원신-스네즈나야 오픈"
17:30,105,6759585981,"별별 히어로: 영웅 다있소"
17:30,106,1458568643,"피망 뉴맞고 : 고스톱으로 대한민국 1등"
17:30,107,6449023119,"리버스: 1999"
17:30,108,1176027022,"Toon Blast"
17:30,109,1628970855,"AFK: 새로운 여정"
17:30,110,6761749975,"토이 삼국"
17:30,111,880551258,"컴투스프로야구2026"
17:30,112,1241893973,"페이트/그랜드 오더"
17:30,113,608808713,"쿠키런"
17:30,114,1484442152,"머지 맨션: 퍼즐과 스토리"
17:30,115,1492005122,"디아블로 이모탈"
17:30,116,6776989094,"블라이트 워 : 방치형 RPG"
17:30,117,529479190,"클래시 오브 클랜"
17:30,118,6756058501,"젤리 버스터즈: 퍼즐 게임"
17:30,119,6476336847,"피망 쇼다운 홀덤 : 텍사스 홀덤, 포커, 토너먼트"
17:30,120,6475925341,"주술회전 팬텀 퍼레이드"
17:30,121,1516727770,"마구마구 2026: 풀체인지"
17:30,122,1597760047,"OneState RP: 온라인 롤플레잉"
17:30,123,6752369665,"Haunted Merge: Horror Story"
17:30,124,6476731203,"건틀렛: 신규 서버 오픈!"
17:30,125,6738469826,"랜드 오브 제일"
17:30,126,1484468651,"Dice Dreams™ 다이스 드림"
17:30,127,6752672568,"Block Out! - Color Sort Puzzle"
17:30,128,6754373623,"소울 헌터 키우기 : 방치형 RPG"
17:30,129,6740966864,"딸깍 다이스"
17:30,130,1166415380,"풀팟 홀덤 포커: 텍사스 홀덤, 오마하, 토너먼트"
17:30,131,6757690255,"윈드러너 키우기"
17:30,132,6741503079,"Pokémon Champions"
17:30,133,1598881852,"프로젝트 세카이 컬러풀 스테이지! feat.하츠네 미쿠"
17:30,134,1478227443,"리니지2M"
17:30,135,6754229264,"임진왜란: 조선의 반격"
17:30,136,6740189002,"갤럭시 디펜스(Galaxy Defense)"
17:30,137,6444598069,"나이트 크로우"
17:30,138,1462911602,"Dream League Soccer 2026"
17:30,139,6767155768,"현상금 해적단 키우기"
17:30,140,1347780764,"Identity V -제5인격"
17:30,141,1444980563,"리니지W"
17:30,142,6475077096,"아키에이지 워 (ArcheAge WAR)"
17:30,143,6740043080,"Screwdom : 나사와 볼트 퍼즐"
17:30,144,6760822948,"더 코지 플로리스트"
17:30,145,1554247785,"Yu-Gi-Oh! Master Duel"
17:30,146,1160056295,"모바일 레전드: Bang Bang"
17:30,147,6504332779,"Color Block Jam"
17:30,148,6740899070,"플랜티스와 좀비깡패"
17:30,149,479516143,"Minecraft 온라인으로 친구들과 함께 플레이하세요"
17:30,150,6450953550,"탑 히어로즈: 영웅의 시대"
17:30,151,6747957875,"Family Go! - 대를 잇는 인생 시뮬레이션"
17:30,152,1614789798,"포세이돈키우기"
17:30,153,6756641249,"hololive Dreams"
17:30,154,6462846417,"MLB 클러치 히트 베이스볼 26"
17:30,155,6760754315,"꿈의 여행자: 별빛 여정"
17:30,156,6444043291,"Domino Dreams™"
17:30,157,1480616748,"전략적 팀 전투: 리그 오브 레전드 전략 게임"
17:30,158,6762203850,"바르디안: Vardian"
17:30,159,6443760593,"좀비 웨이브스"
17:30,160,6502820653,"궁수의 전설2"
17:30,161,6745081346,"블리치: 소울 레조넌스"
17:30,162,1487451427,"Infinity Kingdom"
17:30,163,6692615881,"SD건담 지 제네레이션 이터널"
17:30,164,1468063069,"피망 포커"
17:30,165,6755585789,"템빨용사: 픽셀 아이템 머지 RPG"
17:30,166,6756247787,"디지몬 UP"
17:30,167,6758072393,"추락한 아름다움: 머지&스토리"
17:30,168,6457256716,"Total Football - 2026 북중미 시즌"
17:30,169,6757722046,"Butcher hero: hook'n'chew RPG"
17:30,170,6483053853,"로드나인"
17:30,171,1483058899,"Project Makeover"
17:30,172,1668036690,"우파루 오딧세이"
17:30,173,6741889270,"픽셀 법사 키우기 : 방치형 RPG"
17:30,174,1473424424,"한게임 신맞고 : 대한민국 원조 고스톱"
17:30,175,6466373096,"동글동글 거위헬스장"
17:30,176,880047117,"앵그리버드 2 (Angry Birds 2)"
17:30,177,6747024269,"기어몬: 타워 디펜스"
17:30,178,6754012129,"우와 모험단"
17:30,179,955705796,"MARVEL 퓨처파이트"
17:30,180,6754965520,"로그 레전드: 로그라이크 RPG"
17:30,181,6443824730,"트릭컬 리바이브"
17:30,182,6737874398,"Merge Fashion: Romance Story"
17:30,183,6751056652,"Pixel Flow!"
17:30,184,6743155652,"인생존망겜"
17:30,185,6740514809,"신궁 키우기 : 방치형 RPG"
17:30,186,6738109752,"타일 서바이벌"
17:30,187,6757908157,"JoJo's Bizarre Adventure: GS"
17:30,188,6740618570,"XP Hero (XP 히어로)"
17:30,189,1322399438,"에픽세븐"
17:30,190,6444112366,"Limbus Company"
17:30,191,1528941310,"탕탕특공대"
17:30,192,6749132002,"빠지냥! (Drop the Cat)"
17:30,193,6739345737,"팰몬: 서바이벌"
17:30,194,409687884,"팔라독(Paladog)"
17:30,195,6474961936,"레이싱 마스터"
17:30,196,6476094902,"궁:영롱몽"
17:30,197,6760125313,"희비전 리버스"
17:30,198,6739772012,"암살자 키우기 : 1주년"
17:30,199,6746328263,"Castle Busters"
17:30,200,6740556884,"잠룡 : 무협 도트 RPG"
18:00,1,6739616715,"메이플 키우기"
18:00,2,6475033368,"명조:워더링 웨이브"
18:00,3,6443575749,"WOS: 화이트아웃 서바이벌"
18:00,4,1458848044,"컴투스프로야구V26"
18:00,5,1623318294,"가십하버: 합성 & 스토리 게임"
18:00,6,1585915174,"승리의 여신: 니케"
18:00,7,6749251466,"쿠키런 키우기 - 쿠키런: 크럼블"
18:00,8,6482291732,"운빨존많겜"
18:00,9,1474589366,"리니지M"
18:00,10,1441742921,"마비노기 모바일"
18:00,11,6739554056,"킹샷:Kingshot"
18:00,12,6754593077,"이환"
18:00,13,1482155847,"로얄 매치 (Royal Match)"
18:00,14,6443755785,"씨사이드 익스케이프: 합성 & 스토리 게임"
18:00,15,1094591345,"Pokémon GO"
18:00,16,6471045672,"테이스티 트레블: 합성 게임"
18:00,17,1478371252,"FC 모바일"
18:00,18,1606356401,"젠레스 존 제로 - 주년 기념"
18:00,19,6448786147,"라스트 워: 서바이벌"
18:00,20,6738163891,"뱀피르"
18:00,21,1105855019,"Gardenscapes"
18:00,22,6499562253,"드래곤빌리지3 - 100일 이벤트!"
18:00,23,6762442041,"열혈강호: 넥스트"
18:00,24,1366526331,"배틀그라운드"
18:00,25,6502326151,"카오스 제로 나이트메어"
18:00,26,1273957743,"EA SPORTS FC Online M"
18:00,27,6503702666,"협타디: 협동 타워 디펜스"
18:00,28,1133463693,"메이플스토리M"
18:00,29,6618142292,"핫레스토랑: 머지&쿠킹"
18:00,30,6479595079,"세븐나이츠 리버스"
18:00,31,1195621598,"Homescapes: Match 3 Games"
18:00,32,1520354659,"오딘: 발할라 라이징"
18:00,33,1643509748,"머지 쿠킹 테마 레스토랑（Merge Cooking）"
18:00,34,1471942989,"한게임 섯다&맞고"
18:00,35,6748004690,"SOL: enchant"
18:00,36,6503272652,"라스트 Z: 서바이벌 슈터"
18:00,37,1480616990,"리그 오브 레전드: 와일드 리프트"
18:00,38,6756989323,"라스트 어사일럼: 페스트"
18:00,39,1507872328,"WPL : 홀덤, 토너먼트, 오마하, 올인폴드, 픽앤고"
18:00,40,1616108452,"우마무스메 프리티 더비"
18:00,41,6748432502,"랜덤 다이스 2"
18:00,42,1229016807,"브롤스타즈"
18:00,43,1640203623,"작혼: 리치 마작"
18:00,44,553834731,"캔디크러쉬사가"
18:00,45,6751222389,"NBA 덩크 시티"
18:00,46,638689075,"꿈의 마을 (Township)"
18:00,47,6483252725,"몬길: STAR DIVE"
18:00,48,1606549505,"로얄 킹덤 (Royal Kingdom)"
18:00,49,6751086804,"그놈은 드래곤"
18:00,50,848091833,"냥코 대전쟁"
18:00,51,6446516059,"캣 히어로 : 방치형 RPG"
18:00,52,6746151928,"두근두근타운"
18:00,53,1117270703,"eFootball™"
18:00,54,6759822089,"오늘의 꽃 : 진짜 꽃을 키우는 게임"
18:00,55,1128255542,"리니지M(12)"
18:00,56,947258826,"마피아42"
18:00,57,6503603603,"미스터리 타운: 합성 게임 (Mystery Town)"
18:00,58,1448979486,"던전앤파이터 모바일"
18:00,59,6757381033,"2026 프로야구GO!"
18:00,60,1466736988,"카트라이더 러쉬플러스"
18:00,61,6746465127,"세포 특공대 - 전략형 타워 디펜스"
18:00,62,6475757306,"Disney Solitaire 디즈니 솔리테어"
18:00,63,6740026253,"오피스 퀸 키우기"
18:00,64,6744885861,"스타일라잇: 3D 패션 시뮬레이션"
18:00,65,1471486284,"한게임 포커"
18:00,66,6757360957,"삼국지: 천하결전"
18:00,67,6746192853,"변신 키우기"
18:00,68,963067330,"쿠키런: 오븐브레이크"
18:00,69,6758200096,"라그나로크M: Classic"
18:00,70,6754679035,"히어로 랜드M"
18:00,71,6755455500,"할리우드 머지"
18:00,72,1571873795,"블루 아카이브"
18:00,73,1580691683,"MLB 9이닝스 라이벌 26"
18:00,74,6764201639,"총잡이 고양이 - 방치형 키우기"
18:00,75,6443477650,"한게임 로얄홀덤"
18:00,76,6740848451,"RF 온라인 넥스트"
18:00,77,6448719154,"레이븐2"
18:00,78,1521236603,"Travel Town - 결합 어드벤처"
18:00,79,1080541643,"Infinite Borders-인피니트 보더스"
18:00,80,1635712706,"슬레이어 키우기"
18:00,81,6759914688,"냥찍 히어로즈 : 방치형 RPG"
18:00,82,6752886832,"호텔 레거시"
18:00,83,6479970832,"포켓몬 카드 게임 Pocket"
18:00,84,6737408689,"스톤에이지 키우기"
18:00,85,6444598069,"나이트 크로우"
18:00,86,6749302379,"동방 찻집"
18:00,87,6670441558,"Dark War:Survival"
18:00,88,6756558621,"킹덤2: 타오르는 전장"
18:00,89,1599719154,"붕괴: 스타레일"
18:00,90,6767834940,"탑 로드"
18:00,91,6467117398,"버섯커 키우기"
18:00,92,6737595599,"파운데이션: 우주 전선"
18:00,93,898986747,"좀비고등학교"
18:00,94,1509450845,"쿠키런: 킹덤"
18:00,95,6786589102,"티니핑 매직 매치"
18:00,96,1347780764,"Identity V -제5인격"
18:00,97,6753862216,"푸드스타（Foodstars）: 합쳐서 요리하기"
18:00,98,6746636289,"Forge Master – Idle RPG"
18:00,99,6736896540,"헬로키티 마이 드림 스토어"
18:00,100,1470173983,"AION2"
18:00,101,6443468110,"러브앤딥스페이스"
18:00,102,588637521,"퍼즐앤드래곤"
18:00,103,1053012308,"클래시 로얄 (Clash Royale)"
18:00,104,1582390510,"한게임포커 클래식 - 7포커 홀덤 섯다 훌라 슬롯"
18:00,105,1376515087,"Age of Origins:Tower Defense"
18:00,106,1458568643,"피망 뉴맞고 : 고스톱으로 대한민국 1등"
18:00,107,1517783697,"원신-스네즈나야 오픈"
18:00,108,1176027022,"Toon Blast"
18:00,109,1628970855,"AFK: 새로운 여정"
18:00,110,1484442152,"머지 맨션: 퍼즐과 스토리"
18:00,111,1449552940,"일곱 개의 대죄: GRAND CROSS"
18:00,112,664575829,"피쉬돔 (Fishdom)"
18:00,113,6740621218,"갓깨비 키우기"
18:00,114,880551258,"컴투스프로야구2026"
18:00,115,6758827442,"히간: 이루실"
18:00,116,6472396866,"연운"
18:00,117,6449023119,"리버스: 1999"
18:00,118,6476731203,"건틀렛: 신규 서버 오픈!"
18:00,119,6756058501,"젤리 버스터즈: 퍼즐 게임"
18:00,120,529479190,"클래시 오브 클랜"
18:00,121,6761749975,"토이 삼국"
18:00,122,608808713,"쿠키런"
18:00,123,6754229264,"임진왜란: 조선의 반격"
18:00,124,1492005122,"디아블로 이모탈"
18:00,125,6759585981,"별별 히어로: 영웅 다있소"
18:00,126,6450953550,"탑 히어로즈: 영웅의 시대"
18:00,127,6740189002,"갤럭시 디펜스(Galaxy Defense)"
18:00,128,6476094902,"궁:영롱몽"
18:00,129,6740966864,"딸깍 다이스"
18:00,130,1241893973,"페이트/그랜드 오더"
18:00,131,6776989094,"블라이트 워 : 방치형 RPG"
18:00,132,6741503079,"Pokémon Champions"
18:00,133,6475925341,"주술회전 팬텀 퍼레이드"
18:00,134,6462846417,"MLB 클러치 히트 베이스볼 26"
18:00,135,6757690255,"윈드러너 키우기"
18:00,136,1597760047,"OneState RP: 온라인 롤플레잉"
18:00,137,1516727770,"마구마구 2026: 풀체인지"
18:00,138,1478227443,"리니지2M"
18:00,139,1462911602,"Dream League Soccer 2026"
18:00,140,6502820653,"궁수의 전설2"
18:00,141,6752369665,"Haunted Merge: Horror Story"
18:00,142,6738469826,"랜드 오브 제일"
18:00,143,6752672568,"Block Out! - Color Sort Puzzle"
18:00,144,6745081346,"블리치: 소울 레조넌스"
18:00,145,6754373623,"소울 헌터 키우기 : 방치형 RPG"
18:00,146,1614789798,"포세이돈키우기"
18:00,147,6476336847,"피망 쇼다운 홀덤 : 텍사스 홀덤, 포커, 토너먼트"
18:00,148,1402384531,"플레이투게더 (Play Together)"
18:00,149,6767155768,"현상금 해적단 키우기"
18:00,150,6756641249,"hololive Dreams"
18:00,151,1598881852,"프로젝트 세카이 컬러풀 스테이지! feat.하츠네 미쿠"
18:00,152,1484468651,"Dice Dreams™ 다이스 드림"
18:00,153,6740899070,"플랜티스와 좀비깡패"
18:00,154,6747957875,"Family Go! - 대를 잇는 인생 시뮬레이션"
18:00,155,6760754315,"꿈의 여행자: 별빛 여정"
18:00,156,6740043080,"Screwdom : 나사와 볼트 퍼즐"
18:00,157,1444980563,"리니지W"
18:00,158,6748741504,"에르피스"
18:00,159,1166415380,"풀팟 홀덤 포커: 텍사스 홀덤, 오마하, 토너먼트"
18:00,160,6504332779,"Color Block Jam"
18:00,161,1160056295,"모바일 레전드: Bang Bang"
18:00,162,6443760593,"좀비 웨이브스"
18:00,163,6483053853,"로드나인"
18:00,164,479516143,"Minecraft 온라인으로 친구들과 함께 플레이하세요"
18:00,165,6760822948,"더 코지 플로리스트"
18:00,166,6741889270,"픽셀 법사 키우기 : 방치형 RPG"
18:00,167,6444112366,"Limbus Company"
18:00,168,6762203850,"바르디안: Vardian"
18:00,169,6757722046,"Butcher hero: hook'n'chew RPG"
18:00,170,1554247785,"Yu-Gi-Oh! Master Duel"
18:00,171,6757908157,"JoJo's Bizarre Adventure: GS"
18:00,172,6692615881,"SD건담 지 제네레이션 이터널"
18:00,173,1480616748,"전략적 팀 전투: 리그 오브 레전드 전략 게임"
18:00,174,1540557475,"라스트 포트리스 : 언더그라운드"
18:00,175,6758072393,"추락한 아름다움: 머지&스토리"
18:00,176,6475077096,"아키에이지 워 (ArcheAge WAR)"
18:00,177,6754965520,"로그 레전드: 로그라이크 RPG"
18:00,178,6457256716,"Total Football - 2026 북중미 시즌"
18:00,179,6444043291,"Domino Dreams™"
18:00,180,6755585789,"템빨용사: 픽셀 아이템 머지 RPG"
18:00,181,6752554540,"가이더스 원"
18:00,182,1668036690,"우파루 오딧세이"
18:00,183,1468063069,"피망 포커"
18:00,184,6756247787,"디지몬 UP"
18:00,185,1483058899,"Project Makeover"
18:00,186,6754012129,"우와 모험단"
18:00,187,1487451427,"Infinity Kingdom"
18:00,188,6747024269,"기어몬: 타워 디펜스"
18:00,189,880047117,"앵그리버드 2 (Angry Birds 2)"
18:00,190,6751056652,"Pixel Flow!"
18:00,191,955705796,"MARVEL 퓨처파이트"
18:00,192,6737409896,"악마단 돌겨억!"
18:00,193,6466373096,"동글동글 거위헬스장"
18:00,194,1551772053,"퍼즐 오브 Z"
18:00,195,6737874398,"Merge Fashion: Romance Story"
18:00,196,6740618570,"XP Hero (XP 히어로)"
18:00,197,6749132002,"빠지냥! (Drop the Cat)"
18:00,198,6743155652,"인생존망겜"
18:00,199,1322399438,"에픽세븐"
18:00,200,6739345737,"팰몬: 서바이벌"
18:30,1,6739616715,"메이플 키우기"
18:30,2,6475033368,"명조:워더링 웨이브"
18:30,3,6443575749,"WOS: 화이트아웃 서바이벌"
18:30,4,1458848044,"컴투스프로야구V26"
18:30,5,1623318294,"가십하버: 합성 & 스토리 게임"
18:30,6,1585915174,"승리의 여신: 니케"
18:30,7,6749251466,"쿠키런 키우기 - 쿠키런: 크럼블"
18:30,8,6482291732,"운빨존많겜"
18:30,9,1474589366,"리니지M"
18:30,10,1441742921,"마비노기 모바일"
18:30,11,6739554056,"킹샷:Kingshot"
18:30,12,6754593077,"이환"
18:30,13,1482155847,"로얄 매치 (Royal Match)"
18:30,14,6443755785,"씨사이드 익스케이프: 합성 & 스토리 게임"
18:30,15,1094591345,"Pokémon GO"
18:30,16,6471045672,"테이스티 트레블: 합성 게임"
18:30,17,1478371252,"FC 모바일"
18:30,18,1606356401,"젠레스 존 제로 - 주년 기념"
18:30,19,6448786147,"라스트 워: 서바이벌"
18:30,20,6738163891,"뱀피르"
18:30,21,1105855019,"Gardenscapes"
18:30,22,6499562253,"드래곤빌리지3 - 100일 이벤트!"
18:30,23,6762442041,"열혈강호: 넥스트"
18:30,24,1366526331,"배틀그라운드"
18:30,25,6502326151,"카오스 제로 나이트메어"
18:30,26,1273957743,"EA SPORTS FC Online M"
18:30,27,6503702666,"협타디: 협동 타워 디펜스"
18:30,28,1133463693,"메이플스토리M"
18:30,29,6618142292,"핫레스토랑: 머지&쿠킹"
18:30,30,6479595079,"세븐나이츠 리버스"
18:30,31,1195621598,"Homescapes: Match 3 Games"
18:30,32,1520354659,"오딘: 발할라 라이징"
18:30,33,1643509748,"머지 쿠킹 테마 레스토랑（Merge Cooking）"
18:30,34,1471942989,"한게임 섯다&맞고"
18:30,35,6748004690,"SOL: enchant"
18:30,36,6503272652,"라스트 Z: 서바이벌 슈터"
18:30,37,1480616990,"리그 오브 레전드: 와일드 리프트"
18:30,38,6756989323,"라스트 어사일럼: 페스트"
18:30,39,1507872328,"WPL : 홀덤, 토너먼트, 오마하, 올인폴드, 픽앤고"
18:30,40,1616108452,"우마무스메 프리티 더비"
18:30,41,6748432502,"랜덤 다이스 2"
18:30,42,1229016807,"브롤스타즈"
18:30,43,1640203623,"작혼: 리치 마작"
18:30,44,553834731,"캔디크러쉬사가"
18:30,45,6751222389,"NBA 덩크 시티"
18:30,46,638689075,"꿈의 마을 (Township)"
18:30,47,6483252725,"몬길: STAR DIVE"
18:30,48,1606549505,"로얄 킹덤 (Royal Kingdom)"
18:30,49,6751086804,"그놈은 드래곤"
18:30,50,848091833,"냥코 대전쟁"
18:30,51,6446516059,"캣 히어로 : 방치형 RPG"
18:30,52,6746151928,"두근두근타운"
18:30,53,1117270703,"eFootball™"
18:30,54,6759822089,"오늘의 꽃 : 진짜 꽃을 키우는 게임"
18:30,55,1128255542,"리니지M(12)"
18:30,56,947258826,"마피아42"
18:30,57,6503603603,"미스터리 타운: 합성 게임 (Mystery Town)"
18:30,58,1448979486,"던전앤파이터 모바일"
18:30,59,6757381033,"2026 프로야구GO!"
18:30,60,1466736988,"카트라이더 러쉬플러스"
18:30,61,6746465127,"세포 특공대 - 전략형 타워 디펜스"
18:30,62,6475757306,"Disney Solitaire 디즈니 솔리테어"
18:30,63,6740026253,"오피스 퀸 키우기"
18:30,64,6744885861,"스타일라잇: 3D 패션 시뮬레이션"
18:30,65,1471486284,"한게임 포커"
18:30,66,6757360957,"삼국지: 천하결전"
18:30,67,6746192853,"변신 키우기"
18:30,68,963067330,"쿠키런: 오븐브레이크"
18:30,69,6758200096,"라그나로크M: Classic"
18:30,70,6754679035,"히어로 랜드M"
18:30,71,6755455500,"할리우드 머지"
18:30,72,1571873795,"블루 아카이브"
18:30,73,1580691683,"MLB 9이닝스 라이벌 26"
18:30,74,6764201639,"총잡이 고양이 - 방치형 키우기"
18:30,75,6443477650,"한게임 로얄홀덤"
18:30,76,6740848451,"RF 온라인 넥스트"
18:30,77,6448719154,"레이븐2"
18:30,78,1521236603,"Travel Town - 결합 어드벤처"
18:30,79,1080541643,"Infinite Borders-인피니트 보더스"
18:30,80,1635712706,"슬레이어 키우기"
18:30,81,6759914688,"냥찍 히어로즈 : 방치형 RPG"
18:30,82,6752886832,"호텔 레거시"
18:30,83,6479970832,"포켓몬 카드 게임 Pocket"
18:30,84,6737408689,"스톤에이지 키우기"
18:30,85,6444598069,"나이트 크로우"
18:30,86,6749302379,"동방 찻집"
18:30,87,6670441558,"Dark War:Survival"
18:30,88,6756558621,"킹덤2: 타오르는 전장"
18:30,89,1599719154,"붕괴: 스타레일"
18:30,90,6767834940,"탑 로드"
18:30,91,6467117398,"버섯커 키우기"
18:30,92,6737595599,"파운데이션: 우주 전선"
18:30,93,898986747,"좀비고등학교"
18:30,94,1509450845,"쿠키런: 킹덤"
18:30,95,6786589102,"티니핑 매직 매치"
18:30,96,1347780764,"Identity V -제5인격"
18:30,97,6753862216,"푸드스타（Foodstars）: 합쳐서 요리하기"
18:30,98,6746636289,"Forge Master – Idle RPG"
18:30,99,6736896540,"헬로키티 마이 드림 스토어"
18:30,100,1470173983,"AION2"
18:30,101,6443468110,"러브앤딥스페이스"
18:30,102,588637521,"퍼즐앤드래곤"
18:30,103,1053012308,"클래시 로얄 (Clash Royale)"
18:30,104,1582390510,"한게임포커 클래식 - 7포커 홀덤 섯다 훌라 슬롯"
18:30,105,1376515087,"Age of Origins:Tower Defense"
18:30,106,1458568643,"피망 뉴맞고 : 고스톱으로 대한민국 1등"
18:30,107,1517783697,"원신-스네즈나야 오픈"
18:30,108,1176027022,"Toon Blast"
18:30,109,1628970855,"AFK: 새로운 여정"
18:30,110,1484442152,"머지 맨션: 퍼즐과 스토리"
18:30,111,1449552940,"일곱 개의 대죄: GRAND CROSS"
18:30,112,664575829,"피쉬돔 (Fishdom)"
18:30,113,6740621218,"갓깨비 키우기"
18:30,114,880551258,"컴투스프로야구2026"
18:30,115,6758827442,"히간: 이루실"
18:30,116,6472396866,"연운"
18:30,117,6449023119,"리버스: 1999"
18:30,118,6476731203,"건틀렛: 신규 서버 오픈!"
18:30,119,6756058501,"젤리 버스터즈: 퍼즐 게임"
18:30,120,529479190,"클래시 오브 클랜"
18:30,121,6761749975,"토이 삼국"
18:30,122,608808713,"쿠키런"
18:30,123,6754229264,"임진왜란: 조선의 반격"
18:30,124,1492005122,"디아블로 이모탈"
18:30,125,6759585981,"별별 히어로: 영웅 다있소"
18:30,126,6450953550,"탑 히어로즈: 영웅의 시대"
18:30,127,6740189002,"갤럭시 디펜스(Galaxy Defense)"
18:30,128,6476094902,"궁:영롱몽"
18:30,129,6740966864,"딸깍 다이스"
18:30,130,1241893973,"페이트/그랜드 오더"
18:30,131,6776989094,"블라이트 워 : 방치형 RPG"
18:30,132,6741503079,"Pokémon Champions"
18:30,133,6475925341,"주술회전 팬텀 퍼레이드"
18:30,134,6462846417,"MLB 클러치 히트 베이스볼 26"
18:30,135,6757690255,"윈드러너 키우기"
18:30,136,1597760047,"OneState RP: 온라인 롤플레잉"
18:30,137,1516727770,"마구마구 2026: 풀체인지"
18:30,138,1478227443,"리니지2M"
18:30,139,1462911602,"Dream League Soccer 2026"
18:30,140,6502820653,"궁수의 전설2"
18:30,141,6752369665,"Haunted Merge: Horror Story"
18:30,142,6738469826,"랜드 오브 제일"
18:30,143,6752672568,"Block Out! - Color Sort Puzzle"
18:30,144,6745081346,"블리치: 소울 레조넌스"
18:30,145,6754373623,"소울 헌터 키우기 : 방치형 RPG"
18:30,146,1614789798,"포세이돈키우기"
18:30,147,6476336847,"피망 쇼다운 홀덤 : 텍사스 홀덤, 포커, 토너먼트"
18:30,148,1402384531,"플레이투게더 (Play Together)"
18:30,149,6767155768,"현상금 해적단 키우기"
18:30,150,6756641249,"hololive Dreams"
18:30,151,1598881852,"프로젝트 세카이 컬러풀 스테이지! feat.하츠네 미쿠"
18:30,152,1484468651,"Dice Dreams™ 다이스 드림"
18:30,153,6740899070,"플랜티스와 좀비깡패"
18:30,154,6747957875,"Family Go! - 대를 잇는 인생 시뮬레이션"
18:30,155,6760754315,"꿈의 여행자: 별빛 여정"
18:30,156,6740043080,"Screwdom : 나사와 볼트 퍼즐"
18:30,157,1444980563,"리니지W"
18:30,158,6748741504,"에르피스"
18:30,159,1166415380,"풀팟 홀덤 포커: 텍사스 홀덤, 오마하, 토너먼트"
18:30,160,6504332779,"Color Block Jam"
18:30,161,1160056295,"모바일 레전드: Bang Bang"
18:30,162,6443760593,"좀비 웨이브스"
18:30,163,6483053853,"로드나인"
18:30,164,479516143,"Minecraft 온라인으로 친구들과 함께 플레이하세요"
18:30,165,6760822948,"더 코지 플로리스트"
18:30,166,6741889270,"픽셀 법사 키우기 : 방치형 RPG"
18:30,167,6444112366,"Limbus Company"
18:30,168,6762203850,"바르디안: Vardian"
18:30,169,6757722046,"Butcher hero: hook'n'chew RPG"
18:30,170,1554247785,"Yu-Gi-Oh! Master Duel"
18:30,171,6757908157,"JoJo's Bizarre Adventure: GS"
18:30,172,6692615881,"SD건담 지 제네레이션 이터널"
18:30,173,1480616748,"전략적 팀 전투: 리그 오브 레전드 전략 게임"
18:30,174,1540557475,"라스트 포트리스 : 언더그라운드"
18:30,175,6758072393,"추락한 아름다움: 머지&스토리"
18:30,176,6475077096,"아키에이지 워 (ArcheAge WAR)"
18:30,177,6754965520,"로그 레전드: 로그라이크 RPG"
18:30,178,6457256716,"Total Football - 2026 북중미 시즌"
18:30,179,6444043291,"Domino Dreams™"
18:30,180,6755585789,"템빨용사: 픽셀 아이템 머지 RPG"
18:30,181,6752554540,"가이더스 원"
18:30,182,1668036690,"우파루 오딧세이"
18:30,183,1468063069,"피망 포커"
18:30,184,6756247787,"디지몬 UP"
18:30,185,1483058899,"Project Makeover"
18:30,186,6754012129,"우와 모험단"
18:30,187,1487451427,"Infinity Kingdom"
18:30,188,6747024269,"기어몬: 타워 디펜스"
18:30,189,880047117,"앵그리버드 2 (Angry Birds 2)"
18:30,190,6751056652,"Pixel Flow!"
18:30,191,955705796,"MARVEL 퓨처파이트"
18:30,192,6737409896,"악마단 돌겨억!"
18:30,193,6466373096,"동글동글 거위헬스장"
18:30,194,1551772053,"퍼즐 오브 Z"
18:30,195,6737874398,"Merge Fashion: Romance Story"
18:30,196,6740618570,"XP Hero (XP 히어로)"
18:30,197,6749132002,"빠지냥! (Drop the Cat)"
18:30,198,6743155652,"인생존망겜"
18:30,199,1322399438,"에픽세븐"
18:30,200,6739345737,"팰몬: 서바이벌"
