time,rank,id,title
00:00,1,com.devsisters.cc,"쿠키런 키우기 - 쿠키런: 크럼블"
00:00,2,com.EightStudio.BlightWar,"블라이트 워 : 방치형 RPG"
00:00,3,com.noriworks.gm,"고스톱M : 데이터 필요없는 맞고 게임"
00:00,4,com.mocacorp.tile,"타일 킹 - 트리플 매치"
00:00,5,com.grandgames.magicsort,"매직 정렬!  (Magic Sort !)"
00:00,6,com.orienjoy.heroland.kr,"히어로 랜드M"
00:00,7,com.mocacorp.sudoku,"스도쿠"
00:00,8,com.ratinghope.gplay,"타이탄 러쉬: 서바이벌"
00:00,9,com.plaium.tmm,"티니핑 매직 매치"
00:00,10,com.mergegames.gossipharbor,"가십하버: 합성 & 스토리 게임"
00:00,11,com.block.juggle,"블록 블라스트 (Block Blast)"
00:00,12,com.highbrow.games.dvo,"드래곤빌리지3"
00:00,13,com.noriworks.kg,"국민 고스톱"
00:00,14,com.lighthouse.freeplay.kr,"라스트 라이트: 디펜스"
00:00,15,com.hkqs.jszx.google,"부족 또 전쟁 : 무한루프 RPG"
00:00,16,com.nebula.mahjongtile,"마작 블래스트 (Mahjong Blast)"
00:00,17,com.roblox.client,"로블록스 (Roblox)"
00:00,18,com.netease.dunkcdjp,"NBA 덩크 시티"
00:00,19,com.rxjhglkr.gp,"열혈강호: 넥스트"
00:00,20,com.Chodun.CatGunner,"총잡이 고양이 : 방치형 키우기 RPG"
00:00,21,com.run.tower.defense,"킹샷:Kingshot"
00:00,22,com.cyphergames.royalsmash,"Royal Smash! - Physics Puzzle"
00:00,23,com.ecffri.arrows,"Arrows - 퍼즐 이스케이프"
00:00,24,com.xman.kr.gp,"X 클래시"
00:00,25,com.dreamgames.royalmatch,"로얄 매치 Royal Match"
00:00,26,com.mobirix.ldwm,"수박 만들기 2048"
00:00,27,com.puzzlegames.puzzlebrickslegend,"컬러블록: 콤보 블라스트(Color Block)"
00:00,28,tokyo.chickenskin.imikowa,"의미심장 스토리"
00:00,29,com.leap.searchit,"Search It – 숨은그림찾기"
00:00,30,com.nianticlabs.pokemongo,"Pokémon GO"
00:00,31,com.warrior.screw.gp,"나사 풀기 대작전"
00:00,32,color.number.paint.pixle.art.sort.jigsaw,"Jewel Coloring"
00:00,33,com.hollywood.merge,"할리우드 머지"
00:00,34,com.zyyad.mihuan,"조운과 아두"
00:00,35,jp.co.goodroid.hyper.busflow,"Bus Traffic Fever!"
00:00,36,com.wood.block.sudoku.puzzle.bm,"Block Crush: 블록블라스트 퍼즐"
00:00,37,com.oakever.arrows,"Amaze GO! - 화살표 퍼즐"
00:00,38,com.brain.crazy.joygame,"Brain Puzzle 3: Crazy Mind"
00:00,39,com.pocket.sort.coin.puzzle.game,"포켓 정렬 (Pocket Sort): 동전 병합 퍼즐"
00:00,40,com.merge.game.foodstars,"푸드스타: 합쳐서 요리하기"
00:00,41,com.oakever.meowdoku,"Meowdoku: 두뇌 퍼즐 게임"
00:00,42,com.fatmerge.global,"테이스티 트레블: 합성 게임"
00:00,43,com.readygo.barrel.gp,"라스트 Z: 서바이벌 슈터"
00:00,44,com.dreamgames.royalkingdom,"로얄 킹덤 (Royal Kingdom)"
00:00,45,com.OVJECT.CrocoR,"크로코? 크로코 룰렛"
00:00,46,com.vitastudio.mahjong,"비타 마작(Vita Mahjong)"
00:00,47,com.phs.global,"라스트 어사일럼: 페스트"
00:00,48,jp.pokemon.pokemonchampions,"Pokémon Champions"
00:00,49,beats.color.sing.star.rush,"피아노타일9: 리듬게임 음악·노래·음악·케이팝"
00:00,50,com.pocketchamps.game,"포켓 챔프: 3D 레이싱 게임"
00:00,51,com.gof.global,"WOS: 화이트아웃 서바이벌"
00:00,52,com.kayac.slow_mo_strike,"Slow Mo Strike: Knives in Time"
00:00,53,word.games.puzzle.offline.games,"낱말퀴즈-단어&단어게임&두뇌 훈련&현실적인 게임"
00:00,54,com.pockethaven.roguelegend,"로그 레전드: 로그라이크 RPG"
00:00,55,com.gamedots.seasideescape,"씨사이드 익스케이프: 합성 & 스토리 게임"
00:00,56,com.mz.fzcqkr,"전사들과 모험"
00:00,57,com.Chillgaming.oneState,"OneState RP: 온라인 롤플레잉"
00:00,58,com.nexon.ma,"메이플 키우기"
00:00,59,com.fowgames.kingdom2,"킹덤2: 타오르는 전장"
00:00,60,com.unept.leveldevil,"Level Devil - NOT A Troll Game"
00:00,61,com.tg.jsxw.kr,"데블2M"
00:00,62,com.s01.global,"로드러쉬"
00:00,63,com.familygo.simgame,"Family Go! - 대를 잇는 인생 시뮬레이션"
00:00,64,com.jewel.sort.coloring.loop.match.paint.jigsaw,"Jewel Loop - Coloring Sort"
00:00,65,com.chirpysort.game.android,"Chirpy Sort: Bird Color Puzzle"
00:00,66,com.youmusic.magictiles,"매직 타일 3: 피아노 게임 케이팝 노래"
00:00,67,jigsolitaire.jigsort.jigsaw.solitaire.puzzle,"Jigsort™ 퍼즐: 혼자 즐기는 재미"
00:00,68,com.teaegg.puzzle.master,"미스터 에그 대탐험"
00:00,69,com.nexon.he,"히간: 이루실"
00:00,70,com.ekkorr.ef2,"오늘도 환생 2 : 방치형 디펜스 RPG"
00:00,71,io.supercent.weaponrpg,"XP Hero (XP 히어로)"
00:00,72,com.epicoro.castleclashers,"Castle Busters"
00:00,73,io.voodoo.paper2,"Paper.io 2"
00:00,74,com.cedargames.mysterytown,"미스터리 타운: 합성 게임 (Mystery Town)"
00:00,75,com.superbox.aos.suikagame,"멜론 메이커 : 과일 파티"
00:00,76,io.voodoo.holeio,"Hole.io"
00:00,77,com.sorting.games.match3d.goods.triple.puzzle,"상품 매칭 정리 게임: Goods Matching 3D"
00:00,78,io.supercent.linkedcubic,"스네이크 클래시 (Snake Clash)"
00:00,79,com.playrix.township,"꿈의 마을 (Township)"
00:00,80,com.bravestars.savethedog.drawgame,"Save The Pets"
00:00,81,com.whoyaho.tanghulu,"탕후루의 달인 - 두쫀쿠, 급식, 배달 먹방 ASMR"
00:00,82,com.redveilone.vardian,"바르디안 : 피의 맹세"
00:00,83,com.nexon.fmk,"FC 모바일"
00:00,84,net.peakgames.match,"매치 팩토리(Match Factory)!"
00:00,85,com.king.candycrushsaga,"캔디크러쉬사가 (Candy Crush Saga)"
00:00,86,com.sled.surfers.game,"Sled Surfers  - 슬로프 어드벤처"
00:00,87,com.gravity.romkrzeny.aos,"라그나로크M: Classic"
00:00,88,com.ringgames.msm,"METAL SLUG RUSH"
00:00,89,jp.co.ponos.battlecatskr,"냥코 대전쟁"
00:00,90,com.ig.screwdom,"Screwdom 3D"
00:00,91,com.supercell.brawlstars,"브롤스타즈"
00:00,92,com.mergecoin.cotune.tuneco,"Coin Merge Fortune"
00:00,93,com.easybrain.brainy.joygame,"Puzzle Time: Brainy Challenge"
00:00,94,com.nflystudio.InfiniteStaircase,"무한의 계단"
00:00,95,sorting.games.goods.sort.triple.match3d.puzzle.stuff,"상품 분류 게임: 3D 퍼즐"
00:00,96,easy.sudoku.puzzle.solver.free,"스도쿠 - 클래식 스도쿠 퍼즐"
00:00,97,com.robtopx.geometryjumplite,"Geometry Dash Lite"
00:00,98,relaxing.games.sort.jam.free,"Sort Jam"
00:00,99,com.dream.tiles.puzzlelink,"Dream Tiles: Puzzle Link​"
00:00,100,jigsaw.solitaire.match.games.free,"지그소 드롭: 솔리테어 퍼즐"
00:00,101,com.percent.aos.luckydefense,"운빨존많겜"
00:00,102,com.metagame.annoying.trick.brainypuzzle,"Brainy Escape Quest"
00:00,103,com.funplus.ts.global,"타일 서바이벌"
00:00,104,com.combo.yarnflow,"Yarn Loop"
00:00,105,com.hp.hide.hunt.paint,"Paint & Hide: Color Guys"
00:00,106,com.fatr.global,"호텔 레거시: 합성&리모델링"
00:00,107,find.difference.spot.differences.hidden.puzzle.games.free,"차이점 - 찾기 & 발견하기"
00:00,108,com.find.spot.photo.hunt.differences.free.hidden,"틀린그림찾기: 즐거운 스포트잇 퍼즐"
00:00,109,com.fty.tonari,"옆자리는 누구? : 꿀잼 논리 퍼즐 퀴즈게임"
00:00,110,com.fluffydrop.op.gp,"Fluffy Drop"
00:00,111,com.tripledot.blockbash,"Woodoku Blast"
00:00,112,com.gamespark.topking.gp,"탑 로드"
00:00,113,com.nebula.tiles,"탭 타일 (Tap Tile)"
00:00,114,com.redhedgies.colorsweeper,"컬러스위퍼"
00:00,115,com.yoyogames.love.makeover.dressup.dating.crush.game,"Love Makeover: 패션 스타일링"
00:00,116,com.Gaggle.fun.GooseGooseDuck,"Goose Goose Duck"
00:00,117,game.bubble.physics.world,"3D Bubble Shoot - ASMR Game"
00:00,118,com.hitappsgames.wordsolitaire,"단어 솔리테어: 카드 퍼즐게임"
00:00,119,com.hungrystudio.mahjong,"Double Tile!"
00:00,120,com.percent.aos.cooptd,"협타디: 협동 타워 디펜스"
00:00,121,jp.co.goodroid.hyper.puzzle.arrows3dcubepuzzle,"CubeAway - 3DPuzzle"
00:00,122,com.greenmushroom.boomblitz.gp,"탑 히어로즈"
00:00,123,com.oakever.tiletrip,"Tile Explorer - 트리플 매치"
00:00,124,com.wemade.golfsc,"골프 슈퍼 크루 : 실시간 골프 게임"
00:00,125,com.bunbunstudio.magicblocktiles,"음악 피아노 7:  음악게임 & 피아노게임"
00:00,126,block.color.game.jam.blocks.sort.puzzle.games.slide.free,"블록 컬러 매니아"
00:00,127,com.rummikubfree,"Rummikub"
00:00,128,com.hypgames.sniperbattle,"Sniper Battle: 3D 전장 슈팅"
00:00,129,com.luwasowica.lwssort,"럭키 워터 소트: 현금 획득"
00:00,130,com.vincentb.MobControl,"Mob Control"
00:00,131,com.pubg.krmobile,"배틀그라운드"
00:00,132,arrow.cube.escape3d,"Arrow Pro 3D"
00:00,133,com.whalejoy.horrorstory.gp,"헌티드 머지: 괴담"
00:00,134,com.cola.game,"핫레스토랑: 머지&쿠킹"
00:00,135,com.furrjam.traffic.jamgame,"FurrJam:Hop In!"
00:00,136,wool.match.color.sort.jam.puzzle,"털실 마스터"
00:00,137,com.soccer.score.star,"사커 슈퍼스타 (Soccer Superstar)"
00:00,138,net.gameduo.gv,"캣 히어로 : 방치형 RPG"
00:00,139,com.tap.away.arrows.logic.puzzle.brain.game,"Arrows World"
00:00,140,com.NHNEnt.NDuelgo,"한게임 신맞고 : 대한민국 원조 고스톱"
00:00,141,com.infiniplay.merge.fashion.romance.story,"패션 병합（Merge Fashion）: 로맨스 스토리"
00:00,142,com.igg.android.doomsdaylastsurvivors,"둠스데이: 영웅의 여정"
00:00,143,com.nhnent.pokerclassic,"한게임포커 클래식 : 7포커 홀덤 섯다 훌라 슬롯"
00:00,144,pics.karaage.sokutaiho,"순찰중! 바로 체포!"
00:00,145,com.gtsy.annoying.punch.game,"Annoying Uncle - 펀칭 게임"
00:00,146,jp.pokemon.pokemontcgp,"포켓몬 카드 게임 Pocket"
00:00,147,com.whoyaho.pendeco,"볼꾸의 달인 - 볼펜 꾸미기 ASMR 비즈 만들기"
00:00,148,com.rush.xtreme.sports,"러시: 익스트림 (RUSH: Xtreme)"
00:00,149,hidden.object.find.seek.search.mystery.puzzle.games.free,"숨은그림찾기 게임: Seek It"
00:00,150,com.fzsg.kr.and,"심연 삼국 -2222 무료 뽑기"
00:00,151,com.unicostudio.braintest,"브레인 테스트 (Brain Test): 까다로운 퍼즐"
00:00,152,com.fc.p.cp.perfect.bento.block.master,"퍼펙트 벤토: 블록 마스터"
00:00,153,com.spheresort.yhk,"로맨틱 스피어 볼 분류"
00:00,154,com.fiveminlab.overgeared.hero.backpack.merge,"템빨용사: 픽셀 아이템 머지 RPG"
00:00,155,com.awesomepiece.isekaigate,"이세카이 게이트 ISEKAI GATE"
00:00,156,game.qualiarts.hololive.dreams.com,"hololive Dreams"
00:00,157,com.jsjskr.google,"토이 삼국"
00:00,158,com.hwqgrhhjfd.idlefastfood,"Eatventure"
00:00,159,com.jmg.the.buddy.battles,"Duel Player Game"
00:00,160,com.brbp.brain.crush.xmcp,"Brain Crush: Blush Puzzle"
00:00,161,com.lucky.arrow.out.path,"Lucky Arrow Out"
00:00,162,com.NHNEnt.MSudda,"한게임 섯다&맞고"
00:00,163,com.os.airforce,"1945 공군: 레트로 오락실 슈팅 게임"
00:00,164,com.danceofplantsms.android.kor,"플랜티스와 좀비깡패"
00:00,165,com.easybrain.sudoku.android,"스도쿠 - 두뇌 훈련용 퍼즐 게임"
00:00,166,com.arrow.out,"Point Out: Color Escape Puzzle"
00:00,167,piggy.escape.jam.farm.puzzle.game,"Piggy Escape: 동물주차게임"
00:00,168,com.hp.keyboard.obby.asmr.speed.run,"Keyboard Obby: ASMR Speed Run"
00:00,169,com.play.merge.restyle,"Merge Restyle"
00:00,170,com.mjwygirls.kr,"각성소녀: 욕망의 여정"
00:00,171,com.merge.cooking.theme.restaurant.food,"머지 쿠킹 테마 레스토랑"
00:00,172,com.brain.logic.joygame,"Brain Puzzle 2: Logic Twist"
00:00,173,com.nexters.herowars,"Hero Wars: Alliance RPG 게임"
00:00,174,com.darkwind.majo,"MAJO - 아포칼립스 택틱스 RPG"
00:00,175,com.pjsekai.kr,"프로젝트 세카이 컬러풀 스테이지! feat.하츠네 미쿠"
00:00,176,com.wildcaly.chbaseball.jkt,"MLB 클러치 히트 베이스볼 26"
00:00,177,com.bhk.newslgkr,"삼국지: 천하결전"
00:00,178,water.sort.color.puzzle.master,"Water Sort: Color Sorting 3D"
00:00,179,com.fungames.blockcraft,"블록 크래프트 3D(Block Craft): 건설 게임"
00:00,180,app.gajami.keycap,"딸깍 - 키캡게임"
00:00,181,com.abi.colony.flow,"Colony Flow"
00:00,182,com.gamovation.tileclub,"타일 클럽 - 매칭 게임"
00:00,183,com.riotgames.mobile.leagueconnect,"라이엇 모바일"
00:00,184,com.netmarble.stonkey,"스톤에이지 키우기"
00:00,185,com.JindoBlu.TwoPlayerGamesChallenge,"2인용 게임: 도전"
00:00,186,com.dwgames.chunorpg,"추노 키우기"
00:00,187,com.fun.brain.game,"Brain Puzzle: Tricky Quest"
00:00,188,com.haegin.kbo,"2026 프로야구GO!"
00:00,189,com.pixel.art.coloring.color.number,"Happy Color® – 컬러링북, 숫자 색칠 게임"
00:00,190,com.QuestLab.DraftWar,"Draft Showdown"
00:00,191,math.puzzle.games.crossmath.number.puzzles.free,"수학 퍼즐 게임 - 크로스매스"
00:00,192,io.supercent.pizzaidle,"피자 레디 (Pizza Ready)"
00:00,193,com.helpgirlmatch.geakkz2.game,"Help Girl Match"
00:00,194,sheep.animal.parking.puzzle.game.jam,"Sheep Dash: Sheep Away"
00:00,195,com.shimmergames.tenants.gp,"갓물주 키우기"
00:00,196,com.wireless.defenseland,"레이드 러시: 타워 디펜스"
00:00,197,com.innersloth.spacemafia,"Among Us"
00:00,198,com.mahjong.master.solitaire.match.puzzle,"마작 마스터: 데일리 매치"
00:00,199,com.heartsnet.clickwood.gp,"클릭 Wood (Click Wood)"
00:00,200,com.tripledot.blockssmashgame,"Stack Smash - Block 3D Puzzle"
01:00,1,com.devsisters.cc,"쿠키런 키우기 - 쿠키런: 크럼블"
01:00,2,com.EightStudio.BlightWar,"블라이트 워 : 방치형 RPG"
01:00,3,com.noriworks.gm,"고스톱M : 데이터 필요없는 맞고 게임"
01:00,4,com.mocacorp.tile,"타일 킹 - 트리플 매치"
01:00,5,com.grandgames.magicsort,"매직 정렬!  (Magic Sort !)"
01:00,6,com.orienjoy.heroland.kr,"히어로 랜드M"
01:00,7,com.mocacorp.sudoku,"스도쿠"
01:00,8,com.ratinghope.gplay,"타이탄 러쉬: 서바이벌"
01:00,9,com.plaium.tmm,"티니핑 매직 매치"
01:00,10,com.mergegames.gossipharbor,"가십하버: 합성 & 스토리 게임"
01:00,11,com.block.juggle,"블록 블라스트 (Block Blast)"
01:00,12,com.highbrow.games.dvo,"드래곤빌리지3"
01:00,13,com.noriworks.kg,"국민 고스톱"
01:00,14,com.lighthouse.freeplay.kr,"라스트 라이트: 디펜스"
01:00,15,com.hkqs.jszx.google,"부족 또 전쟁 : 무한루프 RPG"
01:00,16,com.nebula.mahjongtile,"마작 블래스트 (Mahjong Blast)"
01:00,17,com.roblox.client,"로블록스 (Roblox)"
01:00,18,com.netease.dunkcdjp,"NBA 덩크 시티"
01:00,19,com.rxjhglkr.gp,"열혈강호: 넥스트"
01:00,20,com.Chodun.CatGunner,"총잡이 고양이 : 방치형 키우기 RPG"
01:00,21,com.run.tower.defense,"킹샷:Kingshot"
01:00,22,com.cyphergames.royalsmash,"Royal Smash! - Physics Puzzle"
01:00,23,com.ecffri.arrows,"Arrows - 퍼즐 이스케이프"
01:00,24,com.xman.kr.gp,"X 클래시"
01:00,25,com.dreamgames.royalmatch,"로얄 매치 Royal Match"
01:00,26,com.mobirix.ldwm,"수박 만들기 2048"
01:00,27,com.puzzlegames.puzzlebrickslegend,"컬러블록: 콤보 블라스트(Color Block)"
01:00,28,tokyo.chickenskin.imikowa,"의미심장 스토리"
01:00,29,com.leap.searchit,"Search It – 숨은그림찾기"
01:00,30,com.nianticlabs.pokemongo,"Pokémon GO"
01:00,31,com.warrior.screw.gp,"나사 풀기 대작전"
01:00,32,color.number.paint.pixle.art.sort.jigsaw,"Jewel Coloring"
01:00,33,com.hollywood.merge,"할리우드 머지"
01:00,34,com.zyyad.mihuan,"조운과 아두"
01:00,35,jp.co.goodroid.hyper.busflow,"Bus Traffic Fever!"
01:00,36,com.wood.block.sudoku.puzzle.bm,"Block Crush: 블록블라스트 퍼즐"
01:00,37,com.oakever.arrows,"Amaze GO! - 화살표 퍼즐"
01:00,38,com.brain.crazy.joygame,"Brain Puzzle 3: Crazy Mind"
01:00,39,com.pocket.sort.coin.puzzle.game,"포켓 정렬 (Pocket Sort): 동전 병합 퍼즐"
01:00,40,com.merge.game.foodstars,"푸드스타: 합쳐서 요리하기"
01:00,41,com.oakever.meowdoku,"Meowdoku: 두뇌 퍼즐 게임"
01:00,42,com.fatmerge.global,"테이스티 트레블: 합성 게임"
01:00,43,com.readygo.barrel.gp,"라스트 Z: 서바이벌 슈터"
01:00,44,com.dreamgames.royalkingdom,"로얄 킹덤 (Royal Kingdom)"
01:00,45,com.percent.aos.randomdice2,"랜덤 다이스 2"
01:00,46,com.OVJECT.CrocoR,"크로코? 크로코 룰렛"
01:00,47,com.vitastudio.mahjong,"비타 마작(Vita Mahjong)"
01:00,48,com.phs.global,"라스트 어사일럼: 페스트"
01:00,49,jp.pokemon.pokemonchampions,"Pokémon Champions"
01:00,50,beats.color.sing.star.rush,"피아노타일9: 리듬게임 음악·노래·음악·케이팝"
01:00,51,com.pocketchamps.game,"포켓 챔프: 3D 레이싱 게임"
01:00,52,com.gof.global,"WOS: 화이트아웃 서바이벌"
01:00,53,com.kayac.slow_mo_strike,"Slow Mo Strike: Knives in Time"
01:00,54,word.games.puzzle.offline.games,"낱말퀴즈-단어&단어게임&두뇌 훈련&현실적인 게임"
01:00,55,com.pockethaven.roguelegend,"로그 레전드: 로그라이크 RPG"
01:00,56,com.gamedots.seasideescape,"씨사이드 익스케이프: 합성 & 스토리 게임"
01:00,57,com.mz.fzcqkr,"전사들과 모험"
01:00,58,com.Chillgaming.oneState,"OneState RP: 온라인 롤플레잉"
01:00,59,com.nexon.ma,"메이플 키우기"
01:00,60,com.fowgames.kingdom2,"킹덤2: 타오르는 전장"
01:00,61,com.unept.leveldevil,"Level Devil - NOT A Troll Game"
01:00,62,com.tg.jsxw.kr,"데블2M"
01:00,63,com.s01.global,"로드러쉬"
01:00,64,com.familygo.simgame,"Family Go! - 대를 잇는 인생 시뮬레이션"
01:00,65,com.jewel.sort.coloring.loop.match.paint.jigsaw,"Jewel Loop - Coloring Sort"
01:00,66,com.chirpysort.game.android,"Chirpy Sort: Bird Color Puzzle"
01:00,67,com.youmusic.magictiles,"매직 타일 3: 피아노 게임 케이팝 노래"
01:00,68,jigsolitaire.jigsort.jigsaw.solitaire.puzzle,"Jigsort™ 퍼즐: 혼자 즐기는 재미"
01:00,69,com.teaegg.puzzle.master,"미스터 에그 대탐험"
01:00,70,com.nexon.he,"히간: 이루실"
01:00,71,com.ekkorr.ef2,"오늘도 환생 2 : 방치형 디펜스 RPG"
01:00,72,io.supercent.weaponrpg,"XP Hero (XP 히어로)"
01:00,73,com.epicoro.castleclashers,"Castle Busters"
01:00,74,io.voodoo.paper2,"Paper.io 2"
01:00,75,com.cedargames.mysterytown,"미스터리 타운: 합성 게임 (Mystery Town)"
01:00,76,com.superbox.aos.suikagame,"멜론 메이커 : 과일 파티"
01:00,77,io.voodoo.holeio,"Hole.io"
01:00,78,com.sorting.games.match3d.goods.triple.puzzle,"상품 매칭 정리 게임: Goods Matching 3D"
01:00,79,io.supercent.linkedcubic,"스네이크 클래시 (Snake Clash)"
01:00,80,com.playrix.township,"꿈의 마을 (Township)"
01:00,81,com.bravestars.savethedog.drawgame,"Save The Pets"
01:00,82,com.whoyaho.tanghulu,"탕후루의 달인 - 두쫀쿠, 급식, 배달 먹방 ASMR"
01:00,83,com.redveilone.vardian,"바르디안 : 피의 맹세"
01:00,84,com.nexon.fmk,"FC 모바일"
01:00,85,net.peakgames.match,"매치 팩토리(Match Factory)!"
01:00,86,com.king.candycrushsaga,"캔디크러쉬사가 (Candy Crush Saga)"
01:00,87,com.sled.surfers.game,"Sled Surfers  - 슬로프 어드벤처"
01:00,88,com.gravity.romkrzeny.aos,"라그나로크M: Classic"
01:00,89,com.ringgames.msm,"METAL SLUG RUSH"
01:00,90,jp.co.ponos.battlecatskr,"냥코 대전쟁"
01:00,91,com.ig.screwdom,"Screwdom 3D"
01:00,92,com.supercell.brawlstars,"브롤스타즈"
01:00,93,com.mergecoin.cotune.tuneco,"Coin Merge Fortune"
01:00,94,com.easybrain.brainy.joygame,"Puzzle Time: Brainy Challenge"
01:00,95,com.nflystudio.InfiniteStaircase,"무한의 계단"
01:00,96,sorting.games.goods.sort.triple.match3d.puzzle.stuff,"상품 분류 게임: 3D 퍼즐"
01:00,97,easy.sudoku.puzzle.solver.free,"스도쿠 - 클래식 스도쿠 퍼즐"
01:00,98,com.robtopx.geometryjumplite,"Geometry Dash Lite"
01:00,99,relaxing.games.sort.jam.free,"Sort Jam"
01:00,100,com.dream.tiles.puzzlelink,"Dream Tiles: Puzzle Link​"
01:00,101,jigsaw.solitaire.match.games.free,"지그소 드롭: 솔리테어 퍼즐"
01:00,102,com.percent.aos.luckydefense,"운빨존많겜"
01:00,103,com.metagame.annoying.trick.brainypuzzle,"Brainy Escape Quest"
01:00,104,com.funplus.ts.global,"타일 서바이벌"
01:00,105,com.combo.yarnflow,"Yarn Loop"
01:00,106,com.hp.hide.hunt.paint,"Paint & Hide: Color Guys"
01:00,107,com.fatr.global,"호텔 레거시: 합성&리모델링"
01:00,108,find.difference.spot.differences.hidden.puzzle.games.free,"차이점 - 찾기 & 발견하기"
01:00,109,com.find.spot.photo.hunt.differences.free.hidden,"틀린그림찾기: 즐거운 스포트잇 퍼즐"
01:00,110,com.fty.tonari,"옆자리는 누구? : 꿀잼 논리 퍼즐 퀴즈게임"
01:00,111,com.fluffydrop.op.gp,"Fluffy Drop"
01:00,112,com.tripledot.blockbash,"Woodoku Blast"
01:00,113,com.gamespark.topking.gp,"탑 로드"
01:00,114,com.nebula.tiles,"탭 타일 (Tap Tile)"
01:00,115,com.redhedgies.colorsweeper,"컬러스위퍼"
01:00,116,com.yoyogames.love.makeover.dressup.dating.crush.game,"Love Makeover: 패션 스타일링"
01:00,117,com.Gaggle.fun.GooseGooseDuck,"Goose Goose Duck"
01:00,118,game.bubble.physics.world,"3D Bubble Shoot - ASMR Game"
01:00,119,com.hitappsgames.wordsolitaire,"단어 솔리테어: 카드 퍼즐게임"
01:00,120,com.hungrystudio.mahjong,"Double Tile!"
01:00,121,com.percent.aos.cooptd,"협타디: 협동 타워 디펜스"
01:00,122,jp.co.goodroid.hyper.puzzle.arrows3dcubepuzzle,"CubeAway - 3DPuzzle"
01:00,123,com.greenmushroom.boomblitz.gp,"탑 히어로즈"
01:00,124,com.oakever.tiletrip,"Tile Explorer - 트리플 매치"
01:00,125,com.wemade.golfsc,"골프 슈퍼 크루 : 실시간 골프 게임"
01:00,126,com.bunbunstudio.magicblocktiles,"음악 피아노 7:  음악게임 & 피아노게임"
01:00,127,block.color.game.jam.blocks.sort.puzzle.games.slide.free,"블록 컬러 매니아"
01:00,128,com.rummikubfree,"Rummikub"
01:00,129,com.hypgames.sniperbattle,"Sniper Battle: 3D 전장 슈팅"
01:00,130,com.luwasowica.lwssort,"럭키 워터 소트: 현금 획득"
01:00,131,com.vincentb.MobControl,"Mob Control"
01:00,132,com.pubg.krmobile,"배틀그라운드"
01:00,133,arrow.cube.escape3d,"Arrow Pro 3D"
01:00,134,com.whalejoy.horrorstory.gp,"헌티드 머지: 괴담"
01:00,135,com.cola.game,"핫레스토랑: 머지&쿠킹"
01:00,136,com.furrjam.traffic.jamgame,"FurrJam:Hop In!"
01:00,137,wool.match.color.sort.jam.puzzle,"털실 마스터"
01:00,138,com.soccer.score.star,"사커 슈퍼스타 (Soccer Superstar)"
01:00,139,net.gameduo.gv,"캣 히어로 : 방치형 RPG"
01:00,140,com.tap.away.arrows.logic.puzzle.brain.game,"Arrows World"
01:00,141,com.NHNEnt.NDuelgo,"한게임 신맞고 : 대한민국 원조 고스톱"
01:00,142,com.infiniplay.merge.fashion.romance.story,"패션 병합（Merge Fashion）: 로맨스 스토리"
01:00,143,com.igg.android.doomsdaylastsurvivors,"둠스데이: 영웅의 여정"
01:00,144,com.nhnent.pokerclassic,"한게임포커 클래식 : 7포커 홀덤 섯다 훌라 슬롯"
01:00,145,pics.karaage.sokutaiho,"순찰중! 바로 체포!"
01:00,146,com.gtsy.annoying.punch.game,"Annoying Uncle - 펀칭 게임"
01:00,147,jp.pokemon.pokemontcgp,"포켓몬 카드 게임 Pocket"
01:00,148,com.whoyaho.pendeco,"볼꾸의 달인 - 볼펜 꾸미기 ASMR 비즈 만들기"
01:00,149,com.rush.xtreme.sports,"러시: 익스트림 (RUSH: Xtreme)"
01:00,150,hidden.object.find.seek.search.mystery.puzzle.games.free,"숨은그림찾기 게임: Seek It"
01:00,151,com.fzsg.kr.and,"심연 삼국 -2222 무료 뽑기"
01:00,152,com.unicostudio.braintest,"브레인 테스트 (Brain Test): 까다로운 퍼즐"
01:00,153,com.fc.p.cp.perfect.bento.block.master,"퍼펙트 벤토: 블록 마스터"
01:00,154,com.spheresort.yhk,"로맨틱 스피어 볼 분류"
01:00,155,com.fiveminlab.overgeared.hero.backpack.merge,"템빨용사: 픽셀 아이템 머지 RPG"
01:00,156,com.awesomepiece.isekaigate,"이세카이 게이트 ISEKAI GATE"
01:00,157,game.qualiarts.hololive.dreams.com,"hololive Dreams"
01:00,158,com.jsjskr.google,"토이 삼국"
01:00,159,com.hwqgrhhjfd.idlefastfood,"Eatventure"
01:00,160,com.jmg.the.buddy.battles,"Duel Player Game"
01:00,161,com.brbp.brain.crush.xmcp,"Brain Crush: Blush Puzzle"
01:00,162,com.lucky.arrow.out.path,"Lucky Arrow Out"
01:00,163,com.NHNEnt.MSudda,"한게임 섯다&맞고"
01:00,164,com.os.airforce,"1945 공군: 레트로 오락실 슈팅 게임"
01:00,165,com.danceofplantsms.android.kor,"플랜티스와 좀비깡패"
01:00,166,com.easybrain.sudoku.android,"스도쿠 - 두뇌 훈련용 퍼즐 게임"
01:00,167,com.arrow.out,"Point Out: Color Escape Puzzle"
01:00,168,piggy.escape.jam.farm.puzzle.game,"Piggy Escape: 동물주차게임"
01:00,169,com.hp.keyboard.obby.asmr.speed.run,"Keyboard Obby: ASMR Speed Run"
01:00,170,com.play.merge.restyle,"Merge Restyle"
01:00,171,com.mjwygirls.kr,"각성소녀: 욕망의 여정"
01:00,172,com.merge.cooking.theme.restaurant.food,"머지 쿠킹 테마 레스토랑"
01:00,173,com.brain.logic.joygame,"Brain Puzzle 2: Logic Twist"
01:00,174,com.nexters.herowars,"Hero Wars: Alliance RPG 게임"
01:00,175,com.darkwind.majo,"MAJO - 아포칼립스 택틱스 RPG"
01:00,176,com.pjsekai.kr,"프로젝트 세카이 컬러풀 스테이지! feat.하츠네 미쿠"
01:00,177,com.wildcaly.chbaseball.jkt,"MLB 클러치 히트 베이스볼 26"
01:00,178,com.bhk.newslgkr,"삼국지: 천하결전"
01:00,179,water.sort.color.puzzle.master,"Water Sort: Color Sorting 3D"
01:00,180,com.fungames.blockcraft,"블록 크래프트 3D(Block Craft): 건설 게임"
01:00,181,app.gajami.keycap,"딸깍 - 키캡게임"
01:00,182,com.abi.colony.flow,"Colony Flow"
01:00,183,com.gamovation.tileclub,"타일 클럽 - 매칭 게임"
01:00,184,com.riotgames.mobile.leagueconnect,"라이엇 모바일"
01:00,185,com.netmarble.stonkey,"스톤에이지 키우기"
01:00,186,com.JindoBlu.TwoPlayerGamesChallenge,"2인용 게임: 도전"
01:00,187,com.dwgames.chunorpg,"추노 키우기"
01:00,188,com.fun.brain.game,"Brain Puzzle: Tricky Quest"
01:00,189,com.haegin.kbo,"2026 프로야구GO!"
01:00,190,com.pixel.art.coloring.color.number,"Happy Color® – 컬러링북, 숫자 색칠 게임"
01:00,191,com.QuestLab.DraftWar,"Draft Showdown"
01:00,192,math.puzzle.games.crossmath.number.puzzles.free,"수학 퍼즐 게임 - 크로스매스"
01:00,193,io.supercent.pizzaidle,"피자 레디 (Pizza Ready)"
01:00,194,com.helpgirlmatch.geakkz2.game,"Help Girl Match"
01:00,195,sheep.animal.parking.puzzle.game.jam,"Sheep Dash: Sheep Away"
01:00,196,com.shimmergames.tenants.gp,"갓물주 키우기"
01:00,197,com.wireless.defenseland,"레이드 러시: 타워 디펜스"
01:00,198,com.innersloth.spacemafia,"Among Us"
01:00,199,com.mahjong.master.solitaire.match.puzzle,"마작 마스터: 데일리 매치"
01:00,200,com.heartsnet.clickwood.gp,"클릭 Wood (Click Wood)"
02:00,1,com.devsisters.cc,"쿠키런 키우기 - 쿠키런: 크럼블"
02:00,2,com.EightStudio.BlightWar,"블라이트 워 : 방치형 RPG"
02:00,3,com.noriworks.gm,"고스톱M : 데이터 필요없는 맞고 게임"
02:00,4,com.mocacorp.tile,"타일 킹 - 트리플 매치"
02:00,5,com.orienjoy.heroland.kr,"히어로 랜드M"
02:00,6,com.mocacorp.sudoku,"스도쿠"
02:00,7,com.ratinghope.gplay,"타이탄 러쉬: 서바이벌"
02:00,8,com.plaium.tmm,"티니핑 매직 매치"
02:00,9,com.mergegames.gossipharbor,"가십하버: 합성 & 스토리 게임"
02:00,10,com.grandgames.magicsort,"매직 정렬!  (Magic Sort !)"
02:00,11,com.highbrow.games.dvo,"드래곤빌리지3"
02:00,12,com.noriworks.kg,"국민 고스톱"
02:00,13,com.lighthouse.freeplay.kr,"라스트 라이트: 디펜스"
02:00,14,com.hkqs.jszx.google,"부족 또 전쟁 : 무한루프 RPG"
02:00,15,com.nebula.mahjongtile,"마작 블래스트 (Mahjong Blast)"
02:00,16,com.roblox.client,"로블록스 (Roblox)"
02:00,17,com.netease.dunkcdjp,"NBA 덩크 시티"
02:00,18,com.rxjhglkr.gp,"열혈강호: 넥스트"
02:00,19,com.Chodun.CatGunner,"총잡이 고양이 : 방치형 키우기 RPG"
02:00,20,com.run.tower.defense,"킹샷:Kingshot"
02:00,21,com.block.juggle,"블록 블라스트 (Block Blast)"
02:00,22,com.ecffri.arrows,"Arrows - 퍼즐 이스케이프"
02:00,23,com.xman.kr.gp,"X 클래시"
02:00,24,com.dreamgames.royalmatch,"로얄 매치 Royal Match"
02:00,25,com.mobirix.ldwm,"수박 만들기 2048"
02:00,26,tokyo.chickenskin.imikowa,"의미심장 스토리"
02:00,27,com.leap.searchit,"Search It – 숨은그림찾기"
02:00,28,com.nianticlabs.pokemongo,"Pokémon GO"
02:00,29,com.warrior.screw.gp,"나사 풀기 대작전"
02:00,30,color.number.paint.pixle.art.sort.jigsaw,"Jewel Coloring"
02:00,31,com.hollywood.merge,"할리우드 머지"
02:00,32,com.zyyad.mihuan,"조운과 아두"
02:00,33,jp.co.goodroid.hyper.busflow,"Bus Traffic Fever!"
02:00,34,com.wood.block.sudoku.puzzle.bm,"Block Crush: 블록블라스트 퍼즐"
02:00,35,com.oakever.arrows,"Amaze GO! - 화살표 퍼즐"
02:00,36,com.brain.crazy.joygame,"Brain Puzzle 3: Crazy Mind"
02:00,37,com.pocket.sort.coin.puzzle.game,"포켓 정렬 (Pocket Sort): 동전 병합 퍼즐"
02:00,38,com.merge.game.foodstars,"푸드스타: 합쳐서 요리하기"
02:00,39,com.oakever.meowdoku,"Meowdoku: 두뇌 퍼즐 게임"
02:00,40,com.fatmerge.global,"테이스티 트레블: 합성 게임"
02:00,41,com.readygo.barrel.gp,"라스트 Z: 서바이벌 슈터"
02:00,42,com.dreamgames.royalkingdom,"로얄 킹덤 (Royal Kingdom)"
02:00,43,com.percent.aos.randomdice2,"랜덤 다이스 2"
02:00,44,com.cyphergames.royalsmash,"Royal Smash! - Physics Puzzle"
02:00,45,com.OVJECT.CrocoR,"크로코? 크로코 룰렛"
02:00,46,com.vitastudio.mahjong,"비타 마작(Vita Mahjong)"
02:00,47,com.phs.global,"라스트 어사일럼: 페스트"
02:00,48,com.puzzlegames.puzzlebrickslegend,"컬러블록: 콤보 블라스트(Color Block)"
02:00,49,jp.pokemon.pokemonchampions,"Pokémon Champions"
02:00,50,com.wanda.jojo.gp.global,"죠죠의 기묘한 모험: 골든 스피릿"
02:00,51,beats.color.sing.star.rush,"피아노타일9: 리듬게임 음악·노래·음악·케이팝"
02:00,52,com.pocketchamps.game,"포켓 챔프: 3D 레이싱 게임"
02:00,53,com.gof.global,"WOS: 화이트아웃 서바이벌"
02:00,54,com.kayac.slow_mo_strike,"Slow Mo Strike: Knives in Time"
02:00,55,word.games.puzzle.offline.games,"낱말퀴즈-단어&단어게임&두뇌 훈련&현실적인 게임"
02:00,56,com.pockethaven.roguelegend,"로그 레전드: 로그라이크 RPG"
02:00,57,com.gamedots.seasideescape,"씨사이드 익스케이프: 합성 & 스토리 게임"
02:00,58,com.mz.fzcqkr,"전사들과 모험"
02:00,59,com.Chillgaming.oneState,"OneState RP: 온라인 롤플레잉"
02:00,60,com.nexon.ma,"메이플 키우기"
02:00,61,com.unept.leveldevil,"Level Devil - NOT A Troll Game"
02:00,62,com.tg.jsxw.kr,"데블2M"
02:00,63,com.s01.global,"로드러쉬"
02:00,64,com.familygo.simgame,"Family Go! - 대를 잇는 인생 시뮬레이션"
02:00,65,com.jewel.sort.coloring.loop.match.paint.jigsaw,"Jewel Loop - Coloring Sort"
02:00,66,com.chirpysort.game.android,"Chirpy Sort: Bird Color Puzzle"
02:00,67,com.youmusic.magictiles,"매직 타일 3: 피아노 게임 케이팝 노래"
02:00,68,jigsolitaire.jigsort.jigsaw.solitaire.puzzle,"Jigsort™ 퍼즐: 혼자 즐기는 재미"
02:00,69,com.teaegg.puzzle.master,"미스터 에그 대탐험"
02:00,70,com.nexon.he,"히간: 이루실"
02:00,71,com.ekkorr.ef2,"오늘도 환생 2 : 방치형 디펜스 RPG"
02:00,72,io.supercent.weaponrpg,"XP Hero (XP 히어로)"
02:00,73,io.voodoo.paper2,"Paper.io 2"
02:00,74,com.cedargames.mysterytown,"미스터리 타운: 합성 게임 (Mystery Town)"
02:00,75,com.superbox.aos.suikagame,"멜론 메이커 : 과일 파티"
02:00,76,com.sorting.games.match3d.goods.triple.puzzle,"상품 매칭 정리 게임: Goods Matching 3D"
02:00,77,io.supercent.linkedcubic,"스네이크 클래시 (Snake Clash)"
02:00,78,com.playrix.township,"꿈의 마을 (Township)"
02:00,79,com.bravestars.savethedog.drawgame,"Save The Pets"
02:00,80,com.whoyaho.tanghulu,"탕후루의 달인 - 두쫀쿠, 급식, 배달 먹방 ASMR"
02:00,81,com.redveilone.vardian,"바르디안 : 피의 맹세"
02:00,82,com.nexon.fmk,"FC 모바일"
02:00,83,net.peakgames.match,"매치 팩토리(Match Factory)!"
02:00,84,com.king.candycrushsaga,"캔디크러쉬사가 (Candy Crush Saga)"
02:00,85,com.sled.surfers.game,"Sled Surfers  - 슬로프 어드벤처"
02:00,86,com.gravity.romkrzeny.aos,"라그나로크M: Classic"
02:00,87,com.ringgames.msm,"METAL SLUG RUSH"
02:00,88,jp.co.ponos.battlecatskr,"냥코 대전쟁"
02:00,89,com.ig.screwdom,"Screwdom 3D"
02:00,90,com.supercell.brawlstars,"브롤스타즈"
02:00,91,com.mergecoin.cotune.tuneco,"Coin Merge Fortune"
02:00,92,com.easybrain.brainy.joygame,"Puzzle Time: Brainy Challenge"
02:00,93,com.nflystudio.InfiniteStaircase,"무한의 계단"
02:00,94,sorting.games.goods.sort.triple.match3d.puzzle.stuff,"상품 분류 게임: 3D 퍼즐"
02:00,95,easy.sudoku.puzzle.solver.free,"스도쿠 - 클래식 스도쿠 퍼즐"
02:00,96,com.robtopx.geometryjumplite,"Geometry Dash Lite"
02:00,97,relaxing.games.sort.jam.free,"Sort Jam"
02:00,98,com.dream.tiles.puzzlelink,"Dream Tiles: Puzzle Link​"
02:00,99,jigsaw.solitaire.match.games.free,"지그소 드롭: 솔리테어 퍼즐"
02:00,100,com.percent.aos.luckydefense,"운빨존많겜"
02:00,101,com.metagame.annoying.trick.brainypuzzle,"Brainy Escape Quest"
02:00,102,com.fowgames.kingdom2,"킹덤2: 타오르는 전장"
02:00,103,com.funplus.ts.global,"타일 서바이벌"
02:00,104,com.combo.yarnflow,"Yarn Loop"
02:00,105,com.fatr.global,"호텔 레거시: 합성&리모델링"
02:00,106,find.difference.spot.differences.hidden.puzzle.games.free,"차이점 - 찾기 & 발견하기"
02:00,107,com.find.spot.photo.hunt.differences.free.hidden,"틀린그림찾기: 즐거운 스포트잇 퍼즐"
02:00,108,com.fty.tonari,"옆자리는 누구? : 꿀잼 논리 퍼즐 퀴즈게임"
02:00,109,com.fluffydrop.op.gp,"Fluffy Drop"
02:00,110,com.tripledot.blockbash,"Woodoku Blast"
02:00,111,com.gamespark.topking.gp,"탑 로드"
02:00,112,com.nebula.tiles,"탭 타일 (Tap Tile)"
02:00,113,com.redhedgies.colorsweeper,"컬러스위퍼"
02:00,114,com.yoyogames.love.makeover.dressup.dating.crush.game,"Love Makeover: 패션 스타일링"
02:00,115,com.Gaggle.fun.GooseGooseDuck,"Goose Goose Duck"
02:00,116,game.bubble.physics.world,"3D Bubble Shoot - ASMR Game"
02:00,117,com.hitappsgames.wordsolitaire,"단어 솔리테어: 카드 퍼즐게임"
02:00,118,com.hungrystudio.mahjong,"Double Tile!"
02:00,119,com.percent.aos.cooptd,"협타디: 협동 타워 디펜스"
02:00,120,io.voodoo.holeio,"Hole.io"
02:00,121,com.epicoro.castleclashers,"Castle Busters"
02:00,122,jp.co.goodroid.hyper.puzzle.arrows3dcubepuzzle,"CubeAway - 3DPuzzle"
02:00,123,com.greenmushroom.boomblitz.gp,"탑 히어로즈"
02:00,124,com.oakever.tiletrip,"Tile Explorer - 트리플 매치"
02:00,125,com.wemade.golfsc,"골프 슈퍼 크루 : 실시간 골프 게임"
02:00,126,com.bunbunstudio.magicblocktiles,"음악 피아노 7:  음악게임 & 피아노게임"
02:00,127,block.color.game.jam.blocks.sort.puzzle.games.slide.free,"블록 컬러 매니아"
02:00,128,com.rummikubfree,"Rummikub"
02:00,129,com.hypgames.sniperbattle,"Sniper Battle: 3D 전장 슈팅"
02:00,130,com.luwasowica.lwssort,"럭키 워터 소트: 현금 획득"
02:00,131,com.hp.hide.hunt.paint,"Paint & Hide: Color Guys"
02:00,132,com.pubg.krmobile,"배틀그라운드"
02:00,133,arrow.cube.escape3d,"Arrow Pro 3D"
02:00,134,com.whalejoy.horrorstory.gp,"헌티드 머지: 괴담"
02:00,135,com.cola.game,"핫레스토랑: 머지&쿠킹"
02:00,136,com.furrjam.traffic.jamgame,"FurrJam:Hop In!"
02:00,137,wool.match.color.sort.jam.puzzle,"털실 마스터"
02:00,138,com.soccer.score.star,"사커 슈퍼스타 (Soccer Superstar)"
02:00,139,net.gameduo.gv,"캣 히어로 : 방치형 RPG"
02:00,140,com.tap.away.arrows.logic.puzzle.brain.game,"Arrows World"
02:00,141,com.NHNEnt.NDuelgo,"한게임 신맞고 : 대한민국 원조 고스톱"
02:00,142,com.infiniplay.merge.fashion.romance.story,"패션 병합（Merge Fashion）: 로맨스 스토리"
02:00,143,com.igg.android.doomsdaylastsurvivors,"둠스데이: 영웅의 여정"
02:00,144,com.nhnent.pokerclassic,"한게임포커 클래식 : 7포커 홀덤 섯다 훌라 슬롯"
02:00,145,pics.karaage.sokutaiho,"순찰중! 바로 체포!"
02:00,146,com.gtsy.annoying.punch.game,"Annoying Uncle - 펀칭 게임"
02:00,147,jp.pokemon.pokemontcgp,"포켓몬 카드 게임 Pocket"
02:00,148,com.whoyaho.pendeco,"볼꾸의 달인 - 볼펜 꾸미기 ASMR 비즈 만들기"
02:00,149,com.rush.xtreme.sports,"러시: 익스트림 (RUSH: Xtreme)"
02:00,150,hidden.object.find.seek.search.mystery.puzzle.games.free,"숨은그림찾기 게임: Seek It"
02:00,151,com.fzsg.kr.and,"심연 삼국 -2222 무료 뽑기"
02:00,152,com.unicostudio.braintest,"브레인 테스트 (Brain Test): 까다로운 퍼즐"
02:00,153,com.fc.p.cp.perfect.bento.block.master,"퍼펙트 벤토: 블록 마스터"
02:00,154,com.spheresort.yhk,"로맨틱 스피어 볼 분류"
02:00,155,com.awesomepiece.isekaigate,"이세카이 게이트 ISEKAI GATE"
02:00,156,game.qualiarts.hololive.dreams.com,"hololive Dreams"
02:00,157,com.jsjskr.google,"토이 삼국"
02:00,158,com.hwqgrhhjfd.idlefastfood,"Eatventure"
02:00,159,com.jmg.the.buddy.battles,"Duel Player Game"
02:00,160,com.brbp.brain.crush.xmcp,"Brain Crush: Blush Puzzle"
02:00,161,com.lucky.arrow.out.path,"Lucky Arrow Out"
02:00,162,com.NHNEnt.MSudda,"한게임 섯다&맞고"
02:00,163,com.danceofplantsms.android.kor,"플랜티스와 좀비깡패"
02:00,164,com.easybrain.sudoku.android,"스도쿠 - 두뇌 훈련용 퍼즐 게임"
02:00,165,com.arrow.out,"Point Out: Color Escape Puzzle"
02:00,166,piggy.escape.jam.farm.puzzle.game,"Piggy Escape: 동물주차게임"
02:00,167,com.hp.keyboard.obby.asmr.speed.run,"Keyboard Obby: ASMR Speed Run"
02:00,168,com.play.merge.restyle,"Merge Restyle"
02:00,169,com.mjwygirls.kr,"각성소녀: 욕망의 여정"
02:00,170,com.merge.cooking.theme.restaurant.food,"머지 쿠킹 테마 레스토랑"
02:00,171,com.brain.logic.joygame,"Brain Puzzle 2: Logic Twist"
02:00,172,com.nexters.herowars,"Hero Wars: Alliance RPG 게임"
02:00,173,com.darkwind.majo,"MAJO - 아포칼립스 택틱스 RPG"
02:00,174,com.pjsekai.kr,"프로젝트 세카이 컬러풀 스테이지! feat.하츠네 미쿠"
02:00,175,com.wildcaly.chbaseball.jkt,"MLB 클러치 히트 베이스볼 26"
02:00,176,com.bhk.newslgkr,"삼국지: 천하결전"
02:00,177,water.sort.color.puzzle.master,"Water Sort: Color Sorting 3D"
02:00,178,com.fungames.blockcraft,"블록 크래프트 3D(Block Craft): 건설 게임"
02:00,179,app.gajami.keycap,"딸깍 - 키캡게임"
02:00,180,com.gamovation.tileclub,"타일 클럽 - 매칭 게임"
02:00,181,com.riotgames.mobile.leagueconnect,"라이엇 모바일"
02:00,182,com.netmarble.stonkey,"스톤에이지 키우기"
02:00,183,com.JindoBlu.TwoPlayerGamesChallenge,"2인용 게임: 도전"
02:00,184,com.dwgames.chunorpg,"추노 키우기"
02:00,185,com.fun.brain.game,"Brain Puzzle: Tricky Quest"
02:00,186,com.haegin.kbo,"2026 프로야구GO!"
02:00,187,com.pixel.art.coloring.color.number,"Happy Color® – 컬러링북, 숫자 색칠 게임"
02:00,188,com.QuestLab.DraftWar,"Draft Showdown"
02:00,189,math.puzzle.games.crossmath.number.puzzles.free,"수학 퍼즐 게임 - 크로스매스"
02:00,190,io.supercent.pizzaidle,"피자 레디 (Pizza Ready)"
02:00,191,com.helpgirlmatch.geakkz2.game,"Help Girl Match"
02:00,192,sheep.animal.parking.puzzle.game.jam,"Sheep Dash: Sheep Away"
02:00,193,com.shimmergames.tenants.gp,"갓물주 키우기"
02:00,194,com.innersloth.spacemafia,"Among Us"
02:00,195,com.mahjong.master.solitaire.match.puzzle,"마작 마스터: 데일리 매치"
02:00,196,com.heartsnet.clickwood.gp,"클릭 Wood (Click Wood)"
02:00,197,com.tripledot.blockssmashgame,"Stack Smash - Block 3D Puzzle"
02:00,198,com.ew.mahjong,"Fun Mahjong Match"
02:00,199,com.mojang.minecrafttrialpe,"Minecraft 체험판"
02:00,200,net.happywit.screw.out.jam,"Screw Out 3D"
03:00,1,com.devsisters.cc,"쿠키런 키우기 - 쿠키런: 크럼블"
03:00,2,com.EightStudio.BlightWar,"블라이트 워 : 방치형 RPG"
03:00,3,com.mocacorp.tile,"타일 킹 - 트리플 매치"
03:00,4,com.mocacorp.sudoku,"스도쿠"
03:00,5,com.noriworks.gm,"고스톱M : 데이터 필요없는 맞고 게임"
03:00,6,com.mergegames.gossipharbor,"가십하버: 합성 & 스토리 게임"
03:00,7,com.grandgames.magicsort,"매직 정렬!  (Magic Sort !)"
03:00,8,com.orienjoy.heroland.kr,"히어로 랜드M"
03:00,9,com.noriworks.kg,"국민 고스톱"
03:00,10,com.lighthouse.freeplay.kr,"라스트 라이트: 디펜스"
03:00,11,com.plaium.tmm,"티니핑 매직 매치"
03:00,12,com.ratinghope.gplay,"타이탄 러쉬: 서바이벌"
03:00,13,com.highbrow.games.dvo,"드래곤빌리지3"
03:00,14,com.block.juggle,"블록 블라스트 (Block Blast)"
03:00,15,com.xman.kr.gp,"X 클래시"
03:00,16,tokyo.chickenskin.imikowa,"의미심장 스토리"
03:00,17,com.hkqs.jszx.google,"부족 또 전쟁 : 무한루프 RPG"
03:00,18,com.roblox.client,"로블록스 (Roblox)"
03:00,19,com.nebula.mahjongtile,"마작 블래스트 (Mahjong Blast)"
03:00,20,com.Chodun.CatGunner,"총잡이 고양이 : 방치형 키우기 RPG"
03:00,21,com.zyyad.mihuan,"조운과 아두"
03:00,22,jp.co.goodroid.hyper.busflow,"Bus Traffic Fever!"
03:00,23,com.netease.dunkcdjp,"NBA 덩크 시티"
03:00,24,com.brain.crazy.joygame,"Brain Puzzle 3: Crazy Mind"
03:00,25,com.merge.game.foodstars,"푸드스타: 합쳐서 요리하기"
03:00,26,com.percent.aos.randomdice2,"랜덤 다이스 2"
03:00,27,com.run.tower.defense,"킹샷:Kingshot"
03:00,28,com.nianticlabs.pokemongo,"Pokémon GO"
03:00,29,com.ecffri.arrows,"Arrows - 퍼즐 이스케이프"
03:00,30,com.mobirix.ldwm,"수박 만들기 2048"
03:00,31,com.dreamgames.royalmatch,"로얄 매치 Royal Match"
03:00,32,com.cyphergames.royalsmash,"Royal Smash! - Physics Puzzle"
03:00,33,com.rxjhglkr.gp,"열혈강호: 넥스트"
03:00,34,com.phs.global,"라스트 어사일럼: 페스트"
03:00,35,com.puzzlegames.puzzlebrickslegend,"컬러블록: 콤보 블라스트(Color Block)"
03:00,36,jp.pokemon.pokemonchampions,"Pokémon Champions"
03:00,37,com.wanda.jojo.gp.global,"죠죠의 기묘한 모험: 골든 스피릿"
03:00,38,com.leap.searchit,"Search It – 숨은그림찾기"
03:00,39,beats.color.sing.star.rush,"피아노타일9: 리듬게임 음악·노래·음악·케이팝"
03:00,40,com.hollywood.merge,"할리우드 머지"
03:00,41,word.games.puzzle.offline.games,"낱말퀴즈-단어&단어게임&두뇌 훈련&현실적인 게임"
03:00,42,com.mz.fzcqkr,"전사들과 모험"
03:00,43,com.unept.leveldevil,"Level Devil - NOT A Troll Game"
03:00,44,com.warrior.screw.gp,"나사 풀기 대작전"
03:00,45,com.tg.jsxw.kr,"데블2M"
03:00,46,color.number.paint.pixle.art.sort.jigsaw,"Jewel Coloring"
03:00,47,com.oakever.arrows,"Amaze GO! - 화살표 퍼즐"
03:00,48,com.s01.global,"로드러쉬"
03:00,49,com.wood.block.sudoku.puzzle.bm,"Block Crush: 블록블라스트 퍼즐"
03:00,50,com.pocket.sort.coin.puzzle.game,"포켓 정렬 (Pocket Sort): 동전 병합 퍼즐"
03:00,51,com.familygo.simgame,"Family Go! - 대를 잇는 인생 시뮬레이션"
03:00,52,com.jewel.sort.coloring.loop.match.paint.jigsaw,"Jewel Loop - Coloring Sort"
03:00,53,com.chirpysort.game.android,"Chirpy Sort: Bird Color Puzzle"
03:00,54,com.teaegg.puzzle.master,"미스터 에그 대탐험"
03:00,55,com.readygo.barrel.gp,"라스트 Z: 서바이벌 슈터"
03:00,56,com.oakever.meowdoku,"Meowdoku: 두뇌 퍼즐 게임"
03:00,57,io.supercent.weaponrpg,"XP Hero (XP 히어로)"
03:00,58,com.fatmerge.global,"테이스티 트레블: 합성 게임"
03:00,59,com.gamedots.seasideescape,"씨사이드 익스케이프: 합성 & 스토리 게임"
03:00,60,com.superbox.aos.suikagame,"멜론 메이커 : 과일 파티"
03:00,61,com.dreamgames.royalkingdom,"로얄 킹덤 (Royal Kingdom)"
03:00,62,com.vitastudio.mahjong,"비타 마작(Vita Mahjong)"
03:00,63,com.redveilone.vardian,"바르디안 : 피의 맹세"
03:00,64,com.nexon.fmk,"FC 모바일"
03:00,65,com.sled.surfers.game,"Sled Surfers  - 슬로프 어드벤처"
03:00,66,com.ringgames.msm,"METAL SLUG RUSH"
03:00,67,jp.co.ponos.battlecatskr,"냥코 대전쟁"
03:00,68,com.pocketchamps.game,"포켓 챔프: 3D 레이싱 게임"
03:00,69,com.ig.screwdom,"Screwdom 3D"
03:00,70,com.gof.global,"WOS: 화이트아웃 서바이벌"
03:00,71,com.Chillgaming.oneState,"OneState RP: 온라인 롤플레잉"
03:00,72,com.mergecoin.cotune.tuneco,"Coin Merge Fortune"
03:00,73,com.pockethaven.roguelegend,"로그 레전드: 로그라이크 RPG"
03:00,74,com.easybrain.brainy.joygame,"Puzzle Time: Brainy Challenge"
03:00,75,com.kayac.slow_mo_strike,"Slow Mo Strike: Knives in Time"
03:00,76,com.nflystudio.InfiniteStaircase,"무한의 계단"
03:00,77,sorting.games.goods.sort.triple.match3d.puzzle.stuff,"상품 분류 게임: 3D 퍼즐"
03:00,78,com.nexon.ma,"메이플 키우기"
03:00,79,com.OVJECT.CrocoR,"크로코? 크로코 룰렛"
03:00,80,com.dream.tiles.puzzlelink,"Dream Tiles: Puzzle Link​"
03:00,81,com.metagame.annoying.trick.brainypuzzle,"Brainy Escape Quest"
03:00,82,com.fowgames.kingdom2,"킹덤2: 타오르는 전장"
03:00,83,com.combo.yarnflow,"Yarn Loop"
03:00,84,com.fatr.global,"호텔 레거시: 합성&리모델링"
03:00,85,com.fty.tonari,"옆자리는 누구? : 꿀잼 논리 퍼즐 퀴즈게임"
03:00,86,com.fluffydrop.op.gp,"Fluffy Drop"
03:00,87,com.gamespark.topking.gp,"탑 로드"
03:00,88,com.sorting.games.match3d.goods.triple.puzzle,"상품 매칭 정리 게임: Goods Matching 3D"
03:00,89,jigsolitaire.jigsort.jigsaw.solitaire.puzzle,"Jigsort™ 퍼즐: 혼자 즐기는 재미"
03:00,90,com.nebula.tiles,"탭 타일 (Tap Tile)"
03:00,91,com.cedargames.mysterytown,"미스터리 타운: 합성 게임 (Mystery Town)"
03:00,92,com.Gaggle.fun.GooseGooseDuck,"Goose Goose Duck"
03:00,93,com.youmusic.magictiles,"매직 타일 3: 피아노 게임 케이팝 노래"
03:00,94,com.ekkorr.ef2,"오늘도 환생 2 : 방치형 디펜스 RPG"
03:00,95,game.bubble.physics.world,"3D Bubble Shoot - ASMR Game"
03:00,96,com.percent.aos.cooptd,"협타디: 협동 타워 디펜스"
03:00,97,com.nexon.he,"히간: 이루실"
03:00,98,io.voodoo.holeio,"Hole.io"
03:00,99,com.epicoro.castleclashers,"Castle Busters"
03:00,100,jp.co.goodroid.hyper.puzzle.arrows3dcubepuzzle,"CubeAway - 3DPuzzle"
03:00,101,com.greenmushroom.boomblitz.gp,"탑 히어로즈"
03:00,102,io.voodoo.paper2,"Paper.io 2"
03:00,103,com.wemade.golfsc,"골프 슈퍼 크루 : 실시간 골프 게임"
03:00,104,com.bunbunstudio.magicblocktiles,"음악 피아노 7:  음악게임 & 피아노게임"
03:00,105,com.rummikubfree,"Rummikub"
03:00,106,com.luwasowica.lwssort,"럭키 워터 소트: 현금 획득"
03:00,107,com.hp.hide.hunt.paint,"Paint & Hide: Color Guys"
03:00,108,com.bravestars.savethedog.drawgame,"Save The Pets"
03:00,109,com.whalejoy.horrorstory.gp,"헌티드 머지: 괴담"
03:00,110,com.playrix.township,"꿈의 마을 (Township)"
03:00,111,com.king.candycrushsaga,"캔디크러쉬사가 (Candy Crush Saga)"
03:00,112,net.gameduo.gv,"캣 히어로 : 방치형 RPG"
03:00,113,net.peakgames.match,"매치 팩토리(Match Factory)!"
03:00,114,io.supercent.linkedcubic,"스네이크 클래시 (Snake Clash)"
03:00,115,com.nhnent.pokerclassic,"한게임포커 클래식 : 7포커 홀덤 섯다 훌라 슬롯"
03:00,116,pics.karaage.sokutaiho,"순찰중! 바로 체포!"
03:00,117,com.whoyaho.tanghulu,"탕후루의 달인 - 두쫀쿠, 급식, 배달 먹방 ASMR"
03:00,118,com.whoyaho.pendeco,"볼꾸의 달인 - 볼펜 꾸미기 ASMR 비즈 만들기"
03:00,119,com.rush.xtreme.sports,"러시: 익스트림 (RUSH: Xtreme)"
03:00,120,com.supercell.brawlstars,"브롤스타즈"
03:00,121,com.fzsg.kr.and,"심연 삼국 -2222 무료 뽑기"
03:00,122,easy.sudoku.puzzle.solver.free,"스도쿠 - 클래식 스도쿠 퍼즐"
03:00,123,com.robtopx.geometryjumplite,"Geometry Dash Lite"
03:00,124,com.fc.p.cp.perfect.bento.block.master,"퍼펙트 벤토: 블록 마스터"
03:00,125,com.spheresort.yhk,"로맨틱 스피어 볼 분류"
03:00,126,com.awesomepiece.isekaigate,"이세카이 게이트 ISEKAI GATE"
03:00,127,com.gravity.romkrzeny.aos,"라그나로크M: Classic"
03:00,128,com.funplus.ts.global,"타일 서바이벌"
03:00,129,game.qualiarts.hololive.dreams.com,"hololive Dreams"
03:00,130,com.jmg.the.buddy.battles,"Duel Player Game"
03:00,131,relaxing.games.sort.jam.free,"Sort Jam"
03:00,132,com.brbp.brain.crush.xmcp,"Brain Crush: Blush Puzzle"
03:00,133,jigsaw.solitaire.match.games.free,"지그소 드롭: 솔리테어 퍼즐"
03:00,134,com.lucky.arrow.out.path,"Lucky Arrow Out"
03:00,135,com.percent.aos.luckydefense,"운빨존많겜"
03:00,136,com.NHNEnt.MSudda,"한게임 섯다&맞고"
03:00,137,com.danceofplantsms.android.kor,"플랜티스와 좀비깡패"
03:00,138,piggy.escape.jam.farm.puzzle.game,"Piggy Escape: 동물주차게임"
03:00,139,com.hp.keyboard.obby.asmr.speed.run,"Keyboard Obby: ASMR Speed Run"
03:00,140,com.mjwygirls.kr,"각성소녀: 욕망의 여정"
03:00,141,com.brain.logic.joygame,"Brain Puzzle 2: Logic Twist"
03:00,142,com.tripledot.blockbash,"Woodoku Blast"
03:00,143,com.darkwind.majo,"MAJO - 아포칼립스 택틱스 RPG"
03:00,144,water.sort.color.puzzle.master,"Water Sort: Color Sorting 3D"
03:00,145,com.redhedgies.colorsweeper,"컬러스위퍼"
03:00,146,com.fungames.blockcraft,"블록 크래프트 3D(Block Craft): 건설 게임"
03:00,147,app.gajami.keycap,"딸깍 - 키캡게임"
03:00,148,com.find.spot.photo.hunt.differences.free.hidden,"틀린그림찾기: 즐거운 스포트잇 퍼즐"
03:00,149,find.difference.spot.differences.hidden.puzzle.games.free,"차이점 - 찾기 & 발견하기"
03:00,150,com.riotgames.mobile.leagueconnect,"라이엇 모바일"
03:00,151,com.netmarble.stonkey,"스톤에이지 키우기"
03:00,152,com.JindoBlu.TwoPlayerGamesChallenge,"2인용 게임: 도전"
03:00,153,com.hungrystudio.mahjong,"Double Tile!"
03:00,154,com.dwgames.chunorpg,"추노 키우기"
03:00,155,com.fun.brain.game,"Brain Puzzle: Tricky Quest"
03:00,156,com.haegin.kbo,"2026 프로야구GO!"
03:00,157,com.QuestLab.DraftWar,"Draft Showdown"
03:00,158,com.helpgirlmatch.geakkz2.game,"Help Girl Match"
03:00,159,com.cola.game,"핫레스토랑: 머지&쿠킹"
03:00,160,com.innersloth.spacemafia,"Among Us"
03:00,161,com.heartsnet.clickwood.gp,"클릭 Wood (Click Wood)"
03:00,162,com.tripledot.blockssmashgame,"Stack Smash - Block 3D Puzzle"
03:00,163,com.hitappsgames.wordsolitaire,"단어 솔리테어: 카드 퍼즐게임"
03:00,164,com.ew.mahjong,"Fun Mahjong Match"
03:00,165,com.mojang.minecrafttrialpe,"Minecraft 체험판"
03:00,166,com.JindoBlu.OfflineGames,"데이터 필요없는 게임 - 와이파이 필요없는 게임"
03:00,167,com.yoyogames.love.makeover.dressup.dating.crush.game,"Love Makeover: 패션 스타일링"
03:00,168,arrow.cube.escape3d,"Arrow Pro 3D"
03:00,169,com.nhnent.Qpoker,"한게임 포커"
03:00,170,com.roomperfect.global,"Family Farm Merge"
03:00,171,com.hypgames.sniperbattle,"Sniper Battle: 3D 전장 슈팅"
03:00,172,com.pubg.krmobile,"배틀그라운드"
03:00,173,pics.karaage.damekoico,"나쁜 사랑 - 다크한 남친 컬렉션"
03:00,174,com.vincentb.MobControl,"Mob Control"
03:00,175,com.tap.away.arrows.logic.puzzle.brain.game,"Arrows World"
03:00,176,com.mystery.dumplings.asmr.unboxing.squishy,"Mystery Dumpling: Unbox ASMR"
03:00,177,com.superbox.aos.kitaepop,"캔디 팝 포레스트 매치 - 3"
03:00,178,ai.easy.gomoku.board.free,"오목 마스터"
03:00,179,com.readygo.dark.gp,"Dark War Survival"
03:00,180,com.oakever.tiletrip,"Tile Explorer - 트리플 매치"
03:00,181,com.loomgames.pixelflow,"Pixel Flow!"
03:00,182,com.NHNEnt.NDuelgo,"한게임 신맞고 : 대한민국 원조 고스톱"
03:00,183,bus.loop.traffic.jam.fever.bus.puzzle,"Bus Loop:Jam Master"
03:00,184,com.soccer.score.star,"사커 슈퍼스타 (Soccer Superstar)"
03:00,185,block.color.game.jam.blocks.sort.puzzle.games.slide.free,"블록 컬러 매니아"
03:00,186,com.igg.android.doomsdaylastsurvivors,"둠스데이: 영웅의 여정"
03:00,187,com.infiniplay.merge.fashion.romance.story,"패션 병합（Merge Fashion）: 로맨스 스토리"
03:00,188,com.furrjam.traffic.jamgame,"FurrJam:Hop In!"
03:00,189,com.nebula.arrows,"GOGO! Blast"
03:00,190,com.carrottechnology.projectoriginx,"프로젝트 오리진 : X"
03:00,191,wool.match.color.sort.jam.puzzle,"털실 마스터"
03:00,192,com.nebula.zoodoku,"Zoodoku: 스도쿠 논리 퍼즐"
03:00,193,com.ddup.zombiewaves.zw,"좀비 웨이브스"
03:00,194,com.yqgames.boomdefense.gg,"떡상 디펜스 - 운빨, 전략, 그리고 떡상!"
03:00,195,com.hdfzxrpg.googlelb,"해적 키우기-방치형 RPG"
03:00,196,jp.pokemon.pokemontcgp,"포켓몬 카드 게임 Pocket"
03:00,197,apli879756.vmz,"괴수: 진화 연대기"
03:00,198,com.fiveminlab.overgeared.hero.backpack.merge,"템빨용사: 픽셀 아이템 머지 RPG"
03:00,199,spot.hidden.cat.find.hidden.objects,"Find Hidden Cats- Spot it!"
03:00,200,com.unicostudio.braintest,"브레인 테스트 (Brain Test): 까다로운 퍼즐"
04:00,1,com.devsisters.cc,"쿠키런 키우기 - 쿠키런: 크럼블"
04:00,2,com.mocacorp.sudoku,"스도쿠"
04:00,3,com.noriworks.gm,"고스톱M : 데이터 필요없는 맞고 게임"
04:00,4,com.mocacorp.tile,"타일 킹 - 트리플 매치"
04:00,5,com.EightStudio.BlightWar,"블라이트 워 : 방치형 RPG"
04:00,6,com.grandgames.magicsort,"매직 정렬!  (Magic Sort !)"
04:00,7,com.orienjoy.heroland.kr,"히어로 랜드M"
04:00,8,com.noriworks.kg,"국민 고스톱"
04:00,9,com.mergegames.gossipharbor,"가십하버: 합성 & 스토리 게임"
04:00,10,com.plaium.tmm,"티니핑 매직 매치"
04:00,11,com.ratinghope.gplay,"타이탄 러쉬: 서바이벌"
04:00,12,com.highbrow.games.dvo,"드래곤빌리지3"
04:00,13,com.block.juggle,"블록 블라스트 (Block Blast)"
04:00,14,com.lighthouse.freeplay.kr,"라스트 라이트: 디펜스"
04:00,15,com.hkqs.jszx.google,"부족 또 전쟁 : 무한루프 RPG"
04:00,16,com.roblox.client,"로블록스 (Roblox)"
04:00,17,com.nebula.mahjongtile,"마작 블래스트 (Mahjong Blast)"
04:00,18,com.Chodun.CatGunner,"총잡이 고양이 : 방치형 키우기 RPG"
04:00,19,com.zyyad.mihuan,"조운과 아두"
04:00,20,jp.co.goodroid.hyper.busflow,"Bus Traffic Fever!"
04:00,21,com.netease.dunkcdjp,"NBA 덩크 시티"
04:00,22,com.brain.crazy.joygame,"Brain Puzzle 3: Crazy Mind"
04:00,23,com.percent.aos.randomdice2,"랜덤 다이스 2"
04:00,24,com.xman.kr.gp,"X 클래시"
04:00,25,com.run.tower.defense,"킹샷:Kingshot"
04:00,26,com.nianticlabs.pokemongo,"Pokémon GO"
04:00,27,com.ecffri.arrows,"Arrows - 퍼즐 이스케이프"
04:00,28,com.mobirix.ldwm,"수박 만들기 2048"
04:00,29,com.dreamgames.royalmatch,"로얄 매치 Royal Match"
04:00,30,com.cyphergames.royalsmash,"Royal Smash! - Physics Puzzle"
04:00,31,com.rxjhglkr.gp,"열혈강호: 넥스트"
04:00,32,tokyo.chickenskin.imikowa,"의미심장 스토리"
04:00,33,com.puzzlegames.puzzlebrickslegend,"컬러블록: 콤보 블라스트(Color Block)"
04:00,34,com.wanda.jojo.gp.global,"죠죠의 기묘한 모험: 골든 스피릿"
04:00,35,com.leap.searchit,"Search It – 숨은그림찾기"
04:00,36,beats.color.sing.star.rush,"피아노타일9: 리듬게임 음악·노래·음악·케이팝"
04:00,37,com.hollywood.merge,"할리우드 머지"
04:00,38,com.warrior.screw.gp,"나사 풀기 대작전"
04:00,39,com.tg.jsxw.kr,"데블2M"
04:00,40,color.number.paint.pixle.art.sort.jigsaw,"Jewel Coloring"
04:00,41,com.oakever.arrows,"Amaze GO! - 화살표 퍼즐"
04:00,42,com.wood.block.sudoku.puzzle.bm,"Block Crush: 블록블라스트 퍼즐"
04:00,43,com.pocket.sort.coin.puzzle.game,"포켓 정렬 (Pocket Sort): 동전 병합 퍼즐"
04:00,44,com.merge.game.foodstars,"푸드스타: 합쳐서 요리하기"
04:00,45,com.chirpysort.game.android,"Chirpy Sort: Bird Color Puzzle"
04:00,46,com.readygo.barrel.gp,"라스트 Z: 서바이벌 슈터"
04:00,47,com.oakever.meowdoku,"Meowdoku: 두뇌 퍼즐 게임"
04:00,48,com.fatmerge.global,"테이스티 트레블: 합성 게임"
04:00,49,com.gamedots.seasideescape,"씨사이드 익스케이프: 합성 & 스토리 게임"
04:00,50,com.dreamgames.royalkingdom,"로얄 킹덤 (Royal Kingdom)"
04:00,51,com.vitastudio.mahjong,"비타 마작(Vita Mahjong)"
04:00,52,com.phs.global,"라스트 어사일럼: 페스트"
04:00,53,com.redveilone.vardian,"바르디안 : 피의 맹세"
04:00,54,com.nexon.fmk,"FC 모바일"
04:00,55,com.ringgames.msm,"METAL SLUG RUSH"
04:00,56,com.pocketchamps.game,"포켓 챔프: 3D 레이싱 게임"
04:00,57,jp.pokemon.pokemonchampions,"Pokémon Champions"
04:00,58,com.gof.global,"WOS: 화이트아웃 서바이벌"
04:00,59,word.games.puzzle.offline.games,"낱말퀴즈-단어&단어게임&두뇌 훈련&현실적인 게임"
04:00,60,com.Chillgaming.oneState,"OneState RP: 온라인 롤플레잉"
04:00,61,com.mergecoin.cotune.tuneco,"Coin Merge Fortune"
04:00,62,com.pockethaven.roguelegend,"로그 레전드: 로그라이크 RPG"
04:00,63,com.mz.fzcqkr,"전사들과 모험"
04:00,64,com.kayac.slow_mo_strike,"Slow Mo Strike: Knives in Time"
04:00,65,com.nflystudio.InfiniteStaircase,"무한의 계단"
04:00,66,com.nexon.ma,"메이플 키우기"
04:00,67,com.OVJECT.CrocoR,"크로코? 크로코 룰렛"
04:00,68,com.fowgames.kingdom2,"킹덤2: 타오르는 전장"
04:00,69,com.unept.leveldevil,"Level Devil - NOT A Troll Game"
04:00,70,com.teaegg.puzzle.master,"미스터 에그 대탐험"
04:00,71,com.familygo.simgame,"Family Go! - 대를 잇는 인생 시뮬레이션"
04:00,72,com.s01.global,"로드러쉬"
04:00,73,com.gamespark.topking.gp,"탑 로드"
04:00,74,com.sorting.games.match3d.goods.triple.puzzle,"상품 매칭 정리 게임: Goods Matching 3D"
04:00,75,jigsolitaire.jigsort.jigsaw.solitaire.puzzle,"Jigsort™ 퍼즐: 혼자 즐기는 재미"
04:00,76,com.cedargames.mysterytown,"미스터리 타운: 합성 게임 (Mystery Town)"
04:00,77,io.supercent.weaponrpg,"XP Hero (XP 히어로)"
04:00,78,com.Gaggle.fun.GooseGooseDuck,"Goose Goose Duck"
04:00,79,com.youmusic.magictiles,"매직 타일 3: 피아노 게임 케이팝 노래"
04:00,80,com.ekkorr.ef2,"오늘도 환생 2 : 방치형 디펜스 RPG"
04:00,81,com.percent.aos.cooptd,"협타디: 협동 타워 디펜스"
04:00,82,com.nexon.he,"히간: 이루실"
04:00,83,io.voodoo.holeio,"Hole.io"
04:00,84,com.epicoro.castleclashers,"Castle Busters"
04:00,85,com.superbox.aos.suikagame,"멜론 메이커 : 과일 파티"
04:00,86,io.voodoo.paper2,"Paper.io 2"
04:00,87,com.bunbunstudio.magicblocktiles,"음악 피아노 7:  음악게임 & 피아노게임"
04:00,88,com.rummikubfree,"Rummikub"
04:00,89,com.hp.hide.hunt.paint,"Paint & Hide: Color Guys"
04:00,90,com.bravestars.savethedog.drawgame,"Save The Pets"
04:00,91,com.playrix.township,"꿈의 마을 (Township)"
04:00,92,com.king.candycrushsaga,"캔디크러쉬사가 (Candy Crush Saga)"
04:00,93,jp.co.ponos.battlecatskr,"냥코 대전쟁"
04:00,94,com.sled.surfers.game,"Sled Surfers  - 슬로프 어드벤처"
04:00,95,net.peakgames.match,"매치 팩토리(Match Factory)!"
04:00,96,io.supercent.linkedcubic,"스네이크 클래시 (Snake Clash)"
04:00,97,com.ig.screwdom,"Screwdom 3D"
04:00,98,pics.karaage.sokutaiho,"순찰중! 바로 체포!"
04:00,99,com.whoyaho.tanghulu,"탕후루의 달인 - 두쫀쿠, 급식, 배달 먹방 ASMR"
04:00,100,com.rush.xtreme.sports,"러시: 익스트림 (RUSH: Xtreme)"
04:00,101,com.supercell.brawlstars,"브롤스타즈"
04:00,102,com.fzsg.kr.and,"심연 삼국 -2222 무료 뽑기"
04:00,103,easy.sudoku.puzzle.solver.free,"스도쿠 - 클래식 스도쿠 퍼즐"
04:00,104,com.easybrain.brainy.joygame,"Puzzle Time: Brainy Challenge"
04:00,105,com.robtopx.geometryjumplite,"Geometry Dash Lite"
04:00,106,com.gravity.romkrzeny.aos,"라그나로크M: Classic"
04:00,107,com.funplus.ts.global,"타일 서바이벌"
04:00,108,sorting.games.goods.sort.triple.match3d.puzzle.stuff,"상품 분류 게임: 3D 퍼즐"
04:00,109,com.jmg.the.buddy.battles,"Duel Player Game"
04:00,110,relaxing.games.sort.jam.free,"Sort Jam"
04:00,111,com.brbp.brain.crush.xmcp,"Brain Crush: Blush Puzzle"
04:00,112,jigsaw.solitaire.match.games.free,"지그소 드롭: 솔리테어 퍼즐"
04:00,113,com.percent.aos.luckydefense,"운빨존많겜"
04:00,114,com.hp.keyboard.obby.asmr.speed.run,"Keyboard Obby: ASMR Speed Run"
04:00,115,com.mjwygirls.kr,"각성소녀: 욕망의 여정"
04:00,116,com.brain.logic.joygame,"Brain Puzzle 2: Logic Twist"
04:00,117,com.tripledot.blockbash,"Woodoku Blast"
04:00,118,com.fluffydrop.op.gp,"Fluffy Drop"
04:00,119,com.combo.yarnflow,"Yarn Loop"
04:00,120,com.fatr.global,"호텔 레거시: 합성&리모델링"
04:00,121,com.redhedgies.colorsweeper,"컬러스위퍼"
04:00,122,com.dream.tiles.puzzlelink,"Dream Tiles: Puzzle Link​"
04:00,123,app.gajami.keycap,"딸깍 - 키캡게임"
04:00,124,com.find.spot.photo.hunt.differences.free.hidden,"틀린그림찾기: 즐거운 스포트잇 퍼즐"
04:00,125,find.difference.spot.differences.hidden.puzzle.games.free,"차이점 - 찾기 & 발견하기"
04:00,126,com.netmarble.stonkey,"스톤에이지 키우기"
04:00,127,com.metagame.annoying.trick.brainypuzzle,"Brainy Escape Quest"
04:00,128,com.JindoBlu.TwoPlayerGamesChallenge,"2인용 게임: 도전"
04:00,129,com.nebula.tiles,"탭 타일 (Tap Tile)"
04:00,130,com.hungrystudio.mahjong,"Double Tile!"
04:00,131,com.fun.brain.game,"Brain Puzzle: Tricky Quest"
04:00,132,com.QuestLab.DraftWar,"Draft Showdown"
04:00,133,com.cola.game,"핫레스토랑: 머지&쿠킹"
04:00,134,com.hitappsgames.wordsolitaire,"단어 솔리테어: 카드 퍼즐게임"
04:00,135,com.mojang.minecrafttrialpe,"Minecraft 체험판"
04:00,136,com.JindoBlu.OfflineGames,"데이터 필요없는 게임 - 와이파이 필요없는 게임"
04:00,137,com.yoyogames.love.makeover.dressup.dating.crush.game,"Love Makeover: 패션 스타일링"
04:00,138,arrow.cube.escape3d,"Arrow Pro 3D"
04:00,139,com.roomperfect.global,"Family Farm Merge"
04:00,140,com.hypgames.sniperbattle,"Sniper Battle: 3D 전장 슈팅"
04:00,141,com.pubg.krmobile,"배틀그라운드"
04:00,142,com.greenmushroom.boomblitz.gp,"탑 히어로즈"
04:00,143,com.whalejoy.horrorstory.gp,"헌티드 머지: 괴담"
04:00,144,com.fty.tonari,"옆자리는 누구? : 꿀잼 논리 퍼즐 퀴즈게임"
04:00,145,com.luwasowica.lwssort,"럭키 워터 소트: 현금 획득"
04:00,146,com.vincentb.MobControl,"Mob Control"
04:00,147,com.tap.away.arrows.logic.puzzle.brain.game,"Arrows World"
04:00,148,com.mystery.dumplings.asmr.unboxing.squishy,"Mystery Dumpling: Unbox ASMR"
04:00,149,com.readygo.dark.gp,"Dark War Survival"
04:00,150,com.oakever.tiletrip,"Tile Explorer - 트리플 매치"
04:00,151,jp.co.goodroid.hyper.puzzle.arrows3dcubepuzzle,"CubeAway - 3DPuzzle"
04:00,152,com.NHNEnt.NDuelgo,"한게임 신맞고 : 대한민국 원조 고스톱"
04:00,153,net.gameduo.gv,"캣 히어로 : 방치형 RPG"
04:00,154,bus.loop.traffic.jam.fever.bus.puzzle,"Bus Loop:Jam Master"
04:00,155,com.nhnent.pokerclassic,"한게임포커 클래식 : 7포커 홀덤 섯다 훌라 슬롯"
04:00,156,game.bubble.physics.world,"3D Bubble Shoot - ASMR Game"
04:00,157,com.wemade.golfsc,"골프 슈퍼 크루 : 실시간 골프 게임"
04:00,158,com.soccer.score.star,"사커 슈퍼스타 (Soccer Superstar)"
04:00,159,block.color.game.jam.blocks.sort.puzzle.games.slide.free,"블록 컬러 매니아"
04:00,160,com.igg.android.doomsdaylastsurvivors,"둠스데이: 영웅의 여정"
04:00,161,com.infiniplay.merge.fashion.romance.story,"패션 병합（Merge Fashion）: 로맨스 스토리"
04:00,162,com.furrjam.traffic.jamgame,"FurrJam:Hop In!"
04:00,163,wool.match.color.sort.jam.puzzle,"털실 마스터"
04:00,164,com.nebula.zoodoku,"Zoodoku: 스도쿠 논리 퍼즐"
04:00,165,com.spheresort.yhk,"로맨틱 스피어 볼 분류"
04:00,166,com.yqgames.boomdefense.gg,"떡상 디펜스 - 운빨, 전략, 그리고 떡상!"
04:00,167,com.hdfzxrpg.googlelb,"해적 키우기-방치형 RPG"
04:00,168,jp.pokemon.pokemontcgp,"포켓몬 카드 게임 Pocket"
04:00,169,apli879756.vmz,"괴수: 진화 연대기"
04:00,170,com.fiveminlab.overgeared.hero.backpack.merge,"템빨용사: 픽셀 아이템 머지 RPG"
04:00,171,spot.hidden.cat.find.hidden.objects,"Find Hidden Cats- Spot it!"
04:00,172,com.unicostudio.braintest,"브레인 테스트 (Brain Test): 까다로운 퍼즐"
04:00,173,com.arrows.fosr.beauty.cn,"Arrows For Beauty"
04:00,174,com.whoyaho.pendeco,"볼꾸의 달인 - 볼펜 꾸미기 ASMR 비즈 만들기"
04:00,175,com.zm.waterpack,"Get Color Pack: Sort Puzzle"
04:00,176,com.fc.p.cp.perfect.bento.block.master,"퍼펙트 벤토: 블록 마스터"
04:00,177,com.GybeGames.ColorBlockJam,"Color Block Jam"
04:00,178,hidden.object.find.seek.search.mystery.puzzle.games.free,"숨은그림찾기 게임: Seek It"
04:00,179,com.easybrain.number.sums.puzzle,"Number Sums - 숫자 퍼즐 게임"
04:00,180,com.Speed.Keyboard.Parkour.Escape,"Keyboard Escape: Speed Parkour"
04:00,181,block.puzzle.challenge.gem.stack,"Block Puzzle Challenge"
04:00,182,com.pjsekai.kr,"프로젝트 세카이 컬러풀 스테이지! feat.하츠네 미쿠"
04:00,183,com.awesomepiece.isekaigate,"이세카이 게이트 ISEKAI GATE"
04:00,184,com.jsjskr.google,"토이 삼국"
04:00,185,com.merge.cooking.theme.restaurant.food,"머지 쿠킹 테마 레스토랑"
04:00,186,com.NHNEnt.MSudda,"한게임 섯다&맞고"
04:00,187,com.os.airforce,"1945 공군: 레트로 오락실 슈팅 게임"
04:00,188,com.hwqgrhhjfd.idlefastfood,"Eatventure"
04:00,189,go.strategy.puzzle.board.games,"바둑 - 인공지능 바둑 · 초보자 입문 대전 교실"
04:00,190,com.play.merge.restyle,"Merge Restyle"
04:00,191,com.jljx.kr4,"스피릿 각성: 방치형 RPG"
04:00,192,com.bracelet.diy.handmade.asmr,"Bracelet Maker: DIY ASMR"
04:00,193,com.danceofplantsms.android.kor,"플랜티스와 좀비깡패"
04:00,194,com.nexters.herowars,"Hero Wars: Alliance RPG 게임"
04:00,195,com.shimmergames.tenants.gp,"갓물주 키우기"
04:00,196,com.easybrain.sudoku.android,"스도쿠 - 두뇌 훈련용 퍼즐 게임"
04:00,197,com.lucky.arrow.out.path,"Lucky Arrow Out"
04:00,198,com.agavegames.findthecat2,"Find The Cat 2 - Spot It!"
05:00,1,com.devsisters.cc,"쿠키런 키우기 - 쿠키런: 크럼블"
05:00,2,com.mocacorp.sudoku,"스도쿠"
05:00,3,com.noriworks.gm,"고스톱M : 데이터 필요없는 맞고 게임"
05:00,4,com.mocacorp.tile,"타일 킹 - 트리플 매치"
05:00,5,com.EightStudio.BlightWar,"블라이트 워 : 방치형 RPG"
05:00,6,com.grandgames.magicsort,"매직 정렬!  (Magic Sort !)"
05:00,7,com.orienjoy.heroland.kr,"히어로 랜드M"
05:00,8,com.noriworks.kg,"국민 고스톱"
05:00,9,com.mergegames.gossipharbor,"가십하버: 합성 & 스토리 게임"
05:00,10,com.plaium.tmm,"티니핑 매직 매치"
05:00,11,com.ratinghope.gplay,"타이탄 러쉬: 서바이벌"
05:00,12,com.highbrow.games.dvo,"드래곤빌리지3"
05:00,13,com.block.juggle,"블록 블라스트 (Block Blast)"
05:00,14,com.lighthouse.freeplay.kr,"라스트 라이트: 디펜스"
05:00,15,com.hkqs.jszx.google,"부족 또 전쟁 : 무한루프 RPG"
05:00,16,com.roblox.client,"로블록스 (Roblox)"
05:00,17,com.nebula.mahjongtile,"마작 블래스트 (Mahjong Blast)"
05:00,18,com.Chodun.CatGunner,"총잡이 고양이 : 방치형 키우기 RPG"
05:00,19,jp.co.goodroid.hyper.busflow,"Bus Traffic Fever!"
05:00,20,com.netease.dunkcdjp,"NBA 덩크 시티"
05:00,21,com.percent.aos.randomdice2,"랜덤 다이스 2"
05:00,22,com.xman.kr.gp,"X 클래시"
05:00,23,com.run.tower.defense,"킹샷:Kingshot"
05:00,24,com.nianticlabs.pokemongo,"Pokémon GO"
05:00,25,com.ecffri.arrows,"Arrows - 퍼즐 이스케이프"
05:00,26,com.mobirix.ldwm,"수박 만들기 2048"
05:00,27,com.dreamgames.royalmatch,"로얄 매치 Royal Match"
05:00,28,com.cyphergames.royalsmash,"Royal Smash! - Physics Puzzle"
05:00,29,com.rxjhglkr.gp,"열혈강호: 넥스트"
05:00,30,tokyo.chickenskin.imikowa,"의미심장 스토리"
05:00,31,com.puzzlegames.puzzlebrickslegend,"컬러블록: 콤보 블라스트(Color Block)"
05:00,32,com.wanda.jojo.gp.global,"죠죠의 기묘한 모험: 골든 스피릿"
05:00,33,com.leap.searchit,"Search It – 숨은그림찾기"
05:00,34,com.hollywood.merge,"할리우드 머지"
05:00,35,com.warrior.screw.gp,"나사 풀기 대작전"
05:00,36,com.tg.jsxw.kr,"데블2M"
05:00,37,color.number.paint.pixle.art.sort.jigsaw,"Jewel Coloring"
05:00,38,com.zyyad.mihuan,"조운과 아두"
05:00,39,com.oakever.arrows,"Amaze GO! - 화살표 퍼즐"
05:00,40,com.wood.block.sudoku.puzzle.bm,"Block Crush: 블록블라스트 퍼즐"
05:00,41,com.pocket.sort.coin.puzzle.game,"포켓 정렬 (Pocket Sort): 동전 병합 퍼즐"
05:00,42,com.merge.game.foodstars,"푸드스타: 합쳐서 요리하기"
05:00,43,com.readygo.barrel.gp,"라스트 Z: 서바이벌 슈터"
05:00,44,com.oakever.meowdoku,"Meowdoku: 두뇌 퍼즐 게임"
05:00,45,com.brain.crazy.joygame,"Brain Puzzle 3: Crazy Mind"
05:00,46,com.fatmerge.global,"테이스티 트레블: 합성 게임"
05:00,47,com.gamedots.seasideescape,"씨사이드 익스케이프: 합성 & 스토리 게임"
05:00,48,com.dreamgames.royalkingdom,"로얄 킹덤 (Royal Kingdom)"
05:00,49,com.vitastudio.mahjong,"비타 마작(Vita Mahjong)"
05:00,50,com.phs.global,"라스트 어사일럼: 페스트"
05:00,51,com.pocketchamps.game,"포켓 챔프: 3D 레이싱 게임"
05:00,52,jp.pokemon.pokemonchampions,"Pokémon Champions"
05:00,53,com.gof.global,"WOS: 화이트아웃 서바이벌"
05:00,54,word.games.puzzle.offline.games,"낱말퀴즈-단어&단어게임&두뇌 훈련&현실적인 게임"
05:00,55,com.Chillgaming.oneState,"OneState RP: 온라인 롤플레잉"
05:00,56,com.mergecoin.cotune.tuneco,"Coin Merge Fortune"
05:00,57,com.pockethaven.roguelegend,"로그 레전드: 로그라이크 RPG"
05:00,58,beats.color.sing.star.rush,"피아노타일9: 리듬게임 음악·노래·음악·케이팝"
05:00,59,com.mz.fzcqkr,"전사들과 모험"
05:00,60,com.kayac.slow_mo_strike,"Slow Mo Strike: Knives in Time"
05:00,61,com.jewel.sort.coloring.loop.match.paint.jigsaw,"Jewel Loop - Coloring Sort"
05:00,62,com.nexon.ma,"메이플 키우기"
05:00,63,com.OVJECT.CrocoR,"크로코? 크로코 룰렛"
05:00,64,com.ringgames.msm,"METAL SLUG RUSH"
05:00,65,com.fowgames.kingdom2,"킹덤2: 타오르는 전장"
05:00,66,com.unept.leveldevil,"Level Devil - NOT A Troll Game"
05:00,67,com.teaegg.puzzle.master,"미스터 에그 대탐험"
05:00,68,com.familygo.simgame,"Family Go! - 대를 잇는 인생 시뮬레이션"
05:00,69,com.s01.global,"로드러쉬"
05:00,70,com.gamespark.topking.gp,"탑 로드"
05:00,71,com.sorting.games.match3d.goods.triple.puzzle,"상품 매칭 정리 게임: Goods Matching 3D"
05:00,72,jigsolitaire.jigsort.jigsaw.solitaire.puzzle,"Jigsort™ 퍼즐: 혼자 즐기는 재미"
05:00,73,com.chirpysort.game.android,"Chirpy Sort: Bird Color Puzzle"
05:00,74,com.cedargames.mysterytown,"미스터리 타운: 합성 게임 (Mystery Town)"
05:00,75,io.supercent.weaponrpg,"XP Hero (XP 히어로)"
05:00,76,com.Gaggle.fun.GooseGooseDuck,"Goose Goose Duck"
05:00,77,com.youmusic.magictiles,"매직 타일 3: 피아노 게임 케이팝 노래"
05:00,78,com.ekkorr.ef2,"오늘도 환생 2 : 방치형 디펜스 RPG"
05:00,79,com.nexon.he,"히간: 이루실"
05:00,80,io.voodoo.holeio,"Hole.io"
05:00,81,com.epicoro.castleclashers,"Castle Busters"
05:00,82,com.superbox.aos.suikagame,"멜론 메이커 : 과일 파티"
05:00,83,io.voodoo.paper2,"Paper.io 2"
05:00,84,com.bunbunstudio.magicblocktiles,"음악 피아노 7:  음악게임 & 피아노게임"
05:00,85,com.hp.hide.hunt.paint,"Paint & Hide: Color Guys"
05:00,86,com.bravestars.savethedog.drawgame,"Save The Pets"
05:00,87,com.playrix.township,"꿈의 마을 (Township)"
05:00,88,com.king.candycrushsaga,"캔디크러쉬사가 (Candy Crush Saga)"
05:00,89,jp.co.ponos.battlecatskr,"냥코 대전쟁"
05:00,90,com.sled.surfers.game,"Sled Surfers  - 슬로프 어드벤처"
05:00,91,net.peakgames.match,"매치 팩토리(Match Factory)!"
05:00,92,io.supercent.linkedcubic,"스네이크 클래시 (Snake Clash)"
05:00,93,com.ig.screwdom,"Screwdom 3D"
05:00,94,pics.karaage.sokutaiho,"순찰중! 바로 체포!"
05:00,95,com.nexon.fmk,"FC 모바일"
05:00,96,com.whoyaho.tanghulu,"탕후루의 달인 - 두쫀쿠, 급식, 배달 먹방 ASMR"
05:00,97,com.rush.xtreme.sports,"러시: 익스트림 (RUSH: Xtreme)"
05:00,98,com.supercell.brawlstars,"브롤스타즈"
05:00,99,com.fzsg.kr.and,"심연 삼국 -2222 무료 뽑기"
05:00,100,com.nflystudio.InfiniteStaircase,"무한의 계단"
05:00,101,easy.sudoku.puzzle.solver.free,"스도쿠 - 클래식 스도쿠 퍼즐"
05:00,102,com.easybrain.brainy.joygame,"Puzzle Time: Brainy Challenge"
05:00,103,com.robtopx.geometryjumplite,"Geometry Dash Lite"
05:00,104,com.gravity.romkrzeny.aos,"라그나로크M: Classic"
05:00,105,com.funplus.ts.global,"타일 서바이벌"
05:00,106,sorting.games.goods.sort.triple.match3d.puzzle.stuff,"상품 분류 게임: 3D 퍼즐"
05:00,107,relaxing.games.sort.jam.free,"Sort Jam"
05:00,108,jigsaw.solitaire.match.games.free,"지그소 드롭: 솔리테어 퍼즐"
05:00,109,com.percent.aos.luckydefense,"운빨존많겜"
05:00,110,com.hp.keyboard.obby.asmr.speed.run,"Keyboard Obby: ASMR Speed Run"
05:00,111,com.tripledot.blockbash,"Woodoku Blast"
05:00,112,com.fluffydrop.op.gp,"Fluffy Drop"
05:00,113,com.combo.yarnflow,"Yarn Loop"
05:00,114,com.fatr.global,"호텔 레거시: 합성&리모델링"
05:00,115,com.redhedgies.colorsweeper,"컬러스위퍼"
05:00,116,com.dream.tiles.puzzlelink,"Dream Tiles: Puzzle Link​"
05:00,117,app.gajami.keycap,"딸깍 - 키캡게임"
05:00,118,com.find.spot.photo.hunt.differences.free.hidden,"틀린그림찾기: 즐거운 스포트잇 퍼즐"
05:00,119,find.difference.spot.differences.hidden.puzzle.games.free,"차이점 - 찾기 & 발견하기"
05:00,120,com.metagame.annoying.trick.brainypuzzle,"Brainy Escape Quest"
05:00,121,com.nebula.tiles,"탭 타일 (Tap Tile)"
05:00,122,com.hungrystudio.mahjong,"Double Tile!"
05:00,123,com.QuestLab.DraftWar,"Draft Showdown"
05:00,124,com.cola.game,"핫레스토랑: 머지&쿠킹"
05:00,125,com.percent.aos.cooptd,"협타디: 협동 타워 디펜스"
05:00,126,com.hitappsgames.wordsolitaire,"단어 솔리테어: 카드 퍼즐게임"
05:00,127,com.mojang.minecrafttrialpe,"Minecraft 체험판"
05:00,128,com.JindoBlu.OfflineGames,"데이터 필요없는 게임 - 와이파이 필요없는 게임"
05:00,129,com.yoyogames.love.makeover.dressup.dating.crush.game,"Love Makeover: 패션 스타일링"
05:00,130,arrow.cube.escape3d,"Arrow Pro 3D"
05:00,131,com.rummikubfree,"Rummikub"
05:00,132,com.hypgames.sniperbattle,"Sniper Battle: 3D 전장 슈팅"
05:00,133,com.pubg.krmobile,"배틀그라운드"
05:00,134,com.redveilone.vardian,"바르디안 : 피의 맹세"
05:00,135,com.greenmushroom.boomblitz.gp,"탑 히어로즈"
05:00,136,com.whalejoy.horrorstory.gp,"헌티드 머지: 괴담"
05:00,137,com.fty.tonari,"옆자리는 누구? : 꿀잼 논리 퍼즐 퀴즈게임"
05:00,138,com.luwasowica.lwssort,"럭키 워터 소트: 현금 획득"
05:00,139,com.vincentb.MobControl,"Mob Control"
05:00,140,com.tap.away.arrows.logic.puzzle.brain.game,"Arrows World"
05:00,141,com.mystery.dumplings.asmr.unboxing.squishy,"Mystery Dumpling: Unbox ASMR"
05:00,142,com.readygo.dark.gp,"Dark War Survival"
05:00,143,com.oakever.tiletrip,"Tile Explorer - 트리플 매치"
05:00,144,jp.co.goodroid.hyper.puzzle.arrows3dcubepuzzle,"CubeAway - 3DPuzzle"
05:00,145,com.NHNEnt.NDuelgo,"한게임 신맞고 : 대한민국 원조 고스톱"
05:00,146,net.gameduo.gv,"캣 히어로 : 방치형 RPG"
05:00,147,com.nhnent.pokerclassic,"한게임포커 클래식 : 7포커 홀덤 섯다 훌라 슬롯"
05:00,148,game.bubble.physics.world,"3D Bubble Shoot - ASMR Game"
05:00,149,com.wemade.golfsc,"골프 슈퍼 크루 : 실시간 골프 게임"
05:00,150,com.soccer.score.star,"사커 슈퍼스타 (Soccer Superstar)"
05:00,151,block.color.game.jam.blocks.sort.puzzle.games.slide.free,"블록 컬러 매니아"
05:00,152,com.igg.android.doomsdaylastsurvivors,"둠스데이: 영웅의 여정"
05:00,153,com.infiniplay.merge.fashion.romance.story,"패션 병합（Merge Fashion）: 로맨스 스토리"
05:00,154,com.furrjam.traffic.jamgame,"FurrJam:Hop In!"
05:00,155,wool.match.color.sort.jam.puzzle,"털실 마스터"
05:00,156,com.nebula.zoodoku,"Zoodoku: 스도쿠 논리 퍼즐"
05:00,157,com.spheresort.yhk,"로맨틱 스피어 볼 분류"
05:00,158,jp.pokemon.pokemontcgp,"포켓몬 카드 게임 Pocket"
05:00,159,apli879756.vmz,"괴수: 진화 연대기"
05:00,160,com.fiveminlab.overgeared.hero.backpack.merge,"템빨용사: 픽셀 아이템 머지 RPG"
05:00,161,com.unicostudio.braintest,"브레인 테스트 (Brain Test): 까다로운 퍼즐"
05:00,162,com.gtsy.annoying.punch.game,"Annoying Uncle - 펀칭 게임"
05:00,163,com.arrows.fosr.beauty.cn,"Arrows For Beauty"
05:00,164,com.whoyaho.pendeco,"볼꾸의 달인 - 볼펜 꾸미기 ASMR 비즈 만들기"
05:00,165,com.fc.p.cp.perfect.bento.block.master,"퍼펙트 벤토: 블록 마스터"
05:00,166,com.GybeGames.ColorBlockJam,"Color Block Jam"
05:00,167,hidden.object.find.seek.search.mystery.puzzle.games.free,"숨은그림찾기 게임: Seek It"
05:00,168,com.easybrain.number.sums.puzzle,"Number Sums - 숫자 퍼즐 게임"
05:00,169,com.Speed.Keyboard.Parkour.Escape,"Keyboard Escape: Speed Parkour"
05:00,170,block.puzzle.challenge.gem.stack,"Block Puzzle Challenge"
05:00,171,com.pjsekai.kr,"프로젝트 세카이 컬러풀 스테이지! feat.하츠네 미쿠"
05:00,172,com.awesomepiece.isekaigate,"이세카이 게이트 ISEKAI GATE"
05:00,173,com.jsjskr.google,"토이 삼국"
05:00,174,com.merge.cooking.theme.restaurant.food,"머지 쿠킹 테마 레스토랑"
05:00,175,com.NHNEnt.MSudda,"한게임 섯다&맞고"
05:00,176,com.os.airforce,"1945 공군: 레트로 오락실 슈팅 게임"
05:00,177,com.hwqgrhhjfd.idlefastfood,"Eatventure"
05:00,178,go.strategy.puzzle.board.games,"바둑 - 인공지능 바둑 · 초보자 입문 대전 교실"
05:00,179,com.play.merge.restyle,"Merge Restyle"
05:00,180,com.bracelet.diy.handmade.asmr,"Bracelet Maker: DIY ASMR"
05:00,181,com.danceofplantsms.android.kor,"플랜티스와 좀비깡패"
05:00,182,com.nexters.herowars,"Hero Wars: Alliance RPG 게임"
05:00,183,com.shimmergames.tenants.gp,"갓물주 키우기"
05:00,184,com.easybrain.sudoku.android,"스도쿠 - 두뇌 훈련용 퍼즐 게임"
05:00,185,com.lucky.arrow.out.path,"Lucky Arrow Out"
05:00,186,com.jmg.the.buddy.battles,"Duel Player Game"
05:00,187,piggy.escape.jam.farm.puzzle.game,"Piggy Escape: 동물주차게임"
05:00,188,com.tripledot.blockssmashgame,"Stack Smash - Block 3D Puzzle"
05:00,189,com.arrow.out,"Point Out: Color Escape Puzzle"
05:00,190,com.brbp.brain.crush.xmcp,"Brain Crush: Blush Puzzle"
05:00,191,com.wildcaly.chbaseball.jkt,"MLB 클러치 히트 베이스볼 26"
05:00,192,com.brain.logic.joygame,"Brain Puzzle 2: Logic Twist"
05:00,193,water.sort.color.puzzle.master,"Water Sort: Color Sorting 3D"
05:00,194,com.ketchapp.rider,"Rider"
05:00,195,com.bhk.newslgkr,"삼국지: 천하결전"
05:00,196,com.dwgames.chunorpg,"추노 키우기"
05:00,197,com.mjwygirls.kr,"각성소녀: 욕망의 여정"
05:00,198,game.qualiarts.hololive.dreams.com,"hololive Dreams"
05:00,199,com.riotgames.mobile.leagueconnect,"라이엇 모바일"
05:00,200,com.abi.colony.flow,"Colony Flow"
05:30,1,com.devsisters.cc,"쿠키런 키우기 - 쿠키런: 크럼블"
05:30,2,com.noriworks.gm,"고스톱M : 데이터 필요없는 맞고 게임"
05:30,3,com.mocacorp.tile,"타일 킹 - 트리플 매치"
05:30,4,com.EightStudio.BlightWar,"블라이트 워 : 방치형 RPG"
05:30,5,com.grandgames.magicsort,"매직 정렬!  (Magic Sort !)"
05:30,6,com.orienjoy.heroland.kr,"히어로 랜드M"
05:30,7,com.mocacorp.sudoku,"스도쿠"
05:30,8,com.mergegames.gossipharbor,"가십하버: 합성 & 스토리 게임"
05:30,9,com.plaium.tmm,"티니핑 매직 매치"
05:30,10,com.ratinghope.gplay,"타이탄 러쉬: 서바이벌"
05:30,11,com.highbrow.games.dvo,"드래곤빌리지3"
05:30,12,com.block.juggle,"블록 블라스트 (Block Blast)"
05:30,13,com.noriworks.kg,"국민 고스톱"
05:30,14,com.lighthouse.freeplay.kr,"라스트 라이트: 디펜스"
05:30,15,com.hkqs.jszx.google,"부족 또 전쟁 : 무한루프 RPG"
05:30,16,com.roblox.client,"로블록스 (Roblox)"
05:30,17,com.nebula.mahjongtile,"마작 블래스트 (Mahjong Blast)"
05:30,18,com.Chodun.CatGunner,"총잡이 고양이 : 방치형 키우기 RPG"
05:30,19,com.netease.dunkcdjp,"NBA 덩크 시티"
05:30,20,com.percent.aos.randomdice2,"랜덤 다이스 2"
05:30,21,com.xman.kr.gp,"X 클래시"
05:30,22,com.run.tower.defense,"킹샷:Kingshot"
05:30,23,com.nianticlabs.pokemongo,"Pokémon GO"
05:30,24,com.ecffri.arrows,"Arrows - 퍼즐 이스케이프"
05:30,25,com.mobirix.ldwm,"수박 만들기 2048"
05:30,26,com.dreamgames.royalmatch,"로얄 매치 Royal Match"
05:30,27,com.cyphergames.royalsmash,"Royal Smash! - Physics Puzzle"
05:30,28,com.rxjhglkr.gp,"열혈강호: 넥스트"
05:30,29,tokyo.chickenskin.imikowa,"의미심장 스토리"
05:30,30,com.puzzlegames.puzzlebrickslegend,"컬러블록: 콤보 블라스트(Color Block)"
05:30,31,com.wanda.jojo.gp.global,"죠죠의 기묘한 모험: 골든 스피릿"
05:30,32,com.leap.searchit,"Search It – 숨은그림찾기"
05:30,33,com.hollywood.merge,"할리우드 머지"
05:30,34,com.warrior.screw.gp,"나사 풀기 대작전"
05:30,35,com.tg.jsxw.kr,"데블2M"
05:30,36,color.number.paint.pixle.art.sort.jigsaw,"Jewel Coloring"
05:30,37,com.zyyad.mihuan,"조운과 아두"
05:30,38,com.oakever.arrows,"Amaze GO! - 화살표 퍼즐"
05:30,39,com.wood.block.sudoku.puzzle.bm,"Block Crush: 블록블라스트 퍼즐"
05:30,40,com.pocket.sort.coin.puzzle.game,"포켓 정렬 (Pocket Sort): 동전 병합 퍼즐"
05:30,41,com.merge.game.foodstars,"푸드스타: 합쳐서 요리하기"
05:30,42,jp.co.goodroid.hyper.busflow,"Bus Traffic Fever!"
05:30,43,com.readygo.barrel.gp,"라스트 Z: 서바이벌 슈터"
05:30,44,com.oakever.meowdoku,"Meowdoku: 두뇌 퍼즐 게임"
05:30,45,com.brain.crazy.joygame,"Brain Puzzle 3: Crazy Mind"
05:30,46,com.fatmerge.global,"테이스티 트레블: 합성 게임"
05:30,47,com.gamedots.seasideescape,"씨사이드 익스케이프: 합성 & 스토리 게임"
05:30,48,com.dreamgames.royalkingdom,"로얄 킹덤 (Royal Kingdom)"
05:30,49,com.vitastudio.mahjong,"비타 마작(Vita Mahjong)"
05:30,50,com.phs.global,"라스트 어사일럼: 페스트"
05:30,51,com.pocketchamps.game,"포켓 챔프: 3D 레이싱 게임"
05:30,52,jp.pokemon.pokemonchampions,"Pokémon Champions"
05:30,53,com.gof.global,"WOS: 화이트아웃 서바이벌"
05:30,54,word.games.puzzle.offline.games,"낱말퀴즈-단어&단어게임&두뇌 훈련&현실적인 게임"
05:30,55,com.Chillgaming.oneState,"OneState RP: 온라인 롤플레잉"
05:30,56,com.pockethaven.roguelegend,"로그 레전드: 로그라이크 RPG"
05:30,57,beats.color.sing.star.rush,"피아노타일9: 리듬게임 음악·노래·음악·케이팝"
05:30,58,com.mz.fzcqkr,"전사들과 모험"
05:30,59,com.kayac.slow_mo_strike,"Slow Mo Strike: Knives in Time"
05:30,60,com.jewel.sort.coloring.loop.match.paint.jigsaw,"Jewel Loop - Coloring Sort"
05:30,61,com.nexon.ma,"메이플 키우기"
05:30,62,com.OVJECT.CrocoR,"크로코? 크로코 룰렛"
05:30,63,com.ringgames.msm,"METAL SLUG RUSH"
05:30,64,com.fowgames.kingdom2,"킹덤2: 타오르는 전장"
05:30,65,com.unept.leveldevil,"Level Devil - NOT A Troll Game"
05:30,66,com.teaegg.puzzle.master,"미스터 에그 대탐험"
05:30,67,com.familygo.simgame,"Family Go! - 대를 잇는 인생 시뮬레이션"
05:30,68,com.s01.global,"로드러쉬"
05:30,69,com.gamespark.topking.gp,"탑 로드"
05:30,70,com.sorting.games.match3d.goods.triple.puzzle,"상품 매칭 정리 게임: Goods Matching 3D"
05:30,71,jigsolitaire.jigsort.jigsaw.solitaire.puzzle,"Jigsort™ 퍼즐: 혼자 즐기는 재미"
05:30,72,com.chirpysort.game.android,"Chirpy Sort: Bird Color Puzzle"
05:30,73,com.cedargames.mysterytown,"미스터리 타운: 합성 게임 (Mystery Town)"
05:30,74,io.supercent.weaponrpg,"XP Hero (XP 히어로)"
05:30,75,com.Gaggle.fun.GooseGooseDuck,"Goose Goose Duck"
05:30,76,com.youmusic.magictiles,"매직 타일 3: 피아노 게임 케이팝 노래"
05:30,77,com.ekkorr.ef2,"오늘도 환생 2 : 방치형 디펜스 RPG"
05:30,78,com.nexon.he,"히간: 이루실"
05:30,79,io.voodoo.holeio,"Hole.io"
05:30,80,com.epicoro.castleclashers,"Castle Busters"
05:30,81,com.superbox.aos.suikagame,"멜론 메이커 : 과일 파티"
05:30,82,io.voodoo.paper2,"Paper.io 2"
05:30,83,com.hp.hide.hunt.paint,"Paint & Hide: Color Guys"
05:30,84,com.bravestars.savethedog.drawgame,"Save The Pets"
05:30,85,com.playrix.township,"꿈의 마을 (Township)"
05:30,86,com.king.candycrushsaga,"캔디크러쉬사가 (Candy Crush Saga)"
05:30,87,jp.co.ponos.battlecatskr,"냥코 대전쟁"
05:30,88,com.sled.surfers.game,"Sled Surfers  - 슬로프 어드벤처"
05:30,89,net.peakgames.match,"매치 팩토리(Match Factory)!"
05:30,90,io.supercent.linkedcubic,"스네이크 클래시 (Snake Clash)"
05:30,91,com.ig.screwdom,"Screwdom 3D"
05:30,92,com.nexon.fmk,"FC 모바일"
05:30,93,com.whoyaho.tanghulu,"탕후루의 달인 - 두쫀쿠, 급식, 배달 먹방 ASMR"
05:30,94,com.fzsg.kr.and,"심연 삼국 -2222 무료 뽑기"
05:30,95,com.rush.xtreme.sports,"러시: 익스트림 (RUSH: Xtreme)"
05:30,96,com.supercell.brawlstars,"브롤스타즈"
05:30,97,com.nflystudio.InfiniteStaircase,"무한의 계단"
05:30,98,com.mergecoin.cotune.tuneco,"Coin Merge Fortune"
05:30,99,easy.sudoku.puzzle.solver.free,"스도쿠 - 클래식 스도쿠 퍼즐"
05:30,100,com.easybrain.brainy.joygame,"Puzzle Time: Brainy Challenge"
05:30,101,com.robtopx.geometryjumplite,"Geometry Dash Lite"
05:30,102,com.gravity.romkrzeny.aos,"라그나로크M: Classic"
05:30,103,com.funplus.ts.global,"타일 서바이벌"
05:30,104,sorting.games.goods.sort.triple.match3d.puzzle.stuff,"상품 분류 게임: 3D 퍼즐"
05:30,105,relaxing.games.sort.jam.free,"Sort Jam"
05:30,106,jigsaw.solitaire.match.games.free,"지그소 드롭: 솔리테어 퍼즐"
05:30,107,com.percent.aos.luckydefense,"운빨존많겜"
05:30,108,com.tripledot.blockbash,"Woodoku Blast"
05:30,109,com.fluffydrop.op.gp,"Fluffy Drop"
05:30,110,com.combo.yarnflow,"Yarn Loop"
05:30,111,com.fatr.global,"호텔 레거시: 합성&리모델링"
05:30,112,com.redhedgies.colorsweeper,"컬러스위퍼"
05:30,113,com.dream.tiles.puzzlelink,"Dream Tiles: Puzzle Link​"
05:30,114,app.gajami.keycap,"딸깍 - 키캡게임"
05:30,115,com.find.spot.photo.hunt.differences.free.hidden,"틀린그림찾기: 즐거운 스포트잇 퍼즐"
05:30,116,find.difference.spot.differences.hidden.puzzle.games.free,"차이점 - 찾기 & 발견하기"
05:30,117,com.metagame.annoying.trick.brainypuzzle,"Brainy Escape Quest"
05:30,118,com.nebula.tiles,"탭 타일 (Tap Tile)"
05:30,119,com.hungrystudio.mahjong,"Double Tile!"
05:30,120,com.QuestLab.DraftWar,"Draft Showdown"
05:30,121,com.cola.game,"핫레스토랑: 머지&쿠킹"
05:30,122,com.percent.aos.cooptd,"협타디: 협동 타워 디펜스"
05:30,123,com.hitappsgames.wordsolitaire,"단어 솔리테어: 카드 퍼즐게임"
05:30,124,com.mojang.minecrafttrialpe,"Minecraft 체험판"
05:30,125,com.JindoBlu.OfflineGames,"데이터 필요없는 게임 - 와이파이 필요없는 게임"
05:30,126,com.yoyogames.love.makeover.dressup.dating.crush.game,"Love Makeover: 패션 스타일링"
05:30,127,arrow.cube.escape3d,"Arrow Pro 3D"
05:30,128,com.rummikubfree,"Rummikub"
05:30,129,com.bunbunstudio.magicblocktiles,"음악 피아노 7:  음악게임 & 피아노게임"
05:30,130,com.hypgames.sniperbattle,"Sniper Battle: 3D 전장 슈팅"
05:30,131,com.pubg.krmobile,"배틀그라운드"
05:30,132,com.redveilone.vardian,"바르디안 : 피의 맹세"
05:30,133,com.greenmushroom.boomblitz.gp,"탑 히어로즈"
05:30,134,com.whalejoy.horrorstory.gp,"헌티드 머지: 괴담"
05:30,135,com.fty.tonari,"옆자리는 누구? : 꿀잼 논리 퍼즐 퀴즈게임"
05:30,136,com.luwasowica.lwssort,"럭키 워터 소트: 현금 획득"
05:30,137,com.vincentb.MobControl,"Mob Control"
05:30,138,com.tap.away.arrows.logic.puzzle.brain.game,"Arrows World"
05:30,139,com.mystery.dumplings.asmr.unboxing.squishy,"Mystery Dumpling: Unbox ASMR"
05:30,140,com.readygo.dark.gp,"Dark War Survival"
05:30,141,com.oakever.tiletrip,"Tile Explorer - 트리플 매치"
05:30,142,jp.co.goodroid.hyper.puzzle.arrows3dcubepuzzle,"CubeAway - 3DPuzzle"
05:30,143,com.NHNEnt.NDuelgo,"한게임 신맞고 : 대한민국 원조 고스톱"
05:30,144,net.gameduo.gv,"캣 히어로 : 방치형 RPG"
05:30,145,com.nhnent.pokerclassic,"한게임포커 클래식 : 7포커 홀덤 섯다 훌라 슬롯"
05:30,146,game.bubble.physics.world,"3D Bubble Shoot - ASMR Game"
05:30,147,com.wemade.golfsc,"골프 슈퍼 크루 : 실시간 골프 게임"
05:30,148,com.soccer.score.star,"사커 슈퍼스타 (Soccer Superstar)"
05:30,149,block.color.game.jam.blocks.sort.puzzle.games.slide.free,"블록 컬러 매니아"
05:30,150,com.igg.android.doomsdaylastsurvivors,"둠스데이: 영웅의 여정"
05:30,151,com.infiniplay.merge.fashion.romance.story,"패션 병합（Merge Fashion）: 로맨스 스토리"
05:30,152,com.furrjam.traffic.jamgame,"FurrJam:Hop In!"
05:30,153,wool.match.color.sort.jam.puzzle,"털실 마스터"
05:30,154,com.spheresort.yhk,"로맨틱 스피어 볼 분류"
05:30,155,jp.pokemon.pokemontcgp,"포켓몬 카드 게임 Pocket"
05:30,156,com.fiveminlab.overgeared.hero.backpack.merge,"템빨용사: 픽셀 아이템 머지 RPG"
05:30,157,com.unicostudio.braintest,"브레인 테스트 (Brain Test): 까다로운 퍼즐"
05:30,158,com.gtsy.annoying.punch.game,"Annoying Uncle - 펀칭 게임"
05:30,159,pics.karaage.sokutaiho,"순찰중! 바로 체포!"
05:30,160,com.whoyaho.pendeco,"볼꾸의 달인 - 볼펜 꾸미기 ASMR 비즈 만들기"
05:30,161,com.fc.p.cp.perfect.bento.block.master,"퍼펙트 벤토: 블록 마스터"
05:30,162,hidden.object.find.seek.search.mystery.puzzle.games.free,"숨은그림찾기 게임: Seek It"
05:30,163,block.puzzle.challenge.gem.stack,"Block Puzzle Challenge"
05:30,164,com.pjsekai.kr,"프로젝트 세카이 컬러풀 스테이지! feat.하츠네 미쿠"
05:30,165,com.awesomepiece.isekaigate,"이세카이 게이트 ISEKAI GATE"
05:30,166,com.jsjskr.google,"토이 삼국"
05:30,167,com.merge.cooking.theme.restaurant.food,"머지 쿠킹 테마 레스토랑"
05:30,168,com.NHNEnt.MSudda,"한게임 섯다&맞고"
05:30,169,com.os.airforce,"1945 공군: 레트로 오락실 슈팅 게임"
05:30,170,com.hwqgrhhjfd.idlefastfood,"Eatventure"
05:30,171,com.play.merge.restyle,"Merge Restyle"
05:30,172,com.hp.keyboard.obby.asmr.speed.run,"Keyboard Obby: ASMR Speed Run"
05:30,173,com.danceofplantsms.android.kor,"플랜티스와 좀비깡패"
05:30,174,com.nexters.herowars,"Hero Wars: Alliance RPG 게임"
05:30,175,com.shimmergames.tenants.gp,"갓물주 키우기"
05:30,176,com.easybrain.sudoku.android,"스도쿠 - 두뇌 훈련용 퍼즐 게임"
05:30,177,com.lucky.arrow.out.path,"Lucky Arrow Out"
05:30,178,com.jmg.the.buddy.battles,"Duel Player Game"
05:30,179,piggy.escape.jam.farm.puzzle.game,"Piggy Escape: 동물주차게임"
05:30,180,com.nebula.zoodoku,"Zoodoku: 스도쿠 논리 퍼즐"
05:30,181,com.tripledot.blockssmashgame,"Stack Smash - Block 3D Puzzle"
05:30,182,com.arrow.out,"Point Out: Color Escape Puzzle"
05:30,183,com.brbp.brain.crush.xmcp,"Brain Crush: Blush Puzzle"
05:30,184,com.wildcaly.chbaseball.jkt,"MLB 클러치 히트 베이스볼 26"
05:30,185,com.brain.logic.joygame,"Brain Puzzle 2: Logic Twist"
05:30,186,water.sort.color.puzzle.master,"Water Sort: Color Sorting 3D"
05:30,187,com.bhk.newslgkr,"삼국지: 천하결전"
05:30,188,com.dwgames.chunorpg,"추노 키우기"
05:30,189,com.mjwygirls.kr,"각성소녀: 욕망의 여정"
05:30,190,game.qualiarts.hololive.dreams.com,"hololive Dreams"
05:30,191,com.riotgames.mobile.leagueconnect,"라이엇 모바일"
05:30,192,com.abi.colony.flow,"Colony Flow"
05:30,193,com.riftsky.mhg.kr.gp,"더 코지 플로리스트"
05:30,194,com.netmarble.stonkey,"스톤에이지 키우기"
05:30,195,com.helpgirlmatch.geakkz2.game,"Help Girl Match"
05:30,196,com.jljx.kr4,"스피릿 각성: 방치형 RPG"
05:30,197,com.fungames.blockcraft,"블록 크래프트 3D(Block Craft): 건설 게임"
05:30,198,com.gamovation.tileclub,"타일 클럽 - 매칭 게임"
05:30,199,com.innersloth.spacemafia,"Among Us"
05:30,200,com.JindoBlu.TwoPlayerGamesChallenge,"2인용 게임: 도전"
06:30,1,com.devsisters.cc,"쿠키런 키우기 - 쿠키런: 크럼블"
06:30,2,com.noriworks.gm,"고스톱M : 데이터 필요없는 맞고 게임"
06:30,3,com.mocacorp.tile,"타일 킹 - 트리플 매치"
06:30,4,com.EightStudio.BlightWar,"블라이트 워 : 방치형 RPG"
06:30,5,com.grandgames.magicsort,"매직 정렬!  (Magic Sort !)"
06:30,6,com.orienjoy.heroland.kr,"히어로 랜드M"
06:30,7,com.mocacorp.sudoku,"스도쿠"
06:30,8,com.mergegames.gossipharbor,"가십하버: 합성 & 스토리 게임"
06:30,9,com.plaium.tmm,"티니핑 매직 매치"
06:30,10,com.ratinghope.gplay,"타이탄 러쉬: 서바이벌"
06:30,11,com.highbrow.games.dvo,"드래곤빌리지3"
06:30,12,com.block.juggle,"블록 블라스트 (Block Blast)"
06:30,13,com.noriworks.kg,"국민 고스톱"
06:30,14,com.lighthouse.freeplay.kr,"라스트 라이트: 디펜스"
06:30,15,com.hkqs.jszx.google,"부족 또 전쟁 : 무한루프 RPG"
06:30,16,com.roblox.client,"로블록스 (Roblox)"
06:30,17,com.nebula.mahjongtile,"마작 블래스트 (Mahjong Blast)"
06:30,18,com.Chodun.CatGunner,"총잡이 고양이 : 방치형 키우기 RPG"
06:30,19,com.netease.dunkcdjp,"NBA 덩크 시티"
06:30,20,com.percent.aos.randomdice2,"랜덤 다이스 2"
06:30,21,com.xman.kr.gp,"X 클래시"
06:30,22,com.run.tower.defense,"킹샷:Kingshot"
06:30,23,com.nianticlabs.pokemongo,"Pokémon GO"
06:30,24,com.ecffri.arrows,"Arrows - 퍼즐 이스케이프"
06:30,25,com.mobirix.ldwm,"수박 만들기 2048"
06:30,26,com.dreamgames.royalmatch,"로얄 매치 Royal Match"
06:30,27,com.cyphergames.royalsmash,"Royal Smash! - Physics Puzzle"
06:30,28,com.rxjhglkr.gp,"열혈강호: 넥스트"
06:30,29,tokyo.chickenskin.imikowa,"의미심장 스토리"
06:30,30,com.puzzlegames.puzzlebrickslegend,"컬러블록: 콤보 블라스트(Color Block)"
06:30,31,com.wanda.jojo.gp.global,"죠죠의 기묘한 모험: 골든 스피릿"
06:30,32,com.leap.searchit,"Search It – 숨은그림찾기"
06:30,33,com.hollywood.merge,"할리우드 머지"
06:30,34,com.tg.jsxw.kr,"데블2M"
06:30,35,com.warrior.screw.gp,"나사 풀기 대작전"
06:30,36,color.number.paint.pixle.art.sort.jigsaw,"Jewel Coloring"
06:30,37,com.zyyad.mihuan,"조운과 아두"
06:30,38,com.oakever.arrows,"Amaze GO! - 화살표 퍼즐"
06:30,39,com.wood.block.sudoku.puzzle.bm,"Block Crush: 블록블라스트 퍼즐"
06:30,40,com.pocket.sort.coin.puzzle.game,"포켓 정렬 (Pocket Sort): 동전 병합 퍼즐"
06:30,41,com.merge.game.foodstars,"푸드스타: 합쳐서 요리하기"
06:30,42,jp.co.goodroid.hyper.busflow,"Bus Traffic Fever!"
06:30,43,com.readygo.barrel.gp,"라스트 Z: 서바이벌 슈터"
06:30,44,com.oakever.meowdoku,"Meowdoku: 두뇌 퍼즐 게임"
06:30,45,com.brain.crazy.joygame,"Brain Puzzle 3: Crazy Mind"
06:30,46,com.fatmerge.global,"테이스티 트레블: 합성 게임"
06:30,47,com.gamedots.seasideescape,"씨사이드 익스케이프: 합성 & 스토리 게임"
06:30,48,com.dreamgames.royalkingdom,"로얄 킹덤 (Royal Kingdom)"
06:30,49,com.vitastudio.mahjong,"비타 마작(Vita Mahjong)"
06:30,50,com.phs.global,"라스트 어사일럼: 페스트"
06:30,51,com.pocketchamps.game,"포켓 챔프: 3D 레이싱 게임"
06:30,52,jp.pokemon.pokemonchampions,"Pokémon Champions"
06:30,53,com.gof.global,"WOS: 화이트아웃 서바이벌"
06:30,54,word.games.puzzle.offline.games,"낱말퀴즈-단어&단어게임&두뇌 훈련&현실적인 게임"
06:30,55,com.Chillgaming.oneState,"OneState RP: 온라인 롤플레잉"
06:30,56,com.pockethaven.roguelegend,"로그 레전드: 로그라이크 RPG"
06:30,57,beats.color.sing.star.rush,"피아노타일9: 리듬게임 음악·노래·음악·케이팝"
06:30,58,com.mz.fzcqkr,"전사들과 모험"
06:30,59,com.kayac.slow_mo_strike,"Slow Mo Strike: Knives in Time"
06:30,60,com.jewel.sort.coloring.loop.match.paint.jigsaw,"Jewel Loop - Coloring Sort"
06:30,61,com.nexon.ma,"메이플 키우기"
06:30,62,com.OVJECT.CrocoR,"크로코? 크로코 룰렛"
06:30,63,com.ringgames.msm,"METAL SLUG RUSH"
06:30,64,com.fowgames.kingdom2,"킹덤2: 타오르는 전장"
06:30,65,com.unept.leveldevil,"Level Devil - NOT A Troll Game"
06:30,66,com.teaegg.puzzle.master,"미스터 에그 대탐험"
06:30,67,com.familygo.simgame,"Family Go! - 대를 잇는 인생 시뮬레이션"
06:30,68,com.s01.global,"로드러쉬"
06:30,69,com.sorting.games.match3d.goods.triple.puzzle,"상품 매칭 정리 게임: Goods Matching 3D"
06:30,70,jigsolitaire.jigsort.jigsaw.solitaire.puzzle,"Jigsort™ 퍼즐: 혼자 즐기는 재미"
06:30,71,com.chirpysort.game.android,"Chirpy Sort: Bird Color Puzzle"
06:30,72,com.cedargames.mysterytown,"미스터리 타운: 합성 게임 (Mystery Town)"
06:30,73,io.supercent.weaponrpg,"XP Hero (XP 히어로)"
06:30,74,com.Gaggle.fun.GooseGooseDuck,"Goose Goose Duck"
06:30,75,com.youmusic.magictiles,"매직 타일 3: 피아노 게임 케이팝 노래"
06:30,76,com.ekkorr.ef2,"오늘도 환생 2 : 방치형 디펜스 RPG"
06:30,77,com.nexon.he,"히간: 이루실"
06:30,78,io.voodoo.holeio,"Hole.io"
06:30,79,com.epicoro.castleclashers,"Castle Busters"
06:30,80,com.superbox.aos.suikagame,"멜론 메이커 : 과일 파티"
06:30,81,io.voodoo.paper2,"Paper.io 2"
06:30,82,com.hp.hide.hunt.paint,"Paint & Hide: Color Guys"
06:30,83,com.bravestars.savethedog.drawgame,"Save The Pets"
06:30,84,com.playrix.township,"꿈의 마을 (Township)"
06:30,85,com.king.candycrushsaga,"캔디크러쉬사가 (Candy Crush Saga)"
06:30,86,jp.co.ponos.battlecatskr,"냥코 대전쟁"
06:30,87,com.sled.surfers.game,"Sled Surfers  - 슬로프 어드벤처"
06:30,88,net.peakgames.match,"매치 팩토리(Match Factory)!"
06:30,89,io.supercent.linkedcubic,"스네이크 클래시 (Snake Clash)"
06:30,90,com.ig.screwdom,"Screwdom 3D"
06:30,91,com.nexon.fmk,"FC 모바일"
06:30,92,com.whoyaho.tanghulu,"탕후루의 달인 - 두쫀쿠, 급식, 배달 먹방 ASMR"
06:30,93,com.fzsg.kr.and,"심연 삼국 -2222 무료 뽑기"
06:30,94,com.supercell.brawlstars,"브롤스타즈"
06:30,95,com.nflystudio.InfiniteStaircase,"무한의 계단"
06:30,96,com.mergecoin.cotune.tuneco,"Coin Merge Fortune"
06:30,97,easy.sudoku.puzzle.solver.free,"스도쿠 - 클래식 스도쿠 퍼즐"
06:30,98,com.easybrain.brainy.joygame,"Puzzle Time: Brainy Challenge"
06:30,99,com.robtopx.geometryjumplite,"Geometry Dash Lite"
06:30,100,com.gravity.romkrzeny.aos,"라그나로크M: Classic"
06:30,101,com.funplus.ts.global,"타일 서바이벌"
06:30,102,sorting.games.goods.sort.triple.match3d.puzzle.stuff,"상품 분류 게임: 3D 퍼즐"
06:30,103,relaxing.games.sort.jam.free,"Sort Jam"
06:30,104,com.nexus.frostkingdom,"프로스트킹덤: 머지 생존전략 SLG"
06:30,105,jigsaw.solitaire.match.games.free,"지그소 드롭: 솔리테어 퍼즐"
06:30,106,com.percent.aos.luckydefense,"운빨존많겜"
06:30,107,com.gamespark.topking.gp,"탑 로드"
06:30,108,com.tripledot.blockbash,"Woodoku Blast"
06:30,109,com.fluffydrop.op.gp,"Fluffy Drop"
06:30,110,com.combo.yarnflow,"Yarn Loop"
06:30,111,com.fatr.global,"호텔 레거시: 합성&리모델링"
06:30,112,com.redhedgies.colorsweeper,"컬러스위퍼"
06:30,113,com.dream.tiles.puzzlelink,"Dream Tiles: Puzzle Link​"
06:30,114,app.gajami.keycap,"딸깍 - 키캡게임"
06:30,115,com.find.spot.photo.hunt.differences.free.hidden,"틀린그림찾기: 즐거운 스포트잇 퍼즐"
06:30,116,find.difference.spot.differences.hidden.puzzle.games.free,"차이점 - 찾기 & 발견하기"
06:30,117,com.metagame.annoying.trick.brainypuzzle,"Brainy Escape Quest"
06:30,118,com.nebula.tiles,"탭 타일 (Tap Tile)"
06:30,119,com.hungrystudio.mahjong,"Double Tile!"
06:30,120,com.QuestLab.DraftWar,"Draft Showdown"
06:30,121,com.cola.game,"핫레스토랑: 머지&쿠킹"
06:30,122,com.percent.aos.cooptd,"협타디: 협동 타워 디펜스"
06:30,123,com.hitappsgames.wordsolitaire,"단어 솔리테어: 카드 퍼즐게임"
06:30,124,com.mojang.minecrafttrialpe,"Minecraft 체험판"
06:30,125,com.JindoBlu.OfflineGames,"데이터 필요없는 게임 - 와이파이 필요없는 게임"
06:30,126,com.yoyogames.love.makeover.dressup.dating.crush.game,"Love Makeover: 패션 스타일링"
06:30,127,arrow.cube.escape3d,"Arrow Pro 3D"
06:30,128,com.rummikubfree,"Rummikub"
06:30,129,com.bunbunstudio.magicblocktiles,"음악 피아노 7:  음악게임 & 피아노게임"
06:30,130,com.hypgames.sniperbattle,"Sniper Battle: 3D 전장 슈팅"
06:30,131,com.pubg.krmobile,"배틀그라운드"
06:30,132,com.redveilone.vardian,"바르디안 : 피의 맹세"
06:30,133,com.greenmushroom.boomblitz.gp,"탑 히어로즈"
06:30,134,com.whalejoy.horrorstory.gp,"헌티드 머지: 괴담"
06:30,135,com.fty.tonari,"옆자리는 누구? : 꿀잼 논리 퍼즐 퀴즈게임"
06:30,136,com.luwasowica.lwssort,"럭키 워터 소트: 현금 획득"
06:30,137,com.vincentb.MobControl,"Mob Control"
06:30,138,com.tap.away.arrows.logic.puzzle.brain.game,"Arrows World"
06:30,139,com.oakever.tiletrip,"Tile Explorer - 트리플 매치"
06:30,140,jp.co.goodroid.hyper.puzzle.arrows3dcubepuzzle,"CubeAway - 3DPuzzle"
06:30,141,com.NHNEnt.NDuelgo,"한게임 신맞고 : 대한민국 원조 고스톱"
06:30,142,net.gameduo.gv,"캣 히어로 : 방치형 RPG"
06:30,143,com.nhnent.pokerclassic,"한게임포커 클래식 : 7포커 홀덤 섯다 훌라 슬롯"
06:30,144,game.bubble.physics.world,"3D Bubble Shoot - ASMR Game"
06:30,145,com.wemade.golfsc,"골프 슈퍼 크루 : 실시간 골프 게임"
06:30,146,com.soccer.score.star,"사커 슈퍼스타 (Soccer Superstar)"
06:30,147,block.color.game.jam.blocks.sort.puzzle.games.slide.free,"블록 컬러 매니아"
06:30,148,com.igg.android.doomsdaylastsurvivors,"둠스데이: 영웅의 여정"
06:30,149,com.infiniplay.merge.fashion.romance.story,"패션 병합（Merge Fashion）: 로맨스 스토리"
06:30,150,com.furrjam.traffic.jamgame,"FurrJam:Hop In!"
06:30,151,wool.match.color.sort.jam.puzzle,"털실 마스터"
06:30,152,com.spheresort.yhk,"로맨틱 스피어 볼 분류"
06:30,153,jp.pokemon.pokemontcgp,"포켓몬 카드 게임 Pocket"
06:30,154,com.fiveminlab.overgeared.hero.backpack.merge,"템빨용사: 픽셀 아이템 머지 RPG"
06:30,155,com.unicostudio.braintest,"브레인 테스트 (Brain Test): 까다로운 퍼즐"
06:30,156,com.gtsy.annoying.punch.game,"Annoying Uncle - 펀칭 게임"
06:30,157,pics.karaage.sokutaiho,"순찰중! 바로 체포!"
06:30,158,com.whoyaho.pendeco,"볼꾸의 달인 - 볼펜 꾸미기 ASMR 비즈 만들기"
06:30,159,com.fc.p.cp.perfect.bento.block.master,"퍼펙트 벤토: 블록 마스터"
06:30,160,hidden.object.find.seek.search.mystery.puzzle.games.free,"숨은그림찾기 게임: Seek It"
06:30,161,com.rush.xtreme.sports,"러시: 익스트림 (RUSH: Xtreme)"
06:30,162,com.pjsekai.kr,"프로젝트 세카이 컬러풀 스테이지! feat.하츠네 미쿠"
06:30,163,com.awesomepiece.isekaigate,"이세카이 게이트 ISEKAI GATE"
06:30,164,com.jsjskr.google,"토이 삼국"
06:30,165,com.merge.cooking.theme.restaurant.food,"머지 쿠킹 테마 레스토랑"
06:30,166,com.NHNEnt.MSudda,"한게임 섯다&맞고"
06:30,167,com.os.airforce,"1945 공군: 레트로 오락실 슈팅 게임"
06:30,168,com.hwqgrhhjfd.idlefastfood,"Eatventure"
06:30,169,com.play.merge.restyle,"Merge Restyle"
06:30,170,com.hp.keyboard.obby.asmr.speed.run,"Keyboard Obby: ASMR Speed Run"
06:30,171,com.danceofplantsms.android.kor,"플랜티스와 좀비깡패"
06:30,172,com.nexters.herowars,"Hero Wars: Alliance RPG 게임"
06:30,173,com.shimmergames.tenants.gp,"갓물주 키우기"
06:30,174,com.easybrain.sudoku.android,"스도쿠 - 두뇌 훈련용 퍼즐 게임"
06:30,175,com.lucky.arrow.out.path,"Lucky Arrow Out"
06:30,176,com.jmg.the.buddy.battles,"Duel Player Game"
06:30,177,piggy.escape.jam.farm.puzzle.game,"Piggy Escape: 동물주차게임"
06:30,178,com.nebula.zoodoku,"Zoodoku: 스도쿠 논리 퍼즐"
06:30,179,com.mystery.dumplings.asmr.unboxing.squishy,"Mystery Dumpling: Unbox ASMR"
06:30,180,com.tripledot.blockssmashgame,"Stack Smash - Block 3D Puzzle"
06:30,181,com.arrow.out,"Point Out: Color Escape Puzzle"
06:30,182,com.brbp.brain.crush.xmcp,"Brain Crush: Blush Puzzle"
06:30,183,com.wildcaly.chbaseball.jkt,"MLB 클러치 히트 베이스볼 26"
06:30,184,com.brain.logic.joygame,"Brain Puzzle 2: Logic Twist"
06:30,185,water.sort.color.puzzle.master,"Water Sort: Color Sorting 3D"
06:30,186,com.bhk.newslgkr,"삼국지: 천하결전"
06:30,187,com.dwgames.chunorpg,"추노 키우기"
06:30,188,com.mjwygirls.kr,"각성소녀: 욕망의 여정"
06:30,189,game.qualiarts.hololive.dreams.com,"hololive Dreams"
06:30,190,com.riotgames.mobile.leagueconnect,"라이엇 모바일"
06:30,191,com.abi.colony.flow,"Colony Flow"
06:30,192,com.riftsky.mhg.kr.gp,"더 코지 플로리스트"
06:30,193,com.netmarble.stonkey,"스톤에이지 키우기"
06:30,194,com.helpgirlmatch.geakkz2.game,"Help Girl Match"
06:30,195,com.jljx.kr4,"스피릿 각성: 방치형 RPG"
06:30,196,com.fungames.blockcraft,"블록 크래프트 3D(Block Craft): 건설 게임"
06:30,197,com.gamovation.tileclub,"타일 클럽 - 매칭 게임"
06:30,198,com.innersloth.spacemafia,"Among Us"
06:30,199,com.JindoBlu.TwoPlayerGamesChallenge,"2인용 게임: 도전"
06:30,200,sheep.animal.parking.puzzle.game.jam,"Sheep Dash: Sheep Away"
07:30,1,com.devsisters.cc,"쿠키런 키우기 - 쿠키런: 크럼블"
07:30,2,com.noriworks.gm,"고스톱M : 데이터 필요없는 맞고 게임"
07:30,3,com.mocacorp.tile,"타일 킹 - 트리플 매치"
07:30,4,com.EightStudio.BlightWar,"블라이트 워 : 방치형 RPG"
07:30,5,com.grandgames.magicsort,"매직 정렬!  (Magic Sort !)"
07:30,6,com.orienjoy.heroland.kr,"히어로 랜드M"
07:30,7,com.mocacorp.sudoku,"스도쿠"
07:30,8,com.mergegames.gossipharbor,"가십하버: 합성 & 스토리 게임"
07:30,9,com.plaium.tmm,"티니핑 매직 매치"
07:30,10,com.ratinghope.gplay,"타이탄 러쉬: 서바이벌"
07:30,11,com.highbrow.games.dvo,"드래곤빌리지3"
07:30,12,com.block.juggle,"블록 블라스트 (Block Blast)"
07:30,13,com.noriworks.kg,"국민 고스톱"
07:30,14,com.lighthouse.freeplay.kr,"라스트 라이트: 디펜스"
07:30,15,com.hkqs.jszx.google,"부족 또 전쟁 : 무한루프 RPG"
07:30,16,com.roblox.client,"로블록스 (Roblox)"
07:30,17,com.nebula.mahjongtile,"마작 블래스트 (Mahjong Blast)"
07:30,18,com.Chodun.CatGunner,"총잡이 고양이 : 방치형 키우기 RPG"
07:30,19,com.netease.dunkcdjp,"NBA 덩크 시티"
07:30,20,com.percent.aos.randomdice2,"랜덤 다이스 2"
07:30,21,com.xman.kr.gp,"X 클래시"
07:30,22,com.run.tower.defense,"킹샷:Kingshot"
07:30,23,com.nianticlabs.pokemongo,"Pokémon GO"
07:30,24,com.ecffri.arrows,"Arrows - 퍼즐 이스케이프"
07:30,25,com.mobirix.ldwm,"수박 만들기 2048"
07:30,26,com.dreamgames.royalmatch,"로얄 매치 Royal Match"
07:30,27,com.cyphergames.royalsmash,"Royal Smash! - Physics Puzzle"
07:30,28,com.rxjhglkr.gp,"열혈강호: 넥스트"
07:30,29,tokyo.chickenskin.imikowa,"의미심장 스토리"
07:30,30,com.puzzlegames.puzzlebrickslegend,"컬러블록: 콤보 블라스트(Color Block)"
07:30,31,com.wanda.jojo.gp.global,"죠죠의 기묘한 모험: 골든 스피릿"
07:30,32,com.leap.searchit,"Search It – 숨은그림찾기"
07:30,33,com.hollywood.merge,"할리우드 머지"
07:30,34,com.tg.jsxw.kr,"데블2M"
07:30,35,com.warrior.screw.gp,"나사 풀기 대작전"
07:30,36,color.number.paint.pixle.art.sort.jigsaw,"Jewel Coloring"
07:30,37,com.zyyad.mihuan,"조운과 아두"
07:30,38,com.oakever.arrows,"Amaze GO! - 화살표 퍼즐"
07:30,39,com.wood.block.sudoku.puzzle.bm,"Block Crush: 블록블라스트 퍼즐"
07:30,40,com.pocket.sort.coin.puzzle.game,"포켓 정렬 (Pocket Sort): 동전 병합 퍼즐"
07:30,41,com.merge.game.foodstars,"푸드스타: 합쳐서 요리하기"
07:30,42,jp.co.goodroid.hyper.busflow,"Bus Traffic Fever!"
07:30,43,com.readygo.barrel.gp,"라스트 Z: 서바이벌 슈터"
07:30,44,com.oakever.meowdoku,"Meowdoku: 두뇌 퍼즐 게임"
07:30,45,com.brain.crazy.joygame,"Brain Puzzle 3: Crazy Mind"
07:30,46,com.fatmerge.global,"테이스티 트레블: 합성 게임"
07:30,47,com.gamedots.seasideescape,"씨사이드 익스케이프: 합성 & 스토리 게임"
07:30,48,com.dreamgames.royalkingdom,"로얄 킹덤 (Royal Kingdom)"
07:30,49,com.vitastudio.mahjong,"비타 마작(Vita Mahjong)"
07:30,50,com.phs.global,"라스트 어사일럼: 페스트"
07:30,51,com.pocketchamps.game,"포켓 챔프: 3D 레이싱 게임"
07:30,52,jp.pokemon.pokemonchampions,"Pokémon Champions"
07:30,53,com.gof.global,"WOS: 화이트아웃 서바이벌"
07:30,54,word.games.puzzle.offline.games,"낱말퀴즈-단어&단어게임&두뇌 훈련&현실적인 게임"
07:30,55,com.Chillgaming.oneState,"OneState RP: 온라인 롤플레잉"
07:30,56,com.pockethaven.roguelegend,"로그 레전드: 로그라이크 RPG"
07:30,57,beats.color.sing.star.rush,"피아노타일9: 리듬게임 음악·노래·음악·케이팝"
07:30,58,com.mz.fzcqkr,"전사들과 모험"
07:30,59,com.kayac.slow_mo_strike,"Slow Mo Strike: Knives in Time"
07:30,60,com.jewel.sort.coloring.loop.match.paint.jigsaw,"Jewel Loop - Coloring Sort"
07:30,61,com.nexon.ma,"메이플 키우기"
07:30,62,com.OVJECT.CrocoR,"크로코? 크로코 룰렛"
07:30,63,com.ringgames.msm,"METAL SLUG RUSH"
07:30,64,com.fowgames.kingdom2,"킹덤2: 타오르는 전장"
07:30,65,com.unept.leveldevil,"Level Devil - NOT A Troll Game"
07:30,66,com.teaegg.puzzle.master,"미스터 에그 대탐험"
07:30,67,com.familygo.simgame,"Family Go! - 대를 잇는 인생 시뮬레이션"
07:30,68,com.s01.global,"로드러쉬"
07:30,69,com.sorting.games.match3d.goods.triple.puzzle,"상품 매칭 정리 게임: Goods Matching 3D"
07:30,70,jigsolitaire.jigsort.jigsaw.solitaire.puzzle,"Jigsort™ 퍼즐: 혼자 즐기는 재미"
07:30,71,com.chirpysort.game.android,"Chirpy Sort: Bird Color Puzzle"
07:30,72,com.cedargames.mysterytown,"미스터리 타운: 합성 게임 (Mystery Town)"
07:30,73,io.supercent.weaponrpg,"XP Hero (XP 히어로)"
07:30,74,com.Gaggle.fun.GooseGooseDuck,"Goose Goose Duck"
07:30,75,com.youmusic.magictiles,"매직 타일 3: 피아노 게임 케이팝 노래"
07:30,76,com.ekkorr.ef2,"오늘도 환생 2 : 방치형 디펜스 RPG"
07:30,77,com.nexon.he,"히간: 이루실"
07:30,78,io.voodoo.holeio,"Hole.io"
07:30,79,com.epicoro.castleclashers,"Castle Busters"
07:30,80,com.superbox.aos.suikagame,"멜론 메이커 : 과일 파티"
07:30,81,io.voodoo.paper2,"Paper.io 2"
07:30,82,com.hp.hide.hunt.paint,"Paint & Hide: Color Guys"
07:30,83,com.bravestars.savethedog.drawgame,"Save The Pets"
07:30,84,com.playrix.township,"꿈의 마을 (Township)"
07:30,85,com.king.candycrushsaga,"캔디크러쉬사가 (Candy Crush Saga)"
07:30,86,jp.co.ponos.battlecatskr,"냥코 대전쟁"
07:30,87,com.sled.surfers.game,"Sled Surfers  - 슬로프 어드벤처"
07:30,88,net.peakgames.match,"매치 팩토리(Match Factory)!"
07:30,89,io.supercent.linkedcubic,"스네이크 클래시 (Snake Clash)"
07:30,90,com.ig.screwdom,"Screwdom 3D"
07:30,91,com.nexon.fmk,"FC 모바일"
07:30,92,com.whoyaho.tanghulu,"탕후루의 달인 - 두쫀쿠, 급식, 배달 먹방 ASMR"
07:30,93,com.fzsg.kr.and,"심연 삼국 -2222 무료 뽑기"
07:30,94,com.supercell.brawlstars,"브롤스타즈"
07:30,95,com.nflystudio.InfiniteStaircase,"무한의 계단"
07:30,96,com.mergecoin.cotune.tuneco,"Coin Merge Fortune"
07:30,97,easy.sudoku.puzzle.solver.free,"스도쿠 - 클래식 스도쿠 퍼즐"
07:30,98,com.easybrain.brainy.joygame,"Puzzle Time: Brainy Challenge"
07:30,99,com.robtopx.geometryjumplite,"Geometry Dash Lite"
07:30,100,com.gravity.romkrzeny.aos,"라그나로크M: Classic"
07:30,101,com.funplus.ts.global,"타일 서바이벌"
07:30,102,sorting.games.goods.sort.triple.match3d.puzzle.stuff,"상품 분류 게임: 3D 퍼즐"
07:30,103,relaxing.games.sort.jam.free,"Sort Jam"
07:30,104,com.nexus.frostkingdom,"프로스트킹덤: 머지 생존전략 SLG"
07:30,105,jigsaw.solitaire.match.games.free,"지그소 드롭: 솔리테어 퍼즐"
07:30,106,com.percent.aos.luckydefense,"운빨존많겜"
07:30,107,com.gamespark.topking.gp,"탑 로드"
07:30,108,com.tripledot.blockbash,"Woodoku Blast"
07:30,109,com.fluffydrop.op.gp,"Fluffy Drop"
07:30,110,com.combo.yarnflow,"Yarn Loop"
07:30,111,com.fatr.global,"호텔 레거시: 합성&리모델링"
07:30,112,com.redhedgies.colorsweeper,"컬러스위퍼"
07:30,113,com.dream.tiles.puzzlelink,"Dream Tiles: Puzzle Link​"
07:30,114,com.find.spot.photo.hunt.differences.free.hidden,"틀린그림찾기: 즐거운 스포트잇 퍼즐"
07:30,115,find.difference.spot.differences.hidden.puzzle.games.free,"차이점 - 찾기 & 발견하기"
07:30,116,com.metagame.annoying.trick.brainypuzzle,"Brainy Escape Quest"
07:30,117,com.nebula.tiles,"탭 타일 (Tap Tile)"
07:30,118,com.hungrystudio.mahjong,"Double Tile!"
07:30,119,com.cola.game,"핫레스토랑: 머지&쿠킹"
07:30,120,com.percent.aos.cooptd,"협타디: 협동 타워 디펜스"
07:30,121,com.hitappsgames.wordsolitaire,"단어 솔리테어: 카드 퍼즐게임"
07:30,122,com.mojang.minecrafttrialpe,"Minecraft 체험판"
07:30,123,com.yoyogames.love.makeover.dressup.dating.crush.game,"Love Makeover: 패션 스타일링"
07:30,124,arrow.cube.escape3d,"Arrow Pro 3D"
07:30,125,com.rummikubfree,"Rummikub"
07:30,126,com.bunbunstudio.magicblocktiles,"음악 피아노 7:  음악게임 & 피아노게임"
07:30,127,com.hypgames.sniperbattle,"Sniper Battle: 3D 전장 슈팅"
07:30,128,com.pubg.krmobile,"배틀그라운드"
07:30,129,com.redveilone.vardian,"바르디안 : 피의 맹세"
07:30,130,com.greenmushroom.boomblitz.gp,"탑 히어로즈"
07:30,131,com.whalejoy.horrorstory.gp,"헌티드 머지: 괴담"
07:30,132,com.fty.tonari,"옆자리는 누구? : 꿀잼 논리 퍼즐 퀴즈게임"
07:30,133,com.luwasowica.lwssort,"럭키 워터 소트: 현금 획득"
07:30,134,com.vincentb.MobControl,"Mob Control"
07:30,135,com.tap.away.arrows.logic.puzzle.brain.game,"Arrows World"
07:30,136,com.oakever.tiletrip,"Tile Explorer - 트리플 매치"
07:30,137,jp.co.goodroid.hyper.puzzle.arrows3dcubepuzzle,"CubeAway - 3DPuzzle"
07:30,138,com.NHNEnt.NDuelgo,"한게임 신맞고 : 대한민국 원조 고스톱"
07:30,139,net.gameduo.gv,"캣 히어로 : 방치형 RPG"
07:30,140,com.nhnent.pokerclassic,"한게임포커 클래식 : 7포커 홀덤 섯다 훌라 슬롯"
07:30,141,game.bubble.physics.world,"3D Bubble Shoot - ASMR Game"
07:30,142,com.wemade.golfsc,"골프 슈퍼 크루 : 실시간 골프 게임"
07:30,143,com.soccer.score.star,"사커 슈퍼스타 (Soccer Superstar)"
07:30,144,block.color.game.jam.blocks.sort.puzzle.games.slide.free,"블록 컬러 매니아"
07:30,145,com.igg.android.doomsdaylastsurvivors,"둠스데이: 영웅의 여정"
07:30,146,com.infiniplay.merge.fashion.romance.story,"패션 병합（Merge Fashion）: 로맨스 스토리"
07:30,147,com.furrjam.traffic.jamgame,"FurrJam:Hop In!"
07:30,148,wool.match.color.sort.jam.puzzle,"털실 마스터"
07:30,149,com.spheresort.yhk,"로맨틱 스피어 볼 분류"
07:30,150,jp.pokemon.pokemontcgp,"포켓몬 카드 게임 Pocket"
07:30,151,com.fiveminlab.overgeared.hero.backpack.merge,"템빨용사: 픽셀 아이템 머지 RPG"
07:30,152,com.unicostudio.braintest,"브레인 테스트 (Brain Test): 까다로운 퍼즐"
07:30,153,com.gtsy.annoying.punch.game,"Annoying Uncle - 펀칭 게임"
07:30,154,pics.karaage.sokutaiho,"순찰중! 바로 체포!"
07:30,155,com.whoyaho.pendeco,"볼꾸의 달인 - 볼펜 꾸미기 ASMR 비즈 만들기"
07:30,156,com.fc.p.cp.perfect.bento.block.master,"퍼펙트 벤토: 블록 마스터"
07:30,157,hidden.object.find.seek.search.mystery.puzzle.games.free,"숨은그림찾기 게임: Seek It"
07:30,158,com.rush.xtreme.sports,"러시: 익스트림 (RUSH: Xtreme)"
07:30,159,com.pjsekai.kr,"프로젝트 세카이 컬러풀 스테이지! feat.하츠네 미쿠"
07:30,160,com.awesomepiece.isekaigate,"이세카이 게이트 ISEKAI GATE"
07:30,161,com.jsjskr.google,"토이 삼국"
07:30,162,com.merge.cooking.theme.restaurant.food,"머지 쿠킹 테마 레스토랑"
07:30,163,com.NHNEnt.MSudda,"한게임 섯다&맞고"
07:30,164,com.os.airforce,"1945 공군: 레트로 오락실 슈팅 게임"
07:30,165,com.hwqgrhhjfd.idlefastfood,"Eatventure"
07:30,166,com.play.merge.restyle,"Merge Restyle"
07:30,167,com.hp.keyboard.obby.asmr.speed.run,"Keyboard Obby: ASMR Speed Run"
07:30,168,com.danceofplantsms.android.kor,"플랜티스와 좀비깡패"
07:30,169,com.nexters.herowars,"Hero Wars: Alliance RPG 게임"
07:30,170,com.shimmergames.tenants.gp,"갓물주 키우기"
07:30,171,com.easybrain.sudoku.android,"스도쿠 - 두뇌 훈련용 퍼즐 게임"
07:30,172,com.lucky.arrow.out.path,"Lucky Arrow Out"
07:30,173,com.jmg.the.buddy.battles,"Duel Player Game"
07:30,174,piggy.escape.jam.farm.puzzle.game,"Piggy Escape: 동물주차게임"
07:30,175,com.nebula.zoodoku,"Zoodoku: 스도쿠 논리 퍼즐"
07:30,176,com.mystery.dumplings.asmr.unboxing.squishy,"Mystery Dumpling: Unbox ASMR"
07:30,177,com.tripledot.blockssmashgame,"Stack Smash - Block 3D Puzzle"
07:30,178,com.arrow.out,"Point Out: Color Escape Puzzle"
07:30,179,com.brbp.brain.crush.xmcp,"Brain Crush: Blush Puzzle"
07:30,180,com.wildcaly.chbaseball.jkt,"MLB 클러치 히트 베이스볼 26"
07:30,181,com.brain.logic.joygame,"Brain Puzzle 2: Logic Twist"
07:30,182,water.sort.color.puzzle.master,"Water Sort: Color Sorting 3D"
07:30,183,com.bhk.newslgkr,"삼국지: 천하결전"
07:30,184,com.dwgames.chunorpg,"추노 키우기"
07:30,185,com.mjwygirls.kr,"각성소녀: 욕망의 여정"
07:30,186,com.QuestLab.DraftWar,"Draft Showdown"
07:30,187,game.qualiarts.hololive.dreams.com,"hololive Dreams"
07:30,188,com.riotgames.mobile.leagueconnect,"라이엇 모바일"
07:30,189,com.abi.colony.flow,"Colony Flow"
07:30,190,com.riftsky.mhg.kr.gp,"더 코지 플로리스트"
07:30,191,app.gajami.keycap,"딸깍 - 키캡게임"
07:30,192,com.netmarble.stonkey,"스톤에이지 키우기"
07:30,193,com.helpgirlmatch.geakkz2.game,"Help Girl Match"
07:30,194,com.jljx.kr4,"스피릿 각성: 방치형 RPG"
07:30,195,com.fungames.blockcraft,"블록 크래프트 3D(Block Craft): 건설 게임"
07:30,196,com.gamovation.tileclub,"타일 클럽 - 매칭 게임"
07:30,197,com.innersloth.spacemafia,"Among Us"
07:30,198,com.JindoBlu.OfflineGames,"데이터 필요없는 게임 - 와이파이 필요없는 게임"
07:30,199,com.JindoBlu.TwoPlayerGamesChallenge,"2인용 게임: 도전"
07:30,200,sheep.animal.parking.puzzle.game.jam,"Sheep Dash: Sheep Away"
08:30,1,com.devsisters.cc,"쿠키런 키우기 - 쿠키런: 크럼블"
08:30,2,com.noriworks.gm,"고스톱M : 데이터 필요없는 맞고 게임"
08:30,3,com.mocacorp.tile,"타일 킹 - 트리플 매치"
08:30,4,com.EightStudio.BlightWar,"블라이트 워 : 방치형 RPG"
08:30,5,com.grandgames.magicsort,"매직 정렬!  (Magic Sort !)"
08:30,6,com.orienjoy.heroland.kr,"히어로 랜드M"
08:30,7,com.mocacorp.sudoku,"스도쿠"
08:30,8,com.mergegames.gossipharbor,"가십하버: 합성 & 스토리 게임"
08:30,9,com.plaium.tmm,"티니핑 매직 매치"
08:30,10,com.ratinghope.gplay,"타이탄 러쉬: 서바이벌"
08:30,11,com.highbrow.games.dvo,"드래곤빌리지3"
08:30,12,com.block.juggle,"블록 블라스트 (Block Blast)"
08:30,13,com.noriworks.kg,"국민 고스톱"
08:30,14,com.lighthouse.freeplay.kr,"라스트 라이트: 디펜스"
08:30,15,com.hkqs.jszx.google,"부족 또 전쟁 : 무한루프 RPG"
08:30,16,com.roblox.client,"로블록스 (Roblox)"
08:30,17,com.nebula.mahjongtile,"마작 블래스트 (Mahjong Blast)"
08:30,18,com.Chodun.CatGunner,"총잡이 고양이 : 방치형 키우기 RPG"
08:30,19,com.netease.dunkcdjp,"NBA 덩크 시티"
08:30,20,com.percent.aos.randomdice2,"랜덤 다이스 2"
08:30,21,com.xman.kr.gp,"X 클래시"
08:30,22,com.run.tower.defense,"킹샷:Kingshot"
08:30,23,com.nianticlabs.pokemongo,"Pokémon GO"
08:30,24,com.ecffri.arrows,"Arrows - 퍼즐 이스케이프"
08:30,25,com.mobirix.ldwm,"수박 만들기 2048"
08:30,26,com.dreamgames.royalmatch,"로얄 매치 Royal Match"
08:30,27,com.cyphergames.royalsmash,"Royal Smash! - Physics Puzzle"
08:30,28,com.rxjhglkr.gp,"열혈강호: 넥스트"
08:30,29,tokyo.chickenskin.imikowa,"의미심장 스토리"
08:30,30,com.puzzlegames.puzzlebrickslegend,"컬러블록: 콤보 블라스트(Color Block)"
08:30,31,com.wanda.jojo.gp.global,"죠죠의 기묘한 모험: 골든 스피릿"
08:30,32,com.leap.searchit,"Search It – 숨은그림찾기"
08:30,33,com.hollywood.merge,"할리우드 머지"
08:30,34,com.tg.jsxw.kr,"데블2M"
08:30,35,com.warrior.screw.gp,"나사 풀기 대작전"
08:30,36,color.number.paint.pixle.art.sort.jigsaw,"Jewel Coloring"
08:30,37,com.zyyad.mihuan,"조운과 아두"
08:30,38,com.oakever.arrows,"Amaze GO! - 화살표 퍼즐"
08:30,39,com.wood.block.sudoku.puzzle.bm,"Block Crush: 블록블라스트 퍼즐"
08:30,40,com.pocket.sort.coin.puzzle.game,"포켓 정렬 (Pocket Sort): 동전 병합 퍼즐"
08:30,41,com.merge.game.foodstars,"푸드스타: 합쳐서 요리하기"
08:30,42,jp.co.goodroid.hyper.busflow,"Bus Traffic Fever!"
08:30,43,com.readygo.barrel.gp,"라스트 Z: 서바이벌 슈터"
08:30,44,com.oakever.meowdoku,"Meowdoku: 두뇌 퍼즐 게임"
08:30,45,com.brain.crazy.joygame,"Brain Puzzle 3: Crazy Mind"
08:30,46,com.fatmerge.global,"테이스티 트레블: 합성 게임"
08:30,47,com.gamedots.seasideescape,"씨사이드 익스케이프: 합성 & 스토리 게임"
08:30,48,com.dreamgames.royalkingdom,"로얄 킹덤 (Royal Kingdom)"
08:30,49,com.vitastudio.mahjong,"비타 마작(Vita Mahjong)"
08:30,50,com.phs.global,"라스트 어사일럼: 페스트"
08:30,51,com.pocketchamps.game,"포켓 챔프: 3D 레이싱 게임"
08:30,52,jp.pokemon.pokemonchampions,"Pokémon Champions"
08:30,53,com.gof.global,"WOS: 화이트아웃 서바이벌"
08:30,54,word.games.puzzle.offline.games,"낱말퀴즈-단어&단어게임&두뇌 훈련&현실적인 게임"
08:30,55,com.Chillgaming.oneState,"OneState RP: 온라인 롤플레잉"
08:30,56,com.pockethaven.roguelegend,"로그 레전드: 로그라이크 RPG"
08:30,57,beats.color.sing.star.rush,"피아노타일9: 리듬게임 음악·노래·음악·케이팝"
08:30,58,com.mz.fzcqkr,"전사들과 모험"
08:30,59,com.kayac.slow_mo_strike,"Slow Mo Strike: Knives in Time"
08:30,60,com.jewel.sort.coloring.loop.match.paint.jigsaw,"Jewel Loop - Coloring Sort"
08:30,61,com.nexon.ma,"메이플 키우기"
08:30,62,com.OVJECT.CrocoR,"크로코? 크로코 룰렛"
08:30,63,com.ringgames.msm,"METAL SLUG RUSH"
08:30,64,com.fowgames.kingdom2,"킹덤2: 타오르는 전장"
08:30,65,com.unept.leveldevil,"Level Devil - NOT A Troll Game"
08:30,66,com.teaegg.puzzle.master,"미스터 에그 대탐험"
08:30,67,com.familygo.simgame,"Family Go! - 대를 잇는 인생 시뮬레이션"
08:30,68,com.s01.global,"로드러쉬"
08:30,69,com.sorting.games.match3d.goods.triple.puzzle,"상품 매칭 정리 게임: Goods Matching 3D"
08:30,70,jigsolitaire.jigsort.jigsaw.solitaire.puzzle,"Jigsort™ 퍼즐: 혼자 즐기는 재미"
08:30,71,com.chirpysort.game.android,"Chirpy Sort: Bird Color Puzzle"
08:30,72,com.cedargames.mysterytown,"미스터리 타운: 합성 게임 (Mystery Town)"
08:30,73,io.supercent.weaponrpg,"XP Hero (XP 히어로)"
08:30,74,com.youmusic.magictiles,"매직 타일 3: 피아노 게임 케이팝 노래"
08:30,75,com.ekkorr.ef2,"오늘도 환생 2 : 방치형 디펜스 RPG"
08:30,76,com.nexon.he,"히간: 이루실"
08:30,77,io.voodoo.holeio,"Hole.io"
08:30,78,com.epicoro.castleclashers,"Castle Busters"
08:30,79,com.superbox.aos.suikagame,"멜론 메이커 : 과일 파티"
08:30,80,io.voodoo.paper2,"Paper.io 2"
08:30,81,com.hp.hide.hunt.paint,"Paint & Hide: Color Guys"
08:30,82,com.bravestars.savethedog.drawgame,"Save The Pets"
08:30,83,com.playrix.township,"꿈의 마을 (Township)"
08:30,84,com.king.candycrushsaga,"캔디크러쉬사가 (Candy Crush Saga)"
08:30,85,jp.co.ponos.battlecatskr,"냥코 대전쟁"
08:30,86,com.sled.surfers.game,"Sled Surfers  - 슬로프 어드벤처"
08:30,87,net.peakgames.match,"매치 팩토리(Match Factory)!"
08:30,88,io.supercent.linkedcubic,"스네이크 클래시 (Snake Clash)"
08:30,89,com.ig.screwdom,"Screwdom 3D"
08:30,90,com.nexon.fmk,"FC 모바일"
08:30,91,com.whoyaho.tanghulu,"탕후루의 달인 - 두쫀쿠, 급식, 배달 먹방 ASMR"
08:30,92,com.fzsg.kr.and,"심연 삼국 -2222 무료 뽑기"
08:30,93,com.supercell.brawlstars,"브롤스타즈"
08:30,94,com.nflystudio.InfiniteStaircase,"무한의 계단"
08:30,95,com.mergecoin.cotune.tuneco,"Coin Merge Fortune"
08:30,96,easy.sudoku.puzzle.solver.free,"스도쿠 - 클래식 스도쿠 퍼즐"
08:30,97,com.easybrain.brainy.joygame,"Puzzle Time: Brainy Challenge"
08:30,98,com.robtopx.geometryjumplite,"Geometry Dash Lite"
08:30,99,com.gravity.romkrzeny.aos,"라그나로크M: Classic"
08:30,100,com.funplus.ts.global,"타일 서바이벌"
08:30,101,sorting.games.goods.sort.triple.match3d.puzzle.stuff,"상품 분류 게임: 3D 퍼즐"
08:30,102,relaxing.games.sort.jam.free,"Sort Jam"
08:30,103,com.nexus.frostkingdom,"프로스트킹덤: 머지 생존전략 SLG"
08:30,104,jigsaw.solitaire.match.games.free,"지그소 드롭: 솔리테어 퍼즐"
08:30,105,com.percent.aos.luckydefense,"운빨존많겜"
08:30,106,com.gamespark.topking.gp,"탑 로드"
08:30,107,com.tripledot.blockbash,"Woodoku Blast"
08:30,108,com.fluffydrop.op.gp,"Fluffy Drop"
08:30,109,com.combo.yarnflow,"Yarn Loop"
08:30,110,com.fatr.global,"호텔 레거시: 합성&리모델링"
08:30,111,com.redhedgies.colorsweeper,"컬러스위퍼"
08:30,112,com.dream.tiles.puzzlelink,"Dream Tiles: Puzzle Link​"
08:30,113,com.find.spot.photo.hunt.differences.free.hidden,"틀린그림찾기: 즐거운 스포트잇 퍼즐"
08:30,114,find.difference.spot.differences.hidden.puzzle.games.free,"차이점 - 찾기 & 발견하기"
08:30,115,com.metagame.annoying.trick.brainypuzzle,"Brainy Escape Quest"
08:30,116,com.nebula.tiles,"탭 타일 (Tap Tile)"
08:30,117,com.hungrystudio.mahjong,"Double Tile!"
08:30,118,com.cola.game,"핫레스토랑: 머지&쿠킹"
08:30,119,com.percent.aos.cooptd,"협타디: 협동 타워 디펜스"
08:30,120,com.hitappsgames.wordsolitaire,"단어 솔리테어: 카드 퍼즐게임"
08:30,121,com.yoyogames.love.makeover.dressup.dating.crush.game,"Love Makeover: 패션 스타일링"
08:30,122,arrow.cube.escape3d,"Arrow Pro 3D"
08:30,123,com.rummikubfree,"Rummikub"
08:30,124,com.bunbunstudio.magicblocktiles,"음악 피아노 7:  음악게임 & 피아노게임"
08:30,125,com.Gaggle.fun.GooseGooseDuck,"Goose Goose Duck"
08:30,126,com.hypgames.sniperbattle,"Sniper Battle: 3D 전장 슈팅"
08:30,127,com.pubg.krmobile,"배틀그라운드"
08:30,128,com.redveilone.vardian,"바르디안 : 피의 맹세"
08:30,129,com.greenmushroom.boomblitz.gp,"탑 히어로즈"
08:30,130,com.whalejoy.horrorstory.gp,"헌티드 머지: 괴담"
08:30,131,com.fty.tonari,"옆자리는 누구? : 꿀잼 논리 퍼즐 퀴즈게임"
08:30,132,com.luwasowica.lwssort,"럭키 워터 소트: 현금 획득"
08:30,133,com.vincentb.MobControl,"Mob Control"
08:30,134,com.tap.away.arrows.logic.puzzle.brain.game,"Arrows World"
08:30,135,com.oakever.tiletrip,"Tile Explorer - 트리플 매치"
08:30,136,jp.co.goodroid.hyper.puzzle.arrows3dcubepuzzle,"CubeAway - 3DPuzzle"
08:30,137,com.NHNEnt.NDuelgo,"한게임 신맞고 : 대한민국 원조 고스톱"
08:30,138,net.gameduo.gv,"캣 히어로 : 방치형 RPG"
08:30,139,com.nhnent.pokerclassic,"한게임포커 클래식 : 7포커 홀덤 섯다 훌라 슬롯"
08:30,140,game.bubble.physics.world,"3D Bubble Shoot - ASMR Game"
08:30,141,com.wemade.golfsc,"골프 슈퍼 크루 : 실시간 골프 게임"
08:30,142,com.soccer.score.star,"사커 슈퍼스타 (Soccer Superstar)"
08:30,143,block.color.game.jam.blocks.sort.puzzle.games.slide.free,"블록 컬러 매니아"
08:30,144,com.igg.android.doomsdaylastsurvivors,"둠스데이: 영웅의 여정"
08:30,145,com.infiniplay.merge.fashion.romance.story,"패션 병합（Merge Fashion）: 로맨스 스토리"
08:30,146,com.furrjam.traffic.jamgame,"FurrJam:Hop In!"
08:30,147,wool.match.color.sort.jam.puzzle,"털실 마스터"
08:30,148,com.spheresort.yhk,"로맨틱 스피어 볼 분류"
08:30,149,jp.pokemon.pokemontcgp,"포켓몬 카드 게임 Pocket"
08:30,150,com.fiveminlab.overgeared.hero.backpack.merge,"템빨용사: 픽셀 아이템 머지 RPG"
08:30,151,com.unicostudio.braintest,"브레인 테스트 (Brain Test): 까다로운 퍼즐"
08:30,152,com.gtsy.annoying.punch.game,"Annoying Uncle - 펀칭 게임"
08:30,153,pics.karaage.sokutaiho,"순찰중! 바로 체포!"
08:30,154,com.whoyaho.pendeco,"볼꾸의 달인 - 볼펜 꾸미기 ASMR 비즈 만들기"
08:30,155,com.fc.p.cp.perfect.bento.block.master,"퍼펙트 벤토: 블록 마스터"
08:30,156,hidden.object.find.seek.search.mystery.puzzle.games.free,"숨은그림찾기 게임: Seek It"
08:30,157,com.rush.xtreme.sports,"러시: 익스트림 (RUSH: Xtreme)"
08:30,158,com.pjsekai.kr,"프로젝트 세카이 컬러풀 스테이지! feat.하츠네 미쿠"
08:30,159,com.awesomepiece.isekaigate,"이세카이 게이트 ISEKAI GATE"
08:30,160,com.jsjskr.google,"토이 삼국"
08:30,161,com.merge.cooking.theme.restaurant.food,"머지 쿠킹 테마 레스토랑"
08:30,162,com.NHNEnt.MSudda,"한게임 섯다&맞고"
08:30,163,com.os.airforce,"1945 공군: 레트로 오락실 슈팅 게임"
08:30,164,com.hwqgrhhjfd.idlefastfood,"Eatventure"
08:30,165,com.play.merge.restyle,"Merge Restyle"
08:30,166,com.hp.keyboard.obby.asmr.speed.run,"Keyboard Obby: ASMR Speed Run"
08:30,167,com.danceofplantsms.android.kor,"플랜티스와 좀비깡패"
08:30,168,com.nexters.herowars,"Hero Wars: Alliance RPG 게임"
08:30,169,com.shimmergames.tenants.gp,"갓물주 키우기"
08:30,170,com.easybrain.sudoku.android,"스도쿠 - 두뇌 훈련용 퍼즐 게임"
08:30,171,com.lucky.arrow.out.path,"Lucky Arrow Out"
08:30,172,com.jmg.the.buddy.battles,"Duel Player Game"
08:30,173,piggy.escape.jam.farm.puzzle.game,"Piggy Escape: 동물주차게임"
08:30,174,com.nebula.zoodoku,"Zoodoku: 스도쿠 논리 퍼즐"
08:30,175,com.mystery.dumplings.asmr.unboxing.squishy,"Mystery Dumpling: Unbox ASMR"
08:30,176,com.tripledot.blockssmashgame,"Stack Smash - Block 3D Puzzle"
08:30,177,com.arrow.out,"Point Out: Color Escape Puzzle"
08:30,178,com.brbp.brain.crush.xmcp,"Brain Crush: Blush Puzzle"
08:30,179,com.wildcaly.chbaseball.jkt,"MLB 클러치 히트 베이스볼 26"
08:30,180,com.brain.logic.joygame,"Brain Puzzle 2: Logic Twist"
08:30,181,water.sort.color.puzzle.master,"Water Sort: Color Sorting 3D"
08:30,182,com.bhk.newslgkr,"삼국지: 천하결전"
08:30,183,com.dwgames.chunorpg,"추노 키우기"
08:30,184,com.mjwygirls.kr,"각성소녀: 욕망의 여정"
08:30,185,com.QuestLab.DraftWar,"Draft Showdown"
08:30,186,game.qualiarts.hololive.dreams.com,"hololive Dreams"
08:30,187,com.riotgames.mobile.leagueconnect,"라이엇 모바일"
08:30,188,com.abi.colony.flow,"Colony Flow"
08:30,189,com.riftsky.mhg.kr.gp,"더 코지 플로리스트"
08:30,190,app.gajami.keycap,"딸깍 - 키캡게임"
08:30,191,com.netmarble.stonkey,"스톤에이지 키우기"
08:30,192,com.helpgirlmatch.geakkz2.game,"Help Girl Match"
08:30,193,com.jljx.kr4,"스피릿 각성: 방치형 RPG"
08:30,194,com.fungames.blockcraft,"블록 크래프트 3D(Block Craft): 건설 게임"
08:30,195,com.gamovation.tileclub,"타일 클럽 - 매칭 게임"
08:30,196,com.innersloth.spacemafia,"Among Us"
08:30,197,com.JindoBlu.OfflineGames,"데이터 필요없는 게임 - 와이파이 필요없는 게임"
08:30,198,com.JindoBlu.TwoPlayerGamesChallenge,"2인용 게임: 도전"
08:30,199,sheep.animal.parking.puzzle.game.jam,"Sheep Dash: Sheep Away"
08:30,200,com.mahjong.master.solitaire.match.puzzle,"마작 마스터: 데일리 매치"
