time,rank,id,title
00:30,1,com.netmarble.sol,"SOL: enchant"
00:30,2,com.gof.global,"WOS: 화이트아웃 서바이벌"
00:30,3,com.nexon.ma,"메이플 키우기"
00:30,4,com.run.tower.defense,"킹샷:Kingshot"
00:30,5,com.kurogame.wutheringwaves.global,"명조:워더링 웨이브"
00:30,6,com.mergegames.gossipharbor,"가십하버: 합성 & 스토리 게임"
00:30,7,com.proximabeta.nikke,"승리의 여신: 니케"
00:30,8,com.dreamgames.royalmatch,"로얄 매치 Royal Match"
00:30,9,com.roblox.client,"로블록스 (Roblox)"
00:30,10,com.rxjhglkr.gp,"열혈강호: 넥스트"
00:30,11,com.ncsoft.lineagem19,"리니지M"
00:30,12,com.fun.lastwar.gp,"라스트 워: 서바이벌"
00:30,13,com.kakaogames.odin,"오딘: 발할라 라이징"
00:30,14,com.hottagames.nte,"이환"
00:30,15,com.devsisters.cc,"쿠키런 키우기 - 쿠키런: 크럼블"
00:30,16,com.HoYoverse.Nap,"젠레스 존 제로 - 주년 기념"
00:30,17,com.percent.aos.cooptd,"협타디: 협동 타워 디펜스"
00:30,18,com.readygo.barrel.gp,"라스트 Z: 서바이벌 슈터"
00:30,19,com.percent.aos.luckydefense,"운빨존많겜"
00:30,20,com.netmarble.thered,"뱀피르"
00:30,21,com.bhk.newslgkr,"삼국지: 천하결전"
00:30,22,com.fatmerge.global,"테이스티 트레블: 합성 게임"
00:30,23,com.nhnent.Qpoker,"한게임 포커"
00:30,24,com.gamedots.seasideescape,"씨사이드 익스케이프: 합성 & 스토리 게임"
00:30,25,com.playrix.gardenscapes,"꿈의 정원 (Gardenscapes)"
00:30,26,com.nhnent.pokerclassic,"한게임포커 클래식 : 7포커 홀덤 섯다 훌라 슬롯"
00:30,27,com.com2us.futurecpb.android.google.global.normal,"컴투스프로야구V26"
00:30,28,com.nexon.devcat.mm,"마비노기 모바일"
00:30,29,com.dreamgames.royalkingdom,"로얄 킹덤 (Royal Kingdom)"
00:30,30,com.phs.global,"라스트 어사일럼: 페스트"
00:30,31,com.nexon.fmk,"FC 모바일"
00:30,32,com.ncsoft.lineagew,"리니지W"
00:30,33,com.smilegate.chaoszero.stove.google,"카오스 제로 나이트메어"
00:30,34,com.nianticlabs.pokemongo,"Pokémon GO"
00:30,35,com.kingsgroup.sos,"S.O.S: 스테이트 오브 서바이벌"
00:30,36,com.king.candycrushsaga,"캔디크러쉬사가 (Candy Crush Saga)"
00:30,37,com.hollywood.merge,"할리우드 머지"
00:30,38,com.nexon.nsc.maplem,"메이플스토리M"
00:30,39,com.playrix.township,"꿈의 마을 (Township)"
00:30,40,com.miHoYo.GenshinImpact,"원신-스네즈나야 오픈"
00:30,41,com.cola.game,"핫레스토랑: 머지&쿠킹"
00:30,42,com.nexon.fo4m,"EA SPORTS FC Online M"
00:30,43,com.cedargames.mysterytown,"미스터리 타운: 합성 게임 (Mystery Town)"
00:30,44,com.netmarble.tskgb,"세븐나이츠 리버스"
00:30,45,com.readygo.dark.gp,"Dark War Survival"
00:30,46,com.billionairegames.serares,"변신 키우기"
00:30,47,com.supercell.brawlstars,"브롤스타즈"
00:30,48,com.HoYoverse.hkrpgoversea,"붕괴: 스타레일"
00:30,49,com.neowiz.games.poker,"피망 포커 : 카지노 로얄 - 홀덤, 7포커, 바둑이"
00:30,50,com.orienjoy.heroland.kr,"히어로 랜드M"
00:30,51,com.playrix.homescapes,"꿈의 집 (Homescapes)"
00:30,52,com.NHNEnt.MSudda,"한게임 섯다&맞고"
00:30,53,com.netmarble.raven2,"레이븐2"
00:30,54,com.netmarble.monster2,"몬길: STAR DIVE"
00:30,55,jp.co.ponos.battlecatskr,"냥코 대전쟁"
00:30,56,com.epidgames.trickcalrevive,"트릭컬 리바이브"
00:30,57,com.netmarble.rfnext,"RF 온라인 넥스트"
00:30,58,com.kr.firegp,"I9: 인페르노 나인"
00:30,59,com.jsjskr.google,"토이 삼국"
00:30,60,com.webzen.mumonarch2.google,"뮤 모나크2"
00:30,61,com.kakaogames.umamusume,"우마무스메 프리티 더비"
00:30,62,com.pubg.krmobile,"배틀그라운드"
00:30,63,com.webzen.muangel.google,"뮤 모나크"
00:30,64,com.riotgames.league.wildrift,"리그 오브 레전드: 와일드 리프트"
00:30,65,com.YoStarKR.MahjongSoul,"작혼: 리치 마작"
00:30,66,com.gravity.romkrzeny.aos,"라그나로크M: Classic"
00:30,67,com.pockethaven.roguelegend,"로그 레전드: 로그라이크 RPG"
00:30,68,com.kakaogames.aaw,"아키에이지 워 (ArcheAge WAR)"
00:30,69,com.ncsoft.aion2,"AION2"
00:30,70,com.percent.aos.randomdice2,"랜덤 다이스 2"
00:30,71,kr.haoplay.game.and.reverse,"리버스: 1999"
00:30,72,com.nexon.bluearchive,"블루 아카이브"
00:30,73,com.Chodun.CatGunner,"총잡이 고양이 : 방치형 키우기 RPG"
00:30,74,com.NHNEnt.NDuelgo,"한게임 신맞고 : 대한민국 원조 고스톱"
00:30,75,com.ncsoft.lineage2m19,"리니지2M"
00:30,76,com.netease.dunkcdjp,"NBA 덩크 시티"
00:30,77,com.nexon.mdnf,"던전앤파이터 모바일"
00:30,78,com.merge.cooking.theme.restaurant.food,"머지 쿠킹 테마 레스토랑"
00:30,79,com.neowiz.games.newmatgo,"피망 뉴맞고: 고스톱 대표 맞고 게임"
00:30,80,com.highbrow.games.dvo,"드래곤빌리지3"
00:30,81,com.mhclyxpb.gatja,"동방 찻집"
00:30,82,com.zzsjkr.google,"갓깨비 키우기-999뽑기 증정"
00:30,83,com.netmarble.fgok,"페이트/그랜드 오더"
00:30,84,com.superplaystudios.disneysolitairedreams,"Disney Solitaire 디즈니 솔리테어"
00:30,85,com.ddup.zombiewaves.zw,"좀비 웨이브스"
00:30,86,io.randomco.travel,"Travel Town - 결합 어드벤처"
00:30,87,com.gametree.lhlr.gp,"그놈은 드래곤"
00:30,88,com.zempot.wplpoker,"WPL : 홀덤, 토너먼트, 오마하, 올인폴드, 픽앤고"
00:30,89,com.com2us.probaseball3d.normal.freefull.google.global.android.common,"컴투스프로야구2026"
00:30,90,com.gamespark.topking.gp,"탑 로드"
00:30,91,com.ujoygp.flower,"오늘의 꽃"
00:30,92,com.fowgames.kingdom2,"킹덤2: 타오르는 전장"
00:30,93,com.xd.xdtglobal.gp,"두근두근타운"
00:30,94,com.xman.kr.gp,"X 클래시"
00:30,95,game.qualiarts.hololive.dreams.com,"hololive Dreams"
00:30,96,com.gear2.growslayer,"슬레이어 키우기"
00:30,97,com.greenmushroom.boomblitz.gp,"탑 히어로즈"
00:30,98,com.netmarble.lineageII,"리니지2 레볼루션"
00:30,99,com.funplus.ts.global,"타일 서바이벌"
00:30,100,defense.roguelike.cell.shoot.survivor,"세포 특공대"
00:30,101,com.playrix.fishdomdd.gplay,"피쉬돔 (Fishdom)"
00:30,102,com.joycity.im,"임진왜란: 조선의 반격"
00:30,103,com.ratinghope.gplay,"타이탄 러쉬: 서바이벌"
00:30,104,com.com2us.smon.normal.freefull.google.kr.android.common,"서머너즈 워 X 장송의 프리렌"
00:30,105,com.haegin.kbo,"2026 프로야구GO!"
00:30,106,com.cyberjoy.galaxydefense,"갤럭시 디펜스 (Galaxy Defense)"
00:30,107,com.nhn.AApoker,"한게임 로얄홀덤"
00:30,108,com.fiveminlab.overgeared.hero.backpack.merge,"템빨용사: 픽셀 아이템 머지 RPG"
00:30,109,com.global.ztmslgkr,"퍼즐 오브 Z"
00:30,110,com.dwgames.chunorpg,"추노 키우기"
00:30,111,com.ProjectMoon.LimbusCompany,"Limbus Company"
00:30,112,com.nexon.kart,"카트라이더 러쉬플러스"
00:30,113,com.screenshake.dominodreams,"Domino Dreams™ 도미노 드림"
00:30,114,com.play.merge.restyle,"Merge Restyle"
00:30,115,com.s01.global,"로드러쉬"
00:30,116,com.merge.game.foodstars,"푸드스타: 합쳐서 요리하기"
00:30,117,com.galasports.totalfootball.kr,"Total Football - 2026 북중미 시즌"
00:30,118,com.ulugame.hdqykrob.google,"아케론:종말의 서곡"
00:30,119,com.zroute.global,"Z 루트: 리뎀션"
00:30,120,com.hariwn.legendofcivilizations,"포지 마스터 (Forge Master)"
00:30,121,com.papegames.lysk.kr,"러브앤딥스페이스"
00:30,122,com.sundaytoz.mobile.anipang2.google.kakao.service,"애니팡2 - 3매치 퍼즐게임"
00:30,123,com.mxdzzkr.google,"버섯커 키우기-3000뽑기 증정"
00:30,124,com.kr.firelite,"I9: 인페르노 나인(19) - 세로형 RPG"
00:30,125,com.smilegate.lordnine.stove.google,"로드나인"
00:30,126,net.gameduo.gv,"캣 히어로 : 방치형 RPG"
00:30,127,com.nexon.he,"히간: 이루실"
00:30,128,net.kernys.aooni,"좀비고등학교"
00:30,129,com.netease.dfjskr,"레이싱 마스터(Racing Master)"
00:30,130,com.justgame.jails,"랜드 오브 제일"
00:30,131,com.tg.jsxw.kr,"데블2M"
00:30,132,jp.konami.pesam,"eFootball™"
00:30,133,com.pocketchamps.game,"포켓 챔프: 3D 레이싱 게임"
00:30,134,com.fatr.global,"호텔 레거시: 합성&리모델링"
00:30,135,com.bandainamcoent.gget_WW,"SD건담 지 제네레이션 이터널"
00:30,136,com.plarium.raidlegends,"레이드: 그림자의 전설"
00:30,137,jp.konami.masterduel,"Yu-Gi-Oh! Master Duel"
00:30,138,com.lilithgames.rok.gpkr,"라이즈 오브 킹덤즈"
00:30,139,com.wemade.nightcrows,"나이트 크로우"
00:30,140,com.devsisters.ck,"쿠키런: 킹덤"
00:30,141,com.devsisters.gb,"쿠키런: 오븐브레이크"
00:30,142,com.hhsykr.gcz,"LUNAR：에버소울"
00:30,143,com.yzlmkr.google,"우와 모험단"
00:30,144,com.hybeim.architect,"아키텍트: 랜드 오브 엑자일"
00:30,145,com.supercell.clashofclans,"클래시 오브 클랜"
00:30,146,com.multicastgames.butcher,"Butcher hero: 서바이벌 RPG"
00:30,147,com.qjzj4399kr.google,"기적의 검"
00:30,148,com.netmarble.bnsmkr,"블레이드&소울 레볼루션"
00:30,149,com.ryonggame.soulhunteridle,"소울 헌터 키우기 : 방치형 RPG"
00:30,150,com.games.foundation,"파운데이션: 우주 전선"
00:30,151,com.hdfzxrpg.googlelb,"해적 키우기-방치형 RPG"
00:30,152,com.xmh.rpg.kr.an,"스카이 어비스: 혈맹의 서약"
00:30,153,com.dlw.kr.google,"시티 데몬헌터즈: 각성자들"
00:30,154,com.camelgames.aoz,"에이지 오브 제트: 타워 디펜스"
00:30,155,com.MelsoftGames.FamilyIslandFarm,"패밀리 아일랜드 - 농장모험게임"
00:30,156,com.netmarble.stonkey,"스톤에이지 키우기"
00:30,157,com.superplaystudios.dicedreams,"Dice Dreams™️ 다이스 드림"
00:30,158,com.riftsky.mhg.kr.gp,"더 코지 플로리스트"
00:30,159,com.haoplay.game.and.exilium,"소녀전선2: 망명"
00:30,160,net.peakgames.toonblast,"Toon Blast"
00:30,161,com.lighthouse.freeplay.kr,"라스트 라이트: 디펜스"
00:30,162,com.igg.android.doomsdaylastsurvivors,"둠스데이: 영웅의 여정"
00:30,163,com.xone.gpkr,"ASURA: 블러드 앤 소울"
00:30,164,com.dreamwalker.kr.gp,"꿈의 여행자: 별빛 여정"
00:30,165,com.standegg.wulin,"잠룡 X 창세기전 콜라보"
00:30,166,com.joycastle.mergematch,"Matching Story - Puzzle Games"
00:30,167,com.ylqdhkr.gp,"엔터테인먼트 거물"
00:30,168,com.blizzard.wtcg.hearthstone,"하스스톤"
00:30,169,com.kakaogames.friendsKing,"프렌즈팝콘"
00:30,170,com.a3.topgirl.gplay,"Top Girl"
00:30,171,net.lightcon.windidle,"윈드러너 키우기 - 3000뽑기 증정!"
00:30,172,com.smallgiantgames.empires,"엠파이어 & 퍼즐 (Empires & Puzzles)"
00:30,173,com.moonactive.cmboard,"Coin Master: 보드 어드벤처"
00:30,174,com.netmarble.nanakr,"일곱 개의 대죄: GRAND CROSS"
00:30,175,com.mobile.legends,"모바일 레전드: Bang Bang"
00:30,176,com.sundaytoz.kakao.anipang3.service,"애니팡3 - 매치 3 퍼즐"
00:30,177,com.YoStarKR.Arknights,"명일방주"
00:30,178,com.com2us.futuremlb.android.google.global.normal,"MLB 9이닝스 라이벌 26"
00:30,179,com.ncsoft.lineagem,"리니지M(12)"
00:30,180,com.sopt.mafia42.client,"마피아42"
00:30,181,apli879756.vmz,"괴수: 진화 연대기"
00:30,182,com.blizzard.diablo.immortal,"디아블로 이모탈"
00:30,183,com.farlightgames.igame.gp,"AFK: 새로운 여정"
00:30,184,com.mojang.minecraftpe,"Minecraft: 나만의 세계를 꿈꾸고 만들어보세요"
00:30,185,com.neowizgames.game.browndust2,"브라운더스트2 - 가슴 벅찬 RPG"
00:30,186,com.redveilone.vardian,"바르디안 : 피의 맹세"
00:30,187,com.ea.huntingsniper,"헌팅 스나이퍼"
00:30,188,com.wireless.defenseland,"레이드 러시: 타워 디펜스"
00:30,189,com.epicoro.castleclashers,"Castle Busters"
00:30,190,com.supercell.clashroyale,"클래시 로얄 (Clash Royale)"
00:30,191,com.naddic.bbhero,"별별히어로 : RPG 맛집"
00:30,192,io.supercent.weaponrpg,"XP Hero (XP 히어로)"
00:30,193,com.ygjszkr.google,"귀판오분전-444뽑기 증정"
00:30,194,jp.pokemon.pokemontcgp,"포켓몬 카드 게임 Pocket"
00:30,195,com.namcobandaigames.spmoja010E,"ONE PIECE TREASURE CRUISE-RPG"
00:30,196,com.gear2.letsgolegends,"레츠고 레전드!"
00:30,197,com.plaium.tmm,"티니핑 매직 매치"
00:30,198,com.xq.archeroii,"궁수의 전설2"
00:30,199,com.Volcanus.Cheonsammu.aos,"천마지만 삼국지에서 무쌍중입니다"
00:30,200,com.sundaytoz.kakao.anipang4,"애니팡4: 매치3 퍼즐 게임"
01:00,1,com.netmarble.sol,"SOL: enchant"
01:00,2,com.gof.global,"WOS: 화이트아웃 서바이벌"
01:00,3,com.nexon.ma,"메이플 키우기"
01:00,4,com.run.tower.defense,"킹샷:Kingshot"
01:00,5,com.kurogame.wutheringwaves.global,"명조:워더링 웨이브"
01:00,6,com.mergegames.gossipharbor,"가십하버: 합성 & 스토리 게임"
01:00,7,com.proximabeta.nikke,"승리의 여신: 니케"
01:00,8,com.dreamgames.royalmatch,"로얄 매치 Royal Match"
01:00,9,com.roblox.client,"로블록스 (Roblox)"
01:00,10,com.rxjhglkr.gp,"열혈강호: 넥스트"
01:00,11,com.ncsoft.lineagem19,"리니지M"
01:00,12,com.fun.lastwar.gp,"라스트 워: 서바이벌"
01:00,13,com.kakaogames.odin,"오딘: 발할라 라이징"
01:00,14,com.hottagames.nte,"이환"
01:00,15,com.devsisters.cc,"쿠키런 키우기 - 쿠키런: 크럼블"
01:00,16,com.HoYoverse.Nap,"젠레스 존 제로 - 주년 기념"
01:00,17,com.percent.aos.cooptd,"협타디: 협동 타워 디펜스"
01:00,18,com.readygo.barrel.gp,"라스트 Z: 서바이벌 슈터"
01:00,19,com.percent.aos.luckydefense,"운빨존많겜"
01:00,20,com.netmarble.thered,"뱀피르"
01:00,21,com.bhk.newslgkr,"삼국지: 천하결전"
01:00,22,com.fatmerge.global,"테이스티 트레블: 합성 게임"
01:00,23,com.nhnent.Qpoker,"한게임 포커"
01:00,24,com.gamedots.seasideescape,"씨사이드 익스케이프: 합성 & 스토리 게임"
01:00,25,com.playrix.gardenscapes,"꿈의 정원 (Gardenscapes)"
01:00,26,com.nhnent.pokerclassic,"한게임포커 클래식 : 7포커 홀덤 섯다 훌라 슬롯"
01:00,27,com.com2us.futurecpb.android.google.global.normal,"컴투스프로야구V26"
01:00,28,com.nexon.devcat.mm,"마비노기 모바일"
01:00,29,com.dreamgames.royalkingdom,"로얄 킹덤 (Royal Kingdom)"
01:00,30,com.phs.global,"라스트 어사일럼: 페스트"
01:00,31,com.nexon.fmk,"FC 모바일"
01:00,32,com.ncsoft.lineagew,"리니지W"
01:00,33,com.smilegate.chaoszero.stove.google,"카오스 제로 나이트메어"
01:00,34,com.nianticlabs.pokemongo,"Pokémon GO"
01:00,35,com.kingsgroup.sos,"S.O.S: 스테이트 오브 서바이벌"
01:00,36,com.king.candycrushsaga,"캔디크러쉬사가 (Candy Crush Saga)"
01:00,37,com.hollywood.merge,"할리우드 머지"
01:00,38,com.nexon.nsc.maplem,"메이플스토리M"
01:00,39,com.playrix.township,"꿈의 마을 (Township)"
01:00,40,com.miHoYo.GenshinImpact,"원신-스네즈나야 오픈"
01:00,41,com.cola.game,"핫레스토랑: 머지&쿠킹"
01:00,42,com.nexon.fo4m,"EA SPORTS FC Online M"
01:00,43,com.cedargames.mysterytown,"미스터리 타운: 합성 게임 (Mystery Town)"
01:00,44,com.netmarble.tskgb,"세븐나이츠 리버스"
01:00,45,com.readygo.dark.gp,"Dark War Survival"
01:00,46,com.billionairegames.serares,"변신 키우기"
01:00,47,com.supercell.brawlstars,"브롤스타즈"
01:00,48,com.HoYoverse.hkrpgoversea,"붕괴: 스타레일"
01:00,49,com.neowiz.games.poker,"피망 포커 : 카지노 로얄 - 홀덤, 7포커, 바둑이"
01:00,50,com.orienjoy.heroland.kr,"히어로 랜드M"
01:00,51,com.playrix.homescapes,"꿈의 집 (Homescapes)"
01:00,52,com.NHNEnt.MSudda,"한게임 섯다&맞고"
01:00,53,com.netmarble.raven2,"레이븐2"
01:00,54,com.netmarble.monster2,"몬길: STAR DIVE"
01:00,55,jp.co.ponos.battlecatskr,"냥코 대전쟁"
01:00,56,com.epidgames.trickcalrevive,"트릭컬 리바이브"
01:00,57,com.netmarble.rfnext,"RF 온라인 넥스트"
01:00,58,com.kr.firegp,"I9: 인페르노 나인"
01:00,59,com.jsjskr.google,"토이 삼국"
01:00,60,com.webzen.mumonarch2.google,"뮤 모나크2"
01:00,61,com.kakaogames.umamusume,"우마무스메 프리티 더비"
01:00,62,com.pubg.krmobile,"배틀그라운드"
01:00,63,com.webzen.muangel.google,"뮤 모나크"
01:00,64,com.riotgames.league.wildrift,"리그 오브 레전드: 와일드 리프트"
01:00,65,com.YoStarKR.MahjongSoul,"작혼: 리치 마작"
01:00,66,com.gravity.romkrzeny.aos,"라그나로크M: Classic"
01:00,67,com.pockethaven.roguelegend,"로그 레전드: 로그라이크 RPG"
01:00,68,com.kakaogames.aaw,"아키에이지 워 (ArcheAge WAR)"
01:00,69,com.ncsoft.aion2,"AION2"
01:00,70,com.percent.aos.randomdice2,"랜덤 다이스 2"
01:00,71,kr.haoplay.game.and.reverse,"리버스: 1999"
01:00,72,com.nexon.bluearchive,"블루 아카이브"
01:00,73,com.Chodun.CatGunner,"총잡이 고양이 : 방치형 키우기 RPG"
01:00,74,com.NHNEnt.NDuelgo,"한게임 신맞고 : 대한민국 원조 고스톱"
01:00,75,com.ncsoft.lineage2m19,"리니지2M"
01:00,76,com.netease.dunkcdjp,"NBA 덩크 시티"
01:00,77,com.nexon.mdnf,"던전앤파이터 모바일"
01:00,78,com.merge.cooking.theme.restaurant.food,"머지 쿠킹 테마 레스토랑"
01:00,79,com.neowiz.games.newmatgo,"피망 뉴맞고: 고스톱 대표 맞고 게임"
01:00,80,com.highbrow.games.dvo,"드래곤빌리지3"
01:00,81,com.mhclyxpb.gatja,"동방 찻집"
01:00,82,com.zzsjkr.google,"갓깨비 키우기-999뽑기 증정"
01:00,83,com.netmarble.fgok,"페이트/그랜드 오더"
01:00,84,com.superplaystudios.disneysolitairedreams,"Disney Solitaire 디즈니 솔리테어"
01:00,85,com.ddup.zombiewaves.zw,"좀비 웨이브스"
01:00,86,io.randomco.travel,"Travel Town - 결합 어드벤처"
01:00,87,com.gametree.lhlr.gp,"그놈은 드래곤"
01:00,88,com.zempot.wplpoker,"WPL : 홀덤, 토너먼트, 오마하, 올인폴드, 픽앤고"
01:00,89,com.com2us.probaseball3d.normal.freefull.google.global.android.common,"컴투스프로야구2026"
01:00,90,com.gamespark.topking.gp,"탑 로드"
01:00,91,com.ujoygp.flower,"오늘의 꽃"
01:00,92,com.xd.xdtglobal.gp,"두근두근타운"
01:00,93,com.xman.kr.gp,"X 클래시"
01:00,94,game.qualiarts.hololive.dreams.com,"hololive Dreams"
01:00,95,com.gear2.growslayer,"슬레이어 키우기"
01:00,96,com.greenmushroom.boomblitz.gp,"탑 히어로즈"
01:00,97,com.netmarble.lineageII,"리니지2 레볼루션"
01:00,98,com.funplus.ts.global,"타일 서바이벌"
01:00,99,com.fowgames.kingdom2,"킹덤2: 타오르는 전장"
01:00,100,defense.roguelike.cell.shoot.survivor,"세포 특공대"
01:00,101,com.playrix.fishdomdd.gplay,"피쉬돔 (Fishdom)"
01:00,102,com.joycity.im,"임진왜란: 조선의 반격"
01:00,103,com.ratinghope.gplay,"타이탄 러쉬: 서바이벌"
01:00,104,com.com2us.smon.normal.freefull.google.kr.android.common,"서머너즈 워 X 장송의 프리렌"
01:00,105,com.haegin.kbo,"2026 프로야구GO!"
01:00,106,com.cyberjoy.galaxydefense,"갤럭시 디펜스 (Galaxy Defense)"
01:00,107,com.nhn.AApoker,"한게임 로얄홀덤"
01:00,108,com.fiveminlab.overgeared.hero.backpack.merge,"템빨용사: 픽셀 아이템 머지 RPG"
01:00,109,com.global.ztmslgkr,"퍼즐 오브 Z"
01:00,110,com.dwgames.chunorpg,"추노 키우기"
01:00,111,com.ProjectMoon.LimbusCompany,"Limbus Company"
01:00,112,com.nexon.kart,"카트라이더 러쉬플러스"
01:00,113,com.play.merge.restyle,"Merge Restyle"
01:00,114,com.s01.global,"로드러쉬"
01:00,115,com.merge.game.foodstars,"푸드스타: 합쳐서 요리하기"
01:00,116,com.galasports.totalfootball.kr,"Total Football - 2026 북중미 시즌"
01:00,117,com.ulugame.hdqykrob.google,"아케론:종말의 서곡"
01:00,118,com.screenshake.dominodreams,"Domino Dreams™ 도미노 드림"
01:00,119,com.zroute.global,"Z 루트: 리뎀션"
01:00,120,com.hariwn.legendofcivilizations,"포지 마스터 (Forge Master)"
01:00,121,com.papegames.lysk.kr,"러브앤딥스페이스"
01:00,122,com.sundaytoz.mobile.anipang2.google.kakao.service,"애니팡2 - 3매치 퍼즐게임"
01:00,123,com.mxdzzkr.google,"버섯커 키우기-3000뽑기 증정"
01:00,124,com.kr.firelite,"I9: 인페르노 나인(19) - 세로형 RPG"
01:00,125,com.smilegate.lordnine.stove.google,"로드나인"
01:00,126,net.gameduo.gv,"캣 히어로 : 방치형 RPG"
01:00,127,com.nexon.he,"히간: 이루실"
01:00,128,net.kernys.aooni,"좀비고등학교"
01:00,129,com.netease.dfjskr,"레이싱 마스터(Racing Master)"
01:00,130,com.justgame.jails,"랜드 오브 제일"
01:00,131,com.tg.jsxw.kr,"데블2M"
01:00,132,jp.konami.pesam,"eFootball™"
01:00,133,com.fatr.global,"호텔 레거시: 합성&리모델링"
01:00,134,com.bandainamcoent.gget_WW,"SD건담 지 제네레이션 이터널"
01:00,135,com.plarium.raidlegends,"레이드: 그림자의 전설"
01:00,136,jp.konami.masterduel,"Yu-Gi-Oh! Master Duel"
01:00,137,com.lilithgames.rok.gpkr,"라이즈 오브 킹덤즈"
01:00,138,com.wemade.nightcrows,"나이트 크로우"
01:00,139,com.devsisters.ck,"쿠키런: 킹덤"
01:00,140,com.devsisters.gb,"쿠키런: 오븐브레이크"
01:00,141,com.hhsykr.gcz,"LUNAR：에버소울"
01:00,142,com.yzlmkr.google,"우와 모험단"
01:00,143,com.hybeim.architect,"아키텍트: 랜드 오브 엑자일"
01:00,144,com.supercell.clashofclans,"클래시 오브 클랜"
01:00,145,com.multicastgames.butcher,"Butcher hero: 서바이벌 RPG"
01:00,146,com.pocketchamps.game,"포켓 챔프: 3D 레이싱 게임"
01:00,147,com.qjzj4399kr.google,"기적의 검"
01:00,148,com.netmarble.bnsmkr,"블레이드&소울 레볼루션"
01:00,149,com.ryonggame.soulhunteridle,"소울 헌터 키우기 : 방치형 RPG"
01:00,150,com.games.foundation,"파운데이션: 우주 전선"
01:00,151,com.hdfzxrpg.googlelb,"해적 키우기-방치형 RPG"
01:00,152,com.xmh.rpg.kr.an,"스카이 어비스: 혈맹의 서약"
01:00,153,com.dlw.kr.google,"시티 데몬헌터즈: 각성자들"
01:00,154,com.camelgames.aoz,"에이지 오브 제트: 타워 디펜스"
01:00,155,com.MelsoftGames.FamilyIslandFarm,"패밀리 아일랜드 - 농장모험게임"
01:00,156,com.netmarble.stonkey,"스톤에이지 키우기"
01:00,157,com.superplaystudios.dicedreams,"Dice Dreams™️ 다이스 드림"
01:00,158,com.riftsky.mhg.kr.gp,"더 코지 플로리스트"
01:00,159,com.haoplay.game.and.exilium,"소녀전선2: 망명"
01:00,160,net.peakgames.toonblast,"Toon Blast"
01:00,161,com.lighthouse.freeplay.kr,"라스트 라이트: 디펜스"
01:00,162,com.igg.android.doomsdaylastsurvivors,"둠스데이: 영웅의 여정"
01:00,163,com.xone.gpkr,"ASURA: 블러드 앤 소울"
01:00,164,com.dreamwalker.kr.gp,"꿈의 여행자: 별빛 여정"
01:00,165,com.standegg.wulin,"잠룡 X 창세기전 콜라보"
01:00,166,com.joycastle.mergematch,"Matching Story - Puzzle Games"
01:00,167,com.ylqdhkr.gp,"엔터테인먼트 거물"
01:00,168,com.blizzard.wtcg.hearthstone,"하스스톤"
01:00,169,com.kakaogames.friendsKing,"프렌즈팝콘"
01:00,170,com.a3.topgirl.gplay,"Top Girl"
01:00,171,net.lightcon.windidle,"윈드러너 키우기 - 3000뽑기 증정!"
01:00,172,com.smallgiantgames.empires,"엠파이어 & 퍼즐 (Empires & Puzzles)"
01:00,173,com.moonactive.cmboard,"Coin Master: 보드 어드벤처"
01:00,174,com.netmarble.nanakr,"일곱 개의 대죄: GRAND CROSS"
01:00,175,com.mobile.legends,"모바일 레전드: Bang Bang"
01:00,176,com.sundaytoz.kakao.anipang3.service,"애니팡3 - 매치 3 퍼즐"
01:00,177,com.YoStarKR.Arknights,"명일방주"
01:00,178,com.com2us.futuremlb.android.google.global.normal,"MLB 9이닝스 라이벌 26"
01:00,179,com.ncsoft.lineagem,"리니지M(12)"
01:00,180,com.sopt.mafia42.client,"마피아42"
01:00,181,apli879756.vmz,"괴수: 진화 연대기"
01:00,182,com.blizzard.diablo.immortal,"디아블로 이모탈"
01:00,183,com.farlightgames.igame.gp,"AFK: 새로운 여정"
01:00,184,com.mojang.minecraftpe,"Minecraft: 나만의 세계를 꿈꾸고 만들어보세요"
01:00,185,com.neowizgames.game.browndust2,"브라운더스트2 - 가슴 벅찬 RPG"
01:00,186,com.redveilone.vardian,"바르디안 : 피의 맹세"
01:00,187,com.ea.huntingsniper,"헌팅 스나이퍼"
01:00,188,com.wireless.defenseland,"레이드 러시: 타워 디펜스"
01:00,189,com.supercell.clashroyale,"클래시 로얄 (Clash Royale)"
01:00,190,com.naddic.bbhero,"별별히어로 : RPG 맛집"
01:00,191,io.supercent.weaponrpg,"XP Hero (XP 히어로)"
01:00,192,com.ygjszkr.google,"귀판오분전-444뽑기 증정"
01:00,193,jp.pokemon.pokemontcgp,"포켓몬 카드 게임 Pocket"
01:00,194,com.namcobandaigames.spmoja010E,"ONE PIECE TREASURE CRUISE-RPG"
01:00,195,com.plaium.tmm,"티니핑 매직 매치"
01:00,196,com.xq.archeroii,"궁수의 전설2"
01:00,197,com.Volcanus.Cheonsammu.aos,"천마지만 삼국지에서 무쌍중입니다"
01:00,198,com.sundaytoz.kakao.anipang4,"애니팡4: 매치3 퍼즐 게임"
01:00,199,com.metaboneent.gauntletrpg,"건틀렛: 신규 서버 오픈!"
01:00,200,com.ap.watcherofrealms,"워처 오브 렐름"
02:00,1,com.netmarble.sol,"SOL: enchant"
02:00,2,com.gof.global,"WOS: 화이트아웃 서바이벌"
02:00,3,com.nexon.ma,"메이플 키우기"
02:00,4,com.run.tower.defense,"킹샷:Kingshot"
02:00,5,com.kurogame.wutheringwaves.global,"명조:워더링 웨이브"
02:00,6,com.mergegames.gossipharbor,"가십하버: 합성 & 스토리 게임"
02:00,7,com.proximabeta.nikke,"승리의 여신: 니케"
02:00,8,com.dreamgames.royalmatch,"로얄 매치 Royal Match"
02:00,9,com.roblox.client,"로블록스 (Roblox)"
02:00,10,com.rxjhglkr.gp,"열혈강호: 넥스트"
02:00,11,com.ncsoft.lineagem19,"리니지M"
02:00,12,com.fun.lastwar.gp,"라스트 워: 서바이벌"
02:00,13,com.kakaogames.odin,"오딘: 발할라 라이징"
02:00,14,com.hottagames.nte,"이환"
02:00,15,com.devsisters.cc,"쿠키런 키우기 - 쿠키런: 크럼블"
02:00,16,com.HoYoverse.Nap,"젠레스 존 제로 - 주년 기념"
02:00,17,com.percent.aos.cooptd,"협타디: 협동 타워 디펜스"
02:00,18,com.readygo.barrel.gp,"라스트 Z: 서바이벌 슈터"
02:00,19,com.percent.aos.luckydefense,"운빨존많겜"
02:00,20,com.netmarble.thered,"뱀피르"
02:00,21,com.bhk.newslgkr,"삼국지: 천하결전"
02:00,22,com.fatmerge.global,"테이스티 트레블: 합성 게임"
02:00,23,com.nhnent.Qpoker,"한게임 포커"
02:00,24,com.gamedots.seasideescape,"씨사이드 익스케이프: 합성 & 스토리 게임"
02:00,25,com.playrix.gardenscapes,"꿈의 정원 (Gardenscapes)"
02:00,26,com.nhnent.pokerclassic,"한게임포커 클래식 : 7포커 홀덤 섯다 훌라 슬롯"
02:00,27,com.com2us.futurecpb.android.google.global.normal,"컴투스프로야구V26"
02:00,28,com.nexon.devcat.mm,"마비노기 모바일"
02:00,29,com.dreamgames.royalkingdom,"로얄 킹덤 (Royal Kingdom)"
02:00,30,com.phs.global,"라스트 어사일럼: 페스트"
02:00,31,com.nexon.fmk,"FC 모바일"
02:00,32,com.ncsoft.lineagew,"리니지W"
02:00,33,com.smilegate.chaoszero.stove.google,"카오스 제로 나이트메어"
02:00,34,com.nianticlabs.pokemongo,"Pokémon GO"
02:00,35,com.kingsgroup.sos,"S.O.S: 스테이트 오브 서바이벌"
02:00,36,com.king.candycrushsaga,"캔디크러쉬사가 (Candy Crush Saga)"
02:00,37,com.hollywood.merge,"할리우드 머지"
02:00,38,com.nexon.nsc.maplem,"메이플스토리M"
02:00,39,com.playrix.township,"꿈의 마을 (Township)"
02:00,40,com.miHoYo.GenshinImpact,"원신-스네즈나야 오픈"
02:00,41,com.cola.game,"핫레스토랑: 머지&쿠킹"
02:00,42,com.nexon.fo4m,"EA SPORTS FC Online M"
02:00,43,com.cedargames.mysterytown,"미스터리 타운: 합성 게임 (Mystery Town)"
02:00,44,com.netmarble.tskgb,"세븐나이츠 리버스"
02:00,45,com.readygo.dark.gp,"Dark War Survival"
02:00,46,com.billionairegames.serares,"변신 키우기"
02:00,47,com.supercell.brawlstars,"브롤스타즈"
02:00,48,com.HoYoverse.hkrpgoversea,"붕괴: 스타레일"
02:00,49,com.neowiz.games.poker,"피망 포커 : 카지노 로얄 - 홀덤, 7포커, 바둑이"
02:00,50,com.orienjoy.heroland.kr,"히어로 랜드M"
02:00,51,com.playrix.homescapes,"꿈의 집 (Homescapes)"
02:00,52,com.NHNEnt.MSudda,"한게임 섯다&맞고"
02:00,53,com.netmarble.raven2,"레이븐2"
02:00,54,com.netmarble.monster2,"몬길: STAR DIVE"
02:00,55,jp.co.ponos.battlecatskr,"냥코 대전쟁"
02:00,56,com.epidgames.trickcalrevive,"트릭컬 리바이브"
02:00,57,com.netmarble.rfnext,"RF 온라인 넥스트"
02:00,58,com.kr.firegp,"I9: 인페르노 나인"
02:00,59,com.jsjskr.google,"토이 삼국"
02:00,60,com.webzen.mumonarch2.google,"뮤 모나크2"
02:00,61,com.kakaogames.umamusume,"우마무스메 프리티 더비"
02:00,62,com.pubg.krmobile,"배틀그라운드"
02:00,63,com.webzen.muangel.google,"뮤 모나크"
02:00,64,com.riotgames.league.wildrift,"리그 오브 레전드: 와일드 리프트"
02:00,65,com.YoStarKR.MahjongSoul,"작혼: 리치 마작"
02:00,66,com.gravity.romkrzeny.aos,"라그나로크M: Classic"
02:00,67,com.kakaogames.aaw,"아키에이지 워 (ArcheAge WAR)"
02:00,68,com.ncsoft.aion2,"AION2"
02:00,69,com.percent.aos.randomdice2,"랜덤 다이스 2"
02:00,70,kr.haoplay.game.and.reverse,"리버스: 1999"
02:00,71,com.pockethaven.roguelegend,"로그 레전드: 로그라이크 RPG"
02:00,72,com.nexon.bluearchive,"블루 아카이브"
02:00,73,com.Chodun.CatGunner,"총잡이 고양이 : 방치형 키우기 RPG"
02:00,74,com.NHNEnt.NDuelgo,"한게임 신맞고 : 대한민국 원조 고스톱"
02:00,75,com.ncsoft.lineage2m19,"리니지2M"
02:00,76,com.netease.dunkcdjp,"NBA 덩크 시티"
02:00,77,com.nexon.mdnf,"던전앤파이터 모바일"
02:00,78,com.merge.cooking.theme.restaurant.food,"머지 쿠킹 테마 레스토랑"
02:00,79,com.neowiz.games.newmatgo,"피망 뉴맞고: 고스톱 대표 맞고 게임"
02:00,80,com.highbrow.games.dvo,"드래곤빌리지3"
02:00,81,com.mhclyxpb.gatja,"동방 찻집"
02:00,82,com.zzsjkr.google,"갓깨비 키우기-999뽑기 증정"
02:00,83,com.netmarble.fgok,"페이트/그랜드 오더"
02:00,84,com.superplaystudios.disneysolitairedreams,"Disney Solitaire 디즈니 솔리테어"
02:00,85,com.ddup.zombiewaves.zw,"좀비 웨이브스"
02:00,86,io.randomco.travel,"Travel Town - 결합 어드벤처"
02:00,87,com.gametree.lhlr.gp,"그놈은 드래곤"
02:00,88,com.zempot.wplpoker,"WPL : 홀덤, 토너먼트, 오마하, 올인폴드, 픽앤고"
02:00,89,com.com2us.probaseball3d.normal.freefull.google.global.android.common,"컴투스프로야구2026"
02:00,90,com.gamespark.topking.gp,"탑 로드"
02:00,91,com.ujoygp.flower,"오늘의 꽃"
02:00,92,com.xd.xdtglobal.gp,"두근두근타운"
02:00,93,com.xman.kr.gp,"X 클래시"
02:00,94,game.qualiarts.hololive.dreams.com,"hololive Dreams"
02:00,95,com.gear2.growslayer,"슬레이어 키우기"
02:00,96,com.greenmushroom.boomblitz.gp,"탑 히어로즈"
02:00,97,com.netmarble.lineageII,"리니지2 레볼루션"
02:00,98,com.funplus.ts.global,"타일 서바이벌"
02:00,99,com.fowgames.kingdom2,"킹덤2: 타오르는 전장"
02:00,100,defense.roguelike.cell.shoot.survivor,"세포 특공대"
02:00,101,com.playrix.fishdomdd.gplay,"피쉬돔 (Fishdom)"
02:00,102,com.joycity.im,"임진왜란: 조선의 반격"
02:00,103,com.ratinghope.gplay,"타이탄 러쉬: 서바이벌"
02:00,104,com.com2us.smon.normal.freefull.google.kr.android.common,"서머너즈 워 X 장송의 프리렌"
02:00,105,com.haegin.kbo,"2026 프로야구GO!"
02:00,106,com.cyberjoy.galaxydefense,"갤럭시 디펜스 (Galaxy Defense)"
02:00,107,com.nhn.AApoker,"한게임 로얄홀덤"
02:00,108,com.fiveminlab.overgeared.hero.backpack.merge,"템빨용사: 픽셀 아이템 머지 RPG"
02:00,109,com.global.ztmslgkr,"퍼즐 오브 Z"
02:00,110,com.dwgames.chunorpg,"추노 키우기"
02:00,111,com.ProjectMoon.LimbusCompany,"Limbus Company"
02:00,112,com.nexon.kart,"카트라이더 러쉬플러스"
02:00,113,com.play.merge.restyle,"Merge Restyle"
02:00,114,com.s01.global,"로드러쉬"
02:00,115,com.merge.game.foodstars,"푸드스타: 합쳐서 요리하기"
02:00,116,com.galasports.totalfootball.kr,"Total Football - 2026 북중미 시즌"
02:00,117,com.ulugame.hdqykrob.google,"아케론:종말의 서곡"
02:00,118,com.screenshake.dominodreams,"Domino Dreams™ 도미노 드림"
02:00,119,com.zroute.global,"Z 루트: 리뎀션"
02:00,120,com.hariwn.legendofcivilizations,"포지 마스터 (Forge Master)"
02:00,121,com.papegames.lysk.kr,"러브앤딥스페이스"
02:00,122,com.sundaytoz.mobile.anipang2.google.kakao.service,"애니팡2 - 3매치 퍼즐게임"
02:00,123,com.mxdzzkr.google,"버섯커 키우기-3000뽑기 증정"
02:00,124,com.kr.firelite,"I9: 인페르노 나인(19) - 세로형 RPG"
02:00,125,com.smilegate.lordnine.stove.google,"로드나인"
02:00,126,net.gameduo.gv,"캣 히어로 : 방치형 RPG"
02:00,127,com.nexon.he,"히간: 이루실"
02:00,128,net.kernys.aooni,"좀비고등학교"
02:00,129,com.netease.dfjskr,"레이싱 마스터(Racing Master)"
02:00,130,com.justgame.jails,"랜드 오브 제일"
02:00,131,com.tg.jsxw.kr,"데블2M"
02:00,132,jp.konami.pesam,"eFootball™"
02:00,133,com.fatr.global,"호텔 레거시: 합성&리모델링"
02:00,134,com.bandainamcoent.gget_WW,"SD건담 지 제네레이션 이터널"
02:00,135,com.plarium.raidlegends,"레이드: 그림자의 전설"
02:00,136,jp.konami.masterduel,"Yu-Gi-Oh! Master Duel"
02:00,137,com.lilithgames.rok.gpkr,"라이즈 오브 킹덤즈"
02:00,138,com.wemade.nightcrows,"나이트 크로우"
02:00,139,com.devsisters.ck,"쿠키런: 킹덤"
02:00,140,com.devsisters.gb,"쿠키런: 오븐브레이크"
02:00,141,com.hhsykr.gcz,"LUNAR：에버소울"
02:00,142,com.yzlmkr.google,"우와 모험단"
02:00,143,com.hybeim.architect,"아키텍트: 랜드 오브 엑자일"
02:00,144,com.supercell.clashofclans,"클래시 오브 클랜"
02:00,145,com.multicastgames.butcher,"Butcher hero: 서바이벌 RPG"
02:00,146,com.pocketchamps.game,"포켓 챔프: 3D 레이싱 게임"
02:00,147,com.qjzj4399kr.google,"기적의 검"
02:00,148,com.netmarble.bnsmkr,"블레이드&소울 레볼루션"
02:00,149,com.ryonggame.soulhunteridle,"소울 헌터 키우기 : 방치형 RPG"
02:00,150,com.games.foundation,"파운데이션: 우주 전선"
02:00,151,com.hdfzxrpg.googlelb,"해적 키우기-방치형 RPG"
02:00,152,com.xmh.rpg.kr.an,"스카이 어비스: 혈맹의 서약"
02:00,153,com.dlw.kr.google,"시티 데몬헌터즈: 각성자들"
02:00,154,com.camelgames.aoz,"에이지 오브 제트: 타워 디펜스"
02:00,155,com.MelsoftGames.FamilyIslandFarm,"패밀리 아일랜드 - 농장모험게임"
02:00,156,com.netmarble.stonkey,"스톤에이지 키우기"
02:00,157,com.superplaystudios.dicedreams,"Dice Dreams™️ 다이스 드림"
02:00,158,com.riftsky.mhg.kr.gp,"더 코지 플로리스트"
02:00,159,com.haoplay.game.and.exilium,"소녀전선2: 망명"
02:00,160,net.peakgames.toonblast,"Toon Blast"
02:00,161,com.lighthouse.freeplay.kr,"라스트 라이트: 디펜스"
02:00,162,com.igg.android.doomsdaylastsurvivors,"둠스데이: 영웅의 여정"
02:00,163,com.xone.gpkr,"ASURA: 블러드 앤 소울"
02:00,164,com.dreamwalker.kr.gp,"꿈의 여행자: 별빛 여정"
02:00,165,com.standegg.wulin,"잠룡 X 창세기전 콜라보"
02:00,166,com.joycastle.mergematch,"Matching Story - Puzzle Games"
02:00,167,com.ylqdhkr.gp,"엔터테인먼트 거물"
02:00,168,com.blizzard.wtcg.hearthstone,"하스스톤"
02:00,169,com.kakaogames.friendsKing,"프렌즈팝콘"
02:00,170,com.a3.topgirl.gplay,"Top Girl"
02:00,171,net.lightcon.windidle,"윈드러너 키우기 - 3000뽑기 증정!"
02:00,172,com.smallgiantgames.empires,"엠파이어 & 퍼즐 (Empires & Puzzles)"
02:00,173,com.moonactive.cmboard,"Coin Master: 보드 어드벤처"
02:00,174,com.netmarble.nanakr,"일곱 개의 대죄: GRAND CROSS"
02:00,175,com.mobile.legends,"모바일 레전드: Bang Bang"
02:00,176,com.sundaytoz.kakao.anipang3.service,"애니팡3 - 매치 3 퍼즐"
02:00,177,com.YoStarKR.Arknights,"명일방주"
02:00,178,com.com2us.futuremlb.android.google.global.normal,"MLB 9이닝스 라이벌 26"
02:00,179,com.ncsoft.lineagem,"리니지M(12)"
02:00,180,com.sopt.mafia42.client,"마피아42"
02:00,181,apli879756.vmz,"괴수: 진화 연대기"
02:00,182,com.blizzard.diablo.immortal,"디아블로 이모탈"
02:00,183,com.farlightgames.igame.gp,"AFK: 새로운 여정"
02:00,184,com.mojang.minecraftpe,"Minecraft: 나만의 세계를 꿈꾸고 만들어보세요"
02:00,185,com.neowizgames.game.browndust2,"브라운더스트2 - 가슴 벅찬 RPG"
02:00,186,com.redveilone.vardian,"바르디안 : 피의 맹세"
02:00,187,com.ea.huntingsniper,"헌팅 스나이퍼"
02:00,188,com.wireless.defenseland,"레이드 러시: 타워 디펜스"
02:00,189,com.supercell.clashroyale,"클래시 로얄 (Clash Royale)"
02:00,190,com.naddic.bbhero,"별별히어로 : RPG 맛집"
02:00,191,io.supercent.weaponrpg,"XP Hero (XP 히어로)"
02:00,192,com.ygjszkr.google,"귀판오분전-444뽑기 증정"
02:00,193,jp.pokemon.pokemontcgp,"포켓몬 카드 게임 Pocket"
02:00,194,com.namcobandaigames.spmoja010E,"ONE PIECE TREASURE CRUISE-RPG"
02:00,195,com.plaium.tmm,"티니핑 매직 매치"
02:00,196,com.xq.archeroii,"궁수의 전설2"
02:00,197,com.Volcanus.Cheonsammu.aos,"천마지만 삼국지에서 무쌍중입니다"
02:00,198,com.sundaytoz.kakao.anipang4,"애니팡4: 매치3 퍼즐 게임"
02:00,199,com.metaboneent.gauntletrpg,"건틀렛: 신규 서버 오픈!"
02:00,200,com.ap.watcherofrealms,"워처 오브 렐름"
02:30,1,com.gof.global,"WOS: 화이트아웃 서바이벌"
02:30,2,com.netmarble.sol,"SOL: enchant"
02:30,3,com.nexon.ma,"메이플 키우기"
02:30,4,com.kurogame.wutheringwaves.global,"명조:워더링 웨이브"
02:30,5,com.run.tower.defense,"킹샷:Kingshot"
02:30,6,com.mergegames.gossipharbor,"가십하버: 합성 & 스토리 게임"
02:30,7,com.proximabeta.nikke,"승리의 여신: 니케"
02:30,8,com.dreamgames.royalmatch,"로얄 매치 Royal Match"
02:30,9,com.rxjhglkr.gp,"열혈강호: 넥스트"
02:30,10,com.ncsoft.lineagem19,"리니지M"
02:30,11,com.roblox.client,"로블록스 (Roblox)"
02:30,12,com.fun.lastwar.gp,"라스트 워: 서바이벌"
02:30,13,com.kakaogames.odin,"오딘: 발할라 라이징"
02:30,14,com.hottagames.nte,"이환"
02:30,15,com.devsisters.cc,"쿠키런 키우기 - 쿠키런: 크럼블"
02:30,16,com.HoYoverse.Nap,"젠레스 존 제로 - 주년 기념"
02:30,17,com.percent.aos.cooptd,"협타디: 협동 타워 디펜스"
02:30,18,com.readygo.barrel.gp,"라스트 Z: 서바이벌 슈터"
02:30,19,com.percent.aos.luckydefense,"운빨존많겜"
02:30,20,com.netmarble.thered,"뱀피르"
02:30,21,com.nhnent.Qpoker,"한게임 포커"
02:30,22,com.fatmerge.global,"테이스티 트레블: 합성 게임"
02:30,23,com.nhnent.pokerclassic,"한게임포커 클래식 : 7포커 홀덤 섯다 훌라 슬롯"
02:30,24,com.bhk.newslgkr,"삼국지: 천하결전"
02:30,25,com.gamedots.seasideescape,"씨사이드 익스케이프: 합성 & 스토리 게임"
02:30,26,com.playrix.gardenscapes,"꿈의 정원 (Gardenscapes)"
02:30,27,com.com2us.futurecpb.android.google.global.normal,"컴투스프로야구V26"
02:30,28,com.dreamgames.royalkingdom,"로얄 킹덤 (Royal Kingdom)"
02:30,29,com.phs.global,"라스트 어사일럼: 페스트"
02:30,30,com.nexon.devcat.mm,"마비노기 모바일"
02:30,31,com.nexon.fmk,"FC 모바일"
02:30,32,com.ncsoft.lineagew,"리니지W"
02:30,33,com.smilegate.chaoszero.stove.google,"카오스 제로 나이트메어"
02:30,34,com.nianticlabs.pokemongo,"Pokémon GO"
02:30,35,com.kingsgroup.sos,"S.O.S: 스테이트 오브 서바이벌"
02:30,36,com.king.candycrushsaga,"캔디크러쉬사가 (Candy Crush Saga)"
02:30,37,com.playrix.township,"꿈의 마을 (Township)"
02:30,38,com.miHoYo.GenshinImpact,"원신-스네즈나야 오픈"
02:30,39,com.cola.game,"핫레스토랑: 머지&쿠킹"
02:30,40,com.nexon.fo4m,"EA SPORTS FC Online M"
02:30,41,com.nexon.nsc.maplem,"메이플스토리M"
02:30,42,com.hollywood.merge,"할리우드 머지"
02:30,43,com.netmarble.tskgb,"세븐나이츠 리버스"
02:30,44,com.readygo.dark.gp,"Dark War Survival"
02:30,45,com.billionairegames.serares,"변신 키우기"
02:30,46,com.supercell.brawlstars,"브롤스타즈"
02:30,47,com.neowiz.games.poker,"피망 포커 : 카지노 로얄 - 홀덤, 7포커, 바둑이"
02:30,48,com.cedargames.mysterytown,"미스터리 타운: 합성 게임 (Mystery Town)"
02:30,49,com.NHNEnt.MSudda,"한게임 섯다&맞고"
02:30,50,com.HoYoverse.hkrpgoversea,"붕괴: 스타레일"
02:30,51,com.playrix.homescapes,"꿈의 집 (Homescapes)"
02:30,52,com.netmarble.raven2,"레이븐2"
02:30,53,com.orienjoy.heroland.kr,"히어로 랜드M"
02:30,54,com.netmarble.monster2,"몬길: STAR DIVE"
02:30,55,com.netmarble.rfnext,"RF 온라인 넥스트"
02:30,56,com.kr.firegp,"I9: 인페르노 나인"
02:30,57,com.epidgames.trickcalrevive,"트릭컬 리바이브"
02:30,58,com.jsjskr.google,"토이 삼국"
02:30,59,com.webzen.mumonarch2.google,"뮤 모나크2"
02:30,60,com.kakaogames.umamusume,"우마무스메 프리티 더비"
02:30,61,jp.co.ponos.battlecatskr,"냥코 대전쟁"
02:30,62,com.pubg.krmobile,"배틀그라운드"
02:30,63,com.YoStarKR.MahjongSoul,"작혼: 리치 마작"
02:30,64,com.gravity.romkrzeny.aos,"라그나로크M: Classic"
02:30,65,com.webzen.muangel.google,"뮤 모나크"
02:30,66,com.kakaogames.aaw,"아키에이지 워 (ArcheAge WAR)"
02:30,67,com.ncsoft.aion2,"AION2"
02:30,68,kr.haoplay.game.and.reverse,"리버스: 1999"
02:30,69,com.pockethaven.roguelegend,"로그 레전드: 로그라이크 RPG"
02:30,70,com.Chodun.CatGunner,"총잡이 고양이 : 방치형 키우기 RPG"
02:30,71,com.NHNEnt.NDuelgo,"한게임 신맞고 : 대한민국 원조 고스톱"
02:30,72,com.nexon.bluearchive,"블루 아카이브"
02:30,73,com.riotgames.league.wildrift,"리그 오브 레전드: 와일드 리프트"
02:30,74,com.netease.dunkcdjp,"NBA 덩크 시티"
02:30,75,com.nexon.mdnf,"던전앤파이터 모바일"
02:30,76,com.ncsoft.lineage2m19,"리니지2M"
02:30,77,com.merge.cooking.theme.restaurant.food,"머지 쿠킹 테마 레스토랑"
02:30,78,com.percent.aos.randomdice2,"랜덤 다이스 2"
02:30,79,com.mhclyxpb.gatja,"동방 찻집"
02:30,80,com.highbrow.games.dvo,"드래곤빌리지3"
02:30,81,com.zzsjkr.google,"갓깨비 키우기-999뽑기 증정"
02:30,82,com.superplaystudios.disneysolitairedreams,"Disney Solitaire 디즈니 솔리테어"
02:30,83,com.neowiz.games.newmatgo,"피망 뉴맞고: 고스톱 대표 맞고 게임"
02:30,84,com.ddup.zombiewaves.zw,"좀비 웨이브스"
02:30,85,com.zempot.wplpoker,"WPL : 홀덤, 토너먼트, 오마하, 올인폴드, 픽앤고"
02:30,86,io.randomco.travel,"Travel Town - 결합 어드벤처"
02:30,87,com.gamespark.topking.gp,"탑 로드"
02:30,88,com.ujoygp.flower,"오늘의 꽃"
02:30,89,com.xd.xdtglobal.gp,"두근두근타운"
02:30,90,com.netmarble.fgok,"페이트/그랜드 오더"
02:30,91,com.gametree.lhlr.gp,"그놈은 드래곤"
02:30,92,com.xman.kr.gp,"X 클래시"
02:30,93,com.gear2.growslayer,"슬레이어 키우기"
02:30,94,com.netmarble.lineageII,"리니지2 레볼루션"
02:30,95,com.fowgames.kingdom2,"킹덤2: 타오르는 전장"
02:30,96,com.com2us.probaseball3d.normal.freefull.google.global.android.common,"컴투스프로야구2026"
02:30,97,com.greenmushroom.boomblitz.gp,"탑 히어로즈"
02:30,98,com.funplus.ts.global,"타일 서바이벌"
02:30,99,com.joycity.im,"임진왜란: 조선의 반격"
02:30,100,jp.konami.pesam,"eFootball™"
02:30,101,defense.roguelike.cell.shoot.survivor,"세포 특공대"
02:30,102,com.nhn.AApoker,"한게임 로얄홀덤"
02:30,103,com.playrix.fishdomdd.gplay,"피쉬돔 (Fishdom)"
02:30,104,com.fiveminlab.overgeared.hero.backpack.merge,"템빨용사: 픽셀 아이템 머지 RPG"
02:30,105,com.global.ztmslgkr,"퍼즐 오브 Z"
02:30,106,com.haegin.kbo,"2026 프로야구GO!"
02:30,107,com.ratinghope.gplay,"타이탄 러쉬: 서바이벌"
02:30,108,com.dwgames.chunorpg,"추노 키우기"
02:30,109,com.nexon.kart,"카트라이더 러쉬플러스"
02:30,110,com.ProjectMoon.LimbusCompany,"Limbus Company"
02:30,111,com.com2us.smon.normal.freefull.google.kr.android.common,"서머너즈 워 X 장송의 프리렌"
02:30,112,com.play.merge.restyle,"Merge Restyle"
02:30,113,com.s01.global,"로드러쉬"
02:30,114,com.cyberjoy.galaxydefense,"갤럭시 디펜스 (Galaxy Defense)"
02:30,115,com.galasports.totalfootball.kr,"Total Football - 2026 북중미 시즌"
02:30,116,com.ulugame.hdqykrob.google,"아케론:종말의 서곡"
02:30,117,com.screenshake.dominodreams,"Domino Dreams™ 도미노 드림"
02:30,118,com.zroute.global,"Z 루트: 리뎀션"
02:30,119,com.hariwn.legendofcivilizations,"포지 마스터 (Forge Master)"
02:30,120,com.merge.game.foodstars,"푸드스타: 합쳐서 요리하기"
02:30,121,com.sundaytoz.mobile.anipang2.google.kakao.service,"애니팡2 - 3매치 퍼즐게임"
02:30,122,com.mxdzzkr.google,"버섯커 키우기-3000뽑기 증정"
02:30,123,com.kr.firelite,"I9: 인페르노 나인(19) - 세로형 RPG"
02:30,124,game.qualiarts.hololive.dreams.com,"hololive Dreams"
02:30,125,com.smilegate.lordnine.stove.google,"로드나인"
02:30,126,net.gameduo.gv,"캣 히어로 : 방치형 RPG"
02:30,127,com.nexon.he,"히간: 이루실"
02:30,128,net.kernys.aooni,"좀비고등학교"
02:30,129,com.netease.dfjskr,"레이싱 마스터(Racing Master)"
02:30,130,com.justgame.jails,"랜드 오브 제일"
02:30,131,com.tg.jsxw.kr,"데블2M"
02:30,132,com.bandainamcoent.gget_WW,"SD건담 지 제네레이션 이터널"
02:30,133,com.lilithgames.rok.gpkr,"라이즈 오브 킹덤즈"
02:30,134,com.wemade.nightcrows,"나이트 크로우"
02:30,135,com.devsisters.ck,"쿠키런: 킹덤"
02:30,136,com.devsisters.gb,"쿠키런: 오븐브레이크"
02:30,137,com.hhsykr.gcz,"LUNAR：에버소울"
02:30,138,com.fatr.global,"호텔 레거시: 합성&리모델링"
02:30,139,com.plarium.raidlegends,"레이드: 그림자의 전설"
02:30,140,com.yzlmkr.google,"우와 모험단"
02:30,141,com.hybeim.architect,"아키텍트: 랜드 오브 엑자일"
02:30,142,jp.konami.masterduel,"Yu-Gi-Oh! Master Duel"
02:30,143,com.supercell.clashofclans,"클래시 오브 클랜"
02:30,144,com.pocketchamps.game,"포켓 챔프: 3D 레이싱 게임"
02:30,145,com.qjzj4399kr.google,"기적의 검"
02:30,146,com.netmarble.bnsmkr,"블레이드&소울 레볼루션"
02:30,147,com.ryonggame.soulhunteridle,"소울 헌터 키우기 : 방치형 RPG"
02:30,148,com.papegames.lysk.kr,"러브앤딥스페이스"
02:30,149,com.games.foundation,"파운데이션: 우주 전선"
02:30,150,com.hdfzxrpg.googlelb,"해적 키우기-방치형 RPG"
02:30,151,com.xmh.rpg.kr.an,"스카이 어비스: 혈맹의 서약"
02:30,152,com.dlw.kr.google,"시티 데몬헌터즈: 각성자들"
02:30,153,com.camelgames.aoz,"에이지 오브 제트: 타워 디펜스"
02:30,154,com.multicastgames.butcher,"Butcher hero: 서바이벌 RPG"
02:30,155,com.superplaystudios.dicedreams,"Dice Dreams™️ 다이스 드림"
02:30,156,com.netmarble.stonkey,"스톤에이지 키우기"
02:30,157,com.riftsky.mhg.kr.gp,"더 코지 플로리스트"
02:30,158,com.MelsoftGames.FamilyIslandFarm,"패밀리 아일랜드 - 농장모험게임"
02:30,159,com.lighthouse.freeplay.kr,"라스트 라이트: 디펜스"
02:30,160,net.peakgames.toonblast,"Toon Blast"
02:30,161,com.haoplay.game.and.exilium,"소녀전선2: 망명"
02:30,162,com.igg.android.doomsdaylastsurvivors,"둠스데이: 영웅의 여정"
02:30,163,com.xone.gpkr,"ASURA: 블러드 앤 소울"
02:30,164,com.dreamwalker.kr.gp,"꿈의 여행자: 별빛 여정"
02:30,165,com.standegg.wulin,"잠룡 X 창세기전 콜라보"
02:30,166,com.ylqdhkr.gp,"엔터테인먼트 거물"
02:30,167,com.kakaogames.friendsKing,"프렌즈팝콘"
02:30,168,com.a3.topgirl.gplay,"Top Girl"
02:30,169,net.lightcon.windidle,"윈드러너 키우기 - 3000뽑기 증정!"
02:30,170,com.smallgiantgames.empires,"엠파이어 & 퍼즐 (Empires & Puzzles)"
02:30,171,com.namcobandaigames.spmoja010E,"ONE PIECE TREASURE CRUISE-RPG"
02:30,172,com.blizzard.wtcg.hearthstone,"하스스톤"
02:30,173,com.netmarble.nanakr,"일곱 개의 대죄: GRAND CROSS"
02:30,174,com.mobile.legends,"모바일 레전드: Bang Bang"
02:30,175,com.joycastle.mergematch,"Matching Story - Puzzle Games"
02:30,176,com.sundaytoz.kakao.anipang3.service,"애니팡3 - 매치 3 퍼즐"
02:30,177,com.com2us.futuremlb.android.google.global.normal,"MLB 9이닝스 라이벌 26"
02:30,178,com.moonactive.cmboard,"Coin Master: 보드 어드벤처"
02:30,179,com.ncsoft.lineagem,"리니지M(12)"
02:30,180,com.sopt.mafia42.client,"마피아42"
02:30,181,apli879756.vmz,"괴수: 진화 연대기"
02:30,182,com.farlightgames.igame.gp,"AFK: 새로운 여정"
02:30,183,com.neowizgames.game.browndust2,"브라운더스트2 - 가슴 벅찬 RPG"
02:30,184,com.redveilone.vardian,"바르디안 : 피의 맹세"
02:30,185,io.supercent.weaponrpg,"XP Hero (XP 히어로)"
02:30,186,com.ygjszkr.google,"귀판오분전-444뽑기 증정"
02:30,187,jp.pokemon.pokemontcgp,"포켓몬 카드 게임 Pocket"
02:30,188,com.blizzard.diablo.immortal,"디아블로 이모탈"
02:30,189,com.Volcanus.Cheonsammu.aos,"천마지만 삼국지에서 무쌍중입니다"
02:30,190,com.YoStarKR.Arknights,"명일방주"
02:30,191,com.mojang.minecraftpe,"Minecraft: 나만의 세계를 꿈꾸고 만들어보세요"
02:30,192,com.supercell.clashroyale,"클래시 로얄 (Clash Royale)"
02:30,193,com.naddic.bbhero,"별별히어로 : RPG 맛집"
02:30,194,com.ap.watcherofrealms,"워처 오브 렐름"
02:30,195,com.stove.epic7.google,"에픽세븐"
02:30,196,com.wireless.defenseland,"레이드 러시: 타워 디펜스"
02:30,197,com.ea.huntingsniper,"헌팅 스나이퍼"
02:30,198,com.gear2.letsgolegends,"레츠고 레전드!"
02:30,199,com.plaium.tmm,"티니핑 매직 매치"
02:30,200,com.epicoro.castleclashers,"Castle Busters"
03:30,1,com.netmarble.sol,"SOL: enchant"
03:30,2,com.gof.global,"WOS: 화이트아웃 서바이벌"
03:30,3,com.nexon.ma,"메이플 키우기"
03:30,4,com.kurogame.wutheringwaves.global,"명조:워더링 웨이브"
03:30,5,com.run.tower.defense,"킹샷:Kingshot"
03:30,6,com.mergegames.gossipharbor,"가십하버: 합성 & 스토리 게임"
03:30,7,com.proximabeta.nikke,"승리의 여신: 니케"
03:30,8,com.dreamgames.royalmatch,"로얄 매치 Royal Match"
03:30,9,com.rxjhglkr.gp,"열혈강호: 넥스트"
03:30,10,com.roblox.client,"로블록스 (Roblox)"
03:30,11,com.ncsoft.lineagem19,"리니지M"
03:30,12,com.fun.lastwar.gp,"라스트 워: 서바이벌"
03:30,13,com.kakaogames.odin,"오딘: 발할라 라이징"
03:30,14,com.hottagames.nte,"이환"
03:30,15,com.devsisters.cc,"쿠키런 키우기 - 쿠키런: 크럼블"
03:30,16,com.HoYoverse.Nap,"젠레스 존 제로 - 주년 기념"
03:30,17,com.percent.aos.cooptd,"협타디: 협동 타워 디펜스"
03:30,18,com.readygo.barrel.gp,"라스트 Z: 서바이벌 슈터"
03:30,19,com.netmarble.thered,"뱀피르"
03:30,20,com.percent.aos.luckydefense,"운빨존많겜"
03:30,21,com.fatmerge.global,"테이스티 트레블: 합성 게임"
03:30,22,com.nhnent.Qpoker,"한게임 포커"
03:30,23,com.nhnent.pokerclassic,"한게임포커 클래식 : 7포커 홀덤 섯다 훌라 슬롯"
03:30,24,com.bhk.newslgkr,"삼국지: 천하결전"
03:30,25,com.gamedots.seasideescape,"씨사이드 익스케이프: 합성 & 스토리 게임"
03:30,26,com.playrix.gardenscapes,"꿈의 정원 (Gardenscapes)"
03:30,27,com.com2us.futurecpb.android.google.global.normal,"컴투스프로야구V26"
03:30,28,com.phs.global,"라스트 어사일럼: 페스트"
03:30,29,com.nexon.devcat.mm,"마비노기 모바일"
03:30,30,com.dreamgames.royalkingdom,"로얄 킹덤 (Royal Kingdom)"
03:30,31,com.nexon.fmk,"FC 모바일"
03:30,32,com.ncsoft.lineagew,"리니지W"
03:30,33,com.smilegate.chaoszero.stove.google,"카오스 제로 나이트메어"
03:30,34,com.nianticlabs.pokemongo,"Pokémon GO"
03:30,35,com.kingsgroup.sos,"S.O.S: 스테이트 오브 서바이벌"
03:30,36,com.king.candycrushsaga,"캔디크러쉬사가 (Candy Crush Saga)"
03:30,37,com.miHoYo.GenshinImpact,"원신-스네즈나야 오픈"
03:30,38,com.nexon.fo4m,"EA SPORTS FC Online M"
03:30,39,com.nexon.nsc.maplem,"메이플스토리M"
03:30,40,com.hollywood.merge,"할리우드 머지"
03:30,41,com.cola.game,"핫레스토랑: 머지&쿠킹"
03:30,42,com.playrix.township,"꿈의 마을 (Township)"
03:30,43,com.readygo.dark.gp,"Dark War Survival"
03:30,44,com.netmarble.tskgb,"세븐나이츠 리버스"
03:30,45,com.neowiz.games.poker,"피망 포커 : 카지노 로얄 - 홀덤, 7포커, 바둑이"
03:30,46,com.cedargames.mysterytown,"미스터리 타운: 합성 게임 (Mystery Town)"
03:30,47,com.NHNEnt.MSudda,"한게임 섯다&맞고"
03:30,48,com.HoYoverse.hkrpgoversea,"붕괴: 스타레일"
03:30,49,com.billionairegames.serares,"변신 키우기"
03:30,50,com.playrix.homescapes,"꿈의 집 (Homescapes)"
03:30,51,com.netmarble.raven2,"레이븐2"
03:30,52,com.orienjoy.heroland.kr,"히어로 랜드M"
03:30,53,com.netmarble.monster2,"몬길: STAR DIVE"
03:30,54,com.supercell.brawlstars,"브롤스타즈"
03:30,55,com.netmarble.rfnext,"RF 온라인 넥스트"
03:30,56,com.epidgames.trickcalrevive,"트릭컬 리바이브"
03:30,57,com.jsjskr.google,"토이 삼국"
03:30,58,com.kakaogames.umamusume,"우마무스메 프리티 더비"
03:30,59,com.kr.firegp,"I9: 인페르노 나인"
03:30,60,jp.co.ponos.battlecatskr,"냥코 대전쟁"
03:30,61,com.YoStarKR.MahjongSoul,"작혼: 리치 마작"
03:30,62,com.webzen.muangel.google,"뮤 모나크"
03:30,63,com.pubg.krmobile,"배틀그라운드"
03:30,64,com.webzen.mumonarch2.google,"뮤 모나크2"
03:30,65,com.ncsoft.aion2,"AION2"
03:30,66,com.gravity.romkrzeny.aos,"라그나로크M: Classic"
03:30,67,com.kakaogames.aaw,"아키에이지 워 (ArcheAge WAR)"
03:30,68,com.pockethaven.roguelegend,"로그 레전드: 로그라이크 RPG"
03:30,69,com.NHNEnt.NDuelgo,"한게임 신맞고 : 대한민국 원조 고스톱"
03:30,70,com.nexon.bluearchive,"블루 아카이브"
03:30,71,com.riotgames.league.wildrift,"리그 오브 레전드: 와일드 리프트"
03:30,72,com.netease.dunkcdjp,"NBA 덩크 시티"
03:30,73,com.Chodun.CatGunner,"총잡이 고양이 : 방치형 키우기 RPG"
03:30,74,com.nexon.mdnf,"던전앤파이터 모바일"
03:30,75,com.ncsoft.lineage2m19,"리니지2M"
03:30,76,com.percent.aos.randomdice2,"랜덤 다이스 2"
03:30,77,kr.haoplay.game.and.reverse,"리버스: 1999"
03:30,78,com.merge.cooking.theme.restaurant.food,"머지 쿠킹 테마 레스토랑"
03:30,79,com.highbrow.games.dvo,"드래곤빌리지3"
03:30,80,com.zzsjkr.google,"갓깨비 키우기-999뽑기 증정"
03:30,81,com.neowiz.games.newmatgo,"피망 뉴맞고: 고스톱 대표 맞고 게임"
03:30,82,com.ddup.zombiewaves.zw,"좀비 웨이브스"
03:30,83,com.zempot.wplpoker,"WPL : 홀덤, 토너먼트, 오마하, 올인폴드, 픽앤고"
03:30,84,io.randomco.travel,"Travel Town - 결합 어드벤처"
03:30,85,com.mhclyxpb.gatja,"동방 찻집"
03:30,86,com.gamespark.topking.gp,"탑 로드"
03:30,87,com.ujoygp.flower,"오늘의 꽃"
03:30,88,com.superplaystudios.disneysolitairedreams,"Disney Solitaire 디즈니 솔리테어"
03:30,89,com.netmarble.fgok,"페이트/그랜드 오더"
03:30,90,com.gametree.lhlr.gp,"그놈은 드래곤"
03:30,91,com.netmarble.lineageII,"리니지2 레볼루션"
03:30,92,com.xman.kr.gp,"X 클래시"
03:30,93,com.fowgames.kingdom2,"킹덤2: 타오르는 전장"
03:30,94,com.com2us.probaseball3d.normal.freefull.google.global.android.common,"컴투스프로야구2026"
03:30,95,com.gear2.growslayer,"슬레이어 키우기"
03:30,96,com.greenmushroom.boomblitz.gp,"탑 히어로즈"
03:30,97,com.funplus.ts.global,"타일 서바이벌"
03:30,98,com.joycity.im,"임진왜란: 조선의 반격"
03:30,99,jp.konami.pesam,"eFootball™"
03:30,100,defense.roguelike.cell.shoot.survivor,"세포 특공대"
03:30,101,com.xd.xdtglobal.gp,"두근두근타운"
03:30,102,com.nhn.AApoker,"한게임 로얄홀덤"
03:30,103,com.playrix.fishdomdd.gplay,"피쉬돔 (Fishdom)"
03:30,104,com.global.ztmslgkr,"퍼즐 오브 Z"
03:30,105,com.haegin.kbo,"2026 프로야구GO!"
03:30,106,com.ratinghope.gplay,"타이탄 러쉬: 서바이벌"
03:30,107,com.dwgames.chunorpg,"추노 키우기"
03:30,108,com.fiveminlab.overgeared.hero.backpack.merge,"템빨용사: 픽셀 아이템 머지 RPG"
03:30,109,com.ProjectMoon.LimbusCompany,"Limbus Company"
03:30,110,com.com2us.smon.normal.freefull.google.kr.android.common,"서머너즈 워 X 장송의 프리렌"
03:30,111,com.s01.global,"로드러쉬"
03:30,112,com.cyberjoy.galaxydefense,"갤럭시 디펜스 (Galaxy Defense)"
03:30,113,com.galasports.totalfootball.kr,"Total Football - 2026 북중미 시즌"
03:30,114,com.ulugame.hdqykrob.google,"아케론:종말의 서곡"
03:30,115,com.screenshake.dominodreams,"Domino Dreams™ 도미노 드림"
03:30,116,com.nexon.kart,"카트라이더 러쉬플러스"
03:30,117,com.zroute.global,"Z 루트: 리뎀션"
03:30,118,com.merge.game.foodstars,"푸드스타: 합쳐서 요리하기"
03:30,119,com.mxdzzkr.google,"버섯커 키우기-3000뽑기 증정"
03:30,120,com.hariwn.legendofcivilizations,"포지 마스터 (Forge Master)"
03:30,121,com.play.merge.restyle,"Merge Restyle"
03:30,122,game.qualiarts.hololive.dreams.com,"hololive Dreams"
03:30,123,com.smilegate.lordnine.stove.google,"로드나인"
03:30,124,net.gameduo.gv,"캣 히어로 : 방치형 RPG"
03:30,125,com.nexon.he,"히간: 이루실"
03:30,126,net.kernys.aooni,"좀비고등학교"
03:30,127,com.netease.dfjskr,"레이싱 마스터(Racing Master)"
03:30,128,com.justgame.jails,"랜드 오브 제일"
03:30,129,com.tg.jsxw.kr,"데블2M"
03:30,130,com.kr.firelite,"I9: 인페르노 나인(19) - 세로형 RPG"
03:30,131,com.sundaytoz.mobile.anipang2.google.kakao.service,"애니팡2 - 3매치 퍼즐게임"
03:30,132,com.lilithgames.rok.gpkr,"라이즈 오브 킹덤즈"
03:30,133,com.wemade.nightcrows,"나이트 크로우"
03:30,134,com.devsisters.ck,"쿠키런: 킹덤"
03:30,135,com.devsisters.gb,"쿠키런: 오븐브레이크"
03:30,136,com.hhsykr.gcz,"LUNAR：에버소울"
03:30,137,com.fatr.global,"호텔 레거시: 합성&리모델링"
03:30,138,com.plarium.raidlegends,"레이드: 그림자의 전설"
03:30,139,com.yzlmkr.google,"우와 모험단"
03:30,140,com.hybeim.architect,"아키텍트: 랜드 오브 엑자일"
03:30,141,jp.konami.masterduel,"Yu-Gi-Oh! Master Duel"
03:30,142,com.pocketchamps.game,"포켓 챔프: 3D 레이싱 게임"
03:30,143,com.bandainamcoent.gget_WW,"SD건담 지 제네레이션 이터널"
03:30,144,com.qjzj4399kr.google,"기적의 검"
03:30,145,com.papegames.lysk.kr,"러브앤딥스페이스"
03:30,146,com.hdfzxrpg.googlelb,"해적 키우기-방치형 RPG"
03:30,147,com.dlw.kr.google,"시티 데몬헌터즈: 각성자들"
03:30,148,com.camelgames.aoz,"에이지 오브 제트: 타워 디펜스"
03:30,149,com.multicastgames.butcher,"Butcher hero: 서바이벌 RPG"
03:30,150,com.supercell.clashofclans,"클래시 오브 클랜"
03:30,151,com.superplaystudios.dicedreams,"Dice Dreams™️ 다이스 드림"
03:30,152,com.netmarble.stonkey,"스톤에이지 키우기"
03:30,153,com.MelsoftGames.FamilyIslandFarm,"패밀리 아일랜드 - 농장모험게임"
03:30,154,com.lighthouse.freeplay.kr,"라스트 라이트: 디펜스"
03:30,155,net.peakgames.toonblast,"Toon Blast"
03:30,156,com.haoplay.game.and.exilium,"소녀전선2: 망명"
03:30,157,com.games.foundation,"파운데이션: 우주 전선"
03:30,158,com.ryonggame.soulhunteridle,"소울 헌터 키우기 : 방치형 RPG"
03:30,159,com.xone.gpkr,"ASURA: 블러드 앤 소울"
03:30,160,com.dreamwalker.kr.gp,"꿈의 여행자: 별빛 여정"
03:30,161,com.xmh.rpg.kr.an,"스카이 어비스: 혈맹의 서약"
03:30,162,com.ylqdhkr.gp,"엔터테인먼트 거물"
03:30,163,com.riftsky.mhg.kr.gp,"더 코지 플로리스트"
03:30,164,com.netmarble.bnsmkr,"블레이드&소울 레볼루션"
03:30,165,com.kakaogames.friendsKing,"프렌즈팝콘"
03:30,166,com.standegg.wulin,"잠룡 X 창세기전 콜라보"
03:30,167,com.igg.android.doomsdaylastsurvivors,"둠스데이: 영웅의 여정"
03:30,168,com.a3.topgirl.gplay,"Top Girl"
03:30,169,com.smallgiantgames.empires,"엠파이어 & 퍼즐 (Empires & Puzzles)"
03:30,170,com.namcobandaigames.spmoja010E,"ONE PIECE TREASURE CRUISE-RPG"
03:30,171,com.blizzard.wtcg.hearthstone,"하스스톤"
03:30,172,com.netmarble.nanakr,"일곱 개의 대죄: GRAND CROSS"
03:30,173,com.joycastle.mergematch,"Matching Story - Puzzle Games"
03:30,174,com.mobile.legends,"모바일 레전드: Bang Bang"
03:30,175,com.com2us.futuremlb.android.google.global.normal,"MLB 9이닝스 라이벌 26"
03:30,176,com.moonactive.cmboard,"Coin Master: 보드 어드벤처"
03:30,177,com.ncsoft.lineagem,"리니지M(12)"
03:30,178,com.sopt.mafia42.client,"마피아42"
03:30,179,apli879756.vmz,"괴수: 진화 연대기"
03:30,180,com.sundaytoz.kakao.anipang3.service,"애니팡3 - 매치 3 퍼즐"
03:30,181,com.redveilone.vardian,"바르디안 : 피의 맹세"
03:30,182,io.supercent.weaponrpg,"XP Hero (XP 히어로)"
03:30,183,com.ygjszkr.google,"귀판오분전-444뽑기 증정"
03:30,184,com.blizzard.diablo.immortal,"디아블로 이모탈"
03:30,185,com.Volcanus.Cheonsammu.aos,"천마지만 삼국지에서 무쌍중입니다"
03:30,186,com.YoStarKR.Arknights,"명일방주"
03:30,187,com.mojang.minecraftpe,"Minecraft: 나만의 세계를 꿈꾸고 만들어보세요"
03:30,188,com.supercell.clashroyale,"클래시 로얄 (Clash Royale)"
03:30,189,com.naddic.bbhero,"별별히어로 : RPG 맛집"
03:30,190,com.stove.epic7.google,"에픽세븐"
03:30,191,com.wireless.defenseland,"레이드 러시: 타워 디펜스"
03:30,192,com.ea.huntingsniper,"헌팅 스나이퍼"
03:30,193,com.ap.watcherofrealms,"워처 오브 렐름"
03:30,194,net.lightcon.windidle,"윈드러너 키우기 - 3000뽑기 증정!"
03:30,195,com.gear2.letsgolegends,"레츠고 레전드!"
03:30,196,com.plaium.tmm,"티니핑 매직 매치"
03:30,197,com.epicoro.castleclashers,"Castle Busters"
03:30,198,com.neowizgames.game.browndust2,"브라운더스트2 - 가슴 벅찬 RPG"
03:30,199,com.game.btjkr.and,"영혼 인도자：신의 이름으로"
03:30,200,com.xq.archeroii,"궁수의 전설2"
04:00,1,com.netmarble.sol,"SOL: enchant"
04:00,2,com.gof.global,"WOS: 화이트아웃 서바이벌"
04:00,3,com.nexon.ma,"메이플 키우기"
04:00,4,com.kurogame.wutheringwaves.global,"명조:워더링 웨이브"
04:00,5,com.run.tower.defense,"킹샷:Kingshot"
04:00,6,com.mergegames.gossipharbor,"가십하버: 합성 & 스토리 게임"
04:00,7,com.proximabeta.nikke,"승리의 여신: 니케"
04:00,8,com.dreamgames.royalmatch,"로얄 매치 Royal Match"
04:00,9,com.rxjhglkr.gp,"열혈강호: 넥스트"
04:00,10,com.roblox.client,"로블록스 (Roblox)"
04:00,11,com.ncsoft.lineagem19,"리니지M"
04:00,12,com.fun.lastwar.gp,"라스트 워: 서바이벌"
04:00,13,com.kakaogames.odin,"오딘: 발할라 라이징"
04:00,14,com.hottagames.nte,"이환"
04:00,15,com.devsisters.cc,"쿠키런 키우기 - 쿠키런: 크럼블"
04:00,16,com.HoYoverse.Nap,"젠레스 존 제로 - 주년 기념"
04:00,17,com.percent.aos.cooptd,"협타디: 협동 타워 디펜스"
04:00,18,com.readygo.barrel.gp,"라스트 Z: 서바이벌 슈터"
04:00,19,com.netmarble.thered,"뱀피르"
04:00,20,com.percent.aos.luckydefense,"운빨존많겜"
04:00,21,com.fatmerge.global,"테이스티 트레블: 합성 게임"
04:00,22,com.nhnent.Qpoker,"한게임 포커"
04:00,23,com.nhnent.pokerclassic,"한게임포커 클래식 : 7포커 홀덤 섯다 훌라 슬롯"
04:00,24,com.bhk.newslgkr,"삼국지: 천하결전"
04:00,25,com.gamedots.seasideescape,"씨사이드 익스케이프: 합성 & 스토리 게임"
04:00,26,com.playrix.gardenscapes,"꿈의 정원 (Gardenscapes)"
04:00,27,com.com2us.futurecpb.android.google.global.normal,"컴투스프로야구V26"
04:00,28,com.phs.global,"라스트 어사일럼: 페스트"
04:00,29,com.nexon.devcat.mm,"마비노기 모바일"
04:00,30,com.dreamgames.royalkingdom,"로얄 킹덤 (Royal Kingdom)"
04:00,31,com.nexon.fmk,"FC 모바일"
04:00,32,com.ncsoft.lineagew,"리니지W"
04:00,33,com.smilegate.chaoszero.stove.google,"카오스 제로 나이트메어"
04:00,34,com.nianticlabs.pokemongo,"Pokémon GO"
04:00,35,com.kingsgroup.sos,"S.O.S: 스테이트 오브 서바이벌"
04:00,36,com.king.candycrushsaga,"캔디크러쉬사가 (Candy Crush Saga)"
04:00,37,com.miHoYo.GenshinImpact,"원신-스네즈나야 오픈"
04:00,38,com.nexon.fo4m,"EA SPORTS FC Online M"
04:00,39,com.nexon.nsc.maplem,"메이플스토리M"
04:00,40,com.hollywood.merge,"할리우드 머지"
04:00,41,com.cola.game,"핫레스토랑: 머지&쿠킹"
04:00,42,com.playrix.township,"꿈의 마을 (Township)"
04:00,43,com.readygo.dark.gp,"Dark War Survival"
04:00,44,com.netmarble.tskgb,"세븐나이츠 리버스"
04:00,45,com.cedargames.mysterytown,"미스터리 타운: 합성 게임 (Mystery Town)"
04:00,46,com.NHNEnt.MSudda,"한게임 섯다&맞고"
04:00,47,com.HoYoverse.hkrpgoversea,"붕괴: 스타레일"
04:00,48,com.billionairegames.serares,"변신 키우기"
04:00,49,com.playrix.homescapes,"꿈의 집 (Homescapes)"
04:00,50,com.netmarble.raven2,"레이븐2"
04:00,51,com.orienjoy.heroland.kr,"히어로 랜드M"
04:00,52,com.netmarble.monster2,"몬길: STAR DIVE"
04:00,53,com.supercell.brawlstars,"브롤스타즈"
04:00,54,com.neowiz.games.poker,"피망 포커 : 카지노 로얄 - 홀덤, 7포커, 바둑이"
04:00,55,com.netmarble.rfnext,"RF 온라인 넥스트"
04:00,56,com.epidgames.trickcalrevive,"트릭컬 리바이브"
04:00,57,com.jsjskr.google,"토이 삼국"
04:00,58,com.kakaogames.umamusume,"우마무스메 프리티 더비"
04:00,59,com.kr.firegp,"I9: 인페르노 나인"
04:00,60,jp.co.ponos.battlecatskr,"냥코 대전쟁"
04:00,61,com.YoStarKR.MahjongSoul,"작혼: 리치 마작"
04:00,62,com.webzen.muangel.google,"뮤 모나크"
04:00,63,com.pubg.krmobile,"배틀그라운드"
04:00,64,com.webzen.mumonarch2.google,"뮤 모나크2"
04:00,65,com.ncsoft.aion2,"AION2"
04:00,66,com.gravity.romkrzeny.aos,"라그나로크M: Classic"
04:00,67,com.kakaogames.aaw,"아키에이지 워 (ArcheAge WAR)"
04:00,68,com.pockethaven.roguelegend,"로그 레전드: 로그라이크 RPG"
04:00,69,com.NHNEnt.NDuelgo,"한게임 신맞고 : 대한민국 원조 고스톱"
04:00,70,com.nexon.bluearchive,"블루 아카이브"
04:00,71,com.riotgames.league.wildrift,"리그 오브 레전드: 와일드 리프트"
04:00,72,com.netease.dunkcdjp,"NBA 덩크 시티"
04:00,73,com.Chodun.CatGunner,"총잡이 고양이 : 방치형 키우기 RPG"
04:00,74,com.nexon.mdnf,"던전앤파이터 모바일"
04:00,75,com.ncsoft.lineage2m19,"리니지2M"
04:00,76,com.percent.aos.randomdice2,"랜덤 다이스 2"
04:00,77,kr.haoplay.game.and.reverse,"리버스: 1999"
04:00,78,com.merge.cooking.theme.restaurant.food,"머지 쿠킹 테마 레스토랑"
04:00,79,com.highbrow.games.dvo,"드래곤빌리지3"
04:00,80,com.zzsjkr.google,"갓깨비 키우기-999뽑기 증정"
04:00,81,com.neowiz.games.newmatgo,"피망 뉴맞고: 고스톱 대표 맞고 게임"
04:00,82,com.ddup.zombiewaves.zw,"좀비 웨이브스"
04:00,83,com.zempot.wplpoker,"WPL : 홀덤, 토너먼트, 오마하, 올인폴드, 픽앤고"
04:00,84,io.randomco.travel,"Travel Town - 결합 어드벤처"
04:00,85,com.mhclyxpb.gatja,"동방 찻집"
04:00,86,com.gamespark.topking.gp,"탑 로드"
04:00,87,com.ujoygp.flower,"오늘의 꽃"
04:00,88,com.superplaystudios.disneysolitairedreams,"Disney Solitaire 디즈니 솔리테어"
04:00,89,com.netmarble.fgok,"페이트/그랜드 오더"
04:00,90,com.gametree.lhlr.gp,"그놈은 드래곤"
04:00,91,com.netmarble.lineageII,"리니지2 레볼루션"
04:00,92,com.xman.kr.gp,"X 클래시"
04:00,93,com.fowgames.kingdom2,"킹덤2: 타오르는 전장"
04:00,94,com.com2us.probaseball3d.normal.freefull.google.global.android.common,"컴투스프로야구2026"
04:00,95,com.gear2.growslayer,"슬레이어 키우기"
04:00,96,com.greenmushroom.boomblitz.gp,"탑 히어로즈"
04:00,97,com.funplus.ts.global,"타일 서바이벌"
04:00,98,com.joycity.im,"임진왜란: 조선의 반격"
04:00,99,jp.konami.pesam,"eFootball™"
04:00,100,defense.roguelike.cell.shoot.survivor,"세포 특공대"
04:00,101,com.xd.xdtglobal.gp,"두근두근타운"
04:00,102,com.nhn.AApoker,"한게임 로얄홀덤"
04:00,103,com.playrix.fishdomdd.gplay,"피쉬돔 (Fishdom)"
04:00,104,com.global.ztmslgkr,"퍼즐 오브 Z"
04:00,105,com.haegin.kbo,"2026 프로야구GO!"
04:00,106,com.ratinghope.gplay,"타이탄 러쉬: 서바이벌"
04:00,107,com.dwgames.chunorpg,"추노 키우기"
04:00,108,com.fiveminlab.overgeared.hero.backpack.merge,"템빨용사: 픽셀 아이템 머지 RPG"
04:00,109,com.ProjectMoon.LimbusCompany,"Limbus Company"
04:00,110,com.com2us.smon.normal.freefull.google.kr.android.common,"서머너즈 워 X 장송의 프리렌"
04:00,111,com.s01.global,"로드러쉬"
04:00,112,com.cyberjoy.galaxydefense,"갤럭시 디펜스 (Galaxy Defense)"
04:00,113,com.galasports.totalfootball.kr,"Total Football - 2026 북중미 시즌"
04:00,114,com.ulugame.hdqykrob.google,"아케론:종말의 서곡"
04:00,115,com.screenshake.dominodreams,"Domino Dreams™ 도미노 드림"
04:00,116,com.nexon.kart,"카트라이더 러쉬플러스"
04:00,117,com.zroute.global,"Z 루트: 리뎀션"
04:00,118,com.merge.game.foodstars,"푸드스타: 합쳐서 요리하기"
04:00,119,com.mxdzzkr.google,"버섯커 키우기-3000뽑기 증정"
04:00,120,com.hariwn.legendofcivilizations,"포지 마스터 (Forge Master)"
04:00,121,com.play.merge.restyle,"Merge Restyle"
04:00,122,game.qualiarts.hololive.dreams.com,"hololive Dreams"
04:00,123,com.smilegate.lordnine.stove.google,"로드나인"
04:00,124,net.gameduo.gv,"캣 히어로 : 방치형 RPG"
04:00,125,com.nexon.he,"히간: 이루실"
04:00,126,net.kernys.aooni,"좀비고등학교"
04:00,127,com.netease.dfjskr,"레이싱 마스터(Racing Master)"
04:00,128,com.justgame.jails,"랜드 오브 제일"
04:00,129,com.tg.jsxw.kr,"데블2M"
04:00,130,com.kr.firelite,"I9: 인페르노 나인(19) - 세로형 RPG"
04:00,131,com.sundaytoz.mobile.anipang2.google.kakao.service,"애니팡2 - 3매치 퍼즐게임"
04:00,132,com.lilithgames.rok.gpkr,"라이즈 오브 킹덤즈"
04:00,133,com.wemade.nightcrows,"나이트 크로우"
04:00,134,com.devsisters.ck,"쿠키런: 킹덤"
04:00,135,com.devsisters.gb,"쿠키런: 오븐브레이크"
04:00,136,com.hhsykr.gcz,"LUNAR：에버소울"
04:00,137,com.fatr.global,"호텔 레거시: 합성&리모델링"
04:00,138,com.plarium.raidlegends,"레이드: 그림자의 전설"
04:00,139,com.yzlmkr.google,"우와 모험단"
04:00,140,com.hybeim.architect,"아키텍트: 랜드 오브 엑자일"
04:00,141,jp.konami.masterduel,"Yu-Gi-Oh! Master Duel"
04:00,142,com.pocketchamps.game,"포켓 챔프: 3D 레이싱 게임"
04:00,143,com.bandainamcoent.gget_WW,"SD건담 지 제네레이션 이터널"
04:00,144,com.qjzj4399kr.google,"기적의 검"
04:00,145,com.papegames.lysk.kr,"러브앤딥스페이스"
04:00,146,com.hdfzxrpg.googlelb,"해적 키우기-방치형 RPG"
04:00,147,com.dlw.kr.google,"시티 데몬헌터즈: 각성자들"
04:00,148,com.camelgames.aoz,"에이지 오브 제트: 타워 디펜스"
04:00,149,com.multicastgames.butcher,"Butcher hero: 서바이벌 RPG"
04:00,150,com.supercell.clashofclans,"클래시 오브 클랜"
04:00,151,com.superplaystudios.dicedreams,"Dice Dreams™️ 다이스 드림"
04:00,152,com.netmarble.stonkey,"스톤에이지 키우기"
04:00,153,com.MelsoftGames.FamilyIslandFarm,"패밀리 아일랜드 - 농장모험게임"
04:00,154,com.lighthouse.freeplay.kr,"라스트 라이트: 디펜스"
04:00,155,net.peakgames.toonblast,"Toon Blast"
04:00,156,com.haoplay.game.and.exilium,"소녀전선2: 망명"
04:00,157,com.games.foundation,"파운데이션: 우주 전선"
04:00,158,com.ryonggame.soulhunteridle,"소울 헌터 키우기 : 방치형 RPG"
04:00,159,com.xone.gpkr,"ASURA: 블러드 앤 소울"
04:00,160,com.dreamwalker.kr.gp,"꿈의 여행자: 별빛 여정"
04:00,161,com.xmh.rpg.kr.an,"스카이 어비스: 혈맹의 서약"
04:00,162,com.ylqdhkr.gp,"엔터테인먼트 거물"
04:00,163,com.riftsky.mhg.kr.gp,"더 코지 플로리스트"
04:00,164,com.netmarble.bnsmkr,"블레이드&소울 레볼루션"
04:00,165,com.kakaogames.friendsKing,"프렌즈팝콘"
04:00,166,com.standegg.wulin,"잠룡 X 창세기전 콜라보"
04:00,167,com.igg.android.doomsdaylastsurvivors,"둠스데이: 영웅의 여정"
04:00,168,com.a3.topgirl.gplay,"Top Girl"
04:00,169,com.smallgiantgames.empires,"엠파이어 & 퍼즐 (Empires & Puzzles)"
04:00,170,com.namcobandaigames.spmoja010E,"ONE PIECE TREASURE CRUISE-RPG"
04:00,171,com.blizzard.wtcg.hearthstone,"하스스톤"
04:00,172,com.netmarble.nanakr,"일곱 개의 대죄: GRAND CROSS"
04:00,173,com.joycastle.mergematch,"Matching Story - Puzzle Games"
04:00,174,com.mobile.legends,"모바일 레전드: Bang Bang"
04:00,175,com.com2us.futuremlb.android.google.global.normal,"MLB 9이닝스 라이벌 26"
04:00,176,com.moonactive.cmboard,"Coin Master: 보드 어드벤처"
04:00,177,com.ncsoft.lineagem,"리니지M(12)"
04:00,178,com.sopt.mafia42.client,"마피아42"
04:00,179,apli879756.vmz,"괴수: 진화 연대기"
04:00,180,com.sundaytoz.kakao.anipang3.service,"애니팡3 - 매치 3 퍼즐"
04:00,181,com.redveilone.vardian,"바르디안 : 피의 맹세"
04:00,182,io.supercent.weaponrpg,"XP Hero (XP 히어로)"
04:00,183,com.ygjszkr.google,"귀판오분전-444뽑기 증정"
04:00,184,com.blizzard.diablo.immortal,"디아블로 이모탈"
04:00,185,com.Volcanus.Cheonsammu.aos,"천마지만 삼국지에서 무쌍중입니다"
04:00,186,com.YoStarKR.Arknights,"명일방주"
04:00,187,com.mojang.minecraftpe,"Minecraft: 나만의 세계를 꿈꾸고 만들어보세요"
04:00,188,com.supercell.clashroyale,"클래시 로얄 (Clash Royale)"
04:00,189,com.naddic.bbhero,"별별히어로 : RPG 맛집"
04:00,190,com.stove.epic7.google,"에픽세븐"
04:00,191,com.wireless.defenseland,"레이드 러시: 타워 디펜스"
04:00,192,com.ea.huntingsniper,"헌팅 스나이퍼"
04:00,193,com.ap.watcherofrealms,"워처 오브 렐름"
04:00,194,net.lightcon.windidle,"윈드러너 키우기 - 3000뽑기 증정!"
04:00,195,com.gear2.letsgolegends,"레츠고 레전드!"
04:00,196,com.plaium.tmm,"티니핑 매직 매치"
04:00,197,com.epicoro.castleclashers,"Castle Busters"
04:00,198,com.neowizgames.game.browndust2,"브라운더스트2 - 가슴 벅찬 RPG"
04:00,199,com.game.btjkr.and,"영혼 인도자：신의 이름으로"
04:00,200,com.xq.archeroii,"궁수의 전설2"
05:00,1,com.netmarble.sol,"SOL: enchant"
05:00,2,com.gof.global,"WOS: 화이트아웃 서바이벌"
05:00,3,com.nexon.ma,"메이플 키우기"
05:00,4,com.kurogame.wutheringwaves.global,"명조:워더링 웨이브"
05:00,5,com.run.tower.defense,"킹샷:Kingshot"
05:00,6,com.mergegames.gossipharbor,"가십하버: 합성 & 스토리 게임"
05:00,7,com.proximabeta.nikke,"승리의 여신: 니케"
05:00,8,com.dreamgames.royalmatch,"로얄 매치 Royal Match"
05:00,9,com.rxjhglkr.gp,"열혈강호: 넥스트"
05:00,10,com.roblox.client,"로블록스 (Roblox)"
05:00,11,com.ncsoft.lineagem19,"리니지M"
05:00,12,com.fun.lastwar.gp,"라스트 워: 서바이벌"
05:00,13,com.kakaogames.odin,"오딘: 발할라 라이징"
05:00,14,com.hottagames.nte,"이환"
05:00,15,com.devsisters.cc,"쿠키런 키우기 - 쿠키런: 크럼블"
05:00,16,com.HoYoverse.Nap,"젠레스 존 제로 - 주년 기념"
05:00,17,com.percent.aos.cooptd,"협타디: 협동 타워 디펜스"
05:00,18,com.readygo.barrel.gp,"라스트 Z: 서바이벌 슈터"
05:00,19,com.netmarble.thered,"뱀피르"
05:00,20,com.percent.aos.luckydefense,"운빨존많겜"
05:00,21,com.fatmerge.global,"테이스티 트레블: 합성 게임"
05:00,22,com.nhnent.Qpoker,"한게임 포커"
05:00,23,com.nhnent.pokerclassic,"한게임포커 클래식 : 7포커 홀덤 섯다 훌라 슬롯"
05:00,24,com.bhk.newslgkr,"삼국지: 천하결전"
05:00,25,com.gamedots.seasideescape,"씨사이드 익스케이프: 합성 & 스토리 게임"
05:00,26,com.playrix.gardenscapes,"꿈의 정원 (Gardenscapes)"
05:00,27,com.com2us.futurecpb.android.google.global.normal,"컴투스프로야구V26"
05:00,28,com.phs.global,"라스트 어사일럼: 페스트"
05:00,29,com.nexon.devcat.mm,"마비노기 모바일"
05:00,30,com.dreamgames.royalkingdom,"로얄 킹덤 (Royal Kingdom)"
05:00,31,com.nexon.fmk,"FC 모바일"
05:00,32,com.ncsoft.lineagew,"리니지W"
05:00,33,com.smilegate.chaoszero.stove.google,"카오스 제로 나이트메어"
05:00,34,com.nianticlabs.pokemongo,"Pokémon GO"
05:00,35,com.kingsgroup.sos,"S.O.S: 스테이트 오브 서바이벌"
05:00,36,com.king.candycrushsaga,"캔디크러쉬사가 (Candy Crush Saga)"
05:00,37,com.miHoYo.GenshinImpact,"원신-스네즈나야 오픈"
05:00,38,com.nexon.fo4m,"EA SPORTS FC Online M"
05:00,39,com.nexon.nsc.maplem,"메이플스토리M"
05:00,40,com.hollywood.merge,"할리우드 머지"
05:00,41,com.cola.game,"핫레스토랑: 머지&쿠킹"
05:00,42,com.playrix.township,"꿈의 마을 (Township)"
05:00,43,com.readygo.dark.gp,"Dark War Survival"
05:00,44,com.netmarble.tskgb,"세븐나이츠 리버스"
05:00,45,com.cedargames.mysterytown,"미스터리 타운: 합성 게임 (Mystery Town)"
05:00,46,com.NHNEnt.MSudda,"한게임 섯다&맞고"
05:00,47,com.HoYoverse.hkrpgoversea,"붕괴: 스타레일"
05:00,48,com.billionairegames.serares,"변신 키우기"
05:00,49,com.playrix.homescapes,"꿈의 집 (Homescapes)"
05:00,50,com.netmarble.raven2,"레이븐2"
05:00,51,com.orienjoy.heroland.kr,"히어로 랜드M"
05:00,52,com.netmarble.monster2,"몬길: STAR DIVE"
05:00,53,com.supercell.brawlstars,"브롤스타즈"
05:00,54,com.neowiz.games.poker,"피망 포커 : 카지노 로얄 - 홀덤, 7포커, 바둑이"
05:00,55,com.netmarble.rfnext,"RF 온라인 넥스트"
05:00,56,com.epidgames.trickcalrevive,"트릭컬 리바이브"
05:00,57,com.jsjskr.google,"토이 삼국"
05:00,58,com.kakaogames.umamusume,"우마무스메 프리티 더비"
05:00,59,com.kr.firegp,"I9: 인페르노 나인"
05:00,60,jp.co.ponos.battlecatskr,"냥코 대전쟁"
05:00,61,com.YoStarKR.MahjongSoul,"작혼: 리치 마작"
05:00,62,com.webzen.muangel.google,"뮤 모나크"
05:00,63,com.pubg.krmobile,"배틀그라운드"
05:00,64,com.webzen.mumonarch2.google,"뮤 모나크2"
05:00,65,com.ncsoft.aion2,"AION2"
05:00,66,com.gravity.romkrzeny.aos,"라그나로크M: Classic"
05:00,67,com.kakaogames.aaw,"아키에이지 워 (ArcheAge WAR)"
05:00,68,com.pockethaven.roguelegend,"로그 레전드: 로그라이크 RPG"
05:00,69,com.NHNEnt.NDuelgo,"한게임 신맞고 : 대한민국 원조 고스톱"
05:00,70,com.nexon.bluearchive,"블루 아카이브"
05:00,71,com.riotgames.league.wildrift,"리그 오브 레전드: 와일드 리프트"
05:00,72,com.netease.dunkcdjp,"NBA 덩크 시티"
05:00,73,com.Chodun.CatGunner,"총잡이 고양이 : 방치형 키우기 RPG"
05:00,74,com.nexon.mdnf,"던전앤파이터 모바일"
05:00,75,com.ncsoft.lineage2m19,"리니지2M"
05:00,76,com.percent.aos.randomdice2,"랜덤 다이스 2"
05:00,77,kr.haoplay.game.and.reverse,"리버스: 1999"
05:00,78,com.merge.cooking.theme.restaurant.food,"머지 쿠킹 테마 레스토랑"
05:00,79,com.highbrow.games.dvo,"드래곤빌리지3"
05:00,80,com.zzsjkr.google,"갓깨비 키우기-999뽑기 증정"
05:00,81,com.neowiz.games.newmatgo,"피망 뉴맞고: 고스톱 대표 맞고 게임"
05:00,82,com.ddup.zombiewaves.zw,"좀비 웨이브스"
05:00,83,com.zempot.wplpoker,"WPL : 홀덤, 토너먼트, 오마하, 올인폴드, 픽앤고"
05:00,84,io.randomco.travel,"Travel Town - 결합 어드벤처"
05:00,85,com.mhclyxpb.gatja,"동방 찻집"
05:00,86,com.gamespark.topking.gp,"탑 로드"
05:00,87,com.ujoygp.flower,"오늘의 꽃"
05:00,88,com.superplaystudios.disneysolitairedreams,"Disney Solitaire 디즈니 솔리테어"
05:00,89,com.netmarble.fgok,"페이트/그랜드 오더"
05:00,90,com.gametree.lhlr.gp,"그놈은 드래곤"
05:00,91,com.netmarble.lineageII,"리니지2 레볼루션"
05:00,92,com.xman.kr.gp,"X 클래시"
05:00,93,com.fowgames.kingdom2,"킹덤2: 타오르는 전장"
05:00,94,com.com2us.probaseball3d.normal.freefull.google.global.android.common,"컴투스프로야구2026"
05:00,95,com.gear2.growslayer,"슬레이어 키우기"
05:00,96,com.greenmushroom.boomblitz.gp,"탑 히어로즈"
05:00,97,com.funplus.ts.global,"타일 서바이벌"
05:00,98,com.joycity.im,"임진왜란: 조선의 반격"
05:00,99,jp.konami.pesam,"eFootball™"
05:00,100,defense.roguelike.cell.shoot.survivor,"세포 특공대"
05:00,101,com.xd.xdtglobal.gp,"두근두근타운"
05:00,102,com.nhn.AApoker,"한게임 로얄홀덤"
05:00,103,com.playrix.fishdomdd.gplay,"피쉬돔 (Fishdom)"
05:00,104,com.global.ztmslgkr,"퍼즐 오브 Z"
05:00,105,com.haegin.kbo,"2026 프로야구GO!"
05:00,106,com.ratinghope.gplay,"타이탄 러쉬: 서바이벌"
05:00,107,com.dwgames.chunorpg,"추노 키우기"
05:00,108,com.fiveminlab.overgeared.hero.backpack.merge,"템빨용사: 픽셀 아이템 머지 RPG"
05:00,109,com.ProjectMoon.LimbusCompany,"Limbus Company"
05:00,110,com.com2us.smon.normal.freefull.google.kr.android.common,"서머너즈 워 X 장송의 프리렌"
05:00,111,com.s01.global,"로드러쉬"
05:00,112,com.cyberjoy.galaxydefense,"갤럭시 디펜스 (Galaxy Defense)"
05:00,113,com.galasports.totalfootball.kr,"Total Football - 2026 북중미 시즌"
05:00,114,com.ulugame.hdqykrob.google,"아케론:종말의 서곡"
05:00,115,com.screenshake.dominodreams,"Domino Dreams™ 도미노 드림"
05:00,116,com.nexon.kart,"카트라이더 러쉬플러스"
05:00,117,com.zroute.global,"Z 루트: 리뎀션"
05:00,118,com.merge.game.foodstars,"푸드스타: 합쳐서 요리하기"
05:00,119,com.mxdzzkr.google,"버섯커 키우기-3000뽑기 증정"
05:00,120,com.hariwn.legendofcivilizations,"포지 마스터 (Forge Master)"
05:00,121,com.play.merge.restyle,"Merge Restyle"
05:00,122,game.qualiarts.hololive.dreams.com,"hololive Dreams"
05:00,123,com.smilegate.lordnine.stove.google,"로드나인"
05:00,124,net.gameduo.gv,"캣 히어로 : 방치형 RPG"
05:00,125,com.nexon.he,"히간: 이루실"
05:00,126,net.kernys.aooni,"좀비고등학교"
05:00,127,com.netease.dfjskr,"레이싱 마스터(Racing Master)"
05:00,128,com.justgame.jails,"랜드 오브 제일"
05:00,129,com.tg.jsxw.kr,"데블2M"
05:00,130,com.kr.firelite,"I9: 인페르노 나인(19) - 세로형 RPG"
05:00,131,com.sundaytoz.mobile.anipang2.google.kakao.service,"애니팡2 - 3매치 퍼즐게임"
05:00,132,com.lilithgames.rok.gpkr,"라이즈 오브 킹덤즈"
05:00,133,com.wemade.nightcrows,"나이트 크로우"
05:00,134,com.devsisters.ck,"쿠키런: 킹덤"
05:00,135,com.devsisters.gb,"쿠키런: 오븐브레이크"
05:00,136,com.hhsykr.gcz,"LUNAR：에버소울"
05:00,137,com.fatr.global,"호텔 레거시: 합성&리모델링"
05:00,138,com.plarium.raidlegends,"레이드: 그림자의 전설"
05:00,139,com.yzlmkr.google,"우와 모험단"
05:00,140,com.hybeim.architect,"아키텍트: 랜드 오브 엑자일"
05:00,141,jp.konami.masterduel,"Yu-Gi-Oh! Master Duel"
05:00,142,com.pocketchamps.game,"포켓 챔프: 3D 레이싱 게임"
05:00,143,com.bandainamcoent.gget_WW,"SD건담 지 제네레이션 이터널"
05:00,144,com.qjzj4399kr.google,"기적의 검"
05:00,145,com.papegames.lysk.kr,"러브앤딥스페이스"
05:00,146,com.hdfzxrpg.googlelb,"해적 키우기-방치형 RPG"
05:00,147,com.dlw.kr.google,"시티 데몬헌터즈: 각성자들"
05:00,148,com.camelgames.aoz,"에이지 오브 제트: 타워 디펜스"
05:00,149,com.multicastgames.butcher,"Butcher hero: 서바이벌 RPG"
05:00,150,com.supercell.clashofclans,"클래시 오브 클랜"
05:00,151,com.superplaystudios.dicedreams,"Dice Dreams™️ 다이스 드림"
05:00,152,com.netmarble.stonkey,"스톤에이지 키우기"
05:00,153,com.MelsoftGames.FamilyIslandFarm,"패밀리 아일랜드 - 농장모험게임"
05:00,154,com.lighthouse.freeplay.kr,"라스트 라이트: 디펜스"
05:00,155,net.peakgames.toonblast,"Toon Blast"
05:00,156,com.haoplay.game.and.exilium,"소녀전선2: 망명"
05:00,157,com.games.foundation,"파운데이션: 우주 전선"
05:00,158,com.ryonggame.soulhunteridle,"소울 헌터 키우기 : 방치형 RPG"
05:00,159,com.xone.gpkr,"ASURA: 블러드 앤 소울"
05:00,160,com.dreamwalker.kr.gp,"꿈의 여행자: 별빛 여정"
05:00,161,com.xmh.rpg.kr.an,"스카이 어비스: 혈맹의 서약"
05:00,162,com.ylqdhkr.gp,"엔터테인먼트 거물"
05:00,163,com.riftsky.mhg.kr.gp,"더 코지 플로리스트"
05:00,164,com.netmarble.bnsmkr,"블레이드&소울 레볼루션"
05:00,165,com.kakaogames.friendsKing,"프렌즈팝콘"
05:00,166,com.standegg.wulin,"잠룡 X 창세기전 콜라보"
05:00,167,com.igg.android.doomsdaylastsurvivors,"둠스데이: 영웅의 여정"
05:00,168,com.a3.topgirl.gplay,"Top Girl"
05:00,169,com.smallgiantgames.empires,"엠파이어 & 퍼즐 (Empires & Puzzles)"
05:00,170,com.namcobandaigames.spmoja010E,"ONE PIECE TREASURE CRUISE-RPG"
05:00,171,com.blizzard.wtcg.hearthstone,"하스스톤"
05:00,172,com.netmarble.nanakr,"일곱 개의 대죄: GRAND CROSS"
05:00,173,com.joycastle.mergematch,"Matching Story - Puzzle Games"
05:00,174,com.mobile.legends,"모바일 레전드: Bang Bang"
05:00,175,com.com2us.futuremlb.android.google.global.normal,"MLB 9이닝스 라이벌 26"
05:00,176,com.moonactive.cmboard,"Coin Master: 보드 어드벤처"
05:00,177,com.ncsoft.lineagem,"리니지M(12)"
05:00,178,com.sopt.mafia42.client,"마피아42"
05:00,179,apli879756.vmz,"괴수: 진화 연대기"
05:00,180,com.sundaytoz.kakao.anipang3.service,"애니팡3 - 매치 3 퍼즐"
05:00,181,com.redveilone.vardian,"바르디안 : 피의 맹세"
05:00,182,io.supercent.weaponrpg,"XP Hero (XP 히어로)"
05:00,183,com.ygjszkr.google,"귀판오분전-444뽑기 증정"
05:00,184,com.blizzard.diablo.immortal,"디아블로 이모탈"
05:00,185,com.Volcanus.Cheonsammu.aos,"천마지만 삼국지에서 무쌍중입니다"
05:00,186,com.YoStarKR.Arknights,"명일방주"
05:00,187,com.mojang.minecraftpe,"Minecraft: 나만의 세계를 꿈꾸고 만들어보세요"
05:00,188,com.supercell.clashroyale,"클래시 로얄 (Clash Royale)"
05:00,189,com.naddic.bbhero,"별별히어로 : RPG 맛집"
05:00,190,com.stove.epic7.google,"에픽세븐"
05:00,191,com.wireless.defenseland,"레이드 러시: 타워 디펜스"
05:00,192,com.ea.huntingsniper,"헌팅 스나이퍼"
05:00,193,com.ap.watcherofrealms,"워처 오브 렐름"
05:00,194,net.lightcon.windidle,"윈드러너 키우기 - 3000뽑기 증정!"
05:00,195,com.gear2.letsgolegends,"레츠고 레전드!"
05:00,196,com.plaium.tmm,"티니핑 매직 매치"
05:00,197,com.epicoro.castleclashers,"Castle Busters"
05:00,198,com.neowizgames.game.browndust2,"브라운더스트2 - 가슴 벅찬 RPG"
05:00,199,com.game.btjkr.and,"영혼 인도자：신의 이름으로"
05:00,200,com.xq.archeroii,"궁수의 전설2"
05:30,1,com.netmarble.sol,"SOL: enchant"
05:30,2,com.gof.global,"WOS: 화이트아웃 서바이벌"
05:30,3,com.nexon.ma,"메이플 키우기"
05:30,4,com.run.tower.defense,"킹샷:Kingshot"
05:30,5,com.kurogame.wutheringwaves.global,"명조:워더링 웨이브"
05:30,6,com.mergegames.gossipharbor,"가십하버: 합성 & 스토리 게임"
05:30,7,com.dreamgames.royalmatch,"로얄 매치 Royal Match"
05:30,8,com.proximabeta.nikke,"승리의 여신: 니케"
05:30,9,com.rxjhglkr.gp,"열혈강호: 넥스트"
05:30,10,com.roblox.client,"로블록스 (Roblox)"
05:30,11,com.ncsoft.lineagem19,"리니지M"
05:30,12,com.fun.lastwar.gp,"라스트 워: 서바이벌"
05:30,13,com.kakaogames.odin,"오딘: 발할라 라이징"
05:30,14,com.hottagames.nte,"이환"
05:30,15,com.devsisters.cc,"쿠키런 키우기 - 쿠키런: 크럼블"
05:30,16,com.HoYoverse.Nap,"젠레스 존 제로 - 주년 기념"
05:30,17,com.percent.aos.cooptd,"협타디: 협동 타워 디펜스"
05:30,18,com.readygo.barrel.gp,"라스트 Z: 서바이벌 슈터"
05:30,19,com.netmarble.thered,"뱀피르"
05:30,20,com.percent.aos.luckydefense,"운빨존많겜"
05:30,21,com.fatmerge.global,"테이스티 트레블: 합성 게임"
05:30,22,com.bhk.newslgkr,"삼국지: 천하결전"
05:30,23,com.nhnent.Qpoker,"한게임 포커"
05:30,24,com.gamedots.seasideescape,"씨사이드 익스케이프: 합성 & 스토리 게임"
05:30,25,com.playrix.gardenscapes,"꿈의 정원 (Gardenscapes)"
05:30,26,com.nhnent.pokerclassic,"한게임포커 클래식 : 7포커 홀덤 섯다 훌라 슬롯"
05:30,27,com.com2us.futurecpb.android.google.global.normal,"컴투스프로야구V26"
05:30,28,com.nexon.devcat.mm,"마비노기 모바일"
05:30,29,com.phs.global,"라스트 어사일럼: 페스트"
05:30,30,com.dreamgames.royalkingdom,"로얄 킹덤 (Royal Kingdom)"
05:30,31,com.nexon.fmk,"FC 모바일"
05:30,32,com.smilegate.chaoszero.stove.google,"카오스 제로 나이트메어"
05:30,33,com.ncsoft.lineagew,"리니지W"
05:30,34,com.nianticlabs.pokemongo,"Pokémon GO"
05:30,35,com.kingsgroup.sos,"S.O.S: 스테이트 오브 서바이벌"
05:30,36,com.king.candycrushsaga,"캔디크러쉬사가 (Candy Crush Saga)"
05:30,37,com.hollywood.merge,"할리우드 머지"
05:30,38,com.nexon.nsc.maplem,"메이플스토리M"
05:30,39,com.miHoYo.GenshinImpact,"원신-스네즈나야 오픈"
05:30,40,com.nexon.fo4m,"EA SPORTS FC Online M"
05:30,41,com.netmarble.tskgb,"세븐나이츠 리버스"
05:30,42,com.cola.game,"핫레스토랑: 머지&쿠킹"
05:30,43,com.playrix.township,"꿈의 마을 (Township)"
05:30,44,com.readygo.dark.gp,"Dark War Survival"
05:30,45,com.HoYoverse.hkrpgoversea,"붕괴: 스타레일"
05:30,46,com.cedargames.mysterytown,"미스터리 타운: 합성 게임 (Mystery Town)"
05:30,47,com.NHNEnt.MSudda,"한게임 섯다&맞고"
05:30,48,com.billionairegames.serares,"변신 키우기"
05:30,49,com.playrix.homescapes,"꿈의 집 (Homescapes)"
05:30,50,com.orienjoy.heroland.kr,"히어로 랜드M"
05:30,51,com.netmarble.raven2,"레이븐2"
05:30,52,com.supercell.brawlstars,"브롤스타즈"
05:30,53,com.netmarble.monster2,"몬길: STAR DIVE"
05:30,54,com.neowiz.games.poker,"피망 포커 : 카지노 로얄 - 홀덤, 7포커, 바둑이"
05:30,55,com.netmarble.rfnext,"RF 온라인 넥스트"
05:30,56,com.epidgames.trickcalrevive,"트릭컬 리바이브"
05:30,57,com.kr.firegp,"I9: 인페르노 나인"
05:30,58,com.jsjskr.google,"토이 삼국"
05:30,59,jp.co.ponos.battlecatskr,"냥코 대전쟁"
05:30,60,com.kakaogames.umamusume,"우마무스메 프리티 더비"
05:30,61,com.YoStarKR.MahjongSoul,"작혼: 리치 마작"
05:30,62,com.webzen.mumonarch2.google,"뮤 모나크2"
05:30,63,com.webzen.muangel.google,"뮤 모나크"
05:30,64,com.pubg.krmobile,"배틀그라운드"
05:30,65,com.gravity.romkrzeny.aos,"라그나로크M: Classic"
05:30,66,com.ncsoft.aion2,"AION2"
05:30,67,com.kakaogames.aaw,"아키에이지 워 (ArcheAge WAR)"
05:30,68,com.pockethaven.roguelegend,"로그 레전드: 로그라이크 RPG"
05:30,69,com.riotgames.league.wildrift,"리그 오브 레전드: 와일드 리프트"
05:30,70,com.nexon.bluearchive,"블루 아카이브"
05:30,71,com.NHNEnt.NDuelgo,"한게임 신맞고 : 대한민국 원조 고스톱"
05:30,72,com.percent.aos.randomdice2,"랜덤 다이스 2"
05:30,73,com.netease.dunkcdjp,"NBA 덩크 시티"
05:30,74,com.Chodun.CatGunner,"총잡이 고양이 : 방치형 키우기 RPG"
05:30,75,com.nexon.mdnf,"던전앤파이터 모바일"
05:30,76,com.ncsoft.lineage2m19,"리니지2M"
05:30,77,kr.haoplay.game.and.reverse,"리버스: 1999"
05:30,78,com.merge.cooking.theme.restaurant.food,"머지 쿠킹 테마 레스토랑"
05:30,79,com.highbrow.games.dvo,"드래곤빌리지3"
05:30,80,com.zzsjkr.google,"갓깨비 키우기-999뽑기 증정"
05:30,81,com.neowiz.games.newmatgo,"피망 뉴맞고: 고스톱 대표 맞고 게임"
05:30,82,io.randomco.travel,"Travel Town - 결합 어드벤처"
05:30,83,com.ddup.zombiewaves.zw,"좀비 웨이브스"
05:30,84,com.mhclyxpb.gatja,"동방 찻집"
05:30,85,com.superplaystudios.disneysolitairedreams,"Disney Solitaire 디즈니 솔리테어"
05:30,86,com.zempot.wplpoker,"WPL : 홀덤, 토너먼트, 오마하, 올인폴드, 픽앤고"
05:30,87,com.netmarble.fgok,"페이트/그랜드 오더"
05:30,88,com.gamespark.topking.gp,"탑 로드"
05:30,89,com.ujoygp.flower,"오늘의 꽃"
05:30,90,com.gametree.lhlr.gp,"그놈은 드래곤"
05:30,91,com.greenmushroom.boomblitz.gp,"탑 히어로즈"
05:30,92,com.netmarble.lineageII,"리니지2 레볼루션"
05:30,93,com.xman.kr.gp,"X 클래시"
05:30,94,com.fowgames.kingdom2,"킹덤2: 타오르는 전장"
05:30,95,com.com2us.probaseball3d.normal.freefull.google.global.android.common,"컴투스프로야구2026"
05:30,96,defense.roguelike.cell.shoot.survivor,"세포 특공대"
05:30,97,com.gear2.growslayer,"슬레이어 키우기"
05:30,98,com.funplus.ts.global,"타일 서바이벌"
05:30,99,com.joycity.im,"임진왜란: 조선의 반격"
05:30,100,jp.konami.pesam,"eFootball™"
05:30,101,com.playrix.fishdomdd.gplay,"피쉬돔 (Fishdom)"
05:30,102,com.xd.xdtglobal.gp,"두근두근타운"
05:30,103,com.ratinghope.gplay,"타이탄 러쉬: 서바이벌"
05:30,104,com.haegin.kbo,"2026 프로야구GO!"
05:30,105,com.nhn.AApoker,"한게임 로얄홀덤"
05:30,106,com.global.ztmslgkr,"퍼즐 오브 Z"
05:30,107,com.ProjectMoon.LimbusCompany,"Limbus Company"
05:30,108,com.dwgames.chunorpg,"추노 키우기"
05:30,109,com.fiveminlab.overgeared.hero.backpack.merge,"템빨용사: 픽셀 아이템 머지 RPG"
05:30,110,com.screenshake.dominodreams,"Domino Dreams™ 도미노 드림"
05:30,111,com.com2us.smon.normal.freefull.google.kr.android.common,"서머너즈 워 X 장송의 프리렌"
05:30,112,com.merge.game.foodstars,"푸드스타: 합쳐서 요리하기"
05:30,113,com.nexon.kart,"카트라이더 러쉬플러스"
05:30,114,com.s01.global,"로드러쉬"
05:30,115,com.cyberjoy.galaxydefense,"갤럭시 디펜스 (Galaxy Defense)"
05:30,116,com.galasports.totalfootball.kr,"Total Football - 2026 북중미 시즌"
05:30,117,com.ulugame.hdqykrob.google,"아케론:종말의 서곡"
05:30,118,com.zroute.global,"Z 루트: 리뎀션"
05:30,119,com.mxdzzkr.google,"버섯커 키우기-3000뽑기 증정"
05:30,120,com.hariwn.legendofcivilizations,"포지 마스터 (Forge Master)"
05:30,121,com.play.merge.restyle,"Merge Restyle"
05:30,122,game.qualiarts.hololive.dreams.com,"hololive Dreams"
05:30,123,com.smilegate.lordnine.stove.google,"로드나인"
05:30,124,net.gameduo.gv,"캣 히어로 : 방치형 RPG"
05:30,125,com.nexon.he,"히간: 이루실"
05:30,126,net.kernys.aooni,"좀비고등학교"
05:30,127,com.netease.dfjskr,"레이싱 마스터(Racing Master)"
05:30,128,com.justgame.jails,"랜드 오브 제일"
05:30,129,com.tg.jsxw.kr,"데블2M"
05:30,130,com.kr.firelite,"I9: 인페르노 나인(19) - 세로형 RPG"
05:30,131,com.sundaytoz.mobile.anipang2.google.kakao.service,"애니팡2 - 3매치 퍼즐게임"
05:30,132,com.papegames.lysk.kr,"러브앤딥스페이스"
05:30,133,com.lilithgames.rok.gpkr,"라이즈 오브 킹덤즈"
05:30,134,com.wemade.nightcrows,"나이트 크로우"
05:30,135,com.devsisters.ck,"쿠키런: 킹덤"
05:30,136,com.devsisters.gb,"쿠키런: 오븐브레이크"
05:30,137,com.hhsykr.gcz,"LUNAR：에버소울"
05:30,138,com.bandainamcoent.gget_WW,"SD건담 지 제네레이션 이터널"
05:30,139,com.fatr.global,"호텔 레거시: 합성&리모델링"
05:30,140,jp.konami.masterduel,"Yu-Gi-Oh! Master Duel"
05:30,141,com.plarium.raidlegends,"레이드: 그림자의 전설"
05:30,142,com.yzlmkr.google,"우와 모험단"
05:30,143,com.hybeim.architect,"아키텍트: 랜드 오브 엑자일"
05:30,144,com.pocketchamps.game,"포켓 챔프: 3D 레이싱 게임"
05:30,145,com.qjzj4399kr.google,"기적의 검"
05:30,146,com.supercell.clashofclans,"클래시 오브 클랜"
05:30,147,com.hdfzxrpg.googlelb,"해적 키우기-방치형 RPG"
05:30,148,com.dlw.kr.google,"시티 데몬헌터즈: 각성자들"
05:30,149,com.camelgames.aoz,"에이지 오브 제트: 타워 디펜스"
05:30,150,com.haoplay.game.and.exilium,"소녀전선2: 망명"
05:30,151,com.MelsoftGames.FamilyIslandFarm,"패밀리 아일랜드 - 농장모험게임"
05:30,152,net.peakgames.toonblast,"Toon Blast"
05:30,153,com.multicastgames.butcher,"Butcher hero: 서바이벌 RPG"
05:30,154,com.superplaystudios.dicedreams,"Dice Dreams™️ 다이스 드림"
05:30,155,com.netmarble.stonkey,"스톤에이지 키우기"
05:30,156,com.games.foundation,"파운데이션: 우주 전선"
05:30,157,com.lighthouse.freeplay.kr,"라스트 라이트: 디펜스"
05:30,158,com.netmarble.bnsmkr,"블레이드&소울 레볼루션"
05:30,159,com.ryonggame.soulhunteridle,"소울 헌터 키우기 : 방치형 RPG"
05:30,160,com.xone.gpkr,"ASURA: 블러드 앤 소울"
05:30,161,com.dreamwalker.kr.gp,"꿈의 여행자: 별빛 여정"
05:30,162,com.xmh.rpg.kr.an,"스카이 어비스: 혈맹의 서약"
05:30,163,com.ylqdhkr.gp,"엔터테인먼트 거물"
05:30,164,com.riftsky.mhg.kr.gp,"더 코지 플로리스트"
05:30,165,com.kakaogames.friendsKing,"프렌즈팝콘"
05:30,166,com.standegg.wulin,"잠룡 X 창세기전 콜라보"
05:30,167,com.joycastle.mergematch,"Matching Story - Puzzle Games"
05:30,168,com.smallgiantgames.empires,"엠파이어 & 퍼즐 (Empires & Puzzles)"
05:30,169,com.igg.android.doomsdaylastsurvivors,"둠스데이: 영웅의 여정"
05:30,170,com.a3.topgirl.gplay,"Top Girl"
05:30,171,com.netmarble.nanakr,"일곱 개의 대죄: GRAND CROSS"
05:30,172,com.namcobandaigames.spmoja010E,"ONE PIECE TREASURE CRUISE-RPG"
05:30,173,com.blizzard.wtcg.hearthstone,"하스스톤"
05:30,174,com.moonactive.cmboard,"Coin Master: 보드 어드벤처"
05:30,175,com.mobile.legends,"모바일 레전드: Bang Bang"
05:30,176,com.sundaytoz.kakao.anipang3.service,"애니팡3 - 매치 3 퍼즐"
05:30,177,com.com2us.futuremlb.android.google.global.normal,"MLB 9이닝스 라이벌 26"
05:30,178,com.ncsoft.lineagem,"리니지M(12)"
05:30,179,com.sopt.mafia42.client,"마피아42"
05:30,180,apli879756.vmz,"괴수: 진화 연대기"
05:30,181,com.redveilone.vardian,"바르디안 : 피의 맹세"
05:30,182,com.blizzard.diablo.immortal,"디아블로 이모탈"
05:30,183,io.supercent.weaponrpg,"XP Hero (XP 히어로)"
05:30,184,com.ygjszkr.google,"귀판오분전-444뽑기 증정"
05:30,185,com.ea.huntingsniper,"헌팅 스나이퍼"
05:30,186,com.gear2.letsgolegends,"레츠고 레전드!"
05:30,187,com.Volcanus.Cheonsammu.aos,"천마지만 삼국지에서 무쌍중입니다"
05:30,188,com.YoStarKR.Arknights,"명일방주"
05:30,189,net.lightcon.windidle,"윈드러너 키우기 - 3000뽑기 증정!"
05:30,190,com.epicoro.castleclashers,"Castle Busters"
05:30,191,com.neowizgames.game.browndust2,"브라운더스트2 - 가슴 벅찬 RPG"
05:30,192,com.plaium.tmm,"티니핑 매직 매치"
05:30,193,com.mojang.minecraftpe,"Minecraft: 나만의 세계를 꿈꾸고 만들어보세요"
05:30,194,com.supercell.clashroyale,"클래시 로얄 (Clash Royale)"
05:30,195,com.naddic.bbhero,"별별히어로 : RPG 맛집"
05:30,196,com.stove.epic7.google,"에픽세븐"
05:30,197,com.wireless.defenseland,"레이드 러시: 타워 디펜스"
05:30,198,com.ap.watcherofrealms,"워처 오브 렐름"
05:30,199,com.sundaytoz.kakao.anipang4,"애니팡4: 매치3 퍼즐 게임"
05:30,200,com.topgamesinc.evony,"에보니 - 왕의 귀환"
06:30,1,com.netmarble.sol,"SOL: enchant"
06:30,2,com.gof.global,"WOS: 화이트아웃 서바이벌"
06:30,3,com.nexon.ma,"메이플 키우기"
06:30,4,com.kurogame.wutheringwaves.global,"명조:워더링 웨이브"
06:30,5,com.run.tower.defense,"킹샷:Kingshot"
06:30,6,com.mergegames.gossipharbor,"가십하버: 합성 & 스토리 게임"
06:30,7,com.proximabeta.nikke,"승리의 여신: 니케"
06:30,8,com.dreamgames.royalmatch,"로얄 매치 Royal Match"
06:30,9,com.rxjhglkr.gp,"열혈강호: 넥스트"
06:30,10,com.roblox.client,"로블록스 (Roblox)"
06:30,11,com.ncsoft.lineagem19,"리니지M"
06:30,12,com.fun.lastwar.gp,"라스트 워: 서바이벌"
06:30,13,com.kakaogames.odin,"오딘: 발할라 라이징"
06:30,14,com.hottagames.nte,"이환"
06:30,15,com.devsisters.cc,"쿠키런 키우기 - 쿠키런: 크럼블"
06:30,16,com.HoYoverse.Nap,"젠레스 존 제로 - 주년 기념"
06:30,17,com.percent.aos.cooptd,"협타디: 협동 타워 디펜스"
06:30,18,com.readygo.barrel.gp,"라스트 Z: 서바이벌 슈터"
06:30,19,com.netmarble.thered,"뱀피르"
06:30,20,com.percent.aos.luckydefense,"운빨존많겜"
06:30,21,com.fatmerge.global,"테이스티 트레블: 합성 게임"
06:30,22,com.bhk.newslgkr,"삼국지: 천하결전"
06:30,23,com.nhnent.Qpoker,"한게임 포커"
06:30,24,com.gamedots.seasideescape,"씨사이드 익스케이프: 합성 & 스토리 게임"
06:30,25,com.playrix.gardenscapes,"꿈의 정원 (Gardenscapes)"
06:30,26,com.nhnent.pokerclassic,"한게임포커 클래식 : 7포커 홀덤 섯다 훌라 슬롯"
06:30,27,com.com2us.futurecpb.android.google.global.normal,"컴투스프로야구V26"
06:30,28,com.nexon.devcat.mm,"마비노기 모바일"
06:30,29,com.phs.global,"라스트 어사일럼: 페스트"
06:30,30,com.dreamgames.royalkingdom,"로얄 킹덤 (Royal Kingdom)"
06:30,31,com.nexon.fmk,"FC 모바일"
06:30,32,com.smilegate.chaoszero.stove.google,"카오스 제로 나이트메어"
06:30,33,com.ncsoft.lineagew,"리니지W"
06:30,34,com.nianticlabs.pokemongo,"Pokémon GO"
06:30,35,com.kingsgroup.sos,"S.O.S: 스테이트 오브 서바이벌"
06:30,36,com.king.candycrushsaga,"캔디크러쉬사가 (Candy Crush Saga)"
06:30,37,com.hollywood.merge,"할리우드 머지"
06:30,38,com.nexon.nsc.maplem,"메이플스토리M"
06:30,39,com.miHoYo.GenshinImpact,"원신-스네즈나야 오픈"
06:30,40,com.nexon.fo4m,"EA SPORTS FC Online M"
06:30,41,com.cola.game,"핫레스토랑: 머지&쿠킹"
06:30,42,com.playrix.township,"꿈의 마을 (Township)"
06:30,43,com.netmarble.tskgb,"세븐나이츠 리버스"
06:30,44,com.cedargames.mysterytown,"미스터리 타운: 합성 게임 (Mystery Town)"
06:30,45,com.readygo.dark.gp,"Dark War Survival"
06:30,46,com.HoYoverse.hkrpgoversea,"붕괴: 스타레일"
06:30,47,com.NHNEnt.MSudda,"한게임 섯다&맞고"
06:30,48,com.billionairegames.serares,"변신 키우기"
06:30,49,com.playrix.homescapes,"꿈의 집 (Homescapes)"
06:30,50,com.orienjoy.heroland.kr,"히어로 랜드M"
06:30,51,com.netmarble.raven2,"레이븐2"
06:30,52,com.supercell.brawlstars,"브롤스타즈"
06:30,53,com.netmarble.monster2,"몬길: STAR DIVE"
06:30,54,com.neowiz.games.poker,"피망 포커 : 카지노 로얄 - 홀덤, 7포커, 바둑이"
06:30,55,com.netmarble.rfnext,"RF 온라인 넥스트"
06:30,56,com.epidgames.trickcalrevive,"트릭컬 리바이브"
06:30,57,com.kr.firegp,"I9: 인페르노 나인"
06:30,58,com.jsjskr.google,"토이 삼국"
06:30,59,jp.co.ponos.battlecatskr,"냥코 대전쟁"
06:30,60,com.kakaogames.umamusume,"우마무스메 프리티 더비"
06:30,61,com.YoStarKR.MahjongSoul,"작혼: 리치 마작"
06:30,62,com.webzen.mumonarch2.google,"뮤 모나크2"
06:30,63,com.webzen.muangel.google,"뮤 모나크"
06:30,64,com.pubg.krmobile,"배틀그라운드"
06:30,65,com.gravity.romkrzeny.aos,"라그나로크M: Classic"
06:30,66,com.ncsoft.aion2,"AION2"
06:30,67,com.kakaogames.aaw,"아키에이지 워 (ArcheAge WAR)"
06:30,68,com.pockethaven.roguelegend,"로그 레전드: 로그라이크 RPG"
06:30,69,com.Chodun.CatGunner,"총잡이 고양이 : 방치형 키우기 RPG"
06:30,70,com.riotgames.league.wildrift,"리그 오브 레전드: 와일드 리프트"
06:30,71,com.nexon.bluearchive,"블루 아카이브"
06:30,72,com.NHNEnt.NDuelgo,"한게임 신맞고 : 대한민국 원조 고스톱"
06:30,73,com.ncsoft.lineage2m19,"리니지2M"
06:30,74,com.percent.aos.randomdice2,"랜덤 다이스 2"
06:30,75,kr.haoplay.game.and.reverse,"리버스: 1999"
06:30,76,com.netease.dunkcdjp,"NBA 덩크 시티"
06:30,77,com.nexon.mdnf,"던전앤파이터 모바일"
06:30,78,com.merge.cooking.theme.restaurant.food,"머지 쿠킹 테마 레스토랑"
06:30,79,com.neowiz.games.newmatgo,"피망 뉴맞고: 고스톱 대표 맞고 게임"
06:30,80,com.highbrow.games.dvo,"드래곤빌리지3"
06:30,81,com.zzsjkr.google,"갓깨비 키우기-999뽑기 증정"
06:30,82,jp.konami.pesam,"eFootball™"
06:30,83,io.randomco.travel,"Travel Town - 결합 어드벤처"
06:30,84,com.ddup.zombiewaves.zw,"좀비 웨이브스"
06:30,85,com.mhclyxpb.gatja,"동방 찻집"
06:30,86,com.superplaystudios.disneysolitairedreams,"Disney Solitaire 디즈니 솔리테어"
06:30,87,com.zempot.wplpoker,"WPL : 홀덤, 토너먼트, 오마하, 올인폴드, 픽앤고"
06:30,88,com.netmarble.fgok,"페이트/그랜드 오더"
06:30,89,com.gamespark.topking.gp,"탑 로드"
06:30,90,com.ujoygp.flower,"오늘의 꽃"
06:30,91,com.gametree.lhlr.gp,"그놈은 드래곤"
06:30,92,com.xman.kr.gp,"X 클래시"
06:30,93,com.com2us.probaseball3d.normal.freefull.google.global.android.common,"컴투스프로야구2026"
06:30,94,com.greenmushroom.boomblitz.gp,"탑 히어로즈"
06:30,95,com.netmarble.lineageII,"리니지2 레볼루션"
06:30,96,com.funplus.ts.global,"타일 서바이벌"
06:30,97,com.gear2.growslayer,"슬레이어 키우기"
06:30,98,com.fowgames.kingdom2,"킹덤2: 타오르는 전장"
06:30,99,defense.roguelike.cell.shoot.survivor,"세포 특공대"
06:30,100,com.joycity.im,"임진왜란: 조선의 반격"
06:30,101,com.playrix.fishdomdd.gplay,"피쉬돔 (Fishdom)"
06:30,102,com.xd.xdtglobal.gp,"두근두근타운"
06:30,103,com.ratinghope.gplay,"타이탄 러쉬: 서바이벌"
06:30,104,com.haegin.kbo,"2026 프로야구GO!"
06:30,105,com.nhn.AApoker,"한게임 로얄홀덤"
06:30,106,com.global.ztmslgkr,"퍼즐 오브 Z"
06:30,107,com.com2us.smon.normal.freefull.google.kr.android.common,"서머너즈 워 X 장송의 프리렌"
06:30,108,com.ProjectMoon.LimbusCompany,"Limbus Company"
06:30,109,com.fiveminlab.overgeared.hero.backpack.merge,"템빨용사: 픽셀 아이템 머지 RPG"
06:30,110,com.dwgames.chunorpg,"추노 키우기"
06:30,111,com.screenshake.dominodreams,"Domino Dreams™ 도미노 드림"
06:30,112,com.cyberjoy.galaxydefense,"갤럭시 디펜스 (Galaxy Defense)"
06:30,113,com.merge.game.foodstars,"푸드스타: 합쳐서 요리하기"
06:30,114,com.nexon.kart,"카트라이더 러쉬플러스"
06:30,115,com.s01.global,"로드러쉬"
06:30,116,com.galasports.totalfootball.kr,"Total Football - 2026 북중미 시즌"
06:30,117,com.ulugame.hdqykrob.google,"아케론:종말의 서곡"
06:30,118,com.zroute.global,"Z 루트: 리뎀션"
06:30,119,com.play.merge.restyle,"Merge Restyle"
06:30,120,game.qualiarts.hololive.dreams.com,"hololive Dreams"
06:30,121,com.hariwn.legendofcivilizations,"포지 마스터 (Forge Master)"
06:30,122,com.mxdzzkr.google,"버섯커 키우기-3000뽑기 증정"
06:30,123,com.smilegate.lordnine.stove.google,"로드나인"
06:30,124,net.gameduo.gv,"캣 히어로 : 방치형 RPG"
06:30,125,com.justgame.jails,"랜드 오브 제일"
06:30,126,com.nexon.he,"히간: 이루실"
06:30,127,com.kr.firelite,"I9: 인페르노 나인(19) - 세로형 RPG"
06:30,128,net.kernys.aooni,"좀비고등학교"
06:30,129,com.netease.dfjskr,"레이싱 마스터(Racing Master)"
06:30,130,com.tg.jsxw.kr,"데블2M"
06:30,131,com.sundaytoz.mobile.anipang2.google.kakao.service,"애니팡2 - 3매치 퍼즐게임"
06:30,132,com.papegames.lysk.kr,"러브앤딥스페이스"
06:30,133,com.fatr.global,"호텔 레거시: 합성&리모델링"
06:30,134,com.plarium.raidlegends,"레이드: 그림자의 전설"
06:30,135,com.lilithgames.rok.gpkr,"라이즈 오브 킹덤즈"
06:30,136,com.wemade.nightcrows,"나이트 크로우"
06:30,137,com.devsisters.ck,"쿠키런: 킹덤"
06:30,138,com.devsisters.gb,"쿠키런: 오븐브레이크"
06:30,139,com.pocketchamps.game,"포켓 챔프: 3D 레이싱 게임"
06:30,140,com.hhsykr.gcz,"LUNAR：에버소울"
06:30,141,com.bandainamcoent.gget_WW,"SD건담 지 제네레이션 이터널"
06:30,142,jp.konami.masterduel,"Yu-Gi-Oh! Master Duel"
06:30,143,com.yzlmkr.google,"우와 모험단"
06:30,144,com.hybeim.architect,"아키텍트: 랜드 오브 엑자일"
06:30,145,com.multicastgames.butcher,"Butcher hero: 서바이벌 RPG"
06:30,146,com.qjzj4399kr.google,"기적의 검"
06:30,147,com.supercell.clashofclans,"클래시 오브 클랜"
06:30,148,com.superplaystudios.dicedreams,"Dice Dreams™️ 다이스 드림"
06:30,149,com.hdfzxrpg.googlelb,"해적 키우기-방치형 RPG"
06:30,150,com.dlw.kr.google,"시티 데몬헌터즈: 각성자들"
06:30,151,com.camelgames.aoz,"에이지 오브 제트: 타워 디펜스"
06:30,152,com.haoplay.game.and.exilium,"소녀전선2: 망명"
06:30,153,com.MelsoftGames.FamilyIslandFarm,"패밀리 아일랜드 - 농장모험게임"
06:30,154,net.peakgames.toonblast,"Toon Blast"
06:30,155,com.netmarble.stonkey,"스톤에이지 키우기"
06:30,156,com.ryonggame.soulhunteridle,"소울 헌터 키우기 : 방치형 RPG"
06:30,157,com.games.foundation,"파운데이션: 우주 전선"
06:30,158,com.lighthouse.freeplay.kr,"라스트 라이트: 디펜스"
06:30,159,com.netmarble.bnsmkr,"블레이드&소울 레볼루션"
06:30,160,com.xmh.rpg.kr.an,"스카이 어비스: 혈맹의 서약"
06:30,161,com.standegg.wulin,"잠룡 X 창세기전 콜라보"
06:30,162,com.riftsky.mhg.kr.gp,"더 코지 플로리스트"
06:30,163,com.namcobandaigames.spmoja010E,"ONE PIECE TREASURE CRUISE-RPG"
06:30,164,com.xone.gpkr,"ASURA: 블러드 앤 소울"
06:30,165,com.dreamwalker.kr.gp,"꿈의 여행자: 별빛 여정"
06:30,166,com.ylqdhkr.gp,"엔터테인먼트 거물"
06:30,167,com.kakaogames.friendsKing,"프렌즈팝콘"
06:30,168,com.igg.android.doomsdaylastsurvivors,"둠스데이: 영웅의 여정"
06:30,169,com.joycastle.mergematch,"Matching Story - Puzzle Games"
06:30,170,com.smallgiantgames.empires,"엠파이어 & 퍼즐 (Empires & Puzzles)"
06:30,171,com.blizzard.wtcg.hearthstone,"하스스톤"
06:30,172,com.a3.topgirl.gplay,"Top Girl"
06:30,173,com.netmarble.nanakr,"일곱 개의 대죄: GRAND CROSS"
06:30,174,com.moonactive.cmboard,"Coin Master: 보드 어드벤처"
06:30,175,com.mobile.legends,"모바일 레전드: Bang Bang"
06:30,176,com.sundaytoz.kakao.anipang3.service,"애니팡3 - 매치 3 퍼즐"
06:30,177,com.com2us.futuremlb.android.google.global.normal,"MLB 9이닝스 라이벌 26"
06:30,178,com.ncsoft.lineagem,"리니지M(12)"
06:30,179,com.sopt.mafia42.client,"마피아42"
06:30,180,apli879756.vmz,"괴수: 진화 연대기"
06:30,181,com.redveilone.vardian,"바르디안 : 피의 맹세"
06:30,182,com.blizzard.diablo.immortal,"디아블로 이모탈"
06:30,183,io.supercent.weaponrpg,"XP Hero (XP 히어로)"
06:30,184,com.ygjszkr.google,"귀판오분전-444뽑기 증정"
06:30,185,com.YoStarKR.Arknights,"명일방주"
06:30,186,com.supercell.clashroyale,"클래시 로얄 (Clash Royale)"
06:30,187,com.ea.huntingsniper,"헌팅 스나이퍼"
06:30,188,com.mojang.minecraftpe,"Minecraft: 나만의 세계를 꿈꾸고 만들어보세요"
06:30,189,com.gear2.letsgolegends,"레츠고 레전드!"
06:30,190,com.Volcanus.Cheonsammu.aos,"천마지만 삼국지에서 무쌍중입니다"
06:30,191,net.lightcon.windidle,"윈드러너 키우기 - 3000뽑기 증정!"
06:30,192,com.wireless.defenseland,"레이드 러시: 타워 디펜스"
06:30,193,com.epicoro.castleclashers,"Castle Busters"
06:30,194,com.naddic.bbhero,"별별히어로 : RPG 맛집"
06:30,195,com.neowizgames.game.browndust2,"브라운더스트2 - 가슴 벅찬 RPG"
06:30,196,com.plaium.tmm,"티니핑 매직 매치"
06:30,197,com.ap.watcherofrealms,"워처 오브 렐름"
06:30,198,com.xq.archeroii,"궁수의 전설2"
06:30,199,com.stove.epic7.google,"에픽세븐"
06:30,200,com.sundaytoz.kakao.anipang4,"애니팡4: 매치3 퍼즐 게임"
07:30,1,com.netmarble.sol,"SOL: enchant"
07:30,2,com.gof.global,"WOS: 화이트아웃 서바이벌"
07:30,3,com.nexon.ma,"메이플 키우기"
07:30,4,com.kurogame.wutheringwaves.global,"명조:워더링 웨이브"
07:30,5,com.run.tower.defense,"킹샷:Kingshot"
07:30,6,com.mergegames.gossipharbor,"가십하버: 합성 & 스토리 게임"
07:30,7,com.proximabeta.nikke,"승리의 여신: 니케"
07:30,8,com.dreamgames.royalmatch,"로얄 매치 Royal Match"
07:30,9,com.rxjhglkr.gp,"열혈강호: 넥스트"
07:30,10,com.roblox.client,"로블록스 (Roblox)"
07:30,11,com.ncsoft.lineagem19,"리니지M"
07:30,12,com.fun.lastwar.gp,"라스트 워: 서바이벌"
07:30,13,com.kakaogames.odin,"오딘: 발할라 라이징"
07:30,14,com.hottagames.nte,"이환"
07:30,15,com.devsisters.cc,"쿠키런 키우기 - 쿠키런: 크럼블"
07:30,16,com.HoYoverse.Nap,"젠레스 존 제로 - 주년 기념"
07:30,17,com.percent.aos.cooptd,"협타디: 협동 타워 디펜스"
07:30,18,com.readygo.barrel.gp,"라스트 Z: 서바이벌 슈터"
07:30,19,com.netmarble.thered,"뱀피르"
07:30,20,com.percent.aos.luckydefense,"운빨존많겜"
07:30,21,com.fatmerge.global,"테이스티 트레블: 합성 게임"
07:30,22,com.bhk.newslgkr,"삼국지: 천하결전"
07:30,23,com.nhnent.Qpoker,"한게임 포커"
07:30,24,com.gamedots.seasideescape,"씨사이드 익스케이프: 합성 & 스토리 게임"
07:30,25,com.playrix.gardenscapes,"꿈의 정원 (Gardenscapes)"
07:30,26,com.nhnent.pokerclassic,"한게임포커 클래식 : 7포커 홀덤 섯다 훌라 슬롯"
07:30,27,com.com2us.futurecpb.android.google.global.normal,"컴투스프로야구V26"
07:30,28,com.nexon.devcat.mm,"마비노기 모바일"
07:30,29,com.phs.global,"라스트 어사일럼: 페스트"
07:30,30,com.dreamgames.royalkingdom,"로얄 킹덤 (Royal Kingdom)"
07:30,31,com.nexon.fmk,"FC 모바일"
07:30,32,com.smilegate.chaoszero.stove.google,"카오스 제로 나이트메어"
07:30,33,com.ncsoft.lineagew,"리니지W"
07:30,34,com.nianticlabs.pokemongo,"Pokémon GO"
07:30,35,com.kingsgroup.sos,"S.O.S: 스테이트 오브 서바이벌"
07:30,36,com.king.candycrushsaga,"캔디크러쉬사가 (Candy Crush Saga)"
07:30,37,com.hollywood.merge,"할리우드 머지"
07:30,38,com.nexon.nsc.maplem,"메이플스토리M"
07:30,39,com.miHoYo.GenshinImpact,"원신-스네즈나야 오픈"
07:30,40,com.nexon.fo4m,"EA SPORTS FC Online M"
07:30,41,com.cola.game,"핫레스토랑: 머지&쿠킹"
07:30,42,com.playrix.township,"꿈의 마을 (Township)"
07:30,43,com.netmarble.tskgb,"세븐나이츠 리버스"
07:30,44,com.cedargames.mysterytown,"미스터리 타운: 합성 게임 (Mystery Town)"
07:30,45,com.readygo.dark.gp,"Dark War Survival"
07:30,46,com.HoYoverse.hkrpgoversea,"붕괴: 스타레일"
07:30,47,com.NHNEnt.MSudda,"한게임 섯다&맞고"
07:30,48,com.billionairegames.serares,"변신 키우기"
07:30,49,com.playrix.homescapes,"꿈의 집 (Homescapes)"
07:30,50,com.orienjoy.heroland.kr,"히어로 랜드M"
07:30,51,com.netmarble.raven2,"레이븐2"
07:30,52,com.supercell.brawlstars,"브롤스타즈"
07:30,53,com.netmarble.monster2,"몬길: STAR DIVE"
07:30,54,com.neowiz.games.poker,"피망 포커 : 카지노 로얄 - 홀덤, 7포커, 바둑이"
07:30,55,com.netmarble.rfnext,"RF 온라인 넥스트"
07:30,56,com.epidgames.trickcalrevive,"트릭컬 리바이브"
07:30,57,com.kr.firegp,"I9: 인페르노 나인"
07:30,58,com.jsjskr.google,"토이 삼국"
07:30,59,jp.co.ponos.battlecatskr,"냥코 대전쟁"
07:30,60,com.kakaogames.umamusume,"우마무스메 프리티 더비"
07:30,61,com.YoStarKR.MahjongSoul,"작혼: 리치 마작"
07:30,62,com.webzen.mumonarch2.google,"뮤 모나크2"
07:30,63,com.webzen.muangel.google,"뮤 모나크"
07:30,64,com.pubg.krmobile,"배틀그라운드"
07:30,65,com.gravity.romkrzeny.aos,"라그나로크M: Classic"
07:30,66,com.ncsoft.aion2,"AION2"
07:30,67,com.kakaogames.aaw,"아키에이지 워 (ArcheAge WAR)"
07:30,68,com.pockethaven.roguelegend,"로그 레전드: 로그라이크 RPG"
07:30,69,com.Chodun.CatGunner,"총잡이 고양이 : 방치형 키우기 RPG"
07:30,70,com.riotgames.league.wildrift,"리그 오브 레전드: 와일드 리프트"
07:30,71,com.nexon.bluearchive,"블루 아카이브"
07:30,72,com.NHNEnt.NDuelgo,"한게임 신맞고 : 대한민국 원조 고스톱"
07:30,73,com.ncsoft.lineage2m19,"리니지2M"
07:30,74,com.percent.aos.randomdice2,"랜덤 다이스 2"
07:30,75,kr.haoplay.game.and.reverse,"리버스: 1999"
07:30,76,com.netease.dunkcdjp,"NBA 덩크 시티"
07:30,77,com.nexon.mdnf,"던전앤파이터 모바일"
07:30,78,com.merge.cooking.theme.restaurant.food,"머지 쿠킹 테마 레스토랑"
07:30,79,com.neowiz.games.newmatgo,"피망 뉴맞고: 고스톱 대표 맞고 게임"
07:30,80,com.highbrow.games.dvo,"드래곤빌리지3"
07:30,81,com.zzsjkr.google,"갓깨비 키우기-999뽑기 증정"
07:30,82,jp.konami.pesam,"eFootball™"
07:30,83,io.randomco.travel,"Travel Town - 결합 어드벤처"
07:30,84,com.ddup.zombiewaves.zw,"좀비 웨이브스"
07:30,85,com.mhclyxpb.gatja,"동방 찻집"
07:30,86,com.superplaystudios.disneysolitairedreams,"Disney Solitaire 디즈니 솔리테어"
07:30,87,com.zempot.wplpoker,"WPL : 홀덤, 토너먼트, 오마하, 올인폴드, 픽앤고"
07:30,88,com.netmarble.fgok,"페이트/그랜드 오더"
07:30,89,com.gamespark.topking.gp,"탑 로드"
07:30,90,com.ujoygp.flower,"오늘의 꽃"
07:30,91,com.gametree.lhlr.gp,"그놈은 드래곤"
07:30,92,com.xman.kr.gp,"X 클래시"
07:30,93,com.com2us.probaseball3d.normal.freefull.google.global.android.common,"컴투스프로야구2026"
07:30,94,com.greenmushroom.boomblitz.gp,"탑 히어로즈"
07:30,95,com.netmarble.lineageII,"리니지2 레볼루션"
07:30,96,com.funplus.ts.global,"타일 서바이벌"
07:30,97,com.gear2.growslayer,"슬레이어 키우기"
07:30,98,com.fowgames.kingdom2,"킹덤2: 타오르는 전장"
07:30,99,defense.roguelike.cell.shoot.survivor,"세포 특공대"
07:30,100,com.joycity.im,"임진왜란: 조선의 반격"
07:30,101,com.playrix.fishdomdd.gplay,"피쉬돔 (Fishdom)"
07:30,102,com.xd.xdtglobal.gp,"두근두근타운"
07:30,103,com.ratinghope.gplay,"타이탄 러쉬: 서바이벌"
07:30,104,com.haegin.kbo,"2026 프로야구GO!"
07:30,105,com.nhn.AApoker,"한게임 로얄홀덤"
07:30,106,com.global.ztmslgkr,"퍼즐 오브 Z"
07:30,107,com.com2us.smon.normal.freefull.google.kr.android.common,"서머너즈 워 X 장송의 프리렌"
07:30,108,com.ProjectMoon.LimbusCompany,"Limbus Company"
07:30,109,com.fiveminlab.overgeared.hero.backpack.merge,"템빨용사: 픽셀 아이템 머지 RPG"
07:30,110,com.dwgames.chunorpg,"추노 키우기"
07:30,111,com.screenshake.dominodreams,"Domino Dreams™ 도미노 드림"
07:30,112,com.cyberjoy.galaxydefense,"갤럭시 디펜스 (Galaxy Defense)"
07:30,113,com.merge.game.foodstars,"푸드스타: 합쳐서 요리하기"
07:30,114,com.nexon.kart,"카트라이더 러쉬플러스"
07:30,115,com.s01.global,"로드러쉬"
07:30,116,com.galasports.totalfootball.kr,"Total Football - 2026 북중미 시즌"
07:30,117,com.ulugame.hdqykrob.google,"아케론:종말의 서곡"
07:30,118,com.zroute.global,"Z 루트: 리뎀션"
07:30,119,com.play.merge.restyle,"Merge Restyle"
07:30,120,game.qualiarts.hololive.dreams.com,"hololive Dreams"
07:30,121,com.hariwn.legendofcivilizations,"포지 마스터 (Forge Master)"
07:30,122,com.mxdzzkr.google,"버섯커 키우기-3000뽑기 증정"
07:30,123,com.smilegate.lordnine.stove.google,"로드나인"
07:30,124,net.gameduo.gv,"캣 히어로 : 방치형 RPG"
07:30,125,com.justgame.jails,"랜드 오브 제일"
07:30,126,com.nexon.he,"히간: 이루실"
07:30,127,com.kr.firelite,"I9: 인페르노 나인(19) - 세로형 RPG"
07:30,128,net.kernys.aooni,"좀비고등학교"
07:30,129,com.netease.dfjskr,"레이싱 마스터(Racing Master)"
07:30,130,com.tg.jsxw.kr,"데블2M"
07:30,131,com.sundaytoz.mobile.anipang2.google.kakao.service,"애니팡2 - 3매치 퍼즐게임"
07:30,132,com.papegames.lysk.kr,"러브앤딥스페이스"
07:30,133,com.fatr.global,"호텔 레거시: 합성&리모델링"
07:30,134,com.plarium.raidlegends,"레이드: 그림자의 전설"
07:30,135,com.lilithgames.rok.gpkr,"라이즈 오브 킹덤즈"
07:30,136,com.wemade.nightcrows,"나이트 크로우"
07:30,137,com.devsisters.ck,"쿠키런: 킹덤"
07:30,138,com.devsisters.gb,"쿠키런: 오븐브레이크"
07:30,139,com.pocketchamps.game,"포켓 챔프: 3D 레이싱 게임"
07:30,140,com.hhsykr.gcz,"LUNAR：에버소울"
07:30,141,com.bandainamcoent.gget_WW,"SD건담 지 제네레이션 이터널"
07:30,142,jp.konami.masterduel,"Yu-Gi-Oh! Master Duel"
07:30,143,com.yzlmkr.google,"우와 모험단"
07:30,144,com.hybeim.architect,"아키텍트: 랜드 오브 엑자일"
07:30,145,com.multicastgames.butcher,"Butcher hero: 서바이벌 RPG"
07:30,146,com.qjzj4399kr.google,"기적의 검"
07:30,147,com.supercell.clashofclans,"클래시 오브 클랜"
07:30,148,com.superplaystudios.dicedreams,"Dice Dreams™️ 다이스 드림"
07:30,149,com.hdfzxrpg.googlelb,"해적 키우기-방치형 RPG"
07:30,150,com.dlw.kr.google,"시티 데몬헌터즈: 각성자들"
07:30,151,com.camelgames.aoz,"에이지 오브 제트: 타워 디펜스"
07:30,152,com.haoplay.game.and.exilium,"소녀전선2: 망명"
07:30,153,com.MelsoftGames.FamilyIslandFarm,"패밀리 아일랜드 - 농장모험게임"
07:30,154,net.peakgames.toonblast,"Toon Blast"
07:30,155,com.netmarble.stonkey,"스톤에이지 키우기"
07:30,156,com.ryonggame.soulhunteridle,"소울 헌터 키우기 : 방치형 RPG"
07:30,157,com.games.foundation,"파운데이션: 우주 전선"
07:30,158,com.lighthouse.freeplay.kr,"라스트 라이트: 디펜스"
07:30,159,com.netmarble.bnsmkr,"블레이드&소울 레볼루션"
07:30,160,com.xmh.rpg.kr.an,"스카이 어비스: 혈맹의 서약"
07:30,161,com.standegg.wulin,"잠룡 X 창세기전 콜라보"
07:30,162,com.riftsky.mhg.kr.gp,"더 코지 플로리스트"
07:30,163,com.namcobandaigames.spmoja010E,"ONE PIECE TREASURE CRUISE-RPG"
07:30,164,com.xone.gpkr,"ASURA: 블러드 앤 소울"
07:30,165,com.dreamwalker.kr.gp,"꿈의 여행자: 별빛 여정"
07:30,166,com.ylqdhkr.gp,"엔터테인먼트 거물"
07:30,167,com.kakaogames.friendsKing,"프렌즈팝콘"
07:30,168,com.igg.android.doomsdaylastsurvivors,"둠스데이: 영웅의 여정"
07:30,169,com.joycastle.mergematch,"Matching Story - Puzzle Games"
07:30,170,com.smallgiantgames.empires,"엠파이어 & 퍼즐 (Empires & Puzzles)"
07:30,171,com.blizzard.wtcg.hearthstone,"하스스톤"
07:30,172,com.a3.topgirl.gplay,"Top Girl"
07:30,173,com.netmarble.nanakr,"일곱 개의 대죄: GRAND CROSS"
07:30,174,com.moonactive.cmboard,"Coin Master: 보드 어드벤처"
07:30,175,com.mobile.legends,"모바일 레전드: Bang Bang"
07:30,176,com.sundaytoz.kakao.anipang3.service,"애니팡3 - 매치 3 퍼즐"
07:30,177,com.com2us.futuremlb.android.google.global.normal,"MLB 9이닝스 라이벌 26"
07:30,178,com.ncsoft.lineagem,"리니지M(12)"
07:30,179,com.sopt.mafia42.client,"마피아42"
07:30,180,apli879756.vmz,"괴수: 진화 연대기"
07:30,181,com.redveilone.vardian,"바르디안 : 피의 맹세"
07:30,182,com.blizzard.diablo.immortal,"디아블로 이모탈"
07:30,183,io.supercent.weaponrpg,"XP Hero (XP 히어로)"
07:30,184,com.ygjszkr.google,"귀판오분전-444뽑기 증정"
07:30,185,com.YoStarKR.Arknights,"명일방주"
07:30,186,com.supercell.clashroyale,"클래시 로얄 (Clash Royale)"
07:30,187,com.ea.huntingsniper,"헌팅 스나이퍼"
07:30,188,com.mojang.minecraftpe,"Minecraft: 나만의 세계를 꿈꾸고 만들어보세요"
07:30,189,com.gear2.letsgolegends,"레츠고 레전드!"
07:30,190,com.Volcanus.Cheonsammu.aos,"천마지만 삼국지에서 무쌍중입니다"
07:30,191,net.lightcon.windidle,"윈드러너 키우기 - 3000뽑기 증정!"
07:30,192,com.wireless.defenseland,"레이드 러시: 타워 디펜스"
07:30,193,com.epicoro.castleclashers,"Castle Busters"
07:30,194,com.naddic.bbhero,"별별히어로 : RPG 맛집"
07:30,195,com.neowizgames.game.browndust2,"브라운더스트2 - 가슴 벅찬 RPG"
07:30,196,com.plaium.tmm,"티니핑 매직 매치"
07:30,197,com.ap.watcherofrealms,"워처 오브 렐름"
07:30,198,com.xq.archeroii,"궁수의 전설2"
07:30,199,com.stove.epic7.google,"에픽세븐"
07:30,200,com.sundaytoz.kakao.anipang4,"애니팡4: 매치3 퍼즐 게임"
08:30,1,com.netmarble.sol,"SOL: enchant"
08:30,2,com.gof.global,"WOS: 화이트아웃 서바이벌"
08:30,3,com.nexon.ma,"메이플 키우기"
08:30,4,com.kurogame.wutheringwaves.global,"명조:워더링 웨이브"
08:30,5,com.run.tower.defense,"킹샷:Kingshot"
08:30,6,com.mergegames.gossipharbor,"가십하버: 합성 & 스토리 게임"
08:30,7,com.proximabeta.nikke,"승리의 여신: 니케"
08:30,8,com.dreamgames.royalmatch,"로얄 매치 Royal Match"
08:30,9,com.roblox.client,"로블록스 (Roblox)"
08:30,10,com.ncsoft.lineagem19,"리니지M"
08:30,11,com.rxjhglkr.gp,"열혈강호: 넥스트"
08:30,12,com.fun.lastwar.gp,"라스트 워: 서바이벌"
08:30,13,com.kakaogames.odin,"오딘: 발할라 라이징"
08:30,14,com.hottagames.nte,"이환"
08:30,15,com.devsisters.cc,"쿠키런 키우기 - 쿠키런: 크럼블"
08:30,16,com.HoYoverse.Nap,"젠레스 존 제로 - 주년 기념"
08:30,17,com.percent.aos.cooptd,"협타디: 협동 타워 디펜스"
08:30,18,com.netmarble.thered,"뱀피르"
08:30,19,com.readygo.barrel.gp,"라스트 Z: 서바이벌 슈터"
08:30,20,com.percent.aos.luckydefense,"운빨존많겜"
08:30,21,com.fatmerge.global,"테이스티 트레블: 합성 게임"
08:30,22,com.bhk.newslgkr,"삼국지: 천하결전"
08:30,23,com.nhnent.Qpoker,"한게임 포커"
08:30,24,com.gamedots.seasideescape,"씨사이드 익스케이프: 합성 & 스토리 게임"
08:30,25,com.playrix.gardenscapes,"꿈의 정원 (Gardenscapes)"
08:30,26,com.nhnent.pokerclassic,"한게임포커 클래식 : 7포커 홀덤 섯다 훌라 슬롯"
08:30,27,com.com2us.futurecpb.android.google.global.normal,"컴투스프로야구V26"
08:30,28,com.nexon.devcat.mm,"마비노기 모바일"
08:30,29,com.phs.global,"라스트 어사일럼: 페스트"
08:30,30,com.dreamgames.royalkingdom,"로얄 킹덤 (Royal Kingdom)"
08:30,31,com.nexon.fmk,"FC 모바일"
08:30,32,com.smilegate.chaoszero.stove.google,"카오스 제로 나이트메어"
08:30,33,com.ncsoft.lineagew,"리니지W"
08:30,34,com.nianticlabs.pokemongo,"Pokémon GO"
08:30,35,com.kingsgroup.sos,"S.O.S: 스테이트 오브 서바이벌"
08:30,36,com.king.candycrushsaga,"캔디크러쉬사가 (Candy Crush Saga)"
08:30,37,com.hollywood.merge,"할리우드 머지"
08:30,38,com.nexon.nsc.maplem,"메이플스토리M"
08:30,39,com.nexon.fo4m,"EA SPORTS FC Online M"
08:30,40,com.cola.game,"핫레스토랑: 머지&쿠킹"
08:30,41,com.playrix.township,"꿈의 마을 (Township)"
08:30,42,com.netmarble.tskgb,"세븐나이츠 리버스"
08:30,43,com.cedargames.mysterytown,"미스터리 타운: 합성 게임 (Mystery Town)"
08:30,44,com.readygo.dark.gp,"Dark War Survival"
08:30,45,com.HoYoverse.hkrpgoversea,"붕괴: 스타레일"
08:30,46,com.miHoYo.GenshinImpact,"원신-스네즈나야 오픈"
08:30,47,com.billionairegames.serares,"변신 키우기"
08:30,48,com.playrix.homescapes,"꿈의 집 (Homescapes)"
08:30,49,com.NHNEnt.MSudda,"한게임 섯다&맞고"
08:30,50,com.orienjoy.heroland.kr,"히어로 랜드M"
08:30,51,com.netmarble.raven2,"레이븐2"
08:30,52,com.supercell.brawlstars,"브롤스타즈"
08:30,53,com.netmarble.monster2,"몬길: STAR DIVE"
08:30,54,com.neowiz.games.poker,"피망 포커 : 카지노 로얄 - 홀덤, 7포커, 바둑이"
08:30,55,com.epidgames.trickcalrevive,"트릭컬 리바이브"
08:30,56,com.kr.firegp,"I9: 인페르노 나인"
08:30,57,com.netmarble.rfnext,"RF 온라인 넥스트"
08:30,58,jp.co.ponos.battlecatskr,"냥코 대전쟁"
08:30,59,com.jsjskr.google,"토이 삼국"
08:30,60,com.kakaogames.umamusume,"우마무스메 프리티 더비"
08:30,61,com.YoStarKR.MahjongSoul,"작혼: 리치 마작"
08:30,62,com.webzen.mumonarch2.google,"뮤 모나크2"
08:30,63,com.webzen.muangel.google,"뮤 모나크"
08:30,64,com.pubg.krmobile,"배틀그라운드"
08:30,65,com.gravity.romkrzeny.aos,"라그나로크M: Classic"
08:30,66,com.pockethaven.roguelegend,"로그 레전드: 로그라이크 RPG"
08:30,67,com.kakaogames.aaw,"아키에이지 워 (ArcheAge WAR)"
08:30,68,com.ncsoft.aion2,"AION2"
08:30,69,com.Chodun.CatGunner,"총잡이 고양이 : 방치형 키우기 RPG"
08:30,70,com.riotgames.league.wildrift,"리그 오브 레전드: 와일드 리프트"
08:30,71,com.nexon.bluearchive,"블루 아카이브"
08:30,72,com.NHNEnt.NDuelgo,"한게임 신맞고 : 대한민국 원조 고스톱"
08:30,73,com.ncsoft.lineage2m19,"리니지2M"
08:30,74,com.percent.aos.randomdice2,"랜덤 다이스 2"
08:30,75,kr.haoplay.game.and.reverse,"리버스: 1999"
08:30,76,com.merge.cooking.theme.restaurant.food,"머지 쿠킹 테마 레스토랑"
08:30,77,com.netease.dunkcdjp,"NBA 덩크 시티"
08:30,78,com.neowiz.games.newmatgo,"피망 뉴맞고: 고스톱 대표 맞고 게임"
08:30,79,com.highbrow.games.dvo,"드래곤빌리지3"
08:30,80,com.nexon.mdnf,"던전앤파이터 모바일"
08:30,81,com.zzsjkr.google,"갓깨비 키우기-999뽑기 증정"
08:30,82,jp.konami.pesam,"eFootball™"
08:30,83,io.randomco.travel,"Travel Town - 결합 어드벤처"
08:30,84,com.ddup.zombiewaves.zw,"좀비 웨이브스"
08:30,85,com.mhclyxpb.gatja,"동방 찻집"
08:30,86,com.superplaystudios.disneysolitairedreams,"Disney Solitaire 디즈니 솔리테어"
08:30,87,com.netmarble.fgok,"페이트/그랜드 오더"
08:30,88,com.gamespark.topking.gp,"탑 로드"
08:30,89,com.fowgames.kingdom2,"킹덤2: 타오르는 전장"
08:30,90,com.gametree.lhlr.gp,"그놈은 드래곤"
08:30,91,com.xman.kr.gp,"X 클래시"
08:30,92,com.zempot.wplpoker,"WPL : 홀덤, 토너먼트, 오마하, 올인폴드, 픽앤고"
08:30,93,com.com2us.probaseball3d.normal.freefull.google.global.android.common,"컴투스프로야구2026"
08:30,94,com.greenmushroom.boomblitz.gp,"탑 히어로즈"
08:30,95,com.netmarble.lineageII,"리니지2 레볼루션"
08:30,96,com.funplus.ts.global,"타일 서바이벌"
08:30,97,com.gear2.growslayer,"슬레이어 키우기"
08:30,98,com.ujoygp.flower,"오늘의 꽃"
08:30,99,defense.roguelike.cell.shoot.survivor,"세포 특공대"
08:30,100,com.playrix.fishdomdd.gplay,"피쉬돔 (Fishdom)"
08:30,101,com.xd.xdtglobal.gp,"두근두근타운"
08:30,102,com.ratinghope.gplay,"타이탄 러쉬: 서바이벌"
08:30,103,com.haegin.kbo,"2026 프로야구GO!"
08:30,104,com.nhn.AApoker,"한게임 로얄홀덤"
08:30,105,com.com2us.smon.normal.freefull.google.kr.android.common,"서머너즈 워 X 장송의 프리렌"
08:30,106,com.joycity.im,"임진왜란: 조선의 반격"
08:30,107,com.ProjectMoon.LimbusCompany,"Limbus Company"
08:30,108,com.fiveminlab.overgeared.hero.backpack.merge,"템빨용사: 픽셀 아이템 머지 RPG"
08:30,109,com.dwgames.chunorpg,"추노 키우기"
08:30,110,com.global.ztmslgkr,"퍼즐 오브 Z"
08:30,111,com.screenshake.dominodreams,"Domino Dreams™ 도미노 드림"
08:30,112,com.cyberjoy.galaxydefense,"갤럭시 디펜스 (Galaxy Defense)"
08:30,113,com.merge.game.foodstars,"푸드스타: 합쳐서 요리하기"
08:30,114,com.nexon.kart,"카트라이더 러쉬플러스"
08:30,115,com.s01.global,"로드러쉬"
08:30,116,com.galasports.totalfootball.kr,"Total Football - 2026 북중미 시즌"
08:30,117,com.zroute.global,"Z 루트: 리뎀션"
08:30,118,com.play.merge.restyle,"Merge Restyle"
08:30,119,game.qualiarts.hololive.dreams.com,"hololive Dreams"
08:30,120,com.hariwn.legendofcivilizations,"포지 마스터 (Forge Master)"
08:30,121,net.gameduo.gv,"캣 히어로 : 방치형 RPG"
08:30,122,com.netease.dfjskr,"레이싱 마스터(Racing Master)"
08:30,123,com.justgame.jails,"랜드 오브 제일"
08:30,124,com.nexon.he,"히간: 이루실"
08:30,125,com.hhsykr.gcz,"LUNAR：에버소울"
08:30,126,com.ulugame.hdqykrob.google,"아케론:종말의 서곡"
08:30,127,com.smilegate.lordnine.stove.google,"로드나인"
08:30,128,com.kr.firelite,"I9: 인페르노 나인(19) - 세로형 RPG"
08:30,129,net.kernys.aooni,"좀비고등학교"
08:30,130,com.tg.jsxw.kr,"데블2M"
08:30,131,com.sundaytoz.mobile.anipang2.google.kakao.service,"애니팡2 - 3매치 퍼즐게임"
08:30,132,com.mxdzzkr.google,"버섯커 키우기-3000뽑기 증정"
08:30,133,com.papegames.lysk.kr,"러브앤딥스페이스"
08:30,134,com.fatr.global,"호텔 레거시: 합성&리모델링"
08:30,135,com.plarium.raidlegends,"레이드: 그림자의 전설"
08:30,136,com.pocketchamps.game,"포켓 챔프: 3D 레이싱 게임"
08:30,137,com.devsisters.gb,"쿠키런: 오븐브레이크"
08:30,138,com.wemade.nightcrows,"나이트 크로우"
08:30,139,com.bandainamcoent.gget_WW,"SD건담 지 제네레이션 이터널"
08:30,140,jp.konami.masterduel,"Yu-Gi-Oh! Master Duel"
08:30,141,com.hybeim.architect,"아키텍트: 랜드 오브 엑자일"
08:30,142,com.yzlmkr.google,"우와 모험단"
08:30,143,com.lilithgames.rok.gpkr,"라이즈 오브 킹덤즈"
08:30,144,com.multicastgames.butcher,"Butcher hero: 서바이벌 RPG"
08:30,145,com.devsisters.ck,"쿠키런: 킹덤"
08:30,146,com.supercell.clashofclans,"클래시 오브 클랜"
08:30,147,com.superplaystudios.dicedreams,"Dice Dreams™️ 다이스 드림"
08:30,148,com.hdfzxrpg.googlelb,"해적 키우기-방치형 RPG"
08:30,149,com.dlw.kr.google,"시티 데몬헌터즈: 각성자들"
08:30,150,com.camelgames.aoz,"에이지 오브 제트: 타워 디펜스"
08:30,151,com.haoplay.game.and.exilium,"소녀전선2: 망명"
08:30,152,com.MelsoftGames.FamilyIslandFarm,"패밀리 아일랜드 - 농장모험게임"
08:30,153,net.peakgames.toonblast,"Toon Blast"
08:30,154,com.lighthouse.freeplay.kr,"라스트 라이트: 디펜스"
08:30,155,com.netmarble.stonkey,"스톤에이지 키우기"
08:30,156,com.qjzj4399kr.google,"기적의 검"
08:30,157,com.ryonggame.soulhunteridle,"소울 헌터 키우기 : 방치형 RPG"
08:30,158,com.games.foundation,"파운데이션: 우주 전선"
08:30,159,com.netmarble.bnsmkr,"블레이드&소울 레볼루션"
08:30,160,com.xmh.rpg.kr.an,"스카이 어비스: 혈맹의 서약"
08:30,161,com.standegg.wulin,"잠룡 X 창세기전 콜라보"
08:30,162,com.riftsky.mhg.kr.gp,"더 코지 플로리스트"
08:30,163,com.namcobandaigames.spmoja010E,"ONE PIECE TREASURE CRUISE-RPG"
08:30,164,com.xone.gpkr,"ASURA: 블러드 앤 소울"
08:30,165,com.igg.android.doomsdaylastsurvivors,"둠스데이: 영웅의 여정"
08:30,166,com.joycastle.mergematch,"Matching Story - Puzzle Games"
08:30,167,com.smallgiantgames.empires,"엠파이어 & 퍼즐 (Empires & Puzzles)"
08:30,168,com.blizzard.wtcg.hearthstone,"하스스톤"
08:30,169,com.dreamwalker.kr.gp,"꿈의 여행자: 별빛 여정"
08:30,170,com.netmarble.nanakr,"일곱 개의 대죄: GRAND CROSS"
08:30,171,com.moonactive.cmboard,"Coin Master: 보드 어드벤처"
08:30,172,com.ylqdhkr.gp,"엔터테인먼트 거물"
08:30,173,com.kakaogames.friendsKing,"프렌즈팝콘"
08:30,174,com.mobile.legends,"모바일 레전드: Bang Bang"
08:30,175,com.a3.topgirl.gplay,"Top Girl"
08:30,176,com.sundaytoz.kakao.anipang3.service,"애니팡3 - 매치 3 퍼즐"
08:30,177,com.com2us.futuremlb.android.google.global.normal,"MLB 9이닝스 라이벌 26"
08:30,178,com.ncsoft.lineagem,"리니지M(12)"
08:30,179,com.sopt.mafia42.client,"마피아42"
08:30,180,com.blizzard.diablo.immortal,"디아블로 이모탈"
08:30,181,io.supercent.weaponrpg,"XP Hero (XP 히어로)"
08:30,182,com.ygjszkr.google,"귀판오분전-444뽑기 증정"
08:30,183,com.YoStarKR.Arknights,"명일방주"
08:30,184,apli879756.vmz,"괴수: 진화 연대기"
08:30,185,com.supercell.clashroyale,"클래시 로얄 (Clash Royale)"
08:30,186,com.ea.huntingsniper,"헌팅 스나이퍼"
08:30,187,com.mojang.minecraftpe,"Minecraft: 나만의 세계를 꿈꾸고 만들어보세요"
08:30,188,com.gear2.letsgolegends,"레츠고 레전드!"
08:30,189,net.lightcon.windidle,"윈드러너 키우기 - 3000뽑기 증정!"
08:30,190,com.wireless.defenseland,"레이드 러시: 타워 디펜스"
08:30,191,com.redveilone.vardian,"바르디안 : 피의 맹세"
08:30,192,com.epicoro.castleclashers,"Castle Busters"
08:30,193,com.naddic.bbhero,"별별히어로 : RPG 맛집"
08:30,194,com.neowizgames.game.browndust2,"브라운더스트2 - 가슴 벅찬 RPG"
08:30,195,com.plaium.tmm,"티니핑 매직 매치"
08:30,196,com.Volcanus.Cheonsammu.aos,"천마지만 삼국지에서 무쌍중입니다"
08:30,197,com.ap.watcherofrealms,"워처 오브 렐름"
08:30,198,com.xq.archeroii,"궁수의 전설2"
08:30,199,com.stove.epic7.google,"에픽세븐"
08:30,200,com.sundaytoz.kakao.anipang4,"애니팡4: 매치3 퍼즐 게임"
