time,rank,id,title
00:00,1,com.scopely.monopolygo,"MONOPOLY GO!"
00:00,2,com.roblox.client,"Roblox"
00:00,3,com.king.candycrushsaga,"Candy Crush Saga"
00:00,4,com.dreamgames.royalmatch,"Royal Match"
00:00,5,com.run.tower.defense,"Kingshot"
00:00,6,com.mergegames.gossipharbor,"Gossip Harbor: Merge & Story"
00:00,7,com.gof.global,"Whiteout Survival"
00:00,8,com.playrix.township,"Township"
00:00,9,com.fun.lastwar.gp,"Last War:Survival Game"
00:00,10,com.dreamgames.royalkingdom,"Royal Kingdom"
00:00,11,com.moonactive.coinmaster,"Coin Master"
00:00,12,com.readygo.barrel.gp,"Last Z: Survival Shooter"
00:00,13,com.nianticlabs.pokemongo,"Pokémon GO"
00:00,14,net.peakgames.toonblast,"Toon Blast"
00:00,15,com.topgamesinc.evony,"Evony: The King's Return"
00:00,16,com.totalbattle,"Total Battle: War Strategy"
00:00,17,com.phs.global,"Last Asylum: Plague"
00:00,18,com.williamsinteractive.jackpotparty,"Jackpot Party Casino Slots"
00:00,19,com.playrix.gardenscapes,"Gardenscapes"
00:00,20,net.peakgames.match,"Match Factory!"
00:00,21,com.zjcs.android.us,"Sword x Staff"
00:00,22,com.productmadness.cashmancasino,"Cashman Casino Slots Games"
00:00,23,com.productmadness.lightninglink,"Lightning Link Casino Slots"
00:00,24,com.dts.freefireth,"Free Fire: 9th Anniversary"
00:00,25,com.king.candycrushsodasaga,"Candy Crush Soda Saga"
00:00,26,com.playrix.fishdomdd.gplay,"Fishdom"
00:00,27,air.com.buffalo_studios.newflashbingo,"Bingo Blitz™️ - Bingo Games"
00:00,28,com.activision.callofduty.shooter,"Call of Duty®: Mobile"
00:00,29,com.fatmerge.global,"Tasty Travels: Merge Game"
00:00,30,com.supercell.clashofclans,"Clash of Clans"
00:00,31,com.loomgames.pixelflow,"Pixel Flow!"
00:00,32,jp.pokemon.pokemontcgp,"Pokémon TCG Pocket - Card Game"
00:00,33,com.superplaystudios.disneysolitairedreams,"Disney Solitaire"
00:00,34,com.diamondlife.slots.vegas.free,"Lotsa Slots - Casino Games"
00:00,35,com.combo.yarnflow,"Yarn Loop"
00:00,36,com.playrix.homescapes,"Homescapes"
00:00,37,com.tencent.ig,"PUBG MOBILE"
00:00,38,com.readygo.dark.gp,"Dark War Survival"
00:00,39,com.superplaystudios.dicedreams,"Dice Dreams™️"
00:00,40,com.proximabeta.nikke,"GODDESS OF VICTORY: NIKKE"
00:00,41,com.homagames.studio.allinhole,"All in Hole: Black Hole Games"
00:00,42,com.wizards.mtga,"Magic: The Gathering Arena"
00:00,43,com.miHoYo.GenshinImpact,"Genshin Impact"
00:00,44,com.ballytechnologies.quickhitslots,"Quick Hit Casino Slots Games"
00:00,45,slots.pcg.casino.games.free.android,"Cash Frenzy™ - Casino Slots"
00:00,46,com.farlightgames.pgame.gp,"Clash of Critters"
00:00,47,com.merge.cooking.theme.restaurant.food,"Merge Cooking®"
00:00,48,com.cola.game,"Flambé®: Merge & Cook"
00:00,49,com.ea.gp.fifamobile,"EA SPORTS FC Soccer Mobile 26"
00:00,50,com.cedargames.mysterytown,"Mystery Town: Merge Games"
00:00,51,com.bingo.cruise.free.best.top.game,"Bingo Voyage - Live Bingo Game"
00:00,52,com.productmadness.hovmobile,"Slots: Heart of Vegas Casino"
00:00,53,com.bandainamcoent.dblegends_ww,"DRAGON BALL LEGENDS"
00:00,54,com.global.ztmslg,"Puzzles & Survival"
00:00,55,com.moonactive.cmboard,"Coin Master - Board Adventure"
00:00,56,com.aniplex.fategrandorder.en,"Fate/Grand Order (English)"
00:00,57,com.global.pnck,"Puzzles & Chaos: Frozen Castle"
00:00,58,net.supertreat.solitaire,"Solitaire Grand Harvest"
00:00,59,io.randomco.travel,"Travel Town - Merge Adventure"
00:00,60,com.joycastle.mergematch,"Matching Story - Puzzle Games"
00:00,61,com.newai.ooc,"OOC: The Playable Anime"
00:00,62,com.grandegames.slots.dafu.casino,"Jackpot World™ - Slots Casino"
00:00,63,com.grandgames.magicsort,"Magic Sort!"
00:00,64,com.mojang.minecraftpe,"Minecraft: Dream it, Build it!"
00:00,65,air.com.playtika.slotomania,"Slotomania™ Slots Casino Games"
00:00,66,net.wooga.junes_journey_hidden_object_mystery_game,"June's Journey: Hidden Objects"
00:00,67,com.online.huntingsniper,"Hunting Sniper"
00:00,68,com.cooking.bingo.ldkwh,"Bingo Frenzy™-Live Bingo Games"
00:00,69,com.playdemic.golf.android,"Golf Clash - Golfing Simulator"
00:00,70,com.moonactive.holestars,"Hole Stars: Puzzle Game"
00:00,71,com.supercell.hayday,"Hay Day"
00:00,72,com.olleyo.piggy.king.free,"Piggy Kingdom"
00:00,73,com.plarium.raidlegends,"RAID: Shadow Legends"
00:00,74,com.ea.game.starwarscapital_row,"Star Wars™: Galaxy of Heroes"
00:00,75,net.peakgames.amy,"Toy Blast"
00:00,76,com.foxnextgames.m3,"MARVEL Strike Force: Squad RPG"
00:00,77,com.gsn.android.tripeaks,"Tiki Solitaire TriPeaks"
00:00,78,com.playtika.wsop.gp,"WSOP Poker: Texas Holdem Game"
00:00,79,com.lilithgame.roc.gp,"Rise of Kingdoms: Lost Crusade"
00:00,80,com.bgg.jump,"Project Makeover"
00:00,81,com.funfizz.palmon.gp,"Palmon: Survival"
00:00,82,com.unicornstudio.cashparty.slots.casino.vegas.free,"Cash Club Casino - Vegas Slots"
00:00,83,com.nexon.ma,"MapleStory : Idle RPG"
00:00,84,com.jmsgame.jackpotmastercasino,"Jackpot Master™ Slots - Casino"
00:00,85,com.scopely.yux,"Yahtzee® With Buddies Dice Fun"
00:00,86,com.gamedots.seasideescape,"Seaside Escape®: Merge & Story"
00:00,87,com.microdose.balljam,"Marble Sort! - Color Puzzle"
00:00,88,com.gtarcade.ioe.global,"Infinity Kingdom"
00:00,89,com.hitappsgames.wordsolitaire,"Solitaire Associations Journey"
00:00,90,jp.konami.pesam,"eFootball™"
00:00,91,com.funtomic.matchmasters,"Match Masters"
00:00,92,com.supercell.clashroyale,"Clash Royale"
00:00,93,com.gramgames.mergedragons,"Merge Dragons!"
00:00,94,com.smallgiantgames.empires,"Empires & Puzzles: Match-3 RPG"
00:00,95,com.rovio.baba,"Angry Birds 2"
00:00,96,com.cygames.umamusume,"Umamusume: Pretty Derby"
00:00,97,com.playstudios.popslots,"POP! Slots™"
00:00,98,com.rotatelab.cubeblast,"Cube Land Puzzle Game"
00:00,99,com.screenshake.dominodreams,"Domino Dreams™"
00:00,100,com.xman.na.gp,"X-Clash"
00:00,101,com.supercell.brawlstars,"Brawl Stars"
00:00,102,com.dts.freefiremax,"Free Fire MAX"
00:00,103,com.GybeGames.ColorBlockJam,"Color Block Jam"
00:00,104,com.selfawaregames.acecasino,"Big Fish Casino - Slots Games"
00:00,105,com.riotgames.league.wildrift,"League of Legends: Wild Rift"
00:00,106,com.camelgames.aoz,"Age of Origins"
00:00,107,com.im30.ROE.gp,"Rise of Castles: Ice and Fire"
00:00,108,com.ddi,"DoubleDown Casino Vegas Slots"
00:00,109,com.bluepoch.m.en.reverse1999,"Reverse: 1999 - 3rd Anniv."
00:00,110,com.wb.goog.hotd.socialstrategy,"Game of Thrones: Dragonfire"
00:00,111,com.williamsinteractive.goldfish,"Gold Fish Casino Slot Games"
00:00,112,com.everywear.game5,"Merge Mansion: Puzzles & Story"
00:00,113,com.slg.policewar,"Police Chief"
00:00,114,com.snowprintstudios.tacticus,"Warhammer 40,000: Tacticus ™"
00:00,115,com.ig.screwdom,"Screwdom 3D"
00:00,116,com.pixonic.wwr,"War Robots Multiplayer Battles"
00:00,117,com.hollywood.merge,"Hollywood Merge"
00:00,118,com.scientificgames.monopolyslots,"MONOPOLY Slots - Casino Games"
00:00,119,com.doubleugames.DoubleUCasino,"DoubleU Casino™ - Vegas Slots"
00:00,120,com.goodjobgames.matchvillains,"Match Villains"
00:00,121,com.productmadness.fafafagold,"Mighty Fu Casino Slots Games"
00:00,122,com.blizzard.diablo.immortal,"Diablo Immortal"
00:00,123,com.vincentb.MobControl,"Mob Control"
00:00,124,com.YoStarEN.AzurLane,"Azur Lane"
00:00,125,com.master.triple3d.find,"Triple Match 3D"
00:00,126,com.sports.real.golf.rival.online,"Golf Rival - Multiplayer Game"
00:00,127,com.topultragame.slotlasvega,"Cash Tornado™ Slots - Casino"
00:00,128,com.huuuge.casino.slots,"Huuuge Casino 777 Slots Games"
00:00,129,com.yottagames.gameofmafia,"The Grand Mafia"
00:00,130,com.a3.topgirl.gplay,"Top Girl"
00:00,131,com.epicoro.castleclashers,"Castle Busters"
00:00,132,com.mattel163.phase10,"Phase 10: Casual Card Game"
00:00,133,com.HoYoverse.hkrpgoversea,"Honkai: Star Rail"
00:00,134,com.goodville.goodgame,"Goodville: Farm Game Adventure"
00:00,135,com.king.farmheroessaga,"Farm Heroes Saga"
00:00,136,jp.co.goodroid.hyper.busflow,"Bus Traffic Fever!"
00:00,137,com.rc.cityCleaner,"Triple Match City"
00:00,138,com.iskslowtest.mislen,"Isekai:Slow Life"
00:00,139,com.justgame.jails,"Lands of Jail"
00:00,140,com.funplus.ts.global,"Tiles Survive!"
00:00,141,com.ballytechnologies.f88,"88 Fortunes™ Casino Slot Games"
00:00,142,com.chess,"Chess - Play and Learn Online"
00:00,143,com.innplaylabs.animalkingdomraid,"Animals & Coins Adventure Game"
00:00,144,com.nytimes.crossword,"NYT Games: Wordle & Crossword"
00:00,145,com.nexters.herowars,"Hero Wars: Alliance RPG Legend"
00:00,146,com.com2us.smon.normal.freefull.google.kr.android.common,"Summoners War X Frieren"
00:00,147,com.mrtgd2us.google,"Duck Survival"
00:00,148,com.camelgames.superking,"War and Order"
00:00,149,com.scopely.startrek,"Star Trek Fleet Command"
00:00,150,com.games.foundation,"Foundation: Galactic Frontier"
00:00,151,com.crowdstar.covetHome,"Design Home™: House Makeover"
00:00,152,com.checkbox.minershminer,"Idle Obelisk Miner"
00:00,153,com.igg.android.lordsmobile,"Lords Mobile x Transformers"
00:00,154,com.HoYoverse.Nap,"Zenless Zone Zero - Anniv."
00:00,155,com.hariwn.legendofcivilizations,"Forge Master"
00:00,156,com.orcas.panthia.island.fairyscapes,"Panthia®: Magic & Merge Game"
00:00,157,com.zynga.wizardofoz,"Wizard of Oz Slots Games"
00:00,158,com.kingsgroup.sos,"State of Survival: Zombie War"
00:00,159,com.bagelcode.slots1,"Club Vegas Casino Slots Games"
00:00,160,com.miniclip.eightballpool,"8 Ball Pool"
00:00,161,com.mobile.legends.usa,"Mobile Legends: Bang Bang.US"
00:00,162,com.bigfishgames.jackpotcityslotsf2pgoogle,"Jackpot Magic - Casino Slots"
00:00,163,com.vm3.global,"Truck Star"
00:00,164,com.ubisoft.invincible.guardians.globe.idle.superhero.rpg.battle.afk,"Invincible: Guarding the Globe"
00:00,165,com.abi.colony.flow,"Colony Flow!"
00:00,166,com.pockethaven.roguelegend,"Rogue Legend - Roguelike RPG"
00:00,167,com.igg.android.doomsdaylastsurvivors,"Doomsday: Odysseus Returns"
00:00,168,com.sivona.stormshot.e,"Stormshot: Isle of Adventure"
00:00,169,com.kabam.marvelbattle,"Marvel Contest of Champions"
00:00,170,com.diandian.gog,"Guns of Glory: Lost Island"
00:00,171,com.playtika.caesarscasino,"Caesars Slots: Casino Games"
00:00,172,com.cyphergames.royalsmash,"Royal Smash! - Physics Puzzle"
00:00,173,com.merge.game.foodstars,"Foodstars: Merge & Cook"
00:00,174,com.vizorapps.klondike,"Klondike Adventures: Farm Game"
00:00,175,com.Chillgaming.oneState,"OneState RP - Role Play Life"
00:00,176,com.MelsoftGames.FamilyIslandFarm,"Family Island™ — Farming game"
00:00,177,adventure.party.real.life,"Sunday City: Life RolePlay"
00:00,178,com.topwar.gp,"Top War: Battle Game"
00:00,179,com.Garawell.LoopSort,"Loop Sort"
00:00,180,com.devsisters.cc,"CookieRun: Crumble - Idle RPG"
00:00,181,com.funplus.kingofavalon,"Frost & Flame: King of Avalon"
00:00,182,com.spark.sp.gp,"Narco Empire"
00:00,183,com.duykanbakay.carconveyortransfer,"Car Sort: Color Puzzle"
00:00,184,com.fiveminlab.overgeared.hero.backpack.merge,"Overgeared Hero: Merge RPG"
00:00,185,air.com.bitrhymes.bingo,"Bingo Bash: Live Bingo Games"
00:00,186,com.zynga.hititrich,"Hit it Rich! Casino Slots Game"
00:00,187,com.zynga.gotslots,"Game of Thrones Slots Casino"
00:00,188,com.vigafun.funfinity.foodhunt,"Food Hunt: Pixel Puzzle"
00:00,189,com.monopoly.dream.idle.king,"Top Tycoon: Coin Theme Empire"
00:00,190,com.crazylabs.fashion.squad,"Glow Fashion Idol"
00:00,191,com.greenmushroom.boomblitz.gp,"Top Heroes: Kingdom Saga"
00:00,192,net.peakgames.mobile.spades.android,"Spades Plus - Card Game"
00:00,193,game.qualiarts.hololive.dreams.com,"hololive Dreams"
00:00,194,jp.co.ponos.battlecatsen,"The Battle Cats"
00:00,195,com.xq.archeroii,"Archero 2"
00:00,196,com.tile.match.blockpuzzle,"Tile Family®:Match Puzzle Game"
00:00,197,com.tocaboca.tocalifeworld,"Toca Boca World"
00:00,198,com.kurogame.wutheringwaves.global,"Wuthering Waves - To Xuanfang"
00:00,199,com.wanda.jojo.gp.global,"JoJo's Bizarre Adventure: GS"
00:00,200,com.mytona.seekersnotes.android,"Seekers Notes: Hidden Objects"
01:00,1,com.scopely.monopolygo,"MONOPOLY GO!"
01:00,2,com.roblox.client,"Roblox"
01:00,3,com.king.candycrushsaga,"Candy Crush Saga"
01:00,4,com.dreamgames.royalmatch,"Royal Match"
01:00,5,com.run.tower.defense,"Kingshot"
01:00,6,com.mergegames.gossipharbor,"Gossip Harbor: Merge & Story"
01:00,7,com.gof.global,"Whiteout Survival"
01:00,8,com.playrix.township,"Township"
01:00,9,com.fun.lastwar.gp,"Last War:Survival Game"
01:00,10,com.dreamgames.royalkingdom,"Royal Kingdom"
01:00,11,com.moonactive.coinmaster,"Coin Master"
01:00,12,com.readygo.barrel.gp,"Last Z: Survival Shooter"
01:00,13,com.nianticlabs.pokemongo,"Pokémon GO"
01:00,14,net.peakgames.toonblast,"Toon Blast"
01:00,15,com.topgamesinc.evony,"Evony: The King's Return"
01:00,16,com.totalbattle,"Total Battle: War Strategy"
01:00,17,com.phs.global,"Last Asylum: Plague"
01:00,18,com.williamsinteractive.jackpotparty,"Jackpot Party Casino Slots"
01:00,19,com.playrix.gardenscapes,"Gardenscapes"
01:00,20,net.peakgames.match,"Match Factory!"
01:00,21,com.zjcs.android.us,"Sword x Staff"
01:00,22,com.productmadness.cashmancasino,"Cashman Casino Slots Games"
01:00,23,com.productmadness.lightninglink,"Lightning Link Casino Slots"
01:00,24,com.dts.freefireth,"Free Fire: 9th Anniversary"
01:00,25,com.king.candycrushsodasaga,"Candy Crush Soda Saga"
01:00,26,com.playrix.fishdomdd.gplay,"Fishdom"
01:00,27,air.com.buffalo_studios.newflashbingo,"Bingo Blitz™️ - Bingo Games"
01:00,28,com.activision.callofduty.shooter,"Call of Duty®: Mobile"
01:00,29,com.fatmerge.global,"Tasty Travels: Merge Game"
01:00,30,com.supercell.clashofclans,"Clash of Clans"
01:00,31,com.loomgames.pixelflow,"Pixel Flow!"
01:00,32,jp.pokemon.pokemontcgp,"Pokémon TCG Pocket - Card Game"
01:00,33,com.superplaystudios.disneysolitairedreams,"Disney Solitaire"
01:00,34,com.diamondlife.slots.vegas.free,"Lotsa Slots - Casino Games"
01:00,35,com.combo.yarnflow,"Yarn Loop"
01:00,36,com.playrix.homescapes,"Homescapes"
01:00,37,com.tencent.ig,"PUBG MOBILE"
01:00,38,com.readygo.dark.gp,"Dark War Survival"
01:00,39,com.superplaystudios.dicedreams,"Dice Dreams™️"
01:00,40,com.proximabeta.nikke,"GODDESS OF VICTORY: NIKKE"
01:00,41,com.homagames.studio.allinhole,"All in Hole: Black Hole Games"
01:00,42,com.wizards.mtga,"Magic: The Gathering Arena"
01:00,43,com.miHoYo.GenshinImpact,"Genshin Impact"
01:00,44,com.ballytechnologies.quickhitslots,"Quick Hit Casino Slots Games"
01:00,45,slots.pcg.casino.games.free.android,"Cash Frenzy™ - Casino Slots"
01:00,46,com.farlightgames.pgame.gp,"Clash of Critters"
01:00,47,com.merge.cooking.theme.restaurant.food,"Merge Cooking®"
01:00,48,com.cola.game,"Flambé®: Merge & Cook"
01:00,49,com.ea.gp.fifamobile,"EA SPORTS FC Soccer Mobile 26"
01:00,50,com.cedargames.mysterytown,"Mystery Town: Merge Games"
01:00,51,com.bingo.cruise.free.best.top.game,"Bingo Voyage - Live Bingo Game"
01:00,52,com.productmadness.hovmobile,"Slots: Heart of Vegas Casino"
01:00,53,com.bandainamcoent.dblegends_ww,"DRAGON BALL LEGENDS"
01:00,54,com.global.ztmslg,"Puzzles & Survival"
01:00,55,com.moonactive.cmboard,"Coin Master - Board Adventure"
01:00,56,com.aniplex.fategrandorder.en,"Fate/Grand Order (English)"
01:00,57,com.global.pnck,"Puzzles & Chaos: Frozen Castle"
01:00,58,net.supertreat.solitaire,"Solitaire Grand Harvest"
01:00,59,io.randomco.travel,"Travel Town - Merge Adventure"
01:00,60,com.joycastle.mergematch,"Matching Story - Puzzle Games"
01:00,61,com.newai.ooc,"OOC: The Playable Anime"
01:00,62,com.grandegames.slots.dafu.casino,"Jackpot World™ - Slots Casino"
01:00,63,com.grandgames.magicsort,"Magic Sort!"
01:00,64,com.mojang.minecraftpe,"Minecraft: Dream it, Build it!"
01:00,65,air.com.playtika.slotomania,"Slotomania™ Slots Casino Games"
01:00,66,net.wooga.junes_journey_hidden_object_mystery_game,"June's Journey: Hidden Objects"
01:00,67,com.online.huntingsniper,"Hunting Sniper"
01:00,68,com.cooking.bingo.ldkwh,"Bingo Frenzy™-Live Bingo Games"
01:00,69,com.playdemic.golf.android,"Golf Clash - Golfing Simulator"
01:00,70,com.moonactive.holestars,"Hole Stars: Puzzle Game"
01:00,71,com.supercell.hayday,"Hay Day"
01:00,72,com.olleyo.piggy.king.free,"Piggy Kingdom"
01:00,73,com.plarium.raidlegends,"RAID: Shadow Legends"
01:00,74,com.ea.game.starwarscapital_row,"Star Wars™: Galaxy of Heroes"
01:00,75,net.peakgames.amy,"Toy Blast"
01:00,76,com.foxnextgames.m3,"MARVEL Strike Force: Squad RPG"
01:00,77,com.gsn.android.tripeaks,"Tiki Solitaire TriPeaks"
01:00,78,com.playtika.wsop.gp,"WSOP Poker: Texas Holdem Game"
01:00,79,com.lilithgame.roc.gp,"Rise of Kingdoms: Lost Crusade"
01:00,80,com.bgg.jump,"Project Makeover"
01:00,81,com.funfizz.palmon.gp,"Palmon: Survival"
01:00,82,com.unicornstudio.cashparty.slots.casino.vegas.free,"Cash Club Casino - Vegas Slots"
01:00,83,com.nexon.ma,"MapleStory : Idle RPG"
01:00,84,com.jmsgame.jackpotmastercasino,"Jackpot Master™ Slots - Casino"
01:00,85,com.scopely.yux,"Yahtzee® With Buddies Dice Fun"
01:00,86,com.gamedots.seasideescape,"Seaside Escape®: Merge & Story"
01:00,87,com.microdose.balljam,"Marble Sort! - Color Puzzle"
01:00,88,com.gtarcade.ioe.global,"Infinity Kingdom"
01:00,89,com.hitappsgames.wordsolitaire,"Solitaire Associations Journey"
01:00,90,jp.konami.pesam,"eFootball™"
01:00,91,com.funtomic.matchmasters,"Match Masters"
01:00,92,com.supercell.clashroyale,"Clash Royale"
01:00,93,com.gramgames.mergedragons,"Merge Dragons!"
01:00,94,com.smallgiantgames.empires,"Empires & Puzzles: Match-3 RPG"
01:00,95,com.cygames.umamusume,"Umamusume: Pretty Derby"
01:00,96,com.playstudios.popslots,"POP! Slots™"
01:00,97,com.rotatelab.cubeblast,"Cube Land Puzzle Game"
01:00,98,com.screenshake.dominodreams,"Domino Dreams™"
01:00,99,com.xman.na.gp,"X-Clash"
01:00,100,com.supercell.brawlstars,"Brawl Stars"
01:00,101,com.dts.freefiremax,"Free Fire MAX"
01:00,102,com.GybeGames.ColorBlockJam,"Color Block Jam"
01:00,103,com.selfawaregames.acecasino,"Big Fish Casino - Slots Games"
01:00,104,com.riotgames.league.wildrift,"League of Legends: Wild Rift"
01:00,105,com.camelgames.aoz,"Age of Origins"
01:00,106,com.im30.ROE.gp,"Rise of Castles: Ice and Fire"
01:00,107,com.ddi,"DoubleDown Casino Vegas Slots"
01:00,108,com.bluepoch.m.en.reverse1999,"Reverse: 1999 - 3rd Anniv."
01:00,109,com.wb.goog.hotd.socialstrategy,"Game of Thrones: Dragonfire"
01:00,110,com.rovio.baba,"Angry Birds 2"
01:00,111,com.williamsinteractive.goldfish,"Gold Fish Casino Slot Games"
01:00,112,com.everywear.game5,"Merge Mansion: Puzzles & Story"
01:00,113,com.slg.policewar,"Police Chief"
01:00,114,com.snowprintstudios.tacticus,"Warhammer 40,000: Tacticus ™"
01:00,115,com.ig.screwdom,"Screwdom 3D"
01:00,116,com.pixonic.wwr,"War Robots Multiplayer Battles"
01:00,117,com.hollywood.merge,"Hollywood Merge"
01:00,118,com.scientificgames.monopolyslots,"MONOPOLY Slots - Casino Games"
01:00,119,com.doubleugames.DoubleUCasino,"DoubleU Casino™ - Vegas Slots"
01:00,120,com.goodjobgames.matchvillains,"Match Villains"
01:00,121,com.productmadness.fafafagold,"Mighty Fu Casino Slots Games"
01:00,122,com.blizzard.diablo.immortal,"Diablo Immortal"
01:00,123,com.vincentb.MobControl,"Mob Control"
01:00,124,com.YoStarEN.AzurLane,"Azur Lane"
01:00,125,com.master.triple3d.find,"Triple Match 3D"
01:00,126,com.sports.real.golf.rival.online,"Golf Rival - Multiplayer Game"
01:00,127,com.topultragame.slotlasvega,"Cash Tornado™ Slots - Casino"
01:00,128,com.huuuge.casino.slots,"Huuuge Casino 777 Slots Games"
01:00,129,com.yottagames.gameofmafia,"The Grand Mafia"
01:00,130,com.a3.topgirl.gplay,"Top Girl"
01:00,131,com.epicoro.castleclashers,"Castle Busters"
01:00,132,com.mattel163.phase10,"Phase 10: Casual Card Game"
01:00,133,com.HoYoverse.hkrpgoversea,"Honkai: Star Rail"
01:00,134,com.goodville.goodgame,"Goodville: Farm Game Adventure"
01:00,135,com.king.farmheroessaga,"Farm Heroes Saga"
01:00,136,jp.co.goodroid.hyper.busflow,"Bus Traffic Fever!"
01:00,137,com.rc.cityCleaner,"Triple Match City"
01:00,138,com.iskslowtest.mislen,"Isekai:Slow Life"
01:00,139,com.justgame.jails,"Lands of Jail"
01:00,140,com.funplus.ts.global,"Tiles Survive!"
01:00,141,com.ballytechnologies.f88,"88 Fortunes™ Casino Slot Games"
01:00,142,com.chess,"Chess - Play and Learn Online"
01:00,143,com.innplaylabs.animalkingdomraid,"Animals & Coins Adventure Game"
01:00,144,com.nytimes.crossword,"NYT Games: Wordle & Crossword"
01:00,145,com.nexters.herowars,"Hero Wars: Alliance RPG Legend"
01:00,146,com.com2us.smon.normal.freefull.google.kr.android.common,"Summoners War X Frieren"
01:00,147,com.mrtgd2us.google,"Duck Survival"
01:00,148,com.camelgames.superking,"War and Order"
01:00,149,com.scopely.startrek,"Star Trek Fleet Command"
01:00,150,com.games.foundation,"Foundation: Galactic Frontier"
01:00,151,com.crowdstar.covetHome,"Design Home™: House Makeover"
01:00,152,com.checkbox.minershminer,"Idle Obelisk Miner"
01:00,153,com.igg.android.lordsmobile,"Lords Mobile x Transformers"
01:00,154,com.HoYoverse.Nap,"Zenless Zone Zero - Anniv."
01:00,155,com.hariwn.legendofcivilizations,"Forge Master"
01:00,156,com.orcas.panthia.island.fairyscapes,"Panthia®: Magic & Merge Game"
01:00,157,com.zynga.wizardofoz,"Wizard of Oz Slots Games"
01:00,158,com.kingsgroup.sos,"State of Survival: Zombie War"
01:00,159,com.bagelcode.slots1,"Club Vegas Casino Slots Games"
01:00,160,com.miniclip.eightballpool,"8 Ball Pool"
01:00,161,com.mobile.legends.usa,"Mobile Legends: Bang Bang.US"
01:00,162,com.bigfishgames.jackpotcityslotsf2pgoogle,"Jackpot Magic - Casino Slots"
01:00,163,com.vm3.global,"Truck Star"
01:00,164,com.ubisoft.invincible.guardians.globe.idle.superhero.rpg.battle.afk,"Invincible: Guarding the Globe"
01:00,165,com.abi.colony.flow,"Colony Flow!"
01:00,166,com.pockethaven.roguelegend,"Rogue Legend - Roguelike RPG"
01:00,167,com.igg.android.doomsdaylastsurvivors,"Doomsday: Odysseus Returns"
01:00,168,com.sivona.stormshot.e,"Stormshot: Isle of Adventure"
01:00,169,com.kabam.marvelbattle,"Marvel Contest of Champions"
01:00,170,com.diandian.gog,"Guns of Glory: Lost Island"
01:00,171,com.playtika.caesarscasino,"Caesars Slots: Casino Games"
01:00,172,com.cyphergames.royalsmash,"Royal Smash! - Physics Puzzle"
01:00,173,com.merge.game.foodstars,"Foodstars: Merge & Cook"
01:00,174,com.vizorapps.klondike,"Klondike Adventures: Farm Game"
01:00,175,com.Chillgaming.oneState,"OneState RP - Role Play Life"
01:00,176,com.MelsoftGames.FamilyIslandFarm,"Family Island™ — Farming game"
01:00,177,adventure.party.real.life,"Sunday City: Life RolePlay"
01:00,178,com.topwar.gp,"Top War: Battle Game"
01:00,179,com.Garawell.LoopSort,"Loop Sort"
01:00,180,com.devsisters.cc,"CookieRun: Crumble - Idle RPG"
01:00,181,com.funplus.kingofavalon,"Frost & Flame: King of Avalon"
01:00,182,com.spark.sp.gp,"Narco Empire"
01:00,183,com.duykanbakay.carconveyortransfer,"Car Sort: Color Puzzle"
01:00,184,com.fiveminlab.overgeared.hero.backpack.merge,"Overgeared Hero: Merge RPG"
01:00,185,air.com.bitrhymes.bingo,"Bingo Bash: Live Bingo Games"
01:00,186,com.zynga.hititrich,"Hit it Rich! Casino Slots Game"
01:00,187,com.zynga.gotslots,"Game of Thrones Slots Casino"
01:00,188,com.vigafun.funfinity.foodhunt,"Food Hunt: Pixel Puzzle"
01:00,189,com.monopoly.dream.idle.king,"Top Tycoon: Coin Theme Empire"
01:00,190,com.crazylabs.fashion.squad,"Glow Fashion Idol"
01:00,191,com.greenmushroom.boomblitz.gp,"Top Heroes: Kingdom Saga"
01:00,192,net.peakgames.mobile.spades.android,"Spades Plus - Card Game"
01:00,193,game.qualiarts.hololive.dreams.com,"hololive Dreams"
01:00,194,jp.co.ponos.battlecatsen,"The Battle Cats"
01:00,195,com.xq.archeroii,"Archero 2"
01:00,196,com.tile.match.blockpuzzle,"Tile Family®:Match Puzzle Game"
01:00,197,com.tocaboca.tocalifeworld,"Toca Boca World"
01:00,198,com.kurogame.wutheringwaves.global,"Wuthering Waves - To Xuanfang"
01:00,199,com.wanda.jojo.gp.global,"JoJo's Bizarre Adventure: GS"
01:00,200,com.mytona.seekersnotes.android,"Seekers Notes: Hidden Objects"
01:30,1,com.scopely.monopolygo,"MONOPOLY GO!"
01:30,2,com.king.candycrushsaga,"Candy Crush Saga"
01:30,3,com.roblox.client,"Roblox"
01:30,4,com.dreamgames.royalmatch,"Royal Match"
01:30,5,com.run.tower.defense,"Kingshot"
01:30,6,com.mergegames.gossipharbor,"Gossip Harbor: Merge & Story"
01:30,7,com.gof.global,"Whiteout Survival"
01:30,8,com.playrix.township,"Township"
01:30,9,com.fun.lastwar.gp,"Last War:Survival Game"
01:30,10,com.dreamgames.royalkingdom,"Royal Kingdom"
01:30,11,com.moonactive.coinmaster,"Coin Master"
01:30,12,com.readygo.barrel.gp,"Last Z: Survival Shooter"
01:30,13,com.nianticlabs.pokemongo,"Pokémon GO"
01:30,14,net.peakgames.toonblast,"Toon Blast"
01:30,15,com.topgamesinc.evony,"Evony: The King's Return"
01:30,16,com.totalbattle,"Total Battle: War Strategy"
01:30,17,com.phs.global,"Last Asylum: Plague"
01:30,18,com.williamsinteractive.jackpotparty,"Jackpot Party Casino Slots"
01:30,19,com.playrix.gardenscapes,"Gardenscapes"
01:30,20,net.peakgames.match,"Match Factory!"
01:30,21,com.zjcs.android.us,"Sword x Staff"
01:30,22,com.productmadness.cashmancasino,"Cashman Casino Slots Games"
01:30,23,com.productmadness.lightninglink,"Lightning Link Casino Slots"
01:30,24,com.dts.freefireth,"Free Fire: 9th Anniversary"
01:30,25,com.king.candycrushsodasaga,"Candy Crush Soda Saga"
01:30,26,air.com.buffalo_studios.newflashbingo,"Bingo Blitz™️ - Bingo Games"
01:30,27,com.activision.callofduty.shooter,"Call of Duty®: Mobile"
01:30,28,com.fatmerge.global,"Tasty Travels: Merge Game"
01:30,29,com.supercell.clashofclans,"Clash of Clans"
01:30,30,com.loomgames.pixelflow,"Pixel Flow!"
01:30,31,com.playrix.fishdomdd.gplay,"Fishdom"
01:30,32,jp.pokemon.pokemontcgp,"Pokémon TCG Pocket - Card Game"
01:30,33,com.superplaystudios.disneysolitairedreams,"Disney Solitaire"
01:30,34,com.diamondlife.slots.vegas.free,"Lotsa Slots - Casino Games"
01:30,35,com.combo.yarnflow,"Yarn Loop"
01:30,36,com.playrix.homescapes,"Homescapes"
01:30,37,com.tencent.ig,"PUBG MOBILE"
01:30,38,com.readygo.dark.gp,"Dark War Survival"
01:30,39,com.superplaystudios.dicedreams,"Dice Dreams™️"
01:30,40,com.proximabeta.nikke,"GODDESS OF VICTORY: NIKKE"
01:30,41,com.homagames.studio.allinhole,"All in Hole: Black Hole Games"
01:30,42,com.wizards.mtga,"Magic: The Gathering Arena"
01:30,43,com.miHoYo.GenshinImpact,"Genshin Impact"
01:30,44,com.ballytechnologies.quickhitslots,"Quick Hit Casino Slots Games"
01:30,45,slots.pcg.casino.games.free.android,"Cash Frenzy™ - Casino Slots"
01:30,46,com.farlightgames.pgame.gp,"Clash of Critters"
01:30,47,com.merge.cooking.theme.restaurant.food,"Merge Cooking®"
01:30,48,com.cola.game,"Flambé®: Merge & Cook"
01:30,49,com.ea.gp.fifamobile,"EA SPORTS FC Soccer Mobile 26"
01:30,50,com.cedargames.mysterytown,"Mystery Town: Merge Games"
01:30,51,com.bingo.cruise.free.best.top.game,"Bingo Voyage - Live Bingo Game"
01:30,52,com.productmadness.hovmobile,"Slots: Heart of Vegas Casino"
01:30,53,com.bandainamcoent.dblegends_ww,"DRAGON BALL LEGENDS"
01:30,54,com.global.ztmslg,"Puzzles & Survival"
01:30,55,com.moonactive.cmboard,"Coin Master - Board Adventure"
01:30,56,com.aniplex.fategrandorder.en,"Fate/Grand Order (English)"
01:30,57,com.global.pnck,"Puzzles & Chaos: Frozen Castle"
01:30,58,net.supertreat.solitaire,"Solitaire Grand Harvest"
01:30,59,io.randomco.travel,"Travel Town - Merge Adventure"
01:30,60,com.joycastle.mergematch,"Matching Story - Puzzle Games"
01:30,61,com.newai.ooc,"OOC: The Playable Anime"
01:30,62,com.grandegames.slots.dafu.casino,"Jackpot World™ - Slots Casino"
01:30,63,com.grandgames.magicsort,"Magic Sort!"
01:30,64,com.mojang.minecraftpe,"Minecraft: Dream it, Build it!"
01:30,65,air.com.playtika.slotomania,"Slotomania™ Slots Casino Games"
01:30,66,net.wooga.junes_journey_hidden_object_mystery_game,"June's Journey: Hidden Objects"
01:30,67,com.online.huntingsniper,"Hunting Sniper"
01:30,68,com.cooking.bingo.ldkwh,"Bingo Frenzy™-Live Bingo Games"
01:30,69,com.playdemic.golf.android,"Golf Clash - Golfing Simulator"
01:30,70,com.moonactive.holestars,"Hole Stars: Puzzle Game"
01:30,71,com.supercell.hayday,"Hay Day"
01:30,72,com.olleyo.piggy.king.free,"Piggy Kingdom"
01:30,73,com.plarium.raidlegends,"RAID: Shadow Legends"
01:30,74,com.ea.game.starwarscapital_row,"Star Wars™: Galaxy of Heroes"
01:30,75,net.peakgames.amy,"Toy Blast"
01:30,76,com.foxnextgames.m3,"MARVEL Strike Force: Squad RPG"
01:30,77,com.gsn.android.tripeaks,"Tiki Solitaire TriPeaks"
01:30,78,com.playtika.wsop.gp,"WSOP Poker: Texas Holdem Game"
01:30,79,com.lilithgame.roc.gp,"Rise of Kingdoms: Lost Crusade"
01:30,80,com.bgg.jump,"Project Makeover"
01:30,81,com.funfizz.palmon.gp,"Palmon: Survival"
01:30,82,com.unicornstudio.cashparty.slots.casino.vegas.free,"Cash Club Casino - Vegas Slots"
01:30,83,com.nexon.ma,"MapleStory : Idle RPG"
01:30,84,com.jmsgame.jackpotmastercasino,"Jackpot Master™ Slots - Casino"
01:30,85,com.scopely.yux,"Yahtzee® With Buddies Dice Fun"
01:30,86,com.gamedots.seasideescape,"Seaside Escape®: Merge & Story"
01:30,87,com.microdose.balljam,"Marble Sort! - Color Puzzle"
01:30,88,com.gtarcade.ioe.global,"Infinity Kingdom"
01:30,89,com.hitappsgames.wordsolitaire,"Solitaire Associations Journey"
01:30,90,jp.konami.pesam,"eFootball™"
01:30,91,com.funtomic.matchmasters,"Match Masters"
01:30,92,com.supercell.clashroyale,"Clash Royale"
01:30,93,com.gramgames.mergedragons,"Merge Dragons!"
01:30,94,com.smallgiantgames.empires,"Empires & Puzzles: Match-3 RPG"
01:30,95,com.cygames.umamusume,"Umamusume: Pretty Derby"
01:30,96,com.playstudios.popslots,"POP! Slots™"
01:30,97,com.rotatelab.cubeblast,"Cube Land Puzzle Game"
01:30,98,com.screenshake.dominodreams,"Domino Dreams™"
01:30,99,com.xman.na.gp,"X-Clash"
01:30,100,com.supercell.brawlstars,"Brawl Stars"
01:30,101,com.dts.freefiremax,"Free Fire MAX"
01:30,102,com.selfawaregames.acecasino,"Big Fish Casino - Slots Games"
01:30,103,com.riotgames.league.wildrift,"League of Legends: Wild Rift"
01:30,104,com.camelgames.aoz,"Age of Origins"
01:30,105,com.im30.ROE.gp,"Rise of Castles: Ice and Fire"
01:30,106,com.ddi,"DoubleDown Casino Vegas Slots"
01:30,107,com.bluepoch.m.en.reverse1999,"Reverse: 1999 - 3rd Anniv."
01:30,108,com.wb.goog.hotd.socialstrategy,"Game of Thrones: Dragonfire"
01:30,109,com.rovio.baba,"Angry Birds 2"
01:30,110,com.williamsinteractive.goldfish,"Gold Fish Casino Slot Games"
01:30,111,com.everywear.game5,"Merge Mansion: Puzzles & Story"
01:30,112,com.slg.policewar,"Police Chief"
01:30,113,com.snowprintstudios.tacticus,"Warhammer 40,000: Tacticus ™"
01:30,114,com.ig.screwdom,"Screwdom 3D"
01:30,115,com.pixonic.wwr,"War Robots Multiplayer Battles"
01:30,116,com.hollywood.merge,"Hollywood Merge"
01:30,117,com.scientificgames.monopolyslots,"MONOPOLY Slots - Casino Games"
01:30,118,com.doubleugames.DoubleUCasino,"DoubleU Casino™ - Vegas Slots"
01:30,119,com.goodjobgames.matchvillains,"Match Villains"
01:30,120,com.GybeGames.ColorBlockJam,"Color Block Jam"
01:30,121,com.productmadness.fafafagold,"Mighty Fu Casino Slots Games"
01:30,122,com.blizzard.diablo.immortal,"Diablo Immortal"
01:30,123,com.vincentb.MobControl,"Mob Control"
01:30,124,com.YoStarEN.AzurLane,"Azur Lane"
01:30,125,com.master.triple3d.find,"Triple Match 3D"
01:30,126,com.sports.real.golf.rival.online,"Golf Rival - Multiplayer Game"
01:30,127,com.topultragame.slotlasvega,"Cash Tornado™ Slots - Casino"
01:30,128,com.huuuge.casino.slots,"Huuuge Casino 777 Slots Games"
01:30,129,com.yottagames.gameofmafia,"The Grand Mafia"
01:30,130,com.a3.topgirl.gplay,"Top Girl"
01:30,131,com.epicoro.castleclashers,"Castle Busters"
01:30,132,com.mattel163.phase10,"Phase 10: Casual Card Game"
01:30,133,com.HoYoverse.hkrpgoversea,"Honkai: Star Rail"
01:30,134,com.king.farmheroessaga,"Farm Heroes Saga"
01:30,135,jp.co.goodroid.hyper.busflow,"Bus Traffic Fever!"
01:30,136,com.rc.cityCleaner,"Triple Match City"
01:30,137,com.iskslowtest.mislen,"Isekai:Slow Life"
01:30,138,com.justgame.jails,"Lands of Jail"
01:30,139,com.funplus.ts.global,"Tiles Survive!"
01:30,140,com.ballytechnologies.f88,"88 Fortunes™ Casino Slot Games"
01:30,141,com.chess,"Chess - Play and Learn Online"
01:30,142,com.innplaylabs.animalkingdomraid,"Animals & Coins Adventure Game"
01:30,143,com.nytimes.crossword,"NYT Games: Wordle & Crossword"
01:30,144,com.nexters.herowars,"Hero Wars: Alliance RPG Legend"
01:30,145,com.com2us.smon.normal.freefull.google.kr.android.common,"Summoners War X Frieren"
01:30,146,com.goodville.goodgame,"Goodville: Farm Game Adventure"
01:30,147,com.mrtgd2us.google,"Duck Survival"
01:30,148,com.camelgames.superking,"War and Order"
01:30,149,com.scopely.startrek,"Star Trek Fleet Command"
01:30,150,com.games.foundation,"Foundation: Galactic Frontier"
01:30,151,com.crowdstar.covetHome,"Design Home™: House Makeover"
01:30,152,com.checkbox.minershminer,"Idle Obelisk Miner"
01:30,153,com.igg.android.lordsmobile,"Lords Mobile x Transformers"
01:30,154,com.HoYoverse.Nap,"Zenless Zone Zero - Anniv."
01:30,155,com.hariwn.legendofcivilizations,"Forge Master"
01:30,156,com.orcas.panthia.island.fairyscapes,"Panthia®: Magic & Merge Game"
01:30,157,com.zynga.wizardofoz,"Wizard of Oz Slots Games"
01:30,158,com.kingsgroup.sos,"State of Survival: Zombie War"
01:30,159,com.bagelcode.slots1,"Club Vegas Casino Slots Games"
01:30,160,com.miniclip.eightballpool,"8 Ball Pool"
01:30,161,com.mobile.legends.usa,"Mobile Legends: Bang Bang.US"
01:30,162,com.bigfishgames.jackpotcityslotsf2pgoogle,"Jackpot Magic - Casino Slots"
01:30,163,com.vm3.global,"Truck Star"
01:30,164,com.ubisoft.invincible.guardians.globe.idle.superhero.rpg.battle.afk,"Invincible: Guarding the Globe"
01:30,165,com.pockethaven.roguelegend,"Rogue Legend - Roguelike RPG"
01:30,166,com.igg.android.doomsdaylastsurvivors,"Doomsday: Odysseus Returns"
01:30,167,com.sivona.stormshot.e,"Stormshot: Isle of Adventure"
01:30,168,com.kabam.marvelbattle,"Marvel Contest of Champions"
01:30,169,com.diandian.gog,"Guns of Glory: Lost Island"
01:30,170,com.playtika.caesarscasino,"Caesars Slots: Casino Games"
01:30,171,com.merge.game.foodstars,"Foodstars: Merge & Cook"
01:30,172,com.vizorapps.klondike,"Klondike Adventures: Farm Game"
01:30,173,com.Chillgaming.oneState,"OneState RP - Role Play Life"
01:30,174,com.MelsoftGames.FamilyIslandFarm,"Family Island™ — Farming game"
01:30,175,adventure.party.real.life,"Sunday City: Life RolePlay"
01:30,176,com.topwar.gp,"Top War: Battle Game"
01:30,177,com.Garawell.LoopSort,"Loop Sort"
01:30,178,com.abi.colony.flow,"Colony Flow!"
01:30,179,com.devsisters.cc,"CookieRun: Crumble - Idle RPG"
01:30,180,com.funplus.kingofavalon,"Frost & Flame: King of Avalon"
01:30,181,com.spark.sp.gp,"Narco Empire"
01:30,182,com.duykanbakay.carconveyortransfer,"Car Sort: Color Puzzle"
01:30,183,com.fiveminlab.overgeared.hero.backpack.merge,"Overgeared Hero: Merge RPG"
01:30,184,air.com.bitrhymes.bingo,"Bingo Bash: Live Bingo Games"
01:30,185,com.cyphergames.royalsmash,"Royal Smash! - Physics Puzzle"
01:30,186,com.zynga.hititrich,"Hit it Rich! Casino Slots Game"
01:30,187,com.zynga.gotslots,"Game of Thrones Slots Casino"
01:30,188,com.vigafun.funfinity.foodhunt,"Food Hunt: Pixel Puzzle"
01:30,189,com.monopoly.dream.idle.king,"Top Tycoon: Coin Theme Empire"
01:30,190,com.crazylabs.fashion.squad,"Glow Fashion Idol"
01:30,191,com.greenmushroom.boomblitz.gp,"Top Heroes: Kingdom Saga"
01:30,192,net.peakgames.mobile.spades.android,"Spades Plus - Card Game"
01:30,193,game.qualiarts.hololive.dreams.com,"hololive Dreams"
01:30,194,jp.co.ponos.battlecatsen,"The Battle Cats"
01:30,195,com.xq.archeroii,"Archero 2"
01:30,196,com.tile.match.blockpuzzle,"Tile Family®:Match Puzzle Game"
01:30,197,com.tocaboca.tocalifeworld,"Toca Boca World"
01:30,198,com.kurogame.wutheringwaves.global,"Wuthering Waves - To Xuanfang"
01:30,199,com.wanda.jojo.gp.global,"JoJo's Bizarre Adventure: GS"
01:30,200,com.mytona.seekersnotes.android,"Seekers Notes: Hidden Objects"
02:30,1,com.scopely.monopolygo,"MONOPOLY GO!"
02:30,2,com.king.candycrushsaga,"Candy Crush Saga"
02:30,3,com.roblox.client,"Roblox"
02:30,4,com.dreamgames.royalmatch,"Royal Match"
02:30,5,com.run.tower.defense,"Kingshot"
02:30,6,com.mergegames.gossipharbor,"Gossip Harbor: Merge & Story"
02:30,7,com.gof.global,"Whiteout Survival"
02:30,8,com.playrix.township,"Township"
02:30,9,com.dreamgames.royalkingdom,"Royal Kingdom"
02:30,10,com.moonactive.coinmaster,"Coin Master"
02:30,11,com.fun.lastwar.gp,"Last War:Survival Game"
02:30,12,com.readygo.barrel.gp,"Last Z: Survival Shooter"
02:30,13,net.peakgames.toonblast,"Toon Blast"
02:30,14,com.nianticlabs.pokemongo,"Pokémon GO"
02:30,15,com.topgamesinc.evony,"Evony: The King's Return"
02:30,16,com.totalbattle,"Total Battle: War Strategy"
02:30,17,com.williamsinteractive.jackpotparty,"Jackpot Party Casino Slots"
02:30,18,com.playrix.gardenscapes,"Gardenscapes"
02:30,19,com.phs.global,"Last Asylum: Plague"
02:30,20,net.peakgames.match,"Match Factory!"
02:30,21,com.zjcs.android.us,"Sword x Staff"
02:30,22,com.productmadness.cashmancasino,"Cashman Casino Slots Games"
02:30,23,com.productmadness.lightninglink,"Lightning Link Casino Slots"
02:30,24,com.dts.freefireth,"Free Fire: 9th Anniversary"
02:30,25,com.king.candycrushsodasaga,"Candy Crush Soda Saga"
02:30,26,air.com.buffalo_studios.newflashbingo,"Bingo Blitz™️ - Bingo Games"
02:30,27,com.activision.callofduty.shooter,"Call of Duty®: Mobile"
02:30,28,com.fatmerge.global,"Tasty Travels: Merge Game"
02:30,29,com.supercell.clashofclans,"Clash of Clans"
02:30,30,com.playrix.fishdomdd.gplay,"Fishdom"
02:30,31,com.superplaystudios.disneysolitairedreams,"Disney Solitaire"
02:30,32,jp.pokemon.pokemontcgp,"Pokémon TCG Pocket - Card Game"
02:30,33,com.diamondlife.slots.vegas.free,"Lotsa Slots - Casino Games"
02:30,34,com.combo.yarnflow,"Yarn Loop"
02:30,35,com.playrix.homescapes,"Homescapes"
02:30,36,com.loomgames.pixelflow,"Pixel Flow!"
02:30,37,com.tencent.ig,"PUBG MOBILE"
02:30,38,com.superplaystudios.dicedreams,"Dice Dreams™️"
02:30,39,com.proximabeta.nikke,"GODDESS OF VICTORY: NIKKE"
02:30,40,com.readygo.dark.gp,"Dark War Survival"
02:30,41,com.homagames.studio.allinhole,"All in Hole: Black Hole Games"
02:30,42,com.miHoYo.GenshinImpact,"Genshin Impact"
02:30,43,com.wizards.mtga,"Magic: The Gathering Arena"
02:30,44,slots.pcg.casino.games.free.android,"Cash Frenzy™ - Casino Slots"
02:30,45,com.farlightgames.pgame.gp,"Clash of Critters"
02:30,46,com.merge.cooking.theme.restaurant.food,"Merge Cooking®"
02:30,47,com.ballytechnologies.quickhitslots,"Quick Hit Casino Slots Games"
02:30,48,com.cola.game,"Flambé®: Merge & Cook"
02:30,49,com.ea.gp.fifamobile,"EA SPORTS FC Soccer Mobile 26"
02:30,50,com.cedargames.mysterytown,"Mystery Town: Merge Games"
02:30,51,com.bingo.cruise.free.best.top.game,"Bingo Voyage - Live Bingo Game"
02:30,52,com.productmadness.hovmobile,"Slots: Heart of Vegas Casino"
02:30,53,com.bandainamcoent.dblegends_ww,"DRAGON BALL LEGENDS"
02:30,54,com.moonactive.cmboard,"Coin Master - Board Adventure"
02:30,55,com.aniplex.fategrandorder.en,"Fate/Grand Order (English)"
02:30,56,com.global.pnck,"Puzzles & Chaos: Frozen Castle"
02:30,57,net.supertreat.solitaire,"Solitaire Grand Harvest"
02:30,58,io.randomco.travel,"Travel Town - Merge Adventure"
02:30,59,com.global.ztmslg,"Puzzles & Survival"
02:30,60,com.joycastle.mergematch,"Matching Story - Puzzle Games"
02:30,61,com.newai.ooc,"OOC: The Playable Anime"
02:30,62,com.grandegames.slots.dafu.casino,"Jackpot World™ - Slots Casino"
02:30,63,com.mojang.minecraftpe,"Minecraft: Dream it, Build it!"
02:30,64,air.com.playtika.slotomania,"Slotomania™ Slots Casino Games"
02:30,65,net.wooga.junes_journey_hidden_object_mystery_game,"June's Journey: Hidden Objects"
02:30,66,com.online.huntingsniper,"Hunting Sniper"
02:30,67,com.playdemic.golf.android,"Golf Clash - Golfing Simulator"
02:30,68,com.supercell.hayday,"Hay Day"
02:30,69,com.olleyo.piggy.king.free,"Piggy Kingdom"
02:30,70,com.plarium.raidlegends,"RAID: Shadow Legends"
02:30,71,com.grandgames.magicsort,"Magic Sort!"
02:30,72,com.ea.game.starwarscapital_row,"Star Wars™: Galaxy of Heroes"
02:30,73,net.peakgames.amy,"Toy Blast"
02:30,74,com.foxnextgames.m3,"MARVEL Strike Force: Squad RPG"
02:30,75,com.moonactive.holestars,"Hole Stars: Puzzle Game"
02:30,76,com.gsn.android.tripeaks,"Tiki Solitaire TriPeaks"
02:30,77,com.playtika.wsop.gp,"WSOP Poker: Texas Holdem Game"
02:30,78,com.lilithgame.roc.gp,"Rise of Kingdoms: Lost Crusade"
02:30,79,com.bgg.jump,"Project Makeover"
02:30,80,com.cooking.bingo.ldkwh,"Bingo Frenzy™-Live Bingo Games"
02:30,81,com.funfizz.palmon.gp,"Palmon: Survival"
02:30,82,com.unicornstudio.cashparty.slots.casino.vegas.free,"Cash Club Casino - Vegas Slots"
02:30,83,com.jmsgame.jackpotmastercasino,"Jackpot Master™ Slots - Casino"
02:30,84,com.gamedots.seasideescape,"Seaside Escape®: Merge & Story"
02:30,85,com.gtarcade.ioe.global,"Infinity Kingdom"
02:30,86,com.hitappsgames.wordsolitaire,"Solitaire Associations Journey"
02:30,87,jp.konami.pesam,"eFootball™"
02:30,88,com.nexon.ma,"MapleStory : Idle RPG"
02:30,89,com.scopely.yux,"Yahtzee® With Buddies Dice Fun"
02:30,90,com.gramgames.mergedragons,"Merge Dragons!"
02:30,91,com.smallgiantgames.empires,"Empires & Puzzles: Match-3 RPG"
02:30,92,com.funtomic.matchmasters,"Match Masters"
02:30,93,com.cygames.umamusume,"Umamusume: Pretty Derby"
02:30,94,com.playstudios.popslots,"POP! Slots™"
02:30,95,com.rotatelab.cubeblast,"Cube Land Puzzle Game"
02:30,96,com.microdose.balljam,"Marble Sort! - Color Puzzle"
02:30,97,com.supercell.brawlstars,"Brawl Stars"
02:30,98,com.supercell.clashroyale,"Clash Royale"
02:30,99,com.selfawaregames.acecasino,"Big Fish Casino - Slots Games"
02:30,100,com.riotgames.league.wildrift,"League of Legends: Wild Rift"
02:30,101,com.im30.ROE.gp,"Rise of Castles: Ice and Fire"
02:30,102,com.ddi,"DoubleDown Casino Vegas Slots"
02:30,103,com.bluepoch.m.en.reverse1999,"Reverse: 1999 - 3rd Anniv."
02:30,104,com.rovio.baba,"Angry Birds 2"
02:30,105,com.everywear.game5,"Merge Mansion: Puzzles & Story"
02:30,106,com.screenshake.dominodreams,"Domino Dreams™"
02:30,107,com.snowprintstudios.tacticus,"Warhammer 40,000: Tacticus ™"
02:30,108,com.ig.screwdom,"Screwdom 3D"
02:30,109,com.dts.freefiremax,"Free Fire MAX"
02:30,110,com.scientificgames.monopolyslots,"MONOPOLY Slots - Casino Games"
02:30,111,com.xman.na.gp,"X-Clash"
02:30,112,com.doubleugames.DoubleUCasino,"DoubleU Casino™ - Vegas Slots"
02:30,113,com.goodjobgames.matchvillains,"Match Villains"
02:30,114,com.GybeGames.ColorBlockJam,"Color Block Jam"
02:30,115,com.camelgames.aoz,"Age of Origins"
02:30,116,com.YoStarEN.AzurLane,"Azur Lane"
02:30,117,com.hollywood.merge,"Hollywood Merge"
02:30,118,com.blizzard.diablo.immortal,"Diablo Immortal"
02:30,119,com.pixonic.wwr,"War Robots Multiplayer Battles"
02:30,120,com.wb.goog.hotd.socialstrategy,"Game of Thrones: Dragonfire"
02:30,121,com.williamsinteractive.goldfish,"Gold Fish Casino Slot Games"
02:30,122,com.slg.policewar,"Police Chief"
02:30,123,com.sports.real.golf.rival.online,"Golf Rival - Multiplayer Game"
02:30,124,com.topultragame.slotlasvega,"Cash Tornado™ Slots - Casino"
02:30,125,com.huuuge.casino.slots,"Huuuge Casino 777 Slots Games"
02:30,126,com.vincentb.MobControl,"Mob Control"
02:30,127,com.yottagames.gameofmafia,"The Grand Mafia"
02:30,128,com.a3.topgirl.gplay,"Top Girl"
02:30,129,com.epicoro.castleclashers,"Castle Busters"
02:30,130,com.productmadness.fafafagold,"Mighty Fu Casino Slots Games"
02:30,131,com.mattel163.phase10,"Phase 10: Casual Card Game"
02:30,132,com.HoYoverse.hkrpgoversea,"Honkai: Star Rail"
02:30,133,com.king.farmheroessaga,"Farm Heroes Saga"
02:30,134,jp.co.goodroid.hyper.busflow,"Bus Traffic Fever!"
02:30,135,com.rc.cityCleaner,"Triple Match City"
02:30,136,com.master.triple3d.find,"Triple Match 3D"
02:30,137,com.justgame.jails,"Lands of Jail"
02:30,138,com.ballytechnologies.f88,"88 Fortunes™ Casino Slot Games"
02:30,139,com.chess,"Chess - Play and Learn Online"
02:30,140,com.innplaylabs.animalkingdomraid,"Animals & Coins Adventure Game"
02:30,141,com.goodville.goodgame,"Goodville: Farm Game Adventure"
02:30,142,com.nexters.herowars,"Hero Wars: Alliance RPG Legend"
02:30,143,com.com2us.smon.normal.freefull.google.kr.android.common,"Summoners War X Frieren"
02:30,144,com.mrtgd2us.google,"Duck Survival"
02:30,145,com.scopely.startrek,"Star Trek Fleet Command"
02:30,146,com.iskslowtest.mislen,"Isekai:Slow Life"
02:30,147,com.games.foundation,"Foundation: Galactic Frontier"
02:30,148,com.crowdstar.covetHome,"Design Home™: House Makeover"
02:30,149,com.funplus.ts.global,"Tiles Survive!"
02:30,150,com.igg.android.lordsmobile,"Lords Mobile x Transformers"
02:30,151,com.HoYoverse.Nap,"Zenless Zone Zero - Anniv."
02:30,152,com.zynga.wizardofoz,"Wizard of Oz Slots Games"
02:30,153,com.kingsgroup.sos,"State of Survival: Zombie War"
02:30,154,com.nytimes.crossword,"NYT Games: Wordle & Crossword"
02:30,155,com.camelgames.superking,"War and Order"
02:30,156,com.miniclip.eightballpool,"8 Ball Pool"
02:30,157,com.mobile.legends.usa,"Mobile Legends: Bang Bang.US"
02:30,158,com.checkbox.minershminer,"Idle Obelisk Miner"
02:30,159,com.vm3.global,"Truck Star"
02:30,160,com.ubisoft.invincible.guardians.globe.idle.superhero.rpg.battle.afk,"Invincible: Guarding the Globe"
02:30,161,com.hariwn.legendofcivilizations,"Forge Master"
02:30,162,com.pockethaven.roguelegend,"Rogue Legend - Roguelike RPG"
02:30,163,com.igg.android.doomsdaylastsurvivors,"Doomsday: Odysseus Returns"
02:30,164,com.sivona.stormshot.e,"Stormshot: Isle of Adventure"
02:30,165,com.kabam.marvelbattle,"Marvel Contest of Champions"
02:30,166,com.diandian.gog,"Guns of Glory: Lost Island"
02:30,167,com.playtika.caesarscasino,"Caesars Slots: Casino Games"
02:30,168,com.bagelcode.slots1,"Club Vegas Casino Slots Games"
02:30,169,com.merge.game.foodstars,"Foodstars: Merge & Cook"
02:30,170,com.bigfishgames.jackpotcityslotsf2pgoogle,"Jackpot Magic - Casino Slots"
02:30,171,com.vizorapps.klondike,"Klondike Adventures: Farm Game"
02:30,172,com.Chillgaming.oneState,"OneState RP - Role Play Life"
02:30,173,com.MelsoftGames.FamilyIslandFarm,"Family Island™ — Farming game"
02:30,174,adventure.party.real.life,"Sunday City: Life RolePlay"
02:30,175,com.topwar.gp,"Top War: Battle Game"
02:30,176,com.orcas.panthia.island.fairyscapes,"Panthia®: Magic & Merge Game"
02:30,177,com.abi.colony.flow,"Colony Flow!"
02:30,178,air.com.bitrhymes.bingo,"Bingo Bash: Live Bingo Games"
02:30,179,com.cyphergames.royalsmash,"Royal Smash! - Physics Puzzle"
02:30,180,com.zynga.hititrich,"Hit it Rich! Casino Slots Game"
02:30,181,com.wanda.jojo.gp.global,"JoJo's Bizarre Adventure: GS"
02:30,182,com.vigafun.funfinity.foodhunt,"Food Hunt: Pixel Puzzle"
02:30,183,com.monopoly.dream.idle.king,"Top Tycoon: Coin Theme Empire"
02:30,184,com.crazylabs.fashion.squad,"Glow Fashion Idol"
02:30,185,com.greenmushroom.boomblitz.gp,"Top Heroes: Kingdom Saga"
02:30,186,game.qualiarts.hololive.dreams.com,"hololive Dreams"
02:30,187,jp.co.ponos.battlecatsen,"The Battle Cats"
02:30,188,com.xq.archeroii,"Archero 2"
02:30,189,com.fiveminlab.overgeared.hero.backpack.merge,"Overgeared Hero: Merge RPG"
02:30,190,com.Garawell.LoopSort,"Loop Sort"
02:30,191,com.tile.match.blockpuzzle,"Tile Family®:Match Puzzle Game"
02:30,192,com.tocaboca.tocalifeworld,"Toca Boca World"
02:30,193,com.kurogame.wutheringwaves.global,"Wuthering Waves - To Xuanfang"
02:30,194,com.funplus.kingofavalon,"Frost & Flame: King of Avalon"
02:30,195,com.duykanbakay.carconveyortransfer,"Car Sort: Color Puzzle"
02:30,196,com.farlightgames.warline.gp.global,"Warline: Sniper Strike"
02:30,197,com.spark.sp.gp,"Narco Empire"
02:30,198,io.supercent.weaponrpg,"XP Hero"
02:30,199,com.play.merge.restyle,"Merge Restyle"
02:30,200,com.zynga.gotslots,"Game of Thrones Slots Casino"
03:00,1,com.scopely.monopolygo,"MONOPOLY GO!"
03:00,2,com.king.candycrushsaga,"Candy Crush Saga"
03:00,3,com.roblox.client,"Roblox"
03:00,4,com.run.tower.defense,"Kingshot"
03:00,5,com.dreamgames.royalmatch,"Royal Match"
03:00,6,com.mergegames.gossipharbor,"Gossip Harbor: Merge & Story"
03:00,7,com.gof.global,"Whiteout Survival"
03:00,8,com.playrix.township,"Township"
03:00,9,com.fun.lastwar.gp,"Last War:Survival Game"
03:00,10,com.moonactive.coinmaster,"Coin Master"
03:00,11,com.dreamgames.royalkingdom,"Royal Kingdom"
03:00,12,com.readygo.barrel.gp,"Last Z: Survival Shooter"
03:00,13,net.peakgames.toonblast,"Toon Blast"
03:00,14,com.nianticlabs.pokemongo,"Pokémon GO"
03:00,15,com.topgamesinc.evony,"Evony: The King's Return"
03:00,16,com.totalbattle,"Total Battle: War Strategy"
03:00,17,com.phs.global,"Last Asylum: Plague"
03:00,18,net.peakgames.match,"Match Factory!"
03:00,19,com.williamsinteractive.jackpotparty,"Jackpot Party Casino Slots"
03:00,20,com.playrix.gardenscapes,"Gardenscapes"
03:00,21,com.king.candycrushsodasaga,"Candy Crush Soda Saga"
03:00,22,com.productmadness.cashmancasino,"Cashman Casino Slots Games"
03:00,23,com.productmadness.lightninglink,"Lightning Link Casino Slots"
03:00,24,com.fatmerge.global,"Tasty Travels: Merge Game"
03:00,25,com.zjcs.android.us,"Sword x Staff"
03:00,26,com.dts.freefireth,"Free Fire: 9th Anniversary"
03:00,27,com.playrix.fishdomdd.gplay,"Fishdom"
03:00,28,air.com.buffalo_studios.newflashbingo,"Bingo Blitz™️ - Bingo Games"
03:00,29,com.superplaystudios.disneysolitairedreams,"Disney Solitaire"
03:00,30,jp.pokemon.pokemontcgp,"Pokémon TCG Pocket - Card Game"
03:00,31,com.activision.callofduty.shooter,"Call of Duty®: Mobile"
03:00,32,com.supercell.clashofclans,"Clash of Clans"
03:00,33,com.combo.yarnflow,"Yarn Loop"
03:00,34,com.loomgames.pixelflow,"Pixel Flow!"
03:00,35,com.diamondlife.slots.vegas.free,"Lotsa Slots - Casino Games"
03:00,36,com.playrix.homescapes,"Homescapes"
03:00,37,com.tencent.ig,"PUBG MOBILE"
03:00,38,com.superplaystudios.dicedreams,"Dice Dreams™️"
03:00,39,com.readygo.dark.gp,"Dark War Survival"
03:00,40,com.proximabeta.nikke,"GODDESS OF VICTORY: NIKKE"
03:00,41,com.homagames.studio.allinhole,"All in Hole: Black Hole Games"
03:00,42,com.miHoYo.GenshinImpact,"Genshin Impact"
03:00,43,com.wizards.mtga,"Magic: The Gathering Arena"
03:00,44,slots.pcg.casino.games.free.android,"Cash Frenzy™ - Casino Slots"
03:00,45,com.farlightgames.pgame.gp,"Clash of Critters"
03:00,46,com.ballytechnologies.quickhitslots,"Quick Hit Casino Slots Games"
03:00,47,com.merge.cooking.theme.restaurant.food,"Merge Cooking®"
03:00,48,com.cedargames.mysterytown,"Mystery Town: Merge Games"
03:00,49,com.cola.game,"Flambé®: Merge & Cook"
03:00,50,com.ea.gp.fifamobile,"EA SPORTS FC Soccer Mobile 26"
03:00,51,com.bingo.cruise.free.best.top.game,"Bingo Voyage - Live Bingo Game"
03:00,52,com.productmadness.hovmobile,"Slots: Heart of Vegas Casino"
03:00,53,com.bandainamcoent.dblegends_ww,"DRAGON BALL LEGENDS"
03:00,54,com.aniplex.fategrandorder.en,"Fate/Grand Order (English)"
03:00,55,com.global.pnck,"Puzzles & Chaos: Frozen Castle"
03:00,56,com.moonactive.cmboard,"Coin Master - Board Adventure"
03:00,57,net.supertreat.solitaire,"Solitaire Grand Harvest"
03:00,58,com.global.ztmslg,"Puzzles & Survival"
03:00,59,com.joycastle.mergematch,"Matching Story - Puzzle Games"
03:00,60,com.newai.ooc,"OOC: The Playable Anime"
03:00,61,io.randomco.travel,"Travel Town - Merge Adventure"
03:00,62,com.mojang.minecraftpe,"Minecraft: Dream it, Build it!"
03:00,63,air.com.playtika.slotomania,"Slotomania™ Slots Casino Games"
03:00,64,com.supercell.hayday,"Hay Day"
03:00,65,com.online.huntingsniper,"Hunting Sniper"
03:00,66,com.olleyo.piggy.king.free,"Piggy Kingdom"
03:00,67,com.grandegames.slots.dafu.casino,"Jackpot World™ - Slots Casino"
03:00,68,com.plarium.raidlegends,"RAID: Shadow Legends"
03:00,69,com.grandgames.magicsort,"Magic Sort!"
03:00,70,com.ea.game.starwarscapital_row,"Star Wars™: Galaxy of Heroes"
03:00,71,com.foxnextgames.m3,"MARVEL Strike Force: Squad RPG"
03:00,72,com.playdemic.golf.android,"Golf Clash - Golfing Simulator"
03:00,73,com.moonactive.holestars,"Hole Stars: Puzzle Game"
03:00,74,net.wooga.junes_journey_hidden_object_mystery_game,"June's Journey: Hidden Objects"
03:00,75,com.playtika.wsop.gp,"WSOP Poker: Texas Holdem Game"
03:00,76,com.lilithgame.roc.gp,"Rise of Kingdoms: Lost Crusade"
03:00,77,com.cooking.bingo.ldkwh,"Bingo Frenzy™-Live Bingo Games"
03:00,78,com.funfizz.palmon.gp,"Palmon: Survival"
03:00,79,com.unicornstudio.cashparty.slots.casino.vegas.free,"Cash Club Casino - Vegas Slots"
03:00,80,net.peakgames.amy,"Toy Blast"
03:00,81,com.jmsgame.jackpotmastercasino,"Jackpot Master™ Slots - Casino"
03:00,82,com.gsn.android.tripeaks,"Tiki Solitaire TriPeaks"
03:00,83,com.gtarcade.ioe.global,"Infinity Kingdom"
03:00,84,com.nexon.ma,"MapleStory : Idle RPG"
03:00,85,com.bgg.jump,"Project Makeover"
03:00,86,com.scopely.yux,"Yahtzee® With Buddies Dice Fun"
03:00,87,com.gramgames.mergedragons,"Merge Dragons!"
03:00,88,com.gamedots.seasideescape,"Seaside Escape®: Merge & Story"
03:00,89,com.funtomic.matchmasters,"Match Masters"
03:00,90,com.rotatelab.cubeblast,"Cube Land Puzzle Game"
03:00,91,com.microdose.balljam,"Marble Sort! - Color Puzzle"
03:00,92,com.hitappsgames.wordsolitaire,"Solitaire Associations Journey"
03:00,93,com.supercell.clashroyale,"Clash Royale"
03:00,94,com.selfawaregames.acecasino,"Big Fish Casino - Slots Games"
03:00,95,com.riotgames.league.wildrift,"League of Legends: Wild Rift"
03:00,96,com.ddi,"DoubleDown Casino Vegas Slots"
03:00,97,com.bluepoch.m.en.reverse1999,"Reverse: 1999 - 3rd Anniv."
03:00,98,com.playstudios.popslots,"POP! Slots™"
03:00,99,com.smallgiantgames.empires,"Empires & Puzzles: Match-3 RPG"
03:00,100,jp.konami.pesam,"eFootball™"
03:00,101,com.rovio.baba,"Angry Birds 2"
03:00,102,com.everywear.game5,"Merge Mansion: Puzzles & Story"
03:00,103,com.screenshake.dominodreams,"Domino Dreams™"
03:00,104,com.xman.na.gp,"X-Clash"
03:00,105,com.dts.freefiremax,"Free Fire MAX"
03:00,106,com.im30.ROE.gp,"Rise of Castles: Ice and Fire"
03:00,107,com.supercell.brawlstars,"Brawl Stars"
03:00,108,com.doubleugames.DoubleUCasino,"DoubleU Casino™ - Vegas Slots"
03:00,109,com.goodjobgames.matchvillains,"Match Villains"
03:00,110,com.GybeGames.ColorBlockJam,"Color Block Jam"
03:00,111,com.cygames.umamusume,"Umamusume: Pretty Derby"
03:00,112,com.camelgames.aoz,"Age of Origins"
03:00,113,com.YoStarEN.AzurLane,"Azur Lane"
03:00,114,com.hollywood.merge,"Hollywood Merge"
03:00,115,com.pixonic.wwr,"War Robots Multiplayer Battles"
03:00,116,com.wb.goog.hotd.socialstrategy,"Game of Thrones: Dragonfire"
03:00,117,com.williamsinteractive.goldfish,"Gold Fish Casino Slot Games"
03:00,118,com.snowprintstudios.tacticus,"Warhammer 40,000: Tacticus ™"
03:00,119,com.ig.screwdom,"Screwdom 3D"
03:00,120,com.slg.policewar,"Police Chief"
03:00,121,com.sports.real.golf.rival.online,"Golf Rival - Multiplayer Game"
03:00,122,com.topultragame.slotlasvega,"Cash Tornado™ Slots - Casino"
03:00,123,com.blizzard.diablo.immortal,"Diablo Immortal"
03:00,124,com.scientificgames.monopolyslots,"MONOPOLY Slots - Casino Games"
03:00,125,com.huuuge.casino.slots,"Huuuge Casino 777 Slots Games"
03:00,126,com.vincentb.MobControl,"Mob Control"
03:00,127,com.productmadness.fafafagold,"Mighty Fu Casino Slots Games"
03:00,128,com.mattel163.phase10,"Phase 10: Casual Card Game"
03:00,129,com.rc.cityCleaner,"Triple Match City"
03:00,130,com.master.triple3d.find,"Triple Match 3D"
03:00,131,com.justgame.jails,"Lands of Jail"
03:00,132,com.a3.topgirl.gplay,"Top Girl"
03:00,133,com.yottagames.gameofmafia,"The Grand Mafia"
03:00,134,com.ballytechnologies.f88,"88 Fortunes™ Casino Slot Games"
03:00,135,jp.co.goodroid.hyper.busflow,"Bus Traffic Fever!"
03:00,136,com.chess,"Chess - Play and Learn Online"
03:00,137,com.innplaylabs.animalkingdomraid,"Animals & Coins Adventure Game"
03:00,138,com.goodville.goodgame,"Goodville: Farm Game Adventure"
03:00,139,com.HoYoverse.hkrpgoversea,"Honkai: Star Rail"
03:00,140,com.epicoro.castleclashers,"Castle Busters"
03:00,141,com.scopely.startrek,"Star Trek Fleet Command"
03:00,142,com.king.farmheroessaga,"Farm Heroes Saga"
03:00,143,com.iskslowtest.mislen,"Isekai:Slow Life"
03:00,144,com.crowdstar.covetHome,"Design Home™: House Makeover"
03:00,145,com.funplus.ts.global,"Tiles Survive!"
03:00,146,com.igg.android.lordsmobile,"Lords Mobile x Transformers"
03:00,147,com.mrtgd2us.google,"Duck Survival"
03:00,148,com.nexters.herowars,"Hero Wars: Alliance RPG Legend"
03:00,149,com.HoYoverse.Nap,"Zenless Zone Zero - Anniv."
03:00,150,com.zynga.wizardofoz,"Wizard of Oz Slots Games"
03:00,151,com.kingsgroup.sos,"State of Survival: Zombie War"
03:00,152,com.com2us.smon.normal.freefull.google.kr.android.common,"Summoners War X Frieren"
03:00,153,com.nytimes.crossword,"NYT Games: Wordle & Crossword"
03:00,154,com.camelgames.superking,"War and Order"
03:00,155,com.checkbox.minershminer,"Idle Obelisk Miner"
03:00,156,com.games.foundation,"Foundation: Galactic Frontier"
03:00,157,com.hariwn.legendofcivilizations,"Forge Master"
03:00,158,com.pockethaven.roguelegend,"Rogue Legend - Roguelike RPG"
03:00,159,com.igg.android.doomsdaylastsurvivors,"Doomsday: Odysseus Returns"
03:00,160,com.sivona.stormshot.e,"Stormshot: Isle of Adventure"
03:00,161,com.kabam.marvelbattle,"Marvel Contest of Champions"
03:00,162,com.mobile.legends.usa,"Mobile Legends: Bang Bang.US"
03:00,163,com.diandian.gog,"Guns of Glory: Lost Island"
03:00,164,com.playtika.caesarscasino,"Caesars Slots: Casino Games"
03:00,165,com.bagelcode.slots1,"Club Vegas Casino Slots Games"
03:00,166,com.bigfishgames.jackpotcityslotsf2pgoogle,"Jackpot Magic - Casino Slots"
03:00,167,com.miniclip.eightballpool,"8 Ball Pool"
03:00,168,com.vm3.global,"Truck Star"
03:00,169,com.MelsoftGames.FamilyIslandFarm,"Family Island™ — Farming game"
03:00,170,adventure.party.real.life,"Sunday City: Life RolePlay"
03:00,171,com.ubisoft.invincible.guardians.globe.idle.superhero.rpg.battle.afk,"Invincible: Guarding the Globe"
03:00,172,com.orcas.panthia.island.fairyscapes,"Panthia®: Magic & Merge Game"
03:00,173,com.abi.colony.flow,"Colony Flow!"
03:00,174,com.topwar.gp,"Top War: Battle Game"
03:00,175,air.com.bitrhymes.bingo,"Bingo Bash: Live Bingo Games"
03:00,176,com.cyphergames.royalsmash,"Royal Smash! - Physics Puzzle"
03:00,177,com.Chillgaming.oneState,"OneState RP - Role Play Life"
03:00,178,com.zynga.hititrich,"Hit it Rich! Casino Slots Game"
03:00,179,com.wanda.jojo.gp.global,"JoJo's Bizarre Adventure: GS"
03:00,180,com.merge.game.foodstars,"Foodstars: Merge & Cook"
03:00,181,com.vizorapps.klondike,"Klondike Adventures: Farm Game"
03:00,182,com.monopoly.dream.idle.king,"Top Tycoon: Coin Theme Empire"
03:00,183,com.crazylabs.fashion.squad,"Glow Fashion Idol"
03:00,184,game.qualiarts.hololive.dreams.com,"hololive Dreams"
03:00,185,jp.co.ponos.battlecatsen,"The Battle Cats"
03:00,186,com.xq.archeroii,"Archero 2"
03:00,187,com.fiveminlab.overgeared.hero.backpack.merge,"Overgeared Hero: Merge RPG"
03:00,188,com.Garawell.LoopSort,"Loop Sort"
03:00,189,com.tile.match.blockpuzzle,"Tile Family®:Match Puzzle Game"
03:00,190,com.tocaboca.tocalifeworld,"Toca Boca World"
03:00,191,com.funplus.kingofavalon,"Frost & Flame: King of Avalon"
03:00,192,com.vigafun.funfinity.foodhunt,"Food Hunt: Pixel Puzzle"
03:00,193,com.duykanbakay.carconveyortransfer,"Car Sort: Color Puzzle"
03:00,194,com.greenmushroom.boomblitz.gp,"Top Heroes: Kingdom Saga"
03:00,195,com.spark.sp.gp,"Narco Empire"
03:00,196,io.supercent.weaponrpg,"XP Hero"
03:00,197,com.play.merge.restyle,"Merge Restyle"
03:00,198,com.zynga.gotslots,"Game of Thrones Slots Casino"
03:00,199,com.mytona.seekersnotes.android,"Seekers Notes: Hidden Objects"
03:00,200,com.kurogame.wutheringwaves.global,"Wuthering Waves - To Xuanfang"
04:00,1,com.scopely.monopolygo,"MONOPOLY GO!"
04:00,2,com.roblox.client,"Roblox"
04:00,3,com.king.candycrushsaga,"Candy Crush Saga"
04:00,4,com.dreamgames.royalmatch,"Royal Match"
04:00,5,com.mergegames.gossipharbor,"Gossip Harbor: Merge & Story"
04:00,6,com.run.tower.defense,"Kingshot"
04:00,7,com.playrix.township,"Township"
04:00,8,com.gof.global,"Whiteout Survival"
04:00,9,com.fun.lastwar.gp,"Last War:Survival Game"
04:00,10,com.moonactive.coinmaster,"Coin Master"
04:00,11,com.dreamgames.royalkingdom,"Royal Kingdom"
04:00,12,com.readygo.barrel.gp,"Last Z: Survival Shooter"
04:00,13,com.nianticlabs.pokemongo,"Pokémon GO"
04:00,14,net.peakgames.toonblast,"Toon Blast"
04:00,15,com.topgamesinc.evony,"Evony: The King's Return"
04:00,16,com.totalbattle,"Total Battle: War Strategy"
04:00,17,com.phs.global,"Last Asylum: Plague"
04:00,18,com.williamsinteractive.jackpotparty,"Jackpot Party Casino Slots"
04:00,19,com.playrix.gardenscapes,"Gardenscapes"
04:00,20,net.peakgames.match,"Match Factory!"
04:00,21,com.productmadness.cashmancasino,"Cashman Casino Slots Games"
04:00,22,com.productmadness.lightninglink,"Lightning Link Casino Slots"
04:00,23,com.zjcs.android.us,"Sword x Staff"
04:00,24,com.dts.freefireth,"Free Fire: 9th Anniversary"
04:00,25,com.playrix.fishdomdd.gplay,"Fishdom"
04:00,26,com.king.candycrushsodasaga,"Candy Crush Soda Saga"
04:00,27,air.com.buffalo_studios.newflashbingo,"Bingo Blitz™️ - Bingo Games"
04:00,28,com.fatmerge.global,"Tasty Travels: Merge Game"
04:00,29,jp.pokemon.pokemontcgp,"Pokémon TCG Pocket - Card Game"
04:00,30,com.activision.callofduty.shooter,"Call of Duty®: Mobile"
04:00,31,com.supercell.clashofclans,"Clash of Clans"
04:00,32,com.superplaystudios.disneysolitairedreams,"Disney Solitaire"
04:00,33,com.loomgames.pixelflow,"Pixel Flow!"
04:00,34,com.diamondlife.slots.vegas.free,"Lotsa Slots - Casino Games"
04:00,35,com.combo.yarnflow,"Yarn Loop"
04:00,36,com.playrix.homescapes,"Homescapes"
04:00,37,com.tencent.ig,"PUBG MOBILE"
04:00,38,com.superplaystudios.dicedreams,"Dice Dreams™️"
04:00,39,com.readygo.dark.gp,"Dark War Survival"
04:00,40,com.proximabeta.nikke,"GODDESS OF VICTORY: NIKKE"
04:00,41,com.miHoYo.GenshinImpact,"Genshin Impact"
04:00,42,com.wizards.mtga,"Magic: The Gathering Arena"
04:00,43,com.homagames.studio.allinhole,"All in Hole: Black Hole Games"
04:00,44,com.ballytechnologies.quickhitslots,"Quick Hit Casino Slots Games"
04:00,45,slots.pcg.casino.games.free.android,"Cash Frenzy™ - Casino Slots"
04:00,46,com.merge.cooking.theme.restaurant.food,"Merge Cooking®"
04:00,47,com.farlightgames.pgame.gp,"Clash of Critters"
04:00,48,com.cola.game,"Flambé®: Merge & Cook"
04:00,49,com.ea.gp.fifamobile,"EA SPORTS FC Soccer Mobile 26"
04:00,50,com.cedargames.mysterytown,"Mystery Town: Merge Games"
04:00,51,com.bandainamcoent.dblegends_ww,"DRAGON BALL LEGENDS"
04:00,52,com.productmadness.hovmobile,"Slots: Heart of Vegas Casino"
04:00,53,com.bingo.cruise.free.best.top.game,"Bingo Voyage - Live Bingo Game"
04:00,54,com.moonactive.cmboard,"Coin Master - Board Adventure"
04:00,55,com.global.ztmslg,"Puzzles & Survival"
04:00,56,com.aniplex.fategrandorder.en,"Fate/Grand Order (English)"
04:00,57,com.global.pnck,"Puzzles & Chaos: Frozen Castle"
04:00,58,io.randomco.travel,"Travel Town - Merge Adventure"
04:00,59,net.supertreat.solitaire,"Solitaire Grand Harvest"
04:00,60,com.newai.ooc,"OOC: The Playable Anime"
04:00,61,com.joycastle.mergematch,"Matching Story - Puzzle Games"
04:00,62,air.com.playtika.slotomania,"Slotomania™ Slots Casino Games"
04:00,63,com.supercell.hayday,"Hay Day"
04:00,64,com.grandegames.slots.dafu.casino,"Jackpot World™ - Slots Casino"
04:00,65,com.plarium.raidlegends,"RAID: Shadow Legends"
04:00,66,com.grandgames.magicsort,"Magic Sort!"
04:00,67,com.mojang.minecraftpe,"Minecraft: Dream it, Build it!"
04:00,68,com.playdemic.golf.android,"Golf Clash - Golfing Simulator"
04:00,69,com.moonactive.holestars,"Hole Stars: Puzzle Game"
04:00,70,net.wooga.junes_journey_hidden_object_mystery_game,"June's Journey: Hidden Objects"
04:00,71,com.ea.game.starwarscapital_row,"Star Wars™: Galaxy of Heroes"
04:00,72,com.cooking.bingo.ldkwh,"Bingo Frenzy™-Live Bingo Games"
04:00,73,com.olleyo.piggy.king.free,"Piggy Kingdom"
04:00,74,net.peakgames.amy,"Toy Blast"
04:00,75,com.playtika.wsop.gp,"WSOP Poker: Texas Holdem Game"
04:00,76,com.gsn.android.tripeaks,"Tiki Solitaire TriPeaks"
04:00,77,com.lilithgame.roc.gp,"Rise of Kingdoms: Lost Crusade"
04:00,78,com.funfizz.palmon.gp,"Palmon: Survival"
04:00,79,com.online.huntingsniper,"Hunting Sniper"
04:00,80,com.nexon.ma,"MapleStory : Idle RPG"
04:00,81,com.foxnextgames.m3,"MARVEL Strike Force: Squad RPG"
04:00,82,com.bgg.jump,"Project Makeover"
04:00,83,com.jmsgame.jackpotmastercasino,"Jackpot Master™ Slots - Casino"
04:00,84,com.scopely.yux,"Yahtzee® With Buddies Dice Fun"
04:00,85,com.unicornstudio.cashparty.slots.casino.vegas.free,"Cash Club Casino - Vegas Slots"
04:00,86,com.gamedots.seasideescape,"Seaside Escape®: Merge & Story"
04:00,87,com.funtomic.matchmasters,"Match Masters"
04:00,88,com.rotatelab.cubeblast,"Cube Land Puzzle Game"
04:00,89,com.gtarcade.ioe.global,"Infinity Kingdom"
04:00,90,com.microdose.balljam,"Marble Sort! - Color Puzzle"
04:00,91,com.hitappsgames.wordsolitaire,"Solitaire Associations Journey"
04:00,92,com.supercell.clashroyale,"Clash Royale"
04:00,93,com.riotgames.league.wildrift,"League of Legends: Wild Rift"
04:00,94,com.gramgames.mergedragons,"Merge Dragons!"
04:00,95,com.rovio.baba,"Angry Birds 2"
04:00,96,com.playstudios.popslots,"POP! Slots™"
04:00,97,com.smallgiantgames.empires,"Empires & Puzzles: Match-3 RPG"
04:00,98,jp.konami.pesam,"eFootball™"
04:00,99,com.bluepoch.m.en.reverse1999,"Reverse: 1999 - 3rd Anniv."
04:00,100,com.selfawaregames.acecasino,"Big Fish Casino - Slots Games"
04:00,101,com.screenshake.dominodreams,"Domino Dreams™"
04:00,102,com.xman.na.gp,"X-Clash"
04:00,103,com.dts.freefiremax,"Free Fire MAX"
04:00,104,com.im30.ROE.gp,"Rise of Castles: Ice and Fire"
04:00,105,com.supercell.brawlstars,"Brawl Stars"
04:00,106,com.doubleugames.DoubleUCasino,"DoubleU Casino™ - Vegas Slots"
04:00,107,com.GybeGames.ColorBlockJam,"Color Block Jam"
04:00,108,com.cygames.umamusume,"Umamusume: Pretty Derby"
04:00,109,com.camelgames.aoz,"Age of Origins"
04:00,110,com.ddi,"DoubleDown Casino Vegas Slots"
04:00,111,com.williamsinteractive.goldfish,"Gold Fish Casino Slot Games"
04:00,112,com.YoStarEN.AzurLane,"Azur Lane"
04:00,113,com.hollywood.merge,"Hollywood Merge"
04:00,114,com.pixonic.wwr,"War Robots Multiplayer Battles"
04:00,115,com.wb.goog.hotd.socialstrategy,"Game of Thrones: Dragonfire"
04:00,116,com.everywear.game5,"Merge Mansion: Puzzles & Story"
04:00,117,com.snowprintstudios.tacticus,"Warhammer 40,000: Tacticus ™"
04:00,118,game.qualiarts.hololive.dreams.com,"hololive Dreams"
04:00,119,com.ig.screwdom,"Screwdom 3D"
04:00,120,com.slg.policewar,"Police Chief"
04:00,121,com.goodjobgames.matchvillains,"Match Villains"
04:00,122,com.topultragame.slotlasvega,"Cash Tornado™ Slots - Casino"
04:00,123,com.blizzard.diablo.immortal,"Diablo Immortal"
04:00,124,com.scientificgames.monopolyslots,"MONOPOLY Slots - Casino Games"
04:00,125,com.vincentb.MobControl,"Mob Control"
04:00,126,com.productmadness.fafafagold,"Mighty Fu Casino Slots Games"
04:00,127,com.sports.real.golf.rival.online,"Golf Rival - Multiplayer Game"
04:00,128,com.huuuge.casino.slots,"Huuuge Casino 777 Slots Games"
04:00,129,com.master.triple3d.find,"Triple Match 3D"
04:00,130,com.a3.topgirl.gplay,"Top Girl"
04:00,131,com.yottagames.gameofmafia,"The Grand Mafia"
04:00,132,com.ballytechnologies.f88,"88 Fortunes™ Casino Slot Games"
04:00,133,jp.co.goodroid.hyper.busflow,"Bus Traffic Fever!"
04:00,134,com.goodville.goodgame,"Goodville: Farm Game Adventure"
04:00,135,com.HoYoverse.hkrpgoversea,"Honkai: Star Rail"
04:00,136,com.mattel163.phase10,"Phase 10: Casual Card Game"
04:00,137,com.epicoro.castleclashers,"Castle Busters"
04:00,138,com.justgame.jails,"Lands of Jail"
04:00,139,com.king.farmheroessaga,"Farm Heroes Saga"
04:00,140,com.iskslowtest.mislen,"Isekai:Slow Life"
04:00,141,com.rc.cityCleaner,"Triple Match City"
04:00,142,com.funplus.ts.global,"Tiles Survive!"
04:00,143,com.innplaylabs.animalkingdomraid,"Animals & Coins Adventure Game"
04:00,144,com.mrtgd2us.google,"Duck Survival"
04:00,145,com.nexters.herowars,"Hero Wars: Alliance RPG Legend"
04:00,146,com.chess,"Chess - Play and Learn Online"
04:00,147,com.com2us.smon.normal.freefull.google.kr.android.common,"Summoners War X Frieren"
04:00,148,com.nytimes.crossword,"NYT Games: Wordle & Crossword"
04:00,149,com.crowdstar.covetHome,"Design Home™: House Makeover"
04:00,150,com.camelgames.superking,"War and Order"
04:00,151,com.igg.android.lordsmobile,"Lords Mobile x Transformers"
04:00,152,com.checkbox.minershminer,"Idle Obelisk Miner"
04:00,153,com.games.foundation,"Foundation: Galactic Frontier"
04:00,154,com.scopely.startrek,"Star Trek Fleet Command"
04:00,155,com.hariwn.legendofcivilizations,"Forge Master"
04:00,156,com.pockethaven.roguelegend,"Rogue Legend - Roguelike RPG"
04:00,157,com.HoYoverse.Nap,"Zenless Zone Zero - Anniv."
04:00,158,com.kingsgroup.sos,"State of Survival: Zombie War"
04:00,159,com.mobile.legends.usa,"Mobile Legends: Bang Bang.US"
04:00,160,com.zynga.wizardofoz,"Wizard of Oz Slots Games"
04:00,161,com.bagelcode.slots1,"Club Vegas Casino Slots Games"
04:00,162,com.bigfishgames.jackpotcityslotsf2pgoogle,"Jackpot Magic - Casino Slots"
04:00,163,com.miniclip.eightballpool,"8 Ball Pool"
04:00,164,com.sivona.stormshot.e,"Stormshot: Isle of Adventure"
04:00,165,com.vm3.global,"Truck Star"
04:00,166,com.igg.android.doomsdaylastsurvivors,"Doomsday: Odysseus Returns"
04:00,167,com.ubisoft.invincible.guardians.globe.idle.superhero.rpg.battle.afk,"Invincible: Guarding the Globe"
04:00,168,com.orcas.panthia.island.fairyscapes,"Panthia®: Magic & Merge Game"
04:00,169,com.abi.colony.flow,"Colony Flow!"
04:00,170,com.topwar.gp,"Top War: Battle Game"
04:00,171,com.playtika.caesarscasino,"Caesars Slots: Casino Games"
04:00,172,com.cyphergames.royalsmash,"Royal Smash! - Physics Puzzle"
04:00,173,com.Chillgaming.oneState,"OneState RP - Role Play Life"
04:00,174,adventure.party.real.life,"Sunday City: Life RolePlay"
04:00,175,com.wanda.jojo.gp.global,"JoJo's Bizarre Adventure: GS"
04:00,176,com.MelsoftGames.FamilyIslandFarm,"Family Island™ — Farming game"
04:00,177,com.merge.game.foodstars,"Foodstars: Merge & Cook"
04:00,178,com.vizorapps.klondike,"Klondike Adventures: Farm Game"
04:00,179,com.diandian.gog,"Guns of Glory: Lost Island"
04:00,180,com.kabam.marvelbattle,"Marvel Contest of Champions"
04:00,181,com.fiveminlab.overgeared.hero.backpack.merge,"Overgeared Hero: Merge RPG"
04:00,182,com.Garawell.LoopSort,"Loop Sort"
04:00,183,com.zynga.hititrich,"Hit it Rich! Casino Slots Game"
04:00,184,jp.co.ponos.battlecatsen,"The Battle Cats"
04:00,185,com.funplus.kingofavalon,"Frost & Flame: King of Avalon"
04:00,186,com.vigafun.funfinity.foodhunt,"Food Hunt: Pixel Puzzle"
04:00,187,com.xq.archeroii,"Archero 2"
04:00,188,com.duykanbakay.carconveyortransfer,"Car Sort: Color Puzzle"
04:00,189,air.com.bitrhymes.bingo,"Bingo Bash: Live Bingo Games"
04:00,190,com.greenmushroom.boomblitz.gp,"Top Heroes: Kingdom Saga"
04:00,191,com.monopoly.dream.idle.king,"Top Tycoon: Coin Theme Empire"
04:00,192,com.spark.sp.gp,"Narco Empire"
04:00,193,com.zynga.gotslots,"Game of Thrones Slots Casino"
04:00,194,com.mytona.seekersnotes.android,"Seekers Notes: Hidden Objects"
04:00,195,com.kurogame.wutheringwaves.global,"Wuthering Waves - To Xuanfang"
04:00,196,com.crazylabs.fashion.squad,"Glow Fashion Idol"
04:00,197,net.peakgames.mobile.spades.android,"Spades Plus - Card Game"
04:00,198,com.devsisters.cc,"CookieRun: Crumble - Idle RPG"
04:00,199,com.nintendo.zaba,"Fire Emblem Heroes"
04:00,200,com.tile.match.blockpuzzle,"Tile Family®:Match Puzzle Game"
04:30,1,com.scopely.monopolygo,"MONOPOLY GO!"
04:30,2,com.roblox.client,"Roblox"
04:30,3,com.king.candycrushsaga,"Candy Crush Saga"
04:30,4,com.dreamgames.royalmatch,"Royal Match"
04:30,5,com.mergegames.gossipharbor,"Gossip Harbor: Merge & Story"
04:30,6,com.run.tower.defense,"Kingshot"
04:30,7,com.playrix.township,"Township"
04:30,8,com.gof.global,"Whiteout Survival"
04:30,9,com.fun.lastwar.gp,"Last War:Survival Game"
04:30,10,com.dreamgames.royalkingdom,"Royal Kingdom"
04:30,11,com.moonactive.coinmaster,"Coin Master"
04:30,12,com.readygo.barrel.gp,"Last Z: Survival Shooter"
04:30,13,com.nianticlabs.pokemongo,"Pokémon GO"
04:30,14,net.peakgames.toonblast,"Toon Blast"
04:30,15,com.topgamesinc.evony,"Evony: The King's Return"
04:30,16,com.totalbattle,"Total Battle: War Strategy"
04:30,17,com.phs.global,"Last Asylum: Plague"
04:30,18,com.williamsinteractive.jackpotparty,"Jackpot Party Casino Slots"
04:30,19,com.playrix.gardenscapes,"Gardenscapes"
04:30,20,net.peakgames.match,"Match Factory!"
04:30,21,com.productmadness.lightninglink,"Lightning Link Casino Slots"
04:30,22,com.productmadness.cashmancasino,"Cashman Casino Slots Games"
04:30,23,com.zjcs.android.us,"Sword x Staff"
04:30,24,com.dts.freefireth,"Free Fire: 9th Anniversary"
04:30,25,com.playrix.fishdomdd.gplay,"Fishdom"
04:30,26,com.king.candycrushsodasaga,"Candy Crush Soda Saga"
04:30,27,air.com.buffalo_studios.newflashbingo,"Bingo Blitz™️ - Bingo Games"
04:30,28,com.fatmerge.global,"Tasty Travels: Merge Game"
04:30,29,jp.pokemon.pokemontcgp,"Pokémon TCG Pocket - Card Game"
04:30,30,com.activision.callofduty.shooter,"Call of Duty®: Mobile"
04:30,31,com.supercell.clashofclans,"Clash of Clans"
04:30,32,com.superplaystudios.disneysolitairedreams,"Disney Solitaire"
04:30,33,com.loomgames.pixelflow,"Pixel Flow!"
04:30,34,com.diamondlife.slots.vegas.free,"Lotsa Slots - Casino Games"
04:30,35,com.combo.yarnflow,"Yarn Loop"
04:30,36,com.playrix.homescapes,"Homescapes"
04:30,37,com.tencent.ig,"PUBG MOBILE"
04:30,38,com.readygo.dark.gp,"Dark War Survival"
04:30,39,com.superplaystudios.dicedreams,"Dice Dreams™️"
04:30,40,com.proximabeta.nikke,"GODDESS OF VICTORY: NIKKE"
04:30,41,com.miHoYo.GenshinImpact,"Genshin Impact"
04:30,42,com.wizards.mtga,"Magic: The Gathering Arena"
04:30,43,com.homagames.studio.allinhole,"All in Hole: Black Hole Games"
04:30,44,com.ballytechnologies.quickhitslots,"Quick Hit Casino Slots Games"
04:30,45,slots.pcg.casino.games.free.android,"Cash Frenzy™ - Casino Slots"
04:30,46,com.merge.cooking.theme.restaurant.food,"Merge Cooking®"
04:30,47,com.farlightgames.pgame.gp,"Clash of Critters"
04:30,48,com.cola.game,"Flambé®: Merge & Cook"
04:30,49,com.ea.gp.fifamobile,"EA SPORTS FC Soccer Mobile 26"
04:30,50,com.cedargames.mysterytown,"Mystery Town: Merge Games"
04:30,51,com.bandainamcoent.dblegends_ww,"DRAGON BALL LEGENDS"
04:30,52,com.productmadness.hovmobile,"Slots: Heart of Vegas Casino"
04:30,53,com.bingo.cruise.free.best.top.game,"Bingo Voyage - Live Bingo Game"
04:30,54,com.moonactive.cmboard,"Coin Master - Board Adventure"
04:30,55,com.global.ztmslg,"Puzzles & Survival"
04:30,56,com.aniplex.fategrandorder.en,"Fate/Grand Order (English)"
04:30,57,com.global.pnck,"Puzzles & Chaos: Frozen Castle"
04:30,58,io.randomco.travel,"Travel Town - Merge Adventure"
04:30,59,net.supertreat.solitaire,"Solitaire Grand Harvest"
04:30,60,com.newai.ooc,"OOC: The Playable Anime"
04:30,61,com.joycastle.mergematch,"Matching Story - Puzzle Games"
04:30,62,com.supercell.hayday,"Hay Day"
04:30,63,air.com.playtika.slotomania,"Slotomania™ Slots Casino Games"
04:30,64,com.grandegames.slots.dafu.casino,"Jackpot World™ - Slots Casino"
04:30,65,com.grandgames.magicsort,"Magic Sort!"
04:30,66,com.plarium.raidlegends,"RAID: Shadow Legends"
04:30,67,com.mojang.minecraftpe,"Minecraft: Dream it, Build it!"
04:30,68,com.moonactive.holestars,"Hole Stars: Puzzle Game"
04:30,69,com.playdemic.golf.android,"Golf Clash - Golfing Simulator"
04:30,70,com.cooking.bingo.ldkwh,"Bingo Frenzy™-Live Bingo Games"
04:30,71,net.wooga.junes_journey_hidden_object_mystery_game,"June's Journey: Hidden Objects"
04:30,72,com.olleyo.piggy.king.free,"Piggy Kingdom"
04:30,73,com.ea.game.starwarscapital_row,"Star Wars™: Galaxy of Heroes"
04:30,74,net.peakgames.amy,"Toy Blast"
04:30,75,com.lilithgame.roc.gp,"Rise of Kingdoms: Lost Crusade"
04:30,76,com.playtika.wsop.gp,"WSOP Poker: Texas Holdem Game"
04:30,77,com.gsn.android.tripeaks,"Tiki Solitaire TriPeaks"
04:30,78,com.funfizz.palmon.gp,"Palmon: Survival"
04:30,79,com.online.huntingsniper,"Hunting Sniper"
04:30,80,com.nexon.ma,"MapleStory : Idle RPG"
04:30,81,com.foxnextgames.m3,"MARVEL Strike Force: Squad RPG"
04:30,82,com.jmsgame.jackpotmastercasino,"Jackpot Master™ Slots - Casino"
04:30,83,com.bgg.jump,"Project Makeover"
04:30,84,com.scopely.yux,"Yahtzee® With Buddies Dice Fun"
04:30,85,com.unicornstudio.cashparty.slots.casino.vegas.free,"Cash Club Casino - Vegas Slots"
04:30,86,com.gamedots.seasideescape,"Seaside Escape®: Merge & Story"
04:30,87,com.funtomic.matchmasters,"Match Masters"
04:30,88,com.rotatelab.cubeblast,"Cube Land Puzzle Game"
04:30,89,com.gtarcade.ioe.global,"Infinity Kingdom"
04:30,90,com.microdose.balljam,"Marble Sort! - Color Puzzle"
04:30,91,com.hitappsgames.wordsolitaire,"Solitaire Associations Journey"
04:30,92,com.riotgames.league.wildrift,"League of Legends: Wild Rift"
04:30,93,com.supercell.clashroyale,"Clash Royale"
04:30,94,com.gramgames.mergedragons,"Merge Dragons!"
04:30,95,com.rovio.baba,"Angry Birds 2"
04:30,96,com.playstudios.popslots,"POP! Slots™"
04:30,97,com.smallgiantgames.empires,"Empires & Puzzles: Match-3 RPG"
04:30,98,jp.konami.pesam,"eFootball™"
04:30,99,com.bluepoch.m.en.reverse1999,"Reverse: 1999 - 3rd Anniv."
04:30,100,com.selfawaregames.acecasino,"Big Fish Casino - Slots Games"
04:30,101,com.screenshake.dominodreams,"Domino Dreams™"
04:30,102,com.xman.na.gp,"X-Clash"
04:30,103,com.dts.freefiremax,"Free Fire MAX"
04:30,104,com.im30.ROE.gp,"Rise of Castles: Ice and Fire"
04:30,105,com.supercell.brawlstars,"Brawl Stars"
04:30,106,com.GybeGames.ColorBlockJam,"Color Block Jam"
04:30,107,com.cygames.umamusume,"Umamusume: Pretty Derby"
04:30,108,com.camelgames.aoz,"Age of Origins"
04:30,109,com.ddi,"DoubleDown Casino Vegas Slots"
04:30,110,com.williamsinteractive.goldfish,"Gold Fish Casino Slot Games"
04:30,111,com.YoStarEN.AzurLane,"Azur Lane"
04:30,112,com.hollywood.merge,"Hollywood Merge"
04:30,113,com.pixonic.wwr,"War Robots Multiplayer Battles"
04:30,114,com.wb.goog.hotd.socialstrategy,"Game of Thrones: Dragonfire"
04:30,115,com.everywear.game5,"Merge Mansion: Puzzles & Story"
04:30,116,com.slg.policewar,"Police Chief"
04:30,117,com.snowprintstudios.tacticus,"Warhammer 40,000: Tacticus ™"
04:30,118,game.qualiarts.hololive.dreams.com,"hololive Dreams"
04:30,119,com.ig.screwdom,"Screwdom 3D"
04:30,120,com.goodjobgames.matchvillains,"Match Villains"
04:30,121,com.blizzard.diablo.immortal,"Diablo Immortal"
04:30,122,com.scientificgames.monopolyslots,"MONOPOLY Slots - Casino Games"
04:30,123,com.vincentb.MobControl,"Mob Control"
04:30,124,com.sports.real.golf.rival.online,"Golf Rival - Multiplayer Game"
04:30,125,com.productmadness.fafafagold,"Mighty Fu Casino Slots Games"
04:30,126,com.doubleugames.DoubleUCasino,"DoubleU Casino™ - Vegas Slots"
04:30,127,com.huuuge.casino.slots,"Huuuge Casino 777 Slots Games"
04:30,128,com.master.triple3d.find,"Triple Match 3D"
04:30,129,com.a3.topgirl.gplay,"Top Girl"
04:30,130,com.yottagames.gameofmafia,"The Grand Mafia"
04:30,131,com.topultragame.slotlasvega,"Cash Tornado™ Slots - Casino"
04:30,132,jp.co.goodroid.hyper.busflow,"Bus Traffic Fever!"
04:30,133,com.goodville.goodgame,"Goodville: Farm Game Adventure"
04:30,134,com.HoYoverse.hkrpgoversea,"Honkai: Star Rail"
04:30,135,com.mattel163.phase10,"Phase 10: Casual Card Game"
04:30,136,com.epicoro.castleclashers,"Castle Busters"
04:30,137,com.justgame.jails,"Lands of Jail"
04:30,138,com.king.farmheroessaga,"Farm Heroes Saga"
04:30,139,com.iskslowtest.mislen,"Isekai:Slow Life"
04:30,140,com.rc.cityCleaner,"Triple Match City"
04:30,141,com.funplus.ts.global,"Tiles Survive!"
04:30,142,com.innplaylabs.animalkingdomraid,"Animals & Coins Adventure Game"
04:30,143,com.mrtgd2us.google,"Duck Survival"
04:30,144,com.nexters.herowars,"Hero Wars: Alliance RPG Legend"
04:30,145,com.ballytechnologies.f88,"88 Fortunes™ Casino Slot Games"
04:30,146,com.chess,"Chess - Play and Learn Online"
04:30,147,com.com2us.smon.normal.freefull.google.kr.android.common,"Summoners War X Frieren"
04:30,148,com.camelgames.superking,"War and Order"
04:30,149,com.nytimes.crossword,"NYT Games: Wordle & Crossword"
04:30,150,com.crowdstar.covetHome,"Design Home™: House Makeover"
04:30,151,com.igg.android.lordsmobile,"Lords Mobile x Transformers"
04:30,152,com.checkbox.minershminer,"Idle Obelisk Miner"
04:30,153,com.games.foundation,"Foundation: Galactic Frontier"
04:30,154,com.scopely.startrek,"Star Trek Fleet Command"
04:30,155,com.hariwn.legendofcivilizations,"Forge Master"
04:30,156,com.pockethaven.roguelegend,"Rogue Legend - Roguelike RPG"
04:30,157,com.HoYoverse.Nap,"Zenless Zone Zero - Anniv."
04:30,158,com.kingsgroup.sos,"State of Survival: Zombie War"
04:30,159,com.mobile.legends.usa,"Mobile Legends: Bang Bang.US"
04:30,160,com.zynga.wizardofoz,"Wizard of Oz Slots Games"
04:30,161,com.bagelcode.slots1,"Club Vegas Casino Slots Games"
04:30,162,com.bigfishgames.jackpotcityslotsf2pgoogle,"Jackpot Magic - Casino Slots"
04:30,163,com.miniclip.eightballpool,"8 Ball Pool"
04:30,164,com.sivona.stormshot.e,"Stormshot: Isle of Adventure"
04:30,165,com.vm3.global,"Truck Star"
04:30,166,com.igg.android.doomsdaylastsurvivors,"Doomsday: Odysseus Returns"
04:30,167,com.ubisoft.invincible.guardians.globe.idle.superhero.rpg.battle.afk,"Invincible: Guarding the Globe"
04:30,168,com.orcas.panthia.island.fairyscapes,"Panthia®: Magic & Merge Game"
04:30,169,com.abi.colony.flow,"Colony Flow!"
04:30,170,com.topwar.gp,"Top War: Battle Game"
04:30,171,com.playtika.caesarscasino,"Caesars Slots: Casino Games"
04:30,172,com.MelsoftGames.FamilyIslandFarm,"Family Island™ — Farming game"
04:30,173,com.cyphergames.royalsmash,"Royal Smash! - Physics Puzzle"
04:30,174,com.Chillgaming.oneState,"OneState RP - Role Play Life"
04:30,175,adventure.party.real.life,"Sunday City: Life RolePlay"
04:30,176,com.wanda.jojo.gp.global,"JoJo's Bizarre Adventure: GS"
04:30,177,com.kabam.marvelbattle,"Marvel Contest of Champions"
04:30,178,com.merge.game.foodstars,"Foodstars: Merge & Cook"
04:30,179,com.vizorapps.klondike,"Klondike Adventures: Farm Game"
04:30,180,com.diandian.gog,"Guns of Glory: Lost Island"
04:30,181,com.fiveminlab.overgeared.hero.backpack.merge,"Overgeared Hero: Merge RPG"
04:30,182,com.Garawell.LoopSort,"Loop Sort"
04:30,183,com.zynga.hititrich,"Hit it Rich! Casino Slots Game"
04:30,184,jp.co.ponos.battlecatsen,"The Battle Cats"
04:30,185,com.duykanbakay.carconveyortransfer,"Car Sort: Color Puzzle"
04:30,186,com.funplus.kingofavalon,"Frost & Flame: King of Avalon"
04:30,187,com.vigafun.funfinity.foodhunt,"Food Hunt: Pixel Puzzle"
04:30,188,com.spark.sp.gp,"Narco Empire"
04:30,189,com.xq.archeroii,"Archero 2"
04:30,190,air.com.bitrhymes.bingo,"Bingo Bash: Live Bingo Games"
04:30,191,com.greenmushroom.boomblitz.gp,"Top Heroes: Kingdom Saga"
04:30,192,com.monopoly.dream.idle.king,"Top Tycoon: Coin Theme Empire"
04:30,193,com.zynga.gotslots,"Game of Thrones Slots Casino"
04:30,194,com.devsisters.cc,"CookieRun: Crumble - Idle RPG"
04:30,195,com.mytona.seekersnotes.android,"Seekers Notes: Hidden Objects"
04:30,196,net.peakgames.mobile.spades.android,"Spades Plus - Card Game"
04:30,197,com.crazylabs.fashion.squad,"Glow Fashion Idol"
04:30,198,com.kurogame.wutheringwaves.global,"Wuthering Waves - To Xuanfang"
04:30,199,com.nintendo.zaba,"Fire Emblem Heroes"
04:30,200,com.tile.match.blockpuzzle,"Tile Family®:Match Puzzle Game"
05:30,1,com.scopely.monopolygo,"MONOPOLY GO!"
05:30,2,com.roblox.client,"Roblox"
05:30,3,com.king.candycrushsaga,"Candy Crush Saga"
05:30,4,com.dreamgames.royalmatch,"Royal Match"
05:30,5,com.mergegames.gossipharbor,"Gossip Harbor: Merge & Story"
05:30,6,com.run.tower.defense,"Kingshot"
05:30,7,com.gof.global,"Whiteout Survival"
05:30,8,com.playrix.township,"Township"
05:30,9,com.fun.lastwar.gp,"Last War:Survival Game"
05:30,10,com.dreamgames.royalkingdom,"Royal Kingdom"
05:30,11,com.moonactive.coinmaster,"Coin Master"
05:30,12,com.readygo.barrel.gp,"Last Z: Survival Shooter"
05:30,13,com.nianticlabs.pokemongo,"Pokémon GO"
05:30,14,net.peakgames.toonblast,"Toon Blast"
05:30,15,com.topgamesinc.evony,"Evony: The King's Return"
05:30,16,com.totalbattle,"Total Battle: War Strategy"
05:30,17,com.phs.global,"Last Asylum: Plague"
05:30,18,com.williamsinteractive.jackpotparty,"Jackpot Party Casino Slots"
05:30,19,net.peakgames.match,"Match Factory!"
05:30,20,com.playrix.gardenscapes,"Gardenscapes"
05:30,21,com.productmadness.cashmancasino,"Cashman Casino Slots Games"
05:30,22,com.productmadness.lightninglink,"Lightning Link Casino Slots"
05:30,23,com.dts.freefireth,"Free Fire: 9th Anniversary"
05:30,24,com.playrix.fishdomdd.gplay,"Fishdom"
05:30,25,com.zjcs.android.us,"Sword x Staff"
05:30,26,com.king.candycrushsodasaga,"Candy Crush Soda Saga"
05:30,27,air.com.buffalo_studios.newflashbingo,"Bingo Blitz™️ - Bingo Games"
05:30,28,com.fatmerge.global,"Tasty Travels: Merge Game"
05:30,29,jp.pokemon.pokemontcgp,"Pokémon TCG Pocket - Card Game"
05:30,30,com.activision.callofduty.shooter,"Call of Duty®: Mobile"
05:30,31,com.supercell.clashofclans,"Clash of Clans"
05:30,32,com.loomgames.pixelflow,"Pixel Flow!"
05:30,33,com.superplaystudios.disneysolitairedreams,"Disney Solitaire"
05:30,34,com.diamondlife.slots.vegas.free,"Lotsa Slots - Casino Games"
05:30,35,com.combo.yarnflow,"Yarn Loop"
05:30,36,com.playrix.homescapes,"Homescapes"
05:30,37,com.tencent.ig,"PUBG MOBILE"
05:30,38,com.readygo.dark.gp,"Dark War Survival"
05:30,39,com.proximabeta.nikke,"GODDESS OF VICTORY: NIKKE"
05:30,40,com.superplaystudios.dicedreams,"Dice Dreams™️"
05:30,41,com.homagames.studio.allinhole,"All in Hole: Black Hole Games"
05:30,42,com.miHoYo.GenshinImpact,"Genshin Impact"
05:30,43,com.wizards.mtga,"Magic: The Gathering Arena"
05:30,44,com.ballytechnologies.quickhitslots,"Quick Hit Casino Slots Games"
05:30,45,slots.pcg.casino.games.free.android,"Cash Frenzy™ - Casino Slots"
05:30,46,com.merge.cooking.theme.restaurant.food,"Merge Cooking®"
05:30,47,com.farlightgames.pgame.gp,"Clash of Critters"
05:30,48,com.ea.gp.fifamobile,"EA SPORTS FC Soccer Mobile 26"
05:30,49,com.cola.game,"Flambé®: Merge & Cook"
05:30,50,com.cedargames.mysterytown,"Mystery Town: Merge Games"
05:30,51,com.bandainamcoent.dblegends_ww,"DRAGON BALL LEGENDS"
05:30,52,com.productmadness.hovmobile,"Slots: Heart of Vegas Casino"
05:30,53,com.bingo.cruise.free.best.top.game,"Bingo Voyage - Live Bingo Game"
05:30,54,com.global.ztmslg,"Puzzles & Survival"
05:30,55,com.moonactive.cmboard,"Coin Master - Board Adventure"
05:30,56,com.aniplex.fategrandorder.en,"Fate/Grand Order (English)"
05:30,57,com.global.pnck,"Puzzles & Chaos: Frozen Castle"
05:30,58,io.randomco.travel,"Travel Town - Merge Adventure"
05:30,59,net.supertreat.solitaire,"Solitaire Grand Harvest"
05:30,60,com.newai.ooc,"OOC: The Playable Anime"
05:30,61,com.joycastle.mergematch,"Matching Story - Puzzle Games"
05:30,62,com.supercell.hayday,"Hay Day"
05:30,63,air.com.playtika.slotomania,"Slotomania™ Slots Casino Games"
05:30,64,com.grandegames.slots.dafu.casino,"Jackpot World™ - Slots Casino"
05:30,65,com.grandgames.magicsort,"Magic Sort!"
05:30,66,com.plarium.raidlegends,"RAID: Shadow Legends"
05:30,67,com.mojang.minecraftpe,"Minecraft: Dream it, Build it!"
05:30,68,com.moonactive.holestars,"Hole Stars: Puzzle Game"
05:30,69,com.playdemic.golf.android,"Golf Clash - Golfing Simulator"
05:30,70,com.cooking.bingo.ldkwh,"Bingo Frenzy™-Live Bingo Games"
05:30,71,net.wooga.junes_journey_hidden_object_mystery_game,"June's Journey: Hidden Objects"
05:30,72,com.olleyo.piggy.king.free,"Piggy Kingdom"
05:30,73,com.ea.game.starwarscapital_row,"Star Wars™: Galaxy of Heroes"
05:30,74,net.peakgames.amy,"Toy Blast"
05:30,75,com.lilithgame.roc.gp,"Rise of Kingdoms: Lost Crusade"
05:30,76,com.online.huntingsniper,"Hunting Sniper"
05:30,77,com.playtika.wsop.gp,"WSOP Poker: Texas Holdem Game"
05:30,78,com.gsn.android.tripeaks,"Tiki Solitaire TriPeaks"
05:30,79,com.funfizz.palmon.gp,"Palmon: Survival"
05:30,80,com.bgg.jump,"Project Makeover"
05:30,81,com.nexon.ma,"MapleStory : Idle RPG"
05:30,82,com.foxnextgames.m3,"MARVEL Strike Force: Squad RPG"
05:30,83,com.jmsgame.jackpotmastercasino,"Jackpot Master™ Slots - Casino"
05:30,84,com.scopely.yux,"Yahtzee® With Buddies Dice Fun"
05:30,85,com.unicornstudio.cashparty.slots.casino.vegas.free,"Cash Club Casino - Vegas Slots"
05:30,86,com.gamedots.seasideescape,"Seaside Escape®: Merge & Story"
05:30,87,com.funtomic.matchmasters,"Match Masters"
05:30,88,com.hitappsgames.wordsolitaire,"Solitaire Associations Journey"
05:30,89,com.gtarcade.ioe.global,"Infinity Kingdom"
05:30,90,com.supercell.clashroyale,"Clash Royale"
05:30,91,com.microdose.balljam,"Marble Sort! - Color Puzzle"
05:30,92,com.riotgames.league.wildrift,"League of Legends: Wild Rift"
05:30,93,com.gramgames.mergedragons,"Merge Dragons!"
05:30,94,com.rovio.baba,"Angry Birds 2"
05:30,95,com.playstudios.popslots,"POP! Slots™"
05:30,96,com.selfawaregames.acecasino,"Big Fish Casino - Slots Games"
05:30,97,com.smallgiantgames.empires,"Empires & Puzzles: Match-3 RPG"
05:30,98,jp.konami.pesam,"eFootball™"
05:30,99,com.bluepoch.m.en.reverse1999,"Reverse: 1999 - 3rd Anniv."
05:30,100,com.screenshake.dominodreams,"Domino Dreams™"
05:30,101,com.rotatelab.cubeblast,"Cube Land Puzzle Game"
05:30,102,com.xman.na.gp,"X-Clash"
05:30,103,com.dts.freefiremax,"Free Fire MAX"
05:30,104,com.im30.ROE.gp,"Rise of Castles: Ice and Fire"
05:30,105,com.supercell.brawlstars,"Brawl Stars"
05:30,106,game.qualiarts.hololive.dreams.com,"hololive Dreams"
05:30,107,com.camelgames.aoz,"Age of Origins"
05:30,108,com.GybeGames.ColorBlockJam,"Color Block Jam"
05:30,109,com.ddi,"DoubleDown Casino Vegas Slots"
05:30,110,com.cygames.umamusume,"Umamusume: Pretty Derby"
05:30,111,com.everywear.game5,"Merge Mansion: Puzzles & Story"
05:30,112,com.YoStarEN.AzurLane,"Azur Lane"
05:30,113,com.williamsinteractive.goldfish,"Gold Fish Casino Slot Games"
05:30,114,com.hollywood.merge,"Hollywood Merge"
05:30,115,com.pixonic.wwr,"War Robots Multiplayer Battles"
05:30,116,com.wb.goog.hotd.socialstrategy,"Game of Thrones: Dragonfire"
05:30,117,com.slg.policewar,"Police Chief"
05:30,118,com.snowprintstudios.tacticus,"Warhammer 40,000: Tacticus ™"
05:30,119,com.ig.screwdom,"Screwdom 3D"
05:30,120,com.blizzard.diablo.immortal,"Diablo Immortal"
05:30,121,com.goodjobgames.matchvillains,"Match Villains"
05:30,122,com.scientificgames.monopolyslots,"MONOPOLY Slots - Casino Games"
05:30,123,com.vincentb.MobControl,"Mob Control"
05:30,124,com.sports.real.golf.rival.online,"Golf Rival - Multiplayer Game"
05:30,125,com.productmadness.fafafagold,"Mighty Fu Casino Slots Games"
05:30,126,com.doubleugames.DoubleUCasino,"DoubleU Casino™ - Vegas Slots"
05:30,127,com.huuuge.casino.slots,"Huuuge Casino 777 Slots Games"
05:30,128,com.master.triple3d.find,"Triple Match 3D"
05:30,129,com.a3.topgirl.gplay,"Top Girl"
05:30,130,com.yottagames.gameofmafia,"The Grand Mafia"
05:30,131,com.topultragame.slotlasvega,"Cash Tornado™ Slots - Casino"
05:30,132,jp.co.goodroid.hyper.busflow,"Bus Traffic Fever!"
05:30,133,com.goodville.goodgame,"Goodville: Farm Game Adventure"
05:30,134,com.justgame.jails,"Lands of Jail"
05:30,135,com.HoYoverse.hkrpgoversea,"Honkai: Star Rail"
05:30,136,com.mattel163.phase10,"Phase 10: Casual Card Game"
05:30,137,com.epicoro.castleclashers,"Castle Busters"
05:30,138,com.rc.cityCleaner,"Triple Match City"
05:30,139,com.innplaylabs.animalkingdomraid,"Animals & Coins Adventure Game"
05:30,140,com.king.farmheroessaga,"Farm Heroes Saga"
05:30,141,com.iskslowtest.mislen,"Isekai:Slow Life"
05:30,142,com.funplus.ts.global,"Tiles Survive!"
05:30,143,com.mrtgd2us.google,"Duck Survival"
05:30,144,com.nexters.herowars,"Hero Wars: Alliance RPG Legend"
05:30,145,com.ballytechnologies.f88,"88 Fortunes™ Casino Slot Games"
05:30,146,com.chess,"Chess - Play and Learn Online"
05:30,147,com.nytimes.crossword,"NYT Games: Wordle & Crossword"
05:30,148,com.igg.android.lordsmobile,"Lords Mobile x Transformers"
05:30,149,com.com2us.smon.normal.freefull.google.kr.android.common,"Summoners War X Frieren"
05:30,150,com.camelgames.superking,"War and Order"
05:30,151,com.crowdstar.covetHome,"Design Home™: House Makeover"
05:30,152,com.games.foundation,"Foundation: Galactic Frontier"
05:30,153,com.checkbox.minershminer,"Idle Obelisk Miner"
05:30,154,com.scopely.startrek,"Star Trek Fleet Command"
05:30,155,com.HoYoverse.Nap,"Zenless Zone Zero - Anniv."
05:30,156,com.hariwn.legendofcivilizations,"Forge Master"
05:30,157,com.pockethaven.roguelegend,"Rogue Legend - Roguelike RPG"
05:30,158,com.mobile.legends.usa,"Mobile Legends: Bang Bang.US"
05:30,159,com.kingsgroup.sos,"State of Survival: Zombie War"
05:30,160,com.bagelcode.slots1,"Club Vegas Casino Slots Games"
05:30,161,com.zynga.wizardofoz,"Wizard of Oz Slots Games"
05:30,162,com.miniclip.eightballpool,"8 Ball Pool"
05:30,163,com.bigfishgames.jackpotcityslotsf2pgoogle,"Jackpot Magic - Casino Slots"
05:30,164,com.ubisoft.invincible.guardians.globe.idle.superhero.rpg.battle.afk,"Invincible: Guarding the Globe"
05:30,165,com.orcas.panthia.island.fairyscapes,"Panthia®: Magic & Merge Game"
05:30,166,com.sivona.stormshot.e,"Stormshot: Isle of Adventure"
05:30,167,com.vm3.global,"Truck Star"
05:30,168,com.igg.android.doomsdaylastsurvivors,"Doomsday: Odysseus Returns"
05:30,169,com.abi.colony.flow,"Colony Flow!"
05:30,170,com.playtika.caesarscasino,"Caesars Slots: Casino Games"
05:30,171,com.Chillgaming.oneState,"OneState RP - Role Play Life"
05:30,172,adventure.party.real.life,"Sunday City: Life RolePlay"
05:30,173,com.topwar.gp,"Top War: Battle Game"
05:30,174,com.MelsoftGames.FamilyIslandFarm,"Family Island™ — Farming game"
05:30,175,com.cyphergames.royalsmash,"Royal Smash! - Physics Puzzle"
05:30,176,com.wanda.jojo.gp.global,"JoJo's Bizarre Adventure: GS"
05:30,177,com.diandian.gog,"Guns of Glory: Lost Island"
05:30,178,com.kabam.marvelbattle,"Marvel Contest of Champions"
05:30,179,com.merge.game.foodstars,"Foodstars: Merge & Cook"
05:30,180,com.vizorapps.klondike,"Klondike Adventures: Farm Game"
05:30,181,com.Garawell.LoopSort,"Loop Sort"
05:30,182,com.nintendo.zaba,"Fire Emblem Heroes"
05:30,183,com.fiveminlab.overgeared.hero.backpack.merge,"Overgeared Hero: Merge RPG"
05:30,184,com.zynga.hititrich,"Hit it Rich! Casino Slots Game"
05:30,185,jp.co.ponos.battlecatsen,"The Battle Cats"
05:30,186,air.com.bitrhymes.bingo,"Bingo Bash: Live Bingo Games"
05:30,187,com.duykanbakay.carconveyortransfer,"Car Sort: Color Puzzle"
05:30,188,com.funplus.kingofavalon,"Frost & Flame: King of Avalon"
05:30,189,com.vigafun.funfinity.foodhunt,"Food Hunt: Pixel Puzzle"
05:30,190,com.spark.sp.gp,"Narco Empire"
05:30,191,com.xq.archeroii,"Archero 2"
05:30,192,com.greenmushroom.boomblitz.gp,"Top Heroes: Kingdom Saga"
05:30,193,com.monopoly.dream.idle.king,"Top Tycoon: Coin Theme Empire"
05:30,194,com.kurogame.wutheringwaves.global,"Wuthering Waves - To Xuanfang"
05:30,195,com.zynga.gotslots,"Game of Thrones Slots Casino"
05:30,196,com.devsisters.cc,"CookieRun: Crumble - Idle RPG"
05:30,197,com.mytona.seekersnotes.android,"Seekers Notes: Hidden Objects"
05:30,198,net.peakgames.mobile.spades.android,"Spades Plus - Card Game"
05:30,199,com.crazylabs.fashion.squad,"Glow Fashion Idol"
05:30,200,com.tile.match.blockpuzzle,"Tile Family®:Match Puzzle Game"
06:30,1,com.scopely.monopolygo,"MONOPOLY GO!"
06:30,2,com.roblox.client,"Roblox"
06:30,3,com.king.candycrushsaga,"Candy Crush Saga"
06:30,4,com.dreamgames.royalmatch,"Royal Match"
06:30,5,com.mergegames.gossipharbor,"Gossip Harbor: Merge & Story"
06:30,6,com.run.tower.defense,"Kingshot"
06:30,7,com.gof.global,"Whiteout Survival"
06:30,8,com.playrix.township,"Township"
06:30,9,com.fun.lastwar.gp,"Last War:Survival Game"
06:30,10,com.dreamgames.royalkingdom,"Royal Kingdom"
06:30,11,com.moonactive.coinmaster,"Coin Master"
06:30,12,com.readygo.barrel.gp,"Last Z: Survival Shooter"
06:30,13,com.nianticlabs.pokemongo,"Pokémon GO"
06:30,14,net.peakgames.toonblast,"Toon Blast"
06:30,15,com.topgamesinc.evony,"Evony: The King's Return"
06:30,16,com.totalbattle,"Total Battle: War Strategy"
06:30,17,com.phs.global,"Last Asylum: Plague"
06:30,18,com.williamsinteractive.jackpotparty,"Jackpot Party Casino Slots"
06:30,19,net.peakgames.match,"Match Factory!"
06:30,20,com.playrix.gardenscapes,"Gardenscapes"
06:30,21,com.productmadness.cashmancasino,"Cashman Casino Slots Games"
06:30,22,com.productmadness.lightninglink,"Lightning Link Casino Slots"
06:30,23,com.dts.freefireth,"Free Fire: 9th Anniversary"
06:30,24,com.playrix.fishdomdd.gplay,"Fishdom"
06:30,25,com.zjcs.android.us,"Sword x Staff"
06:30,26,com.king.candycrushsodasaga,"Candy Crush Soda Saga"
06:30,27,air.com.buffalo_studios.newflashbingo,"Bingo Blitz™️ - Bingo Games"
06:30,28,com.fatmerge.global,"Tasty Travels: Merge Game"
06:30,29,jp.pokemon.pokemontcgp,"Pokémon TCG Pocket - Card Game"
06:30,30,com.activision.callofduty.shooter,"Call of Duty®: Mobile"
06:30,31,com.supercell.clashofclans,"Clash of Clans"
06:30,32,com.loomgames.pixelflow,"Pixel Flow!"
06:30,33,com.superplaystudios.disneysolitairedreams,"Disney Solitaire"
06:30,34,com.diamondlife.slots.vegas.free,"Lotsa Slots - Casino Games"
06:30,35,com.combo.yarnflow,"Yarn Loop"
06:30,36,com.playrix.homescapes,"Homescapes"
06:30,37,com.readygo.dark.gp,"Dark War Survival"
06:30,38,com.tencent.ig,"PUBG MOBILE"
06:30,39,com.proximabeta.nikke,"GODDESS OF VICTORY: NIKKE"
06:30,40,com.superplaystudios.dicedreams,"Dice Dreams™️"
06:30,41,com.wizards.mtga,"Magic: The Gathering Arena"
06:30,42,com.homagames.studio.allinhole,"All in Hole: Black Hole Games"
06:30,43,com.miHoYo.GenshinImpact,"Genshin Impact"
06:30,44,com.ballytechnologies.quickhitslots,"Quick Hit Casino Slots Games"
06:30,45,slots.pcg.casino.games.free.android,"Cash Frenzy™ - Casino Slots"
06:30,46,com.merge.cooking.theme.restaurant.food,"Merge Cooking®"
06:30,47,com.farlightgames.pgame.gp,"Clash of Critters"
06:30,48,com.ea.gp.fifamobile,"EA SPORTS FC Soccer Mobile 26"
06:30,49,com.cola.game,"Flambé®: Merge & Cook"
06:30,50,com.cedargames.mysterytown,"Mystery Town: Merge Games"
06:30,51,com.bandainamcoent.dblegends_ww,"DRAGON BALL LEGENDS"
06:30,52,com.productmadness.hovmobile,"Slots: Heart of Vegas Casino"
06:30,53,com.bingo.cruise.free.best.top.game,"Bingo Voyage - Live Bingo Game"
06:30,54,com.global.ztmslg,"Puzzles & Survival"
06:30,55,com.moonactive.cmboard,"Coin Master - Board Adventure"
06:30,56,com.aniplex.fategrandorder.en,"Fate/Grand Order (English)"
06:30,57,com.global.pnck,"Puzzles & Chaos: Frozen Castle"
06:30,58,io.randomco.travel,"Travel Town - Merge Adventure"
06:30,59,net.supertreat.solitaire,"Solitaire Grand Harvest"
06:30,60,com.newai.ooc,"OOC: The Playable Anime"
06:30,61,com.joycastle.mergematch,"Matching Story - Puzzle Games"
06:30,62,com.supercell.hayday,"Hay Day"
06:30,63,air.com.playtika.slotomania,"Slotomania™ Slots Casino Games"
06:30,64,com.grandgames.magicsort,"Magic Sort!"
06:30,65,com.grandegames.slots.dafu.casino,"Jackpot World™ - Slots Casino"
06:30,66,com.mojang.minecraftpe,"Minecraft: Dream it, Build it!"
06:30,67,com.plarium.raidlegends,"RAID: Shadow Legends"
06:30,68,com.moonactive.holestars,"Hole Stars: Puzzle Game"
06:30,69,com.playdemic.golf.android,"Golf Clash - Golfing Simulator"
06:30,70,com.olleyo.piggy.king.free,"Piggy Kingdom"
06:30,71,com.cooking.bingo.ldkwh,"Bingo Frenzy™-Live Bingo Games"
06:30,72,net.wooga.junes_journey_hidden_object_mystery_game,"June's Journey: Hidden Objects"
06:30,73,com.ea.game.starwarscapital_row,"Star Wars™: Galaxy of Heroes"
06:30,74,net.peakgames.amy,"Toy Blast"
06:30,75,com.lilithgame.roc.gp,"Rise of Kingdoms: Lost Crusade"
06:30,76,com.online.huntingsniper,"Hunting Sniper"
06:30,77,com.playtika.wsop.gp,"WSOP Poker: Texas Holdem Game"
06:30,78,com.gsn.android.tripeaks,"Tiki Solitaire TriPeaks"
06:30,79,com.funfizz.palmon.gp,"Palmon: Survival"
06:30,80,com.bgg.jump,"Project Makeover"
06:30,81,com.nexon.ma,"MapleStory : Idle RPG"
06:30,82,com.foxnextgames.m3,"MARVEL Strike Force: Squad RPG"
06:30,83,com.jmsgame.jackpotmastercasino,"Jackpot Master™ Slots - Casino"
06:30,84,com.scopely.yux,"Yahtzee® With Buddies Dice Fun"
06:30,85,com.unicornstudio.cashparty.slots.casino.vegas.free,"Cash Club Casino - Vegas Slots"
06:30,86,com.gamedots.seasideescape,"Seaside Escape®: Merge & Story"
06:30,87,com.funtomic.matchmasters,"Match Masters"
06:30,88,com.hitappsgames.wordsolitaire,"Solitaire Associations Journey"
06:30,89,com.gtarcade.ioe.global,"Infinity Kingdom"
06:30,90,com.supercell.clashroyale,"Clash Royale"
06:30,91,com.microdose.balljam,"Marble Sort! - Color Puzzle"
06:30,92,com.riotgames.league.wildrift,"League of Legends: Wild Rift"
06:30,93,com.gramgames.mergedragons,"Merge Dragons!"
06:30,94,com.rovio.baba,"Angry Birds 2"
06:30,95,com.playstudios.popslots,"POP! Slots™"
06:30,96,com.selfawaregames.acecasino,"Big Fish Casino - Slots Games"
06:30,97,com.smallgiantgames.empires,"Empires & Puzzles: Match-3 RPG"
06:30,98,jp.konami.pesam,"eFootball™"
06:30,99,com.bluepoch.m.en.reverse1999,"Reverse: 1999 - 3rd Anniv."
06:30,100,com.rotatelab.cubeblast,"Cube Land Puzzle Game"
06:30,101,com.screenshake.dominodreams,"Domino Dreams™"
06:30,102,com.xman.na.gp,"X-Clash"
06:30,103,com.dts.freefiremax,"Free Fire MAX"
06:30,104,com.im30.ROE.gp,"Rise of Castles: Ice and Fire"
06:30,105,com.supercell.brawlstars,"Brawl Stars"
06:30,106,game.qualiarts.hololive.dreams.com,"hololive Dreams"
06:30,107,com.camelgames.aoz,"Age of Origins"
06:30,108,com.GybeGames.ColorBlockJam,"Color Block Jam"
06:30,109,com.ddi,"DoubleDown Casino Vegas Slots"
06:30,110,com.cygames.umamusume,"Umamusume: Pretty Derby"
06:30,111,com.everywear.game5,"Merge Mansion: Puzzles & Story"
06:30,112,com.YoStarEN.AzurLane,"Azur Lane"
06:30,113,com.williamsinteractive.goldfish,"Gold Fish Casino Slot Games"
06:30,114,com.hollywood.merge,"Hollywood Merge"
06:30,115,com.slg.policewar,"Police Chief"
06:30,116,com.pixonic.wwr,"War Robots Multiplayer Battles"
06:30,117,com.wb.goog.hotd.socialstrategy,"Game of Thrones: Dragonfire"
06:30,118,com.snowprintstudios.tacticus,"Warhammer 40,000: Tacticus ™"
06:30,119,com.ig.screwdom,"Screwdom 3D"
06:30,120,com.blizzard.diablo.immortal,"Diablo Immortal"
06:30,121,com.goodjobgames.matchvillains,"Match Villains"
06:30,122,com.scientificgames.monopolyslots,"MONOPOLY Slots - Casino Games"
06:30,123,com.vincentb.MobControl,"Mob Control"
06:30,124,com.sports.real.golf.rival.online,"Golf Rival - Multiplayer Game"
06:30,125,com.doubleugames.DoubleUCasino,"DoubleU Casino™ - Vegas Slots"
06:30,126,com.productmadness.fafafagold,"Mighty Fu Casino Slots Games"
06:30,127,com.huuuge.casino.slots,"Huuuge Casino 777 Slots Games"
06:30,128,com.master.triple3d.find,"Triple Match 3D"
06:30,129,com.a3.topgirl.gplay,"Top Girl"
06:30,130,com.yottagames.gameofmafia,"The Grand Mafia"
06:30,131,com.topultragame.slotlasvega,"Cash Tornado™ Slots - Casino"
06:30,132,jp.co.goodroid.hyper.busflow,"Bus Traffic Fever!"
06:30,133,com.goodville.goodgame,"Goodville: Farm Game Adventure"
06:30,134,com.justgame.jails,"Lands of Jail"
06:30,135,com.HoYoverse.hkrpgoversea,"Honkai: Star Rail"
06:30,136,com.mattel163.phase10,"Phase 10: Casual Card Game"
06:30,137,com.epicoro.castleclashers,"Castle Busters"
06:30,138,com.rc.cityCleaner,"Triple Match City"
06:30,139,com.innplaylabs.animalkingdomraid,"Animals & Coins Adventure Game"
06:30,140,com.king.farmheroessaga,"Farm Heroes Saga"
06:30,141,com.iskslowtest.mislen,"Isekai:Slow Life"
06:30,142,com.funplus.ts.global,"Tiles Survive!"
06:30,143,com.mrtgd2us.google,"Duck Survival"
06:30,144,com.nexters.herowars,"Hero Wars: Alliance RPG Legend"
06:30,145,com.ballytechnologies.f88,"88 Fortunes™ Casino Slot Games"
06:30,146,com.chess,"Chess - Play and Learn Online"
06:30,147,com.nytimes.crossword,"NYT Games: Wordle & Crossword"
06:30,148,com.igg.android.lordsmobile,"Lords Mobile x Transformers"
06:30,149,com.camelgames.superking,"War and Order"
06:30,150,com.com2us.smon.normal.freefull.google.kr.android.common,"Summoners War X Frieren"
06:30,151,com.crowdstar.covetHome,"Design Home™: House Makeover"
06:30,152,com.games.foundation,"Foundation: Galactic Frontier"
06:30,153,com.checkbox.minershminer,"Idle Obelisk Miner"
06:30,154,com.scopely.startrek,"Star Trek Fleet Command"
06:30,155,com.HoYoverse.Nap,"Zenless Zone Zero - Anniv."
06:30,156,com.hariwn.legendofcivilizations,"Forge Master"
06:30,157,com.mobile.legends.usa,"Mobile Legends: Bang Bang.US"
06:30,158,com.kingsgroup.sos,"State of Survival: Zombie War"
06:30,159,com.bagelcode.slots1,"Club Vegas Casino Slots Games"
06:30,160,com.zynga.wizardofoz,"Wizard of Oz Slots Games"
06:30,161,com.miniclip.eightballpool,"8 Ball Pool"
06:30,162,com.bigfishgames.jackpotcityslotsf2pgoogle,"Jackpot Magic - Casino Slots"
06:30,163,com.pockethaven.roguelegend,"Rogue Legend - Roguelike RPG"
06:30,164,com.ubisoft.invincible.guardians.globe.idle.superhero.rpg.battle.afk,"Invincible: Guarding the Globe"
06:30,165,com.orcas.panthia.island.fairyscapes,"Panthia®: Magic & Merge Game"
06:30,166,com.sivona.stormshot.e,"Stormshot: Isle of Adventure"
06:30,167,com.vm3.global,"Truck Star"
06:30,168,com.igg.android.doomsdaylastsurvivors,"Doomsday: Odysseus Returns"
06:30,169,com.abi.colony.flow,"Colony Flow!"
06:30,170,com.playtika.caesarscasino,"Caesars Slots: Casino Games"
06:30,171,com.Chillgaming.oneState,"OneState RP - Role Play Life"
06:30,172,adventure.party.real.life,"Sunday City: Life RolePlay"
06:30,173,com.topwar.gp,"Top War: Battle Game"
06:30,174,com.MelsoftGames.FamilyIslandFarm,"Family Island™ — Farming game"
06:30,175,com.cyphergames.royalsmash,"Royal Smash! - Physics Puzzle"
06:30,176,com.wanda.jojo.gp.global,"JoJo's Bizarre Adventure: GS"
06:30,177,com.diandian.gog,"Guns of Glory: Lost Island"
06:30,178,com.kabam.marvelbattle,"Marvel Contest of Champions"
06:30,179,com.merge.game.foodstars,"Foodstars: Merge & Cook"
06:30,180,com.vizorapps.klondike,"Klondike Adventures: Farm Game"
06:30,181,com.Garawell.LoopSort,"Loop Sort"
06:30,182,com.nintendo.zaba,"Fire Emblem Heroes"
06:30,183,com.duykanbakay.carconveyortransfer,"Car Sort: Color Puzzle"
06:30,184,com.fiveminlab.overgeared.hero.backpack.merge,"Overgeared Hero: Merge RPG"
06:30,185,com.spark.sp.gp,"Narco Empire"
06:30,186,com.zynga.hititrich,"Hit it Rich! Casino Slots Game"
06:30,187,jp.co.ponos.battlecatsen,"The Battle Cats"
06:30,188,air.com.bitrhymes.bingo,"Bingo Bash: Live Bingo Games"
06:30,189,com.funplus.kingofavalon,"Frost & Flame: King of Avalon"
06:30,190,com.vigafun.funfinity.foodhunt,"Food Hunt: Pixel Puzzle"
06:30,191,com.devsisters.cc,"CookieRun: Crumble - Idle RPG"
06:30,192,com.xq.archeroii,"Archero 2"
06:30,193,com.greenmushroom.boomblitz.gp,"Top Heroes: Kingdom Saga"
06:30,194,com.monopoly.dream.idle.king,"Top Tycoon: Coin Theme Empire"
06:30,195,net.peakgames.mobile.spades.android,"Spades Plus - Card Game"
06:30,196,com.mytona.seekersnotes.android,"Seekers Notes: Hidden Objects"
06:30,197,com.crazylabs.fashion.squad,"Glow Fashion Idol"
06:30,198,com.kurogame.wutheringwaves.global,"Wuthering Waves - To Xuanfang"
06:30,199,com.zynga.gotslots,"Game of Thrones Slots Casino"
06:30,200,com.tile.match.blockpuzzle,"Tile Family®:Match Puzzle Game"
07:30,1,com.scopely.monopolygo,"MONOPOLY GO!"
07:30,2,com.roblox.client,"Roblox"
07:30,3,com.king.candycrushsaga,"Candy Crush Saga"
07:30,4,com.dreamgames.royalmatch,"Royal Match"
07:30,5,com.mergegames.gossipharbor,"Gossip Harbor: Merge & Story"
07:30,6,com.run.tower.defense,"Kingshot"
07:30,7,com.gof.global,"Whiteout Survival"
07:30,8,com.playrix.township,"Township"
07:30,9,com.fun.lastwar.gp,"Last War:Survival Game"
07:30,10,com.dreamgames.royalkingdom,"Royal Kingdom"
07:30,11,com.moonactive.coinmaster,"Coin Master"
07:30,12,com.readygo.barrel.gp,"Last Z: Survival Shooter"
07:30,13,com.nianticlabs.pokemongo,"Pokémon GO"
07:30,14,net.peakgames.toonblast,"Toon Blast"
07:30,15,com.topgamesinc.evony,"Evony: The King's Return"
07:30,16,com.totalbattle,"Total Battle: War Strategy"
07:30,17,com.phs.global,"Last Asylum: Plague"
07:30,18,com.williamsinteractive.jackpotparty,"Jackpot Party Casino Slots"
07:30,19,net.peakgames.match,"Match Factory!"
07:30,20,com.playrix.gardenscapes,"Gardenscapes"
07:30,21,com.productmadness.cashmancasino,"Cashman Casino Slots Games"
07:30,22,com.productmadness.lightninglink,"Lightning Link Casino Slots"
07:30,23,com.dts.freefireth,"Free Fire: 9th Anniversary"
07:30,24,com.playrix.fishdomdd.gplay,"Fishdom"
07:30,25,com.zjcs.android.us,"Sword x Staff"
07:30,26,com.king.candycrushsodasaga,"Candy Crush Soda Saga"
07:30,27,air.com.buffalo_studios.newflashbingo,"Bingo Blitz™️ - Bingo Games"
07:30,28,com.fatmerge.global,"Tasty Travels: Merge Game"
07:30,29,jp.pokemon.pokemontcgp,"Pokémon TCG Pocket - Card Game"
07:30,30,com.activision.callofduty.shooter,"Call of Duty®: Mobile"
07:30,31,com.supercell.clashofclans,"Clash of Clans"
07:30,32,com.loomgames.pixelflow,"Pixel Flow!"
07:30,33,com.superplaystudios.disneysolitairedreams,"Disney Solitaire"
07:30,34,com.diamondlife.slots.vegas.free,"Lotsa Slots - Casino Games"
07:30,35,com.combo.yarnflow,"Yarn Loop"
07:30,36,com.playrix.homescapes,"Homescapes"
07:30,37,com.readygo.dark.gp,"Dark War Survival"
07:30,38,com.tencent.ig,"PUBG MOBILE"
07:30,39,com.proximabeta.nikke,"GODDESS OF VICTORY: NIKKE"
07:30,40,com.superplaystudios.dicedreams,"Dice Dreams™️"
07:30,41,com.wizards.mtga,"Magic: The Gathering Arena"
07:30,42,com.homagames.studio.allinhole,"All in Hole: Black Hole Games"
07:30,43,com.miHoYo.GenshinImpact,"Genshin Impact"
07:30,44,com.ballytechnologies.quickhitslots,"Quick Hit Casino Slots Games"
07:30,45,slots.pcg.casino.games.free.android,"Cash Frenzy™ - Casino Slots"
07:30,46,com.merge.cooking.theme.restaurant.food,"Merge Cooking®"
07:30,47,com.farlightgames.pgame.gp,"Clash of Critters"
07:30,48,com.ea.gp.fifamobile,"EA SPORTS FC Soccer Mobile 26"
07:30,49,com.cola.game,"Flambé®: Merge & Cook"
07:30,50,com.cedargames.mysterytown,"Mystery Town: Merge Games"
07:30,51,com.bandainamcoent.dblegends_ww,"DRAGON BALL LEGENDS"
07:30,52,com.productmadness.hovmobile,"Slots: Heart of Vegas Casino"
07:30,53,com.bingo.cruise.free.best.top.game,"Bingo Voyage - Live Bingo Game"
07:30,54,com.global.ztmslg,"Puzzles & Survival"
07:30,55,com.moonactive.cmboard,"Coin Master - Board Adventure"
07:30,56,com.aniplex.fategrandorder.en,"Fate/Grand Order (English)"
07:30,57,com.global.pnck,"Puzzles & Chaos: Frozen Castle"
07:30,58,io.randomco.travel,"Travel Town - Merge Adventure"
07:30,59,net.supertreat.solitaire,"Solitaire Grand Harvest"
07:30,60,com.newai.ooc,"OOC: The Playable Anime"
07:30,61,com.joycastle.mergematch,"Matching Story - Puzzle Games"
07:30,62,com.supercell.hayday,"Hay Day"
07:30,63,com.grandgames.magicsort,"Magic Sort!"
07:30,64,com.grandegames.slots.dafu.casino,"Jackpot World™ - Slots Casino"
07:30,65,air.com.playtika.slotomania,"Slotomania™ Slots Casino Games"
07:30,66,com.mojang.minecraftpe,"Minecraft: Dream it, Build it!"
07:30,67,com.plarium.raidlegends,"RAID: Shadow Legends"
07:30,68,com.moonactive.holestars,"Hole Stars: Puzzle Game"
07:30,69,com.playdemic.golf.android,"Golf Clash - Golfing Simulator"
07:30,70,com.olleyo.piggy.king.free,"Piggy Kingdom"
07:30,71,com.cooking.bingo.ldkwh,"Bingo Frenzy™-Live Bingo Games"
07:30,72,net.wooga.junes_journey_hidden_object_mystery_game,"June's Journey: Hidden Objects"
07:30,73,com.ea.game.starwarscapital_row,"Star Wars™: Galaxy of Heroes"
07:30,74,net.peakgames.amy,"Toy Blast"
07:30,75,com.gsn.android.tripeaks,"Tiki Solitaire TriPeaks"
07:30,76,com.lilithgame.roc.gp,"Rise of Kingdoms: Lost Crusade"
07:30,77,com.funfizz.palmon.gp,"Palmon: Survival"
07:30,78,com.online.huntingsniper,"Hunting Sniper"
07:30,79,com.playtika.wsop.gp,"WSOP Poker: Texas Holdem Game"
07:30,80,com.bgg.jump,"Project Makeover"
07:30,81,com.nexon.ma,"MapleStory : Idle RPG"
07:30,82,com.foxnextgames.m3,"MARVEL Strike Force: Squad RPG"
07:30,83,com.jmsgame.jackpotmastercasino,"Jackpot Master™ Slots - Casino"
07:30,84,com.scopely.yux,"Yahtzee® With Buddies Dice Fun"
07:30,85,com.unicornstudio.cashparty.slots.casino.vegas.free,"Cash Club Casino - Vegas Slots"
07:30,86,com.gamedots.seasideescape,"Seaside Escape®: Merge & Story"
07:30,87,com.funtomic.matchmasters,"Match Masters"
07:30,88,com.hitappsgames.wordsolitaire,"Solitaire Associations Journey"
07:30,89,com.gtarcade.ioe.global,"Infinity Kingdom"
07:30,90,com.supercell.clashroyale,"Clash Royale"
07:30,91,com.microdose.balljam,"Marble Sort! - Color Puzzle"
07:30,92,com.riotgames.league.wildrift,"League of Legends: Wild Rift"
07:30,93,com.gramgames.mergedragons,"Merge Dragons!"
07:30,94,com.rovio.baba,"Angry Birds 2"
07:30,95,com.playstudios.popslots,"POP! Slots™"
07:30,96,com.im30.ROE.gp,"Rise of Castles: Ice and Fire"
07:30,97,com.selfawaregames.acecasino,"Big Fish Casino - Slots Games"
07:30,98,com.smallgiantgames.empires,"Empires & Puzzles: Match-3 RPG"
07:30,99,jp.konami.pesam,"eFootball™"
07:30,100,com.bluepoch.m.en.reverse1999,"Reverse: 1999 - 3rd Anniv."
07:30,101,com.rotatelab.cubeblast,"Cube Land Puzzle Game"
07:30,102,com.screenshake.dominodreams,"Domino Dreams™"
07:30,103,com.xman.na.gp,"X-Clash"
07:30,104,com.dts.freefiremax,"Free Fire MAX"
07:30,105,com.supercell.brawlstars,"Brawl Stars"
07:30,106,game.qualiarts.hololive.dreams.com,"hololive Dreams"
07:30,107,com.camelgames.aoz,"Age of Origins"
07:30,108,com.GybeGames.ColorBlockJam,"Color Block Jam"
07:30,109,com.ddi,"DoubleDown Casino Vegas Slots"
07:30,110,com.cygames.umamusume,"Umamusume: Pretty Derby"
07:30,111,com.everywear.game5,"Merge Mansion: Puzzles & Story"
07:30,112,com.YoStarEN.AzurLane,"Azur Lane"
07:30,113,com.ig.screwdom,"Screwdom 3D"
07:30,114,com.williamsinteractive.goldfish,"Gold Fish Casino Slot Games"
07:30,115,com.hollywood.merge,"Hollywood Merge"
07:30,116,com.slg.policewar,"Police Chief"
07:30,117,com.pixonic.wwr,"War Robots Multiplayer Battles"
07:30,118,com.wb.goog.hotd.socialstrategy,"Game of Thrones: Dragonfire"
07:30,119,com.snowprintstudios.tacticus,"Warhammer 40,000: Tacticus ™"
07:30,120,com.goodjobgames.matchvillains,"Match Villains"
07:30,121,com.blizzard.diablo.immortal,"Diablo Immortal"
07:30,122,com.scientificgames.monopolyslots,"MONOPOLY Slots - Casino Games"
07:30,123,com.vincentb.MobControl,"Mob Control"
07:30,124,com.sports.real.golf.rival.online,"Golf Rival - Multiplayer Game"
07:30,125,com.doubleugames.DoubleUCasino,"DoubleU Casino™ - Vegas Slots"
07:30,126,com.productmadness.fafafagold,"Mighty Fu Casino Slots Games"
07:30,127,com.huuuge.casino.slots,"Huuuge Casino 777 Slots Games"
07:30,128,com.a3.topgirl.gplay,"Top Girl"
07:30,129,com.master.triple3d.find,"Triple Match 3D"
07:30,130,com.topultragame.slotlasvega,"Cash Tornado™ Slots - Casino"
07:30,131,jp.co.goodroid.hyper.busflow,"Bus Traffic Fever!"
07:30,132,com.yottagames.gameofmafia,"The Grand Mafia"
07:30,133,com.goodville.goodgame,"Goodville: Farm Game Adventure"
07:30,134,com.justgame.jails,"Lands of Jail"
07:30,135,com.HoYoverse.hkrpgoversea,"Honkai: Star Rail"
07:30,136,com.mattel163.phase10,"Phase 10: Casual Card Game"
07:30,137,com.epicoro.castleclashers,"Castle Busters"
07:30,138,com.rc.cityCleaner,"Triple Match City"
07:30,139,com.innplaylabs.animalkingdomraid,"Animals & Coins Adventure Game"
07:30,140,com.king.farmheroessaga,"Farm Heroes Saga"
07:30,141,com.iskslowtest.mislen,"Isekai:Slow Life"
07:30,142,com.funplus.ts.global,"Tiles Survive!"
07:30,143,com.ballytechnologies.f88,"88 Fortunes™ Casino Slot Games"
07:30,144,com.mrtgd2us.google,"Duck Survival"
07:30,145,com.nexters.herowars,"Hero Wars: Alliance RPG Legend"
07:30,146,com.chess,"Chess - Play and Learn Online"
07:30,147,com.nytimes.crossword,"NYT Games: Wordle & Crossword"
07:30,148,com.igg.android.lordsmobile,"Lords Mobile x Transformers"
07:30,149,com.camelgames.superking,"War and Order"
07:30,150,com.com2us.smon.normal.freefull.google.kr.android.common,"Summoners War X Frieren"
07:30,151,com.games.foundation,"Foundation: Galactic Frontier"
07:30,152,com.crowdstar.covetHome,"Design Home™: House Makeover"
07:30,153,com.checkbox.minershminer,"Idle Obelisk Miner"
07:30,154,com.scopely.startrek,"Star Trek Fleet Command"
07:30,155,com.HoYoverse.Nap,"Zenless Zone Zero - Anniv."
07:30,156,com.hariwn.legendofcivilizations,"Forge Master"
07:30,157,com.mobile.legends.usa,"Mobile Legends: Bang Bang.US"
07:30,158,com.kingsgroup.sos,"State of Survival: Zombie War"
07:30,159,com.bagelcode.slots1,"Club Vegas Casino Slots Games"
07:30,160,com.zynga.wizardofoz,"Wizard of Oz Slots Games"
07:30,161,com.miniclip.eightballpool,"8 Ball Pool"
07:30,162,com.bigfishgames.jackpotcityslotsf2pgoogle,"Jackpot Magic - Casino Slots"
07:30,163,com.pockethaven.roguelegend,"Rogue Legend - Roguelike RPG"
07:30,164,com.ubisoft.invincible.guardians.globe.idle.superhero.rpg.battle.afk,"Invincible: Guarding the Globe"
07:30,165,com.orcas.panthia.island.fairyscapes,"Panthia®: Magic & Merge Game"
07:30,166,com.sivona.stormshot.e,"Stormshot: Isle of Adventure"
07:30,167,com.vm3.global,"Truck Star"
07:30,168,com.igg.android.doomsdaylastsurvivors,"Doomsday: Odysseus Returns"
07:30,169,com.abi.colony.flow,"Colony Flow!"
07:30,170,com.playtika.caesarscasino,"Caesars Slots: Casino Games"
07:30,171,com.Chillgaming.oneState,"OneState RP - Role Play Life"
07:30,172,adventure.party.real.life,"Sunday City: Life RolePlay"
07:30,173,com.topwar.gp,"Top War: Battle Game"
07:30,174,com.MelsoftGames.FamilyIslandFarm,"Family Island™ — Farming game"
07:30,175,com.cyphergames.royalsmash,"Royal Smash! - Physics Puzzle"
07:30,176,com.wanda.jojo.gp.global,"JoJo's Bizarre Adventure: GS"
07:30,177,com.diandian.gog,"Guns of Glory: Lost Island"
07:30,178,com.kabam.marvelbattle,"Marvel Contest of Champions"
07:30,179,com.merge.game.foodstars,"Foodstars: Merge & Cook"
07:30,180,com.vizorapps.klondike,"Klondike Adventures: Farm Game"
07:30,181,com.Garawell.LoopSort,"Loop Sort"
07:30,182,com.nintendo.zaba,"Fire Emblem Heroes"
07:30,183,com.duykanbakay.carconveyortransfer,"Car Sort: Color Puzzle"
07:30,184,com.fiveminlab.overgeared.hero.backpack.merge,"Overgeared Hero: Merge RPG"
07:30,185,com.spark.sp.gp,"Narco Empire"
07:30,186,com.zynga.hititrich,"Hit it Rich! Casino Slots Game"
07:30,187,jp.co.ponos.battlecatsen,"The Battle Cats"
07:30,188,air.com.bitrhymes.bingo,"Bingo Bash: Live Bingo Games"
07:30,189,com.funplus.kingofavalon,"Frost & Flame: King of Avalon"
07:30,190,com.vigafun.funfinity.foodhunt,"Food Hunt: Pixel Puzzle"
07:30,191,com.devsisters.cc,"CookieRun: Crumble - Idle RPG"
07:30,192,com.xq.archeroii,"Archero 2"
07:30,193,com.greenmushroom.boomblitz.gp,"Top Heroes: Kingdom Saga"
07:30,194,com.monopoly.dream.idle.king,"Top Tycoon: Coin Theme Empire"
07:30,195,net.peakgames.mobile.spades.android,"Spades Plus - Card Game"
07:30,196,com.mytona.seekersnotes.android,"Seekers Notes: Hidden Objects"
07:30,197,com.crazylabs.fashion.squad,"Glow Fashion Idol"
07:30,198,com.kurogame.wutheringwaves.global,"Wuthering Waves - To Xuanfang"
07:30,199,com.zynga.gotslots,"Game of Thrones Slots Casino"
07:30,200,com.tile.match.blockpuzzle,"Tile Family®:Match Puzzle Game"
08:30,1,com.scopely.monopolygo,"MONOPOLY GO!"
08:30,2,com.roblox.client,"Roblox"
08:30,3,com.king.candycrushsaga,"Candy Crush Saga"
08:30,4,com.dreamgames.royalmatch,"Royal Match"
08:30,5,com.mergegames.gossipharbor,"Gossip Harbor: Merge & Story"
08:30,6,com.run.tower.defense,"Kingshot"
08:30,7,com.playrix.township,"Township"
08:30,8,com.gof.global,"Whiteout Survival"
08:30,9,com.fun.lastwar.gp,"Last War:Survival Game"
08:30,10,com.dreamgames.royalkingdom,"Royal Kingdom"
08:30,11,com.moonactive.coinmaster,"Coin Master"
08:30,12,com.readygo.barrel.gp,"Last Z: Survival Shooter"
08:30,13,com.nianticlabs.pokemongo,"Pokémon GO"
08:30,14,net.peakgames.toonblast,"Toon Blast"
08:30,15,com.topgamesinc.evony,"Evony: The King's Return"
08:30,16,com.totalbattle,"Total Battle: War Strategy"
08:30,17,com.phs.global,"Last Asylum: Plague"
08:30,18,com.williamsinteractive.jackpotparty,"Jackpot Party Casino Slots"
08:30,19,net.peakgames.match,"Match Factory!"
08:30,20,com.playrix.gardenscapes,"Gardenscapes"
08:30,21,com.productmadness.cashmancasino,"Cashman Casino Slots Games"
08:30,22,com.productmadness.lightninglink,"Lightning Link Casino Slots"
08:30,23,com.dts.freefireth,"Free Fire: 9th Anniversary"
08:30,24,com.playrix.fishdomdd.gplay,"Fishdom"
08:30,25,com.zjcs.android.us,"Sword x Staff"
08:30,26,com.king.candycrushsodasaga,"Candy Crush Soda Saga"
08:30,27,air.com.buffalo_studios.newflashbingo,"Bingo Blitz™️ - Bingo Games"
08:30,28,com.fatmerge.global,"Tasty Travels: Merge Game"
08:30,29,jp.pokemon.pokemontcgp,"Pokémon TCG Pocket - Card Game"
08:30,30,com.activision.callofduty.shooter,"Call of Duty®: Mobile"
08:30,31,com.supercell.clashofclans,"Clash of Clans"
08:30,32,com.loomgames.pixelflow,"Pixel Flow!"
08:30,33,com.superplaystudios.disneysolitairedreams,"Disney Solitaire"
08:30,34,com.diamondlife.slots.vegas.free,"Lotsa Slots - Casino Games"
08:30,35,com.combo.yarnflow,"Yarn Loop"
08:30,36,com.playrix.homescapes,"Homescapes"
08:30,37,com.readygo.dark.gp,"Dark War Survival"
08:30,38,com.tencent.ig,"PUBG MOBILE"
08:30,39,com.proximabeta.nikke,"GODDESS OF VICTORY: NIKKE"
08:30,40,com.superplaystudios.dicedreams,"Dice Dreams™️"
08:30,41,com.wizards.mtga,"Magic: The Gathering Arena"
08:30,42,com.homagames.studio.allinhole,"All in Hole: Black Hole Games"
08:30,43,com.miHoYo.GenshinImpact,"Genshin Impact"
08:30,44,com.merge.cooking.theme.restaurant.food,"Merge Cooking®"
08:30,45,slots.pcg.casino.games.free.android,"Cash Frenzy™ - Casino Slots"
08:30,46,com.ballytechnologies.quickhitslots,"Quick Hit Casino Slots Games"
08:30,47,com.farlightgames.pgame.gp,"Clash of Critters"
08:30,48,com.ea.gp.fifamobile,"EA SPORTS FC Soccer Mobile 26"
08:30,49,com.cola.game,"Flambé®: Merge & Cook"
08:30,50,com.cedargames.mysterytown,"Mystery Town: Merge Games"
08:30,51,com.bandainamcoent.dblegends_ww,"DRAGON BALL LEGENDS"
08:30,52,com.productmadness.hovmobile,"Slots: Heart of Vegas Casino"
08:30,53,com.bingo.cruise.free.best.top.game,"Bingo Voyage - Live Bingo Game"
08:30,54,com.moonactive.cmboard,"Coin Master - Board Adventure"
08:30,55,com.global.ztmslg,"Puzzles & Survival"
08:30,56,com.aniplex.fategrandorder.en,"Fate/Grand Order (English)"
08:30,57,com.global.pnck,"Puzzles & Chaos: Frozen Castle"
08:30,58,io.randomco.travel,"Travel Town - Merge Adventure"
08:30,59,net.supertreat.solitaire,"Solitaire Grand Harvest"
08:30,60,com.newai.ooc,"OOC: The Playable Anime"
08:30,61,com.joycastle.mergematch,"Matching Story - Puzzle Games"
08:30,62,com.supercell.hayday,"Hay Day"
08:30,63,com.grandgames.magicsort,"Magic Sort!"
08:30,64,com.grandegames.slots.dafu.casino,"Jackpot World™ - Slots Casino"
08:30,65,air.com.playtika.slotomania,"Slotomania™ Slots Casino Games"
08:30,66,com.mojang.minecraftpe,"Minecraft: Dream it, Build it!"
08:30,67,com.plarium.raidlegends,"RAID: Shadow Legends"
08:30,68,com.moonactive.holestars,"Hole Stars: Puzzle Game"
08:30,69,com.playdemic.golf.android,"Golf Clash - Golfing Simulator"
08:30,70,com.olleyo.piggy.king.free,"Piggy Kingdom"
08:30,71,com.cooking.bingo.ldkwh,"Bingo Frenzy™-Live Bingo Games"
08:30,72,net.wooga.junes_journey_hidden_object_mystery_game,"June's Journey: Hidden Objects"
08:30,73,com.ea.game.starwarscapital_row,"Star Wars™: Galaxy of Heroes"
08:30,74,net.peakgames.amy,"Toy Blast"
08:30,75,com.gsn.android.tripeaks,"Tiki Solitaire TriPeaks"
08:30,76,com.lilithgame.roc.gp,"Rise of Kingdoms: Lost Crusade"
08:30,77,com.funfizz.palmon.gp,"Palmon: Survival"
08:30,78,com.online.huntingsniper,"Hunting Sniper"
08:30,79,com.playtika.wsop.gp,"WSOP Poker: Texas Holdem Game"
08:30,80,com.bgg.jump,"Project Makeover"
08:30,81,com.nexon.ma,"MapleStory : Idle RPG"
08:30,82,com.foxnextgames.m3,"MARVEL Strike Force: Squad RPG"
08:30,83,com.jmsgame.jackpotmastercasino,"Jackpot Master™ Slots - Casino"
08:30,84,com.scopely.yux,"Yahtzee® With Buddies Dice Fun"
08:30,85,com.unicornstudio.cashparty.slots.casino.vegas.free,"Cash Club Casino - Vegas Slots"
08:30,86,com.gamedots.seasideescape,"Seaside Escape®: Merge & Story"
08:30,87,com.funtomic.matchmasters,"Match Masters"
08:30,88,com.hitappsgames.wordsolitaire,"Solitaire Associations Journey"
08:30,89,com.microdose.balljam,"Marble Sort! - Color Puzzle"
08:30,90,com.gtarcade.ioe.global,"Infinity Kingdom"
08:30,91,com.supercell.clashroyale,"Clash Royale"
08:30,92,com.riotgames.league.wildrift,"League of Legends: Wild Rift"
08:30,93,com.gramgames.mergedragons,"Merge Dragons!"
08:30,94,com.rovio.baba,"Angry Birds 2"
08:30,95,com.playstudios.popslots,"POP! Slots™"
08:30,96,com.im30.ROE.gp,"Rise of Castles: Ice and Fire"
08:30,97,com.selfawaregames.acecasino,"Big Fish Casino - Slots Games"
08:30,98,com.smallgiantgames.empires,"Empires & Puzzles: Match-3 RPG"
08:30,99,jp.konami.pesam,"eFootball™"
08:30,100,com.bluepoch.m.en.reverse1999,"Reverse: 1999 - 3rd Anniv."
08:30,101,com.rotatelab.cubeblast,"Cube Land Puzzle Game"
08:30,102,com.xman.na.gp,"X-Clash"
08:30,103,com.screenshake.dominodreams,"Domino Dreams™"
08:30,104,com.supercell.brawlstars,"Brawl Stars"
08:30,105,com.dts.freefiremax,"Free Fire MAX"
08:30,106,game.qualiarts.hololive.dreams.com,"hololive Dreams"
08:30,107,com.camelgames.aoz,"Age of Origins"
08:30,108,com.GybeGames.ColorBlockJam,"Color Block Jam"
08:30,109,com.ddi,"DoubleDown Casino Vegas Slots"
08:30,110,com.cygames.umamusume,"Umamusume: Pretty Derby"
08:30,111,com.hollywood.merge,"Hollywood Merge"
08:30,112,com.everywear.game5,"Merge Mansion: Puzzles & Story"
08:30,113,com.YoStarEN.AzurLane,"Azur Lane"
08:30,114,com.ig.screwdom,"Screwdom 3D"
08:30,115,com.williamsinteractive.goldfish,"Gold Fish Casino Slot Games"
08:30,116,com.slg.policewar,"Police Chief"
08:30,117,com.pixonic.wwr,"War Robots Multiplayer Battles"
08:30,118,com.wb.goog.hotd.socialstrategy,"Game of Thrones: Dragonfire"
08:30,119,com.vincentb.MobControl,"Mob Control"
08:30,120,com.snowprintstudios.tacticus,"Warhammer 40,000: Tacticus ™"
08:30,121,com.goodjobgames.matchvillains,"Match Villains"
08:30,122,com.blizzard.diablo.immortal,"Diablo Immortal"
08:30,123,com.scientificgames.monopolyslots,"MONOPOLY Slots - Casino Games"
08:30,124,com.sports.real.golf.rival.online,"Golf Rival - Multiplayer Game"
08:30,125,com.doubleugames.DoubleUCasino,"DoubleU Casino™ - Vegas Slots"
08:30,126,com.productmadness.fafafagold,"Mighty Fu Casino Slots Games"
08:30,127,com.huuuge.casino.slots,"Huuuge Casino 777 Slots Games"
08:30,128,com.yottagames.gameofmafia,"The Grand Mafia"
08:30,129,com.a3.topgirl.gplay,"Top Girl"
08:30,130,com.master.triple3d.find,"Triple Match 3D"
08:30,131,com.topultragame.slotlasvega,"Cash Tornado™ Slots - Casino"
08:30,132,jp.co.goodroid.hyper.busflow,"Bus Traffic Fever!"
08:30,133,com.HoYoverse.hkrpgoversea,"Honkai: Star Rail"
08:30,134,com.goodville.goodgame,"Goodville: Farm Game Adventure"
08:30,135,com.justgame.jails,"Lands of Jail"
08:30,136,com.mattel163.phase10,"Phase 10: Casual Card Game"
08:30,137,com.iskslowtest.mislen,"Isekai:Slow Life"
08:30,138,com.epicoro.castleclashers,"Castle Busters"
08:30,139,com.rc.cityCleaner,"Triple Match City"
08:30,140,com.innplaylabs.animalkingdomraid,"Animals & Coins Adventure Game"
08:30,141,com.funplus.ts.global,"Tiles Survive!"
08:30,142,com.king.farmheroessaga,"Farm Heroes Saga"
08:30,143,com.mrtgd2us.google,"Duck Survival"
08:30,144,com.ballytechnologies.f88,"88 Fortunes™ Casino Slot Games"
08:30,145,com.com2us.smon.normal.freefull.google.kr.android.common,"Summoners War X Frieren"
08:30,146,com.nexters.herowars,"Hero Wars: Alliance RPG Legend"
08:30,147,com.chess,"Chess - Play and Learn Online"
08:30,148,com.nytimes.crossword,"NYT Games: Wordle & Crossword"
08:30,149,com.igg.android.lordsmobile,"Lords Mobile x Transformers"
08:30,150,com.camelgames.superking,"War and Order"
08:30,151,com.games.foundation,"Foundation: Galactic Frontier"
08:30,152,com.crowdstar.covetHome,"Design Home™: House Makeover"
08:30,153,com.checkbox.minershminer,"Idle Obelisk Miner"
08:30,154,com.scopely.startrek,"Star Trek Fleet Command"
08:30,155,com.HoYoverse.Nap,"Zenless Zone Zero - Anniv."
08:30,156,com.hariwn.legendofcivilizations,"Forge Master"
08:30,157,com.mobile.legends.usa,"Mobile Legends: Bang Bang.US"
08:30,158,com.kingsgroup.sos,"State of Survival: Zombie War"
08:30,159,com.bagelcode.slots1,"Club Vegas Casino Slots Games"
08:30,160,com.zynga.wizardofoz,"Wizard of Oz Slots Games"
08:30,161,com.miniclip.eightballpool,"8 Ball Pool"
08:30,162,com.bigfishgames.jackpotcityslotsf2pgoogle,"Jackpot Magic - Casino Slots"
08:30,163,com.pockethaven.roguelegend,"Rogue Legend - Roguelike RPG"
08:30,164,com.sivona.stormshot.e,"Stormshot: Isle of Adventure"
08:30,165,com.ubisoft.invincible.guardians.globe.idle.superhero.rpg.battle.afk,"Invincible: Guarding the Globe"
08:30,166,com.orcas.panthia.island.fairyscapes,"Panthia®: Magic & Merge Game"
08:30,167,com.topwar.gp,"Top War: Battle Game"
08:30,168,com.vm3.global,"Truck Star"
08:30,169,com.igg.android.doomsdaylastsurvivors,"Doomsday: Odysseus Returns"
08:30,170,com.abi.colony.flow,"Colony Flow!"
08:30,171,com.cyphergames.royalsmash,"Royal Smash! - Physics Puzzle"
08:30,172,com.playtika.caesarscasino,"Caesars Slots: Casino Games"
08:30,173,com.Chillgaming.oneState,"OneState RP - Role Play Life"
08:30,174,adventure.party.real.life,"Sunday City: Life RolePlay"
08:30,175,com.MelsoftGames.FamilyIslandFarm,"Family Island™ — Farming game"
08:30,176,com.vizorapps.klondike,"Klondike Adventures: Farm Game"
08:30,177,com.wanda.jojo.gp.global,"JoJo's Bizarre Adventure: GS"
08:30,178,com.diandian.gog,"Guns of Glory: Lost Island"
08:30,179,com.kabam.marvelbattle,"Marvel Contest of Champions"
08:30,180,com.merge.game.foodstars,"Foodstars: Merge & Cook"
08:30,181,com.Garawell.LoopSort,"Loop Sort"
08:30,182,com.fiveminlab.overgeared.hero.backpack.merge,"Overgeared Hero: Merge RPG"
08:30,183,com.nintendo.zaba,"Fire Emblem Heroes"
08:30,184,com.duykanbakay.carconveyortransfer,"Car Sort: Color Puzzle"
08:30,185,com.spark.sp.gp,"Narco Empire"
08:30,186,com.monopoly.dream.idle.king,"Top Tycoon: Coin Theme Empire"
08:30,187,com.zynga.hititrich,"Hit it Rich! Casino Slots Game"
08:30,188,jp.co.ponos.battlecatsen,"The Battle Cats"
08:30,189,air.com.bitrhymes.bingo,"Bingo Bash: Live Bingo Games"
08:30,190,com.funplus.kingofavalon,"Frost & Flame: King of Avalon"
08:30,191,com.vigafun.funfinity.foodhunt,"Food Hunt: Pixel Puzzle"
08:30,192,com.zynga.gotslots,"Game of Thrones Slots Casino"
08:30,193,com.devsisters.cc,"CookieRun: Crumble - Idle RPG"
08:30,194,com.xq.archeroii,"Archero 2"
08:30,195,com.greenmushroom.boomblitz.gp,"Top Heroes: Kingdom Saga"
08:30,196,net.peakgames.mobile.spades.android,"Spades Plus - Card Game"
08:30,197,com.mytona.seekersnotes.android,"Seekers Notes: Hidden Objects"
08:30,198,com.crazylabs.fashion.squad,"Glow Fashion Idol"
08:30,199,com.kurogame.wutheringwaves.global,"Wuthering Waves - To Xuanfang"
08:30,200,com.tile.match.blockpuzzle,"Tile Family®:Match Puzzle Game"
09:30,1,com.scopely.monopolygo,"MONOPOLY GO!"
09:30,2,com.roblox.client,"Roblox"
09:30,3,com.king.candycrushsaga,"Candy Crush Saga"
09:30,4,com.dreamgames.royalmatch,"Royal Match"
09:30,5,com.mergegames.gossipharbor,"Gossip Harbor: Merge & Story"
09:30,6,com.run.tower.defense,"Kingshot"
09:30,7,com.playrix.township,"Township"
09:30,8,com.gof.global,"Whiteout Survival"
09:30,9,com.dreamgames.royalkingdom,"Royal Kingdom"
09:30,10,com.fun.lastwar.gp,"Last War:Survival Game"
09:30,11,com.moonactive.coinmaster,"Coin Master"
09:30,12,com.readygo.barrel.gp,"Last Z: Survival Shooter"
09:30,13,com.nianticlabs.pokemongo,"Pokémon GO"
09:30,14,net.peakgames.toonblast,"Toon Blast"
09:30,15,com.topgamesinc.evony,"Evony: The King's Return"
09:30,16,com.totalbattle,"Total Battle: War Strategy"
09:30,17,com.phs.global,"Last Asylum: Plague"
09:30,18,com.playrix.gardenscapes,"Gardenscapes"
09:30,19,com.williamsinteractive.jackpotparty,"Jackpot Party Casino Slots"
09:30,20,net.peakgames.match,"Match Factory!"
09:30,21,com.productmadness.cashmancasino,"Cashman Casino Slots Games"
09:30,22,com.zjcs.android.us,"Sword x Staff"
09:30,23,com.productmadness.lightninglink,"Lightning Link Casino Slots"
09:30,24,com.dts.freefireth,"Free Fire: 9th Anniversary"
09:30,25,com.playrix.fishdomdd.gplay,"Fishdom"
09:30,26,com.king.candycrushsodasaga,"Candy Crush Soda Saga"
09:30,27,jp.pokemon.pokemontcgp,"Pokémon TCG Pocket - Card Game"
09:30,28,air.com.buffalo_studios.newflashbingo,"Bingo Blitz™️ - Bingo Games"
09:30,29,com.activision.callofduty.shooter,"Call of Duty®: Mobile"
09:30,30,com.fatmerge.global,"Tasty Travels: Merge Game"
09:30,31,com.supercell.clashofclans,"Clash of Clans"
09:30,32,com.loomgames.pixelflow,"Pixel Flow!"
09:30,33,com.superplaystudios.disneysolitairedreams,"Disney Solitaire"
09:30,34,com.diamondlife.slots.vegas.free,"Lotsa Slots - Casino Games"
09:30,35,com.combo.yarnflow,"Yarn Loop"
09:30,36,com.playrix.homescapes,"Homescapes"
09:30,37,com.tencent.ig,"PUBG MOBILE"
09:30,38,com.readygo.dark.gp,"Dark War Survival"
09:30,39,com.superplaystudios.dicedreams,"Dice Dreams™️"
09:30,40,com.proximabeta.nikke,"GODDESS OF VICTORY: NIKKE"
09:30,41,com.miHoYo.GenshinImpact,"Genshin Impact"
09:30,42,com.wizards.mtga,"Magic: The Gathering Arena"
09:30,43,com.homagames.studio.allinhole,"All in Hole: Black Hole Games"
09:30,44,com.ballytechnologies.quickhitslots,"Quick Hit Casino Slots Games"
09:30,45,com.merge.cooking.theme.restaurant.food,"Merge Cooking®"
09:30,46,slots.pcg.casino.games.free.android,"Cash Frenzy™ - Casino Slots"
09:30,47,com.farlightgames.pgame.gp,"Clash of Critters"
09:30,48,com.cola.game,"Flambé®: Merge & Cook"
09:30,49,com.ea.gp.fifamobile,"EA SPORTS FC Soccer Mobile 26"
09:30,50,com.cedargames.mysterytown,"Mystery Town: Merge Games"
09:30,51,com.productmadness.hovmobile,"Slots: Heart of Vegas Casino"
09:30,52,com.bandainamcoent.dblegends_ww,"DRAGON BALL LEGENDS"
09:30,53,com.global.ztmslg,"Puzzles & Survival"
09:30,54,com.bingo.cruise.free.best.top.game,"Bingo Voyage - Live Bingo Game"
09:30,55,com.moonactive.cmboard,"Coin Master - Board Adventure"
09:30,56,com.aniplex.fategrandorder.en,"Fate/Grand Order (English)"
09:30,57,com.global.pnck,"Puzzles & Chaos: Frozen Castle"
09:30,58,io.randomco.travel,"Travel Town - Merge Adventure"
09:30,59,net.supertreat.solitaire,"Solitaire Grand Harvest"
09:30,60,com.newai.ooc,"OOC: The Playable Anime"
09:30,61,com.joycastle.mergematch,"Matching Story - Puzzle Games"
09:30,62,com.supercell.hayday,"Hay Day"
09:30,63,com.plarium.raidlegends,"RAID: Shadow Legends"
09:30,64,com.grandgames.magicsort,"Magic Sort!"
09:30,65,com.grandegames.slots.dafu.casino,"Jackpot World™ - Slots Casino"
09:30,66,net.wooga.junes_journey_hidden_object_mystery_game,"June's Journey: Hidden Objects"
09:30,67,com.moonactive.holestars,"Hole Stars: Puzzle Game"
09:30,68,com.playdemic.golf.android,"Golf Clash - Golfing Simulator"
09:30,69,air.com.playtika.slotomania,"Slotomania™ Slots Casino Games"
09:30,70,com.mojang.minecraftpe,"Minecraft: Dream it, Build it!"
09:30,71,com.ea.game.starwarscapital_row,"Star Wars™: Galaxy of Heroes"
09:30,72,com.olleyo.piggy.king.free,"Piggy Kingdom"
09:30,73,com.cooking.bingo.ldkwh,"Bingo Frenzy™-Live Bingo Games"
09:30,74,net.peakgames.amy,"Toy Blast"
09:30,75,com.foxnextgames.m3,"MARVEL Strike Force: Squad RPG"
09:30,76,com.gsn.android.tripeaks,"Tiki Solitaire TriPeaks"
09:30,77,com.playtika.wsop.gp,"WSOP Poker: Texas Holdem Game"
09:30,78,com.lilithgame.roc.gp,"Rise of Kingdoms: Lost Crusade"
09:30,79,com.nexon.ma,"MapleStory : Idle RPG"
09:30,80,com.funfizz.palmon.gp,"Palmon: Survival"
09:30,81,com.online.huntingsniper,"Hunting Sniper"
09:30,82,com.jmsgame.jackpotmastercasino,"Jackpot Master™ Slots - Casino"
09:30,83,com.bgg.jump,"Project Makeover"
09:30,84,com.gamedots.seasideescape,"Seaside Escape®: Merge & Story"
09:30,85,com.scopely.yux,"Yahtzee® With Buddies Dice Fun"
09:30,86,com.unicornstudio.cashparty.slots.casino.vegas.free,"Cash Club Casino - Vegas Slots"
09:30,87,com.funtomic.matchmasters,"Match Masters"
09:30,88,com.wb.goog.hotd.socialstrategy,"Game of Thrones: Dragonfire"
09:30,89,com.hitappsgames.wordsolitaire,"Solitaire Associations Journey"
09:30,90,com.supercell.clashroyale,"Clash Royale"
09:30,91,com.microdose.balljam,"Marble Sort! - Color Puzzle"
09:30,92,jp.konami.pesam,"eFootball™"
09:30,93,com.gtarcade.ioe.global,"Infinity Kingdom"
09:30,94,com.riotgames.league.wildrift,"League of Legends: Wild Rift"
09:30,95,com.smallgiantgames.empires,"Empires & Puzzles: Match-3 RPG"
09:30,96,com.gramgames.mergedragons,"Merge Dragons!"
09:30,97,com.rovio.baba,"Angry Birds 2"
09:30,98,com.playstudios.popslots,"POP! Slots™"
09:30,99,com.screenshake.dominodreams,"Domino Dreams™"
09:30,100,com.selfawaregames.acecasino,"Big Fish Casino - Slots Games"
09:30,101,com.im30.ROE.gp,"Rise of Castles: Ice and Fire"
09:30,102,com.bluepoch.m.en.reverse1999,"Reverse: 1999 - 3rd Anniv."
09:30,103,com.rotatelab.cubeblast,"Cube Land Puzzle Game"
09:30,104,com.xman.na.gp,"X-Clash"
09:30,105,com.dts.freefiremax,"Free Fire MAX"
09:30,106,com.supercell.brawlstars,"Brawl Stars"
09:30,107,com.cygames.umamusume,"Umamusume: Pretty Derby"
09:30,108,com.GybeGames.ColorBlockJam,"Color Block Jam"
09:30,109,com.camelgames.aoz,"Age of Origins"
09:30,110,game.qualiarts.hololive.dreams.com,"hololive Dreams"
09:30,111,com.ddi,"DoubleDown Casino Vegas Slots"
09:30,112,com.hollywood.merge,"Hollywood Merge"
09:30,113,com.snowprintstudios.tacticus,"Warhammer 40,000: Tacticus ™"
09:30,114,com.vincentb.MobControl,"Mob Control"
09:30,115,com.everywear.game5,"Merge Mansion: Puzzles & Story"
09:30,116,com.YoStarEN.AzurLane,"Azur Lane"
09:30,117,com.ig.screwdom,"Screwdom 3D"
09:30,118,com.williamsinteractive.goldfish,"Gold Fish Casino Slot Games"
09:30,119,com.pixonic.wwr,"War Robots Multiplayer Battles"
09:30,120,com.slg.policewar,"Police Chief"
09:30,121,com.goodjobgames.matchvillains,"Match Villains"
09:30,122,com.blizzard.diablo.immortal,"Diablo Immortal"
09:30,123,com.scientificgames.monopolyslots,"MONOPOLY Slots - Casino Games"
09:30,124,com.productmadness.fafafagold,"Mighty Fu Casino Slots Games"
09:30,125,com.sports.real.golf.rival.online,"Golf Rival - Multiplayer Game"
09:30,126,com.huuuge.casino.slots,"Huuuge Casino 777 Slots Games"
09:30,127,com.master.triple3d.find,"Triple Match 3D"
09:30,128,com.doubleugames.DoubleUCasino,"DoubleU Casino™ - Vegas Slots"
09:30,129,com.yottagames.gameofmafia,"The Grand Mafia"
09:30,130,com.a3.topgirl.gplay,"Top Girl"
09:30,131,com.topultragame.slotlasvega,"Cash Tornado™ Slots - Casino"
09:30,132,jp.co.goodroid.hyper.busflow,"Bus Traffic Fever!"
09:30,133,com.mattel163.phase10,"Phase 10: Casual Card Game"
09:30,134,com.goodville.goodgame,"Goodville: Farm Game Adventure"
09:30,135,com.HoYoverse.hkrpgoversea,"Honkai: Star Rail"
09:30,136,com.king.farmheroessaga,"Farm Heroes Saga"
09:30,137,com.epicoro.castleclashers,"Castle Busters"
09:30,138,com.innplaylabs.animalkingdomraid,"Animals & Coins Adventure Game"
09:30,139,com.justgame.jails,"Lands of Jail"
09:30,140,com.iskslowtest.mislen,"Isekai:Slow Life"
09:30,141,com.chess,"Chess - Play and Learn Online"
09:30,142,com.nexters.herowars,"Hero Wars: Alliance RPG Legend"
09:30,143,com.rc.cityCleaner,"Triple Match City"
09:30,144,com.funplus.ts.global,"Tiles Survive!"
09:30,145,com.mrtgd2us.google,"Duck Survival"
09:30,146,com.ballytechnologies.f88,"88 Fortunes™ Casino Slot Games"
09:30,147,com.com2us.smon.normal.freefull.google.kr.android.common,"Summoners War X Frieren"
09:30,148,com.crowdstar.covetHome,"Design Home™: House Makeover"
09:30,149,com.nytimes.crossword,"NYT Games: Wordle & Crossword"
09:30,150,com.igg.android.lordsmobile,"Lords Mobile x Transformers"
09:30,151,com.camelgames.superking,"War and Order"
09:30,152,com.checkbox.minershminer,"Idle Obelisk Miner"
09:30,153,com.games.foundation,"Foundation: Galactic Frontier"
09:30,154,com.scopely.startrek,"Star Trek Fleet Command"
09:30,155,com.zynga.wizardofoz,"Wizard of Oz Slots Games"
09:30,156,com.HoYoverse.Nap,"Zenless Zone Zero - Anniv."
09:30,157,com.bagelcode.slots1,"Club Vegas Casino Slots Games"
09:30,158,com.hariwn.legendofcivilizations,"Forge Master"
09:30,159,com.kingsgroup.sos,"State of Survival: Zombie War"
09:30,160,com.mobile.legends.usa,"Mobile Legends: Bang Bang.US"
09:30,161,com.bigfishgames.jackpotcityslotsf2pgoogle,"Jackpot Magic - Casino Slots"
09:30,162,com.abi.colony.flow,"Colony Flow!"
09:30,163,com.miniclip.eightballpool,"8 Ball Pool"
09:30,164,com.pockethaven.roguelegend,"Rogue Legend - Roguelike RPG"
09:30,165,com.ubisoft.invincible.guardians.globe.idle.superhero.rpg.battle.afk,"Invincible: Guarding the Globe"
09:30,166,com.igg.android.doomsdaylastsurvivors,"Doomsday: Odysseus Returns"
09:30,167,com.vm3.global,"Truck Star"
09:30,168,com.sivona.stormshot.e,"Stormshot: Isle of Adventure"
09:30,169,com.orcas.panthia.island.fairyscapes,"Panthia®: Magic & Merge Game"
09:30,170,com.topwar.gp,"Top War: Battle Game"
09:30,171,com.cyphergames.royalsmash,"Royal Smash! - Physics Puzzle"
09:30,172,com.Chillgaming.oneState,"OneState RP - Role Play Life"
09:30,173,adventure.party.real.life,"Sunday City: Life RolePlay"
09:30,174,com.merge.game.foodstars,"Foodstars: Merge & Cook"
09:30,175,com.wanda.jojo.gp.global,"JoJo's Bizarre Adventure: GS"
09:30,176,com.playtika.caesarscasino,"Caesars Slots: Casino Games"
09:30,177,com.nintendo.zaba,"Fire Emblem Heroes"
09:30,178,com.kabam.marvelbattle,"Marvel Contest of Champions"
09:30,179,com.MelsoftGames.FamilyIslandFarm,"Family Island™ — Farming game"
09:30,180,com.vizorapps.klondike,"Klondike Adventures: Farm Game"
09:30,181,com.diandian.gog,"Guns of Glory: Lost Island"
09:30,182,com.Garawell.LoopSort,"Loop Sort"
09:30,183,com.zynga.hititrich,"Hit it Rich! Casino Slots Game"
09:30,184,com.funplus.kingofavalon,"Frost & Flame: King of Avalon"
09:30,185,com.fiveminlab.overgeared.hero.backpack.merge,"Overgeared Hero: Merge RPG"
09:30,186,jp.co.ponos.battlecatsen,"The Battle Cats"
09:30,187,com.duykanbakay.carconveyortransfer,"Car Sort: Color Puzzle"
09:30,188,com.vigafun.funfinity.foodhunt,"Food Hunt: Pixel Puzzle"
09:30,189,com.greenmushroom.boomblitz.gp,"Top Heroes: Kingdom Saga"
09:30,190,com.spark.sp.gp,"Narco Empire"
09:30,191,com.monopoly.dream.idle.king,"Top Tycoon: Coin Theme Empire"
09:30,192,com.xq.archeroii,"Archero 2"
09:30,193,air.com.bitrhymes.bingo,"Bingo Bash: Live Bingo Games"
09:30,194,com.mytona.seekersnotes.android,"Seekers Notes: Hidden Objects"
09:30,195,com.zynga.gotslots,"Game of Thrones Slots Casino"
09:30,196,com.devsisters.cc,"CookieRun: Crumble - Idle RPG"
09:30,197,net.peakgames.mobile.spades.android,"Spades Plus - Card Game"
09:30,198,com.crazylabs.fashion.squad,"Glow Fashion Idol"
09:30,199,com.kurogame.wutheringwaves.global,"Wuthering Waves - To Xuanfang"
09:30,200,com.tile.match.blockpuzzle,"Tile Family®:Match Puzzle Game"
