time,rank,id,title
00:30,1,6752672568,"Block Out! - Color Sort Puzzle"
00:30,2,6748084174,"Smash Fest!"
00:30,3,6761760135,"Meowdoku!"
00:30,4,6499209744,"Magic Sort!"
00:30,5,431946152,"Roblox"
00:30,6,6759763476,"Bus Traffic Fever!"
00:30,7,6780195090,"82-0.com"
00:30,8,6468921495,"Vita Mahjong"
00:30,9,6757908157,"JoJo's Bizarre Adventure: GS"
00:30,10,1617391485,"Block Blast！"
00:30,11,6443575749,"Whiteout Survival"
00:30,12,6483539426,"Fortnite"
00:30,13,6759081967,"Jewel Coloring"
00:30,14,638689075,"Township"
00:30,15,6760325543,"CubeAway - 3DPuzzle"
00:30,16,1608987929,"Triumph Arcade"
00:30,17,6748950306,"Solitaire Associations Journey"
00:30,18,6471045672,"Tasty Travels: Merge Game"
00:30,19,6739554056,"Kingshot"
00:30,20,6751056652,"Pixel Flow!"
00:30,21,512939461,"Subway Surfers"
00:30,22,1606549505,"Royal Kingdom"
00:30,23,1621328561,"MONOPOLY GO!"
00:30,24,6747492600,"Mahjong Blast"
00:30,25,6748397500,"Arrows – Puzzle Escape"
00:30,26,1482155847,"Royal Match"
00:30,27,6780891673,"Royal Smash! - Physics Puzzle"
00:30,28,1623318294,"Gossip Harbor®: Merge & Story"
00:30,29,6791525847,"Slow Mo Strike: Knives in Time"
00:30,30,6758326278,"Amaze GO!"
00:30,31,6756058501,"Jelly Busters: Puzzle Game"
00:30,32,6746328263,"Castle Busters"
00:30,33,1351168404,"Among Us!"
00:30,34,1443446174,"Magic Tiles 3™: Piano Game"
00:30,35,6755183085,"Yarn Loop: Knit Puzzle"
00:30,36,1287282214,"Call of Duty®: Mobile"
00:30,37,6756482832,"Brain Puzzle 3: Crazy Mind"
00:30,38,553834731,"Candy Crush Saga"
00:30,39,6760377931,"Mahjong Rumble: Win Real Cash"
00:30,40,6473058122,"Charades Guess Game · Guessly"
00:30,41,543186831,"8 Ball Pool™"
00:30,42,6745120053,"Imposter Game - Party Edition"
00:30,43,6746437378,"Tang Luck: Casino Slots"
00:30,44,1094591345,"Pokémon GO"
00:30,45,6744975195,"Sled Surfers"
00:30,46,6498883328,"Tile Explorer: Tiles Clear!"
00:30,47,1446254576,"Solitaire Cash: Win Real Money"
00:30,48,406889139,"Coin Master"
00:30,49,6762178742,"Grand Fortune Club"
00:30,50,6756185760,"Search It - Hidden Objects"
00:30,51,6738109752,"Tiles Survive!"
00:30,52,6449094229,"Match Factory!"
00:30,53,880047117,"Angry Birds 2"
00:30,54,1176027022,"Toon Blast"
00:30,55,6756288168,"Cookingo: Perfect Meal"
00:30,56,1423046460,"Paper.io 2"
00:30,57,6779167923,"Colony Flow!"
00:30,58,6482849843,"Goods Puzzle: Sort Challenge"
00:30,59,6751537447,"Snake Puzzle: Slither to Eat!"
00:30,60,1522266397,"Bingo Cash - Win Real Money"
00:30,61,1193508329,"Sudoku.com - Number Games"
00:30,62,6448104157,"Offline Games - No Wifi Games"
00:30,63,329218549,"Chess.com - Play and Learn"
00:30,64,1562817072,"Mob Control"
00:30,65,6753862216,"Foodstars: Merge & Cook"
00:30,66,1389111413,"Hole.io"
00:30,67,6744304405,"Cider Casino - Real Money"
00:30,68,6503697761,"Playtest Pro by BestPlay"
00:30,69,6768564100,"Bruno Reels Casino"
00:30,70,1094930513,"EA SPORTS FC Soccer Mobile 26"
00:30,71,1660171117,"Zen Word® - Relax Puzzle Game"
00:30,72,6446197181,"Glow Fashion Idol"
00:30,73,1117270703,"eFootball™"
00:30,74,6742410648,"WhoLiked? - Guess Who Reposted"
00:30,75,6751794501,"Cash Avalanche:Casino Slot"
00:30,76,6769314786,"Food Hunt: Pixel Puzzle"
00:30,77,6757154335,"Cube Land Puzzle Game"
00:30,78,1602508478,"Word Search Explorer®"
00:30,79,1053012308,"Clash Royale"
00:30,80,6755455500,"Hollywood Merge"
00:30,81,6761381402,"Acebet Social Casino & Slots"
00:30,82,6744812012,"X-Clash: Survival Challenge"
00:30,83,6784602967,"Stack Smash - 3D Puzzle Game"
00:30,84,1545567989,"Number Match - Numbers Game"
00:30,85,1229016807,"Brawl Stars"
00:30,86,6757350661,"Police Chief"
00:30,87,6761614488,"Apex Hunter: Animal Shooting"
00:30,88,1529067679,"Warpath: Ace Shooter"
00:30,89,6755495631,"Packz"
00:30,90,6450413462,"CrownCoins Casino"
00:30,91,6742809194,"Warline: Sniper Strike"
00:30,92,1521236603,"Travel Town - Merge Adventure"
00:30,93,6782096197,"Knock Out : Physics Puzzle"
00:30,94,6761603258,"Loop Master: Color Jam Sort"
00:30,95,930574573,"Sniper 3D: Gun Shooting Games"
00:30,96,6762268182,"Z Route: Redemption"
00:30,97,1207472156,"Wordscapes - Word Game"
00:30,98,6759412341,"EA College Football Mobile 27"
00:30,99,6741567125,"Clash of Critters"
00:30,100,1465731199,"2 Player Games : Offline Games"
00:30,101,1407852246,"Happy Color® – Coloring Games"
00:30,102,1330123889,"PUBG MOBILE"
00:30,103,1597760047,"OneState RP: Role Play Online"
00:30,104,6479528256,"MONOPOLY: Bingo!"
00:30,105,6739069151,"Crossword Go!"
00:30,106,1519174001,"Art Puzzle - Jigsaw Games"
00:30,107,698255242,"Geometry Dash Lite"
00:30,108,307569751,"NYT Games: Wordle & Crossword"
00:30,109,6758138698,"Car Sort: Color Puzzle"
00:30,110,6479970832,"Pokémon TCG Pocket"
00:30,111,6751101794,"Loop Sort"
00:30,112,6566176181,"Gleaming Slots - Win Real Cash"
00:30,113,6738114176,"Stake US - Casino & Slots"
00:30,114,1664415775,"Royal Cooking"
00:30,115,6740618570,"XP Hero"
00:30,116,6756989323,"Last Asylum: Plague"
00:30,117,1453837845,"Charades - Family & Party Game"
00:30,118,1642607669,"Game of Thrones: Dragonfire"
00:30,119,6754558455,"Marble Sort!"
00:30,120,1274132545,"Total Battle: War Strategy"
00:30,121,6754009969,"Jackpot Nights"
00:30,122,6745761596,"Coin Master - Board Adventure"
00:30,123,1366478176,"Meta Horizon"
00:30,124,6446482475,"Solitaire Smash: Real Cash!"
00:30,125,6475757306,"Disney Solitaire"
00:30,126,6743385713,"Wool Crush™-Escape Traffic Jam"
00:30,127,6450917563,"Pizza Ready!"
00:30,128,1300146617,"Free Fire: 9th Anniversary"
00:30,129,6779310326,"Coin Collector!"
00:30,130,893677096,"Plants vs. Zombies™"
00:30,131,6758984040,"Frost Valley™: Merge & Story"
00:30,132,1486214495,"Brain Test: Tricky Puzzles"
00:30,133,529479190,"Clash of Clans"
00:30,134,6477413486,"Level Devil - NOT A Troll Game"
00:30,135,6446891485,"Mix Blox"
00:30,136,6741503079,"Pokémon Champions"
00:30,137,6767091927,"Jigsaw Drop: Solitaire Puzzle"
00:30,138,6474133872,"Find Hidden Objects - Spot It!"
00:30,139,1595314851,"Lamar - Idle Vlogger"
00:30,140,1344700142,"UNO!™"
00:30,141,6743368869,"Draft Showdown"
00:30,142,6745272388,"Block Buster - No Timer"
00:30,143,6762267809,"Arrow Pro 3D"
00:30,144,1475514684,"Bubble Cash"
00:30,145,1492722342,"Animals & Coins Adventure Game"
00:30,146,6670441558,"Dark War:Survival"
00:30,147,1537890432,"Flamingo Cards: Couple Games"
00:30,148,6761469046,"Rap Star:Idle Clicker"
00:30,149,6608975929,"Woodoku Blast: Block Puzzle"
00:30,150,6754900673,"Jigsawcard Solitaire Puzzle"
00:30,151,6503272652,"Last Z: Survival Shooter"
00:30,152,1635760774,"My Perfect Hotel"
00:30,153,981633844,"Block Craft 3D: Building Games"
00:30,154,1512834505,"Wavelength"
00:30,155,6740043080,"Screwdom"
00:30,156,6754098532,"RUSH: Xtreme"
00:30,157,1610874732,"Melon: Sandbox"
00:30,158,1484468651,"Dice Dreams™"
00:30,159,6738905436,"Lavish Luck Casino"
00:30,160,6478063606,"Color Block: Combo Blast"
00:30,161,359917414,"Solitaire"
00:30,162,6615086509,"NYT Crossplay: Word Games"
00:30,163,6741076536,"Modo Casino Slots & Games"
00:30,164,420009108,"Temple Run"
00:30,165,6751270213,"Hidden Object Games: Seek It"
00:30,166,1462060332,"DraftKings Casino - Real Money"
00:30,167,6450834358,"Sunday City: Life Simulator"
00:30,168,1420294918,"Wordscapes Search - Word Game"
00:30,169,6751270546,"Sword x Staff"
00:30,170,6745003362,"Word Oasis: Calm Puzzle Game"
00:30,171,6761893238,"Top Force: Commander"
00:30,172,6760530627,"Mahjong Clash: Win Real Cash"
00:30,173,6499306806,"Goods Puzzle: 3D Sorting Games"
00:30,174,1553777064,"Exposed - Who's Most Likely To"
00:30,175,1643509748,"Merge Cooking®"
00:30,176,1118431695,"Bowmasters - Multiplayer Games"
00:30,177,6755216191,"Color Maze - Puzzle Game"
00:30,178,6504421808,"Car Match - Traffic Puzzle"
00:30,179,1424246763,"Headbands: Charades Party Game"
00:30,180,6747028173,"Hole Stars: Puzzle Game"
00:30,181,6739792763,"Jackpot Go: Slots Casino"
00:30,182,6764201639,"Idle Cat Gunner: Shooter RPG"
00:30,183,6471572249,"Fruit Merge™: Match Game"
00:30,184,6733244789,"Little Farm Story: Idle Tycoon"
00:30,185,1550945606,"Soccer Superstar"
00:30,186,1104692136,"Snake.io - Fun Online Snake"
00:30,187,6754432051,"Mahjong Cash"
00:30,188,6752886832,"Hotel Legacy: Merge Game"
00:30,189,1638139403,"Block Crush！"
00:30,190,6760998152,"Family Farm Merge"
00:30,191,6740699102,"Hole It 3D"
00:30,192,6449243946,"Snake Clash!"
00:30,193,6504122823,"Epic Plane Evolution"
00:30,194,1105855019,"Gardenscapes"
00:30,195,1645281275,"Idle Bank Tycoon: Money Game"
00:30,196,6757671759,"Water Sort Puzzle - Order Up"
00:30,197,887947640,"CSR 2 - Realistic Drag Racing"
00:30,198,6754878717,"The Cozy Florist"
00:30,199,6751319735,"Bingo Rock"
00:30,200,1463509237,"Phase 10: Casual Card Game"
01:00,1,6752672568,"Block Out! - Color Sort Puzzle"
01:00,2,6748084174,"Smash Fest!"
01:00,3,6761760135,"Meowdoku!"
01:00,4,6499209744,"Magic Sort!"
01:00,5,431946152,"Roblox"
01:00,6,6759763476,"Bus Traffic Fever!"
01:00,7,6780195090,"82-0.com"
01:00,8,6468921495,"Vita Mahjong"
01:00,9,6757908157,"JoJo's Bizarre Adventure: GS"
01:00,10,1617391485,"Block Blast！"
01:00,11,6443575749,"Whiteout Survival"
01:00,12,6483539426,"Fortnite"
01:00,13,638689075,"Township"
01:00,14,6759081967,"Jewel Coloring"
01:00,15,6760325543,"CubeAway - 3DPuzzle"
01:00,16,1608987929,"Triumph Arcade"
01:00,17,6748950306,"Solitaire Associations Journey"
01:00,18,6471045672,"Tasty Travels: Merge Game"
01:00,19,6739554056,"Kingshot"
01:00,20,512939461,"Subway Surfers"
01:00,21,6751056652,"Pixel Flow!"
01:00,22,1606549505,"Royal Kingdom"
01:00,23,1621328561,"MONOPOLY GO!"
01:00,24,6747492600,"Mahjong Blast"
01:00,25,1482155847,"Royal Match"
01:00,26,6748397500,"Arrows – Puzzle Escape"
01:00,27,6791525847,"Slow Mo Strike: Knives in Time"
01:00,28,1623318294,"Gossip Harbor®: Merge & Story"
01:00,29,6746328263,"Castle Busters"
01:00,30,6780891673,"Royal Smash! - Physics Puzzle"
01:00,31,6758326278,"Amaze GO!"
01:00,32,6760377931,"Mahjong Rumble: Win Real Cash"
01:00,33,6756058501,"Jelly Busters: Puzzle Game"
01:00,34,6755183085,"Yarn Loop: Knit Puzzle"
01:00,35,1443446174,"Magic Tiles 3™: Piano Game"
01:00,36,1351168404,"Among Us!"
01:00,37,1287282214,"Call of Duty®: Mobile"
01:00,38,553834731,"Candy Crush Saga"
01:00,39,6756482832,"Brain Puzzle 3: Crazy Mind"
01:00,40,543186831,"8 Ball Pool™"
01:00,41,6473058122,"Charades Guess Game · Guessly"
01:00,42,1094591345,"Pokémon GO"
01:00,43,6744975195,"Sled Surfers"
01:00,44,6746437378,"Tang Luck: Casino Slots"
01:00,45,1446254576,"Solitaire Cash: Win Real Money"
01:00,46,6498883328,"Tile Explorer: Tiles Clear!"
01:00,47,6745120053,"Imposter Game - Party Edition"
01:00,48,6762178742,"Grand Fortune Club"
01:00,49,6738109752,"Tiles Survive!"
01:00,50,406889139,"Coin Master"
01:00,51,6449094229,"Match Factory!"
01:00,52,6756185760,"Search It - Hidden Objects"
01:00,53,1423046460,"Paper.io 2"
01:00,54,880047117,"Angry Birds 2"
01:00,55,1176027022,"Toon Blast"
01:00,56,6756288168,"Cookingo: Perfect Meal"
01:00,57,1562817072,"Mob Control"
01:00,58,6779167923,"Colony Flow!"
01:00,59,6751537447,"Snake Puzzle: Slither to Eat!"
01:00,60,6448104157,"Offline Games - No Wifi Games"
01:00,61,1522266397,"Bingo Cash - Win Real Money"
01:00,62,1389111413,"Hole.io"
01:00,63,6503697761,"Playtest Pro by BestPlay"
01:00,64,6482849843,"Goods Puzzle: Sort Challenge"
01:00,65,6744304405,"Cider Casino - Real Money"
01:00,66,329218549,"Chess.com - Play and Learn"
01:00,67,1193508329,"Sudoku.com - Number Games"
01:00,68,1094930513,"EA SPORTS FC Soccer Mobile 26"
01:00,69,6753862216,"Foodstars: Merge & Cook"
01:00,70,6768564100,"Bruno Reels Casino"
01:00,71,1660171117,"Zen Word® - Relax Puzzle Game"
01:00,72,1117270703,"eFootball™"
01:00,73,6755455500,"Hollywood Merge"
01:00,74,6751794501,"Cash Avalanche:Casino Slot"
01:00,75,6769314786,"Food Hunt: Pixel Puzzle"
01:00,76,6446197181,"Glow Fashion Idol"
01:00,77,6744812012,"X-Clash: Survival Challenge"
01:00,78,6757350661,"Police Chief"
01:00,79,1053012308,"Clash Royale"
01:00,80,6757154335,"Cube Land Puzzle Game"
01:00,81,6784602967,"Stack Smash - 3D Puzzle Game"
01:00,82,6761381402,"Acebet Social Casino & Slots"
01:00,83,1529067679,"Warpath: Ace Shooter"
01:00,84,1229016807,"Brawl Stars"
01:00,85,6742809194,"Warline: Sniper Strike"
01:00,86,6761614488,"Apex Hunter: Animal Shooting"
01:00,87,1602508478,"Word Search Explorer®"
01:00,88,6755495631,"Packz"
01:00,89,1545567989,"Number Match - Numbers Game"
01:00,90,6759412341,"EA College Football Mobile 27"
01:00,91,6742410648,"WhoLiked? - Guess Who Reposted"
01:00,92,6782096197,"Knock Out : Physics Puzzle"
01:00,93,6762268182,"Z Route: Redemption"
01:00,94,1521236603,"Travel Town - Merge Adventure"
01:00,95,6450413462,"CrownCoins Casino"
01:00,96,6741567125,"Clash of Critters"
01:00,97,6761603258,"Loop Master: Color Jam Sort"
01:00,98,1330123889,"PUBG MOBILE"
01:00,99,930574573,"Sniper 3D: Gun Shooting Games"
01:00,100,6756989323,"Last Asylum: Plague"
01:00,101,1465731199,"2 Player Games : Offline Games"
01:00,102,1597760047,"OneState RP: Role Play Online"
01:00,103,6761469046,"Rap Star:Idle Clicker"
01:00,104,6758138698,"Car Sort: Color Puzzle"
01:00,105,307569751,"NYT Games: Wordle & Crossword"
01:00,106,6446482475,"Solitaire Smash: Real Cash!"
01:00,107,6479528256,"MONOPOLY: Bingo!"
01:00,108,698255242,"Geometry Dash Lite"
01:00,109,1207472156,"Wordscapes - Word Game"
01:00,110,6739069151,"Crossword Go!"
01:00,111,6740618570,"XP Hero"
01:00,112,6751101794,"Loop Sort"
01:00,113,1407852246,"Happy Color® – Coloring Games"
01:00,114,6479970832,"Pokémon TCG Pocket"
01:00,115,1519174001,"Art Puzzle - Jigsaw Games"
01:00,116,6754009969,"Jackpot Nights"
01:00,117,1664415775,"Royal Cooking"
01:00,118,1274132545,"Total Battle: War Strategy"
01:00,119,6754558455,"Marble Sort!"
01:00,120,6566176181,"Gleaming Slots - Win Real Cash"
01:00,121,6738114176,"Stake US - Casino & Slots"
01:00,122,6450917563,"Pizza Ready!"
01:00,123,1642607669,"Game of Thrones: Dragonfire"
01:00,124,1492722342,"Animals & Coins Adventure Game"
01:00,125,6745761596,"Coin Master - Board Adventure"
01:00,126,6475757306,"Disney Solitaire"
01:00,127,6743385713,"Wool Crush™-Escape Traffic Jam"
01:00,128,1366478176,"Meta Horizon"
01:00,129,1300146617,"Free Fire: 9th Anniversary"
01:00,130,529479190,"Clash of Clans"
01:00,131,893677096,"Plants vs. Zombies™"
01:00,132,6741503079,"Pokémon Champions"
01:00,133,1486214495,"Brain Test: Tricky Puzzles"
01:00,134,6477413486,"Level Devil - NOT A Troll Game"
01:00,135,1453837845,"Charades - Family & Party Game"
01:00,136,6758984040,"Frost Valley™: Merge & Story"
01:00,137,6767091927,"Jigsaw Drop: Solitaire Puzzle"
01:00,138,6670441558,"Dark War:Survival"
01:00,139,6762267809,"Arrow Pro 3D"
01:00,140,6779310326,"Coin Collector!"
01:00,141,1595314851,"Lamar - Idle Vlogger"
01:00,142,1475514684,"Bubble Cash"
01:00,143,6745272388,"Block Buster - No Timer"
01:00,144,6743368869,"Draft Showdown"
01:00,145,6474133872,"Find Hidden Objects - Spot It!"
01:00,146,1635760774,"My Perfect Hotel"
01:00,147,981633844,"Block Craft 3D: Building Games"
01:00,148,1344700142,"UNO!™"
01:00,149,6608975929,"Woodoku Blast: Block Puzzle"
01:00,150,6503272652,"Last Z: Survival Shooter"
01:00,151,6754900673,"Jigsawcard Solitaire Puzzle"
01:00,152,6615086509,"NYT Crossplay: Word Games"
01:00,153,6446891485,"Mix Blox"
01:00,154,1610874732,"Melon: Sandbox"
01:00,155,6740043080,"Screwdom"
01:00,156,1484468651,"Dice Dreams™"
01:00,157,6754098532,"RUSH: Xtreme"
01:00,158,6478063606,"Color Block: Combo Blast"
01:00,159,420009108,"Temple Run"
01:00,160,6450834358,"Sunday City: Life Simulator"
01:00,161,6751270546,"Sword x Staff"
01:00,162,6504421808,"Car Match - Traffic Puzzle"
01:00,163,6738905436,"Lavish Luck Casino"
01:00,164,359917414,"Solitaire"
01:00,165,6760530627,"Mahjong Clash: Win Real Cash"
01:00,166,6741076536,"Modo Casino Slots & Games"
01:00,167,1537890432,"Flamingo Cards: Couple Games"
01:00,168,1512834505,"Wavelength"
01:00,169,6761893238,"Top Force: Commander"
01:00,170,6499306806,"Goods Puzzle: 3D Sorting Games"
01:00,171,6751270213,"Hidden Object Games: Seek It"
01:00,172,1118431695,"Bowmasters - Multiplayer Games"
01:00,173,1462060332,"DraftKings Casino - Real Money"
01:00,174,6745003362,"Word Oasis: Calm Puzzle Game"
01:00,175,6747028173,"Hole Stars: Puzzle Game"
01:00,176,6755216191,"Color Maze - Puzzle Game"
01:00,177,6449243946,"Snake Clash!"
01:00,178,1643509748,"Merge Cooking®"
01:00,179,6760998152,"Family Farm Merge"
01:00,180,6764201639,"Idle Cat Gunner: Shooter RPG"
01:00,181,6733244789,"Little Farm Story: Idle Tycoon"
01:00,182,6739792763,"Jackpot Go: Slots Casino"
01:00,183,1420294918,"Wordscapes Search - Word Game"
01:00,184,1550945606,"Soccer Superstar"
01:00,185,1104692136,"Snake.io - Fun Online Snake"
01:00,186,6754878717,"The Cozy Florist"
01:00,187,6759788962,"Lordrush"
01:00,188,1105855019,"Gardenscapes"
01:00,189,6752886832,"Hotel Legacy: Merge Game"
01:00,190,6471572249,"Fruit Merge™: Match Game"
01:00,191,6754432051,"Mahjong Cash"
01:00,192,6504122823,"Epic Plane Evolution"
01:00,193,6781525746,"Zoodoku！"
01:00,194,887947640,"CSR 2 - Realistic Drag Racing"
01:00,195,1638139403,"Block Crush！"
01:00,196,1424246763,"Headbands: Charades Party Game"
01:00,197,1645281275,"Idle Bank Tycoon: Money Game"
01:00,198,1553777064,"Exposed - Who's Most Likely To"
01:00,199,1552206075,"Doomsday: Odysseus Returns"
01:00,200,6740699102,"Hole It 3D"
01:30,1,6752672568,"Block Out! - Color Sort Puzzle"
01:30,2,6748084174,"Smash Fest!"
01:30,3,6761760135,"Meowdoku!"
01:30,4,6499209744,"Magic Sort!"
01:30,5,431946152,"Roblox"
01:30,6,6759763476,"Bus Traffic Fever!"
01:30,7,6780195090,"82-0.com"
01:30,8,6468921495,"Vita Mahjong"
01:30,9,6757908157,"JoJo's Bizarre Adventure: GS"
01:30,10,1617391485,"Block Blast！"
01:30,11,6443575749,"Whiteout Survival"
01:30,12,6483539426,"Fortnite"
01:30,13,638689075,"Township"
01:30,14,6759081967,"Jewel Coloring"
01:30,15,6760325543,"CubeAway - 3DPuzzle"
01:30,16,1608987929,"Triumph Arcade"
01:30,17,6748950306,"Solitaire Associations Journey"
01:30,18,6471045672,"Tasty Travels: Merge Game"
01:30,19,6739554056,"Kingshot"
01:30,20,512939461,"Subway Surfers"
01:30,21,6751056652,"Pixel Flow!"
01:30,22,1606549505,"Royal Kingdom"
01:30,23,1621328561,"MONOPOLY GO!"
01:30,24,6747492600,"Mahjong Blast"
01:30,25,1482155847,"Royal Match"
01:30,26,6748397500,"Arrows – Puzzle Escape"
01:30,27,6791525847,"Slow Mo Strike: Knives in Time"
01:30,28,1623318294,"Gossip Harbor®: Merge & Story"
01:30,29,6746328263,"Castle Busters"
01:30,30,6780891673,"Royal Smash! - Physics Puzzle"
01:30,31,6758326278,"Amaze GO!"
01:30,32,6760377931,"Mahjong Rumble: Win Real Cash"
01:30,33,6756058501,"Jelly Busters: Puzzle Game"
01:30,34,6755183085,"Yarn Loop: Knit Puzzle"
01:30,35,1443446174,"Magic Tiles 3™: Piano Game"
01:30,36,1351168404,"Among Us!"
01:30,37,1287282214,"Call of Duty®: Mobile"
01:30,38,553834731,"Candy Crush Saga"
01:30,39,6756482832,"Brain Puzzle 3: Crazy Mind"
01:30,40,543186831,"8 Ball Pool™"
01:30,41,6473058122,"Charades Guess Game · Guessly"
01:30,42,1094591345,"Pokémon GO"
01:30,43,6744975195,"Sled Surfers"
01:30,44,6746437378,"Tang Luck: Casino Slots"
01:30,45,1446254576,"Solitaire Cash: Win Real Money"
01:30,46,6498883328,"Tile Explorer: Tiles Clear!"
01:30,47,6745120053,"Imposter Game - Party Edition"
01:30,48,6762178742,"Grand Fortune Club"
01:30,49,6738109752,"Tiles Survive!"
01:30,50,406889139,"Coin Master"
01:30,51,6449094229,"Match Factory!"
01:30,52,6756185760,"Search It - Hidden Objects"
01:30,53,1423046460,"Paper.io 2"
01:30,54,880047117,"Angry Birds 2"
01:30,55,1176027022,"Toon Blast"
01:30,56,6756288168,"Cookingo: Perfect Meal"
01:30,57,1562817072,"Mob Control"
01:30,58,6779167923,"Colony Flow!"
01:30,59,6751537447,"Snake Puzzle: Slither to Eat!"
01:30,60,6448104157,"Offline Games - No Wifi Games"
01:30,61,1522266397,"Bingo Cash - Win Real Money"
01:30,62,1389111413,"Hole.io"
01:30,63,6503697761,"Playtest Pro by BestPlay"
01:30,64,6482849843,"Goods Puzzle: Sort Challenge"
01:30,65,6744304405,"Cider Casino - Real Money"
01:30,66,329218549,"Chess.com - Play and Learn"
01:30,67,1193508329,"Sudoku.com - Number Games"
01:30,68,1094930513,"EA SPORTS FC Soccer Mobile 26"
01:30,69,6753862216,"Foodstars: Merge & Cook"
01:30,70,6768564100,"Bruno Reels Casino"
01:30,71,1660171117,"Zen Word® - Relax Puzzle Game"
01:30,72,1117270703,"eFootball™"
01:30,73,6755455500,"Hollywood Merge"
01:30,74,6751794501,"Cash Avalanche:Casino Slot"
01:30,75,6769314786,"Food Hunt: Pixel Puzzle"
01:30,76,6446197181,"Glow Fashion Idol"
01:30,77,6744812012,"X-Clash: Survival Challenge"
01:30,78,6757350661,"Police Chief"
01:30,79,1053012308,"Clash Royale"
01:30,80,6757154335,"Cube Land Puzzle Game"
01:30,81,6784602967,"Stack Smash - 3D Puzzle Game"
01:30,82,6761381402,"Acebet Social Casino & Slots"
01:30,83,1529067679,"Warpath: Ace Shooter"
01:30,84,1229016807,"Brawl Stars"
01:30,85,6742809194,"Warline: Sniper Strike"
01:30,86,6761614488,"Apex Hunter: Animal Shooting"
01:30,87,1602508478,"Word Search Explorer®"
01:30,88,6755495631,"Packz"
01:30,89,1545567989,"Number Match - Numbers Game"
01:30,90,6759412341,"EA College Football Mobile 27"
01:30,91,6742410648,"WhoLiked? - Guess Who Reposted"
01:30,92,6782096197,"Knock Out : Physics Puzzle"
01:30,93,6762268182,"Z Route: Redemption"
01:30,94,1521236603,"Travel Town - Merge Adventure"
01:30,95,6450413462,"CrownCoins Casino"
01:30,96,6741567125,"Clash of Critters"
01:30,97,6761603258,"Loop Master: Color Jam Sort"
01:30,98,1330123889,"PUBG MOBILE"
01:30,99,930574573,"Sniper 3D: Gun Shooting Games"
01:30,100,6756989323,"Last Asylum: Plague"
01:30,101,1465731199,"2 Player Games : Offline Games"
01:30,102,1597760047,"OneState RP: Role Play Online"
01:30,103,6761469046,"Rap Star:Idle Clicker"
01:30,104,6758138698,"Car Sort: Color Puzzle"
01:30,105,307569751,"NYT Games: Wordle & Crossword"
01:30,106,6446482475,"Solitaire Smash: Real Cash!"
01:30,107,6479528256,"MONOPOLY: Bingo!"
01:30,108,698255242,"Geometry Dash Lite"
01:30,109,1207472156,"Wordscapes - Word Game"
01:30,110,6739069151,"Crossword Go!"
01:30,111,6740618570,"XP Hero"
01:30,112,6751101794,"Loop Sort"
01:30,113,1407852246,"Happy Color® – Coloring Games"
01:30,114,6479970832,"Pokémon TCG Pocket"
01:30,115,1519174001,"Art Puzzle - Jigsaw Games"
01:30,116,6754009969,"Jackpot Nights"
01:30,117,1664415775,"Royal Cooking"
01:30,118,1274132545,"Total Battle: War Strategy"
01:30,119,6754558455,"Marble Sort!"
01:30,120,6566176181,"Gleaming Slots - Win Real Cash"
01:30,121,6738114176,"Stake US - Casino & Slots"
01:30,122,6450917563,"Pizza Ready!"
01:30,123,1642607669,"Game of Thrones: Dragonfire"
01:30,124,1492722342,"Animals & Coins Adventure Game"
01:30,125,6745761596,"Coin Master - Board Adventure"
01:30,126,6475757306,"Disney Solitaire"
01:30,127,6743385713,"Wool Crush™-Escape Traffic Jam"
01:30,128,1366478176,"Meta Horizon"
01:30,129,1300146617,"Free Fire: 9th Anniversary"
01:30,130,529479190,"Clash of Clans"
01:30,131,893677096,"Plants vs. Zombies™"
01:30,132,6741503079,"Pokémon Champions"
01:30,133,1486214495,"Brain Test: Tricky Puzzles"
01:30,134,6477413486,"Level Devil - NOT A Troll Game"
01:30,135,1453837845,"Charades - Family & Party Game"
01:30,136,6758984040,"Frost Valley™: Merge & Story"
01:30,137,6767091927,"Jigsaw Drop: Solitaire Puzzle"
01:30,138,6670441558,"Dark War:Survival"
01:30,139,6762267809,"Arrow Pro 3D"
01:30,140,6779310326,"Coin Collector!"
01:30,141,1595314851,"Lamar - Idle Vlogger"
01:30,142,1475514684,"Bubble Cash"
01:30,143,6745272388,"Block Buster - No Timer"
01:30,144,6743368869,"Draft Showdown"
01:30,145,6474133872,"Find Hidden Objects - Spot It!"
01:30,146,1635760774,"My Perfect Hotel"
01:30,147,981633844,"Block Craft 3D: Building Games"
01:30,148,1344700142,"UNO!™"
01:30,149,6608975929,"Woodoku Blast: Block Puzzle"
01:30,150,6503272652,"Last Z: Survival Shooter"
01:30,151,6754900673,"Jigsawcard Solitaire Puzzle"
01:30,152,6615086509,"NYT Crossplay: Word Games"
01:30,153,6446891485,"Mix Blox"
01:30,154,1610874732,"Melon: Sandbox"
01:30,155,6740043080,"Screwdom"
01:30,156,1484468651,"Dice Dreams™"
01:30,157,6754098532,"RUSH: Xtreme"
01:30,158,6478063606,"Color Block: Combo Blast"
01:30,159,420009108,"Temple Run"
01:30,160,6450834358,"Sunday City: Life Simulator"
01:30,161,6751270546,"Sword x Staff"
01:30,162,6504421808,"Car Match - Traffic Puzzle"
01:30,163,6738905436,"Lavish Luck Casino"
01:30,164,359917414,"Solitaire"
01:30,165,6760530627,"Mahjong Clash: Win Real Cash"
01:30,166,6741076536,"Modo Casino Slots & Games"
01:30,167,1537890432,"Flamingo Cards: Couple Games"
01:30,168,1512834505,"Wavelength"
01:30,169,6761893238,"Top Force: Commander"
01:30,170,6499306806,"Goods Puzzle: 3D Sorting Games"
01:30,171,6751270213,"Hidden Object Games: Seek It"
01:30,172,1118431695,"Bowmasters - Multiplayer Games"
01:30,173,1462060332,"DraftKings Casino - Real Money"
01:30,174,6745003362,"Word Oasis: Calm Puzzle Game"
01:30,175,6747028173,"Hole Stars: Puzzle Game"
01:30,176,6755216191,"Color Maze - Puzzle Game"
01:30,177,6449243946,"Snake Clash!"
01:30,178,1643509748,"Merge Cooking®"
01:30,179,6760998152,"Family Farm Merge"
01:30,180,6764201639,"Idle Cat Gunner: Shooter RPG"
01:30,181,6733244789,"Little Farm Story: Idle Tycoon"
01:30,182,6739792763,"Jackpot Go: Slots Casino"
01:30,183,1420294918,"Wordscapes Search - Word Game"
01:30,184,1550945606,"Soccer Superstar"
01:30,185,1104692136,"Snake.io - Fun Online Snake"
01:30,186,6754878717,"The Cozy Florist"
01:30,187,6759788962,"Lordrush"
01:30,188,1105855019,"Gardenscapes"
01:30,189,6752886832,"Hotel Legacy: Merge Game"
01:30,190,6471572249,"Fruit Merge™: Match Game"
01:30,191,6754432051,"Mahjong Cash"
01:30,192,6504122823,"Epic Plane Evolution"
01:30,193,6781525746,"Zoodoku！"
01:30,194,887947640,"CSR 2 - Realistic Drag Racing"
01:30,195,1638139403,"Block Crush！"
01:30,196,1424246763,"Headbands: Charades Party Game"
01:30,197,1645281275,"Idle Bank Tycoon: Money Game"
01:30,198,1553777064,"Exposed - Who's Most Likely To"
01:30,199,1552206075,"Doomsday: Odysseus Returns"
01:30,200,6740699102,"Hole It 3D"
02:30,1,6752672568,"Block Out! - Color Sort Puzzle"
02:30,2,6748084174,"Smash Fest!"
02:30,3,6761760135,"Meowdoku!"
02:30,4,6499209744,"Magic Sort!"
02:30,5,431946152,"Roblox"
02:30,6,6759763476,"Bus Traffic Fever!"
02:30,7,6780195090,"82-0.com"
02:30,8,6468921495,"Vita Mahjong"
02:30,9,6757908157,"JoJo's Bizarre Adventure: GS"
02:30,10,1617391485,"Block Blast！"
02:30,11,6443575749,"Whiteout Survival"
02:30,12,6483539426,"Fortnite"
02:30,13,638689075,"Township"
02:30,14,6759081967,"Jewel Coloring"
02:30,15,6760325543,"CubeAway - 3DPuzzle"
02:30,16,1608987929,"Triumph Arcade"
02:30,17,6748950306,"Solitaire Associations Journey"
02:30,18,6471045672,"Tasty Travels: Merge Game"
02:30,19,6739554056,"Kingshot"
02:30,20,512939461,"Subway Surfers"
02:30,21,6751056652,"Pixel Flow!"
02:30,22,1606549505,"Royal Kingdom"
02:30,23,1621328561,"MONOPOLY GO!"
02:30,24,6747492600,"Mahjong Blast"
02:30,25,1482155847,"Royal Match"
02:30,26,6748397500,"Arrows – Puzzle Escape"
02:30,27,6791525847,"Slow Mo Strike: Knives in Time"
02:30,28,1623318294,"Gossip Harbor®: Merge & Story"
02:30,29,6746328263,"Castle Busters"
02:30,30,6780891673,"Royal Smash! - Physics Puzzle"
02:30,31,6758326278,"Amaze GO!"
02:30,32,6760377931,"Mahjong Rumble: Win Real Cash"
02:30,33,6756058501,"Jelly Busters: Puzzle Game"
02:30,34,6755183085,"Yarn Loop: Knit Puzzle"
02:30,35,1443446174,"Magic Tiles 3™: Piano Game"
02:30,36,1351168404,"Among Us!"
02:30,37,1287282214,"Call of Duty®: Mobile"
02:30,38,553834731,"Candy Crush Saga"
02:30,39,6756482832,"Brain Puzzle 3: Crazy Mind"
02:30,40,543186831,"8 Ball Pool™"
02:30,41,6473058122,"Charades Guess Game · Guessly"
02:30,42,1094591345,"Pokémon GO"
02:30,43,6744975195,"Sled Surfers"
02:30,44,6746437378,"Tang Luck: Casino Slots"
02:30,45,1446254576,"Solitaire Cash: Win Real Money"
02:30,46,6498883328,"Tile Explorer: Tiles Clear!"
02:30,47,6745120053,"Imposter Game - Party Edition"
02:30,48,6762178742,"Grand Fortune Club"
02:30,49,6738109752,"Tiles Survive!"
02:30,50,406889139,"Coin Master"
02:30,51,6449094229,"Match Factory!"
02:30,52,6756185760,"Search It - Hidden Objects"
02:30,53,1423046460,"Paper.io 2"
02:30,54,880047117,"Angry Birds 2"
02:30,55,1176027022,"Toon Blast"
02:30,56,6756288168,"Cookingo: Perfect Meal"
02:30,57,1562817072,"Mob Control"
02:30,58,6779167923,"Colony Flow!"
02:30,59,6751537447,"Snake Puzzle: Slither to Eat!"
02:30,60,6448104157,"Offline Games - No Wifi Games"
02:30,61,1522266397,"Bingo Cash - Win Real Money"
02:30,62,1389111413,"Hole.io"
02:30,63,6503697761,"Playtest Pro by BestPlay"
02:30,64,6482849843,"Goods Puzzle: Sort Challenge"
02:30,65,6744304405,"Cider Casino - Real Money"
02:30,66,329218549,"Chess.com - Play and Learn"
02:30,67,1193508329,"Sudoku.com - Number Games"
02:30,68,1094930513,"EA SPORTS FC Soccer Mobile 26"
02:30,69,6753862216,"Foodstars: Merge & Cook"
02:30,70,6768564100,"Bruno Reels Casino"
02:30,71,1660171117,"Zen Word® - Relax Puzzle Game"
02:30,72,1117270703,"eFootball™"
02:30,73,6755455500,"Hollywood Merge"
02:30,74,6751794501,"Cash Avalanche:Casino Slot"
02:30,75,6769314786,"Food Hunt: Pixel Puzzle"
02:30,76,6446197181,"Glow Fashion Idol"
02:30,77,6744812012,"X-Clash: Survival Challenge"
02:30,78,6757350661,"Police Chief"
02:30,79,1053012308,"Clash Royale"
02:30,80,6757154335,"Cube Land Puzzle Game"
02:30,81,6784602967,"Stack Smash - 3D Puzzle Game"
02:30,82,6761381402,"Acebet Social Casino & Slots"
02:30,83,1529067679,"Warpath: Ace Shooter"
02:30,84,1229016807,"Brawl Stars"
02:30,85,6742809194,"Warline: Sniper Strike"
02:30,86,6761614488,"Apex Hunter: Animal Shooting"
02:30,87,1602508478,"Word Search Explorer®"
02:30,88,6755495631,"Packz"
02:30,89,1545567989,"Number Match - Numbers Game"
02:30,90,6759412341,"EA College Football Mobile 27"
02:30,91,6742410648,"WhoLiked? - Guess Who Reposted"
02:30,92,6782096197,"Knock Out : Physics Puzzle"
02:30,93,6762268182,"Z Route: Redemption"
02:30,94,1521236603,"Travel Town - Merge Adventure"
02:30,95,6450413462,"CrownCoins Casino"
02:30,96,6741567125,"Clash of Critters"
02:30,97,6761603258,"Loop Master: Color Jam Sort"
02:30,98,1330123889,"PUBG MOBILE"
02:30,99,930574573,"Sniper 3D: Gun Shooting Games"
02:30,100,6756989323,"Last Asylum: Plague"
02:30,101,1465731199,"2 Player Games : Offline Games"
02:30,102,1597760047,"OneState RP: Role Play Online"
02:30,103,6761469046,"Rap Star:Idle Clicker"
02:30,104,6758138698,"Car Sort: Color Puzzle"
02:30,105,307569751,"NYT Games: Wordle & Crossword"
02:30,106,6446482475,"Solitaire Smash: Real Cash!"
02:30,107,6479528256,"MONOPOLY: Bingo!"
02:30,108,698255242,"Geometry Dash Lite"
02:30,109,1207472156,"Wordscapes - Word Game"
02:30,110,6739069151,"Crossword Go!"
02:30,111,6740618570,"XP Hero"
02:30,112,6751101794,"Loop Sort"
02:30,113,1407852246,"Happy Color® – Coloring Games"
02:30,114,6479970832,"Pokémon TCG Pocket"
02:30,115,1519174001,"Art Puzzle - Jigsaw Games"
02:30,116,6754009969,"Jackpot Nights"
02:30,117,1664415775,"Royal Cooking"
02:30,118,1274132545,"Total Battle: War Strategy"
02:30,119,6754558455,"Marble Sort!"
02:30,120,6566176181,"Gleaming Slots - Win Real Cash"
02:30,121,6738114176,"Stake US - Casino & Slots"
02:30,122,6450917563,"Pizza Ready!"
02:30,123,1642607669,"Game of Thrones: Dragonfire"
02:30,124,1492722342,"Animals & Coins Adventure Game"
02:30,125,6745761596,"Coin Master - Board Adventure"
02:30,126,6475757306,"Disney Solitaire"
02:30,127,6743385713,"Wool Crush™-Escape Traffic Jam"
02:30,128,1366478176,"Meta Horizon"
02:30,129,1300146617,"Free Fire: 9th Anniversary"
02:30,130,529479190,"Clash of Clans"
02:30,131,893677096,"Plants vs. Zombies™"
02:30,132,6741503079,"Pokémon Champions"
02:30,133,1486214495,"Brain Test: Tricky Puzzles"
02:30,134,6477413486,"Level Devil - NOT A Troll Game"
02:30,135,1453837845,"Charades - Family & Party Game"
02:30,136,6758984040,"Frost Valley™: Merge & Story"
02:30,137,6767091927,"Jigsaw Drop: Solitaire Puzzle"
02:30,138,6670441558,"Dark War:Survival"
02:30,139,6762267809,"Arrow Pro 3D"
02:30,140,6779310326,"Coin Collector!"
02:30,141,1595314851,"Lamar - Idle Vlogger"
02:30,142,1475514684,"Bubble Cash"
02:30,143,6745272388,"Block Buster - No Timer"
02:30,144,6743368869,"Draft Showdown"
02:30,145,6474133872,"Find Hidden Objects - Spot It!"
02:30,146,1635760774,"My Perfect Hotel"
02:30,147,981633844,"Block Craft 3D: Building Games"
02:30,148,1344700142,"UNO!™"
02:30,149,6608975929,"Woodoku Blast: Block Puzzle"
02:30,150,6503272652,"Last Z: Survival Shooter"
02:30,151,6754900673,"Jigsawcard Solitaire Puzzle"
02:30,152,6615086509,"NYT Crossplay: Word Games"
02:30,153,6446891485,"Mix Blox"
02:30,154,1610874732,"Melon: Sandbox"
02:30,155,6740043080,"Screwdom"
02:30,156,1484468651,"Dice Dreams™"
02:30,157,6754098532,"RUSH: Xtreme"
02:30,158,6478063606,"Color Block: Combo Blast"
02:30,159,420009108,"Temple Run"
02:30,160,6450834358,"Sunday City: Life Simulator"
02:30,161,6751270546,"Sword x Staff"
02:30,162,6504421808,"Car Match - Traffic Puzzle"
02:30,163,6738905436,"Lavish Luck Casino"
02:30,164,359917414,"Solitaire"
02:30,165,6760530627,"Mahjong Clash: Win Real Cash"
02:30,166,6741076536,"Modo Casino Slots & Games"
02:30,167,1537890432,"Flamingo Cards: Couple Games"
02:30,168,1512834505,"Wavelength"
02:30,169,6761893238,"Top Force: Commander"
02:30,170,6499306806,"Goods Puzzle: 3D Sorting Games"
02:30,171,6751270213,"Hidden Object Games: Seek It"
02:30,172,1118431695,"Bowmasters - Multiplayer Games"
02:30,173,1462060332,"DraftKings Casino - Real Money"
02:30,174,6745003362,"Word Oasis: Calm Puzzle Game"
02:30,175,6747028173,"Hole Stars: Puzzle Game"
02:30,176,6755216191,"Color Maze - Puzzle Game"
02:30,177,6449243946,"Snake Clash!"
02:30,178,1643509748,"Merge Cooking®"
02:30,179,6760998152,"Family Farm Merge"
02:30,180,6764201639,"Idle Cat Gunner: Shooter RPG"
02:30,181,6733244789,"Little Farm Story: Idle Tycoon"
02:30,182,6739792763,"Jackpot Go: Slots Casino"
02:30,183,1420294918,"Wordscapes Search - Word Game"
02:30,184,1550945606,"Soccer Superstar"
02:30,185,1104692136,"Snake.io - Fun Online Snake"
02:30,186,6754878717,"The Cozy Florist"
02:30,187,6759788962,"Lordrush"
02:30,188,1105855019,"Gardenscapes"
02:30,189,6752886832,"Hotel Legacy: Merge Game"
02:30,190,6471572249,"Fruit Merge™: Match Game"
02:30,191,6754432051,"Mahjong Cash"
02:30,192,6504122823,"Epic Plane Evolution"
02:30,193,6781525746,"Zoodoku！"
02:30,194,887947640,"CSR 2 - Realistic Drag Racing"
02:30,195,1638139403,"Block Crush！"
02:30,196,1424246763,"Headbands: Charades Party Game"
02:30,197,1645281275,"Idle Bank Tycoon: Money Game"
02:30,198,1553777064,"Exposed - Who's Most Likely To"
02:30,199,1552206075,"Doomsday: Odysseus Returns"
02:30,200,6740699102,"Hole It 3D"
03:00,1,6752672568,"Block Out! - Color Sort Puzzle"
03:00,2,6748084174,"Smash Fest!"
03:00,3,6761760135,"Meowdoku!"
03:00,4,6499209744,"Magic Sort!"
03:00,5,431946152,"Roblox"
03:00,6,6759763476,"Bus Traffic Fever!"
03:00,7,6780195090,"82-0.com"
03:00,8,6468921495,"Vita Mahjong"
03:00,9,6757908157,"JoJo's Bizarre Adventure: GS"
03:00,10,1617391485,"Block Blast！"
03:00,11,6443575749,"Whiteout Survival"
03:00,12,6483539426,"Fortnite"
03:00,13,638689075,"Township"
03:00,14,6759081967,"Jewel Coloring"
03:00,15,6760325543,"CubeAway - 3DPuzzle"
03:00,16,1608987929,"Triumph Arcade"
03:00,17,6748950306,"Solitaire Associations Journey"
03:00,18,6471045672,"Tasty Travels: Merge Game"
03:00,19,6739554056,"Kingshot"
03:00,20,512939461,"Subway Surfers"
03:00,21,6751056652,"Pixel Flow!"
03:00,22,1606549505,"Royal Kingdom"
03:00,23,1621328561,"MONOPOLY GO!"
03:00,24,6747492600,"Mahjong Blast"
03:00,25,1482155847,"Royal Match"
03:00,26,6748397500,"Arrows – Puzzle Escape"
03:00,27,6791525847,"Slow Mo Strike: Knives in Time"
03:00,28,1623318294,"Gossip Harbor®: Merge & Story"
03:00,29,6746328263,"Castle Busters"
03:00,30,6780891673,"Royal Smash! - Physics Puzzle"
03:00,31,6758326278,"Amaze GO!"
03:00,32,6760377931,"Mahjong Rumble: Win Real Cash"
03:00,33,6756058501,"Jelly Busters: Puzzle Game"
03:00,34,6755183085,"Yarn Loop: Knit Puzzle"
03:00,35,1443446174,"Magic Tiles 3™: Piano Game"
03:00,36,1351168404,"Among Us!"
03:00,37,1287282214,"Call of Duty®: Mobile"
03:00,38,553834731,"Candy Crush Saga"
03:00,39,6756482832,"Brain Puzzle 3: Crazy Mind"
03:00,40,543186831,"8 Ball Pool™"
03:00,41,6473058122,"Charades Guess Game · Guessly"
03:00,42,1094591345,"Pokémon GO"
03:00,43,6744975195,"Sled Surfers"
03:00,44,6746437378,"Tang Luck: Casino Slots"
03:00,45,1446254576,"Solitaire Cash: Win Real Money"
03:00,46,6498883328,"Tile Explorer: Tiles Clear!"
03:00,47,6745120053,"Imposter Game - Party Edition"
03:00,48,6762178742,"Grand Fortune Club"
03:00,49,6738109752,"Tiles Survive!"
03:00,50,406889139,"Coin Master"
03:00,51,6449094229,"Match Factory!"
03:00,52,6756185760,"Search It - Hidden Objects"
03:00,53,1423046460,"Paper.io 2"
03:00,54,880047117,"Angry Birds 2"
03:00,55,1176027022,"Toon Blast"
03:00,56,6756288168,"Cookingo: Perfect Meal"
03:00,57,1562817072,"Mob Control"
03:00,58,6779167923,"Colony Flow!"
03:00,59,6751537447,"Snake Puzzle: Slither to Eat!"
03:00,60,6448104157,"Offline Games - No Wifi Games"
03:00,61,1522266397,"Bingo Cash - Win Real Money"
03:00,62,1389111413,"Hole.io"
03:00,63,6503697761,"Playtest Pro by BestPlay"
03:00,64,6482849843,"Goods Puzzle: Sort Challenge"
03:00,65,6744304405,"Cider Casino - Real Money"
03:00,66,329218549,"Chess.com - Play and Learn"
03:00,67,1193508329,"Sudoku.com - Number Games"
03:00,68,1094930513,"EA SPORTS FC Soccer Mobile 26"
03:00,69,6753862216,"Foodstars: Merge & Cook"
03:00,70,6768564100,"Bruno Reels Casino"
03:00,71,1660171117,"Zen Word® - Relax Puzzle Game"
03:00,72,1117270703,"eFootball™"
03:00,73,6755455500,"Hollywood Merge"
03:00,74,6751794501,"Cash Avalanche:Casino Slot"
03:00,75,6769314786,"Food Hunt: Pixel Puzzle"
03:00,76,6446197181,"Glow Fashion Idol"
03:00,77,6744812012,"X-Clash: Survival Challenge"
03:00,78,6757350661,"Police Chief"
03:00,79,1053012308,"Clash Royale"
03:00,80,6757154335,"Cube Land Puzzle Game"
03:00,81,6784602967,"Stack Smash - 3D Puzzle Game"
03:00,82,6761381402,"Acebet Social Casino & Slots"
03:00,83,1529067679,"Warpath: Ace Shooter"
03:00,84,1229016807,"Brawl Stars"
03:00,85,6742809194,"Warline: Sniper Strike"
03:00,86,6761614488,"Apex Hunter: Animal Shooting"
03:00,87,1602508478,"Word Search Explorer®"
03:00,88,6755495631,"Packz"
03:00,89,1545567989,"Number Match - Numbers Game"
03:00,90,6759412341,"EA College Football Mobile 27"
03:00,91,6742410648,"WhoLiked? - Guess Who Reposted"
03:00,92,6782096197,"Knock Out : Physics Puzzle"
03:00,93,6762268182,"Z Route: Redemption"
03:00,94,1521236603,"Travel Town - Merge Adventure"
03:00,95,6450413462,"CrownCoins Casino"
03:00,96,6741567125,"Clash of Critters"
03:00,97,6761603258,"Loop Master: Color Jam Sort"
03:00,98,1330123889,"PUBG MOBILE"
03:00,99,930574573,"Sniper 3D: Gun Shooting Games"
03:00,100,6756989323,"Last Asylum: Plague"
03:00,101,1465731199,"2 Player Games : Offline Games"
03:00,102,1597760047,"OneState RP: Role Play Online"
03:00,103,6761469046,"Rap Star:Idle Clicker"
03:00,104,6758138698,"Car Sort: Color Puzzle"
03:00,105,307569751,"NYT Games: Wordle & Crossword"
03:00,106,6446482475,"Solitaire Smash: Real Cash!"
03:00,107,6479528256,"MONOPOLY: Bingo!"
03:00,108,698255242,"Geometry Dash Lite"
03:00,109,1207472156,"Wordscapes - Word Game"
03:00,110,6739069151,"Crossword Go!"
03:00,111,6740618570,"XP Hero"
03:00,112,6751101794,"Loop Sort"
03:00,113,1407852246,"Happy Color® – Coloring Games"
03:00,114,6479970832,"Pokémon TCG Pocket"
03:00,115,1519174001,"Art Puzzle - Jigsaw Games"
03:00,116,6754009969,"Jackpot Nights"
03:00,117,1664415775,"Royal Cooking"
03:00,118,1274132545,"Total Battle: War Strategy"
03:00,119,6754558455,"Marble Sort!"
03:00,120,6566176181,"Gleaming Slots - Win Real Cash"
03:00,121,6738114176,"Stake US - Casino & Slots"
03:00,122,6450917563,"Pizza Ready!"
03:00,123,1642607669,"Game of Thrones: Dragonfire"
03:00,124,1492722342,"Animals & Coins Adventure Game"
03:00,125,6745761596,"Coin Master - Board Adventure"
03:00,126,6475757306,"Disney Solitaire"
03:00,127,6743385713,"Wool Crush™-Escape Traffic Jam"
03:00,128,1366478176,"Meta Horizon"
03:00,129,1300146617,"Free Fire: 9th Anniversary"
03:00,130,529479190,"Clash of Clans"
03:00,131,893677096,"Plants vs. Zombies™"
03:00,132,6741503079,"Pokémon Champions"
03:00,133,1486214495,"Brain Test: Tricky Puzzles"
03:00,134,6477413486,"Level Devil - NOT A Troll Game"
03:00,135,1453837845,"Charades - Family & Party Game"
03:00,136,6758984040,"Frost Valley™: Merge & Story"
03:00,137,6767091927,"Jigsaw Drop: Solitaire Puzzle"
03:00,138,6670441558,"Dark War:Survival"
03:00,139,6762267809,"Arrow Pro 3D"
03:00,140,6779310326,"Coin Collector!"
03:00,141,1595314851,"Lamar - Idle Vlogger"
03:00,142,1475514684,"Bubble Cash"
03:00,143,6745272388,"Block Buster - No Timer"
03:00,144,6743368869,"Draft Showdown"
03:00,145,6474133872,"Find Hidden Objects - Spot It!"
03:00,146,1635760774,"My Perfect Hotel"
03:00,147,981633844,"Block Craft 3D: Building Games"
03:00,148,1344700142,"UNO!™"
03:00,149,6608975929,"Woodoku Blast: Block Puzzle"
03:00,150,6503272652,"Last Z: Survival Shooter"
03:00,151,6754900673,"Jigsawcard Solitaire Puzzle"
03:00,152,6615086509,"NYT Crossplay: Word Games"
03:00,153,6446891485,"Mix Blox"
03:00,154,1610874732,"Melon: Sandbox"
03:00,155,6740043080,"Screwdom"
03:00,156,1484468651,"Dice Dreams™"
03:00,157,6754098532,"RUSH: Xtreme"
03:00,158,6478063606,"Color Block: Combo Blast"
03:00,159,420009108,"Temple Run"
03:00,160,6450834358,"Sunday City: Life Simulator"
03:00,161,6751270546,"Sword x Staff"
03:00,162,6504421808,"Car Match - Traffic Puzzle"
03:00,163,6738905436,"Lavish Luck Casino"
03:00,164,359917414,"Solitaire"
03:00,165,6760530627,"Mahjong Clash: Win Real Cash"
03:00,166,6741076536,"Modo Casino Slots & Games"
03:00,167,1537890432,"Flamingo Cards: Couple Games"
03:00,168,1512834505,"Wavelength"
03:00,169,6761893238,"Top Force: Commander"
03:00,170,6499306806,"Goods Puzzle: 3D Sorting Games"
03:00,171,6751270213,"Hidden Object Games: Seek It"
03:00,172,1118431695,"Bowmasters - Multiplayer Games"
03:00,173,1462060332,"DraftKings Casino - Real Money"
03:00,174,6745003362,"Word Oasis: Calm Puzzle Game"
03:00,175,6747028173,"Hole Stars: Puzzle Game"
03:00,176,6755216191,"Color Maze - Puzzle Game"
03:00,177,6449243946,"Snake Clash!"
03:00,178,1643509748,"Merge Cooking®"
03:00,179,6760998152,"Family Farm Merge"
03:00,180,6764201639,"Idle Cat Gunner: Shooter RPG"
03:00,181,6733244789,"Little Farm Story: Idle Tycoon"
03:00,182,6739792763,"Jackpot Go: Slots Casino"
03:00,183,1420294918,"Wordscapes Search - Word Game"
03:00,184,1550945606,"Soccer Superstar"
03:00,185,1104692136,"Snake.io - Fun Online Snake"
03:00,186,6754878717,"The Cozy Florist"
03:00,187,6759788962,"Lordrush"
03:00,188,1105855019,"Gardenscapes"
03:00,189,6752886832,"Hotel Legacy: Merge Game"
03:00,190,6471572249,"Fruit Merge™: Match Game"
03:00,191,6754432051,"Mahjong Cash"
03:00,192,6504122823,"Epic Plane Evolution"
03:00,193,6781525746,"Zoodoku！"
03:00,194,887947640,"CSR 2 - Realistic Drag Racing"
03:00,195,1638139403,"Block Crush！"
03:00,196,1424246763,"Headbands: Charades Party Game"
03:00,197,1645281275,"Idle Bank Tycoon: Money Game"
03:00,198,1553777064,"Exposed - Who's Most Likely To"
03:00,199,1552206075,"Doomsday: Odysseus Returns"
03:00,200,6740699102,"Hole It 3D"
03:30,1,6752672568,"Block Out! - Color Sort Puzzle"
03:30,2,6748084174,"Smash Fest!"
03:30,3,6761760135,"Meowdoku!"
03:30,4,6499209744,"Magic Sort!"
03:30,5,431946152,"Roblox"
03:30,6,6759763476,"Bus Traffic Fever!"
03:30,7,6780195090,"82-0.com"
03:30,8,6468921495,"Vita Mahjong"
03:30,9,6757908157,"JoJo's Bizarre Adventure: GS"
03:30,10,1617391485,"Block Blast！"
03:30,11,6443575749,"Whiteout Survival"
03:30,12,6483539426,"Fortnite"
03:30,13,638689075,"Township"
03:30,14,6759081967,"Jewel Coloring"
03:30,15,6760325543,"CubeAway - 3DPuzzle"
03:30,16,1608987929,"Triumph Arcade"
03:30,17,6748950306,"Solitaire Associations Journey"
03:30,18,6471045672,"Tasty Travels: Merge Game"
03:30,19,6739554056,"Kingshot"
03:30,20,512939461,"Subway Surfers"
03:30,21,6751056652,"Pixel Flow!"
03:30,22,1606549505,"Royal Kingdom"
03:30,23,1621328561,"MONOPOLY GO!"
03:30,24,6747492600,"Mahjong Blast"
03:30,25,1482155847,"Royal Match"
03:30,26,6748397500,"Arrows – Puzzle Escape"
03:30,27,6791525847,"Slow Mo Strike: Knives in Time"
03:30,28,1623318294,"Gossip Harbor®: Merge & Story"
03:30,29,6746328263,"Castle Busters"
03:30,30,6780891673,"Royal Smash! - Physics Puzzle"
03:30,31,6758326278,"Amaze GO!"
03:30,32,6760377931,"Mahjong Rumble: Win Real Cash"
03:30,33,6756058501,"Jelly Busters: Puzzle Game"
03:30,34,6755183085,"Yarn Loop: Knit Puzzle"
03:30,35,1443446174,"Magic Tiles 3™: Piano Game"
03:30,36,1351168404,"Among Us!"
03:30,37,1287282214,"Call of Duty®: Mobile"
03:30,38,553834731,"Candy Crush Saga"
03:30,39,6756482832,"Brain Puzzle 3: Crazy Mind"
03:30,40,543186831,"8 Ball Pool™"
03:30,41,6473058122,"Charades Guess Game · Guessly"
03:30,42,1094591345,"Pokémon GO"
03:30,43,6744975195,"Sled Surfers"
03:30,44,6746437378,"Tang Luck: Casino Slots"
03:30,45,1446254576,"Solitaire Cash: Win Real Money"
03:30,46,6498883328,"Tile Explorer: Tiles Clear!"
03:30,47,6745120053,"Imposter Game - Party Edition"
03:30,48,6762178742,"Grand Fortune Club"
03:30,49,6738109752,"Tiles Survive!"
03:30,50,406889139,"Coin Master"
03:30,51,6449094229,"Match Factory!"
03:30,52,6756185760,"Search It - Hidden Objects"
03:30,53,1423046460,"Paper.io 2"
03:30,54,880047117,"Angry Birds 2"
03:30,55,1176027022,"Toon Blast"
03:30,56,6756288168,"Cookingo: Perfect Meal"
03:30,57,1562817072,"Mob Control"
03:30,58,6779167923,"Colony Flow!"
03:30,59,6751537447,"Snake Puzzle: Slither to Eat!"
03:30,60,6448104157,"Offline Games - No Wifi Games"
03:30,61,1522266397,"Bingo Cash - Win Real Money"
03:30,62,1389111413,"Hole.io"
03:30,63,6503697761,"Playtest Pro by BestPlay"
03:30,64,6482849843,"Goods Puzzle: Sort Challenge"
03:30,65,6744304405,"Cider Casino - Real Money"
03:30,66,329218549,"Chess.com - Play and Learn"
03:30,67,1193508329,"Sudoku.com - Number Games"
03:30,68,1094930513,"EA SPORTS FC Soccer Mobile 26"
03:30,69,6753862216,"Foodstars: Merge & Cook"
03:30,70,6768564100,"Bruno Reels Casino"
03:30,71,1660171117,"Zen Word® - Relax Puzzle Game"
03:30,72,1117270703,"eFootball™"
03:30,73,6755455500,"Hollywood Merge"
03:30,74,6751794501,"Cash Avalanche:Casino Slot"
03:30,75,6769314786,"Food Hunt: Pixel Puzzle"
03:30,76,6446197181,"Glow Fashion Idol"
03:30,77,6744812012,"X-Clash: Survival Challenge"
03:30,78,6757350661,"Police Chief"
03:30,79,1053012308,"Clash Royale"
03:30,80,6757154335,"Cube Land Puzzle Game"
03:30,81,6784602967,"Stack Smash - 3D Puzzle Game"
03:30,82,6761381402,"Acebet Social Casino & Slots"
03:30,83,1529067679,"Warpath: Ace Shooter"
03:30,84,1229016807,"Brawl Stars"
03:30,85,6742809194,"Warline: Sniper Strike"
03:30,86,6761614488,"Apex Hunter: Animal Shooting"
03:30,87,1602508478,"Word Search Explorer®"
03:30,88,6755495631,"Packz"
03:30,89,1545567989,"Number Match - Numbers Game"
03:30,90,6759412341,"EA College Football Mobile 27"
03:30,91,6742410648,"WhoLiked? - Guess Who Reposted"
03:30,92,6782096197,"Knock Out : Physics Puzzle"
03:30,93,6762268182,"Z Route: Redemption"
03:30,94,1521236603,"Travel Town - Merge Adventure"
03:30,95,6450413462,"CrownCoins Casino"
03:30,96,6741567125,"Clash of Critters"
03:30,97,6761603258,"Loop Master: Color Jam Sort"
03:30,98,1330123889,"PUBG MOBILE"
03:30,99,930574573,"Sniper 3D: Gun Shooting Games"
03:30,100,6756989323,"Last Asylum: Plague"
03:30,101,1465731199,"2 Player Games : Offline Games"
03:30,102,1597760047,"OneState RP: Role Play Online"
03:30,103,6761469046,"Rap Star:Idle Clicker"
03:30,104,6758138698,"Car Sort: Color Puzzle"
03:30,105,307569751,"NYT Games: Wordle & Crossword"
03:30,106,6446482475,"Solitaire Smash: Real Cash!"
03:30,107,6479528256,"MONOPOLY: Bingo!"
03:30,108,698255242,"Geometry Dash Lite"
03:30,109,1207472156,"Wordscapes - Word Game"
03:30,110,6739069151,"Crossword Go!"
03:30,111,6740618570,"XP Hero"
03:30,112,6751101794,"Loop Sort"
03:30,113,1407852246,"Happy Color® – Coloring Games"
03:30,114,6479970832,"Pokémon TCG Pocket"
03:30,115,1519174001,"Art Puzzle - Jigsaw Games"
03:30,116,6754009969,"Jackpot Nights"
03:30,117,1664415775,"Royal Cooking"
03:30,118,1274132545,"Total Battle: War Strategy"
03:30,119,6754558455,"Marble Sort!"
03:30,120,6566176181,"Gleaming Slots - Win Real Cash"
03:30,121,6738114176,"Stake US - Casino & Slots"
03:30,122,6450917563,"Pizza Ready!"
03:30,123,1642607669,"Game of Thrones: Dragonfire"
03:30,124,1492722342,"Animals & Coins Adventure Game"
03:30,125,6745761596,"Coin Master - Board Adventure"
03:30,126,6475757306,"Disney Solitaire"
03:30,127,6743385713,"Wool Crush™-Escape Traffic Jam"
03:30,128,1366478176,"Meta Horizon"
03:30,129,1300146617,"Free Fire: 9th Anniversary"
03:30,130,529479190,"Clash of Clans"
03:30,131,893677096,"Plants vs. Zombies™"
03:30,132,6741503079,"Pokémon Champions"
03:30,133,1486214495,"Brain Test: Tricky Puzzles"
03:30,134,6477413486,"Level Devil - NOT A Troll Game"
03:30,135,1453837845,"Charades - Family & Party Game"
03:30,136,6758984040,"Frost Valley™: Merge & Story"
03:30,137,6767091927,"Jigsaw Drop: Solitaire Puzzle"
03:30,138,6670441558,"Dark War:Survival"
03:30,139,6762267809,"Arrow Pro 3D"
03:30,140,6779310326,"Coin Collector!"
03:30,141,1595314851,"Lamar - Idle Vlogger"
03:30,142,1475514684,"Bubble Cash"
03:30,143,6745272388,"Block Buster - No Timer"
03:30,144,6743368869,"Draft Showdown"
03:30,145,6474133872,"Find Hidden Objects - Spot It!"
03:30,146,1635760774,"My Perfect Hotel"
03:30,147,981633844,"Block Craft 3D: Building Games"
03:30,148,1344700142,"UNO!™"
03:30,149,6608975929,"Woodoku Blast: Block Puzzle"
03:30,150,6503272652,"Last Z: Survival Shooter"
03:30,151,6754900673,"Jigsawcard Solitaire Puzzle"
03:30,152,6615086509,"NYT Crossplay: Word Games"
03:30,153,6446891485,"Mix Blox"
03:30,154,1610874732,"Melon: Sandbox"
03:30,155,6740043080,"Screwdom"
03:30,156,1484468651,"Dice Dreams™"
03:30,157,6754098532,"RUSH: Xtreme"
03:30,158,6478063606,"Color Block: Combo Blast"
03:30,159,420009108,"Temple Run"
03:30,160,6450834358,"Sunday City: Life Simulator"
03:30,161,6751270546,"Sword x Staff"
03:30,162,6504421808,"Car Match - Traffic Puzzle"
03:30,163,6738905436,"Lavish Luck Casino"
03:30,164,359917414,"Solitaire"
03:30,165,6760530627,"Mahjong Clash: Win Real Cash"
03:30,166,6741076536,"Modo Casino Slots & Games"
03:30,167,1537890432,"Flamingo Cards: Couple Games"
03:30,168,1512834505,"Wavelength"
03:30,169,6761893238,"Top Force: Commander"
03:30,170,6499306806,"Goods Puzzle: 3D Sorting Games"
03:30,171,6751270213,"Hidden Object Games: Seek It"
03:30,172,1118431695,"Bowmasters - Multiplayer Games"
03:30,173,1462060332,"DraftKings Casino - Real Money"
03:30,174,6745003362,"Word Oasis: Calm Puzzle Game"
03:30,175,6747028173,"Hole Stars: Puzzle Game"
03:30,176,6755216191,"Color Maze - Puzzle Game"
03:30,177,6449243946,"Snake Clash!"
03:30,178,1643509748,"Merge Cooking®"
03:30,179,6760998152,"Family Farm Merge"
03:30,180,6764201639,"Idle Cat Gunner: Shooter RPG"
03:30,181,6733244789,"Little Farm Story: Idle Tycoon"
03:30,182,6739792763,"Jackpot Go: Slots Casino"
03:30,183,1420294918,"Wordscapes Search - Word Game"
03:30,184,1550945606,"Soccer Superstar"
03:30,185,1104692136,"Snake.io - Fun Online Snake"
03:30,186,6754878717,"The Cozy Florist"
03:30,187,6759788962,"Lordrush"
03:30,188,1105855019,"Gardenscapes"
03:30,189,6752886832,"Hotel Legacy: Merge Game"
03:30,190,6471572249,"Fruit Merge™: Match Game"
03:30,191,6754432051,"Mahjong Cash"
03:30,192,6504122823,"Epic Plane Evolution"
03:30,193,6781525746,"Zoodoku！"
03:30,194,887947640,"CSR 2 - Realistic Drag Racing"
03:30,195,1638139403,"Block Crush！"
03:30,196,1424246763,"Headbands: Charades Party Game"
03:30,197,1645281275,"Idle Bank Tycoon: Money Game"
03:30,198,1553777064,"Exposed - Who's Most Likely To"
03:30,199,1552206075,"Doomsday: Odysseus Returns"
03:30,200,6740699102,"Hole It 3D"
04:30,1,6752672568,"Block Out! - Color Sort Puzzle"
04:30,2,6748084174,"Smash Fest!"
04:30,3,6761760135,"Meowdoku!"
04:30,4,431946152,"Roblox"
04:30,5,6499209744,"Magic Sort!"
04:30,6,6759763476,"Bus Traffic Fever!"
04:30,7,6780195090,"82-0.com"
04:30,8,6468921495,"Vita Mahjong"
04:30,9,1617391485,"Block Blast！"
04:30,10,6483539426,"Fortnite"
04:30,11,6757908157,"JoJo's Bizarre Adventure: GS"
04:30,12,6443575749,"Whiteout Survival"
04:30,13,638689075,"Township"
04:30,14,6759081967,"Jewel Coloring"
04:30,15,6760325543,"CubeAway - 3DPuzzle"
04:30,16,1608987929,"Triumph Arcade"
04:30,17,6748950306,"Solitaire Associations Journey"
04:30,18,512939461,"Subway Surfers"
04:30,19,6471045672,"Tasty Travels: Merge Game"
04:30,20,6739554056,"Kingshot"
04:30,21,6751056652,"Pixel Flow!"
04:30,22,1606549505,"Royal Kingdom"
04:30,23,6791525847,"Slow Mo Strike: Knives in Time"
04:30,24,1621328561,"MONOPOLY GO!"
04:30,25,1482155847,"Royal Match"
04:30,26,6746328263,"Castle Busters"
04:30,27,6748397500,"Arrows – Puzzle Escape"
04:30,28,6747492600,"Mahjong Blast"
04:30,29,1623318294,"Gossip Harbor®: Merge & Story"
04:30,30,1443446174,"Magic Tiles 3™: Piano Game"
04:30,31,6758326278,"Amaze GO!"
04:30,32,6780891673,"Royal Smash! - Physics Puzzle"
04:30,33,6760377931,"Mahjong Rumble: Win Real Cash"
04:30,34,6755183085,"Yarn Loop: Knit Puzzle"
04:30,35,6756058501,"Jelly Busters: Puzzle Game"
04:30,36,1287282214,"Call of Duty®: Mobile"
04:30,37,1351168404,"Among Us!"
04:30,38,553834731,"Candy Crush Saga"
04:30,39,6756482832,"Brain Puzzle 3: Crazy Mind"
04:30,40,1094591345,"Pokémon GO"
04:30,41,543186831,"8 Ball Pool™"
04:30,42,6744975195,"Sled Surfers"
04:30,43,6498883328,"Tile Explorer: Tiles Clear!"
04:30,44,1446254576,"Solitaire Cash: Win Real Money"
04:30,45,6449094229,"Match Factory!"
04:30,46,1423046460,"Paper.io 2"
04:30,47,406889139,"Coin Master"
04:30,48,6746437378,"Tang Luck: Casino Slots"
04:30,49,6738109752,"Tiles Survive!"
04:30,50,6473058122,"Charades Guess Game · Guessly"
04:30,51,6745120053,"Imposter Game - Party Edition"
04:30,52,6762178742,"Grand Fortune Club"
04:30,53,1562817072,"Mob Control"
04:30,54,880047117,"Angry Birds 2"
04:30,55,6756288168,"Cookingo: Perfect Meal"
04:30,56,1389111413,"Hole.io"
04:30,57,1176027022,"Toon Blast"
04:30,58,6751537447,"Snake Puzzle: Slither to Eat!"
04:30,59,6756185760,"Search It - Hidden Objects"
04:30,60,6503697761,"Playtest Pro by BestPlay"
04:30,61,6448104157,"Offline Games - No Wifi Games"
04:30,62,1094930513,"EA SPORTS FC Soccer Mobile 26"
04:30,63,1522266397,"Bingo Cash - Win Real Money"
04:30,64,6744812012,"X-Clash: Survival Challenge"
04:30,65,6779167923,"Colony Flow!"
04:30,66,329218549,"Chess.com - Play and Learn"
04:30,67,1117270703,"eFootball™"
04:30,68,6755455500,"Hollywood Merge"
04:30,69,6744304405,"Cider Casino - Real Money"
04:30,70,1053012308,"Clash Royale"
04:30,71,1193508329,"Sudoku.com - Number Games"
04:30,72,1229016807,"Brawl Stars"
04:30,73,6482849843,"Goods Puzzle: Sort Challenge"
04:30,74,6753862216,"Foodstars: Merge & Cook"
04:30,75,1529067679,"Warpath: Ace Shooter"
04:30,76,6768564100,"Bruno Reels Casino"
04:30,77,1660171117,"Zen Word® - Relax Puzzle Game"
04:30,78,6761469046,"Rap Star:Idle Clicker"
04:30,79,6757350661,"Police Chief"
04:30,80,6751794501,"Cash Avalanche:Casino Slot"
04:30,81,6742809194,"Warline: Sniper Strike"
04:30,82,6769314786,"Food Hunt: Pixel Puzzle"
04:30,83,6446197181,"Glow Fashion Idol"
04:30,84,6784602967,"Stack Smash - 3D Puzzle Game"
04:30,85,6782096197,"Knock Out : Physics Puzzle"
04:30,86,1521236603,"Travel Town - Merge Adventure"
04:30,87,6761381402,"Acebet Social Casino & Slots"
04:30,88,1330123889,"PUBG MOBILE"
04:30,89,6741567125,"Clash of Critters"
04:30,90,6757154335,"Cube Land Puzzle Game"
04:30,91,6755495631,"Packz"
04:30,92,930574573,"Sniper 3D: Gun Shooting Games"
04:30,93,6762268182,"Z Route: Redemption"
04:30,94,6759412341,"EA College Football Mobile 27"
04:30,95,1465731199,"2 Player Games : Offline Games"
04:30,96,6756989323,"Last Asylum: Plague"
04:30,97,698255242,"Geometry Dash Lite"
04:30,98,6761603258,"Loop Master: Color Jam Sort"
04:30,99,6758138698,"Car Sort: Color Puzzle"
04:30,100,1545567989,"Number Match - Numbers Game"
04:30,101,1602508478,"Word Search Explorer®"
04:30,102,6450413462,"CrownCoins Casino"
04:30,103,307569751,"NYT Games: Wordle & Crossword"
04:30,104,1597760047,"OneState RP: Role Play Online"
04:30,105,1300146617,"Free Fire: 9th Anniversary"
04:30,106,6446482475,"Solitaire Smash: Real Cash!"
04:30,107,6479970832,"Pokémon TCG Pocket"
04:30,108,6740618570,"XP Hero"
04:30,109,6670441558,"Dark War:Survival"
04:30,110,1207472156,"Wordscapes - Word Game"
04:30,111,1407852246,"Happy Color® – Coloring Games"
04:30,112,6751101794,"Loop Sort"
04:30,113,6754009969,"Jackpot Nights"
04:30,114,6742410648,"WhoLiked? - Guess Who Reposted"
04:30,115,6739069151,"Crossword Go!"
04:30,116,1274132545,"Total Battle: War Strategy"
04:30,117,1642607669,"Game of Thrones: Dragonfire"
04:30,118,6761614488,"Apex Hunter: Animal Shooting"
04:30,119,1492722342,"Animals & Coins Adventure Game"
04:30,120,6450917563,"Pizza Ready!"
04:30,121,529479190,"Clash of Clans"
04:30,122,1664415775,"Royal Cooking"
04:30,123,6566176181,"Gleaming Slots - Win Real Cash"
04:30,124,893677096,"Plants vs. Zombies™"
04:30,125,1486214495,"Brain Test: Tricky Puzzles"
04:30,126,1366478176,"Meta Horizon"
04:30,127,6479528256,"MONOPOLY: Bingo!"
04:30,128,6477413486,"Level Devil - NOT A Troll Game"
04:30,129,6743385713,"Wool Crush™-Escape Traffic Jam"
04:30,130,6741503079,"Pokémon Champions"
04:30,131,6738114176,"Stake US - Casino & Slots"
04:30,132,6754558455,"Marble Sort!"
04:30,133,981633844,"Block Craft 3D: Building Games"
04:30,134,6745761596,"Coin Master - Board Adventure"
04:30,135,6767091927,"Jigsaw Drop: Solitaire Puzzle"
04:30,136,1635760774,"My Perfect Hotel"
04:30,137,1519174001,"Art Puzzle - Jigsaw Games"
04:30,138,6762267809,"Arrow Pro 3D"
04:30,139,1475514684,"Bubble Cash"
04:30,140,1595314851,"Lamar - Idle Vlogger"
04:30,141,6503272652,"Last Z: Survival Shooter"
04:30,142,6743368869,"Draft Showdown"
04:30,143,6779310326,"Coin Collector!"
04:30,144,6475757306,"Disney Solitaire"
04:30,145,6758984040,"Frost Valley™: Merge & Story"
04:30,146,1453837845,"Charades - Family & Party Game"
04:30,147,1610874732,"Melon: Sandbox"
04:30,148,6745272388,"Block Buster - No Timer"
04:30,149,6608975929,"Woodoku Blast: Block Puzzle"
04:30,150,1344700142,"UNO!™"
04:30,151,6474133872,"Find Hidden Objects - Spot It!"
04:30,152,6754900673,"Jigsawcard Solitaire Puzzle"
04:30,153,6615086509,"NYT Crossplay: Word Games"
04:30,154,6754098532,"RUSH: Xtreme"
04:30,155,6760998152,"Family Farm Merge"
04:30,156,1484468651,"Dice Dreams™"
04:30,157,6478063606,"Color Block: Combo Blast"
04:30,158,420009108,"Temple Run"
04:30,159,6450834358,"Sunday City: Life Simulator"
04:30,160,6449243946,"Snake Clash!"
04:30,161,6759788962,"Lordrush"
04:30,162,1118431695,"Bowmasters - Multiplayer Games"
04:30,163,1550945606,"Soccer Superstar"
04:30,164,6754878717,"The Cozy Florist"
04:30,165,6751270546,"Sword x Staff"
04:30,166,6499306806,"Goods Puzzle: 3D Sorting Games"
04:30,167,6760530627,"Mahjong Clash: Win Real Cash"
04:30,168,6747028173,"Hole Stars: Puzzle Game"
04:30,169,1446874445,"Magic Level 9: Tap Piano Game"
04:30,170,6751270213,"Hidden Object Games: Seek It"
04:30,171,6761893238,"Top Force: Commander"
04:30,172,6738905436,"Lavish Luck Casino"
04:30,173,6755216191,"Color Maze - Puzzle Game"
04:30,174,6741076536,"Modo Casino Slots & Games"
04:30,175,359917414,"Solitaire"
04:30,176,1104692136,"Snake.io - Fun Online Snake"
04:30,177,6740043080,"Screwdom"
04:30,178,1105855019,"Gardenscapes"
04:30,179,1462060332,"DraftKings Casino - Real Money"
04:30,180,1512834505,"Wavelength"
04:30,181,6504122823,"Epic Plane Evolution"
04:30,182,6745003362,"Word Oasis: Calm Puzzle Game"
04:30,183,887947640,"CSR 2 - Realistic Drag Racing"
04:30,184,1643509748,"Merge Cooking®"
04:30,185,6733244789,"Little Farm Story: Idle Tycoon"
04:30,186,6739792763,"Jackpot Go: Slots Casino"
04:30,187,6752886832,"Hotel Legacy: Merge Game"
04:30,188,6504421808,"Car Match - Traffic Puzzle"
04:30,189,6764201639,"Idle Cat Gunner: Shooter RPG"
04:30,190,6446891485,"Mix Blox"
04:30,191,6754464806,"Car Evolve"
04:30,192,1638139403,"Block Crush！"
04:30,193,1552206075,"Doomsday: Odysseus Returns"
04:30,194,1645281275,"Idle Bank Tycoon: Money Game"
04:30,195,6781525746,"Zoodoku！"
04:30,196,1247645833,"TCGplayer"
04:30,197,1420294918,"Wordscapes Search - Word Game"
04:30,198,6754432051,"Mahjong Cash"
04:30,199,6471572249,"Fruit Merge™: Match Game"
04:30,200,1463509237,"Phase 10: Casual Card Game"
05:00,1,6752672568,"Block Out! - Color Sort Puzzle"
05:00,2,6748084174,"Smash Fest!"
05:00,3,6761760135,"Meowdoku!"
05:00,4,431946152,"Roblox"
05:00,5,6499209744,"Magic Sort!"
05:00,6,6759763476,"Bus Traffic Fever!"
05:00,7,6780195090,"82-0.com"
05:00,8,6468921495,"Vita Mahjong"
05:00,9,1617391485,"Block Blast！"
05:00,10,6483539426,"Fortnite"
05:00,11,6757908157,"JoJo's Bizarre Adventure: GS"
05:00,12,6443575749,"Whiteout Survival"
05:00,13,638689075,"Township"
05:00,14,6759081967,"Jewel Coloring"
05:00,15,6760325543,"CubeAway - 3DPuzzle"
05:00,16,1608987929,"Triumph Arcade"
05:00,17,6748950306,"Solitaire Associations Journey"
05:00,18,512939461,"Subway Surfers"
05:00,19,6471045672,"Tasty Travels: Merge Game"
05:00,20,6739554056,"Kingshot"
05:00,21,6751056652,"Pixel Flow!"
05:00,22,1606549505,"Royal Kingdom"
05:00,23,6791525847,"Slow Mo Strike: Knives in Time"
05:00,24,1621328561,"MONOPOLY GO!"
05:00,25,1482155847,"Royal Match"
05:00,26,6746328263,"Castle Busters"
05:00,27,6748397500,"Arrows – Puzzle Escape"
05:00,28,6747492600,"Mahjong Blast"
05:00,29,1623318294,"Gossip Harbor®: Merge & Story"
05:00,30,1443446174,"Magic Tiles 3™: Piano Game"
05:00,31,6758326278,"Amaze GO!"
05:00,32,6780891673,"Royal Smash! - Physics Puzzle"
05:00,33,6760377931,"Mahjong Rumble: Win Real Cash"
05:00,34,6755183085,"Yarn Loop: Knit Puzzle"
05:00,35,6756058501,"Jelly Busters: Puzzle Game"
05:00,36,1287282214,"Call of Duty®: Mobile"
05:00,37,1351168404,"Among Us!"
05:00,38,553834731,"Candy Crush Saga"
05:00,39,6756482832,"Brain Puzzle 3: Crazy Mind"
05:00,40,1094591345,"Pokémon GO"
05:00,41,543186831,"8 Ball Pool™"
05:00,42,6744975195,"Sled Surfers"
05:00,43,6498883328,"Tile Explorer: Tiles Clear!"
05:00,44,1446254576,"Solitaire Cash: Win Real Money"
05:00,45,6449094229,"Match Factory!"
05:00,46,1423046460,"Paper.io 2"
05:00,47,406889139,"Coin Master"
05:00,48,6746437378,"Tang Luck: Casino Slots"
05:00,49,6738109752,"Tiles Survive!"
05:00,50,6473058122,"Charades Guess Game · Guessly"
05:00,51,6745120053,"Imposter Game - Party Edition"
05:00,52,6762178742,"Grand Fortune Club"
05:00,53,1562817072,"Mob Control"
05:00,54,880047117,"Angry Birds 2"
05:00,55,6756288168,"Cookingo: Perfect Meal"
05:00,56,1389111413,"Hole.io"
05:00,57,1176027022,"Toon Blast"
05:00,58,6751537447,"Snake Puzzle: Slither to Eat!"
05:00,59,6756185760,"Search It - Hidden Objects"
05:00,60,6503697761,"Playtest Pro by BestPlay"
05:00,61,6448104157,"Offline Games - No Wifi Games"
05:00,62,1094930513,"EA SPORTS FC Soccer Mobile 26"
05:00,63,1522266397,"Bingo Cash - Win Real Money"
05:00,64,6744812012,"X-Clash: Survival Challenge"
05:00,65,6779167923,"Colony Flow!"
05:00,66,329218549,"Chess.com - Play and Learn"
05:00,67,1117270703,"eFootball™"
05:00,68,6755455500,"Hollywood Merge"
05:00,69,6744304405,"Cider Casino - Real Money"
05:00,70,1053012308,"Clash Royale"
05:00,71,1193508329,"Sudoku.com - Number Games"
05:00,72,1229016807,"Brawl Stars"
05:00,73,6482849843,"Goods Puzzle: Sort Challenge"
05:00,74,6753862216,"Foodstars: Merge & Cook"
05:00,75,1529067679,"Warpath: Ace Shooter"
05:00,76,6768564100,"Bruno Reels Casino"
05:00,77,1660171117,"Zen Word® - Relax Puzzle Game"
05:00,78,6761469046,"Rap Star:Idle Clicker"
05:00,79,6757350661,"Police Chief"
05:00,80,6751794501,"Cash Avalanche:Casino Slot"
05:00,81,6742809194,"Warline: Sniper Strike"
05:00,82,6769314786,"Food Hunt: Pixel Puzzle"
05:00,83,6446197181,"Glow Fashion Idol"
05:00,84,6784602967,"Stack Smash - 3D Puzzle Game"
05:00,85,6782096197,"Knock Out : Physics Puzzle"
05:00,86,1521236603,"Travel Town - Merge Adventure"
05:00,87,6761381402,"Acebet Social Casino & Slots"
05:00,88,1330123889,"PUBG MOBILE"
05:00,89,6741567125,"Clash of Critters"
05:00,90,6757154335,"Cube Land Puzzle Game"
05:00,91,6755495631,"Packz"
05:00,92,930574573,"Sniper 3D: Gun Shooting Games"
05:00,93,6762268182,"Z Route: Redemption"
05:00,94,6759412341,"EA College Football Mobile 27"
05:00,95,1465731199,"2 Player Games : Offline Games"
05:00,96,6756989323,"Last Asylum: Plague"
05:00,97,698255242,"Geometry Dash Lite"
05:00,98,6761603258,"Loop Master: Color Jam Sort"
05:00,99,6758138698,"Car Sort: Color Puzzle"
05:00,100,1545567989,"Number Match - Numbers Game"
05:00,101,1602508478,"Word Search Explorer®"
05:00,102,6450413462,"CrownCoins Casino"
05:00,103,307569751,"NYT Games: Wordle & Crossword"
05:00,104,1597760047,"OneState RP: Role Play Online"
05:00,105,1300146617,"Free Fire: 9th Anniversary"
05:00,106,6446482475,"Solitaire Smash: Real Cash!"
05:00,107,6479970832,"Pokémon TCG Pocket"
05:00,108,6740618570,"XP Hero"
05:00,109,6670441558,"Dark War:Survival"
05:00,110,1207472156,"Wordscapes - Word Game"
05:00,111,1407852246,"Happy Color® – Coloring Games"
05:00,112,6751101794,"Loop Sort"
05:00,113,6754009969,"Jackpot Nights"
05:00,114,6742410648,"WhoLiked? - Guess Who Reposted"
05:00,115,6739069151,"Crossword Go!"
05:00,116,1274132545,"Total Battle: War Strategy"
05:00,117,1642607669,"Game of Thrones: Dragonfire"
05:00,118,6761614488,"Apex Hunter: Animal Shooting"
05:00,119,1492722342,"Animals & Coins Adventure Game"
05:00,120,6450917563,"Pizza Ready!"
05:00,121,529479190,"Clash of Clans"
05:00,122,1664415775,"Royal Cooking"
05:00,123,6566176181,"Gleaming Slots - Win Real Cash"
05:00,124,893677096,"Plants vs. Zombies™"
05:00,125,1486214495,"Brain Test: Tricky Puzzles"
05:00,126,1366478176,"Meta Horizon"
05:00,127,6479528256,"MONOPOLY: Bingo!"
05:00,128,6477413486,"Level Devil - NOT A Troll Game"
05:00,129,6743385713,"Wool Crush™-Escape Traffic Jam"
05:00,130,6741503079,"Pokémon Champions"
05:00,131,6738114176,"Stake US - Casino & Slots"
05:00,132,6754558455,"Marble Sort!"
05:00,133,981633844,"Block Craft 3D: Building Games"
05:00,134,6745761596,"Coin Master - Board Adventure"
05:00,135,6767091927,"Jigsaw Drop: Solitaire Puzzle"
05:00,136,1635760774,"My Perfect Hotel"
05:00,137,1519174001,"Art Puzzle - Jigsaw Games"
05:00,138,6762267809,"Arrow Pro 3D"
05:00,139,1475514684,"Bubble Cash"
05:00,140,1595314851,"Lamar - Idle Vlogger"
05:00,141,6503272652,"Last Z: Survival Shooter"
05:00,142,6743368869,"Draft Showdown"
05:00,143,6779310326,"Coin Collector!"
05:00,144,6475757306,"Disney Solitaire"
05:00,145,6758984040,"Frost Valley™: Merge & Story"
05:00,146,1453837845,"Charades - Family & Party Game"
05:00,147,1610874732,"Melon: Sandbox"
05:00,148,6745272388,"Block Buster - No Timer"
05:00,149,6608975929,"Woodoku Blast: Block Puzzle"
05:00,150,1344700142,"UNO!™"
05:00,151,6474133872,"Find Hidden Objects - Spot It!"
05:00,152,6754900673,"Jigsawcard Solitaire Puzzle"
05:00,153,6615086509,"NYT Crossplay: Word Games"
05:00,154,6754098532,"RUSH: Xtreme"
05:00,155,6760998152,"Family Farm Merge"
05:00,156,1484468651,"Dice Dreams™"
05:00,157,6478063606,"Color Block: Combo Blast"
05:00,158,420009108,"Temple Run"
05:00,159,6450834358,"Sunday City: Life Simulator"
05:00,160,6449243946,"Snake Clash!"
05:00,161,6759788962,"Lordrush"
05:00,162,1118431695,"Bowmasters - Multiplayer Games"
05:00,163,1550945606,"Soccer Superstar"
05:00,164,6754878717,"The Cozy Florist"
05:00,165,6751270546,"Sword x Staff"
05:00,166,6499306806,"Goods Puzzle: 3D Sorting Games"
05:00,167,6760530627,"Mahjong Clash: Win Real Cash"
05:00,168,6747028173,"Hole Stars: Puzzle Game"
05:00,169,1446874445,"Magic Level 9: Tap Piano Game"
05:00,170,6751270213,"Hidden Object Games: Seek It"
05:00,171,6761893238,"Top Force: Commander"
05:00,172,6738905436,"Lavish Luck Casino"
05:00,173,6755216191,"Color Maze - Puzzle Game"
05:00,174,6741076536,"Modo Casino Slots & Games"
05:00,175,359917414,"Solitaire"
05:00,176,1104692136,"Snake.io - Fun Online Snake"
05:00,177,6740043080,"Screwdom"
05:00,178,1105855019,"Gardenscapes"
05:00,179,1462060332,"DraftKings Casino - Real Money"
05:00,180,1512834505,"Wavelength"
05:00,181,6504122823,"Epic Plane Evolution"
05:00,182,6745003362,"Word Oasis: Calm Puzzle Game"
05:00,183,887947640,"CSR 2 - Realistic Drag Racing"
05:00,184,1643509748,"Merge Cooking®"
05:00,185,6733244789,"Little Farm Story: Idle Tycoon"
05:00,186,6739792763,"Jackpot Go: Slots Casino"
05:00,187,6752886832,"Hotel Legacy: Merge Game"
05:00,188,6504421808,"Car Match - Traffic Puzzle"
05:00,189,6764201639,"Idle Cat Gunner: Shooter RPG"
05:00,190,6446891485,"Mix Blox"
05:00,191,6754464806,"Car Evolve"
05:00,192,1638139403,"Block Crush！"
05:00,193,1552206075,"Doomsday: Odysseus Returns"
05:00,194,1645281275,"Idle Bank Tycoon: Money Game"
05:00,195,6781525746,"Zoodoku！"
05:00,196,1247645833,"TCGplayer"
05:00,197,1420294918,"Wordscapes Search - Word Game"
05:00,198,6754432051,"Mahjong Cash"
05:00,199,6471572249,"Fruit Merge™: Match Game"
05:00,200,1463509237,"Phase 10: Casual Card Game"
05:30,1,6752672568,"Block Out! - Color Sort Puzzle"
05:30,2,6748084174,"Smash Fest!"
05:30,3,6761760135,"Meowdoku!"
05:30,4,431946152,"Roblox"
05:30,5,6499209744,"Magic Sort!"
05:30,6,6759763476,"Bus Traffic Fever!"
05:30,7,6780195090,"82-0.com"
05:30,8,6468921495,"Vita Mahjong"
05:30,9,1617391485,"Block Blast！"
05:30,10,6483539426,"Fortnite"
05:30,11,6757908157,"JoJo's Bizarre Adventure: GS"
05:30,12,6443575749,"Whiteout Survival"
05:30,13,638689075,"Township"
05:30,14,6759081967,"Jewel Coloring"
05:30,15,6760325543,"CubeAway - 3DPuzzle"
05:30,16,1608987929,"Triumph Arcade"
05:30,17,6748950306,"Solitaire Associations Journey"
05:30,18,512939461,"Subway Surfers"
05:30,19,6471045672,"Tasty Travels: Merge Game"
05:30,20,6739554056,"Kingshot"
05:30,21,6751056652,"Pixel Flow!"
05:30,22,1606549505,"Royal Kingdom"
05:30,23,6791525847,"Slow Mo Strike: Knives in Time"
05:30,24,1621328561,"MONOPOLY GO!"
05:30,25,1482155847,"Royal Match"
05:30,26,6746328263,"Castle Busters"
05:30,27,6748397500,"Arrows – Puzzle Escape"
05:30,28,6747492600,"Mahjong Blast"
05:30,29,1623318294,"Gossip Harbor®: Merge & Story"
05:30,30,1443446174,"Magic Tiles 3™: Piano Game"
05:30,31,6758326278,"Amaze GO!"
05:30,32,6780891673,"Royal Smash! - Physics Puzzle"
05:30,33,6760377931,"Mahjong Rumble: Win Real Cash"
05:30,34,6755183085,"Yarn Loop: Knit Puzzle"
05:30,35,6756058501,"Jelly Busters: Puzzle Game"
05:30,36,1287282214,"Call of Duty®: Mobile"
05:30,37,1351168404,"Among Us!"
05:30,38,553834731,"Candy Crush Saga"
05:30,39,6756482832,"Brain Puzzle 3: Crazy Mind"
05:30,40,1094591345,"Pokémon GO"
05:30,41,543186831,"8 Ball Pool™"
05:30,42,6744975195,"Sled Surfers"
05:30,43,6498883328,"Tile Explorer: Tiles Clear!"
05:30,44,1446254576,"Solitaire Cash: Win Real Money"
05:30,45,6449094229,"Match Factory!"
05:30,46,1423046460,"Paper.io 2"
05:30,47,406889139,"Coin Master"
05:30,48,6746437378,"Tang Luck: Casino Slots"
05:30,49,6738109752,"Tiles Survive!"
05:30,50,6473058122,"Charades Guess Game · Guessly"
05:30,51,6745120053,"Imposter Game - Party Edition"
05:30,52,6762178742,"Grand Fortune Club"
05:30,53,1562817072,"Mob Control"
05:30,54,880047117,"Angry Birds 2"
05:30,55,6756288168,"Cookingo: Perfect Meal"
05:30,56,1389111413,"Hole.io"
05:30,57,1176027022,"Toon Blast"
05:30,58,6751537447,"Snake Puzzle: Slither to Eat!"
05:30,59,6756185760,"Search It - Hidden Objects"
05:30,60,6503697761,"Playtest Pro by BestPlay"
05:30,61,6448104157,"Offline Games - No Wifi Games"
05:30,62,1094930513,"EA SPORTS FC Soccer Mobile 26"
05:30,63,1522266397,"Bingo Cash - Win Real Money"
05:30,64,6744812012,"X-Clash: Survival Challenge"
05:30,65,6779167923,"Colony Flow!"
05:30,66,329218549,"Chess.com - Play and Learn"
05:30,67,1117270703,"eFootball™"
05:30,68,6755455500,"Hollywood Merge"
05:30,69,6744304405,"Cider Casino - Real Money"
05:30,70,1053012308,"Clash Royale"
05:30,71,1193508329,"Sudoku.com - Number Games"
05:30,72,1229016807,"Brawl Stars"
05:30,73,6482849843,"Goods Puzzle: Sort Challenge"
05:30,74,6753862216,"Foodstars: Merge & Cook"
05:30,75,1529067679,"Warpath: Ace Shooter"
05:30,76,6768564100,"Bruno Reels Casino"
05:30,77,1660171117,"Zen Word® - Relax Puzzle Game"
05:30,78,6761469046,"Rap Star:Idle Clicker"
05:30,79,6757350661,"Police Chief"
05:30,80,6751794501,"Cash Avalanche:Casino Slot"
05:30,81,6742809194,"Warline: Sniper Strike"
05:30,82,6769314786,"Food Hunt: Pixel Puzzle"
05:30,83,6446197181,"Glow Fashion Idol"
05:30,84,6784602967,"Stack Smash - 3D Puzzle Game"
05:30,85,6782096197,"Knock Out : Physics Puzzle"
05:30,86,1521236603,"Travel Town - Merge Adventure"
05:30,87,6761381402,"Acebet Social Casino & Slots"
05:30,88,1330123889,"PUBG MOBILE"
05:30,89,6741567125,"Clash of Critters"
05:30,90,6757154335,"Cube Land Puzzle Game"
05:30,91,6755495631,"Packz"
05:30,92,930574573,"Sniper 3D: Gun Shooting Games"
05:30,93,6762268182,"Z Route: Redemption"
05:30,94,6759412341,"EA College Football Mobile 27"
05:30,95,1465731199,"2 Player Games : Offline Games"
05:30,96,6756989323,"Last Asylum: Plague"
05:30,97,698255242,"Geometry Dash Lite"
05:30,98,6761603258,"Loop Master: Color Jam Sort"
05:30,99,6758138698,"Car Sort: Color Puzzle"
05:30,100,1545567989,"Number Match - Numbers Game"
05:30,101,1602508478,"Word Search Explorer®"
05:30,102,6450413462,"CrownCoins Casino"
05:30,103,307569751,"NYT Games: Wordle & Crossword"
05:30,104,1597760047,"OneState RP: Role Play Online"
05:30,105,1300146617,"Free Fire: 9th Anniversary"
05:30,106,6446482475,"Solitaire Smash: Real Cash!"
05:30,107,6479970832,"Pokémon TCG Pocket"
05:30,108,6740618570,"XP Hero"
05:30,109,6670441558,"Dark War:Survival"
05:30,110,1207472156,"Wordscapes - Word Game"
05:30,111,1407852246,"Happy Color® – Coloring Games"
05:30,112,6751101794,"Loop Sort"
05:30,113,6754009969,"Jackpot Nights"
05:30,114,6742410648,"WhoLiked? - Guess Who Reposted"
05:30,115,6739069151,"Crossword Go!"
05:30,116,1274132545,"Total Battle: War Strategy"
05:30,117,1642607669,"Game of Thrones: Dragonfire"
05:30,118,6761614488,"Apex Hunter: Animal Shooting"
05:30,119,1492722342,"Animals & Coins Adventure Game"
05:30,120,6450917563,"Pizza Ready!"
05:30,121,529479190,"Clash of Clans"
05:30,122,1664415775,"Royal Cooking"
05:30,123,6566176181,"Gleaming Slots - Win Real Cash"
05:30,124,893677096,"Plants vs. Zombies™"
05:30,125,1486214495,"Brain Test: Tricky Puzzles"
05:30,126,1366478176,"Meta Horizon"
05:30,127,6479528256,"MONOPOLY: Bingo!"
05:30,128,6477413486,"Level Devil - NOT A Troll Game"
05:30,129,6743385713,"Wool Crush™-Escape Traffic Jam"
05:30,130,6741503079,"Pokémon Champions"
05:30,131,6738114176,"Stake US - Casino & Slots"
05:30,132,6754558455,"Marble Sort!"
05:30,133,981633844,"Block Craft 3D: Building Games"
05:30,134,6745761596,"Coin Master - Board Adventure"
05:30,135,6767091927,"Jigsaw Drop: Solitaire Puzzle"
05:30,136,1635760774,"My Perfect Hotel"
05:30,137,1519174001,"Art Puzzle - Jigsaw Games"
05:30,138,6762267809,"Arrow Pro 3D"
05:30,139,1475514684,"Bubble Cash"
05:30,140,1595314851,"Lamar - Idle Vlogger"
05:30,141,6503272652,"Last Z: Survival Shooter"
05:30,142,6743368869,"Draft Showdown"
05:30,143,6779310326,"Coin Collector!"
05:30,144,6475757306,"Disney Solitaire"
05:30,145,6758984040,"Frost Valley™: Merge & Story"
05:30,146,1453837845,"Charades - Family & Party Game"
05:30,147,1610874732,"Melon: Sandbox"
05:30,148,6745272388,"Block Buster - No Timer"
05:30,149,6608975929,"Woodoku Blast: Block Puzzle"
05:30,150,1344700142,"UNO!™"
05:30,151,6474133872,"Find Hidden Objects - Spot It!"
05:30,152,6754900673,"Jigsawcard Solitaire Puzzle"
05:30,153,6615086509,"NYT Crossplay: Word Games"
05:30,154,6754098532,"RUSH: Xtreme"
05:30,155,6760998152,"Family Farm Merge"
05:30,156,1484468651,"Dice Dreams™"
05:30,157,6478063606,"Color Block: Combo Blast"
05:30,158,420009108,"Temple Run"
05:30,159,6450834358,"Sunday City: Life Simulator"
05:30,160,6449243946,"Snake Clash!"
05:30,161,6759788962,"Lordrush"
05:30,162,1118431695,"Bowmasters - Multiplayer Games"
05:30,163,1550945606,"Soccer Superstar"
05:30,164,6754878717,"The Cozy Florist"
05:30,165,6751270546,"Sword x Staff"
05:30,166,6499306806,"Goods Puzzle: 3D Sorting Games"
05:30,167,6760530627,"Mahjong Clash: Win Real Cash"
05:30,168,6747028173,"Hole Stars: Puzzle Game"
05:30,169,1446874445,"Magic Level 9: Tap Piano Game"
05:30,170,6751270213,"Hidden Object Games: Seek It"
05:30,171,6761893238,"Top Force: Commander"
05:30,172,6738905436,"Lavish Luck Casino"
05:30,173,6755216191,"Color Maze - Puzzle Game"
05:30,174,6741076536,"Modo Casino Slots & Games"
05:30,175,359917414,"Solitaire"
05:30,176,1104692136,"Snake.io - Fun Online Snake"
05:30,177,6740043080,"Screwdom"
05:30,178,1105855019,"Gardenscapes"
05:30,179,1462060332,"DraftKings Casino - Real Money"
05:30,180,1512834505,"Wavelength"
05:30,181,6504122823,"Epic Plane Evolution"
05:30,182,6745003362,"Word Oasis: Calm Puzzle Game"
05:30,183,887947640,"CSR 2 - Realistic Drag Racing"
05:30,184,1643509748,"Merge Cooking®"
05:30,185,6733244789,"Little Farm Story: Idle Tycoon"
05:30,186,6739792763,"Jackpot Go: Slots Casino"
05:30,187,6752886832,"Hotel Legacy: Merge Game"
05:30,188,6504421808,"Car Match - Traffic Puzzle"
05:30,189,6764201639,"Idle Cat Gunner: Shooter RPG"
05:30,190,6446891485,"Mix Blox"
05:30,191,6754464806,"Car Evolve"
05:30,192,1638139403,"Block Crush！"
05:30,193,1552206075,"Doomsday: Odysseus Returns"
05:30,194,1645281275,"Idle Bank Tycoon: Money Game"
05:30,195,6781525746,"Zoodoku！"
05:30,196,1247645833,"TCGplayer"
05:30,197,1420294918,"Wordscapes Search - Word Game"
05:30,198,6754432051,"Mahjong Cash"
05:30,199,6471572249,"Fruit Merge™: Match Game"
05:30,200,1463509237,"Phase 10: Casual Card Game"
06:30,1,6752672568,"Block Out! - Color Sort Puzzle"
06:30,2,6748084174,"Smash Fest!"
06:30,3,6761760135,"Meowdoku!"
06:30,4,431946152,"Roblox"
06:30,5,6499209744,"Magic Sort!"
06:30,6,6759763476,"Bus Traffic Fever!"
06:30,7,6780195090,"82-0.com"
06:30,8,6468921495,"Vita Mahjong"
06:30,9,1617391485,"Block Blast！"
06:30,10,6483539426,"Fortnite"
06:30,11,6757908157,"JoJo's Bizarre Adventure: GS"
06:30,12,6443575749,"Whiteout Survival"
06:30,13,638689075,"Township"
06:30,14,6759081967,"Jewel Coloring"
06:30,15,6760325543,"CubeAway - 3DPuzzle"
06:30,16,1608987929,"Triumph Arcade"
06:30,17,6748950306,"Solitaire Associations Journey"
06:30,18,512939461,"Subway Surfers"
06:30,19,6471045672,"Tasty Travels: Merge Game"
06:30,20,6739554056,"Kingshot"
06:30,21,6751056652,"Pixel Flow!"
06:30,22,1606549505,"Royal Kingdom"
06:30,23,6791525847,"Slow Mo Strike: Knives in Time"
06:30,24,1621328561,"MONOPOLY GO!"
06:30,25,1482155847,"Royal Match"
06:30,26,6746328263,"Castle Busters"
06:30,27,6748397500,"Arrows – Puzzle Escape"
06:30,28,6747492600,"Mahjong Blast"
06:30,29,1623318294,"Gossip Harbor®: Merge & Story"
06:30,30,1443446174,"Magic Tiles 3™: Piano Game"
06:30,31,6758326278,"Amaze GO!"
06:30,32,6780891673,"Royal Smash! - Physics Puzzle"
06:30,33,6760377931,"Mahjong Rumble: Win Real Cash"
06:30,34,6755183085,"Yarn Loop: Knit Puzzle"
06:30,35,6756058501,"Jelly Busters: Puzzle Game"
06:30,36,1287282214,"Call of Duty®: Mobile"
06:30,37,1351168404,"Among Us!"
06:30,38,553834731,"Candy Crush Saga"
06:30,39,6756482832,"Brain Puzzle 3: Crazy Mind"
06:30,40,1094591345,"Pokémon GO"
06:30,41,543186831,"8 Ball Pool™"
06:30,42,6744975195,"Sled Surfers"
06:30,43,6498883328,"Tile Explorer: Tiles Clear!"
06:30,44,1446254576,"Solitaire Cash: Win Real Money"
06:30,45,6449094229,"Match Factory!"
06:30,46,1423046460,"Paper.io 2"
06:30,47,406889139,"Coin Master"
06:30,48,6746437378,"Tang Luck: Casino Slots"
06:30,49,6738109752,"Tiles Survive!"
06:30,50,6473058122,"Charades Guess Game · Guessly"
06:30,51,6745120053,"Imposter Game - Party Edition"
06:30,52,6762178742,"Grand Fortune Club"
06:30,53,1562817072,"Mob Control"
06:30,54,880047117,"Angry Birds 2"
06:30,55,6756288168,"Cookingo: Perfect Meal"
06:30,56,1389111413,"Hole.io"
06:30,57,1176027022,"Toon Blast"
06:30,58,6751537447,"Snake Puzzle: Slither to Eat!"
06:30,59,6756185760,"Search It - Hidden Objects"
06:30,60,6503697761,"Playtest Pro by BestPlay"
06:30,61,6448104157,"Offline Games - No Wifi Games"
06:30,62,1094930513,"EA SPORTS FC Soccer Mobile 26"
06:30,63,1522266397,"Bingo Cash - Win Real Money"
06:30,64,6744812012,"X-Clash: Survival Challenge"
06:30,65,6779167923,"Colony Flow!"
06:30,66,329218549,"Chess.com - Play and Learn"
06:30,67,1117270703,"eFootball™"
06:30,68,6755455500,"Hollywood Merge"
06:30,69,6744304405,"Cider Casino - Real Money"
06:30,70,1053012308,"Clash Royale"
06:30,71,1193508329,"Sudoku.com - Number Games"
06:30,72,1229016807,"Brawl Stars"
06:30,73,6482849843,"Goods Puzzle: Sort Challenge"
06:30,74,6753862216,"Foodstars: Merge & Cook"
06:30,75,1529067679,"Warpath: Ace Shooter"
06:30,76,6768564100,"Bruno Reels Casino"
06:30,77,1660171117,"Zen Word® - Relax Puzzle Game"
06:30,78,6761469046,"Rap Star:Idle Clicker"
06:30,79,6757350661,"Police Chief"
06:30,80,6751794501,"Cash Avalanche:Casino Slot"
06:30,81,6742809194,"Warline: Sniper Strike"
06:30,82,6769314786,"Food Hunt: Pixel Puzzle"
06:30,83,6446197181,"Glow Fashion Idol"
06:30,84,6784602967,"Stack Smash - 3D Puzzle Game"
06:30,85,6782096197,"Knock Out : Physics Puzzle"
06:30,86,1521236603,"Travel Town - Merge Adventure"
06:30,87,6761381402,"Acebet Social Casino & Slots"
06:30,88,1330123889,"PUBG MOBILE"
06:30,89,6741567125,"Clash of Critters"
06:30,90,6757154335,"Cube Land Puzzle Game"
06:30,91,6755495631,"Packz"
06:30,92,930574573,"Sniper 3D: Gun Shooting Games"
06:30,93,6762268182,"Z Route: Redemption"
06:30,94,6759412341,"EA College Football Mobile 27"
06:30,95,1465731199,"2 Player Games : Offline Games"
06:30,96,6756989323,"Last Asylum: Plague"
06:30,97,698255242,"Geometry Dash Lite"
06:30,98,6761603258,"Loop Master: Color Jam Sort"
06:30,99,6758138698,"Car Sort: Color Puzzle"
06:30,100,1545567989,"Number Match - Numbers Game"
06:30,101,1602508478,"Word Search Explorer®"
06:30,102,6450413462,"CrownCoins Casino"
06:30,103,307569751,"NYT Games: Wordle & Crossword"
06:30,104,1597760047,"OneState RP: Role Play Online"
06:30,105,1300146617,"Free Fire: 9th Anniversary"
06:30,106,6446482475,"Solitaire Smash: Real Cash!"
06:30,107,6479970832,"Pokémon TCG Pocket"
06:30,108,6740618570,"XP Hero"
06:30,109,6670441558,"Dark War:Survival"
06:30,110,1207472156,"Wordscapes - Word Game"
06:30,111,1407852246,"Happy Color® – Coloring Games"
06:30,112,6751101794,"Loop Sort"
06:30,113,6754009969,"Jackpot Nights"
06:30,114,6742410648,"WhoLiked? - Guess Who Reposted"
06:30,115,6739069151,"Crossword Go!"
06:30,116,1274132545,"Total Battle: War Strategy"
06:30,117,1642607669,"Game of Thrones: Dragonfire"
06:30,118,6761614488,"Apex Hunter: Animal Shooting"
06:30,119,1492722342,"Animals & Coins Adventure Game"
06:30,120,6450917563,"Pizza Ready!"
06:30,121,529479190,"Clash of Clans"
06:30,122,1664415775,"Royal Cooking"
06:30,123,6566176181,"Gleaming Slots - Win Real Cash"
06:30,124,893677096,"Plants vs. Zombies™"
06:30,125,1486214495,"Brain Test: Tricky Puzzles"
06:30,126,1366478176,"Meta Horizon"
06:30,127,6479528256,"MONOPOLY: Bingo!"
06:30,128,6477413486,"Level Devil - NOT A Troll Game"
06:30,129,6743385713,"Wool Crush™-Escape Traffic Jam"
06:30,130,6741503079,"Pokémon Champions"
06:30,131,6738114176,"Stake US - Casino & Slots"
06:30,132,6754558455,"Marble Sort!"
06:30,133,981633844,"Block Craft 3D: Building Games"
06:30,134,6745761596,"Coin Master - Board Adventure"
06:30,135,6767091927,"Jigsaw Drop: Solitaire Puzzle"
06:30,136,1635760774,"My Perfect Hotel"
06:30,137,1519174001,"Art Puzzle - Jigsaw Games"
06:30,138,6762267809,"Arrow Pro 3D"
06:30,139,1475514684,"Bubble Cash"
06:30,140,1595314851,"Lamar - Idle Vlogger"
06:30,141,6503272652,"Last Z: Survival Shooter"
06:30,142,6743368869,"Draft Showdown"
06:30,143,6779310326,"Coin Collector!"
06:30,144,6475757306,"Disney Solitaire"
06:30,145,6758984040,"Frost Valley™: Merge & Story"
06:30,146,1453837845,"Charades - Family & Party Game"
06:30,147,1610874732,"Melon: Sandbox"
06:30,148,6745272388,"Block Buster - No Timer"
06:30,149,6608975929,"Woodoku Blast: Block Puzzle"
06:30,150,1344700142,"UNO!™"
06:30,151,6474133872,"Find Hidden Objects - Spot It!"
06:30,152,6754900673,"Jigsawcard Solitaire Puzzle"
06:30,153,6615086509,"NYT Crossplay: Word Games"
06:30,154,6754098532,"RUSH: Xtreme"
06:30,155,6760998152,"Family Farm Merge"
06:30,156,1484468651,"Dice Dreams™"
06:30,157,6478063606,"Color Block: Combo Blast"
06:30,158,420009108,"Temple Run"
06:30,159,6450834358,"Sunday City: Life Simulator"
06:30,160,6449243946,"Snake Clash!"
06:30,161,6759788962,"Lordrush"
06:30,162,1118431695,"Bowmasters - Multiplayer Games"
06:30,163,1550945606,"Soccer Superstar"
06:30,164,6754878717,"The Cozy Florist"
06:30,165,6751270546,"Sword x Staff"
06:30,166,6499306806,"Goods Puzzle: 3D Sorting Games"
06:30,167,6760530627,"Mahjong Clash: Win Real Cash"
06:30,168,6747028173,"Hole Stars: Puzzle Game"
06:30,169,1446874445,"Magic Level 9: Tap Piano Game"
06:30,170,6751270213,"Hidden Object Games: Seek It"
06:30,171,6761893238,"Top Force: Commander"
06:30,172,6738905436,"Lavish Luck Casino"
06:30,173,6755216191,"Color Maze - Puzzle Game"
06:30,174,6741076536,"Modo Casino Slots & Games"
06:30,175,359917414,"Solitaire"
06:30,176,1104692136,"Snake.io - Fun Online Snake"
06:30,177,6740043080,"Screwdom"
06:30,178,1105855019,"Gardenscapes"
06:30,179,1462060332,"DraftKings Casino - Real Money"
06:30,180,1512834505,"Wavelength"
06:30,181,6504122823,"Epic Plane Evolution"
06:30,182,6745003362,"Word Oasis: Calm Puzzle Game"
06:30,183,887947640,"CSR 2 - Realistic Drag Racing"
06:30,184,1643509748,"Merge Cooking®"
06:30,185,6733244789,"Little Farm Story: Idle Tycoon"
06:30,186,6739792763,"Jackpot Go: Slots Casino"
06:30,187,6752886832,"Hotel Legacy: Merge Game"
06:30,188,6504421808,"Car Match - Traffic Puzzle"
06:30,189,6764201639,"Idle Cat Gunner: Shooter RPG"
06:30,190,6446891485,"Mix Blox"
06:30,191,6754464806,"Car Evolve"
06:30,192,1638139403,"Block Crush！"
06:30,193,1552206075,"Doomsday: Odysseus Returns"
06:30,194,1645281275,"Idle Bank Tycoon: Money Game"
06:30,195,6781525746,"Zoodoku！"
06:30,196,1247645833,"TCGplayer"
06:30,197,1420294918,"Wordscapes Search - Word Game"
06:30,198,6754432051,"Mahjong Cash"
06:30,199,6471572249,"Fruit Merge™: Match Game"
06:30,200,1463509237,"Phase 10: Casual Card Game"
07:00,1,6752672568,"Block Out! - Color Sort Puzzle"
07:00,2,6748084174,"Smash Fest!"
07:00,3,6761760135,"Meowdoku!"
07:00,4,431946152,"Roblox"
07:00,5,6499209744,"Magic Sort!"
07:00,6,6759763476,"Bus Traffic Fever!"
07:00,7,6780195090,"82-0.com"
07:00,8,6468921495,"Vita Mahjong"
07:00,9,1617391485,"Block Blast！"
07:00,10,6483539426,"Fortnite"
07:00,11,6757908157,"JoJo's Bizarre Adventure: GS"
07:00,12,6443575749,"Whiteout Survival"
07:00,13,638689075,"Township"
07:00,14,6759081967,"Jewel Coloring"
07:00,15,6760325543,"CubeAway - 3DPuzzle"
07:00,16,1608987929,"Triumph Arcade"
07:00,17,6748950306,"Solitaire Associations Journey"
07:00,18,512939461,"Subway Surfers"
07:00,19,6471045672,"Tasty Travels: Merge Game"
07:00,20,6739554056,"Kingshot"
07:00,21,6751056652,"Pixel Flow!"
07:00,22,1606549505,"Royal Kingdom"
07:00,23,6791525847,"Slow Mo Strike: Knives in Time"
07:00,24,1621328561,"MONOPOLY GO!"
07:00,25,1482155847,"Royal Match"
07:00,26,6746328263,"Castle Busters"
07:00,27,6748397500,"Arrows – Puzzle Escape"
07:00,28,6747492600,"Mahjong Blast"
07:00,29,1623318294,"Gossip Harbor®: Merge & Story"
07:00,30,1443446174,"Magic Tiles 3™: Piano Game"
07:00,31,6758326278,"Amaze GO!"
07:00,32,6780891673,"Royal Smash! - Physics Puzzle"
07:00,33,6760377931,"Mahjong Rumble: Win Real Cash"
07:00,34,6755183085,"Yarn Loop: Knit Puzzle"
07:00,35,6756058501,"Jelly Busters: Puzzle Game"
07:00,36,1287282214,"Call of Duty®: Mobile"
07:00,37,1351168404,"Among Us!"
07:00,38,553834731,"Candy Crush Saga"
07:00,39,6756482832,"Brain Puzzle 3: Crazy Mind"
07:00,40,1094591345,"Pokémon GO"
07:00,41,543186831,"8 Ball Pool™"
07:00,42,6744975195,"Sled Surfers"
07:00,43,6498883328,"Tile Explorer: Tiles Clear!"
07:00,44,1446254576,"Solitaire Cash: Win Real Money"
07:00,45,6449094229,"Match Factory!"
07:00,46,1423046460,"Paper.io 2"
07:00,47,406889139,"Coin Master"
07:00,48,6746437378,"Tang Luck: Casino Slots"
07:00,49,6738109752,"Tiles Survive!"
07:00,50,6473058122,"Charades Guess Game · Guessly"
07:00,51,6745120053,"Imposter Game - Party Edition"
07:00,52,6762178742,"Grand Fortune Club"
07:00,53,1562817072,"Mob Control"
07:00,54,880047117,"Angry Birds 2"
07:00,55,6756288168,"Cookingo: Perfect Meal"
07:00,56,1389111413,"Hole.io"
07:00,57,1176027022,"Toon Blast"
07:00,58,6751537447,"Snake Puzzle: Slither to Eat!"
07:00,59,6756185760,"Search It - Hidden Objects"
07:00,60,6503697761,"Playtest Pro by BestPlay"
07:00,61,6448104157,"Offline Games - No Wifi Games"
07:00,62,1094930513,"EA SPORTS FC Soccer Mobile 26"
07:00,63,1522266397,"Bingo Cash - Win Real Money"
07:00,64,6744812012,"X-Clash: Survival Challenge"
07:00,65,6779167923,"Colony Flow!"
07:00,66,329218549,"Chess.com - Play and Learn"
07:00,67,1117270703,"eFootball™"
07:00,68,6755455500,"Hollywood Merge"
07:00,69,6744304405,"Cider Casino - Real Money"
07:00,70,1053012308,"Clash Royale"
07:00,71,1193508329,"Sudoku.com - Number Games"
07:00,72,1229016807,"Brawl Stars"
07:00,73,6482849843,"Goods Puzzle: Sort Challenge"
07:00,74,6753862216,"Foodstars: Merge & Cook"
07:00,75,1529067679,"Warpath: Ace Shooter"
07:00,76,6768564100,"Bruno Reels Casino"
07:00,77,1660171117,"Zen Word® - Relax Puzzle Game"
07:00,78,6761469046,"Rap Star:Idle Clicker"
07:00,79,6757350661,"Police Chief"
07:00,80,6751794501,"Cash Avalanche:Casino Slot"
07:00,81,6742809194,"Warline: Sniper Strike"
07:00,82,6769314786,"Food Hunt: Pixel Puzzle"
07:00,83,6446197181,"Glow Fashion Idol"
07:00,84,6784602967,"Stack Smash - 3D Puzzle Game"
07:00,85,6782096197,"Knock Out : Physics Puzzle"
07:00,86,1521236603,"Travel Town - Merge Adventure"
07:00,87,6761381402,"Acebet Social Casino & Slots"
07:00,88,1330123889,"PUBG MOBILE"
07:00,89,6741567125,"Clash of Critters"
07:00,90,6757154335,"Cube Land Puzzle Game"
07:00,91,6755495631,"Packz"
07:00,92,930574573,"Sniper 3D: Gun Shooting Games"
07:00,93,6762268182,"Z Route: Redemption"
07:00,94,6759412341,"EA College Football Mobile 27"
07:00,95,1465731199,"2 Player Games : Offline Games"
07:00,96,6756989323,"Last Asylum: Plague"
07:00,97,698255242,"Geometry Dash Lite"
07:00,98,6761603258,"Loop Master: Color Jam Sort"
07:00,99,6758138698,"Car Sort: Color Puzzle"
07:00,100,1545567989,"Number Match - Numbers Game"
07:00,101,1602508478,"Word Search Explorer®"
07:00,102,6450413462,"CrownCoins Casino"
07:00,103,307569751,"NYT Games: Wordle & Crossword"
07:00,104,1597760047,"OneState RP: Role Play Online"
07:00,105,1300146617,"Free Fire: 9th Anniversary"
07:00,106,6446482475,"Solitaire Smash: Real Cash!"
07:00,107,6479970832,"Pokémon TCG Pocket"
07:00,108,6740618570,"XP Hero"
07:00,109,6670441558,"Dark War:Survival"
07:00,110,1207472156,"Wordscapes - Word Game"
07:00,111,1407852246,"Happy Color® – Coloring Games"
07:00,112,6751101794,"Loop Sort"
07:00,113,6754009969,"Jackpot Nights"
07:00,114,6742410648,"WhoLiked? - Guess Who Reposted"
07:00,115,6739069151,"Crossword Go!"
07:00,116,1274132545,"Total Battle: War Strategy"
07:00,117,1642607669,"Game of Thrones: Dragonfire"
07:00,118,6761614488,"Apex Hunter: Animal Shooting"
07:00,119,1492722342,"Animals & Coins Adventure Game"
07:00,120,6450917563,"Pizza Ready!"
07:00,121,529479190,"Clash of Clans"
07:00,122,1664415775,"Royal Cooking"
07:00,123,6566176181,"Gleaming Slots - Win Real Cash"
07:00,124,893677096,"Plants vs. Zombies™"
07:00,125,1486214495,"Brain Test: Tricky Puzzles"
07:00,126,1366478176,"Meta Horizon"
07:00,127,6479528256,"MONOPOLY: Bingo!"
07:00,128,6477413486,"Level Devil - NOT A Troll Game"
07:00,129,6743385713,"Wool Crush™-Escape Traffic Jam"
07:00,130,6741503079,"Pokémon Champions"
07:00,131,6738114176,"Stake US - Casino & Slots"
07:00,132,6754558455,"Marble Sort!"
07:00,133,981633844,"Block Craft 3D: Building Games"
07:00,134,6745761596,"Coin Master - Board Adventure"
07:00,135,6767091927,"Jigsaw Drop: Solitaire Puzzle"
07:00,136,1635760774,"My Perfect Hotel"
07:00,137,1519174001,"Art Puzzle - Jigsaw Games"
07:00,138,6762267809,"Arrow Pro 3D"
07:00,139,1475514684,"Bubble Cash"
07:00,140,1595314851,"Lamar - Idle Vlogger"
07:00,141,6503272652,"Last Z: Survival Shooter"
07:00,142,6743368869,"Draft Showdown"
07:00,143,6779310326,"Coin Collector!"
07:00,144,6475757306,"Disney Solitaire"
07:00,145,6758984040,"Frost Valley™: Merge & Story"
07:00,146,1453837845,"Charades - Family & Party Game"
07:00,147,1610874732,"Melon: Sandbox"
07:00,148,6745272388,"Block Buster - No Timer"
07:00,149,6608975929,"Woodoku Blast: Block Puzzle"
07:00,150,1344700142,"UNO!™"
07:00,151,6474133872,"Find Hidden Objects - Spot It!"
07:00,152,6754900673,"Jigsawcard Solitaire Puzzle"
07:00,153,6615086509,"NYT Crossplay: Word Games"
07:00,154,6754098532,"RUSH: Xtreme"
07:00,155,6760998152,"Family Farm Merge"
07:00,156,1484468651,"Dice Dreams™"
07:00,157,6478063606,"Color Block: Combo Blast"
07:00,158,420009108,"Temple Run"
07:00,159,6450834358,"Sunday City: Life Simulator"
07:00,160,6449243946,"Snake Clash!"
07:00,161,6759788962,"Lordrush"
07:00,162,1118431695,"Bowmasters - Multiplayer Games"
07:00,163,1550945606,"Soccer Superstar"
07:00,164,6754878717,"The Cozy Florist"
07:00,165,6751270546,"Sword x Staff"
07:00,166,6499306806,"Goods Puzzle: 3D Sorting Games"
07:00,167,6760530627,"Mahjong Clash: Win Real Cash"
07:00,168,6747028173,"Hole Stars: Puzzle Game"
07:00,169,1446874445,"Magic Level 9: Tap Piano Game"
07:00,170,6751270213,"Hidden Object Games: Seek It"
07:00,171,6761893238,"Top Force: Commander"
07:00,172,6738905436,"Lavish Luck Casino"
07:00,173,6755216191,"Color Maze - Puzzle Game"
07:00,174,6741076536,"Modo Casino Slots & Games"
07:00,175,359917414,"Solitaire"
07:00,176,1104692136,"Snake.io - Fun Online Snake"
07:00,177,6740043080,"Screwdom"
07:00,178,1105855019,"Gardenscapes"
07:00,179,1462060332,"DraftKings Casino - Real Money"
07:00,180,1512834505,"Wavelength"
07:00,181,6504122823,"Epic Plane Evolution"
07:00,182,6745003362,"Word Oasis: Calm Puzzle Game"
07:00,183,887947640,"CSR 2 - Realistic Drag Racing"
07:00,184,1643509748,"Merge Cooking®"
07:00,185,6733244789,"Little Farm Story: Idle Tycoon"
07:00,186,6739792763,"Jackpot Go: Slots Casino"
07:00,187,6752886832,"Hotel Legacy: Merge Game"
07:00,188,6504421808,"Car Match - Traffic Puzzle"
07:00,189,6764201639,"Idle Cat Gunner: Shooter RPG"
07:00,190,6446891485,"Mix Blox"
07:00,191,6754464806,"Car Evolve"
07:00,192,1638139403,"Block Crush！"
07:00,193,1552206075,"Doomsday: Odysseus Returns"
07:00,194,1645281275,"Idle Bank Tycoon: Money Game"
07:00,195,6781525746,"Zoodoku！"
07:00,196,1247645833,"TCGplayer"
07:00,197,1420294918,"Wordscapes Search - Word Game"
07:00,198,6754432051,"Mahjong Cash"
07:00,199,6471572249,"Fruit Merge™: Match Game"
07:00,200,1463509237,"Phase 10: Casual Card Game"
07:30,1,6752672568,"Block Out! - Color Sort Puzzle"
07:30,2,6748084174,"Smash Fest!"
07:30,3,6761760135,"Meowdoku!"
07:30,4,431946152,"Roblox"
07:30,5,6499209744,"Magic Sort!"
07:30,6,6759763476,"Bus Traffic Fever!"
07:30,7,6780195090,"82-0.com"
07:30,8,6468921495,"Vita Mahjong"
07:30,9,1617391485,"Block Blast！"
07:30,10,6483539426,"Fortnite"
07:30,11,6443575749,"Whiteout Survival"
07:30,12,6757908157,"JoJo's Bizarre Adventure: GS"
07:30,13,638689075,"Township"
07:30,14,6759081967,"Jewel Coloring"
07:30,15,1608987929,"Triumph Arcade"
07:30,16,6760325543,"CubeAway - 3DPuzzle"
07:30,17,512939461,"Subway Surfers"
07:30,18,6748950306,"Solitaire Associations Journey"
07:30,19,6471045672,"Tasty Travels: Merge Game"
07:30,20,6739554056,"Kingshot"
07:30,21,6751056652,"Pixel Flow!"
07:30,22,1606549505,"Royal Kingdom"
07:30,23,6791525847,"Slow Mo Strike: Knives in Time"
07:30,24,1621328561,"MONOPOLY GO!"
07:30,25,1482155847,"Royal Match"
07:30,26,6746328263,"Castle Busters"
07:30,27,6748397500,"Arrows – Puzzle Escape"
07:30,28,6747492600,"Mahjong Blast"
07:30,29,1623318294,"Gossip Harbor®: Merge & Story"
07:30,30,1443446174,"Magic Tiles 3™: Piano Game"
07:30,31,6758326278,"Amaze GO!"
07:30,32,6780891673,"Royal Smash! - Physics Puzzle"
07:30,33,1351168404,"Among Us!"
07:30,34,6756482832,"Brain Puzzle 3: Crazy Mind"
07:30,35,6760377931,"Mahjong Rumble: Win Real Cash"
07:30,36,1287282214,"Call of Duty®: Mobile"
07:30,37,6755183085,"Yarn Loop: Knit Puzzle"
07:30,38,6756058501,"Jelly Busters: Puzzle Game"
07:30,39,1094591345,"Pokémon GO"
07:30,40,553834731,"Candy Crush Saga"
07:30,41,6744975195,"Sled Surfers"
07:30,42,6498883328,"Tile Explorer: Tiles Clear!"
07:30,43,543186831,"8 Ball Pool™"
07:30,44,6449094229,"Match Factory!"
07:30,45,1446254576,"Solitaire Cash: Win Real Money"
07:30,46,1423046460,"Paper.io 2"
07:30,47,406889139,"Coin Master"
07:30,48,6746437378,"Tang Luck: Casino Slots"
07:30,49,6738109752,"Tiles Survive!"
07:30,50,6744812012,"X-Clash: Survival Challenge"
07:30,51,6762178742,"Grand Fortune Club"
07:30,52,6745120053,"Imposter Game - Party Edition"
07:30,53,1562817072,"Mob Control"
07:30,54,6751537447,"Snake Puzzle: Slither to Eat!"
07:30,55,1389111413,"Hole.io"
07:30,56,6756288168,"Cookingo: Perfect Meal"
07:30,57,6473058122,"Charades Guess Game · Guessly"
07:30,58,880047117,"Angry Birds 2"
07:30,59,6503697761,"Playtest Pro by BestPlay"
07:30,60,6755455500,"Hollywood Merge"
07:30,61,6448104157,"Offline Games - No Wifi Games"
07:30,62,1094930513,"EA SPORTS FC Soccer Mobile 26"
07:30,63,6756185760,"Search It - Hidden Objects"
07:30,64,1522266397,"Bingo Cash - Win Real Money"
07:30,65,6768564100,"Bruno Reels Casino"
07:30,66,329218549,"Chess.com - Play and Learn"
07:30,67,1176027022,"Toon Blast"
07:30,68,1053012308,"Clash Royale"
07:30,69,6744304405,"Cider Casino - Real Money"
07:30,70,1229016807,"Brawl Stars"
07:30,71,1117270703,"eFootball™"
07:30,72,1529067679,"Warpath: Ace Shooter"
07:30,73,6757350661,"Police Chief"
07:30,74,1193508329,"Sudoku.com - Number Games"
07:30,75,6753862216,"Foodstars: Merge & Cook"
07:30,76,6761469046,"Rap Star:Idle Clicker"
07:30,77,6751794501,"Cash Avalanche:Casino Slot"
07:30,78,6769314786,"Food Hunt: Pixel Puzzle"
07:30,79,6482849843,"Goods Puzzle: Sort Challenge"
07:30,80,6446197181,"Glow Fashion Idol"
07:30,81,1660171117,"Zen Word® - Relax Puzzle Game"
07:30,82,1521236603,"Travel Town - Merge Adventure"
07:30,83,930574573,"Sniper 3D: Gun Shooting Games"
07:30,84,6782096197,"Knock Out : Physics Puzzle"
07:30,85,6784602967,"Stack Smash - 3D Puzzle Game"
07:30,86,6779167923,"Colony Flow!"
07:30,87,6761381402,"Acebet Social Casino & Slots"
07:30,88,1465731199,"2 Player Games : Offline Games"
07:30,89,6741567125,"Clash of Critters"
07:30,90,6742809194,"Warline: Sniper Strike"
07:30,91,6762268182,"Z Route: Redemption"
07:30,92,6755495631,"Packz"
07:30,93,6759412341,"EA College Football Mobile 27"
07:30,94,1330123889,"PUBG MOBILE"
07:30,95,6757154335,"Cube Land Puzzle Game"
07:30,96,698255242,"Geometry Dash Lite"
07:30,97,6758138698,"Car Sort: Color Puzzle"
07:30,98,6670441558,"Dark War:Survival"
07:30,99,6756989323,"Last Asylum: Plague"
07:30,100,6761603258,"Loop Master: Color Jam Sort"
07:30,101,1597760047,"OneState RP: Role Play Online"
07:30,102,6450413462,"CrownCoins Casino"
07:30,103,6479970832,"Pokémon TCG Pocket"
07:30,104,307569751,"NYT Games: Wordle & Crossword"
07:30,105,1545567989,"Number Match - Numbers Game"
07:30,106,6446482475,"Solitaire Smash: Real Cash!"
07:30,107,1300146617,"Free Fire: 9th Anniversary"
07:30,108,1602508478,"Word Search Explorer®"
07:30,109,6740618570,"XP Hero"
07:30,110,1207472156,"Wordscapes - Word Game"
07:30,111,6754009969,"Jackpot Nights"
07:30,112,1642607669,"Game of Thrones: Dragonfire"
07:30,113,981633844,"Block Craft 3D: Building Games"
07:30,114,1366478176,"Meta Horizon"
07:30,115,1407852246,"Happy Color® – Coloring Games"
07:30,116,6751101794,"Loop Sort"
07:30,117,1274132545,"Total Battle: War Strategy"
07:30,118,6477413486,"Level Devil - NOT A Troll Game"
07:30,119,1664415775,"Royal Cooking"
07:30,120,6739069151,"Crossword Go!"
07:30,121,6741503079,"Pokémon Champions"
07:30,122,1486214495,"Brain Test: Tricky Puzzles"
07:30,123,6566176181,"Gleaming Slots - Win Real Cash"
07:30,124,6450917563,"Pizza Ready!"
07:30,125,893677096,"Plants vs. Zombies™"
07:30,126,529479190,"Clash of Clans"
07:30,127,6503272652,"Last Z: Survival Shooter"
07:30,128,6743385713,"Wool Crush™-Escape Traffic Jam"
07:30,129,1635760774,"My Perfect Hotel"
07:30,130,6767091927,"Jigsaw Drop: Solitaire Puzzle"
07:30,131,1492722342,"Animals & Coins Adventure Game"
07:30,132,6738114176,"Stake US - Casino & Slots"
07:30,133,6762267809,"Arrow Pro 3D"
07:30,134,6745761596,"Coin Master - Board Adventure"
07:30,135,6742410648,"WhoLiked? - Guess Who Reposted"
07:30,136,1475514684,"Bubble Cash"
07:30,137,6779310326,"Coin Collector!"
07:30,138,6754558455,"Marble Sort!"
07:30,139,6743368869,"Draft Showdown"
07:30,140,1595314851,"Lamar - Idle Vlogger"
07:30,141,1610874732,"Melon: Sandbox"
07:30,142,6479528256,"MONOPOLY: Bingo!"
07:30,143,6758984040,"Frost Valley™: Merge & Story"
07:30,144,1453837845,"Charades - Family & Party Game"
07:30,145,6761614488,"Apex Hunter: Animal Shooting"
07:30,146,1519174001,"Art Puzzle - Jigsaw Games"
07:30,147,6745272388,"Block Buster - No Timer"
07:30,148,6760998152,"Family Farm Merge"
07:30,149,6754098532,"RUSH: Xtreme"
07:30,150,6475757306,"Disney Solitaire"
07:30,151,6754900673,"Jigsawcard Solitaire Puzzle"
07:30,152,1344700142,"UNO!™"
07:30,153,6615086509,"NYT Crossplay: Word Games"
07:30,154,6759788962,"Lordrush"
07:30,155,6608975929,"Woodoku Blast: Block Puzzle"
07:30,156,6478063606,"Color Block: Combo Blast"
07:30,157,6754878717,"The Cozy Florist"
07:30,158,6474133872,"Find Hidden Objects - Spot It!"
07:30,159,1550945606,"Soccer Superstar"
07:30,160,1446874445,"Magic Level 9: Tap Piano Game"
07:30,161,6499306806,"Goods Puzzle: 3D Sorting Games"
07:30,162,6751270213,"Hidden Object Games: Seek It"
07:30,163,6449243946,"Snake Clash!"
07:30,164,420009108,"Temple Run"
07:30,165,6754464806,"Car Evolve"
07:30,166,1105855019,"Gardenscapes"
07:30,167,1484468651,"Dice Dreams™"
07:30,168,6450834358,"Sunday City: Life Simulator"
07:30,169,1118431695,"Bowmasters - Multiplayer Games"
07:30,170,6751270546,"Sword x Staff"
07:30,171,1104692136,"Snake.io - Fun Online Snake"
07:30,172,6504122823,"Epic Plane Evolution"
07:30,173,6760530627,"Mahjong Clash: Win Real Cash"
07:30,174,6747028173,"Hole Stars: Puzzle Game"
07:30,175,6755216191,"Color Maze - Puzzle Game"
07:30,176,6738905436,"Lavish Luck Casino"
07:30,177,6741076536,"Modo Casino Slots & Games"
07:30,178,887947640,"CSR 2 - Realistic Drag Racing"
07:30,179,6761893238,"Top Force: Commander"
07:30,180,6745003362,"Word Oasis: Calm Puzzle Game"
07:30,181,6752886832,"Hotel Legacy: Merge Game"
07:30,182,6740043080,"Screwdom"
07:30,183,1462060332,"DraftKings Casino - Real Money"
07:30,184,359917414,"Solitaire"
07:30,185,1247645833,"TCGplayer"
07:30,186,6739792763,"Jackpot Go: Slots Casino"
07:30,187,1643509748,"Merge Cooking®"
07:30,188,1512834505,"Wavelength"
07:30,189,6733244789,"Little Farm Story: Idle Tycoon"
07:30,190,1638139403,"Block Crush！"
07:30,191,1645281275,"Idle Bank Tycoon: Money Game"
07:30,192,6468762763,"ReBet: Social Sports & Casino"
07:30,193,1552206075,"Doomsday: Odysseus Returns"
07:30,194,1424246763,"Headbands: Charades Party Game"
07:30,195,6451208928,"Business Empire: RichMan"
07:30,196,6764201639,"Idle Cat Gunner: Shooter RPG"
07:30,197,6781525746,"Zoodoku！"
07:30,198,6471572249,"Fruit Merge™: Match Game"
07:30,199,6753985785,"Fruit Juice Farm"
07:30,200,6754432051,"Mahjong Cash"
08:30,1,6752672568,"Block Out! - Color Sort Puzzle"
08:30,2,6748084174,"Smash Fest!"
08:30,3,6761760135,"Meowdoku!"
08:30,4,431946152,"Roblox"
08:30,5,6499209744,"Magic Sort!"
08:30,6,6759763476,"Bus Traffic Fever!"
08:30,7,6780195090,"82-0.com"
08:30,8,6468921495,"Vita Mahjong"
08:30,9,1617391485,"Block Blast！"
08:30,10,6483539426,"Fortnite"
08:30,11,6443575749,"Whiteout Survival"
08:30,12,6757908157,"JoJo's Bizarre Adventure: GS"
08:30,13,638689075,"Township"
08:30,14,6759081967,"Jewel Coloring"
08:30,15,1608987929,"Triumph Arcade"
08:30,16,6760325543,"CubeAway - 3DPuzzle"
08:30,17,512939461,"Subway Surfers"
08:30,18,6748950306,"Solitaire Associations Journey"
08:30,19,6471045672,"Tasty Travels: Merge Game"
08:30,20,6739554056,"Kingshot"
08:30,21,6751056652,"Pixel Flow!"
08:30,22,1606549505,"Royal Kingdom"
08:30,23,6791525847,"Slow Mo Strike: Knives in Time"
08:30,24,1621328561,"MONOPOLY GO!"
08:30,25,1482155847,"Royal Match"
08:30,26,6746328263,"Castle Busters"
08:30,27,6748397500,"Arrows – Puzzle Escape"
08:30,28,6747492600,"Mahjong Blast"
08:30,29,1623318294,"Gossip Harbor®: Merge & Story"
08:30,30,1443446174,"Magic Tiles 3™: Piano Game"
08:30,31,6758326278,"Amaze GO!"
08:30,32,6780891673,"Royal Smash! - Physics Puzzle"
08:30,33,1351168404,"Among Us!"
08:30,34,6756482832,"Brain Puzzle 3: Crazy Mind"
08:30,35,6760377931,"Mahjong Rumble: Win Real Cash"
08:30,36,1287282214,"Call of Duty®: Mobile"
08:30,37,6755183085,"Yarn Loop: Knit Puzzle"
08:30,38,6756058501,"Jelly Busters: Puzzle Game"
08:30,39,1094591345,"Pokémon GO"
08:30,40,553834731,"Candy Crush Saga"
08:30,41,6744975195,"Sled Surfers"
08:30,42,6498883328,"Tile Explorer: Tiles Clear!"
08:30,43,543186831,"8 Ball Pool™"
08:30,44,6449094229,"Match Factory!"
08:30,45,1446254576,"Solitaire Cash: Win Real Money"
08:30,46,1423046460,"Paper.io 2"
08:30,47,406889139,"Coin Master"
08:30,48,6746437378,"Tang Luck: Casino Slots"
08:30,49,6738109752,"Tiles Survive!"
08:30,50,6744812012,"X-Clash: Survival Challenge"
08:30,51,6762178742,"Grand Fortune Club"
08:30,52,6745120053,"Imposter Game - Party Edition"
08:30,53,1562817072,"Mob Control"
08:30,54,6751537447,"Snake Puzzle: Slither to Eat!"
08:30,55,1389111413,"Hole.io"
08:30,56,6756288168,"Cookingo: Perfect Meal"
08:30,57,6473058122,"Charades Guess Game · Guessly"
08:30,58,880047117,"Angry Birds 2"
08:30,59,6503697761,"Playtest Pro by BestPlay"
08:30,60,6755455500,"Hollywood Merge"
08:30,61,6448104157,"Offline Games - No Wifi Games"
08:30,62,1094930513,"EA SPORTS FC Soccer Mobile 26"
08:30,63,6756185760,"Search It - Hidden Objects"
08:30,64,1522266397,"Bingo Cash - Win Real Money"
08:30,65,6768564100,"Bruno Reels Casino"
08:30,66,329218549,"Chess.com - Play and Learn"
08:30,67,1176027022,"Toon Blast"
08:30,68,1053012308,"Clash Royale"
08:30,69,6744304405,"Cider Casino - Real Money"
08:30,70,1229016807,"Brawl Stars"
08:30,71,1117270703,"eFootball™"
08:30,72,1529067679,"Warpath: Ace Shooter"
08:30,73,6757350661,"Police Chief"
08:30,74,1193508329,"Sudoku.com - Number Games"
08:30,75,6753862216,"Foodstars: Merge & Cook"
08:30,76,6761469046,"Rap Star:Idle Clicker"
08:30,77,6751794501,"Cash Avalanche:Casino Slot"
08:30,78,6769314786,"Food Hunt: Pixel Puzzle"
08:30,79,6482849843,"Goods Puzzle: Sort Challenge"
08:30,80,6446197181,"Glow Fashion Idol"
08:30,81,1660171117,"Zen Word® - Relax Puzzle Game"
08:30,82,1521236603,"Travel Town - Merge Adventure"
08:30,83,930574573,"Sniper 3D: Gun Shooting Games"
08:30,84,6782096197,"Knock Out : Physics Puzzle"
08:30,85,6784602967,"Stack Smash - 3D Puzzle Game"
08:30,86,6779167923,"Colony Flow!"
08:30,87,6761381402,"Acebet Social Casino & Slots"
08:30,88,1465731199,"2 Player Games : Offline Games"
08:30,89,6741567125,"Clash of Critters"
08:30,90,6742809194,"Warline: Sniper Strike"
08:30,91,6762268182,"Z Route: Redemption"
08:30,92,6755495631,"Packz"
08:30,93,6759412341,"EA College Football Mobile 27"
08:30,94,1330123889,"PUBG MOBILE"
08:30,95,6757154335,"Cube Land Puzzle Game"
08:30,96,698255242,"Geometry Dash Lite"
08:30,97,6758138698,"Car Sort: Color Puzzle"
08:30,98,6670441558,"Dark War:Survival"
08:30,99,6756989323,"Last Asylum: Plague"
08:30,100,6761603258,"Loop Master: Color Jam Sort"
08:30,101,1597760047,"OneState RP: Role Play Online"
08:30,102,6450413462,"CrownCoins Casino"
08:30,103,6479970832,"Pokémon TCG Pocket"
08:30,104,307569751,"NYT Games: Wordle & Crossword"
08:30,105,1545567989,"Number Match - Numbers Game"
08:30,106,6446482475,"Solitaire Smash: Real Cash!"
08:30,107,1300146617,"Free Fire: 9th Anniversary"
08:30,108,1602508478,"Word Search Explorer®"
08:30,109,6740618570,"XP Hero"
08:30,110,1207472156,"Wordscapes - Word Game"
08:30,111,6754009969,"Jackpot Nights"
08:30,112,1642607669,"Game of Thrones: Dragonfire"
08:30,113,981633844,"Block Craft 3D: Building Games"
08:30,114,1366478176,"Meta Horizon"
08:30,115,1407852246,"Happy Color® – Coloring Games"
08:30,116,6751101794,"Loop Sort"
08:30,117,1274132545,"Total Battle: War Strategy"
08:30,118,6477413486,"Level Devil - NOT A Troll Game"
08:30,119,1664415775,"Royal Cooking"
08:30,120,6739069151,"Crossword Go!"
08:30,121,6741503079,"Pokémon Champions"
08:30,122,1486214495,"Brain Test: Tricky Puzzles"
08:30,123,6566176181,"Gleaming Slots - Win Real Cash"
08:30,124,6450917563,"Pizza Ready!"
08:30,125,893677096,"Plants vs. Zombies™"
08:30,126,529479190,"Clash of Clans"
08:30,127,6503272652,"Last Z: Survival Shooter"
08:30,128,6743385713,"Wool Crush™-Escape Traffic Jam"
08:30,129,1635760774,"My Perfect Hotel"
08:30,130,6767091927,"Jigsaw Drop: Solitaire Puzzle"
08:30,131,1492722342,"Animals & Coins Adventure Game"
08:30,132,6738114176,"Stake US - Casino & Slots"
08:30,133,6762267809,"Arrow Pro 3D"
08:30,134,6745761596,"Coin Master - Board Adventure"
08:30,135,6742410648,"WhoLiked? - Guess Who Reposted"
08:30,136,1475514684,"Bubble Cash"
08:30,137,6779310326,"Coin Collector!"
08:30,138,6754558455,"Marble Sort!"
08:30,139,6743368869,"Draft Showdown"
08:30,140,1595314851,"Lamar - Idle Vlogger"
08:30,141,1610874732,"Melon: Sandbox"
08:30,142,6479528256,"MONOPOLY: Bingo!"
08:30,143,6758984040,"Frost Valley™: Merge & Story"
08:30,144,1453837845,"Charades - Family & Party Game"
08:30,145,6761614488,"Apex Hunter: Animal Shooting"
08:30,146,1519174001,"Art Puzzle - Jigsaw Games"
08:30,147,6745272388,"Block Buster - No Timer"
08:30,148,6760998152,"Family Farm Merge"
08:30,149,6754098532,"RUSH: Xtreme"
08:30,150,6475757306,"Disney Solitaire"
08:30,151,6754900673,"Jigsawcard Solitaire Puzzle"
08:30,152,1344700142,"UNO!™"
08:30,153,6615086509,"NYT Crossplay: Word Games"
08:30,154,6759788962,"Lordrush"
08:30,155,6608975929,"Woodoku Blast: Block Puzzle"
08:30,156,6478063606,"Color Block: Combo Blast"
08:30,157,6754878717,"The Cozy Florist"
08:30,158,6474133872,"Find Hidden Objects - Spot It!"
08:30,159,1550945606,"Soccer Superstar"
08:30,160,1446874445,"Magic Level 9: Tap Piano Game"
08:30,161,6499306806,"Goods Puzzle: 3D Sorting Games"
08:30,162,6751270213,"Hidden Object Games: Seek It"
08:30,163,6449243946,"Snake Clash!"
08:30,164,420009108,"Temple Run"
08:30,165,6754464806,"Car Evolve"
08:30,166,1105855019,"Gardenscapes"
08:30,167,1484468651,"Dice Dreams™"
08:30,168,6450834358,"Sunday City: Life Simulator"
08:30,169,1118431695,"Bowmasters - Multiplayer Games"
08:30,170,6751270546,"Sword x Staff"
08:30,171,1104692136,"Snake.io - Fun Online Snake"
08:30,172,6504122823,"Epic Plane Evolution"
08:30,173,6760530627,"Mahjong Clash: Win Real Cash"
08:30,174,6747028173,"Hole Stars: Puzzle Game"
08:30,175,6755216191,"Color Maze - Puzzle Game"
08:30,176,6738905436,"Lavish Luck Casino"
08:30,177,6741076536,"Modo Casino Slots & Games"
08:30,178,887947640,"CSR 2 - Realistic Drag Racing"
08:30,179,6761893238,"Top Force: Commander"
08:30,180,6745003362,"Word Oasis: Calm Puzzle Game"
08:30,181,6752886832,"Hotel Legacy: Merge Game"
08:30,182,6740043080,"Screwdom"
08:30,183,1462060332,"DraftKings Casino - Real Money"
08:30,184,359917414,"Solitaire"
08:30,185,1247645833,"TCGplayer"
08:30,186,6739792763,"Jackpot Go: Slots Casino"
08:30,187,1643509748,"Merge Cooking®"
08:30,188,1512834505,"Wavelength"
08:30,189,6733244789,"Little Farm Story: Idle Tycoon"
08:30,190,1638139403,"Block Crush！"
08:30,191,1645281275,"Idle Bank Tycoon: Money Game"
08:30,192,6468762763,"ReBet: Social Sports & Casino"
08:30,193,1552206075,"Doomsday: Odysseus Returns"
08:30,194,1424246763,"Headbands: Charades Party Game"
08:30,195,6451208928,"Business Empire: RichMan"
08:30,196,6764201639,"Idle Cat Gunner: Shooter RPG"
08:30,197,6781525746,"Zoodoku！"
08:30,198,6471572249,"Fruit Merge™: Match Game"
08:30,199,6753985785,"Fruit Juice Farm"
08:30,200,6754432051,"Mahjong Cash"
09:30,1,6752672568,"Block Out! - Color Sort Puzzle"
09:30,2,6748084174,"Smash Fest!"
09:30,3,6761760135,"Meowdoku!"
09:30,4,431946152,"Roblox"
09:30,5,6499209744,"Magic Sort!"
09:30,6,6759763476,"Bus Traffic Fever!"
09:30,7,6780195090,"82-0.com"
09:30,8,6468921495,"Vita Mahjong"
09:30,9,1617391485,"Block Blast！"
09:30,10,6483539426,"Fortnite"
09:30,11,6443575749,"Whiteout Survival"
09:30,12,6757908157,"JoJo's Bizarre Adventure: GS"
09:30,13,638689075,"Township"
09:30,14,6759081967,"Jewel Coloring"
09:30,15,1608987929,"Triumph Arcade"
09:30,16,6760325543,"CubeAway - 3DPuzzle"
09:30,17,512939461,"Subway Surfers"
09:30,18,6748950306,"Solitaire Associations Journey"
09:30,19,6471045672,"Tasty Travels: Merge Game"
09:30,20,6739554056,"Kingshot"
09:30,21,6751056652,"Pixel Flow!"
09:30,22,1606549505,"Royal Kingdom"
09:30,23,6791525847,"Slow Mo Strike: Knives in Time"
09:30,24,1621328561,"MONOPOLY GO!"
09:30,25,1482155847,"Royal Match"
09:30,26,6746328263,"Castle Busters"
09:30,27,6748397500,"Arrows – Puzzle Escape"
09:30,28,6747492600,"Mahjong Blast"
09:30,29,1623318294,"Gossip Harbor®: Merge & Story"
09:30,30,1443446174,"Magic Tiles 3™: Piano Game"
09:30,31,6758326278,"Amaze GO!"
09:30,32,6780891673,"Royal Smash! - Physics Puzzle"
09:30,33,1351168404,"Among Us!"
09:30,34,6756482832,"Brain Puzzle 3: Crazy Mind"
09:30,35,6760377931,"Mahjong Rumble: Win Real Cash"
09:30,36,1287282214,"Call of Duty®: Mobile"
09:30,37,6755183085,"Yarn Loop: Knit Puzzle"
09:30,38,6756058501,"Jelly Busters: Puzzle Game"
09:30,39,1094591345,"Pokémon GO"
09:30,40,553834731,"Candy Crush Saga"
09:30,41,6744975195,"Sled Surfers"
09:30,42,6498883328,"Tile Explorer: Tiles Clear!"
09:30,43,543186831,"8 Ball Pool™"
09:30,44,6449094229,"Match Factory!"
09:30,45,1446254576,"Solitaire Cash: Win Real Money"
09:30,46,1423046460,"Paper.io 2"
09:30,47,406889139,"Coin Master"
09:30,48,6746437378,"Tang Luck: Casino Slots"
09:30,49,6738109752,"Tiles Survive!"
09:30,50,6744812012,"X-Clash: Survival Challenge"
09:30,51,6762178742,"Grand Fortune Club"
09:30,52,6745120053,"Imposter Game - Party Edition"
09:30,53,1562817072,"Mob Control"
09:30,54,6751537447,"Snake Puzzle: Slither to Eat!"
09:30,55,1389111413,"Hole.io"
09:30,56,6756288168,"Cookingo: Perfect Meal"
09:30,57,6473058122,"Charades Guess Game · Guessly"
09:30,58,880047117,"Angry Birds 2"
09:30,59,6503697761,"Playtest Pro by BestPlay"
09:30,60,6755455500,"Hollywood Merge"
09:30,61,6448104157,"Offline Games - No Wifi Games"
09:30,62,1094930513,"EA SPORTS FC Soccer Mobile 26"
09:30,63,6756185760,"Search It - Hidden Objects"
09:30,64,1522266397,"Bingo Cash - Win Real Money"
09:30,65,6768564100,"Bruno Reels Casino"
09:30,66,329218549,"Chess.com - Play and Learn"
09:30,67,1176027022,"Toon Blast"
09:30,68,1053012308,"Clash Royale"
09:30,69,6744304405,"Cider Casino - Real Money"
09:30,70,1229016807,"Brawl Stars"
09:30,71,1117270703,"eFootball™"
09:30,72,1529067679,"Warpath: Ace Shooter"
09:30,73,6757350661,"Police Chief"
09:30,74,1193508329,"Sudoku.com - Number Games"
09:30,75,6753862216,"Foodstars: Merge & Cook"
09:30,76,6761469046,"Rap Star:Idle Clicker"
09:30,77,6751794501,"Cash Avalanche:Casino Slot"
09:30,78,6769314786,"Food Hunt: Pixel Puzzle"
09:30,79,6482849843,"Goods Puzzle: Sort Challenge"
09:30,80,6446197181,"Glow Fashion Idol"
09:30,81,1660171117,"Zen Word® - Relax Puzzle Game"
09:30,82,1521236603,"Travel Town - Merge Adventure"
09:30,83,930574573,"Sniper 3D: Gun Shooting Games"
09:30,84,6782096197,"Knock Out : Physics Puzzle"
09:30,85,6784602967,"Stack Smash - 3D Puzzle Game"
09:30,86,6779167923,"Colony Flow!"
09:30,87,6761381402,"Acebet Social Casino & Slots"
09:30,88,1465731199,"2 Player Games : Offline Games"
09:30,89,6741567125,"Clash of Critters"
09:30,90,6742809194,"Warline: Sniper Strike"
09:30,91,6762268182,"Z Route: Redemption"
09:30,92,6755495631,"Packz"
09:30,93,6759412341,"EA College Football Mobile 27"
09:30,94,1330123889,"PUBG MOBILE"
09:30,95,6757154335,"Cube Land Puzzle Game"
09:30,96,698255242,"Geometry Dash Lite"
09:30,97,6758138698,"Car Sort: Color Puzzle"
09:30,98,6670441558,"Dark War:Survival"
09:30,99,6756989323,"Last Asylum: Plague"
09:30,100,6761603258,"Loop Master: Color Jam Sort"
09:30,101,1597760047,"OneState RP: Role Play Online"
09:30,102,6450413462,"CrownCoins Casino"
09:30,103,6479970832,"Pokémon TCG Pocket"
09:30,104,307569751,"NYT Games: Wordle & Crossword"
09:30,105,1545567989,"Number Match - Numbers Game"
09:30,106,6446482475,"Solitaire Smash: Real Cash!"
09:30,107,1300146617,"Free Fire: 9th Anniversary"
09:30,108,1602508478,"Word Search Explorer®"
09:30,109,6740618570,"XP Hero"
09:30,110,1207472156,"Wordscapes - Word Game"
09:30,111,6754009969,"Jackpot Nights"
09:30,112,1642607669,"Game of Thrones: Dragonfire"
09:30,113,981633844,"Block Craft 3D: Building Games"
09:30,114,1366478176,"Meta Horizon"
09:30,115,1407852246,"Happy Color® – Coloring Games"
09:30,116,6751101794,"Loop Sort"
09:30,117,1274132545,"Total Battle: War Strategy"
09:30,118,6477413486,"Level Devil - NOT A Troll Game"
09:30,119,1664415775,"Royal Cooking"
09:30,120,6739069151,"Crossword Go!"
09:30,121,6741503079,"Pokémon Champions"
09:30,122,1486214495,"Brain Test: Tricky Puzzles"
09:30,123,6566176181,"Gleaming Slots - Win Real Cash"
09:30,124,6450917563,"Pizza Ready!"
09:30,125,893677096,"Plants vs. Zombies™"
09:30,126,529479190,"Clash of Clans"
09:30,127,6503272652,"Last Z: Survival Shooter"
09:30,128,6743385713,"Wool Crush™-Escape Traffic Jam"
09:30,129,1635760774,"My Perfect Hotel"
09:30,130,6767091927,"Jigsaw Drop: Solitaire Puzzle"
09:30,131,1492722342,"Animals & Coins Adventure Game"
09:30,132,6738114176,"Stake US - Casino & Slots"
09:30,133,6762267809,"Arrow Pro 3D"
09:30,134,6745761596,"Coin Master - Board Adventure"
09:30,135,6742410648,"WhoLiked? - Guess Who Reposted"
09:30,136,1475514684,"Bubble Cash"
09:30,137,6779310326,"Coin Collector!"
09:30,138,6754558455,"Marble Sort!"
09:30,139,6743368869,"Draft Showdown"
09:30,140,1595314851,"Lamar - Idle Vlogger"
09:30,141,1610874732,"Melon: Sandbox"
09:30,142,6479528256,"MONOPOLY: Bingo!"
09:30,143,6758984040,"Frost Valley™: Merge & Story"
09:30,144,1453837845,"Charades - Family & Party Game"
09:30,145,6761614488,"Apex Hunter: Animal Shooting"
09:30,146,1519174001,"Art Puzzle - Jigsaw Games"
09:30,147,6745272388,"Block Buster - No Timer"
09:30,148,6760998152,"Family Farm Merge"
09:30,149,6754098532,"RUSH: Xtreme"
09:30,150,6475757306,"Disney Solitaire"
09:30,151,6754900673,"Jigsawcard Solitaire Puzzle"
09:30,152,1344700142,"UNO!™"
09:30,153,6615086509,"NYT Crossplay: Word Games"
09:30,154,6759788962,"Lordrush"
09:30,155,6608975929,"Woodoku Blast: Block Puzzle"
09:30,156,6478063606,"Color Block: Combo Blast"
09:30,157,6754878717,"The Cozy Florist"
09:30,158,6474133872,"Find Hidden Objects - Spot It!"
09:30,159,1550945606,"Soccer Superstar"
09:30,160,1446874445,"Magic Level 9: Tap Piano Game"
09:30,161,6499306806,"Goods Puzzle: 3D Sorting Games"
09:30,162,6751270213,"Hidden Object Games: Seek It"
09:30,163,6449243946,"Snake Clash!"
09:30,164,420009108,"Temple Run"
09:30,165,6754464806,"Car Evolve"
09:30,166,1105855019,"Gardenscapes"
09:30,167,1484468651,"Dice Dreams™"
09:30,168,6450834358,"Sunday City: Life Simulator"
09:30,169,1118431695,"Bowmasters - Multiplayer Games"
09:30,170,6751270546,"Sword x Staff"
09:30,171,1104692136,"Snake.io - Fun Online Snake"
09:30,172,6504122823,"Epic Plane Evolution"
09:30,173,6760530627,"Mahjong Clash: Win Real Cash"
09:30,174,6747028173,"Hole Stars: Puzzle Game"
09:30,175,6755216191,"Color Maze - Puzzle Game"
09:30,176,6738905436,"Lavish Luck Casino"
09:30,177,6741076536,"Modo Casino Slots & Games"
09:30,178,887947640,"CSR 2 - Realistic Drag Racing"
09:30,179,6761893238,"Top Force: Commander"
09:30,180,6745003362,"Word Oasis: Calm Puzzle Game"
09:30,181,6752886832,"Hotel Legacy: Merge Game"
09:30,182,6740043080,"Screwdom"
09:30,183,1462060332,"DraftKings Casino - Real Money"
09:30,184,359917414,"Solitaire"
09:30,185,1247645833,"TCGplayer"
09:30,186,6739792763,"Jackpot Go: Slots Casino"
09:30,187,1643509748,"Merge Cooking®"
09:30,188,1512834505,"Wavelength"
09:30,189,6733244789,"Little Farm Story: Idle Tycoon"
09:30,190,1638139403,"Block Crush！"
09:30,191,1645281275,"Idle Bank Tycoon: Money Game"
09:30,192,6468762763,"ReBet: Social Sports & Casino"
09:30,193,1552206075,"Doomsday: Odysseus Returns"
09:30,194,1424246763,"Headbands: Charades Party Game"
09:30,195,6451208928,"Business Empire: RichMan"
09:30,196,6764201639,"Idle Cat Gunner: Shooter RPG"
09:30,197,6781525746,"Zoodoku！"
09:30,198,6471572249,"Fruit Merge™: Match Game"
09:30,199,6753985785,"Fruit Juice Farm"
09:30,200,6754432051,"Mahjong Cash"
11:00,1,6752672568,"Block Out! - Color Sort Puzzle"
11:00,2,6748084174,"Smash Fest!"
11:00,3,6761760135,"Meowdoku!"
11:00,4,431946152,"Roblox"
11:00,5,6499209744,"Magic Sort!"
11:00,6,6759763476,"Bus Traffic Fever!"
11:00,7,6780195090,"82-0.com"
11:00,8,6468921495,"Vita Mahjong"
11:00,9,6483539426,"Fortnite"
11:00,10,1617391485,"Block Blast！"
11:00,11,6443575749,"Whiteout Survival"
11:00,12,638689075,"Township"
11:00,13,6757908157,"JoJo's Bizarre Adventure: GS"
11:00,14,6759081967,"Jewel Coloring"
11:00,15,1608987929,"Triumph Arcade"
11:00,16,6760325543,"CubeAway - 3DPuzzle"
11:00,17,512939461,"Subway Surfers"
11:00,18,6471045672,"Tasty Travels: Merge Game"
11:00,19,6748950306,"Solitaire Associations Journey"
11:00,20,6751056652,"Pixel Flow!"
11:00,21,1606549505,"Royal Kingdom"
11:00,22,6739554056,"Kingshot"
11:00,23,1621328561,"MONOPOLY GO!"
11:00,24,1482155847,"Royal Match"
11:00,25,6746328263,"Castle Busters"
11:00,26,6791525847,"Slow Mo Strike: Knives in Time"
11:00,27,6748397500,"Arrows – Puzzle Escape"
11:00,28,1623318294,"Gossip Harbor®: Merge & Story"
11:00,29,6747492600,"Mahjong Blast"
11:00,30,1443446174,"Magic Tiles 3™: Piano Game"
11:00,31,6758326278,"Amaze GO!"
11:00,32,6780891673,"Royal Smash! - Physics Puzzle"
11:00,33,1351168404,"Among Us!"
11:00,34,6756482832,"Brain Puzzle 3: Crazy Mind"
11:00,35,6755183085,"Yarn Loop: Knit Puzzle"
11:00,36,1287282214,"Call of Duty®: Mobile"
11:00,37,6744975195,"Sled Surfers"
11:00,38,1094591345,"Pokémon GO"
11:00,39,6756058501,"Jelly Busters: Puzzle Game"
11:00,40,6760377931,"Mahjong Rumble: Win Real Cash"
11:00,41,553834731,"Candy Crush Saga"
11:00,42,6498883328,"Tile Explorer: Tiles Clear!"
11:00,43,6449094229,"Match Factory!"
11:00,44,543186831,"8 Ball Pool™"
11:00,45,1446254576,"Solitaire Cash: Win Real Money"
11:00,46,1423046460,"Paper.io 2"
11:00,47,6745120053,"Imposter Game - Party Edition"
11:00,48,406889139,"Coin Master"
11:00,49,6744812012,"X-Clash: Survival Challenge"
11:00,50,6762178742,"Grand Fortune Club"
11:00,51,6746437378,"Tang Luck: Casino Slots"
11:00,52,6473058122,"Charades Guess Game · Guessly"
11:00,53,1562817072,"Mob Control"
11:00,54,6751537447,"Snake Puzzle: Slither to Eat!"
11:00,55,6738109752,"Tiles Survive!"
11:00,56,6756288168,"Cookingo: Perfect Meal"
11:00,57,1389111413,"Hole.io"
11:00,58,6755455500,"Hollywood Merge"
11:00,59,6503697761,"Playtest Pro by BestPlay"
11:00,60,880047117,"Angry Birds 2"
11:00,61,1094930513,"EA SPORTS FC Soccer Mobile 26"
11:00,62,6756185760,"Search It - Hidden Objects"
11:00,63,6448104157,"Offline Games - No Wifi Games"
11:00,64,6768564100,"Bruno Reels Casino"
11:00,65,1522266397,"Bingo Cash - Win Real Money"
11:00,66,329218549,"Chess.com - Play and Learn"
11:00,67,6744304405,"Cider Casino - Real Money"
11:00,68,1053012308,"Clash Royale"
11:00,69,1229016807,"Brawl Stars"
11:00,70,1176027022,"Toon Blast"
11:00,71,6769314786,"Food Hunt: Pixel Puzzle"
11:00,72,6757350661,"Police Chief"
11:00,73,1465731199,"2 Player Games : Offline Games"
11:00,74,1193508329,"Sudoku.com - Number Games"
11:00,75,1117270703,"eFootball™"
11:00,76,6753862216,"Foodstars: Merge & Cook"
11:00,77,1529067679,"Warpath: Ace Shooter"
11:00,78,6751794501,"Cash Avalanche:Casino Slot"
11:00,79,6482849843,"Goods Puzzle: Sort Challenge"
11:00,80,6761469046,"Rap Star:Idle Clicker"
11:00,81,6782096197,"Knock Out : Physics Puzzle"
11:00,82,6784602967,"Stack Smash - 3D Puzzle Game"
11:00,83,930574573,"Sniper 3D: Gun Shooting Games"
11:00,84,1521236603,"Travel Town - Merge Adventure"
11:00,85,1660171117,"Zen Word® - Relax Puzzle Game"
11:00,86,6761381402,"Acebet Social Casino & Slots"
11:00,87,6446197181,"Glow Fashion Idol"
11:00,88,6762268182,"Z Route: Redemption"
11:00,89,6741567125,"Clash of Critters"
11:00,90,6759412341,"EA College Football Mobile 27"
11:00,91,698255242,"Geometry Dash Lite"
11:00,92,6755495631,"Packz"
11:00,93,6670441558,"Dark War:Survival"
11:00,94,6757154335,"Cube Land Puzzle Game"
11:00,95,6742809194,"Warline: Sniper Strike"
11:00,96,6758138698,"Car Sort: Color Puzzle"
11:00,97,6756989323,"Last Asylum: Plague"
11:00,98,1330123889,"PUBG MOBILE"
11:00,99,6450413462,"CrownCoins Casino"
11:00,100,6479970832,"Pokémon TCG Pocket"
11:00,101,1597760047,"OneState RP: Role Play Online"
11:00,102,307569751,"NYT Games: Wordle & Crossword"
11:00,103,6779167923,"Colony Flow!"
11:00,104,1366478176,"Meta Horizon"
11:00,105,981633844,"Block Craft 3D: Building Games"
11:00,106,6761603258,"Loop Master: Color Jam Sort"
11:00,107,1207472156,"Wordscapes - Word Game"
11:00,108,6446482475,"Solitaire Smash: Real Cash!"
11:00,109,1602508478,"Word Search Explorer®"
11:00,110,1642607669,"Game of Thrones: Dragonfire"
11:00,111,6740618570,"XP Hero"
11:00,112,6754009969,"Jackpot Nights"
11:00,113,6477413486,"Level Devil - NOT A Troll Game"
11:00,114,1545567989,"Number Match - Numbers Game"
11:00,115,1300146617,"Free Fire: 9th Anniversary"
11:00,116,1664415775,"Royal Cooking"
11:00,117,6741503079,"Pokémon Champions"
11:00,118,1407852246,"Happy Color® – Coloring Games"
11:00,119,1486214495,"Brain Test: Tricky Puzzles"
11:00,120,1635760774,"My Perfect Hotel"
11:00,121,6566176181,"Gleaming Slots - Win Real Cash"
11:00,122,6767091927,"Jigsaw Drop: Solitaire Puzzle"
11:00,123,1274132545,"Total Battle: War Strategy"
11:00,124,6751101794,"Loop Sort"
11:00,125,6450917563,"Pizza Ready!"
11:00,126,6743385713,"Wool Crush™-Escape Traffic Jam"
11:00,127,6779310326,"Coin Collector!"
11:00,128,1595314851,"Lamar - Idle Vlogger"
11:00,129,6503272652,"Last Z: Survival Shooter"
11:00,130,893677096,"Plants vs. Zombies™"
11:00,131,6739069151,"Crossword Go!"
11:00,132,6738114176,"Stake US - Casino & Slots"
11:00,133,1453837845,"Charades - Family & Party Game"
11:00,134,529479190,"Clash of Clans"
11:00,135,6762267809,"Arrow Pro 3D"
11:00,136,6742410648,"WhoLiked? - Guess Who Reposted"
11:00,137,6745761596,"Coin Master - Board Adventure"
11:00,138,1492722342,"Animals & Coins Adventure Game"
11:00,139,1475514684,"Bubble Cash"
11:00,140,6743368869,"Draft Showdown"
11:00,141,1610874732,"Melon: Sandbox"
11:00,142,6754098532,"RUSH: Xtreme"
11:00,143,6754558455,"Marble Sort!"
11:00,144,6758984040,"Frost Valley™: Merge & Story"
11:00,145,6745272388,"Block Buster - No Timer"
11:00,146,6754464806,"Car Evolve"
11:00,147,1344700142,"UNO!™"
11:00,148,6615086509,"NYT Crossplay: Word Games"
11:00,149,6475757306,"Disney Solitaire"
11:00,150,6479528256,"MONOPOLY: Bingo!"
11:00,151,6478063606,"Color Block: Combo Blast"
11:00,152,6754900673,"Jigsawcard Solitaire Puzzle"
11:00,153,1550945606,"Soccer Superstar"
11:00,154,6504122823,"Epic Plane Evolution"
11:00,155,6499306806,"Goods Puzzle: 3D Sorting Games"
11:00,156,6759788962,"Lordrush"
11:00,157,6608975929,"Woodoku Blast: Block Puzzle"
11:00,158,1519174001,"Art Puzzle - Jigsaw Games"
11:00,159,6474133872,"Find Hidden Objects - Spot It!"
11:00,160,1446874445,"Magic Level 9: Tap Piano Game"
11:00,161,6754878717,"The Cozy Florist"
11:00,162,6449243946,"Snake Clash!"
11:00,163,1104692136,"Snake.io - Fun Online Snake"
11:00,164,1105855019,"Gardenscapes"
11:00,165,420009108,"Temple Run"
11:00,166,1118431695,"Bowmasters - Multiplayer Games"
11:00,167,6751270213,"Hidden Object Games: Seek It"
11:00,168,6751270546,"Sword x Staff"
11:00,169,6450834358,"Sunday City: Life Simulator"
11:00,170,1424246763,"Headbands: Charades Party Game"
11:00,171,6738905436,"Lavish Luck Casino"
11:00,172,1512834505,"Wavelength"
11:00,173,6760998152,"Family Farm Merge"
11:00,174,1247645833,"TCGplayer"
11:00,175,6468762763,"ReBet: Social Sports & Casino"
11:00,176,6752886832,"Hotel Legacy: Merge Game"
11:00,177,6761614488,"Apex Hunter: Animal Shooting"
11:00,178,6755216191,"Color Maze - Puzzle Game"
11:00,179,6760530627,"Mahjong Clash: Win Real Cash"
11:00,180,1462060332,"DraftKings Casino - Real Money"
11:00,181,1484468651,"Dice Dreams™"
11:00,182,1643509748,"Merge Cooking®"
11:00,183,6753985785,"Fruit Juice Farm"
11:00,184,1638139403,"Block Crush！"
11:00,185,887947640,"CSR 2 - Realistic Drag Racing"
11:00,186,6745003362,"Word Oasis: Calm Puzzle Game"
11:00,187,6741076536,"Modo Casino Slots & Games"
11:00,188,6739792763,"Jackpot Go: Slots Casino"
11:00,189,359917414,"Solitaire"
11:00,190,6733244789,"Little Farm Story: Idle Tycoon"
11:00,191,6740043080,"Screwdom"
11:00,192,6747028173,"Hole Stars: Puzzle Game"
11:00,193,1420294918,"Wordscapes Search - Word Game"
11:00,194,6451208928,"Business Empire: RichMan"
11:00,195,6761893238,"Top Force: Commander"
11:00,196,924373886,"Crossy Road"
11:00,197,6471572249,"Fruit Merge™: Match Game"
11:00,198,1645281275,"Idle Bank Tycoon: Money Game"
11:00,199,1453989822,"Aquapark.io"
11:00,200,1552206075,"Doomsday: Odysseus Returns"
12:00,1,6752672568,"Block Out! - Color Sort Puzzle"
12:00,2,6748084174,"Smash Fest!"
12:00,3,6761760135,"Meowdoku!"
12:00,4,431946152,"Roblox"
12:00,5,6499209744,"Magic Sort!"
12:00,6,6759763476,"Bus Traffic Fever!"
12:00,7,6780195090,"82-0.com"
12:00,8,6468921495,"Vita Mahjong"
12:00,9,6483539426,"Fortnite"
12:00,10,1617391485,"Block Blast！"
12:00,11,6443575749,"Whiteout Survival"
12:00,12,638689075,"Township"
12:00,13,6757908157,"JoJo's Bizarre Adventure: GS"
12:00,14,6759081967,"Jewel Coloring"
12:00,15,1608987929,"Triumph Arcade"
12:00,16,6760325543,"CubeAway - 3DPuzzle"
12:00,17,512939461,"Subway Surfers"
12:00,18,6471045672,"Tasty Travels: Merge Game"
12:00,19,6748950306,"Solitaire Associations Journey"
12:00,20,6751056652,"Pixel Flow!"
12:00,21,1606549505,"Royal Kingdom"
12:00,22,6739554056,"Kingshot"
12:00,23,1621328561,"MONOPOLY GO!"
12:00,24,1482155847,"Royal Match"
12:00,25,6746328263,"Castle Busters"
12:00,26,6791525847,"Slow Mo Strike: Knives in Time"
12:00,27,6748397500,"Arrows – Puzzle Escape"
12:00,28,1623318294,"Gossip Harbor®: Merge & Story"
12:00,29,6747492600,"Mahjong Blast"
12:00,30,1443446174,"Magic Tiles 3™: Piano Game"
12:00,31,6758326278,"Amaze GO!"
12:00,32,6780891673,"Royal Smash! - Physics Puzzle"
12:00,33,1351168404,"Among Us!"
12:00,34,6756482832,"Brain Puzzle 3: Crazy Mind"
12:00,35,6755183085,"Yarn Loop: Knit Puzzle"
12:00,36,1287282214,"Call of Duty®: Mobile"
12:00,37,6744975195,"Sled Surfers"
12:00,38,1094591345,"Pokémon GO"
12:00,39,6756058501,"Jelly Busters: Puzzle Game"
12:00,40,6760377931,"Mahjong Rumble: Win Real Cash"
12:00,41,553834731,"Candy Crush Saga"
12:00,42,6498883328,"Tile Explorer: Tiles Clear!"
12:00,43,6449094229,"Match Factory!"
12:00,44,543186831,"8 Ball Pool™"
12:00,45,1446254576,"Solitaire Cash: Win Real Money"
12:00,46,1423046460,"Paper.io 2"
12:00,47,6745120053,"Imposter Game - Party Edition"
12:00,48,406889139,"Coin Master"
12:00,49,6744812012,"X-Clash: Survival Challenge"
12:00,50,6762178742,"Grand Fortune Club"
12:00,51,6746437378,"Tang Luck: Casino Slots"
12:00,52,6473058122,"Charades Guess Game · Guessly"
12:00,53,1562817072,"Mob Control"
12:00,54,6751537447,"Snake Puzzle: Slither to Eat!"
12:00,55,6738109752,"Tiles Survive!"
12:00,56,6756288168,"Cookingo: Perfect Meal"
12:00,57,1389111413,"Hole.io"
12:00,58,6755455500,"Hollywood Merge"
12:00,59,6503697761,"Playtest Pro by BestPlay"
12:00,60,880047117,"Angry Birds 2"
12:00,61,1094930513,"EA SPORTS FC Soccer Mobile 26"
12:00,62,6756185760,"Search It - Hidden Objects"
12:00,63,6448104157,"Offline Games - No Wifi Games"
12:00,64,6768564100,"Bruno Reels Casino"
12:00,65,1522266397,"Bingo Cash - Win Real Money"
12:00,66,329218549,"Chess.com - Play and Learn"
12:00,67,6744304405,"Cider Casino - Real Money"
12:00,68,1053012308,"Clash Royale"
12:00,69,1229016807,"Brawl Stars"
12:00,70,1176027022,"Toon Blast"
12:00,71,6769314786,"Food Hunt: Pixel Puzzle"
12:00,72,6757350661,"Police Chief"
12:00,73,1465731199,"2 Player Games : Offline Games"
12:00,74,1193508329,"Sudoku.com - Number Games"
12:00,75,1117270703,"eFootball™"
12:00,76,6753862216,"Foodstars: Merge & Cook"
12:00,77,1529067679,"Warpath: Ace Shooter"
12:00,78,6751794501,"Cash Avalanche:Casino Slot"
12:00,79,6482849843,"Goods Puzzle: Sort Challenge"
12:00,80,6761469046,"Rap Star:Idle Clicker"
12:00,81,6782096197,"Knock Out : Physics Puzzle"
12:00,82,6784602967,"Stack Smash - 3D Puzzle Game"
12:00,83,930574573,"Sniper 3D: Gun Shooting Games"
12:00,84,1521236603,"Travel Town - Merge Adventure"
12:00,85,1660171117,"Zen Word® - Relax Puzzle Game"
12:00,86,6761381402,"Acebet Social Casino & Slots"
12:00,87,6446197181,"Glow Fashion Idol"
12:00,88,6762268182,"Z Route: Redemption"
12:00,89,6741567125,"Clash of Critters"
12:00,90,6759412341,"EA College Football Mobile 27"
12:00,91,698255242,"Geometry Dash Lite"
12:00,92,6755495631,"Packz"
12:00,93,6670441558,"Dark War:Survival"
12:00,94,6757154335,"Cube Land Puzzle Game"
12:00,95,6742809194,"Warline: Sniper Strike"
12:00,96,6758138698,"Car Sort: Color Puzzle"
12:00,97,6756989323,"Last Asylum: Plague"
12:00,98,1330123889,"PUBG MOBILE"
12:00,99,6450413462,"CrownCoins Casino"
12:00,100,6479970832,"Pokémon TCG Pocket"
12:00,101,1597760047,"OneState RP: Role Play Online"
12:00,102,307569751,"NYT Games: Wordle & Crossword"
12:00,103,6779167923,"Colony Flow!"
12:00,104,1366478176,"Meta Horizon"
12:00,105,981633844,"Block Craft 3D: Building Games"
12:00,106,6761603258,"Loop Master: Color Jam Sort"
12:00,107,1207472156,"Wordscapes - Word Game"
12:00,108,6446482475,"Solitaire Smash: Real Cash!"
12:00,109,1602508478,"Word Search Explorer®"
12:00,110,1642607669,"Game of Thrones: Dragonfire"
12:00,111,6740618570,"XP Hero"
12:00,112,6754009969,"Jackpot Nights"
12:00,113,6477413486,"Level Devil - NOT A Troll Game"
12:00,114,1545567989,"Number Match - Numbers Game"
12:00,115,1300146617,"Free Fire: 9th Anniversary"
12:00,116,1664415775,"Royal Cooking"
12:00,117,6741503079,"Pokémon Champions"
12:00,118,1407852246,"Happy Color® – Coloring Games"
12:00,119,1486214495,"Brain Test: Tricky Puzzles"
12:00,120,1635760774,"My Perfect Hotel"
12:00,121,6566176181,"Gleaming Slots - Win Real Cash"
12:00,122,6767091927,"Jigsaw Drop: Solitaire Puzzle"
12:00,123,1274132545,"Total Battle: War Strategy"
12:00,124,6751101794,"Loop Sort"
12:00,125,6450917563,"Pizza Ready!"
12:00,126,6743385713,"Wool Crush™-Escape Traffic Jam"
12:00,127,6779310326,"Coin Collector!"
12:00,128,1595314851,"Lamar - Idle Vlogger"
12:00,129,6503272652,"Last Z: Survival Shooter"
12:00,130,893677096,"Plants vs. Zombies™"
12:00,131,6739069151,"Crossword Go!"
12:00,132,6738114176,"Stake US - Casino & Slots"
12:00,133,1453837845,"Charades - Family & Party Game"
12:00,134,529479190,"Clash of Clans"
12:00,135,6762267809,"Arrow Pro 3D"
12:00,136,6742410648,"WhoLiked? - Guess Who Reposted"
12:00,137,6745761596,"Coin Master - Board Adventure"
12:00,138,1492722342,"Animals & Coins Adventure Game"
12:00,139,1475514684,"Bubble Cash"
12:00,140,6743368869,"Draft Showdown"
12:00,141,1610874732,"Melon: Sandbox"
12:00,142,6754098532,"RUSH: Xtreme"
12:00,143,6754558455,"Marble Sort!"
12:00,144,6758984040,"Frost Valley™: Merge & Story"
12:00,145,6745272388,"Block Buster - No Timer"
12:00,146,6754464806,"Car Evolve"
12:00,147,1344700142,"UNO!™"
12:00,148,6615086509,"NYT Crossplay: Word Games"
12:00,149,6475757306,"Disney Solitaire"
12:00,150,6479528256,"MONOPOLY: Bingo!"
12:00,151,6478063606,"Color Block: Combo Blast"
12:00,152,6754900673,"Jigsawcard Solitaire Puzzle"
12:00,153,1550945606,"Soccer Superstar"
12:00,154,6504122823,"Epic Plane Evolution"
12:00,155,6499306806,"Goods Puzzle: 3D Sorting Games"
12:00,156,6759788962,"Lordrush"
12:00,157,6608975929,"Woodoku Blast: Block Puzzle"
12:00,158,1519174001,"Art Puzzle - Jigsaw Games"
12:00,159,6474133872,"Find Hidden Objects - Spot It!"
12:00,160,1446874445,"Magic Level 9: Tap Piano Game"
12:00,161,6754878717,"The Cozy Florist"
12:00,162,6449243946,"Snake Clash!"
12:00,163,1104692136,"Snake.io - Fun Online Snake"
12:00,164,1105855019,"Gardenscapes"
12:00,165,420009108,"Temple Run"
12:00,166,1118431695,"Bowmasters - Multiplayer Games"
12:00,167,6751270213,"Hidden Object Games: Seek It"
12:00,168,6751270546,"Sword x Staff"
12:00,169,6450834358,"Sunday City: Life Simulator"
12:00,170,1424246763,"Headbands: Charades Party Game"
12:00,171,6738905436,"Lavish Luck Casino"
12:00,172,1512834505,"Wavelength"
12:00,173,6760998152,"Family Farm Merge"
12:00,174,1247645833,"TCGplayer"
12:00,175,6468762763,"ReBet: Social Sports & Casino"
12:00,176,6752886832,"Hotel Legacy: Merge Game"
12:00,177,6761614488,"Apex Hunter: Animal Shooting"
12:00,178,6755216191,"Color Maze - Puzzle Game"
12:00,179,6760530627,"Mahjong Clash: Win Real Cash"
12:00,180,1462060332,"DraftKings Casino - Real Money"
12:00,181,1484468651,"Dice Dreams™"
12:00,182,1643509748,"Merge Cooking®"
12:00,183,6753985785,"Fruit Juice Farm"
12:00,184,1638139403,"Block Crush！"
12:00,185,887947640,"CSR 2 - Realistic Drag Racing"
12:00,186,6745003362,"Word Oasis: Calm Puzzle Game"
12:00,187,6741076536,"Modo Casino Slots & Games"
12:00,188,6739792763,"Jackpot Go: Slots Casino"
12:00,189,359917414,"Solitaire"
12:00,190,6733244789,"Little Farm Story: Idle Tycoon"
12:00,191,6740043080,"Screwdom"
12:00,192,6747028173,"Hole Stars: Puzzle Game"
12:00,193,1420294918,"Wordscapes Search - Word Game"
12:00,194,6451208928,"Business Empire: RichMan"
12:00,195,6761893238,"Top Force: Commander"
12:00,196,924373886,"Crossy Road"
12:00,197,6471572249,"Fruit Merge™: Match Game"
12:00,198,1645281275,"Idle Bank Tycoon: Money Game"
12:00,199,1453989822,"Aquapark.io"
12:00,200,1552206075,"Doomsday: Odysseus Returns"
13:00,1,6752672568,"Block Out! - Color Sort Puzzle"
13:00,2,6748084174,"Smash Fest!"
13:00,3,6761760135,"Meowdoku!"
13:00,4,431946152,"Roblox"
13:00,5,6499209744,"Magic Sort!"
13:00,6,6759763476,"Bus Traffic Fever!"
13:00,7,6780195090,"82-0.com"
13:00,8,6468921495,"Vita Mahjong"
13:00,9,6483539426,"Fortnite"
13:00,10,1617391485,"Block Blast！"
13:00,11,6443575749,"Whiteout Survival"
13:00,12,638689075,"Township"
13:00,13,6757908157,"JoJo's Bizarre Adventure: GS"
13:00,14,6759081967,"Jewel Coloring"
13:00,15,1608987929,"Triumph Arcade"
13:00,16,6760325543,"CubeAway - 3DPuzzle"
13:00,17,512939461,"Subway Surfers"
13:00,18,6471045672,"Tasty Travels: Merge Game"
13:00,19,6748950306,"Solitaire Associations Journey"
13:00,20,6751056652,"Pixel Flow!"
13:00,21,1606549505,"Royal Kingdom"
13:00,22,6739554056,"Kingshot"
13:00,23,1621328561,"MONOPOLY GO!"
13:00,24,1482155847,"Royal Match"
13:00,25,6746328263,"Castle Busters"
13:00,26,6791525847,"Slow Mo Strike: Knives in Time"
13:00,27,6748397500,"Arrows – Puzzle Escape"
13:00,28,1623318294,"Gossip Harbor®: Merge & Story"
13:00,29,6747492600,"Mahjong Blast"
13:00,30,1443446174,"Magic Tiles 3™: Piano Game"
13:00,31,6758326278,"Amaze GO!"
13:00,32,6780891673,"Royal Smash! - Physics Puzzle"
13:00,33,1351168404,"Among Us!"
13:00,34,6756482832,"Brain Puzzle 3: Crazy Mind"
13:00,35,6755183085,"Yarn Loop: Knit Puzzle"
13:00,36,1287282214,"Call of Duty®: Mobile"
13:00,37,6744975195,"Sled Surfers"
13:00,38,1094591345,"Pokémon GO"
13:00,39,6756058501,"Jelly Busters: Puzzle Game"
13:00,40,6760377931,"Mahjong Rumble: Win Real Cash"
13:00,41,553834731,"Candy Crush Saga"
13:00,42,6498883328,"Tile Explorer: Tiles Clear!"
13:00,43,6449094229,"Match Factory!"
13:00,44,543186831,"8 Ball Pool™"
13:00,45,1446254576,"Solitaire Cash: Win Real Money"
13:00,46,1423046460,"Paper.io 2"
13:00,47,6745120053,"Imposter Game - Party Edition"
13:00,48,406889139,"Coin Master"
13:00,49,6744812012,"X-Clash: Survival Challenge"
13:00,50,6762178742,"Grand Fortune Club"
13:00,51,6746437378,"Tang Luck: Casino Slots"
13:00,52,6473058122,"Charades Guess Game · Guessly"
13:00,53,1562817072,"Mob Control"
13:00,54,6751537447,"Snake Puzzle: Slither to Eat!"
13:00,55,6738109752,"Tiles Survive!"
13:00,56,6756288168,"Cookingo: Perfect Meal"
13:00,57,1389111413,"Hole.io"
13:00,58,6755455500,"Hollywood Merge"
13:00,59,6503697761,"Playtest Pro by BestPlay"
13:00,60,880047117,"Angry Birds 2"
13:00,61,1094930513,"EA SPORTS FC Soccer Mobile 26"
13:00,62,6756185760,"Search It - Hidden Objects"
13:00,63,6448104157,"Offline Games - No Wifi Games"
13:00,64,6768564100,"Bruno Reels Casino"
13:00,65,1522266397,"Bingo Cash - Win Real Money"
13:00,66,329218549,"Chess.com - Play and Learn"
13:00,67,6744304405,"Cider Casino - Real Money"
13:00,68,1053012308,"Clash Royale"
13:00,69,1229016807,"Brawl Stars"
13:00,70,1176027022,"Toon Blast"
13:00,71,6769314786,"Food Hunt: Pixel Puzzle"
13:00,72,6757350661,"Police Chief"
13:00,73,1465731199,"2 Player Games : Offline Games"
13:00,74,1193508329,"Sudoku.com - Number Games"
13:00,75,1117270703,"eFootball™"
13:00,76,6753862216,"Foodstars: Merge & Cook"
13:00,77,1529067679,"Warpath: Ace Shooter"
13:00,78,6751794501,"Cash Avalanche:Casino Slot"
13:00,79,6482849843,"Goods Puzzle: Sort Challenge"
13:00,80,6761469046,"Rap Star:Idle Clicker"
13:00,81,6782096197,"Knock Out : Physics Puzzle"
13:00,82,6784602967,"Stack Smash - 3D Puzzle Game"
13:00,83,930574573,"Sniper 3D: Gun Shooting Games"
13:00,84,1521236603,"Travel Town - Merge Adventure"
13:00,85,1660171117,"Zen Word® - Relax Puzzle Game"
13:00,86,6761381402,"Acebet Social Casino & Slots"
13:00,87,6446197181,"Glow Fashion Idol"
13:00,88,6762268182,"Z Route: Redemption"
13:00,89,6741567125,"Clash of Critters"
13:00,90,6759412341,"EA College Football Mobile 27"
13:00,91,698255242,"Geometry Dash Lite"
13:00,92,6755495631,"Packz"
13:00,93,6670441558,"Dark War:Survival"
13:00,94,6757154335,"Cube Land Puzzle Game"
13:00,95,6742809194,"Warline: Sniper Strike"
13:00,96,6758138698,"Car Sort: Color Puzzle"
13:00,97,6756989323,"Last Asylum: Plague"
13:00,98,1330123889,"PUBG MOBILE"
13:00,99,6450413462,"CrownCoins Casino"
13:00,100,6479970832,"Pokémon TCG Pocket"
13:00,101,1597760047,"OneState RP: Role Play Online"
13:00,102,307569751,"NYT Games: Wordle & Crossword"
13:00,103,6779167923,"Colony Flow!"
13:00,104,1366478176,"Meta Horizon"
13:00,105,981633844,"Block Craft 3D: Building Games"
13:00,106,6761603258,"Loop Master: Color Jam Sort"
13:00,107,1207472156,"Wordscapes - Word Game"
13:00,108,6446482475,"Solitaire Smash: Real Cash!"
13:00,109,1602508478,"Word Search Explorer®"
13:00,110,1642607669,"Game of Thrones: Dragonfire"
13:00,111,6740618570,"XP Hero"
13:00,112,6754009969,"Jackpot Nights"
13:00,113,6477413486,"Level Devil - NOT A Troll Game"
13:00,114,1545567989,"Number Match - Numbers Game"
13:00,115,1300146617,"Free Fire: 9th Anniversary"
13:00,116,1664415775,"Royal Cooking"
13:00,117,6741503079,"Pokémon Champions"
13:00,118,1407852246,"Happy Color® – Coloring Games"
13:00,119,1486214495,"Brain Test: Tricky Puzzles"
13:00,120,1635760774,"My Perfect Hotel"
13:00,121,6566176181,"Gleaming Slots - Win Real Cash"
13:00,122,6767091927,"Jigsaw Drop: Solitaire Puzzle"
13:00,123,1274132545,"Total Battle: War Strategy"
13:00,124,6751101794,"Loop Sort"
13:00,125,6450917563,"Pizza Ready!"
13:00,126,6743385713,"Wool Crush™-Escape Traffic Jam"
13:00,127,6779310326,"Coin Collector!"
13:00,128,1595314851,"Lamar - Idle Vlogger"
13:00,129,6503272652,"Last Z: Survival Shooter"
13:00,130,893677096,"Plants vs. Zombies™"
13:00,131,6739069151,"Crossword Go!"
13:00,132,6738114176,"Stake US - Casino & Slots"
13:00,133,1453837845,"Charades - Family & Party Game"
13:00,134,529479190,"Clash of Clans"
13:00,135,6762267809,"Arrow Pro 3D"
13:00,136,6742410648,"WhoLiked? - Guess Who Reposted"
13:00,137,6745761596,"Coin Master - Board Adventure"
13:00,138,1492722342,"Animals & Coins Adventure Game"
13:00,139,1475514684,"Bubble Cash"
13:00,140,6743368869,"Draft Showdown"
13:00,141,1610874732,"Melon: Sandbox"
13:00,142,6754098532,"RUSH: Xtreme"
13:00,143,6754558455,"Marble Sort!"
13:00,144,6758984040,"Frost Valley™: Merge & Story"
13:00,145,6745272388,"Block Buster - No Timer"
13:00,146,6754464806,"Car Evolve"
13:00,147,1344700142,"UNO!™"
13:00,148,6615086509,"NYT Crossplay: Word Games"
13:00,149,6475757306,"Disney Solitaire"
13:00,150,6479528256,"MONOPOLY: Bingo!"
13:00,151,6478063606,"Color Block: Combo Blast"
13:00,152,6754900673,"Jigsawcard Solitaire Puzzle"
13:00,153,1550945606,"Soccer Superstar"
13:00,154,6504122823,"Epic Plane Evolution"
13:00,155,6499306806,"Goods Puzzle: 3D Sorting Games"
13:00,156,6759788962,"Lordrush"
13:00,157,6608975929,"Woodoku Blast: Block Puzzle"
13:00,158,1519174001,"Art Puzzle - Jigsaw Games"
13:00,159,6474133872,"Find Hidden Objects - Spot It!"
13:00,160,1446874445,"Magic Level 9: Tap Piano Game"
13:00,161,6754878717,"The Cozy Florist"
13:00,162,6449243946,"Snake Clash!"
13:00,163,1104692136,"Snake.io - Fun Online Snake"
13:00,164,1105855019,"Gardenscapes"
13:00,165,420009108,"Temple Run"
13:00,166,1118431695,"Bowmasters - Multiplayer Games"
13:00,167,6751270213,"Hidden Object Games: Seek It"
13:00,168,6751270546,"Sword x Staff"
13:00,169,6450834358,"Sunday City: Life Simulator"
13:00,170,1424246763,"Headbands: Charades Party Game"
13:00,171,6738905436,"Lavish Luck Casino"
13:00,172,1512834505,"Wavelength"
13:00,173,6760998152,"Family Farm Merge"
13:00,174,1247645833,"TCGplayer"
13:00,175,6468762763,"ReBet: Social Sports & Casino"
13:00,176,6752886832,"Hotel Legacy: Merge Game"
13:00,177,6761614488,"Apex Hunter: Animal Shooting"
13:00,178,6755216191,"Color Maze - Puzzle Game"
13:00,179,6760530627,"Mahjong Clash: Win Real Cash"
13:00,180,1462060332,"DraftKings Casino - Real Money"
13:00,181,1484468651,"Dice Dreams™"
13:00,182,1643509748,"Merge Cooking®"
13:00,183,6753985785,"Fruit Juice Farm"
13:00,184,1638139403,"Block Crush！"
13:00,185,887947640,"CSR 2 - Realistic Drag Racing"
13:00,186,6745003362,"Word Oasis: Calm Puzzle Game"
13:00,187,6741076536,"Modo Casino Slots & Games"
13:00,188,6739792763,"Jackpot Go: Slots Casino"
13:00,189,359917414,"Solitaire"
13:00,190,6733244789,"Little Farm Story: Idle Tycoon"
13:00,191,6740043080,"Screwdom"
13:00,192,6747028173,"Hole Stars: Puzzle Game"
13:00,193,1420294918,"Wordscapes Search - Word Game"
13:00,194,6451208928,"Business Empire: RichMan"
13:00,195,6761893238,"Top Force: Commander"
13:00,196,924373886,"Crossy Road"
13:00,197,6471572249,"Fruit Merge™: Match Game"
13:00,198,1645281275,"Idle Bank Tycoon: Money Game"
13:00,199,1453989822,"Aquapark.io"
13:00,200,1552206075,"Doomsday: Odysseus Returns"
13:30,1,6752672568,"Block Out! - Color Sort Puzzle"
13:30,2,6748084174,"Smash Fest!"
13:30,3,6761760135,"Meowdoku!"
13:30,4,6499209744,"Magic Sort!"
13:30,5,431946152,"Roblox"
13:30,6,6759763476,"Bus Traffic Fever!"
13:30,7,6468921495,"Vita Mahjong"
13:30,8,6780195090,"82-0.com"
13:30,9,6483539426,"Fortnite"
13:30,10,1617391485,"Block Blast！"
13:30,11,6443575749,"Whiteout Survival"
13:30,12,6759081967,"Jewel Coloring"
13:30,13,6760325543,"CubeAway - 3DPuzzle"
13:30,14,638689075,"Township"
13:30,15,1608987929,"Triumph Arcade"
13:30,16,6471045672,"Tasty Travels: Merge Game"
13:30,17,6751056652,"Pixel Flow!"
13:30,18,6791525847,"Slow Mo Strike: Knives in Time"
13:30,19,512939461,"Subway Surfers"
13:30,20,6748950306,"Solitaire Associations Journey"
13:30,21,6757908157,"JoJo's Bizarre Adventure: GS"
13:30,22,1606549505,"Royal Kingdom"
13:30,23,1621328561,"MONOPOLY GO!"
13:30,24,6739554056,"Kingshot"
13:30,25,1482155847,"Royal Match"
13:30,26,6747492600,"Mahjong Blast"
13:30,27,6745120053,"Imposter Game - Party Edition"
13:30,28,6780891673,"Royal Smash! - Physics Puzzle"
13:30,29,1351168404,"Among Us!"
13:30,30,1623318294,"Gossip Harbor®: Merge & Story"
13:30,31,6758326278,"Amaze GO!"
13:30,32,6746328263,"Castle Busters"
13:30,33,6748397500,"Arrows – Puzzle Escape"
13:30,34,1443446174,"Magic Tiles 3™: Piano Game"
13:30,35,6744975195,"Sled Surfers"
13:30,36,6756058501,"Jelly Busters: Puzzle Game"
13:30,37,6760377931,"Mahjong Rumble: Win Real Cash"
13:30,38,1094591345,"Pokémon GO"
13:30,39,1287282214,"Call of Duty®: Mobile"
13:30,40,6756482832,"Brain Puzzle 3: Crazy Mind"
13:30,41,6473058122,"Charades Guess Game · Guessly"
13:30,42,6498883328,"Tile Explorer: Tiles Clear!"
13:30,43,553834731,"Candy Crush Saga"
13:30,44,6755183085,"Yarn Loop: Knit Puzzle"
13:30,45,6746437378,"Tang Luck: Casino Slots"
13:30,46,543186831,"8 Ball Pool™"
13:30,47,6762178742,"Grand Fortune Club"
13:30,48,6449094229,"Match Factory!"
13:30,49,1423046460,"Paper.io 2"
13:30,50,6756185760,"Search It - Hidden Objects"
13:30,51,1446254576,"Solitaire Cash: Win Real Money"
13:30,52,6744812012,"X-Clash: Survival Challenge"
13:30,53,406889139,"Coin Master"
13:30,54,6751537447,"Snake Puzzle: Slither to Eat!"
13:30,55,6756288168,"Cookingo: Perfect Meal"
13:30,56,1562817072,"Mob Control"
13:30,57,1389111413,"Hole.io"
13:30,58,6503697761,"Playtest Pro by BestPlay"
13:30,59,880047117,"Angry Birds 2"
13:30,60,6738109752,"Tiles Survive!"
13:30,61,1094930513,"EA SPORTS FC Soccer Mobile 26"
13:30,62,329218549,"Chess.com - Play and Learn"
13:30,63,6742809194,"Warline: Sniper Strike"
13:30,64,6755455500,"Hollywood Merge"
13:30,65,6448104157,"Offline Games - No Wifi Games"
13:30,66,6769314786,"Food Hunt: Pixel Puzzle"
13:30,67,1176027022,"Toon Blast"
13:30,68,6768564100,"Bruno Reels Casino"
13:30,69,1465731199,"2 Player Games : Offline Games"
13:30,70,6744304405,"Cider Casino - Real Money"
13:30,71,1522266397,"Bingo Cash - Win Real Money"
13:30,72,6482849843,"Goods Puzzle: Sort Challenge"
13:30,73,1053012308,"Clash Royale"
13:30,74,6779167923,"Colony Flow!"
13:30,75,6446197181,"Glow Fashion Idol"
13:30,76,6757154335,"Cube Land Puzzle Game"
13:30,77,1660171117,"Zen Word® - Relax Puzzle Game"
13:30,78,6751794501,"Cash Avalanche:Casino Slot"
13:30,79,1193508329,"Sudoku.com - Number Games"
13:30,80,1453837845,"Charades - Family & Party Game"
13:30,81,6753862216,"Foodstars: Merge & Cook"
13:30,82,1229016807,"Brawl Stars"
13:30,83,6757350661,"Police Chief"
13:30,84,6784602967,"Stack Smash - 3D Puzzle Game"
13:30,85,930574573,"Sniper 3D: Gun Shooting Games"
13:30,86,1529067679,"Warpath: Ace Shooter"
13:30,87,698255242,"Geometry Dash Lite"
13:30,88,6761381402,"Acebet Social Casino & Slots"
13:30,89,1366478176,"Meta Horizon"
13:30,90,1602508478,"Word Search Explorer®"
13:30,91,6739069151,"Crossword Go!"
13:30,92,6670441558,"Dark War:Survival"
13:30,93,6767091927,"Jigsaw Drop: Solitaire Puzzle"
13:30,94,6762268182,"Z Route: Redemption"
13:30,95,6759412341,"EA College Football Mobile 27"
13:30,96,6782096197,"Knock Out : Physics Puzzle"
13:30,97,6761603258,"Loop Master: Color Jam Sort"
13:30,98,1207472156,"Wordscapes - Word Game"
13:30,99,6450413462,"CrownCoins Casino"
13:30,100,1521236603,"Travel Town - Merge Adventure"
13:30,101,6741567125,"Clash of Critters"
13:30,102,6479970832,"Pokémon TCG Pocket"
13:30,103,1117270703,"eFootball™"
13:30,104,6755495631,"Packz"
13:30,105,6761469046,"Rap Star:Idle Clicker"
13:30,106,307569751,"NYT Games: Wordle & Crossword"
13:30,107,6758138698,"Car Sort: Color Puzzle"
13:30,108,6742410648,"WhoLiked? - Guess Who Reposted"
13:30,109,1642607669,"Game of Thrones: Dragonfire"
13:30,110,6761614488,"Apex Hunter: Animal Shooting"
13:30,111,6756989323,"Last Asylum: Plague"
13:30,112,1424246763,"Headbands: Charades Party Game"
13:30,113,1407852246,"Happy Color® – Coloring Games"
13:30,114,6741503079,"Pokémon Champions"
13:30,115,6475757306,"Disney Solitaire"
13:30,116,1545567989,"Number Match - Numbers Game"
13:30,117,6477413486,"Level Devil - NOT A Troll Game"
13:30,118,981633844,"Block Craft 3D: Building Games"
13:30,119,1486214495,"Brain Test: Tricky Puzzles"
13:30,120,6566176181,"Gleaming Slots - Win Real Cash"
13:30,121,6762267809,"Arrow Pro 3D"
13:30,122,1610874732,"Melon: Sandbox"
13:30,123,1512834505,"Wavelength"
13:30,124,6738114176,"Stake US - Casino & Slots"
13:30,125,1597760047,"OneState RP: Role Play Online"
13:30,126,1664415775,"Royal Cooking"
13:30,127,6740618570,"XP Hero"
13:30,128,6743385713,"Wool Crush™-Escape Traffic Jam"
13:30,129,6779310326,"Coin Collector!"
13:30,130,6754558455,"Marble Sort!"
13:30,131,1635760774,"My Perfect Hotel"
13:30,132,6754009969,"Jackpot Nights"
13:30,133,1330123889,"PUBG MOBILE"
13:30,134,1300146617,"Free Fire: 9th Anniversary"
13:30,135,1595314851,"Lamar - Idle Vlogger"
13:30,136,6446482475,"Solitaire Smash: Real Cash!"
13:30,137,893677096,"Plants vs. Zombies™"
13:30,138,6751101794,"Loop Sort"
13:30,139,1344700142,"UNO!™"
13:30,140,6474133872,"Find Hidden Objects - Spot It!"
13:30,141,1274132545,"Total Battle: War Strategy"
13:30,142,6450917563,"Pizza Ready!"
13:30,143,6503272652,"Last Z: Survival Shooter"
13:30,144,6615086509,"NYT Crossplay: Word Games"
13:30,145,6478063606,"Color Block: Combo Blast"
13:30,146,1537890432,"Flamingo Cards: Couple Games"
13:30,147,1519174001,"Art Puzzle - Jigsaw Games"
13:30,148,529479190,"Clash of Clans"
13:30,149,6745272388,"Block Buster - No Timer"
13:30,150,6758984040,"Frost Valley™: Merge & Story"
13:30,151,6751270213,"Hidden Object Games: Seek It"
13:30,152,1475514684,"Bubble Cash"
13:30,153,6743368869,"Draft Showdown"
13:30,154,6754900673,"Jigsawcard Solitaire Puzzle"
13:30,155,6754464806,"Car Evolve"
13:30,156,6754098532,"RUSH: Xtreme"
13:30,157,6499306806,"Goods Puzzle: 3D Sorting Games"
13:30,158,6760998152,"Family Farm Merge"
13:30,159,6504122823,"Epic Plane Evolution"
13:30,160,6608975929,"Woodoku Blast: Block Puzzle"
13:30,161,1550945606,"Soccer Superstar"
13:30,162,6738905436,"Lavish Luck Casino"
13:30,163,6745761596,"Coin Master - Board Adventure"
13:30,164,6754878717,"The Cozy Florist"
13:30,165,1446874445,"Magic Level 9: Tap Piano Game"
13:30,166,6468762763,"ReBet: Social Sports & Casino"
13:30,167,6752886832,"Hotel Legacy: Merge Game"
13:30,168,6755216191,"Color Maze - Puzzle Game"
13:30,169,6761893238,"Top Force: Commander"
13:30,170,1104692136,"Snake.io - Fun Online Snake"
13:30,171,6745003362,"Word Oasis: Calm Puzzle Game"
13:30,172,6449243946,"Snake Clash!"
13:30,173,359917414,"Solitaire"
13:30,174,1247645833,"TCGplayer"
13:30,175,6751319735,"Bingo Rock"
13:30,176,1492722342,"Animals & Coins Adventure Game"
13:30,177,1462060332,"DraftKings Casino - Real Money"
13:30,178,420009108,"Temple Run"
13:30,179,6760530627,"Mahjong Clash: Win Real Cash"
13:30,180,6479528256,"MONOPOLY: Bingo!"
13:30,181,1638139403,"Block Crush！"
13:30,182,1118431695,"Bowmasters - Multiplayer Games"
13:30,183,6739792763,"Jackpot Go: Slots Casino"
13:30,184,6751270546,"Sword x Staff"
13:30,185,6753985785,"Fruit Juice Farm"
13:30,186,6450834358,"Sunday City: Life Simulator"
13:30,187,6741076536,"Modo Casino Slots & Games"
13:30,188,6759788962,"Lordrush"
13:30,189,1105855019,"Gardenscapes"
13:30,190,1553777064,"Exposed - Who's Most Likely To"
13:30,191,6740043080,"Screwdom"
13:30,192,6764201639,"Idle Cat Gunner: Shooter RPG"
13:30,193,1635318586,"Avatar World ®"
13:30,194,6747028173,"Hole Stars: Puzzle Game"
13:30,195,887947640,"CSR 2 - Realistic Drag Racing"
13:30,196,6471572249,"Fruit Merge™: Match Game"
13:30,197,924373886,"Crossy Road"
13:30,198,1420294918,"Wordscapes Search - Word Game"
13:30,199,6741471925,"Highway Racer Pro"
13:30,200,1484468651,"Dice Dreams™"
14:30,1,6752672568,"Block Out! - Color Sort Puzzle"
14:30,2,6748084174,"Smash Fest!"
14:30,3,6761760135,"Meowdoku!"
14:30,4,6499209744,"Magic Sort!"
14:30,5,431946152,"Roblox"
14:30,6,6759763476,"Bus Traffic Fever!"
14:30,7,6468921495,"Vita Mahjong"
14:30,8,6780195090,"82-0.com"
14:30,9,6483539426,"Fortnite"
14:30,10,1617391485,"Block Blast！"
14:30,11,6443575749,"Whiteout Survival"
14:30,12,6759081967,"Jewel Coloring"
14:30,13,6760325543,"CubeAway - 3DPuzzle"
14:30,14,638689075,"Township"
14:30,15,1608987929,"Triumph Arcade"
14:30,16,6471045672,"Tasty Travels: Merge Game"
14:30,17,6751056652,"Pixel Flow!"
14:30,18,6791525847,"Slow Mo Strike: Knives in Time"
14:30,19,512939461,"Subway Surfers"
14:30,20,6748950306,"Solitaire Associations Journey"
14:30,21,6757908157,"JoJo's Bizarre Adventure: GS"
14:30,22,1606549505,"Royal Kingdom"
14:30,23,1621328561,"MONOPOLY GO!"
14:30,24,6739554056,"Kingshot"
14:30,25,1482155847,"Royal Match"
14:30,26,6747492600,"Mahjong Blast"
14:30,27,6745120053,"Imposter Game - Party Edition"
14:30,28,6780891673,"Royal Smash! - Physics Puzzle"
14:30,29,1351168404,"Among Us!"
14:30,30,1623318294,"Gossip Harbor®: Merge & Story"
14:30,31,6758326278,"Amaze GO!"
14:30,32,6746328263,"Castle Busters"
14:30,33,6748397500,"Arrows – Puzzle Escape"
14:30,34,1443446174,"Magic Tiles 3™: Piano Game"
14:30,35,6744975195,"Sled Surfers"
14:30,36,6756058501,"Jelly Busters: Puzzle Game"
14:30,37,6760377931,"Mahjong Rumble: Win Real Cash"
14:30,38,1094591345,"Pokémon GO"
14:30,39,1287282214,"Call of Duty®: Mobile"
14:30,40,6756482832,"Brain Puzzle 3: Crazy Mind"
14:30,41,6473058122,"Charades Guess Game · Guessly"
14:30,42,6498883328,"Tile Explorer: Tiles Clear!"
14:30,43,553834731,"Candy Crush Saga"
14:30,44,6755183085,"Yarn Loop: Knit Puzzle"
14:30,45,6746437378,"Tang Luck: Casino Slots"
14:30,46,543186831,"8 Ball Pool™"
14:30,47,6762178742,"Grand Fortune Club"
14:30,48,6449094229,"Match Factory!"
14:30,49,1423046460,"Paper.io 2"
14:30,50,6756185760,"Search It - Hidden Objects"
14:30,51,1446254576,"Solitaire Cash: Win Real Money"
14:30,52,6744812012,"X-Clash: Survival Challenge"
14:30,53,406889139,"Coin Master"
14:30,54,6751537447,"Snake Puzzle: Slither to Eat!"
14:30,55,6756288168,"Cookingo: Perfect Meal"
14:30,56,1562817072,"Mob Control"
14:30,57,1389111413,"Hole.io"
14:30,58,6503697761,"Playtest Pro by BestPlay"
14:30,59,880047117,"Angry Birds 2"
14:30,60,6738109752,"Tiles Survive!"
14:30,61,1094930513,"EA SPORTS FC Soccer Mobile 26"
14:30,62,329218549,"Chess.com - Play and Learn"
14:30,63,6742809194,"Warline: Sniper Strike"
14:30,64,6755455500,"Hollywood Merge"
14:30,65,6448104157,"Offline Games - No Wifi Games"
14:30,66,6769314786,"Food Hunt: Pixel Puzzle"
14:30,67,1176027022,"Toon Blast"
14:30,68,6768564100,"Bruno Reels Casino"
14:30,69,1465731199,"2 Player Games : Offline Games"
14:30,70,6744304405,"Cider Casino - Real Money"
14:30,71,1522266397,"Bingo Cash - Win Real Money"
14:30,72,6482849843,"Goods Puzzle: Sort Challenge"
14:30,73,1053012308,"Clash Royale"
14:30,74,6779167923,"Colony Flow!"
14:30,75,6446197181,"Glow Fashion Idol"
14:30,76,6757154335,"Cube Land Puzzle Game"
14:30,77,1660171117,"Zen Word® - Relax Puzzle Game"
14:30,78,6751794501,"Cash Avalanche:Casino Slot"
14:30,79,1193508329,"Sudoku.com - Number Games"
14:30,80,1453837845,"Charades - Family & Party Game"
14:30,81,6753862216,"Foodstars: Merge & Cook"
14:30,82,1229016807,"Brawl Stars"
14:30,83,6757350661,"Police Chief"
14:30,84,6784602967,"Stack Smash - 3D Puzzle Game"
14:30,85,930574573,"Sniper 3D: Gun Shooting Games"
14:30,86,1529067679,"Warpath: Ace Shooter"
14:30,87,698255242,"Geometry Dash Lite"
14:30,88,6761381402,"Acebet Social Casino & Slots"
14:30,89,1366478176,"Meta Horizon"
14:30,90,1602508478,"Word Search Explorer®"
14:30,91,6739069151,"Crossword Go!"
14:30,92,6670441558,"Dark War:Survival"
14:30,93,6767091927,"Jigsaw Drop: Solitaire Puzzle"
14:30,94,6762268182,"Z Route: Redemption"
14:30,95,6759412341,"EA College Football Mobile 27"
14:30,96,6782096197,"Knock Out : Physics Puzzle"
14:30,97,6761603258,"Loop Master: Color Jam Sort"
14:30,98,1207472156,"Wordscapes - Word Game"
14:30,99,6450413462,"CrownCoins Casino"
14:30,100,1521236603,"Travel Town - Merge Adventure"
14:30,101,6741567125,"Clash of Critters"
14:30,102,6479970832,"Pokémon TCG Pocket"
14:30,103,1117270703,"eFootball™"
14:30,104,6755495631,"Packz"
14:30,105,6761469046,"Rap Star:Idle Clicker"
14:30,106,307569751,"NYT Games: Wordle & Crossword"
14:30,107,6758138698,"Car Sort: Color Puzzle"
14:30,108,6742410648,"WhoLiked? - Guess Who Reposted"
14:30,109,1642607669,"Game of Thrones: Dragonfire"
14:30,110,6761614488,"Apex Hunter: Animal Shooting"
14:30,111,6756989323,"Last Asylum: Plague"
14:30,112,1424246763,"Headbands: Charades Party Game"
14:30,113,1407852246,"Happy Color® – Coloring Games"
14:30,114,6741503079,"Pokémon Champions"
14:30,115,6475757306,"Disney Solitaire"
14:30,116,1545567989,"Number Match - Numbers Game"
14:30,117,6477413486,"Level Devil - NOT A Troll Game"
14:30,118,981633844,"Block Craft 3D: Building Games"
14:30,119,1486214495,"Brain Test: Tricky Puzzles"
14:30,120,6566176181,"Gleaming Slots - Win Real Cash"
14:30,121,6762267809,"Arrow Pro 3D"
14:30,122,1610874732,"Melon: Sandbox"
14:30,123,1512834505,"Wavelength"
14:30,124,6738114176,"Stake US - Casino & Slots"
14:30,125,1597760047,"OneState RP: Role Play Online"
14:30,126,1664415775,"Royal Cooking"
14:30,127,6740618570,"XP Hero"
14:30,128,6743385713,"Wool Crush™-Escape Traffic Jam"
14:30,129,6779310326,"Coin Collector!"
14:30,130,6754558455,"Marble Sort!"
14:30,131,1635760774,"My Perfect Hotel"
14:30,132,6754009969,"Jackpot Nights"
14:30,133,1330123889,"PUBG MOBILE"
14:30,134,1300146617,"Free Fire: 9th Anniversary"
14:30,135,1595314851,"Lamar - Idle Vlogger"
14:30,136,6446482475,"Solitaire Smash: Real Cash!"
14:30,137,893677096,"Plants vs. Zombies™"
14:30,138,6751101794,"Loop Sort"
14:30,139,1344700142,"UNO!™"
14:30,140,6474133872,"Find Hidden Objects - Spot It!"
14:30,141,1274132545,"Total Battle: War Strategy"
14:30,142,6450917563,"Pizza Ready!"
14:30,143,6503272652,"Last Z: Survival Shooter"
14:30,144,6615086509,"NYT Crossplay: Word Games"
14:30,145,6478063606,"Color Block: Combo Blast"
14:30,146,1537890432,"Flamingo Cards: Couple Games"
14:30,147,1519174001,"Art Puzzle - Jigsaw Games"
14:30,148,529479190,"Clash of Clans"
14:30,149,6745272388,"Block Buster - No Timer"
14:30,150,6758984040,"Frost Valley™: Merge & Story"
14:30,151,6751270213,"Hidden Object Games: Seek It"
14:30,152,1475514684,"Bubble Cash"
14:30,153,6743368869,"Draft Showdown"
14:30,154,6754900673,"Jigsawcard Solitaire Puzzle"
14:30,155,6754464806,"Car Evolve"
14:30,156,6754098532,"RUSH: Xtreme"
14:30,157,6499306806,"Goods Puzzle: 3D Sorting Games"
14:30,158,6760998152,"Family Farm Merge"
14:30,159,6504122823,"Epic Plane Evolution"
14:30,160,6608975929,"Woodoku Blast: Block Puzzle"
14:30,161,1550945606,"Soccer Superstar"
14:30,162,6738905436,"Lavish Luck Casino"
14:30,163,6745761596,"Coin Master - Board Adventure"
14:30,164,6754878717,"The Cozy Florist"
14:30,165,1446874445,"Magic Level 9: Tap Piano Game"
14:30,166,6468762763,"ReBet: Social Sports & Casino"
14:30,167,6752886832,"Hotel Legacy: Merge Game"
14:30,168,6755216191,"Color Maze - Puzzle Game"
14:30,169,6761893238,"Top Force: Commander"
14:30,170,1104692136,"Snake.io - Fun Online Snake"
14:30,171,6745003362,"Word Oasis: Calm Puzzle Game"
14:30,172,6449243946,"Snake Clash!"
14:30,173,359917414,"Solitaire"
14:30,174,1247645833,"TCGplayer"
14:30,175,6751319735,"Bingo Rock"
14:30,176,1492722342,"Animals & Coins Adventure Game"
14:30,177,1462060332,"DraftKings Casino - Real Money"
14:30,178,420009108,"Temple Run"
14:30,179,6760530627,"Mahjong Clash: Win Real Cash"
14:30,180,6479528256,"MONOPOLY: Bingo!"
14:30,181,1638139403,"Block Crush！"
14:30,182,1118431695,"Bowmasters - Multiplayer Games"
14:30,183,6739792763,"Jackpot Go: Slots Casino"
14:30,184,6751270546,"Sword x Staff"
14:30,185,6753985785,"Fruit Juice Farm"
14:30,186,6450834358,"Sunday City: Life Simulator"
14:30,187,6741076536,"Modo Casino Slots & Games"
14:30,188,6759788962,"Lordrush"
14:30,189,1105855019,"Gardenscapes"
14:30,190,1553777064,"Exposed - Who's Most Likely To"
14:30,191,6740043080,"Screwdom"
14:30,192,6764201639,"Idle Cat Gunner: Shooter RPG"
14:30,193,1635318586,"Avatar World ®"
14:30,194,6747028173,"Hole Stars: Puzzle Game"
14:30,195,887947640,"CSR 2 - Realistic Drag Racing"
14:30,196,6471572249,"Fruit Merge™: Match Game"
14:30,197,924373886,"Crossy Road"
14:30,198,1420294918,"Wordscapes Search - Word Game"
14:30,199,6741471925,"Highway Racer Pro"
14:30,200,1484468651,"Dice Dreams™"
15:00,1,6752672568,"Block Out! - Color Sort Puzzle"
15:00,2,6748084174,"Smash Fest!"
15:00,3,6761760135,"Meowdoku!"
15:00,4,6499209744,"Magic Sort!"
15:00,5,431946152,"Roblox"
15:00,6,6759763476,"Bus Traffic Fever!"
15:00,7,6468921495,"Vita Mahjong"
15:00,8,6780195090,"82-0.com"
15:00,9,6483539426,"Fortnite"
15:00,10,1617391485,"Block Blast！"
15:00,11,6443575749,"Whiteout Survival"
15:00,12,6759081967,"Jewel Coloring"
15:00,13,6760325543,"CubeAway - 3DPuzzle"
15:00,14,638689075,"Township"
15:00,15,1608987929,"Triumph Arcade"
15:00,16,6471045672,"Tasty Travels: Merge Game"
15:00,17,6751056652,"Pixel Flow!"
15:00,18,6791525847,"Slow Mo Strike: Knives in Time"
15:00,19,512939461,"Subway Surfers"
15:00,20,6748950306,"Solitaire Associations Journey"
15:00,21,6757908157,"JoJo's Bizarre Adventure: GS"
15:00,22,1606549505,"Royal Kingdom"
15:00,23,1621328561,"MONOPOLY GO!"
15:00,24,6739554056,"Kingshot"
15:00,25,1482155847,"Royal Match"
15:00,26,6747492600,"Mahjong Blast"
15:00,27,6745120053,"Imposter Game - Party Edition"
15:00,28,6780891673,"Royal Smash! - Physics Puzzle"
15:00,29,1351168404,"Among Us!"
15:00,30,1623318294,"Gossip Harbor®: Merge & Story"
15:00,31,6758326278,"Amaze GO!"
15:00,32,6746328263,"Castle Busters"
15:00,33,6748397500,"Arrows – Puzzle Escape"
15:00,34,1443446174,"Magic Tiles 3™: Piano Game"
15:00,35,6744975195,"Sled Surfers"
15:00,36,6756058501,"Jelly Busters: Puzzle Game"
15:00,37,6760377931,"Mahjong Rumble: Win Real Cash"
15:00,38,1094591345,"Pokémon GO"
15:00,39,1287282214,"Call of Duty®: Mobile"
15:00,40,6756482832,"Brain Puzzle 3: Crazy Mind"
15:00,41,6473058122,"Charades Guess Game · Guessly"
15:00,42,6498883328,"Tile Explorer: Tiles Clear!"
15:00,43,553834731,"Candy Crush Saga"
15:00,44,6755183085,"Yarn Loop: Knit Puzzle"
15:00,45,6746437378,"Tang Luck: Casino Slots"
15:00,46,543186831,"8 Ball Pool™"
15:00,47,6762178742,"Grand Fortune Club"
15:00,48,6449094229,"Match Factory!"
15:00,49,1423046460,"Paper.io 2"
15:00,50,6756185760,"Search It - Hidden Objects"
15:00,51,1446254576,"Solitaire Cash: Win Real Money"
15:00,52,6744812012,"X-Clash: Survival Challenge"
15:00,53,406889139,"Coin Master"
15:00,54,6751537447,"Snake Puzzle: Slither to Eat!"
15:00,55,6756288168,"Cookingo: Perfect Meal"
15:00,56,1562817072,"Mob Control"
15:00,57,1389111413,"Hole.io"
15:00,58,6503697761,"Playtest Pro by BestPlay"
15:00,59,880047117,"Angry Birds 2"
15:00,60,6738109752,"Tiles Survive!"
15:00,61,1094930513,"EA SPORTS FC Soccer Mobile 26"
15:00,62,329218549,"Chess.com - Play and Learn"
15:00,63,6742809194,"Warline: Sniper Strike"
15:00,64,6755455500,"Hollywood Merge"
15:00,65,6448104157,"Offline Games - No Wifi Games"
15:00,66,6769314786,"Food Hunt: Pixel Puzzle"
15:00,67,1176027022,"Toon Blast"
15:00,68,6768564100,"Bruno Reels Casino"
15:00,69,1465731199,"2 Player Games : Offline Games"
15:00,70,6744304405,"Cider Casino - Real Money"
15:00,71,1522266397,"Bingo Cash - Win Real Money"
15:00,72,6482849843,"Goods Puzzle: Sort Challenge"
15:00,73,1053012308,"Clash Royale"
15:00,74,6779167923,"Colony Flow!"
15:00,75,6446197181,"Glow Fashion Idol"
15:00,76,6757154335,"Cube Land Puzzle Game"
15:00,77,1660171117,"Zen Word® - Relax Puzzle Game"
15:00,78,6751794501,"Cash Avalanche:Casino Slot"
15:00,79,1193508329,"Sudoku.com - Number Games"
15:00,80,1453837845,"Charades - Family & Party Game"
15:00,81,6753862216,"Foodstars: Merge & Cook"
15:00,82,1229016807,"Brawl Stars"
15:00,83,6757350661,"Police Chief"
15:00,84,6784602967,"Stack Smash - 3D Puzzle Game"
15:00,85,930574573,"Sniper 3D: Gun Shooting Games"
15:00,86,1529067679,"Warpath: Ace Shooter"
15:00,87,698255242,"Geometry Dash Lite"
15:00,88,6761381402,"Acebet Social Casino & Slots"
15:00,89,1366478176,"Meta Horizon"
15:00,90,1602508478,"Word Search Explorer®"
15:00,91,6739069151,"Crossword Go!"
15:00,92,6670441558,"Dark War:Survival"
15:00,93,6767091927,"Jigsaw Drop: Solitaire Puzzle"
15:00,94,6762268182,"Z Route: Redemption"
15:00,95,6759412341,"EA College Football Mobile 27"
15:00,96,6782096197,"Knock Out : Physics Puzzle"
15:00,97,6761603258,"Loop Master: Color Jam Sort"
15:00,98,1207472156,"Wordscapes - Word Game"
15:00,99,6450413462,"CrownCoins Casino"
15:00,100,1521236603,"Travel Town - Merge Adventure"
15:00,101,6741567125,"Clash of Critters"
15:00,102,6479970832,"Pokémon TCG Pocket"
15:00,103,1117270703,"eFootball™"
15:00,104,6755495631,"Packz"
15:00,105,6761469046,"Rap Star:Idle Clicker"
15:00,106,307569751,"NYT Games: Wordle & Crossword"
15:00,107,6758138698,"Car Sort: Color Puzzle"
15:00,108,6742410648,"WhoLiked? - Guess Who Reposted"
15:00,109,1642607669,"Game of Thrones: Dragonfire"
15:00,110,6761614488,"Apex Hunter: Animal Shooting"
15:00,111,6756989323,"Last Asylum: Plague"
15:00,112,1424246763,"Headbands: Charades Party Game"
15:00,113,1407852246,"Happy Color® – Coloring Games"
15:00,114,6741503079,"Pokémon Champions"
15:00,115,6475757306,"Disney Solitaire"
15:00,116,1545567989,"Number Match - Numbers Game"
15:00,117,6477413486,"Level Devil - NOT A Troll Game"
15:00,118,981633844,"Block Craft 3D: Building Games"
15:00,119,1486214495,"Brain Test: Tricky Puzzles"
15:00,120,6566176181,"Gleaming Slots - Win Real Cash"
15:00,121,6762267809,"Arrow Pro 3D"
15:00,122,1610874732,"Melon: Sandbox"
15:00,123,1512834505,"Wavelength"
15:00,124,6738114176,"Stake US - Casino & Slots"
15:00,125,1597760047,"OneState RP: Role Play Online"
15:00,126,1664415775,"Royal Cooking"
15:00,127,6740618570,"XP Hero"
15:00,128,6743385713,"Wool Crush™-Escape Traffic Jam"
15:00,129,6779310326,"Coin Collector!"
15:00,130,6754558455,"Marble Sort!"
15:00,131,1635760774,"My Perfect Hotel"
15:00,132,6754009969,"Jackpot Nights"
15:00,133,1330123889,"PUBG MOBILE"
15:00,134,1300146617,"Free Fire: 9th Anniversary"
15:00,135,1595314851,"Lamar - Idle Vlogger"
15:00,136,6446482475,"Solitaire Smash: Real Cash!"
15:00,137,893677096,"Plants vs. Zombies™"
15:00,138,6751101794,"Loop Sort"
15:00,139,1344700142,"UNO!™"
15:00,140,6474133872,"Find Hidden Objects - Spot It!"
15:00,141,1274132545,"Total Battle: War Strategy"
15:00,142,6450917563,"Pizza Ready!"
15:00,143,6503272652,"Last Z: Survival Shooter"
15:00,144,6615086509,"NYT Crossplay: Word Games"
15:00,145,6478063606,"Color Block: Combo Blast"
15:00,146,1537890432,"Flamingo Cards: Couple Games"
15:00,147,1519174001,"Art Puzzle - Jigsaw Games"
15:00,148,529479190,"Clash of Clans"
15:00,149,6745272388,"Block Buster - No Timer"
15:00,150,6758984040,"Frost Valley™: Merge & Story"
15:00,151,6751270213,"Hidden Object Games: Seek It"
15:00,152,1475514684,"Bubble Cash"
15:00,153,6743368869,"Draft Showdown"
15:00,154,6754900673,"Jigsawcard Solitaire Puzzle"
15:00,155,6754464806,"Car Evolve"
15:00,156,6754098532,"RUSH: Xtreme"
15:00,157,6499306806,"Goods Puzzle: 3D Sorting Games"
15:00,158,6760998152,"Family Farm Merge"
15:00,159,6504122823,"Epic Plane Evolution"
15:00,160,6608975929,"Woodoku Blast: Block Puzzle"
15:00,161,1550945606,"Soccer Superstar"
15:00,162,6738905436,"Lavish Luck Casino"
15:00,163,6745761596,"Coin Master - Board Adventure"
15:00,164,6754878717,"The Cozy Florist"
15:00,165,1446874445,"Magic Level 9: Tap Piano Game"
15:00,166,6468762763,"ReBet: Social Sports & Casino"
15:00,167,6752886832,"Hotel Legacy: Merge Game"
15:00,168,6755216191,"Color Maze - Puzzle Game"
15:00,169,6761893238,"Top Force: Commander"
15:00,170,1104692136,"Snake.io - Fun Online Snake"
15:00,171,6745003362,"Word Oasis: Calm Puzzle Game"
15:00,172,6449243946,"Snake Clash!"
15:00,173,359917414,"Solitaire"
15:00,174,1247645833,"TCGplayer"
15:00,175,6751319735,"Bingo Rock"
15:00,176,1492722342,"Animals & Coins Adventure Game"
15:00,177,1462060332,"DraftKings Casino - Real Money"
15:00,178,420009108,"Temple Run"
15:00,179,6760530627,"Mahjong Clash: Win Real Cash"
15:00,180,6479528256,"MONOPOLY: Bingo!"
15:00,181,1638139403,"Block Crush！"
15:00,182,1118431695,"Bowmasters - Multiplayer Games"
15:00,183,6739792763,"Jackpot Go: Slots Casino"
15:00,184,6751270546,"Sword x Staff"
15:00,185,6753985785,"Fruit Juice Farm"
15:00,186,6450834358,"Sunday City: Life Simulator"
15:00,187,6741076536,"Modo Casino Slots & Games"
15:00,188,6759788962,"Lordrush"
15:00,189,1105855019,"Gardenscapes"
15:00,190,1553777064,"Exposed - Who's Most Likely To"
15:00,191,6740043080,"Screwdom"
15:00,192,6764201639,"Idle Cat Gunner: Shooter RPG"
15:00,193,1635318586,"Avatar World ®"
15:00,194,6747028173,"Hole Stars: Puzzle Game"
15:00,195,887947640,"CSR 2 - Realistic Drag Racing"
15:00,196,6471572249,"Fruit Merge™: Match Game"
15:00,197,924373886,"Crossy Road"
15:00,198,1420294918,"Wordscapes Search - Word Game"
15:00,199,6741471925,"Highway Racer Pro"
15:00,200,1484468651,"Dice Dreams™"
16:00,1,6752672568,"Block Out! - Color Sort Puzzle"
16:00,2,6748084174,"Smash Fest!"
16:00,3,6761760135,"Meowdoku!"
16:00,4,6499209744,"Magic Sort!"
16:00,5,431946152,"Roblox"
16:00,6,6759763476,"Bus Traffic Fever!"
16:00,7,6468921495,"Vita Mahjong"
16:00,8,6780195090,"82-0.com"
16:00,9,6483539426,"Fortnite"
16:00,10,1617391485,"Block Blast！"
16:00,11,6759081967,"Jewel Coloring"
16:00,12,6760325543,"CubeAway - 3DPuzzle"
16:00,13,6443575749,"Whiteout Survival"
16:00,14,1608987929,"Triumph Arcade"
16:00,15,638689075,"Township"
16:00,16,6748950306,"Solitaire Associations Journey"
16:00,17,6471045672,"Tasty Travels: Merge Game"
16:00,18,6751056652,"Pixel Flow!"
16:00,19,6791525847,"Slow Mo Strike: Knives in Time"
16:00,20,512939461,"Subway Surfers"
16:00,21,6473058122,"Charades Guess Game · Guessly"
16:00,22,6745120053,"Imposter Game - Party Edition"
16:00,23,1621328561,"MONOPOLY GO!"
16:00,24,1606549505,"Royal Kingdom"
16:00,25,6739554056,"Kingshot"
16:00,26,6757908157,"JoJo's Bizarre Adventure: GS"
16:00,27,6747492600,"Mahjong Blast"
16:00,28,1482155847,"Royal Match"
16:00,29,1623318294,"Gossip Harbor®: Merge & Story"
16:00,30,6780891673,"Royal Smash! - Physics Puzzle"
16:00,31,1351168404,"Among Us!"
16:00,32,6756058501,"Jelly Busters: Puzzle Game"
16:00,33,6758326278,"Amaze GO!"
16:00,34,6748397500,"Arrows – Puzzle Escape"
16:00,35,1443446174,"Magic Tiles 3™: Piano Game"
16:00,36,6744975195,"Sled Surfers"
16:00,37,6746328263,"Castle Busters"
16:00,38,6760377931,"Mahjong Rumble: Win Real Cash"
16:00,39,6756482832,"Brain Puzzle 3: Crazy Mind"
16:00,40,1287282214,"Call of Duty®: Mobile"
16:00,41,6755183085,"Yarn Loop: Knit Puzzle"
16:00,42,1094591345,"Pokémon GO"
16:00,43,6746437378,"Tang Luck: Casino Slots"
16:00,44,6498883328,"Tile Explorer: Tiles Clear!"
16:00,45,553834731,"Candy Crush Saga"
16:00,46,6762178742,"Grand Fortune Club"
16:00,47,543186831,"8 Ball Pool™"
16:00,48,6449094229,"Match Factory!"
16:00,49,6756185760,"Search It - Hidden Objects"
16:00,50,6751537447,"Snake Puzzle: Slither to Eat!"
16:00,51,6744812012,"X-Clash: Survival Challenge"
16:00,52,6756288168,"Cookingo: Perfect Meal"
16:00,53,1446254576,"Solitaire Cash: Win Real Money"
16:00,54,1423046460,"Paper.io 2"
16:00,55,1562817072,"Mob Control"
16:00,56,406889139,"Coin Master"
16:00,57,6779167923,"Colony Flow!"
16:00,58,6503697761,"Playtest Pro by BestPlay"
16:00,59,6738109752,"Tiles Survive!"
16:00,60,880047117,"Angry Birds 2"
16:00,61,1453837845,"Charades - Family & Party Game"
16:00,62,1389111413,"Hole.io"
16:00,63,329218549,"Chess.com - Play and Learn"
16:00,64,6482849843,"Goods Puzzle: Sort Challenge"
16:00,65,6769314786,"Food Hunt: Pixel Puzzle"
16:00,66,1094930513,"EA SPORTS FC Soccer Mobile 26"
16:00,67,1176027022,"Toon Blast"
16:00,68,6744304405,"Cider Casino - Real Money"
16:00,69,6768564100,"Bruno Reels Casino"
16:00,70,6742809194,"Warline: Sniper Strike"
16:00,71,1193508329,"Sudoku.com - Number Games"
16:00,72,6755455500,"Hollywood Merge"
16:00,73,1522266397,"Bingo Cash - Win Real Money"
16:00,74,6448104157,"Offline Games - No Wifi Games"
16:00,75,6739069151,"Crossword Go!"
16:00,76,6757154335,"Cube Land Puzzle Game"
16:00,77,1660171117,"Zen Word® - Relax Puzzle Game"
16:00,78,6446197181,"Glow Fashion Idol"
16:00,79,1465731199,"2 Player Games : Offline Games"
16:00,80,1602508478,"Word Search Explorer®"
16:00,81,6751794501,"Cash Avalanche:Casino Slot"
16:00,82,6753862216,"Foodstars: Merge & Cook"
16:00,83,6670441558,"Dark War:Survival"
16:00,84,6767091927,"Jigsaw Drop: Solitaire Puzzle"
16:00,85,1053012308,"Clash Royale"
16:00,86,6761381402,"Acebet Social Casino & Slots"
16:00,87,6757350661,"Police Chief"
16:00,88,1207472156,"Wordscapes - Word Game"
16:00,89,6784602967,"Stack Smash - 3D Puzzle Game"
16:00,90,6762268182,"Z Route: Redemption"
16:00,91,1229016807,"Brawl Stars"
16:00,92,1366478176,"Meta Horizon"
16:00,93,930574573,"Sniper 3D: Gun Shooting Games"
16:00,94,698255242,"Geometry Dash Lite"
16:00,95,6450413462,"CrownCoins Casino"
16:00,96,6761603258,"Loop Master: Color Jam Sort"
16:00,97,6742410648,"WhoLiked? - Guess Who Reposted"
16:00,98,1424246763,"Headbands: Charades Party Game"
16:00,99,1529067679,"Warpath: Ace Shooter"
16:00,100,6741567125,"Clash of Critters"
16:00,101,1545567989,"Number Match - Numbers Game"
16:00,102,6479970832,"Pokémon TCG Pocket"
16:00,103,6759412341,"EA College Football Mobile 27"
16:00,104,6782096197,"Knock Out : Physics Puzzle"
16:00,105,1407852246,"Happy Color® – Coloring Games"
16:00,106,6755495631,"Packz"
16:00,107,1521236603,"Travel Town - Merge Adventure"
16:00,108,6758138698,"Car Sort: Color Puzzle"
16:00,109,1512834505,"Wavelength"
16:00,110,6761469046,"Rap Star:Idle Clicker"
16:00,111,6741503079,"Pokémon Champions"
16:00,112,6761614488,"Apex Hunter: Animal Shooting"
16:00,113,6566176181,"Gleaming Slots - Win Real Cash"
16:00,114,307569751,"NYT Games: Wordle & Crossword"
16:00,115,1642607669,"Game of Thrones: Dragonfire"
16:00,116,1519174001,"Art Puzzle - Jigsaw Games"
16:00,117,6738114176,"Stake US - Casino & Slots"
16:00,118,6756989323,"Last Asylum: Plague"
16:00,119,1486214495,"Brain Test: Tricky Puzzles"
16:00,120,6779310326,"Coin Collector!"
16:00,121,6743385713,"Wool Crush™-Escape Traffic Jam"
16:00,122,1537890432,"Flamingo Cards: Couple Games"
16:00,123,1117270703,"eFootball™"
16:00,124,6762267809,"Arrow Pro 3D"
16:00,125,6754009969,"Jackpot Nights"
16:00,126,6475757306,"Disney Solitaire"
16:00,127,1610874732,"Melon: Sandbox"
16:00,128,6477413486,"Level Devil - NOT A Troll Game"
16:00,129,6740618570,"XP Hero"
16:00,130,1344700142,"UNO!™"
16:00,131,1635760774,"My Perfect Hotel"
16:00,132,1664415775,"Royal Cooking"
16:00,133,981633844,"Block Craft 3D: Building Games"
16:00,134,1597760047,"OneState RP: Role Play Online"
16:00,135,1595314851,"Lamar - Idle Vlogger"
16:00,136,6758984040,"Frost Valley™: Merge & Story"
16:00,137,6474133872,"Find Hidden Objects - Spot It!"
16:00,138,6446482475,"Solitaire Smash: Real Cash!"
16:00,139,6751270213,"Hidden Object Games: Seek It"
16:00,140,893677096,"Plants vs. Zombies™"
16:00,141,6450917563,"Pizza Ready!"
16:00,142,6754558455,"Marble Sort!"
16:00,143,6745272388,"Block Buster - No Timer"
16:00,144,6751101794,"Loop Sort"
16:00,145,1300146617,"Free Fire: 9th Anniversary"
16:00,146,1553777064,"Exposed - Who's Most Likely To"
16:00,147,1330123889,"PUBG MOBILE"
16:00,148,6478063606,"Color Block: Combo Blast"
16:00,149,1274132545,"Total Battle: War Strategy"
16:00,150,6615086509,"NYT Crossplay: Word Games"
16:00,151,6503272652,"Last Z: Survival Shooter"
16:00,152,6499306806,"Goods Puzzle: 3D Sorting Games"
16:00,153,6745761596,"Coin Master - Board Adventure"
16:00,154,529479190,"Clash of Clans"
16:00,155,6608975929,"Woodoku Blast: Block Puzzle"
16:00,156,6745003362,"Word Oasis: Calm Puzzle Game"
16:00,157,6743368869,"Draft Showdown"
16:00,158,6754900673,"Jigsawcard Solitaire Puzzle"
16:00,159,1475514684,"Bubble Cash"
16:00,160,6760998152,"Family Farm Merge"
16:00,161,6754098532,"RUSH: Xtreme"
16:00,162,6751319735,"Bingo Rock"
16:00,163,359917414,"Solitaire"
16:00,164,1550945606,"Soccer Superstar"
16:00,165,6738905436,"Lavish Luck Casino"
16:00,166,1462060332,"DraftKings Casino - Real Money"
16:00,167,6754464806,"Car Evolve"
16:00,168,6753985785,"Fruit Juice Farm"
16:00,169,6754878717,"The Cozy Florist"
16:00,170,6761893238,"Top Force: Commander"
16:00,171,6752886832,"Hotel Legacy: Merge Game"
16:00,172,6764201639,"Idle Cat Gunner: Shooter RPG"
16:00,173,6504122823,"Epic Plane Evolution"
16:00,174,6468762763,"ReBet: Social Sports & Casino"
16:00,175,6755216191,"Color Maze - Puzzle Game"
16:00,176,1104692136,"Snake.io - Fun Online Snake"
16:00,177,1446874445,"Magic Level 9: Tap Piano Game"
16:00,178,6740043080,"Screwdom"
16:00,179,1492722342,"Animals & Coins Adventure Game"
16:00,180,6741076536,"Modo Casino Slots & Games"
16:00,181,1420294918,"Wordscapes Search - Word Game"
16:00,182,6751270546,"Sword x Staff"
16:00,183,420009108,"Temple Run"
16:00,184,1247645833,"TCGplayer"
16:00,185,6760530627,"Mahjong Clash: Win Real Cash"
16:00,186,6739792763,"Jackpot Go: Slots Casino"
16:00,187,1105855019,"Gardenscapes"
16:00,188,1638139403,"Block Crush！"
16:00,189,1118431695,"Bowmasters - Multiplayer Games"
16:00,190,6449243946,"Snake Clash!"
16:00,191,6450834358,"Sunday City: Life Simulator"
16:00,192,6471572249,"Fruit Merge™: Match Game"
16:00,193,6747028173,"Hole Stars: Puzzle Game"
16:00,194,6479528256,"MONOPOLY: Bingo!"
16:00,195,6741471925,"Highway Racer Pro"
16:00,196,6757671759,"Water Sort Puzzle - Order Up"
16:00,197,1635318586,"Avatar World ®"
16:00,198,887947640,"CSR 2 - Realistic Drag Racing"
16:00,199,6754432051,"Mahjong Cash"
16:00,200,924373886,"Crossy Road"
16:30,1,6752672568,"Block Out! - Color Sort Puzzle"
16:30,2,6748084174,"Smash Fest!"
16:30,3,6761760135,"Meowdoku!"
16:30,4,6499209744,"Magic Sort!"
16:30,5,431946152,"Roblox"
16:30,6,6759763476,"Bus Traffic Fever!"
16:30,7,6468921495,"Vita Mahjong"
16:30,8,6780195090,"82-0.com"
16:30,9,6483539426,"Fortnite"
16:30,10,1617391485,"Block Blast！"
16:30,11,6759081967,"Jewel Coloring"
16:30,12,6760325543,"CubeAway - 3DPuzzle"
16:30,13,6443575749,"Whiteout Survival"
16:30,14,1608987929,"Triumph Arcade"
16:30,15,638689075,"Township"
16:30,16,6748950306,"Solitaire Associations Journey"
16:30,17,6471045672,"Tasty Travels: Merge Game"
16:30,18,6751056652,"Pixel Flow!"
16:30,19,6791525847,"Slow Mo Strike: Knives in Time"
16:30,20,512939461,"Subway Surfers"
16:30,21,6473058122,"Charades Guess Game · Guessly"
16:30,22,6745120053,"Imposter Game - Party Edition"
16:30,23,1621328561,"MONOPOLY GO!"
16:30,24,1606549505,"Royal Kingdom"
16:30,25,6739554056,"Kingshot"
16:30,26,6757908157,"JoJo's Bizarre Adventure: GS"
16:30,27,6747492600,"Mahjong Blast"
16:30,28,1482155847,"Royal Match"
16:30,29,1623318294,"Gossip Harbor®: Merge & Story"
16:30,30,6780891673,"Royal Smash! - Physics Puzzle"
16:30,31,1351168404,"Among Us!"
16:30,32,6756058501,"Jelly Busters: Puzzle Game"
16:30,33,6758326278,"Amaze GO!"
16:30,34,6748397500,"Arrows – Puzzle Escape"
16:30,35,1443446174,"Magic Tiles 3™: Piano Game"
16:30,36,6744975195,"Sled Surfers"
16:30,37,6746328263,"Castle Busters"
16:30,38,6760377931,"Mahjong Rumble: Win Real Cash"
16:30,39,6756482832,"Brain Puzzle 3: Crazy Mind"
16:30,40,1287282214,"Call of Duty®: Mobile"
16:30,41,6755183085,"Yarn Loop: Knit Puzzle"
16:30,42,1094591345,"Pokémon GO"
16:30,43,6746437378,"Tang Luck: Casino Slots"
16:30,44,6498883328,"Tile Explorer: Tiles Clear!"
16:30,45,553834731,"Candy Crush Saga"
16:30,46,6762178742,"Grand Fortune Club"
16:30,47,543186831,"8 Ball Pool™"
16:30,48,6449094229,"Match Factory!"
16:30,49,6756185760,"Search It - Hidden Objects"
16:30,50,6751537447,"Snake Puzzle: Slither to Eat!"
16:30,51,6744812012,"X-Clash: Survival Challenge"
16:30,52,6756288168,"Cookingo: Perfect Meal"
16:30,53,1446254576,"Solitaire Cash: Win Real Money"
16:30,54,1423046460,"Paper.io 2"
16:30,55,1562817072,"Mob Control"
16:30,56,406889139,"Coin Master"
16:30,57,6779167923,"Colony Flow!"
16:30,58,6503697761,"Playtest Pro by BestPlay"
16:30,59,6738109752,"Tiles Survive!"
16:30,60,880047117,"Angry Birds 2"
16:30,61,1453837845,"Charades - Family & Party Game"
16:30,62,1389111413,"Hole.io"
16:30,63,329218549,"Chess.com - Play and Learn"
16:30,64,6482849843,"Goods Puzzle: Sort Challenge"
16:30,65,6769314786,"Food Hunt: Pixel Puzzle"
16:30,66,1094930513,"EA SPORTS FC Soccer Mobile 26"
16:30,67,1176027022,"Toon Blast"
16:30,68,6744304405,"Cider Casino - Real Money"
16:30,69,6768564100,"Bruno Reels Casino"
16:30,70,6742809194,"Warline: Sniper Strike"
16:30,71,1193508329,"Sudoku.com - Number Games"
16:30,72,6755455500,"Hollywood Merge"
16:30,73,1522266397,"Bingo Cash - Win Real Money"
16:30,74,6448104157,"Offline Games - No Wifi Games"
16:30,75,6739069151,"Crossword Go!"
16:30,76,6757154335,"Cube Land Puzzle Game"
16:30,77,1660171117,"Zen Word® - Relax Puzzle Game"
16:30,78,6446197181,"Glow Fashion Idol"
16:30,79,1465731199,"2 Player Games : Offline Games"
16:30,80,1602508478,"Word Search Explorer®"
16:30,81,6751794501,"Cash Avalanche:Casino Slot"
16:30,82,6753862216,"Foodstars: Merge & Cook"
16:30,83,6670441558,"Dark War:Survival"
16:30,84,6767091927,"Jigsaw Drop: Solitaire Puzzle"
16:30,85,1053012308,"Clash Royale"
16:30,86,6761381402,"Acebet Social Casino & Slots"
16:30,87,6757350661,"Police Chief"
16:30,88,1207472156,"Wordscapes - Word Game"
16:30,89,6784602967,"Stack Smash - 3D Puzzle Game"
16:30,90,6762268182,"Z Route: Redemption"
16:30,91,1229016807,"Brawl Stars"
16:30,92,1366478176,"Meta Horizon"
16:30,93,930574573,"Sniper 3D: Gun Shooting Games"
16:30,94,698255242,"Geometry Dash Lite"
16:30,95,6450413462,"CrownCoins Casino"
16:30,96,6761603258,"Loop Master: Color Jam Sort"
16:30,97,6742410648,"WhoLiked? - Guess Who Reposted"
16:30,98,1424246763,"Headbands: Charades Party Game"
16:30,99,1529067679,"Warpath: Ace Shooter"
16:30,100,6741567125,"Clash of Critters"
16:30,101,1545567989,"Number Match - Numbers Game"
16:30,102,6479970832,"Pokémon TCG Pocket"
16:30,103,6759412341,"EA College Football Mobile 27"
16:30,104,6782096197,"Knock Out : Physics Puzzle"
16:30,105,1407852246,"Happy Color® – Coloring Games"
16:30,106,6755495631,"Packz"
16:30,107,1521236603,"Travel Town - Merge Adventure"
16:30,108,6758138698,"Car Sort: Color Puzzle"
16:30,109,1512834505,"Wavelength"
16:30,110,6761469046,"Rap Star:Idle Clicker"
16:30,111,6741503079,"Pokémon Champions"
16:30,112,6761614488,"Apex Hunter: Animal Shooting"
16:30,113,6566176181,"Gleaming Slots - Win Real Cash"
16:30,114,307569751,"NYT Games: Wordle & Crossword"
16:30,115,1642607669,"Game of Thrones: Dragonfire"
16:30,116,1519174001,"Art Puzzle - Jigsaw Games"
16:30,117,6738114176,"Stake US - Casino & Slots"
16:30,118,6756989323,"Last Asylum: Plague"
16:30,119,1486214495,"Brain Test: Tricky Puzzles"
16:30,120,6779310326,"Coin Collector!"
16:30,121,6743385713,"Wool Crush™-Escape Traffic Jam"
16:30,122,1537890432,"Flamingo Cards: Couple Games"
16:30,123,1117270703,"eFootball™"
16:30,124,6762267809,"Arrow Pro 3D"
16:30,125,6754009969,"Jackpot Nights"
16:30,126,6475757306,"Disney Solitaire"
16:30,127,1610874732,"Melon: Sandbox"
16:30,128,6477413486,"Level Devil - NOT A Troll Game"
16:30,129,6740618570,"XP Hero"
16:30,130,1344700142,"UNO!™"
16:30,131,1635760774,"My Perfect Hotel"
16:30,132,1664415775,"Royal Cooking"
16:30,133,981633844,"Block Craft 3D: Building Games"
16:30,134,1597760047,"OneState RP: Role Play Online"
16:30,135,1595314851,"Lamar - Idle Vlogger"
16:30,136,6758984040,"Frost Valley™: Merge & Story"
16:30,137,6474133872,"Find Hidden Objects - Spot It!"
16:30,138,6446482475,"Solitaire Smash: Real Cash!"
16:30,139,6751270213,"Hidden Object Games: Seek It"
16:30,140,893677096,"Plants vs. Zombies™"
16:30,141,6450917563,"Pizza Ready!"
16:30,142,6754558455,"Marble Sort!"
16:30,143,6745272388,"Block Buster - No Timer"
16:30,144,6751101794,"Loop Sort"
16:30,145,1300146617,"Free Fire: 9th Anniversary"
16:30,146,1553777064,"Exposed - Who's Most Likely To"
16:30,147,1330123889,"PUBG MOBILE"
16:30,148,6478063606,"Color Block: Combo Blast"
16:30,149,1274132545,"Total Battle: War Strategy"
16:30,150,6615086509,"NYT Crossplay: Word Games"
16:30,151,6503272652,"Last Z: Survival Shooter"
16:30,152,6499306806,"Goods Puzzle: 3D Sorting Games"
16:30,153,6745761596,"Coin Master - Board Adventure"
16:30,154,529479190,"Clash of Clans"
16:30,155,6608975929,"Woodoku Blast: Block Puzzle"
16:30,156,6745003362,"Word Oasis: Calm Puzzle Game"
16:30,157,6743368869,"Draft Showdown"
16:30,158,6754900673,"Jigsawcard Solitaire Puzzle"
16:30,159,1475514684,"Bubble Cash"
16:30,160,6760998152,"Family Farm Merge"
16:30,161,6754098532,"RUSH: Xtreme"
16:30,162,6751319735,"Bingo Rock"
16:30,163,359917414,"Solitaire"
16:30,164,1550945606,"Soccer Superstar"
16:30,165,6738905436,"Lavish Luck Casino"
16:30,166,1462060332,"DraftKings Casino - Real Money"
16:30,167,6754464806,"Car Evolve"
16:30,168,6753985785,"Fruit Juice Farm"
16:30,169,6754878717,"The Cozy Florist"
16:30,170,6761893238,"Top Force: Commander"
16:30,171,6752886832,"Hotel Legacy: Merge Game"
16:30,172,6764201639,"Idle Cat Gunner: Shooter RPG"
16:30,173,6504122823,"Epic Plane Evolution"
16:30,174,6468762763,"ReBet: Social Sports & Casino"
16:30,175,6755216191,"Color Maze - Puzzle Game"
16:30,176,1104692136,"Snake.io - Fun Online Snake"
16:30,177,1446874445,"Magic Level 9: Tap Piano Game"
16:30,178,6740043080,"Screwdom"
16:30,179,1492722342,"Animals & Coins Adventure Game"
16:30,180,6741076536,"Modo Casino Slots & Games"
16:30,181,1420294918,"Wordscapes Search - Word Game"
16:30,182,6751270546,"Sword x Staff"
16:30,183,420009108,"Temple Run"
16:30,184,1247645833,"TCGplayer"
16:30,185,6760530627,"Mahjong Clash: Win Real Cash"
16:30,186,6739792763,"Jackpot Go: Slots Casino"
16:30,187,1105855019,"Gardenscapes"
16:30,188,1638139403,"Block Crush！"
16:30,189,1118431695,"Bowmasters - Multiplayer Games"
16:30,190,6449243946,"Snake Clash!"
16:30,191,6450834358,"Sunday City: Life Simulator"
16:30,192,6471572249,"Fruit Merge™: Match Game"
16:30,193,6747028173,"Hole Stars: Puzzle Game"
16:30,194,6479528256,"MONOPOLY: Bingo!"
16:30,195,6741471925,"Highway Racer Pro"
16:30,196,6757671759,"Water Sort Puzzle - Order Up"
16:30,197,1635318586,"Avatar World ®"
16:30,198,887947640,"CSR 2 - Realistic Drag Racing"
16:30,199,6754432051,"Mahjong Cash"
16:30,200,924373886,"Crossy Road"
17:30,1,6752672568,"Block Out! - Color Sort Puzzle"
17:30,2,6748084174,"Smash Fest!"
17:30,3,6761760135,"Meowdoku!"
17:30,4,6499209744,"Magic Sort!"
17:30,5,431946152,"Roblox"
17:30,6,6759763476,"Bus Traffic Fever!"
17:30,7,6468921495,"Vita Mahjong"
17:30,8,6780195090,"82-0.com"
17:30,9,6483539426,"Fortnite"
17:30,10,1617391485,"Block Blast！"
17:30,11,6759081967,"Jewel Coloring"
17:30,12,6760325543,"CubeAway - 3DPuzzle"
17:30,13,6443575749,"Whiteout Survival"
17:30,14,1608987929,"Triumph Arcade"
17:30,15,638689075,"Township"
17:30,16,6748950306,"Solitaire Associations Journey"
17:30,17,6471045672,"Tasty Travels: Merge Game"
17:30,18,6751056652,"Pixel Flow!"
17:30,19,6791525847,"Slow Mo Strike: Knives in Time"
17:30,20,512939461,"Subway Surfers"
17:30,21,6473058122,"Charades Guess Game · Guessly"
17:30,22,6745120053,"Imposter Game - Party Edition"
17:30,23,1621328561,"MONOPOLY GO!"
17:30,24,1606549505,"Royal Kingdom"
17:30,25,6739554056,"Kingshot"
17:30,26,6757908157,"JoJo's Bizarre Adventure: GS"
17:30,27,6747492600,"Mahjong Blast"
17:30,28,1482155847,"Royal Match"
17:30,29,1623318294,"Gossip Harbor®: Merge & Story"
17:30,30,6780891673,"Royal Smash! - Physics Puzzle"
17:30,31,1351168404,"Among Us!"
17:30,32,6756058501,"Jelly Busters: Puzzle Game"
17:30,33,6758326278,"Amaze GO!"
17:30,34,6748397500,"Arrows – Puzzle Escape"
17:30,35,1443446174,"Magic Tiles 3™: Piano Game"
17:30,36,6744975195,"Sled Surfers"
17:30,37,6746328263,"Castle Busters"
17:30,38,6760377931,"Mahjong Rumble: Win Real Cash"
17:30,39,6756482832,"Brain Puzzle 3: Crazy Mind"
17:30,40,1287282214,"Call of Duty®: Mobile"
17:30,41,6755183085,"Yarn Loop: Knit Puzzle"
17:30,42,1094591345,"Pokémon GO"
17:30,43,6746437378,"Tang Luck: Casino Slots"
17:30,44,6498883328,"Tile Explorer: Tiles Clear!"
17:30,45,553834731,"Candy Crush Saga"
17:30,46,6762178742,"Grand Fortune Club"
17:30,47,543186831,"8 Ball Pool™"
17:30,48,6449094229,"Match Factory!"
17:30,49,6756185760,"Search It - Hidden Objects"
17:30,50,6751537447,"Snake Puzzle: Slither to Eat!"
17:30,51,6744812012,"X-Clash: Survival Challenge"
17:30,52,6756288168,"Cookingo: Perfect Meal"
17:30,53,1446254576,"Solitaire Cash: Win Real Money"
17:30,54,1423046460,"Paper.io 2"
17:30,55,1562817072,"Mob Control"
17:30,56,406889139,"Coin Master"
17:30,57,6779167923,"Colony Flow!"
17:30,58,6503697761,"Playtest Pro by BestPlay"
17:30,59,6738109752,"Tiles Survive!"
17:30,60,880047117,"Angry Birds 2"
17:30,61,1453837845,"Charades - Family & Party Game"
17:30,62,1389111413,"Hole.io"
17:30,63,329218549,"Chess.com - Play and Learn"
17:30,64,6482849843,"Goods Puzzle: Sort Challenge"
17:30,65,6769314786,"Food Hunt: Pixel Puzzle"
17:30,66,1094930513,"EA SPORTS FC Soccer Mobile 26"
17:30,67,1176027022,"Toon Blast"
17:30,68,6744304405,"Cider Casino - Real Money"
17:30,69,6768564100,"Bruno Reels Casino"
17:30,70,6742809194,"Warline: Sniper Strike"
17:30,71,1193508329,"Sudoku.com - Number Games"
17:30,72,6755455500,"Hollywood Merge"
17:30,73,1522266397,"Bingo Cash - Win Real Money"
17:30,74,6448104157,"Offline Games - No Wifi Games"
17:30,75,6739069151,"Crossword Go!"
17:30,76,6757154335,"Cube Land Puzzle Game"
17:30,77,1660171117,"Zen Word® - Relax Puzzle Game"
17:30,78,6446197181,"Glow Fashion Idol"
17:30,79,1465731199,"2 Player Games : Offline Games"
17:30,80,1602508478,"Word Search Explorer®"
17:30,81,6751794501,"Cash Avalanche:Casino Slot"
17:30,82,6753862216,"Foodstars: Merge & Cook"
17:30,83,6670441558,"Dark War:Survival"
17:30,84,6767091927,"Jigsaw Drop: Solitaire Puzzle"
17:30,85,1053012308,"Clash Royale"
17:30,86,6761381402,"Acebet Social Casino & Slots"
17:30,87,6757350661,"Police Chief"
17:30,88,1207472156,"Wordscapes - Word Game"
17:30,89,6784602967,"Stack Smash - 3D Puzzle Game"
17:30,90,6762268182,"Z Route: Redemption"
17:30,91,1229016807,"Brawl Stars"
17:30,92,1366478176,"Meta Horizon"
17:30,93,930574573,"Sniper 3D: Gun Shooting Games"
17:30,94,698255242,"Geometry Dash Lite"
17:30,95,6450413462,"CrownCoins Casino"
17:30,96,6761603258,"Loop Master: Color Jam Sort"
17:30,97,6742410648,"WhoLiked? - Guess Who Reposted"
17:30,98,1424246763,"Headbands: Charades Party Game"
17:30,99,1529067679,"Warpath: Ace Shooter"
17:30,100,6741567125,"Clash of Critters"
17:30,101,1545567989,"Number Match - Numbers Game"
17:30,102,6479970832,"Pokémon TCG Pocket"
17:30,103,6759412341,"EA College Football Mobile 27"
17:30,104,6782096197,"Knock Out : Physics Puzzle"
17:30,105,1407852246,"Happy Color® – Coloring Games"
17:30,106,6755495631,"Packz"
17:30,107,1521236603,"Travel Town - Merge Adventure"
17:30,108,6758138698,"Car Sort: Color Puzzle"
17:30,109,1512834505,"Wavelength"
17:30,110,6761469046,"Rap Star:Idle Clicker"
17:30,111,6741503079,"Pokémon Champions"
17:30,112,6761614488,"Apex Hunter: Animal Shooting"
17:30,113,6566176181,"Gleaming Slots - Win Real Cash"
17:30,114,307569751,"NYT Games: Wordle & Crossword"
17:30,115,1642607669,"Game of Thrones: Dragonfire"
17:30,116,1519174001,"Art Puzzle - Jigsaw Games"
17:30,117,6738114176,"Stake US - Casino & Slots"
17:30,118,6756989323,"Last Asylum: Plague"
17:30,119,1486214495,"Brain Test: Tricky Puzzles"
17:30,120,6779310326,"Coin Collector!"
17:30,121,6743385713,"Wool Crush™-Escape Traffic Jam"
17:30,122,1537890432,"Flamingo Cards: Couple Games"
17:30,123,1117270703,"eFootball™"
17:30,124,6762267809,"Arrow Pro 3D"
17:30,125,6754009969,"Jackpot Nights"
17:30,126,6475757306,"Disney Solitaire"
17:30,127,1610874732,"Melon: Sandbox"
17:30,128,6477413486,"Level Devil - NOT A Troll Game"
17:30,129,6740618570,"XP Hero"
17:30,130,1344700142,"UNO!™"
17:30,131,1635760774,"My Perfect Hotel"
17:30,132,1664415775,"Royal Cooking"
17:30,133,981633844,"Block Craft 3D: Building Games"
17:30,134,1597760047,"OneState RP: Role Play Online"
17:30,135,1595314851,"Lamar - Idle Vlogger"
17:30,136,6758984040,"Frost Valley™: Merge & Story"
17:30,137,6474133872,"Find Hidden Objects - Spot It!"
17:30,138,6446482475,"Solitaire Smash: Real Cash!"
17:30,139,6751270213,"Hidden Object Games: Seek It"
17:30,140,893677096,"Plants vs. Zombies™"
17:30,141,6450917563,"Pizza Ready!"
17:30,142,6754558455,"Marble Sort!"
17:30,143,6745272388,"Block Buster - No Timer"
17:30,144,6751101794,"Loop Sort"
17:30,145,1300146617,"Free Fire: 9th Anniversary"
17:30,146,1553777064,"Exposed - Who's Most Likely To"
17:30,147,1330123889,"PUBG MOBILE"
17:30,148,6478063606,"Color Block: Combo Blast"
17:30,149,1274132545,"Total Battle: War Strategy"
17:30,150,6615086509,"NYT Crossplay: Word Games"
17:30,151,6503272652,"Last Z: Survival Shooter"
17:30,152,6499306806,"Goods Puzzle: 3D Sorting Games"
17:30,153,6745761596,"Coin Master - Board Adventure"
17:30,154,529479190,"Clash of Clans"
17:30,155,6608975929,"Woodoku Blast: Block Puzzle"
17:30,156,6745003362,"Word Oasis: Calm Puzzle Game"
17:30,157,6743368869,"Draft Showdown"
17:30,158,6754900673,"Jigsawcard Solitaire Puzzle"
17:30,159,1475514684,"Bubble Cash"
17:30,160,6760998152,"Family Farm Merge"
17:30,161,6754098532,"RUSH: Xtreme"
17:30,162,6751319735,"Bingo Rock"
17:30,163,359917414,"Solitaire"
17:30,164,1550945606,"Soccer Superstar"
17:30,165,6738905436,"Lavish Luck Casino"
17:30,166,1462060332,"DraftKings Casino - Real Money"
17:30,167,6754464806,"Car Evolve"
17:30,168,6753985785,"Fruit Juice Farm"
17:30,169,6754878717,"The Cozy Florist"
17:30,170,6761893238,"Top Force: Commander"
17:30,171,6752886832,"Hotel Legacy: Merge Game"
17:30,172,6764201639,"Idle Cat Gunner: Shooter RPG"
17:30,173,6504122823,"Epic Plane Evolution"
17:30,174,6468762763,"ReBet: Social Sports & Casino"
17:30,175,6755216191,"Color Maze - Puzzle Game"
17:30,176,1104692136,"Snake.io - Fun Online Snake"
17:30,177,1446874445,"Magic Level 9: Tap Piano Game"
17:30,178,6740043080,"Screwdom"
17:30,179,1492722342,"Animals & Coins Adventure Game"
17:30,180,6741076536,"Modo Casino Slots & Games"
17:30,181,1420294918,"Wordscapes Search - Word Game"
17:30,182,6751270546,"Sword x Staff"
17:30,183,420009108,"Temple Run"
17:30,184,1247645833,"TCGplayer"
17:30,185,6760530627,"Mahjong Clash: Win Real Cash"
17:30,186,6739792763,"Jackpot Go: Slots Casino"
17:30,187,1105855019,"Gardenscapes"
17:30,188,1638139403,"Block Crush！"
17:30,189,1118431695,"Bowmasters - Multiplayer Games"
17:30,190,6449243946,"Snake Clash!"
17:30,191,6450834358,"Sunday City: Life Simulator"
17:30,192,6471572249,"Fruit Merge™: Match Game"
17:30,193,6747028173,"Hole Stars: Puzzle Game"
17:30,194,6479528256,"MONOPOLY: Bingo!"
17:30,195,6741471925,"Highway Racer Pro"
17:30,196,6757671759,"Water Sort Puzzle - Order Up"
17:30,197,1635318586,"Avatar World ®"
17:30,198,887947640,"CSR 2 - Realistic Drag Racing"
17:30,199,6754432051,"Mahjong Cash"
17:30,200,924373886,"Crossy Road"
18:30,1,6752672568,"Block Out! - Color Sort Puzzle"
18:30,2,6748084174,"Smash Fest!"
18:30,3,6761760135,"Meowdoku!"
18:30,4,6499209744,"Magic Sort!"
18:30,5,431946152,"Roblox"
18:30,6,6759763476,"Bus Traffic Fever!"
18:30,7,6468921495,"Vita Mahjong"
18:30,8,6780195090,"82-0.com"
18:30,9,6483539426,"Fortnite"
18:30,10,1617391485,"Block Blast！"
18:30,11,6759081967,"Jewel Coloring"
18:30,12,6760325543,"CubeAway - 3DPuzzle"
18:30,13,6443575749,"Whiteout Survival"
18:30,14,1608987929,"Triumph Arcade"
18:30,15,638689075,"Township"
18:30,16,6748950306,"Solitaire Associations Journey"
18:30,17,6471045672,"Tasty Travels: Merge Game"
18:30,18,6751056652,"Pixel Flow!"
18:30,19,6791525847,"Slow Mo Strike: Knives in Time"
18:30,20,512939461,"Subway Surfers"
18:30,21,6473058122,"Charades Guess Game · Guessly"
18:30,22,6745120053,"Imposter Game - Party Edition"
18:30,23,1621328561,"MONOPOLY GO!"
18:30,24,1606549505,"Royal Kingdom"
18:30,25,6739554056,"Kingshot"
18:30,26,6757908157,"JoJo's Bizarre Adventure: GS"
18:30,27,6747492600,"Mahjong Blast"
18:30,28,1482155847,"Royal Match"
18:30,29,1623318294,"Gossip Harbor®: Merge & Story"
18:30,30,6780891673,"Royal Smash! - Physics Puzzle"
18:30,31,1351168404,"Among Us!"
18:30,32,6756058501,"Jelly Busters: Puzzle Game"
18:30,33,6758326278,"Amaze GO!"
18:30,34,6748397500,"Arrows – Puzzle Escape"
18:30,35,1443446174,"Magic Tiles 3™: Piano Game"
18:30,36,6744975195,"Sled Surfers"
18:30,37,6746328263,"Castle Busters"
18:30,38,6760377931,"Mahjong Rumble: Win Real Cash"
18:30,39,6756482832,"Brain Puzzle 3: Crazy Mind"
18:30,40,1287282214,"Call of Duty®: Mobile"
18:30,41,6755183085,"Yarn Loop: Knit Puzzle"
18:30,42,1094591345,"Pokémon GO"
18:30,43,6746437378,"Tang Luck: Casino Slots"
18:30,44,6498883328,"Tile Explorer: Tiles Clear!"
18:30,45,553834731,"Candy Crush Saga"
18:30,46,6762178742,"Grand Fortune Club"
18:30,47,543186831,"8 Ball Pool™"
18:30,48,6449094229,"Match Factory!"
18:30,49,6756185760,"Search It - Hidden Objects"
18:30,50,6751537447,"Snake Puzzle: Slither to Eat!"
18:30,51,6744812012,"X-Clash: Survival Challenge"
18:30,52,6756288168,"Cookingo: Perfect Meal"
18:30,53,1446254576,"Solitaire Cash: Win Real Money"
18:30,54,1423046460,"Paper.io 2"
18:30,55,1562817072,"Mob Control"
18:30,56,406889139,"Coin Master"
18:30,57,6779167923,"Colony Flow!"
18:30,58,6503697761,"Playtest Pro by BestPlay"
18:30,59,6738109752,"Tiles Survive!"
18:30,60,880047117,"Angry Birds 2"
18:30,61,1453837845,"Charades - Family & Party Game"
18:30,62,1389111413,"Hole.io"
18:30,63,329218549,"Chess.com - Play and Learn"
18:30,64,6482849843,"Goods Puzzle: Sort Challenge"
18:30,65,6769314786,"Food Hunt: Pixel Puzzle"
18:30,66,1094930513,"EA SPORTS FC Soccer Mobile 26"
18:30,67,1176027022,"Toon Blast"
18:30,68,6744304405,"Cider Casino - Real Money"
18:30,69,6768564100,"Bruno Reels Casino"
18:30,70,6742809194,"Warline: Sniper Strike"
18:30,71,1193508329,"Sudoku.com - Number Games"
18:30,72,6755455500,"Hollywood Merge"
18:30,73,1522266397,"Bingo Cash - Win Real Money"
18:30,74,6448104157,"Offline Games - No Wifi Games"
18:30,75,6739069151,"Crossword Go!"
18:30,76,6757154335,"Cube Land Puzzle Game"
18:30,77,1660171117,"Zen Word® - Relax Puzzle Game"
18:30,78,6446197181,"Glow Fashion Idol"
18:30,79,1465731199,"2 Player Games : Offline Games"
18:30,80,1602508478,"Word Search Explorer®"
18:30,81,6751794501,"Cash Avalanche:Casino Slot"
18:30,82,6753862216,"Foodstars: Merge & Cook"
18:30,83,6670441558,"Dark War:Survival"
18:30,84,6767091927,"Jigsaw Drop: Solitaire Puzzle"
18:30,85,1053012308,"Clash Royale"
18:30,86,6761381402,"Acebet Social Casino & Slots"
18:30,87,6757350661,"Police Chief"
18:30,88,1207472156,"Wordscapes - Word Game"
18:30,89,6784602967,"Stack Smash - 3D Puzzle Game"
18:30,90,6762268182,"Z Route: Redemption"
18:30,91,1229016807,"Brawl Stars"
18:30,92,1366478176,"Meta Horizon"
18:30,93,930574573,"Sniper 3D: Gun Shooting Games"
18:30,94,698255242,"Geometry Dash Lite"
18:30,95,6450413462,"CrownCoins Casino"
18:30,96,6761603258,"Loop Master: Color Jam Sort"
18:30,97,6742410648,"WhoLiked? - Guess Who Reposted"
18:30,98,1424246763,"Headbands: Charades Party Game"
18:30,99,1529067679,"Warpath: Ace Shooter"
18:30,100,6741567125,"Clash of Critters"
18:30,101,1545567989,"Number Match - Numbers Game"
18:30,102,6479970832,"Pokémon TCG Pocket"
18:30,103,6759412341,"EA College Football Mobile 27"
18:30,104,6782096197,"Knock Out : Physics Puzzle"
18:30,105,1407852246,"Happy Color® – Coloring Games"
18:30,106,6755495631,"Packz"
18:30,107,1521236603,"Travel Town - Merge Adventure"
18:30,108,6758138698,"Car Sort: Color Puzzle"
18:30,109,1512834505,"Wavelength"
18:30,110,6761469046,"Rap Star:Idle Clicker"
18:30,111,6741503079,"Pokémon Champions"
18:30,112,6761614488,"Apex Hunter: Animal Shooting"
18:30,113,6566176181,"Gleaming Slots - Win Real Cash"
18:30,114,307569751,"NYT Games: Wordle & Crossword"
18:30,115,1642607669,"Game of Thrones: Dragonfire"
18:30,116,1519174001,"Art Puzzle - Jigsaw Games"
18:30,117,6738114176,"Stake US - Casino & Slots"
18:30,118,6756989323,"Last Asylum: Plague"
18:30,119,1486214495,"Brain Test: Tricky Puzzles"
18:30,120,6779310326,"Coin Collector!"
18:30,121,6743385713,"Wool Crush™-Escape Traffic Jam"
18:30,122,1537890432,"Flamingo Cards: Couple Games"
18:30,123,1117270703,"eFootball™"
18:30,124,6762267809,"Arrow Pro 3D"
18:30,125,6754009969,"Jackpot Nights"
18:30,126,6475757306,"Disney Solitaire"
18:30,127,1610874732,"Melon: Sandbox"
18:30,128,6477413486,"Level Devil - NOT A Troll Game"
18:30,129,6740618570,"XP Hero"
18:30,130,1344700142,"UNO!™"
18:30,131,1635760774,"My Perfect Hotel"
18:30,132,1664415775,"Royal Cooking"
18:30,133,981633844,"Block Craft 3D: Building Games"
18:30,134,1597760047,"OneState RP: Role Play Online"
18:30,135,1595314851,"Lamar - Idle Vlogger"
18:30,136,6758984040,"Frost Valley™: Merge & Story"
18:30,137,6474133872,"Find Hidden Objects - Spot It!"
18:30,138,6446482475,"Solitaire Smash: Real Cash!"
18:30,139,6751270213,"Hidden Object Games: Seek It"
18:30,140,893677096,"Plants vs. Zombies™"
18:30,141,6450917563,"Pizza Ready!"
18:30,142,6754558455,"Marble Sort!"
18:30,143,6745272388,"Block Buster - No Timer"
18:30,144,6751101794,"Loop Sort"
18:30,145,1300146617,"Free Fire: 9th Anniversary"
18:30,146,1553777064,"Exposed - Who's Most Likely To"
18:30,147,1330123889,"PUBG MOBILE"
18:30,148,6478063606,"Color Block: Combo Blast"
18:30,149,1274132545,"Total Battle: War Strategy"
18:30,150,6615086509,"NYT Crossplay: Word Games"
18:30,151,6503272652,"Last Z: Survival Shooter"
18:30,152,6499306806,"Goods Puzzle: 3D Sorting Games"
18:30,153,6745761596,"Coin Master - Board Adventure"
18:30,154,529479190,"Clash of Clans"
18:30,155,6608975929,"Woodoku Blast: Block Puzzle"
18:30,156,6745003362,"Word Oasis: Calm Puzzle Game"
18:30,157,6743368869,"Draft Showdown"
18:30,158,6754900673,"Jigsawcard Solitaire Puzzle"
18:30,159,1475514684,"Bubble Cash"
18:30,160,6760998152,"Family Farm Merge"
18:30,161,6754098532,"RUSH: Xtreme"
18:30,162,6751319735,"Bingo Rock"
18:30,163,359917414,"Solitaire"
18:30,164,1550945606,"Soccer Superstar"
18:30,165,6738905436,"Lavish Luck Casino"
18:30,166,1462060332,"DraftKings Casino - Real Money"
18:30,167,6754464806,"Car Evolve"
18:30,168,6753985785,"Fruit Juice Farm"
18:30,169,6754878717,"The Cozy Florist"
18:30,170,6761893238,"Top Force: Commander"
18:30,171,6752886832,"Hotel Legacy: Merge Game"
18:30,172,6764201639,"Idle Cat Gunner: Shooter RPG"
18:30,173,6504122823,"Epic Plane Evolution"
18:30,174,6468762763,"ReBet: Social Sports & Casino"
18:30,175,6755216191,"Color Maze - Puzzle Game"
18:30,176,1104692136,"Snake.io - Fun Online Snake"
18:30,177,1446874445,"Magic Level 9: Tap Piano Game"
18:30,178,6740043080,"Screwdom"
18:30,179,1492722342,"Animals & Coins Adventure Game"
18:30,180,6741076536,"Modo Casino Slots & Games"
18:30,181,1420294918,"Wordscapes Search - Word Game"
18:30,182,6751270546,"Sword x Staff"
18:30,183,420009108,"Temple Run"
18:30,184,1247645833,"TCGplayer"
18:30,185,6760530627,"Mahjong Clash: Win Real Cash"
18:30,186,6739792763,"Jackpot Go: Slots Casino"
18:30,187,1105855019,"Gardenscapes"
18:30,188,1638139403,"Block Crush！"
18:30,189,1118431695,"Bowmasters - Multiplayer Games"
18:30,190,6449243946,"Snake Clash!"
18:30,191,6450834358,"Sunday City: Life Simulator"
18:30,192,6471572249,"Fruit Merge™: Match Game"
18:30,193,6747028173,"Hole Stars: Puzzle Game"
18:30,194,6479528256,"MONOPOLY: Bingo!"
18:30,195,6741471925,"Highway Racer Pro"
18:30,196,6757671759,"Water Sort Puzzle - Order Up"
18:30,197,1635318586,"Avatar World ®"
18:30,198,887947640,"CSR 2 - Realistic Drag Racing"
18:30,199,6754432051,"Mahjong Cash"
18:30,200,924373886,"Crossy Road"
19:30,1,6752672568,"Block Out! - Color Sort Puzzle"
19:30,2,6748084174,"Smash Fest!"
19:30,3,6761760135,"Meowdoku!"
19:30,4,6499209744,"Magic Sort!"
19:30,5,431946152,"Roblox"
19:30,6,6759763476,"Bus Traffic Fever!"
19:30,7,6468921495,"Vita Mahjong"
19:30,8,6780195090,"82-0.com"
19:30,9,6483539426,"Fortnite"
19:30,10,6759081967,"Jewel Coloring"
19:30,11,1617391485,"Block Blast！"
19:30,12,6760325543,"CubeAway - 3DPuzzle"
19:30,13,6443575749,"Whiteout Survival"
19:30,14,1608987929,"Triumph Arcade"
19:30,15,638689075,"Township"
19:30,16,6748950306,"Solitaire Associations Journey"
19:30,17,6471045672,"Tasty Travels: Merge Game"
19:30,18,6751056652,"Pixel Flow!"
19:30,19,6791525847,"Slow Mo Strike: Knives in Time"
19:30,20,512939461,"Subway Surfers"
19:30,21,6473058122,"Charades Guess Game · Guessly"
19:30,22,6745120053,"Imposter Game - Party Edition"
19:30,23,1621328561,"MONOPOLY GO!"
19:30,24,6739554056,"Kingshot"
19:30,25,1606549505,"Royal Kingdom"
19:30,26,1623318294,"Gossip Harbor®: Merge & Story"
19:30,27,6747492600,"Mahjong Blast"
19:30,28,1482155847,"Royal Match"
19:30,29,6757908157,"JoJo's Bizarre Adventure: GS"
19:30,30,1351168404,"Among Us!"
19:30,31,6780891673,"Royal Smash! - Physics Puzzle"
19:30,32,6756058501,"Jelly Busters: Puzzle Game"
19:30,33,6758326278,"Amaze GO!"
19:30,34,6748397500,"Arrows – Puzzle Escape"
19:30,35,1443446174,"Magic Tiles 3™: Piano Game"
19:30,36,6756482832,"Brain Puzzle 3: Crazy Mind"
19:30,37,6746328263,"Castle Busters"
19:30,38,6760377931,"Mahjong Rumble: Win Real Cash"
19:30,39,6744975195,"Sled Surfers"
19:30,40,1287282214,"Call of Duty®: Mobile"
19:30,41,6755183085,"Yarn Loop: Knit Puzzle"
19:30,42,553834731,"Candy Crush Saga"
19:30,43,6762178742,"Grand Fortune Club"
19:30,44,6746437378,"Tang Luck: Casino Slots"
19:30,45,1094591345,"Pokémon GO"
19:30,46,543186831,"8 Ball Pool™"
19:30,47,6498883328,"Tile Explorer: Tiles Clear!"
19:30,48,6449094229,"Match Factory!"
19:30,49,6751537447,"Snake Puzzle: Slither to Eat!"
19:30,50,6756185760,"Search It - Hidden Objects"
19:30,51,6779167923,"Colony Flow!"
19:30,52,6756288168,"Cookingo: Perfect Meal"
19:30,53,1562817072,"Mob Control"
19:30,54,880047117,"Angry Birds 2"
19:30,55,6503697761,"Playtest Pro by BestPlay"
19:30,56,1423046460,"Paper.io 2"
19:30,57,1446254576,"Solitaire Cash: Win Real Money"
19:30,58,6738109752,"Tiles Survive!"
19:30,59,406889139,"Coin Master"
19:30,60,6744812012,"X-Clash: Survival Challenge"
19:30,61,1453837845,"Charades - Family & Party Game"
19:30,62,329218549,"Chess.com - Play and Learn"
19:30,63,1389111413,"Hole.io"
19:30,64,6768564100,"Bruno Reels Casino"
19:30,65,6482849843,"Goods Puzzle: Sort Challenge"
19:30,66,1094930513,"EA SPORTS FC Soccer Mobile 26"
19:30,67,6744304405,"Cider Casino - Real Money"
19:30,68,1176027022,"Toon Blast"
19:30,69,1193508329,"Sudoku.com - Number Games"
19:30,70,6769314786,"Food Hunt: Pixel Puzzle"
19:30,71,6742809194,"Warline: Sniper Strike"
19:30,72,6739069151,"Crossword Go!"
19:30,73,1522266397,"Bingo Cash - Win Real Money"
19:30,74,6448104157,"Offline Games - No Wifi Games"
19:30,75,6755455500,"Hollywood Merge"
19:30,76,1660171117,"Zen Word® - Relax Puzzle Game"
19:30,77,6757154335,"Cube Land Puzzle Game"
19:30,78,6446197181,"Glow Fashion Idol"
19:30,79,1602508478,"Word Search Explorer®"
19:30,80,6751794501,"Cash Avalanche:Casino Slot"
19:30,81,1465731199,"2 Player Games : Offline Games"
19:30,82,6670441558,"Dark War:Survival"
19:30,83,1053012308,"Clash Royale"
19:30,84,6767091927,"Jigsaw Drop: Solitaire Puzzle"
19:30,85,6753862216,"Foodstars: Merge & Cook"
19:30,86,6761381402,"Acebet Social Casino & Slots"
19:30,87,1207472156,"Wordscapes - Word Game"
19:30,88,6757350661,"Police Chief"
19:30,89,1229016807,"Brawl Stars"
19:30,90,6450413462,"CrownCoins Casino"
19:30,91,6762268182,"Z Route: Redemption"
19:30,92,1529067679,"Warpath: Ace Shooter"
19:30,93,6784602967,"Stack Smash - 3D Puzzle Game"
19:30,94,6761603258,"Loop Master: Color Jam Sort"
19:30,95,698255242,"Geometry Dash Lite"
19:30,96,6741567125,"Clash of Critters"
19:30,97,930574573,"Sniper 3D: Gun Shooting Games"
19:30,98,6742410648,"WhoLiked? - Guess Who Reposted"
19:30,99,1424246763,"Headbands: Charades Party Game"
19:30,100,1545567989,"Number Match - Numbers Game"
19:30,101,1366478176,"Meta Horizon"
19:30,102,6479970832,"Pokémon TCG Pocket"
19:30,103,6755495631,"Packz"
19:30,104,6759412341,"EA College Football Mobile 27"
19:30,105,6761469046,"Rap Star:Idle Clicker"
19:30,106,1407852246,"Happy Color® – Coloring Games"
19:30,107,1519174001,"Art Puzzle - Jigsaw Games"
19:30,108,6782096197,"Knock Out : Physics Puzzle"
19:30,109,6741503079,"Pokémon Champions"
19:30,110,6566176181,"Gleaming Slots - Win Real Cash"
19:30,111,6779310326,"Coin Collector!"
19:30,112,1521236603,"Travel Town - Merge Adventure"
19:30,113,1117270703,"eFootball™"
19:30,114,6758138698,"Car Sort: Color Puzzle"
19:30,115,6738114176,"Stake US - Casino & Slots"
19:30,116,6743385713,"Wool Crush™-Escape Traffic Jam"
19:30,117,1486214495,"Brain Test: Tricky Puzzles"
19:30,118,1512834505,"Wavelength"
19:30,119,6756989323,"Last Asylum: Plague"
19:30,120,6761614488,"Apex Hunter: Animal Shooting"
19:30,121,1642607669,"Game of Thrones: Dragonfire"
19:30,122,6754009969,"Jackpot Nights"
19:30,123,307569751,"NYT Games: Wordle & Crossword"
19:30,124,6740618570,"XP Hero"
19:30,125,6762267809,"Arrow Pro 3D"
19:30,126,6477413486,"Level Devil - NOT A Troll Game"
19:30,127,1344700142,"UNO!™"
19:30,128,1610874732,"Melon: Sandbox"
19:30,129,6475757306,"Disney Solitaire"
19:30,130,1330123889,"PUBG MOBILE"
19:30,131,1597760047,"OneState RP: Role Play Online"
19:30,132,6450917563,"Pizza Ready!"
19:30,133,6758984040,"Frost Valley™: Merge & Story"
19:30,134,1595314851,"Lamar - Idle Vlogger"
19:30,135,1537890432,"Flamingo Cards: Couple Games"
19:30,136,1300146617,"Free Fire: 9th Anniversary"
19:30,137,1664415775,"Royal Cooking"
19:30,138,1635760774,"My Perfect Hotel"
19:30,139,893677096,"Plants vs. Zombies™"
19:30,140,981633844,"Block Craft 3D: Building Games"
19:30,141,1553777064,"Exposed - Who's Most Likely To"
19:30,142,6446482475,"Solitaire Smash: Real Cash!"
19:30,143,6751270213,"Hidden Object Games: Seek It"
19:30,144,6474133872,"Find Hidden Objects - Spot It!"
19:30,145,6745272388,"Block Buster - No Timer"
19:30,146,6751101794,"Loop Sort"
19:30,147,529479190,"Clash of Clans"
19:30,148,6754558455,"Marble Sort!"
19:30,149,6478063606,"Color Block: Combo Blast"
19:30,150,1274132545,"Total Battle: War Strategy"
19:30,151,6745761596,"Coin Master - Board Adventure"
19:30,152,6499306806,"Goods Puzzle: 3D Sorting Games"
19:30,153,6503272652,"Last Z: Survival Shooter"
19:30,154,1475514684,"Bubble Cash"
19:30,155,6615086509,"NYT Crossplay: Word Games"
19:30,156,6745003362,"Word Oasis: Calm Puzzle Game"
19:30,157,6608975929,"Woodoku Blast: Block Puzzle"
19:30,158,6754900673,"Jigsawcard Solitaire Puzzle"
19:30,159,6743368869,"Draft Showdown"
19:30,160,1462060332,"DraftKings Casino - Real Money"
19:30,161,6753985785,"Fruit Juice Farm"
19:30,162,1550945606,"Soccer Superstar"
19:30,163,6738905436,"Lavish Luck Casino"
19:30,164,6760998152,"Family Farm Merge"
19:30,165,6754098532,"RUSH: Xtreme"
19:30,166,359917414,"Solitaire"
19:30,167,6764201639,"Idle Cat Gunner: Shooter RPG"
19:30,168,6741076536,"Modo Casino Slots & Games"
19:30,169,6751319735,"Bingo Rock"
19:30,170,6751270546,"Sword x Staff"
19:30,171,1104692136,"Snake.io - Fun Online Snake"
19:30,172,6754464806,"Car Evolve"
19:30,173,6504122823,"Epic Plane Evolution"
19:30,174,420009108,"Temple Run"
19:30,175,6752886832,"Hotel Legacy: Merge Game"
19:30,176,6754878717,"The Cozy Florist"
19:30,177,6740043080,"Screwdom"
19:30,178,1420294918,"Wordscapes Search - Word Game"
19:30,179,1492722342,"Animals & Coins Adventure Game"
19:30,180,6468762763,"ReBet: Social Sports & Casino"
19:30,181,1105855019,"Gardenscapes"
19:30,182,6755216191,"Color Maze - Puzzle Game"
19:30,183,6739792763,"Jackpot Go: Slots Casino"
19:30,184,1446874445,"Magic Level 9: Tap Piano Game"
19:30,185,6761893238,"Top Force: Commander"
19:30,186,6760530627,"Mahjong Clash: Win Real Cash"
19:30,187,1118431695,"Bowmasters - Multiplayer Games"
19:30,188,6471572249,"Fruit Merge™: Match Game"
19:30,189,1247645833,"TCGplayer"
19:30,190,6449243946,"Snake Clash!"
19:30,191,6450834358,"Sunday City: Life Simulator"
19:30,192,1638139403,"Block Crush！"
19:30,193,6741471925,"Highway Racer Pro"
19:30,194,6479528256,"MONOPOLY: Bingo!"
19:30,195,6747028173,"Hole Stars: Puzzle Game"
19:30,196,6758431435,"Go Go Gold: Casino"
19:30,197,6757671759,"Water Sort Puzzle - Order Up"
19:30,198,1645281275,"Idle Bank Tycoon: Money Game"
19:30,199,887947640,"CSR 2 - Realistic Drag Racing"
19:30,200,6451208928,"Business Empire: RichMan"
20:30,1,6752672568,"Block Out! - Color Sort Puzzle"
20:30,2,6748084174,"Smash Fest!"
20:30,3,6761760135,"Meowdoku!"
20:30,4,6499209744,"Magic Sort!"
20:30,5,431946152,"Roblox"
20:30,6,6759763476,"Bus Traffic Fever!"
20:30,7,6468921495,"Vita Mahjong"
20:30,8,6780195090,"82-0.com"
20:30,9,6483539426,"Fortnite"
20:30,10,6759081967,"Jewel Coloring"
20:30,11,1617391485,"Block Blast！"
20:30,12,6760325543,"CubeAway - 3DPuzzle"
20:30,13,6443575749,"Whiteout Survival"
20:30,14,1608987929,"Triumph Arcade"
20:30,15,638689075,"Township"
20:30,16,6748950306,"Solitaire Associations Journey"
20:30,17,6471045672,"Tasty Travels: Merge Game"
20:30,18,6751056652,"Pixel Flow!"
20:30,19,6791525847,"Slow Mo Strike: Knives in Time"
20:30,20,512939461,"Subway Surfers"
20:30,21,6473058122,"Charades Guess Game · Guessly"
20:30,22,6745120053,"Imposter Game - Party Edition"
20:30,23,1621328561,"MONOPOLY GO!"
20:30,24,6739554056,"Kingshot"
20:30,25,1606549505,"Royal Kingdom"
20:30,26,1623318294,"Gossip Harbor®: Merge & Story"
20:30,27,6747492600,"Mahjong Blast"
20:30,28,1482155847,"Royal Match"
20:30,29,6757908157,"JoJo's Bizarre Adventure: GS"
20:30,30,1351168404,"Among Us!"
20:30,31,6780891673,"Royal Smash! - Physics Puzzle"
20:30,32,6756058501,"Jelly Busters: Puzzle Game"
20:30,33,6758326278,"Amaze GO!"
20:30,34,6748397500,"Arrows – Puzzle Escape"
20:30,35,1443446174,"Magic Tiles 3™: Piano Game"
20:30,36,6756482832,"Brain Puzzle 3: Crazy Mind"
20:30,37,6746328263,"Castle Busters"
20:30,38,6760377931,"Mahjong Rumble: Win Real Cash"
20:30,39,6744975195,"Sled Surfers"
20:30,40,1287282214,"Call of Duty®: Mobile"
20:30,41,6755183085,"Yarn Loop: Knit Puzzle"
20:30,42,553834731,"Candy Crush Saga"
20:30,43,6762178742,"Grand Fortune Club"
20:30,44,6746437378,"Tang Luck: Casino Slots"
20:30,45,1094591345,"Pokémon GO"
20:30,46,543186831,"8 Ball Pool™"
20:30,47,6498883328,"Tile Explorer: Tiles Clear!"
20:30,48,6449094229,"Match Factory!"
20:30,49,6751537447,"Snake Puzzle: Slither to Eat!"
20:30,50,6756185760,"Search It - Hidden Objects"
20:30,51,6779167923,"Colony Flow!"
20:30,52,6756288168,"Cookingo: Perfect Meal"
20:30,53,1562817072,"Mob Control"
20:30,54,880047117,"Angry Birds 2"
20:30,55,6503697761,"Playtest Pro by BestPlay"
20:30,56,1423046460,"Paper.io 2"
20:30,57,1446254576,"Solitaire Cash: Win Real Money"
20:30,58,6738109752,"Tiles Survive!"
20:30,59,406889139,"Coin Master"
20:30,60,6744812012,"X-Clash: Survival Challenge"
20:30,61,1453837845,"Charades - Family & Party Game"
20:30,62,329218549,"Chess.com - Play and Learn"
20:30,63,1389111413,"Hole.io"
20:30,64,6768564100,"Bruno Reels Casino"
20:30,65,6482849843,"Goods Puzzle: Sort Challenge"
20:30,66,1094930513,"EA SPORTS FC Soccer Mobile 26"
20:30,67,6744304405,"Cider Casino - Real Money"
20:30,68,1176027022,"Toon Blast"
20:30,69,1193508329,"Sudoku.com - Number Games"
20:30,70,6769314786,"Food Hunt: Pixel Puzzle"
20:30,71,6742809194,"Warline: Sniper Strike"
20:30,72,6739069151,"Crossword Go!"
20:30,73,1522266397,"Bingo Cash - Win Real Money"
20:30,74,6448104157,"Offline Games - No Wifi Games"
20:30,75,6755455500,"Hollywood Merge"
20:30,76,1660171117,"Zen Word® - Relax Puzzle Game"
20:30,77,6757154335,"Cube Land Puzzle Game"
20:30,78,6446197181,"Glow Fashion Idol"
20:30,79,1602508478,"Word Search Explorer®"
20:30,80,6751794501,"Cash Avalanche:Casino Slot"
20:30,81,1465731199,"2 Player Games : Offline Games"
20:30,82,6670441558,"Dark War:Survival"
20:30,83,1053012308,"Clash Royale"
20:30,84,6767091927,"Jigsaw Drop: Solitaire Puzzle"
20:30,85,6753862216,"Foodstars: Merge & Cook"
20:30,86,6761381402,"Acebet Social Casino & Slots"
20:30,87,1207472156,"Wordscapes - Word Game"
20:30,88,6757350661,"Police Chief"
20:30,89,1229016807,"Brawl Stars"
20:30,90,6450413462,"CrownCoins Casino"
20:30,91,6762268182,"Z Route: Redemption"
20:30,92,1529067679,"Warpath: Ace Shooter"
20:30,93,6784602967,"Stack Smash - 3D Puzzle Game"
20:30,94,6761603258,"Loop Master: Color Jam Sort"
20:30,95,698255242,"Geometry Dash Lite"
20:30,96,6741567125,"Clash of Critters"
20:30,97,930574573,"Sniper 3D: Gun Shooting Games"
20:30,98,6742410648,"WhoLiked? - Guess Who Reposted"
20:30,99,1424246763,"Headbands: Charades Party Game"
20:30,100,1545567989,"Number Match - Numbers Game"
20:30,101,1366478176,"Meta Horizon"
20:30,102,6479970832,"Pokémon TCG Pocket"
20:30,103,6755495631,"Packz"
20:30,104,6759412341,"EA College Football Mobile 27"
20:30,105,6761469046,"Rap Star:Idle Clicker"
20:30,106,1407852246,"Happy Color® – Coloring Games"
20:30,107,1519174001,"Art Puzzle - Jigsaw Games"
20:30,108,6782096197,"Knock Out : Physics Puzzle"
20:30,109,6741503079,"Pokémon Champions"
20:30,110,6566176181,"Gleaming Slots - Win Real Cash"
20:30,111,6779310326,"Coin Collector!"
20:30,112,1521236603,"Travel Town - Merge Adventure"
20:30,113,1117270703,"eFootball™"
20:30,114,6758138698,"Car Sort: Color Puzzle"
20:30,115,6738114176,"Stake US - Casino & Slots"
20:30,116,6743385713,"Wool Crush™-Escape Traffic Jam"
20:30,117,1486214495,"Brain Test: Tricky Puzzles"
20:30,118,1512834505,"Wavelength"
20:30,119,6756989323,"Last Asylum: Plague"
20:30,120,6761614488,"Apex Hunter: Animal Shooting"
20:30,121,1642607669,"Game of Thrones: Dragonfire"
20:30,122,6754009969,"Jackpot Nights"
20:30,123,307569751,"NYT Games: Wordle & Crossword"
20:30,124,6740618570,"XP Hero"
20:30,125,6762267809,"Arrow Pro 3D"
20:30,126,6477413486,"Level Devil - NOT A Troll Game"
20:30,127,1344700142,"UNO!™"
20:30,128,1610874732,"Melon: Sandbox"
20:30,129,6475757306,"Disney Solitaire"
20:30,130,1330123889,"PUBG MOBILE"
20:30,131,1597760047,"OneState RP: Role Play Online"
20:30,132,6450917563,"Pizza Ready!"
20:30,133,6758984040,"Frost Valley™: Merge & Story"
20:30,134,1595314851,"Lamar - Idle Vlogger"
20:30,135,1537890432,"Flamingo Cards: Couple Games"
20:30,136,1300146617,"Free Fire: 9th Anniversary"
20:30,137,1664415775,"Royal Cooking"
20:30,138,1635760774,"My Perfect Hotel"
20:30,139,893677096,"Plants vs. Zombies™"
20:30,140,981633844,"Block Craft 3D: Building Games"
20:30,141,1553777064,"Exposed - Who's Most Likely To"
20:30,142,6446482475,"Solitaire Smash: Real Cash!"
20:30,143,6751270213,"Hidden Object Games: Seek It"
20:30,144,6474133872,"Find Hidden Objects - Spot It!"
20:30,145,6745272388,"Block Buster - No Timer"
20:30,146,6751101794,"Loop Sort"
20:30,147,529479190,"Clash of Clans"
20:30,148,6754558455,"Marble Sort!"
20:30,149,6478063606,"Color Block: Combo Blast"
20:30,150,1274132545,"Total Battle: War Strategy"
20:30,151,6745761596,"Coin Master - Board Adventure"
20:30,152,6499306806,"Goods Puzzle: 3D Sorting Games"
20:30,153,6503272652,"Last Z: Survival Shooter"
20:30,154,1475514684,"Bubble Cash"
20:30,155,6615086509,"NYT Crossplay: Word Games"
20:30,156,6745003362,"Word Oasis: Calm Puzzle Game"
20:30,157,6608975929,"Woodoku Blast: Block Puzzle"
20:30,158,6754900673,"Jigsawcard Solitaire Puzzle"
20:30,159,6743368869,"Draft Showdown"
20:30,160,1462060332,"DraftKings Casino - Real Money"
20:30,161,6753985785,"Fruit Juice Farm"
20:30,162,1550945606,"Soccer Superstar"
20:30,163,6738905436,"Lavish Luck Casino"
20:30,164,6760998152,"Family Farm Merge"
20:30,165,6754098532,"RUSH: Xtreme"
20:30,166,359917414,"Solitaire"
20:30,167,6764201639,"Idle Cat Gunner: Shooter RPG"
20:30,168,6741076536,"Modo Casino Slots & Games"
20:30,169,6751319735,"Bingo Rock"
20:30,170,6751270546,"Sword x Staff"
20:30,171,1104692136,"Snake.io - Fun Online Snake"
20:30,172,6754464806,"Car Evolve"
20:30,173,6504122823,"Epic Plane Evolution"
20:30,174,420009108,"Temple Run"
20:30,175,6752886832,"Hotel Legacy: Merge Game"
20:30,176,6754878717,"The Cozy Florist"
20:30,177,6740043080,"Screwdom"
20:30,178,1420294918,"Wordscapes Search - Word Game"
20:30,179,1492722342,"Animals & Coins Adventure Game"
20:30,180,6468762763,"ReBet: Social Sports & Casino"
20:30,181,1105855019,"Gardenscapes"
20:30,182,6755216191,"Color Maze - Puzzle Game"
20:30,183,6739792763,"Jackpot Go: Slots Casino"
20:30,184,1446874445,"Magic Level 9: Tap Piano Game"
20:30,185,6761893238,"Top Force: Commander"
20:30,186,6760530627,"Mahjong Clash: Win Real Cash"
20:30,187,1118431695,"Bowmasters - Multiplayer Games"
20:30,188,6471572249,"Fruit Merge™: Match Game"
20:30,189,1247645833,"TCGplayer"
20:30,190,6449243946,"Snake Clash!"
20:30,191,6450834358,"Sunday City: Life Simulator"
20:30,192,1638139403,"Block Crush！"
20:30,193,6741471925,"Highway Racer Pro"
20:30,194,6479528256,"MONOPOLY: Bingo!"
20:30,195,6747028173,"Hole Stars: Puzzle Game"
20:30,196,6758431435,"Go Go Gold: Casino"
20:30,197,6757671759,"Water Sort Puzzle - Order Up"
20:30,198,1645281275,"Idle Bank Tycoon: Money Game"
20:30,199,887947640,"CSR 2 - Realistic Drag Racing"
20:30,200,6451208928,"Business Empire: RichMan"
21:00,1,6752672568,"Block Out! - Color Sort Puzzle"
21:00,2,6748084174,"Smash Fest!"
21:00,3,6761760135,"Meowdoku!"
21:00,4,6499209744,"Magic Sort!"
21:00,5,431946152,"Roblox"
21:00,6,6759763476,"Bus Traffic Fever!"
21:00,7,6468921495,"Vita Mahjong"
21:00,8,6780195090,"82-0.com"
21:00,9,6483539426,"Fortnite"
21:00,10,6759081967,"Jewel Coloring"
21:00,11,1617391485,"Block Blast！"
21:00,12,6760325543,"CubeAway - 3DPuzzle"
21:00,13,6443575749,"Whiteout Survival"
21:00,14,1608987929,"Triumph Arcade"
21:00,15,638689075,"Township"
21:00,16,6748950306,"Solitaire Associations Journey"
21:00,17,6471045672,"Tasty Travels: Merge Game"
21:00,18,6751056652,"Pixel Flow!"
21:00,19,6791525847,"Slow Mo Strike: Knives in Time"
21:00,20,512939461,"Subway Surfers"
21:00,21,6473058122,"Charades Guess Game · Guessly"
21:00,22,6745120053,"Imposter Game - Party Edition"
21:00,23,1621328561,"MONOPOLY GO!"
21:00,24,6739554056,"Kingshot"
21:00,25,1606549505,"Royal Kingdom"
21:00,26,1623318294,"Gossip Harbor®: Merge & Story"
21:00,27,6747492600,"Mahjong Blast"
21:00,28,1482155847,"Royal Match"
21:00,29,6757908157,"JoJo's Bizarre Adventure: GS"
21:00,30,1351168404,"Among Us!"
21:00,31,6780891673,"Royal Smash! - Physics Puzzle"
21:00,32,6756058501,"Jelly Busters: Puzzle Game"
21:00,33,6758326278,"Amaze GO!"
21:00,34,6748397500,"Arrows – Puzzle Escape"
21:00,35,1443446174,"Magic Tiles 3™: Piano Game"
21:00,36,6756482832,"Brain Puzzle 3: Crazy Mind"
21:00,37,6746328263,"Castle Busters"
21:00,38,6760377931,"Mahjong Rumble: Win Real Cash"
21:00,39,6744975195,"Sled Surfers"
21:00,40,1287282214,"Call of Duty®: Mobile"
21:00,41,6755183085,"Yarn Loop: Knit Puzzle"
21:00,42,553834731,"Candy Crush Saga"
21:00,43,6762178742,"Grand Fortune Club"
21:00,44,6746437378,"Tang Luck: Casino Slots"
21:00,45,1094591345,"Pokémon GO"
21:00,46,543186831,"8 Ball Pool™"
21:00,47,6498883328,"Tile Explorer: Tiles Clear!"
21:00,48,6449094229,"Match Factory!"
21:00,49,6751537447,"Snake Puzzle: Slither to Eat!"
21:00,50,6756185760,"Search It - Hidden Objects"
21:00,51,6779167923,"Colony Flow!"
21:00,52,6756288168,"Cookingo: Perfect Meal"
21:00,53,1562817072,"Mob Control"
21:00,54,880047117,"Angry Birds 2"
21:00,55,6503697761,"Playtest Pro by BestPlay"
21:00,56,1423046460,"Paper.io 2"
21:00,57,1446254576,"Solitaire Cash: Win Real Money"
21:00,58,6738109752,"Tiles Survive!"
21:00,59,406889139,"Coin Master"
21:00,60,6744812012,"X-Clash: Survival Challenge"
21:00,61,1453837845,"Charades - Family & Party Game"
21:00,62,329218549,"Chess.com - Play and Learn"
21:00,63,1389111413,"Hole.io"
21:00,64,6768564100,"Bruno Reels Casino"
21:00,65,6482849843,"Goods Puzzle: Sort Challenge"
21:00,66,1094930513,"EA SPORTS FC Soccer Mobile 26"
21:00,67,6744304405,"Cider Casino - Real Money"
21:00,68,1176027022,"Toon Blast"
21:00,69,1193508329,"Sudoku.com - Number Games"
21:00,70,6769314786,"Food Hunt: Pixel Puzzle"
21:00,71,6742809194,"Warline: Sniper Strike"
21:00,72,6739069151,"Crossword Go!"
21:00,73,1522266397,"Bingo Cash - Win Real Money"
21:00,74,6448104157,"Offline Games - No Wifi Games"
21:00,75,6755455500,"Hollywood Merge"
21:00,76,1660171117,"Zen Word® - Relax Puzzle Game"
21:00,77,6757154335,"Cube Land Puzzle Game"
21:00,78,6446197181,"Glow Fashion Idol"
21:00,79,1602508478,"Word Search Explorer®"
21:00,80,6751794501,"Cash Avalanche:Casino Slot"
21:00,81,1465731199,"2 Player Games : Offline Games"
21:00,82,6670441558,"Dark War:Survival"
21:00,83,1053012308,"Clash Royale"
21:00,84,6767091927,"Jigsaw Drop: Solitaire Puzzle"
21:00,85,6753862216,"Foodstars: Merge & Cook"
21:00,86,6761381402,"Acebet Social Casino & Slots"
21:00,87,1207472156,"Wordscapes - Word Game"
21:00,88,6757350661,"Police Chief"
21:00,89,1229016807,"Brawl Stars"
21:00,90,6450413462,"CrownCoins Casino"
21:00,91,6762268182,"Z Route: Redemption"
21:00,92,1529067679,"Warpath: Ace Shooter"
21:00,93,6784602967,"Stack Smash - 3D Puzzle Game"
21:00,94,6761603258,"Loop Master: Color Jam Sort"
21:00,95,698255242,"Geometry Dash Lite"
21:00,96,6741567125,"Clash of Critters"
21:00,97,930574573,"Sniper 3D: Gun Shooting Games"
21:00,98,6742410648,"WhoLiked? - Guess Who Reposted"
21:00,99,1424246763,"Headbands: Charades Party Game"
21:00,100,1545567989,"Number Match - Numbers Game"
21:00,101,1366478176,"Meta Horizon"
21:00,102,6479970832,"Pokémon TCG Pocket"
21:00,103,6755495631,"Packz"
21:00,104,6759412341,"EA College Football Mobile 27"
21:00,105,6761469046,"Rap Star:Idle Clicker"
21:00,106,1407852246,"Happy Color® – Coloring Games"
21:00,107,1519174001,"Art Puzzle - Jigsaw Games"
21:00,108,6782096197,"Knock Out : Physics Puzzle"
21:00,109,6741503079,"Pokémon Champions"
21:00,110,6566176181,"Gleaming Slots - Win Real Cash"
21:00,111,6779310326,"Coin Collector!"
21:00,112,1521236603,"Travel Town - Merge Adventure"
21:00,113,1117270703,"eFootball™"
21:00,114,6758138698,"Car Sort: Color Puzzle"
21:00,115,6738114176,"Stake US - Casino & Slots"
21:00,116,6743385713,"Wool Crush™-Escape Traffic Jam"
21:00,117,1486214495,"Brain Test: Tricky Puzzles"
21:00,118,1512834505,"Wavelength"
21:00,119,6756989323,"Last Asylum: Plague"
21:00,120,6761614488,"Apex Hunter: Animal Shooting"
21:00,121,1642607669,"Game of Thrones: Dragonfire"
21:00,122,6754009969,"Jackpot Nights"
21:00,123,307569751,"NYT Games: Wordle & Crossword"
21:00,124,6740618570,"XP Hero"
21:00,125,6762267809,"Arrow Pro 3D"
21:00,126,6477413486,"Level Devil - NOT A Troll Game"
21:00,127,1344700142,"UNO!™"
21:00,128,1610874732,"Melon: Sandbox"
21:00,129,6475757306,"Disney Solitaire"
21:00,130,1330123889,"PUBG MOBILE"
21:00,131,1597760047,"OneState RP: Role Play Online"
21:00,132,6450917563,"Pizza Ready!"
21:00,133,6758984040,"Frost Valley™: Merge & Story"
21:00,134,1595314851,"Lamar - Idle Vlogger"
21:00,135,1537890432,"Flamingo Cards: Couple Games"
21:00,136,1300146617,"Free Fire: 9th Anniversary"
21:00,137,1664415775,"Royal Cooking"
21:00,138,1635760774,"My Perfect Hotel"
21:00,139,893677096,"Plants vs. Zombies™"
21:00,140,981633844,"Block Craft 3D: Building Games"
21:00,141,1553777064,"Exposed - Who's Most Likely To"
21:00,142,6446482475,"Solitaire Smash: Real Cash!"
21:00,143,6751270213,"Hidden Object Games: Seek It"
21:00,144,6474133872,"Find Hidden Objects - Spot It!"
21:00,145,6745272388,"Block Buster - No Timer"
21:00,146,6751101794,"Loop Sort"
21:00,147,529479190,"Clash of Clans"
21:00,148,6754558455,"Marble Sort!"
21:00,149,6478063606,"Color Block: Combo Blast"
21:00,150,1274132545,"Total Battle: War Strategy"
21:00,151,6745761596,"Coin Master - Board Adventure"
21:00,152,6499306806,"Goods Puzzle: 3D Sorting Games"
21:00,153,6503272652,"Last Z: Survival Shooter"
21:00,154,1475514684,"Bubble Cash"
21:00,155,6615086509,"NYT Crossplay: Word Games"
21:00,156,6745003362,"Word Oasis: Calm Puzzle Game"
21:00,157,6608975929,"Woodoku Blast: Block Puzzle"
21:00,158,6754900673,"Jigsawcard Solitaire Puzzle"
21:00,159,6743368869,"Draft Showdown"
21:00,160,1462060332,"DraftKings Casino - Real Money"
21:00,161,6753985785,"Fruit Juice Farm"
21:00,162,1550945606,"Soccer Superstar"
21:00,163,6738905436,"Lavish Luck Casino"
21:00,164,6760998152,"Family Farm Merge"
21:00,165,6754098532,"RUSH: Xtreme"
21:00,166,359917414,"Solitaire"
21:00,167,6764201639,"Idle Cat Gunner: Shooter RPG"
21:00,168,6741076536,"Modo Casino Slots & Games"
21:00,169,6751319735,"Bingo Rock"
21:00,170,6751270546,"Sword x Staff"
21:00,171,1104692136,"Snake.io - Fun Online Snake"
21:00,172,6754464806,"Car Evolve"
21:00,173,6504122823,"Epic Plane Evolution"
21:00,174,420009108,"Temple Run"
21:00,175,6752886832,"Hotel Legacy: Merge Game"
21:00,176,6754878717,"The Cozy Florist"
21:00,177,6740043080,"Screwdom"
21:00,178,1420294918,"Wordscapes Search - Word Game"
21:00,179,1492722342,"Animals & Coins Adventure Game"
21:00,180,6468762763,"ReBet: Social Sports & Casino"
21:00,181,1105855019,"Gardenscapes"
21:00,182,6755216191,"Color Maze - Puzzle Game"
21:00,183,6739792763,"Jackpot Go: Slots Casino"
21:00,184,1446874445,"Magic Level 9: Tap Piano Game"
21:00,185,6761893238,"Top Force: Commander"
21:00,186,6760530627,"Mahjong Clash: Win Real Cash"
21:00,187,1118431695,"Bowmasters - Multiplayer Games"
21:00,188,6471572249,"Fruit Merge™: Match Game"
21:00,189,1247645833,"TCGplayer"
21:00,190,6449243946,"Snake Clash!"
21:00,191,6450834358,"Sunday City: Life Simulator"
21:00,192,1638139403,"Block Crush！"
21:00,193,6741471925,"Highway Racer Pro"
21:00,194,6479528256,"MONOPOLY: Bingo!"
21:00,195,6747028173,"Hole Stars: Puzzle Game"
21:00,196,6758431435,"Go Go Gold: Casino"
21:00,197,6757671759,"Water Sort Puzzle - Order Up"
21:00,198,1645281275,"Idle Bank Tycoon: Money Game"
21:00,199,887947640,"CSR 2 - Realistic Drag Racing"
21:00,200,6451208928,"Business Empire: RichMan"
