time,rank,id,title
00:00,1,com.EightStudio.BlightWar,"블라이트 워 : 방치형 RPG"
00:00,2,com.devsisters.cc,"쿠키런 키우기 - 쿠키런: 크럼블"
00:00,3,com.noriworks.gm,"고스톱M : 데이터 필요없는 맞고 게임"
00:00,4,com.mocacorp.tile,"타일 킹 - 트리플 매치"
00:00,5,com.fowgames.kingdom2,"킹덤2: 타오르는 전장"
00:00,6,com.orienjoy.heroland.kr,"히어로 랜드M"
00:00,7,com.grandgames.magicsort,"매직 정렬!  (Magic Sort !)"
00:00,8,com.mocacorp.sudoku,"스도쿠"
00:00,9,com.redveilone.vardian,"바르디안 : 피의 맹세"
00:00,10,com.rxjhglkr.gp,"열혈강호: 넥스트"
00:00,11,com.ryonggame.soulhunteridle,"소울 헌터 키우기 : 방치형 RPG"
00:00,12,com.mergegames.gossipharbor,"가십하버: 합성 & 스토리 게임"
00:00,13,com.block.juggle,"블록 블라스트 (Block Blast)"
00:00,14,com.hkqs.jszx.google,"부족 또 전쟁 : 무한루프 RPG"
00:00,15,com.noriworks.kg,"국민 고스톱"
00:00,16,com.plaium.tmm,"티니핑 매직 매치"
00:00,17,com.nebula.mahjongtile,"마작 블래스트 (Mahjong Blast)"
00:00,18,tokyo.chickenskin.imikowa,"의미심장 스토리"
00:00,19,com.roblox.client,"로블록스 (Roblox)"
00:00,20,com.run.tower.defense,"킹샷:Kingshot"
00:00,21,com.netease.dunkcdjp,"NBA 덩크 시티"
00:00,22,com.ecffri.arrows,"애로우즈 – 퍼즐 이스케이프 (Arrows)"
00:00,23,com.dreamgames.royalmatch,"로얄 매치 Royal Match"
00:00,24,com.cyphergames.royalsmash,"Royal Smash! - Physics Puzzle"
00:00,25,com.mobirix.ldwm,"수박 만들기 2048"
00:00,26,com.puzzlegames.puzzlebrickslegend,"컬러블록: 콤보 블라스트(Color Block)"
00:00,27,com.warrior.screw.gp,"나사 풀기 대작전"
00:00,28,com.lighthouse.freeplay.kr,"라스트 라이트: 디펜스"
00:00,29,com.highbrow.games.dvo,"드래곤빌리지3"
00:00,30,com.leap.searchit,"Search It – 숨은그림찾기"
00:00,31,com.Chodun.CatGunner,"총잡이 고양이 : 방치형 키우기 RPG"
00:00,32,jp.co.goodroid.hyper.busflow,"Bus Traffic Fever!"
00:00,33,com.ratinghope.gplay,"타이탄 러쉬: 서바이벌"
00:00,34,color.number.paint.pixle.art.sort.jigsaw,"Jewel Coloring"
00:00,35,com.wood.block.sudoku.puzzle.bm,"Block Crush: 블록블라스트 퍼즐"
00:00,36,com.xman.kr.gp,"X 클래시"
00:00,37,com.oakever.arrows,"Amaze GO! - 화살표 퍼즐"
00:00,38,com.hollywood.merge,"할리우드 머지"
00:00,39,com.dreamgames.royalkingdom,"로얄 킹덤 (Royal Kingdom)"
00:00,40,com.nianticlabs.pokemongo,"Pokémon GO"
00:00,41,beats.color.sing.star.rush,"피아노타일9: 리듬게임 음악·노래·음악·케이팝"
00:00,42,jp.pokemon.pokemonchampions,"Pokémon Champions"
00:00,43,com.fatmerge.global,"테이스티 트레블: 합성 게임"
00:00,44,com.unept.leveldevil,"Level Devil - NOT A Troll Game"
00:00,45,com.vitastudio.mahjong,"비타 마작(Vita Mahjong)"
00:00,46,com.pockethaven.roguelegend,"로그 레전드: 로그라이크 RPG"
00:00,47,com.oakever.meowdoku,"Meowdoku: 두뇌 퍼즐 게임"
00:00,48,com.klab.heroaca.united.survival,"MHA: UNITED SURVIVAL"
00:00,49,com.combo.yarnflow,"Yarn Loop"
00:00,50,com.nexon.he,"히간: 이루실"
00:00,51,com.merge.game.foodstars,"푸드스타: 합쳐서 요리하기"
00:00,52,com.gof.global,"WOS: 화이트아웃 서바이벌"
00:00,53,com.kayac.slow_mo_strike,"Slow Mo Strike: Knives in Time"
00:00,54,com.nexon.ma,"메이플 키우기"
00:00,55,com.phs.global,"라스트 어사일럼: 페스트"
00:00,56,com.youmusic.magictiles,"매직 타일 3: 피아노 게임 케이팝 노래"
00:00,57,com.pocket.sort.coin.puzzle.game,"포켓 정렬 (Pocket Sort): 동전 병합 퍼즐"
00:00,58,com.brain.crazy.joygame,"Brain Puzzle 3: Crazy Mind"
00:00,59,com.epicoro.castleclashers,"Castle Busters"
00:00,60,game.qualiarts.hololive.dreams.com,"hololive Dreams"
00:00,61,jigsolitaire.jigsort.jigsaw.solitaire.puzzle,"Jigsort™ 퍼즐: 혼자 즐기는 재미"
00:00,62,com.familygo.simgame,"Family Go! - 대를 잇는 인생 시뮬레이션"
00:00,63,com.mergecoin.cotune.tuneco,"Coin Merge Fortune"
00:00,64,word.games.puzzle.offline.games,"낱말퀴즈-단어&단어게임&두뇌 훈련&현실적인 게임"
00:00,65,com.gravity.romkrzeny.aos,"라그나로크M: Classic"
00:00,66,com.Chillgaming.oneState,"OneState RP: 온라인 롤플레잉"
00:00,67,com.zyyad.mihuan,"조운과 아두"
00:00,68,com.readygo.barrel.gp,"라스트 Z: 서바이벌 슈터"
00:00,69,com.nexon.fmk,"FC 모바일"
00:00,70,com.whoyaho.tanghulu,"탕후루의 달인 - 두쫀쿠, 급식, 배달 먹방 ASMR"
00:00,71,io.voodoo.holeio,"Hole.io"
00:00,72,io.supercent.weaponrpg,"XP Hero (XP 히어로)"
00:00,73,com.pocketchamps.game,"포켓 챔프: 3D 레이싱 게임"
00:00,74,io.voodoo.paper2,"Paper.io 2"
00:00,75,com.ekkorr.ef2,"오늘도 환생 2 : 방치형 디펜스 RPG"
00:00,76,com.playrix.township,"꿈의 마을 (Township)"
00:00,77,com.superbox.aos.suikagame,"멜론 메이커 : 과일 파티"
00:00,78,com.supercell.brawlstars,"브롤스타즈"
00:00,79,com.nflystudio.InfiniteStaircase,"무한의 계단"
00:00,80,com.s01.global,"로드러쉬"
00:00,81,easy.sudoku.puzzle.solver.free,"스도쿠 - 클래식 스도쿠 퍼즐"
00:00,82,com.chirpysort.game.android,"Chirpy Sort: Bird Color Puzzle"
00:00,83,com.sled.surfers.game,"Sled Surfers  - 슬로프 어드벤처"
00:00,84,com.fatr.global,"호텔 레거시: 합성&리모델링"
00:00,85,jp.co.ponos.battlecatskr,"냥코 대전쟁"
00:00,86,com.percent.aos.luckydefense,"운빨존많겜"
00:00,87,com.robtopx.geometryjumplite,"Geometry Dash Lite"
00:00,88,com.cedargames.mysterytown,"미스터리 타운: 합성 게임 (Mystery Town)"
00:00,89,com.gtsy.annoying.punch.game,"Annoying Uncle - 펀칭 게임"
00:00,90,com.mz.fzcqkr,"전사들과 모험"
00:00,91,relaxing.games.sort.jam.free,"Sort Jam"
00:00,92,sorting.games.goods.sort.triple.match3d.puzzle.stuff,"상품 분류 게임: 3D 퍼즐"
00:00,93,com.king.candycrushsaga,"캔디크러쉬사가 (Candy Crush Saga)"
00:00,94,com.funplus.ts.global,"타일 서바이벌"
00:00,95,io.supercent.linkedcubic,"스네이크 클래시 (Snake Clash)"
00:00,96,block.color.game.jam.blocks.sort.puzzle.games.slide.free,"블록 컬러 매니아"
00:00,97,com.gamespark.topking.gp,"탑 로드"
00:00,98,com.nexon.nsc.maplem,"메이플스토리M"
00:00,99,net.gameduo.gv,"캣 히어로 : 방치형 RPG"
00:00,100,com.Gaggle.fun.GooseGooseDuck,"Goose Goose Duck"
00:00,101,com.soccer.score.star,"사커 슈퍼스타 (Soccer Superstar)"
00:00,102,com.nebula.tiles,"탭 타일 (Tap Tile)"
00:00,103,com.bunbunstudio.magicblocktiles,"음악 피아노 7:  음악게임 & 피아노게임"
00:00,104,com.bandainamcoent.dgup_ww,"디지몬 UP"
00:00,105,com.ig.screwdom,"Screwdom 3D"
00:00,106,com.bravestars.savethedog.drawgame,"Save The Pets"
00:00,107,com.rummikubfree,"Rummikub"
00:00,108,com.furrjam.traffic.jamgame,"FurrJam:Hop In!"
00:00,109,com.teaegg.puzzle.master,"미스터 에그 대탐험"
00:00,110,com.gamedots.seasideescape,"씨사이드 익스케이프: 합성 & 스토리 게임"
00:00,111,com.pubg.krmobile,"배틀그라운드"
00:00,112,jp.pokemon.pokemontcgp,"포켓몬 카드 게임 Pocket"
00:00,113,com.yoyogames.love.makeover.dressup.dating.crush.game,"Love Makeover: 패션 스타일링"
00:00,114,com.percent.aos.cooptd,"협타디: 협동 타워 디펜스"
00:00,115,com.tripledot.blockbash,"Woodoku Blast"
00:00,116,com.vincentb.MobControl,"Mob Control"
00:00,117,com.NHNEnt.NDuelgo,"한게임 신맞고 : 대한민국 원조 고스톱"
00:00,118,com.whoyaho.pendeco,"볼꾸의 달인 - 볼펜 꾸미기 ASMR 비즈 만들기"
00:00,119,jigsaw.solitaire.match.games.free,"지그소 드롭: 솔리테어 퍼즐"
00:00,120,com.luwasowica.lwssort,"럭키 워터 소트: 현금 획득"
00:00,121,com.easybrain.brainy.joygame,"Puzzle Time: Brainy Challenge"
00:00,122,com.lucky.arrow.out.path,"Lucky Arrow Out"
00:00,123,find.difference.spot.differences.hidden.puzzle.games.free,"차이점 - 찾기 & 발견하기"
00:00,124,pics.karaage.sokutaiho,"순찰중! 바로 체포!"
00:00,125,com.dream.tiles.puzzlelink,"Dream Tiles: Puzzle Link​"
00:00,126,com.find.spot.photo.hunt.differences.free.hidden,"틀린그림찾기: 즐거운 스포트잇 퍼즐"
00:00,127,wool.match.color.sort.jam.puzzle,"털실 마스터"
00:00,128,com.superplanet.odyssey,"던전 견문록"
00:00,129,hidden.object.find.seek.search.mystery.puzzle.games.free,"숨은그림찾기 게임: Seek It"
00:00,130,com.brain.logic.joygame,"Brain Puzzle 2: Logic Twist"
00:00,131,com.mjwygirls.kr,"각성소녀: 욕망의 여정"
00:00,132,com.rush.xtreme.sports,"러시: 익스트림 (RUSH: Xtreme)"
00:00,133,com.oakever.tiletrip,"Tile Explorer - 트리플 매치"
00:00,134,game.bubble.physics.world,"3D Bubble Shoot - ASMR Game"
00:00,135,net.peakgames.match,"매치 팩토리(Match Factory)!"
00:00,136,com.wildcaly.chbaseball.jkt,"MLB 클러치 히트 베이스볼 26"
00:00,137,com.danceofplantsms.android.kor,"플랜티스와 좀비깡패"
00:00,138,pics.karaage.damekoico,"나쁜 사랑 - 다크한 남친 컬렉션"
00:00,139,com.NHNEnt.MSudda,"한게임 섯다&맞고"
00:00,140,com.hitappsgames.wordsolitaire,"단어 솔리테어: 카드 퍼즐게임"
00:00,141,com.fungames.blockcraft,"블록 크래프트 3D(Block Craft): 건설 게임"
00:00,142,com.merge.cooking.theme.restaurant.food,"머지 쿠킹 테마 레스토랑"
00:00,143,com.korea.hsbbkr.google,"도깨비 소녀와 함께"
00:00,144,com.fluffydrop.op.gp,"Fluffy Drop"
00:00,145,com.cool.adult.tile.mahjongcrush,"마작 크러시​"
00:00,146,com.igg.android.doomsdaylastsurvivors,"둠스데이: 영웅의 여정"
00:00,147,com.netmarble.stonkey,"스톤에이지 키우기"
00:00,148,water.sort.color.puzzle.master,"Water Sort: Color Sorting 3D"
00:00,149,com.basakansoft.jobmaker,"취준생 키우기 : 취업 시뮬레이션 게임"
00:00,150,com.unicostudio.braintest,"브레인 테스트 (Brain Test): 까다로운 퍼즐"
00:00,151,com.cola.game,"핫레스토랑: 머지&쿠킹"
00:00,152,com.hwqgrhhjfd.idlefastfood,"Eatventure"
00:00,153,piggy.escape.jam.farm.puzzle.game,"Piggy Escape: 동물주차게임"
00:00,154,com.hp.keyboard.obby.asmr.speed.run,"Keyboard Obby: ASMR Speed Run"
00:00,155,com.hypgames.sniperbattle,"Sniper Battle: 3D 전장 슈팅"
00:00,156,com.easybrain.sudoku.android,"스도쿠 - 두뇌 훈련용 퍼즐 게임"
00:00,157,com.tap.away.arrows.logic.puzzle.brain.game,"Arrows World"
00:00,158,com.pixel.art.coloring.color.number,"Happy Color® – 컬러링북, 숫자 색칠 게임"
00:00,159,com.devsisters.ck,"쿠키런: 킹덤"
00:00,160,com.nhnent.pokerclassic,"한게임포커 클래식 : 7포커 홀덤 섯다 훌라 슬롯"
00:00,161,com.ares.twd,"The Walking Dead: Aftermath"
00:00,162,com.hmbl.perfect.makeover.cleaning.asmr,"Perfect Makeover Cleaning ASMR"
00:00,163,com.arrow.out,"Point Out: Color Escape Puzzle"
00:00,164,com.red.sortingstore.android,"Water Match® - ASMR Water Sort"
00:00,165,com.os.airforce,"1945 공군: 레트로 오락실 슈팅 게임"
00:00,166,com.hungrystudio.mahjong,"Double Tile!"
00:00,167,app.gajami.keycap,"딸깍 - 키캡게임"
00:00,168,com.JindoBlu.TwoPlayerGamesChallenge,"2인용 게임: 도전"
00:00,169,com.greenmushroom.boomblitz.gp,"탑 히어로즈"
00:00,170,com.haegin.kbo,"2026 프로야구GO!"
00:00,171,com.nexters.herowars,"Hero Wars: Alliance RPG 게임"
00:00,172,com.tfv.block.line.fill.puzzle,"단일 선 블록 채우기 퍼즐"
00:00,173,com.ew.mahjong,"Fun Mahjong Match"
00:00,174,arrow.cube.escape3d,"Arrow Pro 3D"
00:00,175,com.pjsekai.kr,"프로젝트 세카이 컬러풀 스테이지! feat.하츠네 미쿠"
00:00,176,com.mahjong.master.solitaire.match.puzzle,"마작 마스터: 데일리 매치"
00:00,177,com.fiveminlab.overgeared.hero.backpack.merge,"템빨용사: 픽셀 아이템 머지 RPG"
00:00,178,math.puzzle.games.crossmath.number.puzzles.free,"수학 퍼즐 게임 - 크로스매스"
00:00,179,com.ylqdhkr.gp,"엔터테인먼트 거물"
00:00,180,com.gamovation.tileclub,"타일 클럽 - 매칭 게임"
00:00,181,water.sort.puzzle.game.color.sorting.free,"물 분류 퍼즐 게임 - 재미있는 색상 분류 퍼즐 게임"
00:00,182,com.riotgames.mobile.leagueconnect,"라이엇 모바일"
00:00,183,com.mojang.minecrafttrialpe,"Minecraft 체험판"
00:00,184,com.whalejoy.horrorstory.gp,"헌티드 머지: 괴담"
00:00,185,net.lightcon.windidle,"윈드러너 키우기"
00:00,186,com.mini.football.filter.games,"Mini Soccer: Football Cup 2026"
00:00,187,com.tocaboca.tocalifeworld,"Toca Boca World"
00:00,188,com.fty.tonari,"옆자리는 누구? : 꿀잼 논리 퍼즐 퀴즈게임"
00:00,189,com.jsjskr.google,"토이 삼국"
00:00,190,com.innersloth.spacemafia,"Among Us"
00:00,191,com.JindoBlu.OfflineGames,"데이터 필요없는 게임 - 와이파이 필요없는 게임"
00:00,192,com.dwgames.chunorpg,"추노 키우기"
00:00,193,com.wireless.defenseland,"레이드 러시: 타워 디펜스"
00:00,194,com.chess,"체스 · 플레이 및 배우기 온라인"
00:00,195,com.abi.colony.flow,"Colony Flow"
00:00,196,bus.loop.traffic.jam.fever.bus.puzzle,"Bus Loop:Jam Master"
00:00,197,com.seeplay.catjump,"캣점프"
00:00,198,com.infiniplay.merge.fashion.romance.story,"패션 병합（Merge Fashion）: 로맨스 스토리"
00:00,199,net.happywit.screw.out.jam,"Screw Out 3D"
00:30,1,com.EightStudio.BlightWar,"블라이트 워 : 방치형 RPG"
00:30,2,com.devsisters.cc,"쿠키런 키우기 - 쿠키런: 크럼블"
00:30,3,com.noriworks.gm,"고스톱M : 데이터 필요없는 맞고 게임"
00:30,4,com.mocacorp.tile,"타일 킹 - 트리플 매치"
00:30,5,com.fowgames.kingdom2,"킹덤2: 타오르는 전장"
00:30,6,com.orienjoy.heroland.kr,"히어로 랜드M"
00:30,7,com.grandgames.magicsort,"매직 정렬!  (Magic Sort !)"
00:30,8,com.mocacorp.sudoku,"스도쿠"
00:30,9,com.redveilone.vardian,"바르디안 : 피의 맹세"
00:30,10,com.rxjhglkr.gp,"열혈강호: 넥스트"
00:30,11,com.ryonggame.soulhunteridle,"소울 헌터 키우기 : 방치형 RPG"
00:30,12,com.mergegames.gossipharbor,"가십하버: 합성 & 스토리 게임"
00:30,13,com.block.juggle,"블록 블라스트 (Block Blast)"
00:30,14,com.hkqs.jszx.google,"부족 또 전쟁 : 무한루프 RPG"
00:30,15,com.noriworks.kg,"국민 고스톱"
00:30,16,com.plaium.tmm,"티니핑 매직 매치"
00:30,17,com.nebula.mahjongtile,"마작 블래스트 (Mahjong Blast)"
00:30,18,tokyo.chickenskin.imikowa,"의미심장 스토리"
00:30,19,com.roblox.client,"로블록스 (Roblox)"
00:30,20,com.run.tower.defense,"킹샷:Kingshot"
00:30,21,com.netease.dunkcdjp,"NBA 덩크 시티"
00:30,22,com.ecffri.arrows,"애로우즈 – 퍼즐 이스케이프 (Arrows)"
00:30,23,com.dreamgames.royalmatch,"로얄 매치 Royal Match"
00:30,24,com.cyphergames.royalsmash,"Royal Smash! - Physics Puzzle"
00:30,25,com.mobirix.ldwm,"수박 만들기 2048"
00:30,26,com.puzzlegames.puzzlebrickslegend,"컬러블록: 콤보 블라스트(Color Block)"
00:30,27,com.warrior.screw.gp,"나사 풀기 대작전"
00:30,28,com.lighthouse.freeplay.kr,"라스트 라이트: 디펜스"
00:30,29,com.highbrow.games.dvo,"드래곤빌리지3"
00:30,30,com.leap.searchit,"Search It – 숨은그림찾기"
00:30,31,com.Chodun.CatGunner,"총잡이 고양이 : 방치형 키우기 RPG"
00:30,32,jp.co.goodroid.hyper.busflow,"Bus Traffic Fever!"
00:30,33,com.ratinghope.gplay,"타이탄 러쉬: 서바이벌"
00:30,34,com.pockethaven.roguelegend,"로그 레전드: 로그라이크 RPG"
00:30,35,color.number.paint.pixle.art.sort.jigsaw,"Jewel Coloring"
00:30,36,com.wood.block.sudoku.puzzle.bm,"Block Crush: 블록블라스트 퍼즐"
00:30,37,com.xman.kr.gp,"X 클래시"
00:30,38,com.oakever.arrows,"Amaze GO! - 화살표 퍼즐"
00:30,39,com.hollywood.merge,"할리우드 머지"
00:30,40,com.dreamgames.royalkingdom,"로얄 킹덤 (Royal Kingdom)"
00:30,41,com.nianticlabs.pokemongo,"Pokémon GO"
00:30,42,beats.color.sing.star.rush,"피아노타일9: 리듬게임 음악·노래·음악·케이팝"
00:30,43,jp.pokemon.pokemonchampions,"Pokémon Champions"
00:30,44,com.fatmerge.global,"테이스티 트레블: 합성 게임"
00:30,45,com.unept.leveldevil,"Level Devil - NOT A Troll Game"
00:30,46,com.vitastudio.mahjong,"비타 마작(Vita Mahjong)"
00:30,47,com.oakever.meowdoku,"Meowdoku: 두뇌 퍼즐 게임"
00:30,48,com.klab.heroaca.united.survival,"MHA: UNITED SURVIVAL"
00:30,49,com.combo.yarnflow,"Yarn Loop"
00:30,50,com.nexon.he,"히간: 이루실"
00:30,51,com.merge.game.foodstars,"푸드스타: 합쳐서 요리하기"
00:30,52,com.gof.global,"WOS: 화이트아웃 서바이벌"
00:30,53,com.kayac.slow_mo_strike,"Slow Mo Strike: Knives in Time"
00:30,54,com.nexon.ma,"메이플 키우기"
00:30,55,com.phs.global,"라스트 어사일럼: 페스트"
00:30,56,com.youmusic.magictiles,"매직 타일 3: 피아노 게임 케이팝 노래"
00:30,57,com.pocket.sort.coin.puzzle.game,"포켓 정렬 (Pocket Sort): 동전 병합 퍼즐"
00:30,58,com.brain.crazy.joygame,"Brain Puzzle 3: Crazy Mind"
00:30,59,com.epicoro.castleclashers,"Castle Busters"
00:30,60,game.qualiarts.hololive.dreams.com,"hololive Dreams"
00:30,61,jigsolitaire.jigsort.jigsaw.solitaire.puzzle,"Jigsort™ 퍼즐: 혼자 즐기는 재미"
00:30,62,com.familygo.simgame,"Family Go! - 대를 잇는 인생 시뮬레이션"
00:30,63,com.mergecoin.cotune.tuneco,"Coin Merge Fortune"
00:30,64,word.games.puzzle.offline.games,"낱말퀴즈-단어&단어게임&두뇌 훈련&현실적인 게임"
00:30,65,com.gravity.romkrzeny.aos,"라그나로크M: Classic"
00:30,66,com.Chillgaming.oneState,"OneState RP: 온라인 롤플레잉"
00:30,67,com.zyyad.mihuan,"조운과 아두"
00:30,68,com.readygo.barrel.gp,"라스트 Z: 서바이벌 슈터"
00:30,69,com.nexon.fmk,"FC 모바일"
00:30,70,com.whoyaho.tanghulu,"탕후루의 달인 - 두쫀쿠, 급식, 배달 먹방 ASMR"
00:30,71,io.voodoo.holeio,"Hole.io"
00:30,72,io.supercent.weaponrpg,"XP Hero (XP 히어로)"
00:30,73,com.pocketchamps.game,"포켓 챔프: 3D 레이싱 게임"
00:30,74,io.voodoo.paper2,"Paper.io 2"
00:30,75,com.ekkorr.ef2,"오늘도 환생 2 : 방치형 디펜스 RPG"
00:30,76,com.playrix.township,"꿈의 마을 (Township)"
00:30,77,com.superbox.aos.suikagame,"멜론 메이커 : 과일 파티"
00:30,78,com.supercell.brawlstars,"브롤스타즈"
00:30,79,com.nflystudio.InfiniteStaircase,"무한의 계단"
00:30,80,com.s01.global,"로드러쉬"
00:30,81,easy.sudoku.puzzle.solver.free,"스도쿠 - 클래식 스도쿠 퍼즐"
00:30,82,com.chirpysort.game.android,"Chirpy Sort: Bird Color Puzzle"
00:30,83,com.sled.surfers.game,"Sled Surfers  - 슬로프 어드벤처"
00:30,84,com.fatr.global,"호텔 레거시: 합성&리모델링"
00:30,85,jp.co.ponos.battlecatskr,"냥코 대전쟁"
00:30,86,com.percent.aos.luckydefense,"운빨존많겜"
00:30,87,com.robtopx.geometryjumplite,"Geometry Dash Lite"
00:30,88,com.cedargames.mysterytown,"미스터리 타운: 합성 게임 (Mystery Town)"
00:30,89,com.gtsy.annoying.punch.game,"Annoying Uncle - 펀칭 게임"
00:30,90,com.mz.fzcqkr,"전사들과 모험"
00:30,91,relaxing.games.sort.jam.free,"Sort Jam"
00:30,92,sorting.games.goods.sort.triple.match3d.puzzle.stuff,"상품 분류 게임: 3D 퍼즐"
00:30,93,com.king.candycrushsaga,"캔디크러쉬사가 (Candy Crush Saga)"
00:30,94,com.funplus.ts.global,"타일 서바이벌"
00:30,95,io.supercent.linkedcubic,"스네이크 클래시 (Snake Clash)"
00:30,96,block.color.game.jam.blocks.sort.puzzle.games.slide.free,"블록 컬러 매니아"
00:30,97,com.gamespark.topking.gp,"탑 로드"
00:30,98,com.nexon.nsc.maplem,"메이플스토리M"
00:30,99,net.gameduo.gv,"캣 히어로 : 방치형 RPG"
00:30,100,com.Gaggle.fun.GooseGooseDuck,"Goose Goose Duck"
00:30,101,com.soccer.score.star,"사커 슈퍼스타 (Soccer Superstar)"
00:30,102,com.nebula.tiles,"탭 타일 (Tap Tile)"
00:30,103,com.bunbunstudio.magicblocktiles,"음악 피아노 7:  음악게임 & 피아노게임"
00:30,104,com.bandainamcoent.dgup_ww,"디지몬 UP"
00:30,105,com.ig.screwdom,"Screwdom 3D"
00:30,106,com.bravestars.savethedog.drawgame,"Save The Pets"
00:30,107,com.rummikubfree,"Rummikub"
00:30,108,com.furrjam.traffic.jamgame,"FurrJam:Hop In!"
00:30,109,com.teaegg.puzzle.master,"미스터 에그 대탐험"
00:30,110,com.gamedots.seasideescape,"씨사이드 익스케이프: 합성 & 스토리 게임"
00:30,111,com.pubg.krmobile,"배틀그라운드"
00:30,112,jp.pokemon.pokemontcgp,"포켓몬 카드 게임 Pocket"
00:30,113,com.yoyogames.love.makeover.dressup.dating.crush.game,"Love Makeover: 패션 스타일링"
00:30,114,com.percent.aos.cooptd,"협타디: 협동 타워 디펜스"
00:30,115,com.tripledot.blockbash,"Woodoku Blast"
00:30,116,com.vincentb.MobControl,"Mob Control"
00:30,117,com.NHNEnt.NDuelgo,"한게임 신맞고 : 대한민국 원조 고스톱"
00:30,118,com.whoyaho.pendeco,"볼꾸의 달인 - 볼펜 꾸미기 ASMR 비즈 만들기"
00:30,119,jigsaw.solitaire.match.games.free,"지그소 드롭: 솔리테어 퍼즐"
00:30,120,com.luwasowica.lwssort,"럭키 워터 소트: 현금 획득"
00:30,121,com.easybrain.brainy.joygame,"Puzzle Time: Brainy Challenge"
00:30,122,com.lucky.arrow.out.path,"Lucky Arrow Out"
00:30,123,find.difference.spot.differences.hidden.puzzle.games.free,"차이점 - 찾기 & 발견하기"
00:30,124,pics.karaage.sokutaiho,"순찰중! 바로 체포!"
00:30,125,com.dream.tiles.puzzlelink,"Dream Tiles: Puzzle Link​"
00:30,126,com.find.spot.photo.hunt.differences.free.hidden,"틀린그림찾기: 즐거운 스포트잇 퍼즐"
00:30,127,wool.match.color.sort.jam.puzzle,"털실 마스터"
00:30,128,com.superplanet.odyssey,"던전 견문록"
00:30,129,hidden.object.find.seek.search.mystery.puzzle.games.free,"숨은그림찾기 게임: Seek It"
00:30,130,com.brain.logic.joygame,"Brain Puzzle 2: Logic Twist"
00:30,131,com.mjwygirls.kr,"각성소녀: 욕망의 여정"
00:30,132,com.rush.xtreme.sports,"러시: 익스트림 (RUSH: Xtreme)"
00:30,133,com.oakever.tiletrip,"Tile Explorer - 트리플 매치"
00:30,134,game.bubble.physics.world,"3D Bubble Shoot - ASMR Game"
00:30,135,net.peakgames.match,"매치 팩토리(Match Factory)!"
00:30,136,com.wildcaly.chbaseball.jkt,"MLB 클러치 히트 베이스볼 26"
00:30,137,com.danceofplantsms.android.kor,"플랜티스와 좀비깡패"
00:30,138,pics.karaage.damekoico,"나쁜 사랑 - 다크한 남친 컬렉션"
00:30,139,com.NHNEnt.MSudda,"한게임 섯다&맞고"
00:30,140,com.hitappsgames.wordsolitaire,"단어 솔리테어: 카드 퍼즐게임"
00:30,141,com.fungames.blockcraft,"블록 크래프트 3D(Block Craft): 건설 게임"
00:30,142,com.merge.cooking.theme.restaurant.food,"머지 쿠킹 테마 레스토랑"
00:30,143,com.korea.hsbbkr.google,"도깨비 소녀와 함께"
00:30,144,com.fluffydrop.op.gp,"Fluffy Drop"
00:30,145,com.cool.adult.tile.mahjongcrush,"마작 크러시​"
00:30,146,com.igg.android.doomsdaylastsurvivors,"둠스데이: 영웅의 여정"
00:30,147,com.netmarble.stonkey,"스톤에이지 키우기"
00:30,148,water.sort.color.puzzle.master,"Water Sort: Color Sorting 3D"
00:30,149,com.basakansoft.jobmaker,"취준생 키우기 : 취업 시뮬레이션 게임"
00:30,150,com.unicostudio.braintest,"브레인 테스트 (Brain Test): 까다로운 퍼즐"
00:30,151,com.cola.game,"핫레스토랑: 머지&쿠킹"
00:30,152,com.hwqgrhhjfd.idlefastfood,"Eatventure"
00:30,153,piggy.escape.jam.farm.puzzle.game,"Piggy Escape: 동물주차게임"
00:30,154,com.hp.keyboard.obby.asmr.speed.run,"Keyboard Obby: ASMR Speed Run"
00:30,155,com.hypgames.sniperbattle,"Sniper Battle: 3D 전장 슈팅"
00:30,156,com.easybrain.sudoku.android,"스도쿠 - 두뇌 훈련용 퍼즐 게임"
00:30,157,com.tap.away.arrows.logic.puzzle.brain.game,"Arrows World"
00:30,158,com.pixel.art.coloring.color.number,"Happy Color® – 컬러링북, 숫자 색칠 게임"
00:30,159,com.devsisters.ck,"쿠키런: 킹덤"
00:30,160,com.nhnent.pokerclassic,"한게임포커 클래식 : 7포커 홀덤 섯다 훌라 슬롯"
00:30,161,com.ares.twd,"The Walking Dead: Aftermath"
00:30,162,com.hmbl.perfect.makeover.cleaning.asmr,"Perfect Makeover Cleaning ASMR"
00:30,163,com.arrow.out,"Point Out: Color Escape Puzzle"
00:30,164,com.red.sortingstore.android,"Water Match® - ASMR Water Sort"
00:30,165,com.os.airforce,"1945 공군: 레트로 오락실 슈팅 게임"
00:30,166,com.hungrystudio.mahjong,"Double Tile!"
00:30,167,app.gajami.keycap,"딸깍 - 키캡게임"
00:30,168,com.JindoBlu.TwoPlayerGamesChallenge,"2인용 게임: 도전"
00:30,169,com.greenmushroom.boomblitz.gp,"탑 히어로즈"
00:30,170,com.haegin.kbo,"2026 프로야구GO!"
00:30,171,com.nexters.herowars,"Hero Wars: Alliance RPG 게임"
00:30,172,com.tfv.block.line.fill.puzzle,"단일 선 블록 채우기 퍼즐"
00:30,173,com.ew.mahjong,"Fun Mahjong Match"
00:30,174,arrow.cube.escape3d,"Arrow Pro 3D"
00:30,175,com.pjsekai.kr,"프로젝트 세카이 컬러풀 스테이지! feat.하츠네 미쿠"
00:30,176,com.mahjong.master.solitaire.match.puzzle,"마작 마스터: 데일리 매치"
00:30,177,com.fiveminlab.overgeared.hero.backpack.merge,"템빨용사: 픽셀 아이템 머지 RPG"
00:30,178,math.puzzle.games.crossmath.number.puzzles.free,"수학 퍼즐 게임 - 크로스매스"
00:30,179,com.ylqdhkr.gp,"엔터테인먼트 거물"
00:30,180,com.gamovation.tileclub,"타일 클럽 - 매칭 게임"
00:30,181,water.sort.puzzle.game.color.sorting.free,"물 분류 퍼즐 게임 - 재미있는 색상 분류 퍼즐 게임"
00:30,182,com.riotgames.mobile.leagueconnect,"라이엇 모바일"
00:30,183,com.mojang.minecrafttrialpe,"Minecraft 체험판"
00:30,184,com.whalejoy.horrorstory.gp,"헌티드 머지: 괴담"
00:30,185,net.lightcon.windidle,"윈드러너 키우기"
00:30,186,com.mini.football.filter.games,"Mini Soccer: Football Cup 2026"
00:30,187,com.tocaboca.tocalifeworld,"Toca Boca World"
00:30,188,com.fty.tonari,"옆자리는 누구? : 꿀잼 논리 퍼즐 퀴즈게임"
00:30,189,com.jsjskr.google,"토이 삼국"
00:30,190,com.innersloth.spacemafia,"Among Us"
00:30,191,com.JindoBlu.OfflineGames,"데이터 필요없는 게임 - 와이파이 필요없는 게임"
00:30,192,com.dwgames.chunorpg,"추노 키우기"
00:30,193,com.wireless.defenseland,"레이드 러시: 타워 디펜스"
00:30,194,com.chess,"체스 · 플레이 및 배우기 온라인"
00:30,195,com.abi.colony.flow,"Colony Flow"
00:30,196,bus.loop.traffic.jam.fever.bus.puzzle,"Bus Loop:Jam Master"
00:30,197,com.seeplay.catjump,"캣점프"
00:30,198,com.infiniplay.merge.fashion.romance.story,"패션 병합（Merge Fashion）: 로맨스 스토리"
00:30,199,net.happywit.screw.out.jam,"Screw Out 3D"
01:00,1,com.EightStudio.BlightWar,"블라이트 워 : 방치형 RPG"
01:00,2,com.devsisters.cc,"쿠키런 키우기 - 쿠키런: 크럼블"
01:00,3,com.noriworks.gm,"고스톱M : 데이터 필요없는 맞고 게임"
01:00,4,com.mocacorp.tile,"타일 킹 - 트리플 매치"
01:00,5,com.fowgames.kingdom2,"킹덤2: 타오르는 전장"
01:00,6,com.orienjoy.heroland.kr,"히어로 랜드M"
01:00,7,com.grandgames.magicsort,"매직 정렬!  (Magic Sort !)"
01:00,8,com.mocacorp.sudoku,"스도쿠"
01:00,9,com.redveilone.vardian,"바르디안 : 피의 맹세"
01:00,10,com.rxjhglkr.gp,"열혈강호: 넥스트"
01:00,11,com.ryonggame.soulhunteridle,"소울 헌터 키우기 : 방치형 RPG"
01:00,12,com.mergegames.gossipharbor,"가십하버: 합성 & 스토리 게임"
01:00,13,com.block.juggle,"블록 블라스트 (Block Blast)"
01:00,14,com.hkqs.jszx.google,"부족 또 전쟁 : 무한루프 RPG"
01:00,15,com.noriworks.kg,"국민 고스톱"
01:00,16,com.plaium.tmm,"티니핑 매직 매치"
01:00,17,com.nebula.mahjongtile,"마작 블래스트 (Mahjong Blast)"
01:00,18,tokyo.chickenskin.imikowa,"의미심장 스토리"
01:00,19,com.roblox.client,"로블록스 (Roblox)"
01:00,20,com.run.tower.defense,"킹샷:Kingshot"
01:00,21,com.netease.dunkcdjp,"NBA 덩크 시티"
01:00,22,com.ecffri.arrows,"애로우즈 – 퍼즐 이스케이프 (Arrows)"
01:00,23,com.dreamgames.royalmatch,"로얄 매치 Royal Match"
01:00,24,com.cyphergames.royalsmash,"Royal Smash! - Physics Puzzle"
01:00,25,com.mobirix.ldwm,"수박 만들기 2048"
01:00,26,com.puzzlegames.puzzlebrickslegend,"컬러블록: 콤보 블라스트(Color Block)"
01:00,27,com.warrior.screw.gp,"나사 풀기 대작전"
01:00,28,com.lighthouse.freeplay.kr,"라스트 라이트: 디펜스"
01:00,29,com.highbrow.games.dvo,"드래곤빌리지3"
01:00,30,com.leap.searchit,"Search It – 숨은그림찾기"
01:00,31,com.Chodun.CatGunner,"총잡이 고양이 : 방치형 키우기 RPG"
01:00,32,jp.co.goodroid.hyper.busflow,"Bus Traffic Fever!"
01:00,33,com.ratinghope.gplay,"타이탄 러쉬: 서바이벌"
01:00,34,com.pockethaven.roguelegend,"로그 레전드: 로그라이크 RPG"
01:00,35,color.number.paint.pixle.art.sort.jigsaw,"Jewel Coloring"
01:00,36,com.wood.block.sudoku.puzzle.bm,"Block Crush: 블록블라스트 퍼즐"
01:00,37,com.xman.kr.gp,"X 클래시"
01:00,38,com.oakever.arrows,"Amaze GO! - 화살표 퍼즐"
01:00,39,com.hollywood.merge,"할리우드 머지"
01:00,40,com.dreamgames.royalkingdom,"로얄 킹덤 (Royal Kingdom)"
01:00,41,com.nianticlabs.pokemongo,"Pokémon GO"
01:00,42,beats.color.sing.star.rush,"피아노타일9: 리듬게임 음악·노래·음악·케이팝"
01:00,43,jp.pokemon.pokemonchampions,"Pokémon Champions"
01:00,44,com.fatmerge.global,"테이스티 트레블: 합성 게임"
01:00,45,com.unept.leveldevil,"Level Devil - NOT A Troll Game"
01:00,46,com.vitastudio.mahjong,"비타 마작(Vita Mahjong)"
01:00,47,com.oakever.meowdoku,"Meowdoku: 두뇌 퍼즐 게임"
01:00,48,com.klab.heroaca.united.survival,"MHA: UNITED SURVIVAL"
01:00,49,com.combo.yarnflow,"Yarn Loop"
01:00,50,com.nexon.he,"히간: 이루실"
01:00,51,com.merge.game.foodstars,"푸드스타: 합쳐서 요리하기"
01:00,52,com.gof.global,"WOS: 화이트아웃 서바이벌"
01:00,53,com.kayac.slow_mo_strike,"Slow Mo Strike: Knives in Time"
01:00,54,com.nexon.ma,"메이플 키우기"
01:00,55,com.phs.global,"라스트 어사일럼: 페스트"
01:00,56,com.youmusic.magictiles,"매직 타일 3: 피아노 게임 케이팝 노래"
01:00,57,com.pocket.sort.coin.puzzle.game,"포켓 정렬 (Pocket Sort): 동전 병합 퍼즐"
01:00,58,com.brain.crazy.joygame,"Brain Puzzle 3: Crazy Mind"
01:00,59,com.epicoro.castleclashers,"Castle Busters"
01:00,60,game.qualiarts.hololive.dreams.com,"hololive Dreams"
01:00,61,jigsolitaire.jigsort.jigsaw.solitaire.puzzle,"Jigsort™ 퍼즐: 혼자 즐기는 재미"
01:00,62,com.familygo.simgame,"Family Go! - 대를 잇는 인생 시뮬레이션"
01:00,63,com.mergecoin.cotune.tuneco,"Coin Merge Fortune"
01:00,64,word.games.puzzle.offline.games,"낱말퀴즈-단어&단어게임&두뇌 훈련&현실적인 게임"
01:00,65,com.gravity.romkrzeny.aos,"라그나로크M: Classic"
01:00,66,com.Chillgaming.oneState,"OneState RP: 온라인 롤플레잉"
01:00,67,com.zyyad.mihuan,"조운과 아두"
01:00,68,com.readygo.barrel.gp,"라스트 Z: 서바이벌 슈터"
01:00,69,com.nexon.fmk,"FC 모바일"
01:00,70,com.whoyaho.tanghulu,"탕후루의 달인 - 두쫀쿠, 급식, 배달 먹방 ASMR"
01:00,71,io.voodoo.holeio,"Hole.io"
01:00,72,io.supercent.weaponrpg,"XP Hero (XP 히어로)"
01:00,73,com.pocketchamps.game,"포켓 챔프: 3D 레이싱 게임"
01:00,74,io.voodoo.paper2,"Paper.io 2"
01:00,75,com.ekkorr.ef2,"오늘도 환생 2 : 방치형 디펜스 RPG"
01:00,76,com.playrix.township,"꿈의 마을 (Township)"
01:00,77,com.superbox.aos.suikagame,"멜론 메이커 : 과일 파티"
01:00,78,com.supercell.brawlstars,"브롤스타즈"
01:00,79,com.nflystudio.InfiniteStaircase,"무한의 계단"
01:00,80,com.s01.global,"로드러쉬"
01:00,81,easy.sudoku.puzzle.solver.free,"스도쿠 - 클래식 스도쿠 퍼즐"
01:00,82,com.chirpysort.game.android,"Chirpy Sort: Bird Color Puzzle"
01:00,83,com.sled.surfers.game,"Sled Surfers  - 슬로프 어드벤처"
01:00,84,com.fatr.global,"호텔 레거시: 합성&리모델링"
01:00,85,jp.co.ponos.battlecatskr,"냥코 대전쟁"
01:00,86,com.percent.aos.luckydefense,"운빨존많겜"
01:00,87,com.robtopx.geometryjumplite,"Geometry Dash Lite"
01:00,88,com.cedargames.mysterytown,"미스터리 타운: 합성 게임 (Mystery Town)"
01:00,89,com.gtsy.annoying.punch.game,"Annoying Uncle - 펀칭 게임"
01:00,90,com.mz.fzcqkr,"전사들과 모험"
01:00,91,relaxing.games.sort.jam.free,"Sort Jam"
01:00,92,sorting.games.goods.sort.triple.match3d.puzzle.stuff,"상품 분류 게임: 3D 퍼즐"
01:00,93,com.king.candycrushsaga,"캔디크러쉬사가 (Candy Crush Saga)"
01:00,94,com.funplus.ts.global,"타일 서바이벌"
01:00,95,io.supercent.linkedcubic,"스네이크 클래시 (Snake Clash)"
01:00,96,block.color.game.jam.blocks.sort.puzzle.games.slide.free,"블록 컬러 매니아"
01:00,97,com.gamespark.topking.gp,"탑 로드"
01:00,98,com.nexon.nsc.maplem,"메이플스토리M"
01:00,99,net.gameduo.gv,"캣 히어로 : 방치형 RPG"
01:00,100,com.Gaggle.fun.GooseGooseDuck,"Goose Goose Duck"
01:00,101,com.soccer.score.star,"사커 슈퍼스타 (Soccer Superstar)"
01:00,102,com.nebula.tiles,"탭 타일 (Tap Tile)"
01:00,103,com.bunbunstudio.magicblocktiles,"음악 피아노 7:  음악게임 & 피아노게임"
01:00,104,com.bandainamcoent.dgup_ww,"디지몬 UP"
01:00,105,com.ig.screwdom,"Screwdom 3D"
01:00,106,com.bravestars.savethedog.drawgame,"Save The Pets"
01:00,107,com.rummikubfree,"Rummikub"
01:00,108,com.furrjam.traffic.jamgame,"FurrJam:Hop In!"
01:00,109,com.teaegg.puzzle.master,"미스터 에그 대탐험"
01:00,110,com.gamedots.seasideescape,"씨사이드 익스케이프: 합성 & 스토리 게임"
01:00,111,com.pubg.krmobile,"배틀그라운드"
01:00,112,jp.pokemon.pokemontcgp,"포켓몬 카드 게임 Pocket"
01:00,113,com.yoyogames.love.makeover.dressup.dating.crush.game,"Love Makeover: 패션 스타일링"
01:00,114,com.percent.aos.cooptd,"협타디: 협동 타워 디펜스"
01:00,115,com.tripledot.blockbash,"Woodoku Blast"
01:00,116,com.vincentb.MobControl,"Mob Control"
01:00,117,com.NHNEnt.NDuelgo,"한게임 신맞고 : 대한민국 원조 고스톱"
01:00,118,com.whoyaho.pendeco,"볼꾸의 달인 - 볼펜 꾸미기 ASMR 비즈 만들기"
01:00,119,jigsaw.solitaire.match.games.free,"지그소 드롭: 솔리테어 퍼즐"
01:00,120,com.luwasowica.lwssort,"럭키 워터 소트: 현금 획득"
01:00,121,com.easybrain.brainy.joygame,"Puzzle Time: Brainy Challenge"
01:00,122,com.lucky.arrow.out.path,"Lucky Arrow Out"
01:00,123,find.difference.spot.differences.hidden.puzzle.games.free,"차이점 - 찾기 & 발견하기"
01:00,124,pics.karaage.sokutaiho,"순찰중! 바로 체포!"
01:00,125,com.dream.tiles.puzzlelink,"Dream Tiles: Puzzle Link​"
01:00,126,com.find.spot.photo.hunt.differences.free.hidden,"틀린그림찾기: 즐거운 스포트잇 퍼즐"
01:00,127,wool.match.color.sort.jam.puzzle,"털실 마스터"
01:00,128,com.superplanet.odyssey,"던전 견문록"
01:00,129,hidden.object.find.seek.search.mystery.puzzle.games.free,"숨은그림찾기 게임: Seek It"
01:00,130,com.brain.logic.joygame,"Brain Puzzle 2: Logic Twist"
01:00,131,com.mjwygirls.kr,"각성소녀: 욕망의 여정"
01:00,132,com.rush.xtreme.sports,"러시: 익스트림 (RUSH: Xtreme)"
01:00,133,com.oakever.tiletrip,"Tile Explorer - 트리플 매치"
01:00,134,game.bubble.physics.world,"3D Bubble Shoot - ASMR Game"
01:00,135,net.peakgames.match,"매치 팩토리(Match Factory)!"
01:00,136,com.wildcaly.chbaseball.jkt,"MLB 클러치 히트 베이스볼 26"
01:00,137,com.danceofplantsms.android.kor,"플랜티스와 좀비깡패"
01:00,138,pics.karaage.damekoico,"나쁜 사랑 - 다크한 남친 컬렉션"
01:00,139,com.NHNEnt.MSudda,"한게임 섯다&맞고"
01:00,140,com.hitappsgames.wordsolitaire,"단어 솔리테어: 카드 퍼즐게임"
01:00,141,com.fungames.blockcraft,"블록 크래프트 3D(Block Craft): 건설 게임"
01:00,142,com.merge.cooking.theme.restaurant.food,"머지 쿠킹 테마 레스토랑"
01:00,143,com.korea.hsbbkr.google,"도깨비 소녀와 함께"
01:00,144,com.fluffydrop.op.gp,"Fluffy Drop"
01:00,145,com.cool.adult.tile.mahjongcrush,"마작 크러시​"
01:00,146,com.igg.android.doomsdaylastsurvivors,"둠스데이: 영웅의 여정"
01:00,147,com.netmarble.stonkey,"스톤에이지 키우기"
01:00,148,water.sort.color.puzzle.master,"Water Sort: Color Sorting 3D"
01:00,149,com.basakansoft.jobmaker,"취준생 키우기 : 취업 시뮬레이션 게임"
01:00,150,com.unicostudio.braintest,"브레인 테스트 (Brain Test): 까다로운 퍼즐"
01:00,151,com.cola.game,"핫레스토랑: 머지&쿠킹"
01:00,152,com.hwqgrhhjfd.idlefastfood,"Eatventure"
01:00,153,piggy.escape.jam.farm.puzzle.game,"Piggy Escape: 동물주차게임"
01:00,154,com.hp.keyboard.obby.asmr.speed.run,"Keyboard Obby: ASMR Speed Run"
01:00,155,com.hypgames.sniperbattle,"Sniper Battle: 3D 전장 슈팅"
01:00,156,com.easybrain.sudoku.android,"스도쿠 - 두뇌 훈련용 퍼즐 게임"
01:00,157,com.tap.away.arrows.logic.puzzle.brain.game,"Arrows World"
01:00,158,com.pixel.art.coloring.color.number,"Happy Color® – 컬러링북, 숫자 색칠 게임"
01:00,159,com.devsisters.ck,"쿠키런: 킹덤"
01:00,160,com.nhnent.pokerclassic,"한게임포커 클래식 : 7포커 홀덤 섯다 훌라 슬롯"
01:00,161,com.ares.twd,"The Walking Dead: Aftermath"
01:00,162,com.hmbl.perfect.makeover.cleaning.asmr,"Perfect Makeover Cleaning ASMR"
01:00,163,com.arrow.out,"Point Out: Color Escape Puzzle"
01:00,164,com.red.sortingstore.android,"Water Match® - ASMR Water Sort"
01:00,165,com.os.airforce,"1945 공군: 레트로 오락실 슈팅 게임"
01:00,166,com.hungrystudio.mahjong,"Double Tile!"
01:00,167,app.gajami.keycap,"딸깍 - 키캡게임"
01:00,168,com.JindoBlu.TwoPlayerGamesChallenge,"2인용 게임: 도전"
01:00,169,com.greenmushroom.boomblitz.gp,"탑 히어로즈"
01:00,170,com.haegin.kbo,"2026 프로야구GO!"
01:00,171,com.nexters.herowars,"Hero Wars: Alliance RPG 게임"
01:00,172,com.tfv.block.line.fill.puzzle,"단일 선 블록 채우기 퍼즐"
01:00,173,com.ew.mahjong,"Fun Mahjong Match"
01:00,174,arrow.cube.escape3d,"Arrow Pro 3D"
01:00,175,com.pjsekai.kr,"프로젝트 세카이 컬러풀 스테이지! feat.하츠네 미쿠"
01:00,176,com.mahjong.master.solitaire.match.puzzle,"마작 마스터: 데일리 매치"
01:00,177,com.fiveminlab.overgeared.hero.backpack.merge,"템빨용사: 픽셀 아이템 머지 RPG"
01:00,178,math.puzzle.games.crossmath.number.puzzles.free,"수학 퍼즐 게임 - 크로스매스"
01:00,179,com.ylqdhkr.gp,"엔터테인먼트 거물"
01:00,180,com.gamovation.tileclub,"타일 클럽 - 매칭 게임"
01:00,181,water.sort.puzzle.game.color.sorting.free,"물 분류 퍼즐 게임 - 재미있는 색상 분류 퍼즐 게임"
01:00,182,com.riotgames.mobile.leagueconnect,"라이엇 모바일"
01:00,183,com.mojang.minecrafttrialpe,"Minecraft 체험판"
01:00,184,com.whalejoy.horrorstory.gp,"헌티드 머지: 괴담"
01:00,185,net.lightcon.windidle,"윈드러너 키우기"
01:00,186,com.mini.football.filter.games,"Mini Soccer: Football Cup 2026"
01:00,187,com.tocaboca.tocalifeworld,"Toca Boca World"
01:00,188,com.fty.tonari,"옆자리는 누구? : 꿀잼 논리 퍼즐 퀴즈게임"
01:00,189,com.jsjskr.google,"토이 삼국"
01:00,190,com.innersloth.spacemafia,"Among Us"
01:00,191,com.JindoBlu.OfflineGames,"데이터 필요없는 게임 - 와이파이 필요없는 게임"
01:00,192,com.dwgames.chunorpg,"추노 키우기"
01:00,193,com.wireless.defenseland,"레이드 러시: 타워 디펜스"
01:00,194,com.chess,"체스 · 플레이 및 배우기 온라인"
01:00,195,com.abi.colony.flow,"Colony Flow"
01:00,196,bus.loop.traffic.jam.fever.bus.puzzle,"Bus Loop:Jam Master"
01:00,197,com.seeplay.catjump,"캣점프"
01:00,198,com.infiniplay.merge.fashion.romance.story,"패션 병합（Merge Fashion）: 로맨스 스토리"
01:00,199,net.happywit.screw.out.jam,"Screw Out 3D"
01:00,200,com.kiloo.subwaysurf,"Subway Surfers"
02:00,1,com.EightStudio.BlightWar,"블라이트 워 : 방치형 RPG"
02:00,2,com.devsisters.cc,"쿠키런 키우기 - 쿠키런: 크럼블"
02:00,3,com.noriworks.gm,"고스톱M : 데이터 필요없는 맞고 게임"
02:00,4,com.mocacorp.tile,"타일 킹 - 트리플 매치"
02:00,5,com.fowgames.kingdom2,"킹덤2: 타오르는 전장"
02:00,6,com.orienjoy.heroland.kr,"히어로 랜드M"
02:00,7,com.grandgames.magicsort,"매직 정렬!  (Magic Sort !)"
02:00,8,com.mocacorp.sudoku,"스도쿠"
02:00,9,com.redveilone.vardian,"바르디안 : 피의 맹세"
02:00,10,com.rxjhglkr.gp,"열혈강호: 넥스트"
02:00,11,com.ryonggame.soulhunteridle,"소울 헌터 키우기 : 방치형 RPG"
02:00,12,com.mergegames.gossipharbor,"가십하버: 합성 & 스토리 게임"
02:00,13,com.block.juggle,"블록 블라스트 (Block Blast)"
02:00,14,com.hkqs.jszx.google,"부족 또 전쟁 : 무한루프 RPG"
02:00,15,com.noriworks.kg,"국민 고스톱"
02:00,16,com.plaium.tmm,"티니핑 매직 매치"
02:00,17,com.nebula.mahjongtile,"마작 블래스트 (Mahjong Blast)"
02:00,18,com.cyphergames.royalsmash,"Royal Smash! - Physics Puzzle"
02:00,19,tokyo.chickenskin.imikowa,"의미심장 스토리"
02:00,20,com.roblox.client,"로블록스 (Roblox)"
02:00,21,com.run.tower.defense,"킹샷:Kingshot"
02:00,22,com.netease.dunkcdjp,"NBA 덩크 시티"
02:00,23,com.ecffri.arrows,"애로우즈 – 퍼즐 이스케이프 (Arrows)"
02:00,24,com.dreamgames.royalmatch,"로얄 매치 Royal Match"
02:00,25,com.mobirix.ldwm,"수박 만들기 2048"
02:00,26,com.puzzlegames.puzzlebrickslegend,"컬러블록: 콤보 블라스트(Color Block)"
02:00,27,com.warrior.screw.gp,"나사 풀기 대작전"
02:00,28,com.lighthouse.freeplay.kr,"라스트 라이트: 디펜스"
02:00,29,com.highbrow.games.dvo,"드래곤빌리지3"
02:00,30,com.leap.searchit,"Search It – 숨은그림찾기"
02:00,31,com.Chodun.CatGunner,"총잡이 고양이 : 방치형 키우기 RPG"
02:00,32,jp.co.goodroid.hyper.busflow,"Bus Traffic Fever!"
02:00,33,com.ratinghope.gplay,"타이탄 러쉬: 서바이벌"
02:00,34,color.number.paint.pixle.art.sort.jigsaw,"Jewel Coloring"
02:00,35,com.wood.block.sudoku.puzzle.bm,"Block Crush: 블록블라스트 퍼즐"
02:00,36,com.xman.kr.gp,"X 클래시"
02:00,37,com.oakever.arrows,"Amaze GO! - 화살표 퍼즐"
02:00,38,com.hollywood.merge,"할리우드 머지"
02:00,39,com.dreamgames.royalkingdom,"로얄 킹덤 (Royal Kingdom)"
02:00,40,com.nianticlabs.pokemongo,"Pokémon GO"
02:00,41,beats.color.sing.star.rush,"피아노타일9: 리듬게임 음악·노래·음악·케이팝"
02:00,42,jp.pokemon.pokemonchampions,"Pokémon Champions"
02:00,43,com.fatmerge.global,"테이스티 트레블: 합성 게임"
02:00,44,com.pockethaven.roguelegend,"로그 레전드: 로그라이크 RPG"
02:00,45,com.unept.leveldevil,"Level Devil - NOT A Troll Game"
02:00,46,com.vitastudio.mahjong,"비타 마작(Vita Mahjong)"
02:00,47,com.oakever.meowdoku,"Meowdoku: 두뇌 퍼즐 게임"
02:00,48,com.klab.heroaca.united.survival,"MHA: UNITED SURVIVAL"
02:00,49,com.combo.yarnflow,"Yarn Loop"
02:00,50,com.nexon.he,"히간: 이루실"
02:00,51,com.merge.game.foodstars,"푸드스타: 합쳐서 요리하기"
02:00,52,com.gof.global,"WOS: 화이트아웃 서바이벌"
02:00,53,com.kayac.slow_mo_strike,"Slow Mo Strike: Knives in Time"
02:00,54,com.nexon.ma,"메이플 키우기"
02:00,55,com.phs.global,"라스트 어사일럼: 페스트"
02:00,56,com.youmusic.magictiles,"매직 타일 3: 피아노 게임 케이팝 노래"
02:00,57,com.pocket.sort.coin.puzzle.game,"포켓 정렬 (Pocket Sort): 동전 병합 퍼즐"
02:00,58,com.brain.crazy.joygame,"Brain Puzzle 3: Crazy Mind"
02:00,59,com.epicoro.castleclashers,"Castle Busters"
02:00,60,game.qualiarts.hololive.dreams.com,"hololive Dreams"
02:00,61,jigsolitaire.jigsort.jigsaw.solitaire.puzzle,"Jigsort™ 퍼즐: 혼자 즐기는 재미"
02:00,62,com.familygo.simgame,"Family Go! - 대를 잇는 인생 시뮬레이션"
02:00,63,com.mergecoin.cotune.tuneco,"Coin Merge Fortune"
02:00,64,word.games.puzzle.offline.games,"낱말퀴즈-단어&단어게임&두뇌 훈련&현실적인 게임"
02:00,65,com.nflystudio.InfiniteStaircase,"무한의 계단"
02:00,66,com.gravity.romkrzeny.aos,"라그나로크M: Classic"
02:00,67,com.Chillgaming.oneState,"OneState RP: 온라인 롤플레잉"
02:00,68,com.sled.surfers.game,"Sled Surfers  - 슬로프 어드벤처"
02:00,69,com.zyyad.mihuan,"조운과 아두"
02:00,70,com.readygo.barrel.gp,"라스트 Z: 서바이벌 슈터"
02:00,71,com.nexon.fmk,"FC 모바일"
02:00,72,com.whoyaho.tanghulu,"탕후루의 달인 - 두쫀쿠, 급식, 배달 먹방 ASMR"
02:00,73,io.voodoo.holeio,"Hole.io"
02:00,74,io.supercent.weaponrpg,"XP Hero (XP 히어로)"
02:00,75,com.pocketchamps.game,"포켓 챔프: 3D 레이싱 게임"
02:00,76,io.voodoo.paper2,"Paper.io 2"
02:00,77,com.ekkorr.ef2,"오늘도 환생 2 : 방치형 디펜스 RPG"
02:00,78,com.playrix.township,"꿈의 마을 (Township)"
02:00,79,com.superbox.aos.suikagame,"멜론 메이커 : 과일 파티"
02:00,80,com.supercell.brawlstars,"브롤스타즈"
02:00,81,com.s01.global,"로드러쉬"
02:00,82,easy.sudoku.puzzle.solver.free,"스도쿠 - 클래식 스도쿠 퍼즐"
02:00,83,com.chirpysort.game.android,"Chirpy Sort: Bird Color Puzzle"
02:00,84,com.nebula.tiles,"탭 타일 (Tap Tile)"
02:00,85,com.fatr.global,"호텔 레거시: 합성&리모델링"
02:00,86,jp.co.ponos.battlecatskr,"냥코 대전쟁"
02:00,87,com.percent.aos.luckydefense,"운빨존많겜"
02:00,88,com.robtopx.geometryjumplite,"Geometry Dash Lite"
02:00,89,com.cedargames.mysterytown,"미스터리 타운: 합성 게임 (Mystery Town)"
02:00,90,com.gtsy.annoying.punch.game,"Annoying Uncle - 펀칭 게임"
02:00,91,com.mz.fzcqkr,"전사들과 모험"
02:00,92,relaxing.games.sort.jam.free,"Sort Jam"
02:00,93,sorting.games.goods.sort.triple.match3d.puzzle.stuff,"상품 분류 게임: 3D 퍼즐"
02:00,94,com.king.candycrushsaga,"캔디크러쉬사가 (Candy Crush Saga)"
02:00,95,com.lucky.arrow.out.path,"Lucky Arrow Out"
02:00,96,com.funplus.ts.global,"타일 서바이벌"
02:00,97,com.mjwygirls.kr,"각성소녀: 욕망의 여정"
02:00,98,io.supercent.linkedcubic,"스네이크 클래시 (Snake Clash)"
02:00,99,block.color.game.jam.blocks.sort.puzzle.games.slide.free,"블록 컬러 매니아"
02:00,100,com.gamespark.topking.gp,"탑 로드"
02:00,101,com.dream.tiles.puzzlelink,"Dream Tiles: Puzzle Link​"
02:00,102,com.nexon.nsc.maplem,"메이플스토리M"
02:00,103,net.gameduo.gv,"캣 히어로 : 방치형 RPG"
02:00,104,com.Gaggle.fun.GooseGooseDuck,"Goose Goose Duck"
02:00,105,com.soccer.score.star,"사커 슈퍼스타 (Soccer Superstar)"
02:00,106,com.bunbunstudio.magicblocktiles,"음악 피아노 7:  음악게임 & 피아노게임"
02:00,107,com.bandainamcoent.dgup_ww,"디지몬 UP"
02:00,108,com.ig.screwdom,"Screwdom 3D"
02:00,109,com.bravestars.savethedog.drawgame,"Save The Pets"
02:00,110,com.rummikubfree,"Rummikub"
02:00,111,com.furrjam.traffic.jamgame,"FurrJam:Hop In!"
02:00,112,com.teaegg.puzzle.master,"미스터 에그 대탐험"
02:00,113,com.gamedots.seasideescape,"씨사이드 익스케이프: 합성 & 스토리 게임"
02:00,114,com.pubg.krmobile,"배틀그라운드"
02:00,115,jp.pokemon.pokemontcgp,"포켓몬 카드 게임 Pocket"
02:00,116,com.yoyogames.love.makeover.dressup.dating.crush.game,"Love Makeover: 패션 스타일링"
02:00,117,com.percent.aos.cooptd,"협타디: 협동 타워 디펜스"
02:00,118,com.tripledot.blockbash,"Woodoku Blast"
02:00,119,com.vincentb.MobControl,"Mob Control"
02:00,120,com.NHNEnt.NDuelgo,"한게임 신맞고 : 대한민국 원조 고스톱"
02:00,121,com.whoyaho.pendeco,"볼꾸의 달인 - 볼펜 꾸미기 ASMR 비즈 만들기"
02:00,122,jigsaw.solitaire.match.games.free,"지그소 드롭: 솔리테어 퍼즐"
02:00,123,com.luwasowica.lwssort,"럭키 워터 소트: 현금 획득"
02:00,124,com.basakansoft.jobmaker,"취준생 키우기 : 취업 시뮬레이션 게임"
02:00,125,com.easybrain.brainy.joygame,"Puzzle Time: Brainy Challenge"
02:00,126,find.difference.spot.differences.hidden.puzzle.games.free,"차이점 - 찾기 & 발견하기"
02:00,127,pics.karaage.sokutaiho,"순찰중! 바로 체포!"
02:00,128,com.find.spot.photo.hunt.differences.free.hidden,"틀린그림찾기: 즐거운 스포트잇 퍼즐"
02:00,129,wool.match.color.sort.jam.puzzle,"털실 마스터"
02:00,130,com.superplanet.odyssey,"던전 견문록"
02:00,131,hidden.object.find.seek.search.mystery.puzzle.games.free,"숨은그림찾기 게임: Seek It"
02:00,132,com.brain.logic.joygame,"Brain Puzzle 2: Logic Twist"
02:00,133,com.rush.xtreme.sports,"러시: 익스트림 (RUSH: Xtreme)"
02:00,134,com.oakever.tiletrip,"Tile Explorer - 트리플 매치"
02:00,135,game.bubble.physics.world,"3D Bubble Shoot - ASMR Game"
02:00,136,net.peakgames.match,"매치 팩토리(Match Factory)!"
02:00,137,com.wildcaly.chbaseball.jkt,"MLB 클러치 히트 베이스볼 26"
02:00,138,com.danceofplantsms.android.kor,"플랜티스와 좀비깡패"
02:00,139,com.riotgames.mobile.leagueconnect,"라이엇 모바일"
02:00,140,pics.karaage.damekoico,"나쁜 사랑 - 다크한 남친 컬렉션"
02:00,141,com.NHNEnt.MSudda,"한게임 섯다&맞고"
02:00,142,com.hitappsgames.wordsolitaire,"단어 솔리테어: 카드 퍼즐게임"
02:00,143,com.fungames.blockcraft,"블록 크래프트 3D(Block Craft): 건설 게임"
02:00,144,com.merge.cooking.theme.restaurant.food,"머지 쿠킹 테마 레스토랑"
02:00,145,com.korea.hsbbkr.google,"도깨비 소녀와 함께"
02:00,146,com.fluffydrop.op.gp,"Fluffy Drop"
02:00,147,com.cool.adult.tile.mahjongcrush,"마작 크러시​"
02:00,148,com.igg.android.doomsdaylastsurvivors,"둠스데이: 영웅의 여정"
02:00,149,com.netmarble.stonkey,"스톤에이지 키우기"
02:00,150,water.sort.color.puzzle.master,"Water Sort: Color Sorting 3D"
02:00,151,com.unicostudio.braintest,"브레인 테스트 (Brain Test): 까다로운 퍼즐"
02:00,152,com.cola.game,"핫레스토랑: 머지&쿠킹"
02:00,153,com.hwqgrhhjfd.idlefastfood,"Eatventure"
02:00,154,piggy.escape.jam.farm.puzzle.game,"Piggy Escape: 동물주차게임"
02:00,155,com.hp.keyboard.obby.asmr.speed.run,"Keyboard Obby: ASMR Speed Run"
02:00,156,com.hypgames.sniperbattle,"Sniper Battle: 3D 전장 슈팅"
02:00,157,com.easybrain.sudoku.android,"스도쿠 - 두뇌 훈련용 퍼즐 게임"
02:00,158,com.tap.away.arrows.logic.puzzle.brain.game,"Arrows World"
02:00,159,com.pixel.art.coloring.color.number,"Happy Color® – 컬러링북, 숫자 색칠 게임"
02:00,160,com.devsisters.ck,"쿠키런: 킹덤"
02:00,161,com.nhnent.pokerclassic,"한게임포커 클래식 : 7포커 홀덤 섯다 훌라 슬롯"
02:00,162,com.ares.twd,"The Walking Dead: Aftermath"
02:00,163,ai.easy.gomoku.board.free,"오목 마스터"
02:00,164,com.hmbl.perfect.makeover.cleaning.asmr,"Perfect Makeover Cleaning ASMR"
02:00,165,com.arrow.out,"Point Out: Color Escape Puzzle"
02:00,166,com.red.sortingstore.android,"Water Match® - ASMR Water Sort"
02:00,167,com.os.airforce,"1945 공군: 레트로 오락실 슈팅 게임"
02:00,168,com.hungrystudio.mahjong,"Double Tile!"
02:00,169,app.gajami.keycap,"딸깍 - 키캡게임"
02:00,170,com.JindoBlu.TwoPlayerGamesChallenge,"2인용 게임: 도전"
02:00,171,com.greenmushroom.boomblitz.gp,"탑 히어로즈"
02:00,172,com.haegin.kbo,"2026 프로야구GO!"
02:00,173,com.girl.tiles.gp.bubbledreams,"버블 드림"
02:00,174,com.nexters.herowars,"Hero Wars: Alliance RPG 게임"
02:00,175,com.tfv.block.line.fill.puzzle,"단일 선 블록 채우기 퍼즐"
02:00,176,com.ew.mahjong,"Fun Mahjong Match"
02:00,177,arrow.cube.escape3d,"Arrow Pro 3D"
02:00,178,com.pjsekai.kr,"프로젝트 세카이 컬러풀 스테이지! feat.하츠네 미쿠"
02:00,179,com.mahjong.master.solitaire.match.puzzle,"마작 마스터: 데일리 매치"
02:00,180,com.fiveminlab.overgeared.hero.backpack.merge,"템빨용사: 픽셀 아이템 머지 RPG"
02:00,181,math.puzzle.games.crossmath.number.puzzles.free,"수학 퍼즐 게임 - 크로스매스"
02:00,182,com.ylqdhkr.gp,"엔터테인먼트 거물"
02:00,183,com.gamovation.tileclub,"타일 클럽 - 매칭 게임"
02:00,184,water.sort.puzzle.game.color.sorting.free,"물 분류 퍼즐 게임 - 재미있는 색상 분류 퍼즐 게임"
02:00,185,com.mojang.minecrafttrialpe,"Minecraft 체험판"
02:00,186,com.whalejoy.horrorstory.gp,"헌티드 머지: 괴담"
02:00,187,net.lightcon.windidle,"윈드러너 키우기"
02:00,188,com.QuestLab.DraftWar,"Draft Showdown"
02:00,189,com.mini.football.filter.games,"Mini Soccer: Football Cup 2026"
02:00,190,com.tocaboca.tocalifeworld,"Toca Boca World"
02:00,191,com.fty.tonari,"옆자리는 누구? : 꿀잼 논리 퍼즐 퀴즈게임"
02:00,192,com.jsjskr.google,"토이 삼국"
02:00,193,com.innersloth.spacemafia,"Among Us"
02:00,194,com.JindoBlu.OfflineGames,"데이터 필요없는 게임 - 와이파이 필요없는 게임"
02:00,195,com.dwgames.chunorpg,"추노 키우기"
02:00,196,com.wireless.defenseland,"레이드 러시: 타워 디펜스"
02:00,197,com.chess,"체스 · 플레이 및 배우기 온라인"
02:00,198,com.abi.colony.flow,"Colony Flow"
02:00,199,bus.loop.traffic.jam.fever.bus.puzzle,"Bus Loop:Jam Master"
02:00,200,com.seeplay.catjump,"캣점프"
02:30,1,com.EightStudio.BlightWar,"블라이트 워 : 방치형 RPG"
02:30,2,com.devsisters.cc,"쿠키런 키우기 - 쿠키런: 크럼블"
02:30,3,com.orienjoy.heroland.kr,"히어로 랜드M"
02:30,4,com.noriworks.gm,"고스톱M : 데이터 필요없는 맞고 게임"
02:30,5,com.mocacorp.tile,"타일 킹 - 트리플 매치"
02:30,6,com.grandgames.magicsort,"매직 정렬!  (Magic Sort !)"
02:30,7,com.mocacorp.sudoku,"스도쿠"
02:30,8,com.fowgames.kingdom2,"킹덤2: 타오르는 전장"
02:30,9,com.rxjhglkr.gp,"열혈강호: 넥스트"
02:30,10,com.ryonggame.soulhunteridle,"소울 헌터 키우기 : 방치형 RPG"
02:30,11,com.mergegames.gossipharbor,"가십하버: 합성 & 스토리 게임"
02:30,12,com.plaium.tmm,"티니핑 매직 매치"
02:30,13,com.redveilone.vardian,"바르디안 : 피의 맹세"
02:30,14,com.block.juggle,"블록 블라스트 (Block Blast)"
02:30,15,com.hkqs.jszx.google,"부족 또 전쟁 : 무한루프 RPG"
02:30,16,com.noriworks.kg,"국민 고스톱"
02:30,17,com.ratinghope.gplay,"타이탄 러쉬: 서바이벌"
02:30,18,com.cyphergames.royalsmash,"Royal Smash! - Physics Puzzle"
02:30,19,com.run.tower.defense,"킹샷:Kingshot"
02:30,20,com.nebula.mahjongtile,"마작 블래스트 (Mahjong Blast)"
02:30,21,tokyo.chickenskin.imikowa,"의미심장 스토리"
02:30,22,com.roblox.client,"로블록스 (Roblox)"
02:30,23,com.netease.dunkcdjp,"NBA 덩크 시티"
02:30,24,com.puzzlegames.puzzlebrickslegend,"컬러블록: 콤보 블라스트(Color Block)"
02:30,25,com.ecffri.arrows,"애로우즈 – 퍼즐 이스케이프 (Arrows)"
02:30,26,com.dreamgames.royalmatch,"로얄 매치 Royal Match"
02:30,27,com.mobirix.ldwm,"수박 만들기 2048"
02:30,28,com.warrior.screw.gp,"나사 풀기 대작전"
02:30,29,com.lighthouse.freeplay.kr,"라스트 라이트: 디펜스"
02:30,30,com.highbrow.games.dvo,"드래곤빌리지3"
02:30,31,com.leap.searchit,"Search It – 숨은그림찾기"
02:30,32,beats.color.sing.star.rush,"피아노타일9: 리듬게임 음악·노래·음악·케이팝"
02:30,33,com.Chodun.CatGunner,"총잡이 고양이 : 방치형 키우기 RPG"
02:30,34,jp.co.goodroid.hyper.busflow,"Bus Traffic Fever!"
02:30,35,com.wood.block.sudoku.puzzle.bm,"Block Crush: 블록블라스트 퍼즐"
02:30,36,color.number.paint.pixle.art.sort.jigsaw,"Jewel Coloring"
02:30,37,com.nexon.he,"히간: 이루실"
02:30,38,com.xman.kr.gp,"X 클래시"
02:30,39,com.oakever.arrows,"Amaze GO! - 화살표 퍼즐"
02:30,40,com.dreamgames.royalkingdom,"로얄 킹덤 (Royal Kingdom)"
02:30,41,com.nianticlabs.pokemongo,"Pokémon GO"
02:30,42,com.hollywood.merge,"할리우드 머지"
02:30,43,com.fatmerge.global,"테이스티 트레블: 합성 게임"
02:30,44,com.brain.crazy.joygame,"Brain Puzzle 3: Crazy Mind"
02:30,45,jp.pokemon.pokemonchampions,"Pokémon Champions"
02:30,46,com.pockethaven.roguelegend,"로그 레전드: 로그라이크 RPG"
02:30,47,com.unept.leveldevil,"Level Devil - NOT A Troll Game"
02:30,48,com.kayac.slow_mo_strike,"Slow Mo Strike: Knives in Time"
02:30,49,com.vitastudio.mahjong,"비타 마작(Vita Mahjong)"
02:30,50,com.merge.game.foodstars,"푸드스타: 합쳐서 요리하기"
02:30,51,com.gof.global,"WOS: 화이트아웃 서바이벌"
02:30,52,com.combo.yarnflow,"Yarn Loop"
02:30,53,com.oakever.meowdoku,"Meowdoku: 두뇌 퍼즐 게임"
02:30,54,com.youmusic.magictiles,"매직 타일 3: 피아노 게임 케이팝 노래"
02:30,55,com.mergecoin.cotune.tuneco,"Coin Merge Fortune"
02:30,56,com.nexon.ma,"메이플 키우기"
02:30,57,com.phs.global,"라스트 어사일럼: 페스트"
02:30,58,com.readygo.barrel.gp,"라스트 Z: 서바이벌 슈터"
02:30,59,com.pocket.sort.coin.puzzle.game,"포켓 정렬 (Pocket Sort): 동전 병합 퍼즐"
02:30,60,word.games.puzzle.offline.games,"낱말퀴즈-단어&단어게임&두뇌 훈련&현실적인 게임"
02:30,61,com.epicoro.castleclashers,"Castle Busters"
02:30,62,com.zyyad.mihuan,"조운과 아두"
02:30,63,jigsolitaire.jigsort.jigsaw.solitaire.puzzle,"Jigsort™ 퍼즐: 혼자 즐기는 재미"
02:30,64,com.familygo.simgame,"Family Go! - 대를 잇는 인생 시뮬레이션"
02:30,65,game.qualiarts.hololive.dreams.com,"hololive Dreams"
02:30,66,com.whoyaho.tanghulu,"탕후루의 달인 - 두쫀쿠, 급식, 배달 먹방 ASMR"
02:30,67,com.nflystudio.InfiniteStaircase,"무한의 계단"
02:30,68,com.Chillgaming.oneState,"OneState RP: 온라인 롤플레잉"
02:30,69,com.gravity.romkrzeny.aos,"라그나로크M: Classic"
02:30,70,com.pocketchamps.game,"포켓 챔프: 3D 레이싱 게임"
02:30,71,com.sled.surfers.game,"Sled Surfers  - 슬로프 어드벤처"
02:30,72,io.voodoo.holeio,"Hole.io"
02:30,73,com.nexon.fmk,"FC 모바일"
02:30,74,com.klab.heroaca.united.survival,"MHA: UNITED SURVIVAL"
02:30,75,io.supercent.weaponrpg,"XP Hero (XP 히어로)"
02:30,76,relaxing.games.sort.jam.free,"Sort Jam"
02:30,77,com.fatr.global,"호텔 레거시: 합성&리모델링"
02:30,78,io.voodoo.paper2,"Paper.io 2"
02:30,79,com.ekkorr.ef2,"오늘도 환생 2 : 방치형 디펜스 RPG"
02:30,80,com.playrix.township,"꿈의 마을 (Township)"
02:30,81,com.superbox.aos.suikagame,"멜론 메이커 : 과일 파티"
02:30,82,com.supercell.brawlstars,"브롤스타즈"
02:30,83,com.bunbunstudio.magicblocktiles,"음악 피아노 7:  음악게임 & 피아노게임"
02:30,84,com.robtopx.geometryjumplite,"Geometry Dash Lite"
02:30,85,com.chirpysort.game.android,"Chirpy Sort: Bird Color Puzzle"
02:30,86,easy.sudoku.puzzle.solver.free,"스도쿠 - 클래식 스도쿠 퍼즐"
02:30,87,com.s01.global,"로드러쉬"
02:30,88,jp.co.ponos.battlecatskr,"냥코 대전쟁"
02:30,89,com.percent.aos.luckydefense,"운빨존많겜"
02:30,90,com.nebula.tiles,"탭 타일 (Tap Tile)"
02:30,91,com.bravestars.savethedog.drawgame,"Save The Pets"
02:30,92,com.cedargames.mysterytown,"미스터리 타운: 합성 게임 (Mystery Town)"
02:30,93,com.gtsy.annoying.punch.game,"Annoying Uncle - 펀칭 게임"
02:30,94,com.mz.fzcqkr,"전사들과 모험"
02:30,95,com.king.candycrushsaga,"캔디크러쉬사가 (Candy Crush Saga)"
02:30,96,sorting.games.goods.sort.triple.match3d.puzzle.stuff,"상품 분류 게임: 3D 퍼즐"
02:30,97,com.NHNEnt.NDuelgo,"한게임 신맞고 : 대한민국 원조 고스톱"
02:30,98,com.lucky.arrow.out.path,"Lucky Arrow Out"
02:30,99,com.funplus.ts.global,"타일 서바이벌"
02:30,100,com.gamespark.topking.gp,"탑 로드"
02:30,101,com.mjwygirls.kr,"각성소녀: 욕망의 여정"
02:30,102,com.brain.logic.joygame,"Brain Puzzle 2: Logic Twist"
02:30,103,io.supercent.linkedcubic,"스네이크 클래시 (Snake Clash)"
02:30,104,block.color.game.jam.blocks.sort.puzzle.games.slide.free,"블록 컬러 매니아"
02:30,105,com.dream.tiles.puzzlelink,"Dream Tiles: Puzzle Link​"
02:30,106,com.soccer.score.star,"사커 슈퍼스타 (Soccer Superstar)"
02:30,107,net.gameduo.gv,"캣 히어로 : 방치형 RPG"
02:30,108,com.rummikubfree,"Rummikub"
02:30,109,com.Gaggle.fun.GooseGooseDuck,"Goose Goose Duck"
02:30,110,pics.karaage.sokutaiho,"순찰중! 바로 체포!"
02:30,111,com.ig.screwdom,"Screwdom 3D"
02:30,112,find.difference.spot.differences.hidden.puzzle.games.free,"차이점 - 찾기 & 발견하기"
02:30,113,com.furrjam.traffic.jamgame,"FurrJam:Hop In!"
02:30,114,com.fungames.blockcraft,"블록 크래프트 3D(Block Craft): 건설 게임"
02:30,115,com.teaegg.puzzle.master,"미스터 에그 대탐험"
02:30,116,com.hmbl.perfect.makeover.cleaning.asmr,"Perfect Makeover Cleaning ASMR"
02:30,117,com.percent.aos.cooptd,"협타디: 협동 타워 디펜스"
02:30,118,jp.pokemon.pokemontcgp,"포켓몬 카드 게임 Pocket"
02:30,119,com.gamedots.seasideescape,"씨사이드 익스케이프: 합성 & 스토리 게임"
02:30,120,com.pubg.krmobile,"배틀그라운드"
02:30,121,com.bandainamcoent.dgup_ww,"디지몬 UP"
02:30,122,com.yoyogames.love.makeover.dressup.dating.crush.game,"Love Makeover: 패션 스타일링"
02:30,123,com.tripledot.blockbash,"Woodoku Blast"
02:30,124,com.vincentb.MobControl,"Mob Control"
02:30,125,com.nexon.nsc.maplem,"메이플스토리M"
02:30,126,com.whoyaho.pendeco,"볼꾸의 달인 - 볼펜 꾸미기 ASMR 비즈 만들기"
02:30,127,com.luwasowica.lwssort,"럭키 워터 소트: 현금 획득"
02:30,128,com.basakansoft.jobmaker,"취준생 키우기 : 취업 시뮬레이션 게임"
02:30,129,com.easybrain.brainy.joygame,"Puzzle Time: Brainy Challenge"
02:30,130,com.ares.twd,"The Walking Dead: Aftermath"
02:30,131,jigsaw.solitaire.match.games.free,"지그소 드롭: 솔리테어 퍼즐"
02:30,132,net.peakgames.match,"매치 팩토리(Match Factory)!"
02:30,133,hidden.object.find.seek.search.mystery.puzzle.games.free,"숨은그림찾기 게임: Seek It"
02:30,134,com.rush.xtreme.sports,"러시: 익스트림 (RUSH: Xtreme)"
02:30,135,com.oakever.tiletrip,"Tile Explorer - 트리플 매치"
02:30,136,game.bubble.physics.world,"3D Bubble Shoot - ASMR Game"
02:30,137,com.hp.keyboard.obby.asmr.speed.run,"Keyboard Obby: ASMR Speed Run"
02:30,138,com.unicostudio.braintest,"브레인 테스트 (Brain Test): 까다로운 퍼즐"
02:30,139,wool.match.color.sort.jam.puzzle,"털실 마스터"
02:30,140,com.danceofplantsms.android.kor,"플랜티스와 좀비깡패"
02:30,141,com.wildcaly.chbaseball.jkt,"MLB 클러치 히트 베이스볼 26"
02:30,142,com.riotgames.mobile.leagueconnect,"라이엇 모바일"
02:30,143,com.superplanet.odyssey,"던전 견문록"
02:30,144,com.find.spot.photo.hunt.differences.free.hidden,"틀린그림찾기: 즐거운 스포트잇 퍼즐"
02:30,145,com.pjsekai.kr,"프로젝트 세카이 컬러풀 스테이지! feat.하츠네 미쿠"
02:30,146,pics.karaage.damekoico,"나쁜 사랑 - 다크한 남친 컬렉션"
02:30,147,com.hitappsgames.wordsolitaire,"단어 솔리테어: 카드 퍼즐게임"
02:30,148,com.nexters.herowars,"Hero Wars: Alliance RPG 게임"
02:30,149,com.korea.hsbbkr.google,"도깨비 소녀와 함께"
02:30,150,com.NHNEnt.MSudda,"한게임 섯다&맞고"
02:30,151,com.fluffydrop.op.gp,"Fluffy Drop"
02:30,152,com.cool.adult.tile.mahjongcrush,"마작 크러시​"
02:30,153,com.igg.android.doomsdaylastsurvivors,"둠스데이: 영웅의 여정"
02:30,154,com.netmarble.stonkey,"스톤에이지 키우기"
02:30,155,com.hypgames.sniperbattle,"Sniper Battle: 3D 전장 슈팅"
02:30,156,com.JindoBlu.TwoPlayerGamesChallenge,"2인용 게임: 도전"
02:30,157,piggy.escape.jam.farm.puzzle.game,"Piggy Escape: 동물주차게임"
02:30,158,com.pixel.art.coloring.color.number,"Happy Color® – 컬러링북, 숫자 색칠 게임"
02:30,159,com.arrow.out,"Point Out: Color Escape Puzzle"
02:30,160,water.sort.color.puzzle.master,"Water Sort: Color Sorting 3D"
02:30,161,com.tap.away.arrows.logic.puzzle.brain.game,"Arrows World"
02:30,162,com.devsisters.ck,"쿠키런: 킹덤"
02:30,163,com.nhnent.pokerclassic,"한게임포커 클래식 : 7포커 홀덤 섯다 훌라 슬롯"
02:30,164,com.hwqgrhhjfd.idlefastfood,"Eatventure"
02:30,165,com.easybrain.sudoku.android,"스도쿠 - 두뇌 훈련용 퍼즐 게임"
02:30,166,com.merge.cooking.theme.restaurant.food,"머지 쿠킹 테마 레스토랑"
02:30,167,com.whalejoy.horrorstory.gp,"헌티드 머지: 괴담"
02:30,168,arrow.cube.escape3d,"Arrow Pro 3D"
02:30,169,ai.easy.gomoku.board.free,"오목 마스터"
02:30,170,com.cola.game,"핫레스토랑: 머지&쿠킹"
02:30,171,com.innersloth.spacemafia,"Among Us"
02:30,172,com.brbp.brain.crush.xmcp,"Brain Crush: Blush Puzzle"
02:30,173,com.hungrystudio.mahjong,"Double Tile!"
02:30,174,app.gajami.keycap,"딸깍 - 키캡게임"
02:30,175,com.greenmushroom.boomblitz.gp,"탑 히어로즈"
02:30,176,com.girl.tiles.gp.bubbledreams,"버블 드림"
02:30,177,com.haegin.kbo,"2026 프로야구GO!"
02:30,178,com.tfv.block.line.fill.puzzle,"단일 선 블록 채우기 퍼즐"
02:30,179,com.os.airforce,"1945 공군: 레트로 오락실 슈팅 게임"
02:30,180,com.infiniplay.merge.fashion.romance.story,"패션 병합（Merge Fashion）: 로맨스 스토리"
02:30,181,com.ew.mahjong,"Fun Mahjong Match"
02:30,182,com.mahjong.master.solitaire.match.puzzle,"마작 마스터: 데일리 매치"
02:30,183,bus.loop.traffic.jam.fever.bus.puzzle,"Bus Loop:Jam Master"
02:30,184,com.seeplay.catjump,"캣점프"
02:30,185,math.puzzle.games.crossmath.number.puzzles.free,"수학 퍼즐 게임 - 크로스매스"
02:30,186,com.ylqdhkr.gp,"엔터테인먼트 거물"
02:30,187,com.gamovation.tileclub,"타일 클럽 - 매칭 게임"
02:30,188,water.sort.puzzle.game.color.sorting.free,"물 분류 퍼즐 게임 - 재미있는 색상 분류 퍼즐 게임"
02:30,189,com.mojang.minecrafttrialpe,"Minecraft 체험판"
02:30,190,net.lightcon.windidle,"윈드러너 키우기"
02:30,191,com.QuestLab.DraftWar,"Draft Showdown"
02:30,192,com.mini.football.filter.games,"Mini Soccer: Football Cup 2026"
02:30,193,com.red.sortingstore.android,"Water Match® - ASMR Water Sort"
02:30,194,com.fiveminlab.overgeared.hero.backpack.merge,"템빨용사: 픽셀 아이템 머지 RPG"
02:30,195,com.tocaboca.tocalifeworld,"Toca Boca World"
02:30,196,com.wireless.defenseland,"레이드 러시: 타워 디펜스"
02:30,197,com.fty.tonari,"옆자리는 누구? : 꿀잼 논리 퍼즐 퀴즈게임"
02:30,198,com.JindoBlu.OfflineGames,"데이터 필요없는 게임 - 와이파이 필요없는 게임"
02:30,199,com.abi.colony.flow,"Colony Flow"
02:30,200,com.dwgames.chunorpg,"추노 키우기"
03:30,1,com.EightStudio.BlightWar,"블라이트 워 : 방치형 RPG"
03:30,2,com.devsisters.cc,"쿠키런 키우기 - 쿠키런: 크럼블"
03:30,3,com.orienjoy.heroland.kr,"히어로 랜드M"
03:30,4,com.noriworks.gm,"고스톱M : 데이터 필요없는 맞고 게임"
03:30,5,com.mocacorp.tile,"타일 킹 - 트리플 매치"
03:30,6,com.grandgames.magicsort,"매직 정렬!  (Magic Sort !)"
03:30,7,com.mocacorp.sudoku,"스도쿠"
03:30,8,com.mergegames.gossipharbor,"가십하버: 합성 & 스토리 게임"
03:30,9,com.rxjhglkr.gp,"열혈강호: 넥스트"
03:30,10,com.plaium.tmm,"티니핑 매직 매치"
03:30,11,com.redveilone.vardian,"바르디안 : 피의 맹세"
03:30,12,com.block.juggle,"블록 블라스트 (Block Blast)"
03:30,13,com.fowgames.kingdom2,"킹덤2: 타오르는 전장"
03:30,14,com.hkqs.jszx.google,"부족 또 전쟁 : 무한루프 RPG"
03:30,15,com.ratinghope.gplay,"타이탄 러쉬: 서바이벌"
03:30,16,com.ryonggame.soulhunteridle,"소울 헌터 키우기 : 방치형 RPG"
03:30,17,com.noriworks.kg,"국민 고스톱"
03:30,18,com.cyphergames.royalsmash,"Royal Smash! - Physics Puzzle"
03:30,19,com.roblox.client,"로블록스 (Roblox)"
03:30,20,com.run.tower.defense,"킹샷:Kingshot"
03:30,21,com.nebula.mahjongtile,"마작 블래스트 (Mahjong Blast)"
03:30,22,tokyo.chickenskin.imikowa,"의미심장 스토리"
03:30,23,com.netease.dunkcdjp,"NBA 덩크 시티"
03:30,24,com.puzzlegames.puzzlebrickslegend,"컬러블록: 콤보 블라스트(Color Block)"
03:30,25,com.ecffri.arrows,"애로우즈 – 퍼즐 이스케이프 (Arrows)"
03:30,26,com.dreamgames.royalmatch,"로얄 매치 Royal Match"
03:30,27,com.mobirix.ldwm,"수박 만들기 2048"
03:30,28,com.lighthouse.freeplay.kr,"라스트 라이트: 디펜스"
03:30,29,com.warrior.screw.gp,"나사 풀기 대작전"
03:30,30,com.Chodun.CatGunner,"총잡이 고양이 : 방치형 키우기 RPG"
03:30,31,com.highbrow.games.dvo,"드래곤빌리지3"
03:30,32,com.leap.searchit,"Search It – 숨은그림찾기"
03:30,33,beats.color.sing.star.rush,"피아노타일9: 리듬게임 음악·노래·음악·케이팝"
03:30,34,jp.co.goodroid.hyper.busflow,"Bus Traffic Fever!"
03:30,35,com.wood.block.sudoku.puzzle.bm,"Block Crush: 블록블라스트 퍼즐"
03:30,36,com.nexon.he,"히간: 이루실"
03:30,37,color.number.paint.pixle.art.sort.jigsaw,"Jewel Coloring"
03:30,38,com.xman.kr.gp,"X 클래시"
03:30,39,com.nianticlabs.pokemongo,"Pokémon GO"
03:30,40,com.oakever.arrows,"Amaze GO! - 화살표 퍼즐"
03:30,41,com.dreamgames.royalkingdom,"로얄 킹덤 (Royal Kingdom)"
03:30,42,com.hollywood.merge,"할리우드 머지"
03:30,43,com.fatmerge.global,"테이스티 트레블: 합성 게임"
03:30,44,com.brain.crazy.joygame,"Brain Puzzle 3: Crazy Mind"
03:30,45,jp.pokemon.pokemonchampions,"Pokémon Champions"
03:30,46,com.pockethaven.roguelegend,"로그 레전드: 로그라이크 RPG"
03:30,47,com.unept.leveldevil,"Level Devil - NOT A Troll Game"
03:30,48,com.kayac.slow_mo_strike,"Slow Mo Strike: Knives in Time"
03:30,49,com.vitastudio.mahjong,"비타 마작(Vita Mahjong)"
03:30,50,com.merge.game.foodstars,"푸드스타: 합쳐서 요리하기"
03:30,51,com.gof.global,"WOS: 화이트아웃 서바이벌"
03:30,52,com.oakever.meowdoku,"Meowdoku: 두뇌 퍼즐 게임"
03:30,53,com.phs.global,"라스트 어사일럼: 페스트"
03:30,54,com.youmusic.magictiles,"매직 타일 3: 피아노 게임 케이팝 노래"
03:30,55,com.mergecoin.cotune.tuneco,"Coin Merge Fortune"
03:30,56,com.nexon.ma,"메이플 키우기"
03:30,57,com.combo.yarnflow,"Yarn Loop"
03:30,58,com.epicoro.castleclashers,"Castle Busters"
03:30,59,com.readygo.barrel.gp,"라스트 Z: 서바이벌 슈터"
03:30,60,com.pocket.sort.coin.puzzle.game,"포켓 정렬 (Pocket Sort): 동전 병합 퍼즐"
03:30,61,word.games.puzzle.offline.games,"낱말퀴즈-단어&단어게임&두뇌 훈련&현실적인 게임"
03:30,62,com.mz.fzcqkr,"전사들과 모험"
03:30,63,com.zyyad.mihuan,"조운과 아두"
03:30,64,io.voodoo.paper2,"Paper.io 2"
03:30,65,game.qualiarts.hololive.dreams.com,"hololive Dreams"
03:30,66,com.whoyaho.tanghulu,"탕후루의 달인 - 두쫀쿠, 급식, 배달 먹방 ASMR"
03:30,67,com.nflystudio.InfiniteStaircase,"무한의 계단"
03:30,68,com.Chillgaming.oneState,"OneState RP: 온라인 롤플레잉"
03:30,69,com.pocketchamps.game,"포켓 챔프: 3D 레이싱 게임"
03:30,70,com.sled.surfers.game,"Sled Surfers  - 슬로프 어드벤처"
03:30,71,com.familygo.simgame,"Family Go! - 대를 잇는 인생 시뮬레이션"
03:30,72,io.voodoo.holeio,"Hole.io"
03:30,73,com.gravity.romkrzeny.aos,"라그나로크M: Classic"
03:30,74,jigsolitaire.jigsort.jigsaw.solitaire.puzzle,"Jigsort™ 퍼즐: 혼자 즐기는 재미"
03:30,75,com.nexon.fmk,"FC 모바일"
03:30,76,com.klab.heroaca.united.survival,"MHA: UNITED SURVIVAL"
03:30,77,com.supercell.brawlstars,"브롤스타즈"
03:30,78,io.supercent.weaponrpg,"XP Hero (XP 히어로)"
03:30,79,relaxing.games.sort.jam.free,"Sort Jam"
03:30,80,com.playrix.township,"꿈의 마을 (Township)"
03:30,81,com.fatr.global,"호텔 레거시: 합성&리모델링"
03:30,82,com.gtsy.annoying.punch.game,"Annoying Uncle - 펀칭 게임"
03:30,83,com.ekkorr.ef2,"오늘도 환생 2 : 방치형 디펜스 RPG"
03:30,84,io.supercent.linkedcubic,"스네이크 클래시 (Snake Clash)"
03:30,85,com.bunbunstudio.magicblocktiles,"음악 피아노 7:  음악게임 & 피아노게임"
03:30,86,com.robtopx.geometryjumplite,"Geometry Dash Lite"
03:30,87,com.chirpysort.game.android,"Chirpy Sort: Bird Color Puzzle"
03:30,88,easy.sudoku.puzzle.solver.free,"스도쿠 - 클래식 스도쿠 퍼즐"
03:30,89,com.s01.global,"로드러쉬"
03:30,90,jp.co.ponos.battlecatskr,"냥코 대전쟁"
03:30,91,com.percent.aos.luckydefense,"운빨존많겜"
03:30,92,com.superbox.aos.suikagame,"멜론 메이커 : 과일 파티"
03:30,93,com.nebula.tiles,"탭 타일 (Tap Tile)"
03:30,94,com.bravestars.savethedog.drawgame,"Save The Pets"
03:30,95,com.cedargames.mysterytown,"미스터리 타운: 합성 게임 (Mystery Town)"
03:30,96,com.gamedots.seasideescape,"씨사이드 익스케이프: 합성 & 스토리 게임"
03:30,97,com.Gaggle.fun.GooseGooseDuck,"Goose Goose Duck"
03:30,98,com.king.candycrushsaga,"캔디크러쉬사가 (Candy Crush Saga)"
03:30,99,com.luwasowica.lwssort,"럭키 워터 소트: 현금 획득"
03:30,100,com.funplus.ts.global,"타일 서바이벌"
03:30,101,sorting.games.goods.sort.triple.match3d.puzzle.stuff,"상품 분류 게임: 3D 퍼즐"
03:30,102,com.NHNEnt.NDuelgo,"한게임 신맞고 : 대한민국 원조 고스톱"
03:30,103,com.lucky.arrow.out.path,"Lucky Arrow Out"
03:30,104,com.gamespark.topking.gp,"탑 로드"
03:30,105,com.mjwygirls.kr,"각성소녀: 욕망의 여정"
03:30,106,com.brain.logic.joygame,"Brain Puzzle 2: Logic Twist"
03:30,107,com.dream.tiles.puzzlelink,"Dream Tiles: Puzzle Link​"
03:30,108,com.soccer.score.star,"사커 슈퍼스타 (Soccer Superstar)"
03:30,109,com.rummikubfree,"Rummikub"
03:30,110,com.ig.screwdom,"Screwdom 3D"
03:30,111,net.gameduo.gv,"캣 히어로 : 방치형 RPG"
03:30,112,game.bubble.physics.world,"3D Bubble Shoot - ASMR Game"
03:30,113,pics.karaage.sokutaiho,"순찰중! 바로 체포!"
03:30,114,block.color.game.jam.blocks.sort.puzzle.games.slide.free,"블록 컬러 매니아"
03:30,115,com.whoyaho.pendeco,"볼꾸의 달인 - 볼펜 꾸미기 ASMR 비즈 만들기"
03:30,116,com.vincentb.MobControl,"Mob Control"
03:30,117,find.difference.spot.differences.hidden.puzzle.games.free,"차이점 - 찾기 & 발견하기"
03:30,118,com.furrjam.traffic.jamgame,"FurrJam:Hop In!"
03:30,119,com.yoyogames.love.makeover.dressup.dating.crush.game,"Love Makeover: 패션 스타일링"
03:30,120,com.fungames.blockcraft,"블록 크래프트 3D(Block Craft): 건설 게임"
03:30,121,com.teaegg.puzzle.master,"미스터 에그 대탐험"
03:30,122,com.hmbl.perfect.makeover.cleaning.asmr,"Perfect Makeover Cleaning ASMR"
03:30,123,com.danceofplantsms.android.kor,"플랜티스와 좀비깡패"
03:30,124,com.percent.aos.cooptd,"협타디: 협동 타워 디펜스"
03:30,125,jp.pokemon.pokemontcgp,"포켓몬 카드 게임 Pocket"
03:30,126,com.bandainamcoent.dgup_ww,"디지몬 UP"
03:30,127,com.pubg.krmobile,"배틀그라운드"
03:30,128,com.easybrain.brainy.joygame,"Puzzle Time: Brainy Challenge"
03:30,129,com.nexon.nsc.maplem,"메이플스토리M"
03:30,130,com.oakever.tiletrip,"Tile Explorer - 트리플 매치"
03:30,131,com.basakansoft.jobmaker,"취준생 키우기 : 취업 시뮬레이션 게임"
03:30,132,com.ares.twd,"The Walking Dead: Aftermath"
03:30,133,jigsaw.solitaire.match.games.free,"지그소 드롭: 솔리테어 퍼즐"
03:30,134,net.peakgames.match,"매치 팩토리(Match Factory)!"
03:30,135,com.devolverdigital.ballxpit,"BALL x PIT"
03:30,136,com.hp.keyboard.obby.asmr.speed.run,"Keyboard Obby: ASMR Speed Run"
03:30,137,com.unicostudio.braintest,"브레인 테스트 (Brain Test): 까다로운 퍼즐"
03:30,138,com.rush.xtreme.sports,"러시: 익스트림 (RUSH: Xtreme)"
03:30,139,wool.match.color.sort.jam.puzzle,"털실 마스터"
03:30,140,hidden.object.find.seek.search.mystery.puzzle.games.free,"숨은그림찾기 게임: Seek It"
03:30,141,com.wildcaly.chbaseball.jkt,"MLB 클러치 히트 베이스볼 26"
03:30,142,com.igg.android.doomsdaylastsurvivors,"둠스데이: 영웅의 여정"
03:30,143,com.riotgames.mobile.leagueconnect,"라이엇 모바일"
03:30,144,com.superplanet.odyssey,"던전 견문록"
03:30,145,com.tripledot.blockbash,"Woodoku Blast"
03:30,146,com.find.spot.photo.hunt.differences.free.hidden,"틀린그림찾기: 즐거운 스포트잇 퍼즐"
03:30,147,com.pjsekai.kr,"프로젝트 세카이 컬러풀 스테이지! feat.하츠네 미쿠"
03:30,148,pics.karaage.damekoico,"나쁜 사랑 - 다크한 남친 컬렉션"
03:30,149,com.nexters.herowars,"Hero Wars: Alliance RPG 게임"
03:30,150,com.NHNEnt.MSudda,"한게임 섯다&맞고"
03:30,151,com.fluffydrop.op.gp,"Fluffy Drop"
03:30,152,com.hypgames.sniperbattle,"Sniper Battle: 3D 전장 슈팅"
03:30,153,com.JindoBlu.TwoPlayerGamesChallenge,"2인용 게임: 도전"
03:30,154,com.pixel.art.coloring.color.number,"Happy Color® – 컬러링북, 숫자 색칠 게임"
03:30,155,com.arrow.out,"Point Out: Color Escape Puzzle"
03:30,156,com.cool.adult.tile.mahjongcrush,"마작 크러시​"
03:30,157,water.sort.color.puzzle.master,"Water Sort: Color Sorting 3D"
03:30,158,com.netmarble.stonkey,"스톤에이지 키우기"
03:30,159,piggy.escape.jam.farm.puzzle.game,"Piggy Escape: 동물주차게임"
03:30,160,com.hitappsgames.wordsolitaire,"단어 솔리테어: 카드 퍼즐게임"
03:30,161,com.nhnent.pokerclassic,"한게임포커 클래식 : 7포커 홀덤 섯다 훌라 슬롯"
03:30,162,com.tap.away.arrows.logic.puzzle.brain.game,"Arrows World"
03:30,163,com.korea.hsbbkr.google,"도깨비 소녀와 함께"
03:30,164,com.devsisters.ck,"쿠키런: 킹덤"
03:30,165,com.hwqgrhhjfd.idlefastfood,"Eatventure"
03:30,166,com.easybrain.sudoku.android,"스도쿠 - 두뇌 훈련용 퍼즐 게임"
03:30,167,com.merge.cooking.theme.restaurant.food,"머지 쿠킹 테마 레스토랑"
03:30,168,com.whalejoy.horrorstory.gp,"헌티드 머지: 괴담"
03:30,169,arrow.cube.escape3d,"Arrow Pro 3D"
03:30,170,ai.easy.gomoku.board.free,"오목 마스터"
03:30,171,com.cola.game,"핫레스토랑: 머지&쿠킹"
03:30,172,com.tocaboca.tocalifeworld,"Toca Boca World"
03:30,173,com.mojang.minecrafttrialpe,"Minecraft 체험판"
03:30,174,water.sort.puzzle.game.color.sorting.free,"물 분류 퍼즐 게임 - 재미있는 색상 분류 퍼즐 게임"
03:30,175,com.innersloth.spacemafia,"Among Us"
03:30,176,com.brbp.brain.crush.xmcp,"Brain Crush: Blush Puzzle"
03:30,177,com.greenmushroom.boomblitz.gp,"탑 히어로즈"
03:30,178,com.hungrystudio.mahjong,"Double Tile!"
03:30,179,app.gajami.keycap,"딸깍 - 키캡게임"
03:30,180,com.bracelet.diy.handmade.asmr,"Bracelet Maker: DIY ASMR"
03:30,181,com.girl.tiles.gp.bubbledreams,"버블 드림"
03:30,182,com.haegin.kbo,"2026 프로야구GO!"
03:30,183,com.tfv.block.line.fill.puzzle,"단일 선 블록 채우기 퍼즐"
03:30,184,com.os.airforce,"1945 공군: 레트로 오락실 슈팅 게임"
03:30,185,com.infiniplay.merge.fashion.romance.story,"패션 병합（Merge Fashion）: 로맨스 스토리"
03:30,186,math.puzzle.games.crossmath.number.puzzles.free,"수학 퍼즐 게임 - 크로스매스"
03:30,187,bus.loop.traffic.jam.fever.bus.puzzle,"Bus Loop:Jam Master"
03:30,188,com.seeplay.catjump,"캣점프"
03:30,189,com.mahjong.master.solitaire.match.puzzle,"마작 마스터: 데일리 매치"
03:30,190,com.mini.football.filter.games,"Mini Soccer: Football Cup 2026"
03:30,191,com.cliffs.pro.cell.building.crazy.clever.craft,"Block Crazy Robo World Craft"
03:30,192,com.ylqdhkr.gp,"엔터테인먼트 거물"
03:30,193,com.gamovation.tileclub,"타일 클럽 - 매칭 게임"
03:30,194,com.ew.mahjong,"Fun Mahjong Match"
03:30,195,com.QuestLab.DraftWar,"Draft Showdown"
03:30,196,com.brain.puzzle.tricky.test.annoying.quest,"Tricky Brain Puzzle: 퍼즐 두뇌 게임"
03:30,197,com.red.sortingstore.android,"Water Match® - ASMR Water Sort"
03:30,198,com.metagame.annoying.trick.brainypuzzle,"Brainy Escape Quest"
03:30,199,com.fiveminlab.overgeared.hero.backpack.merge,"템빨용사: 픽셀 아이템 머지 RPG"
03:30,200,com.wireless.defenseland,"레이드 러시: 타워 디펜스"
04:00,1,com.EightStudio.BlightWar,"블라이트 워 : 방치형 RPG"
04:00,2,com.devsisters.cc,"쿠키런 키우기 - 쿠키런: 크럼블"
04:00,3,com.orienjoy.heroland.kr,"히어로 랜드M"
04:00,4,com.noriworks.gm,"고스톱M : 데이터 필요없는 맞고 게임"
04:00,5,com.mocacorp.tile,"타일 킹 - 트리플 매치"
04:00,6,com.mocacorp.sudoku,"스도쿠"
04:00,7,com.grandgames.magicsort,"매직 정렬!  (Magic Sort !)"
04:00,8,com.mergegames.gossipharbor,"가십하버: 합성 & 스토리 게임"
04:00,9,com.rxjhglkr.gp,"열혈강호: 넥스트"
04:00,10,com.plaium.tmm,"티니핑 매직 매치"
04:00,11,com.redveilone.vardian,"바르디안 : 피의 맹세"
04:00,12,com.block.juggle,"블록 블라스트 (Block Blast)"
04:00,13,com.fowgames.kingdom2,"킹덤2: 타오르는 전장"
04:00,14,com.hkqs.jszx.google,"부족 또 전쟁 : 무한루프 RPG"
04:00,15,com.ratinghope.gplay,"타이탄 러쉬: 서바이벌"
04:00,16,com.ryonggame.soulhunteridle,"소울 헌터 키우기 : 방치형 RPG"
04:00,17,com.noriworks.kg,"국민 고스톱"
04:00,18,com.roblox.client,"로블록스 (Roblox)"
04:00,19,com.netease.dunkcdjp,"NBA 덩크 시티"
04:00,20,com.run.tower.defense,"킹샷:Kingshot"
04:00,21,com.nebula.mahjongtile,"마작 블래스트 (Mahjong Blast)"
04:00,22,tokyo.chickenskin.imikowa,"의미심장 스토리"
04:00,23,com.puzzlegames.puzzlebrickslegend,"컬러블록: 콤보 블라스트(Color Block)"
04:00,24,com.ecffri.arrows,"애로우즈 – 퍼즐 이스케이프 (Arrows)"
04:00,25,com.cyphergames.royalsmash,"Royal Smash! - Physics Puzzle"
04:00,26,com.dreamgames.royalmatch,"로얄 매치 Royal Match"
04:00,27,com.mobirix.ldwm,"수박 만들기 2048"
04:00,28,com.lighthouse.freeplay.kr,"라스트 라이트: 디펜스"
04:00,29,com.warrior.screw.gp,"나사 풀기 대작전"
04:00,30,com.Chodun.CatGunner,"총잡이 고양이 : 방치형 키우기 RPG"
04:00,31,com.highbrow.games.dvo,"드래곤빌리지3"
04:00,32,com.leap.searchit,"Search It – 숨은그림찾기"
04:00,33,com.xman.kr.gp,"X 클래시"
04:00,34,jp.co.goodroid.hyper.busflow,"Bus Traffic Fever!"
04:00,35,com.wood.block.sudoku.puzzle.bm,"Block Crush: 블록블라스트 퍼즐"
04:00,36,beats.color.sing.star.rush,"피아노타일9: 리듬게임 음악·노래·음악·케이팝"
04:00,37,color.number.paint.pixle.art.sort.jigsaw,"Jewel Coloring"
04:00,38,com.nianticlabs.pokemongo,"Pokémon GO"
04:00,39,com.oakever.arrows,"Amaze GO! - 화살표 퍼즐"
04:00,40,com.dreamgames.royalkingdom,"로얄 킹덤 (Royal Kingdom)"
04:00,41,com.hollywood.merge,"할리우드 머지"
04:00,42,com.fatmerge.global,"테이스티 트레블: 합성 게임"
04:00,43,jp.pokemon.pokemonchampions,"Pokémon Champions"
04:00,44,com.pockethaven.roguelegend,"로그 레전드: 로그라이크 RPG"
04:00,45,com.unept.leveldevil,"Level Devil - NOT A Troll Game"
04:00,46,com.kayac.slow_mo_strike,"Slow Mo Strike: Knives in Time"
04:00,47,com.vitastudio.mahjong,"비타 마작(Vita Mahjong)"
04:00,48,com.merge.game.foodstars,"푸드스타: 합쳐서 요리하기"
04:00,49,com.gof.global,"WOS: 화이트아웃 서바이벌"
04:00,50,com.nexon.he,"히간: 이루실"
04:00,51,com.oakever.meowdoku,"Meowdoku: 두뇌 퍼즐 게임"
04:00,52,com.phs.global,"라스트 어사일럼: 페스트"
04:00,53,com.youmusic.magictiles,"매직 타일 3: 피아노 게임 케이팝 노래"
04:00,54,com.mergecoin.cotune.tuneco,"Coin Merge Fortune"
04:00,55,com.nexon.ma,"메이플 키우기"
04:00,56,com.combo.yarnflow,"Yarn Loop"
04:00,57,com.epicoro.castleclashers,"Castle Busters"
04:00,58,com.brain.crazy.joygame,"Brain Puzzle 3: Crazy Mind"
04:00,59,com.readygo.barrel.gp,"라스트 Z: 서바이벌 슈터"
04:00,60,com.pocket.sort.coin.puzzle.game,"포켓 정렬 (Pocket Sort): 동전 병합 퍼즐"
04:00,61,word.games.puzzle.offline.games,"낱말퀴즈-단어&단어게임&두뇌 훈련&현실적인 게임"
04:00,62,com.mz.fzcqkr,"전사들과 모험"
04:00,63,com.zyyad.mihuan,"조운과 아두"
04:00,64,io.voodoo.paper2,"Paper.io 2"
04:00,65,game.qualiarts.hololive.dreams.com,"hololive Dreams"
04:00,66,com.whoyaho.tanghulu,"탕후루의 달인 - 두쫀쿠, 급식, 배달 먹방 ASMR"
04:00,67,com.Chillgaming.oneState,"OneState RP: 온라인 롤플레잉"
04:00,68,com.pocketchamps.game,"포켓 챔프: 3D 레이싱 게임"
04:00,69,com.familygo.simgame,"Family Go! - 대를 잇는 인생 시뮬레이션"
04:00,70,io.voodoo.holeio,"Hole.io"
04:00,71,com.gravity.romkrzeny.aos,"라그나로크M: Classic"
04:00,72,jigsolitaire.jigsort.jigsaw.solitaire.puzzle,"Jigsort™ 퍼즐: 혼자 즐기는 재미"
04:00,73,com.nexon.fmk,"FC 모바일"
04:00,74,com.klab.heroaca.united.survival,"MHA: UNITED SURVIVAL"
04:00,75,com.supercell.brawlstars,"브롤스타즈"
04:00,76,io.supercent.weaponrpg,"XP Hero (XP 히어로)"
04:00,77,com.playrix.township,"꿈의 마을 (Township)"
04:00,78,com.fatr.global,"호텔 레거시: 합성&리모델링"
04:00,79,com.nflystudio.InfiniteStaircase,"무한의 계단"
04:00,80,com.sled.surfers.game,"Sled Surfers  - 슬로프 어드벤처"
04:00,81,com.gtsy.annoying.punch.game,"Annoying Uncle - 펀칭 게임"
04:00,82,com.ekkorr.ef2,"오늘도 환생 2 : 방치형 디펜스 RPG"
04:00,83,io.supercent.linkedcubic,"스네이크 클래시 (Snake Clash)"
04:00,84,com.bunbunstudio.magicblocktiles,"음악 피아노 7:  음악게임 & 피아노게임"
04:00,85,com.robtopx.geometryjumplite,"Geometry Dash Lite"
04:00,86,com.chirpysort.game.android,"Chirpy Sort: Bird Color Puzzle"
04:00,87,easy.sudoku.puzzle.solver.free,"스도쿠 - 클래식 스도쿠 퍼즐"
04:00,88,com.s01.global,"로드러쉬"
04:00,89,jp.co.ponos.battlecatskr,"냥코 대전쟁"
04:00,90,com.percent.aos.luckydefense,"운빨존많겜"
04:00,91,com.superbox.aos.suikagame,"멜론 메이커 : 과일 파티"
04:00,92,com.bravestars.savethedog.drawgame,"Save The Pets"
04:00,93,com.cedargames.mysterytown,"미스터리 타운: 합성 게임 (Mystery Town)"
04:00,94,com.gamedots.seasideescape,"씨사이드 익스케이프: 합성 & 스토리 게임"
04:00,95,com.Gaggle.fun.GooseGooseDuck,"Goose Goose Duck"
04:00,96,com.king.candycrushsaga,"캔디크러쉬사가 (Candy Crush Saga)"
04:00,97,com.luwasowica.lwssort,"럭키 워터 소트: 현금 획득"
04:00,98,relaxing.games.sort.jam.free,"Sort Jam"
04:00,99,com.funplus.ts.global,"타일 서바이벌"
04:00,100,sorting.games.goods.sort.triple.match3d.puzzle.stuff,"상품 분류 게임: 3D 퍼즐"
04:00,101,com.gamespark.topking.gp,"탑 로드"
04:00,102,com.soccer.score.star,"사커 슈퍼스타 (Soccer Superstar)"
04:00,103,com.teaegg.puzzle.master,"미스터 에그 대탐험"
04:00,104,com.rummikubfree,"Rummikub"
04:00,105,com.ig.screwdom,"Screwdom 3D"
04:00,106,net.gameduo.gv,"캣 히어로 : 방치형 RPG"
04:00,107,game.bubble.physics.world,"3D Bubble Shoot - ASMR Game"
04:00,108,pics.karaage.sokutaiho,"순찰중! 바로 체포!"
04:00,109,block.color.game.jam.blocks.sort.puzzle.games.slide.free,"블록 컬러 매니아"
04:00,110,com.whoyaho.pendeco,"볼꾸의 달인 - 볼펜 꾸미기 ASMR 비즈 만들기"
04:00,111,com.vincentb.MobControl,"Mob Control"
04:00,112,find.difference.spot.differences.hidden.puzzle.games.free,"차이점 - 찾기 & 발견하기"
04:00,113,com.yoyogames.love.makeover.dressup.dating.crush.game,"Love Makeover: 패션 스타일링"
04:00,114,com.fungames.blockcraft,"블록 크래프트 3D(Block Craft): 건설 게임"
04:00,115,com.furrjam.traffic.jamgame,"FurrJam:Hop In!"
04:00,116,com.danceofplantsms.android.kor,"플랜티스와 좀비깡패"
04:00,117,com.percent.aos.cooptd,"협타디: 협동 타워 디펜스"
04:00,118,com.nebula.tiles,"탭 타일 (Tap Tile)"
04:00,119,jp.pokemon.pokemontcgp,"포켓몬 카드 게임 Pocket"
04:00,120,com.bandainamcoent.dgup_ww,"디지몬 UP"
04:00,121,com.pubg.krmobile,"배틀그라운드"
04:00,122,com.easybrain.brainy.joygame,"Puzzle Time: Brainy Challenge"
04:00,123,com.nexon.nsc.maplem,"메이플스토리M"
04:00,124,com.oakever.tiletrip,"Tile Explorer - 트리플 매치"
04:00,125,com.ares.twd,"The Walking Dead: Aftermath"
04:00,126,com.dream.tiles.puzzlelink,"Dream Tiles: Puzzle Link​"
04:00,127,jigsaw.solitaire.match.games.free,"지그소 드롭: 솔리테어 퍼즐"
04:00,128,net.peakgames.match,"매치 팩토리(Match Factory)!"
04:00,129,com.devolverdigital.ballxpit,"BALL x PIT"
04:00,130,com.NHNEnt.NDuelgo,"한게임 신맞고 : 대한민국 원조 고스톱"
04:00,131,com.lucky.arrow.out.path,"Lucky Arrow Out"
04:00,132,com.brain.logic.joygame,"Brain Puzzle 2: Logic Twist"
04:00,133,com.mjwygirls.kr,"각성소녀: 욕망의 여정"
04:00,134,com.hp.keyboard.obby.asmr.speed.run,"Keyboard Obby: ASMR Speed Run"
04:00,135,com.unicostudio.braintest,"브레인 테스트 (Brain Test): 까다로운 퍼즐"
04:00,136,com.rush.xtreme.sports,"러시: 익스트림 (RUSH: Xtreme)"
04:00,137,pics.karaage.damekoico,"나쁜 사랑 - 다크한 남친 컬렉션"
04:00,138,wool.match.color.sort.jam.puzzle,"털실 마스터"
04:00,139,hidden.object.find.seek.search.mystery.puzzle.games.free,"숨은그림찾기 게임: Seek It"
04:00,140,com.fluffydrop.op.gp,"Fluffy Drop"
04:00,141,com.wildcaly.chbaseball.jkt,"MLB 클러치 히트 베이스볼 26"
04:00,142,com.igg.android.doomsdaylastsurvivors,"둠스데이: 영웅의 여정"
04:00,143,com.superplanet.odyssey,"던전 견문록"
04:00,144,com.tripledot.blockbash,"Woodoku Blast"
04:00,145,com.find.spot.photo.hunt.differences.free.hidden,"틀린그림찾기: 즐거운 스포트잇 퍼즐"
04:00,146,com.hmbl.perfect.makeover.cleaning.asmr,"Perfect Makeover Cleaning ASMR"
04:00,147,com.nexters.herowars,"Hero Wars: Alliance RPG 게임"
04:00,148,com.NHNEnt.MSudda,"한게임 섯다&맞고"
04:00,149,com.hypgames.sniperbattle,"Sniper Battle: 3D 전장 슈팅"
04:00,150,com.JindoBlu.TwoPlayerGamesChallenge,"2인용 게임: 도전"
04:00,151,com.pixel.art.coloring.color.number,"Happy Color® – 컬러링북, 숫자 색칠 게임"
04:00,152,com.arrow.out,"Point Out: Color Escape Puzzle"
04:00,153,com.cool.adult.tile.mahjongcrush,"마작 크러시​"
04:00,154,water.sort.color.puzzle.master,"Water Sort: Color Sorting 3D"
04:00,155,com.netmarble.stonkey,"스톤에이지 키우기"
04:00,156,piggy.escape.jam.farm.puzzle.game,"Piggy Escape: 동물주차게임"
04:00,157,com.hitappsgames.wordsolitaire,"단어 솔리테어: 카드 퍼즐게임"
04:00,158,com.nhnent.pokerclassic,"한게임포커 클래식 : 7포커 홀덤 섯다 훌라 슬롯"
04:00,159,com.tap.away.arrows.logic.puzzle.brain.game,"Arrows World"
04:00,160,com.korea.hsbbkr.google,"도깨비 소녀와 함께"
04:00,161,com.devsisters.ck,"쿠키런: 킹덤"
04:00,162,com.hwqgrhhjfd.idlefastfood,"Eatventure"
04:00,163,com.easybrain.sudoku.android,"스도쿠 - 두뇌 훈련용 퍼즐 게임"
04:00,164,com.merge.cooking.theme.restaurant.food,"머지 쿠킹 테마 레스토랑"
04:00,165,com.whalejoy.horrorstory.gp,"헌티드 머지: 괴담"
04:00,166,arrow.cube.escape3d,"Arrow Pro 3D"
04:00,167,com.cola.game,"핫레스토랑: 머지&쿠킹"
04:00,168,com.tocaboca.tocalifeworld,"Toca Boca World"
04:00,169,com.fty.tonari,"옆자리는 누구? : 꿀잼 논리 퍼즐 퀴즈게임"
04:00,170,com.mojang.minecrafttrialpe,"Minecraft 체험판"
04:00,171,water.sort.puzzle.game.color.sorting.free,"물 분류 퍼즐 게임 - 재미있는 색상 분류 퍼즐 게임"
04:00,172,com.innersloth.spacemafia,"Among Us"
04:00,173,com.brbp.brain.crush.xmcp,"Brain Crush: Blush Puzzle"
04:00,174,com.riotgames.mobile.leagueconnect,"라이엇 모바일"
04:00,175,com.greenmushroom.boomblitz.gp,"탑 히어로즈"
04:00,176,com.tfv.block.line.fill.puzzle,"단일 선 블록 채우기 퍼즐"
04:00,177,com.hungrystudio.mahjong,"Double Tile!"
04:00,178,jp.co.goodroid.hyper.puzzle.arrows3dcubepuzzle,"CubeAway - 3DPuzzle"
04:00,179,app.gajami.keycap,"딸깍 - 키캡게임"
04:00,180,com.bracelet.diy.handmade.asmr,"Bracelet Maker: DIY ASMR"
04:00,181,com.haegin.kbo,"2026 프로야구GO!"
04:00,182,com.pjsekai.kr,"프로젝트 세카이 컬러풀 스테이지! feat.하츠네 미쿠"
04:00,183,com.os.airforce,"1945 공군: 레트로 오락실 슈팅 게임"
04:00,184,com.infiniplay.merge.fashion.romance.story,"패션 병합（Merge Fashion）: 로맨스 스토리"
04:00,185,math.puzzle.games.crossmath.number.puzzles.free,"수학 퍼즐 게임 - 크로스매스"
04:00,186,bus.loop.traffic.jam.fever.bus.puzzle,"Bus Loop:Jam Master"
04:00,187,com.seeplay.catjump,"캣점프"
04:00,188,com.mahjong.master.solitaire.match.puzzle,"마작 마스터: 데일리 매치"
04:00,189,com.basakansoft.jobmaker,"취준생 키우기 : 취업 시뮬레이션 게임"
04:00,190,com.mini.football.filter.games,"Mini Soccer: Football Cup 2026"
04:00,191,com.cliffs.pro.cell.building.crazy.clever.craft,"Block Crazy Robo World Craft"
04:00,192,com.gamovation.tileclub,"타일 클럽 - 매칭 게임"
04:00,193,com.ew.mahjong,"Fun Mahjong Match"
04:00,194,com.brain.puzzle.tricky.test.annoying.quest,"Tricky Brain Puzzle: 퍼즐 두뇌 게임"
04:00,195,com.red.sortingstore.android,"Water Match® - ASMR Water Sort"
04:00,196,com.metagame.annoying.trick.brainypuzzle,"Brainy Escape Quest"
04:00,197,com.fiveminlab.overgeared.hero.backpack.merge,"템빨용사: 픽셀 아이템 머지 RPG"
04:00,198,com.wireless.defenseland,"레이드 러시: 타워 디펜스"
04:00,199,com.JindoBlu.OfflineGames,"데이터 필요없는 게임 - 와이파이 필요없는 게임"
04:00,200,com.abi.colony.flow,"Colony Flow"
05:00,1,com.EightStudio.BlightWar,"블라이트 워 : 방치형 RPG"
05:00,2,com.devsisters.cc,"쿠키런 키우기 - 쿠키런: 크럼블"
05:00,3,com.orienjoy.heroland.kr,"히어로 랜드M"
05:00,4,com.noriworks.gm,"고스톱M : 데이터 필요없는 맞고 게임"
05:00,5,com.mocacorp.tile,"타일 킹 - 트리플 매치"
05:00,6,com.grandgames.magicsort,"매직 정렬!  (Magic Sort !)"
05:00,7,com.mergegames.gossipharbor,"가십하버: 합성 & 스토리 게임"
05:00,8,com.mocacorp.sudoku,"스도쿠"
05:00,9,com.rxjhglkr.gp,"열혈강호: 넥스트"
05:00,10,com.plaium.tmm,"티니핑 매직 매치"
05:00,11,com.redveilone.vardian,"바르디안 : 피의 맹세"
05:00,12,com.block.juggle,"블록 블라스트 (Block Blast)"
05:00,13,com.fowgames.kingdom2,"킹덤2: 타오르는 전장"
05:00,14,com.nebula.mahjongtile,"마작 블래스트 (Mahjong Blast)"
05:00,15,com.hkqs.jszx.google,"부족 또 전쟁 : 무한루프 RPG"
05:00,16,com.ratinghope.gplay,"타이탄 러쉬: 서바이벌"
05:00,17,com.ryonggame.soulhunteridle,"소울 헌터 키우기 : 방치형 RPG"
05:00,18,com.noriworks.kg,"국민 고스톱"
05:00,19,com.roblox.client,"로블록스 (Roblox)"
05:00,20,com.netease.dunkcdjp,"NBA 덩크 시티"
05:00,21,com.run.tower.defense,"킹샷:Kingshot"
05:00,22,tokyo.chickenskin.imikowa,"의미심장 스토리"
05:00,23,com.ecffri.arrows,"애로우즈 – 퍼즐 이스케이프 (Arrows)"
05:00,24,com.cyphergames.royalsmash,"Royal Smash! - Physics Puzzle"
05:00,25,com.dreamgames.royalmatch,"로얄 매치 Royal Match"
05:00,26,com.mobirix.ldwm,"수박 만들기 2048"
05:00,27,com.lighthouse.freeplay.kr,"라스트 라이트: 디펜스"
05:00,28,com.puzzlegames.puzzlebrickslegend,"컬러블록: 콤보 블라스트(Color Block)"
05:00,29,com.warrior.screw.gp,"나사 풀기 대작전"
05:00,30,com.Chodun.CatGunner,"총잡이 고양이 : 방치형 키우기 RPG"
05:00,31,com.nianticlabs.pokemongo,"Pokémon GO"
05:00,32,com.highbrow.games.dvo,"드래곤빌리지3"
05:00,33,com.leap.searchit,"Search It – 숨은그림찾기"
05:00,34,com.xman.kr.gp,"X 클래시"
05:00,35,jp.co.goodroid.hyper.busflow,"Bus Traffic Fever!"
05:00,36,com.wood.block.sudoku.puzzle.bm,"Block Crush: 블록블라스트 퍼즐"
05:00,37,beats.color.sing.star.rush,"피아노타일9: 리듬게임 음악·노래·음악·케이팝"
05:00,38,color.number.paint.pixle.art.sort.jigsaw,"Jewel Coloring"
05:00,39,com.oakever.arrows,"Amaze GO! - 화살표 퍼즐"
05:00,40,com.dreamgames.royalkingdom,"로얄 킹덤 (Royal Kingdom)"
05:00,41,word.games.puzzle.offline.games,"낱말퀴즈-단어&단어게임&두뇌 훈련&현실적인 게임"
05:00,42,com.hollywood.merge,"할리우드 머지"
05:00,43,com.fatmerge.global,"테이스티 트레블: 합성 게임"
05:00,44,jp.pokemon.pokemonchampions,"Pokémon Champions"
05:00,45,com.pockethaven.roguelegend,"로그 레전드: 로그라이크 RPG"
05:00,46,com.unept.leveldevil,"Level Devil - NOT A Troll Game"
05:00,47,com.kayac.slow_mo_strike,"Slow Mo Strike: Knives in Time"
05:00,48,com.vitastudio.mahjong,"비타 마작(Vita Mahjong)"
05:00,49,com.merge.game.foodstars,"푸드스타: 합쳐서 요리하기"
05:00,50,com.gof.global,"WOS: 화이트아웃 서바이벌"
05:00,51,com.whoyaho.tanghulu,"탕후루의 달인 - 두쫀쿠, 급식, 배달 먹방 ASMR"
05:00,52,com.nexon.he,"히간: 이루실"
05:00,53,com.oakever.meowdoku,"Meowdoku: 두뇌 퍼즐 게임"
05:00,54,com.phs.global,"라스트 어사일럼: 페스트"
05:00,55,com.youmusic.magictiles,"매직 타일 3: 피아노 게임 케이팝 노래"
05:00,56,com.nexon.ma,"메이플 키우기"
05:00,57,io.voodoo.holeio,"Hole.io"
05:00,58,com.combo.yarnflow,"Yarn Loop"
05:00,59,com.epicoro.castleclashers,"Castle Busters"
05:00,60,com.brain.crazy.joygame,"Brain Puzzle 3: Crazy Mind"
05:00,61,com.readygo.barrel.gp,"라스트 Z: 서바이벌 슈터"
05:00,62,com.pocket.sort.coin.puzzle.game,"포켓 정렬 (Pocket Sort): 동전 병합 퍼즐"
05:00,63,com.mz.fzcqkr,"전사들과 모험"
05:00,64,com.zyyad.mihuan,"조운과 아두"
05:00,65,io.voodoo.paper2,"Paper.io 2"
05:00,66,game.qualiarts.hololive.dreams.com,"hololive Dreams"
05:00,67,com.Chillgaming.oneState,"OneState RP: 온라인 롤플레잉"
05:00,68,com.pocketchamps.game,"포켓 챔프: 3D 레이싱 게임"
05:00,69,com.familygo.simgame,"Family Go! - 대를 잇는 인생 시뮬레이션"
05:00,70,com.gravity.romkrzeny.aos,"라그나로크M: Classic"
05:00,71,jigsolitaire.jigsort.jigsaw.solitaire.puzzle,"Jigsort™ 퍼즐: 혼자 즐기는 재미"
05:00,72,com.nexon.fmk,"FC 모바일"
05:00,73,com.klab.heroaca.united.survival,"MHA: UNITED SURVIVAL"
05:00,74,com.mergecoin.cotune.tuneco,"Coin Merge Fortune"
05:00,75,com.supercell.brawlstars,"브롤스타즈"
05:00,76,io.supercent.weaponrpg,"XP Hero (XP 히어로)"
05:00,77,com.king.candycrushsaga,"캔디크러쉬사가 (Candy Crush Saga)"
05:00,78,com.playrix.township,"꿈의 마을 (Township)"
05:00,79,com.fatr.global,"호텔 레거시: 합성&리모델링"
05:00,80,com.nflystudio.InfiniteStaircase,"무한의 계단"
05:00,81,com.sled.surfers.game,"Sled Surfers  - 슬로프 어드벤처"
05:00,82,com.gtsy.annoying.punch.game,"Annoying Uncle - 펀칭 게임"
05:00,83,com.ekkorr.ef2,"오늘도 환생 2 : 방치형 디펜스 RPG"
05:00,84,io.supercent.linkedcubic,"스네이크 클래시 (Snake Clash)"
05:00,85,com.robtopx.geometryjumplite,"Geometry Dash Lite"
05:00,86,com.chirpysort.game.android,"Chirpy Sort: Bird Color Puzzle"
05:00,87,easy.sudoku.puzzle.solver.free,"스도쿠 - 클래식 스도쿠 퍼즐"
05:00,88,com.s01.global,"로드러쉬"
05:00,89,jp.co.ponos.battlecatskr,"냥코 대전쟁"
05:00,90,com.percent.aos.luckydefense,"운빨존많겜"
05:00,91,com.superbox.aos.suikagame,"멜론 메이커 : 과일 파티"
05:00,92,com.bravestars.savethedog.drawgame,"Save The Pets"
05:00,93,com.cedargames.mysterytown,"미스터리 타운: 합성 게임 (Mystery Town)"
05:00,94,com.gamedots.seasideescape,"씨사이드 익스케이프: 합성 & 스토리 게임"
05:00,95,com.Gaggle.fun.GooseGooseDuck,"Goose Goose Duck"
05:00,96,com.devolverdigital.ballxpit,"BALL x PIT"
05:00,97,relaxing.games.sort.jam.free,"Sort Jam"
05:00,98,com.funplus.ts.global,"타일 서바이벌"
05:00,99,sorting.games.goods.sort.triple.match3d.puzzle.stuff,"상품 분류 게임: 3D 퍼즐"
05:00,100,com.bunbunstudio.magicblocktiles,"음악 피아노 7:  음악게임 & 피아노게임"
05:00,101,com.gamespark.topking.gp,"탑 로드"
05:00,102,com.soccer.score.star,"사커 슈퍼스타 (Soccer Superstar)"
05:00,103,com.teaegg.puzzle.master,"미스터 에그 대탐험"
05:00,104,com.rummikubfree,"Rummikub"
05:00,105,com.ig.screwdom,"Screwdom 3D"
05:00,106,net.gameduo.gv,"캣 히어로 : 방치형 RPG"
05:00,107,game.bubble.physics.world,"3D Bubble Shoot - ASMR Game"
05:00,108,pics.karaage.sokutaiho,"순찰중! 바로 체포!"
05:00,109,block.color.game.jam.blocks.sort.puzzle.games.slide.free,"블록 컬러 매니아"
05:00,110,com.whoyaho.pendeco,"볼꾸의 달인 - 볼펜 꾸미기 ASMR 비즈 만들기"
05:00,111,com.vincentb.MobControl,"Mob Control"
05:00,112,find.difference.spot.differences.hidden.puzzle.games.free,"차이점 - 찾기 & 발견하기"
05:00,113,com.yoyogames.love.makeover.dressup.dating.crush.game,"Love Makeover: 패션 스타일링"
05:00,114,com.fungames.blockcraft,"블록 크래프트 3D(Block Craft): 건설 게임"
05:00,115,com.furrjam.traffic.jamgame,"FurrJam:Hop In!"
05:00,116,com.danceofplantsms.android.kor,"플랜티스와 좀비깡패"
05:00,117,com.percent.aos.cooptd,"협타디: 협동 타워 디펜스"
05:00,118,com.nebula.tiles,"탭 타일 (Tap Tile)"
05:00,119,jp.pokemon.pokemontcgp,"포켓몬 카드 게임 Pocket"
05:00,120,com.bandainamcoent.dgup_ww,"디지몬 UP"
05:00,121,com.pubg.krmobile,"배틀그라운드"
05:00,122,com.luwasowica.lwssort,"럭키 워터 소트: 현금 획득"
05:00,123,com.easybrain.brainy.joygame,"Puzzle Time: Brainy Challenge"
05:00,124,com.nexon.nsc.maplem,"메이플스토리M"
05:00,125,com.oakever.tiletrip,"Tile Explorer - 트리플 매치"
05:00,126,com.dream.tiles.puzzlelink,"Dream Tiles: Puzzle Link​"
05:00,127,jigsaw.solitaire.match.games.free,"지그소 드롭: 솔리테어 퍼즐"
05:00,128,net.peakgames.match,"매치 팩토리(Match Factory)!"
05:00,129,com.NHNEnt.NDuelgo,"한게임 신맞고 : 대한민국 원조 고스톱"
05:00,130,com.lucky.arrow.out.path,"Lucky Arrow Out"
05:00,131,com.brain.logic.joygame,"Brain Puzzle 2: Logic Twist"
05:00,132,math.puzzle.games.crossmath.number.puzzles.free,"수학 퍼즐 게임 - 크로스매스"
05:00,133,com.mjwygirls.kr,"각성소녀: 욕망의 여정"
05:00,134,com.hp.keyboard.obby.asmr.speed.run,"Keyboard Obby: ASMR Speed Run"
05:00,135,com.unicostudio.braintest,"브레인 테스트 (Brain Test): 까다로운 퍼즐"
05:00,136,com.rush.xtreme.sports,"러시: 익스트림 (RUSH: Xtreme)"
05:00,137,pics.karaage.damekoico,"나쁜 사랑 - 다크한 남친 컬렉션"
05:00,138,wool.match.color.sort.jam.puzzle,"털실 마스터"
05:00,139,hidden.object.find.seek.search.mystery.puzzle.games.free,"숨은그림찾기 게임: Seek It"
05:00,140,com.fluffydrop.op.gp,"Fluffy Drop"
05:00,141,com.wildcaly.chbaseball.jkt,"MLB 클러치 히트 베이스볼 26"
05:00,142,com.igg.android.doomsdaylastsurvivors,"둠스데이: 영웅의 여정"
05:00,143,com.superplanet.odyssey,"던전 견문록"
05:00,144,com.tripledot.blockbash,"Woodoku Blast"
05:00,145,com.find.spot.photo.hunt.differences.free.hidden,"틀린그림찾기: 즐거운 스포트잇 퍼즐"
05:00,146,com.hmbl.perfect.makeover.cleaning.asmr,"Perfect Makeover Cleaning ASMR"
05:00,147,com.nexters.herowars,"Hero Wars: Alliance RPG 게임"
05:00,148,com.NHNEnt.MSudda,"한게임 섯다&맞고"
05:00,149,com.hypgames.sniperbattle,"Sniper Battle: 3D 전장 슈팅"
05:00,150,com.JindoBlu.TwoPlayerGamesChallenge,"2인용 게임: 도전"
05:00,151,com.pixel.art.coloring.color.number,"Happy Color® – 컬러링북, 숫자 색칠 게임"
05:00,152,com.arrow.out,"Point Out: Color Escape Puzzle"
05:00,153,com.cool.adult.tile.mahjongcrush,"마작 크러시​"
05:00,154,water.sort.color.puzzle.master,"Water Sort: Color Sorting 3D"
05:00,155,com.netmarble.stonkey,"스톤에이지 키우기"
05:00,156,piggy.escape.jam.farm.puzzle.game,"Piggy Escape: 동물주차게임"
05:00,157,com.hitappsgames.wordsolitaire,"단어 솔리테어: 카드 퍼즐게임"
05:00,158,com.nhnent.pokerclassic,"한게임포커 클래식 : 7포커 홀덤 섯다 훌라 슬롯"
05:00,159,com.tap.away.arrows.logic.puzzle.brain.game,"Arrows World"
05:00,160,com.korea.hsbbkr.google,"도깨비 소녀와 함께"
05:00,161,com.devsisters.ck,"쿠키런: 킹덤"
05:00,162,com.hwqgrhhjfd.idlefastfood,"Eatventure"
05:00,163,com.easybrain.sudoku.android,"스도쿠 - 두뇌 훈련용 퍼즐 게임"
05:00,164,io.supercent.pizzaidle,"피자 레디 (Pizza Ready)"
05:00,165,com.merge.cooking.theme.restaurant.food,"머지 쿠킹 테마 레스토랑"
05:00,166,com.ares.twd,"The Walking Dead: Aftermath"
05:00,167,com.whalejoy.horrorstory.gp,"헌티드 머지: 괴담"
05:00,168,arrow.cube.escape3d,"Arrow Pro 3D"
05:00,169,com.cola.game,"핫레스토랑: 머지&쿠킹"
05:00,170,com.tocaboca.tocalifeworld,"Toca Boca World"
05:00,171,com.fty.tonari,"옆자리는 누구? : 꿀잼 논리 퍼즐 퀴즈게임"
05:00,172,com.mojang.minecrafttrialpe,"Minecraft 체험판"
05:00,173,water.sort.puzzle.game.color.sorting.free,"물 분류 퍼즐 게임 - 재미있는 색상 분류 퍼즐 게임"
05:00,174,com.innersloth.spacemafia,"Among Us"
05:00,175,com.brbp.brain.crush.xmcp,"Brain Crush: Blush Puzzle"
05:00,176,com.riotgames.mobile.leagueconnect,"라이엇 모바일"
05:00,177,com.greenmushroom.boomblitz.gp,"탑 히어로즈"
05:00,178,com.tfv.block.line.fill.puzzle,"단일 선 블록 채우기 퍼즐"
05:00,179,com.hungrystudio.mahjong,"Double Tile!"
05:00,180,jp.co.goodroid.hyper.puzzle.arrows3dcubepuzzle,"CubeAway - 3DPuzzle"
05:00,181,app.gajami.keycap,"딸깍 - 키캡게임"
05:00,182,com.bracelet.diy.handmade.asmr,"Bracelet Maker: DIY ASMR"
05:00,183,com.haegin.kbo,"2026 프로야구GO!"
05:00,184,com.pjsekai.kr,"프로젝트 세카이 컬러풀 스테이지! feat.하츠네 미쿠"
05:00,185,com.os.airforce,"1945 공군: 레트로 오락실 슈팅 게임"
05:00,186,com.infiniplay.merge.fashion.romance.story,"패션 병합（Merge Fashion）: 로맨스 스토리"
05:00,187,bus.loop.traffic.jam.fever.bus.puzzle,"Bus Loop:Jam Master"
05:00,188,com.seeplay.catjump,"캣점프"
05:00,189,com.mahjong.master.solitaire.match.puzzle,"마작 마스터: 데일리 매치"
05:00,190,com.basakansoft.jobmaker,"취준생 키우기 : 취업 시뮬레이션 게임"
05:00,191,com.mini.football.filter.games,"Mini Soccer: Football Cup 2026"
05:00,192,com.cliffs.pro.cell.building.crazy.clever.craft,"Block Crazy Robo World Craft"
05:00,193,com.gamovation.tileclub,"타일 클럽 - 매칭 게임"
05:00,194,com.ew.mahjong,"Fun Mahjong Match"
05:00,195,com.brain.puzzle.tricky.test.annoying.quest,"Tricky Brain Puzzle: 퍼즐 두뇌 게임"
05:00,196,com.red.sortingstore.android,"Water Match® - ASMR Water Sort"
05:00,197,com.metagame.annoying.trick.brainypuzzle,"Brainy Escape Quest"
05:00,198,com.fiveminlab.overgeared.hero.backpack.merge,"템빨용사: 픽셀 아이템 머지 RPG"
05:00,199,com.wireless.defenseland,"레이드 러시: 타워 디펜스"
05:00,200,com.JindoBlu.OfflineGames,"데이터 필요없는 게임 - 와이파이 필요없는 게임"
06:00,1,com.EightStudio.BlightWar,"블라이트 워 : 방치형 RPG"
06:00,2,com.devsisters.cc,"쿠키런 키우기 - 쿠키런: 크럼블"
06:00,3,com.orienjoy.heroland.kr,"히어로 랜드M"
06:00,4,com.noriworks.gm,"고스톱M : 데이터 필요없는 맞고 게임"
06:00,5,com.mocacorp.tile,"타일 킹 - 트리플 매치"
06:00,6,com.mergegames.gossipharbor,"가십하버: 합성 & 스토리 게임"
06:00,7,com.rxjhglkr.gp,"열혈강호: 넥스트"
06:00,8,com.grandgames.magicsort,"매직 정렬!  (Magic Sort !)"
06:00,9,com.block.juggle,"블록 블라스트 (Block Blast)"
06:00,10,com.mocacorp.sudoku,"스도쿠"
06:00,11,com.plaium.tmm,"티니핑 매직 매치"
06:00,12,com.ratinghope.gplay,"타이탄 러쉬: 서바이벌"
06:00,13,com.redveilone.vardian,"바르디안 : 피의 맹세"
06:00,14,com.hkqs.jszx.google,"부족 또 전쟁 : 무한루프 RPG"
06:00,15,com.fowgames.kingdom2,"킹덤2: 타오르는 전장"
06:00,16,com.roblox.client,"로블록스 (Roblox)"
06:00,17,com.nebula.mahjongtile,"마작 블래스트 (Mahjong Blast)"
06:00,18,com.ryonggame.soulhunteridle,"소울 헌터 키우기 : 방치형 RPG"
06:00,19,com.noriworks.kg,"국민 고스톱"
06:00,20,com.netease.dunkcdjp,"NBA 덩크 시티"
06:00,21,com.run.tower.defense,"킹샷:Kingshot"
06:00,22,com.cyphergames.royalsmash,"Royal Smash! - Physics Puzzle"
06:00,23,com.dreamgames.royalmatch,"로얄 매치 Royal Match"
06:00,24,com.Chodun.CatGunner,"총잡이 고양이 : 방치형 키우기 RPG"
06:00,25,com.warrior.screw.gp,"나사 풀기 대작전"
06:00,26,tokyo.chickenskin.imikowa,"의미심장 스토리"
06:00,27,com.ecffri.arrows,"애로우즈 – 퍼즐 이스케이프 (Arrows)"
06:00,28,com.highbrow.games.dvo,"드래곤빌리지3"
06:00,29,com.mobirix.ldwm,"수박 만들기 2048"
06:00,30,com.lighthouse.freeplay.kr,"라스트 라이트: 디펜스"
06:00,31,com.leap.searchit,"Search It – 숨은그림찾기"
06:00,32,com.puzzlegames.puzzlebrickslegend,"컬러블록: 콤보 블라스트(Color Block)"
06:00,33,com.wood.block.sudoku.puzzle.bm,"Block Crush: 블록블라스트 퍼즐"
06:00,34,com.oakever.arrows,"Amaze GO! - 화살표 퍼즐"
06:00,35,color.number.paint.pixle.art.sort.jigsaw,"Jewel Coloring"
06:00,36,com.nianticlabs.pokemongo,"Pokémon GO"
06:00,37,com.hollywood.merge,"할리우드 머지"
06:00,38,com.dreamgames.royalkingdom,"로얄 킹덤 (Royal Kingdom)"
06:00,39,com.fatmerge.global,"테이스티 트레블: 합성 게임"
06:00,40,com.xman.kr.gp,"X 클래시"
06:00,41,com.merge.game.foodstars,"푸드스타: 합쳐서 요리하기"
06:00,42,jp.co.goodroid.hyper.busflow,"Bus Traffic Fever!"
06:00,43,com.pockethaven.roguelegend,"로그 레전드: 로그라이크 RPG"
06:00,44,com.oakever.meowdoku,"Meowdoku: 두뇌 퍼즐 게임"
06:00,45,com.vitastudio.mahjong,"비타 마작(Vita Mahjong)"
06:00,46,com.unept.leveldevil,"Level Devil - NOT A Troll Game"
06:00,47,beats.color.sing.star.rush,"피아노타일9: 리듬게임 음악·노래·음악·케이팝"
06:00,48,com.phs.global,"라스트 어사일럼: 페스트"
06:00,49,com.nexon.ma,"메이플 키우기"
06:00,50,com.youmusic.magictiles,"매직 타일 3: 피아노 게임 케이팝 노래"
06:00,51,word.games.puzzle.offline.games,"낱말퀴즈-단어&단어게임&두뇌 훈련&현실적인 게임"
06:00,52,com.epicoro.castleclashers,"Castle Busters"
06:00,53,jp.pokemon.pokemonchampions,"Pokémon Champions"
06:00,54,io.voodoo.paper2,"Paper.io 2"
06:00,55,com.kayac.slow_mo_strike,"Slow Mo Strike: Knives in Time"
06:00,56,com.gof.global,"WOS: 화이트아웃 서바이벌"
06:00,57,com.whoyaho.tanghulu,"탕후루의 달인 - 두쫀쿠, 급식, 배달 먹방 ASMR"
06:00,58,com.nexon.he,"히간: 이루실"
06:00,59,com.pocketchamps.game,"포켓 챔프: 3D 레이싱 게임"
06:00,60,com.Chillgaming.oneState,"OneState RP: 온라인 롤플레잉"
06:00,61,game.qualiarts.hololive.dreams.com,"hololive Dreams"
06:00,62,jigsolitaire.jigsort.jigsaw.solitaire.puzzle,"Jigsort™ 퍼즐: 혼자 즐기는 재미"
06:00,63,io.voodoo.holeio,"Hole.io"
06:00,64,com.combo.yarnflow,"Yarn Loop"
06:00,65,com.brain.crazy.joygame,"Brain Puzzle 3: Crazy Mind"
06:00,66,io.supercent.weaponrpg,"XP Hero (XP 히어로)"
06:00,67,com.readygo.barrel.gp,"라스트 Z: 서바이벌 슈터"
06:00,68,com.pocket.sort.coin.puzzle.game,"포켓 정렬 (Pocket Sort): 동전 병합 퍼즐"
06:00,69,com.supercell.brawlstars,"브롤스타즈"
06:00,70,com.playrix.township,"꿈의 마을 (Township)"
06:00,71,com.klab.heroaca.united.survival,"MHA: UNITED SURVIVAL"
06:00,72,com.mz.fzcqkr,"전사들과 모험"
06:00,73,com.zyyad.mihuan,"조운과 아두"
06:00,74,easy.sudoku.puzzle.solver.free,"스도쿠 - 클래식 스도쿠 퍼즐"
06:00,75,jp.co.ponos.battlecatskr,"냥코 대전쟁"
06:00,76,com.familygo.simgame,"Family Go! - 대를 잇는 인생 시뮬레이션"
06:00,77,com.funplus.ts.global,"타일 서바이벌"
06:00,78,com.gravity.romkrzeny.aos,"라그나로크M: Classic"
06:00,79,com.gamedots.seasideescape,"씨사이드 익스케이프: 합성 & 스토리 게임"
06:00,80,com.nexon.fmk,"FC 모바일"
06:00,81,com.bravestars.savethedog.drawgame,"Save The Pets"
06:00,82,com.cedargames.mysterytown,"미스터리 타운: 합성 게임 (Mystery Town)"
06:00,83,com.mergecoin.cotune.tuneco,"Coin Merge Fortune"
06:00,84,com.king.candycrushsaga,"캔디크러쉬사가 (Candy Crush Saga)"
06:00,85,com.fatr.global,"호텔 레거시: 합성&리모델링"
06:00,86,sorting.games.goods.sort.triple.match3d.puzzle.stuff,"상품 분류 게임: 3D 퍼즐"
06:00,87,com.nflystudio.InfiniteStaircase,"무한의 계단"
06:00,88,com.sled.surfers.game,"Sled Surfers  - 슬로프 어드벤처"
06:00,89,com.gtsy.annoying.punch.game,"Annoying Uncle - 펀칭 게임"
06:00,90,com.ekkorr.ef2,"오늘도 환생 2 : 방치형 디펜스 RPG"
06:00,91,io.supercent.linkedcubic,"스네이크 클래시 (Snake Clash)"
06:00,92,com.teaegg.puzzle.master,"미스터 에그 대탐험"
06:00,93,com.vincentb.MobControl,"Mob Control"
06:00,94,com.robtopx.geometryjumplite,"Geometry Dash Lite"
06:00,95,com.chirpysort.game.android,"Chirpy Sort: Bird Color Puzzle"
06:00,96,com.soccer.score.star,"사커 슈퍼스타 (Soccer Superstar)"
06:00,97,com.s01.global,"로드러쉬"
06:00,98,block.color.game.jam.blocks.sort.puzzle.games.slide.free,"블록 컬러 매니아"
06:00,99,com.percent.aos.luckydefense,"운빨존많겜"
06:00,100,com.superbox.aos.suikagame,"멜론 메이커 : 과일 파티"
06:00,101,find.difference.spot.differences.hidden.puzzle.games.free,"차이점 - 찾기 & 발견하기"
06:00,102,com.percent.aos.cooptd,"협타디: 협동 타워 디펜스"
06:00,103,net.peakgames.match,"매치 팩토리(Match Factory)!"
06:00,104,com.Gaggle.fun.GooseGooseDuck,"Goose Goose Duck"
06:00,105,com.nebula.tiles,"탭 타일 (Tap Tile)"
06:00,106,com.bandainamcoent.dgup_ww,"디지몬 UP"
06:00,107,com.devolverdigital.ballxpit,"BALL x PIT"
06:00,108,com.pubg.krmobile,"배틀그라운드"
06:00,109,com.nexon.nsc.maplem,"메이플스토리M"
06:00,110,jp.pokemon.pokemontcgp,"포켓몬 카드 게임 Pocket"
06:00,111,relaxing.games.sort.jam.free,"Sort Jam"
06:00,112,com.yoyogames.love.makeover.dressup.dating.crush.game,"Love Makeover: 패션 스타일링"
06:00,113,com.bunbunstudio.magicblocktiles,"음악 피아노 7:  음악게임 & 피아노게임"
06:00,114,com.gamespark.topking.gp,"탑 로드"
06:00,115,pics.karaage.damekoico,"나쁜 사랑 - 다크한 남친 컬렉션"
06:00,116,com.rummikubfree,"Rummikub"
06:00,117,com.wildcaly.chbaseball.jkt,"MLB 클러치 히트 베이스볼 26"
06:00,118,com.ig.screwdom,"Screwdom 3D"
06:00,119,net.gameduo.gv,"캣 히어로 : 방치형 RPG"
06:00,120,game.bubble.physics.world,"3D Bubble Shoot - ASMR Game"
06:00,121,pics.karaage.sokutaiho,"순찰중! 바로 체포!"
06:00,122,hidden.object.find.seek.search.mystery.puzzle.games.free,"숨은그림찾기 게임: Seek It"
06:00,123,com.igg.android.doomsdaylastsurvivors,"둠스데이: 영웅의 여정"
06:00,124,com.whoyaho.pendeco,"볼꾸의 달인 - 볼펜 꾸미기 ASMR 비즈 만들기"
06:00,125,com.nexters.herowars,"Hero Wars: Alliance RPG 게임"
06:00,126,com.fungames.blockcraft,"블록 크래프트 3D(Block Craft): 건설 게임"
06:00,127,com.superplanet.odyssey,"던전 견문록"
06:00,128,com.furrjam.traffic.jamgame,"FurrJam:Hop In!"
06:00,129,com.danceofplantsms.android.kor,"플랜티스와 좀비깡패"
06:00,130,com.netmarble.stonkey,"스톤에이지 키우기"
06:00,131,com.hypgames.sniperbattle,"Sniper Battle: 3D 전장 슈팅"
06:00,132,com.JindoBlu.TwoPlayerGamesChallenge,"2인용 게임: 도전"
06:00,133,com.arrow.out,"Point Out: Color Escape Puzzle"
06:00,134,com.luwasowica.lwssort,"럭키 워터 소트: 현금 획득"
06:00,135,arrow.cube.escape3d,"Arrow Pro 3D"
06:00,136,com.tap.away.arrows.logic.puzzle.brain.game,"Arrows World"
06:00,137,com.easybrain.brainy.joygame,"Puzzle Time: Brainy Challenge"
06:00,138,com.pixel.art.coloring.color.number,"Happy Color® – 컬러링북, 숫자 색칠 게임"
06:00,139,com.cola.game,"핫레스토랑: 머지&쿠킹"
06:00,140,water.sort.color.puzzle.master,"Water Sort: Color Sorting 3D"
06:00,141,com.hitappsgames.wordsolitaire,"단어 솔리테어: 카드 퍼즐게임"
06:00,142,com.oakever.tiletrip,"Tile Explorer - 트리플 매치"
06:00,143,com.dream.tiles.puzzlelink,"Dream Tiles: Puzzle Link​"
06:00,144,piggy.escape.jam.farm.puzzle.game,"Piggy Escape: 동물주차게임"
06:00,145,jigsaw.solitaire.match.games.free,"지그소 드롭: 솔리테어 퍼즐"
06:00,146,com.fty.tonari,"옆자리는 누구? : 꿀잼 논리 퍼즐 퀴즈게임"
06:00,147,water.sort.puzzle.game.color.sorting.free,"물 분류 퍼즐 게임 - 재미있는 색상 분류 퍼즐 게임"
06:00,148,com.tocaboca.tocalifeworld,"Toca Boca World"
06:00,149,com.NHNEnt.NDuelgo,"한게임 신맞고 : 대한민국 원조 고스톱"
06:00,150,com.lucky.arrow.out.path,"Lucky Arrow Out"
06:00,151,com.hungrystudio.mahjong,"Double Tile!"
06:00,152,com.brain.logic.joygame,"Brain Puzzle 2: Logic Twist"
06:00,153,com.innersloth.spacemafia,"Among Us"
06:00,154,math.puzzle.games.crossmath.number.puzzles.free,"수학 퍼즐 게임 - 크로스매스"
06:00,155,com.infiniplay.merge.fashion.romance.story,"패션 병합（Merge Fashion）: 로맨스 스토리"
06:00,156,com.mjwygirls.kr,"각성소녀: 욕망의 여정"
06:00,157,com.hp.keyboard.obby.asmr.speed.run,"Keyboard Obby: ASMR Speed Run"
06:00,158,com.unicostudio.braintest,"브레인 테스트 (Brain Test): 까다로운 퍼즐"
06:00,159,com.rush.xtreme.sports,"러시: 익스트림 (RUSH: Xtreme)"
06:00,160,wool.match.color.sort.jam.puzzle,"털실 마스터"
06:00,161,com.fluffydrop.op.gp,"Fluffy Drop"
06:00,162,com.haegin.kbo,"2026 프로야구GO!"
06:00,163,com.mahjong.master.solitaire.match.puzzle,"마작 마스터: 데일리 매치"
06:00,164,com.tripledot.blockbash,"Woodoku Blast"
06:00,165,com.find.spot.photo.hunt.differences.free.hidden,"틀린그림찾기: 즐거운 스포트잇 퍼즐"
06:00,166,com.hmbl.perfect.makeover.cleaning.asmr,"Perfect Makeover Cleaning ASMR"
06:00,167,com.gamovation.tileclub,"타일 클럽 - 매칭 게임"
06:00,168,com.wireless.defenseland,"레이드 러시: 타워 디펜스"
06:00,169,com.seeplay.catjump,"캣점프"
06:00,170,com.os.airforce,"1945 공군: 레트로 오락실 슈팅 게임"
06:00,171,com.NHNEnt.MSudda,"한게임 섯다&맞고"
06:00,172,com.red.sortingstore.android,"Water Match® - ASMR Water Sort"
06:00,173,com.JindoBlu.OfflineGames,"데이터 필요없는 게임 - 와이파이 필요없는 게임"
06:00,174,ball.sort.puzzle.color.sorting.bubble.games,"볼 정렬 퍼즐 게임 - 재미있는 색상 정렬 게임"
06:00,175,com.kiloo.subwaysurf,"Subway Surfers"
06:00,176,com.cool.adult.tile.mahjongcrush,"마작 크러시​"
06:00,177,com.wemade.golfsc,"골프 슈퍼 크루 : 실시간 골프 게임"
06:00,178,com.nhnent.pokerclassic,"한게임포커 클래식 : 7포커 홀덤 섯다 훌라 슬롯"
06:00,179,com.abi.colony.flow,"Colony Flow"
06:00,180,com.korea.hsbbkr.google,"도깨비 소녀와 함께"
06:00,181,com.devsisters.ck,"쿠키런: 킹덤"
06:00,182,com.hwqgrhhjfd.idlefastfood,"Eatventure"
06:00,183,com.easybrain.sudoku.android,"스도쿠 - 두뇌 훈련용 퍼즐 게임"
06:00,184,com.abi.dream.unpacking,"Dreamy Room - 꿈의 방"
06:00,185,io.supercent.pizzaidle,"피자 레디 (Pizza Ready)"
06:00,186,com.merge.cooking.theme.restaurant.food,"머지 쿠킹 테마 레스토랑"
06:00,187,com.ares.twd,"The Walking Dead: Aftermath"
06:00,188,com.whalejoy.horrorstory.gp,"헌티드 머지: 괴담"
06:00,189,com.spheresort.yhk,"로맨틱 스피어 볼 분류"
06:00,190,com.nhnent.Qpoker,"한게임 포커"
06:00,191,com.mojang.minecrafttrialpe,"Minecraft 체험판"
06:00,192,com.bhk.newslgkr,"삼국지: 천하결전"
06:00,193,com.xd.xdtglobal.gp,"두근두근타운"
06:00,194,com.media720.games2020,"와이파이 필요없는 게임 - 오프라인 게임 100+"
06:00,195,com.brbp.brain.crush.xmcp,"Brain Crush: Blush Puzzle"
06:00,196,com.riotgames.mobile.leagueconnect,"라이엇 모바일"
06:00,197,com.greenmushroom.boomblitz.gp,"탑 히어로즈"
06:00,198,com.tfv.block.line.fill.puzzle,"단일 선 블록 채우기 퍼즐"
06:00,199,jp.co.goodroid.hyper.puzzle.arrows3dcubepuzzle,"CubeAway - 3DPuzzle"
06:00,200,app.gajami.keycap,"딸깍 - 키캡게임"
06:30,1,com.EightStudio.BlightWar,"블라이트 워 : 방치형 RPG"
06:30,2,com.devsisters.cc,"쿠키런 키우기 - 쿠키런: 크럼블"
06:30,3,com.orienjoy.heroland.kr,"히어로 랜드M"
06:30,4,com.noriworks.gm,"고스톱M : 데이터 필요없는 맞고 게임"
06:30,5,com.mocacorp.tile,"타일 킹 - 트리플 매치"
06:30,6,com.mocacorp.sudoku,"스도쿠"
06:30,7,com.mergegames.gossipharbor,"가십하버: 합성 & 스토리 게임"
06:30,8,com.plaium.tmm,"티니핑 매직 매치"
06:30,9,com.rxjhglkr.gp,"열혈강호: 넥스트"
06:30,10,com.grandgames.magicsort,"매직 정렬!  (Magic Sort !)"
06:30,11,com.block.juggle,"블록 블라스트 (Block Blast)"
06:30,12,com.redveilone.vardian,"바르디안 : 피의 맹세"
06:30,13,com.ratinghope.gplay,"타이탄 러쉬: 서바이벌"
06:30,14,com.hkqs.jszx.google,"부족 또 전쟁 : 무한루프 RPG"
06:30,15,com.fowgames.kingdom2,"킹덤2: 타오르는 전장"
06:30,16,com.netease.dunkcdjp,"NBA 덩크 시티"
06:30,17,com.run.tower.defense,"킹샷:Kingshot"
06:30,18,com.roblox.client,"로블록스 (Roblox)"
06:30,19,com.nebula.mahjongtile,"마작 블래스트 (Mahjong Blast)"
06:30,20,com.ryonggame.soulhunteridle,"소울 헌터 키우기 : 방치형 RPG"
06:30,21,com.noriworks.kg,"국민 고스톱"
06:30,22,com.ecffri.arrows,"애로우즈 – 퍼즐 이스케이프 (Arrows)"
06:30,23,com.mobirix.ldwm,"수박 만들기 2048"
06:30,24,com.cyphergames.royalsmash,"Royal Smash! - Physics Puzzle"
06:30,25,com.dreamgames.royalmatch,"로얄 매치 Royal Match"
06:30,26,com.Chodun.CatGunner,"총잡이 고양이 : 방치형 키우기 RPG"
06:30,27,com.warrior.screw.gp,"나사 풀기 대작전"
06:30,28,com.puzzlegames.puzzlebrickslegend,"컬러블록: 콤보 블라스트(Color Block)"
06:30,29,tokyo.chickenskin.imikowa,"의미심장 스토리"
06:30,30,com.highbrow.games.dvo,"드래곤빌리지3"
06:30,31,com.lighthouse.freeplay.kr,"라스트 라이트: 디펜스"
06:30,32,com.leap.searchit,"Search It – 숨은그림찾기"
06:30,33,jp.co.goodroid.hyper.busflow,"Bus Traffic Fever!"
06:30,34,com.wood.block.sudoku.puzzle.bm,"Block Crush: 블록블라스트 퍼즐"
06:30,35,com.oakever.arrows,"Amaze GO! - 화살표 퍼즐"
06:30,36,color.number.paint.pixle.art.sort.jigsaw,"Jewel Coloring"
06:30,37,com.nianticlabs.pokemongo,"Pokémon GO"
06:30,38,com.hollywood.merge,"할리우드 머지"
06:30,39,com.dreamgames.royalkingdom,"로얄 킹덤 (Royal Kingdom)"
06:30,40,com.fatmerge.global,"테이스티 트레블: 합성 게임"
06:30,41,com.xman.kr.gp,"X 클래시"
06:30,42,com.kayac.slow_mo_strike,"Slow Mo Strike: Knives in Time"
06:30,43,com.merge.game.foodstars,"푸드스타: 합쳐서 요리하기"
06:30,44,com.pockethaven.roguelegend,"로그 레전드: 로그라이크 RPG"
06:30,45,com.oakever.meowdoku,"Meowdoku: 두뇌 퍼즐 게임"
06:30,46,com.gof.global,"WOS: 화이트아웃 서바이벌"
06:30,47,com.nexon.he,"히간: 이루실"
06:30,48,com.vitastudio.mahjong,"비타 마작(Vita Mahjong)"
06:30,49,com.unept.leveldevil,"Level Devil - NOT A Troll Game"
06:30,50,beats.color.sing.star.rush,"피아노타일9: 리듬게임 음악·노래·음악·케이팝"
06:30,51,com.phs.global,"라스트 어사일럼: 페스트"
06:30,52,com.nexon.ma,"메이플 키우기"
06:30,53,com.youmusic.magictiles,"매직 타일 3: 피아노 게임 케이팝 노래"
06:30,54,com.combo.yarnflow,"Yarn Loop"
06:30,55,word.games.puzzle.offline.games,"낱말퀴즈-단어&단어게임&두뇌 훈련&현실적인 게임"
06:30,56,com.epicoro.castleclashers,"Castle Busters"
06:30,57,com.brain.crazy.joygame,"Brain Puzzle 3: Crazy Mind"
06:30,58,com.readygo.barrel.gp,"라스트 Z: 서바이벌 슈터"
06:30,59,jp.pokemon.pokemonchampions,"Pokémon Champions"
06:30,60,io.voodoo.paper2,"Paper.io 2"
06:30,61,com.pocket.sort.coin.puzzle.game,"포켓 정렬 (Pocket Sort): 동전 병합 퍼즐"
06:30,62,com.whoyaho.tanghulu,"탕후루의 달인 - 두쫀쿠, 급식, 배달 먹방 ASMR"
06:30,63,com.pocketchamps.game,"포켓 챔프: 3D 레이싱 게임"
06:30,64,com.Chillgaming.oneState,"OneState RP: 온라인 롤플레잉"
06:30,65,game.qualiarts.hololive.dreams.com,"hololive Dreams"
06:30,66,com.mergecoin.cotune.tuneco,"Coin Merge Fortune"
06:30,67,com.gravity.romkrzeny.aos,"라그나로크M: Classic"
06:30,68,jigsolitaire.jigsort.jigsaw.solitaire.puzzle,"Jigsort™ 퍼즐: 혼자 즐기는 재미"
06:30,69,io.voodoo.holeio,"Hole.io"
06:30,70,com.nexon.fmk,"FC 모바일"
06:30,71,io.supercent.weaponrpg,"XP Hero (XP 히어로)"
06:30,72,io.supercent.linkedcubic,"스네이크 클래시 (Snake Clash)"
06:30,73,com.supercell.brawlstars,"브롤스타즈"
06:30,74,com.fatr.global,"호텔 레거시: 합성&리모델링"
06:30,75,com.playrix.township,"꿈의 마을 (Township)"
06:30,76,com.klab.heroaca.united.survival,"MHA: UNITED SURVIVAL"
06:30,77,com.mz.fzcqkr,"전사들과 모험"
06:30,78,com.zyyad.mihuan,"조운과 아두"
06:30,79,com.gtsy.annoying.punch.game,"Annoying Uncle - 펀칭 게임"
06:30,80,com.chirpysort.game.android,"Chirpy Sort: Bird Color Puzzle"
06:30,81,easy.sudoku.puzzle.solver.free,"스도쿠 - 클래식 스도쿠 퍼즐"
06:30,82,com.ekkorr.ef2,"오늘도 환생 2 : 방치형 디펜스 RPG"
06:30,83,com.robtopx.geometryjumplite,"Geometry Dash Lite"
06:30,84,com.s01.global,"로드러쉬"
06:30,85,jp.co.ponos.battlecatskr,"냥코 대전쟁"
06:30,86,com.percent.aos.luckydefense,"운빨존많겜"
06:30,87,com.familygo.simgame,"Family Go! - 대를 잇는 인생 시뮬레이션"
06:30,88,com.funplus.ts.global,"타일 서바이벌"
06:30,89,com.gamedots.seasideescape,"씨사이드 익스케이프: 합성 & 스토리 게임"
06:30,90,com.bravestars.savethedog.drawgame,"Save The Pets"
06:30,91,com.cedargames.mysterytown,"미스터리 타운: 합성 게임 (Mystery Town)"
06:30,92,relaxing.games.sort.jam.free,"Sort Jam"
06:30,93,com.king.candycrushsaga,"캔디크러쉬사가 (Candy Crush Saga)"
06:30,94,com.bunbunstudio.magicblocktiles,"음악 피아노 7:  음악게임 & 피아노게임"
06:30,95,sorting.games.goods.sort.triple.match3d.puzzle.stuff,"상품 분류 게임: 3D 퍼즐"
06:30,96,com.nflystudio.InfiniteStaircase,"무한의 계단"
06:30,97,com.sled.surfers.game,"Sled Surfers  - 슬로프 어드벤처"
06:30,98,com.teaegg.puzzle.master,"미스터 에그 대탐험"
06:30,99,com.vincentb.MobControl,"Mob Control"
06:30,100,com.gamespark.topking.gp,"탑 로드"
06:30,101,pics.karaage.sokutaiho,"순찰중! 바로 체포!"
06:30,102,com.soccer.score.star,"사커 슈퍼스타 (Soccer Superstar)"
06:30,103,block.color.game.jam.blocks.sort.puzzle.games.slide.free,"블록 컬러 매니아"
06:30,104,com.superbox.aos.suikagame,"멜론 메이커 : 과일 파티"
06:30,105,find.difference.spot.differences.hidden.puzzle.games.free,"차이점 - 찾기 & 발견하기"
06:30,106,com.fungames.blockcraft,"블록 크래프트 3D(Block Craft): 건설 게임"
06:30,107,com.furrjam.traffic.jamgame,"FurrJam:Hop In!"
06:30,108,com.percent.aos.cooptd,"협타디: 협동 타워 디펜스"
06:30,109,com.oakever.tiletrip,"Tile Explorer - 트리플 매치"
06:30,110,net.peakgames.match,"매치 팩토리(Match Factory)!"
06:30,111,com.Gaggle.fun.GooseGooseDuck,"Goose Goose Duck"
06:30,112,com.nebula.tiles,"탭 타일 (Tap Tile)"
06:30,113,com.bandainamcoent.dgup_ww,"디지몬 UP"
06:30,114,com.devolverdigital.ballxpit,"BALL x PIT"
06:30,115,com.easybrain.brainy.joygame,"Puzzle Time: Brainy Challenge"
06:30,116,com.pubg.krmobile,"배틀그라운드"
06:30,117,com.nexon.nsc.maplem,"메이플스토리M"
06:30,118,jp.pokemon.pokemontcgp,"포켓몬 카드 게임 Pocket"
06:30,119,com.yoyogames.love.makeover.dressup.dating.crush.game,"Love Makeover: 패션 스타일링"
06:30,120,jigsaw.solitaire.match.games.free,"지그소 드롭: 솔리테어 퍼즐"
06:30,121,wool.match.color.sort.jam.puzzle,"털실 마스터"
06:30,122,com.NHNEnt.NDuelgo,"한게임 신맞고 : 대한민국 원조 고스톱"
06:30,123,com.fluffydrop.op.gp,"Fluffy Drop"
06:30,124,com.find.spot.photo.hunt.differences.free.hidden,"틀린그림찾기: 즐거운 스포트잇 퍼즐"
06:30,125,com.unicostudio.braintest,"브레인 테스트 (Brain Test): 까다로운 퍼즐"
06:30,126,com.brain.logic.joygame,"Brain Puzzle 2: Logic Twist"
06:30,127,pics.karaage.damekoico,"나쁜 사랑 - 다크한 남친 컬렉션"
06:30,128,com.rummikubfree,"Rummikub"
06:30,129,com.wildcaly.chbaseball.jkt,"MLB 클러치 히트 베이스볼 26"
06:30,130,com.ig.screwdom,"Screwdom 3D"
06:30,131,net.gameduo.gv,"캣 히어로 : 방치형 RPG"
06:30,132,game.bubble.physics.world,"3D Bubble Shoot - ASMR Game"
06:30,133,hidden.object.find.seek.search.mystery.puzzle.games.free,"숨은그림찾기 게임: Seek It"
06:30,134,com.hmbl.perfect.makeover.cleaning.asmr,"Perfect Makeover Cleaning ASMR"
06:30,135,com.igg.android.doomsdaylastsurvivors,"둠스데이: 영웅의 여정"
06:30,136,com.tripledot.blockbash,"Woodoku Blast"
06:30,137,com.wemade.golfsc,"골프 슈퍼 크루 : 실시간 골프 게임"
06:30,138,com.NHNEnt.MSudda,"한게임 섯다&맞고"
06:30,139,com.whoyaho.pendeco,"볼꾸의 달인 - 볼펜 꾸미기 ASMR 비즈 만들기"
06:30,140,com.hp.keyboard.obby.asmr.speed.run,"Keyboard Obby: ASMR Speed Run"
06:30,141,com.nexters.herowars,"Hero Wars: Alliance RPG 게임"
06:30,142,com.superplanet.odyssey,"던전 견문록"
06:30,143,com.danceofplantsms.android.kor,"플랜티스와 좀비깡패"
06:30,144,com.netmarble.stonkey,"스톤에이지 키우기"
06:30,145,com.hypgames.sniperbattle,"Sniper Battle: 3D 전장 슈팅"
06:30,146,com.JindoBlu.TwoPlayerGamesChallenge,"2인용 게임: 도전"
06:30,147,com.arrow.out,"Point Out: Color Escape Puzzle"
06:30,148,com.luwasowica.lwssort,"럭키 워터 소트: 현금 획득"
06:30,149,arrow.cube.escape3d,"Arrow Pro 3D"
06:30,150,com.tap.away.arrows.logic.puzzle.brain.game,"Arrows World"
06:30,151,com.pixel.art.coloring.color.number,"Happy Color® – 컬러링북, 숫자 색칠 게임"
06:30,152,com.cola.game,"핫레스토랑: 머지&쿠킹"
06:30,153,water.sort.color.puzzle.master,"Water Sort: Color Sorting 3D"
06:30,154,com.hitappsgames.wordsolitaire,"단어 솔리테어: 카드 퍼즐게임"
06:30,155,com.dream.tiles.puzzlelink,"Dream Tiles: Puzzle Link​"
06:30,156,com.devsisters.ck,"쿠키런: 킹덤"
06:30,157,com.whalejoy.horrorstory.gp,"헌티드 머지: 괴담"
06:30,158,com.hwqgrhhjfd.idlefastfood,"Eatventure"
06:30,159,piggy.escape.jam.farm.puzzle.game,"Piggy Escape: 동물주차게임"
06:30,160,com.merge.cooking.theme.restaurant.food,"머지 쿠킹 테마 레스토랑"
06:30,161,com.metagame.annoying.trick.brainypuzzle,"Brainy Escape Quest"
06:30,162,com.fty.tonari,"옆자리는 누구? : 꿀잼 논리 퍼즐 퀴즈게임"
06:30,163,com.ares.twd,"The Walking Dead: Aftermath"
06:30,164,water.sort.puzzle.game.color.sorting.free,"물 분류 퍼즐 게임 - 재미있는 색상 분류 퍼즐 게임"
06:30,165,com.easybrain.sudoku.android,"스도쿠 - 두뇌 훈련용 퍼즐 게임"
06:30,166,com.tocaboca.tocalifeworld,"Toca Boca World"
06:30,167,com.lucky.arrow.out.path,"Lucky Arrow Out"
06:30,168,com.hungrystudio.mahjong,"Double Tile!"
06:30,169,com.innersloth.spacemafia,"Among Us"
06:30,170,math.puzzle.games.crossmath.number.puzzles.free,"수학 퍼즐 게임 - 크로스매스"
06:30,171,com.infiniplay.merge.fashion.romance.story,"패션 병합（Merge Fashion）: 로맨스 스토리"
06:30,172,com.mjwygirls.kr,"각성소녀: 욕망의 여정"
06:30,173,com.greenmushroom.boomblitz.gp,"탑 히어로즈"
06:30,174,com.rush.xtreme.sports,"러시: 익스트림 (RUSH: Xtreme)"
06:30,175,com.jsjskr.google,"토이 삼국"
06:30,176,com.haegin.kbo,"2026 프로야구GO!"
06:30,177,com.mahjong.master.solitaire.match.puzzle,"마작 마스터: 데일리 매치"
06:30,178,com.fiveminlab.overgeared.hero.backpack.merge,"템빨용사: 픽셀 아이템 머지 RPG"
06:30,179,com.gamovation.tileclub,"타일 클럽 - 매칭 게임"
06:30,180,com.wireless.defenseland,"레이드 러시: 타워 디펜스"
06:30,181,com.seeplay.catjump,"캣점프"
06:30,182,com.os.airforce,"1945 공군: 레트로 오락실 슈팅 게임"
06:30,183,com.red.sortingstore.android,"Water Match® - ASMR Water Sort"
06:30,184,com.JindoBlu.OfflineGames,"데이터 필요없는 게임 - 와이파이 필요없는 게임"
06:30,185,com.outfit7.talkingtomgoldrun,"토킹톰 골드런"
06:30,186,ball.sort.puzzle.color.sorting.bubble.games,"볼 정렬 퍼즐 게임 - 재미있는 색상 정렬 게임"
06:30,187,com.kiloo.subwaysurf,"Subway Surfers"
06:30,188,com.cool.adult.tile.mahjongcrush,"마작 크러시​"
06:30,189,com.vigafun.funfinity.foodhunt,"Food Hunt: Pixel Puzzle"
06:30,190,com.hdfzxrpg.googlelb,"해적 키우기-방치형 RPG"
06:30,191,com.Speed.Keyboard.Parkour.Escape,"Keyboard Escape: Speed Parkour"
06:30,192,com.nhnent.pokerclassic,"한게임포커 클래식 : 7포커 홀덤 섯다 훌라 슬롯"
06:30,193,com.abi.colony.flow,"Colony Flow"
06:30,194,com.korea.hsbbkr.google,"도깨비 소녀와 함께"
06:30,195,com.abi.dream.unpacking,"Dreamy Room - 꿈의 방"
06:30,196,io.supercent.pizzaidle,"피자 레디 (Pizza Ready)"
06:30,197,com.wood.bolt.wordle.screw.nuts.puzzle,"1 하트 윌 우들 스크류 온"
06:30,198,com.roomperfect.global,"Family Farm Merge"
06:30,199,net.happywit.screw.out.jam,"Screw Out 3D"
06:30,200,com.spheresort.yhk,"로맨틱 스피어 볼 분류"
