time,rank,id,title
01:30,1,989673964,"王者荣耀"
01:30,2,1321803705,"和平精英"
01:30,3,1642894547,"三角洲行动"
01:30,4,6478492012,"无尽冬日"
01:30,5,6535673811,"无畏契约：源能行动"
01:30,6,791532221,"开心消消乐"
01:30,7,940547441,"梦幻西游"
01:30,8,1544884479,"蛋仔派对"
01:30,9,1042545880,"穿越火线-枪战王者"
01:30,10,1525863146,"捕鱼大作战-街机打鱼游戏王者"
01:30,11,6544797261,"超自然行动组-鬼吹灯联动"
01:30,12,955396648,"火影忍者"
01:30,13,6474293468,"向僵尸开炮-尸潮来袭"
01:30,14,1305599559,"FC足球世界-杯赛"
01:30,15,1478101301,"金铲铲之战"
01:30,16,1455054000,"英雄联盟手游"
01:30,17,1505445106,"暗区突围"
01:30,18,446324234,"腾讯欢乐斗地主"
01:30,19,6752632961,"时尚百货城"
01:30,20,483330461,"英雄杀"
01:30,21,1529851592,"地下城与勇士：起源"
01:30,22,891616303,"指尖四川麻将"
01:30,23,6748527570,"奔奔王国"
01:30,24,1219233424,"QQ炫舞"
01:30,25,1474572440,"三国志·战略版"
01:30,26,1561105019,"捕鱼大咖-畅爽3D街机捕鱼游戏"
01:30,27,909211092,"率土之滨"
01:30,28,1532699610,"最佳球会-2026足坛盛典版本"
01:30,29,820847275,"多乐够级"
01:30,30,1570790378,"途游休闲捕鱼-百万倍街机王者大作战"
01:30,31,6746321359,"我的花园世界"
01:30,32,6753859465,"明日方舟：终末地"
01:30,33,1595603316,"部落冲突（Clash of Clans）"
01:30,34,1235504705,"QQ飞车"
01:30,35,1347776121,"实况足球"
01:30,36,1454663939,"明日方舟"
01:30,37,1665337957,"鱼乐达人-王者捕鱼电玩街机打鱼游戏"
01:30,38,6502348074,"永远的蔚蓝星球-周杰伦代言"
01:30,39,1501314785,"途游斗地主（比赛版）"
01:30,40,1570403558,"梦幻花园 - Gardenscapes"
01:30,41,1541570980,"逆水寒"
01:30,42,6503432459,"三国：冰河时代"
01:30,43,6466232155,"三国：谋定天下"
01:30,44,1330863325,"第五人格"
01:30,45,1467190251,"原神·空月之歌"
01:30,46,6475668638,"燕云十六声"
01:30,47,6444670359,"大话西游：归来"
01:30,48,6757172630,"疯狂水世界"
01:30,49,1108397779,"命运-冠位指定（Fate/Grand Order）"
01:30,50,6711336814,"美职篮全明星"
01:30,51,1450136725,"竞技联盟德州扑克"
01:30,52,472885640,"JJ斗地主-专业棋牌合集"
01:30,53,6478654994,"洛克王国：世界"
01:30,54,1439754823,"光与夜之恋"
01:30,55,1389650592,"三国杀：一将成名"
01:30,56,407413403,"三国杀"
01:30,57,1606359076,"绝区零 - 周年庆"
01:30,58,1595603720,"部落冲突：皇室战争（CR）"
01:30,59,1033387365,"倩女幽魂"
01:30,60,1489278985,"乐乐捕鱼-经典高爆真人打鱼游戏"
01:30,61,1031897589,"问道"
01:30,62,1488410151,"使命召唤手游"
01:30,63,1258524226,"恋与制作人"
01:30,64,1562260653,"无期迷途"
01:30,65,6755095931,"宗师之上"
01:30,66,895670960,"阴阳师"
01:30,67,1344733855,"光·遇"
01:30,68,1355684731,"实况:王者集结"
01:30,69,1523037824,"崩坏：星穹铁道"
01:30,70,6473333072,"杖剑传说"
01:30,71,1015364140,"大话西游"
01:30,72,1455833480,"闪耀暖暖-送100抽"
01:30,73,6498993861,"美职篮巅峰对决"
01:30,74,6737974680,"保卫向日葵"
01:30,75,689180123,"欢乐麻将"
01:30,76,1570403223,"梦幻家园 - Homescapes"
01:30,77,6758614459,"肥鹅美食街"
01:30,78,654897098,"天天爱消除"
01:30,79,1243986797,"我的世界：移动版"
01:30,80,1520143280,"新仙魔九界"
01:30,81,841140063,"炉石传说"
01:30,82,1187917222,"三国战纪：风云再起"
01:30,83,1618911882,"恋与深空"
01:30,84,6472696051,"浪漫餐厅™-Gossip Harbor"
01:30,85,6768201255,"我要当老祖"
01:30,86,1570194962,"王牌竞速-车姬"
01:30,87,6502749617,"失控进化"
01:30,88,1579028465,"肥鹅健身房"
01:30,89,1132257692,"天龙八部手游"
01:30,90,6771697396,"镇邪人"
01:30,91,6755943637,"遗忘之海-海绵宝宝联动"
01:30,92,1634177358,"海岛奇兵 (Boom Beach)"
01:30,93,6705128304,"电玩捕鱼-经典街机捕鱼高爆版"
01:30,94,983122251,"魂斗罗:归来"
01:30,95,1504236603,"荒野乱斗"
01:30,96,6450693428,"鸣潮 - 前往玄方地界"
01:30,97,6444558869,"原始征途-2026全新版本"
01:30,98,6449214722,"次神：光之觉醒-动作冒险休闲闯关游戏"
01:30,99,1498874997,"巅峰极速-三周年庆"
01:30,100,6758141617,"斗破苍穹：斗帝之路"
01:30,101,1561903786,"心动小镇"
01:30,102,1435567000,"明日之后"
01:30,103,1086842482,"新剑侠情缘"
01:30,104,6749257024,"仙界大掌门"
01:30,105,996509117,"球球大作战-送先知皮肤"
01:30,106,6474127167,"世界之外"
01:30,107,1632344522,"元梦之星-上岛玩"
01:30,108,6740135856,"龙之谷世界-官方正版手游"
01:30,109,1611712418,"重返未来：1999-原子之心联动版本"
01:30,110,6758778913,"云·终末地"
01:30,111,6740508579,"英雄没有闪"
01:30,112,1579028199,"咸鱼之王"
01:30,113,1492415639,"指尖捕鱼-全民欢乐真人游戏"
01:30,114,1555236168,"长安幻想"
01:30,115,793077082,"小冰冰传奇-官方怀旧服"
01:30,116,1501671346,"一念逍遥·血修"
01:30,117,1558453472,"斗罗大陆:魂师对决"
01:30,118,1020071295,"忍者必须死3"
01:30,119,1061051095,"御龙在天手游"
01:30,120,1552333447,"以闪亮之名"
01:30,121,1020109860,"皇家捕鱼电玩城-棋牌,轮盘,捕鱼,扑克游戏"
01:30,122,897447840,"宾果消消消"
01:30,123,6740756173,"鹅鸭杀"
01:30,124,6739202341,"天堂2：盟约"
01:30,125,1612426573,"梦想城镇 - Township"
01:30,126,672093597,"造梦西游OL"
01:30,127,6764530302,"斗罗大陆：传承"
01:30,128,6740021287,"假日乐消消"
01:30,129,639516529,"植物大战僵尸2-搜打撤玩法上线"
01:30,130,1582427876,"桃源深处有人家"
01:30,131,6503421200,"云·绝区零 - 周年庆"
01:30,132,6479343684,"捕鱼达人千炮版-高倍高爆波克捕鱼王者"
01:30,133,6479410659,"龙族：卡塞尔之门"
01:30,134,6526484451,"如鸢"
01:30,135,6504324535,"时光杂货店"
01:30,136,6479516692,"云・燕云十六声"
01:30,137,6760751517,"咻咻勇者"
01:30,138,1632570713,"乐鸿捕鱼-3D全民鸿运街机欢乐捕鱼高爆版"
01:30,139,1404192329,"完美世界"
01:30,140,1234954076,"红警OL"
01:30,141,1449701587,"星际猎人-无尽的拉格朗日全面焕新"
01:30,142,6754126909,"时空猎人·觉醒"
01:30,143,6746738620,"一路狂飙"
01:30,144,1123876959,"保卫萝卜4"
01:30,145,1528917194,"火炬之光：无限"
01:30,146,6760402564,"占城大师 - 策略塔防 攻城掠地模拟器"
01:30,147,1209898544,"途游捕鱼-3D次时代千炮捕鱼"
01:30,148,6751826673,"向往的生活官方游戏"
01:30,149,6670240557,"仙遇"
01:30,150,6748513887,"梦幻消除战"
01:30,151,1089795423,"一梦江湖"
01:30,152,6450645450,"寻道大千-小妖砍树能修仙"
01:30,153,1467163363,"时空中的绘旅人"
01:30,154,1090828242,"圣斗士星矢-官方正版(腾讯)"
01:30,155,6738110833,"灵兽大冒险"
01:30,156,6468249909,"四季合合"
01:30,157,958022253,"奇迹暖暖"
01:30,158,1232104244,"乱世王者"
01:30,159,1498402704,"江南百景图"
01:30,160,1628270358,"弹壳特攻队"
01:30,161,1434377838,"狂野飙车9：竞速传奇"
01:30,162,6760686111,"心跳陷落"
01:30,163,967741086,"拳皇98终极之战OL-SNK官方正版授权"
01:30,164,6502622479,"无限暖暖"
01:30,165,6484164228,"潮汐守望者"
01:30,166,792562062,"天天炫斗"
01:30,167,1519945981,"万国觉醒"
01:30,168,1438842875,"跑跑卡丁车官方竞速版"
01:30,169,6776597686,"解忧梦幻岛"
01:30,170,6752448507,"乱涂彩世界"
01:30,171,1563187313,"海王捕鱼-官方版"
01:30,172,1593603378,"全明星街球派对 - NBA正版授权"
01:30,173,6447610302,"冒险岛：枫之传说"
01:30,174,6478398975,"云·鸣潮 - 前往玄方地界"
01:30,175,1669193324,"我的休闲时光"
01:30,176,6744015465,"热血江湖：觉醒"
01:30,177,6784163008,"俱乐大玩家"
01:30,178,1066697625,"龙珠激斗"
01:30,179,6468993345,"最强祖师"
01:30,180,1426313974,"哈灵麻将-本地休闲棋牌"
01:30,181,1326730621,"香肠派对"
01:30,182,6466388376,"剑与远征：启程"
01:30,183,6748045272,"向末日开炮"
01:30,184,1559181149,"晶核"
01:30,185,1645516720,"逆战：未来"
01:30,186,1580500427,"永劫无间"
01:30,187,1088753863,"诛仙-全新职业青罗"
01:30,188,6756337465,"夜幕之下"
01:30,189,1180004118,"最强美职篮"
01:30,190,1503642891,"富豪麻将"
01:30,191,1464410482,"浙江游戏大厅"
01:30,192,6753060186,"三国：天下归心"
01:30,193,6503993560,"问剑长生·邪修"
01:30,194,1477923015,"捕鱼炸翻天-火爆重制版"
01:30,195,1448089228,"掼蛋-惯蛋棋牌休闲游戏平台"
01:30,196,6449218635,"机甲战队-War Robots"
01:30,197,6467825646,"胜利女神：新的希望"
01:30,198,1369855098,"火影忍者：忍者新世代"
01:30,199,1670032934,"云・逆水寒"
01:30,200,6514281568,"异环"
02:30,1,989673964,"王者荣耀"
02:30,2,1321803705,"和平精英"
02:30,3,1642894547,"三角洲行动"
02:30,4,6478492012,"无尽冬日"
02:30,5,6535673811,"无畏契约：源能行动"
02:30,6,791532221,"开心消消乐"
02:30,7,940547441,"梦幻西游"
02:30,8,1544884479,"蛋仔派对"
02:30,9,1042545880,"穿越火线-枪战王者"
02:30,10,1525863146,"捕鱼大作战-街机打鱼游戏王者"
02:30,11,6544797261,"超自然行动组-鬼吹灯联动"
02:30,12,955396648,"火影忍者"
02:30,13,6474293468,"向僵尸开炮-尸潮来袭"
02:30,14,1305599559,"FC足球世界-杯赛"
02:30,15,1478101301,"金铲铲之战"
02:30,16,1455054000,"英雄联盟手游"
02:30,17,1505445106,"暗区突围"
02:30,18,446324234,"腾讯欢乐斗地主"
02:30,19,6752632961,"时尚百货城"
02:30,20,483330461,"英雄杀"
02:30,21,1529851592,"地下城与勇士：起源"
02:30,22,891616303,"指尖四川麻将"
02:30,23,6748527570,"奔奔王国"
02:30,24,1219233424,"QQ炫舞"
02:30,25,1474572440,"三国志·战略版"
02:30,26,1561105019,"捕鱼大咖-畅爽3D街机捕鱼游戏"
02:30,27,909211092,"率土之滨"
02:30,28,1532699610,"最佳球会-2026足坛盛典版本"
02:30,29,820847275,"多乐够级"
02:30,30,1570790378,"途游休闲捕鱼-百万倍街机王者大作战"
02:30,31,6746321359,"我的花园世界"
02:30,32,6753859465,"明日方舟：终末地"
02:30,33,1595603316,"部落冲突（Clash of Clans）"
02:30,34,1235504705,"QQ飞车"
02:30,35,1347776121,"实况足球"
02:30,36,1454663939,"明日方舟"
02:30,37,1665337957,"鱼乐达人-王者捕鱼电玩街机打鱼游戏"
02:30,38,6502348074,"永远的蔚蓝星球-周杰伦代言"
02:30,39,1501314785,"途游斗地主（比赛版）"
02:30,40,1570403558,"梦幻花园 - Gardenscapes"
02:30,41,1541570980,"逆水寒"
02:30,42,6503432459,"三国：冰河时代"
02:30,43,6466232155,"三国：谋定天下"
02:30,44,1330863325,"第五人格"
02:30,45,1467190251,"原神·空月之歌"
02:30,46,6475668638,"燕云十六声"
02:30,47,6444670359,"大话西游：归来"
02:30,48,6757172630,"疯狂水世界"
02:30,49,1108397779,"命运-冠位指定（Fate/Grand Order）"
02:30,50,6711336814,"美职篮全明星"
02:30,51,1450136725,"竞技联盟德州扑克"
02:30,52,472885640,"JJ斗地主-专业棋牌合集"
02:30,53,6478654994,"洛克王国：世界"
02:30,54,1439754823,"光与夜之恋"
02:30,55,1389650592,"三国杀：一将成名"
02:30,56,407413403,"三国杀"
02:30,57,1606359076,"绝区零 - 周年庆"
02:30,58,1595603720,"部落冲突：皇室战争（CR）"
02:30,59,1033387365,"倩女幽魂"
02:30,60,1489278985,"乐乐捕鱼-经典高爆真人打鱼游戏"
02:30,61,1031897589,"问道"
02:30,62,1488410151,"使命召唤手游"
02:30,63,1258524226,"恋与制作人"
02:30,64,1562260653,"无期迷途"
02:30,65,6755095931,"宗师之上"
02:30,66,895670960,"阴阳师"
02:30,67,1344733855,"光·遇"
02:30,68,1355684731,"实况:王者集结"
02:30,69,1523037824,"崩坏：星穹铁道"
02:30,70,6473333072,"杖剑传说"
02:30,71,1015364140,"大话西游"
02:30,72,1455833480,"闪耀暖暖-送100抽"
02:30,73,6498993861,"美职篮巅峰对决"
02:30,74,6737974680,"保卫向日葵"
02:30,75,689180123,"欢乐麻将"
02:30,76,1570403223,"梦幻家园 - Homescapes"
02:30,77,6758614459,"肥鹅美食街"
02:30,78,654897098,"天天爱消除"
02:30,79,1243986797,"我的世界：移动版"
02:30,80,1520143280,"新仙魔九界"
02:30,81,841140063,"炉石传说"
02:30,82,1187917222,"三国战纪：风云再起"
02:30,83,1618911882,"恋与深空"
02:30,84,6472696051,"浪漫餐厅™-Gossip Harbor"
02:30,85,6768201255,"我要当老祖"
02:30,86,1570194962,"王牌竞速-车姬"
02:30,87,6502749617,"失控进化"
02:30,88,1579028465,"肥鹅健身房"
02:30,89,1132257692,"天龙八部手游"
02:30,90,6771697396,"镇邪人"
02:30,91,6755943637,"遗忘之海-海绵宝宝联动"
02:30,92,1634177358,"海岛奇兵 (Boom Beach)"
02:30,93,6705128304,"电玩捕鱼-经典街机捕鱼高爆版"
02:30,94,983122251,"魂斗罗:归来"
02:30,95,1504236603,"荒野乱斗"
02:30,96,6450693428,"鸣潮 - 前往玄方地界"
02:30,97,6444558869,"原始征途-2026全新版本"
02:30,98,6449214722,"次神：光之觉醒-动作冒险休闲闯关游戏"
02:30,99,1498874997,"巅峰极速-三周年庆"
02:30,100,6758141617,"斗破苍穹：斗帝之路"
02:30,101,1561903786,"心动小镇"
02:30,102,1435567000,"明日之后"
02:30,103,1086842482,"新剑侠情缘"
02:30,104,6749257024,"仙界大掌门"
02:30,105,996509117,"球球大作战-送先知皮肤"
02:30,106,6474127167,"世界之外"
02:30,107,1632344522,"元梦之星-上岛玩"
02:30,108,6740135856,"龙之谷世界-官方正版手游"
02:30,109,1611712418,"重返未来：1999-原子之心联动版本"
02:30,110,6758778913,"云·终末地"
02:30,111,6740508579,"英雄没有闪"
02:30,112,1579028199,"咸鱼之王"
02:30,113,1492415639,"指尖捕鱼-全民欢乐真人游戏"
02:30,114,1555236168,"长安幻想"
02:30,115,793077082,"小冰冰传奇-官方怀旧服"
02:30,116,1501671346,"一念逍遥·血修"
02:30,117,1558453472,"斗罗大陆:魂师对决"
02:30,118,1020071295,"忍者必须死3"
02:30,119,1061051095,"御龙在天手游"
02:30,120,1552333447,"以闪亮之名"
02:30,121,1020109860,"皇家捕鱼电玩城-棋牌,轮盘,捕鱼,扑克游戏"
02:30,122,897447840,"宾果消消消"
02:30,123,6740756173,"鹅鸭杀"
02:30,124,6739202341,"天堂2：盟约"
02:30,125,1612426573,"梦想城镇 - Township"
02:30,126,672093597,"造梦西游OL"
02:30,127,6764530302,"斗罗大陆：传承"
02:30,128,6740021287,"假日乐消消"
02:30,129,639516529,"植物大战僵尸2-搜打撤玩法上线"
02:30,130,1582427876,"桃源深处有人家"
02:30,131,6503421200,"云·绝区零 - 周年庆"
02:30,132,6479343684,"捕鱼达人千炮版-高倍高爆波克捕鱼王者"
02:30,133,6479410659,"龙族：卡塞尔之门"
02:30,134,6526484451,"如鸢"
02:30,135,6504324535,"时光杂货店"
02:30,136,6479516692,"云・燕云十六声"
02:30,137,6760751517,"咻咻勇者"
02:30,138,1632570713,"乐鸿捕鱼-3D全民鸿运街机欢乐捕鱼高爆版"
02:30,139,1404192329,"完美世界"
02:30,140,1234954076,"红警OL"
02:30,141,1449701587,"星际猎人-无尽的拉格朗日全面焕新"
02:30,142,6754126909,"时空猎人·觉醒"
02:30,143,6746738620,"一路狂飙"
02:30,144,1123876959,"保卫萝卜4"
02:30,145,1528917194,"火炬之光：无限"
02:30,146,6760402564,"占城大师 - 策略塔防 攻城掠地模拟器"
02:30,147,1209898544,"途游捕鱼-3D次时代千炮捕鱼"
02:30,148,6751826673,"向往的生活官方游戏"
02:30,149,6670240557,"仙遇"
02:30,150,6748513887,"梦幻消除战"
02:30,151,1089795423,"一梦江湖"
02:30,152,6450645450,"寻道大千-小妖砍树能修仙"
02:30,153,1467163363,"时空中的绘旅人"
02:30,154,1090828242,"圣斗士星矢-官方正版(腾讯)"
02:30,155,6738110833,"灵兽大冒险"
02:30,156,6468249909,"四季合合"
02:30,157,958022253,"奇迹暖暖"
02:30,158,1232104244,"乱世王者"
02:30,159,1498402704,"江南百景图"
02:30,160,1628270358,"弹壳特攻队"
02:30,161,1434377838,"狂野飙车9：竞速传奇"
02:30,162,6760686111,"心跳陷落"
02:30,163,967741086,"拳皇98终极之战OL-SNK官方正版授权"
02:30,164,6502622479,"无限暖暖"
02:30,165,6484164228,"潮汐守望者"
02:30,166,792562062,"天天炫斗"
02:30,167,1519945981,"万国觉醒"
02:30,168,1438842875,"跑跑卡丁车官方竞速版"
02:30,169,6776597686,"解忧梦幻岛"
02:30,170,6752448507,"乱涂彩世界"
02:30,171,1563187313,"海王捕鱼-官方版"
02:30,172,1593603378,"全明星街球派对 - NBA正版授权"
02:30,173,6447610302,"冒险岛：枫之传说"
02:30,174,6478398975,"云·鸣潮 - 前往玄方地界"
02:30,175,1669193324,"我的休闲时光"
02:30,176,6744015465,"热血江湖：觉醒"
02:30,177,6784163008,"俱乐大玩家"
02:30,178,1066697625,"龙珠激斗"
02:30,179,6468993345,"最强祖师"
02:30,180,1426313974,"哈灵麻将-本地休闲棋牌"
02:30,181,1326730621,"香肠派对"
02:30,182,6466388376,"剑与远征：启程"
02:30,183,6748045272,"向末日开炮"
02:30,184,1559181149,"晶核"
02:30,185,1645516720,"逆战：未来"
02:30,186,1580500427,"永劫无间"
02:30,187,1088753863,"诛仙-全新职业青罗"
02:30,188,6756337465,"夜幕之下"
02:30,189,1180004118,"最强美职篮"
02:30,190,1503642891,"富豪麻将"
02:30,191,1464410482,"浙江游戏大厅"
02:30,192,6753060186,"三国：天下归心"
02:30,193,6503993560,"问剑长生·邪修"
02:30,194,1477923015,"捕鱼炸翻天-火爆重制版"
02:30,195,1448089228,"掼蛋-惯蛋棋牌休闲游戏平台"
02:30,196,6449218635,"机甲战队-War Robots"
02:30,197,6467825646,"胜利女神：新的希望"
02:30,198,1369855098,"火影忍者：忍者新世代"
02:30,199,1670032934,"云・逆水寒"
02:30,200,6514281568,"异环"
03:30,1,989673964,"王者荣耀"
03:30,2,1321803705,"和平精英"
03:30,3,1642894547,"三角洲行动"
03:30,4,6478492012,"无尽冬日"
03:30,5,6535673811,"无畏契约：源能行动"
03:30,6,791532221,"开心消消乐"
03:30,7,940547441,"梦幻西游"
03:30,8,1544884479,"蛋仔派对"
03:30,9,1042545880,"穿越火线-枪战王者"
03:30,10,1525863146,"捕鱼大作战-街机打鱼游戏王者"
03:30,11,6544797261,"超自然行动组-鬼吹灯联动"
03:30,12,955396648,"火影忍者"
03:30,13,6474293468,"向僵尸开炮-尸潮来袭"
03:30,14,1305599559,"FC足球世界-杯赛"
03:30,15,1478101301,"金铲铲之战"
03:30,16,1455054000,"英雄联盟手游"
03:30,17,1505445106,"暗区突围"
03:30,18,446324234,"腾讯欢乐斗地主"
03:30,19,6752632961,"时尚百货城"
03:30,20,483330461,"英雄杀"
03:30,21,1529851592,"地下城与勇士：起源"
03:30,22,891616303,"指尖四川麻将"
03:30,23,6748527570,"奔奔王国"
03:30,24,1219233424,"QQ炫舞"
03:30,25,1474572440,"三国志·战略版"
03:30,26,1561105019,"捕鱼大咖-畅爽3D街机捕鱼游戏"
03:30,27,909211092,"率土之滨"
03:30,28,1532699610,"最佳球会-2026足坛盛典版本"
03:30,29,820847275,"多乐够级"
03:30,30,1570790378,"途游休闲捕鱼-百万倍街机王者大作战"
03:30,31,6746321359,"我的花园世界"
03:30,32,6753859465,"明日方舟：终末地"
03:30,33,1595603316,"部落冲突（Clash of Clans）"
03:30,34,1235504705,"QQ飞车"
03:30,35,1347776121,"实况足球"
03:30,36,1454663939,"明日方舟"
03:30,37,1665337957,"鱼乐达人-王者捕鱼电玩街机打鱼游戏"
03:30,38,6502348074,"永远的蔚蓝星球-周杰伦代言"
03:30,39,1501314785,"途游斗地主（比赛版）"
03:30,40,1570403558,"梦幻花园 - Gardenscapes"
03:30,41,1541570980,"逆水寒"
03:30,42,6503432459,"三国：冰河时代"
03:30,43,6466232155,"三国：谋定天下"
03:30,44,1330863325,"第五人格"
03:30,45,1467190251,"原神·空月之歌"
03:30,46,6475668638,"燕云十六声"
03:30,47,6444670359,"大话西游：归来"
03:30,48,6757172630,"疯狂水世界"
03:30,49,1108397779,"命运-冠位指定（Fate/Grand Order）"
03:30,50,6711336814,"美职篮全明星"
03:30,51,1450136725,"竞技联盟德州扑克"
03:30,52,472885640,"JJ斗地主-专业棋牌合集"
03:30,53,6478654994,"洛克王国：世界"
03:30,54,1439754823,"光与夜之恋"
03:30,55,1389650592,"三国杀：一将成名"
03:30,56,407413403,"三国杀"
03:30,57,1606359076,"绝区零 - 周年庆"
03:30,58,1595603720,"部落冲突：皇室战争（CR）"
03:30,59,1033387365,"倩女幽魂"
03:30,60,1489278985,"乐乐捕鱼-经典高爆真人打鱼游戏"
03:30,61,1031897589,"问道"
03:30,62,1488410151,"使命召唤手游"
03:30,63,1258524226,"恋与制作人"
03:30,64,1562260653,"无期迷途"
03:30,65,6755095931,"宗师之上"
03:30,66,895670960,"阴阳师"
03:30,67,1344733855,"光·遇"
03:30,68,1355684731,"实况:王者集结"
03:30,69,1523037824,"崩坏：星穹铁道"
03:30,70,6473333072,"杖剑传说"
03:30,71,1015364140,"大话西游"
03:30,72,1455833480,"闪耀暖暖-送100抽"
03:30,73,6498993861,"美职篮巅峰对决"
03:30,74,6737974680,"保卫向日葵"
03:30,75,689180123,"欢乐麻将"
03:30,76,1570403223,"梦幻家园 - Homescapes"
03:30,77,6758614459,"肥鹅美食街"
03:30,78,654897098,"天天爱消除"
03:30,79,1243986797,"我的世界：移动版"
03:30,80,1520143280,"新仙魔九界"
03:30,81,841140063,"炉石传说"
03:30,82,1187917222,"三国战纪：风云再起"
03:30,83,1618911882,"恋与深空"
03:30,84,6472696051,"浪漫餐厅™-Gossip Harbor"
03:30,85,6768201255,"我要当老祖"
03:30,86,1570194962,"王牌竞速-车姬"
03:30,87,6502749617,"失控进化"
03:30,88,1579028465,"肥鹅健身房"
03:30,89,1132257692,"天龙八部手游"
03:30,90,6771697396,"镇邪人"
03:30,91,6755943637,"遗忘之海-海绵宝宝联动"
03:30,92,1634177358,"海岛奇兵 (Boom Beach)"
03:30,93,6705128304,"电玩捕鱼-经典街机捕鱼高爆版"
03:30,94,983122251,"魂斗罗:归来"
03:30,95,1504236603,"荒野乱斗"
03:30,96,6450693428,"鸣潮 - 前往玄方地界"
03:30,97,6444558869,"原始征途-2026全新版本"
03:30,98,6449214722,"次神：光之觉醒-动作冒险休闲闯关游戏"
03:30,99,1498874997,"巅峰极速-三周年庆"
03:30,100,6758141617,"斗破苍穹：斗帝之路"
03:30,101,1561903786,"心动小镇"
03:30,102,1435567000,"明日之后"
03:30,103,1086842482,"新剑侠情缘"
03:30,104,6749257024,"仙界大掌门"
03:30,105,996509117,"球球大作战-送先知皮肤"
03:30,106,6474127167,"世界之外"
03:30,107,1632344522,"元梦之星-上岛玩"
03:30,108,6740135856,"龙之谷世界-官方正版手游"
03:30,109,1611712418,"重返未来：1999-原子之心联动版本"
03:30,110,6758778913,"云·终末地"
03:30,111,6740508579,"英雄没有闪"
03:30,112,1579028199,"咸鱼之王"
03:30,113,1492415639,"指尖捕鱼-全民欢乐真人游戏"
03:30,114,1555236168,"长安幻想"
03:30,115,793077082,"小冰冰传奇-官方怀旧服"
03:30,116,1501671346,"一念逍遥·血修"
03:30,117,1558453472,"斗罗大陆:魂师对决"
03:30,118,1020071295,"忍者必须死3"
03:30,119,1061051095,"御龙在天手游"
03:30,120,1552333447,"以闪亮之名"
03:30,121,1020109860,"皇家捕鱼电玩城-棋牌,轮盘,捕鱼,扑克游戏"
03:30,122,897447840,"宾果消消消"
03:30,123,6740756173,"鹅鸭杀"
03:30,124,6739202341,"天堂2：盟约"
03:30,125,1612426573,"梦想城镇 - Township"
03:30,126,672093597,"造梦西游OL"
03:30,127,6764530302,"斗罗大陆：传承"
03:30,128,6740021287,"假日乐消消"
03:30,129,639516529,"植物大战僵尸2-搜打撤玩法上线"
03:30,130,1582427876,"桃源深处有人家"
03:30,131,6503421200,"云·绝区零 - 周年庆"
03:30,132,6479343684,"捕鱼达人千炮版-高倍高爆波克捕鱼王者"
03:30,133,6479410659,"龙族：卡塞尔之门"
03:30,134,6526484451,"如鸢"
03:30,135,6504324535,"时光杂货店"
03:30,136,6479516692,"云・燕云十六声"
03:30,137,6760751517,"咻咻勇者"
03:30,138,1632570713,"乐鸿捕鱼-3D全民鸿运街机欢乐捕鱼高爆版"
03:30,139,1404192329,"完美世界"
03:30,140,1234954076,"红警OL"
03:30,141,1449701587,"星际猎人-无尽的拉格朗日全面焕新"
03:30,142,6754126909,"时空猎人·觉醒"
03:30,143,6746738620,"一路狂飙"
03:30,144,1123876959,"保卫萝卜4"
03:30,145,1528917194,"火炬之光：无限"
03:30,146,6760402564,"占城大师 - 策略塔防 攻城掠地模拟器"
03:30,147,1209898544,"途游捕鱼-3D次时代千炮捕鱼"
03:30,148,6751826673,"向往的生活官方游戏"
03:30,149,6670240557,"仙遇"
03:30,150,6748513887,"梦幻消除战"
03:30,151,1089795423,"一梦江湖"
03:30,152,6450645450,"寻道大千-小妖砍树能修仙"
03:30,153,1467163363,"时空中的绘旅人"
03:30,154,1090828242,"圣斗士星矢-官方正版(腾讯)"
03:30,155,6738110833,"灵兽大冒险"
03:30,156,6468249909,"四季合合"
03:30,157,958022253,"奇迹暖暖"
03:30,158,1232104244,"乱世王者"
03:30,159,1498402704,"江南百景图"
03:30,160,1628270358,"弹壳特攻队"
03:30,161,1434377838,"狂野飙车9：竞速传奇"
03:30,162,6760686111,"心跳陷落"
03:30,163,967741086,"拳皇98终极之战OL-SNK官方正版授权"
03:30,164,6502622479,"无限暖暖"
03:30,165,6484164228,"潮汐守望者"
03:30,166,792562062,"天天炫斗"
03:30,167,1519945981,"万国觉醒"
03:30,168,1438842875,"跑跑卡丁车官方竞速版"
03:30,169,6776597686,"解忧梦幻岛"
03:30,170,6752448507,"乱涂彩世界"
03:30,171,1563187313,"海王捕鱼-官方版"
03:30,172,1593603378,"全明星街球派对 - NBA正版授权"
03:30,173,6447610302,"冒险岛：枫之传说"
03:30,174,6478398975,"云·鸣潮 - 前往玄方地界"
03:30,175,1669193324,"我的休闲时光"
03:30,176,6744015465,"热血江湖：觉醒"
03:30,177,6784163008,"俱乐大玩家"
03:30,178,1066697625,"龙珠激斗"
03:30,179,6468993345,"最强祖师"
03:30,180,1426313974,"哈灵麻将-本地休闲棋牌"
03:30,181,1326730621,"香肠派对"
03:30,182,6466388376,"剑与远征：启程"
03:30,183,6748045272,"向末日开炮"
03:30,184,1559181149,"晶核"
03:30,185,1645516720,"逆战：未来"
03:30,186,1580500427,"永劫无间"
03:30,187,1088753863,"诛仙-全新职业青罗"
03:30,188,6756337465,"夜幕之下"
03:30,189,1180004118,"最强美职篮"
03:30,190,1503642891,"富豪麻将"
03:30,191,1464410482,"浙江游戏大厅"
03:30,192,6753060186,"三国：天下归心"
03:30,193,6503993560,"问剑长生·邪修"
03:30,194,1477923015,"捕鱼炸翻天-火爆重制版"
03:30,195,1448089228,"掼蛋-惯蛋棋牌休闲游戏平台"
03:30,196,6449218635,"机甲战队-War Robots"
03:30,197,6467825646,"胜利女神：新的希望"
03:30,198,1369855098,"火影忍者：忍者新世代"
03:30,199,1670032934,"云・逆水寒"
03:30,200,6514281568,"异环"
04:30,1,989673964,"王者荣耀"
04:30,2,1321803705,"和平精英"
04:30,3,1642894547,"三角洲行动"
04:30,4,6478492012,"无尽冬日"
04:30,5,6535673811,"无畏契约：源能行动"
04:30,6,791532221,"开心消消乐"
04:30,7,940547441,"梦幻西游"
04:30,8,1544884479,"蛋仔派对"
04:30,9,1042545880,"穿越火线-枪战王者"
04:30,10,1525863146,"捕鱼大作战-街机打鱼游戏王者"
04:30,11,6474293468,"向僵尸开炮-尸潮来袭"
04:30,12,955396648,"火影忍者"
04:30,13,6544797261,"超自然行动组-鬼吹灯联动"
04:30,14,1305599559,"FC足球世界-杯赛"
04:30,15,1478101301,"金铲铲之战"
04:30,16,1455054000,"英雄联盟手游"
04:30,17,1505445106,"暗区突围"
04:30,18,446324234,"腾讯欢乐斗地主"
04:30,19,1529851592,"地下城与勇士：起源"
04:30,20,6752632961,"时尚百货城"
04:30,21,483330461,"英雄杀"
04:30,22,6748527570,"奔奔王国"
04:30,23,891616303,"指尖四川麻将"
04:30,24,1219233424,"QQ炫舞"
04:30,25,1474572440,"三国志·战略版"
04:30,26,1561105019,"捕鱼大咖-畅爽3D街机捕鱼游戏"
04:30,27,820847275,"多乐够级"
04:30,28,1532699610,"最佳球会-2026足坛盛典版本"
04:30,29,909211092,"率土之滨"
04:30,30,1570790378,"途游休闲捕鱼-百万倍街机王者大作战"
04:30,31,6746321359,"我的花园世界"
04:30,32,1595603316,"部落冲突（Clash of Clans）"
04:30,33,6753859465,"明日方舟：终末地"
04:30,34,1235504705,"QQ飞车"
04:30,35,1347776121,"实况足球"
04:30,36,1454663939,"明日方舟"
04:30,37,1570403558,"梦幻花园 - Gardenscapes"
04:30,38,1665337957,"鱼乐达人-王者捕鱼电玩街机打鱼游戏"
04:30,39,6502348074,"永远的蔚蓝星球-周杰伦代言"
04:30,40,1501314785,"途游斗地主（比赛版）"
04:30,41,1541570980,"逆水寒"
04:30,42,6503432459,"三国：冰河时代"
04:30,43,6466232155,"三国：谋定天下"
04:30,44,1330863325,"第五人格"
04:30,45,1467190251,"原神·空月之歌"
04:30,46,6475668638,"燕云十六声"
04:30,47,1108397779,"命运-冠位指定（Fate/Grand Order）"
04:30,48,6444670359,"大话西游：归来"
04:30,49,6757172630,"疯狂水世界"
04:30,50,6711336814,"美职篮全明星"
04:30,51,1450136725,"竞技联盟德州扑克"
04:30,52,472885640,"JJ斗地主-专业棋牌合集"
04:30,53,6478654994,"洛克王国：世界"
04:30,54,1439754823,"光与夜之恋"
04:30,55,6737974680,"保卫向日葵"
04:30,56,407413403,"三国杀"
04:30,57,1606359076,"绝区零 - 周年庆"
04:30,58,1389650592,"三国杀：一将成名"
04:30,59,1033387365,"倩女幽魂"
04:30,60,1595603720,"部落冲突：皇室战争（CR）"
04:30,61,1031897589,"问道"
04:30,62,1488410151,"使命召唤手游"
04:30,63,1489278985,"乐乐捕鱼-经典高爆真人打鱼游戏"
04:30,64,895670960,"阴阳师"
04:30,65,6755095931,"宗师之上"
04:30,66,1258524226,"恋与制作人"
04:30,67,1562260653,"无期迷途"
04:30,68,1344733855,"光·遇"
04:30,69,1355684731,"实况:王者集结"
04:30,70,1523037824,"崩坏：星穹铁道"
04:30,71,6498993861,"美职篮巅峰对决"
04:30,72,6473333072,"杖剑传说"
04:30,73,1455833480,"闪耀暖暖-送100抽"
04:30,74,1015364140,"大话西游"
04:30,75,689180123,"欢乐麻将"
04:30,76,1570403223,"梦幻家园 - Homescapes"
04:30,77,654897098,"天天爱消除"
04:30,78,6758614459,"肥鹅美食街"
04:30,79,1243986797,"我的世界：移动版"
04:30,80,1618911882,"恋与深空"
04:30,81,1520143280,"新仙魔九界"
04:30,82,841140063,"炉石传说"
04:30,83,6768201255,"我要当老祖"
04:30,84,1187917222,"三国战纪：风云再起"
04:30,85,6472696051,"浪漫餐厅™-Gossip Harbor"
04:30,86,1570194962,"王牌竞速-车姬"
04:30,87,6755943637,"遗忘之海-海绵宝宝联动"
04:30,88,1132257692,"天龙八部手游"
04:30,89,6502749617,"失控进化"
04:30,90,1579028465,"肥鹅健身房"
04:30,91,6450693428,"鸣潮 - 前往玄方地界"
04:30,92,6771697396,"镇邪人"
04:30,93,6705128304,"电玩捕鱼-经典街机捕鱼高爆版"
04:30,94,983122251,"魂斗罗:归来"
04:30,95,1634177358,"海岛奇兵 (Boom Beach)"
04:30,96,1504236603,"荒野乱斗"
04:30,97,1086842482,"新剑侠情缘"
04:30,98,1498874997,"巅峰极速-三周年庆"
04:30,99,6449214722,"次神：光之觉醒-动作冒险休闲闯关游戏"
04:30,100,1561903786,"心动小镇"
04:30,101,6758141617,"斗破苍穹：斗帝之路"
04:30,102,6444558869,"原始征途-2026全新版本"
04:30,103,6749257024,"仙界大掌门"
04:30,104,1579028199,"咸鱼之王"
04:30,105,996509117,"球球大作战-送先知皮肤"
04:30,106,1435567000,"明日之后"
04:30,107,1611712418,"重返未来：1999-原子之心联动版本"
04:30,108,6474127167,"世界之外"
04:30,109,6740135856,"龙之谷世界-官方正版手游"
04:30,110,1632344522,"元梦之星-上岛玩"
04:30,111,6740508579,"英雄没有闪"
04:30,112,1552333447,"以闪亮之名"
04:30,113,1492415639,"指尖捕鱼-全民欢乐真人游戏"
04:30,114,1555236168,"长安幻想"
04:30,115,6758778913,"云·终末地"
04:30,116,793077082,"小冰冰传奇-官方怀旧服"
04:30,117,1020071295,"忍者必须死3"
04:30,118,6739202341,"天堂2：盟约"
04:30,119,1501671346,"一念逍遥·血修"
04:30,120,1020109860,"皇家捕鱼电玩城-棋牌,轮盘,捕鱼,扑克游戏"
04:30,121,1558453472,"斗罗大陆:魂师对决"
04:30,122,6740756173,"鹅鸭杀"
04:30,123,1061051095,"御龙在天手游"
04:30,124,897447840,"宾果消消消"
04:30,125,1582427876,"桃源深处有人家"
04:30,126,6740021287,"假日乐消消"
04:30,127,639516529,"植物大战僵尸2-搜打撤玩法上线"
04:30,128,1612426573,"梦想城镇 - Township"
04:30,129,6764530302,"斗罗大陆：传承"
04:30,130,6503421200,"云·绝区零 - 周年庆"
04:30,131,672093597,"造梦西游OL"
04:30,132,6479410659,"龙族：卡塞尔之门"
04:30,133,6479343684,"捕鱼达人千炮版-高倍高爆波克捕鱼王者"
04:30,134,6526484451,"如鸢"
04:30,135,1123876959,"保卫萝卜4"
04:30,136,6760751517,"咻咻勇者"
04:30,137,1632570713,"乐鸿捕鱼-3D全民鸿运街机欢乐捕鱼高爆版"
04:30,138,6479516692,"云・燕云十六声"
04:30,139,1449701587,"星际猎人-无尽的拉格朗日全面焕新"
04:30,140,6754126909,"时空猎人·觉醒"
04:30,141,1234954076,"红警OL"
04:30,142,6504324535,"时光杂货店"
04:30,143,1528917194,"火炬之光：无限"
04:30,144,1467163363,"时空中的绘旅人"
04:30,145,6751826673,"向往的生活官方游戏"
04:30,146,1404192329,"完美世界"
04:30,147,6760402564,"占城大师 - 策略塔防 攻城掠地模拟器"
04:30,148,6748513887,"梦幻消除战"
04:30,149,6746738620,"一路狂飙"
04:30,150,6670240557,"仙遇"
04:30,151,1209898544,"途游捕鱼-3D次时代千炮捕鱼"
04:30,152,1498402704,"江南百景图"
04:30,153,6450645450,"寻道大千-小妖砍树能修仙"
04:30,154,1090828242,"圣斗士星矢-官方正版(腾讯)"
04:30,155,1628270358,"弹壳特攻队"
04:30,156,1089795423,"一梦江湖"
04:30,157,6468249909,"四季合合"
04:30,158,6738110833,"灵兽大冒险"
04:30,159,958022253,"奇迹暖暖"
04:30,160,6502622479,"无限暖暖"
04:30,161,1232104244,"乱世王者"
04:30,162,1434377838,"狂野飙车9：竞速传奇"
04:30,163,967741086,"拳皇98终极之战OL-SNK官方正版授权"
04:30,164,1563187313,"海王捕鱼-官方版"
04:30,165,6760686111,"心跳陷落"
04:30,166,792562062,"天天炫斗"
04:30,167,6484164228,"潮汐守望者"
04:30,168,1438842875,"跑跑卡丁车官方竞速版"
04:30,169,1593603378,"全明星街球派对 - NBA正版授权"
04:30,170,1519945981,"万国觉醒"
04:30,171,6478398975,"云·鸣潮 - 前往玄方地界"
04:30,172,6739669537,"传奇世界无双"
04:30,173,6752448507,"乱涂彩世界"
04:30,174,6447610302,"冒险岛：枫之传说"
04:30,175,6776597686,"解忧梦幻岛"
04:30,176,6784163008,"俱乐大玩家"
04:30,177,1669193324,"我的休闲时光"
04:30,178,1426313974,"哈灵麻将-本地休闲棋牌"
04:30,179,6744015465,"热血江湖：觉醒"
04:30,180,1580500427,"永劫无间"
04:30,181,1326730621,"香肠派对"
04:30,182,6748045272,"向末日开炮"
04:30,183,6503993560,"问剑长生·邪修"
04:30,184,6466388376,"剑与远征：启程"
04:30,185,1559181149,"晶核"
04:30,186,1645516720,"逆战：未来"
04:30,187,6468993345,"最强祖师"
04:30,188,1066697625,"龙珠激斗"
04:30,189,6756337465,"夜幕之下"
04:30,190,1464410482,"浙江游戏大厅"
04:30,191,1180004118,"最强美职篮"
04:30,192,6753060186,"三国：天下归心"
04:30,193,1599425438,"奥比岛：梦想国度"
04:30,194,1448089228,"掼蛋-惯蛋棋牌休闲游戏平台"
04:30,195,1088753863,"诛仙-全新职业青罗"
04:30,196,6449218635,"机甲战队-War Robots"
04:30,197,6467825646,"胜利女神：新的希望"
04:30,198,1562846889,"捕鱼游戏王-经典真人街机捕鱼"
04:30,199,1477923015,"捕鱼炸翻天-火爆重制版"
04:30,200,1569029742,"云·原神-空月之歌"
05:30,1,989673964,"王者荣耀"
05:30,2,1321803705,"和平精英"
05:30,3,1642894547,"三角洲行动"
05:30,4,6478492012,"无尽冬日"
05:30,5,6535673811,"无畏契约：源能行动"
05:30,6,791532221,"开心消消乐"
05:30,7,940547441,"梦幻西游"
05:30,8,1544884479,"蛋仔派对"
05:30,9,1042545880,"穿越火线-枪战王者"
05:30,10,1525863146,"捕鱼大作战-街机打鱼游戏王者"
05:30,11,6474293468,"向僵尸开炮-尸潮来袭"
05:30,12,955396648,"火影忍者"
05:30,13,6544797261,"超自然行动组-鬼吹灯联动"
05:30,14,1305599559,"FC足球世界-杯赛"
05:30,15,1478101301,"金铲铲之战"
05:30,16,1455054000,"英雄联盟手游"
05:30,17,1505445106,"暗区突围"
05:30,18,446324234,"腾讯欢乐斗地主"
05:30,19,1529851592,"地下城与勇士：起源"
05:30,20,6752632961,"时尚百货城"
05:30,21,483330461,"英雄杀"
05:30,22,6748527570,"奔奔王国"
05:30,23,891616303,"指尖四川麻将"
05:30,24,1219233424,"QQ炫舞"
05:30,25,1474572440,"三国志·战略版"
05:30,26,1561105019,"捕鱼大咖-畅爽3D街机捕鱼游戏"
05:30,27,820847275,"多乐够级"
05:30,28,1532699610,"最佳球会-2026足坛盛典版本"
05:30,29,909211092,"率土之滨"
05:30,30,1570790378,"途游休闲捕鱼-百万倍街机王者大作战"
05:30,31,6746321359,"我的花园世界"
05:30,32,1595603316,"部落冲突（Clash of Clans）"
05:30,33,6753859465,"明日方舟：终末地"
05:30,34,1235504705,"QQ飞车"
05:30,35,1347776121,"实况足球"
05:30,36,1454663939,"明日方舟"
05:30,37,1570403558,"梦幻花园 - Gardenscapes"
05:30,38,1665337957,"鱼乐达人-王者捕鱼电玩街机打鱼游戏"
05:30,39,6502348074,"永远的蔚蓝星球-周杰伦代言"
05:30,40,1501314785,"途游斗地主（比赛版）"
05:30,41,1541570980,"逆水寒"
05:30,42,6503432459,"三国：冰河时代"
05:30,43,6466232155,"三国：谋定天下"
05:30,44,1330863325,"第五人格"
05:30,45,1467190251,"原神·空月之歌"
05:30,46,6475668638,"燕云十六声"
05:30,47,1108397779,"命运-冠位指定（Fate/Grand Order）"
05:30,48,6444670359,"大话西游：归来"
05:30,49,6757172630,"疯狂水世界"
05:30,50,6711336814,"美职篮全明星"
05:30,51,1450136725,"竞技联盟德州扑克"
05:30,52,472885640,"JJ斗地主-专业棋牌合集"
05:30,53,6478654994,"洛克王国：世界"
05:30,54,1439754823,"光与夜之恋"
05:30,55,6737974680,"保卫向日葵"
05:30,56,407413403,"三国杀"
05:30,57,1606359076,"绝区零 - 周年庆"
05:30,58,1389650592,"三国杀：一将成名"
05:30,59,1033387365,"倩女幽魂"
05:30,60,1595603720,"部落冲突：皇室战争（CR）"
05:30,61,1031897589,"问道"
05:30,62,1488410151,"使命召唤手游"
05:30,63,1489278985,"乐乐捕鱼-经典高爆真人打鱼游戏"
05:30,64,895670960,"阴阳师"
05:30,65,6755095931,"宗师之上"
05:30,66,1258524226,"恋与制作人"
05:30,67,1562260653,"无期迷途"
05:30,68,1344733855,"光·遇"
05:30,69,1355684731,"实况:王者集结"
05:30,70,1523037824,"崩坏：星穹铁道"
05:30,71,6498993861,"美职篮巅峰对决"
05:30,72,6473333072,"杖剑传说"
05:30,73,1455833480,"闪耀暖暖-送100抽"
05:30,74,1015364140,"大话西游"
05:30,75,689180123,"欢乐麻将"
05:30,76,1570403223,"梦幻家园 - Homescapes"
05:30,77,654897098,"天天爱消除"
05:30,78,6758614459,"肥鹅美食街"
05:30,79,1243986797,"我的世界：移动版"
05:30,80,1618911882,"恋与深空"
05:30,81,1520143280,"新仙魔九界"
05:30,82,841140063,"炉石传说"
05:30,83,6768201255,"我要当老祖"
05:30,84,1187917222,"三国战纪：风云再起"
05:30,85,6472696051,"浪漫餐厅™-Gossip Harbor"
05:30,86,1570194962,"王牌竞速-车姬"
05:30,87,6755943637,"遗忘之海-海绵宝宝联动"
05:30,88,1132257692,"天龙八部手游"
05:30,89,6502749617,"失控进化"
05:30,90,1579028465,"肥鹅健身房"
05:30,91,6450693428,"鸣潮 - 前往玄方地界"
05:30,92,6771697396,"镇邪人"
05:30,93,6705128304,"电玩捕鱼-经典街机捕鱼高爆版"
05:30,94,983122251,"魂斗罗:归来"
05:30,95,1634177358,"海岛奇兵 (Boom Beach)"
05:30,96,1504236603,"荒野乱斗"
05:30,97,1086842482,"新剑侠情缘"
05:30,98,1498874997,"巅峰极速-三周年庆"
05:30,99,6449214722,"次神：光之觉醒-动作冒险休闲闯关游戏"
05:30,100,1561903786,"心动小镇"
05:30,101,6758141617,"斗破苍穹：斗帝之路"
05:30,102,6444558869,"原始征途-2026全新版本"
05:30,103,6749257024,"仙界大掌门"
05:30,104,1579028199,"咸鱼之王"
05:30,105,996509117,"球球大作战-送先知皮肤"
05:30,106,1435567000,"明日之后"
05:30,107,1611712418,"重返未来：1999-原子之心联动版本"
05:30,108,6474127167,"世界之外"
05:30,109,6740135856,"龙之谷世界-官方正版手游"
05:30,110,1632344522,"元梦之星-上岛玩"
05:30,111,6740508579,"英雄没有闪"
05:30,112,1552333447,"以闪亮之名"
05:30,113,1492415639,"指尖捕鱼-全民欢乐真人游戏"
05:30,114,1555236168,"长安幻想"
05:30,115,6758778913,"云·终末地"
05:30,116,793077082,"小冰冰传奇-官方怀旧服"
05:30,117,1020071295,"忍者必须死3"
05:30,118,6739202341,"天堂2：盟约"
05:30,119,1501671346,"一念逍遥·血修"
05:30,120,1020109860,"皇家捕鱼电玩城-棋牌,轮盘,捕鱼,扑克游戏"
05:30,121,1558453472,"斗罗大陆:魂师对决"
05:30,122,6740756173,"鹅鸭杀"
05:30,123,1061051095,"御龙在天手游"
05:30,124,897447840,"宾果消消消"
05:30,125,1582427876,"桃源深处有人家"
05:30,126,6740021287,"假日乐消消"
05:30,127,639516529,"植物大战僵尸2-搜打撤玩法上线"
05:30,128,1612426573,"梦想城镇 - Township"
05:30,129,6764530302,"斗罗大陆：传承"
05:30,130,6503421200,"云·绝区零 - 周年庆"
05:30,131,672093597,"造梦西游OL"
05:30,132,6479410659,"龙族：卡塞尔之门"
05:30,133,6479343684,"捕鱼达人千炮版-高倍高爆波克捕鱼王者"
05:30,134,6526484451,"如鸢"
05:30,135,1123876959,"保卫萝卜4"
05:30,136,6760751517,"咻咻勇者"
05:30,137,1632570713,"乐鸿捕鱼-3D全民鸿运街机欢乐捕鱼高爆版"
05:30,138,6479516692,"云・燕云十六声"
05:30,139,1449701587,"星际猎人-无尽的拉格朗日全面焕新"
05:30,140,6754126909,"时空猎人·觉醒"
05:30,141,1234954076,"红警OL"
05:30,142,6504324535,"时光杂货店"
05:30,143,1528917194,"火炬之光：无限"
05:30,144,1467163363,"时空中的绘旅人"
05:30,145,6751826673,"向往的生活官方游戏"
05:30,146,1404192329,"完美世界"
05:30,147,6760402564,"占城大师 - 策略塔防 攻城掠地模拟器"
05:30,148,6748513887,"梦幻消除战"
05:30,149,6746738620,"一路狂飙"
05:30,150,6670240557,"仙遇"
05:30,151,1209898544,"途游捕鱼-3D次时代千炮捕鱼"
05:30,152,1498402704,"江南百景图"
05:30,153,6450645450,"寻道大千-小妖砍树能修仙"
05:30,154,1090828242,"圣斗士星矢-官方正版(腾讯)"
05:30,155,1628270358,"弹壳特攻队"
05:30,156,1089795423,"一梦江湖"
05:30,157,6468249909,"四季合合"
05:30,158,6738110833,"灵兽大冒险"
05:30,159,958022253,"奇迹暖暖"
05:30,160,6502622479,"无限暖暖"
05:30,161,1232104244,"乱世王者"
05:30,162,1434377838,"狂野飙车9：竞速传奇"
05:30,163,967741086,"拳皇98终极之战OL-SNK官方正版授权"
05:30,164,1563187313,"海王捕鱼-官方版"
05:30,165,6760686111,"心跳陷落"
05:30,166,792562062,"天天炫斗"
05:30,167,6484164228,"潮汐守望者"
05:30,168,1438842875,"跑跑卡丁车官方竞速版"
05:30,169,1593603378,"全明星街球派对 - NBA正版授权"
05:30,170,1519945981,"万国觉醒"
05:30,171,6478398975,"云·鸣潮 - 前往玄方地界"
05:30,172,6739669537,"传奇世界无双"
05:30,173,6752448507,"乱涂彩世界"
05:30,174,6447610302,"冒险岛：枫之传说"
05:30,175,6776597686,"解忧梦幻岛"
05:30,176,6784163008,"俱乐大玩家"
05:30,177,1669193324,"我的休闲时光"
05:30,178,1426313974,"哈灵麻将-本地休闲棋牌"
05:30,179,6744015465,"热血江湖：觉醒"
05:30,180,1580500427,"永劫无间"
05:30,181,1326730621,"香肠派对"
05:30,182,6748045272,"向末日开炮"
05:30,183,6503993560,"问剑长生·邪修"
05:30,184,6466388376,"剑与远征：启程"
05:30,185,1559181149,"晶核"
05:30,186,1645516720,"逆战：未来"
05:30,187,6468993345,"最强祖师"
05:30,188,1066697625,"龙珠激斗"
05:30,189,6756337465,"夜幕之下"
05:30,190,1464410482,"浙江游戏大厅"
05:30,191,1180004118,"最强美职篮"
05:30,192,6753060186,"三国：天下归心"
05:30,193,1599425438,"奥比岛：梦想国度"
05:30,194,1448089228,"掼蛋-惯蛋棋牌休闲游戏平台"
05:30,195,1088753863,"诛仙-全新职业青罗"
05:30,196,6449218635,"机甲战队-War Robots"
05:30,197,6467825646,"胜利女神：新的希望"
05:30,198,1562846889,"捕鱼游戏王-经典真人街机捕鱼"
05:30,199,1477923015,"捕鱼炸翻天-火爆重制版"
05:30,200,1569029742,"云·原神-空月之歌"
06:30,1,989673964,"王者荣耀"
06:30,2,1321803705,"和平精英"
06:30,3,1642894547,"三角洲行动"
06:30,4,6478492012,"无尽冬日"
06:30,5,6535673811,"无畏契约：源能行动"
06:30,6,791532221,"开心消消乐"
06:30,7,940547441,"梦幻西游"
06:30,8,1544884479,"蛋仔派对"
06:30,9,1042545880,"穿越火线-枪战王者"
06:30,10,1525863146,"捕鱼大作战-街机打鱼游戏王者"
06:30,11,6474293468,"向僵尸开炮-尸潮来袭"
06:30,12,955396648,"火影忍者"
06:30,13,6544797261,"超自然行动组-鬼吹灯联动"
06:30,14,1305599559,"FC足球世界-杯赛"
06:30,15,1478101301,"金铲铲之战"
06:30,16,1455054000,"英雄联盟手游"
06:30,17,1505445106,"暗区突围"
06:30,18,446324234,"腾讯欢乐斗地主"
06:30,19,1529851592,"地下城与勇士：起源"
06:30,20,6752632961,"时尚百货城"
06:30,21,483330461,"英雄杀"
06:30,22,6748527570,"奔奔王国"
06:30,23,891616303,"指尖四川麻将"
06:30,24,1219233424,"QQ炫舞"
06:30,25,1474572440,"三国志·战略版"
06:30,26,1561105019,"捕鱼大咖-畅爽3D街机捕鱼游戏"
06:30,27,820847275,"多乐够级"
06:30,28,1532699610,"最佳球会-2026足坛盛典版本"
06:30,29,909211092,"率土之滨"
06:30,30,1570790378,"途游休闲捕鱼-百万倍街机王者大作战"
06:30,31,6746321359,"我的花园世界"
06:30,32,1595603316,"部落冲突（Clash of Clans）"
06:30,33,6753859465,"明日方舟：终末地"
06:30,34,1235504705,"QQ飞车"
06:30,35,1347776121,"实况足球"
06:30,36,1454663939,"明日方舟"
06:30,37,1570403558,"梦幻花园 - Gardenscapes"
06:30,38,1665337957,"鱼乐达人-王者捕鱼电玩街机打鱼游戏"
06:30,39,6502348074,"永远的蔚蓝星球-周杰伦代言"
06:30,40,1501314785,"途游斗地主（比赛版）"
06:30,41,1541570980,"逆水寒"
06:30,42,6503432459,"三国：冰河时代"
06:30,43,6466232155,"三国：谋定天下"
06:30,44,1330863325,"第五人格"
06:30,45,1467190251,"原神·空月之歌"
06:30,46,6475668638,"燕云十六声"
06:30,47,1108397779,"命运-冠位指定（Fate/Grand Order）"
06:30,48,6444670359,"大话西游：归来"
06:30,49,6757172630,"疯狂水世界"
06:30,50,6711336814,"美职篮全明星"
06:30,51,1450136725,"竞技联盟德州扑克"
06:30,52,472885640,"JJ斗地主-专业棋牌合集"
06:30,53,6478654994,"洛克王国：世界"
06:30,54,1439754823,"光与夜之恋"
06:30,55,6737974680,"保卫向日葵"
06:30,56,407413403,"三国杀"
06:30,57,1606359076,"绝区零 - 周年庆"
06:30,58,1389650592,"三国杀：一将成名"
06:30,59,1033387365,"倩女幽魂"
06:30,60,1595603720,"部落冲突：皇室战争（CR）"
06:30,61,1031897589,"问道"
06:30,62,1488410151,"使命召唤手游"
06:30,63,1489278985,"乐乐捕鱼-经典高爆真人打鱼游戏"
06:30,64,895670960,"阴阳师"
06:30,65,6755095931,"宗师之上"
06:30,66,1258524226,"恋与制作人"
06:30,67,1562260653,"无期迷途"
06:30,68,1344733855,"光·遇"
06:30,69,1355684731,"实况:王者集结"
06:30,70,1523037824,"崩坏：星穹铁道"
06:30,71,6498993861,"美职篮巅峰对决"
06:30,72,6473333072,"杖剑传说"
06:30,73,1455833480,"闪耀暖暖-送100抽"
06:30,74,1015364140,"大话西游"
06:30,75,689180123,"欢乐麻将"
06:30,76,1570403223,"梦幻家园 - Homescapes"
06:30,77,654897098,"天天爱消除"
06:30,78,6758614459,"肥鹅美食街"
06:30,79,1243986797,"我的世界：移动版"
06:30,80,1618911882,"恋与深空"
06:30,81,1520143280,"新仙魔九界"
06:30,82,841140063,"炉石传说"
06:30,83,6768201255,"我要当老祖"
06:30,84,1187917222,"三国战纪：风云再起"
06:30,85,6472696051,"浪漫餐厅™-Gossip Harbor"
06:30,86,1570194962,"王牌竞速-车姬"
06:30,87,6755943637,"遗忘之海-海绵宝宝联动"
06:30,88,1132257692,"天龙八部手游"
06:30,89,6502749617,"失控进化"
06:30,90,1579028465,"肥鹅健身房"
06:30,91,6450693428,"鸣潮 - 前往玄方地界"
06:30,92,6771697396,"镇邪人"
06:30,93,6705128304,"电玩捕鱼-经典街机捕鱼高爆版"
06:30,94,983122251,"魂斗罗:归来"
06:30,95,1634177358,"海岛奇兵 (Boom Beach)"
06:30,96,1504236603,"荒野乱斗"
06:30,97,1086842482,"新剑侠情缘"
06:30,98,1498874997,"巅峰极速-三周年庆"
06:30,99,6449214722,"次神：光之觉醒-动作冒险休闲闯关游戏"
06:30,100,1561903786,"心动小镇"
06:30,101,6758141617,"斗破苍穹：斗帝之路"
06:30,102,6444558869,"原始征途-2026全新版本"
06:30,103,6749257024,"仙界大掌门"
06:30,104,1579028199,"咸鱼之王"
06:30,105,996509117,"球球大作战-送先知皮肤"
06:30,106,1435567000,"明日之后"
06:30,107,1611712418,"重返未来：1999-原子之心联动版本"
06:30,108,6474127167,"世界之外"
06:30,109,6740135856,"龙之谷世界-官方正版手游"
06:30,110,1632344522,"元梦之星-上岛玩"
06:30,111,6740508579,"英雄没有闪"
06:30,112,1552333447,"以闪亮之名"
06:30,113,1492415639,"指尖捕鱼-全民欢乐真人游戏"
06:30,114,1555236168,"长安幻想"
06:30,115,6758778913,"云·终末地"
06:30,116,793077082,"小冰冰传奇-官方怀旧服"
06:30,117,1020071295,"忍者必须死3"
06:30,118,6739202341,"天堂2：盟约"
06:30,119,1501671346,"一念逍遥·血修"
06:30,120,1020109860,"皇家捕鱼电玩城-棋牌,轮盘,捕鱼,扑克游戏"
06:30,121,1558453472,"斗罗大陆:魂师对决"
06:30,122,6740756173,"鹅鸭杀"
06:30,123,1061051095,"御龙在天手游"
06:30,124,897447840,"宾果消消消"
06:30,125,1582427876,"桃源深处有人家"
06:30,126,6740021287,"假日乐消消"
06:30,127,639516529,"植物大战僵尸2-搜打撤玩法上线"
06:30,128,1612426573,"梦想城镇 - Township"
06:30,129,6764530302,"斗罗大陆：传承"
06:30,130,6503421200,"云·绝区零 - 周年庆"
06:30,131,672093597,"造梦西游OL"
06:30,132,6479410659,"龙族：卡塞尔之门"
06:30,133,6479343684,"捕鱼达人千炮版-高倍高爆波克捕鱼王者"
06:30,134,6526484451,"如鸢"
06:30,135,1123876959,"保卫萝卜4"
06:30,136,6760751517,"咻咻勇者"
06:30,137,1632570713,"乐鸿捕鱼-3D全民鸿运街机欢乐捕鱼高爆版"
06:30,138,6479516692,"云・燕云十六声"
06:30,139,1449701587,"星际猎人-无尽的拉格朗日全面焕新"
06:30,140,6754126909,"时空猎人·觉醒"
06:30,141,1234954076,"红警OL"
06:30,142,6504324535,"时光杂货店"
06:30,143,1528917194,"火炬之光：无限"
06:30,144,1467163363,"时空中的绘旅人"
06:30,145,6751826673,"向往的生活官方游戏"
06:30,146,1404192329,"完美世界"
06:30,147,6760402564,"占城大师 - 策略塔防 攻城掠地模拟器"
06:30,148,6748513887,"梦幻消除战"
06:30,149,6746738620,"一路狂飙"
06:30,150,6670240557,"仙遇"
06:30,151,1209898544,"途游捕鱼-3D次时代千炮捕鱼"
06:30,152,1498402704,"江南百景图"
06:30,153,6450645450,"寻道大千-小妖砍树能修仙"
06:30,154,1090828242,"圣斗士星矢-官方正版(腾讯)"
06:30,155,1628270358,"弹壳特攻队"
06:30,156,1089795423,"一梦江湖"
06:30,157,6468249909,"四季合合"
06:30,158,6738110833,"灵兽大冒险"
06:30,159,958022253,"奇迹暖暖"
06:30,160,6502622479,"无限暖暖"
06:30,161,1232104244,"乱世王者"
06:30,162,1434377838,"狂野飙车9：竞速传奇"
06:30,163,967741086,"拳皇98终极之战OL-SNK官方正版授权"
06:30,164,1563187313,"海王捕鱼-官方版"
06:30,165,6760686111,"心跳陷落"
06:30,166,792562062,"天天炫斗"
06:30,167,6484164228,"潮汐守望者"
06:30,168,1438842875,"跑跑卡丁车官方竞速版"
06:30,169,1593603378,"全明星街球派对 - NBA正版授权"
06:30,170,1519945981,"万国觉醒"
06:30,171,6478398975,"云·鸣潮 - 前往玄方地界"
06:30,172,6739669537,"传奇世界无双"
06:30,173,6752448507,"乱涂彩世界"
06:30,174,6447610302,"冒险岛：枫之传说"
06:30,175,6776597686,"解忧梦幻岛"
06:30,176,6784163008,"俱乐大玩家"
06:30,177,1669193324,"我的休闲时光"
06:30,178,1426313974,"哈灵麻将-本地休闲棋牌"
06:30,179,6744015465,"热血江湖：觉醒"
06:30,180,1580500427,"永劫无间"
06:30,181,1326730621,"香肠派对"
06:30,182,6748045272,"向末日开炮"
06:30,183,6503993560,"问剑长生·邪修"
06:30,184,6466388376,"剑与远征：启程"
06:30,185,1559181149,"晶核"
06:30,186,1645516720,"逆战：未来"
06:30,187,6468993345,"最强祖师"
06:30,188,1066697625,"龙珠激斗"
06:30,189,6756337465,"夜幕之下"
06:30,190,1464410482,"浙江游戏大厅"
06:30,191,1180004118,"最强美职篮"
06:30,192,6753060186,"三国：天下归心"
06:30,193,1599425438,"奥比岛：梦想国度"
06:30,194,1448089228,"掼蛋-惯蛋棋牌休闲游戏平台"
06:30,195,1088753863,"诛仙-全新职业青罗"
06:30,196,6449218635,"机甲战队-War Robots"
06:30,197,6467825646,"胜利女神：新的希望"
06:30,198,1562846889,"捕鱼游戏王-经典真人街机捕鱼"
06:30,199,1477923015,"捕鱼炸翻天-火爆重制版"
06:30,200,1569029742,"云·原神-空月之歌"
07:30,1,989673964,"王者荣耀"
07:30,2,1321803705,"和平精英"
07:30,3,1642894547,"三角洲行动"
07:30,4,6478492012,"无尽冬日"
07:30,5,6535673811,"无畏契约：源能行动"
07:30,6,791532221,"开心消消乐"
07:30,7,940547441,"梦幻西游"
07:30,8,1544884479,"蛋仔派对"
07:30,9,6474293468,"向僵尸开炮-尸潮来袭"
07:30,10,1525863146,"捕鱼大作战-街机打鱼游戏王者"
07:30,11,1042545880,"穿越火线-枪战王者"
07:30,12,955396648,"火影忍者"
07:30,13,6544797261,"超自然行动组-鬼吹灯联动"
07:30,14,1478101301,"金铲铲之战"
07:30,15,1305599559,"FC足球世界-杯赛"
07:30,16,1455054000,"英雄联盟手游"
07:30,17,446324234,"腾讯欢乐斗地主"
07:30,18,483330461,"英雄杀"
07:30,19,1505445106,"暗区突围"
07:30,20,6752632961,"时尚百货城"
07:30,21,1529851592,"地下城与勇士：起源"
07:30,22,6748527570,"奔奔王国"
07:30,23,891616303,"指尖四川麻将"
07:30,24,1219233424,"QQ炫舞"
07:30,25,1561105019,"捕鱼大咖-畅爽3D街机捕鱼游戏"
07:30,26,1474572440,"三国志·战略版"
07:30,27,1570790378,"途游休闲捕鱼-百万倍街机王者大作战"
07:30,28,1532699610,"最佳球会-2026足坛盛典版本"
07:30,29,820847275,"多乐够级"
07:30,30,909211092,"率土之滨"
07:30,31,1347776121,"实况足球"
07:30,32,1595603316,"部落冲突（Clash of Clans）"
07:30,33,1665337957,"鱼乐达人-王者捕鱼电玩街机打鱼游戏"
07:30,34,1235504705,"QQ飞车"
07:30,35,6746321359,"我的花园世界"
07:30,36,6502348074,"永远的蔚蓝星球-周杰伦代言"
07:30,37,6503432459,"三国：冰河时代"
07:30,38,6753859465,"明日方舟：终末地"
07:30,39,1501314785,"途游斗地主（比赛版）"
07:30,40,1454663939,"明日方舟"
07:30,41,1570403558,"梦幻花园 - Gardenscapes"
07:30,42,1541570980,"逆水寒"
07:30,43,6466232155,"三国：谋定天下"
07:30,44,1330863325,"第五人格"
07:30,45,1467190251,"原神·空月之歌"
07:30,46,6475668638,"燕云十六声"
07:30,47,1108397779,"命运-冠位指定（Fate/Grand Order）"
07:30,48,6444670359,"大话西游：归来"
07:30,49,6757172630,"疯狂水世界"
07:30,50,6711336814,"美职篮全明星"
07:30,51,1450136725,"竞技联盟德州扑克"
07:30,52,472885640,"JJ斗地主-专业棋牌合集"
07:30,53,407413403,"三国杀"
07:30,54,1439754823,"光与夜之恋"
07:30,55,6478654994,"洛克王国：世界"
07:30,56,6737974680,"保卫向日葵"
07:30,57,1389650592,"三国杀：一将成名"
07:30,58,1606359076,"绝区零 - 周年庆"
07:30,59,1489278985,"乐乐捕鱼-经典高爆真人打鱼游戏"
07:30,60,1033387365,"倩女幽魂"
07:30,61,1595603720,"部落冲突：皇室战争（CR）"
07:30,62,1031897589,"问道"
07:30,63,1488410151,"使命召唤手游"
07:30,64,895670960,"阴阳师"
07:30,65,1344733855,"光·遇"
07:30,66,1258524226,"恋与制作人"
07:30,67,6755095931,"宗师之上"
07:30,68,1562260653,"无期迷途"
07:30,69,1355684731,"实况:王者集结"
07:30,70,1523037824,"崩坏：星穹铁道"
07:30,71,6498993861,"美职篮巅峰对决"
07:30,72,689180123,"欢乐麻将"
07:30,73,1455833480,"闪耀暖暖-送100抽"
07:30,74,1015364140,"大话西游"
07:30,75,6473333072,"杖剑传说"
07:30,76,1570403223,"梦幻家园 - Homescapes"
07:30,77,6758614459,"肥鹅美食街"
07:30,78,654897098,"天天爱消除"
07:30,79,1520143280,"新仙魔九界"
07:30,80,6768201255,"我要当老祖"
07:30,81,1243986797,"我的世界：移动版"
07:30,82,1618911882,"恋与深空"
07:30,83,6771697396,"镇邪人"
07:30,84,841140063,"炉石传说"
07:30,85,1187917222,"三国战纪：风云再起"
07:30,86,6472696051,"浪漫餐厅™-Gossip Harbor"
07:30,87,6705128304,"电玩捕鱼-经典街机捕鱼高爆版"
07:30,88,1570194962,"王牌竞速-车姬"
07:30,89,1132257692,"天龙八部手游"
07:30,90,6755943637,"遗忘之海-海绵宝宝联动"
07:30,91,6502749617,"失控进化"
07:30,92,1579028465,"肥鹅健身房"
07:30,93,6758141617,"斗破苍穹：斗帝之路"
07:30,94,6450693428,"鸣潮 - 前往玄方地界"
07:30,95,6749257024,"仙界大掌门"
07:30,96,983122251,"魂斗罗:归来"
07:30,97,996509117,"球球大作战-送先知皮肤"
07:30,98,1579028199,"咸鱼之王"
07:30,99,6444558869,"原始征途-2026全新版本"
07:30,100,1504236603,"荒野乱斗"
07:30,101,1634177358,"海岛奇兵 (Boom Beach)"
07:30,102,1498874997,"巅峰极速-三周年庆"
07:30,103,1561903786,"心动小镇"
07:30,104,1086842482,"新剑侠情缘"
07:30,105,6449214722,"次神：光之觉醒-动作冒险休闲闯关游戏"
07:30,106,1611712418,"重返未来：1999-原子之心联动版本"
07:30,107,6740508579,"英雄没有闪"
07:30,108,1435567000,"明日之后"
07:30,109,1492415639,"指尖捕鱼-全民欢乐真人游戏"
07:30,110,6740135856,"龙之谷世界-官方正版手游"
07:30,111,1632344522,"元梦之星-上岛玩"
07:30,112,6474127167,"世界之外"
07:30,113,1552333447,"以闪亮之名"
07:30,114,1555236168,"长安幻想"
07:30,115,6753060186,"三国：天下归心"
07:30,116,1020071295,"忍者必须死3"
07:30,117,6758778913,"云·终末地"
07:30,118,639516529,"植物大战僵尸2-搜打撤玩法上线"
07:30,119,1020109860,"皇家捕鱼电玩城-棋牌,轮盘,捕鱼,扑克游戏"
07:30,120,6739202341,"天堂2：盟约"
07:30,121,1501671346,"一念逍遥·血修"
07:30,122,793077082,"小冰冰传奇-官方怀旧服"
07:30,123,6764530302,"斗罗大陆：传承"
07:30,124,6740756173,"鹅鸭杀"
07:30,125,1582427876,"桃源深处有人家"
07:30,126,897447840,"宾果消消消"
07:30,127,1061051095,"御龙在天手游"
07:30,128,6479343684,"捕鱼达人千炮版-高倍高爆波克捕鱼王者"
07:30,129,1558453472,"斗罗大陆:魂师对决"
07:30,130,6503421200,"云·绝区零 - 周年庆"
07:30,131,6740021287,"假日乐消消"
07:30,132,1612426573,"梦想城镇 - Township"
07:30,133,6746738620,"一路狂飙"
07:30,134,1234954076,"红警OL"
07:30,135,6479410659,"龙族：卡塞尔之门"
07:30,136,1632570713,"乐鸿捕鱼-3D全民鸿运街机欢乐捕鱼高爆版"
07:30,137,672093597,"造梦西游OL"
07:30,138,1123876959,"保卫萝卜4"
07:30,139,1209898544,"途游捕鱼-3D次时代千炮捕鱼"
07:30,140,6526484451,"如鸢"
07:30,141,1449701587,"星际猎人-无尽的拉格朗日全面焕新"
07:30,142,1528917194,"火炬之光：无限"
07:30,143,6760751517,"咻咻勇者"
07:30,144,6479516692,"云・燕云十六声"
07:30,145,6504324535,"时光杂货店"
07:30,146,1467163363,"时空中的绘旅人"
07:30,147,6751826673,"向往的生活官方游戏"
07:30,148,6754126909,"时空猎人·觉醒"
07:30,149,6760402564,"占城大师 - 策略塔防 攻城掠地模拟器"
07:30,150,6748513887,"梦幻消除战"
07:30,151,6670240557,"仙遇"
07:30,152,6450645450,"寻道大千-小妖砍树能修仙"
07:30,153,1404192329,"完美世界"
07:30,154,1090828242,"圣斗士星矢-官方正版(腾讯)"
07:30,155,1232104244,"乱世王者"
07:30,156,1498402704,"江南百景图"
07:30,157,1628270358,"弹壳特攻队"
07:30,158,1563187313,"海王捕鱼-官方版"
07:30,159,1089795423,"一梦江湖"
07:30,160,6738110833,"灵兽大冒险"
07:30,161,958022253,"奇迹暖暖"
07:30,162,6468249909,"四季合合"
07:30,163,6502622479,"无限暖暖"
07:30,164,1519945981,"万国觉醒"
07:30,165,6478398975,"云·鸣潮 - 前往玄方地界"
07:30,166,792562062,"天天炫斗"
07:30,167,1434377838,"狂野飙车9：竞速传奇"
07:30,168,1593603378,"全明星街球派对 - NBA正版授权"
07:30,169,1438842875,"跑跑卡丁车官方竞速版"
07:30,170,967741086,"拳皇98终极之战OL-SNK官方正版授权"
07:30,171,6744015465,"热血江湖：觉醒"
07:30,172,6484164228,"潮汐守望者"
07:30,173,6752448507,"乱涂彩世界"
07:30,174,6748045272,"向末日开炮"
07:30,175,6784163008,"俱乐大玩家"
07:30,176,6760686111,"心跳陷落"
07:30,177,6776597686,"解忧梦幻岛"
07:30,178,6447610302,"冒险岛：枫之传说"
07:30,179,6739669537,"传奇世界无双"
07:30,180,1669193324,"我的休闲时光"
07:30,181,1426313974,"哈灵麻将-本地休闲棋牌"
07:30,182,1580500427,"永劫无间"
07:30,183,6468993345,"最强祖师"
07:30,184,1562846889,"捕鱼游戏王-经典真人街机捕鱼"
07:30,185,1326730621,"香肠派对"
07:30,186,1559181149,"晶核"
07:30,187,1448089228,"掼蛋-惯蛋棋牌休闲游戏平台"
07:30,188,1477923015,"捕鱼炸翻天-火爆重制版"
07:30,189,1464410482,"浙江游戏大厅"
07:30,190,1645516720,"逆战：未来"
07:30,191,6503993560,"问剑长生·邪修"
07:30,192,6468988672,"云•王者荣耀"
07:30,193,1569029742,"云·原神-空月之歌"
07:30,194,1180004118,"最强美职篮"
07:30,195,6466388376,"剑与远征：启程"
07:30,196,6756337465,"夜幕之下"
07:30,197,1066697625,"龙珠激斗"
07:30,198,6467825646,"胜利女神：新的希望"
07:30,199,1503642891,"富豪麻将"
07:30,200,1508509620,"擎天战机"
08:00,1,989673964,"王者荣耀"
08:00,2,1321803705,"和平精英"
08:00,3,1642894547,"三角洲行动"
08:00,4,6478492012,"无尽冬日"
08:00,5,6535673811,"无畏契约：源能行动"
08:00,6,791532221,"开心消消乐"
08:00,7,940547441,"梦幻西游"
08:00,8,1544884479,"蛋仔派对"
08:00,9,6474293468,"向僵尸开炮-尸潮来袭"
08:00,10,1525863146,"捕鱼大作战-街机打鱼游戏王者"
08:00,11,1042545880,"穿越火线-枪战王者"
08:00,12,955396648,"火影忍者"
08:00,13,6544797261,"超自然行动组-鬼吹灯联动"
08:00,14,1478101301,"金铲铲之战"
08:00,15,1305599559,"FC足球世界-杯赛"
08:00,16,1455054000,"英雄联盟手游"
08:00,17,446324234,"腾讯欢乐斗地主"
08:00,18,483330461,"英雄杀"
08:00,19,1505445106,"暗区突围"
08:00,20,6752632961,"时尚百货城"
08:00,21,1529851592,"地下城与勇士：起源"
08:00,22,6748527570,"奔奔王国"
08:00,23,891616303,"指尖四川麻将"
08:00,24,1219233424,"QQ炫舞"
08:00,25,1561105019,"捕鱼大咖-畅爽3D街机捕鱼游戏"
08:00,26,1474572440,"三国志·战略版"
08:00,27,1570790378,"途游休闲捕鱼-百万倍街机王者大作战"
08:00,28,1532699610,"最佳球会-2026足坛盛典版本"
08:00,29,820847275,"多乐够级"
08:00,30,909211092,"率土之滨"
08:00,31,1347776121,"实况足球"
08:00,32,1595603316,"部落冲突（Clash of Clans）"
08:00,33,1665337957,"鱼乐达人-王者捕鱼电玩街机打鱼游戏"
08:00,34,1235504705,"QQ飞车"
08:00,35,6746321359,"我的花园世界"
08:00,36,6502348074,"永远的蔚蓝星球-周杰伦代言"
08:00,37,6503432459,"三国：冰河时代"
08:00,38,6753859465,"明日方舟：终末地"
08:00,39,1501314785,"途游斗地主（比赛版）"
08:00,40,1454663939,"明日方舟"
08:00,41,1570403558,"梦幻花园 - Gardenscapes"
08:00,42,1541570980,"逆水寒"
08:00,43,6466232155,"三国：谋定天下"
08:00,44,1330863325,"第五人格"
08:00,45,1467190251,"原神·空月之歌"
08:00,46,6475668638,"燕云十六声"
08:00,47,1108397779,"命运-冠位指定（Fate/Grand Order）"
08:00,48,6444670359,"大话西游：归来"
08:00,49,6757172630,"疯狂水世界"
08:00,50,6711336814,"美职篮全明星"
08:00,51,1450136725,"竞技联盟德州扑克"
08:00,52,472885640,"JJ斗地主-专业棋牌合集"
08:00,53,407413403,"三国杀"
08:00,54,1439754823,"光与夜之恋"
08:00,55,6478654994,"洛克王国：世界"
08:00,56,6737974680,"保卫向日葵"
08:00,57,1389650592,"三国杀：一将成名"
08:00,58,1606359076,"绝区零 - 周年庆"
08:00,59,1489278985,"乐乐捕鱼-经典高爆真人打鱼游戏"
08:00,60,1033387365,"倩女幽魂"
08:00,61,1595603720,"部落冲突：皇室战争（CR）"
08:00,62,1031897589,"问道"
08:00,63,1488410151,"使命召唤手游"
08:00,64,895670960,"阴阳师"
08:00,65,1344733855,"光·遇"
08:00,66,1258524226,"恋与制作人"
08:00,67,6755095931,"宗师之上"
08:00,68,1562260653,"无期迷途"
08:00,69,1355684731,"实况:王者集结"
08:00,70,1523037824,"崩坏：星穹铁道"
08:00,71,6498993861,"美职篮巅峰对决"
08:00,72,689180123,"欢乐麻将"
08:00,73,1455833480,"闪耀暖暖-送100抽"
08:00,74,1015364140,"大话西游"
08:00,75,6473333072,"杖剑传说"
08:00,76,1570403223,"梦幻家园 - Homescapes"
08:00,77,6758614459,"肥鹅美食街"
08:00,78,654897098,"天天爱消除"
08:00,79,1520143280,"新仙魔九界"
08:00,80,6768201255,"我要当老祖"
08:00,81,1243986797,"我的世界：移动版"
08:00,82,1618911882,"恋与深空"
08:00,83,6771697396,"镇邪人"
08:00,84,841140063,"炉石传说"
08:00,85,1187917222,"三国战纪：风云再起"
08:00,86,6472696051,"浪漫餐厅™-Gossip Harbor"
08:00,87,6705128304,"电玩捕鱼-经典街机捕鱼高爆版"
08:00,88,1570194962,"王牌竞速-车姬"
08:00,89,1132257692,"天龙八部手游"
08:00,90,6755943637,"遗忘之海-海绵宝宝联动"
08:00,91,6502749617,"失控进化"
08:00,92,1579028465,"肥鹅健身房"
08:00,93,6758141617,"斗破苍穹：斗帝之路"
08:00,94,6450693428,"鸣潮 - 前往玄方地界"
08:00,95,6749257024,"仙界大掌门"
08:00,96,983122251,"魂斗罗:归来"
08:00,97,996509117,"球球大作战-送先知皮肤"
08:00,98,1579028199,"咸鱼之王"
08:00,99,6444558869,"原始征途-2026全新版本"
08:00,100,1504236603,"荒野乱斗"
08:00,101,1634177358,"海岛奇兵 (Boom Beach)"
08:00,102,1498874997,"巅峰极速-三周年庆"
08:00,103,1561903786,"心动小镇"
08:00,104,1086842482,"新剑侠情缘"
08:00,105,6449214722,"次神：光之觉醒-动作冒险休闲闯关游戏"
08:00,106,1611712418,"重返未来：1999-原子之心联动版本"
08:00,107,6740508579,"英雄没有闪"
08:00,108,1435567000,"明日之后"
08:00,109,1492415639,"指尖捕鱼-全民欢乐真人游戏"
08:00,110,6740135856,"龙之谷世界-官方正版手游"
08:00,111,1632344522,"元梦之星-上岛玩"
08:00,112,6474127167,"世界之外"
08:00,113,1552333447,"以闪亮之名"
08:00,114,1555236168,"长安幻想"
08:00,115,6753060186,"三国：天下归心"
08:00,116,1020071295,"忍者必须死3"
08:00,117,6758778913,"云·终末地"
08:00,118,639516529,"植物大战僵尸2-搜打撤玩法上线"
08:00,119,1020109860,"皇家捕鱼电玩城-棋牌,轮盘,捕鱼,扑克游戏"
08:00,120,6739202341,"天堂2：盟约"
08:00,121,1501671346,"一念逍遥·血修"
08:00,122,793077082,"小冰冰传奇-官方怀旧服"
08:00,123,6764530302,"斗罗大陆：传承"
08:00,124,6740756173,"鹅鸭杀"
08:00,125,1582427876,"桃源深处有人家"
08:00,126,897447840,"宾果消消消"
08:00,127,1061051095,"御龙在天手游"
08:00,128,6479343684,"捕鱼达人千炮版-高倍高爆波克捕鱼王者"
08:00,129,1558453472,"斗罗大陆:魂师对决"
08:00,130,6503421200,"云·绝区零 - 周年庆"
08:00,131,6740021287,"假日乐消消"
08:00,132,1612426573,"梦想城镇 - Township"
08:00,133,6746738620,"一路狂飙"
08:00,134,1234954076,"红警OL"
08:00,135,6479410659,"龙族：卡塞尔之门"
08:00,136,1632570713,"乐鸿捕鱼-3D全民鸿运街机欢乐捕鱼高爆版"
08:00,137,672093597,"造梦西游OL"
08:00,138,1123876959,"保卫萝卜4"
08:00,139,1209898544,"途游捕鱼-3D次时代千炮捕鱼"
08:00,140,6526484451,"如鸢"
08:00,141,1449701587,"星际猎人-无尽的拉格朗日全面焕新"
08:00,142,1528917194,"火炬之光：无限"
08:00,143,6760751517,"咻咻勇者"
08:00,144,6479516692,"云・燕云十六声"
08:00,145,6504324535,"时光杂货店"
08:00,146,1467163363,"时空中的绘旅人"
08:00,147,6751826673,"向往的生活官方游戏"
08:00,148,6754126909,"时空猎人·觉醒"
08:00,149,6760402564,"占城大师 - 策略塔防 攻城掠地模拟器"
08:00,150,6748513887,"梦幻消除战"
08:00,151,6670240557,"仙遇"
08:00,152,6450645450,"寻道大千-小妖砍树能修仙"
08:00,153,1404192329,"完美世界"
08:00,154,1090828242,"圣斗士星矢-官方正版(腾讯)"
08:00,155,1232104244,"乱世王者"
08:00,156,1498402704,"江南百景图"
08:00,157,1628270358,"弹壳特攻队"
08:00,158,1563187313,"海王捕鱼-官方版"
08:00,159,1089795423,"一梦江湖"
08:00,160,6738110833,"灵兽大冒险"
08:00,161,958022253,"奇迹暖暖"
08:00,162,6468249909,"四季合合"
08:00,163,6502622479,"无限暖暖"
08:00,164,1519945981,"万国觉醒"
08:00,165,6478398975,"云·鸣潮 - 前往玄方地界"
08:00,166,792562062,"天天炫斗"
08:00,167,1434377838,"狂野飙车9：竞速传奇"
08:00,168,1593603378,"全明星街球派对 - NBA正版授权"
08:00,169,1438842875,"跑跑卡丁车官方竞速版"
08:00,170,967741086,"拳皇98终极之战OL-SNK官方正版授权"
08:00,171,6744015465,"热血江湖：觉醒"
08:00,172,6484164228,"潮汐守望者"
08:00,173,6752448507,"乱涂彩世界"
08:00,174,6748045272,"向末日开炮"
08:00,175,6784163008,"俱乐大玩家"
08:00,176,6760686111,"心跳陷落"
08:00,177,6776597686,"解忧梦幻岛"
08:00,178,6447610302,"冒险岛：枫之传说"
08:00,179,6739669537,"传奇世界无双"
08:00,180,1669193324,"我的休闲时光"
08:00,181,1426313974,"哈灵麻将-本地休闲棋牌"
08:00,182,1580500427,"永劫无间"
08:00,183,6468993345,"最强祖师"
08:00,184,1562846889,"捕鱼游戏王-经典真人街机捕鱼"
08:00,185,1326730621,"香肠派对"
08:00,186,1559181149,"晶核"
08:00,187,1448089228,"掼蛋-惯蛋棋牌休闲游戏平台"
08:00,188,1477923015,"捕鱼炸翻天-火爆重制版"
08:00,189,1464410482,"浙江游戏大厅"
08:00,190,1645516720,"逆战：未来"
08:00,191,6503993560,"问剑长生·邪修"
08:00,192,6468988672,"云•王者荣耀"
08:00,193,1569029742,"云·原神-空月之歌"
08:00,194,1180004118,"最强美职篮"
08:00,195,6466388376,"剑与远征：启程"
08:00,196,6756337465,"夜幕之下"
08:00,197,1066697625,"龙珠激斗"
08:00,198,6467825646,"胜利女神：新的希望"
08:00,199,1503642891,"富豪麻将"
08:00,200,1508509620,"擎天战机"
08:30,1,989673964,"王者荣耀"
08:30,2,1321803705,"和平精英"
08:30,3,1642894547,"三角洲行动"
08:30,4,6478492012,"无尽冬日"
08:30,5,6535673811,"无畏契约：源能行动"
08:30,6,791532221,"开心消消乐"
08:30,7,940547441,"梦幻西游"
08:30,8,1544884479,"蛋仔派对"
08:30,9,6474293468,"向僵尸开炮-尸潮来袭"
08:30,10,1525863146,"捕鱼大作战-街机打鱼游戏王者"
08:30,11,1042545880,"穿越火线-枪战王者"
08:30,12,955396648,"火影忍者"
08:30,13,6544797261,"超自然行动组-鬼吹灯联动"
08:30,14,1478101301,"金铲铲之战"
08:30,15,1305599559,"FC足球世界-杯赛"
08:30,16,1455054000,"英雄联盟手游"
08:30,17,446324234,"腾讯欢乐斗地主"
08:30,18,483330461,"英雄杀"
08:30,19,1505445106,"暗区突围"
08:30,20,6752632961,"时尚百货城"
08:30,21,1529851592,"地下城与勇士：起源"
08:30,22,6748527570,"奔奔王国"
08:30,23,891616303,"指尖四川麻将"
08:30,24,1219233424,"QQ炫舞"
08:30,25,1561105019,"捕鱼大咖-畅爽3D街机捕鱼游戏"
08:30,26,1474572440,"三国志·战略版"
08:30,27,1570790378,"途游休闲捕鱼-百万倍街机王者大作战"
08:30,28,1532699610,"最佳球会-2026足坛盛典版本"
08:30,29,820847275,"多乐够级"
08:30,30,909211092,"率土之滨"
08:30,31,1347776121,"实况足球"
08:30,32,1595603316,"部落冲突（Clash of Clans）"
08:30,33,1665337957,"鱼乐达人-王者捕鱼电玩街机打鱼游戏"
08:30,34,1235504705,"QQ飞车"
08:30,35,6746321359,"我的花园世界"
08:30,36,6502348074,"永远的蔚蓝星球-周杰伦代言"
08:30,37,6503432459,"三国：冰河时代"
08:30,38,6753859465,"明日方舟：终末地"
08:30,39,1501314785,"途游斗地主（比赛版）"
08:30,40,1454663939,"明日方舟"
08:30,41,1570403558,"梦幻花园 - Gardenscapes"
08:30,42,1541570980,"逆水寒"
08:30,43,6466232155,"三国：谋定天下"
08:30,44,1330863325,"第五人格"
08:30,45,1467190251,"原神·空月之歌"
08:30,46,6475668638,"燕云十六声"
08:30,47,1108397779,"命运-冠位指定（Fate/Grand Order）"
08:30,48,6444670359,"大话西游：归来"
08:30,49,6757172630,"疯狂水世界"
08:30,50,6711336814,"美职篮全明星"
08:30,51,1450136725,"竞技联盟德州扑克"
08:30,52,472885640,"JJ斗地主-专业棋牌合集"
08:30,53,407413403,"三国杀"
08:30,54,1439754823,"光与夜之恋"
08:30,55,6478654994,"洛克王国：世界"
08:30,56,6737974680,"保卫向日葵"
08:30,57,1389650592,"三国杀：一将成名"
08:30,58,1606359076,"绝区零 - 周年庆"
08:30,59,1489278985,"乐乐捕鱼-经典高爆真人打鱼游戏"
08:30,60,1033387365,"倩女幽魂"
08:30,61,1595603720,"部落冲突：皇室战争（CR）"
08:30,62,1031897589,"问道"
08:30,63,1488410151,"使命召唤手游"
08:30,64,895670960,"阴阳师"
08:30,65,1344733855,"光·遇"
08:30,66,1258524226,"恋与制作人"
08:30,67,6755095931,"宗师之上"
08:30,68,1562260653,"无期迷途"
08:30,69,1355684731,"实况:王者集结"
08:30,70,1523037824,"崩坏：星穹铁道"
08:30,71,6498993861,"美职篮巅峰对决"
08:30,72,689180123,"欢乐麻将"
08:30,73,1455833480,"闪耀暖暖-送100抽"
08:30,74,1015364140,"大话西游"
08:30,75,6473333072,"杖剑传说"
08:30,76,1570403223,"梦幻家园 - Homescapes"
08:30,77,6758614459,"肥鹅美食街"
08:30,78,654897098,"天天爱消除"
08:30,79,1520143280,"新仙魔九界"
08:30,80,6768201255,"我要当老祖"
08:30,81,1243986797,"我的世界：移动版"
08:30,82,1618911882,"恋与深空"
08:30,83,6771697396,"镇邪人"
08:30,84,841140063,"炉石传说"
08:30,85,1187917222,"三国战纪：风云再起"
08:30,86,6472696051,"浪漫餐厅™-Gossip Harbor"
08:30,87,6705128304,"电玩捕鱼-经典街机捕鱼高爆版"
08:30,88,1570194962,"王牌竞速-车姬"
08:30,89,1132257692,"天龙八部手游"
08:30,90,6755943637,"遗忘之海-海绵宝宝联动"
08:30,91,6502749617,"失控进化"
08:30,92,1579028465,"肥鹅健身房"
08:30,93,6758141617,"斗破苍穹：斗帝之路"
08:30,94,6450693428,"鸣潮 - 前往玄方地界"
08:30,95,6749257024,"仙界大掌门"
08:30,96,983122251,"魂斗罗:归来"
08:30,97,996509117,"球球大作战-送先知皮肤"
08:30,98,1579028199,"咸鱼之王"
08:30,99,6444558869,"原始征途-2026全新版本"
08:30,100,1504236603,"荒野乱斗"
08:30,101,1634177358,"海岛奇兵 (Boom Beach)"
08:30,102,1498874997,"巅峰极速-三周年庆"
08:30,103,1561903786,"心动小镇"
08:30,104,1086842482,"新剑侠情缘"
08:30,105,6449214722,"次神：光之觉醒-动作冒险休闲闯关游戏"
08:30,106,1611712418,"重返未来：1999-原子之心联动版本"
08:30,107,6740508579,"英雄没有闪"
08:30,108,1435567000,"明日之后"
08:30,109,1492415639,"指尖捕鱼-全民欢乐真人游戏"
08:30,110,6740135856,"龙之谷世界-官方正版手游"
08:30,111,1632344522,"元梦之星-上岛玩"
08:30,112,6474127167,"世界之外"
08:30,113,1552333447,"以闪亮之名"
08:30,114,1555236168,"长安幻想"
08:30,115,6753060186,"三国：天下归心"
08:30,116,1020071295,"忍者必须死3"
08:30,117,6758778913,"云·终末地"
08:30,118,639516529,"植物大战僵尸2-搜打撤玩法上线"
08:30,119,1020109860,"皇家捕鱼电玩城-棋牌,轮盘,捕鱼,扑克游戏"
08:30,120,6739202341,"天堂2：盟约"
08:30,121,1501671346,"一念逍遥·血修"
08:30,122,793077082,"小冰冰传奇-官方怀旧服"
08:30,123,6764530302,"斗罗大陆：传承"
08:30,124,6740756173,"鹅鸭杀"
08:30,125,1582427876,"桃源深处有人家"
08:30,126,897447840,"宾果消消消"
08:30,127,1061051095,"御龙在天手游"
08:30,128,6479343684,"捕鱼达人千炮版-高倍高爆波克捕鱼王者"
08:30,129,1558453472,"斗罗大陆:魂师对决"
08:30,130,6503421200,"云·绝区零 - 周年庆"
08:30,131,6740021287,"假日乐消消"
08:30,132,1612426573,"梦想城镇 - Township"
08:30,133,6746738620,"一路狂飙"
08:30,134,1234954076,"红警OL"
08:30,135,6479410659,"龙族：卡塞尔之门"
08:30,136,1632570713,"乐鸿捕鱼-3D全民鸿运街机欢乐捕鱼高爆版"
08:30,137,672093597,"造梦西游OL"
08:30,138,1123876959,"保卫萝卜4"
08:30,139,1209898544,"途游捕鱼-3D次时代千炮捕鱼"
08:30,140,6526484451,"如鸢"
08:30,141,1449701587,"星际猎人-无尽的拉格朗日全面焕新"
08:30,142,1528917194,"火炬之光：无限"
08:30,143,6760751517,"咻咻勇者"
08:30,144,6479516692,"云・燕云十六声"
08:30,145,6504324535,"时光杂货店"
08:30,146,1467163363,"时空中的绘旅人"
08:30,147,6751826673,"向往的生活官方游戏"
08:30,148,6754126909,"时空猎人·觉醒"
08:30,149,6760402564,"占城大师 - 策略塔防 攻城掠地模拟器"
08:30,150,6748513887,"梦幻消除战"
08:30,151,6670240557,"仙遇"
08:30,152,6450645450,"寻道大千-小妖砍树能修仙"
08:30,153,1404192329,"完美世界"
08:30,154,1090828242,"圣斗士星矢-官方正版(腾讯)"
08:30,155,1232104244,"乱世王者"
08:30,156,1498402704,"江南百景图"
08:30,157,1628270358,"弹壳特攻队"
08:30,158,1563187313,"海王捕鱼-官方版"
08:30,159,1089795423,"一梦江湖"
08:30,160,6738110833,"灵兽大冒险"
08:30,161,958022253,"奇迹暖暖"
08:30,162,6468249909,"四季合合"
08:30,163,6502622479,"无限暖暖"
08:30,164,1519945981,"万国觉醒"
08:30,165,6478398975,"云·鸣潮 - 前往玄方地界"
08:30,166,792562062,"天天炫斗"
08:30,167,1434377838,"狂野飙车9：竞速传奇"
08:30,168,1593603378,"全明星街球派对 - NBA正版授权"
08:30,169,1438842875,"跑跑卡丁车官方竞速版"
08:30,170,967741086,"拳皇98终极之战OL-SNK官方正版授权"
08:30,171,6744015465,"热血江湖：觉醒"
08:30,172,6484164228,"潮汐守望者"
08:30,173,6752448507,"乱涂彩世界"
08:30,174,6748045272,"向末日开炮"
08:30,175,6784163008,"俱乐大玩家"
08:30,176,6760686111,"心跳陷落"
08:30,177,6776597686,"解忧梦幻岛"
08:30,178,6447610302,"冒险岛：枫之传说"
08:30,179,6739669537,"传奇世界无双"
08:30,180,1669193324,"我的休闲时光"
08:30,181,1426313974,"哈灵麻将-本地休闲棋牌"
08:30,182,1580500427,"永劫无间"
08:30,183,6468993345,"最强祖师"
08:30,184,1562846889,"捕鱼游戏王-经典真人街机捕鱼"
08:30,185,1326730621,"香肠派对"
08:30,186,1559181149,"晶核"
08:30,187,1448089228,"掼蛋-惯蛋棋牌休闲游戏平台"
08:30,188,1477923015,"捕鱼炸翻天-火爆重制版"
08:30,189,1464410482,"浙江游戏大厅"
08:30,190,1645516720,"逆战：未来"
08:30,191,6503993560,"问剑长生·邪修"
08:30,192,6468988672,"云•王者荣耀"
08:30,193,1569029742,"云·原神-空月之歌"
08:30,194,1180004118,"最强美职篮"
08:30,195,6466388376,"剑与远征：启程"
08:30,196,6756337465,"夜幕之下"
08:30,197,1066697625,"龙珠激斗"
08:30,198,6467825646,"胜利女神：新的希望"
08:30,199,1503642891,"富豪麻将"
08:30,200,1508509620,"擎天战机"
10:30,1,989673964,"王者荣耀"
10:30,2,1321803705,"和平精英"
10:30,3,1642894547,"三角洲行动"
10:30,4,6478492012,"无尽冬日"
10:30,5,6535673811,"无畏契约：源能行动"
10:30,6,791532221,"开心消消乐"
10:30,7,940547441,"梦幻西游"
10:30,8,1544884479,"蛋仔派对"
10:30,9,6474293468,"向僵尸开炮-尸潮来袭"
10:30,10,1525863146,"捕鱼大作战-街机打鱼游戏王者"
10:30,11,1042545880,"穿越火线-枪战王者"
10:30,12,955396648,"火影忍者"
10:30,13,6544797261,"超自然行动组-鬼吹灯联动"
10:30,14,1478101301,"金铲铲之战"
10:30,15,1305599559,"FC足球世界-杯赛"
10:30,16,1455054000,"英雄联盟手游"
10:30,17,446324234,"腾讯欢乐斗地主"
10:30,18,483330461,"英雄杀"
10:30,19,1505445106,"暗区突围"
10:30,20,6752632961,"时尚百货城"
10:30,21,1529851592,"地下城与勇士：起源"
10:30,22,6748527570,"奔奔王国"
10:30,23,891616303,"指尖四川麻将"
10:30,24,1219233424,"QQ炫舞"
10:30,25,1561105019,"捕鱼大咖-畅爽3D街机捕鱼游戏"
10:30,26,1474572440,"三国志·战略版"
10:30,27,1570790378,"途游休闲捕鱼-百万倍街机王者大作战"
10:30,28,1532699610,"最佳球会-2026足坛盛典版本"
10:30,29,820847275,"多乐够级"
10:30,30,909211092,"率土之滨"
10:30,31,1347776121,"实况足球"
10:30,32,1595603316,"部落冲突（Clash of Clans）"
10:30,33,1665337957,"鱼乐达人-王者捕鱼电玩街机打鱼游戏"
10:30,34,1235504705,"QQ飞车"
10:30,35,6746321359,"我的花园世界"
10:30,36,6502348074,"永远的蔚蓝星球-周杰伦代言"
10:30,37,6503432459,"三国：冰河时代"
10:30,38,6753859465,"明日方舟：终末地"
10:30,39,1501314785,"途游斗地主（比赛版）"
10:30,40,1454663939,"明日方舟"
10:30,41,1570403558,"梦幻花园 - Gardenscapes"
10:30,42,1541570980,"逆水寒"
10:30,43,6466232155,"三国：谋定天下"
10:30,44,1330863325,"第五人格"
10:30,45,1467190251,"原神·空月之歌"
10:30,46,6475668638,"燕云十六声"
10:30,47,1108397779,"命运-冠位指定（Fate/Grand Order）"
10:30,48,6444670359,"大话西游：归来"
10:30,49,6757172630,"疯狂水世界"
10:30,50,6711336814,"美职篮全明星"
10:30,51,1450136725,"竞技联盟德州扑克"
10:30,52,472885640,"JJ斗地主-专业棋牌合集"
10:30,53,407413403,"三国杀"
10:30,54,1439754823,"光与夜之恋"
10:30,55,6478654994,"洛克王国：世界"
10:30,56,6737974680,"保卫向日葵"
10:30,57,1389650592,"三国杀：一将成名"
10:30,58,1606359076,"绝区零 - 周年庆"
10:30,59,1489278985,"乐乐捕鱼-经典高爆真人打鱼游戏"
10:30,60,1033387365,"倩女幽魂"
10:30,61,1595603720,"部落冲突：皇室战争（CR）"
10:30,62,1031897589,"问道"
10:30,63,1488410151,"使命召唤手游"
10:30,64,895670960,"阴阳师"
10:30,65,1344733855,"光·遇"
10:30,66,1258524226,"恋与制作人"
10:30,67,6755095931,"宗师之上"
10:30,68,1562260653,"无期迷途"
10:30,69,1355684731,"实况:王者集结"
10:30,70,1523037824,"崩坏：星穹铁道"
10:30,71,6498993861,"美职篮巅峰对决"
10:30,72,689180123,"欢乐麻将"
10:30,73,1455833480,"闪耀暖暖-送100抽"
10:30,74,1015364140,"大话西游"
10:30,75,6473333072,"杖剑传说"
10:30,76,1570403223,"梦幻家园 - Homescapes"
10:30,77,6758614459,"肥鹅美食街"
10:30,78,654897098,"天天爱消除"
10:30,79,1520143280,"新仙魔九界"
10:30,80,6768201255,"我要当老祖"
10:30,81,1243986797,"我的世界：移动版"
10:30,82,1618911882,"恋与深空"
10:30,83,6771697396,"镇邪人"
10:30,84,841140063,"炉石传说"
10:30,85,1187917222,"三国战纪：风云再起"
10:30,86,6472696051,"浪漫餐厅™-Gossip Harbor"
10:30,87,6705128304,"电玩捕鱼-经典街机捕鱼高爆版"
10:30,88,1570194962,"王牌竞速-车姬"
10:30,89,1132257692,"天龙八部手游"
10:30,90,6755943637,"遗忘之海-海绵宝宝联动"
10:30,91,6502749617,"失控进化"
10:30,92,1579028465,"肥鹅健身房"
10:30,93,6758141617,"斗破苍穹：斗帝之路"
10:30,94,6450693428,"鸣潮 - 前往玄方地界"
10:30,95,6749257024,"仙界大掌门"
10:30,96,983122251,"魂斗罗:归来"
10:30,97,996509117,"球球大作战-送先知皮肤"
10:30,98,1579028199,"咸鱼之王"
10:30,99,6444558869,"原始征途-2026全新版本"
10:30,100,1504236603,"荒野乱斗"
10:30,101,1634177358,"海岛奇兵 (Boom Beach)"
10:30,102,1498874997,"巅峰极速-三周年庆"
10:30,103,1561903786,"心动小镇"
10:30,104,1086842482,"新剑侠情缘"
10:30,105,6449214722,"次神：光之觉醒-动作冒险休闲闯关游戏"
10:30,106,1611712418,"重返未来：1999-原子之心联动版本"
10:30,107,6740508579,"英雄没有闪"
10:30,108,1435567000,"明日之后"
10:30,109,1492415639,"指尖捕鱼-全民欢乐真人游戏"
10:30,110,6740135856,"龙之谷世界-官方正版手游"
10:30,111,1632344522,"元梦之星-上岛玩"
10:30,112,6474127167,"世界之外"
10:30,113,1552333447,"以闪亮之名"
10:30,114,1555236168,"长安幻想"
10:30,115,6753060186,"三国：天下归心"
10:30,116,1020071295,"忍者必须死3"
10:30,117,6758778913,"云·终末地"
10:30,118,639516529,"植物大战僵尸2-搜打撤玩法上线"
10:30,119,1020109860,"皇家捕鱼电玩城-棋牌,轮盘,捕鱼,扑克游戏"
10:30,120,6739202341,"天堂2：盟约"
10:30,121,1501671346,"一念逍遥·血修"
10:30,122,793077082,"小冰冰传奇-官方怀旧服"
10:30,123,6764530302,"斗罗大陆：传承"
10:30,124,6740756173,"鹅鸭杀"
10:30,125,1582427876,"桃源深处有人家"
10:30,126,897447840,"宾果消消消"
10:30,127,1061051095,"御龙在天手游"
10:30,128,6479343684,"捕鱼达人千炮版-高倍高爆波克捕鱼王者"
10:30,129,1558453472,"斗罗大陆:魂师对决"
10:30,130,6503421200,"云·绝区零 - 周年庆"
10:30,131,6740021287,"假日乐消消"
10:30,132,1612426573,"梦想城镇 - Township"
10:30,133,6746738620,"一路狂飙"
10:30,134,1234954076,"红警OL"
10:30,135,6479410659,"龙族：卡塞尔之门"
10:30,136,1632570713,"乐鸿捕鱼-3D全民鸿运街机欢乐捕鱼高爆版"
10:30,137,672093597,"造梦西游OL"
10:30,138,1123876959,"保卫萝卜4"
10:30,139,1209898544,"途游捕鱼-3D次时代千炮捕鱼"
10:30,140,6526484451,"如鸢"
10:30,141,1449701587,"星际猎人-无尽的拉格朗日全面焕新"
10:30,142,1528917194,"火炬之光：无限"
10:30,143,6760751517,"咻咻勇者"
10:30,144,6479516692,"云・燕云十六声"
10:30,145,6504324535,"时光杂货店"
10:30,146,1467163363,"时空中的绘旅人"
10:30,147,6751826673,"向往的生活官方游戏"
10:30,148,6754126909,"时空猎人·觉醒"
10:30,149,6760402564,"占城大师 - 策略塔防 攻城掠地模拟器"
10:30,150,6748513887,"梦幻消除战"
10:30,151,6670240557,"仙遇"
10:30,152,6450645450,"寻道大千-小妖砍树能修仙"
10:30,153,1404192329,"完美世界"
10:30,154,1090828242,"圣斗士星矢-官方正版(腾讯)"
10:30,155,1232104244,"乱世王者"
10:30,156,1498402704,"江南百景图"
10:30,157,1628270358,"弹壳特攻队"
10:30,158,1563187313,"海王捕鱼-官方版"
10:30,159,1089795423,"一梦江湖"
10:30,160,6738110833,"灵兽大冒险"
10:30,161,958022253,"奇迹暖暖"
10:30,162,6468249909,"四季合合"
10:30,163,6502622479,"无限暖暖"
10:30,164,1519945981,"万国觉醒"
10:30,165,6478398975,"云·鸣潮 - 前往玄方地界"
10:30,166,792562062,"天天炫斗"
10:30,167,1434377838,"狂野飙车9：竞速传奇"
10:30,168,1593603378,"全明星街球派对 - NBA正版授权"
10:30,169,1438842875,"跑跑卡丁车官方竞速版"
10:30,170,967741086,"拳皇98终极之战OL-SNK官方正版授权"
10:30,171,6744015465,"热血江湖：觉醒"
10:30,172,6484164228,"潮汐守望者"
10:30,173,6752448507,"乱涂彩世界"
10:30,174,6748045272,"向末日开炮"
10:30,175,6784163008,"俱乐大玩家"
10:30,176,6760686111,"心跳陷落"
10:30,177,6776597686,"解忧梦幻岛"
10:30,178,6447610302,"冒险岛：枫之传说"
10:30,179,6739669537,"传奇世界无双"
10:30,180,1669193324,"我的休闲时光"
10:30,181,1426313974,"哈灵麻将-本地休闲棋牌"
10:30,182,1580500427,"永劫无间"
10:30,183,6468993345,"最强祖师"
10:30,184,1562846889,"捕鱼游戏王-经典真人街机捕鱼"
10:30,185,1326730621,"香肠派对"
10:30,186,1559181149,"晶核"
10:30,187,1448089228,"掼蛋-惯蛋棋牌休闲游戏平台"
10:30,188,1477923015,"捕鱼炸翻天-火爆重制版"
10:30,189,1464410482,"浙江游戏大厅"
10:30,190,1645516720,"逆战：未来"
10:30,191,6503993560,"问剑长生·邪修"
10:30,192,6468988672,"云•王者荣耀"
10:30,193,1569029742,"云·原神-空月之歌"
10:30,194,1180004118,"最强美职篮"
10:30,195,6466388376,"剑与远征：启程"
10:30,196,6756337465,"夜幕之下"
10:30,197,1066697625,"龙珠激斗"
10:30,198,6467825646,"胜利女神：新的希望"
10:30,199,1503642891,"富豪麻将"
10:30,200,1508509620,"擎天战机"
12:00,1,989673964,"王者荣耀"
12:00,2,1321803705,"和平精英"
12:00,3,1642894547,"三角洲行动"
12:00,4,6478492012,"无尽冬日"
12:00,5,6535673811,"无畏契约：源能行动"
12:00,6,791532221,"开心消消乐"
12:00,7,940547441,"梦幻西游"
12:00,8,1544884479,"蛋仔派对"
12:00,9,6474293468,"向僵尸开炮-尸潮来袭"
12:00,10,1525863146,"捕鱼大作战-街机打鱼游戏王者"
12:00,11,1042545880,"穿越火线-枪战王者"
12:00,12,955396648,"火影忍者"
12:00,13,6544797261,"超自然行动组-鬼吹灯联动"
12:00,14,1478101301,"金铲铲之战"
12:00,15,1305599559,"FC足球世界-杯赛"
12:00,16,1455054000,"英雄联盟手游"
12:00,17,446324234,"腾讯欢乐斗地主"
12:00,18,483330461,"英雄杀"
12:00,19,1505445106,"暗区突围"
12:00,20,6752632961,"时尚百货城"
12:00,21,1529851592,"地下城与勇士：起源"
12:00,22,6748527570,"奔奔王国"
12:00,23,891616303,"指尖四川麻将"
12:00,24,1219233424,"QQ炫舞"
12:00,25,1561105019,"捕鱼大咖-畅爽3D街机捕鱼游戏"
12:00,26,1474572440,"三国志·战略版"
12:00,27,1570790378,"途游休闲捕鱼-百万倍街机王者大作战"
12:00,28,1532699610,"最佳球会-2026足坛盛典版本"
12:00,29,820847275,"多乐够级"
12:00,30,909211092,"率土之滨"
12:00,31,1347776121,"实况足球"
12:00,32,1595603316,"部落冲突（Clash of Clans）"
12:00,33,1665337957,"鱼乐达人-王者捕鱼电玩街机打鱼游戏"
12:00,34,1235504705,"QQ飞车"
12:00,35,6746321359,"我的花园世界"
12:00,36,6502348074,"永远的蔚蓝星球-周杰伦代言"
12:00,37,6503432459,"三国：冰河时代"
12:00,38,6753859465,"明日方舟：终末地"
12:00,39,1501314785,"途游斗地主（比赛版）"
12:00,40,1454663939,"明日方舟"
12:00,41,1570403558,"梦幻花园 - Gardenscapes"
12:00,42,1541570980,"逆水寒"
12:00,43,6466232155,"三国：谋定天下"
12:00,44,1330863325,"第五人格"
12:00,45,1467190251,"原神·空月之歌"
12:00,46,6475668638,"燕云十六声"
12:00,47,1108397779,"命运-冠位指定（Fate/Grand Order）"
12:00,48,6444670359,"大话西游：归来"
12:00,49,6757172630,"疯狂水世界"
12:00,50,6711336814,"美职篮全明星"
12:00,51,1450136725,"竞技联盟德州扑克"
12:00,52,472885640,"JJ斗地主-专业棋牌合集"
12:00,53,407413403,"三国杀"
12:00,54,1439754823,"光与夜之恋"
12:00,55,6478654994,"洛克王国：世界"
12:00,56,6737974680,"保卫向日葵"
12:00,57,1389650592,"三国杀：一将成名"
12:00,58,1606359076,"绝区零 - 周年庆"
12:00,59,1489278985,"乐乐捕鱼-经典高爆真人打鱼游戏"
12:00,60,1033387365,"倩女幽魂"
12:00,61,1595603720,"部落冲突：皇室战争（CR）"
12:00,62,1031897589,"问道"
12:00,63,1488410151,"使命召唤手游"
12:00,64,895670960,"阴阳师"
12:00,65,1344733855,"光·遇"
12:00,66,1258524226,"恋与制作人"
12:00,67,6755095931,"宗师之上"
12:00,68,1562260653,"无期迷途"
12:00,69,1355684731,"实况:王者集结"
12:00,70,1523037824,"崩坏：星穹铁道"
12:00,71,6498993861,"美职篮巅峰对决"
12:00,72,689180123,"欢乐麻将"
12:00,73,1455833480,"闪耀暖暖-送100抽"
12:00,74,1015364140,"大话西游"
12:00,75,6473333072,"杖剑传说"
12:00,76,1570403223,"梦幻家园 - Homescapes"
12:00,77,6758614459,"肥鹅美食街"
12:00,78,654897098,"天天爱消除"
12:00,79,1520143280,"新仙魔九界"
12:00,80,6768201255,"我要当老祖"
12:00,81,1243986797,"我的世界：移动版"
12:00,82,1618911882,"恋与深空"
12:00,83,6771697396,"镇邪人"
12:00,84,841140063,"炉石传说"
12:00,85,1187917222,"三国战纪：风云再起"
12:00,86,6472696051,"浪漫餐厅™-Gossip Harbor"
12:00,87,6705128304,"电玩捕鱼-经典街机捕鱼高爆版"
12:00,88,1570194962,"王牌竞速-车姬"
12:00,89,1132257692,"天龙八部手游"
12:00,90,6755943637,"遗忘之海-海绵宝宝联动"
12:00,91,6502749617,"失控进化"
12:00,92,1579028465,"肥鹅健身房"
12:00,93,6758141617,"斗破苍穹：斗帝之路"
12:00,94,6450693428,"鸣潮 - 前往玄方地界"
12:00,95,6749257024,"仙界大掌门"
12:00,96,983122251,"魂斗罗:归来"
12:00,97,996509117,"球球大作战-送先知皮肤"
12:00,98,1579028199,"咸鱼之王"
12:00,99,6444558869,"原始征途-2026全新版本"
12:00,100,1504236603,"荒野乱斗"
12:00,101,1634177358,"海岛奇兵 (Boom Beach)"
12:00,102,1498874997,"巅峰极速-三周年庆"
12:00,103,1561903786,"心动小镇"
12:00,104,1086842482,"新剑侠情缘"
12:00,105,6449214722,"次神：光之觉醒-动作冒险休闲闯关游戏"
12:00,106,1611712418,"重返未来：1999-原子之心联动版本"
12:00,107,6740508579,"英雄没有闪"
12:00,108,1435567000,"明日之后"
12:00,109,1492415639,"指尖捕鱼-全民欢乐真人游戏"
12:00,110,6740135856,"龙之谷世界-官方正版手游"
12:00,111,1632344522,"元梦之星-上岛玩"
12:00,112,6474127167,"世界之外"
12:00,113,1552333447,"以闪亮之名"
12:00,114,1555236168,"长安幻想"
12:00,115,6753060186,"三国：天下归心"
12:00,116,1020071295,"忍者必须死3"
12:00,117,6758778913,"云·终末地"
12:00,118,639516529,"植物大战僵尸2-搜打撤玩法上线"
12:00,119,1020109860,"皇家捕鱼电玩城-棋牌,轮盘,捕鱼,扑克游戏"
12:00,120,6739202341,"天堂2：盟约"
12:00,121,1501671346,"一念逍遥·血修"
12:00,122,793077082,"小冰冰传奇-官方怀旧服"
12:00,123,6764530302,"斗罗大陆：传承"
12:00,124,6740756173,"鹅鸭杀"
12:00,125,1582427876,"桃源深处有人家"
12:00,126,897447840,"宾果消消消"
12:00,127,1061051095,"御龙在天手游"
12:00,128,6479343684,"捕鱼达人千炮版-高倍高爆波克捕鱼王者"
12:00,129,1558453472,"斗罗大陆:魂师对决"
12:00,130,6503421200,"云·绝区零 - 周年庆"
12:00,131,6740021287,"假日乐消消"
12:00,132,1612426573,"梦想城镇 - Township"
12:00,133,6746738620,"一路狂飙"
12:00,134,1234954076,"红警OL"
12:00,135,6479410659,"龙族：卡塞尔之门"
12:00,136,1632570713,"乐鸿捕鱼-3D全民鸿运街机欢乐捕鱼高爆版"
12:00,137,672093597,"造梦西游OL"
12:00,138,1123876959,"保卫萝卜4"
12:00,139,1209898544,"途游捕鱼-3D次时代千炮捕鱼"
12:00,140,6526484451,"如鸢"
12:00,141,1449701587,"星际猎人-无尽的拉格朗日全面焕新"
12:00,142,1528917194,"火炬之光：无限"
12:00,143,6760751517,"咻咻勇者"
12:00,144,6479516692,"云・燕云十六声"
12:00,145,6504324535,"时光杂货店"
12:00,146,1467163363,"时空中的绘旅人"
12:00,147,6751826673,"向往的生活官方游戏"
12:00,148,6754126909,"时空猎人·觉醒"
12:00,149,6760402564,"占城大师 - 策略塔防 攻城掠地模拟器"
12:00,150,6748513887,"梦幻消除战"
12:00,151,6670240557,"仙遇"
12:00,152,6450645450,"寻道大千-小妖砍树能修仙"
12:00,153,1404192329,"完美世界"
12:00,154,1090828242,"圣斗士星矢-官方正版(腾讯)"
12:00,155,1232104244,"乱世王者"
12:00,156,1498402704,"江南百景图"
12:00,157,1628270358,"弹壳特攻队"
12:00,158,1563187313,"海王捕鱼-官方版"
12:00,159,1089795423,"一梦江湖"
12:00,160,6738110833,"灵兽大冒险"
12:00,161,958022253,"奇迹暖暖"
12:00,162,6468249909,"四季合合"
12:00,163,6502622479,"无限暖暖"
12:00,164,1519945981,"万国觉醒"
12:00,165,6478398975,"云·鸣潮 - 前往玄方地界"
12:00,166,792562062,"天天炫斗"
12:00,167,1434377838,"狂野飙车9：竞速传奇"
12:00,168,1593603378,"全明星街球派对 - NBA正版授权"
12:00,169,1438842875,"跑跑卡丁车官方竞速版"
12:00,170,967741086,"拳皇98终极之战OL-SNK官方正版授权"
12:00,171,6744015465,"热血江湖：觉醒"
12:00,172,6484164228,"潮汐守望者"
12:00,173,6752448507,"乱涂彩世界"
12:00,174,6748045272,"向末日开炮"
12:00,175,6784163008,"俱乐大玩家"
12:00,176,6760686111,"心跳陷落"
12:00,177,6776597686,"解忧梦幻岛"
12:00,178,6447610302,"冒险岛：枫之传说"
12:00,179,6739669537,"传奇世界无双"
12:00,180,1669193324,"我的休闲时光"
12:00,181,1426313974,"哈灵麻将-本地休闲棋牌"
12:00,182,1580500427,"永劫无间"
12:00,183,6468993345,"最强祖师"
12:00,184,1562846889,"捕鱼游戏王-经典真人街机捕鱼"
12:00,185,1326730621,"香肠派对"
12:00,186,1559181149,"晶核"
12:00,187,1448089228,"掼蛋-惯蛋棋牌休闲游戏平台"
12:00,188,1477923015,"捕鱼炸翻天-火爆重制版"
12:00,189,1464410482,"浙江游戏大厅"
12:00,190,1645516720,"逆战：未来"
12:00,191,6503993560,"问剑长生·邪修"
12:00,192,6468988672,"云•王者荣耀"
12:00,193,1569029742,"云·原神-空月之歌"
12:00,194,1180004118,"最强美职篮"
12:00,195,6466388376,"剑与远征：启程"
12:00,196,6756337465,"夜幕之下"
12:00,197,1066697625,"龙珠激斗"
12:00,198,6467825646,"胜利女神：新的希望"
12:00,199,1503642891,"富豪麻将"
12:00,200,1508509620,"擎天战机"
13:30,1,989673964,"王者荣耀"
13:30,2,1321803705,"和平精英"
13:30,3,1642894547,"三角洲行动"
13:30,4,6478492012,"无尽冬日"
13:30,5,6535673811,"无畏契约：源能行动"
13:30,6,791532221,"开心消消乐"
13:30,7,940547441,"梦幻西游"
13:30,8,1544884479,"蛋仔派对"
13:30,9,6474293468,"向僵尸开炮-尸潮来袭"
13:30,10,1525863146,"捕鱼大作战-街机打鱼游戏王者"
13:30,11,1042545880,"穿越火线-枪战王者"
13:30,12,955396648,"火影忍者"
13:30,13,1478101301,"金铲铲之战"
13:30,14,6544797261,"超自然行动组-鬼吹灯联动"
13:30,15,1305599559,"FC足球世界-杯赛"
13:30,16,1455054000,"英雄联盟手游"
13:30,17,483330461,"英雄杀"
13:30,18,446324234,"腾讯欢乐斗地主"
13:30,19,1529851592,"地下城与勇士：起源"
13:30,20,6752632961,"时尚百货城"
13:30,21,1505445106,"暗区突围"
13:30,22,891616303,"指尖四川麻将"
13:30,23,6748527570,"奔奔王国"
13:30,24,1474572440,"三国志·战略版"
13:30,25,1561105019,"捕鱼大咖-畅爽3D街机捕鱼游戏"
13:30,26,1219233424,"QQ炫舞"
13:30,27,1570790378,"途游休闲捕鱼-百万倍街机王者大作战"
13:30,28,909211092,"率土之滨"
13:30,29,1532699610,"最佳球会-2026足坛盛典版本"
13:30,30,820847275,"多乐够级"
13:30,31,1235504705,"QQ飞车"
13:30,32,6502348074,"永远的蔚蓝星球-周杰伦代言"
13:30,33,1347776121,"实况足球"
13:30,34,1665337957,"鱼乐达人-王者捕鱼电玩街机打鱼游戏"
13:30,35,1595603316,"部落冲突（Clash of Clans）"
13:30,36,1454663939,"明日方舟"
13:30,37,6503432459,"三国：冰河时代"
13:30,38,6746321359,"我的花园世界"
13:30,39,1501314785,"途游斗地主（比赛版）"
13:30,40,6753859465,"明日方舟：终末地"
13:30,41,1570403558,"梦幻花园 - Gardenscapes"
13:30,42,1467190251,"原神·空月之歌"
13:30,43,1541570980,"逆水寒"
13:30,44,6466232155,"三国：谋定天下"
13:30,45,1108397779,"命运-冠位指定（Fate/Grand Order）"
13:30,46,1330863325,"第五人格"
13:30,47,6475668638,"燕云十六声"
13:30,48,6444670359,"大话西游：归来"
13:30,49,6757172630,"疯狂水世界"
13:30,50,1450136725,"竞技联盟德州扑克"
13:30,51,6711336814,"美职篮全明星"
13:30,52,472885640,"JJ斗地主-专业棋牌合集"
13:30,53,6478654994,"洛克王国：世界"
13:30,54,895670960,"阴阳师"
13:30,55,407413403,"三国杀"
13:30,56,1033387365,"倩女幽魂"
13:30,57,1439754823,"光与夜之恋"
13:30,58,1489278985,"乐乐捕鱼-经典高爆真人打鱼游戏"
13:30,59,1389650592,"三国杀：一将成名"
13:30,60,6737974680,"保卫向日葵"
13:30,61,1606359076,"绝区零 - 周年庆"
13:30,62,1031897589,"问道"
13:30,63,6755095931,"宗师之上"
13:30,64,1015364140,"大话西游"
13:30,65,1595603720,"部落冲突：皇室战争（CR）"
13:30,66,1488410151,"使命召唤手游"
13:30,67,1523037824,"崩坏：星穹铁道"
13:30,68,1344733855,"光·遇"
13:30,69,1258524226,"恋与制作人"
13:30,70,1562260653,"无期迷途"
13:30,71,6473333072,"杖剑传说"
13:30,72,689180123,"欢乐麻将"
13:30,73,1355684731,"实况:王者集结"
13:30,74,6498993861,"美职篮巅峰对决"
13:30,75,1455833480,"闪耀暖暖-送100抽"
13:30,76,654897098,"天天爱消除"
13:30,77,1570403223,"梦幻家园 - Homescapes"
13:30,78,1618911882,"恋与深空"
13:30,79,6758614459,"肥鹅美食街"
13:30,80,1520143280,"新仙魔九界"
13:30,81,6768201255,"我要当老祖"
13:30,82,1132257692,"天龙八部手游"
13:30,83,983122251,"魂斗罗:归来"
13:30,84,1243986797,"我的世界：移动版"
13:30,85,6771697396,"镇邪人"
13:30,86,841140063,"炉石传说"
13:30,87,1579028199,"咸鱼之王"
13:30,88,1086842482,"新剑侠情缘"
13:30,89,1187917222,"三国战纪：风云再起"
13:30,90,6472696051,"浪漫餐厅™-Gossip Harbor"
13:30,91,6705128304,"电玩捕鱼-经典街机捕鱼高爆版"
13:30,92,996509117,"球球大作战-送先知皮肤"
13:30,93,1570194962,"王牌竞速-车姬"
13:30,94,6444558869,"原始征途-2026全新版本"
13:30,95,6758141617,"斗破苍穹：斗帝之路"
13:30,96,1579028465,"肥鹅健身房"
13:30,97,6755943637,"遗忘之海-海绵宝宝联动"
13:30,98,6450693428,"鸣潮 - 前往玄方地界"
13:30,99,6502749617,"失控进化"
13:30,100,6749257024,"仙界大掌门"
13:30,101,1435567000,"明日之后"
13:30,102,1504236603,"荒野乱斗"
13:30,103,1498874997,"巅峰极速-三周年庆"
13:30,104,1492415639,"指尖捕鱼-全民欢乐真人游戏"
13:30,105,1561903786,"心动小镇"
13:30,106,6740508579,"英雄没有闪"
13:30,107,6753060186,"三国：天下归心"
13:30,108,1634177358,"海岛奇兵 (Boom Beach)"
13:30,109,6449214722,"次神：光之觉醒-动作冒险休闲闯关游戏"
13:30,110,1611712418,"重返未来：1999-原子之心联动版本"
13:30,111,1632344522,"元梦之星-上岛玩"
13:30,112,6740135856,"龙之谷世界-官方正版手游"
13:30,113,1555236168,"长安幻想"
13:30,114,1501671346,"一念逍遥·血修"
13:30,115,6474127167,"世界之外"
13:30,116,1552333447,"以闪亮之名"
13:30,117,639516529,"植物大战僵尸2-搜打撤玩法上线"
13:30,118,793077082,"小冰冰传奇-官方怀旧服"
13:30,119,1020071295,"忍者必须死3"
13:30,120,1558453472,"斗罗大陆:魂师对决"
13:30,121,1020109860,"皇家捕鱼电玩城-棋牌,轮盘,捕鱼,扑克游戏"
13:30,122,6758778913,"云·终末地"
13:30,123,1234954076,"红警OL"
13:30,124,1061051095,"御龙在天手游"
13:30,125,897447840,"宾果消消消"
13:30,126,6764530302,"斗罗大陆：传承"
13:30,127,6740756173,"鹅鸭杀"
13:30,128,6754126909,"时空猎人·觉醒"
13:30,129,6739202341,"天堂2：盟约"
13:30,130,672093597,"造梦西游OL"
13:30,131,6746738620,"一路狂飙"
13:30,132,1404192329,"完美世界"
13:30,133,6479343684,"捕鱼达人千炮版-高倍高爆波克捕鱼王者"
13:30,134,1582427876,"桃源深处有人家"
13:30,135,6740021287,"假日乐消消"
13:30,136,1232104244,"乱世王者"
13:30,137,6479410659,"龙族：卡塞尔之门"
13:30,138,6503421200,"云·绝区零 - 周年庆"
13:30,139,1632570713,"乐鸿捕鱼-3D全民鸿运街机欢乐捕鱼高爆版"
13:30,140,6670240557,"仙遇"
13:30,141,1612426573,"梦想城镇 - Township"
13:30,142,1209898544,"途游捕鱼-3D次时代千炮捕鱼"
13:30,143,1123876959,"保卫萝卜4"
13:30,144,1089795423,"一梦江湖"
13:30,145,1449701587,"星际猎人-无尽的拉格朗日全面焕新"
13:30,146,1528917194,"火炬之光：无限"
13:30,147,1519945981,"万国觉醒"
13:30,148,1090828242,"圣斗士星矢-官方正版(腾讯)"
13:30,149,6526484451,"如鸢"
13:30,150,6479516692,"云・燕云十六声"
13:30,151,958022253,"奇迹暖暖"
13:30,152,6504324535,"时光杂货店"
13:30,153,6751826673,"向往的生活官方游戏"
13:30,154,967741086,"拳皇98终极之战OL-SNK官方正版授权"
13:30,155,1467163363,"时空中的绘旅人"
13:30,156,6760751517,"咻咻勇者"
13:30,157,6450645450,"寻道大千-小妖砍树能修仙"
13:30,158,1563187313,"海王捕鱼-官方版"
13:30,159,1628270358,"弹壳特攻队"
13:30,160,6748513887,"梦幻消除战"
13:30,161,1088753863,"诛仙-全新职业青罗"
13:30,162,6760402564,"占城大师 - 策略塔防 攻城掠地模拟器"
13:30,163,1498402704,"江南百景图"
13:30,164,1438842875,"跑跑卡丁车官方竞速版"
13:30,165,6738110833,"灵兽大冒险"
13:30,166,792562062,"天天炫斗"
13:30,167,6752448507,"乱涂彩世界"
13:30,168,1593603378,"全明星街球派对 - NBA正版授权"
13:30,169,6502622479,"无限暖暖"
13:30,170,6468249909,"四季合合"
13:30,171,6447610302,"冒险岛：枫之传说"
13:30,172,1066697625,"龙珠激斗"
13:30,173,1559181149,"晶核"
13:30,174,6760686111,"心跳陷落"
13:30,175,6784163008,"俱乐大玩家"
13:30,176,6478398975,"云·鸣潮 - 前往玄方地界"
13:30,177,6776597686,"解忧梦幻岛"
13:30,178,6744015465,"热血江湖：觉醒"
13:30,179,1434377838,"狂野飙车9：竞速传奇"
13:30,180,1569029742,"云·原神-空月之歌"
13:30,181,1580500427,"永劫无间"
13:30,182,6466388376,"剑与远征：启程"
13:30,183,6484164228,"潮汐守望者"
13:30,184,6468993345,"最强祖师"
13:30,185,6739669537,"传奇世界无双"
13:30,186,1477923015,"捕鱼炸翻天-火爆重制版"
13:30,187,6503993560,"问剑长生·邪修"
13:30,188,6748045272,"向末日开炮"
13:30,189,1562846889,"捕鱼游戏王-经典真人街机捕鱼"
13:30,190,1669193324,"我的休闲时光"
13:30,191,6467825646,"胜利女神：新的希望"
13:30,192,1459358814,"口袋奇兵"
13:30,193,1180004118,"最强美职篮"
13:30,194,1445526176,"梦幻西游网页版"
13:30,195,1326730621,"香肠派对"
13:30,196,1426313974,"哈灵麻将-本地休闲棋牌"
13:30,197,1503642891,"富豪麻将"
13:30,198,1645516720,"逆战：未来"
13:30,199,1481453488,"剑与远征 - AFK"
13:30,200,1508509620,"擎天战机"
14:30,1,989673964,"王者荣耀"
14:30,2,1321803705,"和平精英"
14:30,3,1642894547,"三角洲行动"
14:30,4,6478492012,"无尽冬日"
14:30,5,6535673811,"无畏契约：源能行动"
14:30,6,791532221,"开心消消乐"
14:30,7,940547441,"梦幻西游"
14:30,8,1544884479,"蛋仔派对"
14:30,9,6474293468,"向僵尸开炮-尸潮来袭"
14:30,10,1525863146,"捕鱼大作战-街机打鱼游戏王者"
14:30,11,1042545880,"穿越火线-枪战王者"
14:30,12,955396648,"火影忍者"
14:30,13,1478101301,"金铲铲之战"
14:30,14,6544797261,"超自然行动组-鬼吹灯联动"
14:30,15,1305599559,"FC足球世界-杯赛"
14:30,16,1455054000,"英雄联盟手游"
14:30,17,483330461,"英雄杀"
14:30,18,446324234,"腾讯欢乐斗地主"
14:30,19,1529851592,"地下城与勇士：起源"
14:30,20,6752632961,"时尚百货城"
14:30,21,1505445106,"暗区突围"
14:30,22,891616303,"指尖四川麻将"
14:30,23,6748527570,"奔奔王国"
14:30,24,1474572440,"三国志·战略版"
14:30,25,1561105019,"捕鱼大咖-畅爽3D街机捕鱼游戏"
14:30,26,1219233424,"QQ炫舞"
14:30,27,1570790378,"途游休闲捕鱼-百万倍街机王者大作战"
14:30,28,909211092,"率土之滨"
14:30,29,1532699610,"最佳球会-2026足坛盛典版本"
14:30,30,820847275,"多乐够级"
14:30,31,1235504705,"QQ飞车"
14:30,32,6502348074,"永远的蔚蓝星球-周杰伦代言"
14:30,33,1347776121,"实况足球"
14:30,34,1665337957,"鱼乐达人-王者捕鱼电玩街机打鱼游戏"
14:30,35,1595603316,"部落冲突（Clash of Clans）"
14:30,36,1454663939,"明日方舟"
14:30,37,6503432459,"三国：冰河时代"
14:30,38,6746321359,"我的花园世界"
14:30,39,1501314785,"途游斗地主（比赛版）"
14:30,40,6753859465,"明日方舟：终末地"
14:30,41,1570403558,"梦幻花园 - Gardenscapes"
14:30,42,1467190251,"原神·空月之歌"
14:30,43,1541570980,"逆水寒"
14:30,44,6466232155,"三国：谋定天下"
14:30,45,1108397779,"命运-冠位指定（Fate/Grand Order）"
14:30,46,1330863325,"第五人格"
14:30,47,6475668638,"燕云十六声"
14:30,48,6444670359,"大话西游：归来"
14:30,49,6757172630,"疯狂水世界"
14:30,50,1450136725,"竞技联盟德州扑克"
14:30,51,6711336814,"美职篮全明星"
14:30,52,472885640,"JJ斗地主-专业棋牌合集"
14:30,53,6478654994,"洛克王国：世界"
14:30,54,895670960,"阴阳师"
14:30,55,407413403,"三国杀"
14:30,56,1033387365,"倩女幽魂"
14:30,57,1439754823,"光与夜之恋"
14:30,58,1489278985,"乐乐捕鱼-经典高爆真人打鱼游戏"
14:30,59,1389650592,"三国杀：一将成名"
14:30,60,6737974680,"保卫向日葵"
14:30,61,1606359076,"绝区零 - 周年庆"
14:30,62,1031897589,"问道"
14:30,63,6755095931,"宗师之上"
14:30,64,1015364140,"大话西游"
14:30,65,1595603720,"部落冲突：皇室战争（CR）"
14:30,66,1488410151,"使命召唤手游"
14:30,67,1523037824,"崩坏：星穹铁道"
14:30,68,1344733855,"光·遇"
14:30,69,1258524226,"恋与制作人"
14:30,70,1562260653,"无期迷途"
14:30,71,6473333072,"杖剑传说"
14:30,72,689180123,"欢乐麻将"
14:30,73,1355684731,"实况:王者集结"
14:30,74,6498993861,"美职篮巅峰对决"
14:30,75,1455833480,"闪耀暖暖-送100抽"
14:30,76,654897098,"天天爱消除"
14:30,77,1570403223,"梦幻家园 - Homescapes"
14:30,78,1618911882,"恋与深空"
14:30,79,6758614459,"肥鹅美食街"
14:30,80,1520143280,"新仙魔九界"
14:30,81,6768201255,"我要当老祖"
14:30,82,1132257692,"天龙八部手游"
14:30,83,983122251,"魂斗罗:归来"
14:30,84,1243986797,"我的世界：移动版"
14:30,85,6771697396,"镇邪人"
14:30,86,841140063,"炉石传说"
14:30,87,1579028199,"咸鱼之王"
14:30,88,1086842482,"新剑侠情缘"
14:30,89,1187917222,"三国战纪：风云再起"
14:30,90,6472696051,"浪漫餐厅™-Gossip Harbor"
14:30,91,6705128304,"电玩捕鱼-经典街机捕鱼高爆版"
14:30,92,996509117,"球球大作战-送先知皮肤"
14:30,93,1570194962,"王牌竞速-车姬"
14:30,94,6444558869,"原始征途-2026全新版本"
14:30,95,6758141617,"斗破苍穹：斗帝之路"
14:30,96,1579028465,"肥鹅健身房"
14:30,97,6755943637,"遗忘之海-海绵宝宝联动"
14:30,98,6450693428,"鸣潮 - 前往玄方地界"
14:30,99,6502749617,"失控进化"
14:30,100,6749257024,"仙界大掌门"
14:30,101,1435567000,"明日之后"
14:30,102,1504236603,"荒野乱斗"
14:30,103,1498874997,"巅峰极速-三周年庆"
14:30,104,1492415639,"指尖捕鱼-全民欢乐真人游戏"
14:30,105,1561903786,"心动小镇"
14:30,106,6740508579,"英雄没有闪"
14:30,107,6753060186,"三国：天下归心"
14:30,108,1634177358,"海岛奇兵 (Boom Beach)"
14:30,109,6449214722,"次神：光之觉醒-动作冒险休闲闯关游戏"
14:30,110,1611712418,"重返未来：1999-原子之心联动版本"
14:30,111,1632344522,"元梦之星-上岛玩"
14:30,112,6740135856,"龙之谷世界-官方正版手游"
14:30,113,1555236168,"长安幻想"
14:30,114,1501671346,"一念逍遥·血修"
14:30,115,6474127167,"世界之外"
14:30,116,1552333447,"以闪亮之名"
14:30,117,639516529,"植物大战僵尸2-搜打撤玩法上线"
14:30,118,793077082,"小冰冰传奇-官方怀旧服"
14:30,119,1020071295,"忍者必须死3"
14:30,120,1558453472,"斗罗大陆:魂师对决"
14:30,121,1020109860,"皇家捕鱼电玩城-棋牌,轮盘,捕鱼,扑克游戏"
14:30,122,6758778913,"云·终末地"
14:30,123,1234954076,"红警OL"
14:30,124,1061051095,"御龙在天手游"
14:30,125,897447840,"宾果消消消"
14:30,126,6764530302,"斗罗大陆：传承"
14:30,127,6740756173,"鹅鸭杀"
14:30,128,6754126909,"时空猎人·觉醒"
14:30,129,6739202341,"天堂2：盟约"
14:30,130,672093597,"造梦西游OL"
14:30,131,6746738620,"一路狂飙"
14:30,132,1404192329,"完美世界"
14:30,133,6479343684,"捕鱼达人千炮版-高倍高爆波克捕鱼王者"
14:30,134,1582427876,"桃源深处有人家"
14:30,135,6740021287,"假日乐消消"
14:30,136,1232104244,"乱世王者"
14:30,137,6479410659,"龙族：卡塞尔之门"
14:30,138,6503421200,"云·绝区零 - 周年庆"
14:30,139,1632570713,"乐鸿捕鱼-3D全民鸿运街机欢乐捕鱼高爆版"
14:30,140,6670240557,"仙遇"
14:30,141,1612426573,"梦想城镇 - Township"
14:30,142,1209898544,"途游捕鱼-3D次时代千炮捕鱼"
14:30,143,1123876959,"保卫萝卜4"
14:30,144,1089795423,"一梦江湖"
14:30,145,1449701587,"星际猎人-无尽的拉格朗日全面焕新"
14:30,146,1528917194,"火炬之光：无限"
14:30,147,1519945981,"万国觉醒"
14:30,148,1090828242,"圣斗士星矢-官方正版(腾讯)"
14:30,149,6526484451,"如鸢"
14:30,150,6479516692,"云・燕云十六声"
14:30,151,958022253,"奇迹暖暖"
14:30,152,6504324535,"时光杂货店"
14:30,153,6751826673,"向往的生活官方游戏"
14:30,154,967741086,"拳皇98终极之战OL-SNK官方正版授权"
14:30,155,1467163363,"时空中的绘旅人"
14:30,156,6760751517,"咻咻勇者"
14:30,157,6450645450,"寻道大千-小妖砍树能修仙"
14:30,158,1563187313,"海王捕鱼-官方版"
14:30,159,1628270358,"弹壳特攻队"
14:30,160,6748513887,"梦幻消除战"
14:30,161,1088753863,"诛仙-全新职业青罗"
14:30,162,6760402564,"占城大师 - 策略塔防 攻城掠地模拟器"
14:30,163,1498402704,"江南百景图"
14:30,164,1438842875,"跑跑卡丁车官方竞速版"
14:30,165,6738110833,"灵兽大冒险"
14:30,166,792562062,"天天炫斗"
14:30,167,6752448507,"乱涂彩世界"
14:30,168,1593603378,"全明星街球派对 - NBA正版授权"
14:30,169,6502622479,"无限暖暖"
14:30,170,6468249909,"四季合合"
14:30,171,6447610302,"冒险岛：枫之传说"
14:30,172,1066697625,"龙珠激斗"
14:30,173,1559181149,"晶核"
14:30,174,6760686111,"心跳陷落"
14:30,175,6784163008,"俱乐大玩家"
14:30,176,6478398975,"云·鸣潮 - 前往玄方地界"
14:30,177,6776597686,"解忧梦幻岛"
14:30,178,6744015465,"热血江湖：觉醒"
14:30,179,1434377838,"狂野飙车9：竞速传奇"
14:30,180,1569029742,"云·原神-空月之歌"
14:30,181,1580500427,"永劫无间"
14:30,182,6466388376,"剑与远征：启程"
14:30,183,6484164228,"潮汐守望者"
14:30,184,6468993345,"最强祖师"
14:30,185,6739669537,"传奇世界无双"
14:30,186,1477923015,"捕鱼炸翻天-火爆重制版"
14:30,187,6503993560,"问剑长生·邪修"
14:30,188,6748045272,"向末日开炮"
14:30,189,1562846889,"捕鱼游戏王-经典真人街机捕鱼"
14:30,190,1669193324,"我的休闲时光"
14:30,191,6467825646,"胜利女神：新的希望"
14:30,192,1459358814,"口袋奇兵"
14:30,193,1180004118,"最强美职篮"
14:30,194,1445526176,"梦幻西游网页版"
14:30,195,1326730621,"香肠派对"
14:30,196,1426313974,"哈灵麻将-本地休闲棋牌"
14:30,197,1503642891,"富豪麻将"
14:30,198,1645516720,"逆战：未来"
14:30,199,1481453488,"剑与远征 - AFK"
14:30,200,1508509620,"擎天战机"
15:30,1,989673964,"王者荣耀"
15:30,2,1321803705,"和平精英"
15:30,3,1642894547,"三角洲行动"
15:30,4,6478492012,"无尽冬日"
15:30,5,6535673811,"无畏契约：源能行动"
15:30,6,791532221,"开心消消乐"
15:30,7,940547441,"梦幻西游"
15:30,8,1544884479,"蛋仔派对"
15:30,9,6474293468,"向僵尸开炮-尸潮来袭"
15:30,10,1525863146,"捕鱼大作战-街机打鱼游戏王者"
15:30,11,1042545880,"穿越火线-枪战王者"
15:30,12,955396648,"火影忍者"
15:30,13,1478101301,"金铲铲之战"
15:30,14,6544797261,"超自然行动组-鬼吹灯联动"
15:30,15,1305599559,"FC足球世界-杯赛"
15:30,16,1455054000,"英雄联盟手游"
15:30,17,483330461,"英雄杀"
15:30,18,446324234,"腾讯欢乐斗地主"
15:30,19,1529851592,"地下城与勇士：起源"
15:30,20,6752632961,"时尚百货城"
15:30,21,1505445106,"暗区突围"
15:30,22,891616303,"指尖四川麻将"
15:30,23,6748527570,"奔奔王国"
15:30,24,1474572440,"三国志·战略版"
15:30,25,1561105019,"捕鱼大咖-畅爽3D街机捕鱼游戏"
15:30,26,1570790378,"途游休闲捕鱼-百万倍街机王者大作战"
15:30,27,1219233424,"QQ炫舞"
15:30,28,1532699610,"最佳球会-2026足坛盛典版本"
15:30,29,820847275,"多乐够级"
15:30,30,909211092,"率土之滨"
15:30,31,1235504705,"QQ飞车"
15:30,32,6502348074,"永远的蔚蓝星球-周杰伦代言"
15:30,33,1454663939,"明日方舟"
15:30,34,1665337957,"鱼乐达人-王者捕鱼电玩街机打鱼游戏"
15:30,35,1347776121,"实况足球"
15:30,36,1595603316,"部落冲突（Clash of Clans）"
15:30,37,6503432459,"三国：冰河时代"
15:30,38,6746321359,"我的花园世界"
15:30,39,1501314785,"途游斗地主（比赛版）"
15:30,40,6753859465,"明日方舟：终末地"
15:30,41,1570403558,"梦幻花园 - Gardenscapes"
15:30,42,1467190251,"原神·空月之歌"
15:30,43,1541570980,"逆水寒"
15:30,44,1108397779,"命运-冠位指定（Fate/Grand Order）"
15:30,45,6466232155,"三国：谋定天下"
15:30,46,1330863325,"第五人格"
15:30,47,6475668638,"燕云十六声"
15:30,48,6757172630,"疯狂水世界"
15:30,49,6444670359,"大话西游：归来"
15:30,50,1450136725,"竞技联盟德州扑克"
15:30,51,6711336814,"美职篮全明星"
15:30,52,472885640,"JJ斗地主-专业棋牌合集"
15:30,53,6478654994,"洛克王国：世界"
15:30,54,895670960,"阴阳师"
15:30,55,407413403,"三国杀"
15:30,56,1033387365,"倩女幽魂"
15:30,57,1439754823,"光与夜之恋"
15:30,58,1489278985,"乐乐捕鱼-经典高爆真人打鱼游戏"
15:30,59,1389650592,"三国杀：一将成名"
15:30,60,1606359076,"绝区零 - 周年庆"
15:30,61,1031897589,"问道"
15:30,62,6755095931,"宗师之上"
15:30,63,1015364140,"大话西游"
15:30,64,1595603720,"部落冲突：皇室战争（CR）"
15:30,65,1488410151,"使命召唤手游"
15:30,66,1523037824,"崩坏：星穹铁道"
15:30,67,1344733855,"光·遇"
15:30,68,6473333072,"杖剑传说"
15:30,69,1258524226,"恋与制作人"
15:30,70,1562260653,"无期迷途"
15:30,71,689180123,"欢乐麻将"
15:30,72,1355684731,"实况:王者集结"
15:30,73,6737974680,"保卫向日葵"
15:30,74,6498993861,"美职篮巅峰对决"
15:30,75,1455833480,"闪耀暖暖-送100抽"
15:30,76,654897098,"天天爱消除"
15:30,77,1570403223,"梦幻家园 - Homescapes"
15:30,78,1618911882,"恋与深空"
15:30,79,6758614459,"肥鹅美食街"
15:30,80,6768201255,"我要当老祖"
15:30,81,1520143280,"新仙魔九界"
15:30,82,1132257692,"天龙八部手游"
15:30,83,983122251,"魂斗罗:归来"
15:30,84,1243986797,"我的世界：移动版"
15:30,85,6771697396,"镇邪人"
15:30,86,841140063,"炉石传说"
15:30,87,1187917222,"三国战纪：风云再起"
15:30,88,6472696051,"浪漫餐厅™-Gossip Harbor"
15:30,89,6705128304,"电玩捕鱼-经典街机捕鱼高爆版"
15:30,90,996509117,"球球大作战-送先知皮肤"
15:30,91,1086842482,"新剑侠情缘"
15:30,92,1579028199,"咸鱼之王"
15:30,93,6444558869,"原始征途-2026全新版本"
15:30,94,1552333447,"以闪亮之名"
15:30,95,1570194962,"王牌竞速-车姬"
15:30,96,6758141617,"斗破苍穹：斗帝之路"
15:30,97,1579028465,"肥鹅健身房"
15:30,98,6755943637,"遗忘之海-海绵宝宝联动"
15:30,99,6450693428,"鸣潮 - 前往玄方地界"
15:30,100,6502749617,"失控进化"
15:30,101,6749257024,"仙界大掌门"
15:30,102,1435567000,"明日之后"
15:30,103,1504236603,"荒野乱斗"
15:30,104,1498874997,"巅峰极速-三周年庆"
15:30,105,1492415639,"指尖捕鱼-全民欢乐真人游戏"
15:30,106,1561903786,"心动小镇"
15:30,107,6753060186,"三国：天下归心"
15:30,108,6740508579,"英雄没有闪"
15:30,109,1634177358,"海岛奇兵 (Boom Beach)"
15:30,110,6740135856,"龙之谷世界-官方正版手游"
15:30,111,1611712418,"重返未来：1999-原子之心联动版本"
15:30,112,1632344522,"元梦之星-上岛玩"
15:30,113,6449214722,"次神：光之觉醒-动作冒险休闲闯关游戏"
15:30,114,1501671346,"一念逍遥·血修"
15:30,115,6474127167,"世界之外"
15:30,116,1555236168,"长安幻想"
15:30,117,1558453472,"斗罗大陆:魂师对决"
15:30,118,639516529,"植物大战僵尸2-搜打撤玩法上线"
15:30,119,1020071295,"忍者必须死3"
15:30,120,793077082,"小冰冰传奇-官方怀旧服"
15:30,121,1020109860,"皇家捕鱼电玩城-棋牌,轮盘,捕鱼,扑克游戏"
15:30,122,6758778913,"云·终末地"
15:30,123,1234954076,"红警OL"
15:30,124,897447840,"宾果消消消"
15:30,125,6754126909,"时空猎人·觉醒"
15:30,126,1061051095,"御龙在天手游"
15:30,127,6764530302,"斗罗大陆：传承"
15:30,128,6740756173,"鹅鸭杀"
15:30,129,6746738620,"一路狂飙"
15:30,130,672093597,"造梦西游OL"
15:30,131,6739202341,"天堂2：盟约"
15:30,132,1404192329,"完美世界"
15:30,133,6479343684,"捕鱼达人千炮版-高倍高爆波克捕鱼王者"
15:30,134,6740021287,"假日乐消消"
15:30,135,1582427876,"桃源深处有人家"
15:30,136,6479410659,"龙族：卡塞尔之门"
15:30,137,1232104244,"乱世王者"
15:30,138,6503421200,"云·绝区零 - 周年庆"
15:30,139,1632570713,"乐鸿捕鱼-3D全民鸿运街机欢乐捕鱼高爆版"
15:30,140,6670240557,"仙遇"
15:30,141,1612426573,"梦想城镇 - Township"
15:30,142,1123876959,"保卫萝卜4"
15:30,143,1209898544,"途游捕鱼-3D次时代千炮捕鱼"
15:30,144,1089795423,"一梦江湖"
15:30,145,1449701587,"星际猎人-无尽的拉格朗日全面焕新"
15:30,146,1528917194,"火炬之光：无限"
15:30,147,1519945981,"万国觉醒"
15:30,148,6526484451,"如鸢"
15:30,149,1090828242,"圣斗士星矢-官方正版(腾讯)"
15:30,150,6479516692,"云・燕云十六声"
15:30,151,958022253,"奇迹暖暖"
15:30,152,6504324535,"时光杂货店"
15:30,153,6751826673,"向往的生活官方游戏"
15:30,154,6450645450,"寻道大千-小妖砍树能修仙"
15:30,155,967741086,"拳皇98终极之战OL-SNK官方正版授权"
15:30,156,1467163363,"时空中的绘旅人"
15:30,157,1088753863,"诛仙-全新职业青罗"
15:30,158,6760751517,"咻咻勇者"
15:30,159,1563187313,"海王捕鱼-官方版"
15:30,160,6748513887,"梦幻消除战"
15:30,161,6760402564,"占城大师 - 策略塔防 攻城掠地模拟器"
15:30,162,1628270358,"弹壳特攻队"
15:30,163,1438842875,"跑跑卡丁车官方竞速版"
15:30,164,1498402704,"江南百景图"
15:30,165,6752448507,"乱涂彩世界"
15:30,166,6738110833,"灵兽大冒险"
15:30,167,792562062,"天天炫斗"
15:30,168,1593603378,"全明星街球派对 - NBA正版授权"
15:30,169,6502622479,"无限暖暖"
15:30,170,6744015465,"热血江湖：觉醒"
15:30,171,6468249909,"四季合合"
15:30,172,6760686111,"心跳陷落"
15:30,173,6447610302,"冒险岛：枫之传说"
15:30,174,1066697625,"龙珠激斗"
15:30,175,1559181149,"晶核"
15:30,176,6784163008,"俱乐大玩家"
15:30,177,6776597686,"解忧梦幻岛"
15:30,178,6478398975,"云·鸣潮 - 前往玄方地界"
15:30,179,1434377838,"狂野飙车9：竞速传奇"
15:30,180,1569029742,"云·原神-空月之歌"
15:30,181,1580500427,"永劫无间"
15:30,182,6503993560,"问剑长生·邪修"
15:30,183,6748045272,"向末日开炮"
15:30,184,6466388376,"剑与远征：启程"
15:30,185,6484164228,"潮汐守望者"
15:30,186,6468993345,"最强祖师"
15:30,187,1445526176,"梦幻西游网页版"
15:30,188,1477923015,"捕鱼炸翻天-火爆重制版"
15:30,189,6467825646,"胜利女神：新的希望"
15:30,190,1669193324,"我的休闲时光"
15:30,191,1562846889,"捕鱼游戏王-经典真人街机捕鱼"
15:30,192,1503642891,"富豪麻将"
15:30,193,1326730621,"香肠派对"
15:30,194,1459358814,"口袋奇兵"
15:30,195,1426313974,"哈灵麻将-本地休闲棋牌"
15:30,196,1180004118,"最强美职篮"
15:30,197,1481453488,"剑与远征 - AFK"
15:30,198,1645516720,"逆战：未来"
15:30,199,1448089228,"掼蛋-惯蛋棋牌休闲游戏平台"
15:30,200,1508509620,"擎天战机"
17:00,1,989673964,"王者荣耀"
17:00,2,1321803705,"和平精英"
17:00,3,1642894547,"三角洲行动"
17:00,4,6478492012,"无尽冬日"
17:00,5,6535673811,"无畏契约：源能行动"
17:00,6,791532221,"开心消消乐"
17:00,7,940547441,"梦幻西游"
17:00,8,1544884479,"蛋仔派对"
17:00,9,6474293468,"向僵尸开炮-尸潮来袭"
17:00,10,1525863146,"捕鱼大作战-街机打鱼游戏王者"
17:00,11,1042545880,"穿越火线-枪战王者"
17:00,12,955396648,"火影忍者"
17:00,13,1478101301,"金铲铲之战"
17:00,14,6544797261,"超自然行动组-鬼吹灯联动"
17:00,15,1305599559,"FC足球世界-杯赛"
17:00,16,1455054000,"英雄联盟手游"
17:00,17,483330461,"英雄杀"
17:00,18,446324234,"腾讯欢乐斗地主"
17:00,19,1529851592,"地下城与勇士：起源"
17:00,20,6752632961,"时尚百货城"
17:00,21,1505445106,"暗区突围"
17:00,22,891616303,"指尖四川麻将"
17:00,23,6748527570,"奔奔王国"
17:00,24,1474572440,"三国志·战略版"
17:00,25,1561105019,"捕鱼大咖-畅爽3D街机捕鱼游戏"
17:00,26,1570790378,"途游休闲捕鱼-百万倍街机王者大作战"
17:00,27,1219233424,"QQ炫舞"
17:00,28,1532699610,"最佳球会-2026足坛盛典版本"
17:00,29,820847275,"多乐够级"
17:00,30,909211092,"率土之滨"
17:00,31,1235504705,"QQ飞车"
17:00,32,6502348074,"永远的蔚蓝星球-周杰伦代言"
17:00,33,1454663939,"明日方舟"
17:00,34,1665337957,"鱼乐达人-王者捕鱼电玩街机打鱼游戏"
17:00,35,1347776121,"实况足球"
17:00,36,1595603316,"部落冲突（Clash of Clans）"
17:00,37,6503432459,"三国：冰河时代"
17:00,38,6746321359,"我的花园世界"
17:00,39,1501314785,"途游斗地主（比赛版）"
17:00,40,6753859465,"明日方舟：终末地"
17:00,41,1570403558,"梦幻花园 - Gardenscapes"
17:00,42,1467190251,"原神·空月之歌"
17:00,43,1541570980,"逆水寒"
17:00,44,1108397779,"命运-冠位指定（Fate/Grand Order）"
17:00,45,6466232155,"三国：谋定天下"
17:00,46,1330863325,"第五人格"
17:00,47,6475668638,"燕云十六声"
17:00,48,6757172630,"疯狂水世界"
17:00,49,6444670359,"大话西游：归来"
17:00,50,1450136725,"竞技联盟德州扑克"
17:00,51,6711336814,"美职篮全明星"
17:00,52,472885640,"JJ斗地主-专业棋牌合集"
17:00,53,6478654994,"洛克王国：世界"
17:00,54,895670960,"阴阳师"
17:00,55,407413403,"三国杀"
17:00,56,1033387365,"倩女幽魂"
17:00,57,1439754823,"光与夜之恋"
17:00,58,1489278985,"乐乐捕鱼-经典高爆真人打鱼游戏"
17:00,59,1389650592,"三国杀：一将成名"
17:00,60,1606359076,"绝区零 - 周年庆"
17:00,61,1031897589,"问道"
17:00,62,6755095931,"宗师之上"
17:00,63,1015364140,"大话西游"
17:00,64,1595603720,"部落冲突：皇室战争（CR）"
17:00,65,1488410151,"使命召唤手游"
17:00,66,1523037824,"崩坏：星穹铁道"
17:00,67,1344733855,"光·遇"
17:00,68,6473333072,"杖剑传说"
17:00,69,1258524226,"恋与制作人"
17:00,70,1562260653,"无期迷途"
17:00,71,689180123,"欢乐麻将"
17:00,72,1355684731,"实况:王者集结"
17:00,73,6737974680,"保卫向日葵"
17:00,74,6498993861,"美职篮巅峰对决"
17:00,75,1455833480,"闪耀暖暖-送100抽"
17:00,76,654897098,"天天爱消除"
17:00,77,1570403223,"梦幻家园 - Homescapes"
17:00,78,1618911882,"恋与深空"
17:00,79,6758614459,"肥鹅美食街"
17:00,80,6768201255,"我要当老祖"
17:00,81,1520143280,"新仙魔九界"
17:00,82,1132257692,"天龙八部手游"
17:00,83,983122251,"魂斗罗:归来"
17:00,84,1243986797,"我的世界：移动版"
17:00,85,6771697396,"镇邪人"
17:00,86,841140063,"炉石传说"
17:00,87,1187917222,"三国战纪：风云再起"
17:00,88,6472696051,"浪漫餐厅™-Gossip Harbor"
17:00,89,6705128304,"电玩捕鱼-经典街机捕鱼高爆版"
17:00,90,996509117,"球球大作战-送先知皮肤"
17:00,91,1086842482,"新剑侠情缘"
17:00,92,1579028199,"咸鱼之王"
17:00,93,6444558869,"原始征途-2026全新版本"
17:00,94,1552333447,"以闪亮之名"
17:00,95,1570194962,"王牌竞速-车姬"
17:00,96,6758141617,"斗破苍穹：斗帝之路"
17:00,97,1579028465,"肥鹅健身房"
17:00,98,6755943637,"遗忘之海-海绵宝宝联动"
17:00,99,6450693428,"鸣潮 - 前往玄方地界"
17:00,100,6502749617,"失控进化"
17:00,101,6749257024,"仙界大掌门"
17:00,102,1435567000,"明日之后"
17:00,103,1504236603,"荒野乱斗"
17:00,104,1498874997,"巅峰极速-三周年庆"
17:00,105,1492415639,"指尖捕鱼-全民欢乐真人游戏"
17:00,106,1561903786,"心动小镇"
17:00,107,6753060186,"三国：天下归心"
17:00,108,6740508579,"英雄没有闪"
17:00,109,1634177358,"海岛奇兵 (Boom Beach)"
17:00,110,6740135856,"龙之谷世界-官方正版手游"
17:00,111,1611712418,"重返未来：1999-原子之心联动版本"
17:00,112,1632344522,"元梦之星-上岛玩"
17:00,113,6449214722,"次神：光之觉醒-动作冒险休闲闯关游戏"
17:00,114,1501671346,"一念逍遥·血修"
17:00,115,6474127167,"世界之外"
17:00,116,1555236168,"长安幻想"
17:00,117,1558453472,"斗罗大陆:魂师对决"
17:00,118,639516529,"植物大战僵尸2-搜打撤玩法上线"
17:00,119,1020071295,"忍者必须死3"
17:00,120,793077082,"小冰冰传奇-官方怀旧服"
17:00,121,1020109860,"皇家捕鱼电玩城-棋牌,轮盘,捕鱼,扑克游戏"
17:00,122,6758778913,"云·终末地"
17:00,123,1234954076,"红警OL"
17:00,124,897447840,"宾果消消消"
17:00,125,6754126909,"时空猎人·觉醒"
17:00,126,1061051095,"御龙在天手游"
17:00,127,6764530302,"斗罗大陆：传承"
17:00,128,6740756173,"鹅鸭杀"
17:00,129,6746738620,"一路狂飙"
17:00,130,672093597,"造梦西游OL"
17:00,131,6739202341,"天堂2：盟约"
17:00,132,1404192329,"完美世界"
17:00,133,6479343684,"捕鱼达人千炮版-高倍高爆波克捕鱼王者"
17:00,134,6740021287,"假日乐消消"
17:00,135,1582427876,"桃源深处有人家"
17:00,136,6479410659,"龙族：卡塞尔之门"
17:00,137,1232104244,"乱世王者"
17:00,138,6503421200,"云·绝区零 - 周年庆"
17:00,139,1632570713,"乐鸿捕鱼-3D全民鸿运街机欢乐捕鱼高爆版"
17:00,140,6670240557,"仙遇"
17:00,141,1612426573,"梦想城镇 - Township"
17:00,142,1123876959,"保卫萝卜4"
17:00,143,1209898544,"途游捕鱼-3D次时代千炮捕鱼"
17:00,144,1089795423,"一梦江湖"
17:00,145,1449701587,"星际猎人-无尽的拉格朗日全面焕新"
17:00,146,1528917194,"火炬之光：无限"
17:00,147,1519945981,"万国觉醒"
17:00,148,6526484451,"如鸢"
17:00,149,1090828242,"圣斗士星矢-官方正版(腾讯)"
17:00,150,6479516692,"云・燕云十六声"
17:00,151,958022253,"奇迹暖暖"
17:00,152,6504324535,"时光杂货店"
17:00,153,6751826673,"向往的生活官方游戏"
17:00,154,6450645450,"寻道大千-小妖砍树能修仙"
17:00,155,967741086,"拳皇98终极之战OL-SNK官方正版授权"
17:00,156,1467163363,"时空中的绘旅人"
17:00,157,1088753863,"诛仙-全新职业青罗"
17:00,158,6760751517,"咻咻勇者"
17:00,159,1563187313,"海王捕鱼-官方版"
17:00,160,6748513887,"梦幻消除战"
17:00,161,6760402564,"占城大师 - 策略塔防 攻城掠地模拟器"
17:00,162,1628270358,"弹壳特攻队"
17:00,163,1438842875,"跑跑卡丁车官方竞速版"
17:00,164,1498402704,"江南百景图"
17:00,165,6752448507,"乱涂彩世界"
17:00,166,6738110833,"灵兽大冒险"
17:00,167,792562062,"天天炫斗"
17:00,168,1593603378,"全明星街球派对 - NBA正版授权"
17:00,169,6502622479,"无限暖暖"
17:00,170,6744015465,"热血江湖：觉醒"
17:00,171,6468249909,"四季合合"
17:00,172,6760686111,"心跳陷落"
17:00,173,6447610302,"冒险岛：枫之传说"
17:00,174,1066697625,"龙珠激斗"
17:00,175,1559181149,"晶核"
17:00,176,6784163008,"俱乐大玩家"
17:00,177,6776597686,"解忧梦幻岛"
17:00,178,6478398975,"云·鸣潮 - 前往玄方地界"
17:00,179,1434377838,"狂野飙车9：竞速传奇"
17:00,180,1569029742,"云·原神-空月之歌"
17:00,181,1580500427,"永劫无间"
17:00,182,6503993560,"问剑长生·邪修"
17:00,183,6748045272,"向末日开炮"
17:00,184,6466388376,"剑与远征：启程"
17:00,185,6484164228,"潮汐守望者"
17:00,186,6468993345,"最强祖师"
17:00,187,1445526176,"梦幻西游网页版"
17:00,188,1477923015,"捕鱼炸翻天-火爆重制版"
17:00,189,6467825646,"胜利女神：新的希望"
17:00,190,1669193324,"我的休闲时光"
17:00,191,1562846889,"捕鱼游戏王-经典真人街机捕鱼"
17:00,192,1503642891,"富豪麻将"
17:00,193,1326730621,"香肠派对"
17:00,194,1459358814,"口袋奇兵"
17:00,195,1426313974,"哈灵麻将-本地休闲棋牌"
17:00,196,1180004118,"最强美职篮"
17:00,197,1481453488,"剑与远征 - AFK"
17:00,198,1645516720,"逆战：未来"
17:00,199,1448089228,"掼蛋-惯蛋棋牌休闲游戏平台"
17:00,200,1508509620,"擎天战机"
18:00,1,989673964,"王者荣耀"
18:00,2,1321803705,"和平精英"
18:00,3,1642894547,"三角洲行动"
18:00,4,6478492012,"无尽冬日"
18:00,5,6535673811,"无畏契约：源能行动"
18:00,6,791532221,"开心消消乐"
18:00,7,940547441,"梦幻西游"
18:00,8,1544884479,"蛋仔派对"
18:00,9,6474293468,"向僵尸开炮-尸潮来袭"
18:00,10,1525863146,"捕鱼大作战-街机打鱼游戏王者"
18:00,11,1042545880,"穿越火线-枪战王者"
18:00,12,955396648,"火影忍者"
18:00,13,1478101301,"金铲铲之战"
18:00,14,6752632961,"时尚百货城"
18:00,15,6544797261,"超自然行动组-鬼吹灯联动"
18:00,16,1305599559,"FC足球世界-杯赛"
18:00,17,1455054000,"英雄联盟手游"
18:00,18,1529851592,"地下城与勇士：起源"
18:00,19,483330461,"英雄杀"
18:00,20,446324234,"腾讯欢乐斗地主"
18:00,21,1505445106,"暗区突围"
18:00,22,891616303,"指尖四川麻将"
18:00,23,6748527570,"奔奔王国"
18:00,24,1474572440,"三国志·战略版"
18:00,25,1561105019,"捕鱼大咖-畅爽3D街机捕鱼游戏"
18:00,26,1570790378,"途游休闲捕鱼-百万倍街机王者大作战"
18:00,27,909211092,"率土之滨"
18:00,28,820847275,"多乐够级"
18:00,29,1219233424,"QQ炫舞"
18:00,30,1532699610,"最佳球会-2026足坛盛典版本"
18:00,31,6502348074,"永远的蔚蓝星球-周杰伦代言"
18:00,32,1454663939,"明日方舟"
18:00,33,6746321359,"我的花园世界"
18:00,34,1595603316,"部落冲突（Clash of Clans）"
18:00,35,1235504705,"QQ飞车"
18:00,36,6503432459,"三国：冰河时代"
18:00,37,1665337957,"鱼乐达人-王者捕鱼电玩街机打鱼游戏"
18:00,38,1347776121,"实况足球"
18:00,39,1501314785,"途游斗地主（比赛版）"
18:00,40,6753859465,"明日方舟：终末地"
18:00,41,1467190251,"原神·空月之歌"
18:00,42,1570403558,"梦幻花园 - Gardenscapes"
18:00,43,6466232155,"三国：谋定天下"
18:00,44,1541570980,"逆水寒"
18:00,45,1108397779,"命运-冠位指定（Fate/Grand Order）"
18:00,46,1552333447,"以闪亮之名"
18:00,47,1330863325,"第五人格"
18:00,48,6475668638,"燕云十六声"
18:00,49,6757172630,"疯狂水世界"
18:00,50,6444670359,"大话西游：归来"
18:00,51,6711336814,"美职篮全明星"
18:00,52,1450136725,"竞技联盟德州扑克"
18:00,53,6478654994,"洛克王国：世界"
18:00,54,472885640,"JJ斗地主-专业棋牌合集"
18:00,55,407413403,"三国杀"
18:00,56,895670960,"阴阳师"
18:00,57,1439754823,"光与夜之恋"
18:00,58,6755095931,"宗师之上"
18:00,59,1489278985,"乐乐捕鱼-经典高爆真人打鱼游戏"
18:00,60,1606359076,"绝区零 - 周年庆"
18:00,61,1033387365,"倩女幽魂"
18:00,62,1031897589,"问道"
18:00,63,1389650592,"三国杀：一将成名"
18:00,64,1595603720,"部落冲突：皇室战争（CR）"
18:00,65,1015364140,"大话西游"
18:00,66,1488410151,"使命召唤手游"
18:00,67,1523037824,"崩坏：星穹铁道"
18:00,68,6473333072,"杖剑传说"
18:00,69,1344733855,"光·遇"
18:00,70,6758614459,"肥鹅美食街"
18:00,71,6498993861,"美职篮巅峰对决"
18:00,72,1355684731,"实况:王者集结"
18:00,73,6737974680,"保卫向日葵"
18:00,74,689180123,"欢乐麻将"
18:00,75,1562260653,"无期迷途"
18:00,76,1258524226,"恋与制作人"
18:00,77,1455833480,"闪耀暖暖-送100抽"
18:00,78,654897098,"天天爱消除"
18:00,79,1570403223,"梦幻家园 - Homescapes"
18:00,80,6768201255,"我要当老祖"
18:00,81,1618911882,"恋与深空"
18:00,82,1520143280,"新仙魔九界"
18:00,83,6472696051,"浪漫餐厅™-Gossip Harbor"
18:00,84,983122251,"魂斗罗:归来"
18:00,85,1243986797,"我的世界：移动版"
18:00,86,6771697396,"镇邪人"
18:00,87,1132257692,"天龙八部手游"
18:00,88,841140063,"炉石传说"
18:00,89,1086842482,"新剑侠情缘"
18:00,90,1187917222,"三国战纪：风云再起"
18:00,91,6705128304,"电玩捕鱼-经典街机捕鱼高爆版"
18:00,92,996509117,"球球大作战-送先知皮肤"
18:00,93,6444558869,"原始征途-2026全新版本"
18:00,94,1579028199,"咸鱼之王"
18:00,95,6450693428,"鸣潮 - 前往玄方地界"
18:00,96,1570194962,"王牌竞速-车姬"
18:00,97,6758141617,"斗破苍穹：斗帝之路"
18:00,98,1579028465,"肥鹅健身房"
18:00,99,6755943637,"遗忘之海-海绵宝宝联动"
18:00,100,6753060186,"三国：天下归心"
18:00,101,6749257024,"仙界大掌门"
18:00,102,6502749617,"失控进化"
18:00,103,1435567000,"明日之后"
18:00,104,1504236603,"荒野乱斗"
18:00,105,1561903786,"心动小镇"
18:00,106,1498874997,"巅峰极速-三周年庆"
18:00,107,6740508579,"英雄没有闪"
18:00,108,1611712418,"重返未来：1999-原子之心联动版本"
18:00,109,1492415639,"指尖捕鱼-全民欢乐真人游戏"
18:00,110,6449214722,"次神：光之觉醒-动作冒险休闲闯关游戏"
18:00,111,1555236168,"长安幻想"
18:00,112,6740135856,"龙之谷世界-官方正版手游"
18:00,113,1501671346,"一念逍遥·血修"
18:00,114,1632344522,"元梦之星-上岛玩"
18:00,115,639516529,"植物大战僵尸2-搜打撤玩法上线"
18:00,116,793077082,"小冰冰传奇-官方怀旧服"
18:00,117,6752448507,"乱涂彩世界"
18:00,118,6474127167,"世界之外"
18:00,119,1634177358,"海岛奇兵 (Boom Beach)"
18:00,120,1020071295,"忍者必须死3"
18:00,121,1558453472,"斗罗大陆:魂师对决"
18:00,122,6754126909,"时空猎人·觉醒"
18:00,123,6758778913,"云·终末地"
18:00,124,897447840,"宾果消消消"
18:00,125,6764530302,"斗罗大陆：传承"
18:00,126,1020109860,"皇家捕鱼电玩城-棋牌,轮盘,捕鱼,扑克游戏"
18:00,127,6746738620,"一路狂飙"
18:00,128,6479343684,"捕鱼达人千炮版-高倍高爆波克捕鱼王者"
18:00,129,1234954076,"红警OL"
18:00,130,6479410659,"龙族：卡塞尔之门"
18:00,131,6740756173,"鹅鸭杀"
18:00,132,672093597,"造梦西游OL"
18:00,133,6670240557,"仙遇"
18:00,134,6740021287,"假日乐消消"
18:00,135,1061051095,"御龙在天手游"
18:00,136,1582427876,"桃源深处有人家"
18:00,137,1404192329,"完美世界"
18:00,138,6739202341,"天堂2：盟约"
18:00,139,6503421200,"云·绝区零 - 周年庆"
18:00,140,1232104244,"乱世王者"
18:00,141,1590274853,"少女前线2：追放"
18:00,142,1632570713,"乐鸿捕鱼-3D全民鸿运街机欢乐捕鱼高爆版"
18:00,143,1123876959,"保卫萝卜4"
18:00,144,6450645450,"寻道大千-小妖砍树能修仙"
18:00,145,1449701587,"星际猎人-无尽的拉格朗日全面焕新"
18:00,146,1209898544,"途游捕鱼-3D次时代千炮捕鱼"
18:00,147,1612426573,"梦想城镇 - Township"
18:00,148,6504324535,"时光杂货店"
18:00,149,1528917194,"火炬之光：无限"
18:00,150,1089795423,"一梦江湖"
18:00,151,6526484451,"如鸢"
18:00,152,6760751517,"咻咻勇者"
18:00,153,1090828242,"圣斗士星矢-官方正版(腾讯)"
18:00,154,958022253,"奇迹暖暖"
18:00,155,6748513887,"梦幻消除战"
18:00,156,6479516692,"云・燕云十六声"
18:00,157,1519945981,"万国觉醒"
18:00,158,6751826673,"向往的生活官方游戏"
18:00,159,6760402564,"占城大师 - 策略塔防 攻城掠地模拟器"
18:00,160,1467163363,"时空中的绘旅人"
18:00,161,1563187313,"海王捕鱼-官方版"
18:00,162,1088753863,"诛仙-全新职业青罗"
18:00,163,967741086,"拳皇98终极之战OL-SNK官方正版授权"
18:00,164,6738110833,"灵兽大冒险"
18:00,165,1498402704,"江南百景图"
18:00,166,6776597686,"解忧梦幻岛"
18:00,167,1628270358,"弹壳特攻队"
18:00,168,6744015465,"热血江湖：觉醒"
18:00,169,6760686111,"心跳陷落"
18:00,170,1438842875,"跑跑卡丁车官方竞速版"
18:00,171,6447610302,"冒险岛：枫之传说"
18:00,172,1593603378,"全明星街球派对 - NBA正版授权"
18:00,173,792562062,"天天炫斗"
18:00,174,6502622479,"无限暖暖"
18:00,175,6468249909,"四季合合"
18:00,176,1066697625,"龙珠激斗"
18:00,177,1559181149,"晶核"
18:00,178,6784163008,"俱乐大玩家"
18:00,179,6748045272,"向末日开炮"
18:00,180,1445526176,"梦幻西游网页版"
18:00,181,6478398975,"云·鸣潮 - 前往玄方地界"
18:00,182,1434377838,"狂野飙车9：竞速传奇"
18:00,183,6467825646,"胜利女神：新的希望"
18:00,184,1369855098,"火影忍者：忍者新世代"
18:00,185,1569029742,"云·原神-空月之歌"
18:00,186,6503993560,"问剑长生·邪修"
18:00,187,1508509620,"擎天战机"
18:00,188,1580500427,"永劫无间"
18:00,189,1562846889,"捕鱼游戏王-经典真人街机捕鱼"
18:00,190,6468993345,"最强祖师"
18:00,191,1669193324,"我的休闲时光"
18:00,192,1645516720,"逆战：未来"
18:00,193,1426313974,"哈灵麻将-本地休闲棋牌"
18:00,194,1503642891,"富豪麻将"
18:00,195,1326730621,"香肠派对"
18:00,196,1477923015,"捕鱼炸翻天-火爆重制版"
18:00,197,6466388376,"剑与远征：启程"
18:00,198,6484164228,"潮汐守望者"
18:00,199,1208410827,"三国群英传-霸王之业"
18:00,200,1585287647,"龙之国物语-畅享版"
19:00,1,989673964,"王者荣耀"
19:00,2,1321803705,"和平精英"
19:00,3,1642894547,"三角洲行动"
19:00,4,6478492012,"无尽冬日"
19:00,5,6535673811,"无畏契约：源能行动"
19:00,6,791532221,"开心消消乐"
19:00,7,940547441,"梦幻西游"
19:00,8,1544884479,"蛋仔派对"
19:00,9,6474293468,"向僵尸开炮-尸潮来袭"
19:00,10,1525863146,"捕鱼大作战-街机打鱼游戏王者"
19:00,11,1042545880,"穿越火线-枪战王者"
19:00,12,955396648,"火影忍者"
19:00,13,6752632961,"时尚百货城"
19:00,14,1478101301,"金铲铲之战"
19:00,15,6544797261,"超自然行动组-鬼吹灯联动"
19:00,16,1305599559,"FC足球世界-杯赛"
19:00,17,1455054000,"英雄联盟手游"
19:00,18,1529851592,"地下城与勇士：起源"
19:00,19,446324234,"腾讯欢乐斗地主"
19:00,20,483330461,"英雄杀"
19:00,21,1505445106,"暗区突围"
19:00,22,891616303,"指尖四川麻将"
19:00,23,6748527570,"奔奔王国"
19:00,24,1474572440,"三国志·战略版"
19:00,25,1561105019,"捕鱼大咖-畅爽3D街机捕鱼游戏"
19:00,26,820847275,"多乐够级"
19:00,27,1570790378,"途游休闲捕鱼-百万倍街机王者大作战"
19:00,28,909211092,"率土之滨"
19:00,29,1532699610,"最佳球会-2026足坛盛典版本"
19:00,30,1219233424,"QQ炫舞"
19:00,31,1454663939,"明日方舟"
19:00,32,6502348074,"永远的蔚蓝星球-周杰伦代言"
19:00,33,6746321359,"我的花园世界"
19:00,34,1595603316,"部落冲突（Clash of Clans）"
19:00,35,1235504705,"QQ飞车"
19:00,36,1665337957,"鱼乐达人-王者捕鱼电玩街机打鱼游戏"
19:00,37,6503432459,"三国：冰河时代"
19:00,38,1347776121,"实况足球"
19:00,39,1501314785,"途游斗地主（比赛版）"
19:00,40,1467190251,"原神·空月之歌"
19:00,41,6753859465,"明日方舟：终末地"
19:00,42,1570403558,"梦幻花园 - Gardenscapes"
19:00,43,1552333447,"以闪亮之名"
19:00,44,6466232155,"三国：谋定天下"
19:00,45,1541570980,"逆水寒"
19:00,46,1108397779,"命运-冠位指定（Fate/Grand Order）"
19:00,47,1330863325,"第五人格"
19:00,48,6475668638,"燕云十六声"
19:00,49,6757172630,"疯狂水世界"
19:00,50,6444670359,"大话西游：归来"
19:00,51,6711336814,"美职篮全明星"
19:00,52,1450136725,"竞技联盟德州扑克"
19:00,53,6478654994,"洛克王国：世界"
19:00,54,472885640,"JJ斗地主-专业棋牌合集"
19:00,55,407413403,"三国杀"
19:00,56,1439754823,"光与夜之恋"
19:00,57,6755095931,"宗师之上"
19:00,58,895670960,"阴阳师"
19:00,59,1606359076,"绝区零 - 周年庆"
19:00,60,1033387365,"倩女幽魂"
19:00,61,1489278985,"乐乐捕鱼-经典高爆真人打鱼游戏"
19:00,62,1031897589,"问道"
19:00,63,1595603720,"部落冲突：皇室战争（CR）"
19:00,64,1389650592,"三国杀：一将成名"
19:00,65,1015364140,"大话西游"
19:00,66,1488410151,"使命召唤手游"
19:00,67,1523037824,"崩坏：星穹铁道"
19:00,68,6758614459,"肥鹅美食街"
19:00,69,6473333072,"杖剑传说"
19:00,70,1344733855,"光·遇"
19:00,71,6498993861,"美职篮巅峰对决"
19:00,72,6737974680,"保卫向日葵"
19:00,73,689180123,"欢乐麻将"
19:00,74,1355684731,"实况:王者集结"
19:00,75,1562260653,"无期迷途"
19:00,76,1258524226,"恋与制作人"
19:00,77,654897098,"天天爱消除"
19:00,78,1455833480,"闪耀暖暖-送100抽"
19:00,79,1570403223,"梦幻家园 - Homescapes"
19:00,80,1520143280,"新仙魔九界"
19:00,81,6768201255,"我要当老祖"
19:00,82,1618911882,"恋与深空"
19:00,83,1243986797,"我的世界：移动版"
19:00,84,6472696051,"浪漫餐厅™-Gossip Harbor"
19:00,85,983122251,"魂斗罗:归来"
19:00,86,841140063,"炉石传说"
19:00,87,6771697396,"镇邪人"
19:00,88,1086842482,"新剑侠情缘"
19:00,89,1132257692,"天龙八部手游"
19:00,90,6444558869,"原始征途-2026全新版本"
19:00,91,1187917222,"三国战纪：风云再起"
19:00,92,996509117,"球球大作战-送先知皮肤"
19:00,93,6705128304,"电玩捕鱼-经典街机捕鱼高爆版"
19:00,94,6450693428,"鸣潮 - 前往玄方地界"
19:00,95,1570194962,"王牌竞速-车姬"
19:00,96,6758141617,"斗破苍穹：斗帝之路"
19:00,97,1579028465,"肥鹅健身房"
19:00,98,6755943637,"遗忘之海-海绵宝宝联动"
19:00,99,1579028199,"咸鱼之王"
19:00,100,6753060186,"三国：天下归心"
19:00,101,6502749617,"失控进化"
19:00,102,1561903786,"心动小镇"
19:00,103,6749257024,"仙界大掌门"
19:00,104,1435567000,"明日之后"
19:00,105,1504236603,"荒野乱斗"
19:00,106,1498874997,"巅峰极速-三周年庆"
19:00,107,1611712418,"重返未来：1999-原子之心联动版本"
19:00,108,1492415639,"指尖捕鱼-全民欢乐真人游戏"
19:00,109,6752448507,"乱涂彩世界"
19:00,110,6740508579,"英雄没有闪"
19:00,111,6449214722,"次神：光之觉醒-动作冒险休闲闯关游戏"
19:00,112,639516529,"植物大战僵尸2-搜打撤玩法上线"
19:00,113,793077082,"小冰冰传奇-官方怀旧服"
19:00,114,1501671346,"一念逍遥·血修"
19:00,115,6740135856,"龙之谷世界-官方正版手游"
19:00,116,1632344522,"元梦之星-上岛玩"
19:00,117,1555236168,"长安幻想"
19:00,118,1020071295,"忍者必须死3"
19:00,119,6474127167,"世界之外"
19:00,120,6754126909,"时空猎人·觉醒"
19:00,121,1558453472,"斗罗大陆:魂师对决"
19:00,122,1634177358,"海岛奇兵 (Boom Beach)"
19:00,123,6479410659,"龙族：卡塞尔之门"
19:00,124,1020109860,"皇家捕鱼电玩城-棋牌,轮盘,捕鱼,扑克游戏"
19:00,125,1590274853,"少女前线2：追放"
19:00,126,897447840,"宾果消消消"
19:00,127,6479343684,"捕鱼达人千炮版-高倍高爆波克捕鱼王者"
19:00,128,6746738620,"一路狂飙"
19:00,129,6758778913,"云·终末地"
19:00,130,6740756173,"鹅鸭杀"
19:00,131,6740021287,"假日乐消消"
19:00,132,6764530302,"斗罗大陆：传承"
19:00,133,6670240557,"仙遇"
19:00,134,1061051095,"御龙在天手游"
19:00,135,672093597,"造梦西游OL"
19:00,136,1234954076,"红警OL"
19:00,137,1582427876,"桃源深处有人家"
19:00,138,6503421200,"云·绝区零 - 周年庆"
19:00,139,1404192329,"完美世界"
19:00,140,6739202341,"天堂2：盟约"
19:00,141,1632570713,"乐鸿捕鱼-3D全民鸿运街机欢乐捕鱼高爆版"
19:00,142,1123876959,"保卫萝卜4"
19:00,143,1232104244,"乱世王者"
19:00,144,1449701587,"星际猎人-无尽的拉格朗日全面焕新"
19:00,145,1612426573,"梦想城镇 - Township"
19:00,146,6760751517,"咻咻勇者"
19:00,147,6450645450,"寻道大千-小妖砍树能修仙"
19:00,148,6504324535,"时光杂货店"
19:00,149,1209898544,"途游捕鱼-3D次时代千炮捕鱼"
19:00,150,958022253,"奇迹暖暖"
19:00,151,1528917194,"火炬之光：无限"
19:00,152,6526484451,"如鸢"
19:00,153,6748513887,"梦幻消除战"
19:00,154,6751826673,"向往的生活官方游戏"
19:00,155,1089795423,"一梦江湖"
19:00,156,1090828242,"圣斗士星矢-官方正版(腾讯)"
19:00,157,6479516692,"云・燕云十六声"
19:00,158,6760402564,"占城大师 - 策略塔防 攻城掠地模拟器"
19:00,159,1519945981,"万国觉醒"
19:00,160,6776597686,"解忧梦幻岛"
19:00,161,6738110833,"灵兽大冒险"
19:00,162,1563187313,"海王捕鱼-官方版"
19:00,163,1498402704,"江南百景图"
19:00,164,1467163363,"时空中的绘旅人"
19:00,165,6760686111,"心跳陷落"
19:00,166,967741086,"拳皇98终极之战OL-SNK官方正版授权"
19:00,167,1088753863,"诛仙-全新职业青罗"
19:00,168,6744015465,"热血江湖：觉醒"
19:00,169,1593603378,"全明星街球派对 - NBA正版授权"
19:00,170,1438842875,"跑跑卡丁车官方竞速版"
19:00,171,1628270358,"弹壳特攻队"
19:00,172,6447610302,"冒险岛：枫之传说"
19:00,173,1369855098,"火影忍者：忍者新世代"
19:00,174,6502622479,"无限暖暖"
19:00,175,6784163008,"俱乐大玩家"
19:00,176,792562062,"天天炫斗"
19:00,177,6478398975,"云·鸣潮 - 前往玄方地界"
19:00,178,1445526176,"梦幻西游网页版"
19:00,179,6748045272,"向末日开炮"
19:00,180,6468249909,"四季合合"
19:00,181,1559181149,"晶核"
19:00,182,1569029742,"云·原神-空月之歌"
19:00,183,1066697625,"龙珠激斗"
19:00,184,1434377838,"狂野飙车9：竞速传奇"
19:00,185,6503993560,"问剑长生·邪修"
19:00,186,1645516720,"逆战：未来"
19:00,187,6467825646,"胜利女神：新的希望"
19:00,188,1580500427,"永劫无间"
19:00,189,1426313974,"哈灵麻将-本地休闲棋牌"
19:00,190,1477923015,"捕鱼炸翻天-火爆重制版"
19:00,191,1508509620,"擎天战机"
19:00,192,1326730621,"香肠派对"
19:00,193,6468993345,"最强祖师"
19:00,194,1562846889,"捕鱼游戏王-经典真人街机捕鱼"
19:00,195,1669193324,"我的休闲时光"
19:00,196,6466388376,"剑与远征：启程"
19:00,197,1464410482,"浙江游戏大厅"
19:00,198,1503642891,"富豪麻将"
19:00,199,1585287647,"龙之国物语-畅享版"
19:00,200,6484164228,"潮汐守望者"
20:00,1,989673964,"王者荣耀"
20:00,2,1321803705,"和平精英"
20:00,3,1642894547,"三角洲行动"
20:00,4,6478492012,"无尽冬日"
20:00,5,6535673811,"无畏契约：源能行动"
20:00,6,791532221,"开心消消乐"
20:00,7,940547441,"梦幻西游"
20:00,8,1544884479,"蛋仔派对"
20:00,9,6474293468,"向僵尸开炮-尸潮来袭"
20:00,10,1525863146,"捕鱼大作战-街机打鱼游戏王者"
20:00,11,1042545880,"穿越火线-枪战王者"
20:00,12,955396648,"火影忍者"
20:00,13,6752632961,"时尚百货城"
20:00,14,1478101301,"金铲铲之战"
20:00,15,6544797261,"超自然行动组-鬼吹灯联动"
20:00,16,1305599559,"FC足球世界-杯赛"
20:00,17,1455054000,"英雄联盟手游"
20:00,18,1529851592,"地下城与勇士：起源"
20:00,19,446324234,"腾讯欢乐斗地主"
20:00,20,483330461,"英雄杀"
20:00,21,1505445106,"暗区突围"
20:00,22,891616303,"指尖四川麻将"
20:00,23,6748527570,"奔奔王国"
20:00,24,1474572440,"三国志·战略版"
20:00,25,1561105019,"捕鱼大咖-畅爽3D街机捕鱼游戏"
20:00,26,820847275,"多乐够级"
20:00,27,1570790378,"途游休闲捕鱼-百万倍街机王者大作战"
20:00,28,909211092,"率土之滨"
20:00,29,1532699610,"最佳球会-2026足坛盛典版本"
20:00,30,1219233424,"QQ炫舞"
20:00,31,1454663939,"明日方舟"
20:00,32,6502348074,"永远的蔚蓝星球-周杰伦代言"
20:00,33,6746321359,"我的花园世界"
20:00,34,1595603316,"部落冲突（Clash of Clans）"
20:00,35,1235504705,"QQ飞车"
20:00,36,1665337957,"鱼乐达人-王者捕鱼电玩街机打鱼游戏"
20:00,37,6503432459,"三国：冰河时代"
20:00,38,1347776121,"实况足球"
20:00,39,1501314785,"途游斗地主（比赛版）"
20:00,40,1467190251,"原神·空月之歌"
20:00,41,6753859465,"明日方舟：终末地"
20:00,42,1570403558,"梦幻花园 - Gardenscapes"
20:00,43,1552333447,"以闪亮之名"
20:00,44,6466232155,"三国：谋定天下"
20:00,45,1541570980,"逆水寒"
20:00,46,1108397779,"命运-冠位指定（Fate/Grand Order）"
20:00,47,1330863325,"第五人格"
20:00,48,6475668638,"燕云十六声"
20:00,49,6757172630,"疯狂水世界"
20:00,50,6444670359,"大话西游：归来"
20:00,51,6711336814,"美职篮全明星"
20:00,52,1450136725,"竞技联盟德州扑克"
20:00,53,6478654994,"洛克王国：世界"
20:00,54,472885640,"JJ斗地主-专业棋牌合集"
20:00,55,407413403,"三国杀"
20:00,56,1439754823,"光与夜之恋"
20:00,57,6755095931,"宗师之上"
20:00,58,895670960,"阴阳师"
20:00,59,1606359076,"绝区零 - 周年庆"
20:00,60,1033387365,"倩女幽魂"
20:00,61,1489278985,"乐乐捕鱼-经典高爆真人打鱼游戏"
20:00,62,1031897589,"问道"
20:00,63,1595603720,"部落冲突：皇室战争（CR）"
20:00,64,1389650592,"三国杀：一将成名"
20:00,65,1015364140,"大话西游"
20:00,66,1488410151,"使命召唤手游"
20:00,67,1523037824,"崩坏：星穹铁道"
20:00,68,6758614459,"肥鹅美食街"
20:00,69,6473333072,"杖剑传说"
20:00,70,1344733855,"光·遇"
20:00,71,6498993861,"美职篮巅峰对决"
20:00,72,6737974680,"保卫向日葵"
20:00,73,689180123,"欢乐麻将"
20:00,74,1355684731,"实况:王者集结"
20:00,75,1562260653,"无期迷途"
20:00,76,1258524226,"恋与制作人"
20:00,77,654897098,"天天爱消除"
20:00,78,1455833480,"闪耀暖暖-送100抽"
20:00,79,1570403223,"梦幻家园 - Homescapes"
20:00,80,1520143280,"新仙魔九界"
20:00,81,6768201255,"我要当老祖"
20:00,82,1618911882,"恋与深空"
20:00,83,1243986797,"我的世界：移动版"
20:00,84,6472696051,"浪漫餐厅™-Gossip Harbor"
20:00,85,983122251,"魂斗罗:归来"
20:00,86,841140063,"炉石传说"
20:00,87,6771697396,"镇邪人"
20:00,88,1086842482,"新剑侠情缘"
20:00,89,1132257692,"天龙八部手游"
20:00,90,6444558869,"原始征途-2026全新版本"
20:00,91,1187917222,"三国战纪：风云再起"
20:00,92,996509117,"球球大作战-送先知皮肤"
20:00,93,6705128304,"电玩捕鱼-经典街机捕鱼高爆版"
20:00,94,6450693428,"鸣潮 - 前往玄方地界"
20:00,95,1570194962,"王牌竞速-车姬"
20:00,96,6758141617,"斗破苍穹：斗帝之路"
20:00,97,1579028465,"肥鹅健身房"
20:00,98,6755943637,"遗忘之海-海绵宝宝联动"
20:00,99,1579028199,"咸鱼之王"
20:00,100,6753060186,"三国：天下归心"
20:00,101,6502749617,"失控进化"
20:00,102,1561903786,"心动小镇"
20:00,103,6749257024,"仙界大掌门"
20:00,104,1435567000,"明日之后"
20:00,105,1504236603,"荒野乱斗"
20:00,106,1498874997,"巅峰极速-三周年庆"
20:00,107,1611712418,"重返未来：1999-原子之心联动版本"
20:00,108,1492415639,"指尖捕鱼-全民欢乐真人游戏"
20:00,109,6752448507,"乱涂彩世界"
20:00,110,6740508579,"英雄没有闪"
20:00,111,6449214722,"次神：光之觉醒-动作冒险休闲闯关游戏"
20:00,112,639516529,"植物大战僵尸2-搜打撤玩法上线"
20:00,113,793077082,"小冰冰传奇-官方怀旧服"
20:00,114,1501671346,"一念逍遥·血修"
20:00,115,6740135856,"龙之谷世界-官方正版手游"
20:00,116,1632344522,"元梦之星-上岛玩"
20:00,117,1555236168,"长安幻想"
20:00,118,1020071295,"忍者必须死3"
20:00,119,6474127167,"世界之外"
20:00,120,6754126909,"时空猎人·觉醒"
20:00,121,1558453472,"斗罗大陆:魂师对决"
20:00,122,1634177358,"海岛奇兵 (Boom Beach)"
20:00,123,6479410659,"龙族：卡塞尔之门"
20:00,124,1020109860,"皇家捕鱼电玩城-棋牌,轮盘,捕鱼,扑克游戏"
20:00,125,1590274853,"少女前线2：追放"
20:00,126,897447840,"宾果消消消"
20:00,127,6479343684,"捕鱼达人千炮版-高倍高爆波克捕鱼王者"
20:00,128,6746738620,"一路狂飙"
20:00,129,6758778913,"云·终末地"
20:00,130,6740756173,"鹅鸭杀"
20:00,131,6740021287,"假日乐消消"
20:00,132,6764530302,"斗罗大陆：传承"
20:00,133,6670240557,"仙遇"
20:00,134,1061051095,"御龙在天手游"
20:00,135,672093597,"造梦西游OL"
20:00,136,1234954076,"红警OL"
20:00,137,1582427876,"桃源深处有人家"
20:00,138,6503421200,"云·绝区零 - 周年庆"
20:00,139,1404192329,"完美世界"
20:00,140,6739202341,"天堂2：盟约"
20:00,141,1632570713,"乐鸿捕鱼-3D全民鸿运街机欢乐捕鱼高爆版"
20:00,142,1123876959,"保卫萝卜4"
20:00,143,1232104244,"乱世王者"
20:00,144,1449701587,"星际猎人-无尽的拉格朗日全面焕新"
20:00,145,1612426573,"梦想城镇 - Township"
20:00,146,6760751517,"咻咻勇者"
20:00,147,6450645450,"寻道大千-小妖砍树能修仙"
20:00,148,6504324535,"时光杂货店"
20:00,149,1209898544,"途游捕鱼-3D次时代千炮捕鱼"
20:00,150,958022253,"奇迹暖暖"
20:00,151,1528917194,"火炬之光：无限"
20:00,152,6526484451,"如鸢"
20:00,153,6748513887,"梦幻消除战"
20:00,154,6751826673,"向往的生活官方游戏"
20:00,155,1089795423,"一梦江湖"
20:00,156,1090828242,"圣斗士星矢-官方正版(腾讯)"
20:00,157,6479516692,"云・燕云十六声"
20:00,158,6760402564,"占城大师 - 策略塔防 攻城掠地模拟器"
20:00,159,1519945981,"万国觉醒"
20:00,160,6776597686,"解忧梦幻岛"
20:00,161,6738110833,"灵兽大冒险"
20:00,162,1563187313,"海王捕鱼-官方版"
20:00,163,1498402704,"江南百景图"
20:00,164,1467163363,"时空中的绘旅人"
20:00,165,6760686111,"心跳陷落"
20:00,166,967741086,"拳皇98终极之战OL-SNK官方正版授权"
20:00,167,1088753863,"诛仙-全新职业青罗"
20:00,168,6744015465,"热血江湖：觉醒"
20:00,169,1593603378,"全明星街球派对 - NBA正版授权"
20:00,170,1438842875,"跑跑卡丁车官方竞速版"
20:00,171,1628270358,"弹壳特攻队"
20:00,172,6447610302,"冒险岛：枫之传说"
20:00,173,1369855098,"火影忍者：忍者新世代"
20:00,174,6502622479,"无限暖暖"
20:00,175,6784163008,"俱乐大玩家"
20:00,176,792562062,"天天炫斗"
20:00,177,6478398975,"云·鸣潮 - 前往玄方地界"
20:00,178,1445526176,"梦幻西游网页版"
20:00,179,6748045272,"向末日开炮"
20:00,180,6468249909,"四季合合"
20:00,181,1559181149,"晶核"
20:00,182,1569029742,"云·原神-空月之歌"
20:00,183,1066697625,"龙珠激斗"
20:00,184,1434377838,"狂野飙车9：竞速传奇"
20:00,185,6503993560,"问剑长生·邪修"
20:00,186,1645516720,"逆战：未来"
20:00,187,6467825646,"胜利女神：新的希望"
20:00,188,1580500427,"永劫无间"
20:00,189,1426313974,"哈灵麻将-本地休闲棋牌"
20:00,190,1477923015,"捕鱼炸翻天-火爆重制版"
20:00,191,1508509620,"擎天战机"
20:00,192,1326730621,"香肠派对"
20:00,193,6468993345,"最强祖师"
20:00,194,1562846889,"捕鱼游戏王-经典真人街机捕鱼"
20:00,195,1669193324,"我的休闲时光"
20:00,196,6466388376,"剑与远征：启程"
20:00,197,1464410482,"浙江游戏大厅"
20:00,198,1503642891,"富豪麻将"
20:00,199,1585287647,"龙之国物语-畅享版"
20:00,200,6484164228,"潮汐守望者"
21:00,1,989673964,"王者荣耀"
21:00,2,1321803705,"和平精英"
21:00,3,1642894547,"三角洲行动"
21:00,4,6478492012,"无尽冬日"
21:00,5,6535673811,"无畏契约：源能行动"
21:00,6,791532221,"开心消消乐"
21:00,7,940547441,"梦幻西游"
21:00,8,1544884479,"蛋仔派对"
21:00,9,6474293468,"向僵尸开炮-尸潮来袭"
21:00,10,1525863146,"捕鱼大作战-街机打鱼游戏王者"
21:00,11,1042545880,"穿越火线-枪战王者"
21:00,12,955396648,"火影忍者"
21:00,13,6752632961,"时尚百货城"
21:00,14,1478101301,"金铲铲之战"
21:00,15,6544797261,"超自然行动组-鬼吹灯联动"
21:00,16,1305599559,"FC足球世界-杯赛"
21:00,17,1455054000,"英雄联盟手游"
21:00,18,1529851592,"地下城与勇士：起源"
21:00,19,446324234,"腾讯欢乐斗地主"
21:00,20,483330461,"英雄杀"
21:00,21,1505445106,"暗区突围"
21:00,22,891616303,"指尖四川麻将"
21:00,23,6748527570,"奔奔王国"
21:00,24,1474572440,"三国志·战略版"
21:00,25,1561105019,"捕鱼大咖-畅爽3D街机捕鱼游戏"
21:00,26,820847275,"多乐够级"
21:00,27,1570790378,"途游休闲捕鱼-百万倍街机王者大作战"
21:00,28,909211092,"率土之滨"
21:00,29,1532699610,"最佳球会-2026足坛盛典版本"
21:00,30,1219233424,"QQ炫舞"
21:00,31,1454663939,"明日方舟"
21:00,32,6502348074,"永远的蔚蓝星球-周杰伦代言"
21:00,33,6746321359,"我的花园世界"
21:00,34,1595603316,"部落冲突（Clash of Clans）"
21:00,35,1235504705,"QQ飞车"
21:00,36,1665337957,"鱼乐达人-王者捕鱼电玩街机打鱼游戏"
21:00,37,6503432459,"三国：冰河时代"
21:00,38,1347776121,"实况足球"
21:00,39,1501314785,"途游斗地主（比赛版）"
21:00,40,1467190251,"原神·空月之歌"
21:00,41,6753859465,"明日方舟：终末地"
21:00,42,1570403558,"梦幻花园 - Gardenscapes"
21:00,43,1552333447,"以闪亮之名"
21:00,44,6466232155,"三国：谋定天下"
21:00,45,1541570980,"逆水寒"
21:00,46,1108397779,"命运-冠位指定（Fate/Grand Order）"
21:00,47,1330863325,"第五人格"
21:00,48,6475668638,"燕云十六声"
21:00,49,6757172630,"疯狂水世界"
21:00,50,6444670359,"大话西游：归来"
21:00,51,6711336814,"美职篮全明星"
21:00,52,1450136725,"竞技联盟德州扑克"
21:00,53,6478654994,"洛克王国：世界"
21:00,54,472885640,"JJ斗地主-专业棋牌合集"
21:00,55,407413403,"三国杀"
21:00,56,1439754823,"光与夜之恋"
21:00,57,6755095931,"宗师之上"
21:00,58,895670960,"阴阳师"
21:00,59,1606359076,"绝区零 - 周年庆"
21:00,60,1033387365,"倩女幽魂"
21:00,61,1489278985,"乐乐捕鱼-经典高爆真人打鱼游戏"
21:00,62,1031897589,"问道"
21:00,63,1595603720,"部落冲突：皇室战争（CR）"
21:00,64,1389650592,"三国杀：一将成名"
21:00,65,1015364140,"大话西游"
21:00,66,1488410151,"使命召唤手游"
21:00,67,1523037824,"崩坏：星穹铁道"
21:00,68,6758614459,"肥鹅美食街"
21:00,69,6473333072,"杖剑传说"
21:00,70,1344733855,"光·遇"
21:00,71,6498993861,"美职篮巅峰对决"
21:00,72,6737974680,"保卫向日葵"
21:00,73,689180123,"欢乐麻将"
21:00,74,1355684731,"实况:王者集结"
21:00,75,1562260653,"无期迷途"
21:00,76,1258524226,"恋与制作人"
21:00,77,654897098,"天天爱消除"
21:00,78,1455833480,"闪耀暖暖-送100抽"
21:00,79,1570403223,"梦幻家园 - Homescapes"
21:00,80,1520143280,"新仙魔九界"
21:00,81,6768201255,"我要当老祖"
21:00,82,1618911882,"恋与深空"
21:00,83,1243986797,"我的世界：移动版"
21:00,84,6472696051,"浪漫餐厅™-Gossip Harbor"
21:00,85,983122251,"魂斗罗:归来"
21:00,86,841140063,"炉石传说"
21:00,87,6771697396,"镇邪人"
21:00,88,1086842482,"新剑侠情缘"
21:00,89,1132257692,"天龙八部手游"
21:00,90,6444558869,"原始征途-2026全新版本"
21:00,91,1187917222,"三国战纪：风云再起"
21:00,92,996509117,"球球大作战-送先知皮肤"
21:00,93,6705128304,"电玩捕鱼-经典街机捕鱼高爆版"
21:00,94,6450693428,"鸣潮 - 前往玄方地界"
21:00,95,1570194962,"王牌竞速-车姬"
21:00,96,6758141617,"斗破苍穹：斗帝之路"
21:00,97,1579028465,"肥鹅健身房"
21:00,98,6755943637,"遗忘之海-海绵宝宝联动"
21:00,99,1579028199,"咸鱼之王"
21:00,100,6753060186,"三国：天下归心"
21:00,101,6502749617,"失控进化"
21:00,102,1561903786,"心动小镇"
21:00,103,6749257024,"仙界大掌门"
21:00,104,1435567000,"明日之后"
21:00,105,1504236603,"荒野乱斗"
21:00,106,1498874997,"巅峰极速-三周年庆"
21:00,107,1611712418,"重返未来：1999-原子之心联动版本"
21:00,108,1492415639,"指尖捕鱼-全民欢乐真人游戏"
21:00,109,6752448507,"乱涂彩世界"
21:00,110,6740508579,"英雄没有闪"
21:00,111,6449214722,"次神：光之觉醒-动作冒险休闲闯关游戏"
21:00,112,639516529,"植物大战僵尸2-搜打撤玩法上线"
21:00,113,793077082,"小冰冰传奇-官方怀旧服"
21:00,114,1501671346,"一念逍遥·血修"
21:00,115,6740135856,"龙之谷世界-官方正版手游"
21:00,116,1632344522,"元梦之星-上岛玩"
21:00,117,1555236168,"长安幻想"
21:00,118,1020071295,"忍者必须死3"
21:00,119,6474127167,"世界之外"
21:00,120,6754126909,"时空猎人·觉醒"
21:00,121,1558453472,"斗罗大陆:魂师对决"
21:00,122,1634177358,"海岛奇兵 (Boom Beach)"
21:00,123,6479410659,"龙族：卡塞尔之门"
21:00,124,1020109860,"皇家捕鱼电玩城-棋牌,轮盘,捕鱼,扑克游戏"
21:00,125,1590274853,"少女前线2：追放"
21:00,126,897447840,"宾果消消消"
21:00,127,6479343684,"捕鱼达人千炮版-高倍高爆波克捕鱼王者"
21:00,128,6746738620,"一路狂飙"
21:00,129,6758778913,"云·终末地"
21:00,130,6740756173,"鹅鸭杀"
21:00,131,6740021287,"假日乐消消"
21:00,132,6764530302,"斗罗大陆：传承"
21:00,133,6670240557,"仙遇"
21:00,134,1061051095,"御龙在天手游"
21:00,135,672093597,"造梦西游OL"
21:00,136,1234954076,"红警OL"
21:00,137,1582427876,"桃源深处有人家"
21:00,138,6503421200,"云·绝区零 - 周年庆"
21:00,139,1404192329,"完美世界"
21:00,140,6739202341,"天堂2：盟约"
21:00,141,1632570713,"乐鸿捕鱼-3D全民鸿运街机欢乐捕鱼高爆版"
21:00,142,1123876959,"保卫萝卜4"
21:00,143,1232104244,"乱世王者"
21:00,144,1449701587,"星际猎人-无尽的拉格朗日全面焕新"
21:00,145,1612426573,"梦想城镇 - Township"
21:00,146,6760751517,"咻咻勇者"
21:00,147,6450645450,"寻道大千-小妖砍树能修仙"
21:00,148,6504324535,"时光杂货店"
21:00,149,1209898544,"途游捕鱼-3D次时代千炮捕鱼"
21:00,150,958022253,"奇迹暖暖"
21:00,151,1528917194,"火炬之光：无限"
21:00,152,6526484451,"如鸢"
21:00,153,6748513887,"梦幻消除战"
21:00,154,6751826673,"向往的生活官方游戏"
21:00,155,1089795423,"一梦江湖"
21:00,156,1090828242,"圣斗士星矢-官方正版(腾讯)"
21:00,157,6479516692,"云・燕云十六声"
21:00,158,6760402564,"占城大师 - 策略塔防 攻城掠地模拟器"
21:00,159,1519945981,"万国觉醒"
21:00,160,6776597686,"解忧梦幻岛"
21:00,161,6738110833,"灵兽大冒险"
21:00,162,1563187313,"海王捕鱼-官方版"
21:00,163,1498402704,"江南百景图"
21:00,164,1467163363,"时空中的绘旅人"
21:00,165,6760686111,"心跳陷落"
21:00,166,967741086,"拳皇98终极之战OL-SNK官方正版授权"
21:00,167,1088753863,"诛仙-全新职业青罗"
21:00,168,6744015465,"热血江湖：觉醒"
21:00,169,1593603378,"全明星街球派对 - NBA正版授权"
21:00,170,1438842875,"跑跑卡丁车官方竞速版"
21:00,171,1628270358,"弹壳特攻队"
21:00,172,6447610302,"冒险岛：枫之传说"
21:00,173,1369855098,"火影忍者：忍者新世代"
21:00,174,6502622479,"无限暖暖"
21:00,175,6784163008,"俱乐大玩家"
21:00,176,792562062,"天天炫斗"
21:00,177,6478398975,"云·鸣潮 - 前往玄方地界"
21:00,178,1445526176,"梦幻西游网页版"
21:00,179,6748045272,"向末日开炮"
21:00,180,6468249909,"四季合合"
21:00,181,1559181149,"晶核"
21:00,182,1569029742,"云·原神-空月之歌"
21:00,183,1066697625,"龙珠激斗"
21:00,184,1434377838,"狂野飙车9：竞速传奇"
21:00,185,6503993560,"问剑长生·邪修"
21:00,186,1645516720,"逆战：未来"
21:00,187,6467825646,"胜利女神：新的希望"
21:00,188,1580500427,"永劫无间"
21:00,189,1426313974,"哈灵麻将-本地休闲棋牌"
21:00,190,1477923015,"捕鱼炸翻天-火爆重制版"
21:00,191,1508509620,"擎天战机"
21:00,192,1326730621,"香肠派对"
21:00,193,6468993345,"最强祖师"
21:00,194,1562846889,"捕鱼游戏王-经典真人街机捕鱼"
21:00,195,1669193324,"我的休闲时光"
21:00,196,6466388376,"剑与远征：启程"
21:00,197,1464410482,"浙江游戏大厅"
21:00,198,1503642891,"富豪麻将"
21:00,199,1585287647,"龙之国物语-畅享版"
21:00,200,6484164228,"潮汐守望者"
