time,rank,id,title
00:30,1,com.oakever.meowdoku,"Meowdoku"
00:30,2,com.block.juggle,"ブロックブラスト (Block Blast)"
00:30,3,com.grandgames.magicsort,"マジックソート！ (Magic Sort !)"
00:30,4,jp.co.goodroid.hyper.busflow,"Bus Traffic Fever!　"
00:30,5,com.pocket.sort.coin.puzzle.game,"ポケットソート (Pocket Sort)：コインパズル"
00:30,6,com.cyphergames.royalsmash,"Royal Smash! - Physics Puzzle"
00:30,7,com.puzzlegames.puzzlebrickslegend,"カラーブロック：爽快パズル(ColorBlock)"
00:30,8,com.hollywood.merge,"ハリウッドマージ"
00:30,9,com.farlightgames.pgame.gp,"モンスターサバイバル"
00:30,10,com.brain.crazy.joygame,"Brain Puzzle 3: Crazy Mind"
00:30,11,com.roblox.client,"Roblox (ロブロックス)"
00:30,12,com.run.tower.defense,"キングショット"
00:30,13,com.xman.jp.gp,"X-Clash"
00:30,14,com.fatmerge.global,"グルメ・ジャーニー"
00:30,15,jp.co.applibot.chiikawapocket,"ちいかわぽけっと"
00:30,16,com.nebula.zoodoku,"Zoodoku：数独×動物ロジックパズル"
00:30,17,com.mergegames.gossipharbor,"ゴシップハーバー：マージ & ストーリー"
00:30,18,com.oakever.arrows,"Amaze GO! - 矢印 パズル"
00:30,19,sorting.games.goods.sort.triple.match3d.puzzle.stuff,"商品整理ゲーム：3Dパズル"
00:30,20,tokyo.chickenskin.imikowa,"意味怖ストーリー：バッドエンドを回避せよ！"
00:30,21,com.lighthouse.freeplay.jp,"終焉のヒカリ"
00:30,22,com.halfbrick.fruitninjafree,"Fruit Ninja®"
00:30,23,com.Chodun.CatGunner,"にゃんこ銃士：放置育成RPG"
00:30,24,com.fluffydrop.op.gp,"Fluffy Drop"
00:30,25,com.agavegames.findthecat2,"Find The Cat 2 - Spot It!"
00:30,26,com.ecffri.arrows,"Arrows - パズルエスケープ"
00:30,27,com.gof.global,"ホワイトアウト・サバイバル"
00:30,28,jigsaw.solitaire.match.games.free,"ジグソードロップ：ソリティアパズル"
00:30,29,com.ig.screwdom,"Screwdom 3D"
00:30,30,com.unept.leveldevil,"Level Devil - NOT A Troll Game"
00:30,31,com.ratinghope.gplay,"終末のタイタン：ラストラッシュ"
00:30,32,com.sorting.games.match3d.goods.triple.puzzle,"Goods Sort 3D：グッズトリプルソートパズルゲーム"
00:30,33,com.playrix.township,"タウンシップ (Township)"
00:30,34,color.number.paint.pixle.art.sort.jigsaw,"Jewel Coloring"
00:30,35,com.nianticlabs.pokemongo,"Pokémon GO"
00:30,36,com.onyxhook.nekotabi,"ねこ旅 – 放置×収集×ポイ活アプリ"
00:30,37,jp.konami.suikoden.starleap,"幻想水滸伝 STAR LEAP"
00:30,38,com.sled.surfers.game,"Sled Surfers - ズ - 坂冒険"
00:30,39,jp.pokemon.pokemonchampions,"Pokémon Champions"
00:30,40,com.shogunstudios.poikatsukinokonoko,"ポイ活 さがそう！キノコのコ：放置ゲームで簡単ポイント稼ぎ"
00:30,41,com.dreamgames.royalkingdom,"ロイヤルキングダム (Royal Kingdom)"
00:30,42,com.bravestars.savethedog.drawgame,"Save The Pets"
00:30,43,water.sort.color.puzzle.offline.games,"Water Sort! カラーロジック"
00:30,44,com.kayac.slow_mo_strike,"Slow Mo Strike: ナイフ投げアクション"
00:30,45,beats.color.sing.star.rush,"魔法ピアノタイル9 : ピアノゲーム、おんがくげーむ、音ゲー"
00:30,46,com.epicgames.fortnite,"フォートナイト"
00:30,47,jp.co.ponos.battlecats,"にゃんこ大戦争"
00:30,48,com.zigzagame.paranoize,"パラノイズ"
00:30,49,com.wood.block.sudoku.puzzle.bm,"Block Crush: ブロックブラストパズル"
00:30,50,com.furrjam.traffic.jamgame,"FurrJam:Hop In!"
00:30,51,gridplus.busjam.carpuzzle,"Bus Fever! Car Jam Escape"
00:30,52,jp.konami.pesam,"eFootball™"
00:30,53,jigsolitaire.jigsort.jigsaw.solitaire.puzzle,"ジグソートパズル：ソリティアの楽しさを楽しもう"
00:30,54,bus.games.car.out.traffic.parking.jam.escape.puzzle,"バスゲーム・駐車場パズル：Bus Madness"
00:30,55,com.vitastudio.mahjong,"ヴィータ麻雀(Vita Mahjong)"
00:30,56,com.Garawell.LoopSort,"Loop Sort"
00:30,57,com.percent.aos.randomdice2,"ランダムダイス2"
00:30,58,com.nebula.mahjongtile,"麻雀ブラスト (Mahjong Blast)"
00:30,59,com.mobirix.ldwm,"スイカ作り2048"
00:30,60,com.dreamgames.royalmatch,"ロイヤルマッチ Royal Match"
00:30,61,block.color.game.jam.blocks.sort.puzzle.games.slide.free,"ブロックカラー・マニア"
00:30,62,jp.pokemon.pokemontcgp,"Pokémon TCG Pocket"
00:30,63,com.find.spot.photo.hunt.differences.free.hidden,"間違い探し：違いを探す楽しいパズルゲーム"
00:30,64,com.playrix.fishdomdd.gplay,"フィッシュダム(Fishdom)"
00:30,65,com.youmusic.magictiles,"魔法のタイルズ3 - ピアノ曲 & ゲーム"
00:30,66,com.supercell.brawlstars,"ブロスタ"
00:30,67,com.linecorp.LGTMTM,"LINE：ディズニー ツムツム"
00:30,68,pics.karaage.sokutaiho,"巡回中！即タイホ！"
00:30,69,com.leap.searchit,"Search It – 隠しアイテム探し"
00:30,70,com.fty.trickmean2game,"トリミン2！-トリッキーミーン2 いじわる脳トレパズルゲーム"
00:30,71,bus.loop.traffic.jam.fever.bus.puzzle,"Bus Loop:Jam Master"
00:30,72,com.kiwifun.game.android.screw.master,"ネジ3Dパズル：ピンを外すゲーム"
00:30,73,com.infiniplay.merge.fashion.romance.story,"Merge Fashion(マージファッション):マージ"
00:30,74,com.duykanbakay.carconveyortransfer,"Car Sort: Color Puzzle"
00:30,75,arrow.cube.escape3d,"Arrow Pro 3D"
00:30,76,com.easybrain.sudoku.android,"ナンプレ - ロジックパズルゲーム"
00:30,77,game.qualiarts.hololive.dreams.jp,"ホロライブドリームス"
00:30,78,com.cedargames.mysterytown,"ミステリータウン：マージゲーム (Mystery Town)"
00:30,79,jp.co.mixi.monsterstrike,"モンスターストライク"
00:30,80,ball.sort.puzzle.color.sorting.bubble.games,"ボール選別 - 脳を鍛える色分けパズル ゲーム"
00:30,81,jp.konami.prospia,"プロ野球スピリッツA"
00:30,82,io.voodoo.paper2,"Paper.io 2"
00:30,83,com.fiveminlab.overgeared.hero.backpack.merge,"チート勇者～インベントリ攻略ゲー～RPG"
00:30,84,water.sort.puzzle.game.color.sorting.free,"水選別パズルゲーム - 楽しい色分けパズルゲーム"
00:30,85,com.nebula.tiles,"タップタイル (Tap Tile)"
00:30,86,daily.number.match.free.puzzle,"デイリーナンバーマッチ"
00:30,87,com.zm.waterpack,"Get Color Pack: Sort Puzzle"
00:30,88,com.global.ztmslg,"パズル&サバイバル"
00:30,89,com.wood.bolt.wordle.screw.nuts.puzzle,"ネジパズル: 脳トレ ウッド パズル - 人気 ネジ ゲーム"
00:30,90,com.brain.logic.joygame,"Brain Puzzle 2: Logic Twist"
00:30,91,net.peakgames.toonblast,"トゥーンブラスト (Toon Blast)"
00:30,92,com.jewel.sort.coloring.loop.match.paint.jigsaw,"Jewel Loop - Coloring Sort"
00:30,93,triple.sorting.bubble.fish.match,"Fish Sort Puzzle: パズルゲーム"
00:30,94,com.phs.global,"ラストアサイラム：プレイグ"
00:30,95,com.spheresort.yhk,"ロマンチックな球体ボールソーティング"
00:30,96,com.greenmushroom.boomblitz.gp,"トップヒーローズ（Top Heroes）"
00:30,97,gs.chaos.candyfest,"Captain Smash"
00:30,98,easy.sudoku.puzzle.solver.free,"ナンプレ - 大人気アプリ"
00:30,99,com.merge.game.foodstars,"フードスター:マージ & クック"
00:30,100,jp.co.taito.onlinecrane,"オンクレならタイクレ！おうちでクレーンゲームしよ？"
00:30,101,com.hungrystudio.mahjong,"Double Tile! 麻雀タイルマッチパズル"
00:30,102,com.igg.android.doomsdaylastsurvivors,"ドゥームズデイ：オデュッセウスの帰還"
00:30,103,com.gtsy.annoying.punch.game,"Annoying Uncle - パンチゲーム"
00:30,104,com.vincentb.MobControl,"Mob Control"
00:30,105,com.fungames.blockcraft,"ブロッククラフト3D (Block Craft)：建設ゲーム"
00:30,106,com.rescue.agent,"ヘリコプター・エスケープ"
00:30,107,com.funplus.ts.global,"タイルズ・サバイバル"
00:30,108,wool.match.color.sort.jam.puzzle,"毛糸クラッシュ"
00:30,109,hidden.object.find.seek.search.mystery.puzzle.games.free,"隠しオブジェクトゲーム：探してみよう"
00:30,110,com.QdanApp.QdanGames,"どこでもパーティーゲーム「どこパ」（ワードウルフオンライン）"
00:30,111,io.voodoo.holeio,"ホール.io"
00:30,112,com.arrow.romantic.puzzle.goddess,"Amaze Romantic Goddess"
00:30,113,com.gamovation.tileclub,"タイルクラブ - マッチングゲーム"
00:30,114,water.sort.master.colors.games,"Water Sort: Master Colors"
00:30,115,com.goods.sorting.games.triple.match3d.puzzle,"商品整理ゲーム：3Dパズル"
00:30,116,jp.co.drecom.wizardry.daphne,"Wizardry Variants Daphne"
00:30,117,com.easybrain.brainy.joygame,"Puzzle Time: Brainy Challenge"
00:30,118,defense.roguelike.cell.shoot.survivor,"セルサバイバー"
00:30,119,com.whoyaho.tanghulu,"フルーツ飴の達人 - ドバイもち、パフェ、ASMR、モッパン"
00:30,120,com.warrior.screw.gp,"ねじねじパズル"
00:30,121,pixel.gem.sort.art.puzzle.loop,"Pixel Gem Loop: ドット絵ジュエル"
00:30,122,io.supercent.linkedcubic,"スネーククラッシュ (Snake Clash)"
00:30,123,com.gamespark.topking.gp,"トップロード"
00:30,124,com.mystery.dumplings.asmr.unboxing.squishy,"Mystery Dumpling: Unbox ASMR"
00:30,125,com.h8games.littlefarmstory,"リトルファームストーリー"
00:30,126,com.readygo.barrel.gp,"ラストZ：サバイバルシューティング"
00:30,127,screw.puzzle.match3.brain.puzz,"ネジマッチ: Screw Sort 3D ネジパズル ボルト"
00:30,128,jp.pokemon.pokemonsleep,"Pokémon Sleep"
00:30,129,find.difference.spot.differences.hidden.puzzle.games.free,"間違い探し - 見つけてスポット"
00:30,130,com.linecorp.LGSBJ22,"LINE：ブロックジャム"
00:30,131,com.unicostudio.braintest,"ブレインテスト(Brain Test)：ひっかけパズル"
00:30,132,com.microdose.balljam,"Marble Sort!"
00:30,133,com.bandainamcoent.opbrjp,"ONE PIECE バウンティラッシュ - アクションゲーム"
00:30,134,com.merge.cooking.theme.restaurant.food,"マージクッキング テーマレストラン"
00:30,135,com.magic.relaxing.water.sort.colorgame.puzzle,"3D Colorful Sort™ 魔法の水"
00:30,136,com.hottagames.nte,"NTE: Neverness to Everness"
00:30,137,com.car.parking.bus.mania.traffic.jam,"Bus Jam：駐車場ゲーム パーキングジャム"
00:30,138,com.nexters.herowars,"ヒーローウォーズ：アライアンス — 放置系ロールプレイング"
00:30,139,com.innersloth.spacemafia,"Among Us"
00:30,140,com.hypervation.goodssort,"Goods Sort Match - パズル"
00:30,141,com.agavegames.findemall,"Find Em All! - Hidden Objects"
00:30,142,puzzle.snakes.puzzle.slithereat.gaming,"Snake Puzzle: Slither to Eat"
00:30,143,tokyo.chickenskin.yokai,"妖怪カノジョ：妖怪はキミに恋をする"
00:30,144,jp.co.goodroid.hyper.puzzle.arrows3dcubepuzzle,"CubeAway - 3DPuzzle"
00:30,145,com.bunbunstudio.magicblocktiles,"ぴあのたいる7: 音ゲー . リズムゲーム"
00:30,146,com.robtopx.geometryjumplite,"Geometry Dash Lite"
00:30,147,jp.infinitysoftware.brainageplay,"脳年齢測定器"
00:30,148,com.aniplex.fategrandorder,"Fate/Grand Order"
00:30,149,com.oakever.tiletrip,"Tile Explorer - トリプルマッチ"
00:30,150,solitaire.word.association.connections.puzzle,"ソリティアワード: Solitaire Connection"
00:30,151,com.smgame.strategy,"Battle Kiss:Girl's Survival"
00:30,152,com.nebula.blockbloom,"Block Bloom: Color Blast"
00:30,153,com.goods.master3d.triple.puzzle,"Goods Master 3D: 仕分けマスター 収納ゲーム"
00:30,154,com.hmbl.perfect.makeover.cleaning.asmr,"Perfect Makeover Cleaning ASMR"
00:30,155,com.soccer.score.star,"サッカースーパースター(Soccer Superstar)"
00:30,156,io.supercent.weaponrpg,"XP Hero(ヒーロー)): まずは世界観をのぞいてみて"
00:30,157,io.supercent.pizzaidle,"ピザレディー (Pizza Ready)"
00:30,158,com.hxh.survivor,"HUNTER×HUNTER NEN×SURVIVOR"
00:30,159,com.pixel.art.coloring.color.number,"Happy Color® – 数字で塗り絵と色ぬりえ"
00:30,160,com.fty.thejudge,"確認させてください"
00:30,161,com.awesome.puzzlehexasort,"カラースライドパズル (Color Slide )"
00:30,162,com.tgc.sky.android,"Sky 星を紡ぐ子どもたち"
00:30,163,com.sega.pjsekai,"プロジェクトセカイ カラフルステージ！ feat. 初音ミク"
00:30,164,com.crossfield.mahjong,"麻雀 闘龍 - 初心者から楽しめる麻雀ゲーム"
00:30,165,com.media720.games2020,"オフラインゲーム 暇つぶし 楽しい ミニパズルボード"
00:30,166,com.pd.vehiclemasters,"ドライブマスター (Vehicle Masters)"
00:30,167,com.hitappsgames.wordsolitaire,"ソリティア：パズルゲーム 脳トレ カードゲーム 暇つぶし連想"
00:30,168,com.ew.mahjong,"楽しい麻雀マッチ"
00:30,169,com.topwar.gp,"トップウォー"
00:30,170,com.shogunstudios.poikatsuhakkosusumukun,"ポイ活 発酵！ススムくん：放置ゲームで簡単ポイント稼ぎ"
00:30,171,com.qookkagames.xczyw.gp.jp,"信長の野望 真戦"
00:30,172,com.dream.tiles.puzzlelink,"Dream Tiles: Puzzle Link​"
00:30,173,com.paradyme.solarsmash,"Solar Smash"
00:30,174,com.mhcljp.xpvsfd,"今生は恋より茶に生きる"
00:30,175,com.tripledot.blockssmashgame,"Stack Smash - Block 3D Puzzle"
00:30,176,jp.gungho.pad,"パズル＆ドラゴンズ"
00:30,177,net.gameduo.dfd,"E.D.E.N：最終防衛線"
00:30,178,com.Desire.Girls.Mahjong.Match.Tile,"Desire Girls: Mahjong Match"
00:30,179,com.JindoBlu.OfflineGames,"オフラインゲーム - 暇つぶし ゲーム - パズルゲーム"
00:30,180,com.kurashiru.shopping.usagi,"買い物うさぎ by クラシル"
00:30,181,com.playrix.gardenscapes,"ガーデンスケイプ(Gardenscapes)"
00:30,182,com.fungames.sniper3d,"Sniper 3D：銃を撃つゲーム"
00:30,183,and.brainworks.holeemall,"ホール・エム・オール (Hole Em All)"
00:30,184,com.fc.p.cp.jelly.mukbang.asmr.live.diy,"ゼリーマスター：食べるゲーム"
00:30,185,com.rush.xtreme.sports,"ラッシュ：エクストリーム (RUSH: Xtreme)"
00:30,186,com.miHoYo.GenshinImpact,"原神-スネージナヤ開幕"
00:30,187,com.fansipan.epic.stickman.survival.rpg.idle.game,"Epic Stickman: 放置RPG 大戦"
00:30,188,com.eagle_developers.shukapig,"出荷ぶた-養豚場育成ゲーム！ポイ活可能の放置で癒しの牧場経営"
00:30,189,air.jp.globalgear.kechi,"ドケチボーイ -脱出ゲーム"
00:30,190,com.mxdzz.jp.and,"キノコ伝説：勇者と魔法のランプ"
00:30,191,com.heartsnet.clickwood.gp,"クリック Wood (Click Wood)"
00:30,192,relaxing.games.sort.jam.free,"Sort Jam"
00:30,193,net.peakgames.match,"マッチファクトリー(Match Factory)!"
00:30,194,com.pronetis.ironball2,"ゴーイングボールズ (Going Balls)"
00:30,195,com.easybrain.arrow.puzzle.game,"Arrow Puzzle - アローパズルゲーム"
00:30,196,com.justdesserts.global,"マージ・デザート：復讐は蜜の味"
00:30,197,com.fun.brain.game,"ブレパズ！Brain Puzzle ひっかけパズル"
00:30,198,com.arrow.flow.puzzle.escape.brain,"Arrow GO! Arrow Flow Puzzle"
00:30,199,com.blockpuzzle.games.classic,"ブロックパズル：クラシック"
00:30,200,com.bandainamcoent.idolmaster_gakuen,"学園アイドルマスター"
01:00,1,com.oakever.meowdoku,"Meowdoku"
01:00,2,com.block.juggle,"ブロックブラスト (Block Blast)"
01:00,3,com.grandgames.magicsort,"マジックソート！ (Magic Sort !)"
01:00,4,jp.co.goodroid.hyper.busflow,"Bus Traffic Fever!　"
01:00,5,com.pocket.sort.coin.puzzle.game,"ポケットソート (Pocket Sort)：コインパズル"
01:00,6,com.cyphergames.royalsmash,"Royal Smash! - Physics Puzzle"
01:00,7,com.puzzlegames.puzzlebrickslegend,"カラーブロック：爽快パズル(ColorBlock)"
01:00,8,com.hollywood.merge,"ハリウッドマージ"
01:00,9,com.farlightgames.pgame.gp,"モンスターサバイバル"
01:00,10,com.brain.crazy.joygame,"Brain Puzzle 3: Crazy Mind"
01:00,11,com.roblox.client,"Roblox (ロブロックス)"
01:00,12,com.run.tower.defense,"キングショット"
01:00,13,com.xman.jp.gp,"X-Clash"
01:00,14,com.fatmerge.global,"グルメ・ジャーニー"
01:00,15,jp.co.applibot.chiikawapocket,"ちいかわぽけっと"
01:00,16,com.nebula.zoodoku,"Zoodoku：数独×動物ロジックパズル"
01:00,17,com.mergegames.gossipharbor,"ゴシップハーバー：マージ & ストーリー"
01:00,18,com.oakever.arrows,"Amaze GO! - 矢印 パズル"
01:00,19,sorting.games.goods.sort.triple.match3d.puzzle.stuff,"商品整理ゲーム：3Dパズル"
01:00,20,tokyo.chickenskin.imikowa,"意味怖ストーリー：バッドエンドを回避せよ！"
01:00,21,com.lighthouse.freeplay.jp,"終焉のヒカリ"
01:00,22,com.halfbrick.fruitninjafree,"Fruit Ninja®"
01:00,23,com.Chodun.CatGunner,"にゃんこ銃士：放置育成RPG"
01:00,24,com.fluffydrop.op.gp,"Fluffy Drop"
01:00,25,com.agavegames.findthecat2,"Find The Cat 2 - Spot It!"
01:00,26,com.ecffri.arrows,"Arrows - パズルエスケープ"
01:00,27,com.gof.global,"ホワイトアウト・サバイバル"
01:00,28,jigsaw.solitaire.match.games.free,"ジグソードロップ：ソリティアパズル"
01:00,29,com.ig.screwdom,"Screwdom 3D"
01:00,30,com.unept.leveldevil,"Level Devil - NOT A Troll Game"
01:00,31,com.ratinghope.gplay,"終末のタイタン：ラストラッシュ"
01:00,32,com.sorting.games.match3d.goods.triple.puzzle,"Goods Sort 3D：グッズトリプルソートパズルゲーム"
01:00,33,com.playrix.township,"タウンシップ (Township)"
01:00,34,color.number.paint.pixle.art.sort.jigsaw,"Jewel Coloring"
01:00,35,com.nianticlabs.pokemongo,"Pokémon GO"
01:00,36,com.onyxhook.nekotabi,"ねこ旅 – 放置×収集×ポイ活アプリ"
01:00,37,jp.konami.suikoden.starleap,"幻想水滸伝 STAR LEAP"
01:00,38,com.sled.surfers.game,"Sled Surfers - ズ - 坂冒険"
01:00,39,jp.pokemon.pokemonchampions,"Pokémon Champions"
01:00,40,com.shogunstudios.poikatsukinokonoko,"ポイ活 さがそう！キノコのコ：放置ゲームで簡単ポイント稼ぎ"
01:00,41,com.dreamgames.royalkingdom,"ロイヤルキングダム (Royal Kingdom)"
01:00,42,com.bravestars.savethedog.drawgame,"Save The Pets"
01:00,43,water.sort.color.puzzle.offline.games,"Water Sort! カラーロジック"
01:00,44,com.kayac.slow_mo_strike,"Slow Mo Strike: ナイフ投げアクション"
01:00,45,beats.color.sing.star.rush,"魔法ピアノタイル9 : ピアノゲーム、おんがくげーむ、音ゲー"
01:00,46,com.epicgames.fortnite,"フォートナイト"
01:00,47,jp.co.ponos.battlecats,"にゃんこ大戦争"
01:00,48,com.zigzagame.paranoize,"パラノイズ"
01:00,49,com.wood.block.sudoku.puzzle.bm,"Block Crush: ブロックブラストパズル"
01:00,50,com.furrjam.traffic.jamgame,"FurrJam:Hop In!"
01:00,51,gridplus.busjam.carpuzzle,"Bus Fever! Car Jam Escape"
01:00,52,jp.konami.pesam,"eFootball™"
01:00,53,jigsolitaire.jigsort.jigsaw.solitaire.puzzle,"ジグソートパズル：ソリティアの楽しさを楽しもう"
01:00,54,bus.games.car.out.traffic.parking.jam.escape.puzzle,"バスゲーム・駐車場パズル：Bus Madness"
01:00,55,com.vitastudio.mahjong,"ヴィータ麻雀(Vita Mahjong)"
01:00,56,com.Garawell.LoopSort,"Loop Sort"
01:00,57,com.percent.aos.randomdice2,"ランダムダイス2"
01:00,58,com.nebula.mahjongtile,"麻雀ブラスト (Mahjong Blast)"
01:00,59,com.mobirix.ldwm,"スイカ作り2048"
01:00,60,com.dreamgames.royalmatch,"ロイヤルマッチ Royal Match"
01:00,61,block.color.game.jam.blocks.sort.puzzle.games.slide.free,"ブロックカラー・マニア"
01:00,62,jp.pokemon.pokemontcgp,"Pokémon TCG Pocket"
01:00,63,com.find.spot.photo.hunt.differences.free.hidden,"間違い探し：違いを探す楽しいパズルゲーム"
01:00,64,com.playrix.fishdomdd.gplay,"フィッシュダム(Fishdom)"
01:00,65,com.youmusic.magictiles,"魔法のタイルズ3 - ピアノ曲 & ゲーム"
01:00,66,com.supercell.brawlstars,"ブロスタ"
01:00,67,com.linecorp.LGTMTM,"LINE：ディズニー ツムツム"
01:00,68,pics.karaage.sokutaiho,"巡回中！即タイホ！"
01:00,69,com.leap.searchit,"Search It – 隠しアイテム探し"
01:00,70,com.fty.trickmean2game,"トリミン2！-トリッキーミーン2 いじわる脳トレパズルゲーム"
01:00,71,bus.loop.traffic.jam.fever.bus.puzzle,"Bus Loop:Jam Master"
01:00,72,com.kiwifun.game.android.screw.master,"ネジ3Dパズル：ピンを外すゲーム"
01:00,73,com.infiniplay.merge.fashion.romance.story,"Merge Fashion(マージファッション):マージ"
01:00,74,com.duykanbakay.carconveyortransfer,"Car Sort: Color Puzzle"
01:00,75,arrow.cube.escape3d,"Arrow Pro 3D"
01:00,76,com.easybrain.sudoku.android,"ナンプレ - ロジックパズルゲーム"
01:00,77,game.qualiarts.hololive.dreams.jp,"ホロライブドリームス"
01:00,78,com.cedargames.mysterytown,"ミステリータウン：マージゲーム (Mystery Town)"
01:00,79,jp.co.mixi.monsterstrike,"モンスターストライク"
01:00,80,ball.sort.puzzle.color.sorting.bubble.games,"ボール選別 - 脳を鍛える色分けパズル ゲーム"
01:00,81,jp.konami.prospia,"プロ野球スピリッツA"
01:00,82,io.voodoo.paper2,"Paper.io 2"
01:00,83,com.fiveminlab.overgeared.hero.backpack.merge,"チート勇者～インベントリ攻略ゲー～RPG"
01:00,84,water.sort.puzzle.game.color.sorting.free,"水選別パズルゲーム - 楽しい色分けパズルゲーム"
01:00,85,com.nebula.tiles,"タップタイル (Tap Tile)"
01:00,86,daily.number.match.free.puzzle,"デイリーナンバーマッチ"
01:00,87,com.zm.waterpack,"Get Color Pack: Sort Puzzle"
01:00,88,com.global.ztmslg,"パズル&サバイバル"
01:00,89,com.wood.bolt.wordle.screw.nuts.puzzle,"ネジパズル: 脳トレ ウッド パズル - 人気 ネジ ゲーム"
01:00,90,com.brain.logic.joygame,"Brain Puzzle 2: Logic Twist"
01:00,91,net.peakgames.toonblast,"トゥーンブラスト (Toon Blast)"
01:00,92,com.jewel.sort.coloring.loop.match.paint.jigsaw,"Jewel Loop - Coloring Sort"
01:00,93,triple.sorting.bubble.fish.match,"Fish Sort Puzzle: パズルゲーム"
01:00,94,com.phs.global,"ラストアサイラム：プレイグ"
01:00,95,com.spheresort.yhk,"ロマンチックな球体ボールソーティング"
01:00,96,com.greenmushroom.boomblitz.gp,"トップヒーローズ（Top Heroes）"
01:00,97,gs.chaos.candyfest,"Captain Smash"
01:00,98,easy.sudoku.puzzle.solver.free,"ナンプレ - 大人気アプリ"
01:00,99,com.merge.game.foodstars,"フードスター:マージ & クック"
01:00,100,jp.co.taito.onlinecrane,"オンクレならタイクレ！おうちでクレーンゲームしよ？"
01:00,101,com.hungrystudio.mahjong,"Double Tile! 麻雀タイルマッチパズル"
01:00,102,com.igg.android.doomsdaylastsurvivors,"ドゥームズデイ：オデュッセウスの帰還"
01:00,103,com.fungames.blockcraft,"ブロッククラフト3D (Block Craft)：建設ゲーム"
01:00,104,com.rescue.agent,"ヘリコプター・エスケープ"
01:00,105,com.funplus.ts.global,"タイルズ・サバイバル"
01:00,106,wool.match.color.sort.jam.puzzle,"毛糸クラッシュ"
01:00,107,hidden.object.find.seek.search.mystery.puzzle.games.free,"隠しオブジェクトゲーム：探してみよう"
01:00,108,com.QdanApp.QdanGames,"どこでもパーティーゲーム「どこパ」（ワードウルフオンライン）"
01:00,109,io.voodoo.holeio,"ホール.io"
01:00,110,com.arrow.romantic.puzzle.goddess,"Amaze Romantic Goddess"
01:00,111,com.gamovation.tileclub,"タイルクラブ - マッチングゲーム"
01:00,112,water.sort.master.colors.games,"Water Sort: Master Colors"
01:00,113,com.goods.sorting.games.triple.match3d.puzzle,"商品整理ゲーム：3Dパズル"
01:00,114,jp.co.drecom.wizardry.daphne,"Wizardry Variants Daphne"
01:00,115,com.easybrain.brainy.joygame,"Puzzle Time: Brainy Challenge"
01:00,116,defense.roguelike.cell.shoot.survivor,"セルサバイバー"
01:00,117,com.whoyaho.tanghulu,"フルーツ飴の達人 - ドバイもち、パフェ、ASMR、モッパン"
01:00,118,com.warrior.screw.gp,"ねじねじパズル"
01:00,119,pixel.gem.sort.art.puzzle.loop,"Pixel Gem Loop: ドット絵ジュエル"
01:00,120,io.supercent.linkedcubic,"スネーククラッシュ (Snake Clash)"
01:00,121,com.gamespark.topking.gp,"トップロード"
01:00,122,com.vincentb.MobControl,"Mob Control"
01:00,123,com.mystery.dumplings.asmr.unboxing.squishy,"Mystery Dumpling: Unbox ASMR"
01:00,124,com.h8games.littlefarmstory,"リトルファームストーリー"
01:00,125,com.readygo.barrel.gp,"ラストZ：サバイバルシューティング"
01:00,126,com.gtsy.annoying.punch.game,"Annoying Uncle - パンチゲーム"
01:00,127,screw.puzzle.match3.brain.puzz,"ネジマッチ: Screw Sort 3D ネジパズル ボルト"
01:00,128,jp.pokemon.pokemonsleep,"Pokémon Sleep"
01:00,129,find.difference.spot.differences.hidden.puzzle.games.free,"間違い探し - 見つけてスポット"
01:00,130,com.linecorp.LGSBJ22,"LINE：ブロックジャム"
01:00,131,com.unicostudio.braintest,"ブレインテスト(Brain Test)：ひっかけパズル"
01:00,132,com.microdose.balljam,"Marble Sort!"
01:00,133,com.bandainamcoent.opbrjp,"ONE PIECE バウンティラッシュ - アクションゲーム"
01:00,134,com.merge.cooking.theme.restaurant.food,"マージクッキング テーマレストラン"
01:00,135,com.magic.relaxing.water.sort.colorgame.puzzle,"3D Colorful Sort™ 魔法の水"
01:00,136,com.hottagames.nte,"NTE: Neverness to Everness"
01:00,137,com.car.parking.bus.mania.traffic.jam,"Bus Jam：駐車場ゲーム パーキングジャム"
01:00,138,com.nexters.herowars,"ヒーローウォーズ：アライアンス — 放置系ロールプレイング"
01:00,139,com.innersloth.spacemafia,"Among Us"
01:00,140,com.hypervation.goodssort,"Goods Sort Match - パズル"
01:00,141,com.agavegames.findemall,"Find Em All! - Hidden Objects"
01:00,142,puzzle.snakes.puzzle.slithereat.gaming,"Snake Puzzle: Slither to Eat"
01:00,143,tokyo.chickenskin.yokai,"妖怪カノジョ：妖怪はキミに恋をする"
01:00,144,jp.co.goodroid.hyper.puzzle.arrows3dcubepuzzle,"CubeAway - 3DPuzzle"
01:00,145,com.bunbunstudio.magicblocktiles,"ぴあのたいる7: 音ゲー . リズムゲーム"
01:00,146,com.robtopx.geometryjumplite,"Geometry Dash Lite"
01:00,147,jp.infinitysoftware.brainageplay,"脳年齢測定器"
01:00,148,com.aniplex.fategrandorder,"Fate/Grand Order"
01:00,149,com.oakever.tiletrip,"Tile Explorer - トリプルマッチ"
01:00,150,solitaire.word.association.connections.puzzle,"ソリティアワード: Solitaire Connection"
01:00,151,com.smgame.strategy,"Battle Kiss:Girl's Survival"
01:00,152,com.nebula.blockbloom,"Block Bloom: Color Blast"
01:00,153,com.goods.master3d.triple.puzzle,"Goods Master 3D: 仕分けマスター 収納ゲーム"
01:00,154,com.hmbl.perfect.makeover.cleaning.asmr,"Perfect Makeover Cleaning ASMR"
01:00,155,com.soccer.score.star,"サッカースーパースター(Soccer Superstar)"
01:00,156,io.supercent.weaponrpg,"XP Hero(ヒーロー)): まずは世界観をのぞいてみて"
01:00,157,io.supercent.pizzaidle,"ピザレディー (Pizza Ready)"
01:00,158,com.hxh.survivor,"HUNTER×HUNTER NEN×SURVIVOR"
01:00,159,com.pixel.art.coloring.color.number,"Happy Color® – 数字で塗り絵と色ぬりえ"
01:00,160,com.fty.thejudge,"確認させてください"
01:00,161,com.awesome.puzzlehexasort,"カラースライドパズル (Color Slide )"
01:00,162,com.tgc.sky.android,"Sky 星を紡ぐ子どもたち"
01:00,163,com.sega.pjsekai,"プロジェクトセカイ カラフルステージ！ feat. 初音ミク"
01:00,164,com.crossfield.mahjong,"麻雀 闘龍 - 初心者から楽しめる麻雀ゲーム"
01:00,165,com.media720.games2020,"オフラインゲーム 暇つぶし 楽しい ミニパズルボード"
01:00,166,com.pd.vehiclemasters,"ドライブマスター (Vehicle Masters)"
01:00,167,com.hitappsgames.wordsolitaire,"ソリティア：パズルゲーム 脳トレ カードゲーム 暇つぶし連想"
01:00,168,com.ew.mahjong,"楽しい麻雀マッチ"
01:00,169,com.topwar.gp,"トップウォー"
01:00,170,com.shogunstudios.poikatsuhakkosusumukun,"ポイ活 発酵！ススムくん：放置ゲームで簡単ポイント稼ぎ"
01:00,171,com.qookkagames.xczyw.gp.jp,"信長の野望 真戦"
01:00,172,com.dream.tiles.puzzlelink,"Dream Tiles: Puzzle Link​"
01:00,173,com.paradyme.solarsmash,"Solar Smash"
01:00,174,com.mhcljp.xpvsfd,"今生は恋より茶に生きる"
01:00,175,com.tripledot.blockssmashgame,"Stack Smash - Block 3D Puzzle"
01:00,176,jp.gungho.pad,"パズル＆ドラゴンズ"
01:00,177,net.gameduo.dfd,"E.D.E.N：最終防衛線"
01:00,178,com.Desire.Girls.Mahjong.Match.Tile,"Desire Girls: Mahjong Match"
01:00,179,com.JindoBlu.OfflineGames,"オフラインゲーム - 暇つぶし ゲーム - パズルゲーム"
01:00,180,com.kurashiru.shopping.usagi,"買い物うさぎ by クラシル"
01:00,181,com.playrix.gardenscapes,"ガーデンスケイプ(Gardenscapes)"
01:00,182,and.brainworks.holeemall,"ホール・エム・オール (Hole Em All)"
01:00,183,com.fc.p.cp.jelly.mukbang.asmr.live.diy,"ゼリーマスター：食べるゲーム"
01:00,184,com.rush.xtreme.sports,"ラッシュ：エクストリーム (RUSH: Xtreme)"
01:00,185,com.miHoYo.GenshinImpact,"原神-スネージナヤ開幕"
01:00,186,com.fansipan.epic.stickman.survival.rpg.idle.game,"Epic Stickman: 放置RPG 大戦"
01:00,187,com.eagle_developers.shukapig,"出荷ぶた-養豚場育成ゲーム！ポイ活可能の放置で癒しの牧場経営"
01:00,188,air.jp.globalgear.kechi,"ドケチボーイ -脱出ゲーム"
01:00,189,com.mxdzz.jp.and,"キノコ伝説：勇者と魔法のランプ"
01:00,190,com.heartsnet.clickwood.gp,"クリック Wood (Click Wood)"
01:00,191,relaxing.games.sort.jam.free,"Sort Jam"
01:00,192,net.peakgames.match,"マッチファクトリー(Match Factory)!"
01:00,193,com.pronetis.ironball2,"ゴーイングボールズ (Going Balls)"
01:00,194,com.easybrain.arrow.puzzle.game,"Arrow Puzzle - アローパズルゲーム"
01:00,195,com.justdesserts.global,"マージ・デザート：復讐は蜜の味"
01:00,196,com.fungames.sniper3d,"Sniper 3D：銃を撃つゲーム"
01:00,197,com.fun.brain.game,"ブレパズ！Brain Puzzle ひっかけパズル"
01:00,198,com.arrow.flow.puzzle.escape.brain,"Arrow GO! Arrow Flow Puzzle"
01:00,199,com.blockpuzzle.games.classic,"ブロックパズル：クラシック"
01:00,200,com.bandainamcoent.idolmaster_gakuen,"学園アイドルマスター"
02:00,1,com.oakever.meowdoku,"Meowdoku"
02:00,2,com.block.juggle,"ブロックブラスト (Block Blast)"
02:00,3,com.grandgames.magicsort,"マジックソート！ (Magic Sort !)"
02:00,4,jp.co.goodroid.hyper.busflow,"Bus Traffic Fever!　"
02:00,5,com.pocket.sort.coin.puzzle.game,"ポケットソート (Pocket Sort)：コインパズル"
02:00,6,com.cyphergames.royalsmash,"Royal Smash! - Physics Puzzle"
02:00,7,com.puzzlegames.puzzlebrickslegend,"カラーブロック：爽快パズル(ColorBlock)"
02:00,8,com.hollywood.merge,"ハリウッドマージ"
02:00,9,com.farlightgames.pgame.gp,"モンスターサバイバル"
02:00,10,com.brain.crazy.joygame,"Brain Puzzle 3: Crazy Mind"
02:00,11,com.roblox.client,"Roblox (ロブロックス)"
02:00,12,com.run.tower.defense,"キングショット"
02:00,13,com.xman.jp.gp,"X-Clash"
02:00,14,com.fatmerge.global,"グルメ・ジャーニー"
02:00,15,jp.co.applibot.chiikawapocket,"ちいかわぽけっと"
02:00,16,com.nebula.zoodoku,"Zoodoku：数独×動物ロジックパズル"
02:00,17,com.mergegames.gossipharbor,"ゴシップハーバー：マージ & ストーリー"
02:00,18,com.oakever.arrows,"Amaze GO! - 矢印 パズル"
02:00,19,sorting.games.goods.sort.triple.match3d.puzzle.stuff,"商品整理ゲーム：3Dパズル"
02:00,20,tokyo.chickenskin.imikowa,"意味怖ストーリー：バッドエンドを回避せよ！"
02:00,21,com.lighthouse.freeplay.jp,"終焉のヒカリ"
02:00,22,com.halfbrick.fruitninjafree,"Fruit Ninja®"
02:00,23,com.Chodun.CatGunner,"にゃんこ銃士：放置育成RPG"
02:00,24,com.fluffydrop.op.gp,"Fluffy Drop"
02:00,25,com.agavegames.findthecat2,"Find The Cat 2 - Spot It!"
02:00,26,com.ecffri.arrows,"Arrows - パズルエスケープ"
02:00,27,com.gof.global,"ホワイトアウト・サバイバル"
02:00,28,jigsaw.solitaire.match.games.free,"ジグソードロップ：ソリティアパズル"
02:00,29,com.ig.screwdom,"Screwdom 3D"
02:00,30,com.unept.leveldevil,"Level Devil - NOT A Troll Game"
02:00,31,com.ratinghope.gplay,"終末のタイタン：ラストラッシュ"
02:00,32,com.sorting.games.match3d.goods.triple.puzzle,"Goods Sort 3D：グッズトリプルソートパズルゲーム"
02:00,33,com.playrix.township,"タウンシップ (Township)"
02:00,34,color.number.paint.pixle.art.sort.jigsaw,"Jewel Coloring"
02:00,35,com.nianticlabs.pokemongo,"Pokémon GO"
02:00,36,com.onyxhook.nekotabi,"ねこ旅 – 放置×収集×ポイ活アプリ"
02:00,37,jp.konami.suikoden.starleap,"幻想水滸伝 STAR LEAP"
02:00,38,com.sled.surfers.game,"Sled Surfers - ズ - 坂冒険"
02:00,39,jp.pokemon.pokemonchampions,"Pokémon Champions"
02:00,40,com.shogunstudios.poikatsukinokonoko,"ポイ活 さがそう！キノコのコ：放置ゲームで簡単ポイント稼ぎ"
02:00,41,com.dreamgames.royalkingdom,"ロイヤルキングダム (Royal Kingdom)"
02:00,42,com.bravestars.savethedog.drawgame,"Save The Pets"
02:00,43,water.sort.color.puzzle.offline.games,"Water Sort! カラーロジック"
02:00,44,beats.color.sing.star.rush,"魔法ピアノタイル9 : ピアノゲーム、おんがくげーむ、音ゲー"
02:00,45,com.epicgames.fortnite,"フォートナイト"
02:00,46,jp.co.ponos.battlecats,"にゃんこ大戦争"
02:00,47,com.zigzagame.paranoize,"パラノイズ"
02:00,48,com.kayac.slow_mo_strike,"Slow Mo Strike: ナイフ投げアクション"
02:00,49,com.wood.block.sudoku.puzzle.bm,"Block Crush: ブロックブラストパズル"
02:00,50,com.furrjam.traffic.jamgame,"FurrJam:Hop In!"
02:00,51,gridplus.busjam.carpuzzle,"Bus Fever! Car Jam Escape"
02:00,52,jp.konami.pesam,"eFootball™"
02:00,53,jigsolitaire.jigsort.jigsaw.solitaire.puzzle,"ジグソートパズル：ソリティアの楽しさを楽しもう"
02:00,54,bus.games.car.out.traffic.parking.jam.escape.puzzle,"バスゲーム・駐車場パズル：Bus Madness"
02:00,55,com.vitastudio.mahjong,"ヴィータ麻雀(Vita Mahjong)"
02:00,56,com.Garawell.LoopSort,"Loop Sort"
02:00,57,com.percent.aos.randomdice2,"ランダムダイス2"
02:00,58,com.nebula.mahjongtile,"麻雀ブラスト (Mahjong Blast)"
02:00,59,com.mobirix.ldwm,"スイカ作り2048"
02:00,60,com.dreamgames.royalmatch,"ロイヤルマッチ Royal Match"
02:00,61,block.color.game.jam.blocks.sort.puzzle.games.slide.free,"ブロックカラー・マニア"
02:00,62,jp.pokemon.pokemontcgp,"Pokémon TCG Pocket"
02:00,63,com.find.spot.photo.hunt.differences.free.hidden,"間違い探し：違いを探す楽しいパズルゲーム"
02:00,64,com.playrix.fishdomdd.gplay,"フィッシュダム(Fishdom)"
02:00,65,com.youmusic.magictiles,"魔法のタイルズ3 - ピアノ曲 & ゲーム"
02:00,66,com.supercell.brawlstars,"ブロスタ"
02:00,67,com.linecorp.LGTMTM,"LINE：ディズニー ツムツム"
02:00,68,pics.karaage.sokutaiho,"巡回中！即タイホ！"
02:00,69,com.leap.searchit,"Search It – 隠しアイテム探し"
02:00,70,com.fty.trickmean2game,"トリミン2！-トリッキーミーン2 いじわる脳トレパズルゲーム"
02:00,71,bus.loop.traffic.jam.fever.bus.puzzle,"Bus Loop:Jam Master"
02:00,72,com.kiwifun.game.android.screw.master,"ネジ3Dパズル：ピンを外すゲーム"
02:00,73,com.infiniplay.merge.fashion.romance.story,"Merge Fashion(マージファッション):マージ"
02:00,74,com.duykanbakay.carconveyortransfer,"Car Sort: Color Puzzle"
02:00,75,arrow.cube.escape3d,"Arrow Pro 3D"
02:00,76,com.easybrain.sudoku.android,"ナンプレ - ロジックパズルゲーム"
02:00,77,game.qualiarts.hololive.dreams.jp,"ホロライブドリームス"
02:00,78,com.cedargames.mysterytown,"ミステリータウン：マージゲーム (Mystery Town)"
02:00,79,jp.co.mixi.monsterstrike,"モンスターストライク"
02:00,80,ball.sort.puzzle.color.sorting.bubble.games,"ボール選別 - 脳を鍛える色分けパズル ゲーム"
02:00,81,jp.konami.prospia,"プロ野球スピリッツA"
02:00,82,io.voodoo.paper2,"Paper.io 2"
02:00,83,com.fiveminlab.overgeared.hero.backpack.merge,"チート勇者～インベントリ攻略ゲー～RPG"
02:00,84,water.sort.puzzle.game.color.sorting.free,"水選別パズルゲーム - 楽しい色分けパズルゲーム"
02:00,85,com.nebula.tiles,"タップタイル (Tap Tile)"
02:00,86,daily.number.match.free.puzzle,"デイリーナンバーマッチ"
02:00,87,com.zm.waterpack,"Get Color Pack: Sort Puzzle"
02:00,88,com.global.ztmslg,"パズル&サバイバル"
02:00,89,com.wood.bolt.wordle.screw.nuts.puzzle,"ネジパズル: 脳トレ ウッド パズル - 人気 ネジ ゲーム"
02:00,90,net.peakgames.toonblast,"トゥーンブラスト (Toon Blast)"
02:00,91,triple.sorting.bubble.fish.match,"Fish Sort Puzzle: パズルゲーム"
02:00,92,com.phs.global,"ラストアサイラム：プレイグ"
02:00,93,com.spheresort.yhk,"ロマンチックな球体ボールソーティング"
02:00,94,com.greenmushroom.boomblitz.gp,"トップヒーローズ（Top Heroes）"
02:00,95,gs.chaos.candyfest,"Captain Smash"
02:00,96,easy.sudoku.puzzle.solver.free,"ナンプレ - 大人気アプリ"
02:00,97,com.merge.game.foodstars,"フードスター:マージ & クック"
02:00,98,jp.co.taito.onlinecrane,"オンクレならタイクレ！おうちでクレーンゲームしよ？"
02:00,99,com.hungrystudio.mahjong,"Double Tile! 麻雀タイルマッチパズル"
02:00,100,com.brain.logic.joygame,"Brain Puzzle 2: Logic Twist"
02:00,101,com.igg.android.doomsdaylastsurvivors,"ドゥームズデイ：オデュッセウスの帰還"
02:00,102,com.fungames.blockcraft,"ブロッククラフト3D (Block Craft)：建設ゲーム"
02:00,103,com.rescue.agent,"ヘリコプター・エスケープ"
02:00,104,com.funplus.ts.global,"タイルズ・サバイバル"
02:00,105,wool.match.color.sort.jam.puzzle,"毛糸クラッシュ"
02:00,106,hidden.object.find.seek.search.mystery.puzzle.games.free,"隠しオブジェクトゲーム：探してみよう"
02:00,107,com.QdanApp.QdanGames,"どこでもパーティーゲーム「どこパ」（ワードウルフオンライン）"
02:00,108,io.voodoo.holeio,"ホール.io"
02:00,109,com.arrow.romantic.puzzle.goddess,"Amaze Romantic Goddess"
02:00,110,com.gamovation.tileclub,"タイルクラブ - マッチングゲーム"
02:00,111,water.sort.master.colors.games,"Water Sort: Master Colors"
02:00,112,com.goods.sorting.games.triple.match3d.puzzle,"商品整理ゲーム：3Dパズル"
02:00,113,jp.co.drecom.wizardry.daphne,"Wizardry Variants Daphne"
02:00,114,com.easybrain.brainy.joygame,"Puzzle Time: Brainy Challenge"
02:00,115,defense.roguelike.cell.shoot.survivor,"セルサバイバー"
02:00,116,com.whoyaho.tanghulu,"フルーツ飴の達人 - ドバイもち、パフェ、ASMR、モッパン"
02:00,117,com.warrior.screw.gp,"ねじねじパズル"
02:00,118,pixel.gem.sort.art.puzzle.loop,"Pixel Gem Loop: ドット絵ジュエル"
02:00,119,io.supercent.linkedcubic,"スネーククラッシュ (Snake Clash)"
02:00,120,com.gamespark.topking.gp,"トップロード"
02:00,121,com.vincentb.MobControl,"Mob Control"
02:00,122,com.mystery.dumplings.asmr.unboxing.squishy,"Mystery Dumpling: Unbox ASMR"
02:00,123,com.h8games.littlefarmstory,"リトルファームストーリー"
02:00,124,com.readygo.barrel.gp,"ラストZ：サバイバルシューティング"
02:00,125,com.gtsy.annoying.punch.game,"Annoying Uncle - パンチゲーム"
02:00,126,screw.puzzle.match3.brain.puzz,"ネジマッチ: Screw Sort 3D ネジパズル ボルト"
02:00,127,com.jewel.sort.coloring.loop.match.paint.jigsaw,"Jewel Loop - Coloring Sort"
02:00,128,jp.pokemon.pokemonsleep,"Pokémon Sleep"
02:00,129,com.microdose.balljam,"Marble Sort!"
02:00,130,find.difference.spot.differences.hidden.puzzle.games.free,"間違い探し - 見つけてスポット"
02:00,131,com.linecorp.LGSBJ22,"LINE：ブロックジャム"
02:00,132,com.unicostudio.braintest,"ブレインテスト(Brain Test)：ひっかけパズル"
02:00,133,com.bandainamcoent.opbrjp,"ONE PIECE バウンティラッシュ - アクションゲーム"
02:00,134,com.merge.cooking.theme.restaurant.food,"マージクッキング テーマレストラン"
02:00,135,com.magic.relaxing.water.sort.colorgame.puzzle,"3D Colorful Sort™ 魔法の水"
02:00,136,com.hottagames.nte,"NTE: Neverness to Everness"
02:00,137,com.car.parking.bus.mania.traffic.jam,"Bus Jam：駐車場ゲーム パーキングジャム"
02:00,138,com.nexters.herowars,"ヒーローウォーズ：アライアンス — 放置系ロールプレイング"
02:00,139,com.innersloth.spacemafia,"Among Us"
02:00,140,com.hypervation.goodssort,"Goods Sort Match - パズル"
02:00,141,com.agavegames.findemall,"Find Em All! - Hidden Objects"
02:00,142,puzzle.snakes.puzzle.slithereat.gaming,"Snake Puzzle: Slither to Eat"
02:00,143,tokyo.chickenskin.yokai,"妖怪カノジョ：妖怪はキミに恋をする"
02:00,144,jp.co.goodroid.hyper.puzzle.arrows3dcubepuzzle,"CubeAway - 3DPuzzle"
02:00,145,com.bunbunstudio.magicblocktiles,"ぴあのたいる7: 音ゲー . リズムゲーム"
02:00,146,com.robtopx.geometryjumplite,"Geometry Dash Lite"
02:00,147,jp.infinitysoftware.brainageplay,"脳年齢測定器"
02:00,148,com.aniplex.fategrandorder,"Fate/Grand Order"
02:00,149,com.oakever.tiletrip,"Tile Explorer - トリプルマッチ"
02:00,150,solitaire.word.association.connections.puzzle,"ソリティアワード: Solitaire Connection"
02:00,151,com.nebula.blockbloom,"Block Bloom: Color Blast"
02:00,152,com.goods.master3d.triple.puzzle,"Goods Master 3D: 仕分けマスター 収納ゲーム"
02:00,153,com.hmbl.perfect.makeover.cleaning.asmr,"Perfect Makeover Cleaning ASMR"
02:00,154,com.soccer.score.star,"サッカースーパースター(Soccer Superstar)"
02:00,155,io.supercent.weaponrpg,"XP Hero(ヒーロー)): まずは世界観をのぞいてみて"
02:00,156,io.supercent.pizzaidle,"ピザレディー (Pizza Ready)"
02:00,157,com.hxh.survivor,"HUNTER×HUNTER NEN×SURVIVOR"
02:00,158,com.pixel.art.coloring.color.number,"Happy Color® – 数字で塗り絵と色ぬりえ"
02:00,159,com.fty.thejudge,"確認させてください"
02:00,160,com.awesome.puzzlehexasort,"カラースライドパズル (Color Slide )"
02:00,161,com.sega.pjsekai,"プロジェクトセカイ カラフルステージ！ feat. 初音ミク"
02:00,162,com.crossfield.mahjong,"麻雀 闘龍 - 初心者から楽しめる麻雀ゲーム"
02:00,163,com.media720.games2020,"オフラインゲーム 暇つぶし 楽しい ミニパズルボード"
02:00,164,com.pd.vehiclemasters,"ドライブマスター (Vehicle Masters)"
02:00,165,com.hitappsgames.wordsolitaire,"ソリティア：パズルゲーム 脳トレ カードゲーム 暇つぶし連想"
02:00,166,com.ew.mahjong,"楽しい麻雀マッチ"
02:00,167,com.topwar.gp,"トップウォー"
02:00,168,com.shogunstudios.poikatsuhakkosusumukun,"ポイ活 発酵！ススムくん：放置ゲームで簡単ポイント稼ぎ"
02:00,169,com.qookkagames.xczyw.gp.jp,"信長の野望 真戦"
02:00,170,com.dream.tiles.puzzlelink,"Dream Tiles: Puzzle Link​"
02:00,171,com.paradyme.solarsmash,"Solar Smash"
02:00,172,com.mhcljp.xpvsfd,"今生は恋より茶に生きる"
02:00,173,com.tripledot.blockssmashgame,"Stack Smash - Block 3D Puzzle"
02:00,174,jp.gungho.pad,"パズル＆ドラゴンズ"
02:00,175,net.gameduo.dfd,"E.D.E.N：最終防衛線"
02:00,176,com.Desire.Girls.Mahjong.Match.Tile,"Desire Girls: Mahjong Match"
02:00,177,com.JindoBlu.OfflineGames,"オフラインゲーム - 暇つぶし ゲーム - パズルゲーム"
02:00,178,com.kurashiru.shopping.usagi,"買い物うさぎ by クラシル"
02:00,179,com.playrix.gardenscapes,"ガーデンスケイプ(Gardenscapes)"
02:00,180,and.brainworks.holeemall,"ホール・エム・オール (Hole Em All)"
02:00,181,com.fc.p.cp.jelly.mukbang.asmr.live.diy,"ゼリーマスター：食べるゲーム"
02:00,182,com.rush.xtreme.sports,"ラッシュ：エクストリーム (RUSH: Xtreme)"
02:00,183,com.fansipan.epic.stickman.survival.rpg.idle.game,"Epic Stickman: 放置RPG 大戦"
02:00,184,com.tgc.sky.android,"Sky 星を紡ぐ子どもたち"
02:00,185,com.eagle_developers.shukapig,"出荷ぶた-養豚場育成ゲーム！ポイ活可能の放置で癒しの牧場経営"
02:00,186,air.jp.globalgear.kechi,"ドケチボーイ -脱出ゲーム"
02:00,187,com.mxdzz.jp.and,"キノコ伝説：勇者と魔法のランプ"
02:00,188,com.heartsnet.clickwood.gp,"クリック Wood (Click Wood)"
02:00,189,relaxing.games.sort.jam.free,"Sort Jam"
02:00,190,net.peakgames.match,"マッチファクトリー(Match Factory)!"
02:00,191,com.pronetis.ironball2,"ゴーイングボールズ (Going Balls)"
02:00,192,com.easybrain.arrow.puzzle.game,"Arrow Puzzle - アローパズルゲーム"
02:00,193,com.justdesserts.global,"マージ・デザート：復讐は蜜の味"
02:00,194,com.fungames.sniper3d,"Sniper 3D：銃を撃つゲーム"
02:00,195,com.miHoYo.GenshinImpact,"原神-スネージナヤ開幕"
02:00,196,com.fun.brain.game,"ブレパズ！Brain Puzzle ひっかけパズル"
02:00,197,com.arrow.flow.puzzle.escape.brain,"Arrow GO! Arrow Flow Puzzle"
02:00,198,com.blockpuzzle.games.classic,"ブロックパズル：クラシック"
02:00,199,com.bandainamcoent.idolmaster_gakuen,"学園アイドルマスター"
02:00,200,com.tt.mainichifarm,"まいにちファーム"
02:30,1,com.oakever.meowdoku,"Meowdoku"
02:30,2,com.block.juggle,"ブロックブラスト (Block Blast)"
02:30,3,jp.co.goodroid.hyper.busflow,"Bus Traffic Fever!　"
02:30,4,com.grandgames.magicsort,"マジックソート！ (Magic Sort !)"
02:30,5,com.pocket.sort.coin.puzzle.game,"ポケットソート (Pocket Sort)：コインパズル"
02:30,6,com.cyphergames.royalsmash,"Royal Smash! - Physics Puzzle"
02:30,7,com.puzzlegames.puzzlebrickslegend,"カラーブロック：爽快パズル(ColorBlock)"
02:30,8,com.brain.crazy.joygame,"Brain Puzzle 3: Crazy Mind"
02:30,9,com.farlightgames.pgame.gp,"モンスターサバイバル"
02:30,10,com.run.tower.defense,"キングショット"
02:30,11,com.xman.jp.gp,"X-Clash"
02:30,12,com.roblox.client,"Roblox (ロブロックス)"
02:30,13,com.hollywood.merge,"ハリウッドマージ"
02:30,14,com.nebula.zoodoku,"Zoodoku：数独×動物ロジックパズル"
02:30,15,com.mergegames.gossipharbor,"ゴシップハーバー：マージ & ストーリー"
02:30,16,jp.co.applibot.chiikawapocket,"ちいかわぽけっと"
02:30,17,com.fatmerge.global,"グルメ・ジャーニー"
02:30,18,com.lighthouse.freeplay.jp,"終焉のヒカリ"
02:30,19,com.oakever.arrows,"Amaze GO! - 矢印 パズル"
02:30,20,com.Chodun.CatGunner,"にゃんこ銃士：放置育成RPG"
02:30,21,com.fluffydrop.op.gp,"Fluffy Drop"
02:30,22,sorting.games.goods.sort.triple.match3d.puzzle.stuff,"商品整理ゲーム：3Dパズル"
02:30,23,tokyo.chickenskin.imikowa,"意味怖ストーリー：バッドエンドを回避せよ！"
02:30,24,com.agavegames.findthecat2,"Find The Cat 2 - Spot It!"
02:30,25,com.gof.global,"ホワイトアウト・サバイバル"
02:30,26,jigsaw.solitaire.match.games.free,"ジグソードロップ：ソリティアパズル"
02:30,27,com.halfbrick.fruitninjafree,"Fruit Ninja®"
02:30,28,com.ratinghope.gplay,"終末のタイタン：ラストラッシュ"
02:30,29,com.ecffri.arrows,"Arrows - パズルエスケープ"
02:30,30,com.sorting.games.match3d.goods.triple.puzzle,"Goods Sort 3D：グッズトリプルソートパズルゲーム"
02:30,31,com.unept.leveldevil,"Level Devil - NOT A Troll Game"
02:30,32,com.ig.screwdom,"Screwdom 3D"
02:30,33,color.number.paint.pixle.art.sort.jigsaw,"Jewel Coloring"
02:30,34,com.nianticlabs.pokemongo,"Pokémon GO"
02:30,35,com.playrix.township,"タウンシップ (Township)"
02:30,36,com.onyxhook.nekotabi,"ねこ旅 – 放置×収集×ポイ活アプリ"
02:30,37,com.sled.surfers.game,"Sled Surfers - ズ - 坂冒険"
02:30,38,jp.pokemon.pokemonchampions,"Pokémon Champions"
02:30,39,com.shogunstudios.poikatsukinokonoko,"ポイ活 さがそう！キノコのコ：放置ゲームで簡単ポイント稼ぎ"
02:30,40,com.dreamgames.royalkingdom,"ロイヤルキングダム (Royal Kingdom)"
02:30,41,com.bravestars.savethedog.drawgame,"Save The Pets"
02:30,42,water.sort.color.puzzle.offline.games,"Water Sort! カラーロジック"
02:30,43,beats.color.sing.star.rush,"魔法ピアノタイル9 : ピアノゲーム、おんがくげーむ、音ゲー"
02:30,44,com.epicgames.fortnite,"フォートナイト"
02:30,45,com.zigzagame.paranoize,"パラノイズ"
02:30,46,jp.co.ponos.battlecats,"にゃんこ大戦争"
02:30,47,com.kayac.slow_mo_strike,"Slow Mo Strike: ナイフ投げアクション"
02:30,48,com.furrjam.traffic.jamgame,"FurrJam:Hop In!"
02:30,49,com.wood.block.sudoku.puzzle.bm,"Block Crush: ブロックブラストパズル"
02:30,50,gridplus.busjam.carpuzzle,"Bus Fever! Car Jam Escape"
02:30,51,jp.konami.pesam,"eFootball™"
02:30,52,jigsolitaire.jigsort.jigsaw.solitaire.puzzle,"ジグソートパズル：ソリティアの楽しさを楽しもう"
02:30,53,bus.games.car.out.traffic.parking.jam.escape.puzzle,"バスゲーム・駐車場パズル：Bus Madness"
02:30,54,com.Garawell.LoopSort,"Loop Sort"
02:30,55,jp.konami.suikoden.starleap,"幻想水滸伝 STAR LEAP"
02:30,56,com.nebula.mahjongtile,"麻雀ブラスト (Mahjong Blast)"
02:30,57,com.mobirix.ldwm,"スイカ作り2048"
02:30,58,com.find.spot.photo.hunt.differences.free.hidden,"間違い探し：違いを探す楽しいパズルゲーム"
02:30,59,com.percent.aos.randomdice2,"ランダムダイス2"
02:30,60,com.vitastudio.mahjong,"ヴィータ麻雀(Vita Mahjong)"
02:30,61,com.youmusic.magictiles,"魔法のタイルズ3 - ピアノ曲 & ゲーム"
02:30,62,com.linecorp.LGTMTM,"LINE：ディズニー ツムツム"
02:30,63,pics.karaage.sokutaiho,"巡回中！即タイホ！"
02:30,64,com.playrix.fishdomdd.gplay,"フィッシュダム(Fishdom)"
02:30,65,com.dreamgames.royalmatch,"ロイヤルマッチ Royal Match"
02:30,66,com.leap.searchit,"Search It – 隠しアイテム探し"
02:30,67,com.fty.trickmean2game,"トリミン2！-トリッキーミーン2 いじわる脳トレパズルゲーム"
02:30,68,jp.pokemon.pokemontcgp,"Pokémon TCG Pocket"
02:30,69,com.supercell.brawlstars,"ブロスタ"
02:30,70,com.kiwifun.game.android.screw.master,"ネジ3Dパズル：ピンを外すゲーム"
02:30,71,arrow.cube.escape3d,"Arrow Pro 3D"
02:30,72,com.infiniplay.merge.fashion.romance.story,"Merge Fashion(マージファッション):マージ"
02:30,73,block.color.game.jam.blocks.sort.puzzle.games.slide.free,"ブロックカラー・マニア"
02:30,74,com.duykanbakay.carconveyortransfer,"Car Sort: Color Puzzle"
02:30,75,com.cedargames.mysterytown,"ミステリータウン：マージゲーム (Mystery Town)"
02:30,76,bus.loop.traffic.jam.fever.bus.puzzle,"Bus Loop:Jam Master"
02:30,77,jp.konami.prospia,"プロ野球スピリッツA"
02:30,78,io.voodoo.paper2,"Paper.io 2"
02:30,79,com.easybrain.sudoku.android,"ナンプレ - ロジックパズルゲーム"
02:30,80,com.fiveminlab.overgeared.hero.backpack.merge,"チート勇者～インベントリ攻略ゲー～RPG"
02:30,81,game.qualiarts.hololive.dreams.jp,"ホロライブドリームス"
02:30,82,water.sort.puzzle.game.color.sorting.free,"水選別パズルゲーム - 楽しい色分けパズルゲーム"
02:30,83,com.nebula.tiles,"タップタイル (Tap Tile)"
02:30,84,daily.number.match.free.puzzle,"デイリーナンバーマッチ"
02:30,85,com.zm.waterpack,"Get Color Pack: Sort Puzzle"
02:30,86,ball.sort.puzzle.color.sorting.bubble.games,"ボール選別 - 脳を鍛える色分けパズル ゲーム"
02:30,87,triple.sorting.bubble.fish.match,"Fish Sort Puzzle: パズルゲーム"
02:30,88,com.phs.global,"ラストアサイラム：プレイグ"
02:30,89,jp.co.mixi.monsterstrike,"モンスターストライク"
02:30,90,easy.sudoku.puzzle.solver.free,"ナンプレ - 大人気アプリ"
02:30,91,com.global.ztmslg,"パズル&サバイバル"
02:30,92,net.peakgames.toonblast,"トゥーンブラスト (Toon Blast)"
02:30,93,com.brain.logic.joygame,"Brain Puzzle 2: Logic Twist"
02:30,94,com.fungames.blockcraft,"ブロッククラフト3D (Block Craft)：建設ゲーム"
02:30,95,com.rescue.agent,"ヘリコプター・エスケープ"
02:30,96,com.wood.bolt.wordle.screw.nuts.puzzle,"ネジパズル: 脳トレ ウッド パズル - 人気 ネジ ゲーム"
02:30,97,com.QdanApp.QdanGames,"どこでもパーティーゲーム「どこパ」（ワードウルフオンライン）"
02:30,98,io.voodoo.holeio,"ホール.io"
02:30,99,com.arrow.romantic.puzzle.goddess,"Amaze Romantic Goddess"
02:30,100,pixel.gem.sort.art.puzzle.loop,"Pixel Gem Loop: ドット絵ジュエル"
02:30,101,water.sort.master.colors.games,"Water Sort: Master Colors"
02:30,102,com.goods.sorting.games.triple.match3d.puzzle,"商品整理ゲーム：3Dパズル"
02:30,103,jp.co.drecom.wizardry.daphne,"Wizardry Variants Daphne"
02:30,104,com.easybrain.brainy.joygame,"Puzzle Time: Brainy Challenge"
02:30,105,defense.roguelike.cell.shoot.survivor,"セルサバイバー"
02:30,106,com.warrior.screw.gp,"ねじねじパズル"
02:30,107,com.hungrystudio.mahjong,"Double Tile! 麻雀タイルマッチパズル"
02:30,108,io.supercent.linkedcubic,"スネーククラッシュ (Snake Clash)"
02:30,109,com.gamespark.topking.gp,"トップロード"
02:30,110,com.vincentb.MobControl,"Mob Control"
02:30,111,jp.co.taito.onlinecrane,"オンクレならタイクレ！おうちでクレーンゲームしよ？"
02:30,112,com.readygo.barrel.gp,"ラストZ：サバイバルシューティング"
02:30,113,com.gtsy.annoying.punch.game,"Annoying Uncle - パンチゲーム"
02:30,114,com.merge.game.foodstars,"フードスター:マージ & クック"
02:30,115,com.jewel.sort.coloring.loop.match.paint.jigsaw,"Jewel Loop - Coloring Sort"
02:30,116,jp.pokemon.pokemonsleep,"Pokémon Sleep"
02:30,117,com.microdose.balljam,"Marble Sort!"
02:30,118,com.igg.android.doomsdaylastsurvivors,"ドゥームズデイ：オデュッセウスの帰還"
02:30,119,find.difference.spot.differences.hidden.puzzle.games.free,"間違い探し - 見つけてスポット"
02:30,120,com.whoyaho.tanghulu,"フルーツ飴の達人 - ドバイもち、パフェ、ASMR、モッパン"
02:30,121,com.linecorp.LGSBJ22,"LINE：ブロックジャム"
02:30,122,com.unicostudio.braintest,"ブレインテスト(Brain Test)：ひっかけパズル"
02:30,123,com.gamovation.tileclub,"タイルクラブ - マッチングゲーム"
02:30,124,wool.match.color.sort.jam.puzzle,"毛糸クラッシュ"
02:30,125,com.bandainamcoent.opbrjp,"ONE PIECE バウンティラッシュ - アクションゲーム"
02:30,126,com.hottagames.nte,"NTE: Neverness to Everness"
02:30,127,com.car.parking.bus.mania.traffic.jam,"Bus Jam：駐車場ゲーム パーキングジャム"
02:30,128,com.nexters.herowars,"ヒーローウォーズ：アライアンス — 放置系ロールプレイング"
02:30,129,com.funplus.ts.global,"タイルズ・サバイバル"
02:30,130,com.innersloth.spacemafia,"Among Us"
02:30,131,screw.puzzle.match3.brain.puzz,"ネジマッチ: Screw Sort 3D ネジパズル ボルト"
02:30,132,gs.chaos.candyfest,"Captain Smash"
02:30,133,com.agavegames.findemall,"Find Em All! - Hidden Objects"
02:30,134,puzzle.snakes.puzzle.slithereat.gaming,"Snake Puzzle: Slither to Eat"
02:30,135,tokyo.chickenskin.yokai,"妖怪カノジョ：妖怪はキミに恋をする"
02:30,136,com.bunbunstudio.magicblocktiles,"ぴあのたいる7: 音ゲー . リズムゲーム"
02:30,137,com.robtopx.geometryjumplite,"Geometry Dash Lite"
02:30,138,com.hypervation.goodssort,"Goods Sort Match - パズル"
02:30,139,com.spheresort.yhk,"ロマンチックな球体ボールソーティング"
02:30,140,hidden.object.find.seek.search.mystery.puzzle.games.free,"隠しオブジェクトゲーム：探してみよう"
02:30,141,jp.infinitysoftware.brainageplay,"脳年齢測定器"
02:30,142,com.greenmushroom.boomblitz.gp,"トップヒーローズ（Top Heroes）"
02:30,143,com.oakever.tiletrip,"Tile Explorer - トリプルマッチ"
02:30,144,com.nebula.blockbloom,"Block Bloom: Color Blast"
02:30,145,com.merge.cooking.theme.restaurant.food,"マージクッキング テーマレストラン"
02:30,146,com.hmbl.perfect.makeover.cleaning.asmr,"Perfect Makeover Cleaning ASMR"
02:30,147,com.soccer.score.star,"サッカースーパースター(Soccer Superstar)"
02:30,148,com.h8games.littlefarmstory,"リトルファームストーリー"
02:30,149,io.supercent.pizzaidle,"ピザレディー (Pizza Ready)"
02:30,150,com.magic.relaxing.water.sort.colorgame.puzzle,"3D Colorful Sort™ 魔法の水"
02:30,151,solitaire.word.association.connections.puzzle,"ソリティアワード: Solitaire Connection"
02:30,152,com.aniplex.fategrandorder,"Fate/Grand Order"
02:30,153,com.fty.thejudge,"確認させてください"
02:30,154,com.awesome.puzzlehexasort,"カラースライドパズル (Color Slide )"
02:30,155,com.sega.pjsekai,"プロジェクトセカイ カラフルステージ！ feat. 初音ミク"
02:30,156,com.crossfield.mahjong,"麻雀 闘龍 - 初心者から楽しめる麻雀ゲーム"
02:30,157,com.media720.games2020,"オフラインゲーム 暇つぶし 楽しい ミニパズルボード"
02:30,158,com.pd.vehiclemasters,"ドライブマスター (Vehicle Masters)"
02:30,159,com.hitappsgames.wordsolitaire,"ソリティア：パズルゲーム 脳トレ カードゲーム 暇つぶし連想"
02:30,160,jp.co.goodroid.hyper.puzzle.arrows3dcubepuzzle,"CubeAway - 3DPuzzle"
02:30,161,com.hxh.survivor,"HUNTER×HUNTER NEN×SURVIVOR"
02:30,162,com.mystery.dumplings.asmr.unboxing.squishy,"Mystery Dumpling: Unbox ASMR"
02:30,163,com.ew.mahjong,"楽しい麻雀マッチ"
02:30,164,com.topwar.gp,"トップウォー"
02:30,165,com.shogunstudios.poikatsuhakkosusumukun,"ポイ活 発酵！ススムくん：放置ゲームで簡単ポイント稼ぎ"
02:30,166,com.qookkagames.xczyw.gp.jp,"信長の野望 真戦"
02:30,167,io.supercent.weaponrpg,"XP Hero(ヒーロー)): まずは世界観をのぞいてみて"
02:30,168,com.paradyme.solarsmash,"Solar Smash"
02:30,169,com.mhcljp.xpvsfd,"今生は恋より茶に生きる"
02:30,170,com.tripledot.blockssmashgame,"Stack Smash - Block 3D Puzzle"
02:30,171,com.pixel.art.coloring.color.number,"Happy Color® – 数字で塗り絵と色ぬりえ"
02:30,172,net.gameduo.dfd,"E.D.E.N：最終防衛線"
02:30,173,com.Desire.Girls.Mahjong.Match.Tile,"Desire Girls: Mahjong Match"
02:30,174,com.kurashiru.shopping.usagi,"買い物うさぎ by クラシル"
02:30,175,com.playrix.gardenscapes,"ガーデンスケイプ(Gardenscapes)"
02:30,176,com.fc.p.cp.jelly.mukbang.asmr.live.diy,"ゼリーマスター：食べるゲーム"
02:30,177,com.rush.xtreme.sports,"ラッシュ：エクストリーム (RUSH: Xtreme)"
02:30,178,com.dream.tiles.puzzlelink,"Dream Tiles: Puzzle Link​"
02:30,179,com.fansipan.epic.stickman.survival.rpg.idle.game,"Epic Stickman: 放置RPG 大戦"
02:30,180,bus.traffic.fever.jam.puzzle.busgo,"Bus Go:Traffic Puzzle"
02:30,181,com.goods.master3d.triple.puzzle,"Goods Master 3D: 仕分けマスター 収納ゲーム"
02:30,182,com.tgc.sky.android,"Sky 星を紡ぐ子どもたち"
02:30,183,com.eagle_developers.shukapig,"出荷ぶた-養豚場育成ゲーム！ポイ活可能の放置で癒しの牧場経営"
02:30,184,com.eureka.wondercastle.android,"Wonder Castle: Triple Match"
02:30,185,air.jp.globalgear.kechi,"ドケチボーイ -脱出ゲーム"
02:30,186,com.mxdzz.jp.and,"キノコ伝説：勇者と魔法のランプ"
02:30,187,com.heartsnet.clickwood.gp,"クリック Wood (Click Wood)"
02:30,188,relaxing.games.sort.jam.free,"Sort Jam"
02:30,189,net.peakgames.match,"マッチファクトリー(Match Factory)!"
02:30,190,com.easybrain.arrow.puzzle.game,"Arrow Puzzle - アローパズルゲーム"
02:30,191,com.fungames.sniper3d,"Sniper 3D：銃を撃つゲーム"
02:30,192,com.JindoBlu.OfflineGames,"オフラインゲーム - 暇つぶし ゲーム - パズルゲーム"
02:30,193,com.miHoYo.GenshinImpact,"原神-スネージナヤ開幕"
02:30,194,com.arrow.flow.puzzle.escape.brain,"Arrow GO! Arrow Flow Puzzle"
02:30,195,com.blockpuzzle.games.classic,"ブロックパズル：クラシック"
02:30,196,com.bandainamcoent.idolmaster_gakuen,"学園アイドルマスター"
02:30,197,com.tt.mainichifarm,"まいにちファーム"
02:30,198,com.grill.sort.food.sizzle.match.puzzle,"Grill Master：フード仕分けパズル"
02:30,199,com.zigzagame.tokyodebunker,"東京ディバンカー"
02:30,200,com.ocean.block.shoot,"Ocean Block Shoot"
03:00,1,com.oakever.meowdoku,"Meowdoku"
03:00,2,com.block.juggle,"ブロックブラスト (Block Blast)"
03:00,3,com.grandgames.magicsort,"マジックソート！ (Magic Sort !)"
03:00,4,jp.co.goodroid.hyper.busflow,"Bus Traffic Fever!　"
03:00,5,com.cyphergames.royalsmash,"Royal Smash! - Physics Puzzle"
03:00,6,com.pocket.sort.coin.puzzle.game,"ポケットソート (Pocket Sort)：コインパズル"
03:00,7,com.puzzlegames.puzzlebrickslegend,"カラーブロック：爽快パズル(ColorBlock)"
03:00,8,com.brain.crazy.joygame,"Brain Puzzle 3: Crazy Mind"
03:00,9,com.farlightgames.pgame.gp,"モンスターサバイバル"
03:00,10,com.run.tower.defense,"キングショット"
03:00,11,com.roblox.client,"Roblox (ロブロックス)"
03:00,12,com.hollywood.merge,"ハリウッドマージ"
03:00,13,com.nebula.zoodoku,"Zoodoku：数独×動物ロジックパズル"
03:00,14,jp.co.applibot.chiikawapocket,"ちいかわぽけっと"
03:00,15,com.xman.jp.gp,"X-Clash"
03:00,16,com.fatmerge.global,"グルメ・ジャーニー"
03:00,17,com.mergegames.gossipharbor,"ゴシップハーバー：マージ & ストーリー"
03:00,18,com.oakever.arrows,"Amaze GO! - 矢印 パズル"
03:00,19,com.fluffydrop.op.gp,"Fluffy Drop"
03:00,20,sorting.games.goods.sort.triple.match3d.puzzle.stuff,"商品整理ゲーム：3Dパズル"
03:00,21,tokyo.chickenskin.imikowa,"意味怖ストーリー：バッドエンドを回避せよ！"
03:00,22,com.Chodun.CatGunner,"にゃんこ銃士：放置育成RPG"
03:00,23,com.agavegames.findthecat2,"Find The Cat 2 - Spot It!"
03:00,24,jigsaw.solitaire.match.games.free,"ジグソードロップ：ソリティアパズル"
03:00,25,com.halfbrick.fruitninjafree,"Fruit Ninja®"
03:00,26,com.lighthouse.freeplay.jp,"終焉のヒカリ"
03:00,27,com.gof.global,"ホワイトアウト・サバイバル"
03:00,28,com.ecffri.arrows,"Arrows - パズルエスケープ"
03:00,29,com.sorting.games.match3d.goods.triple.puzzle,"Goods Sort 3D：グッズトリプルソートパズルゲーム"
03:00,30,com.unept.leveldevil,"Level Devil - NOT A Troll Game"
03:00,31,com.ig.screwdom,"Screwdom 3D"
03:00,32,color.number.paint.pixle.art.sort.jigsaw,"Jewel Coloring"
03:00,33,com.playrix.township,"タウンシップ (Township)"
03:00,34,com.nianticlabs.pokemongo,"Pokémon GO"
03:00,35,com.onyxhook.nekotabi,"ねこ旅 – 放置×収集×ポイ活アプリ"
03:00,36,com.ratinghope.gplay,"終末のタイタン：ラストラッシュ"
03:00,37,com.sled.surfers.game,"Sled Surfers - ズ - 坂冒険"
03:00,38,jp.pokemon.pokemonchampions,"Pokémon Champions"
03:00,39,water.sort.color.puzzle.offline.games,"Water Sort! カラーロジック"
03:00,40,com.dreamgames.royalkingdom,"ロイヤルキングダム (Royal Kingdom)"
03:00,41,com.bravestars.savethedog.drawgame,"Save The Pets"
03:00,42,beats.color.sing.star.rush,"魔法ピアノタイル9 : ピアノゲーム、おんがくげーむ、音ゲー"
03:00,43,jp.co.ponos.battlecats,"にゃんこ大戦争"
03:00,44,com.kayac.slow_mo_strike,"Slow Mo Strike: ナイフ投げアクション"
03:00,45,com.shogunstudios.poikatsukinokonoko,"ポイ活 さがそう！キノコのコ：放置ゲームで簡単ポイント稼ぎ"
03:00,46,com.furrjam.traffic.jamgame,"FurrJam:Hop In!"
03:00,47,com.epicgames.fortnite,"フォートナイト"
03:00,48,com.zigzagame.paranoize,"パラノイズ"
03:00,49,com.wood.block.sudoku.puzzle.bm,"Block Crush: ブロックブラストパズル"
03:00,50,gridplus.busjam.carpuzzle,"Bus Fever! Car Jam Escape"
03:00,51,jp.konami.suikoden.starleap,"幻想水滸伝 STAR LEAP"
03:00,52,com.Garawell.LoopSort,"Loop Sort"
03:00,53,jp.konami.pesam,"eFootball™"
03:00,54,com.percent.aos.randomdice2,"ランダムダイス2"
03:00,55,bus.games.car.out.traffic.parking.jam.escape.puzzle,"バスゲーム・駐車場パズル：Bus Madness"
03:00,56,jigsolitaire.jigsort.jigsaw.solitaire.puzzle,"ジグソートパズル：ソリティアの楽しさを楽しもう"
03:00,57,com.vitastudio.mahjong,"ヴィータ麻雀(Vita Mahjong)"
03:00,58,com.nebula.mahjongtile,"麻雀ブラスト (Mahjong Blast)"
03:00,59,com.find.spot.photo.hunt.differences.free.hidden,"間違い探し：違いを探す楽しいパズルゲーム"
03:00,60,com.playrix.fishdomdd.gplay,"フィッシュダム(Fishdom)"
03:00,61,com.dreamgames.royalmatch,"ロイヤルマッチ Royal Match"
03:00,62,com.leap.searchit,"Search It – 隠しアイテム探し"
03:00,63,jp.pokemon.pokemontcgp,"Pokémon TCG Pocket"
03:00,64,com.youmusic.magictiles,"魔法のタイルズ3 - ピアノ曲 & ゲーム"
03:00,65,pics.karaage.sokutaiho,"巡回中！即タイホ！"
03:00,66,com.supercell.brawlstars,"ブロスタ"
03:00,67,com.mobirix.ldwm,"スイカ作り2048"
03:00,68,com.fty.trickmean2game,"トリミン2！-トリッキーミーン2 いじわる脳トレパズルゲーム"
03:00,69,arrow.cube.escape3d,"Arrow Pro 3D"
03:00,70,com.linecorp.LGTMTM,"LINE：ディズニー ツムツム"
03:00,71,com.infiniplay.merge.fashion.romance.story,"Merge Fashion(マージファッション):マージ"
03:00,72,com.kiwifun.game.android.screw.master,"ネジ3Dパズル：ピンを外すゲーム"
03:00,73,block.color.game.jam.blocks.sort.puzzle.games.slide.free,"ブロックカラー・マニア"
03:00,74,com.duykanbakay.carconveyortransfer,"Car Sort: Color Puzzle"
03:00,75,bus.loop.traffic.jam.fever.bus.puzzle,"Bus Loop:Jam Master"
03:00,76,com.easybrain.sudoku.android,"ナンプレ - ロジックパズルゲーム"
03:00,77,game.qualiarts.hololive.dreams.jp,"ホロライブドリームス"
03:00,78,com.nebula.tiles,"タップタイル (Tap Tile)"
03:00,79,jp.konami.prospia,"プロ野球スピリッツA"
03:00,80,com.cedargames.mysterytown,"ミステリータウン：マージゲーム (Mystery Town)"
03:00,81,io.voodoo.paper2,"Paper.io 2"
03:00,82,com.zm.waterpack,"Get Color Pack: Sort Puzzle"
03:00,83,com.fiveminlab.overgeared.hero.backpack.merge,"チート勇者～インベントリ攻略ゲー～RPG"
03:00,84,ball.sort.puzzle.color.sorting.bubble.games,"ボール選別 - 脳を鍛える色分けパズル ゲーム"
03:00,85,daily.number.match.free.puzzle,"デイリーナンバーマッチ"
03:00,86,com.phs.global,"ラストアサイラム：プレイグ"
03:00,87,jp.co.mixi.monsterstrike,"モンスターストライク"
03:00,88,com.global.ztmslg,"パズル&サバイバル"
03:00,89,water.sort.puzzle.game.color.sorting.free,"水選別パズルゲーム - 楽しい色分けパズルゲーム"
03:00,90,net.peakgames.toonblast,"トゥーンブラスト (Toon Blast)"
03:00,91,com.brain.logic.joygame,"Brain Puzzle 2: Logic Twist"
03:00,92,com.fungames.blockcraft,"ブロッククラフト3D (Block Craft)：建設ゲーム"
03:00,93,triple.sorting.bubble.fish.match,"Fish Sort Puzzle: パズルゲーム"
03:00,94,com.rescue.agent,"ヘリコプター・エスケープ"
03:00,95,com.wood.bolt.wordle.screw.nuts.puzzle,"ネジパズル: 脳トレ ウッド パズル - 人気 ネジ ゲーム"
03:00,96,com.QdanApp.QdanGames,"どこでもパーティーゲーム「どこパ」（ワードウルフオンライン）"
03:00,97,io.voodoo.holeio,"ホール.io"
03:00,98,com.arrow.romantic.puzzle.goddess,"Amaze Romantic Goddess"
03:00,99,pixel.gem.sort.art.puzzle.loop,"Pixel Gem Loop: ドット絵ジュエル"
03:00,100,water.sort.master.colors.games,"Water Sort: Master Colors"
03:00,101,easy.sudoku.puzzle.solver.free,"ナンプレ - 大人気アプリ"
03:00,102,com.hungrystudio.mahjong,"Double Tile! 麻雀タイルマッチパズル"
03:00,103,com.vincentb.MobControl,"Mob Control"
03:00,104,jp.co.taito.onlinecrane,"オンクレならタイクレ！おうちでクレーンゲームしよ？"
03:00,105,com.readygo.barrel.gp,"ラストZ：サバイバルシューティング"
03:00,106,com.gtsy.annoying.punch.game,"Annoying Uncle - パンチゲーム"
03:00,107,com.merge.game.foodstars,"フードスター:マージ & クック"
03:00,108,com.jewel.sort.coloring.loop.match.paint.jigsaw,"Jewel Loop - Coloring Sort"
03:00,109,com.microdose.balljam,"Marble Sort!"
03:00,110,com.igg.android.doomsdaylastsurvivors,"ドゥームズデイ：オデュッセウスの帰還"
03:00,111,com.goods.sorting.games.triple.match3d.puzzle,"商品整理ゲーム：3Dパズル"
03:00,112,com.easybrain.brainy.joygame,"Puzzle Time: Brainy Challenge"
03:00,113,com.whoyaho.tanghulu,"フルーツ飴の達人 - ドバイもち、パフェ、ASMR、モッパン"
03:00,114,com.linecorp.LGSBJ22,"LINE：ブロックジャム"
03:00,115,com.gamovation.tileclub,"タイルクラブ - マッチングゲーム"
03:00,116,wool.match.color.sort.jam.puzzle,"毛糸クラッシュ"
03:00,117,jp.pokemon.pokemonsleep,"Pokémon Sleep"
03:00,118,com.gamespark.topking.gp,"トップロード"
03:00,119,com.bandainamcoent.opbrjp,"ONE PIECE バウンティラッシュ - アクションゲーム"
03:00,120,com.funplus.ts.global,"タイルズ・サバイバル"
03:00,121,defense.roguelike.cell.shoot.survivor,"セルサバイバー"
03:00,122,screw.puzzle.match3.brain.puzz,"ネジマッチ: Screw Sort 3D ネジパズル ボルト"
03:00,123,com.unicostudio.braintest,"ブレインテスト(Brain Test)：ひっかけパズル"
03:00,124,gs.chaos.candyfest,"Captain Smash"
03:00,125,com.agavegames.findemall,"Find Em All! - Hidden Objects"
03:00,126,io.supercent.linkedcubic,"スネーククラッシュ (Snake Clash)"
03:00,127,com.hypervation.goodssort,"Goods Sort Match - パズル"
03:00,128,tokyo.chickenskin.yokai,"妖怪カノジョ：妖怪はキミに恋をする"
03:00,129,com.spheresort.yhk,"ロマンチックな球体ボールソーティング"
03:00,130,hidden.object.find.seek.search.mystery.puzzle.games.free,"隠しオブジェクトゲーム：探してみよう"
03:00,131,jp.infinitysoftware.brainageplay,"脳年齢測定器"
03:00,132,com.greenmushroom.boomblitz.gp,"トップヒーローズ（Top Heroes）"
03:00,133,puzzle.snakes.puzzle.slithereat.gaming,"Snake Puzzle: Slither to Eat"
03:00,134,find.difference.spot.differences.hidden.puzzle.games.free,"間違い探し - 見つけてスポット"
03:00,135,com.nebula.blockbloom,"Block Bloom: Color Blast"
03:00,136,com.merge.cooking.theme.restaurant.food,"マージクッキング テーマレストラン"
03:00,137,com.car.parking.bus.mania.traffic.jam,"Bus Jam：駐車場ゲーム パーキングジャム"
03:00,138,com.innersloth.spacemafia,"Among Us"
03:00,139,com.hmbl.perfect.makeover.cleaning.asmr,"Perfect Makeover Cleaning ASMR"
03:00,140,jp.co.drecom.wizardry.daphne,"Wizardry Variants Daphne"
03:00,141,com.warrior.screw.gp,"ねじねじパズル"
03:00,142,com.nexters.herowars,"ヒーローウォーズ：アライアンス — 放置系ロールプレイング"
03:00,143,com.h8games.littlefarmstory,"リトルファームストーリー"
03:00,144,com.grill.sort.food.sizzle.match.puzzle,"Grill Master：フード仕分けパズル"
03:00,145,com.magic.relaxing.water.sort.colorgame.puzzle,"3D Colorful Sort™ 魔法の水"
03:00,146,io.supercent.pizzaidle,"ピザレディー (Pizza Ready)"
03:00,147,solitaire.word.association.connections.puzzle,"ソリティアワード: Solitaire Connection"
03:00,148,com.bunbunstudio.magicblocktiles,"ぴあのたいる7: 音ゲー . リズムゲーム"
03:00,149,com.aniplex.fategrandorder,"Fate/Grand Order"
03:00,150,com.robtopx.geometryjumplite,"Geometry Dash Lite"
03:00,151,com.fty.thejudge,"確認させてください"
03:00,152,com.soccer.score.star,"サッカースーパースター(Soccer Superstar)"
03:00,153,com.oakever.tiletrip,"Tile Explorer - トリプルマッチ"
03:00,154,jp.co.goodroid.hyper.puzzle.arrows3dcubepuzzle,"CubeAway - 3DPuzzle"
03:00,155,com.hxh.survivor,"HUNTER×HUNTER NEN×SURVIVOR"
03:00,156,com.mystery.dumplings.asmr.unboxing.squishy,"Mystery Dumpling: Unbox ASMR"
03:00,157,com.ew.mahjong,"楽しい麻雀マッチ"
03:00,158,com.hottagames.nte,"NTE: Neverness to Everness"
03:00,159,io.supercent.weaponrpg,"XP Hero(ヒーロー)): まずは世界観をのぞいてみて"
03:00,160,com.sega.pjsekai,"プロジェクトセカイ カラフルステージ！ feat. 初音ミク"
03:00,161,com.hitappsgames.wordsolitaire,"ソリティア：パズルゲーム 脳トレ カードゲーム 暇つぶし連想"
03:00,162,com.tripledot.blockssmashgame,"Stack Smash - Block 3D Puzzle"
03:00,163,com.pixel.art.coloring.color.number,"Happy Color® – 数字で塗り絵と色ぬりえ"
03:00,164,com.pd.vehiclemasters,"ドライブマスター (Vehicle Masters)"
03:00,165,net.gameduo.dfd,"E.D.E.N：最終防衛線"
03:00,166,com.Desire.Girls.Mahjong.Match.Tile,"Desire Girls: Mahjong Match"
03:00,167,com.kurashiru.shopping.usagi,"買い物うさぎ by クラシル"
03:00,168,com.media720.games2020,"オフラインゲーム 暇つぶし 楽しい ミニパズルボード"
03:00,169,com.dream.tiles.puzzlelink,"Dream Tiles: Puzzle Link​"
03:00,170,com.fansipan.epic.stickman.survival.rpg.idle.game,"Epic Stickman: 放置RPG 大戦"
03:00,171,com.tt.mainichifarm,"まいにちファーム"
03:00,172,com.awesome.puzzlehexasort,"カラースライドパズル (Color Slide )"
03:00,173,com.mhcljp.xpvsfd,"今生は恋より茶に生きる"
03:00,174,bus.traffic.fever.jam.puzzle.busgo,"Bus Go:Traffic Puzzle"
03:00,175,com.qookkagames.xczyw.gp.jp,"信長の野望 真戦"
03:00,176,com.goods.master3d.triple.puzzle,"Goods Master 3D: 仕分けマスター 収納ゲーム"
03:00,177,com.tgc.sky.android,"Sky 星を紡ぐ子どもたち"
03:00,178,com.eagle_developers.shukapig,"出荷ぶた-養豚場育成ゲーム！ポイ活可能の放置で癒しの牧場経営"
03:00,179,com.eureka.wondercastle.android,"Wonder Castle: Triple Match"
03:00,180,com.crossfield.mahjong,"麻雀 闘龍 - 初心者から楽しめる麻雀ゲーム"
03:00,181,com.shogunstudios.poikatsuhakkosusumukun,"ポイ活 発酵！ススムくん：放置ゲームで簡単ポイント稼ぎ"
03:00,182,com.heartsnet.clickwood.gp,"クリック Wood (Click Wood)"
03:00,183,relaxing.games.sort.jam.free,"Sort Jam"
03:00,184,air.jp.globalgear.kechi,"ドケチボーイ -脱出ゲーム"
03:00,185,com.paradyme.solarsmash,"Solar Smash"
03:00,186,com.fungames.sniper3d,"Sniper 3D：銃を撃つゲーム"
03:00,187,com.JindoBlu.OfflineGames,"オフラインゲーム - 暇つぶし ゲーム - パズルゲーム"
03:00,188,com.miHoYo.GenshinImpact,"原神-スネージナヤ開幕"
03:00,189,com.arrow.flow.puzzle.escape.brain,"Arrow GO! Arrow Flow Puzzle"
03:00,190,com.topwar.gp,"トップウォー"
03:00,191,com.zigzagame.tokyodebunker,"東京ディバンカー"
03:00,192,water.sort.master.color.match.offline.puzzle,"Water Sort! 3Dカラー マッチパズル"
03:00,193,com.master.hotelmaster,"ホテル帝国を築こう (My Perfect Hotel)"
03:00,194,com.rush.xtreme.sports,"ラッシュ：エクストリーム (RUSH: Xtreme)"
03:00,195,com.fun.brain.game,"ブレパズ！Brain Puzzle ひっかけパズル"
03:00,196,and.brainworks.holeemall,"ホール・エム・オール (Hole Em All)"
03:00,197,com.playrix.gardenscapes,"ガーデンスケイプ(Gardenscapes)"
03:00,198,com.gamovation.sudoku,"数独 - 毎日ナンプレを解いて気軽に頭の体操"
03:00,199,com.pronetis.ironball2,"ゴーイングボールズ (Going Balls)"
03:00,200,com.nintendo.zaba,"ファイアーエムブレム ヒーローズ - 戦略RPGの金字塔"
04:00,1,com.oakever.meowdoku,"Meowdoku"
04:00,2,com.block.juggle,"ブロックブラスト (Block Blast)"
04:00,3,com.grandgames.magicsort,"マジックソート！ (Magic Sort !)"
04:00,4,jp.co.goodroid.hyper.busflow,"Bus Traffic Fever!　"
04:00,5,com.cyphergames.royalsmash,"Royal Smash! - Physics Puzzle"
04:00,6,com.pocket.sort.coin.puzzle.game,"ポケットソート (Pocket Sort)：コインパズル"
04:00,7,com.puzzlegames.puzzlebrickslegend,"カラーブロック：爽快パズル(ColorBlock)"
04:00,8,com.farlightgames.pgame.gp,"モンスターサバイバル"
04:00,9,com.brain.crazy.joygame,"Brain Puzzle 3: Crazy Mind"
04:00,10,com.run.tower.defense,"キングショット"
04:00,11,com.roblox.client,"Roblox (ロブロックス)"
04:00,12,com.hollywood.merge,"ハリウッドマージ"
04:00,13,com.nebula.zoodoku,"Zoodoku：数独×動物ロジックパズル"
04:00,14,jp.co.applibot.chiikawapocket,"ちいかわぽけっと"
04:00,15,com.xman.jp.gp,"X-Clash"
04:00,16,com.fatmerge.global,"グルメ・ジャーニー"
04:00,17,com.mergegames.gossipharbor,"ゴシップハーバー：マージ & ストーリー"
04:00,18,com.oakever.arrows,"Amaze GO! - 矢印 パズル"
04:00,19,sorting.games.goods.sort.triple.match3d.puzzle.stuff,"商品整理ゲーム：3Dパズル"
04:00,20,tokyo.chickenskin.imikowa,"意味怖ストーリー：バッドエンドを回避せよ！"
04:00,21,com.Chodun.CatGunner,"にゃんこ銃士：放置育成RPG"
04:00,22,com.agavegames.findthecat2,"Find The Cat 2 - Spot It!"
04:00,23,jigsaw.solitaire.match.games.free,"ジグソードロップ：ソリティアパズル"
04:00,24,com.halfbrick.fruitninjafree,"Fruit Ninja®"
04:00,25,com.lighthouse.freeplay.jp,"終焉のヒカリ"
04:00,26,com.gof.global,"ホワイトアウト・サバイバル"
04:00,27,com.ecffri.arrows,"Arrows - パズルエスケープ"
04:00,28,com.fluffydrop.op.gp,"Fluffy Drop"
04:00,29,com.sorting.games.match3d.goods.triple.puzzle,"Goods Sort 3D：グッズトリプルソートパズルゲーム"
04:00,30,com.unept.leveldevil,"Level Devil - NOT A Troll Game"
04:00,31,com.ig.screwdom,"Screwdom 3D"
04:00,32,color.number.paint.pixle.art.sort.jigsaw,"Jewel Coloring"
04:00,33,com.playrix.township,"タウンシップ (Township)"
04:00,34,com.nianticlabs.pokemongo,"Pokémon GO"
04:00,35,com.ratinghope.gplay,"終末のタイタン：ラストラッシュ"
04:00,36,water.sort.color.puzzle.offline.games,"Water Sort! カラーロジック"
04:00,37,com.dreamgames.royalkingdom,"ロイヤルキングダム (Royal Kingdom)"
04:00,38,jp.pokemon.pokemonchampions,"Pokémon Champions"
04:00,39,com.sled.surfers.game,"Sled Surfers - ズ - 坂冒険"
04:00,40,com.bravestars.savethedog.drawgame,"Save The Pets"
04:00,41,beats.color.sing.star.rush,"魔法ピアノタイル9 : ピアノゲーム、おんがくげーむ、音ゲー"
04:00,42,jp.co.ponos.battlecats,"にゃんこ大戦争"
04:00,43,com.kayac.slow_mo_strike,"Slow Mo Strike: ナイフ投げアクション"
04:00,44,com.shogunstudios.poikatsukinokonoko,"ポイ活 さがそう！キノコのコ：放置ゲームで簡単ポイント稼ぎ"
04:00,45,com.furrjam.traffic.jamgame,"FurrJam:Hop In!"
04:00,46,com.onyxhook.nekotabi,"ねこ旅 – 放置×収集×ポイ活アプリ"
04:00,47,com.epicgames.fortnite,"フォートナイト"
04:00,48,com.zigzagame.paranoize,"パラノイズ"
04:00,49,com.wood.block.sudoku.puzzle.bm,"Block Crush: ブロックブラストパズル"
04:00,50,gridplus.busjam.carpuzzle,"Bus Fever! Car Jam Escape"
04:00,51,jp.konami.suikoden.starleap,"幻想水滸伝 STAR LEAP"
04:00,52,com.Garawell.LoopSort,"Loop Sort"
04:00,53,jp.konami.pesam,"eFootball™"
04:00,54,com.percent.aos.randomdice2,"ランダムダイス2"
04:00,55,bus.games.car.out.traffic.parking.jam.escape.puzzle,"バスゲーム・駐車場パズル：Bus Madness"
04:00,56,jigsolitaire.jigsort.jigsaw.solitaire.puzzle,"ジグソートパズル：ソリティアの楽しさを楽しもう"
04:00,57,com.vitastudio.mahjong,"ヴィータ麻雀(Vita Mahjong)"
04:00,58,com.nebula.mahjongtile,"麻雀ブラスト (Mahjong Blast)"
04:00,59,com.find.spot.photo.hunt.differences.free.hidden,"間違い探し：違いを探す楽しいパズルゲーム"
04:00,60,com.playrix.fishdomdd.gplay,"フィッシュダム(Fishdom)"
04:00,61,com.dreamgames.royalmatch,"ロイヤルマッチ Royal Match"
04:00,62,jp.pokemon.pokemontcgp,"Pokémon TCG Pocket"
04:00,63,com.youmusic.magictiles,"魔法のタイルズ3 - ピアノ曲 & ゲーム"
04:00,64,pics.karaage.sokutaiho,"巡回中！即タイホ！"
04:00,65,com.supercell.brawlstars,"ブロスタ"
04:00,66,com.mobirix.ldwm,"スイカ作り2048"
04:00,67,com.fty.trickmean2game,"トリミン2！-トリッキーミーン2 いじわる脳トレパズルゲーム"
04:00,68,arrow.cube.escape3d,"Arrow Pro 3D"
04:00,69,com.leap.searchit,"Search It – 隠しアイテム探し"
04:00,70,com.linecorp.LGTMTM,"LINE：ディズニー ツムツム"
04:00,71,com.infiniplay.merge.fashion.romance.story,"Merge Fashion(マージファッション):マージ"
04:00,72,com.kiwifun.game.android.screw.master,"ネジ3Dパズル：ピンを外すゲーム"
04:00,73,block.color.game.jam.blocks.sort.puzzle.games.slide.free,"ブロックカラー・マニア"
04:00,74,com.duykanbakay.carconveyortransfer,"Car Sort: Color Puzzle"
04:00,75,bus.loop.traffic.jam.fever.bus.puzzle,"Bus Loop:Jam Master"
04:00,76,com.easybrain.sudoku.android,"ナンプレ - ロジックパズルゲーム"
04:00,77,game.qualiarts.hololive.dreams.jp,"ホロライブドリームス"
04:00,78,com.nebula.tiles,"タップタイル (Tap Tile)"
04:00,79,jp.konami.prospia,"プロ野球スピリッツA"
04:00,80,com.cedargames.mysterytown,"ミステリータウン：マージゲーム (Mystery Town)"
04:00,81,io.voodoo.paper2,"Paper.io 2"
04:00,82,com.zm.waterpack,"Get Color Pack: Sort Puzzle"
04:00,83,com.fiveminlab.overgeared.hero.backpack.merge,"チート勇者～インベントリ攻略ゲー～RPG"
04:00,84,ball.sort.puzzle.color.sorting.bubble.games,"ボール選別 - 脳を鍛える色分けパズル ゲーム"
04:00,85,daily.number.match.free.puzzle,"デイリーナンバーマッチ"
04:00,86,jp.co.mixi.monsterstrike,"モンスターストライク"
04:00,87,com.global.ztmslg,"パズル&サバイバル"
04:00,88,water.sort.puzzle.game.color.sorting.free,"水選別パズルゲーム - 楽しい色分けパズルゲーム"
04:00,89,net.peakgames.toonblast,"トゥーンブラスト (Toon Blast)"
04:00,90,com.brain.logic.joygame,"Brain Puzzle 2: Logic Twist"
04:00,91,com.phs.global,"ラストアサイラム：プレイグ"
04:00,92,triple.sorting.bubble.fish.match,"Fish Sort Puzzle: パズルゲーム"
04:00,93,com.wood.bolt.wordle.screw.nuts.puzzle,"ネジパズル: 脳トレ ウッド パズル - 人気 ネジ ゲーム"
04:00,94,com.QdanApp.QdanGames,"どこでもパーティーゲーム「どこパ」（ワードウルフオンライン）"
04:00,95,pixel.gem.sort.art.puzzle.loop,"Pixel Gem Loop: ドット絵ジュエル"
04:00,96,easy.sudoku.puzzle.solver.free,"ナンプレ - 大人気アプリ"
04:00,97,com.fungames.blockcraft,"ブロッククラフト3D (Block Craft)：建設ゲーム"
04:00,98,com.hungrystudio.mahjong,"Double Tile! 麻雀タイルマッチパズル"
04:00,99,com.vincentb.MobControl,"Mob Control"
04:00,100,jp.co.taito.onlinecrane,"オンクレならタイクレ！おうちでクレーンゲームしよ？"
04:00,101,com.readygo.barrel.gp,"ラストZ：サバイバルシューティング"
04:00,102,com.gtsy.annoying.punch.game,"Annoying Uncle - パンチゲーム"
04:00,103,com.merge.game.foodstars,"フードスター:マージ & クック"
04:00,104,com.jewel.sort.coloring.loop.match.paint.jigsaw,"Jewel Loop - Coloring Sort"
04:00,105,com.microdose.balljam,"Marble Sort!"
04:00,106,com.igg.android.doomsdaylastsurvivors,"ドゥームズデイ：オデュッセウスの帰還"
04:00,107,com.goods.sorting.games.triple.match3d.puzzle,"商品整理ゲーム：3Dパズル"
04:00,108,com.easybrain.brainy.joygame,"Puzzle Time: Brainy Challenge"
04:00,109,io.voodoo.holeio,"ホール.io"
04:00,110,com.whoyaho.tanghulu,"フルーツ飴の達人 - ドバイもち、パフェ、ASMR、モッパン"
04:00,111,com.gamovation.tileclub,"タイルクラブ - マッチングゲーム"
04:00,112,wool.match.color.sort.jam.puzzle,"毛糸クラッシュ"
04:00,113,jp.pokemon.pokemonsleep,"Pokémon Sleep"
04:00,114,com.gamespark.topking.gp,"トップロード"
04:00,115,com.bandainamcoent.opbrjp,"ONE PIECE バウンティラッシュ - アクションゲーム"
04:00,116,com.arrow.romantic.puzzle.goddess,"Amaze Romantic Goddess"
04:00,117,water.sort.master.colors.games,"Water Sort: Master Colors"
04:00,118,com.funplus.ts.global,"タイルズ・サバイバル"
04:00,119,defense.roguelike.cell.shoot.survivor,"セルサバイバー"
04:00,120,screw.puzzle.match3.brain.puzz,"ネジマッチ: Screw Sort 3D ネジパズル ボルト"
04:00,121,com.unicostudio.braintest,"ブレインテスト(Brain Test)：ひっかけパズル"
04:00,122,com.rescue.agent,"ヘリコプター・エスケープ"
04:00,123,gs.chaos.candyfest,"Captain Smash"
04:00,124,com.agavegames.findemall,"Find Em All! - Hidden Objects"
04:00,125,io.supercent.linkedcubic,"スネーククラッシュ (Snake Clash)"
04:00,126,com.hypervation.goodssort,"Goods Sort Match - パズル"
04:00,127,tokyo.chickenskin.yokai,"妖怪カノジョ：妖怪はキミに恋をする"
04:00,128,com.spheresort.yhk,"ロマンチックな球体ボールソーティング"
04:00,129,hidden.object.find.seek.search.mystery.puzzle.games.free,"隠しオブジェクトゲーム：探してみよう"
04:00,130,com.greenmushroom.boomblitz.gp,"トップヒーローズ（Top Heroes）"
04:00,131,puzzle.snakes.puzzle.slithereat.gaming,"Snake Puzzle: Slither to Eat"
04:00,132,find.difference.spot.differences.hidden.puzzle.games.free,"間違い探し - 見つけてスポット"
04:00,133,com.nebula.blockbloom,"Block Bloom: Color Blast"
04:00,134,com.merge.cooking.theme.restaurant.food,"マージクッキング テーマレストラン"
04:00,135,com.car.parking.bus.mania.traffic.jam,"Bus Jam：駐車場ゲーム パーキングジャム"
04:00,136,com.innersloth.spacemafia,"Among Us"
04:00,137,com.hmbl.perfect.makeover.cleaning.asmr,"Perfect Makeover Cleaning ASMR"
04:00,138,jp.co.drecom.wizardry.daphne,"Wizardry Variants Daphne"
04:00,139,com.warrior.screw.gp,"ねじねじパズル"
04:00,140,com.nexters.herowars,"ヒーローウォーズ：アライアンス — 放置系ロールプレイング"
04:00,141,com.linecorp.LGSBJ22,"LINE：ブロックジャム"
04:00,142,com.h8games.littlefarmstory,"リトルファームストーリー"
04:00,143,com.grill.sort.food.sizzle.match.puzzle,"Grill Master：フード仕分けパズル"
04:00,144,com.magic.relaxing.water.sort.colorgame.puzzle,"3D Colorful Sort™ 魔法の水"
04:00,145,io.supercent.pizzaidle,"ピザレディー (Pizza Ready)"
04:00,146,solitaire.word.association.connections.puzzle,"ソリティアワード: Solitaire Connection"
04:00,147,com.bunbunstudio.magicblocktiles,"ぴあのたいる7: 音ゲー . リズムゲーム"
04:00,148,com.aniplex.fategrandorder,"Fate/Grand Order"
04:00,149,com.robtopx.geometryjumplite,"Geometry Dash Lite"
04:00,150,com.soccer.score.star,"サッカースーパースター(Soccer Superstar)"
04:00,151,com.oakever.tiletrip,"Tile Explorer - トリプルマッチ"
04:00,152,jp.co.goodroid.hyper.puzzle.arrows3dcubepuzzle,"CubeAway - 3DPuzzle"
04:00,153,com.hxh.survivor,"HUNTER×HUNTER NEN×SURVIVOR"
04:00,154,com.mystery.dumplings.asmr.unboxing.squishy,"Mystery Dumpling: Unbox ASMR"
04:00,155,com.ew.mahjong,"楽しい麻雀マッチ"
04:00,156,com.hottagames.nte,"NTE: Neverness to Everness"
04:00,157,io.supercent.weaponrpg,"XP Hero(ヒーロー)): まずは世界観をのぞいてみて"
04:00,158,com.sega.pjsekai,"プロジェクトセカイ カラフルステージ！ feat. 初音ミク"
04:00,159,com.hitappsgames.wordsolitaire,"ソリティア：パズルゲーム 脳トレ カードゲーム 暇つぶし連想"
04:00,160,com.pixel.art.coloring.color.number,"Happy Color® – 数字で塗り絵と色ぬりえ"
04:00,161,com.fty.thejudge,"確認させてください"
04:00,162,com.pd.vehiclemasters,"ドライブマスター (Vehicle Masters)"
04:00,163,com.Desire.Girls.Mahjong.Match.Tile,"Desire Girls: Mahjong Match"
04:00,164,com.kurashiru.shopping.usagi,"買い物うさぎ by クラシル"
04:00,165,com.media720.games2020,"オフラインゲーム 暇つぶし 楽しい ミニパズルボード"
04:00,166,com.dream.tiles.puzzlelink,"Dream Tiles: Puzzle Link​"
04:00,167,com.fansipan.epic.stickman.survival.rpg.idle.game,"Epic Stickman: 放置RPG 大戦"
04:00,168,com.tt.mainichifarm,"まいにちファーム"
04:00,169,com.awesome.puzzlehexasort,"カラースライドパズル (Color Slide )"
04:00,170,com.mhcljp.xpvsfd,"今生は恋より茶に生きる"
04:00,171,bus.traffic.fever.jam.puzzle.busgo,"Bus Go:Traffic Puzzle"
04:00,172,com.qookkagames.xczyw.gp.jp,"信長の野望 真戦"
04:00,173,com.goods.master3d.triple.puzzle,"Goods Master 3D: 仕分けマスター 収納ゲーム"
04:00,174,com.tgc.sky.android,"Sky 星を紡ぐ子どもたち"
04:00,175,com.eureka.wondercastle.android,"Wonder Castle: Triple Match"
04:00,176,com.crossfield.mahjong,"麻雀 闘龍 - 初心者から楽しめる麻雀ゲーム"
04:00,177,com.shogunstudios.poikatsuhakkosusumukun,"ポイ活 発酵！ススムくん：放置ゲームで簡単ポイント稼ぎ"
04:00,178,com.heartsnet.clickwood.gp,"クリック Wood (Click Wood)"
04:00,179,relaxing.games.sort.jam.free,"Sort Jam"
04:00,180,air.jp.globalgear.kechi,"ドケチボーイ -脱出ゲーム"
04:00,181,com.eagle_developers.shukapig,"出荷ぶた-養豚場育成ゲーム！ポイ活可能の放置で癒しの牧場経営"
04:00,182,net.gameduo.dfd,"E.D.E.N：最終防衛線"
04:00,183,com.paradyme.solarsmash,"Solar Smash"
04:00,184,com.fungames.sniper3d,"Sniper 3D：銃を撃つゲーム"
04:00,185,com.JindoBlu.OfflineGames,"オフラインゲーム - 暇つぶし ゲーム - パズルゲーム"
04:00,186,com.miHoYo.GenshinImpact,"原神-スネージナヤ開幕"
04:00,187,com.arrow.flow.puzzle.escape.brain,"Arrow GO! Arrow Flow Puzzle"
04:00,188,com.topwar.gp,"トップウォー"
04:00,189,com.zigzagame.tokyodebunker,"東京ディバンカー"
04:00,190,water.sort.master.color.match.offline.puzzle,"Water Sort! 3Dカラー マッチパズル"
04:00,191,com.rush.xtreme.sports,"ラッシュ：エクストリーム (RUSH: Xtreme)"
04:00,192,com.fun.brain.game,"ブレパズ！Brain Puzzle ひっかけパズル"
04:00,193,and.brainworks.holeemall,"ホール・エム・オール (Hole Em All)"
04:00,194,com.playrix.gardenscapes,"ガーデンスケイプ(Gardenscapes)"
04:00,195,com.tripledot.blockssmashgame,"Stack Smash - Block 3D Puzzle"
04:00,196,com.pronetis.ironball2,"ゴーイングボールズ (Going Balls)"
04:00,197,com.nintendo.zaba,"ファイアーエムブレム ヒーローズ - 戦略RPGの金字塔"
04:00,198,com.easybrain.arrow.puzzle.game,"Arrow Puzzle - アローパズルゲーム"
04:00,199,com.fc.p.cp.jelly.mukbang.asmr.live.diy,"ゼリーマスター：食べるゲーム"
04:00,200,com.screw.bolt.ocean.match.fish.game,"カラフルネジ：Screw Jamねじはずし、暇つぶしゲーム"
04:30,1,com.oakever.meowdoku,"Meowdoku"
04:30,2,com.block.juggle,"ブロックブラスト (Block Blast)"
04:30,3,com.grandgames.magicsort,"マジックソート！ (Magic Sort !)"
04:30,4,jp.co.goodroid.hyper.busflow,"Bus Traffic Fever!　"
04:30,5,com.cyphergames.royalsmash,"Royal Smash! - Physics Puzzle"
04:30,6,com.pocket.sort.coin.puzzle.game,"ポケットソート (Pocket Sort)：コインパズル"
04:30,7,com.puzzlegames.puzzlebrickslegend,"カラーブロック：爽快パズル(ColorBlock)"
04:30,8,com.farlightgames.pgame.gp,"モンスターサバイバル"
04:30,9,com.brain.crazy.joygame,"Brain Puzzle 3: Crazy Mind"
04:30,10,com.roblox.client,"Roblox (ロブロックス)"
04:30,11,com.run.tower.defense,"キングショット"
04:30,12,com.hollywood.merge,"ハリウッドマージ"
04:30,13,com.nebula.zoodoku,"Zoodoku：数独×動物ロジックパズル"
04:30,14,jp.co.applibot.chiikawapocket,"ちいかわぽけっと"
04:30,15,com.xman.jp.gp,"X-Clash"
04:30,16,com.fatmerge.global,"グルメ・ジャーニー"
04:30,17,com.mergegames.gossipharbor,"ゴシップハーバー：マージ & ストーリー"
04:30,18,com.oakever.arrows,"Amaze GO! - 矢印 パズル"
04:30,19,sorting.games.goods.sort.triple.match3d.puzzle.stuff,"商品整理ゲーム：3Dパズル"
04:30,20,tokyo.chickenskin.imikowa,"意味怖ストーリー：バッドエンドを回避せよ！"
04:30,21,com.Chodun.CatGunner,"にゃんこ銃士：放置育成RPG"
04:30,22,com.agavegames.findthecat2,"Find The Cat 2 - Spot It!"
04:30,23,jigsaw.solitaire.match.games.free,"ジグソードロップ：ソリティアパズル"
04:30,24,com.halfbrick.fruitninjafree,"Fruit Ninja®"
04:30,25,com.lighthouse.freeplay.jp,"終焉のヒカリ"
04:30,26,com.gof.global,"ホワイトアウト・サバイバル"
04:30,27,com.ecffri.arrows,"Arrows - パズルエスケープ"
04:30,28,com.fluffydrop.op.gp,"Fluffy Drop"
04:30,29,com.sorting.games.match3d.goods.triple.puzzle,"Goods Sort 3D：グッズトリプルソートパズルゲーム"
04:30,30,com.unept.leveldevil,"Level Devil - NOT A Troll Game"
04:30,31,com.ig.screwdom,"Screwdom 3D"
04:30,32,color.number.paint.pixle.art.sort.jigsaw,"Jewel Coloring"
04:30,33,com.playrix.township,"タウンシップ (Township)"
04:30,34,com.nianticlabs.pokemongo,"Pokémon GO"
04:30,35,com.ratinghope.gplay,"終末のタイタン：ラストラッシュ"
04:30,36,water.sort.color.puzzle.offline.games,"Water Sort! カラーロジック"
04:30,37,com.dreamgames.royalkingdom,"ロイヤルキングダム (Royal Kingdom)"
04:30,38,jp.pokemon.pokemonchampions,"Pokémon Champions"
04:30,39,com.sled.surfers.game,"Sled Surfers - ズ - 坂冒険"
04:30,40,com.bravestars.savethedog.drawgame,"Save The Pets"
04:30,41,beats.color.sing.star.rush,"魔法ピアノタイル9 : ピアノゲーム、おんがくげーむ、音ゲー"
04:30,42,jp.co.ponos.battlecats,"にゃんこ大戦争"
04:30,43,com.kayac.slow_mo_strike,"Slow Mo Strike: ナイフ投げアクション"
04:30,44,com.shogunstudios.poikatsukinokonoko,"ポイ活 さがそう！キノコのコ：放置ゲームで簡単ポイント稼ぎ"
04:30,45,com.onyxhook.nekotabi,"ねこ旅 – 放置×収集×ポイ活アプリ"
04:30,46,com.epicgames.fortnite,"フォートナイト"
04:30,47,com.zigzagame.paranoize,"パラノイズ"
04:30,48,com.wood.block.sudoku.puzzle.bm,"Block Crush: ブロックブラストパズル"
04:30,49,gridplus.busjam.carpuzzle,"Bus Fever! Car Jam Escape"
04:30,50,com.furrjam.traffic.jamgame,"FurrJam:Hop In!"
04:30,51,jp.konami.suikoden.starleap,"幻想水滸伝 STAR LEAP"
04:30,52,com.Garawell.LoopSort,"Loop Sort"
04:30,53,jp.konami.pesam,"eFootball™"
04:30,54,com.percent.aos.randomdice2,"ランダムダイス2"
04:30,55,bus.games.car.out.traffic.parking.jam.escape.puzzle,"バスゲーム・駐車場パズル：Bus Madness"
04:30,56,jigsolitaire.jigsort.jigsaw.solitaire.puzzle,"ジグソートパズル：ソリティアの楽しさを楽しもう"
04:30,57,com.vitastudio.mahjong,"ヴィータ麻雀(Vita Mahjong)"
04:30,58,com.nebula.mahjongtile,"麻雀ブラスト (Mahjong Blast)"
04:30,59,com.find.spot.photo.hunt.differences.free.hidden,"間違い探し：違いを探す楽しいパズルゲーム"
04:30,60,com.playrix.fishdomdd.gplay,"フィッシュダム(Fishdom)"
04:30,61,com.dreamgames.royalmatch,"ロイヤルマッチ Royal Match"
04:30,62,jp.pokemon.pokemontcgp,"Pokémon TCG Pocket"
04:30,63,com.youmusic.magictiles,"魔法のタイルズ3 - ピアノ曲 & ゲーム"
04:30,64,pics.karaage.sokutaiho,"巡回中！即タイホ！"
04:30,65,com.supercell.brawlstars,"ブロスタ"
04:30,66,com.mobirix.ldwm,"スイカ作り2048"
04:30,67,arrow.cube.escape3d,"Arrow Pro 3D"
04:30,68,com.fty.trickmean2game,"トリミン2！-トリッキーミーン2 いじわる脳トレパズルゲーム"
04:30,69,com.leap.searchit,"Search It – 隠しアイテム探し"
04:30,70,com.linecorp.LGTMTM,"LINE：ディズニー ツムツム"
04:30,71,com.infiniplay.merge.fashion.romance.story,"Merge Fashion(マージファッション):マージ"
04:30,72,com.kiwifun.game.android.screw.master,"ネジ3Dパズル：ピンを外すゲーム"
04:30,73,block.color.game.jam.blocks.sort.puzzle.games.slide.free,"ブロックカラー・マニア"
04:30,74,com.duykanbakay.carconveyortransfer,"Car Sort: Color Puzzle"
04:30,75,bus.loop.traffic.jam.fever.bus.puzzle,"Bus Loop:Jam Master"
04:30,76,com.easybrain.sudoku.android,"ナンプレ - ロジックパズルゲーム"
04:30,77,game.qualiarts.hololive.dreams.jp,"ホロライブドリームス"
04:30,78,com.nebula.tiles,"タップタイル (Tap Tile)"
04:30,79,jp.konami.prospia,"プロ野球スピリッツA"
04:30,80,com.cedargames.mysterytown,"ミステリータウン：マージゲーム (Mystery Town)"
04:30,81,io.voodoo.paper2,"Paper.io 2"
04:30,82,com.zm.waterpack,"Get Color Pack: Sort Puzzle"
04:30,83,com.fiveminlab.overgeared.hero.backpack.merge,"チート勇者～インベントリ攻略ゲー～RPG"
04:30,84,ball.sort.puzzle.color.sorting.bubble.games,"ボール選別 - 脳を鍛える色分けパズル ゲーム"
04:30,85,daily.number.match.free.puzzle,"デイリーナンバーマッチ"
04:30,86,jp.co.mixi.monsterstrike,"モンスターストライク"
04:30,87,com.global.ztmslg,"パズル&サバイバル"
04:30,88,water.sort.puzzle.game.color.sorting.free,"水選別パズルゲーム - 楽しい色分けパズルゲーム"
04:30,89,net.peakgames.toonblast,"トゥーンブラスト (Toon Blast)"
04:30,90,com.brain.logic.joygame,"Brain Puzzle 2: Logic Twist"
04:30,91,com.phs.global,"ラストアサイラム：プレイグ"
04:30,92,triple.sorting.bubble.fish.match,"Fish Sort Puzzle: パズルゲーム"
04:30,93,com.wood.bolt.wordle.screw.nuts.puzzle,"ネジパズル: 脳トレ ウッド パズル - 人気 ネジ ゲーム"
04:30,94,com.QdanApp.QdanGames,"どこでもパーティーゲーム「どこパ」（ワードウルフオンライン）"
04:30,95,pixel.gem.sort.art.puzzle.loop,"Pixel Gem Loop: ドット絵ジュエル"
04:30,96,easy.sudoku.puzzle.solver.free,"ナンプレ - 大人気アプリ"
04:30,97,com.fungames.blockcraft,"ブロッククラフト3D (Block Craft)：建設ゲーム"
04:30,98,com.hungrystudio.mahjong,"Double Tile! 麻雀タイルマッチパズル"
04:30,99,com.vincentb.MobControl,"Mob Control"
04:30,100,jp.co.taito.onlinecrane,"オンクレならタイクレ！おうちでクレーンゲームしよ？"
04:30,101,com.readygo.barrel.gp,"ラストZ：サバイバルシューティング"
04:30,102,com.gtsy.annoying.punch.game,"Annoying Uncle - パンチゲーム"
04:30,103,com.merge.game.foodstars,"フードスター:マージ & クック"
04:30,104,com.jewel.sort.coloring.loop.match.paint.jigsaw,"Jewel Loop - Coloring Sort"
04:30,105,com.microdose.balljam,"Marble Sort!"
04:30,106,com.igg.android.doomsdaylastsurvivors,"ドゥームズデイ：オデュッセウスの帰還"
04:30,107,com.goods.sorting.games.triple.match3d.puzzle,"商品整理ゲーム：3Dパズル"
04:30,108,com.easybrain.brainy.joygame,"Puzzle Time: Brainy Challenge"
04:30,109,io.voodoo.holeio,"ホール.io"
04:30,110,com.whoyaho.tanghulu,"フルーツ飴の達人 - ドバイもち、パフェ、ASMR、モッパン"
04:30,111,com.gamovation.tileclub,"タイルクラブ - マッチングゲーム"
04:30,112,wool.match.color.sort.jam.puzzle,"毛糸クラッシュ"
04:30,113,jp.pokemon.pokemonsleep,"Pokémon Sleep"
04:30,114,com.gamespark.topking.gp,"トップロード"
04:30,115,com.bandainamcoent.opbrjp,"ONE PIECE バウンティラッシュ - アクションゲーム"
04:30,116,com.arrow.romantic.puzzle.goddess,"Amaze Romantic Goddess"
04:30,117,water.sort.master.colors.games,"Water Sort: Master Colors"
04:30,118,com.funplus.ts.global,"タイルズ・サバイバル"
04:30,119,defense.roguelike.cell.shoot.survivor,"セルサバイバー"
04:30,120,screw.puzzle.match3.brain.puzz,"ネジマッチ: Screw Sort 3D ネジパズル ボルト"
04:30,121,com.unicostudio.braintest,"ブレインテスト(Brain Test)：ひっかけパズル"
04:30,122,com.rescue.agent,"ヘリコプター・エスケープ"
04:30,123,gs.chaos.candyfest,"Captain Smash"
04:30,124,io.supercent.linkedcubic,"スネーククラッシュ (Snake Clash)"
04:30,125,com.hypervation.goodssort,"Goods Sort Match - パズル"
04:30,126,tokyo.chickenskin.yokai,"妖怪カノジョ：妖怪はキミに恋をする"
04:30,127,com.spheresort.yhk,"ロマンチックな球体ボールソーティング"
04:30,128,hidden.object.find.seek.search.mystery.puzzle.games.free,"隠しオブジェクトゲーム：探してみよう"
04:30,129,com.greenmushroom.boomblitz.gp,"トップヒーローズ（Top Heroes）"
04:30,130,puzzle.snakes.puzzle.slithereat.gaming,"Snake Puzzle: Slither to Eat"
04:30,131,find.difference.spot.differences.hidden.puzzle.games.free,"間違い探し - 見つけてスポット"
04:30,132,com.merge.cooking.theme.restaurant.food,"マージクッキング テーマレストラン"
04:30,133,com.car.parking.bus.mania.traffic.jam,"Bus Jam：駐車場ゲーム パーキングジャム"
04:30,134,com.innersloth.spacemafia,"Among Us"
04:30,135,jp.co.drecom.wizardry.daphne,"Wizardry Variants Daphne"
04:30,136,com.warrior.screw.gp,"ねじねじパズル"
04:30,137,com.nexters.herowars,"ヒーローウォーズ：アライアンス — 放置系ロールプレイング"
04:30,138,com.linecorp.LGSBJ22,"LINE：ブロックジャム"
04:30,139,com.h8games.littlefarmstory,"リトルファームストーリー"
04:30,140,com.grill.sort.food.sizzle.match.puzzle,"Grill Master：フード仕分けパズル"
04:30,141,com.magic.relaxing.water.sort.colorgame.puzzle,"3D Colorful Sort™ 魔法の水"
04:30,142,com.nebula.blockbloom,"Block Bloom: Color Blast"
04:30,143,io.supercent.pizzaidle,"ピザレディー (Pizza Ready)"
04:30,144,solitaire.word.association.connections.puzzle,"ソリティアワード: Solitaire Connection"
04:30,145,com.bunbunstudio.magicblocktiles,"ぴあのたいる7: 音ゲー . リズムゲーム"
04:30,146,com.aniplex.fategrandorder,"Fate/Grand Order"
04:30,147,com.robtopx.geometryjumplite,"Geometry Dash Lite"
04:30,148,com.soccer.score.star,"サッカースーパースター(Soccer Superstar)"
04:30,149,com.oakever.tiletrip,"Tile Explorer - トリプルマッチ"
04:30,150,jp.co.goodroid.hyper.puzzle.arrows3dcubepuzzle,"CubeAway - 3DPuzzle"
04:30,151,com.hxh.survivor,"HUNTER×HUNTER NEN×SURVIVOR"
04:30,152,com.mystery.dumplings.asmr.unboxing.squishy,"Mystery Dumpling: Unbox ASMR"
04:30,153,com.ew.mahjong,"楽しい麻雀マッチ"
04:30,154,com.hottagames.nte,"NTE: Neverness to Everness"
04:30,155,io.supercent.weaponrpg,"XP Hero(ヒーロー)): まずは世界観をのぞいてみて"
04:30,156,com.sega.pjsekai,"プロジェクトセカイ カラフルステージ！ feat. 初音ミク"
04:30,157,com.hitappsgames.wordsolitaire,"ソリティア：パズルゲーム 脳トレ カードゲーム 暇つぶし連想"
04:30,158,com.hmbl.perfect.makeover.cleaning.asmr,"Perfect Makeover Cleaning ASMR"
04:30,159,com.agavegames.findemall,"Find Em All! - Hidden Objects"
04:30,160,com.pixel.art.coloring.color.number,"Happy Color® – 数字で塗り絵と色ぬりえ"
04:30,161,com.fty.thejudge,"確認させてください"
04:30,162,com.pd.vehiclemasters,"ドライブマスター (Vehicle Masters)"
04:30,163,com.Desire.Girls.Mahjong.Match.Tile,"Desire Girls: Mahjong Match"
04:30,164,com.media720.games2020,"オフラインゲーム 暇つぶし 楽しい ミニパズルボード"
04:30,165,com.dream.tiles.puzzlelink,"Dream Tiles: Puzzle Link​"
04:30,166,com.fansipan.epic.stickman.survival.rpg.idle.game,"Epic Stickman: 放置RPG 大戦"
04:30,167,com.tt.mainichifarm,"まいにちファーム"
04:30,168,com.awesome.puzzlehexasort,"カラースライドパズル (Color Slide )"
04:30,169,com.mhcljp.xpvsfd,"今生は恋より茶に生きる"
04:30,170,bus.traffic.fever.jam.puzzle.busgo,"Bus Go:Traffic Puzzle"
04:30,171,com.qookkagames.xczyw.gp.jp,"信長の野望 真戦"
04:30,172,com.goods.master3d.triple.puzzle,"Goods Master 3D: 仕分けマスター 収納ゲーム"
04:30,173,com.tgc.sky.android,"Sky 星を紡ぐ子どもたち"
04:30,174,com.eureka.wondercastle.android,"Wonder Castle: Triple Match"
04:30,175,com.crossfield.mahjong,"麻雀 闘龍 - 初心者から楽しめる麻雀ゲーム"
04:30,176,com.shogunstudios.poikatsuhakkosusumukun,"ポイ活 発酵！ススムくん：放置ゲームで簡単ポイント稼ぎ"
04:30,177,com.arrow.flow.puzzle.escape.brain,"Arrow GO! Arrow Flow Puzzle"
04:30,178,air.jp.globalgear.kechi,"ドケチボーイ -脱出ゲーム"
04:30,179,com.eagle_developers.shukapig,"出荷ぶた-養豚場育成ゲーム！ポイ活可能の放置で癒しの牧場経営"
04:30,180,net.gameduo.dfd,"E.D.E.N：最終防衛線"
04:30,181,com.paradyme.solarsmash,"Solar Smash"
04:30,182,com.fungames.sniper3d,"Sniper 3D：銃を撃つゲーム"
04:30,183,com.JindoBlu.OfflineGames,"オフラインゲーム - 暇つぶし ゲーム - パズルゲーム"
04:30,184,com.miHoYo.GenshinImpact,"原神-スネージナヤ開幕"
04:30,185,com.topwar.gp,"トップウォー"
04:30,186,com.zigzagame.tokyodebunker,"東京ディバンカー"
04:30,187,water.sort.master.color.match.offline.puzzle,"Water Sort! 3Dカラー マッチパズル"
04:30,188,com.rush.xtreme.sports,"ラッシュ：エクストリーム (RUSH: Xtreme)"
04:30,189,com.fun.brain.game,"ブレパズ！Brain Puzzle ひっかけパズル"
04:30,190,and.brainworks.holeemall,"ホール・エム・オール (Hole Em All)"
04:30,191,com.playrix.gardenscapes,"ガーデンスケイプ(Gardenscapes)"
04:30,192,com.tripledot.blockssmashgame,"Stack Smash - Block 3D Puzzle"
04:30,193,com.pronetis.ironball2,"ゴーイングボールズ (Going Balls)"
04:30,194,com.heartsnet.clickwood.gp,"クリック Wood (Click Wood)"
04:30,195,com.nintendo.zaba,"ファイアーエムブレム ヒーローズ - 戦略RPGの金字塔"
04:30,196,com.easybrain.arrow.puzzle.game,"Arrow Puzzle - アローパズルゲーム"
04:30,197,com.fc.p.cp.jelly.mukbang.asmr.live.diy,"ゼリーマスター：食べるゲーム"
04:30,198,com.screw.bolt.ocean.match.fish.game,"カラフルネジ：Screw Jamねじはずし、暇つぶしゲーム"
04:30,199,com.kurashiru.shopping.usagi,"買い物うさぎ by クラシル"
04:30,200,com.mahjong.master.solitaire.match.puzzle,"麻雀マスター：デイリーマッチ"
05:30,1,com.oakever.meowdoku,"Meowdoku"
05:30,2,com.block.juggle,"ブロックブラスト (Block Blast)"
05:30,3,com.grandgames.magicsort,"マジックソート！ (Magic Sort !)"
05:30,4,jp.co.goodroid.hyper.busflow,"Bus Traffic Fever!　"
05:30,5,com.cyphergames.royalsmash,"Royal Smash! - Physics Puzzle"
05:30,6,com.pocket.sort.coin.puzzle.game,"ポケットソート (Pocket Sort)：コインパズル"
05:30,7,com.farlightgames.pgame.gp,"モンスターサバイバル"
05:30,8,com.puzzlegames.puzzlebrickslegend,"カラーブロック：爽快パズル(ColorBlock)"
05:30,9,com.hollywood.merge,"ハリウッドマージ"
05:30,10,com.brain.crazy.joygame,"Brain Puzzle 3: Crazy Mind"
05:30,11,com.roblox.client,"Roblox (ロブロックス)"
05:30,12,com.mergegames.gossipharbor,"ゴシップハーバー：マージ & ストーリー"
05:30,13,com.run.tower.defense,"キングショット"
05:30,14,com.Chodun.CatGunner,"にゃんこ銃士：放置育成RPG"
05:30,15,com.nebula.zoodoku,"Zoodoku：数独×動物ロジックパズル"
05:30,16,jp.co.applibot.chiikawapocket,"ちいかわぽけっと"
05:30,17,com.xman.jp.gp,"X-Clash"
05:30,18,sorting.games.goods.sort.triple.match3d.puzzle.stuff,"商品整理ゲーム：3Dパズル"
05:30,19,com.fatmerge.global,"グルメ・ジャーニー"
05:30,20,com.gof.global,"ホワイトアウト・サバイバル"
05:30,21,jigsaw.solitaire.match.games.free,"ジグソードロップ：ソリティアパズル"
05:30,22,com.oakever.arrows,"Amaze GO! - 矢印 パズル"
05:30,23,com.halfbrick.fruitninjafree,"Fruit Ninja®"
05:30,24,com.ecffri.arrows,"Arrows - パズルエスケープ"
05:30,25,com.unept.leveldevil,"Level Devil - NOT A Troll Game"
05:30,26,com.sorting.games.match3d.goods.triple.puzzle,"Goods Sort 3D：グッズトリプルソートパズルゲーム"
05:30,27,com.ig.screwdom,"Screwdom 3D"
05:30,28,tokyo.chickenskin.imikowa,"意味怖ストーリー：バッドエンドを回避せよ！"
05:30,29,com.agavegames.findthecat2,"Find The Cat 2 - Spot It!"
05:30,30,com.playrix.township,"タウンシップ (Township)"
05:30,31,color.number.paint.pixle.art.sort.jigsaw,"Jewel Coloring"
05:30,32,com.lighthouse.freeplay.jp,"終焉のヒカリ"
05:30,33,com.fluffydrop.op.gp,"Fluffy Drop"
05:30,34,com.dreamgames.royalkingdom,"ロイヤルキングダム (Royal Kingdom)"
05:30,35,beats.color.sing.star.rush,"魔法ピアノタイル9 : ピアノゲーム、おんがくげーむ、音ゲー"
05:30,36,jp.co.ponos.battlecats,"にゃんこ大戦争"
05:30,37,com.nianticlabs.pokemongo,"Pokémon GO"
05:30,38,com.ratinghope.gplay,"終末のタイタン：ラストラッシュ"
05:30,39,com.epicgames.fortnite,"フォートナイト"
05:30,40,water.sort.color.puzzle.offline.games,"Water Sort! カラーロジック"
05:30,41,jp.pokemon.pokemonchampions,"Pokémon Champions"
05:30,42,com.sled.surfers.game,"Sled Surfers - ズ - 坂冒険"
05:30,43,com.bravestars.savethedog.drawgame,"Save The Pets"
05:30,44,com.nebula.mahjongtile,"麻雀ブラスト (Mahjong Blast)"
05:30,45,com.Garawell.LoopSort,"Loop Sort"
05:30,46,bus.games.car.out.traffic.parking.jam.escape.puzzle,"バスゲーム・駐車場パズル：Bus Madness"
05:30,47,com.vitastudio.mahjong,"ヴィータ麻雀(Vita Mahjong)"
05:30,48,jp.konami.suikoden.starleap,"幻想水滸伝 STAR LEAP"
05:30,49,com.kayac.slow_mo_strike,"Slow Mo Strike: ナイフ投げアクション"
05:30,50,com.shogunstudios.poikatsukinokonoko,"ポイ活 さがそう！キノコのコ：放置ゲームで簡単ポイント稼ぎ"
05:30,51,com.find.spot.photo.hunt.differences.free.hidden,"間違い探し：違いを探す楽しいパズルゲーム"
05:30,52,com.onyxhook.nekotabi,"ねこ旅 – 放置×収集×ポイ活アプリ"
05:30,53,jigsolitaire.jigsort.jigsaw.solitaire.puzzle,"ジグソートパズル：ソリティアの楽しさを楽しもう"
05:30,54,com.dreamgames.royalmatch,"ロイヤルマッチ Royal Match"
05:30,55,com.playrix.fishdomdd.gplay,"フィッシュダム(Fishdom)"
05:30,56,com.zigzagame.paranoize,"パラノイズ"
05:30,57,com.wood.block.sudoku.puzzle.bm,"Block Crush: ブロックブラストパズル"
05:30,58,gridplus.busjam.carpuzzle,"Bus Fever! Car Jam Escape"
05:30,59,com.percent.aos.randomdice2,"ランダムダイス2"
05:30,60,com.furrjam.traffic.jamgame,"FurrJam:Hop In!"
05:30,61,com.supercell.brawlstars,"ブロスタ"
05:30,62,com.infiniplay.merge.fashion.romance.story,"Merge Fashion(マージファッション):マージ"
05:30,63,com.mobirix.ldwm,"スイカ作り2048"
05:30,64,jp.konami.pesam,"eFootball™"
05:30,65,jp.pokemon.pokemontcgp,"Pokémon TCG Pocket"
05:30,66,com.youmusic.magictiles,"魔法のタイルズ3 - ピアノ曲 & ゲーム"
05:30,67,pics.karaage.sokutaiho,"巡回中！即タイホ！"
05:30,68,com.easybrain.sudoku.android,"ナンプレ - ロジックパズルゲーム"
05:30,69,block.color.game.jam.blocks.sort.puzzle.games.slide.free,"ブロックカラー・マニア"
05:30,70,game.qualiarts.hololive.dreams.jp,"ホロライブドリームス"
05:30,71,arrow.cube.escape3d,"Arrow Pro 3D"
05:30,72,com.fty.trickmean2game,"トリミン2！-トリッキーミーン2 いじわる脳トレパズルゲーム"
05:30,73,com.leap.searchit,"Search It – 隠しアイテム探し"
05:30,74,net.peakgames.toonblast,"トゥーンブラスト (Toon Blast)"
05:30,75,com.cedargames.mysterytown,"ミステリータウン：マージゲーム (Mystery Town)"
05:30,76,com.linecorp.LGTMTM,"LINE：ディズニー ツムツム"
05:30,77,com.kiwifun.game.android.screw.master,"ネジ3Dパズル：ピンを外すゲーム"
05:30,78,com.fiveminlab.overgeared.hero.backpack.merge,"チート勇者～インベントリ攻略ゲー～RPG"
05:30,79,com.duykanbakay.carconveyortransfer,"Car Sort: Color Puzzle"
05:30,80,bus.loop.traffic.jam.fever.bus.puzzle,"Bus Loop:Jam Master"
05:30,81,daily.number.match.free.puzzle,"デイリーナンバーマッチ"
05:30,82,com.nebula.tiles,"タップタイル (Tap Tile)"
05:30,83,com.merge.game.foodstars,"フードスター:マージ & クック"
05:30,84,com.wood.bolt.wordle.screw.nuts.puzzle,"ネジパズル: 脳トレ ウッド パズル - 人気 ネジ ゲーム"
05:30,85,jp.konami.prospia,"プロ野球スピリッツA"
05:30,86,com.igg.android.doomsdaylastsurvivors,"ドゥームズデイ：オデュッセウスの帰還"
05:30,87,io.voodoo.paper2,"Paper.io 2"
05:30,88,com.zm.waterpack,"Get Color Pack: Sort Puzzle"
05:30,89,easy.sudoku.puzzle.solver.free,"ナンプレ - 大人気アプリ"
05:30,90,ball.sort.puzzle.color.sorting.bubble.games,"ボール選別 - 脳を鍛える色分けパズル ゲーム"
05:30,91,com.vincentb.MobControl,"Mob Control"
05:30,92,com.goods.sorting.games.triple.match3d.puzzle,"商品整理ゲーム：3Dパズル"
05:30,93,jp.co.mixi.monsterstrike,"モンスターストライク"
05:30,94,com.gamovation.tileclub,"タイルクラブ - マッチングゲーム"
05:30,95,com.global.ztmslg,"パズル&サバイバル"
05:30,96,water.sort.puzzle.game.color.sorting.free,"水選別パズルゲーム - 楽しい色分けパズルゲーム"
05:30,97,com.bandainamcoent.opbrjp,"ONE PIECE バウンティラッシュ - アクションゲーム"
05:30,98,com.brain.logic.joygame,"Brain Puzzle 2: Logic Twist"
05:30,99,com.phs.global,"ラストアサイラム：プレイグ"
05:30,100,triple.sorting.bubble.fish.match,"Fish Sort Puzzle: パズルゲーム"
05:30,101,com.grill.sort.food.sizzle.match.puzzle,"Grill Master：フード仕分けパズル"
05:30,102,puzzle.snakes.puzzle.slithereat.gaming,"Snake Puzzle: Slither to Eat"
05:30,103,com.innersloth.spacemafia,"Among Us"
05:30,104,com.QdanApp.QdanGames,"どこでもパーティーゲーム「どこパ」（ワードウルフオンライン）"
05:30,105,pixel.gem.sort.art.puzzle.loop,"Pixel Gem Loop: ドット絵ジュエル"
05:30,106,com.funplus.ts.global,"タイルズ・サバイバル"
05:30,107,com.fungames.blockcraft,"ブロッククラフト3D (Block Craft)：建設ゲーム"
05:30,108,com.hungrystudio.mahjong,"Double Tile! 麻雀タイルマッチパズル"
05:30,109,com.aniplex.fategrandorder,"Fate/Grand Order"
05:30,110,com.nexters.herowars,"ヒーローウォーズ：アライアンス — 放置系ロールプレイング"
05:30,111,jp.co.taito.onlinecrane,"オンクレならタイクレ！おうちでクレーンゲームしよ？"
05:30,112,com.gtsy.annoying.punch.game,"Annoying Uncle - パンチゲーム"
05:30,113,com.jewel.sort.coloring.loop.match.paint.jigsaw,"Jewel Loop - Coloring Sort"
05:30,114,com.microdose.balljam,"Marble Sort!"
05:30,115,com.warrior.screw.gp,"ねじねじパズル"
05:30,116,com.easybrain.brainy.joygame,"Puzzle Time: Brainy Challenge"
05:30,117,com.h8games.littlefarmstory,"リトルファームストーリー"
05:30,118,io.voodoo.holeio,"ホール.io"
05:30,119,com.whoyaho.tanghulu,"フルーツ飴の達人 - ドバイもち、パフェ、ASMR、モッパン"
05:30,120,wool.match.color.sort.jam.puzzle,"毛糸クラッシュ"
05:30,121,jp.pokemon.pokemonsleep,"Pokémon Sleep"
05:30,122,com.oakever.tiletrip,"Tile Explorer - トリプルマッチ"
05:30,123,com.sega.pjsekai,"プロジェクトセカイ カラフルステージ！ feat. 初音ミク"
05:30,124,com.gamespark.topking.gp,"トップロード"
05:30,125,com.arrow.romantic.puzzle.goddess,"Amaze Romantic Goddess"
05:30,126,water.sort.master.colors.games,"Water Sort: Master Colors"
05:30,127,defense.roguelike.cell.shoot.survivor,"セルサバイバー"
05:30,128,screw.puzzle.match3.brain.puzz,"ネジマッチ: Screw Sort 3D ネジパズル ボルト"
05:30,129,com.unicostudio.braintest,"ブレインテスト(Brain Test)：ひっかけパズル"
05:30,130,com.rescue.agent,"ヘリコプター・エスケープ"
05:30,131,gs.chaos.candyfest,"Captain Smash"
05:30,132,io.supercent.linkedcubic,"スネーククラッシュ (Snake Clash)"
05:30,133,com.hypervation.goodssort,"Goods Sort Match - パズル"
05:30,134,tokyo.chickenskin.yokai,"妖怪カノジョ：妖怪はキミに恋をする"
05:30,135,com.spheresort.yhk,"ロマンチックな球体ボールソーティング"
05:30,136,hidden.object.find.seek.search.mystery.puzzle.games.free,"隠しオブジェクトゲーム：探してみよう"
05:30,137,com.greenmushroom.boomblitz.gp,"トップヒーローズ（Top Heroes）"
05:30,138,find.difference.spot.differences.hidden.puzzle.games.free,"間違い探し - 見つけてスポット"
05:30,139,com.merge.cooking.theme.restaurant.food,"マージクッキング テーマレストラン"
05:30,140,com.car.parking.bus.mania.traffic.jam,"Bus Jam：駐車場ゲーム パーキングジャム"
05:30,141,jp.co.drecom.wizardry.daphne,"Wizardry Variants Daphne"
05:30,142,com.linecorp.LGSBJ22,"LINE：ブロックジャム"
05:30,143,com.mhcljp.xpvsfd,"今生は恋より茶に生きる"
05:30,144,com.awesome.puzzlehexasort,"カラースライドパズル (Color Slide )"
05:30,145,com.fungames.sniper3d,"Sniper 3D：銃を撃つゲーム"
05:30,146,com.magic.relaxing.water.sort.colorgame.puzzle,"3D Colorful Sort™ 魔法の水"
05:30,147,com.readygo.barrel.gp,"ラストZ：サバイバルシューティング"
05:30,148,com.zigzagame.tokyodebunker,"東京ディバンカー"
05:30,149,com.nebula.blockbloom,"Block Bloom: Color Blast"
05:30,150,io.supercent.pizzaidle,"ピザレディー (Pizza Ready)"
05:30,151,com.tgc.sky.android,"Sky 星を紡ぐ子どもたち"
05:30,152,solitaire.word.association.connections.puzzle,"ソリティアワード: Solitaire Connection"
05:30,153,com.bunbunstudio.magicblocktiles,"ぴあのたいる7: 音ゲー . リズムゲーム"
05:30,154,com.robtopx.geometryjumplite,"Geometry Dash Lite"
05:30,155,com.soccer.score.star,"サッカースーパースター(Soccer Superstar)"
05:30,156,jp.co.goodroid.hyper.puzzle.arrows3dcubepuzzle,"CubeAway - 3DPuzzle"
05:30,157,com.hxh.survivor,"HUNTER×HUNTER NEN×SURVIVOR"
05:30,158,com.mystery.dumplings.asmr.unboxing.squishy,"Mystery Dumpling: Unbox ASMR"
05:30,159,com.ew.mahjong,"楽しい麻雀マッチ"
05:30,160,com.justdesserts.global,"マージ・デザート：復讐は蜜の味"
05:30,161,com.nintendo.zaba,"ファイアーエムブレム ヒーローズ - 戦略RPGの金字塔"
05:30,162,com.hottagames.nte,"NTE: Neverness to Everness"
05:30,163,com.easybrain.arrow.puzzle.game,"Arrow Puzzle - アローパズルゲーム"
05:30,164,and.brainworks.holeemall,"ホール・エム・オール (Hole Em All)"
05:30,165,io.supercent.weaponrpg,"XP Hero(ヒーロー)): まずは世界観をのぞいてみて"
05:30,166,com.hitappsgames.wordsolitaire,"ソリティア：パズルゲーム 脳トレ カードゲーム 暇つぶし連想"
05:30,167,com.mahjong.master.solitaire.match.puzzle,"麻雀マスター：デイリーマッチ"
05:30,168,com.hmbl.perfect.makeover.cleaning.asmr,"Perfect Makeover Cleaning ASMR"
05:30,169,com.agavegames.findemall,"Find Em All! - Hidden Objects"
05:30,170,com.pixel.art.coloring.color.number,"Happy Color® – 数字で塗り絵と色ぬりえ"
05:30,171,com.fty.thejudge,"確認させてください"
05:30,172,com.fc.p.cp.jelly.mukbang.asmr.live.diy,"ゼリーマスター：食べるゲーム"
05:30,173,com.pd.vehiclemasters,"ドライブマスター (Vehicle Masters)"
05:30,174,com.media720.games2020,"オフラインゲーム 暇つぶし 楽しい ミニパズルボード"
05:30,175,solitaire.patience.card.games.klondike.free,"ソリティアクラシック - 日本、クラシックカードゲーム"
05:30,176,com.dream.tiles.puzzlelink,"Dream Tiles: Puzzle Link​"
05:30,177,com.fansipan.epic.stickman.survival.rpg.idle.game,"Epic Stickman: 放置RPG 大戦"
05:30,178,com.tt.mainichifarm,"まいにちファーム"
05:30,179,bus.traffic.fever.jam.puzzle.busgo,"Bus Go:Traffic Puzzle"
05:30,180,com.qookkagames.xczyw.gp.jp,"信長の野望 真戦"
05:30,181,com.goods.master3d.triple.puzzle,"Goods Master 3D: 仕分けマスター 収納ゲーム"
05:30,182,com.eureka.wondercastle.android,"Wonder Castle: Triple Match"
05:30,183,com.square_enix.android_googleplay.dqsgj,"ドラゴンクエストスマッシュグロウ ドラクエローグライトRPG"
05:30,184,com.crossfield.mahjong,"麻雀 闘龍 - 初心者から楽しめる麻雀ゲーム"
05:30,185,com.shogunstudios.poikatsuhakkosusumukun,"ポイ活 発酵！ススムくん：放置ゲームで簡単ポイント稼ぎ"
05:30,186,jp.boi.mementomori.android,"メメントモリ"
05:30,187,com.Desire.Girls.Mahjong.Match.Tile,"Desire Girls: Mahjong Match"
05:30,188,com.arrow.flow.puzzle.escape.brain,"Arrow GO! Arrow Flow Puzzle"
05:30,189,air.jp.globalgear.kechi,"ドケチボーイ -脱出ゲーム"
05:30,190,com.eagle_developers.shukapig,"出荷ぶた-養豚場育成ゲーム！ポイ活可能の放置で癒しの牧場経営"
05:30,191,net.gameduo.dfd,"E.D.E.N：最終防衛線"
05:30,192,com.paradyme.solarsmash,"Solar Smash"
05:30,193,com.bandainamcoent.idolmaster_gakuen,"学園アイドルマスター"
05:30,194,com.JindoBlu.OfflineGames,"オフラインゲーム - 暇つぶし ゲーム - パズルゲーム"
05:30,195,com.miHoYo.GenshinImpact,"原神-スネージナヤ開幕"
05:30,196,com.neowiz.game.baseball.clash,"Baseball Clash: リアルタイム野球ゲーム"
05:30,197,com.zigzagame.evertalefree,"エバーテイル"
05:30,198,com.topwar.gp,"トップウォー"
05:30,199,com.yoyogames.love.makeover.dressup.dating.crush.game,"Love Makeover: 着せ替えコーデ"
05:30,200,water.sort.master.color.match.offline.puzzle,"Water Sort! 3Dカラー マッチパズル"
06:30,1,com.oakever.meowdoku,"Meowdoku"
06:30,2,com.block.juggle,"ブロックブラスト (Block Blast)"
06:30,3,com.grandgames.magicsort,"マジックソート！ (Magic Sort !)"
06:30,4,jp.co.goodroid.hyper.busflow,"Bus Traffic Fever!　"
06:30,5,com.cyphergames.royalsmash,"Royal Smash! - Physics Puzzle"
06:30,6,com.pocket.sort.coin.puzzle.game,"ポケットソート (Pocket Sort)：コインパズル"
06:30,7,com.farlightgames.pgame.gp,"モンスターサバイバル"
06:30,8,com.roblox.client,"Roblox (ロブロックス)"
06:30,9,com.puzzlegames.puzzlebrickslegend,"カラーブロック：爽快パズル(ColorBlock)"
06:30,10,com.xman.jp.gp,"X-Clash"
06:30,11,com.hollywood.merge,"ハリウッドマージ"
06:30,12,com.brain.crazy.joygame,"Brain Puzzle 3: Crazy Mind"
06:30,13,com.fatmerge.global,"グルメ・ジャーニー"
06:30,14,com.mergegames.gossipharbor,"ゴシップハーバー：マージ & ストーリー"
06:30,15,com.oakever.arrows,"Amaze GO! - 矢印 パズル"
06:30,16,com.run.tower.defense,"キングショット"
06:30,17,com.Chodun.CatGunner,"にゃんこ銃士：放置育成RPG"
06:30,18,com.nebula.zoodoku,"Zoodoku：数独×動物ロジックパズル"
06:30,19,jp.co.applibot.chiikawapocket,"ちいかわぽけっと"
06:30,20,sorting.games.goods.sort.triple.match3d.puzzle.stuff,"商品整理ゲーム：3Dパズル"
06:30,21,com.gof.global,"ホワイトアウト・サバイバル"
06:30,22,jigsaw.solitaire.match.games.free,"ジグソードロップ：ソリティアパズル"
06:30,23,com.halfbrick.fruitninjafree,"Fruit Ninja®"
06:30,24,com.ecffri.arrows,"Arrows - パズルエスケープ"
06:30,25,com.unept.leveldevil,"Level Devil - NOT A Troll Game"
06:30,26,com.sorting.games.match3d.goods.triple.puzzle,"Goods Sort 3D：グッズトリプルソートパズルゲーム"
06:30,27,com.ig.screwdom,"Screwdom 3D"
06:30,28,tokyo.chickenskin.imikowa,"意味怖ストーリー：バッドエンドを回避せよ！"
06:30,29,com.agavegames.findthecat2,"Find The Cat 2 - Spot It!"
06:30,30,com.playrix.township,"タウンシップ (Township)"
06:30,31,color.number.paint.pixle.art.sort.jigsaw,"Jewel Coloring"
06:30,32,com.lighthouse.freeplay.jp,"終焉のヒカリ"
06:30,33,com.nianticlabs.pokemongo,"Pokémon GO"
06:30,34,com.fluffydrop.op.gp,"Fluffy Drop"
06:30,35,com.ratinghope.gplay,"終末のタイタン：ラストラッシュ"
06:30,36,water.sort.color.puzzle.offline.games,"Water Sort! カラーロジック"
06:30,37,com.dreamgames.royalkingdom,"ロイヤルキングダム (Royal Kingdom)"
06:30,38,com.bravestars.savethedog.drawgame,"Save The Pets"
06:30,39,beats.color.sing.star.rush,"魔法ピアノタイル9 : ピアノゲーム、おんがくげーむ、音ゲー"
06:30,40,jp.co.ponos.battlecats,"にゃんこ大戦争"
06:30,41,com.epicgames.fortnite,"フォートナイト"
06:30,42,com.wood.block.sudoku.puzzle.bm,"Block Crush: ブロックブラストパズル"
06:30,43,com.zigzagame.paranoize,"パラノイズ"
06:30,44,jp.pokemon.pokemonchampions,"Pokémon Champions"
06:30,45,com.sled.surfers.game,"Sled Surfers - ズ - 坂冒険"
06:30,46,jp.konami.pesam,"eFootball™"
06:30,47,com.nebula.mahjongtile,"麻雀ブラスト (Mahjong Blast)"
06:30,48,com.Garawell.LoopSort,"Loop Sort"
06:30,49,bus.games.car.out.traffic.parking.jam.escape.puzzle,"バスゲーム・駐車場パズル：Bus Madness"
06:30,50,com.vitastudio.mahjong,"ヴィータ麻雀(Vita Mahjong)"
06:30,51,jp.konami.suikoden.starleap,"幻想水滸伝 STAR LEAP"
06:30,52,com.kayac.slow_mo_strike,"Slow Mo Strike: ナイフ投げアクション"
06:30,53,com.shogunstudios.poikatsukinokonoko,"ポイ活 さがそう！キノコのコ：放置ゲームで簡単ポイント稼ぎ"
06:30,54,com.find.spot.photo.hunt.differences.free.hidden,"間違い探し：違いを探す楽しいパズルゲーム"
06:30,55,com.onyxhook.nekotabi,"ねこ旅 – 放置×収集×ポイ活アプリ"
06:30,56,jigsolitaire.jigsort.jigsaw.solitaire.puzzle,"ジグソートパズル：ソリティアの楽しさを楽しもう"
06:30,57,com.dreamgames.royalmatch,"ロイヤルマッチ Royal Match"
06:30,58,com.playrix.fishdomdd.gplay,"フィッシュダム(Fishdom)"
06:30,59,gridplus.busjam.carpuzzle,"Bus Fever! Car Jam Escape"
06:30,60,com.youmusic.magictiles,"魔法のタイルズ3 - ピアノ曲 & ゲーム"
06:30,61,com.percent.aos.randomdice2,"ランダムダイス2"
06:30,62,jp.pokemon.pokemontcgp,"Pokémon TCG Pocket"
06:30,63,com.furrjam.traffic.jamgame,"FurrJam:Hop In!"
06:30,64,com.supercell.brawlstars,"ブロスタ"
06:30,65,com.infiniplay.merge.fashion.romance.story,"Merge Fashion(マージファッション):マージ"
06:30,66,com.mobirix.ldwm,"スイカ作り2048"
06:30,67,com.kiwifun.game.android.screw.master,"ネジ3Dパズル：ピンを外すゲーム"
06:30,68,com.linecorp.LGTMTM,"LINE：ディズニー ツムツム"
06:30,69,pics.karaage.sokutaiho,"巡回中！即タイホ！"
06:30,70,com.easybrain.sudoku.android,"ナンプレ - ロジックパズルゲーム"
06:30,71,com.nebula.tiles,"タップタイル (Tap Tile)"
06:30,72,block.color.game.jam.blocks.sort.puzzle.games.slide.free,"ブロックカラー・マニア"
06:30,73,game.qualiarts.hololive.dreams.jp,"ホロライブドリームス"
06:30,74,arrow.cube.escape3d,"Arrow Pro 3D"
06:30,75,com.fty.trickmean2game,"トリミン2！-トリッキーミーン2 いじわる脳トレパズルゲーム"
06:30,76,io.voodoo.paper2,"Paper.io 2"
06:30,77,com.leap.searchit,"Search It – 隠しアイテム探し"
06:30,78,net.peakgames.toonblast,"トゥーンブラスト (Toon Blast)"
06:30,79,jp.konami.prospia,"プロ野球スピリッツA"
06:30,80,com.cedargames.mysterytown,"ミステリータウン：マージゲーム (Mystery Town)"
06:30,81,com.fiveminlab.overgeared.hero.backpack.merge,"チート勇者～インベントリ攻略ゲー～RPG"
06:30,82,com.duykanbakay.carconveyortransfer,"Car Sort: Color Puzzle"
06:30,83,bus.loop.traffic.jam.fever.bus.puzzle,"Bus Loop:Jam Master"
06:30,84,daily.number.match.free.puzzle,"デイリーナンバーマッチ"
06:30,85,ball.sort.puzzle.color.sorting.bubble.games,"ボール選別 - 脳を鍛える色分けパズル ゲーム"
06:30,86,com.global.ztmslg,"パズル&サバイバル"
06:30,87,triple.sorting.bubble.fish.match,"Fish Sort Puzzle: パズルゲーム"
06:30,88,jp.co.mixi.monsterstrike,"モンスターストライク"
06:30,89,water.sort.puzzle.game.color.sorting.free,"水選別パズルゲーム - 楽しい色分けパズルゲーム"
06:30,90,com.merge.game.foodstars,"フードスター:マージ & クック"
06:30,91,com.wood.bolt.wordle.screw.nuts.puzzle,"ネジパズル: 脳トレ ウッド パズル - 人気 ネジ ゲーム"
06:30,92,com.hungrystudio.mahjong,"Double Tile! 麻雀タイルマッチパズル"
06:30,93,com.igg.android.doomsdaylastsurvivors,"ドゥームズデイ：オデュッセウスの帰還"
06:30,94,com.gtsy.annoying.punch.game,"Annoying Uncle - パンチゲーム"
06:30,95,com.zm.waterpack,"Get Color Pack: Sort Puzzle"
06:30,96,com.QdanApp.QdanGames,"どこでもパーティーゲーム「どこパ」（ワードウルフオンライン）"
06:30,97,easy.sudoku.puzzle.solver.free,"ナンプレ - 大人気アプリ"
06:30,98,com.vincentb.MobControl,"Mob Control"
06:30,99,com.microdose.balljam,"Marble Sort!"
06:30,100,com.goods.sorting.games.triple.match3d.puzzle,"商品整理ゲーム：3Dパズル"
06:30,101,wool.match.color.sort.jam.puzzle,"毛糸クラッシュ"
06:30,102,com.gamovation.tileclub,"タイルクラブ - マッチングゲーム"
06:30,103,com.bandainamcoent.opbrjp,"ONE PIECE バウンティラッシュ - アクションゲーム"
06:30,104,com.brain.logic.joygame,"Brain Puzzle 2: Logic Twist"
06:30,105,com.phs.global,"ラストアサイラム：プレイグ"
06:30,106,screw.puzzle.match3.brain.puzz,"ネジマッチ: Screw Sort 3D ネジパズル ボルト"
06:30,107,defense.roguelike.cell.shoot.survivor,"セルサバイバー"
06:30,108,com.unicostudio.braintest,"ブレインテスト(Brain Test)：ひっかけパズル"
06:30,109,io.supercent.linkedcubic,"スネーククラッシュ (Snake Clash)"
06:30,110,com.grill.sort.food.sizzle.match.puzzle,"Grill Master：フード仕分けパズル"
06:30,111,puzzle.snakes.puzzle.slithereat.gaming,"Snake Puzzle: Slither to Eat"
06:30,112,com.innersloth.spacemafia,"Among Us"
06:30,113,find.difference.spot.differences.hidden.puzzle.games.free,"間違い探し - 見つけてスポット"
06:30,114,com.merge.cooking.theme.restaurant.food,"マージクッキング テーマレストラン"
06:30,115,pixel.gem.sort.art.puzzle.loop,"Pixel Gem Loop: ドット絵ジュエル"
06:30,116,hidden.object.find.seek.search.mystery.puzzle.games.free,"隠しオブジェクトゲーム：探してみよう"
06:30,117,com.funplus.ts.global,"タイルズ・サバイバル"
06:30,118,com.car.parking.bus.mania.traffic.jam,"Bus Jam：駐車場ゲーム パーキングジャム"
06:30,119,com.fungames.blockcraft,"ブロッククラフト3D (Block Craft)：建設ゲーム"
06:30,120,com.aniplex.fategrandorder,"Fate/Grand Order"
06:30,121,com.nexters.herowars,"ヒーローウォーズ：アライアンス — 放置系ロールプレイング"
06:30,122,jp.co.taito.onlinecrane,"オンクレならタイクレ！おうちでクレーンゲームしよ？"
06:30,123,io.supercent.pizzaidle,"ピザレディー (Pizza Ready)"
06:30,124,com.jewel.sort.coloring.loop.match.paint.jigsaw,"Jewel Loop - Coloring Sort"
06:30,125,solitaire.word.association.connections.puzzle,"ソリティアワード: Solitaire Connection"
06:30,126,com.warrior.screw.gp,"ねじねじパズル"
06:30,127,com.soccer.score.star,"サッカースーパースター(Soccer Superstar)"
06:30,128,com.easybrain.brainy.joygame,"Puzzle Time: Brainy Challenge"
06:30,129,com.hxh.survivor,"HUNTER×HUNTER NEN×SURVIVOR"
06:30,130,com.h8games.littlefarmstory,"リトルファームストーリー"
06:30,131,io.voodoo.holeio,"ホール.io"
06:30,132,com.whoyaho.tanghulu,"フルーツ飴の達人 - ドバイもち、パフェ、ASMR、モッパン"
06:30,133,jp.co.drecom.wizardry.daphne,"Wizardry Variants Daphne"
06:30,134,jp.pokemon.pokemonsleep,"Pokémon Sleep"
06:30,135,com.oakever.tiletrip,"Tile Explorer - トリプルマッチ"
06:30,136,com.greenmushroom.boomblitz.gp,"トップヒーローズ（Top Heroes）"
06:30,137,com.sega.pjsekai,"プロジェクトセカイ カラフルステージ！ feat. 初音ミク"
06:30,138,com.gamespark.topking.gp,"トップロード"
06:30,139,com.arrow.romantic.puzzle.goddess,"Amaze Romantic Goddess"
06:30,140,water.sort.master.colors.games,"Water Sort: Master Colors"
06:30,141,com.mystery.dumplings.asmr.unboxing.squishy,"Mystery Dumpling: Unbox ASMR"
06:30,142,io.supercent.weaponrpg,"XP Hero(ヒーロー)): まずは世界観をのぞいてみて"
06:30,143,com.hottagames.nte,"NTE: Neverness to Everness"
06:30,144,com.rescue.agent,"ヘリコプター・エスケープ"
06:30,145,gs.chaos.candyfest,"Captain Smash"
06:30,146,com.hypervation.goodssort,"Goods Sort Match - パズル"
06:30,147,tokyo.chickenskin.yokai,"妖怪カノジョ：妖怪はキミに恋をする"
06:30,148,com.spheresort.yhk,"ロマンチックな球体ボールソーティング"
06:30,149,com.media720.games2020,"オフラインゲーム 暇つぶし 楽しい ミニパズルボード"
06:30,150,com.hitappsgames.wordsolitaire,"ソリティア：パズルゲーム 脳トレ カードゲーム 暇つぶし連想"
06:30,151,com.pixel.art.coloring.color.number,"Happy Color® – 数字で塗り絵と色ぬりえ"
06:30,152,com.fansipan.epic.stickman.survival.rpg.idle.game,"Epic Stickman: 放置RPG 大戦"
06:30,153,bus.traffic.fever.jam.puzzle.busgo,"Bus Go:Traffic Puzzle"
06:30,154,com.linecorp.LGSBJ22,"LINE：ブロックジャム"
06:30,155,com.mhcljp.xpvsfd,"今生は恋より茶に生きる"
06:30,156,com.awesome.puzzlehexasort,"カラースライドパズル (Color Slide )"
06:30,157,com.paradyme.solarsmash,"Solar Smash"
06:30,158,com.fungames.sniper3d,"Sniper 3D：銃を撃つゲーム"
06:30,159,com.magic.relaxing.water.sort.colorgame.puzzle,"3D Colorful Sort™ 魔法の水"
06:30,160,com.readygo.barrel.gp,"ラストZ：サバイバルシューティング"
06:30,161,com.zigzagame.tokyodebunker,"東京ディバンカー"
06:30,162,com.nebula.blockbloom,"Block Bloom: Color Blast"
06:30,163,com.tgc.sky.android,"Sky 星を紡ぐ子どもたち"
06:30,164,com.JindoBlu.OfflineGames,"オフラインゲーム - 暇つぶし ゲーム - パズルゲーム"
06:30,165,com.bunbunstudio.magicblocktiles,"ぴあのたいる7: 音ゲー . リズムゲーム"
06:30,166,com.robtopx.geometryjumplite,"Geometry Dash Lite"
06:30,167,com.playrix.gardenscapes,"ガーデンスケイプ(Gardenscapes)"
06:30,168,com.topwar.gp,"トップウォー"
06:30,169,jp.co.goodroid.hyper.puzzle.arrows3dcubepuzzle,"CubeAway - 3DPuzzle"
06:30,170,com.pronetis.ironball2,"ゴーイングボールズ (Going Balls)"
06:30,171,com.ew.mahjong,"楽しい麻雀マッチ"
06:30,172,com.justdesserts.global,"マージ・デザート：復讐は蜜の味"
06:30,173,com.nintendo.zaba,"ファイアーエムブレム ヒーローズ - 戦略RPGの金字塔"
06:30,174,com.easybrain.arrow.puzzle.game,"Arrow Puzzle - アローパズルゲーム"
06:30,175,and.brainworks.holeemall,"ホール・エム・オール (Hole Em All)"
06:30,176,com.goods.master3d.triple.puzzle,"Goods Master 3D: 仕分けマスター 収納ゲーム"
06:30,177,com.mahjong.master.solitaire.match.puzzle,"麻雀マスター：デイリーマッチ"
06:30,178,com.hmbl.perfect.makeover.cleaning.asmr,"Perfect Makeover Cleaning ASMR"
06:30,179,com.agavegames.findemall,"Find Em All! - Hidden Objects"
06:30,180,com.fty.thejudge,"確認させてください"
06:30,181,com.moonactive.holestars,"Hole Stars: パズルゲーム"
06:30,182,com.fc.p.cp.jelly.mukbang.asmr.live.diy,"ゼリーマスター：食べるゲーム"
06:30,183,com.pd.vehiclemasters,"ドライブマスター (Vehicle Masters)"
06:30,184,solitaire.patience.card.games.klondike.free,"ソリティアクラシック - 日本、クラシックカードゲーム"
06:30,185,com.dream.tiles.puzzlelink,"Dream Tiles: Puzzle Link​"
06:30,186,com.tt.mainichifarm,"まいにちファーム"
06:30,187,jp.gungho.pad,"パズル＆ドラゴンズ"
06:30,188,com.qookkagames.xczyw.gp.jp,"信長の野望 真戦"
06:30,189,com.eureka.wondercastle.android,"Wonder Castle: Triple Match"
06:30,190,com.square_enix.android_googleplay.dqsgj,"ドラゴンクエストスマッシュグロウ ドラクエローグライトRPG"
06:30,191,com.crossfield.mahjong,"麻雀 闘龍 - 初心者から楽しめる麻雀ゲーム"
06:30,192,com.shogunstudios.poikatsuhakkosusumukun,"ポイ活 発酵！ススムくん：放置ゲームで簡単ポイント稼ぎ"
06:30,193,jp.boi.mementomori.android,"メメントモリ"
06:30,194,com.Desire.Girls.Mahjong.Match.Tile,"Desire Girls: Mahjong Match"
06:30,195,com.arrow.flow.puzzle.escape.brain,"Arrow GO! Arrow Flow Puzzle"
06:30,196,air.jp.globalgear.kechi,"ドケチボーイ -脱出ゲーム"
06:30,197,com.eagle_developers.shukapig,"出荷ぶた-養豚場育成ゲーム！ポイ活可能の放置で癒しの牧場経営"
06:30,198,net.gameduo.dfd,"E.D.E.N：最終防衛線"
06:30,199,com.YoStarJP.MajSoul,"雀魂‐じゃんたま‐"
06:30,200,com.bandainamcoent.idolmaster_gakuen,"学園アイドルマスター"
07:30,1,com.oakever.meowdoku,"Meowdoku"
07:30,2,com.block.juggle,"ブロックブラスト (Block Blast)"
07:30,3,jp.co.goodroid.hyper.busflow,"Bus Traffic Fever!　"
07:30,4,com.grandgames.magicsort,"マジックソート！ (Magic Sort !)"
07:30,5,com.cyphergames.royalsmash,"Royal Smash! - Physics Puzzle"
07:30,6,com.pocket.sort.coin.puzzle.game,"ポケットソート (Pocket Sort)：コインパズル"
07:30,7,com.puzzlegames.puzzlebrickslegend,"カラーブロック：爽快パズル(ColorBlock)"
07:30,8,com.farlightgames.pgame.gp,"モンスターサバイバル"
07:30,9,com.roblox.client,"Roblox (ロブロックス)"
07:30,10,com.brain.crazy.joygame,"Brain Puzzle 3: Crazy Mind"
07:30,11,com.run.tower.defense,"キングショット"
07:30,12,com.xman.jp.gp,"X-Clash"
07:30,13,com.hollywood.merge,"ハリウッドマージ"
07:30,14,com.nebula.zoodoku,"Zoodoku：数独×動物ロジックパズル"
07:30,15,com.fatmerge.global,"グルメ・ジャーニー"
07:30,16,com.mergegames.gossipharbor,"ゴシップハーバー：マージ & ストーリー"
07:30,17,com.oakever.arrows,"Amaze GO! - 矢印 パズル"
07:30,18,com.Chodun.CatGunner,"にゃんこ銃士：放置育成RPG"
07:30,19,jp.co.applibot.chiikawapocket,"ちいかわぽけっと"
07:30,20,sorting.games.goods.sort.triple.match3d.puzzle.stuff,"商品整理ゲーム：3Dパズル"
07:30,21,com.gof.global,"ホワイトアウト・サバイバル"
07:30,22,jigsaw.solitaire.match.games.free,"ジグソードロップ：ソリティアパズル"
07:30,23,com.halfbrick.fruitninjafree,"Fruit Ninja®"
07:30,24,com.ecffri.arrows,"Arrows - パズルエスケープ"
07:30,25,com.unept.leveldevil,"Level Devil - NOT A Troll Game"
07:30,26,com.sorting.games.match3d.goods.triple.puzzle,"Goods Sort 3D：グッズトリプルソートパズルゲーム"
07:30,27,com.ig.screwdom,"Screwdom 3D"
07:30,28,com.fluffydrop.op.gp,"Fluffy Drop"
07:30,29,tokyo.chickenskin.imikowa,"意味怖ストーリー：バッドエンドを回避せよ！"
07:30,30,com.agavegames.findthecat2,"Find The Cat 2 - Spot It!"
07:30,31,com.playrix.township,"タウンシップ (Township)"
07:30,32,color.number.paint.pixle.art.sort.jigsaw,"Jewel Coloring"
07:30,33,com.lighthouse.freeplay.jp,"終焉のヒカリ"
07:30,34,com.nianticlabs.pokemongo,"Pokémon GO"
07:30,35,com.ratinghope.gplay,"終末のタイタン：ラストラッシュ"
07:30,36,water.sort.color.puzzle.offline.games,"Water Sort! カラーロジック"
07:30,37,com.dreamgames.royalkingdom,"ロイヤルキングダム (Royal Kingdom)"
07:30,38,com.bravestars.savethedog.drawgame,"Save The Pets"
07:30,39,beats.color.sing.star.rush,"魔法ピアノタイル9 : ピアノゲーム、おんがくげーむ、音ゲー"
07:30,40,jp.co.ponos.battlecats,"にゃんこ大戦争"
07:30,41,com.epicgames.fortnite,"フォートナイト"
07:30,42,com.wood.block.sudoku.puzzle.bm,"Block Crush: ブロックブラストパズル"
07:30,43,com.shogunstudios.poikatsukinokonoko,"ポイ活 さがそう！キノコのコ：放置ゲームで簡単ポイント稼ぎ"
07:30,44,com.zigzagame.paranoize,"パラノイズ"
07:30,45,jp.pokemon.pokemonchampions,"Pokémon Champions"
07:30,46,com.sled.surfers.game,"Sled Surfers - ズ - 坂冒険"
07:30,47,jp.konami.pesam,"eFootball™"
07:30,48,com.nebula.mahjongtile,"麻雀ブラスト (Mahjong Blast)"
07:30,49,com.Garawell.LoopSort,"Loop Sort"
07:30,50,bus.games.car.out.traffic.parking.jam.escape.puzzle,"バスゲーム・駐車場パズル：Bus Madness"
07:30,51,com.vitastudio.mahjong,"ヴィータ麻雀(Vita Mahjong)"
07:30,52,jp.konami.suikoden.starleap,"幻想水滸伝 STAR LEAP"
07:30,53,com.kayac.slow_mo_strike,"Slow Mo Strike: ナイフ投げアクション"
07:30,54,com.find.spot.photo.hunt.differences.free.hidden,"間違い探し：違いを探す楽しいパズルゲーム"
07:30,55,com.onyxhook.nekotabi,"ねこ旅 – 放置×収集×ポイ活アプリ"
07:30,56,jigsolitaire.jigsort.jigsaw.solitaire.puzzle,"ジグソートパズル：ソリティアの楽しさを楽しもう"
07:30,57,com.dreamgames.royalmatch,"ロイヤルマッチ Royal Match"
07:30,58,com.playrix.fishdomdd.gplay,"フィッシュダム(Fishdom)"
07:30,59,gridplus.busjam.carpuzzle,"Bus Fever! Car Jam Escape"
07:30,60,com.youmusic.magictiles,"魔法のタイルズ3 - ピアノ曲 & ゲーム"
07:30,61,com.percent.aos.randomdice2,"ランダムダイス2"
07:30,62,jp.pokemon.pokemontcgp,"Pokémon TCG Pocket"
07:30,63,com.furrjam.traffic.jamgame,"FurrJam:Hop In!"
07:30,64,com.supercell.brawlstars,"ブロスタ"
07:30,65,com.infiniplay.merge.fashion.romance.story,"Merge Fashion(マージファッション):マージ"
07:30,66,com.mobirix.ldwm,"スイカ作り2048"
07:30,67,com.leap.searchit,"Search It – 隠しアイテム探し"
07:30,68,com.kiwifun.game.android.screw.master,"ネジ3Dパズル：ピンを外すゲーム"
07:30,69,com.linecorp.LGTMTM,"LINE：ディズニー ツムツム"
07:30,70,pics.karaage.sokutaiho,"巡回中！即タイホ！"
07:30,71,com.easybrain.sudoku.android,"ナンプレ - ロジックパズルゲーム"
07:30,72,com.nebula.tiles,"タップタイル (Tap Tile)"
07:30,73,block.color.game.jam.blocks.sort.puzzle.games.slide.free,"ブロックカラー・マニア"
07:30,74,game.qualiarts.hololive.dreams.jp,"ホロライブドリームス"
07:30,75,arrow.cube.escape3d,"Arrow Pro 3D"
07:30,76,com.fty.trickmean2game,"トリミン2！-トリッキーミーン2 いじわる脳トレパズルゲーム"
07:30,77,io.voodoo.paper2,"Paper.io 2"
07:30,78,net.peakgames.toonblast,"トゥーンブラスト (Toon Blast)"
07:30,79,jp.konami.prospia,"プロ野球スピリッツA"
07:30,80,com.cedargames.mysterytown,"ミステリータウン：マージゲーム (Mystery Town)"
07:30,81,com.zm.waterpack,"Get Color Pack: Sort Puzzle"
07:30,82,com.fiveminlab.overgeared.hero.backpack.merge,"チート勇者～インベントリ攻略ゲー～RPG"
07:30,83,com.duykanbakay.carconveyortransfer,"Car Sort: Color Puzzle"
07:30,84,bus.loop.traffic.jam.fever.bus.puzzle,"Bus Loop:Jam Master"
07:30,85,daily.number.match.free.puzzle,"デイリーナンバーマッチ"
07:30,86,ball.sort.puzzle.color.sorting.bubble.games,"ボール選別 - 脳を鍛える色分けパズル ゲーム"
07:30,87,com.global.ztmslg,"パズル&サバイバル"
07:30,88,com.brain.logic.joygame,"Brain Puzzle 2: Logic Twist"
07:30,89,triple.sorting.bubble.fish.match,"Fish Sort Puzzle: パズルゲーム"
07:30,90,jp.co.mixi.monsterstrike,"モンスターストライク"
07:30,91,water.sort.puzzle.game.color.sorting.free,"水選別パズルゲーム - 楽しい色分けパズルゲーム"
07:30,92,com.merge.game.foodstars,"フードスター:マージ & クック"
07:30,93,com.wood.bolt.wordle.screw.nuts.puzzle,"ネジパズル: 脳トレ ウッド パズル - 人気 ネジ ゲーム"
07:30,94,com.hungrystudio.mahjong,"Double Tile! 麻雀タイルマッチパズル"
07:30,95,com.fungames.blockcraft,"ブロッククラフト3D (Block Craft)：建設ゲーム"
07:30,96,com.igg.android.doomsdaylastsurvivors,"ドゥームズデイ：オデュッセウスの帰還"
07:30,97,com.gtsy.annoying.punch.game,"Annoying Uncle - パンチゲーム"
07:30,98,com.QdanApp.QdanGames,"どこでもパーティーゲーム「どこパ」（ワードウルフオンライン）"
07:30,99,easy.sudoku.puzzle.solver.free,"ナンプレ - 大人気アプリ"
07:30,100,io.voodoo.holeio,"ホール.io"
07:30,101,com.vincentb.MobControl,"Mob Control"
07:30,102,com.whoyaho.tanghulu,"フルーツ飴の達人 - ドバイもち、パフェ、ASMR、モッパン"
07:30,103,jp.pokemon.pokemonsleep,"Pokémon Sleep"
07:30,104,com.jewel.sort.coloring.loop.match.paint.jigsaw,"Jewel Loop - Coloring Sort"
07:30,105,com.microdose.balljam,"Marble Sort!"
07:30,106,com.goods.sorting.games.triple.match3d.puzzle,"商品整理ゲーム：3Dパズル"
07:30,107,wool.match.color.sort.jam.puzzle,"毛糸クラッシュ"
07:30,108,com.gamovation.tileclub,"タイルクラブ - マッチングゲーム"
07:30,109,com.bandainamcoent.opbrjp,"ONE PIECE バウンティラッシュ - アクションゲーム"
07:30,110,com.phs.global,"ラストアサイラム：プレイグ"
07:30,111,screw.puzzle.match3.brain.puzz,"ネジマッチ: Screw Sort 3D ネジパズル ボルト"
07:30,112,defense.roguelike.cell.shoot.survivor,"セルサバイバー"
07:30,113,water.sort.master.colors.games,"Water Sort: Master Colors"
07:30,114,com.arrow.romantic.puzzle.goddess,"Amaze Romantic Goddess"
07:30,115,com.unicostudio.braintest,"ブレインテスト(Brain Test)：ひっかけパズル"
07:30,116,io.supercent.linkedcubic,"スネーククラッシュ (Snake Clash)"
07:30,117,tokyo.chickenskin.yokai,"妖怪カノジョ：妖怪はキミに恋をする"
07:30,118,com.grill.sort.food.sizzle.match.puzzle,"Grill Master：フード仕分けパズル"
07:30,119,puzzle.snakes.puzzle.slithereat.gaming,"Snake Puzzle: Slither to Eat"
07:30,120,com.innersloth.spacemafia,"Among Us"
07:30,121,find.difference.spot.differences.hidden.puzzle.games.free,"間違い探し - 見つけてスポット"
07:30,122,com.merge.cooking.theme.restaurant.food,"マージクッキング テーマレストラン"
07:30,123,pixel.gem.sort.art.puzzle.loop,"Pixel Gem Loop: ドット絵ジュエル"
07:30,124,hidden.object.find.seek.search.mystery.puzzle.games.free,"隠しオブジェクトゲーム：探してみよう"
07:30,125,com.funplus.ts.global,"タイルズ・サバイバル"
07:30,126,com.car.parking.bus.mania.traffic.jam,"Bus Jam：駐車場ゲーム パーキングジャム"
07:30,127,com.aniplex.fategrandorder,"Fate/Grand Order"
07:30,128,com.nexters.herowars,"ヒーローウォーズ：アライアンス — 放置系ロールプレイング"
07:30,129,jp.co.taito.onlinecrane,"オンクレならタイクレ！おうちでクレーンゲームしよ？"
07:30,130,io.supercent.pizzaidle,"ピザレディー (Pizza Ready)"
07:30,131,com.robtopx.geometryjumplite,"Geometry Dash Lite"
07:30,132,com.bunbunstudio.magicblocktiles,"ぴあのたいる7: 音ゲー . リズムゲーム"
07:30,133,solitaire.word.association.connections.puzzle,"ソリティアワード: Solitaire Connection"
07:30,134,com.warrior.screw.gp,"ねじねじパズル"
07:30,135,com.soccer.score.star,"サッカースーパースター(Soccer Superstar)"
07:30,136,com.easybrain.brainy.joygame,"Puzzle Time: Brainy Challenge"
07:30,137,com.nebula.blockbloom,"Block Bloom: Color Blast"
07:30,138,com.hxh.survivor,"HUNTER×HUNTER NEN×SURVIVOR"
07:30,139,com.h8games.littlefarmstory,"リトルファームストーリー"
07:30,140,jp.co.drecom.wizardry.daphne,"Wizardry Variants Daphne"
07:30,141,com.oakever.tiletrip,"Tile Explorer - トリプルマッチ"
07:30,142,com.greenmushroom.boomblitz.gp,"トップヒーローズ（Top Heroes）"
07:30,143,com.sega.pjsekai,"プロジェクトセカイ カラフルステージ！ feat. 初音ミク"
07:30,144,com.gamespark.topking.gp,"トップロード"
07:30,145,com.mystery.dumplings.asmr.unboxing.squishy,"Mystery Dumpling: Unbox ASMR"
07:30,146,io.supercent.weaponrpg,"XP Hero(ヒーロー)): まずは世界観をのぞいてみて"
07:30,147,com.hottagames.nte,"NTE: Neverness to Everness"
07:30,148,com.rescue.agent,"ヘリコプター・エスケープ"
07:30,149,gs.chaos.candyfest,"Captain Smash"
07:30,150,com.hypervation.goodssort,"Goods Sort Match - パズル"
07:30,151,com.spheresort.yhk,"ロマンチックな球体ボールソーティング"
07:30,152,com.media720.games2020,"オフラインゲーム 暇つぶし 楽しい ミニパズルボード"
07:30,153,com.hitappsgames.wordsolitaire,"ソリティア：パズルゲーム 脳トレ カードゲーム 暇つぶし連想"
07:30,154,com.pixel.art.coloring.color.number,"Happy Color® – 数字で塗り絵と色ぬりえ"
07:30,155,com.fty.thejudge,"確認させてください"
07:30,156,com.fansipan.epic.stickman.survival.rpg.idle.game,"Epic Stickman: 放置RPG 大戦"
07:30,157,com.crossfield.mahjong,"麻雀 闘龍 - 初心者から楽しめる麻雀ゲーム"
07:30,158,air.jp.globalgear.kechi,"ドケチボーイ -脱出ゲーム"
07:30,159,bus.traffic.fever.jam.puzzle.busgo,"Bus Go:Traffic Puzzle"
07:30,160,com.tt.mainichifarm,"まいにちファーム"
07:30,161,com.linecorp.LGSBJ22,"LINE：ブロックジャム"
07:30,162,com.mhcljp.xpvsfd,"今生は恋より茶に生きる"
07:30,163,com.awesome.puzzlehexasort,"カラースライドパズル (Color Slide )"
07:30,164,com.paradyme.solarsmash,"Solar Smash"
07:30,165,com.fungames.sniper3d,"Sniper 3D：銃を撃つゲーム"
07:30,166,com.magic.relaxing.water.sort.colorgame.puzzle,"3D Colorful Sort™ 魔法の水"
07:30,167,com.readygo.barrel.gp,"ラストZ：サバイバルシューティング"
07:30,168,com.zigzagame.tokyodebunker,"東京ディバンカー"
07:30,169,com.tgc.sky.android,"Sky 星を紡ぐ子どもたち"
07:30,170,com.JindoBlu.OfflineGames,"オフラインゲーム - 暇つぶし ゲーム - パズルゲーム"
07:30,171,com.playrix.gardenscapes,"ガーデンスケイプ(Gardenscapes)"
07:30,172,com.topwar.gp,"トップウォー"
07:30,173,jp.co.goodroid.hyper.puzzle.arrows3dcubepuzzle,"CubeAway - 3DPuzzle"
07:30,174,com.pronetis.ironball2,"ゴーイングボールズ (Going Balls)"
07:30,175,com.rush.xtreme.sports,"ラッシュ：エクストリーム (RUSH: Xtreme)"
07:30,176,com.justdesserts.global,"マージ・デザート：復讐は蜜の味"
07:30,177,com.nintendo.zaba,"ファイアーエムブレム ヒーローズ - 戦略RPGの金字塔"
07:30,178,com.easybrain.arrow.puzzle.game,"Arrow Puzzle - アローパズルゲーム"
07:30,179,and.brainworks.holeemall,"ホール・エム・オール (Hole Em All)"
07:30,180,com.goods.master3d.triple.puzzle,"Goods Master 3D: 仕分けマスター 収納ゲーム"
07:30,181,com.mahjong.master.solitaire.match.puzzle,"麻雀マスター：デイリーマッチ"
07:30,182,com.hmbl.perfect.makeover.cleaning.asmr,"Perfect Makeover Cleaning ASMR"
07:30,183,com.agavegames.findemall,"Find Em All! - Hidden Objects"
07:30,184,com.moonactive.holestars,"Hole Stars: パズルゲーム"
07:30,185,com.fc.p.cp.jelly.mukbang.asmr.live.diy,"ゼリーマスター：食べるゲーム"
07:30,186,com.pd.vehiclemasters,"ドライブマスター (Vehicle Masters)"
07:30,187,solitaire.patience.card.games.klondike.free,"ソリティアクラシック - 日本、クラシックカードゲーム"
07:30,188,com.mxdzz.jp.and,"キノコ伝説：勇者と魔法のランプ"
07:30,189,com.dream.tiles.puzzlelink,"Dream Tiles: Puzzle Link​"
07:30,190,jp.gungho.pad,"パズル＆ドラゴンズ"
07:30,191,com.qookkagames.xczyw.gp.jp,"信長の野望 真戦"
07:30,192,com.ew.mahjong,"楽しい麻雀マッチ"
07:30,193,com.ocean.block.shoot,"Ocean Block Shoot"
07:30,194,com.eureka.wondercastle.android,"Wonder Castle: Triple Match"
07:30,195,com.square_enix.android_googleplay.dqsgj,"ドラゴンクエストスマッシュグロウ ドラクエローグライトRPG"
07:30,196,com.shogunstudios.poikatsuhakkosusumukun,"ポイ活 発酵！ススムくん：放置ゲームで簡単ポイント稼ぎ"
07:30,197,jp.boi.mementomori.android,"メメントモリ"
07:30,198,com.Desire.Girls.Mahjong.Match.Tile,"Desire Girls: Mahjong Match"
07:30,199,com.arrow.flow.puzzle.escape.brain,"Arrow GO! Arrow Flow Puzzle"
07:30,200,com.eagle_developers.shukapig,"出荷ぶた-養豚場育成ゲーム！ポイ活可能の放置で癒しの牧場経営"
