time,rank,id,title
00:00,1,com.scopely.monopolygo,"MONOPOLY GO!"
00:00,2,com.roblox.client,"Roblox"
00:00,3,com.king.candycrushsaga,"Candy Crush Saga"
00:00,4,com.run.tower.defense,"Kingshot"
00:00,5,com.dreamgames.royalmatch,"Royal Match"
00:00,6,com.mergegames.gossipharbor,"Gossip Harbor: Merge & Story"
00:00,7,com.gof.global,"Whiteout Survival"
00:00,8,com.playrix.township,"Township"
00:00,9,com.fun.lastwar.gp,"Last War:Survival Game"
00:00,10,com.dreamgames.royalkingdom,"Royal Kingdom"
00:00,11,com.moonactive.coinmaster,"Coin Master"
00:00,12,com.nianticlabs.pokemongo,"Pokémon GO"
00:00,13,com.topgamesinc.evony,"Evony: The King's Return"
00:00,14,com.readygo.barrel.gp,"Last Z: Survival Shooter"
00:00,15,com.totalbattle,"Total Battle: War Strategy"
00:00,16,net.peakgames.toonblast,"Toon Blast"
00:00,17,com.activision.callofduty.shooter,"Call of Duty®: Mobile"
00:00,18,com.williamsinteractive.jackpotparty,"Jackpot Party Casino Slots"
00:00,19,com.zjcs.android.us,"Sword x Staff"
00:00,20,com.phs.global,"Last Asylum: Plague"
00:00,21,com.playrix.gardenscapes,"Gardenscapes"
00:00,22,net.peakgames.match,"Match Factory!"
00:00,23,com.productmadness.cashmancasino,"Cashman Casino Slots Games"
00:00,24,com.playrix.fishdomdd.gplay,"Fishdom"
00:00,25,com.productmadness.lightninglink,"Lightning Link Casino Slots"
00:00,26,air.com.buffalo_studios.newflashbingo,"Bingo Blitz™️ - Bingo Games"
00:00,27,com.king.candycrushsodasaga,"Candy Crush Soda Saga"
00:00,28,com.dts.freefireth,"Free Fire: 9th Anniversary"
00:00,29,com.fatmerge.global,"Tasty Travels: Merge Game"
00:00,30,com.superplaystudios.disneysolitairedreams,"Disney Solitaire"
00:00,31,com.loomgames.pixelflow,"Pixel Flow!"
00:00,32,com.playrix.homescapes,"Homescapes"
00:00,33,com.diamondlife.slots.vegas.free,"Lotsa Slots - Casino Games"
00:00,34,com.combo.yarnflow,"Yarn Loop"
00:00,35,com.readygo.dark.gp,"Dark War Survival"
00:00,36,com.superplaystudios.dicedreams,"Dice Dreams™️"
00:00,37,com.tencent.ig,"PUBG MOBILE"
00:00,38,com.supercell.clashofclans,"Clash of Clans"
00:00,39,com.homagames.studio.allinhole,"All in Hole: Black Hole Games"
00:00,40,slots.pcg.casino.games.free.android,"Cash Frenzy™ - Casino Slots"
00:00,41,com.merge.cooking.theme.restaurant.food,"Merge Cooking®"
00:00,42,com.cola.game,"Flambé®: Merge & Cook"
00:00,43,com.ballytechnologies.quickhitslots,"Quick Hit Casino Slots Games"
00:00,44,jp.pokemon.pokemontcgp,"Pokémon TCG Pocket - Card Game"
00:00,45,com.productmadness.hovmobile,"Slots: Heart of Vegas Casino"
00:00,46,com.bingo.cruise.free.best.top.game,"Bingo Voyage - Live Bingo Game"
00:00,47,com.global.pnck,"Puzzles & Chaos: Frozen Castle"
00:00,48,com.global.ztmslg,"Puzzles & Survival"
00:00,49,com.cedargames.mysterytown,"Mystery Town: Merge Games"
00:00,50,com.farlightgames.pgame.gp,"Clash of Critters"
00:00,51,net.supertreat.solitaire,"Solitaire Grand Harvest"
00:00,52,io.randomco.travel,"Travel Town - Merge Adventure"
00:00,53,com.supercell.brawlstars,"Brawl Stars"
00:00,54,com.joycastle.mergematch,"Matching Story - Puzzle Games"
00:00,55,com.moonactive.cmboard,"Coin Master - Board Adventure"
00:00,56,com.playdemic.golf.android,"Golf Clash - Golfing Simulator"
00:00,57,com.newai.ooc,"OOC: The Playable Anime"
00:00,58,com.wizards.mtga,"Magic: The Gathering Arena"
00:00,59,com.ea.gp.fifamobile,"EA SPORTS FC Soccer Mobile 26"
00:00,60,com.plarium.raidlegends,"RAID: Shadow Legends"
00:00,61,com.mojang.minecraftpe,"Minecraft: Dream it, Build it!"
00:00,62,net.wooga.junes_journey_hidden_object_mystery_game,"June's Journey: Hidden Objects"
00:00,63,com.everywear.game5,"Merge Mansion: Puzzles & Story"
00:00,64,com.grandgames.magicsort,"Magic Sort!"
00:00,65,com.olleyo.piggy.king.free,"Piggy Kingdom"
00:00,66,com.aniplex.fategrandorder.en,"Fate/Grand Order (English)"
00:00,67,com.grandegames.slots.dafu.casino,"Jackpot World™ - Slots Casino"
00:00,68,com.foxnextgames.m3,"MARVEL Strike Force: Squad RPG"
00:00,69,com.moonactive.holestars,"Hole Stars: Puzzle Game"
00:00,70,com.online.huntingsniper,"Hunting Sniper"
00:00,71,air.com.playtika.slotomania,"Slotomania™ Slots Casino Games"
00:00,72,net.peakgames.amy,"Toy Blast"
00:00,73,com.supercell.clashroyale,"Clash Royale"
00:00,74,com.cooking.bingo.ldkwh,"Bingo Frenzy™-Live Bingo Games"
00:00,75,com.bandainamcoent.dblegends_ww,"DRAGON BALL LEGENDS"
00:00,76,com.gramgames.mergedragons,"Merge Dragons!"
00:00,77,com.playtika.wsop.gp,"WSOP Poker: Texas Holdem Game"
00:00,78,com.cygames.umamusume,"Umamusume: Pretty Derby"
00:00,79,jp.konami.pesam,"eFootball™"
00:00,80,game.qualiarts.hololive.dreams.com,"hololive Dreams"
00:00,81,com.ea.game.starwarscapital_row,"Star Wars™: Galaxy of Heroes"
00:00,82,com.gsn.android.tripeaks,"Tiki Solitaire TriPeaks"
00:00,83,com.unicornstudio.cashparty.slots.casino.vegas.free,"Cash Club Casino - Vegas Slots"
00:00,84,com.scopely.yux,"Yahtzee® With Buddies Dice Fun"
00:00,85,com.microdose.balljam,"Marble Sort! - Color Puzzle"
00:00,86,com.jmsgame.jackpotmastercasino,"Jackpot Master™ Slots - Casino"
00:00,87,com.proximabeta.nikke,"GODDESS OF VICTORY: NIKKE"
00:00,88,com.selfawaregames.acecasino,"Big Fish Casino - Slots Games"
00:00,89,com.lilithgame.roc.gp,"Rise of Kingdoms: Lost Crusade"
00:00,90,com.rovio.baba,"Angry Birds 2"
00:00,91,com.hitappsgames.wordsolitaire,"Solitaire Associations Journey"
00:00,92,com.playstudios.popslots,"POP! Slots™"
00:00,93,com.HoYoverse.hkrpgoversea,"Honkai: Star Rail"
00:00,94,com.smallgiantgames.empires,"Empires & Puzzles: Match-3 RPG"
00:00,95,com.bgg.jump,"Project Makeover"
00:00,96,com.funfizz.palmon.gp,"Palmon: Survival"
00:00,97,com.gamedots.seasideescape,"Seaside Escape®: Merge & Story"
00:00,98,com.snowprintstudios.tacticus,"Warhammer 40,000: Tacticus ™"
00:00,99,com.xman.na.gp,"X-Clash"
00:00,100,com.GybeGames.ColorBlockJam,"Color Block Jam"
00:00,101,com.funtomic.matchmasters,"Match Masters"
00:00,102,com.ddi,"DoubleDown Casino Vegas Slots"
00:00,103,com.rotatelab.cubeblast,"Cube Land Puzzle Game"
00:00,104,com.dts.freefiremax,"Free Fire MAX"
00:00,105,com.screenshake.dominodreams,"Domino Dreams™"
00:00,106,com.HoYoverse.Nap,"Zenless Zone Zero - Anniv."
00:00,107,com.wb.goog.hotd.socialstrategy,"Game of Thrones: Dragonfire"
00:00,108,com.williamsinteractive.goldfish,"Gold Fish Casino Slot Games"
00:00,109,com.goodjobgames.matchvillains,"Match Villains"
00:00,110,com.topultragame.slotlasvega,"Cash Tornado™ Slots - Casino"
00:00,111,com.yottagames.gameofmafia,"The Grand Mafia"
00:00,112,com.camelgames.aoz,"Age of Origins"
00:00,113,com.slg.policewar,"Police Chief"
00:00,114,com.scientificgames.monopolyslots,"MONOPOLY Slots - Casino Games"
00:00,115,com.huuuge.casino.slots,"Huuuge Casino 777 Slots Games"
00:00,116,com.gtarcade.ioe.global,"Infinity Kingdom"
00:00,117,com.scopely.startrek,"Star Trek Fleet Command"
00:00,118,com.hollywood.merge,"Hollywood Merge"
00:00,119,com.epicoro.castleclashers,"Castle Busters"
00:00,120,com.ig.screwdom,"Screwdom 3D"
00:00,121,com.doubleugames.DoubleUCasino,"DoubleU Casino™ - Vegas Slots"
00:00,122,com.master.triple3d.find,"Triple Match 3D"
00:00,123,com.nexters.herowars,"Hero Wars: Alliance RPG Legend"
00:00,124,com.im30.ROE.gp,"Rise of Castles: Ice and Fire"
00:00,125,com.pixonic.wwr,"War Robots Multiplayer Battles"
00:00,126,com.mattel163.phase10,"Phase 10: Casual Card Game"
00:00,127,com.supercell.hayday,"Hay Day"
00:00,128,com.a3.topgirl.gplay,"Top Girl"
00:00,129,com.king.farmheroessaga,"Farm Heroes Saga"
00:00,130,com.crowdstar.covetHome,"Design Home™: House Makeover"
00:00,131,com.productmadness.fafafagold,"Mighty Fu Casino Slots Games"
00:00,132,com.vincentb.MobControl,"Mob Control"
00:00,133,com.funplus.ts.global,"Tiles Survive!"
00:00,134,com.miniclip.eightballpool,"8 Ball Pool"
00:00,135,com.goodville.goodgame,"Goodville: Farm Game Adventure"
00:00,136,com.rc.cityCleaner,"Triple Match City"
00:00,137,jp.konami.masterduel,"Yu-Gi-Oh! Master Duel"
00:00,138,com.sports.real.golf.rival.online,"Golf Rival - Multiplayer Game"
00:00,139,com.devsisters.cc,"CookieRun: Crumble - Idle RPG"
00:00,140,com.ballytechnologies.f88,"88 Fortunes™ Casino Slot Games"
00:00,141,com.iskslowtest.mislen,"Isekai:Slow Life"
00:00,142,com.TechTreeGames.TheTower,"The Tower - Idle Tower Defense"
00:00,143,com.checkbox.minershminer,"Idle Obelisk Miner"
00:00,144,com.ubisoft.invincible.guardians.globe.idle.superhero.rpg.battle.afk,"Invincible: Guarding the Globe"
00:00,145,com.innplaylabs.animalkingdomraid,"Animals & Coins Adventure Game"
00:00,146,com.zynga.wizardofoz,"Wizard of Oz Slots Games"
00:00,147,com.bagelcode.slots1,"Club Vegas Casino Slots Games"
00:00,148,com.chess,"Chess - Play and Learn Online"
00:00,149,com.mobile.legends.usa,"Mobile Legends: Bang Bang.US"
00:00,150,com.camelgames.superking,"War and Order"
00:00,151,com.farlightgames.igame.gp,"AFK Journey"
00:00,152,com.justgame.jails,"Lands of Jail"
00:00,153,com.orcas.panthia.island.fairyscapes,"Panthia®: Magic & Merge Game"
00:00,154,com.bigfishgames.jackpotcityslotsf2pgoogle,"Jackpot Magic - Casino Slots"
00:00,155,com.nintendo.zaba,"Fire Emblem Heroes"
00:00,156,com.com2us.smon.normal.freefull.google.kr.android.common,"Summoners War X Frieren"
00:00,157,com.mrtgd2us.google,"Duck Survival"
00:00,158,com.kabam.marvelbattle,"Marvel Contest of Champions"
00:00,159,com.nytimes.crossword,"NYT Games: Wordle & Crossword"
00:00,160,com.miHoYo.GenshinImpact,"Genshin Impact"
00:00,161,com.vm3.global,"Truck Star"
00:00,162,com.igg.android.lordsmobile,"Lords Mobile x Transformers"
00:00,163,com.games.foundation,"Foundation: Galactic Frontier"
00:00,164,com.Chillgaming.oneState,"OneState RP - Role Play Life"
00:00,165,com.spark.sp.gp,"Narco Empire"
00:00,166,com.diandian.gog,"Guns of Glory: Lost Island"
00:00,167,jp.co.goodroid.hyper.busflow,"Bus Traffic Fever!"
00:00,168,com.Sunborn.SnqxExilium.Glo,"GIRLS' FRONTLINE 2: EXILIUM"
00:00,169,com.bandainamcogames.dbzdokkanww,"DRAGON BALL Z DOKKAN BATTLE"
00:00,170,air.com.bitrhymes.bingo,"Bingo Bash: Live Bingo Games"
00:00,171,com.vizorapps.klondike,"Klondike Adventures: Farm Game"
00:00,172,com.zynga.gotslots,"Game of Thrones Slots Casino"
00:00,173,com.tile.match.blockpuzzle,"Tile Family®:Match Puzzle Game"
00:00,174,com.funplus.kingofavalon,"Frost & Flame: King of Avalon"
00:00,175,com.playtika.caesarscasino,"Caesars Slots: Casino Games"
00:00,176,com.MelsoftGames.FamilyIslandFarm,"Family Island™ — Farming game"
00:00,177,com.abi.colony.flow,"Colony Flow!"
00:00,178,com.nexon.ma,"MapleStory : Idle RPG"
00:00,179,com.blizzard.diablo.immortal,"Diablo Immortal"
00:00,180,com.duykanbakay.carconveyortransfer,"Car Sort: Color Puzzle"
00:00,181,com.sivona.stormshot.e,"Stormshot: Isle of Adventure"
00:00,182,com.tocaboca.tocalifeworld,"Toca Boca World"
00:00,183,com.merge.game.foodstars,"Foodstars: Merge & Cook"
00:00,184,adventure.party.real.life,"Sunday City: Life RolePlay"
00:00,185,com.kingsgroup.sos,"State of Survival: Zombie War"
00:00,186,com.igg.android.doomsdaylastsurvivors,"Doomsday: Odysseus Returns"
00:00,187,com.gryphline.endfield.gp,"Arknights: Endfield"
00:00,188,com.pockethaven.roguelegend,"Rogue Legend - Roguelike RPG"
00:00,189,com.monopoly.dream.idle.king,"Top Tycoon: Coin Theme Empire"
00:00,190,com.Garawell.LoopSort,"Loop Sort"
00:00,191,com.fiveminlab.overgeared.hero.backpack.merge,"Overgeared Hero: Merge RPG"
00:00,192,net.peakgames.mobile.spades.android,"Spades Plus - Card Game"
00:00,193,com.cyphergames.royalsmash,"Royal Smash! - Physics Puzzle"
00:00,194,com.ea.gp.maddennfl21mobile,"Madden NFL 27 Mobile Football"
00:00,195,com.devsisters.ck,"CookieRun: Kingdom"
00:00,196,com.kurogame.wutheringwaves.global,"Wuthering Waves - To Xuanfang"
00:00,197,com.zynga.hititrich,"Hit it Rich! Casino Slots Game"
00:00,198,com.nvsgames.snap,"MARVEL SNAP: Hero Strategy CCG"
00:00,199,com.topwar.gp,"Top War: Battle Game"
00:00,200,com.hariwn.legendofcivilizations,"Forge Master"
01:00,1,com.scopely.monopolygo,"MONOPOLY GO!"
01:00,2,com.roblox.client,"Roblox"
01:00,3,com.king.candycrushsaga,"Candy Crush Saga"
01:00,4,com.run.tower.defense,"Kingshot"
01:00,5,com.dreamgames.royalmatch,"Royal Match"
01:00,6,com.mergegames.gossipharbor,"Gossip Harbor: Merge & Story"
01:00,7,com.gof.global,"Whiteout Survival"
01:00,8,com.playrix.township,"Township"
01:00,9,com.fun.lastwar.gp,"Last War:Survival Game"
01:00,10,com.dreamgames.royalkingdom,"Royal Kingdom"
01:00,11,com.moonactive.coinmaster,"Coin Master"
01:00,12,com.nianticlabs.pokemongo,"Pokémon GO"
01:00,13,com.topgamesinc.evony,"Evony: The King's Return"
01:00,14,com.readygo.barrel.gp,"Last Z: Survival Shooter"
01:00,15,com.totalbattle,"Total Battle: War Strategy"
01:00,16,net.peakgames.toonblast,"Toon Blast"
01:00,17,com.activision.callofduty.shooter,"Call of Duty®: Mobile"
01:00,18,com.williamsinteractive.jackpotparty,"Jackpot Party Casino Slots"
01:00,19,com.zjcs.android.us,"Sword x Staff"
01:00,20,com.phs.global,"Last Asylum: Plague"
01:00,21,com.playrix.gardenscapes,"Gardenscapes"
01:00,22,net.peakgames.match,"Match Factory!"
01:00,23,com.productmadness.cashmancasino,"Cashman Casino Slots Games"
01:00,24,com.playrix.fishdomdd.gplay,"Fishdom"
01:00,25,com.productmadness.lightninglink,"Lightning Link Casino Slots"
01:00,26,air.com.buffalo_studios.newflashbingo,"Bingo Blitz™️ - Bingo Games"
01:00,27,com.king.candycrushsodasaga,"Candy Crush Soda Saga"
01:00,28,com.dts.freefireth,"Free Fire: 9th Anniversary"
01:00,29,com.fatmerge.global,"Tasty Travels: Merge Game"
01:00,30,com.superplaystudios.disneysolitairedreams,"Disney Solitaire"
01:00,31,com.loomgames.pixelflow,"Pixel Flow!"
01:00,32,com.playrix.homescapes,"Homescapes"
01:00,33,com.diamondlife.slots.vegas.free,"Lotsa Slots - Casino Games"
01:00,34,com.combo.yarnflow,"Yarn Loop"
01:00,35,com.readygo.dark.gp,"Dark War Survival"
01:00,36,com.superplaystudios.dicedreams,"Dice Dreams™️"
01:00,37,com.tencent.ig,"PUBG MOBILE"
01:00,38,com.supercell.clashofclans,"Clash of Clans"
01:00,39,com.homagames.studio.allinhole,"All in Hole: Black Hole Games"
01:00,40,slots.pcg.casino.games.free.android,"Cash Frenzy™ - Casino Slots"
01:00,41,com.merge.cooking.theme.restaurant.food,"Merge Cooking®"
01:00,42,com.cola.game,"Flambé®: Merge & Cook"
01:00,43,com.ballytechnologies.quickhitslots,"Quick Hit Casino Slots Games"
01:00,44,jp.pokemon.pokemontcgp,"Pokémon TCG Pocket - Card Game"
01:00,45,com.productmadness.hovmobile,"Slots: Heart of Vegas Casino"
01:00,46,com.bingo.cruise.free.best.top.game,"Bingo Voyage - Live Bingo Game"
01:00,47,com.global.pnck,"Puzzles & Chaos: Frozen Castle"
01:00,48,com.global.ztmslg,"Puzzles & Survival"
01:00,49,com.cedargames.mysterytown,"Mystery Town: Merge Games"
01:00,50,com.farlightgames.pgame.gp,"Clash of Critters"
01:00,51,net.supertreat.solitaire,"Solitaire Grand Harvest"
01:00,52,io.randomco.travel,"Travel Town - Merge Adventure"
01:00,53,com.supercell.brawlstars,"Brawl Stars"
01:00,54,com.joycastle.mergematch,"Matching Story - Puzzle Games"
01:00,55,com.moonactive.cmboard,"Coin Master - Board Adventure"
01:00,56,com.playdemic.golf.android,"Golf Clash - Golfing Simulator"
01:00,57,com.newai.ooc,"OOC: The Playable Anime"
01:00,58,com.wizards.mtga,"Magic: The Gathering Arena"
01:00,59,com.ea.gp.fifamobile,"EA SPORTS FC Soccer Mobile 26"
01:00,60,com.plarium.raidlegends,"RAID: Shadow Legends"
01:00,61,com.mojang.minecraftpe,"Minecraft: Dream it, Build it!"
01:00,62,net.wooga.junes_journey_hidden_object_mystery_game,"June's Journey: Hidden Objects"
01:00,63,com.everywear.game5,"Merge Mansion: Puzzles & Story"
01:00,64,com.grandgames.magicsort,"Magic Sort!"
01:00,65,com.olleyo.piggy.king.free,"Piggy Kingdom"
01:00,66,com.aniplex.fategrandorder.en,"Fate/Grand Order (English)"
01:00,67,com.grandegames.slots.dafu.casino,"Jackpot World™ - Slots Casino"
01:00,68,com.foxnextgames.m3,"MARVEL Strike Force: Squad RPG"
01:00,69,com.moonactive.holestars,"Hole Stars: Puzzle Game"
01:00,70,com.online.huntingsniper,"Hunting Sniper"
01:00,71,air.com.playtika.slotomania,"Slotomania™ Slots Casino Games"
01:00,72,net.peakgames.amy,"Toy Blast"
01:00,73,com.supercell.clashroyale,"Clash Royale"
01:00,74,com.cooking.bingo.ldkwh,"Bingo Frenzy™-Live Bingo Games"
01:00,75,com.bandainamcoent.dblegends_ww,"DRAGON BALL LEGENDS"
01:00,76,com.gramgames.mergedragons,"Merge Dragons!"
01:00,77,com.playtika.wsop.gp,"WSOP Poker: Texas Holdem Game"
01:00,78,com.cygames.umamusume,"Umamusume: Pretty Derby"
01:00,79,jp.konami.pesam,"eFootball™"
01:00,80,game.qualiarts.hololive.dreams.com,"hololive Dreams"
01:00,81,com.ea.game.starwarscapital_row,"Star Wars™: Galaxy of Heroes"
01:00,82,com.gsn.android.tripeaks,"Tiki Solitaire TriPeaks"
01:00,83,com.unicornstudio.cashparty.slots.casino.vegas.free,"Cash Club Casino - Vegas Slots"
01:00,84,com.scopely.yux,"Yahtzee® With Buddies Dice Fun"
01:00,85,com.microdose.balljam,"Marble Sort! - Color Puzzle"
01:00,86,com.jmsgame.jackpotmastercasino,"Jackpot Master™ Slots - Casino"
01:00,87,com.proximabeta.nikke,"GODDESS OF VICTORY: NIKKE"
01:00,88,com.selfawaregames.acecasino,"Big Fish Casino - Slots Games"
01:00,89,com.lilithgame.roc.gp,"Rise of Kingdoms: Lost Crusade"
01:00,90,com.rovio.baba,"Angry Birds 2"
01:00,91,com.hitappsgames.wordsolitaire,"Solitaire Associations Journey"
01:00,92,com.playstudios.popslots,"POP! Slots™"
01:00,93,com.HoYoverse.hkrpgoversea,"Honkai: Star Rail"
01:00,94,com.smallgiantgames.empires,"Empires & Puzzles: Match-3 RPG"
01:00,95,com.bgg.jump,"Project Makeover"
01:00,96,com.funfizz.palmon.gp,"Palmon: Survival"
01:00,97,com.gamedots.seasideescape,"Seaside Escape®: Merge & Story"
01:00,98,com.snowprintstudios.tacticus,"Warhammer 40,000: Tacticus ™"
01:00,99,com.xman.na.gp,"X-Clash"
01:00,100,com.GybeGames.ColorBlockJam,"Color Block Jam"
01:00,101,com.funtomic.matchmasters,"Match Masters"
01:00,102,com.ddi,"DoubleDown Casino Vegas Slots"
01:00,103,com.rotatelab.cubeblast,"Cube Land Puzzle Game"
01:00,104,com.dts.freefiremax,"Free Fire MAX"
01:00,105,com.screenshake.dominodreams,"Domino Dreams™"
01:00,106,com.HoYoverse.Nap,"Zenless Zone Zero - Anniv."
01:00,107,com.wb.goog.hotd.socialstrategy,"Game of Thrones: Dragonfire"
01:00,108,com.williamsinteractive.goldfish,"Gold Fish Casino Slot Games"
01:00,109,com.goodjobgames.matchvillains,"Match Villains"
01:00,110,com.topultragame.slotlasvega,"Cash Tornado™ Slots - Casino"
01:00,111,com.yottagames.gameofmafia,"The Grand Mafia"
01:00,112,com.camelgames.aoz,"Age of Origins"
01:00,113,com.slg.policewar,"Police Chief"
01:00,114,com.scientificgames.monopolyslots,"MONOPOLY Slots - Casino Games"
01:00,115,com.huuuge.casino.slots,"Huuuge Casino 777 Slots Games"
01:00,116,com.gtarcade.ioe.global,"Infinity Kingdom"
01:00,117,com.scopely.startrek,"Star Trek Fleet Command"
01:00,118,com.hollywood.merge,"Hollywood Merge"
01:00,119,com.epicoro.castleclashers,"Castle Busters"
01:00,120,com.ig.screwdom,"Screwdom 3D"
01:00,121,com.doubleugames.DoubleUCasino,"DoubleU Casino™ - Vegas Slots"
01:00,122,com.master.triple3d.find,"Triple Match 3D"
01:00,123,com.nexters.herowars,"Hero Wars: Alliance RPG Legend"
01:00,124,com.im30.ROE.gp,"Rise of Castles: Ice and Fire"
01:00,125,com.pixonic.wwr,"War Robots Multiplayer Battles"
01:00,126,com.mattel163.phase10,"Phase 10: Casual Card Game"
01:00,127,com.supercell.hayday,"Hay Day"
01:00,128,com.a3.topgirl.gplay,"Top Girl"
01:00,129,com.king.farmheroessaga,"Farm Heroes Saga"
01:00,130,com.crowdstar.covetHome,"Design Home™: House Makeover"
01:00,131,com.productmadness.fafafagold,"Mighty Fu Casino Slots Games"
01:00,132,com.vincentb.MobControl,"Mob Control"
01:00,133,com.funplus.ts.global,"Tiles Survive!"
01:00,134,com.miniclip.eightballpool,"8 Ball Pool"
01:00,135,com.goodville.goodgame,"Goodville: Farm Game Adventure"
01:00,136,com.rc.cityCleaner,"Triple Match City"
01:00,137,jp.konami.masterduel,"Yu-Gi-Oh! Master Duel"
01:00,138,com.sports.real.golf.rival.online,"Golf Rival - Multiplayer Game"
01:00,139,com.devsisters.cc,"CookieRun: Crumble - Idle RPG"
01:00,140,com.ballytechnologies.f88,"88 Fortunes™ Casino Slot Games"
01:00,141,com.iskslowtest.mislen,"Isekai:Slow Life"
01:00,142,com.TechTreeGames.TheTower,"The Tower - Idle Tower Defense"
01:00,143,com.checkbox.minershminer,"Idle Obelisk Miner"
01:00,144,com.ubisoft.invincible.guardians.globe.idle.superhero.rpg.battle.afk,"Invincible: Guarding the Globe"
01:00,145,com.innplaylabs.animalkingdomraid,"Animals & Coins Adventure Game"
01:00,146,com.zynga.wizardofoz,"Wizard of Oz Slots Games"
01:00,147,com.bagelcode.slots1,"Club Vegas Casino Slots Games"
01:00,148,com.chess,"Chess - Play and Learn Online"
01:00,149,com.mobile.legends.usa,"Mobile Legends: Bang Bang.US"
01:00,150,com.camelgames.superking,"War and Order"
01:00,151,com.farlightgames.igame.gp,"AFK Journey"
01:00,152,com.justgame.jails,"Lands of Jail"
01:00,153,com.orcas.panthia.island.fairyscapes,"Panthia®: Magic & Merge Game"
01:00,154,com.bigfishgames.jackpotcityslotsf2pgoogle,"Jackpot Magic - Casino Slots"
01:00,155,com.nintendo.zaba,"Fire Emblem Heroes"
01:00,156,com.com2us.smon.normal.freefull.google.kr.android.common,"Summoners War X Frieren"
01:00,157,com.mrtgd2us.google,"Duck Survival"
01:00,158,com.kabam.marvelbattle,"Marvel Contest of Champions"
01:00,159,com.nytimes.crossword,"NYT Games: Wordle & Crossword"
01:00,160,com.miHoYo.GenshinImpact,"Genshin Impact"
01:00,161,com.vm3.global,"Truck Star"
01:00,162,com.igg.android.lordsmobile,"Lords Mobile x Transformers"
01:00,163,com.games.foundation,"Foundation: Galactic Frontier"
01:00,164,com.Chillgaming.oneState,"OneState RP - Role Play Life"
01:00,165,com.spark.sp.gp,"Narco Empire"
01:00,166,com.diandian.gog,"Guns of Glory: Lost Island"
01:00,167,jp.co.goodroid.hyper.busflow,"Bus Traffic Fever!"
01:00,168,com.Sunborn.SnqxExilium.Glo,"GIRLS' FRONTLINE 2: EXILIUM"
01:00,169,com.bandainamcogames.dbzdokkanww,"DRAGON BALL Z DOKKAN BATTLE"
01:00,170,air.com.bitrhymes.bingo,"Bingo Bash: Live Bingo Games"
01:00,171,com.vizorapps.klondike,"Klondike Adventures: Farm Game"
01:00,172,com.zynga.gotslots,"Game of Thrones Slots Casino"
01:00,173,com.tile.match.blockpuzzle,"Tile Family®:Match Puzzle Game"
01:00,174,com.funplus.kingofavalon,"Frost & Flame: King of Avalon"
01:00,175,com.playtika.caesarscasino,"Caesars Slots: Casino Games"
01:00,176,com.MelsoftGames.FamilyIslandFarm,"Family Island™ — Farming game"
01:00,177,com.abi.colony.flow,"Colony Flow!"
01:00,178,com.nexon.ma,"MapleStory : Idle RPG"
01:00,179,com.blizzard.diablo.immortal,"Diablo Immortal"
01:00,180,com.duykanbakay.carconveyortransfer,"Car Sort: Color Puzzle"
01:00,181,com.sivona.stormshot.e,"Stormshot: Isle of Adventure"
01:00,182,com.tocaboca.tocalifeworld,"Toca Boca World"
01:00,183,com.merge.game.foodstars,"Foodstars: Merge & Cook"
01:00,184,adventure.party.real.life,"Sunday City: Life RolePlay"
01:00,185,com.kingsgroup.sos,"State of Survival: Zombie War"
01:00,186,com.igg.android.doomsdaylastsurvivors,"Doomsday: Odysseus Returns"
01:00,187,com.gryphline.endfield.gp,"Arknights: Endfield"
01:00,188,com.pockethaven.roguelegend,"Rogue Legend - Roguelike RPG"
01:00,189,com.monopoly.dream.idle.king,"Top Tycoon: Coin Theme Empire"
01:00,190,com.Garawell.LoopSort,"Loop Sort"
01:00,191,com.fiveminlab.overgeared.hero.backpack.merge,"Overgeared Hero: Merge RPG"
01:00,192,net.peakgames.mobile.spades.android,"Spades Plus - Card Game"
01:00,193,com.cyphergames.royalsmash,"Royal Smash! - Physics Puzzle"
01:00,194,com.ea.gp.maddennfl21mobile,"Madden NFL 27 Mobile Football"
01:00,195,com.devsisters.ck,"CookieRun: Kingdom"
01:00,196,com.kurogame.wutheringwaves.global,"Wuthering Waves - To Xuanfang"
01:00,197,com.zynga.hititrich,"Hit it Rich! Casino Slots Game"
01:00,198,com.nvsgames.snap,"MARVEL SNAP: Hero Strategy CCG"
01:00,199,com.topwar.gp,"Top War: Battle Game"
01:00,200,com.hariwn.legendofcivilizations,"Forge Master"
02:00,1,com.scopely.monopolygo,"MONOPOLY GO!"
02:00,2,com.roblox.client,"Roblox"
02:00,3,com.king.candycrushsaga,"Candy Crush Saga"
02:00,4,com.run.tower.defense,"Kingshot"
02:00,5,com.dreamgames.royalmatch,"Royal Match"
02:00,6,com.mergegames.gossipharbor,"Gossip Harbor: Merge & Story"
02:00,7,com.gof.global,"Whiteout Survival"
02:00,8,com.playrix.township,"Township"
02:00,9,com.fun.lastwar.gp,"Last War:Survival Game"
02:00,10,com.dreamgames.royalkingdom,"Royal Kingdom"
02:00,11,com.moonactive.coinmaster,"Coin Master"
02:00,12,com.nianticlabs.pokemongo,"Pokémon GO"
02:00,13,com.topgamesinc.evony,"Evony: The King's Return"
02:00,14,com.readygo.barrel.gp,"Last Z: Survival Shooter"
02:00,15,com.totalbattle,"Total Battle: War Strategy"
02:00,16,net.peakgames.toonblast,"Toon Blast"
02:00,17,com.activision.callofduty.shooter,"Call of Duty®: Mobile"
02:00,18,com.williamsinteractive.jackpotparty,"Jackpot Party Casino Slots"
02:00,19,com.zjcs.android.us,"Sword x Staff"
02:00,20,com.phs.global,"Last Asylum: Plague"
02:00,21,com.playrix.gardenscapes,"Gardenscapes"
02:00,22,net.peakgames.match,"Match Factory!"
02:00,23,com.productmadness.cashmancasino,"Cashman Casino Slots Games"
02:00,24,com.playrix.fishdomdd.gplay,"Fishdom"
02:00,25,com.productmadness.lightninglink,"Lightning Link Casino Slots"
02:00,26,air.com.buffalo_studios.newflashbingo,"Bingo Blitz™️ - Bingo Games"
02:00,27,com.king.candycrushsodasaga,"Candy Crush Soda Saga"
02:00,28,com.dts.freefireth,"Free Fire: 9th Anniversary"
02:00,29,com.fatmerge.global,"Tasty Travels: Merge Game"
02:00,30,com.superplaystudios.disneysolitairedreams,"Disney Solitaire"
02:00,31,com.loomgames.pixelflow,"Pixel Flow!"
02:00,32,com.playrix.homescapes,"Homescapes"
02:00,33,com.diamondlife.slots.vegas.free,"Lotsa Slots - Casino Games"
02:00,34,com.combo.yarnflow,"Yarn Loop"
02:00,35,com.readygo.dark.gp,"Dark War Survival"
02:00,36,com.superplaystudios.dicedreams,"Dice Dreams™️"
02:00,37,com.tencent.ig,"PUBG MOBILE"
02:00,38,com.supercell.clashofclans,"Clash of Clans"
02:00,39,com.homagames.studio.allinhole,"All in Hole: Black Hole Games"
02:00,40,slots.pcg.casino.games.free.android,"Cash Frenzy™ - Casino Slots"
02:00,41,com.merge.cooking.theme.restaurant.food,"Merge Cooking®"
02:00,42,com.cola.game,"Flambé®: Merge & Cook"
02:00,43,com.ballytechnologies.quickhitslots,"Quick Hit Casino Slots Games"
02:00,44,jp.pokemon.pokemontcgp,"Pokémon TCG Pocket - Card Game"
02:00,45,com.productmadness.hovmobile,"Slots: Heart of Vegas Casino"
02:00,46,com.bingo.cruise.free.best.top.game,"Bingo Voyage - Live Bingo Game"
02:00,47,com.global.pnck,"Puzzles & Chaos: Frozen Castle"
02:00,48,com.global.ztmslg,"Puzzles & Survival"
02:00,49,com.cedargames.mysterytown,"Mystery Town: Merge Games"
02:00,50,com.farlightgames.pgame.gp,"Clash of Critters"
02:00,51,net.supertreat.solitaire,"Solitaire Grand Harvest"
02:00,52,io.randomco.travel,"Travel Town - Merge Adventure"
02:00,53,com.supercell.brawlstars,"Brawl Stars"
02:00,54,com.joycastle.mergematch,"Matching Story - Puzzle Games"
02:00,55,com.moonactive.cmboard,"Coin Master - Board Adventure"
02:00,56,com.playdemic.golf.android,"Golf Clash - Golfing Simulator"
02:00,57,com.newai.ooc,"OOC: The Playable Anime"
02:00,58,com.wizards.mtga,"Magic: The Gathering Arena"
02:00,59,com.ea.gp.fifamobile,"EA SPORTS FC Soccer Mobile 26"
02:00,60,com.plarium.raidlegends,"RAID: Shadow Legends"
02:00,61,com.mojang.minecraftpe,"Minecraft: Dream it, Build it!"
02:00,62,net.wooga.junes_journey_hidden_object_mystery_game,"June's Journey: Hidden Objects"
02:00,63,com.everywear.game5,"Merge Mansion: Puzzles & Story"
02:00,64,com.grandgames.magicsort,"Magic Sort!"
02:00,65,com.olleyo.piggy.king.free,"Piggy Kingdom"
02:00,66,com.aniplex.fategrandorder.en,"Fate/Grand Order (English)"
02:00,67,com.grandegames.slots.dafu.casino,"Jackpot World™ - Slots Casino"
02:00,68,com.foxnextgames.m3,"MARVEL Strike Force: Squad RPG"
02:00,69,com.moonactive.holestars,"Hole Stars: Puzzle Game"
02:00,70,com.online.huntingsniper,"Hunting Sniper"
02:00,71,air.com.playtika.slotomania,"Slotomania™ Slots Casino Games"
02:00,72,net.peakgames.amy,"Toy Blast"
02:00,73,com.supercell.clashroyale,"Clash Royale"
02:00,74,com.cooking.bingo.ldkwh,"Bingo Frenzy™-Live Bingo Games"
02:00,75,com.bandainamcoent.dblegends_ww,"DRAGON BALL LEGENDS"
02:00,76,com.gramgames.mergedragons,"Merge Dragons!"
02:00,77,com.playtika.wsop.gp,"WSOP Poker: Texas Holdem Game"
02:00,78,com.cygames.umamusume,"Umamusume: Pretty Derby"
02:00,79,jp.konami.pesam,"eFootball™"
02:00,80,game.qualiarts.hololive.dreams.com,"hololive Dreams"
02:00,81,com.ea.game.starwarscapital_row,"Star Wars™: Galaxy of Heroes"
02:00,82,com.gsn.android.tripeaks,"Tiki Solitaire TriPeaks"
02:00,83,com.unicornstudio.cashparty.slots.casino.vegas.free,"Cash Club Casino - Vegas Slots"
02:00,84,com.scopely.yux,"Yahtzee® With Buddies Dice Fun"
02:00,85,com.microdose.balljam,"Marble Sort! - Color Puzzle"
02:00,86,com.jmsgame.jackpotmastercasino,"Jackpot Master™ Slots - Casino"
02:00,87,com.proximabeta.nikke,"GODDESS OF VICTORY: NIKKE"
02:00,88,com.selfawaregames.acecasino,"Big Fish Casino - Slots Games"
02:00,89,com.lilithgame.roc.gp,"Rise of Kingdoms: Lost Crusade"
02:00,90,com.rovio.baba,"Angry Birds 2"
02:00,91,com.hitappsgames.wordsolitaire,"Solitaire Associations Journey"
02:00,92,com.playstudios.popslots,"POP! Slots™"
02:00,93,com.HoYoverse.hkrpgoversea,"Honkai: Star Rail"
02:00,94,com.smallgiantgames.empires,"Empires & Puzzles: Match-3 RPG"
02:00,95,com.bgg.jump,"Project Makeover"
02:00,96,com.funfizz.palmon.gp,"Palmon: Survival"
02:00,97,com.gamedots.seasideescape,"Seaside Escape®: Merge & Story"
02:00,98,com.snowprintstudios.tacticus,"Warhammer 40,000: Tacticus ™"
02:00,99,com.xman.na.gp,"X-Clash"
02:00,100,com.GybeGames.ColorBlockJam,"Color Block Jam"
02:00,101,com.funtomic.matchmasters,"Match Masters"
02:00,102,com.ddi,"DoubleDown Casino Vegas Slots"
02:00,103,com.rotatelab.cubeblast,"Cube Land Puzzle Game"
02:00,104,com.dts.freefiremax,"Free Fire MAX"
02:00,105,com.screenshake.dominodreams,"Domino Dreams™"
02:00,106,com.HoYoverse.Nap,"Zenless Zone Zero - Anniv."
02:00,107,com.wb.goog.hotd.socialstrategy,"Game of Thrones: Dragonfire"
02:00,108,com.williamsinteractive.goldfish,"Gold Fish Casino Slot Games"
02:00,109,com.goodjobgames.matchvillains,"Match Villains"
02:00,110,com.topultragame.slotlasvega,"Cash Tornado™ Slots - Casino"
02:00,111,com.yottagames.gameofmafia,"The Grand Mafia"
02:00,112,com.camelgames.aoz,"Age of Origins"
02:00,113,com.slg.policewar,"Police Chief"
02:00,114,com.scientificgames.monopolyslots,"MONOPOLY Slots - Casino Games"
02:00,115,com.huuuge.casino.slots,"Huuuge Casino 777 Slots Games"
02:00,116,com.gtarcade.ioe.global,"Infinity Kingdom"
02:00,117,com.scopely.startrek,"Star Trek Fleet Command"
02:00,118,com.hollywood.merge,"Hollywood Merge"
02:00,119,com.epicoro.castleclashers,"Castle Busters"
02:00,120,com.ig.screwdom,"Screwdom 3D"
02:00,121,com.doubleugames.DoubleUCasino,"DoubleU Casino™ - Vegas Slots"
02:00,122,com.master.triple3d.find,"Triple Match 3D"
02:00,123,com.nexters.herowars,"Hero Wars: Alliance RPG Legend"
02:00,124,com.im30.ROE.gp,"Rise of Castles: Ice and Fire"
02:00,125,com.pixonic.wwr,"War Robots Multiplayer Battles"
02:00,126,com.mattel163.phase10,"Phase 10: Casual Card Game"
02:00,127,com.supercell.hayday,"Hay Day"
02:00,128,com.a3.topgirl.gplay,"Top Girl"
02:00,129,com.king.farmheroessaga,"Farm Heroes Saga"
02:00,130,com.crowdstar.covetHome,"Design Home™: House Makeover"
02:00,131,com.productmadness.fafafagold,"Mighty Fu Casino Slots Games"
02:00,132,com.vincentb.MobControl,"Mob Control"
02:00,133,com.funplus.ts.global,"Tiles Survive!"
02:00,134,com.miniclip.eightballpool,"8 Ball Pool"
02:00,135,com.goodville.goodgame,"Goodville: Farm Game Adventure"
02:00,136,com.rc.cityCleaner,"Triple Match City"
02:00,137,jp.konami.masterduel,"Yu-Gi-Oh! Master Duel"
02:00,138,com.sports.real.golf.rival.online,"Golf Rival - Multiplayer Game"
02:00,139,com.devsisters.cc,"CookieRun: Crumble - Idle RPG"
02:00,140,com.ballytechnologies.f88,"88 Fortunes™ Casino Slot Games"
02:00,141,com.iskslowtest.mislen,"Isekai:Slow Life"
02:00,142,com.TechTreeGames.TheTower,"The Tower - Idle Tower Defense"
02:00,143,com.checkbox.minershminer,"Idle Obelisk Miner"
02:00,144,com.ubisoft.invincible.guardians.globe.idle.superhero.rpg.battle.afk,"Invincible: Guarding the Globe"
02:00,145,com.innplaylabs.animalkingdomraid,"Animals & Coins Adventure Game"
02:00,146,com.zynga.wizardofoz,"Wizard of Oz Slots Games"
02:00,147,com.bagelcode.slots1,"Club Vegas Casino Slots Games"
02:00,148,com.chess,"Chess - Play and Learn Online"
02:00,149,com.mobile.legends.usa,"Mobile Legends: Bang Bang.US"
02:00,150,com.camelgames.superking,"War and Order"
02:00,151,com.farlightgames.igame.gp,"AFK Journey"
02:00,152,com.justgame.jails,"Lands of Jail"
02:00,153,com.orcas.panthia.island.fairyscapes,"Panthia®: Magic & Merge Game"
02:00,154,com.bigfishgames.jackpotcityslotsf2pgoogle,"Jackpot Magic - Casino Slots"
02:00,155,com.nintendo.zaba,"Fire Emblem Heroes"
02:00,156,com.com2us.smon.normal.freefull.google.kr.android.common,"Summoners War X Frieren"
02:00,157,com.mrtgd2us.google,"Duck Survival"
02:00,158,com.kabam.marvelbattle,"Marvel Contest of Champions"
02:00,159,com.nytimes.crossword,"NYT Games: Wordle & Crossword"
02:00,160,com.miHoYo.GenshinImpact,"Genshin Impact"
02:00,161,com.vm3.global,"Truck Star"
02:00,162,com.igg.android.lordsmobile,"Lords Mobile x Transformers"
02:00,163,com.games.foundation,"Foundation: Galactic Frontier"
02:00,164,com.Chillgaming.oneState,"OneState RP - Role Play Life"
02:00,165,com.spark.sp.gp,"Narco Empire"
02:00,166,com.diandian.gog,"Guns of Glory: Lost Island"
02:00,167,jp.co.goodroid.hyper.busflow,"Bus Traffic Fever!"
02:00,168,com.Sunborn.SnqxExilium.Glo,"GIRLS' FRONTLINE 2: EXILIUM"
02:00,169,com.bandainamcogames.dbzdokkanww,"DRAGON BALL Z DOKKAN BATTLE"
02:00,170,air.com.bitrhymes.bingo,"Bingo Bash: Live Bingo Games"
02:00,171,com.vizorapps.klondike,"Klondike Adventures: Farm Game"
02:00,172,com.zynga.gotslots,"Game of Thrones Slots Casino"
02:00,173,com.tile.match.blockpuzzle,"Tile Family®:Match Puzzle Game"
02:00,174,com.funplus.kingofavalon,"Frost & Flame: King of Avalon"
02:00,175,com.playtika.caesarscasino,"Caesars Slots: Casino Games"
02:00,176,com.MelsoftGames.FamilyIslandFarm,"Family Island™ — Farming game"
02:00,177,com.abi.colony.flow,"Colony Flow!"
02:00,178,com.nexon.ma,"MapleStory : Idle RPG"
02:00,179,com.blizzard.diablo.immortal,"Diablo Immortal"
02:00,180,com.duykanbakay.carconveyortransfer,"Car Sort: Color Puzzle"
02:00,181,com.sivona.stormshot.e,"Stormshot: Isle of Adventure"
02:00,182,com.tocaboca.tocalifeworld,"Toca Boca World"
02:00,183,com.merge.game.foodstars,"Foodstars: Merge & Cook"
02:00,184,adventure.party.real.life,"Sunday City: Life RolePlay"
02:00,185,com.kingsgroup.sos,"State of Survival: Zombie War"
02:00,186,com.igg.android.doomsdaylastsurvivors,"Doomsday: Odysseus Returns"
02:00,187,com.gryphline.endfield.gp,"Arknights: Endfield"
02:00,188,com.pockethaven.roguelegend,"Rogue Legend - Roguelike RPG"
02:00,189,com.monopoly.dream.idle.king,"Top Tycoon: Coin Theme Empire"
02:00,190,com.Garawell.LoopSort,"Loop Sort"
02:00,191,com.fiveminlab.overgeared.hero.backpack.merge,"Overgeared Hero: Merge RPG"
02:00,192,net.peakgames.mobile.spades.android,"Spades Plus - Card Game"
02:00,193,com.cyphergames.royalsmash,"Royal Smash! - Physics Puzzle"
02:00,194,com.ea.gp.maddennfl21mobile,"Madden NFL 27 Mobile Football"
02:00,195,com.devsisters.ck,"CookieRun: Kingdom"
02:00,196,com.kurogame.wutheringwaves.global,"Wuthering Waves - To Xuanfang"
02:00,197,com.zynga.hititrich,"Hit it Rich! Casino Slots Game"
02:00,198,com.nvsgames.snap,"MARVEL SNAP: Hero Strategy CCG"
02:00,199,com.topwar.gp,"Top War: Battle Game"
02:00,200,com.hariwn.legendofcivilizations,"Forge Master"
03:00,1,com.scopely.monopolygo,"MONOPOLY GO!"
03:00,2,com.roblox.client,"Roblox"
03:00,3,com.king.candycrushsaga,"Candy Crush Saga"
03:00,4,com.run.tower.defense,"Kingshot"
03:00,5,com.dreamgames.royalmatch,"Royal Match"
03:00,6,com.mergegames.gossipharbor,"Gossip Harbor: Merge & Story"
03:00,7,com.gof.global,"Whiteout Survival"
03:00,8,com.playrix.township,"Township"
03:00,9,com.fun.lastwar.gp,"Last War:Survival Game"
03:00,10,com.dreamgames.royalkingdom,"Royal Kingdom"
03:00,11,com.moonactive.coinmaster,"Coin Master"
03:00,12,com.nianticlabs.pokemongo,"Pokémon GO"
03:00,13,com.topgamesinc.evony,"Evony: The King's Return"
03:00,14,com.readygo.barrel.gp,"Last Z: Survival Shooter"
03:00,15,com.totalbattle,"Total Battle: War Strategy"
03:00,16,net.peakgames.toonblast,"Toon Blast"
03:00,17,com.activision.callofduty.shooter,"Call of Duty®: Mobile"
03:00,18,com.williamsinteractive.jackpotparty,"Jackpot Party Casino Slots"
03:00,19,com.zjcs.android.us,"Sword x Staff"
03:00,20,com.phs.global,"Last Asylum: Plague"
03:00,21,com.playrix.gardenscapes,"Gardenscapes"
03:00,22,net.peakgames.match,"Match Factory!"
03:00,23,com.productmadness.cashmancasino,"Cashman Casino Slots Games"
03:00,24,com.playrix.fishdomdd.gplay,"Fishdom"
03:00,25,com.productmadness.lightninglink,"Lightning Link Casino Slots"
03:00,26,air.com.buffalo_studios.newflashbingo,"Bingo Blitz™️ - Bingo Games"
03:00,27,com.king.candycrushsodasaga,"Candy Crush Soda Saga"
03:00,28,com.dts.freefireth,"Free Fire: 9th Anniversary"
03:00,29,com.fatmerge.global,"Tasty Travels: Merge Game"
03:00,30,com.superplaystudios.disneysolitairedreams,"Disney Solitaire"
03:00,31,com.loomgames.pixelflow,"Pixel Flow!"
03:00,32,com.playrix.homescapes,"Homescapes"
03:00,33,com.diamondlife.slots.vegas.free,"Lotsa Slots - Casino Games"
03:00,34,com.combo.yarnflow,"Yarn Loop"
03:00,35,com.readygo.dark.gp,"Dark War Survival"
03:00,36,com.superplaystudios.dicedreams,"Dice Dreams™️"
03:00,37,com.tencent.ig,"PUBG MOBILE"
03:00,38,com.supercell.clashofclans,"Clash of Clans"
03:00,39,com.homagames.studio.allinhole,"All in Hole: Black Hole Games"
03:00,40,slots.pcg.casino.games.free.android,"Cash Frenzy™ - Casino Slots"
03:00,41,com.merge.cooking.theme.restaurant.food,"Merge Cooking®"
03:00,42,com.cola.game,"Flambé®: Merge & Cook"
03:00,43,com.ballytechnologies.quickhitslots,"Quick Hit Casino Slots Games"
03:00,44,jp.pokemon.pokemontcgp,"Pokémon TCG Pocket - Card Game"
03:00,45,com.productmadness.hovmobile,"Slots: Heart of Vegas Casino"
03:00,46,com.bingo.cruise.free.best.top.game,"Bingo Voyage - Live Bingo Game"
03:00,47,com.global.pnck,"Puzzles & Chaos: Frozen Castle"
03:00,48,com.global.ztmslg,"Puzzles & Survival"
03:00,49,com.cedargames.mysterytown,"Mystery Town: Merge Games"
03:00,50,com.farlightgames.pgame.gp,"Clash of Critters"
03:00,51,net.supertreat.solitaire,"Solitaire Grand Harvest"
03:00,52,io.randomco.travel,"Travel Town - Merge Adventure"
03:00,53,com.supercell.brawlstars,"Brawl Stars"
03:00,54,com.joycastle.mergematch,"Matching Story - Puzzle Games"
03:00,55,com.moonactive.cmboard,"Coin Master - Board Adventure"
03:00,56,com.playdemic.golf.android,"Golf Clash - Golfing Simulator"
03:00,57,com.newai.ooc,"OOC: The Playable Anime"
03:00,58,com.wizards.mtga,"Magic: The Gathering Arena"
03:00,59,com.ea.gp.fifamobile,"EA SPORTS FC Soccer Mobile 26"
03:00,60,com.plarium.raidlegends,"RAID: Shadow Legends"
03:00,61,com.mojang.minecraftpe,"Minecraft: Dream it, Build it!"
03:00,62,net.wooga.junes_journey_hidden_object_mystery_game,"June's Journey: Hidden Objects"
03:00,63,com.everywear.game5,"Merge Mansion: Puzzles & Story"
03:00,64,com.grandgames.magicsort,"Magic Sort!"
03:00,65,com.olleyo.piggy.king.free,"Piggy Kingdom"
03:00,66,com.aniplex.fategrandorder.en,"Fate/Grand Order (English)"
03:00,67,com.grandegames.slots.dafu.casino,"Jackpot World™ - Slots Casino"
03:00,68,com.foxnextgames.m3,"MARVEL Strike Force: Squad RPG"
03:00,69,com.moonactive.holestars,"Hole Stars: Puzzle Game"
03:00,70,com.online.huntingsniper,"Hunting Sniper"
03:00,71,air.com.playtika.slotomania,"Slotomania™ Slots Casino Games"
03:00,72,net.peakgames.amy,"Toy Blast"
03:00,73,com.supercell.clashroyale,"Clash Royale"
03:00,74,com.cooking.bingo.ldkwh,"Bingo Frenzy™-Live Bingo Games"
03:00,75,com.bandainamcoent.dblegends_ww,"DRAGON BALL LEGENDS"
03:00,76,com.gramgames.mergedragons,"Merge Dragons!"
03:00,77,com.playtika.wsop.gp,"WSOP Poker: Texas Holdem Game"
03:00,78,com.cygames.umamusume,"Umamusume: Pretty Derby"
03:00,79,jp.konami.pesam,"eFootball™"
03:00,80,game.qualiarts.hololive.dreams.com,"hololive Dreams"
03:00,81,com.ea.game.starwarscapital_row,"Star Wars™: Galaxy of Heroes"
03:00,82,com.gsn.android.tripeaks,"Tiki Solitaire TriPeaks"
03:00,83,com.unicornstudio.cashparty.slots.casino.vegas.free,"Cash Club Casino - Vegas Slots"
03:00,84,com.scopely.yux,"Yahtzee® With Buddies Dice Fun"
03:00,85,com.microdose.balljam,"Marble Sort! - Color Puzzle"
03:00,86,com.jmsgame.jackpotmastercasino,"Jackpot Master™ Slots - Casino"
03:00,87,com.proximabeta.nikke,"GODDESS OF VICTORY: NIKKE"
03:00,88,com.selfawaregames.acecasino,"Big Fish Casino - Slots Games"
03:00,89,com.lilithgame.roc.gp,"Rise of Kingdoms: Lost Crusade"
03:00,90,com.rovio.baba,"Angry Birds 2"
03:00,91,com.hitappsgames.wordsolitaire,"Solitaire Associations Journey"
03:00,92,com.playstudios.popslots,"POP! Slots™"
03:00,93,com.HoYoverse.hkrpgoversea,"Honkai: Star Rail"
03:00,94,com.smallgiantgames.empires,"Empires & Puzzles: Match-3 RPG"
03:00,95,com.bgg.jump,"Project Makeover"
03:00,96,com.funfizz.palmon.gp,"Palmon: Survival"
03:00,97,com.gamedots.seasideescape,"Seaside Escape®: Merge & Story"
03:00,98,com.snowprintstudios.tacticus,"Warhammer 40,000: Tacticus ™"
03:00,99,com.xman.na.gp,"X-Clash"
03:00,100,com.GybeGames.ColorBlockJam,"Color Block Jam"
03:00,101,com.funtomic.matchmasters,"Match Masters"
03:00,102,com.ddi,"DoubleDown Casino Vegas Slots"
03:00,103,com.rotatelab.cubeblast,"Cube Land Puzzle Game"
03:00,104,com.dts.freefiremax,"Free Fire MAX"
03:00,105,com.screenshake.dominodreams,"Domino Dreams™"
03:00,106,com.HoYoverse.Nap,"Zenless Zone Zero - Anniv."
03:00,107,com.wb.goog.hotd.socialstrategy,"Game of Thrones: Dragonfire"
03:00,108,com.williamsinteractive.goldfish,"Gold Fish Casino Slot Games"
03:00,109,com.goodjobgames.matchvillains,"Match Villains"
03:00,110,com.topultragame.slotlasvega,"Cash Tornado™ Slots - Casino"
03:00,111,com.yottagames.gameofmafia,"The Grand Mafia"
03:00,112,com.camelgames.aoz,"Age of Origins"
03:00,113,com.slg.policewar,"Police Chief"
03:00,114,com.scientificgames.monopolyslots,"MONOPOLY Slots - Casino Games"
03:00,115,com.huuuge.casino.slots,"Huuuge Casino 777 Slots Games"
03:00,116,com.gtarcade.ioe.global,"Infinity Kingdom"
03:00,117,com.scopely.startrek,"Star Trek Fleet Command"
03:00,118,com.hollywood.merge,"Hollywood Merge"
03:00,119,com.epicoro.castleclashers,"Castle Busters"
03:00,120,com.ig.screwdom,"Screwdom 3D"
03:00,121,com.doubleugames.DoubleUCasino,"DoubleU Casino™ - Vegas Slots"
03:00,122,com.master.triple3d.find,"Triple Match 3D"
03:00,123,com.nexters.herowars,"Hero Wars: Alliance RPG Legend"
03:00,124,com.im30.ROE.gp,"Rise of Castles: Ice and Fire"
03:00,125,com.pixonic.wwr,"War Robots Multiplayer Battles"
03:00,126,com.mattel163.phase10,"Phase 10: Casual Card Game"
03:00,127,com.supercell.hayday,"Hay Day"
03:00,128,com.a3.topgirl.gplay,"Top Girl"
03:00,129,com.king.farmheroessaga,"Farm Heroes Saga"
03:00,130,com.crowdstar.covetHome,"Design Home™: House Makeover"
03:00,131,com.productmadness.fafafagold,"Mighty Fu Casino Slots Games"
03:00,132,com.vincentb.MobControl,"Mob Control"
03:00,133,com.funplus.ts.global,"Tiles Survive!"
03:00,134,com.miniclip.eightballpool,"8 Ball Pool"
03:00,135,com.goodville.goodgame,"Goodville: Farm Game Adventure"
03:00,136,com.rc.cityCleaner,"Triple Match City"
03:00,137,jp.konami.masterduel,"Yu-Gi-Oh! Master Duel"
03:00,138,com.sports.real.golf.rival.online,"Golf Rival - Multiplayer Game"
03:00,139,com.devsisters.cc,"CookieRun: Crumble - Idle RPG"
03:00,140,com.ballytechnologies.f88,"88 Fortunes™ Casino Slot Games"
03:00,141,com.iskslowtest.mislen,"Isekai:Slow Life"
03:00,142,com.TechTreeGames.TheTower,"The Tower - Idle Tower Defense"
03:00,143,com.checkbox.minershminer,"Idle Obelisk Miner"
03:00,144,com.ubisoft.invincible.guardians.globe.idle.superhero.rpg.battle.afk,"Invincible: Guarding the Globe"
03:00,145,com.innplaylabs.animalkingdomraid,"Animals & Coins Adventure Game"
03:00,146,com.zynga.wizardofoz,"Wizard of Oz Slots Games"
03:00,147,com.bagelcode.slots1,"Club Vegas Casino Slots Games"
03:00,148,com.chess,"Chess - Play and Learn Online"
03:00,149,com.mobile.legends.usa,"Mobile Legends: Bang Bang.US"
03:00,150,com.camelgames.superking,"War and Order"
03:00,151,com.farlightgames.igame.gp,"AFK Journey"
03:00,152,com.justgame.jails,"Lands of Jail"
03:00,153,com.orcas.panthia.island.fairyscapes,"Panthia®: Magic & Merge Game"
03:00,154,com.bigfishgames.jackpotcityslotsf2pgoogle,"Jackpot Magic - Casino Slots"
03:00,155,com.nintendo.zaba,"Fire Emblem Heroes"
03:00,156,com.com2us.smon.normal.freefull.google.kr.android.common,"Summoners War X Frieren"
03:00,157,com.mrtgd2us.google,"Duck Survival"
03:00,158,com.kabam.marvelbattle,"Marvel Contest of Champions"
03:00,159,com.nytimes.crossword,"NYT Games: Wordle & Crossword"
03:00,160,com.miHoYo.GenshinImpact,"Genshin Impact"
03:00,161,com.vm3.global,"Truck Star"
03:00,162,com.igg.android.lordsmobile,"Lords Mobile x Transformers"
03:00,163,com.games.foundation,"Foundation: Galactic Frontier"
03:00,164,com.Chillgaming.oneState,"OneState RP - Role Play Life"
03:00,165,com.spark.sp.gp,"Narco Empire"
03:00,166,com.diandian.gog,"Guns of Glory: Lost Island"
03:00,167,jp.co.goodroid.hyper.busflow,"Bus Traffic Fever!"
03:00,168,com.Sunborn.SnqxExilium.Glo,"GIRLS' FRONTLINE 2: EXILIUM"
03:00,169,com.bandainamcogames.dbzdokkanww,"DRAGON BALL Z DOKKAN BATTLE"
03:00,170,air.com.bitrhymes.bingo,"Bingo Bash: Live Bingo Games"
03:00,171,com.vizorapps.klondike,"Klondike Adventures: Farm Game"
03:00,172,com.zynga.gotslots,"Game of Thrones Slots Casino"
03:00,173,com.tile.match.blockpuzzle,"Tile Family®:Match Puzzle Game"
03:00,174,com.funplus.kingofavalon,"Frost & Flame: King of Avalon"
03:00,175,com.playtika.caesarscasino,"Caesars Slots: Casino Games"
03:00,176,com.MelsoftGames.FamilyIslandFarm,"Family Island™ — Farming game"
03:00,177,com.abi.colony.flow,"Colony Flow!"
03:00,178,com.nexon.ma,"MapleStory : Idle RPG"
03:00,179,com.blizzard.diablo.immortal,"Diablo Immortal"
03:00,180,com.duykanbakay.carconveyortransfer,"Car Sort: Color Puzzle"
03:00,181,com.sivona.stormshot.e,"Stormshot: Isle of Adventure"
03:00,182,com.tocaboca.tocalifeworld,"Toca Boca World"
03:00,183,com.merge.game.foodstars,"Foodstars: Merge & Cook"
03:00,184,adventure.party.real.life,"Sunday City: Life RolePlay"
03:00,185,com.kingsgroup.sos,"State of Survival: Zombie War"
03:00,186,com.igg.android.doomsdaylastsurvivors,"Doomsday: Odysseus Returns"
03:00,187,com.gryphline.endfield.gp,"Arknights: Endfield"
03:00,188,com.pockethaven.roguelegend,"Rogue Legend - Roguelike RPG"
03:00,189,com.monopoly.dream.idle.king,"Top Tycoon: Coin Theme Empire"
03:00,190,com.Garawell.LoopSort,"Loop Sort"
03:00,191,com.fiveminlab.overgeared.hero.backpack.merge,"Overgeared Hero: Merge RPG"
03:00,192,net.peakgames.mobile.spades.android,"Spades Plus - Card Game"
03:00,193,com.cyphergames.royalsmash,"Royal Smash! - Physics Puzzle"
03:00,194,com.ea.gp.maddennfl21mobile,"Madden NFL 27 Mobile Football"
03:00,195,com.devsisters.ck,"CookieRun: Kingdom"
03:00,196,com.kurogame.wutheringwaves.global,"Wuthering Waves - To Xuanfang"
03:00,197,com.zynga.hititrich,"Hit it Rich! Casino Slots Game"
03:00,198,com.nvsgames.snap,"MARVEL SNAP: Hero Strategy CCG"
03:00,199,com.topwar.gp,"Top War: Battle Game"
03:00,200,com.hariwn.legendofcivilizations,"Forge Master"
04:30,1,com.scopely.monopolygo,"MONOPOLY GO!"
04:30,2,com.roblox.client,"Roblox"
04:30,3,com.king.candycrushsaga,"Candy Crush Saga"
04:30,4,com.run.tower.defense,"Kingshot"
04:30,5,com.dreamgames.royalmatch,"Royal Match"
04:30,6,com.mergegames.gossipharbor,"Gossip Harbor: Merge & Story"
04:30,7,com.gof.global,"Whiteout Survival"
04:30,8,com.playrix.township,"Township"
04:30,9,com.fun.lastwar.gp,"Last War:Survival Game"
04:30,10,com.dreamgames.royalkingdom,"Royal Kingdom"
04:30,11,com.moonactive.coinmaster,"Coin Master"
04:30,12,com.nianticlabs.pokemongo,"Pokémon GO"
04:30,13,com.topgamesinc.evony,"Evony: The King's Return"
04:30,14,com.readygo.barrel.gp,"Last Z: Survival Shooter"
04:30,15,com.totalbattle,"Total Battle: War Strategy"
04:30,16,net.peakgames.toonblast,"Toon Blast"
04:30,17,com.activision.callofduty.shooter,"Call of Duty®: Mobile"
04:30,18,com.williamsinteractive.jackpotparty,"Jackpot Party Casino Slots"
04:30,19,com.zjcs.android.us,"Sword x Staff"
04:30,20,com.phs.global,"Last Asylum: Plague"
04:30,21,com.playrix.gardenscapes,"Gardenscapes"
04:30,22,net.peakgames.match,"Match Factory!"
04:30,23,com.productmadness.cashmancasino,"Cashman Casino Slots Games"
04:30,24,com.playrix.fishdomdd.gplay,"Fishdom"
04:30,25,com.productmadness.lightninglink,"Lightning Link Casino Slots"
04:30,26,air.com.buffalo_studios.newflashbingo,"Bingo Blitz™️ - Bingo Games"
04:30,27,com.king.candycrushsodasaga,"Candy Crush Soda Saga"
04:30,28,com.dts.freefireth,"Free Fire: 9th Anniversary"
04:30,29,com.fatmerge.global,"Tasty Travels: Merge Game"
04:30,30,com.superplaystudios.disneysolitairedreams,"Disney Solitaire"
04:30,31,com.loomgames.pixelflow,"Pixel Flow!"
04:30,32,com.playrix.homescapes,"Homescapes"
04:30,33,com.diamondlife.slots.vegas.free,"Lotsa Slots - Casino Games"
04:30,34,com.combo.yarnflow,"Yarn Loop"
04:30,35,com.readygo.dark.gp,"Dark War Survival"
04:30,36,com.superplaystudios.dicedreams,"Dice Dreams™️"
04:30,37,com.tencent.ig,"PUBG MOBILE"
04:30,38,com.supercell.clashofclans,"Clash of Clans"
04:30,39,com.homagames.studio.allinhole,"All in Hole: Black Hole Games"
04:30,40,slots.pcg.casino.games.free.android,"Cash Frenzy™ - Casino Slots"
04:30,41,com.merge.cooking.theme.restaurant.food,"Merge Cooking®"
04:30,42,com.cola.game,"Flambé®: Merge & Cook"
04:30,43,com.ballytechnologies.quickhitslots,"Quick Hit Casino Slots Games"
04:30,44,jp.pokemon.pokemontcgp,"Pokémon TCG Pocket - Card Game"
04:30,45,com.productmadness.hovmobile,"Slots: Heart of Vegas Casino"
04:30,46,com.bingo.cruise.free.best.top.game,"Bingo Voyage - Live Bingo Game"
04:30,47,com.global.pnck,"Puzzles & Chaos: Frozen Castle"
04:30,48,com.global.ztmslg,"Puzzles & Survival"
04:30,49,com.cedargames.mysterytown,"Mystery Town: Merge Games"
04:30,50,com.farlightgames.pgame.gp,"Clash of Critters"
04:30,51,net.supertreat.solitaire,"Solitaire Grand Harvest"
04:30,52,io.randomco.travel,"Travel Town - Merge Adventure"
04:30,53,com.supercell.brawlstars,"Brawl Stars"
04:30,54,com.joycastle.mergematch,"Matching Story - Puzzle Games"
04:30,55,com.moonactive.cmboard,"Coin Master - Board Adventure"
04:30,56,com.playdemic.golf.android,"Golf Clash - Golfing Simulator"
04:30,57,com.newai.ooc,"OOC: The Playable Anime"
04:30,58,com.wizards.mtga,"Magic: The Gathering Arena"
04:30,59,com.ea.gp.fifamobile,"EA SPORTS FC Soccer Mobile 26"
04:30,60,com.plarium.raidlegends,"RAID: Shadow Legends"
04:30,61,com.mojang.minecraftpe,"Minecraft: Dream it, Build it!"
04:30,62,net.wooga.junes_journey_hidden_object_mystery_game,"June's Journey: Hidden Objects"
04:30,63,com.everywear.game5,"Merge Mansion: Puzzles & Story"
04:30,64,com.grandgames.magicsort,"Magic Sort!"
04:30,65,com.olleyo.piggy.king.free,"Piggy Kingdom"
04:30,66,com.aniplex.fategrandorder.en,"Fate/Grand Order (English)"
04:30,67,com.grandegames.slots.dafu.casino,"Jackpot World™ - Slots Casino"
04:30,68,com.foxnextgames.m3,"MARVEL Strike Force: Squad RPG"
04:30,69,com.moonactive.holestars,"Hole Stars: Puzzle Game"
04:30,70,com.online.huntingsniper,"Hunting Sniper"
04:30,71,air.com.playtika.slotomania,"Slotomania™ Slots Casino Games"
04:30,72,net.peakgames.amy,"Toy Blast"
04:30,73,com.supercell.clashroyale,"Clash Royale"
04:30,74,com.cooking.bingo.ldkwh,"Bingo Frenzy™-Live Bingo Games"
04:30,75,com.bandainamcoent.dblegends_ww,"DRAGON BALL LEGENDS"
04:30,76,com.gramgames.mergedragons,"Merge Dragons!"
04:30,77,com.playtika.wsop.gp,"WSOP Poker: Texas Holdem Game"
04:30,78,com.cygames.umamusume,"Umamusume: Pretty Derby"
04:30,79,jp.konami.pesam,"eFootball™"
04:30,80,game.qualiarts.hololive.dreams.com,"hololive Dreams"
04:30,81,com.ea.game.starwarscapital_row,"Star Wars™: Galaxy of Heroes"
04:30,82,com.gsn.android.tripeaks,"Tiki Solitaire TriPeaks"
04:30,83,com.unicornstudio.cashparty.slots.casino.vegas.free,"Cash Club Casino - Vegas Slots"
04:30,84,com.scopely.yux,"Yahtzee® With Buddies Dice Fun"
04:30,85,com.microdose.balljam,"Marble Sort! - Color Puzzle"
04:30,86,com.jmsgame.jackpotmastercasino,"Jackpot Master™ Slots - Casino"
04:30,87,com.proximabeta.nikke,"GODDESS OF VICTORY: NIKKE"
04:30,88,com.selfawaregames.acecasino,"Big Fish Casino - Slots Games"
04:30,89,com.lilithgame.roc.gp,"Rise of Kingdoms: Lost Crusade"
04:30,90,com.rovio.baba,"Angry Birds 2"
04:30,91,com.hitappsgames.wordsolitaire,"Solitaire Associations Journey"
04:30,92,com.playstudios.popslots,"POP! Slots™"
04:30,93,com.HoYoverse.hkrpgoversea,"Honkai: Star Rail"
04:30,94,com.smallgiantgames.empires,"Empires & Puzzles: Match-3 RPG"
04:30,95,com.bgg.jump,"Project Makeover"
04:30,96,com.funfizz.palmon.gp,"Palmon: Survival"
04:30,97,com.gamedots.seasideescape,"Seaside Escape®: Merge & Story"
04:30,98,com.snowprintstudios.tacticus,"Warhammer 40,000: Tacticus ™"
04:30,99,com.xman.na.gp,"X-Clash"
04:30,100,com.GybeGames.ColorBlockJam,"Color Block Jam"
04:30,101,com.funtomic.matchmasters,"Match Masters"
04:30,102,com.ddi,"DoubleDown Casino Vegas Slots"
04:30,103,com.rotatelab.cubeblast,"Cube Land Puzzle Game"
04:30,104,com.dts.freefiremax,"Free Fire MAX"
04:30,105,com.screenshake.dominodreams,"Domino Dreams™"
04:30,106,com.HoYoverse.Nap,"Zenless Zone Zero - Anniv."
04:30,107,com.wb.goog.hotd.socialstrategy,"Game of Thrones: Dragonfire"
04:30,108,com.williamsinteractive.goldfish,"Gold Fish Casino Slot Games"
04:30,109,com.goodjobgames.matchvillains,"Match Villains"
04:30,110,com.topultragame.slotlasvega,"Cash Tornado™ Slots - Casino"
04:30,111,com.yottagames.gameofmafia,"The Grand Mafia"
04:30,112,com.camelgames.aoz,"Age of Origins"
04:30,113,com.slg.policewar,"Police Chief"
04:30,114,com.scientificgames.monopolyslots,"MONOPOLY Slots - Casino Games"
04:30,115,com.huuuge.casino.slots,"Huuuge Casino 777 Slots Games"
04:30,116,com.gtarcade.ioe.global,"Infinity Kingdom"
04:30,117,com.scopely.startrek,"Star Trek Fleet Command"
04:30,118,com.hollywood.merge,"Hollywood Merge"
04:30,119,com.epicoro.castleclashers,"Castle Busters"
04:30,120,com.ig.screwdom,"Screwdom 3D"
04:30,121,com.doubleugames.DoubleUCasino,"DoubleU Casino™ - Vegas Slots"
04:30,122,com.master.triple3d.find,"Triple Match 3D"
04:30,123,com.nexters.herowars,"Hero Wars: Alliance RPG Legend"
04:30,124,com.im30.ROE.gp,"Rise of Castles: Ice and Fire"
04:30,125,com.pixonic.wwr,"War Robots Multiplayer Battles"
04:30,126,com.mattel163.phase10,"Phase 10: Casual Card Game"
04:30,127,com.supercell.hayday,"Hay Day"
04:30,128,com.a3.topgirl.gplay,"Top Girl"
04:30,129,com.king.farmheroessaga,"Farm Heroes Saga"
04:30,130,com.crowdstar.covetHome,"Design Home™: House Makeover"
04:30,131,com.productmadness.fafafagold,"Mighty Fu Casino Slots Games"
04:30,132,com.vincentb.MobControl,"Mob Control"
04:30,133,com.funplus.ts.global,"Tiles Survive!"
04:30,134,com.miniclip.eightballpool,"8 Ball Pool"
04:30,135,com.goodville.goodgame,"Goodville: Farm Game Adventure"
04:30,136,com.rc.cityCleaner,"Triple Match City"
04:30,137,jp.konami.masterduel,"Yu-Gi-Oh! Master Duel"
04:30,138,com.sports.real.golf.rival.online,"Golf Rival - Multiplayer Game"
04:30,139,com.devsisters.cc,"CookieRun: Crumble - Idle RPG"
04:30,140,com.ballytechnologies.f88,"88 Fortunes™ Casino Slot Games"
04:30,141,com.iskslowtest.mislen,"Isekai:Slow Life"
04:30,142,com.TechTreeGames.TheTower,"The Tower - Idle Tower Defense"
04:30,143,com.checkbox.minershminer,"Idle Obelisk Miner"
04:30,144,com.ubisoft.invincible.guardians.globe.idle.superhero.rpg.battle.afk,"Invincible: Guarding the Globe"
04:30,145,com.innplaylabs.animalkingdomraid,"Animals & Coins Adventure Game"
04:30,146,com.zynga.wizardofoz,"Wizard of Oz Slots Games"
04:30,147,com.bagelcode.slots1,"Club Vegas Casino Slots Games"
04:30,148,com.chess,"Chess - Play and Learn Online"
04:30,149,com.mobile.legends.usa,"Mobile Legends: Bang Bang.US"
04:30,150,com.camelgames.superking,"War and Order"
04:30,151,com.farlightgames.igame.gp,"AFK Journey"
04:30,152,com.justgame.jails,"Lands of Jail"
04:30,153,com.orcas.panthia.island.fairyscapes,"Panthia®: Magic & Merge Game"
04:30,154,com.bigfishgames.jackpotcityslotsf2pgoogle,"Jackpot Magic - Casino Slots"
04:30,155,com.nintendo.zaba,"Fire Emblem Heroes"
04:30,156,com.com2us.smon.normal.freefull.google.kr.android.common,"Summoners War X Frieren"
04:30,157,com.mrtgd2us.google,"Duck Survival"
04:30,158,com.kabam.marvelbattle,"Marvel Contest of Champions"
04:30,159,com.nytimes.crossword,"NYT Games: Wordle & Crossword"
04:30,160,com.miHoYo.GenshinImpact,"Genshin Impact"
04:30,161,com.vm3.global,"Truck Star"
04:30,162,com.igg.android.lordsmobile,"Lords Mobile x Transformers"
04:30,163,com.games.foundation,"Foundation: Galactic Frontier"
04:30,164,com.Chillgaming.oneState,"OneState RP - Role Play Life"
04:30,165,com.spark.sp.gp,"Narco Empire"
04:30,166,com.diandian.gog,"Guns of Glory: Lost Island"
04:30,167,jp.co.goodroid.hyper.busflow,"Bus Traffic Fever!"
04:30,168,com.Sunborn.SnqxExilium.Glo,"GIRLS' FRONTLINE 2: EXILIUM"
04:30,169,com.bandainamcogames.dbzdokkanww,"DRAGON BALL Z DOKKAN BATTLE"
04:30,170,air.com.bitrhymes.bingo,"Bingo Bash: Live Bingo Games"
04:30,171,com.vizorapps.klondike,"Klondike Adventures: Farm Game"
04:30,172,com.zynga.gotslots,"Game of Thrones Slots Casino"
04:30,173,com.tile.match.blockpuzzle,"Tile Family®:Match Puzzle Game"
04:30,174,com.funplus.kingofavalon,"Frost & Flame: King of Avalon"
04:30,175,com.playtika.caesarscasino,"Caesars Slots: Casino Games"
04:30,176,com.MelsoftGames.FamilyIslandFarm,"Family Island™ — Farming game"
04:30,177,com.abi.colony.flow,"Colony Flow!"
04:30,178,com.nexon.ma,"MapleStory : Idle RPG"
04:30,179,com.blizzard.diablo.immortal,"Diablo Immortal"
04:30,180,com.duykanbakay.carconveyortransfer,"Car Sort: Color Puzzle"
04:30,181,com.sivona.stormshot.e,"Stormshot: Isle of Adventure"
04:30,182,com.tocaboca.tocalifeworld,"Toca Boca World"
04:30,183,com.merge.game.foodstars,"Foodstars: Merge & Cook"
04:30,184,adventure.party.real.life,"Sunday City: Life RolePlay"
04:30,185,com.kingsgroup.sos,"State of Survival: Zombie War"
04:30,186,com.igg.android.doomsdaylastsurvivors,"Doomsday: Odysseus Returns"
04:30,187,com.gryphline.endfield.gp,"Arknights: Endfield"
04:30,188,com.pockethaven.roguelegend,"Rogue Legend - Roguelike RPG"
04:30,189,com.monopoly.dream.idle.king,"Top Tycoon: Coin Theme Empire"
04:30,190,com.Garawell.LoopSort,"Loop Sort"
04:30,191,com.fiveminlab.overgeared.hero.backpack.merge,"Overgeared Hero: Merge RPG"
04:30,192,net.peakgames.mobile.spades.android,"Spades Plus - Card Game"
04:30,193,com.cyphergames.royalsmash,"Royal Smash! - Physics Puzzle"
04:30,194,com.ea.gp.maddennfl21mobile,"Madden NFL 27 Mobile Football"
04:30,195,com.devsisters.ck,"CookieRun: Kingdom"
04:30,196,com.kurogame.wutheringwaves.global,"Wuthering Waves - To Xuanfang"
04:30,197,com.zynga.hititrich,"Hit it Rich! Casino Slots Game"
04:30,198,com.nvsgames.snap,"MARVEL SNAP: Hero Strategy CCG"
04:30,199,com.topwar.gp,"Top War: Battle Game"
04:30,200,com.hariwn.legendofcivilizations,"Forge Master"
05:30,1,com.scopely.monopolygo,"MONOPOLY GO!"
05:30,2,com.roblox.client,"Roblox"
05:30,3,com.king.candycrushsaga,"Candy Crush Saga"
05:30,4,com.run.tower.defense,"Kingshot"
05:30,5,com.dreamgames.royalmatch,"Royal Match"
05:30,6,com.mergegames.gossipharbor,"Gossip Harbor: Merge & Story"
05:30,7,com.gof.global,"Whiteout Survival"
05:30,8,com.playrix.township,"Township"
05:30,9,com.fun.lastwar.gp,"Last War:Survival Game"
05:30,10,com.dreamgames.royalkingdom,"Royal Kingdom"
05:30,11,com.moonactive.coinmaster,"Coin Master"
05:30,12,com.nianticlabs.pokemongo,"Pokémon GO"
05:30,13,com.topgamesinc.evony,"Evony: The King's Return"
05:30,14,com.readygo.barrel.gp,"Last Z: Survival Shooter"
05:30,15,com.totalbattle,"Total Battle: War Strategy"
05:30,16,net.peakgames.toonblast,"Toon Blast"
05:30,17,com.activision.callofduty.shooter,"Call of Duty®: Mobile"
05:30,18,com.williamsinteractive.jackpotparty,"Jackpot Party Casino Slots"
05:30,19,com.zjcs.android.us,"Sword x Staff"
05:30,20,com.phs.global,"Last Asylum: Plague"
05:30,21,com.playrix.gardenscapes,"Gardenscapes"
05:30,22,net.peakgames.match,"Match Factory!"
05:30,23,com.productmadness.cashmancasino,"Cashman Casino Slots Games"
05:30,24,com.playrix.fishdomdd.gplay,"Fishdom"
05:30,25,com.productmadness.lightninglink,"Lightning Link Casino Slots"
05:30,26,air.com.buffalo_studios.newflashbingo,"Bingo Blitz™️ - Bingo Games"
05:30,27,com.king.candycrushsodasaga,"Candy Crush Soda Saga"
05:30,28,com.dts.freefireth,"Free Fire: 9th Anniversary"
05:30,29,com.fatmerge.global,"Tasty Travels: Merge Game"
05:30,30,com.superplaystudios.disneysolitairedreams,"Disney Solitaire"
05:30,31,com.loomgames.pixelflow,"Pixel Flow!"
05:30,32,com.playrix.homescapes,"Homescapes"
05:30,33,com.diamondlife.slots.vegas.free,"Lotsa Slots - Casino Games"
05:30,34,com.combo.yarnflow,"Yarn Loop"
05:30,35,com.readygo.dark.gp,"Dark War Survival"
05:30,36,com.superplaystudios.dicedreams,"Dice Dreams™️"
05:30,37,com.tencent.ig,"PUBG MOBILE"
05:30,38,com.supercell.clashofclans,"Clash of Clans"
05:30,39,com.homagames.studio.allinhole,"All in Hole: Black Hole Games"
05:30,40,slots.pcg.casino.games.free.android,"Cash Frenzy™ - Casino Slots"
05:30,41,com.merge.cooking.theme.restaurant.food,"Merge Cooking®"
05:30,42,com.cola.game,"Flambé®: Merge & Cook"
05:30,43,com.ballytechnologies.quickhitslots,"Quick Hit Casino Slots Games"
05:30,44,jp.pokemon.pokemontcgp,"Pokémon TCG Pocket - Card Game"
05:30,45,com.productmadness.hovmobile,"Slots: Heart of Vegas Casino"
05:30,46,com.bingo.cruise.free.best.top.game,"Bingo Voyage - Live Bingo Game"
05:30,47,com.global.pnck,"Puzzles & Chaos: Frozen Castle"
05:30,48,com.global.ztmslg,"Puzzles & Survival"
05:30,49,com.cedargames.mysterytown,"Mystery Town: Merge Games"
05:30,50,com.farlightgames.pgame.gp,"Clash of Critters"
05:30,51,net.supertreat.solitaire,"Solitaire Grand Harvest"
05:30,52,io.randomco.travel,"Travel Town - Merge Adventure"
05:30,53,com.supercell.brawlstars,"Brawl Stars"
05:30,54,com.joycastle.mergematch,"Matching Story - Puzzle Games"
05:30,55,com.moonactive.cmboard,"Coin Master - Board Adventure"
05:30,56,com.playdemic.golf.android,"Golf Clash - Golfing Simulator"
05:30,57,com.newai.ooc,"OOC: The Playable Anime"
05:30,58,com.wizards.mtga,"Magic: The Gathering Arena"
05:30,59,com.ea.gp.fifamobile,"EA SPORTS FC Soccer Mobile 26"
05:30,60,com.plarium.raidlegends,"RAID: Shadow Legends"
05:30,61,com.mojang.minecraftpe,"Minecraft: Dream it, Build it!"
05:30,62,net.wooga.junes_journey_hidden_object_mystery_game,"June's Journey: Hidden Objects"
05:30,63,com.everywear.game5,"Merge Mansion: Puzzles & Story"
05:30,64,com.grandgames.magicsort,"Magic Sort!"
05:30,65,com.olleyo.piggy.king.free,"Piggy Kingdom"
05:30,66,com.aniplex.fategrandorder.en,"Fate/Grand Order (English)"
05:30,67,com.grandegames.slots.dafu.casino,"Jackpot World™ - Slots Casino"
05:30,68,com.foxnextgames.m3,"MARVEL Strike Force: Squad RPG"
05:30,69,com.moonactive.holestars,"Hole Stars: Puzzle Game"
05:30,70,com.online.huntingsniper,"Hunting Sniper"
05:30,71,air.com.playtika.slotomania,"Slotomania™ Slots Casino Games"
05:30,72,net.peakgames.amy,"Toy Blast"
05:30,73,com.supercell.clashroyale,"Clash Royale"
05:30,74,com.cooking.bingo.ldkwh,"Bingo Frenzy™-Live Bingo Games"
05:30,75,com.bandainamcoent.dblegends_ww,"DRAGON BALL LEGENDS"
05:30,76,com.gramgames.mergedragons,"Merge Dragons!"
05:30,77,com.playtika.wsop.gp,"WSOP Poker: Texas Holdem Game"
05:30,78,com.cygames.umamusume,"Umamusume: Pretty Derby"
05:30,79,jp.konami.pesam,"eFootball™"
05:30,80,game.qualiarts.hololive.dreams.com,"hololive Dreams"
05:30,81,com.ea.game.starwarscapital_row,"Star Wars™: Galaxy of Heroes"
05:30,82,com.gsn.android.tripeaks,"Tiki Solitaire TriPeaks"
05:30,83,com.unicornstudio.cashparty.slots.casino.vegas.free,"Cash Club Casino - Vegas Slots"
05:30,84,com.scopely.yux,"Yahtzee® With Buddies Dice Fun"
05:30,85,com.microdose.balljam,"Marble Sort! - Color Puzzle"
05:30,86,com.jmsgame.jackpotmastercasino,"Jackpot Master™ Slots - Casino"
05:30,87,com.proximabeta.nikke,"GODDESS OF VICTORY: NIKKE"
05:30,88,com.selfawaregames.acecasino,"Big Fish Casino - Slots Games"
05:30,89,com.lilithgame.roc.gp,"Rise of Kingdoms: Lost Crusade"
05:30,90,com.rovio.baba,"Angry Birds 2"
05:30,91,com.hitappsgames.wordsolitaire,"Solitaire Associations Journey"
05:30,92,com.playstudios.popslots,"POP! Slots™"
05:30,93,com.HoYoverse.hkrpgoversea,"Honkai: Star Rail"
05:30,94,com.smallgiantgames.empires,"Empires & Puzzles: Match-3 RPG"
05:30,95,com.bgg.jump,"Project Makeover"
05:30,96,com.funfizz.palmon.gp,"Palmon: Survival"
05:30,97,com.gamedots.seasideescape,"Seaside Escape®: Merge & Story"
05:30,98,com.snowprintstudios.tacticus,"Warhammer 40,000: Tacticus ™"
05:30,99,com.xman.na.gp,"X-Clash"
05:30,100,com.GybeGames.ColorBlockJam,"Color Block Jam"
05:30,101,com.funtomic.matchmasters,"Match Masters"
05:30,102,com.ddi,"DoubleDown Casino Vegas Slots"
05:30,103,com.rotatelab.cubeblast,"Cube Land Puzzle Game"
05:30,104,com.dts.freefiremax,"Free Fire MAX"
05:30,105,com.screenshake.dominodreams,"Domino Dreams™"
05:30,106,com.HoYoverse.Nap,"Zenless Zone Zero - Anniv."
05:30,107,com.wb.goog.hotd.socialstrategy,"Game of Thrones: Dragonfire"
05:30,108,com.williamsinteractive.goldfish,"Gold Fish Casino Slot Games"
05:30,109,com.goodjobgames.matchvillains,"Match Villains"
05:30,110,com.topultragame.slotlasvega,"Cash Tornado™ Slots - Casino"
05:30,111,com.yottagames.gameofmafia,"The Grand Mafia"
05:30,112,com.camelgames.aoz,"Age of Origins"
05:30,113,com.slg.policewar,"Police Chief"
05:30,114,com.scientificgames.monopolyslots,"MONOPOLY Slots - Casino Games"
05:30,115,com.huuuge.casino.slots,"Huuuge Casino 777 Slots Games"
05:30,116,com.gtarcade.ioe.global,"Infinity Kingdom"
05:30,117,com.scopely.startrek,"Star Trek Fleet Command"
05:30,118,com.hollywood.merge,"Hollywood Merge"
05:30,119,com.epicoro.castleclashers,"Castle Busters"
05:30,120,com.ig.screwdom,"Screwdom 3D"
05:30,121,com.doubleugames.DoubleUCasino,"DoubleU Casino™ - Vegas Slots"
05:30,122,com.master.triple3d.find,"Triple Match 3D"
05:30,123,com.nexters.herowars,"Hero Wars: Alliance RPG Legend"
05:30,124,com.im30.ROE.gp,"Rise of Castles: Ice and Fire"
05:30,125,com.pixonic.wwr,"War Robots Multiplayer Battles"
05:30,126,com.mattel163.phase10,"Phase 10: Casual Card Game"
05:30,127,com.supercell.hayday,"Hay Day"
05:30,128,com.a3.topgirl.gplay,"Top Girl"
05:30,129,com.king.farmheroessaga,"Farm Heroes Saga"
05:30,130,com.crowdstar.covetHome,"Design Home™: House Makeover"
05:30,131,com.productmadness.fafafagold,"Mighty Fu Casino Slots Games"
05:30,132,com.vincentb.MobControl,"Mob Control"
05:30,133,com.funplus.ts.global,"Tiles Survive!"
05:30,134,com.miniclip.eightballpool,"8 Ball Pool"
05:30,135,com.goodville.goodgame,"Goodville: Farm Game Adventure"
05:30,136,com.rc.cityCleaner,"Triple Match City"
05:30,137,jp.konami.masterduel,"Yu-Gi-Oh! Master Duel"
05:30,138,com.sports.real.golf.rival.online,"Golf Rival - Multiplayer Game"
05:30,139,com.devsisters.cc,"CookieRun: Crumble - Idle RPG"
05:30,140,com.ballytechnologies.f88,"88 Fortunes™ Casino Slot Games"
05:30,141,com.iskslowtest.mislen,"Isekai:Slow Life"
05:30,142,com.TechTreeGames.TheTower,"The Tower - Idle Tower Defense"
05:30,143,com.checkbox.minershminer,"Idle Obelisk Miner"
05:30,144,com.ubisoft.invincible.guardians.globe.idle.superhero.rpg.battle.afk,"Invincible: Guarding the Globe"
05:30,145,com.innplaylabs.animalkingdomraid,"Animals & Coins Adventure Game"
05:30,146,com.zynga.wizardofoz,"Wizard of Oz Slots Games"
05:30,147,com.bagelcode.slots1,"Club Vegas Casino Slots Games"
05:30,148,com.chess,"Chess - Play and Learn Online"
05:30,149,com.mobile.legends.usa,"Mobile Legends: Bang Bang.US"
05:30,150,com.camelgames.superking,"War and Order"
05:30,151,com.farlightgames.igame.gp,"AFK Journey"
05:30,152,com.justgame.jails,"Lands of Jail"
05:30,153,com.orcas.panthia.island.fairyscapes,"Panthia®: Magic & Merge Game"
05:30,154,com.bigfishgames.jackpotcityslotsf2pgoogle,"Jackpot Magic - Casino Slots"
05:30,155,com.nintendo.zaba,"Fire Emblem Heroes"
05:30,156,com.com2us.smon.normal.freefull.google.kr.android.common,"Summoners War X Frieren"
05:30,157,com.mrtgd2us.google,"Duck Survival"
05:30,158,com.kabam.marvelbattle,"Marvel Contest of Champions"
05:30,159,com.nytimes.crossword,"NYT Games: Wordle & Crossword"
05:30,160,com.miHoYo.GenshinImpact,"Genshin Impact"
05:30,161,com.vm3.global,"Truck Star"
05:30,162,com.igg.android.lordsmobile,"Lords Mobile x Transformers"
05:30,163,com.games.foundation,"Foundation: Galactic Frontier"
05:30,164,com.Chillgaming.oneState,"OneState RP - Role Play Life"
05:30,165,com.spark.sp.gp,"Narco Empire"
05:30,166,com.diandian.gog,"Guns of Glory: Lost Island"
05:30,167,jp.co.goodroid.hyper.busflow,"Bus Traffic Fever!"
05:30,168,com.Sunborn.SnqxExilium.Glo,"GIRLS' FRONTLINE 2: EXILIUM"
05:30,169,com.bandainamcogames.dbzdokkanww,"DRAGON BALL Z DOKKAN BATTLE"
05:30,170,air.com.bitrhymes.bingo,"Bingo Bash: Live Bingo Games"
05:30,171,com.vizorapps.klondike,"Klondike Adventures: Farm Game"
05:30,172,com.zynga.gotslots,"Game of Thrones Slots Casino"
05:30,173,com.tile.match.blockpuzzle,"Tile Family®:Match Puzzle Game"
05:30,174,com.funplus.kingofavalon,"Frost & Flame: King of Avalon"
05:30,175,com.playtika.caesarscasino,"Caesars Slots: Casino Games"
05:30,176,com.MelsoftGames.FamilyIslandFarm,"Family Island™ — Farming game"
05:30,177,com.abi.colony.flow,"Colony Flow!"
05:30,178,com.nexon.ma,"MapleStory : Idle RPG"
05:30,179,com.blizzard.diablo.immortal,"Diablo Immortal"
05:30,180,com.duykanbakay.carconveyortransfer,"Car Sort: Color Puzzle"
05:30,181,com.sivona.stormshot.e,"Stormshot: Isle of Adventure"
05:30,182,com.tocaboca.tocalifeworld,"Toca Boca World"
05:30,183,com.merge.game.foodstars,"Foodstars: Merge & Cook"
05:30,184,adventure.party.real.life,"Sunday City: Life RolePlay"
05:30,185,com.kingsgroup.sos,"State of Survival: Zombie War"
05:30,186,com.igg.android.doomsdaylastsurvivors,"Doomsday: Odysseus Returns"
05:30,187,com.gryphline.endfield.gp,"Arknights: Endfield"
05:30,188,com.pockethaven.roguelegend,"Rogue Legend - Roguelike RPG"
05:30,189,com.monopoly.dream.idle.king,"Top Tycoon: Coin Theme Empire"
05:30,190,com.Garawell.LoopSort,"Loop Sort"
05:30,191,com.fiveminlab.overgeared.hero.backpack.merge,"Overgeared Hero: Merge RPG"
05:30,192,net.peakgames.mobile.spades.android,"Spades Plus - Card Game"
05:30,193,com.cyphergames.royalsmash,"Royal Smash! - Physics Puzzle"
05:30,194,com.ea.gp.maddennfl21mobile,"Madden NFL 27 Mobile Football"
05:30,195,com.devsisters.ck,"CookieRun: Kingdom"
05:30,196,com.kurogame.wutheringwaves.global,"Wuthering Waves - To Xuanfang"
05:30,197,com.zynga.hititrich,"Hit it Rich! Casino Slots Game"
05:30,198,com.nvsgames.snap,"MARVEL SNAP: Hero Strategy CCG"
05:30,199,com.topwar.gp,"Top War: Battle Game"
05:30,200,com.hariwn.legendofcivilizations,"Forge Master"
06:30,1,com.scopely.monopolygo,"MONOPOLY GO!"
06:30,2,com.roblox.client,"Roblox"
06:30,3,com.king.candycrushsaga,"Candy Crush Saga"
06:30,4,com.run.tower.defense,"Kingshot"
06:30,5,com.dreamgames.royalmatch,"Royal Match"
06:30,6,com.mergegames.gossipharbor,"Gossip Harbor: Merge & Story"
06:30,7,com.gof.global,"Whiteout Survival"
06:30,8,com.playrix.township,"Township"
06:30,9,com.fun.lastwar.gp,"Last War:Survival Game"
06:30,10,com.dreamgames.royalkingdom,"Royal Kingdom"
06:30,11,com.moonactive.coinmaster,"Coin Master"
06:30,12,com.nianticlabs.pokemongo,"Pokémon GO"
06:30,13,com.topgamesinc.evony,"Evony: The King's Return"
06:30,14,com.readygo.barrel.gp,"Last Z: Survival Shooter"
06:30,15,com.totalbattle,"Total Battle: War Strategy"
06:30,16,net.peakgames.toonblast,"Toon Blast"
06:30,17,com.activision.callofduty.shooter,"Call of Duty®: Mobile"
06:30,18,com.williamsinteractive.jackpotparty,"Jackpot Party Casino Slots"
06:30,19,com.zjcs.android.us,"Sword x Staff"
06:30,20,com.phs.global,"Last Asylum: Plague"
06:30,21,com.playrix.gardenscapes,"Gardenscapes"
06:30,22,net.peakgames.match,"Match Factory!"
06:30,23,com.productmadness.cashmancasino,"Cashman Casino Slots Games"
06:30,24,com.playrix.fishdomdd.gplay,"Fishdom"
06:30,25,com.productmadness.lightninglink,"Lightning Link Casino Slots"
06:30,26,air.com.buffalo_studios.newflashbingo,"Bingo Blitz™️ - Bingo Games"
06:30,27,com.king.candycrushsodasaga,"Candy Crush Soda Saga"
06:30,28,com.dts.freefireth,"Free Fire: 9th Anniversary"
06:30,29,com.fatmerge.global,"Tasty Travels: Merge Game"
06:30,30,com.superplaystudios.disneysolitairedreams,"Disney Solitaire"
06:30,31,com.loomgames.pixelflow,"Pixel Flow!"
06:30,32,com.playrix.homescapes,"Homescapes"
06:30,33,com.diamondlife.slots.vegas.free,"Lotsa Slots - Casino Games"
06:30,34,com.combo.yarnflow,"Yarn Loop"
06:30,35,com.readygo.dark.gp,"Dark War Survival"
06:30,36,com.superplaystudios.dicedreams,"Dice Dreams™️"
06:30,37,com.tencent.ig,"PUBG MOBILE"
06:30,38,com.supercell.clashofclans,"Clash of Clans"
06:30,39,com.homagames.studio.allinhole,"All in Hole: Black Hole Games"
06:30,40,slots.pcg.casino.games.free.android,"Cash Frenzy™ - Casino Slots"
06:30,41,com.merge.cooking.theme.restaurant.food,"Merge Cooking®"
06:30,42,com.cola.game,"Flambé®: Merge & Cook"
06:30,43,com.ballytechnologies.quickhitslots,"Quick Hit Casino Slots Games"
06:30,44,jp.pokemon.pokemontcgp,"Pokémon TCG Pocket - Card Game"
06:30,45,com.productmadness.hovmobile,"Slots: Heart of Vegas Casino"
06:30,46,com.bingo.cruise.free.best.top.game,"Bingo Voyage - Live Bingo Game"
06:30,47,com.global.pnck,"Puzzles & Chaos: Frozen Castle"
06:30,48,com.global.ztmslg,"Puzzles & Survival"
06:30,49,com.cedargames.mysterytown,"Mystery Town: Merge Games"
06:30,50,com.farlightgames.pgame.gp,"Clash of Critters"
06:30,51,net.supertreat.solitaire,"Solitaire Grand Harvest"
06:30,52,io.randomco.travel,"Travel Town - Merge Adventure"
06:30,53,com.supercell.brawlstars,"Brawl Stars"
06:30,54,com.joycastle.mergematch,"Matching Story - Puzzle Games"
06:30,55,com.moonactive.cmboard,"Coin Master - Board Adventure"
06:30,56,com.playdemic.golf.android,"Golf Clash - Golfing Simulator"
06:30,57,com.newai.ooc,"OOC: The Playable Anime"
06:30,58,com.wizards.mtga,"Magic: The Gathering Arena"
06:30,59,com.ea.gp.fifamobile,"EA SPORTS FC Soccer Mobile 26"
06:30,60,com.plarium.raidlegends,"RAID: Shadow Legends"
06:30,61,com.mojang.minecraftpe,"Minecraft: Dream it, Build it!"
06:30,62,net.wooga.junes_journey_hidden_object_mystery_game,"June's Journey: Hidden Objects"
06:30,63,com.everywear.game5,"Merge Mansion: Puzzles & Story"
06:30,64,com.grandgames.magicsort,"Magic Sort!"
06:30,65,com.olleyo.piggy.king.free,"Piggy Kingdom"
06:30,66,com.aniplex.fategrandorder.en,"Fate/Grand Order (English)"
06:30,67,com.grandegames.slots.dafu.casino,"Jackpot World™ - Slots Casino"
06:30,68,com.foxnextgames.m3,"MARVEL Strike Force: Squad RPG"
06:30,69,com.moonactive.holestars,"Hole Stars: Puzzle Game"
06:30,70,com.online.huntingsniper,"Hunting Sniper"
06:30,71,air.com.playtika.slotomania,"Slotomania™ Slots Casino Games"
06:30,72,net.peakgames.amy,"Toy Blast"
06:30,73,com.supercell.clashroyale,"Clash Royale"
06:30,74,com.cooking.bingo.ldkwh,"Bingo Frenzy™-Live Bingo Games"
06:30,75,com.bandainamcoent.dblegends_ww,"DRAGON BALL LEGENDS"
06:30,76,com.gramgames.mergedragons,"Merge Dragons!"
06:30,77,com.playtika.wsop.gp,"WSOP Poker: Texas Holdem Game"
06:30,78,com.cygames.umamusume,"Umamusume: Pretty Derby"
06:30,79,jp.konami.pesam,"eFootball™"
06:30,80,game.qualiarts.hololive.dreams.com,"hololive Dreams"
06:30,81,com.ea.game.starwarscapital_row,"Star Wars™: Galaxy of Heroes"
06:30,82,com.gsn.android.tripeaks,"Tiki Solitaire TriPeaks"
06:30,83,com.unicornstudio.cashparty.slots.casino.vegas.free,"Cash Club Casino - Vegas Slots"
06:30,84,com.scopely.yux,"Yahtzee® With Buddies Dice Fun"
06:30,85,com.microdose.balljam,"Marble Sort! - Color Puzzle"
06:30,86,com.jmsgame.jackpotmastercasino,"Jackpot Master™ Slots - Casino"
06:30,87,com.proximabeta.nikke,"GODDESS OF VICTORY: NIKKE"
06:30,88,com.selfawaregames.acecasino,"Big Fish Casino - Slots Games"
06:30,89,com.lilithgame.roc.gp,"Rise of Kingdoms: Lost Crusade"
06:30,90,com.rovio.baba,"Angry Birds 2"
06:30,91,com.hitappsgames.wordsolitaire,"Solitaire Associations Journey"
06:30,92,com.playstudios.popslots,"POP! Slots™"
06:30,93,com.HoYoverse.hkrpgoversea,"Honkai: Star Rail"
06:30,94,com.smallgiantgames.empires,"Empires & Puzzles: Match-3 RPG"
06:30,95,com.bgg.jump,"Project Makeover"
06:30,96,com.funfizz.palmon.gp,"Palmon: Survival"
06:30,97,com.gamedots.seasideescape,"Seaside Escape®: Merge & Story"
06:30,98,com.snowprintstudios.tacticus,"Warhammer 40,000: Tacticus ™"
06:30,99,com.xman.na.gp,"X-Clash"
06:30,100,com.GybeGames.ColorBlockJam,"Color Block Jam"
06:30,101,com.funtomic.matchmasters,"Match Masters"
06:30,102,com.ddi,"DoubleDown Casino Vegas Slots"
06:30,103,com.rotatelab.cubeblast,"Cube Land Puzzle Game"
06:30,104,com.dts.freefiremax,"Free Fire MAX"
06:30,105,com.screenshake.dominodreams,"Domino Dreams™"
06:30,106,com.HoYoverse.Nap,"Zenless Zone Zero - Anniv."
06:30,107,com.wb.goog.hotd.socialstrategy,"Game of Thrones: Dragonfire"
06:30,108,com.williamsinteractive.goldfish,"Gold Fish Casino Slot Games"
06:30,109,com.goodjobgames.matchvillains,"Match Villains"
06:30,110,com.topultragame.slotlasvega,"Cash Tornado™ Slots - Casino"
06:30,111,com.yottagames.gameofmafia,"The Grand Mafia"
06:30,112,com.camelgames.aoz,"Age of Origins"
06:30,113,com.slg.policewar,"Police Chief"
06:30,114,com.scientificgames.monopolyslots,"MONOPOLY Slots - Casino Games"
06:30,115,com.huuuge.casino.slots,"Huuuge Casino 777 Slots Games"
06:30,116,com.gtarcade.ioe.global,"Infinity Kingdom"
06:30,117,com.scopely.startrek,"Star Trek Fleet Command"
06:30,118,com.hollywood.merge,"Hollywood Merge"
06:30,119,com.epicoro.castleclashers,"Castle Busters"
06:30,120,com.ig.screwdom,"Screwdom 3D"
06:30,121,com.doubleugames.DoubleUCasino,"DoubleU Casino™ - Vegas Slots"
06:30,122,com.master.triple3d.find,"Triple Match 3D"
06:30,123,com.nexters.herowars,"Hero Wars: Alliance RPG Legend"
06:30,124,com.im30.ROE.gp,"Rise of Castles: Ice and Fire"
06:30,125,com.pixonic.wwr,"War Robots Multiplayer Battles"
06:30,126,com.mattel163.phase10,"Phase 10: Casual Card Game"
06:30,127,com.supercell.hayday,"Hay Day"
06:30,128,com.a3.topgirl.gplay,"Top Girl"
06:30,129,com.king.farmheroessaga,"Farm Heroes Saga"
06:30,130,com.crowdstar.covetHome,"Design Home™: House Makeover"
06:30,131,com.productmadness.fafafagold,"Mighty Fu Casino Slots Games"
06:30,132,com.vincentb.MobControl,"Mob Control"
06:30,133,com.funplus.ts.global,"Tiles Survive!"
06:30,134,com.miniclip.eightballpool,"8 Ball Pool"
06:30,135,com.goodville.goodgame,"Goodville: Farm Game Adventure"
06:30,136,com.rc.cityCleaner,"Triple Match City"
06:30,137,jp.konami.masterduel,"Yu-Gi-Oh! Master Duel"
06:30,138,com.sports.real.golf.rival.online,"Golf Rival - Multiplayer Game"
06:30,139,com.devsisters.cc,"CookieRun: Crumble - Idle RPG"
06:30,140,com.ballytechnologies.f88,"88 Fortunes™ Casino Slot Games"
06:30,141,com.iskslowtest.mislen,"Isekai:Slow Life"
06:30,142,com.TechTreeGames.TheTower,"The Tower - Idle Tower Defense"
06:30,143,com.checkbox.minershminer,"Idle Obelisk Miner"
06:30,144,com.ubisoft.invincible.guardians.globe.idle.superhero.rpg.battle.afk,"Invincible: Guarding the Globe"
06:30,145,com.innplaylabs.animalkingdomraid,"Animals & Coins Adventure Game"
06:30,146,com.zynga.wizardofoz,"Wizard of Oz Slots Games"
06:30,147,com.bagelcode.slots1,"Club Vegas Casino Slots Games"
06:30,148,com.chess,"Chess - Play and Learn Online"
06:30,149,com.mobile.legends.usa,"Mobile Legends: Bang Bang.US"
06:30,150,com.camelgames.superking,"War and Order"
06:30,151,com.farlightgames.igame.gp,"AFK Journey"
06:30,152,com.justgame.jails,"Lands of Jail"
06:30,153,com.orcas.panthia.island.fairyscapes,"Panthia®: Magic & Merge Game"
06:30,154,com.bigfishgames.jackpotcityslotsf2pgoogle,"Jackpot Magic - Casino Slots"
06:30,155,com.nintendo.zaba,"Fire Emblem Heroes"
06:30,156,com.com2us.smon.normal.freefull.google.kr.android.common,"Summoners War X Frieren"
06:30,157,com.mrtgd2us.google,"Duck Survival"
06:30,158,com.kabam.marvelbattle,"Marvel Contest of Champions"
06:30,159,com.nytimes.crossword,"NYT Games: Wordle & Crossword"
06:30,160,com.miHoYo.GenshinImpact,"Genshin Impact"
06:30,161,com.vm3.global,"Truck Star"
06:30,162,com.igg.android.lordsmobile,"Lords Mobile x Transformers"
06:30,163,com.games.foundation,"Foundation: Galactic Frontier"
06:30,164,com.Chillgaming.oneState,"OneState RP - Role Play Life"
06:30,165,com.spark.sp.gp,"Narco Empire"
06:30,166,com.diandian.gog,"Guns of Glory: Lost Island"
06:30,167,jp.co.goodroid.hyper.busflow,"Bus Traffic Fever!"
06:30,168,com.Sunborn.SnqxExilium.Glo,"GIRLS' FRONTLINE 2: EXILIUM"
06:30,169,com.bandainamcogames.dbzdokkanww,"DRAGON BALL Z DOKKAN BATTLE"
06:30,170,air.com.bitrhymes.bingo,"Bingo Bash: Live Bingo Games"
06:30,171,com.vizorapps.klondike,"Klondike Adventures: Farm Game"
06:30,172,com.zynga.gotslots,"Game of Thrones Slots Casino"
06:30,173,com.tile.match.blockpuzzle,"Tile Family®:Match Puzzle Game"
06:30,174,com.funplus.kingofavalon,"Frost & Flame: King of Avalon"
06:30,175,com.playtika.caesarscasino,"Caesars Slots: Casino Games"
06:30,176,com.MelsoftGames.FamilyIslandFarm,"Family Island™ — Farming game"
06:30,177,com.abi.colony.flow,"Colony Flow!"
06:30,178,com.nexon.ma,"MapleStory : Idle RPG"
06:30,179,com.blizzard.diablo.immortal,"Diablo Immortal"
06:30,180,com.duykanbakay.carconveyortransfer,"Car Sort: Color Puzzle"
06:30,181,com.sivona.stormshot.e,"Stormshot: Isle of Adventure"
06:30,182,com.tocaboca.tocalifeworld,"Toca Boca World"
06:30,183,com.merge.game.foodstars,"Foodstars: Merge & Cook"
06:30,184,adventure.party.real.life,"Sunday City: Life RolePlay"
06:30,185,com.kingsgroup.sos,"State of Survival: Zombie War"
06:30,186,com.igg.android.doomsdaylastsurvivors,"Doomsday: Odysseus Returns"
06:30,187,com.gryphline.endfield.gp,"Arknights: Endfield"
06:30,188,com.pockethaven.roguelegend,"Rogue Legend - Roguelike RPG"
06:30,189,com.monopoly.dream.idle.king,"Top Tycoon: Coin Theme Empire"
06:30,190,com.Garawell.LoopSort,"Loop Sort"
06:30,191,com.fiveminlab.overgeared.hero.backpack.merge,"Overgeared Hero: Merge RPG"
06:30,192,net.peakgames.mobile.spades.android,"Spades Plus - Card Game"
06:30,193,com.cyphergames.royalsmash,"Royal Smash! - Physics Puzzle"
06:30,194,com.ea.gp.maddennfl21mobile,"Madden NFL 27 Mobile Football"
06:30,195,com.devsisters.ck,"CookieRun: Kingdom"
06:30,196,com.kurogame.wutheringwaves.global,"Wuthering Waves - To Xuanfang"
06:30,197,com.zynga.hititrich,"Hit it Rich! Casino Slots Game"
06:30,198,com.nvsgames.snap,"MARVEL SNAP: Hero Strategy CCG"
06:30,199,com.topwar.gp,"Top War: Battle Game"
06:30,200,com.hariwn.legendofcivilizations,"Forge Master"
07:30,1,com.scopely.monopolygo,"MONOPOLY GO!"
07:30,2,com.roblox.client,"Roblox"
07:30,3,com.king.candycrushsaga,"Candy Crush Saga"
07:30,4,com.run.tower.defense,"Kingshot"
07:30,5,com.dreamgames.royalmatch,"Royal Match"
07:30,6,com.mergegames.gossipharbor,"Gossip Harbor: Merge & Story"
07:30,7,com.gof.global,"Whiteout Survival"
07:30,8,com.playrix.township,"Township"
07:30,9,com.fun.lastwar.gp,"Last War:Survival Game"
07:30,10,com.dreamgames.royalkingdom,"Royal Kingdom"
07:30,11,com.moonactive.coinmaster,"Coin Master"
07:30,12,com.nianticlabs.pokemongo,"Pokémon GO"
07:30,13,com.topgamesinc.evony,"Evony: The King's Return"
07:30,14,com.readygo.barrel.gp,"Last Z: Survival Shooter"
07:30,15,com.totalbattle,"Total Battle: War Strategy"
07:30,16,net.peakgames.toonblast,"Toon Blast"
07:30,17,com.activision.callofduty.shooter,"Call of Duty®: Mobile"
07:30,18,com.williamsinteractive.jackpotparty,"Jackpot Party Casino Slots"
07:30,19,com.zjcs.android.us,"Sword x Staff"
07:30,20,com.phs.global,"Last Asylum: Plague"
07:30,21,com.playrix.gardenscapes,"Gardenscapes"
07:30,22,net.peakgames.match,"Match Factory!"
07:30,23,com.productmadness.cashmancasino,"Cashman Casino Slots Games"
07:30,24,com.playrix.fishdomdd.gplay,"Fishdom"
07:30,25,com.productmadness.lightninglink,"Lightning Link Casino Slots"
07:30,26,air.com.buffalo_studios.newflashbingo,"Bingo Blitz™️ - Bingo Games"
07:30,27,com.king.candycrushsodasaga,"Candy Crush Soda Saga"
07:30,28,com.dts.freefireth,"Free Fire: 9th Anniversary"
07:30,29,com.fatmerge.global,"Tasty Travels: Merge Game"
07:30,30,com.superplaystudios.disneysolitairedreams,"Disney Solitaire"
07:30,31,com.loomgames.pixelflow,"Pixel Flow!"
07:30,32,com.playrix.homescapes,"Homescapes"
07:30,33,com.diamondlife.slots.vegas.free,"Lotsa Slots - Casino Games"
07:30,34,com.combo.yarnflow,"Yarn Loop"
07:30,35,com.readygo.dark.gp,"Dark War Survival"
07:30,36,com.superplaystudios.dicedreams,"Dice Dreams™️"
07:30,37,com.tencent.ig,"PUBG MOBILE"
07:30,38,com.supercell.clashofclans,"Clash of Clans"
07:30,39,com.homagames.studio.allinhole,"All in Hole: Black Hole Games"
07:30,40,slots.pcg.casino.games.free.android,"Cash Frenzy™ - Casino Slots"
07:30,41,com.merge.cooking.theme.restaurant.food,"Merge Cooking®"
07:30,42,com.cola.game,"Flambé®: Merge & Cook"
07:30,43,com.ballytechnologies.quickhitslots,"Quick Hit Casino Slots Games"
07:30,44,jp.pokemon.pokemontcgp,"Pokémon TCG Pocket - Card Game"
07:30,45,com.productmadness.hovmobile,"Slots: Heart of Vegas Casino"
07:30,46,com.bingo.cruise.free.best.top.game,"Bingo Voyage - Live Bingo Game"
07:30,47,com.global.pnck,"Puzzles & Chaos: Frozen Castle"
07:30,48,com.global.ztmslg,"Puzzles & Survival"
07:30,49,com.cedargames.mysterytown,"Mystery Town: Merge Games"
07:30,50,com.farlightgames.pgame.gp,"Clash of Critters"
07:30,51,net.supertreat.solitaire,"Solitaire Grand Harvest"
07:30,52,io.randomco.travel,"Travel Town - Merge Adventure"
07:30,53,com.supercell.brawlstars,"Brawl Stars"
07:30,54,com.joycastle.mergematch,"Matching Story - Puzzle Games"
07:30,55,com.moonactive.cmboard,"Coin Master - Board Adventure"
07:30,56,com.playdemic.golf.android,"Golf Clash - Golfing Simulator"
07:30,57,com.newai.ooc,"OOC: The Playable Anime"
07:30,58,com.wizards.mtga,"Magic: The Gathering Arena"
07:30,59,com.ea.gp.fifamobile,"EA SPORTS FC Soccer Mobile 26"
07:30,60,com.plarium.raidlegends,"RAID: Shadow Legends"
07:30,61,com.mojang.minecraftpe,"Minecraft: Dream it, Build it!"
07:30,62,net.wooga.junes_journey_hidden_object_mystery_game,"June's Journey: Hidden Objects"
07:30,63,com.everywear.game5,"Merge Mansion: Puzzles & Story"
07:30,64,com.grandgames.magicsort,"Magic Sort!"
07:30,65,com.olleyo.piggy.king.free,"Piggy Kingdom"
07:30,66,com.aniplex.fategrandorder.en,"Fate/Grand Order (English)"
07:30,67,com.grandegames.slots.dafu.casino,"Jackpot World™ - Slots Casino"
07:30,68,com.foxnextgames.m3,"MARVEL Strike Force: Squad RPG"
07:30,69,com.moonactive.holestars,"Hole Stars: Puzzle Game"
07:30,70,com.online.huntingsniper,"Hunting Sniper"
07:30,71,air.com.playtika.slotomania,"Slotomania™ Slots Casino Games"
07:30,72,net.peakgames.amy,"Toy Blast"
07:30,73,com.supercell.clashroyale,"Clash Royale"
07:30,74,com.cooking.bingo.ldkwh,"Bingo Frenzy™-Live Bingo Games"
07:30,75,com.bandainamcoent.dblegends_ww,"DRAGON BALL LEGENDS"
07:30,76,com.gramgames.mergedragons,"Merge Dragons!"
07:30,77,com.playtika.wsop.gp,"WSOP Poker: Texas Holdem Game"
07:30,78,com.cygames.umamusume,"Umamusume: Pretty Derby"
07:30,79,jp.konami.pesam,"eFootball™"
07:30,80,game.qualiarts.hololive.dreams.com,"hololive Dreams"
07:30,81,com.ea.game.starwarscapital_row,"Star Wars™: Galaxy of Heroes"
07:30,82,com.gsn.android.tripeaks,"Tiki Solitaire TriPeaks"
07:30,83,com.unicornstudio.cashparty.slots.casino.vegas.free,"Cash Club Casino - Vegas Slots"
07:30,84,com.scopely.yux,"Yahtzee® With Buddies Dice Fun"
07:30,85,com.microdose.balljam,"Marble Sort! - Color Puzzle"
07:30,86,com.jmsgame.jackpotmastercasino,"Jackpot Master™ Slots - Casino"
07:30,87,com.proximabeta.nikke,"GODDESS OF VICTORY: NIKKE"
07:30,88,com.selfawaregames.acecasino,"Big Fish Casino - Slots Games"
07:30,89,com.lilithgame.roc.gp,"Rise of Kingdoms: Lost Crusade"
07:30,90,com.rovio.baba,"Angry Birds 2"
07:30,91,com.hitappsgames.wordsolitaire,"Solitaire Associations Journey"
07:30,92,com.playstudios.popslots,"POP! Slots™"
07:30,93,com.HoYoverse.hkrpgoversea,"Honkai: Star Rail"
07:30,94,com.smallgiantgames.empires,"Empires & Puzzles: Match-3 RPG"
07:30,95,com.bgg.jump,"Project Makeover"
07:30,96,com.funfizz.palmon.gp,"Palmon: Survival"
07:30,97,com.gamedots.seasideescape,"Seaside Escape®: Merge & Story"
07:30,98,com.snowprintstudios.tacticus,"Warhammer 40,000: Tacticus ™"
07:30,99,com.xman.na.gp,"X-Clash"
07:30,100,com.GybeGames.ColorBlockJam,"Color Block Jam"
07:30,101,com.funtomic.matchmasters,"Match Masters"
07:30,102,com.ddi,"DoubleDown Casino Vegas Slots"
07:30,103,com.rotatelab.cubeblast,"Cube Land Puzzle Game"
07:30,104,com.dts.freefiremax,"Free Fire MAX"
07:30,105,com.screenshake.dominodreams,"Domino Dreams™"
07:30,106,com.HoYoverse.Nap,"Zenless Zone Zero - Anniv."
07:30,107,com.wb.goog.hotd.socialstrategy,"Game of Thrones: Dragonfire"
07:30,108,com.williamsinteractive.goldfish,"Gold Fish Casino Slot Games"
07:30,109,com.goodjobgames.matchvillains,"Match Villains"
07:30,110,com.topultragame.slotlasvega,"Cash Tornado™ Slots - Casino"
07:30,111,com.yottagames.gameofmafia,"The Grand Mafia"
07:30,112,com.camelgames.aoz,"Age of Origins"
07:30,113,com.slg.policewar,"Police Chief"
07:30,114,com.scientificgames.monopolyslots,"MONOPOLY Slots - Casino Games"
07:30,115,com.huuuge.casino.slots,"Huuuge Casino 777 Slots Games"
07:30,116,com.gtarcade.ioe.global,"Infinity Kingdom"
07:30,117,com.scopely.startrek,"Star Trek Fleet Command"
07:30,118,com.hollywood.merge,"Hollywood Merge"
07:30,119,com.epicoro.castleclashers,"Castle Busters"
07:30,120,com.ig.screwdom,"Screwdom 3D"
07:30,121,com.doubleugames.DoubleUCasino,"DoubleU Casino™ - Vegas Slots"
07:30,122,com.master.triple3d.find,"Triple Match 3D"
07:30,123,com.nexters.herowars,"Hero Wars: Alliance RPG Legend"
07:30,124,com.im30.ROE.gp,"Rise of Castles: Ice and Fire"
07:30,125,com.pixonic.wwr,"War Robots Multiplayer Battles"
07:30,126,com.mattel163.phase10,"Phase 10: Casual Card Game"
07:30,127,com.supercell.hayday,"Hay Day"
07:30,128,com.a3.topgirl.gplay,"Top Girl"
07:30,129,com.king.farmheroessaga,"Farm Heroes Saga"
07:30,130,com.crowdstar.covetHome,"Design Home™: House Makeover"
07:30,131,com.productmadness.fafafagold,"Mighty Fu Casino Slots Games"
07:30,132,com.vincentb.MobControl,"Mob Control"
07:30,133,com.funplus.ts.global,"Tiles Survive!"
07:30,134,com.miniclip.eightballpool,"8 Ball Pool"
07:30,135,com.goodville.goodgame,"Goodville: Farm Game Adventure"
07:30,136,com.rc.cityCleaner,"Triple Match City"
07:30,137,jp.konami.masterduel,"Yu-Gi-Oh! Master Duel"
07:30,138,com.sports.real.golf.rival.online,"Golf Rival - Multiplayer Game"
07:30,139,com.devsisters.cc,"CookieRun: Crumble - Idle RPG"
07:30,140,com.ballytechnologies.f88,"88 Fortunes™ Casino Slot Games"
07:30,141,com.iskslowtest.mislen,"Isekai:Slow Life"
07:30,142,com.TechTreeGames.TheTower,"The Tower - Idle Tower Defense"
07:30,143,com.checkbox.minershminer,"Idle Obelisk Miner"
07:30,144,com.ubisoft.invincible.guardians.globe.idle.superhero.rpg.battle.afk,"Invincible: Guarding the Globe"
07:30,145,com.innplaylabs.animalkingdomraid,"Animals & Coins Adventure Game"
07:30,146,com.zynga.wizardofoz,"Wizard of Oz Slots Games"
07:30,147,com.bagelcode.slots1,"Club Vegas Casino Slots Games"
07:30,148,com.chess,"Chess - Play and Learn Online"
07:30,149,com.mobile.legends.usa,"Mobile Legends: Bang Bang.US"
07:30,150,com.camelgames.superking,"War and Order"
07:30,151,com.farlightgames.igame.gp,"AFK Journey"
07:30,152,com.justgame.jails,"Lands of Jail"
07:30,153,com.orcas.panthia.island.fairyscapes,"Panthia®: Magic & Merge Game"
07:30,154,com.bigfishgames.jackpotcityslotsf2pgoogle,"Jackpot Magic - Casino Slots"
07:30,155,com.nintendo.zaba,"Fire Emblem Heroes"
07:30,156,com.com2us.smon.normal.freefull.google.kr.android.common,"Summoners War X Frieren"
07:30,157,com.mrtgd2us.google,"Duck Survival"
07:30,158,com.kabam.marvelbattle,"Marvel Contest of Champions"
07:30,159,com.nytimes.crossword,"NYT Games: Wordle & Crossword"
07:30,160,com.miHoYo.GenshinImpact,"Genshin Impact"
07:30,161,com.vm3.global,"Truck Star"
07:30,162,com.igg.android.lordsmobile,"Lords Mobile x Transformers"
07:30,163,com.games.foundation,"Foundation: Galactic Frontier"
07:30,164,com.Chillgaming.oneState,"OneState RP - Role Play Life"
07:30,165,com.spark.sp.gp,"Narco Empire"
07:30,166,com.diandian.gog,"Guns of Glory: Lost Island"
07:30,167,jp.co.goodroid.hyper.busflow,"Bus Traffic Fever!"
07:30,168,com.Sunborn.SnqxExilium.Glo,"GIRLS' FRONTLINE 2: EXILIUM"
07:30,169,com.bandainamcogames.dbzdokkanww,"DRAGON BALL Z DOKKAN BATTLE"
07:30,170,air.com.bitrhymes.bingo,"Bingo Bash: Live Bingo Games"
07:30,171,com.vizorapps.klondike,"Klondike Adventures: Farm Game"
07:30,172,com.zynga.gotslots,"Game of Thrones Slots Casino"
07:30,173,com.tile.match.blockpuzzle,"Tile Family®:Match Puzzle Game"
07:30,174,com.funplus.kingofavalon,"Frost & Flame: King of Avalon"
07:30,175,com.playtika.caesarscasino,"Caesars Slots: Casino Games"
07:30,176,com.MelsoftGames.FamilyIslandFarm,"Family Island™ — Farming game"
07:30,177,com.abi.colony.flow,"Colony Flow!"
07:30,178,com.nexon.ma,"MapleStory : Idle RPG"
07:30,179,com.blizzard.diablo.immortal,"Diablo Immortal"
07:30,180,com.duykanbakay.carconveyortransfer,"Car Sort: Color Puzzle"
07:30,181,com.sivona.stormshot.e,"Stormshot: Isle of Adventure"
07:30,182,com.tocaboca.tocalifeworld,"Toca Boca World"
07:30,183,com.merge.game.foodstars,"Foodstars: Merge & Cook"
07:30,184,adventure.party.real.life,"Sunday City: Life RolePlay"
07:30,185,com.kingsgroup.sos,"State of Survival: Zombie War"
07:30,186,com.igg.android.doomsdaylastsurvivors,"Doomsday: Odysseus Returns"
07:30,187,com.gryphline.endfield.gp,"Arknights: Endfield"
07:30,188,com.pockethaven.roguelegend,"Rogue Legend - Roguelike RPG"
07:30,189,com.monopoly.dream.idle.king,"Top Tycoon: Coin Theme Empire"
07:30,190,com.Garawell.LoopSort,"Loop Sort"
07:30,191,com.fiveminlab.overgeared.hero.backpack.merge,"Overgeared Hero: Merge RPG"
07:30,192,net.peakgames.mobile.spades.android,"Spades Plus - Card Game"
07:30,193,com.cyphergames.royalsmash,"Royal Smash! - Physics Puzzle"
07:30,194,com.ea.gp.maddennfl21mobile,"Madden NFL 27 Mobile Football"
07:30,195,com.devsisters.ck,"CookieRun: Kingdom"
07:30,196,com.kurogame.wutheringwaves.global,"Wuthering Waves - To Xuanfang"
07:30,197,com.zynga.hititrich,"Hit it Rich! Casino Slots Game"
07:30,198,com.nvsgames.snap,"MARVEL SNAP: Hero Strategy CCG"
07:30,199,com.topwar.gp,"Top War: Battle Game"
07:30,200,com.hariwn.legendofcivilizations,"Forge Master"
08:30,1,com.scopely.monopolygo,"MONOPOLY GO!"
08:30,2,com.roblox.client,"Roblox"
08:30,3,com.king.candycrushsaga,"Candy Crush Saga"
08:30,4,com.run.tower.defense,"Kingshot"
08:30,5,com.dreamgames.royalmatch,"Royal Match"
08:30,6,com.mergegames.gossipharbor,"Gossip Harbor: Merge & Story"
08:30,7,com.gof.global,"Whiteout Survival"
08:30,8,com.playrix.township,"Township"
08:30,9,com.fun.lastwar.gp,"Last War:Survival Game"
08:30,10,com.dreamgames.royalkingdom,"Royal Kingdom"
08:30,11,com.moonactive.coinmaster,"Coin Master"
08:30,12,com.nianticlabs.pokemongo,"Pokémon GO"
08:30,13,com.topgamesinc.evony,"Evony: The King's Return"
08:30,14,com.readygo.barrel.gp,"Last Z: Survival Shooter"
08:30,15,com.totalbattle,"Total Battle: War Strategy"
08:30,16,net.peakgames.toonblast,"Toon Blast"
08:30,17,com.activision.callofduty.shooter,"Call of Duty®: Mobile"
08:30,18,com.williamsinteractive.jackpotparty,"Jackpot Party Casino Slots"
08:30,19,com.zjcs.android.us,"Sword x Staff"
08:30,20,com.phs.global,"Last Asylum: Plague"
08:30,21,com.playrix.gardenscapes,"Gardenscapes"
08:30,22,net.peakgames.match,"Match Factory!"
08:30,23,com.productmadness.cashmancasino,"Cashman Casino Slots Games"
08:30,24,com.playrix.fishdomdd.gplay,"Fishdom"
08:30,25,com.productmadness.lightninglink,"Lightning Link Casino Slots"
08:30,26,air.com.buffalo_studios.newflashbingo,"Bingo Blitz™️ - Bingo Games"
08:30,27,com.king.candycrushsodasaga,"Candy Crush Soda Saga"
08:30,28,com.dts.freefireth,"Free Fire: 9th Anniversary"
08:30,29,com.fatmerge.global,"Tasty Travels: Merge Game"
08:30,30,com.superplaystudios.disneysolitairedreams,"Disney Solitaire"
08:30,31,com.loomgames.pixelflow,"Pixel Flow!"
08:30,32,com.playrix.homescapes,"Homescapes"
08:30,33,com.diamondlife.slots.vegas.free,"Lotsa Slots - Casino Games"
08:30,34,com.combo.yarnflow,"Yarn Loop"
08:30,35,com.readygo.dark.gp,"Dark War Survival"
08:30,36,com.superplaystudios.dicedreams,"Dice Dreams™️"
08:30,37,com.tencent.ig,"PUBG MOBILE"
08:30,38,com.supercell.clashofclans,"Clash of Clans"
08:30,39,com.homagames.studio.allinhole,"All in Hole: Black Hole Games"
08:30,40,slots.pcg.casino.games.free.android,"Cash Frenzy™ - Casino Slots"
08:30,41,com.merge.cooking.theme.restaurant.food,"Merge Cooking®"
08:30,42,com.cola.game,"Flambé®: Merge & Cook"
08:30,43,com.ballytechnologies.quickhitslots,"Quick Hit Casino Slots Games"
08:30,44,jp.pokemon.pokemontcgp,"Pokémon TCG Pocket - Card Game"
08:30,45,com.productmadness.hovmobile,"Slots: Heart of Vegas Casino"
08:30,46,com.bingo.cruise.free.best.top.game,"Bingo Voyage - Live Bingo Game"
08:30,47,com.global.pnck,"Puzzles & Chaos: Frozen Castle"
08:30,48,com.global.ztmslg,"Puzzles & Survival"
08:30,49,com.cedargames.mysterytown,"Mystery Town: Merge Games"
08:30,50,com.farlightgames.pgame.gp,"Clash of Critters"
08:30,51,net.supertreat.solitaire,"Solitaire Grand Harvest"
08:30,52,io.randomco.travel,"Travel Town - Merge Adventure"
08:30,53,com.supercell.brawlstars,"Brawl Stars"
08:30,54,com.joycastle.mergematch,"Matching Story - Puzzle Games"
08:30,55,com.moonactive.cmboard,"Coin Master - Board Adventure"
08:30,56,com.playdemic.golf.android,"Golf Clash - Golfing Simulator"
08:30,57,com.newai.ooc,"OOC: The Playable Anime"
08:30,58,com.wizards.mtga,"Magic: The Gathering Arena"
08:30,59,com.ea.gp.fifamobile,"EA SPORTS FC Soccer Mobile 26"
08:30,60,com.plarium.raidlegends,"RAID: Shadow Legends"
08:30,61,com.mojang.minecraftpe,"Minecraft: Dream it, Build it!"
08:30,62,net.wooga.junes_journey_hidden_object_mystery_game,"June's Journey: Hidden Objects"
08:30,63,com.everywear.game5,"Merge Mansion: Puzzles & Story"
08:30,64,com.grandgames.magicsort,"Magic Sort!"
08:30,65,com.olleyo.piggy.king.free,"Piggy Kingdom"
08:30,66,com.aniplex.fategrandorder.en,"Fate/Grand Order (English)"
08:30,67,com.grandegames.slots.dafu.casino,"Jackpot World™ - Slots Casino"
08:30,68,com.foxnextgames.m3,"MARVEL Strike Force: Squad RPG"
08:30,69,com.moonactive.holestars,"Hole Stars: Puzzle Game"
08:30,70,com.online.huntingsniper,"Hunting Sniper"
08:30,71,air.com.playtika.slotomania,"Slotomania™ Slots Casino Games"
08:30,72,net.peakgames.amy,"Toy Blast"
08:30,73,com.supercell.clashroyale,"Clash Royale"
08:30,74,com.cooking.bingo.ldkwh,"Bingo Frenzy™-Live Bingo Games"
08:30,75,com.bandainamcoent.dblegends_ww,"DRAGON BALL LEGENDS"
08:30,76,com.gramgames.mergedragons,"Merge Dragons!"
08:30,77,com.playtika.wsop.gp,"WSOP Poker: Texas Holdem Game"
08:30,78,com.cygames.umamusume,"Umamusume: Pretty Derby"
08:30,79,jp.konami.pesam,"eFootball™"
08:30,80,game.qualiarts.hololive.dreams.com,"hololive Dreams"
08:30,81,com.ea.game.starwarscapital_row,"Star Wars™: Galaxy of Heroes"
08:30,82,com.gsn.android.tripeaks,"Tiki Solitaire TriPeaks"
08:30,83,com.unicornstudio.cashparty.slots.casino.vegas.free,"Cash Club Casino - Vegas Slots"
08:30,84,com.scopely.yux,"Yahtzee® With Buddies Dice Fun"
08:30,85,com.microdose.balljam,"Marble Sort! - Color Puzzle"
08:30,86,com.jmsgame.jackpotmastercasino,"Jackpot Master™ Slots - Casino"
08:30,87,com.proximabeta.nikke,"GODDESS OF VICTORY: NIKKE"
08:30,88,com.selfawaregames.acecasino,"Big Fish Casino - Slots Games"
08:30,89,com.lilithgame.roc.gp,"Rise of Kingdoms: Lost Crusade"
08:30,90,com.rovio.baba,"Angry Birds 2"
08:30,91,com.hitappsgames.wordsolitaire,"Solitaire Associations Journey"
08:30,92,com.playstudios.popslots,"POP! Slots™"
08:30,93,com.HoYoverse.hkrpgoversea,"Honkai: Star Rail"
08:30,94,com.smallgiantgames.empires,"Empires & Puzzles: Match-3 RPG"
08:30,95,com.bgg.jump,"Project Makeover"
08:30,96,com.funfizz.palmon.gp,"Palmon: Survival"
08:30,97,com.gamedots.seasideescape,"Seaside Escape®: Merge & Story"
08:30,98,com.snowprintstudios.tacticus,"Warhammer 40,000: Tacticus ™"
08:30,99,com.xman.na.gp,"X-Clash"
08:30,100,com.GybeGames.ColorBlockJam,"Color Block Jam"
08:30,101,com.funtomic.matchmasters,"Match Masters"
08:30,102,com.ddi,"DoubleDown Casino Vegas Slots"
08:30,103,com.rotatelab.cubeblast,"Cube Land Puzzle Game"
08:30,104,com.dts.freefiremax,"Free Fire MAX"
08:30,105,com.screenshake.dominodreams,"Domino Dreams™"
08:30,106,com.HoYoverse.Nap,"Zenless Zone Zero - Anniv."
08:30,107,com.wb.goog.hotd.socialstrategy,"Game of Thrones: Dragonfire"
08:30,108,com.williamsinteractive.goldfish,"Gold Fish Casino Slot Games"
08:30,109,com.goodjobgames.matchvillains,"Match Villains"
08:30,110,com.topultragame.slotlasvega,"Cash Tornado™ Slots - Casino"
08:30,111,com.yottagames.gameofmafia,"The Grand Mafia"
08:30,112,com.camelgames.aoz,"Age of Origins"
08:30,113,com.slg.policewar,"Police Chief"
08:30,114,com.scientificgames.monopolyslots,"MONOPOLY Slots - Casino Games"
08:30,115,com.huuuge.casino.slots,"Huuuge Casino 777 Slots Games"
08:30,116,com.gtarcade.ioe.global,"Infinity Kingdom"
08:30,117,com.scopely.startrek,"Star Trek Fleet Command"
08:30,118,com.hollywood.merge,"Hollywood Merge"
08:30,119,com.epicoro.castleclashers,"Castle Busters"
08:30,120,com.ig.screwdom,"Screwdom 3D"
08:30,121,com.doubleugames.DoubleUCasino,"DoubleU Casino™ - Vegas Slots"
08:30,122,com.master.triple3d.find,"Triple Match 3D"
08:30,123,com.nexters.herowars,"Hero Wars: Alliance RPG Legend"
08:30,124,com.im30.ROE.gp,"Rise of Castles: Ice and Fire"
08:30,125,com.pixonic.wwr,"War Robots Multiplayer Battles"
08:30,126,com.mattel163.phase10,"Phase 10: Casual Card Game"
08:30,127,com.supercell.hayday,"Hay Day"
08:30,128,com.a3.topgirl.gplay,"Top Girl"
08:30,129,com.king.farmheroessaga,"Farm Heroes Saga"
08:30,130,com.crowdstar.covetHome,"Design Home™: House Makeover"
08:30,131,com.productmadness.fafafagold,"Mighty Fu Casino Slots Games"
08:30,132,com.vincentb.MobControl,"Mob Control"
08:30,133,com.funplus.ts.global,"Tiles Survive!"
08:30,134,com.miniclip.eightballpool,"8 Ball Pool"
08:30,135,com.goodville.goodgame,"Goodville: Farm Game Adventure"
08:30,136,com.rc.cityCleaner,"Triple Match City"
08:30,137,jp.konami.masterduel,"Yu-Gi-Oh! Master Duel"
08:30,138,com.sports.real.golf.rival.online,"Golf Rival - Multiplayer Game"
08:30,139,com.devsisters.cc,"CookieRun: Crumble - Idle RPG"
08:30,140,com.ballytechnologies.f88,"88 Fortunes™ Casino Slot Games"
08:30,141,com.iskslowtest.mislen,"Isekai:Slow Life"
08:30,142,com.TechTreeGames.TheTower,"The Tower - Idle Tower Defense"
08:30,143,com.checkbox.minershminer,"Idle Obelisk Miner"
08:30,144,com.ubisoft.invincible.guardians.globe.idle.superhero.rpg.battle.afk,"Invincible: Guarding the Globe"
08:30,145,com.innplaylabs.animalkingdomraid,"Animals & Coins Adventure Game"
08:30,146,com.zynga.wizardofoz,"Wizard of Oz Slots Games"
08:30,147,com.bagelcode.slots1,"Club Vegas Casino Slots Games"
08:30,148,com.chess,"Chess - Play and Learn Online"
08:30,149,com.mobile.legends.usa,"Mobile Legends: Bang Bang.US"
08:30,150,com.camelgames.superking,"War and Order"
08:30,151,com.farlightgames.igame.gp,"AFK Journey"
08:30,152,com.justgame.jails,"Lands of Jail"
08:30,153,com.orcas.panthia.island.fairyscapes,"Panthia®: Magic & Merge Game"
08:30,154,com.bigfishgames.jackpotcityslotsf2pgoogle,"Jackpot Magic - Casino Slots"
08:30,155,com.nintendo.zaba,"Fire Emblem Heroes"
08:30,156,com.com2us.smon.normal.freefull.google.kr.android.common,"Summoners War X Frieren"
08:30,157,com.mrtgd2us.google,"Duck Survival"
08:30,158,com.kabam.marvelbattle,"Marvel Contest of Champions"
08:30,159,com.nytimes.crossword,"NYT Games: Wordle & Crossword"
08:30,160,com.miHoYo.GenshinImpact,"Genshin Impact"
08:30,161,com.vm3.global,"Truck Star"
08:30,162,com.igg.android.lordsmobile,"Lords Mobile x Transformers"
08:30,163,com.games.foundation,"Foundation: Galactic Frontier"
08:30,164,com.Chillgaming.oneState,"OneState RP - Role Play Life"
08:30,165,com.spark.sp.gp,"Narco Empire"
08:30,166,com.diandian.gog,"Guns of Glory: Lost Island"
08:30,167,jp.co.goodroid.hyper.busflow,"Bus Traffic Fever!"
08:30,168,com.Sunborn.SnqxExilium.Glo,"GIRLS' FRONTLINE 2: EXILIUM"
08:30,169,com.bandainamcogames.dbzdokkanww,"DRAGON BALL Z DOKKAN BATTLE"
08:30,170,air.com.bitrhymes.bingo,"Bingo Bash: Live Bingo Games"
08:30,171,com.vizorapps.klondike,"Klondike Adventures: Farm Game"
08:30,172,com.zynga.gotslots,"Game of Thrones Slots Casino"
08:30,173,com.tile.match.blockpuzzle,"Tile Family®:Match Puzzle Game"
08:30,174,com.funplus.kingofavalon,"Frost & Flame: King of Avalon"
08:30,175,com.playtika.caesarscasino,"Caesars Slots: Casino Games"
08:30,176,com.MelsoftGames.FamilyIslandFarm,"Family Island™ — Farming game"
08:30,177,com.abi.colony.flow,"Colony Flow!"
08:30,178,com.nexon.ma,"MapleStory : Idle RPG"
08:30,179,com.blizzard.diablo.immortal,"Diablo Immortal"
08:30,180,com.duykanbakay.carconveyortransfer,"Car Sort: Color Puzzle"
08:30,181,com.sivona.stormshot.e,"Stormshot: Isle of Adventure"
08:30,182,com.tocaboca.tocalifeworld,"Toca Boca World"
08:30,183,com.merge.game.foodstars,"Foodstars: Merge & Cook"
08:30,184,adventure.party.real.life,"Sunday City: Life RolePlay"
08:30,185,com.kingsgroup.sos,"State of Survival: Zombie War"
08:30,186,com.igg.android.doomsdaylastsurvivors,"Doomsday: Odysseus Returns"
08:30,187,com.gryphline.endfield.gp,"Arknights: Endfield"
08:30,188,com.pockethaven.roguelegend,"Rogue Legend - Roguelike RPG"
08:30,189,com.monopoly.dream.idle.king,"Top Tycoon: Coin Theme Empire"
08:30,190,com.Garawell.LoopSort,"Loop Sort"
08:30,191,com.fiveminlab.overgeared.hero.backpack.merge,"Overgeared Hero: Merge RPG"
08:30,192,net.peakgames.mobile.spades.android,"Spades Plus - Card Game"
08:30,193,com.cyphergames.royalsmash,"Royal Smash! - Physics Puzzle"
08:30,194,com.ea.gp.maddennfl21mobile,"Madden NFL 27 Mobile Football"
08:30,195,com.devsisters.ck,"CookieRun: Kingdom"
08:30,196,com.kurogame.wutheringwaves.global,"Wuthering Waves - To Xuanfang"
08:30,197,com.zynga.hititrich,"Hit it Rich! Casino Slots Game"
08:30,198,com.nvsgames.snap,"MARVEL SNAP: Hero Strategy CCG"
08:30,199,com.topwar.gp,"Top War: Battle Game"
08:30,200,com.hariwn.legendofcivilizations,"Forge Master"
10:00,1,com.scopely.monopolygo,"MONOPOLY GO!"
10:00,2,com.roblox.client,"Roblox"
10:00,3,com.king.candycrushsaga,"Candy Crush Saga"
10:00,4,com.run.tower.defense,"Kingshot"
10:00,5,com.dreamgames.royalmatch,"Royal Match"
10:00,6,com.mergegames.gossipharbor,"Gossip Harbor: Merge & Story"
10:00,7,com.gof.global,"Whiteout Survival"
10:00,8,com.fun.lastwar.gp,"Last War:Survival Game"
10:00,9,com.playrix.township,"Township"
10:00,10,com.moonactive.coinmaster,"Coin Master"
10:00,11,com.dreamgames.royalkingdom,"Royal Kingdom"
10:00,12,com.nianticlabs.pokemongo,"Pokémon GO"
10:00,13,com.readygo.barrel.gp,"Last Z: Survival Shooter"
10:00,14,com.topgamesinc.evony,"Evony: The King's Return"
10:00,15,com.totalbattle,"Total Battle: War Strategy"
10:00,16,net.peakgames.toonblast,"Toon Blast"
10:00,17,com.activision.callofduty.shooter,"Call of Duty®: Mobile"
10:00,18,com.williamsinteractive.jackpotparty,"Jackpot Party Casino Slots"
10:00,19,com.phs.global,"Last Asylum: Plague"
10:00,20,com.zjcs.android.us,"Sword x Staff"
10:00,21,com.playrix.gardenscapes,"Gardenscapes"
10:00,22,net.peakgames.match,"Match Factory!"
10:00,23,com.productmadness.cashmancasino,"Cashman Casino Slots Games"
10:00,24,com.dts.freefireth,"Free Fire: 9th Anniversary"
10:00,25,com.playrix.fishdomdd.gplay,"Fishdom"
10:00,26,com.superplaystudios.disneysolitairedreams,"Disney Solitaire"
10:00,27,com.productmadness.lightninglink,"Lightning Link Casino Slots"
10:00,28,com.king.candycrushsodasaga,"Candy Crush Soda Saga"
10:00,29,com.loomgames.pixelflow,"Pixel Flow!"
10:00,30,air.com.buffalo_studios.newflashbingo,"Bingo Blitz™️ - Bingo Games"
10:00,31,com.fatmerge.global,"Tasty Travels: Merge Game"
10:00,32,com.playrix.homescapes,"Homescapes"
10:00,33,com.combo.yarnflow,"Yarn Loop"
10:00,34,com.diamondlife.slots.vegas.free,"Lotsa Slots - Casino Games"
10:00,35,com.readygo.dark.gp,"Dark War Survival"
10:00,36,com.superplaystudios.dicedreams,"Dice Dreams™️"
10:00,37,com.tencent.ig,"PUBG MOBILE"
10:00,38,com.supercell.clashofclans,"Clash of Clans"
10:00,39,com.homagames.studio.allinhole,"All in Hole: Black Hole Games"
10:00,40,com.merge.cooking.theme.restaurant.food,"Merge Cooking®"
10:00,41,slots.pcg.casino.games.free.android,"Cash Frenzy™ - Casino Slots"
10:00,42,com.ballytechnologies.quickhitslots,"Quick Hit Casino Slots Games"
10:00,43,com.cola.game,"Flambé®: Merge & Cook"
10:00,44,jp.pokemon.pokemontcgp,"Pokémon TCG Pocket - Card Game"
10:00,45,com.productmadness.hovmobile,"Slots: Heart of Vegas Casino"
10:00,46,com.farlightgames.pgame.gp,"Clash of Critters"
10:00,47,com.bingo.cruise.free.best.top.game,"Bingo Voyage - Live Bingo Game"
10:00,48,com.global.pnck,"Puzzles & Chaos: Frozen Castle"
10:00,49,com.cedargames.mysterytown,"Mystery Town: Merge Games"
10:00,50,net.supertreat.solitaire,"Solitaire Grand Harvest"
10:00,51,com.global.ztmslg,"Puzzles & Survival"
10:00,52,com.joycastle.mergematch,"Matching Story - Puzzle Games"
10:00,53,com.supercell.brawlstars,"Brawl Stars"
10:00,54,com.moonactive.cmboard,"Coin Master - Board Adventure"
10:00,55,io.randomco.travel,"Travel Town - Merge Adventure"
10:00,56,com.newai.ooc,"OOC: The Playable Anime"
10:00,57,com.wizards.mtga,"Magic: The Gathering Arena"
10:00,58,com.playdemic.golf.android,"Golf Clash - Golfing Simulator"
10:00,59,com.bandainamcoent.dblegends_ww,"DRAGON BALL LEGENDS"
10:00,60,com.mojang.minecraftpe,"Minecraft: Dream it, Build it!"
10:00,61,com.plarium.raidlegends,"RAID: Shadow Legends"
10:00,62,com.ea.gp.fifamobile,"EA SPORTS FC Soccer Mobile 26"
10:00,63,net.wooga.junes_journey_hidden_object_mystery_game,"June's Journey: Hidden Objects"
10:00,64,com.everywear.game5,"Merge Mansion: Puzzles & Story"
10:00,65,com.grandgames.magicsort,"Magic Sort!"
10:00,66,com.olleyo.piggy.king.free,"Piggy Kingdom"
10:00,67,com.grandegames.slots.dafu.casino,"Jackpot World™ - Slots Casino"
10:00,68,com.online.huntingsniper,"Hunting Sniper"
10:00,69,com.supercell.clashroyale,"Clash Royale"
10:00,70,com.foxnextgames.m3,"MARVEL Strike Force: Squad RPG"
10:00,71,air.com.playtika.slotomania,"Slotomania™ Slots Casino Games"
10:00,72,com.gramgames.mergedragons,"Merge Dragons!"
10:00,73,com.aniplex.fategrandorder.en,"Fate/Grand Order (English)"
10:00,74,com.cooking.bingo.ldkwh,"Bingo Frenzy™-Live Bingo Games"
10:00,75,com.moonactive.holestars,"Hole Stars: Puzzle Game"
10:00,76,net.peakgames.amy,"Toy Blast"
10:00,77,com.ea.game.starwarscapital_row,"Star Wars™: Galaxy of Heroes"
10:00,78,com.gsn.android.tripeaks,"Tiki Solitaire TriPeaks"
10:00,79,com.playtika.wsop.gp,"WSOP Poker: Texas Holdem Game"
10:00,80,com.unicornstudio.cashparty.slots.casino.vegas.free,"Cash Club Casino - Vegas Slots"
10:00,81,jp.konami.pesam,"eFootball™"
10:00,82,com.proximabeta.nikke,"GODDESS OF VICTORY: NIKKE"
10:00,83,game.qualiarts.hololive.dreams.com,"hololive Dreams"
10:00,84,com.jmsgame.jackpotmastercasino,"Jackpot Master™ Slots - Casino"
10:00,85,com.microdose.balljam,"Marble Sort! - Color Puzzle"
10:00,86,com.scopely.yux,"Yahtzee® With Buddies Dice Fun"
10:00,87,com.playstudios.popslots,"POP! Slots™"
10:00,88,com.rovio.baba,"Angry Birds 2"
10:00,89,com.hitappsgames.wordsolitaire,"Solitaire Associations Journey"
10:00,90,com.selfawaregames.acecasino,"Big Fish Casino - Slots Games"
10:00,91,com.lilithgame.roc.gp,"Rise of Kingdoms: Lost Crusade"
10:00,92,com.bgg.jump,"Project Makeover"
10:00,93,com.funfizz.palmon.gp,"Palmon: Survival"
10:00,94,com.gamedots.seasideescape,"Seaside Escape®: Merge & Story"
10:00,95,com.snowprintstudios.tacticus,"Warhammer 40,000: Tacticus ™"
10:00,96,com.cygames.umamusume,"Umamusume: Pretty Derby"
10:00,97,com.smallgiantgames.empires,"Empires & Puzzles: Match-3 RPG"
10:00,98,com.GybeGames.ColorBlockJam,"Color Block Jam"
10:00,99,com.funtomic.matchmasters,"Match Masters"
10:00,100,com.ddi,"DoubleDown Casino Vegas Slots"
10:00,101,com.rotatelab.cubeblast,"Cube Land Puzzle Game"
10:00,102,com.dts.freefiremax,"Free Fire MAX"
10:00,103,com.HoYoverse.Nap,"Zenless Zone Zero - Anniv."
10:00,104,com.wb.goog.hotd.socialstrategy,"Game of Thrones: Dragonfire"
10:00,105,com.williamsinteractive.goldfish,"Gold Fish Casino Slot Games"
10:00,106,com.xman.na.gp,"X-Clash"
10:00,107,com.screenshake.dominodreams,"Domino Dreams™"
10:00,108,com.goodjobgames.matchvillains,"Match Villains"
10:00,109,com.topultragame.slotlasvega,"Cash Tornado™ Slots - Casino"
10:00,110,com.yottagames.gameofmafia,"The Grand Mafia"
10:00,111,com.camelgames.aoz,"Age of Origins"
10:00,112,com.slg.policewar,"Police Chief"
10:00,113,com.gtarcade.ioe.global,"Infinity Kingdom"
10:00,114,com.supercell.hayday,"Hay Day"
10:00,115,com.ig.screwdom,"Screwdom 3D"
10:00,116,com.doubleugames.DoubleUCasino,"DoubleU Casino™ - Vegas Slots"
10:00,117,com.scientificgames.monopolyslots,"MONOPOLY Slots - Casino Games"
10:00,118,com.scopely.startrek,"Star Trek Fleet Command"
10:00,119,com.HoYoverse.hkrpgoversea,"Honkai: Star Rail"
10:00,120,com.huuuge.casino.slots,"Huuuge Casino 777 Slots Games"
10:00,121,com.im30.ROE.gp,"Rise of Castles: Ice and Fire"
10:00,122,com.pixonic.wwr,"War Robots Multiplayer Battles"
10:00,123,com.mattel163.phase10,"Phase 10: Casual Card Game"
10:00,124,com.hollywood.merge,"Hollywood Merge"
10:00,125,com.epicoro.castleclashers,"Castle Busters"
10:00,126,com.a3.topgirl.gplay,"Top Girl"
10:00,127,com.crowdstar.covetHome,"Design Home™: House Makeover"
10:00,128,com.productmadness.fafafagold,"Mighty Fu Casino Slots Games"
10:00,129,com.master.triple3d.find,"Triple Match 3D"
10:00,130,com.nexters.herowars,"Hero Wars: Alliance RPG Legend"
10:00,131,com.vincentb.MobControl,"Mob Control"
10:00,132,com.king.farmheroessaga,"Farm Heroes Saga"
10:00,133,com.sports.real.golf.rival.online,"Golf Rival - Multiplayer Game"
10:00,134,com.goodville.goodgame,"Goodville: Farm Game Adventure"
10:00,135,com.funplus.ts.global,"Tiles Survive!"
10:00,136,com.devsisters.cc,"CookieRun: Crumble - Idle RPG"
10:00,137,com.rc.cityCleaner,"Triple Match City"
10:00,138,com.ballytechnologies.f88,"88 Fortunes™ Casino Slot Games"
10:00,139,com.TechTreeGames.TheTower,"The Tower - Idle Tower Defense"
10:00,140,com.checkbox.minershminer,"Idle Obelisk Miner"
10:00,141,com.ubisoft.invincible.guardians.globe.idle.superhero.rpg.battle.afk,"Invincible: Guarding the Globe"
10:00,142,com.innplaylabs.animalkingdomraid,"Animals & Coins Adventure Game"
10:00,143,com.bagelcode.slots1,"Club Vegas Casino Slots Games"
10:00,144,com.iskslowtest.mislen,"Isekai:Slow Life"
10:00,145,com.camelgames.superking,"War and Order"
10:00,146,com.farlightgames.igame.gp,"AFK Journey"
10:00,147,com.orcas.panthia.island.fairyscapes,"Panthia®: Magic & Merge Game"
10:00,148,com.bigfishgames.jackpotcityslotsf2pgoogle,"Jackpot Magic - Casino Slots"
10:00,149,com.chess,"Chess - Play and Learn Online"
10:00,150,com.mobile.legends.usa,"Mobile Legends: Bang Bang.US"
10:00,151,com.miniclip.eightballpool,"8 Ball Pool"
10:00,152,com.nintendo.zaba,"Fire Emblem Heroes"
10:00,153,com.justgame.jails,"Lands of Jail"
10:00,154,com.com2us.smon.normal.freefull.google.kr.android.common,"Summoners War X Frieren"
10:00,155,com.kabam.marvelbattle,"Marvel Contest of Champions"
10:00,156,com.zynga.wizardofoz,"Wizard of Oz Slots Games"
10:00,157,com.nytimes.crossword,"NYT Games: Wordle & Crossword"
10:00,158,com.miHoYo.GenshinImpact,"Genshin Impact"
10:00,159,com.igg.android.lordsmobile,"Lords Mobile x Transformers"
10:00,160,com.Chillgaming.oneState,"OneState RP - Role Play Life"
10:00,161,com.spark.sp.gp,"Narco Empire"
10:00,162,jp.co.goodroid.hyper.busflow,"Bus Traffic Fever!"
10:00,163,com.mrtgd2us.google,"Duck Survival"
10:00,164,com.vm3.global,"Truck Star"
10:00,165,com.blizzard.diablo.immortal,"Diablo Immortal"
10:00,166,com.bandainamcogames.dbzdokkanww,"DRAGON BALL Z DOKKAN BATTLE"
10:00,167,com.games.foundation,"Foundation: Galactic Frontier"
10:00,168,air.com.bitrhymes.bingo,"Bingo Bash: Live Bingo Games"
10:00,169,com.diandian.gog,"Guns of Glory: Lost Island"
10:00,170,com.tile.match.blockpuzzle,"Tile Family®:Match Puzzle Game"
10:00,171,com.playtika.caesarscasino,"Caesars Slots: Casino Games"
10:00,172,com.zynga.gotslots,"Game of Thrones Slots Casino"
10:00,173,com.sivona.stormshot.e,"Stormshot: Isle of Adventure"
10:00,174,com.MelsoftGames.FamilyIslandFarm,"Family Island™ — Farming game"
10:00,175,com.duykanbakay.carconveyortransfer,"Car Sort: Color Puzzle"
10:00,176,com.vizorapps.klondike,"Klondike Adventures: Farm Game"
10:00,177,com.abi.colony.flow,"Colony Flow!"
10:00,178,com.Sunborn.SnqxExilium.Glo,"GIRLS' FRONTLINE 2: EXILIUM"
10:00,179,com.merge.game.foodstars,"Foodstars: Merge & Cook"
10:00,180,com.funplus.kingofavalon,"Frost & Flame: King of Avalon"
10:00,181,adventure.party.real.life,"Sunday City: Life RolePlay"
10:00,182,com.igg.android.doomsdaylastsurvivors,"Doomsday: Odysseus Returns"
10:00,183,com.kingsgroup.sos,"State of Survival: Zombie War"
10:00,184,com.ea.gp.maddennfl21mobile,"Madden NFL 27 Mobile Football"
10:00,185,com.nexon.ma,"MapleStory : Idle RPG"
10:00,186,com.gryphline.endfield.gp,"Arknights: Endfield"
10:00,187,com.pockethaven.roguelegend,"Rogue Legend - Roguelike RPG"
10:00,188,com.Garawell.LoopSort,"Loop Sort"
10:00,189,com.tocaboca.tocalifeworld,"Toca Boca World"
10:00,190,com.fiveminlab.overgeared.hero.backpack.merge,"Overgeared Hero: Merge RPG"
10:00,191,com.cyphergames.royalsmash,"Royal Smash! - Physics Puzzle"
10:00,192,com.devsisters.ck,"CookieRun: Kingdom"
10:00,193,com.zynga.hititrich,"Hit it Rich! Casino Slots Game"
10:00,194,com.nvsgames.snap,"MARVEL SNAP: Hero Strategy CCG"
10:00,195,com.monopoly.dream.idle.king,"Top Tycoon: Coin Theme Empire"
10:00,196,jp.konami.masterduel,"Yu-Gi-Oh! Master Duel"
10:00,197,com.hariwn.legendofcivilizations,"Forge Master"
10:00,198,net.peakgames.mobile.spades.android,"Spades Plus - Card Game"
10:00,199,com.crazylabs.fashion.squad,"Glow Fashion Idol"
10:00,200,com.yottagames.mafiawar,"Mafia City"
12:30,1,com.scopely.monopolygo,"MONOPOLY GO!"
12:30,2,com.roblox.client,"Roblox"
12:30,3,com.king.candycrushsaga,"Candy Crush Saga"
12:30,4,com.run.tower.defense,"Kingshot"
12:30,5,com.dreamgames.royalmatch,"Royal Match"
12:30,6,com.mergegames.gossipharbor,"Gossip Harbor: Merge & Story"
12:30,7,com.gof.global,"Whiteout Survival"
12:30,8,com.fun.lastwar.gp,"Last War:Survival Game"
12:30,9,com.playrix.township,"Township"
12:30,10,com.moonactive.coinmaster,"Coin Master"
12:30,11,com.dreamgames.royalkingdom,"Royal Kingdom"
12:30,12,com.readygo.barrel.gp,"Last Z: Survival Shooter"
12:30,13,com.topgamesinc.evony,"Evony: The King's Return"
12:30,14,com.nianticlabs.pokemongo,"Pokémon GO"
12:30,15,com.totalbattle,"Total Battle: War Strategy"
12:30,16,net.peakgames.toonblast,"Toon Blast"
12:30,17,com.activision.callofduty.shooter,"Call of Duty®: Mobile"
12:30,18,com.phs.global,"Last Asylum: Plague"
12:30,19,com.williamsinteractive.jackpotparty,"Jackpot Party Casino Slots"
12:30,20,com.zjcs.android.us,"Sword x Staff"
12:30,21,com.playrix.gardenscapes,"Gardenscapes"
12:30,22,net.peakgames.match,"Match Factory!"
12:30,23,com.productmadness.cashmancasino,"Cashman Casino Slots Games"
12:30,24,com.playrix.fishdomdd.gplay,"Fishdom"
12:30,25,com.productmadness.lightninglink,"Lightning Link Casino Slots"
12:30,26,com.king.candycrushsodasaga,"Candy Crush Soda Saga"
12:30,27,air.com.buffalo_studios.newflashbingo,"Bingo Blitz™️ - Bingo Games"
12:30,28,com.dts.freefireth,"Free Fire: 9th Anniversary"
12:30,29,com.fatmerge.global,"Tasty Travels: Merge Game"
12:30,30,com.loomgames.pixelflow,"Pixel Flow!"
12:30,31,com.superplaystudios.disneysolitairedreams,"Disney Solitaire"
12:30,32,com.playrix.homescapes,"Homescapes"
12:30,33,com.diamondlife.slots.vegas.free,"Lotsa Slots - Casino Games"
12:30,34,com.combo.yarnflow,"Yarn Loop"
12:30,35,com.supercell.clashofclans,"Clash of Clans"
12:30,36,com.readygo.dark.gp,"Dark War Survival"
12:30,37,com.tencent.ig,"PUBG MOBILE"
12:30,38,com.superplaystudios.dicedreams,"Dice Dreams™️"
12:30,39,com.homagames.studio.allinhole,"All in Hole: Black Hole Games"
12:30,40,slots.pcg.casino.games.free.android,"Cash Frenzy™ - Casino Slots"
12:30,41,com.merge.cooking.theme.restaurant.food,"Merge Cooking®"
12:30,42,com.ballytechnologies.quickhitslots,"Quick Hit Casino Slots Games"
12:30,43,com.cola.game,"Flambé®: Merge & Cook"
12:30,44,com.farlightgames.pgame.gp,"Clash of Critters"
12:30,45,jp.pokemon.pokemontcgp,"Pokémon TCG Pocket - Card Game"
12:30,46,com.productmadness.hovmobile,"Slots: Heart of Vegas Casino"
12:30,47,com.bingo.cruise.free.best.top.game,"Bingo Voyage - Live Bingo Game"
12:30,48,com.global.pnck,"Puzzles & Chaos: Frozen Castle"
12:30,49,com.cedargames.mysterytown,"Mystery Town: Merge Games"
12:30,50,net.supertreat.solitaire,"Solitaire Grand Harvest"
12:30,51,com.global.ztmslg,"Puzzles & Survival"
12:30,52,com.supercell.brawlstars,"Brawl Stars"
12:30,53,io.randomco.travel,"Travel Town - Merge Adventure"
12:30,54,com.moonactive.cmboard,"Coin Master - Board Adventure"
12:30,55,com.joycastle.mergematch,"Matching Story - Puzzle Games"
12:30,56,com.wizards.mtga,"Magic: The Gathering Arena"
12:30,57,com.miHoYo.GenshinImpact,"Genshin Impact"
12:30,58,com.playdemic.golf.android,"Golf Clash - Golfing Simulator"
12:30,59,com.bandainamcoent.dblegends_ww,"DRAGON BALL LEGENDS"
12:30,60,com.newai.ooc,"OOC: The Playable Anime"
12:30,61,com.mojang.minecraftpe,"Minecraft: Dream it, Build it!"
12:30,62,com.plarium.raidlegends,"RAID: Shadow Legends"
12:30,63,com.ea.gp.fifamobile,"EA SPORTS FC Soccer Mobile 26"
12:30,64,net.wooga.junes_journey_hidden_object_mystery_game,"June's Journey: Hidden Objects"
12:30,65,com.grandgames.magicsort,"Magic Sort!"
12:30,66,com.grandegames.slots.dafu.casino,"Jackpot World™ - Slots Casino"
12:30,67,com.everywear.game5,"Merge Mansion: Puzzles & Story"
12:30,68,com.olleyo.piggy.king.free,"Piggy Kingdom"
12:30,69,com.foxnextgames.m3,"MARVEL Strike Force: Squad RPG"
12:30,70,com.online.huntingsniper,"Hunting Sniper"
12:30,71,air.com.playtika.slotomania,"Slotomania™ Slots Casino Games"
12:30,72,com.aniplex.fategrandorder.en,"Fate/Grand Order (English)"
12:30,73,com.cooking.bingo.ldkwh,"Bingo Frenzy™-Live Bingo Games"
12:30,74,com.moonactive.holestars,"Hole Stars: Puzzle Game"
12:30,75,net.peakgames.amy,"Toy Blast"
12:30,76,com.ea.game.starwarscapital_row,"Star Wars™: Galaxy of Heroes"
12:30,77,com.gramgames.mergedragons,"Merge Dragons!"
12:30,78,com.playtika.wsop.gp,"WSOP Poker: Texas Holdem Game"
12:30,79,com.supercell.clashroyale,"Clash Royale"
12:30,80,com.proximabeta.nikke,"GODDESS OF VICTORY: NIKKE"
12:30,81,jp.konami.pesam,"eFootball™"
12:30,82,com.unicornstudio.cashparty.slots.casino.vegas.free,"Cash Club Casino - Vegas Slots"
12:30,83,game.qualiarts.hololive.dreams.com,"hololive Dreams"
12:30,84,com.jmsgame.jackpotmastercasino,"Jackpot Master™ Slots - Casino"
12:30,85,com.microdose.balljam,"Marble Sort! - Color Puzzle"
12:30,86,com.scopely.yux,"Yahtzee® With Buddies Dice Fun"
12:30,87,com.gsn.android.tripeaks,"Tiki Solitaire TriPeaks"
12:30,88,com.rovio.baba,"Angry Birds 2"
12:30,89,com.hitappsgames.wordsolitaire,"Solitaire Associations Journey"
12:30,90,com.selfawaregames.acecasino,"Big Fish Casino - Slots Games"
12:30,91,com.playstudios.popslots,"POP! Slots™"
12:30,92,com.lilithgame.roc.gp,"Rise of Kingdoms: Lost Crusade"
12:30,93,com.bgg.jump,"Project Makeover"
12:30,94,com.cygames.umamusume,"Umamusume: Pretty Derby"
12:30,95,com.funfizz.palmon.gp,"Palmon: Survival"
12:30,96,com.snowprintstudios.tacticus,"Warhammer 40,000: Tacticus ™"
12:30,97,com.smallgiantgames.empires,"Empires & Puzzles: Match-3 RPG"
12:30,98,com.gamedots.seasideescape,"Seaside Escape®: Merge & Story"
12:30,99,com.funtomic.matchmasters,"Match Masters"
12:30,100,com.xman.na.gp,"X-Clash"
12:30,101,com.rotatelab.cubeblast,"Cube Land Puzzle Game"
12:30,102,com.GybeGames.ColorBlockJam,"Color Block Jam"
12:30,103,com.screenshake.dominodreams,"Domino Dreams™"
12:30,104,com.dts.freefiremax,"Free Fire MAX"
12:30,105,com.ddi,"DoubleDown Casino Vegas Slots"
12:30,106,com.wb.goog.hotd.socialstrategy,"Game of Thrones: Dragonfire"
12:30,107,com.williamsinteractive.goldfish,"Gold Fish Casino Slot Games"
12:30,108,com.slg.policewar,"Police Chief"
12:30,109,com.goodjobgames.matchvillains,"Match Villains"
12:30,110,com.supercell.hayday,"Hay Day"
12:30,111,com.gtarcade.ioe.global,"Infinity Kingdom"
12:30,112,com.topultragame.slotlasvega,"Cash Tornado™ Slots - Casino"
12:30,113,com.scientificgames.monopolyslots,"MONOPOLY Slots - Casino Games"
12:30,114,com.scopely.startrek,"Star Trek Fleet Command"
12:30,115,com.HoYoverse.Nap,"Zenless Zone Zero - Anniv."
12:30,116,com.HoYoverse.hkrpgoversea,"Honkai: Star Rail"
12:30,117,com.huuuge.casino.slots,"Huuuge Casino 777 Slots Games"
12:30,118,com.ig.screwdom,"Screwdom 3D"
12:30,119,com.yottagames.gameofmafia,"The Grand Mafia"
12:30,120,com.im30.ROE.gp,"Rise of Castles: Ice and Fire"
12:30,121,com.hollywood.merge,"Hollywood Merge"
12:30,122,com.camelgames.aoz,"Age of Origins"
12:30,123,com.epicoro.castleclashers,"Castle Busters"
12:30,124,com.doubleugames.DoubleUCasino,"DoubleU Casino™ - Vegas Slots"
12:30,125,com.master.triple3d.find,"Triple Match 3D"
12:30,126,com.pixonic.wwr,"War Robots Multiplayer Battles"
12:30,127,com.nexters.herowars,"Hero Wars: Alliance RPG Legend"
12:30,128,com.mattel163.phase10,"Phase 10: Casual Card Game"
12:30,129,com.vincentb.MobControl,"Mob Control"
12:30,130,com.king.farmheroessaga,"Farm Heroes Saga"
12:30,131,com.sports.real.golf.rival.online,"Golf Rival - Multiplayer Game"
12:30,132,com.crowdstar.covetHome,"Design Home™: House Makeover"
12:30,133,com.productmadness.fafafagold,"Mighty Fu Casino Slots Games"
12:30,134,com.goodville.goodgame,"Goodville: Farm Game Adventure"
12:30,135,com.funplus.ts.global,"Tiles Survive!"
12:30,136,com.rc.cityCleaner,"Triple Match City"
12:30,137,com.ballytechnologies.f88,"88 Fortunes™ Casino Slot Games"
12:30,138,com.a3.topgirl.gplay,"Top Girl"
12:30,139,com.farlightgames.igame.gp,"AFK Journey"
12:30,140,com.ubisoft.invincible.guardians.globe.idle.superhero.rpg.battle.afk,"Invincible: Guarding the Globe"
12:30,141,com.iskslowtest.mislen,"Isekai:Slow Life"
12:30,142,com.devsisters.cc,"CookieRun: Crumble - Idle RPG"
12:30,143,com.TechTreeGames.TheTower,"The Tower - Idle Tower Defense"
12:30,144,com.orcas.panthia.island.fairyscapes,"Panthia®: Magic & Merge Game"
12:30,145,com.checkbox.minershminer,"Idle Obelisk Miner"
12:30,146,com.chess,"Chess - Play and Learn Online"
12:30,147,com.mobile.legends.usa,"Mobile Legends: Bang Bang.US"
12:30,148,com.miniclip.eightballpool,"8 Ball Pool"
12:30,149,com.innplaylabs.animalkingdomraid,"Animals & Coins Adventure Game"
12:30,150,com.bagelcode.slots1,"Club Vegas Casino Slots Games"
12:30,151,com.justgame.jails,"Lands of Jail"
12:30,152,com.nytimes.crossword,"NYT Games: Wordle & Crossword"
12:30,153,com.com2us.smon.normal.freefull.google.kr.android.common,"Summoners War X Frieren"
12:30,154,com.zynga.wizardofoz,"Wizard of Oz Slots Games"
12:30,155,com.Chillgaming.oneState,"OneState RP - Role Play Life"
12:30,156,com.igg.android.lordsmobile,"Lords Mobile x Transformers"
12:30,157,com.nintendo.zaba,"Fire Emblem Heroes"
12:30,158,com.bigfishgames.jackpotcityslotsf2pgoogle,"Jackpot Magic - Casino Slots"
12:30,159,com.camelgames.superking,"War and Order"
12:30,160,com.mrtgd2us.google,"Duck Survival"
12:30,161,com.vm3.global,"Truck Star"
12:30,162,com.kabam.marvelbattle,"Marvel Contest of Champions"
12:30,163,com.blizzard.diablo.immortal,"Diablo Immortal"
12:30,164,com.games.foundation,"Foundation: Galactic Frontier"
12:30,165,com.spark.sp.gp,"Narco Empire"
12:30,166,com.diandian.gog,"Guns of Glory: Lost Island"
12:30,167,jp.co.goodroid.hyper.busflow,"Bus Traffic Fever!"
12:30,168,com.zynga.gotslots,"Game of Thrones Slots Casino"
12:30,169,com.sivona.stormshot.e,"Stormshot: Isle of Adventure"
12:30,170,air.com.bitrhymes.bingo,"Bingo Bash: Live Bingo Games"
12:30,171,com.playtika.caesarscasino,"Caesars Slots: Casino Games"
12:30,172,com.vizorapps.klondike,"Klondike Adventures: Farm Game"
12:30,173,com.abi.colony.flow,"Colony Flow!"
12:30,174,com.Sunborn.SnqxExilium.Glo,"GIRLS' FRONTLINE 2: EXILIUM"
12:30,175,com.funplus.kingofavalon,"Frost & Flame: King of Avalon"
12:30,176,com.tile.match.blockpuzzle,"Tile Family®:Match Puzzle Game"
12:30,177,com.igg.android.doomsdaylastsurvivors,"Doomsday: Odysseus Returns"
12:30,178,com.duykanbakay.carconveyortransfer,"Car Sort: Color Puzzle"
12:30,179,com.merge.game.foodstars,"Foodstars: Merge & Cook"
12:30,180,com.MelsoftGames.FamilyIslandFarm,"Family Island™ — Farming game"
12:30,181,com.gryphline.endfield.gp,"Arknights: Endfield"
12:30,182,com.ea.gp.maddennfl21mobile,"Madden NFL 27 Mobile Football"
12:30,183,com.kingsgroup.sos,"State of Survival: Zombie War"
12:30,184,com.nexon.ma,"MapleStory : Idle RPG"
12:30,185,com.pockethaven.roguelegend,"Rogue Legend - Roguelike RPG"
12:30,186,com.bandainamcogames.dbzdokkanww,"DRAGON BALL Z DOKKAN BATTLE"
12:30,187,adventure.party.real.life,"Sunday City: Life RolePlay"
12:30,188,com.tocaboca.tocalifeworld,"Toca Boca World"
12:30,189,com.fiveminlab.overgeared.hero.backpack.merge,"Overgeared Hero: Merge RPG"
12:30,190,com.Garawell.LoopSort,"Loop Sort"
12:30,191,com.monopoly.dream.idle.king,"Top Tycoon: Coin Theme Empire"
12:30,192,com.cyphergames.royalsmash,"Royal Smash! - Physics Puzzle"
12:30,193,com.hariwn.legendofcivilizations,"Forge Master"
12:30,194,jp.konami.masterduel,"Yu-Gi-Oh! Master Duel"
12:30,195,net.peakgames.mobile.spades.android,"Spades Plus - Card Game"
12:30,196,com.topwar.gp,"Top War: Battle Game"
12:30,197,com.zynga.hititrich,"Hit it Rich! Casino Slots Game"
12:30,198,com.devsisters.ck,"CookieRun: Kingdom"
12:30,199,com.kurogame.wutheringwaves.global,"Wuthering Waves - To Xuanfang"
12:30,200,com.greenmushroom.boomblitz.gp,"Top Heroes: Kingdom Saga"
14:30,1,com.scopely.monopolygo,"MONOPOLY GO!"
14:30,2,com.roblox.client,"Roblox"
14:30,3,com.king.candycrushsaga,"Candy Crush Saga"
14:30,4,com.run.tower.defense,"Kingshot"
14:30,5,com.dreamgames.royalmatch,"Royal Match"
14:30,6,com.mergegames.gossipharbor,"Gossip Harbor: Merge & Story"
14:30,7,com.gof.global,"Whiteout Survival"
14:30,8,com.playrix.township,"Township"
14:30,9,com.fun.lastwar.gp,"Last War:Survival Game"
14:30,10,com.moonactive.coinmaster,"Coin Master"
14:30,11,com.dreamgames.royalkingdom,"Royal Kingdom"
14:30,12,com.nianticlabs.pokemongo,"Pokémon GO"
14:30,13,com.readygo.barrel.gp,"Last Z: Survival Shooter"
14:30,14,com.topgamesinc.evony,"Evony: The King's Return"
14:30,15,com.totalbattle,"Total Battle: War Strategy"
14:30,16,net.peakgames.toonblast,"Toon Blast"
14:30,17,com.activision.callofduty.shooter,"Call of Duty®: Mobile"
14:30,18,com.phs.global,"Last Asylum: Plague"
14:30,19,com.williamsinteractive.jackpotparty,"Jackpot Party Casino Slots"
14:30,20,com.playrix.gardenscapes,"Gardenscapes"
14:30,21,com.zjcs.android.us,"Sword x Staff"
14:30,22,net.peakgames.match,"Match Factory!"
14:30,23,com.productmadness.cashmancasino,"Cashman Casino Slots Games"
14:30,24,com.productmadness.lightninglink,"Lightning Link Casino Slots"
14:30,25,com.playrix.fishdomdd.gplay,"Fishdom"
14:30,26,com.king.candycrushsodasaga,"Candy Crush Soda Saga"
14:30,27,air.com.buffalo_studios.newflashbingo,"Bingo Blitz™️ - Bingo Games"
14:30,28,com.dts.freefireth,"Free Fire: 9th Anniversary"
14:30,29,com.fatmerge.global,"Tasty Travels: Merge Game"
14:30,30,com.loomgames.pixelflow,"Pixel Flow!"
14:30,31,com.superplaystudios.disneysolitairedreams,"Disney Solitaire"
14:30,32,com.playrix.homescapes,"Homescapes"
14:30,33,com.diamondlife.slots.vegas.free,"Lotsa Slots - Casino Games"
14:30,34,com.supercell.clashofclans,"Clash of Clans"
14:30,35,com.combo.yarnflow,"Yarn Loop"
14:30,36,com.tencent.ig,"PUBG MOBILE"
14:30,37,com.readygo.dark.gp,"Dark War Survival"
14:30,38,com.superplaystudios.dicedreams,"Dice Dreams™️"
14:30,39,com.homagames.studio.allinhole,"All in Hole: Black Hole Games"
14:30,40,slots.pcg.casino.games.free.android,"Cash Frenzy™ - Casino Slots"
14:30,41,com.ballytechnologies.quickhitslots,"Quick Hit Casino Slots Games"
14:30,42,com.merge.cooking.theme.restaurant.food,"Merge Cooking®"
14:30,43,com.cola.game,"Flambé®: Merge & Cook"
14:30,44,com.farlightgames.pgame.gp,"Clash of Critters"
14:30,45,com.productmadness.hovmobile,"Slots: Heart of Vegas Casino"
14:30,46,jp.pokemon.pokemontcgp,"Pokémon TCG Pocket - Card Game"
14:30,47,com.bingo.cruise.free.best.top.game,"Bingo Voyage - Live Bingo Game"
14:30,48,com.global.pnck,"Puzzles & Chaos: Frozen Castle"
14:30,49,com.cedargames.mysterytown,"Mystery Town: Merge Games"
14:30,50,net.supertreat.solitaire,"Solitaire Grand Harvest"
14:30,51,com.proximabeta.nikke,"GODDESS OF VICTORY: NIKKE"
14:30,52,com.global.ztmslg,"Puzzles & Survival"
14:30,53,com.supercell.brawlstars,"Brawl Stars"
14:30,54,io.randomco.travel,"Travel Town - Merge Adventure"
14:30,55,com.moonactive.cmboard,"Coin Master - Board Adventure"
14:30,56,com.joycastle.mergematch,"Matching Story - Puzzle Games"
14:30,57,com.miHoYo.GenshinImpact,"Genshin Impact"
14:30,58,com.bandainamcoent.dblegends_ww,"DRAGON BALL LEGENDS"
14:30,59,com.ea.gp.fifamobile,"EA SPORTS FC Soccer Mobile 26"
14:30,60,com.playdemic.golf.android,"Golf Clash - Golfing Simulator"
14:30,61,com.plarium.raidlegends,"RAID: Shadow Legends"
14:30,62,com.wizards.mtga,"Magic: The Gathering Arena"
14:30,63,com.newai.ooc,"OOC: The Playable Anime"
14:30,64,com.mojang.minecraftpe,"Minecraft: Dream it, Build it!"
14:30,65,net.wooga.junes_journey_hidden_object_mystery_game,"June's Journey: Hidden Objects"
14:30,66,com.grandegames.slots.dafu.casino,"Jackpot World™ - Slots Casino"
14:30,67,com.everywear.game5,"Merge Mansion: Puzzles & Story"
14:30,68,com.foxnextgames.m3,"MARVEL Strike Force: Squad RPG"
14:30,69,com.online.huntingsniper,"Hunting Sniper"
14:30,70,com.grandgames.magicsort,"Magic Sort!"
14:30,71,air.com.playtika.slotomania,"Slotomania™ Slots Casino Games"
14:30,72,com.cooking.bingo.ldkwh,"Bingo Frenzy™-Live Bingo Games"
14:30,73,com.moonactive.holestars,"Hole Stars: Puzzle Game"
14:30,74,com.olleyo.piggy.king.free,"Piggy Kingdom"
14:30,75,com.aniplex.fategrandorder.en,"Fate/Grand Order (English)"
14:30,76,net.peakgames.amy,"Toy Blast"
14:30,77,com.ea.game.starwarscapital_row,"Star Wars™: Galaxy of Heroes"
14:30,78,com.gramgames.mergedragons,"Merge Dragons!"
14:30,79,com.playtika.wsop.gp,"WSOP Poker: Texas Holdem Game"
14:30,80,com.cygames.umamusume,"Umamusume: Pretty Derby"
14:30,81,com.supercell.clashroyale,"Clash Royale"
14:30,82,com.unicornstudio.cashparty.slots.casino.vegas.free,"Cash Club Casino - Vegas Slots"
14:30,83,com.jmsgame.jackpotmastercasino,"Jackpot Master™ Slots - Casino"
14:30,84,com.gsn.android.tripeaks,"Tiki Solitaire TriPeaks"
14:30,85,com.microdose.balljam,"Marble Sort! - Color Puzzle"
14:30,86,jp.konami.pesam,"eFootball™"
14:30,87,game.qualiarts.hololive.dreams.com,"hololive Dreams"
14:30,88,com.scopely.yux,"Yahtzee® With Buddies Dice Fun"
14:30,89,com.rovio.baba,"Angry Birds 2"
14:30,90,com.hitappsgames.wordsolitaire,"Solitaire Associations Journey"
14:30,91,com.selfawaregames.acecasino,"Big Fish Casino - Slots Games"
14:30,92,com.lilithgame.roc.gp,"Rise of Kingdoms: Lost Crusade"
14:30,93,com.bgg.jump,"Project Makeover"
14:30,94,com.playstudios.popslots,"POP! Slots™"
14:30,95,com.gamedots.seasideescape,"Seaside Escape®: Merge & Story"
14:30,96,com.snowprintstudios.tacticus,"Warhammer 40,000: Tacticus ™"
14:30,97,com.funtomic.matchmasters,"Match Masters"
14:30,98,com.smallgiantgames.empires,"Empires & Puzzles: Match-3 RPG"
14:30,99,com.funfizz.palmon.gp,"Palmon: Survival"
14:30,100,com.screenshake.dominodreams,"Domino Dreams™"
14:30,101,com.ddi,"DoubleDown Casino Vegas Slots"
14:30,102,com.dts.freefiremax,"Free Fire MAX"
14:30,103,com.wb.goog.hotd.socialstrategy,"Game of Thrones: Dragonfire"
14:30,104,com.xman.na.gp,"X-Clash"
14:30,105,com.rotatelab.cubeblast,"Cube Land Puzzle Game"
14:30,106,com.GybeGames.ColorBlockJam,"Color Block Jam"
14:30,107,com.supercell.hayday,"Hay Day"
14:30,108,com.williamsinteractive.goldfish,"Gold Fish Casino Slot Games"
14:30,109,com.goodjobgames.matchvillains,"Match Villains"
14:30,110,com.scientificgames.monopolyslots,"MONOPOLY Slots - Casino Games"
14:30,111,com.gtarcade.ioe.global,"Infinity Kingdom"
14:30,112,com.topultragame.slotlasvega,"Cash Tornado™ Slots - Casino"
14:30,113,com.scopely.startrek,"Star Trek Fleet Command"
14:30,114,com.huuuge.casino.slots,"Huuuge Casino 777 Slots Games"
14:30,115,com.HoYoverse.Nap,"Zenless Zone Zero - Anniv."
14:30,116,com.yottagames.gameofmafia,"The Grand Mafia"
14:30,117,com.hollywood.merge,"Hollywood Merge"
14:30,118,com.HoYoverse.hkrpgoversea,"Honkai: Star Rail"
14:30,119,com.slg.policewar,"Police Chief"
14:30,120,com.im30.ROE.gp,"Rise of Castles: Ice and Fire"
14:30,121,com.camelgames.aoz,"Age of Origins"
14:30,122,com.epicoro.castleclashers,"Castle Busters"
14:30,123,com.master.triple3d.find,"Triple Match 3D"
14:30,124,com.ig.screwdom,"Screwdom 3D"
14:30,125,com.pixonic.wwr,"War Robots Multiplayer Battles"
14:30,126,com.vincentb.MobControl,"Mob Control"
14:30,127,com.mattel163.phase10,"Phase 10: Casual Card Game"
14:30,128,com.nexters.herowars,"Hero Wars: Alliance RPG Legend"
14:30,129,com.doubleugames.DoubleUCasino,"DoubleU Casino™ - Vegas Slots"
14:30,130,com.king.farmheroessaga,"Farm Heroes Saga"
14:30,131,com.productmadness.fafafagold,"Mighty Fu Casino Slots Games"
14:30,132,com.crowdstar.covetHome,"Design Home™: House Makeover"
14:30,133,com.sports.real.golf.rival.online,"Golf Rival - Multiplayer Game"
14:30,134,com.funplus.ts.global,"Tiles Survive!"
14:30,135,com.goodville.goodgame,"Goodville: Farm Game Adventure"
14:30,136,com.rc.cityCleaner,"Triple Match City"
14:30,137,com.ubisoft.invincible.guardians.globe.idle.superhero.rpg.battle.afk,"Invincible: Guarding the Globe"
14:30,138,com.iskslowtest.mislen,"Isekai:Slow Life"
14:30,139,com.ballytechnologies.f88,"88 Fortunes™ Casino Slot Games"
14:30,140,com.farlightgames.igame.gp,"AFK Journey"
14:30,141,com.a3.topgirl.gplay,"Top Girl"
14:30,142,com.orcas.panthia.island.fairyscapes,"Panthia®: Magic & Merge Game"
14:30,143,com.chess,"Chess - Play and Learn Online"
14:30,144,com.devsisters.cc,"CookieRun: Crumble - Idle RPG"
14:30,145,com.checkbox.minershminer,"Idle Obelisk Miner"
14:30,146,com.TechTreeGames.TheTower,"The Tower - Idle Tower Defense"
14:30,147,com.bagelcode.slots1,"Club Vegas Casino Slots Games"
14:30,148,com.innplaylabs.animalkingdomraid,"Animals & Coins Adventure Game"
14:30,149,com.miniclip.eightballpool,"8 Ball Pool"
14:30,150,com.mobile.legends.usa,"Mobile Legends: Bang Bang.US"
14:30,151,com.com2us.smon.normal.freefull.google.kr.android.common,"Summoners War X Frieren"
14:30,152,com.nytimes.crossword,"NYT Games: Wordle & Crossword"
14:30,153,com.justgame.jails,"Lands of Jail"
14:30,154,com.zynga.wizardofoz,"Wizard of Oz Slots Games"
14:30,155,com.camelgames.superking,"War and Order"
14:30,156,com.Chillgaming.oneState,"OneState RP - Role Play Life"
14:30,157,com.igg.android.lordsmobile,"Lords Mobile x Transformers"
14:30,158,com.bigfishgames.jackpotcityslotsf2pgoogle,"Jackpot Magic - Casino Slots"
14:30,159,com.blizzard.diablo.immortal,"Diablo Immortal"
14:30,160,com.nintendo.zaba,"Fire Emblem Heroes"
14:30,161,com.games.foundation,"Foundation: Galactic Frontier"
14:30,162,com.vm3.global,"Truck Star"
14:30,163,com.nexon.ma,"MapleStory : Idle RPG"
14:30,164,com.kabam.marvelbattle,"Marvel Contest of Champions"
14:30,165,com.mrtgd2us.google,"Duck Survival"
14:30,166,com.diandian.gog,"Guns of Glory: Lost Island"
14:30,167,com.zynga.gotslots,"Game of Thrones Slots Casino"
14:30,168,com.spark.sp.gp,"Narco Empire"
14:30,169,com.sivona.stormshot.e,"Stormshot: Isle of Adventure"
14:30,170,jp.co.goodroid.hyper.busflow,"Bus Traffic Fever!"
14:30,171,air.com.bitrhymes.bingo,"Bingo Bash: Live Bingo Games"
14:30,172,com.vizorapps.klondike,"Klondike Adventures: Farm Game"
14:30,173,com.kingsgroup.sos,"State of Survival: Zombie War"
14:30,174,com.abi.colony.flow,"Colony Flow!"
14:30,175,com.funplus.kingofavalon,"Frost & Flame: King of Avalon"
14:30,176,com.playtika.caesarscasino,"Caesars Slots: Casino Games"
14:30,177,com.merge.game.foodstars,"Foodstars: Merge & Cook"
14:30,178,com.igg.android.doomsdaylastsurvivors,"Doomsday: Odysseus Returns"
14:30,179,com.tile.match.blockpuzzle,"Tile Family®:Match Puzzle Game"
14:30,180,com.MelsoftGames.FamilyIslandFarm,"Family Island™ — Farming game"
14:30,181,com.Sunborn.SnqxExilium.Glo,"GIRLS' FRONTLINE 2: EXILIUM"
14:30,182,com.gryphline.endfield.gp,"Arknights: Endfield"
14:30,183,com.ea.gp.maddennfl21mobile,"Madden NFL 27 Mobile Football"
14:30,184,com.pockethaven.roguelegend,"Rogue Legend - Roguelike RPG"
14:30,185,com.duykanbakay.carconveyortransfer,"Car Sort: Color Puzzle"
14:30,186,adventure.party.real.life,"Sunday City: Life RolePlay"
14:30,187,com.bandainamcogames.dbzdokkanww,"DRAGON BALL Z DOKKAN BATTLE"
14:30,188,com.tocaboca.tocalifeworld,"Toca Boca World"
14:30,189,com.Garawell.LoopSort,"Loop Sort"
14:30,190,com.fiveminlab.overgeared.hero.backpack.merge,"Overgeared Hero: Merge RPG"
14:30,191,com.hariwn.legendofcivilizations,"Forge Master"
14:30,192,com.monopoly.dream.idle.king,"Top Tycoon: Coin Theme Empire"
14:30,193,com.topwar.gp,"Top War: Battle Game"
14:30,194,jp.konami.masterduel,"Yu-Gi-Oh! Master Duel"
14:30,195,com.cyphergames.royalsmash,"Royal Smash! - Physics Puzzle"
14:30,196,com.kurogame.wutheringwaves.global,"Wuthering Waves - To Xuanfang"
14:30,197,net.peakgames.mobile.spades.android,"Spades Plus - Card Game"
14:30,198,com.greenmushroom.boomblitz.gp,"Top Heroes: Kingdom Saga"
14:30,199,com.zynga.hititrich,"Hit it Rich! Casino Slots Game"
14:30,200,com.play.merge.restyle,"Merge Restyle"
15:30,1,com.scopely.monopolygo,"MONOPOLY GO!"
15:30,2,com.roblox.client,"Roblox"
15:30,3,com.king.candycrushsaga,"Candy Crush Saga"
15:30,4,com.run.tower.defense,"Kingshot"
15:30,5,com.dreamgames.royalmatch,"Royal Match"
15:30,6,com.mergegames.gossipharbor,"Gossip Harbor: Merge & Story"
15:30,7,com.gof.global,"Whiteout Survival"
15:30,8,com.playrix.township,"Township"
15:30,9,com.fun.lastwar.gp,"Last War:Survival Game"
15:30,10,com.moonactive.coinmaster,"Coin Master"
15:30,11,com.dreamgames.royalkingdom,"Royal Kingdom"
15:30,12,com.readygo.barrel.gp,"Last Z: Survival Shooter"
15:30,13,com.nianticlabs.pokemongo,"Pokémon GO"
15:30,14,com.topgamesinc.evony,"Evony: The King's Return"
15:30,15,com.totalbattle,"Total Battle: War Strategy"
15:30,16,net.peakgames.toonblast,"Toon Blast"
15:30,17,com.activision.callofduty.shooter,"Call of Duty®: Mobile"
15:30,18,com.williamsinteractive.jackpotparty,"Jackpot Party Casino Slots"
15:30,19,com.phs.global,"Last Asylum: Plague"
15:30,20,com.playrix.gardenscapes,"Gardenscapes"
15:30,21,com.zjcs.android.us,"Sword x Staff"
15:30,22,net.peakgames.match,"Match Factory!"
15:30,23,com.productmadness.cashmancasino,"Cashman Casino Slots Games"
15:30,24,com.productmadness.lightninglink,"Lightning Link Casino Slots"
15:30,25,com.playrix.fishdomdd.gplay,"Fishdom"
15:30,26,com.king.candycrushsodasaga,"Candy Crush Soda Saga"
15:30,27,air.com.buffalo_studios.newflashbingo,"Bingo Blitz™️ - Bingo Games"
15:30,28,com.dts.freefireth,"Free Fire: 9th Anniversary"
15:30,29,com.fatmerge.global,"Tasty Travels: Merge Game"
15:30,30,com.loomgames.pixelflow,"Pixel Flow!"
15:30,31,com.superplaystudios.disneysolitairedreams,"Disney Solitaire"
15:30,32,com.playrix.homescapes,"Homescapes"
15:30,33,com.diamondlife.slots.vegas.free,"Lotsa Slots - Casino Games"
15:30,34,com.combo.yarnflow,"Yarn Loop"
15:30,35,com.supercell.clashofclans,"Clash of Clans"
15:30,36,com.readygo.dark.gp,"Dark War Survival"
15:30,37,com.tencent.ig,"PUBG MOBILE"
15:30,38,com.superplaystudios.dicedreams,"Dice Dreams™️"
15:30,39,com.homagames.studio.allinhole,"All in Hole: Black Hole Games"
15:30,40,slots.pcg.casino.games.free.android,"Cash Frenzy™ - Casino Slots"
15:30,41,com.ballytechnologies.quickhitslots,"Quick Hit Casino Slots Games"
15:30,42,com.merge.cooking.theme.restaurant.food,"Merge Cooking®"
15:30,43,com.cola.game,"Flambé®: Merge & Cook"
15:30,44,com.farlightgames.pgame.gp,"Clash of Critters"
15:30,45,com.productmadness.hovmobile,"Slots: Heart of Vegas Casino"
15:30,46,jp.pokemon.pokemontcgp,"Pokémon TCG Pocket - Card Game"
15:30,47,com.bingo.cruise.free.best.top.game,"Bingo Voyage - Live Bingo Game"
15:30,48,com.global.pnck,"Puzzles & Chaos: Frozen Castle"
15:30,49,com.cedargames.mysterytown,"Mystery Town: Merge Games"
15:30,50,net.supertreat.solitaire,"Solitaire Grand Harvest"
15:30,51,com.proximabeta.nikke,"GODDESS OF VICTORY: NIKKE"
15:30,52,com.global.ztmslg,"Puzzles & Survival"
15:30,53,com.supercell.brawlstars,"Brawl Stars"
15:30,54,io.randomco.travel,"Travel Town - Merge Adventure"
15:30,55,com.moonactive.cmboard,"Coin Master - Board Adventure"
15:30,56,com.joycastle.mergematch,"Matching Story - Puzzle Games"
15:30,57,com.miHoYo.GenshinImpact,"Genshin Impact"
15:30,58,com.wizards.mtga,"Magic: The Gathering Arena"
15:30,59,com.bandainamcoent.dblegends_ww,"DRAGON BALL LEGENDS"
15:30,60,com.ea.gp.fifamobile,"EA SPORTS FC Soccer Mobile 26"
15:30,61,com.playdemic.golf.android,"Golf Clash - Golfing Simulator"
15:30,62,com.plarium.raidlegends,"RAID: Shadow Legends"
15:30,63,com.newai.ooc,"OOC: The Playable Anime"
15:30,64,com.mojang.minecraftpe,"Minecraft: Dream it, Build it!"
15:30,65,net.wooga.junes_journey_hidden_object_mystery_game,"June's Journey: Hidden Objects"
15:30,66,com.grandgames.magicsort,"Magic Sort!"
15:30,67,com.grandegames.slots.dafu.casino,"Jackpot World™ - Slots Casino"
15:30,68,com.olleyo.piggy.king.free,"Piggy Kingdom"
15:30,69,com.everywear.game5,"Merge Mansion: Puzzles & Story"
15:30,70,com.foxnextgames.m3,"MARVEL Strike Force: Squad RPG"
15:30,71,com.online.huntingsniper,"Hunting Sniper"
15:30,72,air.com.playtika.slotomania,"Slotomania™ Slots Casino Games"
15:30,73,com.cooking.bingo.ldkwh,"Bingo Frenzy™-Live Bingo Games"
15:30,74,com.moonactive.holestars,"Hole Stars: Puzzle Game"
15:30,75,com.aniplex.fategrandorder.en,"Fate/Grand Order (English)"
15:30,76,net.peakgames.amy,"Toy Blast"
15:30,77,com.ea.game.starwarscapital_row,"Star Wars™: Galaxy of Heroes"
15:30,78,com.gramgames.mergedragons,"Merge Dragons!"
15:30,79,com.playtika.wsop.gp,"WSOP Poker: Texas Holdem Game"
15:30,80,com.cygames.umamusume,"Umamusume: Pretty Derby"
15:30,81,com.supercell.clashroyale,"Clash Royale"
15:30,82,com.unicornstudio.cashparty.slots.casino.vegas.free,"Cash Club Casino - Vegas Slots"
15:30,83,com.jmsgame.jackpotmastercasino,"Jackpot Master™ Slots - Casino"
15:30,84,com.gsn.android.tripeaks,"Tiki Solitaire TriPeaks"
15:30,85,com.microdose.balljam,"Marble Sort! - Color Puzzle"
15:30,86,jp.konami.pesam,"eFootball™"
15:30,87,game.qualiarts.hololive.dreams.com,"hololive Dreams"
15:30,88,com.scopely.yux,"Yahtzee® With Buddies Dice Fun"
15:30,89,com.rovio.baba,"Angry Birds 2"
15:30,90,com.hitappsgames.wordsolitaire,"Solitaire Associations Journey"
15:30,91,com.selfawaregames.acecasino,"Big Fish Casino - Slots Games"
15:30,92,com.lilithgame.roc.gp,"Rise of Kingdoms: Lost Crusade"
15:30,93,com.playstudios.popslots,"POP! Slots™"
15:30,94,com.bgg.jump,"Project Makeover"
15:30,95,com.funfizz.palmon.gp,"Palmon: Survival"
15:30,96,com.gamedots.seasideescape,"Seaside Escape®: Merge & Story"
15:30,97,com.snowprintstudios.tacticus,"Warhammer 40,000: Tacticus ™"
15:30,98,com.funtomic.matchmasters,"Match Masters"
15:30,99,com.smallgiantgames.empires,"Empires & Puzzles: Match-3 RPG"
15:30,100,com.GybeGames.ColorBlockJam,"Color Block Jam"
15:30,101,com.screenshake.dominodreams,"Domino Dreams™"
15:30,102,com.ddi,"DoubleDown Casino Vegas Slots"
15:30,103,com.dts.freefiremax,"Free Fire MAX"
15:30,104,com.wb.goog.hotd.socialstrategy,"Game of Thrones: Dragonfire"
15:30,105,com.xman.na.gp,"X-Clash"
15:30,106,com.rotatelab.cubeblast,"Cube Land Puzzle Game"
15:30,107,com.supercell.hayday,"Hay Day"
15:30,108,com.goodjobgames.matchvillains,"Match Villains"
15:30,109,com.topultragame.slotlasvega,"Cash Tornado™ Slots - Casino"
15:30,110,com.williamsinteractive.goldfish,"Gold Fish Casino Slot Games"
15:30,111,com.slg.policewar,"Police Chief"
15:30,112,com.scientificgames.monopolyslots,"MONOPOLY Slots - Casino Games"
15:30,113,com.gtarcade.ioe.global,"Infinity Kingdom"
15:30,114,com.scopely.startrek,"Star Trek Fleet Command"
15:30,115,com.huuuge.casino.slots,"Huuuge Casino 777 Slots Games"
15:30,116,com.HoYoverse.Nap,"Zenless Zone Zero - Anniv."
15:30,117,com.yottagames.gameofmafia,"The Grand Mafia"
15:30,118,com.hollywood.merge,"Hollywood Merge"
15:30,119,com.HoYoverse.hkrpgoversea,"Honkai: Star Rail"
15:30,120,com.im30.ROE.gp,"Rise of Castles: Ice and Fire"
15:30,121,com.camelgames.aoz,"Age of Origins"
15:30,122,com.epicoro.castleclashers,"Castle Busters"
15:30,123,com.master.triple3d.find,"Triple Match 3D"
15:30,124,com.ig.screwdom,"Screwdom 3D"
15:30,125,com.pixonic.wwr,"War Robots Multiplayer Battles"
15:30,126,com.vincentb.MobControl,"Mob Control"
15:30,127,com.mattel163.phase10,"Phase 10: Casual Card Game"
15:30,128,com.nexters.herowars,"Hero Wars: Alliance RPG Legend"
15:30,129,com.doubleugames.DoubleUCasino,"DoubleU Casino™ - Vegas Slots"
15:30,130,com.king.farmheroessaga,"Farm Heroes Saga"
15:30,131,com.productmadness.fafafagold,"Mighty Fu Casino Slots Games"
15:30,132,com.crowdstar.covetHome,"Design Home™: House Makeover"
15:30,133,com.sports.real.golf.rival.online,"Golf Rival - Multiplayer Game"
15:30,134,com.funplus.ts.global,"Tiles Survive!"
15:30,135,com.goodville.goodgame,"Goodville: Farm Game Adventure"
15:30,136,com.rc.cityCleaner,"Triple Match City"
15:30,137,com.a3.topgirl.gplay,"Top Girl"
15:30,138,com.ballytechnologies.f88,"88 Fortunes™ Casino Slot Games"
15:30,139,com.ubisoft.invincible.guardians.globe.idle.superhero.rpg.battle.afk,"Invincible: Guarding the Globe"
15:30,140,com.iskslowtest.mislen,"Isekai:Slow Life"
15:30,141,com.farlightgames.igame.gp,"AFK Journey"
15:30,142,com.orcas.panthia.island.fairyscapes,"Panthia®: Magic & Merge Game"
15:30,143,com.chess,"Chess - Play and Learn Online"
15:30,144,com.devsisters.cc,"CookieRun: Crumble - Idle RPG"
15:30,145,com.checkbox.minershminer,"Idle Obelisk Miner"
15:30,146,com.TechTreeGames.TheTower,"The Tower - Idle Tower Defense"
15:30,147,com.bagelcode.slots1,"Club Vegas Casino Slots Games"
15:30,148,com.innplaylabs.animalkingdomraid,"Animals & Coins Adventure Game"
15:30,149,com.miniclip.eightballpool,"8 Ball Pool"
15:30,150,com.mobile.legends.usa,"Mobile Legends: Bang Bang.US"
15:30,151,com.com2us.smon.normal.freefull.google.kr.android.common,"Summoners War X Frieren"
15:30,152,com.nytimes.crossword,"NYT Games: Wordle & Crossword"
15:30,153,com.justgame.jails,"Lands of Jail"
15:30,154,com.zynga.wizardofoz,"Wizard of Oz Slots Games"
15:30,155,com.camelgames.superking,"War and Order"
15:30,156,com.Chillgaming.oneState,"OneState RP - Role Play Life"
15:30,157,com.igg.android.lordsmobile,"Lords Mobile x Transformers"
15:30,158,com.bigfishgames.jackpotcityslotsf2pgoogle,"Jackpot Magic - Casino Slots"
15:30,159,com.blizzard.diablo.immortal,"Diablo Immortal"
15:30,160,com.nintendo.zaba,"Fire Emblem Heroes"
15:30,161,com.games.foundation,"Foundation: Galactic Frontier"
15:30,162,com.vm3.global,"Truck Star"
15:30,163,com.nexon.ma,"MapleStory : Idle RPG"
15:30,164,com.kabam.marvelbattle,"Marvel Contest of Champions"
15:30,165,com.mrtgd2us.google,"Duck Survival"
15:30,166,com.diandian.gog,"Guns of Glory: Lost Island"
15:30,167,jp.co.goodroid.hyper.busflow,"Bus Traffic Fever!"
15:30,168,com.spark.sp.gp,"Narco Empire"
15:30,169,com.zynga.gotslots,"Game of Thrones Slots Casino"
15:30,170,com.sivona.stormshot.e,"Stormshot: Isle of Adventure"
15:30,171,air.com.bitrhymes.bingo,"Bingo Bash: Live Bingo Games"
15:30,172,com.playtika.caesarscasino,"Caesars Slots: Casino Games"
15:30,173,com.vizorapps.klondike,"Klondike Adventures: Farm Game"
15:30,174,com.kingsgroup.sos,"State of Survival: Zombie War"
15:30,175,com.abi.colony.flow,"Colony Flow!"
15:30,176,com.funplus.kingofavalon,"Frost & Flame: King of Avalon"
15:30,177,com.merge.game.foodstars,"Foodstars: Merge & Cook"
15:30,178,com.igg.android.doomsdaylastsurvivors,"Doomsday: Odysseus Returns"
15:30,179,com.tile.match.blockpuzzle,"Tile Family®:Match Puzzle Game"
15:30,180,com.duykanbakay.carconveyortransfer,"Car Sort: Color Puzzle"
15:30,181,com.MelsoftGames.FamilyIslandFarm,"Family Island™ — Farming game"
15:30,182,com.Sunborn.SnqxExilium.Glo,"GIRLS' FRONTLINE 2: EXILIUM"
15:30,183,com.gryphline.endfield.gp,"Arknights: Endfield"
15:30,184,com.ea.gp.maddennfl21mobile,"Madden NFL 27 Mobile Football"
15:30,185,com.pockethaven.roguelegend,"Rogue Legend - Roguelike RPG"
15:30,186,adventure.party.real.life,"Sunday City: Life RolePlay"
15:30,187,com.bandainamcogames.dbzdokkanww,"DRAGON BALL Z DOKKAN BATTLE"
15:30,188,com.tocaboca.tocalifeworld,"Toca Boca World"
15:30,189,com.Garawell.LoopSort,"Loop Sort"
15:30,190,com.fiveminlab.overgeared.hero.backpack.merge,"Overgeared Hero: Merge RPG"
15:30,191,com.hariwn.legendofcivilizations,"Forge Master"
15:30,192,com.cyphergames.royalsmash,"Royal Smash! - Physics Puzzle"
15:30,193,com.monopoly.dream.idle.king,"Top Tycoon: Coin Theme Empire"
15:30,194,net.peakgames.mobile.spades.android,"Spades Plus - Card Game"
15:30,195,com.topwar.gp,"Top War: Battle Game"
15:30,196,jp.konami.masterduel,"Yu-Gi-Oh! Master Duel"
15:30,197,com.zynga.hititrich,"Hit it Rich! Casino Slots Game"
15:30,198,com.devsisters.ck,"CookieRun: Kingdom"
15:30,199,com.kurogame.wutheringwaves.global,"Wuthering Waves - To Xuanfang"
15:30,200,com.greenmushroom.boomblitz.gp,"Top Heroes: Kingdom Saga"
17:00,1,com.scopely.monopolygo,"MONOPOLY GO!"
17:00,2,com.roblox.client,"Roblox"
17:00,3,com.king.candycrushsaga,"Candy Crush Saga"
17:00,4,com.run.tower.defense,"Kingshot"
17:00,5,com.dreamgames.royalmatch,"Royal Match"
17:00,6,com.mergegames.gossipharbor,"Gossip Harbor: Merge & Story"
17:00,7,com.gof.global,"Whiteout Survival"
17:00,8,com.playrix.township,"Township"
17:00,9,com.fun.lastwar.gp,"Last War:Survival Game"
17:00,10,com.moonactive.coinmaster,"Coin Master"
17:00,11,com.dreamgames.royalkingdom,"Royal Kingdom"
17:00,12,com.readygo.barrel.gp,"Last Z: Survival Shooter"
17:00,13,com.nianticlabs.pokemongo,"Pokémon GO"
17:00,14,com.topgamesinc.evony,"Evony: The King's Return"
17:00,15,com.totalbattle,"Total Battle: War Strategy"
17:00,16,net.peakgames.toonblast,"Toon Blast"
17:00,17,com.activision.callofduty.shooter,"Call of Duty®: Mobile"
17:00,18,com.williamsinteractive.jackpotparty,"Jackpot Party Casino Slots"
17:00,19,com.phs.global,"Last Asylum: Plague"
17:00,20,com.playrix.gardenscapes,"Gardenscapes"
17:00,21,com.zjcs.android.us,"Sword x Staff"
17:00,22,net.peakgames.match,"Match Factory!"
17:00,23,com.productmadness.cashmancasino,"Cashman Casino Slots Games"
17:00,24,com.productmadness.lightninglink,"Lightning Link Casino Slots"
17:00,25,com.playrix.fishdomdd.gplay,"Fishdom"
17:00,26,com.king.candycrushsodasaga,"Candy Crush Soda Saga"
17:00,27,air.com.buffalo_studios.newflashbingo,"Bingo Blitz™️ - Bingo Games"
17:00,28,com.dts.freefireth,"Free Fire: 9th Anniversary"
17:00,29,com.fatmerge.global,"Tasty Travels: Merge Game"
17:00,30,com.loomgames.pixelflow,"Pixel Flow!"
17:00,31,com.superplaystudios.disneysolitairedreams,"Disney Solitaire"
17:00,32,com.playrix.homescapes,"Homescapes"
17:00,33,com.diamondlife.slots.vegas.free,"Lotsa Slots - Casino Games"
17:00,34,com.combo.yarnflow,"Yarn Loop"
17:00,35,com.supercell.clashofclans,"Clash of Clans"
17:00,36,com.readygo.dark.gp,"Dark War Survival"
17:00,37,com.tencent.ig,"PUBG MOBILE"
17:00,38,com.superplaystudios.dicedreams,"Dice Dreams™️"
17:00,39,com.homagames.studio.allinhole,"All in Hole: Black Hole Games"
17:00,40,slots.pcg.casino.games.free.android,"Cash Frenzy™ - Casino Slots"
17:00,41,com.ballytechnologies.quickhitslots,"Quick Hit Casino Slots Games"
17:00,42,com.merge.cooking.theme.restaurant.food,"Merge Cooking®"
17:00,43,com.cola.game,"Flambé®: Merge & Cook"
17:00,44,com.farlightgames.pgame.gp,"Clash of Critters"
17:00,45,com.productmadness.hovmobile,"Slots: Heart of Vegas Casino"
17:00,46,jp.pokemon.pokemontcgp,"Pokémon TCG Pocket - Card Game"
17:00,47,com.bingo.cruise.free.best.top.game,"Bingo Voyage - Live Bingo Game"
17:00,48,com.global.ztmslg,"Puzzles & Survival"
17:00,49,com.global.pnck,"Puzzles & Chaos: Frozen Castle"
17:00,50,com.cedargames.mysterytown,"Mystery Town: Merge Games"
17:00,51,net.supertreat.solitaire,"Solitaire Grand Harvest"
17:00,52,com.proximabeta.nikke,"GODDESS OF VICTORY: NIKKE"
17:00,53,com.supercell.brawlstars,"Brawl Stars"
17:00,54,io.randomco.travel,"Travel Town - Merge Adventure"
17:00,55,com.moonactive.cmboard,"Coin Master - Board Adventure"
17:00,56,com.joycastle.mergematch,"Matching Story - Puzzle Games"
17:00,57,com.miHoYo.GenshinImpact,"Genshin Impact"
17:00,58,com.wizards.mtga,"Magic: The Gathering Arena"
17:00,59,com.bandainamcoent.dblegends_ww,"DRAGON BALL LEGENDS"
17:00,60,com.ea.gp.fifamobile,"EA SPORTS FC Soccer Mobile 26"
17:00,61,com.playdemic.golf.android,"Golf Clash - Golfing Simulator"
17:00,62,com.plarium.raidlegends,"RAID: Shadow Legends"
17:00,63,com.newai.ooc,"OOC: The Playable Anime"
17:00,64,com.mojang.minecraftpe,"Minecraft: Dream it, Build it!"
17:00,65,net.wooga.junes_journey_hidden_object_mystery_game,"June's Journey: Hidden Objects"
17:00,66,com.grandgames.magicsort,"Magic Sort!"
17:00,67,com.grandegames.slots.dafu.casino,"Jackpot World™ - Slots Casino"
17:00,68,com.olleyo.piggy.king.free,"Piggy Kingdom"
17:00,69,com.everywear.game5,"Merge Mansion: Puzzles & Story"
17:00,70,com.foxnextgames.m3,"MARVEL Strike Force: Squad RPG"
17:00,71,com.online.huntingsniper,"Hunting Sniper"
17:00,72,air.com.playtika.slotomania,"Slotomania™ Slots Casino Games"
17:00,73,com.cooking.bingo.ldkwh,"Bingo Frenzy™-Live Bingo Games"
17:00,74,com.moonactive.holestars,"Hole Stars: Puzzle Game"
17:00,75,com.aniplex.fategrandorder.en,"Fate/Grand Order (English)"
17:00,76,net.peakgames.amy,"Toy Blast"
17:00,77,com.ea.game.starwarscapital_row,"Star Wars™: Galaxy of Heroes"
17:00,78,com.gramgames.mergedragons,"Merge Dragons!"
17:00,79,com.playtika.wsop.gp,"WSOP Poker: Texas Holdem Game"
17:00,80,com.cygames.umamusume,"Umamusume: Pretty Derby"
17:00,81,com.supercell.clashroyale,"Clash Royale"
17:00,82,com.unicornstudio.cashparty.slots.casino.vegas.free,"Cash Club Casino - Vegas Slots"
17:00,83,com.jmsgame.jackpotmastercasino,"Jackpot Master™ Slots - Casino"
17:00,84,com.gsn.android.tripeaks,"Tiki Solitaire TriPeaks"
17:00,85,com.microdose.balljam,"Marble Sort! - Color Puzzle"
17:00,86,jp.konami.pesam,"eFootball™"
17:00,87,game.qualiarts.hololive.dreams.com,"hololive Dreams"
17:00,88,com.scopely.yux,"Yahtzee® With Buddies Dice Fun"
17:00,89,com.rovio.baba,"Angry Birds 2"
17:00,90,com.hitappsgames.wordsolitaire,"Solitaire Associations Journey"
17:00,91,com.selfawaregames.acecasino,"Big Fish Casino - Slots Games"
17:00,92,com.lilithgame.roc.gp,"Rise of Kingdoms: Lost Crusade"
17:00,93,com.playstudios.popslots,"POP! Slots™"
17:00,94,com.bgg.jump,"Project Makeover"
17:00,95,com.funfizz.palmon.gp,"Palmon: Survival"
17:00,96,com.gamedots.seasideescape,"Seaside Escape®: Merge & Story"
17:00,97,com.snowprintstudios.tacticus,"Warhammer 40,000: Tacticus ™"
17:00,98,com.funtomic.matchmasters,"Match Masters"
17:00,99,com.smallgiantgames.empires,"Empires & Puzzles: Match-3 RPG"
17:00,100,com.rotatelab.cubeblast,"Cube Land Puzzle Game"
17:00,101,com.GybeGames.ColorBlockJam,"Color Block Jam"
17:00,102,com.screenshake.dominodreams,"Domino Dreams™"
17:00,103,com.ddi,"DoubleDown Casino Vegas Slots"
17:00,104,com.dts.freefiremax,"Free Fire MAX"
17:00,105,com.wb.goog.hotd.socialstrategy,"Game of Thrones: Dragonfire"
17:00,106,com.williamsinteractive.goldfish,"Gold Fish Casino Slot Games"
17:00,107,com.xman.na.gp,"X-Clash"
17:00,108,com.supercell.hayday,"Hay Day"
17:00,109,com.gtarcade.ioe.global,"Infinity Kingdom"
17:00,110,com.goodjobgames.matchvillains,"Match Villains"
17:00,111,com.topultragame.slotlasvega,"Cash Tornado™ Slots - Casino"
17:00,112,com.slg.policewar,"Police Chief"
17:00,113,com.scientificgames.monopolyslots,"MONOPOLY Slots - Casino Games"
17:00,114,com.scopely.startrek,"Star Trek Fleet Command"
17:00,115,com.huuuge.casino.slots,"Huuuge Casino 777 Slots Games"
17:00,116,com.HoYoverse.Nap,"Zenless Zone Zero - Anniv."
17:00,117,com.yottagames.gameofmafia,"The Grand Mafia"
17:00,118,com.hollywood.merge,"Hollywood Merge"
17:00,119,com.HoYoverse.hkrpgoversea,"Honkai: Star Rail"
17:00,120,com.im30.ROE.gp,"Rise of Castles: Ice and Fire"
17:00,121,com.doubleugames.DoubleUCasino,"DoubleU Casino™ - Vegas Slots"
17:00,122,com.camelgames.aoz,"Age of Origins"
17:00,123,com.epicoro.castleclashers,"Castle Busters"
17:00,124,com.master.triple3d.find,"Triple Match 3D"
17:00,125,com.ig.screwdom,"Screwdom 3D"
17:00,126,com.pixonic.wwr,"War Robots Multiplayer Battles"
17:00,127,com.vincentb.MobControl,"Mob Control"
17:00,128,com.mattel163.phase10,"Phase 10: Casual Card Game"
17:00,129,com.nexters.herowars,"Hero Wars: Alliance RPG Legend"
17:00,130,com.king.farmheroessaga,"Farm Heroes Saga"
17:00,131,com.productmadness.fafafagold,"Mighty Fu Casino Slots Games"
17:00,132,com.crowdstar.covetHome,"Design Home™: House Makeover"
17:00,133,com.sports.real.golf.rival.online,"Golf Rival - Multiplayer Game"
17:00,134,com.funplus.ts.global,"Tiles Survive!"
17:00,135,com.goodville.goodgame,"Goodville: Farm Game Adventure"
17:00,136,com.rc.cityCleaner,"Triple Match City"
17:00,137,com.a3.topgirl.gplay,"Top Girl"
17:00,138,com.ballytechnologies.f88,"88 Fortunes™ Casino Slot Games"
17:00,139,com.ubisoft.invincible.guardians.globe.idle.superhero.rpg.battle.afk,"Invincible: Guarding the Globe"
17:00,140,com.iskslowtest.mislen,"Isekai:Slow Life"
17:00,141,com.farlightgames.igame.gp,"AFK Journey"
17:00,142,com.orcas.panthia.island.fairyscapes,"Panthia®: Magic & Merge Game"
17:00,143,com.chess,"Chess - Play and Learn Online"
17:00,144,com.devsisters.cc,"CookieRun: Crumble - Idle RPG"
17:00,145,com.checkbox.minershminer,"Idle Obelisk Miner"
17:00,146,com.TechTreeGames.TheTower,"The Tower - Idle Tower Defense"
17:00,147,com.bagelcode.slots1,"Club Vegas Casino Slots Games"
17:00,148,com.innplaylabs.animalkingdomraid,"Animals & Coins Adventure Game"
17:00,149,com.miniclip.eightballpool,"8 Ball Pool"
17:00,150,com.mobile.legends.usa,"Mobile Legends: Bang Bang.US"
17:00,151,com.com2us.smon.normal.freefull.google.kr.android.common,"Summoners War X Frieren"
17:00,152,com.nytimes.crossword,"NYT Games: Wordle & Crossword"
17:00,153,com.justgame.jails,"Lands of Jail"
17:00,154,com.zynga.wizardofoz,"Wizard of Oz Slots Games"
17:00,155,com.camelgames.superking,"War and Order"
17:00,156,com.Chillgaming.oneState,"OneState RP - Role Play Life"
17:00,157,com.igg.android.lordsmobile,"Lords Mobile x Transformers"
17:00,158,com.bigfishgames.jackpotcityslotsf2pgoogle,"Jackpot Magic - Casino Slots"
17:00,159,com.blizzard.diablo.immortal,"Diablo Immortal"
17:00,160,com.nintendo.zaba,"Fire Emblem Heroes"
17:00,161,com.games.foundation,"Foundation: Galactic Frontier"
17:00,162,com.vm3.global,"Truck Star"
17:00,163,com.nexon.ma,"MapleStory : Idle RPG"
17:00,164,com.kabam.marvelbattle,"Marvel Contest of Champions"
17:00,165,com.mrtgd2us.google,"Duck Survival"
17:00,166,com.diandian.gog,"Guns of Glory: Lost Island"
17:00,167,jp.co.goodroid.hyper.busflow,"Bus Traffic Fever!"
17:00,168,com.spark.sp.gp,"Narco Empire"
17:00,169,com.zynga.gotslots,"Game of Thrones Slots Casino"
17:00,170,com.sivona.stormshot.e,"Stormshot: Isle of Adventure"
17:00,171,air.com.bitrhymes.bingo,"Bingo Bash: Live Bingo Games"
17:00,172,com.playtika.caesarscasino,"Caesars Slots: Casino Games"
17:00,173,com.vizorapps.klondike,"Klondike Adventures: Farm Game"
17:00,174,com.kingsgroup.sos,"State of Survival: Zombie War"
17:00,175,com.abi.colony.flow,"Colony Flow!"
17:00,176,com.funplus.kingofavalon,"Frost & Flame: King of Avalon"
17:00,177,com.merge.game.foodstars,"Foodstars: Merge & Cook"
17:00,178,com.igg.android.doomsdaylastsurvivors,"Doomsday: Odysseus Returns"
17:00,179,com.tile.match.blockpuzzle,"Tile Family®:Match Puzzle Game"
17:00,180,com.duykanbakay.carconveyortransfer,"Car Sort: Color Puzzle"
17:00,181,com.MelsoftGames.FamilyIslandFarm,"Family Island™ — Farming game"
17:00,182,com.Sunborn.SnqxExilium.Glo,"GIRLS' FRONTLINE 2: EXILIUM"
17:00,183,com.gryphline.endfield.gp,"Arknights: Endfield"
17:00,184,com.ea.gp.maddennfl21mobile,"Madden NFL 27 Mobile Football"
17:00,185,com.pockethaven.roguelegend,"Rogue Legend - Roguelike RPG"
17:00,186,adventure.party.real.life,"Sunday City: Life RolePlay"
17:00,187,com.bandainamcogames.dbzdokkanww,"DRAGON BALL Z DOKKAN BATTLE"
17:00,188,com.tocaboca.tocalifeworld,"Toca Boca World"
17:00,189,com.Garawell.LoopSort,"Loop Sort"
17:00,190,com.fiveminlab.overgeared.hero.backpack.merge,"Overgeared Hero: Merge RPG"
17:00,191,com.hariwn.legendofcivilizations,"Forge Master"
17:00,192,com.cyphergames.royalsmash,"Royal Smash! - Physics Puzzle"
17:00,193,com.monopoly.dream.idle.king,"Top Tycoon: Coin Theme Empire"
17:00,194,net.peakgames.mobile.spades.android,"Spades Plus - Card Game"
17:00,195,com.topwar.gp,"Top War: Battle Game"
17:00,196,jp.konami.masterduel,"Yu-Gi-Oh! Master Duel"
17:00,197,com.zynga.hititrich,"Hit it Rich! Casino Slots Game"
17:00,198,com.devsisters.ck,"CookieRun: Kingdom"
17:00,199,com.kurogame.wutheringwaves.global,"Wuthering Waves - To Xuanfang"
17:00,200,com.crazylabs.fashion.squad,"Glow Fashion Idol"
18:30,1,com.scopely.monopolygo,"MONOPOLY GO!"
18:30,2,com.roblox.client,"Roblox"
18:30,3,com.king.candycrushsaga,"Candy Crush Saga"
18:30,4,com.run.tower.defense,"Kingshot"
18:30,5,com.dreamgames.royalmatch,"Royal Match"
18:30,6,com.mergegames.gossipharbor,"Gossip Harbor: Merge & Story"
18:30,7,com.gof.global,"Whiteout Survival"
18:30,8,com.playrix.township,"Township"
18:30,9,com.fun.lastwar.gp,"Last War:Survival Game"
18:30,10,com.moonactive.coinmaster,"Coin Master"
18:30,11,com.dreamgames.royalkingdom,"Royal Kingdom"
18:30,12,com.readygo.barrel.gp,"Last Z: Survival Shooter"
18:30,13,com.nianticlabs.pokemongo,"Pokémon GO"
18:30,14,com.topgamesinc.evony,"Evony: The King's Return"
18:30,15,com.totalbattle,"Total Battle: War Strategy"
18:30,16,net.peakgames.toonblast,"Toon Blast"
18:30,17,com.activision.callofduty.shooter,"Call of Duty®: Mobile"
18:30,18,com.williamsinteractive.jackpotparty,"Jackpot Party Casino Slots"
18:30,19,com.phs.global,"Last Asylum: Plague"
18:30,20,com.playrix.gardenscapes,"Gardenscapes"
18:30,21,com.zjcs.android.us,"Sword x Staff"
18:30,22,net.peakgames.match,"Match Factory!"
18:30,23,com.productmadness.cashmancasino,"Cashman Casino Slots Games"
18:30,24,com.productmadness.lightninglink,"Lightning Link Casino Slots"
18:30,25,com.playrix.fishdomdd.gplay,"Fishdom"
18:30,26,com.king.candycrushsodasaga,"Candy Crush Soda Saga"
18:30,27,air.com.buffalo_studios.newflashbingo,"Bingo Blitz™️ - Bingo Games"
18:30,28,com.dts.freefireth,"Free Fire: 9th Anniversary"
18:30,29,com.fatmerge.global,"Tasty Travels: Merge Game"
18:30,30,com.loomgames.pixelflow,"Pixel Flow!"
18:30,31,com.superplaystudios.disneysolitairedreams,"Disney Solitaire"
18:30,32,com.playrix.homescapes,"Homescapes"
18:30,33,com.diamondlife.slots.vegas.free,"Lotsa Slots - Casino Games"
18:30,34,com.combo.yarnflow,"Yarn Loop"
18:30,35,com.supercell.clashofclans,"Clash of Clans"
18:30,36,com.readygo.dark.gp,"Dark War Survival"
18:30,37,com.tencent.ig,"PUBG MOBILE"
18:30,38,com.superplaystudios.dicedreams,"Dice Dreams™️"
18:30,39,com.homagames.studio.allinhole,"All in Hole: Black Hole Games"
18:30,40,slots.pcg.casino.games.free.android,"Cash Frenzy™ - Casino Slots"
18:30,41,com.ballytechnologies.quickhitslots,"Quick Hit Casino Slots Games"
18:30,42,com.merge.cooking.theme.restaurant.food,"Merge Cooking®"
18:30,43,com.cola.game,"Flambé®: Merge & Cook"
18:30,44,com.farlightgames.pgame.gp,"Clash of Critters"
18:30,45,com.productmadness.hovmobile,"Slots: Heart of Vegas Casino"
18:30,46,jp.pokemon.pokemontcgp,"Pokémon TCG Pocket - Card Game"
18:30,47,com.bingo.cruise.free.best.top.game,"Bingo Voyage - Live Bingo Game"
18:30,48,com.global.ztmslg,"Puzzles & Survival"
18:30,49,com.global.pnck,"Puzzles & Chaos: Frozen Castle"
18:30,50,com.cedargames.mysterytown,"Mystery Town: Merge Games"
18:30,51,net.supertreat.solitaire,"Solitaire Grand Harvest"
18:30,52,com.proximabeta.nikke,"GODDESS OF VICTORY: NIKKE"
18:30,53,com.supercell.brawlstars,"Brawl Stars"
18:30,54,io.randomco.travel,"Travel Town - Merge Adventure"
18:30,55,com.moonactive.cmboard,"Coin Master - Board Adventure"
18:30,56,com.joycastle.mergematch,"Matching Story - Puzzle Games"
18:30,57,com.miHoYo.GenshinImpact,"Genshin Impact"
18:30,58,com.wizards.mtga,"Magic: The Gathering Arena"
18:30,59,com.bandainamcoent.dblegends_ww,"DRAGON BALL LEGENDS"
18:30,60,com.ea.gp.fifamobile,"EA SPORTS FC Soccer Mobile 26"
18:30,61,com.playdemic.golf.android,"Golf Clash - Golfing Simulator"
18:30,62,com.plarium.raidlegends,"RAID: Shadow Legends"
18:30,63,com.newai.ooc,"OOC: The Playable Anime"
18:30,64,com.mojang.minecraftpe,"Minecraft: Dream it, Build it!"
18:30,65,net.wooga.junes_journey_hidden_object_mystery_game,"June's Journey: Hidden Objects"
18:30,66,com.grandgames.magicsort,"Magic Sort!"
18:30,67,com.grandegames.slots.dafu.casino,"Jackpot World™ - Slots Casino"
18:30,68,com.olleyo.piggy.king.free,"Piggy Kingdom"
18:30,69,com.everywear.game5,"Merge Mansion: Puzzles & Story"
18:30,70,com.foxnextgames.m3,"MARVEL Strike Force: Squad RPG"
18:30,71,com.online.huntingsniper,"Hunting Sniper"
18:30,72,air.com.playtika.slotomania,"Slotomania™ Slots Casino Games"
18:30,73,com.cooking.bingo.ldkwh,"Bingo Frenzy™-Live Bingo Games"
18:30,74,com.moonactive.holestars,"Hole Stars: Puzzle Game"
18:30,75,com.aniplex.fategrandorder.en,"Fate/Grand Order (English)"
18:30,76,net.peakgames.amy,"Toy Blast"
18:30,77,com.ea.game.starwarscapital_row,"Star Wars™: Galaxy of Heroes"
18:30,78,com.gramgames.mergedragons,"Merge Dragons!"
18:30,79,com.playtika.wsop.gp,"WSOP Poker: Texas Holdem Game"
18:30,80,com.cygames.umamusume,"Umamusume: Pretty Derby"
18:30,81,com.supercell.clashroyale,"Clash Royale"
18:30,82,com.unicornstudio.cashparty.slots.casino.vegas.free,"Cash Club Casino - Vegas Slots"
18:30,83,com.jmsgame.jackpotmastercasino,"Jackpot Master™ Slots - Casino"
18:30,84,com.gsn.android.tripeaks,"Tiki Solitaire TriPeaks"
18:30,85,com.microdose.balljam,"Marble Sort! - Color Puzzle"
18:30,86,jp.konami.pesam,"eFootball™"
18:30,87,game.qualiarts.hololive.dreams.com,"hololive Dreams"
18:30,88,com.scopely.yux,"Yahtzee® With Buddies Dice Fun"
18:30,89,com.rovio.baba,"Angry Birds 2"
18:30,90,com.hitappsgames.wordsolitaire,"Solitaire Associations Journey"
18:30,91,com.selfawaregames.acecasino,"Big Fish Casino - Slots Games"
18:30,92,com.lilithgame.roc.gp,"Rise of Kingdoms: Lost Crusade"
18:30,93,com.playstudios.popslots,"POP! Slots™"
18:30,94,com.bgg.jump,"Project Makeover"
18:30,95,com.funfizz.palmon.gp,"Palmon: Survival"
18:30,96,com.gamedots.seasideescape,"Seaside Escape®: Merge & Story"
18:30,97,com.snowprintstudios.tacticus,"Warhammer 40,000: Tacticus ™"
18:30,98,com.funtomic.matchmasters,"Match Masters"
18:30,99,com.smallgiantgames.empires,"Empires & Puzzles: Match-3 RPG"
18:30,100,com.rotatelab.cubeblast,"Cube Land Puzzle Game"
18:30,101,com.GybeGames.ColorBlockJam,"Color Block Jam"
18:30,102,com.xman.na.gp,"X-Clash"
18:30,103,com.screenshake.dominodreams,"Domino Dreams™"
18:30,104,com.ddi,"DoubleDown Casino Vegas Slots"
18:30,105,com.dts.freefiremax,"Free Fire MAX"
18:30,106,com.wb.goog.hotd.socialstrategy,"Game of Thrones: Dragonfire"
18:30,107,com.williamsinteractive.goldfish,"Gold Fish Casino Slot Games"
18:30,108,com.supercell.hayday,"Hay Day"
18:30,109,com.gtarcade.ioe.global,"Infinity Kingdom"
18:30,110,com.goodjobgames.matchvillains,"Match Villains"
18:30,111,com.topultragame.slotlasvega,"Cash Tornado™ Slots - Casino"
18:30,112,com.slg.policewar,"Police Chief"
18:30,113,com.scientificgames.monopolyslots,"MONOPOLY Slots - Casino Games"
18:30,114,com.ig.screwdom,"Screwdom 3D"
18:30,115,com.scopely.startrek,"Star Trek Fleet Command"
18:30,116,com.huuuge.casino.slots,"Huuuge Casino 777 Slots Games"
18:30,117,com.HoYoverse.Nap,"Zenless Zone Zero - Anniv."
18:30,118,com.yottagames.gameofmafia,"The Grand Mafia"
18:30,119,com.hollywood.merge,"Hollywood Merge"
18:30,120,com.HoYoverse.hkrpgoversea,"Honkai: Star Rail"
18:30,121,com.im30.ROE.gp,"Rise of Castles: Ice and Fire"
18:30,122,com.doubleugames.DoubleUCasino,"DoubleU Casino™ - Vegas Slots"
18:30,123,com.camelgames.aoz,"Age of Origins"
18:30,124,com.epicoro.castleclashers,"Castle Busters"
18:30,125,com.master.triple3d.find,"Triple Match 3D"
18:30,126,com.pixonic.wwr,"War Robots Multiplayer Battles"
18:30,127,com.vincentb.MobControl,"Mob Control"
18:30,128,com.mattel163.phase10,"Phase 10: Casual Card Game"
18:30,129,com.nexters.herowars,"Hero Wars: Alliance RPG Legend"
18:30,130,com.king.farmheroessaga,"Farm Heroes Saga"
18:30,131,com.productmadness.fafafagold,"Mighty Fu Casino Slots Games"
18:30,132,com.crowdstar.covetHome,"Design Home™: House Makeover"
18:30,133,com.sports.real.golf.rival.online,"Golf Rival - Multiplayer Game"
18:30,134,com.funplus.ts.global,"Tiles Survive!"
18:30,135,com.goodville.goodgame,"Goodville: Farm Game Adventure"
18:30,136,com.rc.cityCleaner,"Triple Match City"
18:30,137,com.a3.topgirl.gplay,"Top Girl"
18:30,138,com.ballytechnologies.f88,"88 Fortunes™ Casino Slot Games"
18:30,139,com.ubisoft.invincible.guardians.globe.idle.superhero.rpg.battle.afk,"Invincible: Guarding the Globe"
18:30,140,com.iskslowtest.mislen,"Isekai:Slow Life"
18:30,141,com.farlightgames.igame.gp,"AFK Journey"
18:30,142,com.orcas.panthia.island.fairyscapes,"Panthia®: Magic & Merge Game"
18:30,143,com.chess,"Chess - Play and Learn Online"
18:30,144,com.devsisters.cc,"CookieRun: Crumble - Idle RPG"
18:30,145,com.checkbox.minershminer,"Idle Obelisk Miner"
18:30,146,com.TechTreeGames.TheTower,"The Tower - Idle Tower Defense"
18:30,147,com.bagelcode.slots1,"Club Vegas Casino Slots Games"
18:30,148,com.innplaylabs.animalkingdomraid,"Animals & Coins Adventure Game"
18:30,149,com.miniclip.eightballpool,"8 Ball Pool"
18:30,150,com.mobile.legends.usa,"Mobile Legends: Bang Bang.US"
18:30,151,com.com2us.smon.normal.freefull.google.kr.android.common,"Summoners War X Frieren"
18:30,152,com.nytimes.crossword,"NYT Games: Wordle & Crossword"
18:30,153,com.justgame.jails,"Lands of Jail"
18:30,154,com.zynga.wizardofoz,"Wizard of Oz Slots Games"
18:30,155,com.camelgames.superking,"War and Order"
18:30,156,com.Chillgaming.oneState,"OneState RP - Role Play Life"
18:30,157,com.igg.android.lordsmobile,"Lords Mobile x Transformers"
18:30,158,com.bigfishgames.jackpotcityslotsf2pgoogle,"Jackpot Magic - Casino Slots"
18:30,159,com.blizzard.diablo.immortal,"Diablo Immortal"
18:30,160,com.nintendo.zaba,"Fire Emblem Heroes"
18:30,161,com.games.foundation,"Foundation: Galactic Frontier"
18:30,162,com.vm3.global,"Truck Star"
18:30,163,com.nexon.ma,"MapleStory : Idle RPG"
18:30,164,com.kabam.marvelbattle,"Marvel Contest of Champions"
18:30,165,com.mrtgd2us.google,"Duck Survival"
18:30,166,com.diandian.gog,"Guns of Glory: Lost Island"
18:30,167,jp.co.goodroid.hyper.busflow,"Bus Traffic Fever!"
18:30,168,com.spark.sp.gp,"Narco Empire"
18:30,169,com.zynga.gotslots,"Game of Thrones Slots Casino"
18:30,170,com.sivona.stormshot.e,"Stormshot: Isle of Adventure"
18:30,171,air.com.bitrhymes.bingo,"Bingo Bash: Live Bingo Games"
18:30,172,com.playtika.caesarscasino,"Caesars Slots: Casino Games"
18:30,173,com.vizorapps.klondike,"Klondike Adventures: Farm Game"
18:30,174,com.kingsgroup.sos,"State of Survival: Zombie War"
18:30,175,com.abi.colony.flow,"Colony Flow!"
18:30,176,com.funplus.kingofavalon,"Frost & Flame: King of Avalon"
18:30,177,com.merge.game.foodstars,"Foodstars: Merge & Cook"
18:30,178,com.igg.android.doomsdaylastsurvivors,"Doomsday: Odysseus Returns"
18:30,179,com.tile.match.blockpuzzle,"Tile Family®:Match Puzzle Game"
18:30,180,com.duykanbakay.carconveyortransfer,"Car Sort: Color Puzzle"
18:30,181,com.MelsoftGames.FamilyIslandFarm,"Family Island™ — Farming game"
18:30,182,com.Sunborn.SnqxExilium.Glo,"GIRLS' FRONTLINE 2: EXILIUM"
18:30,183,com.gryphline.endfield.gp,"Arknights: Endfield"
18:30,184,com.ea.gp.maddennfl21mobile,"Madden NFL 27 Mobile Football"
18:30,185,com.pockethaven.roguelegend,"Rogue Legend - Roguelike RPG"
18:30,186,adventure.party.real.life,"Sunday City: Life RolePlay"
18:30,187,com.bandainamcogames.dbzdokkanww,"DRAGON BALL Z DOKKAN BATTLE"
18:30,188,com.tocaboca.tocalifeworld,"Toca Boca World"
18:30,189,com.Garawell.LoopSort,"Loop Sort"
18:30,190,com.fiveminlab.overgeared.hero.backpack.merge,"Overgeared Hero: Merge RPG"
18:30,191,com.hariwn.legendofcivilizations,"Forge Master"
18:30,192,com.cyphergames.royalsmash,"Royal Smash! - Physics Puzzle"
18:30,193,com.monopoly.dream.idle.king,"Top Tycoon: Coin Theme Empire"
18:30,194,net.peakgames.mobile.spades.android,"Spades Plus - Card Game"
18:30,195,com.topwar.gp,"Top War: Battle Game"
18:30,196,jp.konami.masterduel,"Yu-Gi-Oh! Master Duel"
18:30,197,com.zynga.hititrich,"Hit it Rich! Casino Slots Game"
18:30,198,com.devsisters.ck,"CookieRun: Kingdom"
18:30,199,com.kurogame.wutheringwaves.global,"Wuthering Waves - To Xuanfang"
18:30,200,com.crazylabs.fashion.squad,"Glow Fashion Idol"
