time,rank,id,title
01:30,1,6749251466,"쿠키런 키우기 - 쿠키런: 크럼블"
01:30,2,6443575749,"WOS: 화이트아웃 서바이벌"
01:30,3,6739554056,"킹샷:Kingshot"
01:30,4,6739616715,"메이플 키우기"
01:30,5,1623318294,"가십하버: 합성 & 스토리 게임"
01:30,6,1474589366,"리니지M"
01:30,7,6482291732,"운빨존많겜"
01:30,8,1273957743,"EA SPORTS FC Online M"
01:30,9,1482155847,"로얄 매치 (Royal Match)"
01:30,10,1478371252,"FC 모바일"
01:30,11,6448786147,"라스트 워: 서바이벌"
01:30,12,1458848044,"컴투스프로야구V26"
01:30,13,1366526331,"배틀그라운드"
01:30,14,6471045672,"테이스티 트레블: 합성 게임"
01:30,15,1105855019,"Gardenscapes"
01:30,16,1117270703,"eFootball™"
01:30,17,6443755785,"씨사이드 익스케이프: 합성 & 스토리 게임"
01:30,18,1133463693,"메이플스토리M"
01:30,19,947258826,"마피아42"
01:30,20,6762442041,"열혈강호: 넥스트"
01:30,21,1441742921,"마비노기 모바일"
01:30,22,6756989323,"라스트 어사일럼: 페스트"
01:30,23,1471942989,"한게임 섯다&맞고"
01:30,24,1229016807,"브롤스타즈"
01:30,25,1195621598,"Homescapes: Match 3 Games"
01:30,26,6475033368,"명조:워더링 웨이브 - 현방 지계를 향하여"
01:30,27,1094591345,"Pokémon GO"
01:30,28,6503702666,"협타디: 협동 타워 디펜스"
01:30,29,1606356401,"젠레스 존 제로 - 주년 기념"
01:30,30,6618142292,"핫레스토랑: 머지&쿠킹"
01:30,31,1128255542,"리니지M(12)"
01:30,32,6737408689,"스톤에이지 키우기"
01:30,33,6499562253,"드래곤빌리지3"
01:30,34,898986747,"좀비고등학교"
01:30,35,6748004690,"SOL: enchant"
01:30,36,1585915174,"승리의 여신: 니케"
01:30,37,1471486284,"한게임 포커"
01:30,38,1643509748,"머지 쿠킹 테마 레스토랑（Merge Cooking）"
01:30,39,6740026253,"오피스 퀸 키우기"
01:30,40,1466736988,"카트라이더 러쉬플러스"
01:30,41,553834731,"캔디크러쉬사가"
01:30,42,638689075,"꿈의 마을 (Township)"
01:30,43,6758200096,"라그나로크M: Classic"
01:30,44,1507872328,"WPL : 홀덤, 토너먼트, 오마하, 올인폴드, 픽앤고"
01:30,45,1606549505,"로얄 킹덤 (Royal Kingdom)"
01:30,46,6503603603,"미스터리 타운: 합성 게임 (Mystery Town)"
01:30,47,6751222389,"NBA 덩크 시티"
01:30,48,1509450845,"쿠키런: 킹덤"
01:30,49,6475757306,"Disney Solitaire 디즈니 솔리테어"
01:30,50,1521236603,"Travel Town - 결합 어드벤처"
01:30,51,1599719154,"붕괴: 스타레일"
01:30,52,6443477650,"한게임 로얄홀덤"
01:30,53,848091833,"냥코 대전쟁"
01:30,54,6450174109,"창세기전 모바일 - 서풍의 광시곡"
01:30,55,6479595079,"세븐나이츠 리버스"
01:30,56,1520354659,"오딘: 발할라 라이징"
01:30,57,6475925341,"주술회전 팬텀 퍼레이드"
01:30,58,1582390510,"한게임포커 클래식 - 7포커 홀덤 섯다 훌라 슬롯"
01:30,59,963067330,"쿠키런: 오븐브레이크"
01:30,60,6746465127,"세포 특공대 - 전략형 타워 디펜스"
01:30,61,6503272652,"라스트 Z: 서바이벌 슈터"
01:30,62,1480616990,"리그 오브 레전드: 와일드 리프트"
01:30,63,6755455500,"할리우드 머지"
01:30,64,6746636289,"Forge Master – Idle RPG"
01:30,65,6752642477,"명일방주: 엔드필드"
01:30,66,6759822089,"오늘의 꽃 : 진짜 꽃을 키우는 게임"
01:30,67,6738163891,"뱀피르"
01:30,68,6446516059,"캣 히어로 : 방치형 RPG"
01:30,69,6751086804,"그놈은 드래곤"
01:30,70,1160056295,"모바일 레전드: Bang Bang"
01:30,71,1470173983,"AION2"
01:30,72,6746151928,"두근두근타운"
01:30,73,6757360957,"삼국지: 천하결전"
01:30,74,1376515087,"Age of Origins:Tower Defense"
01:30,75,6670441558,"Dark War:Survival"
01:30,76,664575829,"피쉬돔 (Fishdom)"
01:30,77,479516143,"Minecraft 온라인으로 친구들과 함께 플레이하세요"
01:30,78,6757381033,"2026 프로야구GO!"
01:30,79,6764201639,"총잡이 고양이 - 방치형 키우기"
01:30,80,1483058899,"Project Makeover"
01:30,81,1580691683,"MLB 9이닝스 라이벌 26"
01:30,82,6776989094,"블라이트 워 : 방치형 RPG"
01:30,83,6752886832,"호텔 레거시"
01:30,84,6457256716,"Total Football - 2026 북중미 시즌"
01:30,85,1053012308,"클래시 로얄 (Clash Royale)"
01:30,86,6749302379,"동방 찻집"
01:30,87,6753862216,"푸드스타（Foodstars）: 합쳐서 요리하기"
01:30,88,529479190,"클래시 오브 클랜"
01:30,89,1458568643,"피망 뉴맞고 : 고스톱으로 대한민국 1등"
01:30,90,6749759672,"산너머 도원마을"
01:30,91,6759914688,"냥찍 히어로즈 : 방치형 RPG"
01:30,92,1635712706,"슬레이어 키우기"
01:30,93,1176027022,"Toon Blast"
01:30,94,6756558621,"킹덤2: 타오르는 전장"
01:30,95,608808713,"쿠키런"
01:30,96,6737595599,"파운데이션: 우주 전선"
01:30,97,6754229264,"임진왜란: 조선의 반격"
01:30,98,6786589102,"티니핑 매직 매치"
01:30,99,6450953550,"탑 히어로즈: 영웅의 시대"
01:30,100,6754679035,"히어로 랜드M"
01:30,101,1480616748,"전략적 팀 전투: 리그 오브 레전드 전략 게임"
01:30,102,6746192853,"변신 키우기"
01:30,103,6736896540,"헬로키티 마이 드림 스토어"
01:30,104,6760822948,"더 코지 플로리스트"
01:30,105,1597760047,"OneState RP: 온라인 롤플레잉"
01:30,106,6756641249,"hololive Dreams"
01:30,107,1660850121,"대항해시대 오리진"
01:30,108,6740848451,"RF 온라인 넥스트"
01:30,109,1516727770,"마구마구 2026: 풀체인지"
01:30,110,6478943981,"뮤 모나크2"
01:30,111,6755585789,"템빨용사: 픽셀 아이템 머지 RPG"
01:30,112,6504332779,"Color Block Jam"
01:30,113,6760754315,"꿈의 여행자: 별빛 여정"
01:30,114,1533248097,"앙상블스타즈!!"
01:30,115,6767834940,"탑 로드"
01:30,116,880551258,"컴투스프로야구2026"
01:30,117,6449023119,"리버스: 1999"
01:30,118,6444043291,"Domino Dreams™"
01:30,119,6479970832,"포켓몬 카드 게임 Pocket"
01:30,120,6756058501,"젤리 버스터즈: 퍼즐 게임"
01:30,121,1517783697,"원신·공월의 노래"
01:30,122,6761749975,"토이 삼국"
01:30,123,6762203850,"바르디안: Vardian"
01:30,124,1484442152,"머지 맨션: 퍼즐과 스토리"
01:30,125,6747957875,"Family Go! - 대를 잇는 인생 시뮬레이션"
01:30,126,6443824730,"트릭컬 리바이브"
01:30,127,1468063069,"피망 포커"
01:30,128,6740899070,"플랜티스와 좀비깡패"
01:30,129,6740621218,"갓깨비 키우기"
01:30,130,1166415380,"풀팟 홀덤 포커: 텍사스 홀덤, 오마하, 토너먼트"
01:30,131,955705796,"MARVEL 퓨처파이트"
01:30,132,6752672568,"Block Out! - Color Sort Puzzle"
01:30,133,6767155768,"현상금 해적단 키우기"
01:30,134,6462846417,"MLB 클러치 히트 베이스볼 26"
01:30,135,6754373623,"소울 헌터 키우기 : 방치형 RPG"
01:30,136,6756247787,"디지몬 UP"
01:30,137,6740043080,"Screwdom : 나사와 볼트 퍼즐"
01:30,138,1323002999,"검은사막 모바일"
01:30,139,1628970855,"AFK: 새로운 여정"
01:30,140,1347780764,"Identity V -제5인격"
01:30,141,6740966864,"딸깍 다이스"
01:30,142,6752369665,"Haunted Merge: Horror Story"
01:30,143,1616108452,"우마무스메 프리티 더비"
01:30,144,6444598069,"나이트 크로우"
01:30,145,6754012129,"우와 모험단"
01:30,146,1241893973,"페이트/그랜드 오더"
01:30,147,1448979486,"던전앤파이터 모바일"
01:30,148,6751056652,"Pixel Flow!"
01:30,149,1478227443,"리니지2M"
01:30,150,1473903308,"명일방주"
01:30,151,6757722046,"Butcher hero: hook'n'chew RPG"
01:30,152,1473424424,"한게임 신맞고 : 대한민국 원조 고스톱"
01:30,153,6476336847,"피망 쇼다운 홀덤 : 텍사스 홀덤, 포커, 토너먼트"
01:30,154,6472396866,"연운"
01:30,155,6749132002,"빠지냥! (Drop the Cat)"
01:30,156,6444112366,"Limbus Company"
01:30,157,6754593077,"이환"
01:30,158,1484468651,"Dice Dreams™ 다이스 드림"
01:30,159,1556357398,"Pikmin Bloom"
01:30,160,1554247785,"Yu-Gi-Oh! Master Duel"
01:30,161,880047117,"앵그리버드 2 (Angry Birds 2)"
01:30,162,6762268182,"Z 루트: 리뎀션"
01:30,163,1059665257,"MLB 9이닝스 26"
01:30,164,6502820653,"궁수의 전설2"
01:30,165,1156321059,"프렌즈팝콘"
01:30,166,1571873795,"블루 아카이브"
01:30,167,1598881852,"프로젝트 세카이 컬러풀 스테이지! feat.하츠네 미쿠"
01:30,168,6566177585,"나 혼자 만렙 키우기"
01:30,169,852912420,"서머너즈 워 X 장송의 프리렌"
01:30,170,6483053853,"로드나인"
01:30,171,6740189002,"갤럭시 디펜스(Galaxy Defense)"
01:30,172,943690848,"ONE PIECE TREASURE CRUISE"
01:30,173,6754158504,"라그나로크 오리진 클래식"
01:30,174,1481802531,"이사만루26"
01:30,175,6502326151,"카오스 제로 나이트메어"
01:30,176,6746328263,"Castle Busters"
01:30,177,6474961936,"레이싱 마스터"
01:30,178,6760125313,"희비전 리버스"
01:30,179,6747024269,"기어몬: 타워 디펜스"
01:30,180,1297870337,"라그나로크M: ETERNAL LOVE"
01:30,181,6738469826,"랜드 오브 제일"
01:30,182,1510097347,"더 스파이크 크로스"
01:30,183,6761979765,"여전사 키우기 : 듀얼 방치형"
01:30,184,6754965520,"로그 레전드: 로그라이크 RPG"
01:30,185,6443760593,"좀비 웨이브스"
01:30,186,1220720235,"블레이드&소울 레볼루션"
01:30,187,6779167923,"Colony Flow!"
01:30,188,6753645951,"벙커디펜스: 빠른 무한 물량 막기"
01:30,189,646315802,"모두의마블"
01:30,190,6758827442,"히간: 이루실"
01:30,191,6737874398,"Merge Fashion: Romance Story"
01:30,192,6758072393,"추락한 아름다움: 머지&스토리"
01:30,193,1462911602,"Dream League Soccer 2026"
01:30,194,6741503079,"Pokémon Champions"
01:30,195,6448719154,"레이븐2"
01:30,196,557468499,"아이러브커피"
01:30,197,1528941310,"탕탕특공대"
01:30,198,6466373096,"동글동글 거위헬스장"
01:30,199,6467117398,"버섯커 키우기"
01:30,200,1402384531,"플레이투게더 (Play Together)"
02:30,1,6749251466,"쿠키런 키우기 - 쿠키런: 크럼블"
02:30,2,6443575749,"WOS: 화이트아웃 서바이벌"
02:30,3,6739554056,"킹샷:Kingshot"
02:30,4,6739616715,"메이플 키우기"
02:30,5,1623318294,"가십하버: 합성 & 스토리 게임"
02:30,6,1474589366,"리니지M"
02:30,7,6482291732,"운빨존많겜"
02:30,8,1273957743,"EA SPORTS FC Online M"
02:30,9,1482155847,"로얄 매치 (Royal Match)"
02:30,10,1478371252,"FC 모바일"
02:30,11,6448786147,"라스트 워: 서바이벌"
02:30,12,1458848044,"컴투스프로야구V26"
02:30,13,1366526331,"배틀그라운드"
02:30,14,6471045672,"테이스티 트레블: 합성 게임"
02:30,15,1105855019,"Gardenscapes"
02:30,16,1117270703,"eFootball™"
02:30,17,6443755785,"씨사이드 익스케이프: 합성 & 스토리 게임"
02:30,18,1133463693,"메이플스토리M"
02:30,19,947258826,"마피아42"
02:30,20,6762442041,"열혈강호: 넥스트"
02:30,21,1441742921,"마비노기 모바일"
02:30,22,6756989323,"라스트 어사일럼: 페스트"
02:30,23,1471942989,"한게임 섯다&맞고"
02:30,24,1229016807,"브롤스타즈"
02:30,25,1195621598,"Homescapes: Match 3 Games"
02:30,26,6475033368,"명조:워더링 웨이브 - 현방 지계를 향하여"
02:30,27,1094591345,"Pokémon GO"
02:30,28,6503702666,"협타디: 협동 타워 디펜스"
02:30,29,1606356401,"젠레스 존 제로 - 주년 기념"
02:30,30,6618142292,"핫레스토랑: 머지&쿠킹"
02:30,31,1128255542,"리니지M(12)"
02:30,32,6737408689,"스톤에이지 키우기"
02:30,33,6499562253,"드래곤빌리지3"
02:30,34,898986747,"좀비고등학교"
02:30,35,6748004690,"SOL: enchant"
02:30,36,1585915174,"승리의 여신: 니케"
02:30,37,1471486284,"한게임 포커"
02:30,38,1643509748,"머지 쿠킹 테마 레스토랑（Merge Cooking）"
02:30,39,6740026253,"오피스 퀸 키우기"
02:30,40,1466736988,"카트라이더 러쉬플러스"
02:30,41,553834731,"캔디크러쉬사가"
02:30,42,638689075,"꿈의 마을 (Township)"
02:30,43,6758200096,"라그나로크M: Classic"
02:30,44,1507872328,"WPL : 홀덤, 토너먼트, 오마하, 올인폴드, 픽앤고"
02:30,45,1606549505,"로얄 킹덤 (Royal Kingdom)"
02:30,46,6503603603,"미스터리 타운: 합성 게임 (Mystery Town)"
02:30,47,6751222389,"NBA 덩크 시티"
02:30,48,1509450845,"쿠키런: 킹덤"
02:30,49,6475757306,"Disney Solitaire 디즈니 솔리테어"
02:30,50,1521236603,"Travel Town - 결합 어드벤처"
02:30,51,1599719154,"붕괴: 스타레일"
02:30,52,6443477650,"한게임 로얄홀덤"
02:30,53,848091833,"냥코 대전쟁"
02:30,54,6450174109,"창세기전 모바일 - 서풍의 광시곡"
02:30,55,6479595079,"세븐나이츠 리버스"
02:30,56,1520354659,"오딘: 발할라 라이징"
02:30,57,6475925341,"주술회전 팬텀 퍼레이드"
02:30,58,1582390510,"한게임포커 클래식 - 7포커 홀덤 섯다 훌라 슬롯"
02:30,59,963067330,"쿠키런: 오븐브레이크"
02:30,60,6746465127,"세포 특공대 - 전략형 타워 디펜스"
02:30,61,6503272652,"라스트 Z: 서바이벌 슈터"
02:30,62,1480616990,"리그 오브 레전드: 와일드 리프트"
02:30,63,6755455500,"할리우드 머지"
02:30,64,6746636289,"Forge Master – Idle RPG"
02:30,65,6752642477,"명일방주: 엔드필드"
02:30,66,6759822089,"오늘의 꽃 : 진짜 꽃을 키우는 게임"
02:30,67,6738163891,"뱀피르"
02:30,68,6446516059,"캣 히어로 : 방치형 RPG"
02:30,69,6751086804,"그놈은 드래곤"
02:30,70,1160056295,"모바일 레전드: Bang Bang"
02:30,71,1470173983,"AION2"
02:30,72,6746151928,"두근두근타운"
02:30,73,6757360957,"삼국지: 천하결전"
02:30,74,1376515087,"Age of Origins:Tower Defense"
02:30,75,6670441558,"Dark War:Survival"
02:30,76,664575829,"피쉬돔 (Fishdom)"
02:30,77,479516143,"Minecraft 온라인으로 친구들과 함께 플레이하세요"
02:30,78,6757381033,"2026 프로야구GO!"
02:30,79,6764201639,"총잡이 고양이 - 방치형 키우기"
02:30,80,1483058899,"Project Makeover"
02:30,81,1580691683,"MLB 9이닝스 라이벌 26"
02:30,82,6776989094,"블라이트 워 : 방치형 RPG"
02:30,83,6752886832,"호텔 레거시"
02:30,84,6457256716,"Total Football - 2026 북중미 시즌"
02:30,85,1053012308,"클래시 로얄 (Clash Royale)"
02:30,86,6749302379,"동방 찻집"
02:30,87,6753862216,"푸드스타（Foodstars）: 합쳐서 요리하기"
02:30,88,529479190,"클래시 오브 클랜"
02:30,89,1458568643,"피망 뉴맞고 : 고스톱으로 대한민국 1등"
02:30,90,6749759672,"산너머 도원마을"
02:30,91,6759914688,"냥찍 히어로즈 : 방치형 RPG"
02:30,92,1635712706,"슬레이어 키우기"
02:30,93,1176027022,"Toon Blast"
02:30,94,6756558621,"킹덤2: 타오르는 전장"
02:30,95,608808713,"쿠키런"
02:30,96,6737595599,"파운데이션: 우주 전선"
02:30,97,6754229264,"임진왜란: 조선의 반격"
02:30,98,6786589102,"티니핑 매직 매치"
02:30,99,6450953550,"탑 히어로즈: 영웅의 시대"
02:30,100,6754679035,"히어로 랜드M"
02:30,101,1480616748,"전략적 팀 전투: 리그 오브 레전드 전략 게임"
02:30,102,6746192853,"변신 키우기"
02:30,103,6736896540,"헬로키티 마이 드림 스토어"
02:30,104,6760822948,"더 코지 플로리스트"
02:30,105,1597760047,"OneState RP: 온라인 롤플레잉"
02:30,106,6756641249,"hololive Dreams"
02:30,107,1660850121,"대항해시대 오리진"
02:30,108,6740848451,"RF 온라인 넥스트"
02:30,109,1516727770,"마구마구 2026: 풀체인지"
02:30,110,6478943981,"뮤 모나크2"
02:30,111,6755585789,"템빨용사: 픽셀 아이템 머지 RPG"
02:30,112,6504332779,"Color Block Jam"
02:30,113,6760754315,"꿈의 여행자: 별빛 여정"
02:30,114,1533248097,"앙상블스타즈!!"
02:30,115,6767834940,"탑 로드"
02:30,116,880551258,"컴투스프로야구2026"
02:30,117,6449023119,"리버스: 1999"
02:30,118,6444043291,"Domino Dreams™"
02:30,119,6479970832,"포켓몬 카드 게임 Pocket"
02:30,120,6756058501,"젤리 버스터즈: 퍼즐 게임"
02:30,121,1517783697,"원신·공월의 노래"
02:30,122,6761749975,"토이 삼국"
02:30,123,6762203850,"바르디안: Vardian"
02:30,124,1484442152,"머지 맨션: 퍼즐과 스토리"
02:30,125,6747957875,"Family Go! - 대를 잇는 인생 시뮬레이션"
02:30,126,6443824730,"트릭컬 리바이브"
02:30,127,1468063069,"피망 포커"
02:30,128,6740899070,"플랜티스와 좀비깡패"
02:30,129,6740621218,"갓깨비 키우기"
02:30,130,1166415380,"풀팟 홀덤 포커: 텍사스 홀덤, 오마하, 토너먼트"
02:30,131,955705796,"MARVEL 퓨처파이트"
02:30,132,6752672568,"Block Out! - Color Sort Puzzle"
02:30,133,6767155768,"현상금 해적단 키우기"
02:30,134,6462846417,"MLB 클러치 히트 베이스볼 26"
02:30,135,6754373623,"소울 헌터 키우기 : 방치형 RPG"
02:30,136,6756247787,"디지몬 UP"
02:30,137,6740043080,"Screwdom : 나사와 볼트 퍼즐"
02:30,138,1323002999,"검은사막 모바일"
02:30,139,1628970855,"AFK: 새로운 여정"
02:30,140,1347780764,"Identity V -제5인격"
02:30,141,6740966864,"딸깍 다이스"
02:30,142,6752369665,"Haunted Merge: Horror Story"
02:30,143,1616108452,"우마무스메 프리티 더비"
02:30,144,6444598069,"나이트 크로우"
02:30,145,6754012129,"우와 모험단"
02:30,146,1241893973,"페이트/그랜드 오더"
02:30,147,1448979486,"던전앤파이터 모바일"
02:30,148,6751056652,"Pixel Flow!"
02:30,149,1478227443,"리니지2M"
02:30,150,1473903308,"명일방주"
02:30,151,6757722046,"Butcher hero: hook'n'chew RPG"
02:30,152,1473424424,"한게임 신맞고 : 대한민국 원조 고스톱"
02:30,153,6476336847,"피망 쇼다운 홀덤 : 텍사스 홀덤, 포커, 토너먼트"
02:30,154,6472396866,"연운"
02:30,155,6749132002,"빠지냥! (Drop the Cat)"
02:30,156,6444112366,"Limbus Company"
02:30,157,6754593077,"이환"
02:30,158,1484468651,"Dice Dreams™ 다이스 드림"
02:30,159,1556357398,"Pikmin Bloom"
02:30,160,1554247785,"Yu-Gi-Oh! Master Duel"
02:30,161,880047117,"앵그리버드 2 (Angry Birds 2)"
02:30,162,6762268182,"Z 루트: 리뎀션"
02:30,163,1059665257,"MLB 9이닝스 26"
02:30,164,6502820653,"궁수의 전설2"
02:30,165,1156321059,"프렌즈팝콘"
02:30,166,1571873795,"블루 아카이브"
02:30,167,1598881852,"프로젝트 세카이 컬러풀 스테이지! feat.하츠네 미쿠"
02:30,168,6566177585,"나 혼자 만렙 키우기"
02:30,169,852912420,"서머너즈 워 X 장송의 프리렌"
02:30,170,6483053853,"로드나인"
02:30,171,6740189002,"갤럭시 디펜스(Galaxy Defense)"
02:30,172,943690848,"ONE PIECE TREASURE CRUISE"
02:30,173,6754158504,"라그나로크 오리진 클래식"
02:30,174,1481802531,"이사만루26"
02:30,175,6502326151,"카오스 제로 나이트메어"
02:30,176,6746328263,"Castle Busters"
02:30,177,6474961936,"레이싱 마스터"
02:30,178,6760125313,"희비전 리버스"
02:30,179,6747024269,"기어몬: 타워 디펜스"
02:30,180,1297870337,"라그나로크M: ETERNAL LOVE"
02:30,181,6738469826,"랜드 오브 제일"
02:30,182,1510097347,"더 스파이크 크로스"
02:30,183,6761979765,"여전사 키우기 : 듀얼 방치형"
02:30,184,6754965520,"로그 레전드: 로그라이크 RPG"
02:30,185,6443760593,"좀비 웨이브스"
02:30,186,1220720235,"블레이드&소울 레볼루션"
02:30,187,6779167923,"Colony Flow!"
02:30,188,6753645951,"벙커디펜스: 빠른 무한 물량 막기"
02:30,189,646315802,"모두의마블"
02:30,190,6758827442,"히간: 이루실"
02:30,191,6737874398,"Merge Fashion: Romance Story"
02:30,192,6758072393,"추락한 아름다움: 머지&스토리"
02:30,193,1462911602,"Dream League Soccer 2026"
02:30,194,6741503079,"Pokémon Champions"
02:30,195,6448719154,"레이븐2"
02:30,196,557468499,"아이러브커피"
02:30,197,1528941310,"탕탕특공대"
02:30,198,6466373096,"동글동글 거위헬스장"
02:30,199,6467117398,"버섯커 키우기"
02:30,200,1402384531,"플레이투게더 (Play Together)"
03:30,1,6749251466,"쿠키런 키우기 - 쿠키런: 크럼블"
03:30,2,6443575749,"WOS: 화이트아웃 서바이벌"
03:30,3,6739554056,"킹샷:Kingshot"
03:30,4,6739616715,"메이플 키우기"
03:30,5,1623318294,"가십하버: 합성 & 스토리 게임"
03:30,6,1474589366,"리니지M"
03:30,7,6482291732,"운빨존많겜"
03:30,8,1273957743,"EA SPORTS FC Online M"
03:30,9,1482155847,"로얄 매치 (Royal Match)"
03:30,10,1478371252,"FC 모바일"
03:30,11,6448786147,"라스트 워: 서바이벌"
03:30,12,1458848044,"컴투스프로야구V26"
03:30,13,1366526331,"배틀그라운드"
03:30,14,6471045672,"테이스티 트레블: 합성 게임"
03:30,15,1105855019,"Gardenscapes"
03:30,16,1117270703,"eFootball™"
03:30,17,6443755785,"씨사이드 익스케이프: 합성 & 스토리 게임"
03:30,18,1133463693,"메이플스토리M"
03:30,19,947258826,"마피아42"
03:30,20,6762442041,"열혈강호: 넥스트"
03:30,21,1441742921,"마비노기 모바일"
03:30,22,6756989323,"라스트 어사일럼: 페스트"
03:30,23,1471942989,"한게임 섯다&맞고"
03:30,24,1229016807,"브롤스타즈"
03:30,25,1195621598,"Homescapes: Match 3 Games"
03:30,26,6475033368,"명조:워더링 웨이브 - 현방 지계를 향하여"
03:30,27,1094591345,"Pokémon GO"
03:30,28,6503702666,"협타디: 협동 타워 디펜스"
03:30,29,1606356401,"젠레스 존 제로 - 주년 기념"
03:30,30,6618142292,"핫레스토랑: 머지&쿠킹"
03:30,31,1128255542,"리니지M(12)"
03:30,32,6737408689,"스톤에이지 키우기"
03:30,33,6499562253,"드래곤빌리지3"
03:30,34,898986747,"좀비고등학교"
03:30,35,6748004690,"SOL: enchant"
03:30,36,1585915174,"승리의 여신: 니케"
03:30,37,1471486284,"한게임 포커"
03:30,38,1643509748,"머지 쿠킹 테마 레스토랑（Merge Cooking）"
03:30,39,6740026253,"오피스 퀸 키우기"
03:30,40,1466736988,"카트라이더 러쉬플러스"
03:30,41,553834731,"캔디크러쉬사가"
03:30,42,638689075,"꿈의 마을 (Township)"
03:30,43,6758200096,"라그나로크M: Classic"
03:30,44,1507872328,"WPL : 홀덤, 토너먼트, 오마하, 올인폴드, 픽앤고"
03:30,45,1606549505,"로얄 킹덤 (Royal Kingdom)"
03:30,46,6503603603,"미스터리 타운: 합성 게임 (Mystery Town)"
03:30,47,6751222389,"NBA 덩크 시티"
03:30,48,1509450845,"쿠키런: 킹덤"
03:30,49,6475757306,"Disney Solitaire 디즈니 솔리테어"
03:30,50,1521236603,"Travel Town - 결합 어드벤처"
03:30,51,1599719154,"붕괴: 스타레일"
03:30,52,6443477650,"한게임 로얄홀덤"
03:30,53,848091833,"냥코 대전쟁"
03:30,54,6450174109,"창세기전 모바일 - 서풍의 광시곡"
03:30,55,6479595079,"세븐나이츠 리버스"
03:30,56,1520354659,"오딘: 발할라 라이징"
03:30,57,6475925341,"주술회전 팬텀 퍼레이드"
03:30,58,1582390510,"한게임포커 클래식 - 7포커 홀덤 섯다 훌라 슬롯"
03:30,59,963067330,"쿠키런: 오븐브레이크"
03:30,60,6746465127,"세포 특공대 - 전략형 타워 디펜스"
03:30,61,6503272652,"라스트 Z: 서바이벌 슈터"
03:30,62,1480616990,"리그 오브 레전드: 와일드 리프트"
03:30,63,6755455500,"할리우드 머지"
03:30,64,6746636289,"Forge Master – Idle RPG"
03:30,65,6752642477,"명일방주: 엔드필드"
03:30,66,6759822089,"오늘의 꽃 : 진짜 꽃을 키우는 게임"
03:30,67,6738163891,"뱀피르"
03:30,68,6446516059,"캣 히어로 : 방치형 RPG"
03:30,69,6751086804,"그놈은 드래곤"
03:30,70,1160056295,"모바일 레전드: Bang Bang"
03:30,71,1470173983,"AION2"
03:30,72,6746151928,"두근두근타운"
03:30,73,6757360957,"삼국지: 천하결전"
03:30,74,1376515087,"Age of Origins:Tower Defense"
03:30,75,6670441558,"Dark War:Survival"
03:30,76,664575829,"피쉬돔 (Fishdom)"
03:30,77,479516143,"Minecraft 온라인으로 친구들과 함께 플레이하세요"
03:30,78,6757381033,"2026 프로야구GO!"
03:30,79,6764201639,"총잡이 고양이 - 방치형 키우기"
03:30,80,1483058899,"Project Makeover"
03:30,81,1580691683,"MLB 9이닝스 라이벌 26"
03:30,82,6776989094,"블라이트 워 : 방치형 RPG"
03:30,83,6752886832,"호텔 레거시"
03:30,84,6457256716,"Total Football - 2026 북중미 시즌"
03:30,85,1053012308,"클래시 로얄 (Clash Royale)"
03:30,86,6749302379,"동방 찻집"
03:30,87,6753862216,"푸드스타（Foodstars）: 합쳐서 요리하기"
03:30,88,529479190,"클래시 오브 클랜"
03:30,89,1458568643,"피망 뉴맞고 : 고스톱으로 대한민국 1등"
03:30,90,6749759672,"산너머 도원마을"
03:30,91,6759914688,"냥찍 히어로즈 : 방치형 RPG"
03:30,92,1635712706,"슬레이어 키우기"
03:30,93,1176027022,"Toon Blast"
03:30,94,6756558621,"킹덤2: 타오르는 전장"
03:30,95,608808713,"쿠키런"
03:30,96,6737595599,"파운데이션: 우주 전선"
03:30,97,6754229264,"임진왜란: 조선의 반격"
03:30,98,6786589102,"티니핑 매직 매치"
03:30,99,6450953550,"탑 히어로즈: 영웅의 시대"
03:30,100,6754679035,"히어로 랜드M"
03:30,101,1480616748,"전략적 팀 전투: 리그 오브 레전드 전략 게임"
03:30,102,6746192853,"변신 키우기"
03:30,103,6736896540,"헬로키티 마이 드림 스토어"
03:30,104,6760822948,"더 코지 플로리스트"
03:30,105,1597760047,"OneState RP: 온라인 롤플레잉"
03:30,106,6756641249,"hololive Dreams"
03:30,107,1660850121,"대항해시대 오리진"
03:30,108,6740848451,"RF 온라인 넥스트"
03:30,109,1516727770,"마구마구 2026: 풀체인지"
03:30,110,6478943981,"뮤 모나크2"
03:30,111,6755585789,"템빨용사: 픽셀 아이템 머지 RPG"
03:30,112,6504332779,"Color Block Jam"
03:30,113,6760754315,"꿈의 여행자: 별빛 여정"
03:30,114,1533248097,"앙상블스타즈!!"
03:30,115,6767834940,"탑 로드"
03:30,116,880551258,"컴투스프로야구2026"
03:30,117,6449023119,"리버스: 1999"
03:30,118,6444043291,"Domino Dreams™"
03:30,119,6479970832,"포켓몬 카드 게임 Pocket"
03:30,120,6756058501,"젤리 버스터즈: 퍼즐 게임"
03:30,121,1517783697,"원신·공월의 노래"
03:30,122,6761749975,"토이 삼국"
03:30,123,6762203850,"바르디안: Vardian"
03:30,124,1484442152,"머지 맨션: 퍼즐과 스토리"
03:30,125,6747957875,"Family Go! - 대를 잇는 인생 시뮬레이션"
03:30,126,6443824730,"트릭컬 리바이브"
03:30,127,1468063069,"피망 포커"
03:30,128,6740899070,"플랜티스와 좀비깡패"
03:30,129,6740621218,"갓깨비 키우기"
03:30,130,1166415380,"풀팟 홀덤 포커: 텍사스 홀덤, 오마하, 토너먼트"
03:30,131,955705796,"MARVEL 퓨처파이트"
03:30,132,6752672568,"Block Out! - Color Sort Puzzle"
03:30,133,6767155768,"현상금 해적단 키우기"
03:30,134,6462846417,"MLB 클러치 히트 베이스볼 26"
03:30,135,6754373623,"소울 헌터 키우기 : 방치형 RPG"
03:30,136,6756247787,"디지몬 UP"
03:30,137,6740043080,"Screwdom : 나사와 볼트 퍼즐"
03:30,138,1323002999,"검은사막 모바일"
03:30,139,1628970855,"AFK: 새로운 여정"
03:30,140,1347780764,"Identity V -제5인격"
03:30,141,6740966864,"딸깍 다이스"
03:30,142,6752369665,"Haunted Merge: Horror Story"
03:30,143,1616108452,"우마무스메 프리티 더비"
03:30,144,6444598069,"나이트 크로우"
03:30,145,6754012129,"우와 모험단"
03:30,146,1241893973,"페이트/그랜드 오더"
03:30,147,1448979486,"던전앤파이터 모바일"
03:30,148,6751056652,"Pixel Flow!"
03:30,149,1478227443,"리니지2M"
03:30,150,1473903308,"명일방주"
03:30,151,6757722046,"Butcher hero: hook'n'chew RPG"
03:30,152,1473424424,"한게임 신맞고 : 대한민국 원조 고스톱"
03:30,153,6476336847,"피망 쇼다운 홀덤 : 텍사스 홀덤, 포커, 토너먼트"
03:30,154,6472396866,"연운"
03:30,155,6749132002,"빠지냥! (Drop the Cat)"
03:30,156,6444112366,"Limbus Company"
03:30,157,6754593077,"이환"
03:30,158,1484468651,"Dice Dreams™ 다이스 드림"
03:30,159,1556357398,"Pikmin Bloom"
03:30,160,1554247785,"Yu-Gi-Oh! Master Duel"
03:30,161,880047117,"앵그리버드 2 (Angry Birds 2)"
03:30,162,6762268182,"Z 루트: 리뎀션"
03:30,163,1059665257,"MLB 9이닝스 26"
03:30,164,6502820653,"궁수의 전설2"
03:30,165,1156321059,"프렌즈팝콘"
03:30,166,1571873795,"블루 아카이브"
03:30,167,1598881852,"프로젝트 세카이 컬러풀 스테이지! feat.하츠네 미쿠"
03:30,168,6566177585,"나 혼자 만렙 키우기"
03:30,169,852912420,"서머너즈 워 X 장송의 프리렌"
03:30,170,6483053853,"로드나인"
03:30,171,6740189002,"갤럭시 디펜스(Galaxy Defense)"
03:30,172,943690848,"ONE PIECE TREASURE CRUISE"
03:30,173,6754158504,"라그나로크 오리진 클래식"
03:30,174,1481802531,"이사만루26"
03:30,175,6502326151,"카오스 제로 나이트메어"
03:30,176,6746328263,"Castle Busters"
03:30,177,6474961936,"레이싱 마스터"
03:30,178,6760125313,"희비전 리버스"
03:30,179,6747024269,"기어몬: 타워 디펜스"
03:30,180,1297870337,"라그나로크M: ETERNAL LOVE"
03:30,181,6738469826,"랜드 오브 제일"
03:30,182,1510097347,"더 스파이크 크로스"
03:30,183,6761979765,"여전사 키우기 : 듀얼 방치형"
03:30,184,6754965520,"로그 레전드: 로그라이크 RPG"
03:30,185,6443760593,"좀비 웨이브스"
03:30,186,1220720235,"블레이드&소울 레볼루션"
03:30,187,6779167923,"Colony Flow!"
03:30,188,6753645951,"벙커디펜스: 빠른 무한 물량 막기"
03:30,189,646315802,"모두의마블"
03:30,190,6758827442,"히간: 이루실"
03:30,191,6737874398,"Merge Fashion: Romance Story"
03:30,192,6758072393,"추락한 아름다움: 머지&스토리"
03:30,193,1462911602,"Dream League Soccer 2026"
03:30,194,6741503079,"Pokémon Champions"
03:30,195,6448719154,"레이븐2"
03:30,196,557468499,"아이러브커피"
03:30,197,1528941310,"탕탕특공대"
03:30,198,6466373096,"동글동글 거위헬스장"
03:30,199,6467117398,"버섯커 키우기"
03:30,200,1402384531,"플레이투게더 (Play Together)"
04:30,1,6749251466,"쿠키런 키우기 - 쿠키런: 크럼블"
04:30,2,6443575749,"WOS: 화이트아웃 서바이벌"
04:30,3,6739616715,"메이플 키우기"
04:30,4,1623318294,"가십하버: 합성 & 스토리 게임"
04:30,5,1474589366,"리니지M"
04:30,6,6739554056,"킹샷:Kingshot"
04:30,7,6482291732,"운빨존많겜"
04:30,8,1273957743,"EA SPORTS FC Online M"
04:30,9,1482155847,"로얄 매치 (Royal Match)"
04:30,10,1478371252,"FC 모바일"
04:30,11,1366526331,"배틀그라운드"
04:30,12,6448786147,"라스트 워: 서바이벌"
04:30,13,1458848044,"컴투스프로야구V26"
04:30,14,6471045672,"테이스티 트레블: 합성 게임"
04:30,15,1105855019,"Gardenscapes"
04:30,16,1117270703,"eFootball™"
04:30,17,6443755785,"씨사이드 익스케이프: 합성 & 스토리 게임"
04:30,18,1133463693,"메이플스토리M"
04:30,19,6762442041,"열혈강호: 넥스트"
04:30,20,947258826,"마피아42"
04:30,21,1441742921,"마비노기 모바일"
04:30,22,1471942989,"한게임 섯다&맞고"
04:30,23,6756989323,"라스트 어사일럼: 페스트"
04:30,24,1195621598,"Homescapes: Match 3 Games"
04:30,25,1229016807,"브롤스타즈"
04:30,26,6475033368,"명조:워더링 웨이브 - 현방 지계를 향하여"
04:30,27,6503702666,"협타디: 협동 타워 디펜스"
04:30,28,1606356401,"젠레스 존 제로 - 주년 기념"
04:30,29,1094591345,"Pokémon GO"
04:30,30,6618142292,"핫레스토랑: 머지&쿠킹"
04:30,31,1128255542,"리니지M(12)"
04:30,32,1585915174,"승리의 여신: 니케"
04:30,33,6499562253,"드래곤빌리지3"
04:30,34,6737408689,"스톤에이지 키우기"
04:30,35,898986747,"좀비고등학교"
04:30,36,1471486284,"한게임 포커"
04:30,37,1643509748,"머지 쿠킹 테마 레스토랑（Merge Cooking）"
04:30,38,6748004690,"SOL: enchant"
04:30,39,638689075,"꿈의 마을 (Township)"
04:30,40,1466736988,"카트라이더 러쉬플러스"
04:30,41,1507872328,"WPL : 홀덤, 토너먼트, 오마하, 올인폴드, 픽앤고"
04:30,42,6758200096,"라그나로크M: Classic"
04:30,43,553834731,"캔디크러쉬사가"
04:30,44,6740026253,"오피스 퀸 키우기"
04:30,45,1606549505,"로얄 킹덤 (Royal Kingdom)"
04:30,46,6751222389,"NBA 덩크 시티"
04:30,47,6503603603,"미스터리 타운: 합성 게임 (Mystery Town)"
04:30,48,1521236603,"Travel Town - 결합 어드벤처"
04:30,49,6475757306,"Disney Solitaire 디즈니 솔리테어"
04:30,50,6443477650,"한게임 로얄홀덤"
04:30,51,1509450845,"쿠키런: 킹덤"
04:30,52,1599719154,"붕괴: 스타레일"
04:30,53,6450174109,"창세기전 모바일 - 서풍의 광시곡"
04:30,54,848091833,"냥코 대전쟁"
04:30,55,1520354659,"오딘: 발할라 라이징"
04:30,56,963067330,"쿠키런: 오븐브레이크"
04:30,57,6479595079,"세븐나이츠 리버스"
04:30,58,6475925341,"주술회전 팬텀 퍼레이드"
04:30,59,1480616990,"리그 오브 레전드: 와일드 리프트"
04:30,60,6746465127,"세포 특공대 - 전략형 타워 디펜스"
04:30,61,6755455500,"할리우드 머지"
04:30,62,6738163891,"뱀피르"
04:30,63,1582390510,"한게임포커 클래식 - 7포커 홀덤 섯다 훌라 슬롯"
04:30,64,1470173983,"AION2"
04:30,65,6759822089,"오늘의 꽃 : 진짜 꽃을 키우는 게임"
04:30,66,6503272652,"라스트 Z: 서바이벌 슈터"
04:30,67,6752642477,"명일방주: 엔드필드"
04:30,68,6746151928,"두근두근타운"
04:30,69,6446516059,"캣 히어로 : 방치형 RPG"
04:30,70,6751086804,"그놈은 드래곤"
04:30,71,6746636289,"Forge Master – Idle RPG"
04:30,72,6757360957,"삼국지: 천하결전"
04:30,73,1160056295,"모바일 레전드: Bang Bang"
04:30,74,6457256716,"Total Football - 2026 북중미 시즌"
04:30,75,664575829,"피쉬돔 (Fishdom)"
04:30,76,6776989094,"블라이트 워 : 방치형 RPG"
04:30,77,479516143,"Minecraft 온라인으로 친구들과 함께 플레이하세요"
04:30,78,1483058899,"Project Makeover"
04:30,79,6752886832,"호텔 레거시"
04:30,80,6754679035,"히어로 랜드M"
04:30,81,6753862216,"푸드스타（Foodstars）: 합쳐서 요리하기"
04:30,82,1458568643,"피망 뉴맞고 : 고스톱으로 대한민국 1등"
04:30,83,6759914688,"냥찍 히어로즈 : 방치형 RPG"
04:30,84,6757381033,"2026 프로야구GO!"
04:30,85,1053012308,"클래시 로얄 (Clash Royale)"
04:30,86,6756558621,"킹덤2: 타오르는 전장"
04:30,87,1580691683,"MLB 9이닝스 라이벌 26"
04:30,88,1376515087,"Age of Origins:Tower Defense"
04:30,89,6749302379,"동방 찻집"
04:30,90,6670441558,"Dark War:Survival"
04:30,91,6764201639,"총잡이 고양이 - 방치형 키우기"
04:30,92,529479190,"클래시 오브 클랜"
04:30,93,1176027022,"Toon Blast"
04:30,94,6749759672,"산너머 도원마을"
04:30,95,608808713,"쿠키런"
04:30,96,6737595599,"파운데이션: 우주 전선"
04:30,97,6754229264,"임진왜란: 조선의 반격"
04:30,98,1635712706,"슬레이어 키우기"
04:30,99,6786589102,"티니핑 매직 매치"
04:30,100,6736896540,"헬로키티 마이 드림 스토어"
04:30,101,1516727770,"마구마구 2026: 풀체인지"
04:30,102,1480616748,"전략적 팀 전투: 리그 오브 레전드 전략 게임"
04:30,103,6755585789,"템빨용사: 픽셀 아이템 머지 RPG"
04:30,104,6450953550,"탑 히어로즈: 영웅의 시대"
04:30,105,6760822948,"더 코지 플로리스트"
04:30,106,6504332779,"Color Block Jam"
04:30,107,1597760047,"OneState RP: 온라인 롤플레잉"
04:30,108,6762203850,"바르디안: Vardian"
04:30,109,6449023119,"리버스: 1999"
04:30,110,6761749975,"토이 삼국"
04:30,111,880551258,"컴투스프로야구2026"
04:30,112,6746192853,"변신 키우기"
04:30,113,6478943981,"뮤 모나크2"
04:30,114,6444043291,"Domino Dreams™"
04:30,115,6756641249,"hololive Dreams"
04:30,116,1468063069,"피망 포커"
04:30,117,6756058501,"젤리 버스터즈: 퍼즐 게임"
04:30,118,1660850121,"대항해시대 오리진"
04:30,119,6760754315,"꿈의 여행자: 별빛 여정"
04:30,120,1533248097,"앙상블스타즈!!"
04:30,121,6767834940,"탑 로드"
04:30,122,6740848451,"RF 온라인 넥스트"
04:30,123,6479970832,"포켓몬 카드 게임 Pocket"
04:30,124,1166415380,"풀팟 홀덤 포커: 텍사스 홀덤, 오마하, 토너먼트"
04:30,125,6747957875,"Family Go! - 대를 잇는 인생 시뮬레이션"
04:30,126,6767155768,"현상금 해적단 키우기"
04:30,127,6740899070,"플랜티스와 좀비깡패"
04:30,128,6443824730,"트릭컬 리바이브"
04:30,129,1484442152,"머지 맨션: 퍼즐과 스토리"
04:30,130,955705796,"MARVEL 퓨처파이트"
04:30,131,1323002999,"검은사막 모바일"
04:30,132,6752672568,"Block Out! - Color Sort Puzzle"
04:30,133,1517783697,"원신·공월의 노래"
04:30,134,6462846417,"MLB 클러치 히트 베이스볼 26"
04:30,135,1448979486,"던전앤파이터 모바일"
04:30,136,6740043080,"Screwdom : 나사와 볼트 퍼즐"
04:30,137,6754373623,"소울 헌터 키우기 : 방치형 RPG"
04:30,138,6756247787,"디지몬 UP"
04:30,139,6740621218,"갓깨비 키우기"
04:30,140,1347780764,"Identity V -제5인격"
04:30,141,6476336847,"피망 쇼다운 홀덤 : 텍사스 홀덤, 포커, 토너먼트"
04:30,142,6740966864,"딸깍 다이스"
04:30,143,6752369665,"Haunted Merge: Horror Story"
04:30,144,6444598069,"나이트 크로우"
04:30,145,1628970855,"AFK: 새로운 여정"
04:30,146,1473424424,"한게임 신맞고 : 대한민국 원조 고스톱"
04:30,147,1616108452,"우마무스메 프리티 더비"
04:30,148,6751056652,"Pixel Flow!"
04:30,149,1241893973,"페이트/그랜드 오더"
04:30,150,1473903308,"명일방주"
04:30,151,6757722046,"Butcher hero: hook'n'chew RPG"
04:30,152,6754012129,"우와 모험단"
04:30,153,1484468651,"Dice Dreams™ 다이스 드림"
04:30,154,1297870337,"라그나로크M: ETERNAL LOVE"
04:30,155,1478227443,"리니지2M"
04:30,156,6749132002,"빠지냥! (Drop the Cat)"
04:30,157,6740189002,"갤럭시 디펜스(Galaxy Defense)"
04:30,158,1556357398,"Pikmin Bloom"
04:30,159,943690848,"ONE PIECE TREASURE CRUISE"
04:30,160,6762268182,"Z 루트: 리뎀션"
04:30,161,880047117,"앵그리버드 2 (Angry Birds 2)"
04:30,162,6444112366,"Limbus Company"
04:30,163,1156321059,"프렌즈팝콘"
04:30,164,6483053853,"로드나인"
04:30,165,6472396866,"연운"
04:30,166,6737500275,"I9: 인페르노 나인"
04:30,167,1059665257,"MLB 9이닝스 26"
04:30,168,6566177585,"나 혼자 만렙 키우기"
04:30,169,6754593077,"이환"
04:30,170,6761979765,"여전사 키우기 : 듀얼 방치형"
04:30,171,1598881852,"프로젝트 세카이 컬러풀 스테이지! feat.하츠네 미쿠"
04:30,172,1554247785,"Yu-Gi-Oh! Master Duel"
04:30,173,6747024269,"기어몬: 타워 디펜스"
04:30,174,1571873795,"블루 아카이브"
04:30,175,6779167923,"Colony Flow!"
04:30,176,557468499,"아이러브커피"
04:30,177,6754158504,"라그나로크 오리진 클래식"
04:30,178,6760125313,"희비전 리버스"
04:30,179,6746328263,"Castle Busters"
04:30,180,6502820653,"궁수의 전설2"
04:30,181,1481802531,"이사만루26"
04:30,182,6754965520,"로그 레전드: 로그라이크 RPG"
04:30,183,646315802,"모두의마블"
04:30,184,852912420,"서머너즈 워 X 장송의 프리렌"
04:30,185,6737874398,"Merge Fashion: Romance Story"
04:30,186,6448719154,"레이븐2"
04:30,187,6467117398,"버섯커 키우기"
04:30,188,1510097347,"더 스파이크 크로스"
04:30,189,6502326151,"카오스 제로 나이트메어"
04:30,190,6741889270,"픽셀 법사 키우기 : 방치형 RPG"
04:30,191,6474961936,"레이싱 마스터"
04:30,192,6738469826,"랜드 오브 제일"
04:30,193,6758072393,"추락한 아름다움: 머지&스토리"
04:30,194,6499011827,"소녀전선2: 망명"
04:30,195,1252850847,"NBA 2K Mobile 농구 게임"
04:30,196,6466373096,"동글동글 거위헬스장"
04:30,197,1311102174,"위 베어 베어스 더 퍼즐 : 퍼즐게임"
04:30,198,6443760593,"좀비 웨이브스"
04:30,199,6741503079,"Pokémon Champions"
04:30,200,6740618570,"XP Hero (XP 히어로)"
05:30,1,6749251466,"쿠키런 키우기 - 쿠키런: 크럼블"
05:30,2,6443575749,"WOS: 화이트아웃 서바이벌"
05:30,3,6739616715,"메이플 키우기"
05:30,4,1623318294,"가십하버: 합성 & 스토리 게임"
05:30,5,1474589366,"리니지M"
05:30,6,6739554056,"킹샷:Kingshot"
05:30,7,6482291732,"운빨존많겜"
05:30,8,1273957743,"EA SPORTS FC Online M"
05:30,9,1482155847,"로얄 매치 (Royal Match)"
05:30,10,1478371252,"FC 모바일"
05:30,11,1366526331,"배틀그라운드"
05:30,12,6448786147,"라스트 워: 서바이벌"
05:30,13,1458848044,"컴투스프로야구V26"
05:30,14,6471045672,"테이스티 트레블: 합성 게임"
05:30,15,1105855019,"Gardenscapes"
05:30,16,1117270703,"eFootball™"
05:30,17,6443755785,"씨사이드 익스케이프: 합성 & 스토리 게임"
05:30,18,1133463693,"메이플스토리M"
05:30,19,6762442041,"열혈강호: 넥스트"
05:30,20,947258826,"마피아42"
05:30,21,1441742921,"마비노기 모바일"
05:30,22,1471942989,"한게임 섯다&맞고"
05:30,23,6756989323,"라스트 어사일럼: 페스트"
05:30,24,1195621598,"Homescapes: Match 3 Games"
05:30,25,1229016807,"브롤스타즈"
05:30,26,6475033368,"명조:워더링 웨이브 - 현방 지계를 향하여"
05:30,27,6503702666,"협타디: 협동 타워 디펜스"
05:30,28,1606356401,"젠레스 존 제로 - 주년 기념"
05:30,29,1094591345,"Pokémon GO"
05:30,30,6618142292,"핫레스토랑: 머지&쿠킹"
05:30,31,1128255542,"리니지M(12)"
05:30,32,1585915174,"승리의 여신: 니케"
05:30,33,6499562253,"드래곤빌리지3"
05:30,34,6737408689,"스톤에이지 키우기"
05:30,35,898986747,"좀비고등학교"
05:30,36,1471486284,"한게임 포커"
05:30,37,1643509748,"머지 쿠킹 테마 레스토랑（Merge Cooking）"
05:30,38,6748004690,"SOL: enchant"
05:30,39,638689075,"꿈의 마을 (Township)"
05:30,40,1466736988,"카트라이더 러쉬플러스"
05:30,41,1507872328,"WPL : 홀덤, 토너먼트, 오마하, 올인폴드, 픽앤고"
05:30,42,6758200096,"라그나로크M: Classic"
05:30,43,553834731,"캔디크러쉬사가"
05:30,44,6740026253,"오피스 퀸 키우기"
05:30,45,1606549505,"로얄 킹덤 (Royal Kingdom)"
05:30,46,6751222389,"NBA 덩크 시티"
05:30,47,6503603603,"미스터리 타운: 합성 게임 (Mystery Town)"
05:30,48,1521236603,"Travel Town - 결합 어드벤처"
05:30,49,6475757306,"Disney Solitaire 디즈니 솔리테어"
05:30,50,6443477650,"한게임 로얄홀덤"
05:30,51,1509450845,"쿠키런: 킹덤"
05:30,52,1599719154,"붕괴: 스타레일"
05:30,53,6450174109,"창세기전 모바일 - 서풍의 광시곡"
05:30,54,848091833,"냥코 대전쟁"
05:30,55,1520354659,"오딘: 발할라 라이징"
05:30,56,963067330,"쿠키런: 오븐브레이크"
05:30,57,6479595079,"세븐나이츠 리버스"
05:30,58,6475925341,"주술회전 팬텀 퍼레이드"
05:30,59,1480616990,"리그 오브 레전드: 와일드 리프트"
05:30,60,6746465127,"세포 특공대 - 전략형 타워 디펜스"
05:30,61,6755455500,"할리우드 머지"
05:30,62,6738163891,"뱀피르"
05:30,63,1582390510,"한게임포커 클래식 - 7포커 홀덤 섯다 훌라 슬롯"
05:30,64,1470173983,"AION2"
05:30,65,6759822089,"오늘의 꽃 : 진짜 꽃을 키우는 게임"
05:30,66,6503272652,"라스트 Z: 서바이벌 슈터"
05:30,67,6752642477,"명일방주: 엔드필드"
05:30,68,6746151928,"두근두근타운"
05:30,69,6446516059,"캣 히어로 : 방치형 RPG"
05:30,70,6751086804,"그놈은 드래곤"
05:30,71,6746636289,"Forge Master – Idle RPG"
05:30,72,6757360957,"삼국지: 천하결전"
05:30,73,1160056295,"모바일 레전드: Bang Bang"
05:30,74,6457256716,"Total Football - 2026 북중미 시즌"
05:30,75,664575829,"피쉬돔 (Fishdom)"
05:30,76,6776989094,"블라이트 워 : 방치형 RPG"
05:30,77,479516143,"Minecraft 온라인으로 친구들과 함께 플레이하세요"
05:30,78,1483058899,"Project Makeover"
05:30,79,6752886832,"호텔 레거시"
05:30,80,6754679035,"히어로 랜드M"
05:30,81,6753862216,"푸드스타（Foodstars）: 합쳐서 요리하기"
05:30,82,1458568643,"피망 뉴맞고 : 고스톱으로 대한민국 1등"
05:30,83,6759914688,"냥찍 히어로즈 : 방치형 RPG"
05:30,84,6757381033,"2026 프로야구GO!"
05:30,85,1053012308,"클래시 로얄 (Clash Royale)"
05:30,86,6756558621,"킹덤2: 타오르는 전장"
05:30,87,1580691683,"MLB 9이닝스 라이벌 26"
05:30,88,1376515087,"Age of Origins:Tower Defense"
05:30,89,6749302379,"동방 찻집"
05:30,90,6670441558,"Dark War:Survival"
05:30,91,6764201639,"총잡이 고양이 - 방치형 키우기"
05:30,92,529479190,"클래시 오브 클랜"
05:30,93,1176027022,"Toon Blast"
05:30,94,6749759672,"산너머 도원마을"
05:30,95,608808713,"쿠키런"
05:30,96,6737595599,"파운데이션: 우주 전선"
05:30,97,6754229264,"임진왜란: 조선의 반격"
05:30,98,1635712706,"슬레이어 키우기"
05:30,99,6786589102,"티니핑 매직 매치"
05:30,100,6736896540,"헬로키티 마이 드림 스토어"
05:30,101,1516727770,"마구마구 2026: 풀체인지"
05:30,102,1480616748,"전략적 팀 전투: 리그 오브 레전드 전략 게임"
05:30,103,6755585789,"템빨용사: 픽셀 아이템 머지 RPG"
05:30,104,6450953550,"탑 히어로즈: 영웅의 시대"
05:30,105,6760822948,"더 코지 플로리스트"
05:30,106,6504332779,"Color Block Jam"
05:30,107,1597760047,"OneState RP: 온라인 롤플레잉"
05:30,108,6762203850,"바르디안: Vardian"
05:30,109,6449023119,"리버스: 1999"
05:30,110,6761749975,"토이 삼국"
05:30,111,880551258,"컴투스프로야구2026"
05:30,112,6746192853,"변신 키우기"
05:30,113,6478943981,"뮤 모나크2"
05:30,114,6444043291,"Domino Dreams™"
05:30,115,6756641249,"hololive Dreams"
05:30,116,1468063069,"피망 포커"
05:30,117,6756058501,"젤리 버스터즈: 퍼즐 게임"
05:30,118,1660850121,"대항해시대 오리진"
05:30,119,6760754315,"꿈의 여행자: 별빛 여정"
05:30,120,1533248097,"앙상블스타즈!!"
05:30,121,6767834940,"탑 로드"
05:30,122,6740848451,"RF 온라인 넥스트"
05:30,123,6479970832,"포켓몬 카드 게임 Pocket"
05:30,124,1166415380,"풀팟 홀덤 포커: 텍사스 홀덤, 오마하, 토너먼트"
05:30,125,6747957875,"Family Go! - 대를 잇는 인생 시뮬레이션"
05:30,126,6767155768,"현상금 해적단 키우기"
05:30,127,6740899070,"플랜티스와 좀비깡패"
05:30,128,6443824730,"트릭컬 리바이브"
05:30,129,1484442152,"머지 맨션: 퍼즐과 스토리"
05:30,130,955705796,"MARVEL 퓨처파이트"
05:30,131,1323002999,"검은사막 모바일"
05:30,132,6752672568,"Block Out! - Color Sort Puzzle"
05:30,133,1517783697,"원신·공월의 노래"
05:30,134,6462846417,"MLB 클러치 히트 베이스볼 26"
05:30,135,1448979486,"던전앤파이터 모바일"
05:30,136,6740043080,"Screwdom : 나사와 볼트 퍼즐"
05:30,137,6754373623,"소울 헌터 키우기 : 방치형 RPG"
05:30,138,6756247787,"디지몬 UP"
05:30,139,6740621218,"갓깨비 키우기"
05:30,140,1347780764,"Identity V -제5인격"
05:30,141,6476336847,"피망 쇼다운 홀덤 : 텍사스 홀덤, 포커, 토너먼트"
05:30,142,6740966864,"딸깍 다이스"
05:30,143,6752369665,"Haunted Merge: Horror Story"
05:30,144,6444598069,"나이트 크로우"
05:30,145,1628970855,"AFK: 새로운 여정"
05:30,146,1473424424,"한게임 신맞고 : 대한민국 원조 고스톱"
05:30,147,1616108452,"우마무스메 프리티 더비"
05:30,148,6751056652,"Pixel Flow!"
05:30,149,1241893973,"페이트/그랜드 오더"
05:30,150,1473903308,"명일방주"
05:30,151,6757722046,"Butcher hero: hook'n'chew RPG"
05:30,152,6754012129,"우와 모험단"
05:30,153,1484468651,"Dice Dreams™ 다이스 드림"
05:30,154,1297870337,"라그나로크M: ETERNAL LOVE"
05:30,155,1478227443,"리니지2M"
05:30,156,6749132002,"빠지냥! (Drop the Cat)"
05:30,157,6740189002,"갤럭시 디펜스(Galaxy Defense)"
05:30,158,1556357398,"Pikmin Bloom"
05:30,159,943690848,"ONE PIECE TREASURE CRUISE"
05:30,160,6762268182,"Z 루트: 리뎀션"
05:30,161,880047117,"앵그리버드 2 (Angry Birds 2)"
05:30,162,6444112366,"Limbus Company"
05:30,163,1156321059,"프렌즈팝콘"
05:30,164,6483053853,"로드나인"
05:30,165,6472396866,"연운"
05:30,166,6737500275,"I9: 인페르노 나인"
05:30,167,1059665257,"MLB 9이닝스 26"
05:30,168,6566177585,"나 혼자 만렙 키우기"
05:30,169,6754593077,"이환"
05:30,170,6761979765,"여전사 키우기 : 듀얼 방치형"
05:30,171,1598881852,"프로젝트 세카이 컬러풀 스테이지! feat.하츠네 미쿠"
05:30,172,1554247785,"Yu-Gi-Oh! Master Duel"
05:30,173,6747024269,"기어몬: 타워 디펜스"
05:30,174,1571873795,"블루 아카이브"
05:30,175,6779167923,"Colony Flow!"
05:30,176,557468499,"아이러브커피"
05:30,177,6754158504,"라그나로크 오리진 클래식"
05:30,178,6760125313,"희비전 리버스"
05:30,179,6746328263,"Castle Busters"
05:30,180,6502820653,"궁수의 전설2"
05:30,181,1481802531,"이사만루26"
05:30,182,6754965520,"로그 레전드: 로그라이크 RPG"
05:30,183,646315802,"모두의마블"
05:30,184,852912420,"서머너즈 워 X 장송의 프리렌"
05:30,185,6737874398,"Merge Fashion: Romance Story"
05:30,186,6448719154,"레이븐2"
05:30,187,6467117398,"버섯커 키우기"
05:30,188,1510097347,"더 스파이크 크로스"
05:30,189,6502326151,"카오스 제로 나이트메어"
05:30,190,6741889270,"픽셀 법사 키우기 : 방치형 RPG"
05:30,191,6474961936,"레이싱 마스터"
05:30,192,6738469826,"랜드 오브 제일"
05:30,193,6758072393,"추락한 아름다움: 머지&스토리"
05:30,194,6499011827,"소녀전선2: 망명"
05:30,195,1252850847,"NBA 2K Mobile 농구 게임"
05:30,196,6466373096,"동글동글 거위헬스장"
05:30,197,1311102174,"위 베어 베어스 더 퍼즐 : 퍼즐게임"
05:30,198,6443760593,"좀비 웨이브스"
05:30,199,6741503079,"Pokémon Champions"
05:30,200,6740618570,"XP Hero (XP 히어로)"
06:30,1,6749251466,"쿠키런 키우기 - 쿠키런: 크럼블"
06:30,2,6443575749,"WOS: 화이트아웃 서바이벌"
06:30,3,6739616715,"메이플 키우기"
06:30,4,1623318294,"가십하버: 합성 & 스토리 게임"
06:30,5,1474589366,"리니지M"
06:30,6,6739554056,"킹샷:Kingshot"
06:30,7,6482291732,"운빨존많겜"
06:30,8,1273957743,"EA SPORTS FC Online M"
06:30,9,1482155847,"로얄 매치 (Royal Match)"
06:30,10,1478371252,"FC 모바일"
06:30,11,1366526331,"배틀그라운드"
06:30,12,6448786147,"라스트 워: 서바이벌"
06:30,13,1458848044,"컴투스프로야구V26"
06:30,14,6471045672,"테이스티 트레블: 합성 게임"
06:30,15,1105855019,"Gardenscapes"
06:30,16,1117270703,"eFootball™"
06:30,17,6443755785,"씨사이드 익스케이프: 합성 & 스토리 게임"
06:30,18,1133463693,"메이플스토리M"
06:30,19,6762442041,"열혈강호: 넥스트"
06:30,20,947258826,"마피아42"
06:30,21,1441742921,"마비노기 모바일"
06:30,22,1471942989,"한게임 섯다&맞고"
06:30,23,6756989323,"라스트 어사일럼: 페스트"
06:30,24,1195621598,"Homescapes: Match 3 Games"
06:30,25,1229016807,"브롤스타즈"
06:30,26,6475033368,"명조:워더링 웨이브 - 현방 지계를 향하여"
06:30,27,6503702666,"협타디: 협동 타워 디펜스"
06:30,28,1606356401,"젠레스 존 제로 - 주년 기념"
06:30,29,1094591345,"Pokémon GO"
06:30,30,6618142292,"핫레스토랑: 머지&쿠킹"
06:30,31,1128255542,"리니지M(12)"
06:30,32,1585915174,"승리의 여신: 니케"
06:30,33,6499562253,"드래곤빌리지3"
06:30,34,6737408689,"스톤에이지 키우기"
06:30,35,898986747,"좀비고등학교"
06:30,36,1471486284,"한게임 포커"
06:30,37,1643509748,"머지 쿠킹 테마 레스토랑（Merge Cooking）"
06:30,38,6748004690,"SOL: enchant"
06:30,39,638689075,"꿈의 마을 (Township)"
06:30,40,1466736988,"카트라이더 러쉬플러스"
06:30,41,1507872328,"WPL : 홀덤, 토너먼트, 오마하, 올인폴드, 픽앤고"
06:30,42,6758200096,"라그나로크M: Classic"
06:30,43,553834731,"캔디크러쉬사가"
06:30,44,6740026253,"오피스 퀸 키우기"
06:30,45,1606549505,"로얄 킹덤 (Royal Kingdom)"
06:30,46,6751222389,"NBA 덩크 시티"
06:30,47,6503603603,"미스터리 타운: 합성 게임 (Mystery Town)"
06:30,48,1521236603,"Travel Town - 결합 어드벤처"
06:30,49,6475757306,"Disney Solitaire 디즈니 솔리테어"
06:30,50,6443477650,"한게임 로얄홀덤"
06:30,51,1509450845,"쿠키런: 킹덤"
06:30,52,1599719154,"붕괴: 스타레일"
06:30,53,6450174109,"창세기전 모바일 - 서풍의 광시곡"
06:30,54,848091833,"냥코 대전쟁"
06:30,55,1520354659,"오딘: 발할라 라이징"
06:30,56,963067330,"쿠키런: 오븐브레이크"
06:30,57,6479595079,"세븐나이츠 리버스"
06:30,58,6475925341,"주술회전 팬텀 퍼레이드"
06:30,59,1480616990,"리그 오브 레전드: 와일드 리프트"
06:30,60,6746465127,"세포 특공대 - 전략형 타워 디펜스"
06:30,61,6755455500,"할리우드 머지"
06:30,62,6738163891,"뱀피르"
06:30,63,1582390510,"한게임포커 클래식 - 7포커 홀덤 섯다 훌라 슬롯"
06:30,64,1470173983,"AION2"
06:30,65,6759822089,"오늘의 꽃 : 진짜 꽃을 키우는 게임"
06:30,66,6503272652,"라스트 Z: 서바이벌 슈터"
06:30,67,6752642477,"명일방주: 엔드필드"
06:30,68,6746151928,"두근두근타운"
06:30,69,6446516059,"캣 히어로 : 방치형 RPG"
06:30,70,6751086804,"그놈은 드래곤"
06:30,71,6746636289,"Forge Master – Idle RPG"
06:30,72,6757360957,"삼국지: 천하결전"
06:30,73,1160056295,"모바일 레전드: Bang Bang"
06:30,74,6457256716,"Total Football - 2026 북중미 시즌"
06:30,75,664575829,"피쉬돔 (Fishdom)"
06:30,76,6776989094,"블라이트 워 : 방치형 RPG"
06:30,77,479516143,"Minecraft 온라인으로 친구들과 함께 플레이하세요"
06:30,78,1483058899,"Project Makeover"
06:30,79,6752886832,"호텔 레거시"
06:30,80,6754679035,"히어로 랜드M"
06:30,81,6753862216,"푸드스타（Foodstars）: 합쳐서 요리하기"
06:30,82,1458568643,"피망 뉴맞고 : 고스톱으로 대한민국 1등"
06:30,83,6759914688,"냥찍 히어로즈 : 방치형 RPG"
06:30,84,6757381033,"2026 프로야구GO!"
06:30,85,1053012308,"클래시 로얄 (Clash Royale)"
06:30,86,6756558621,"킹덤2: 타오르는 전장"
06:30,87,1580691683,"MLB 9이닝스 라이벌 26"
06:30,88,1376515087,"Age of Origins:Tower Defense"
06:30,89,6749302379,"동방 찻집"
06:30,90,6670441558,"Dark War:Survival"
06:30,91,6764201639,"총잡이 고양이 - 방치형 키우기"
06:30,92,529479190,"클래시 오브 클랜"
06:30,93,1176027022,"Toon Blast"
06:30,94,6749759672,"산너머 도원마을"
06:30,95,608808713,"쿠키런"
06:30,96,6737595599,"파운데이션: 우주 전선"
06:30,97,6754229264,"임진왜란: 조선의 반격"
06:30,98,1635712706,"슬레이어 키우기"
06:30,99,6786589102,"티니핑 매직 매치"
06:30,100,6736896540,"헬로키티 마이 드림 스토어"
06:30,101,1516727770,"마구마구 2026: 풀체인지"
06:30,102,1480616748,"전략적 팀 전투: 리그 오브 레전드 전략 게임"
06:30,103,6755585789,"템빨용사: 픽셀 아이템 머지 RPG"
06:30,104,6450953550,"탑 히어로즈: 영웅의 시대"
06:30,105,6760822948,"더 코지 플로리스트"
06:30,106,6504332779,"Color Block Jam"
06:30,107,1597760047,"OneState RP: 온라인 롤플레잉"
06:30,108,6762203850,"바르디안: Vardian"
06:30,109,6449023119,"리버스: 1999"
06:30,110,6761749975,"토이 삼국"
06:30,111,880551258,"컴투스프로야구2026"
06:30,112,6746192853,"변신 키우기"
06:30,113,6478943981,"뮤 모나크2"
06:30,114,6444043291,"Domino Dreams™"
06:30,115,6756641249,"hololive Dreams"
06:30,116,1468063069,"피망 포커"
06:30,117,6756058501,"젤리 버스터즈: 퍼즐 게임"
06:30,118,1660850121,"대항해시대 오리진"
06:30,119,6760754315,"꿈의 여행자: 별빛 여정"
06:30,120,1533248097,"앙상블스타즈!!"
06:30,121,6767834940,"탑 로드"
06:30,122,6740848451,"RF 온라인 넥스트"
06:30,123,6479970832,"포켓몬 카드 게임 Pocket"
06:30,124,1166415380,"풀팟 홀덤 포커: 텍사스 홀덤, 오마하, 토너먼트"
06:30,125,6747957875,"Family Go! - 대를 잇는 인생 시뮬레이션"
06:30,126,6767155768,"현상금 해적단 키우기"
06:30,127,6740899070,"플랜티스와 좀비깡패"
06:30,128,6443824730,"트릭컬 리바이브"
06:30,129,1484442152,"머지 맨션: 퍼즐과 스토리"
06:30,130,955705796,"MARVEL 퓨처파이트"
06:30,131,1323002999,"검은사막 모바일"
06:30,132,6752672568,"Block Out! - Color Sort Puzzle"
06:30,133,1517783697,"원신·공월의 노래"
06:30,134,6462846417,"MLB 클러치 히트 베이스볼 26"
06:30,135,1448979486,"던전앤파이터 모바일"
06:30,136,6740043080,"Screwdom : 나사와 볼트 퍼즐"
06:30,137,6754373623,"소울 헌터 키우기 : 방치형 RPG"
06:30,138,6756247787,"디지몬 UP"
06:30,139,6740621218,"갓깨비 키우기"
06:30,140,1347780764,"Identity V -제5인격"
06:30,141,6476336847,"피망 쇼다운 홀덤 : 텍사스 홀덤, 포커, 토너먼트"
06:30,142,6740966864,"딸깍 다이스"
06:30,143,6752369665,"Haunted Merge: Horror Story"
06:30,144,6444598069,"나이트 크로우"
06:30,145,1628970855,"AFK: 새로운 여정"
06:30,146,1473424424,"한게임 신맞고 : 대한민국 원조 고스톱"
06:30,147,1616108452,"우마무스메 프리티 더비"
06:30,148,6751056652,"Pixel Flow!"
06:30,149,1241893973,"페이트/그랜드 오더"
06:30,150,1473903308,"명일방주"
06:30,151,6757722046,"Butcher hero: hook'n'chew RPG"
06:30,152,6754012129,"우와 모험단"
06:30,153,1484468651,"Dice Dreams™ 다이스 드림"
06:30,154,1297870337,"라그나로크M: ETERNAL LOVE"
06:30,155,1478227443,"리니지2M"
06:30,156,6749132002,"빠지냥! (Drop the Cat)"
06:30,157,6740189002,"갤럭시 디펜스(Galaxy Defense)"
06:30,158,1556357398,"Pikmin Bloom"
06:30,159,943690848,"ONE PIECE TREASURE CRUISE"
06:30,160,6762268182,"Z 루트: 리뎀션"
06:30,161,880047117,"앵그리버드 2 (Angry Birds 2)"
06:30,162,6444112366,"Limbus Company"
06:30,163,1156321059,"프렌즈팝콘"
06:30,164,6483053853,"로드나인"
06:30,165,6472396866,"연운"
06:30,166,6737500275,"I9: 인페르노 나인"
06:30,167,1059665257,"MLB 9이닝스 26"
06:30,168,6566177585,"나 혼자 만렙 키우기"
06:30,169,6754593077,"이환"
06:30,170,6761979765,"여전사 키우기 : 듀얼 방치형"
06:30,171,1598881852,"프로젝트 세카이 컬러풀 스테이지! feat.하츠네 미쿠"
06:30,172,1554247785,"Yu-Gi-Oh! Master Duel"
06:30,173,6747024269,"기어몬: 타워 디펜스"
06:30,174,1571873795,"블루 아카이브"
06:30,175,6779167923,"Colony Flow!"
06:30,176,557468499,"아이러브커피"
06:30,177,6754158504,"라그나로크 오리진 클래식"
06:30,178,6760125313,"희비전 리버스"
06:30,179,6746328263,"Castle Busters"
06:30,180,6502820653,"궁수의 전설2"
06:30,181,1481802531,"이사만루26"
06:30,182,6754965520,"로그 레전드: 로그라이크 RPG"
06:30,183,646315802,"모두의마블"
06:30,184,852912420,"서머너즈 워 X 장송의 프리렌"
06:30,185,6737874398,"Merge Fashion: Romance Story"
06:30,186,6448719154,"레이븐2"
06:30,187,6467117398,"버섯커 키우기"
06:30,188,1510097347,"더 스파이크 크로스"
06:30,189,6502326151,"카오스 제로 나이트메어"
06:30,190,6741889270,"픽셀 법사 키우기 : 방치형 RPG"
06:30,191,6474961936,"레이싱 마스터"
06:30,192,6738469826,"랜드 오브 제일"
06:30,193,6758072393,"추락한 아름다움: 머지&스토리"
06:30,194,6499011827,"소녀전선2: 망명"
06:30,195,1252850847,"NBA 2K Mobile 농구 게임"
06:30,196,6466373096,"동글동글 거위헬스장"
06:30,197,1311102174,"위 베어 베어스 더 퍼즐 : 퍼즐게임"
06:30,198,6443760593,"좀비 웨이브스"
06:30,199,6741503079,"Pokémon Champions"
06:30,200,6740618570,"XP Hero (XP 히어로)"
07:30,1,6749251466,"쿠키런 키우기 - 쿠키런: 크럼블"
07:30,2,6443575749,"WOS: 화이트아웃 서바이벌"
07:30,3,6739616715,"메이플 키우기"
07:30,4,1623318294,"가십하버: 합성 & 스토리 게임"
07:30,5,1474589366,"리니지M"
07:30,6,6739554056,"킹샷:Kingshot"
07:30,7,6482291732,"운빨존많겜"
07:30,8,1273957743,"EA SPORTS FC Online M"
07:30,9,1482155847,"로얄 매치 (Royal Match)"
07:30,10,1478371252,"FC 모바일"
07:30,11,1366526331,"배틀그라운드"
07:30,12,1458848044,"컴투스프로야구V26"
07:30,13,6448786147,"라스트 워: 서바이벌"
07:30,14,6471045672,"테이스티 트레블: 합성 게임"
07:30,15,1105855019,"Gardenscapes"
07:30,16,1117270703,"eFootball™"
07:30,17,6443755785,"씨사이드 익스케이프: 합성 & 스토리 게임"
07:30,18,1133463693,"메이플스토리M"
07:30,19,6762442041,"열혈강호: 넥스트"
07:30,20,947258826,"마피아42"
07:30,21,1441742921,"마비노기 모바일"
07:30,22,1471942989,"한게임 섯다&맞고"
07:30,23,6756989323,"라스트 어사일럼: 페스트"
07:30,24,1195621598,"Homescapes: Match 3 Games"
07:30,25,1229016807,"브롤스타즈"
07:30,26,6475033368,"명조:워더링 웨이브 - 현방 지계를 향하여"
07:30,27,6503702666,"협타디: 협동 타워 디펜스"
07:30,28,1606356401,"젠레스 존 제로 - 주년 기념"
07:30,29,1094591345,"Pokémon GO"
07:30,30,6618142292,"핫레스토랑: 머지&쿠킹"
07:30,31,898986747,"좀비고등학교"
07:30,32,1585915174,"승리의 여신: 니케"
07:30,33,1128255542,"리니지M(12)"
07:30,34,6499562253,"드래곤빌리지3"
07:30,35,1471486284,"한게임 포커"
07:30,36,1643509748,"머지 쿠킹 테마 레스토랑（Merge Cooking）"
07:30,37,6737408689,"스톤에이지 키우기"
07:30,38,6748004690,"SOL: enchant"
07:30,39,638689075,"꿈의 마을 (Township)"
07:30,40,1507872328,"WPL : 홀덤, 토너먼트, 오마하, 올인폴드, 픽앤고"
07:30,41,1466736988,"카트라이더 러쉬플러스"
07:30,42,6758200096,"라그나로크M: Classic"
07:30,43,553834731,"캔디크러쉬사가"
07:30,44,6740026253,"오피스 퀸 키우기"
07:30,45,1606549505,"로얄 킹덤 (Royal Kingdom)"
07:30,46,6751222389,"NBA 덩크 시티"
07:30,47,6475757306,"Disney Solitaire 디즈니 솔리테어"
07:30,48,1521236603,"Travel Town - 결합 어드벤처"
07:30,49,6503603603,"미스터리 타운: 합성 게임 (Mystery Town)"
07:30,50,1509450845,"쿠키런: 킹덤"
07:30,51,6443477650,"한게임 로얄홀덤"
07:30,52,1599719154,"붕괴: 스타레일"
07:30,53,1520354659,"오딘: 발할라 라이징"
07:30,54,848091833,"냥코 대전쟁"
07:30,55,963067330,"쿠키런: 오븐브레이크"
07:30,56,6450174109,"창세기전 모바일 - 서풍의 광시곡"
07:30,57,6479595079,"세븐나이츠 리버스"
07:30,58,6746465127,"세포 특공대 - 전략형 타워 디펜스"
07:30,59,6755455500,"할리우드 머지"
07:30,60,1480616990,"리그 오브 레전드: 와일드 리프트"
07:30,61,6475925341,"주술회전 팬텀 퍼레이드"
07:30,62,1582390510,"한게임포커 클래식 - 7포커 홀덤 섯다 훌라 슬롯"
07:30,63,1470173983,"AION2"
07:30,64,6738163891,"뱀피르"
07:30,65,6759822089,"오늘의 꽃 : 진짜 꽃을 키우는 게임"
07:30,66,6503272652,"라스트 Z: 서바이벌 슈터"
07:30,67,6752642477,"명일방주: 엔드필드"
07:30,68,6446516059,"캣 히어로 : 방치형 RPG"
07:30,69,6746151928,"두근두근타운"
07:30,70,6751086804,"그놈은 드래곤"
07:30,71,6746636289,"Forge Master – Idle RPG"
07:30,72,6757360957,"삼국지: 천하결전"
07:30,73,1160056295,"모바일 레전드: Bang Bang"
07:30,74,6457256716,"Total Football - 2026 북중미 시즌"
07:30,75,6776989094,"블라이트 워 : 방치형 RPG"
07:30,76,6759914688,"냥찍 히어로즈 : 방치형 RPG"
07:30,77,1483058899,"Project Makeover"
07:30,78,479516143,"Minecraft 온라인으로 친구들과 함께 플레이하세요"
07:30,79,6752886832,"호텔 레거시"
07:30,80,664575829,"피쉬돔 (Fishdom)"
07:30,81,6754679035,"히어로 랜드M"
07:30,82,1053012308,"클래시 로얄 (Clash Royale)"
07:30,83,6753862216,"푸드스타（Foodstars）: 합쳐서 요리하기"
07:30,84,1458568643,"피망 뉴맞고 : 고스톱으로 대한민국 1등"
07:30,85,6757381033,"2026 프로야구GO!"
07:30,86,6756558621,"킹덤2: 타오르는 전장"
07:30,87,1176027022,"Toon Blast"
07:30,88,6670441558,"Dark War:Survival"
07:30,89,6764201639,"총잡이 고양이 - 방치형 키우기"
07:30,90,1580691683,"MLB 9이닝스 라이벌 26"
07:30,91,1376515087,"Age of Origins:Tower Defense"
07:30,92,6749302379,"동방 찻집"
07:30,93,529479190,"클래시 오브 클랜"
07:30,94,608808713,"쿠키런"
07:30,95,1516727770,"마구마구 2026: 풀체인지"
07:30,96,6749759672,"산너머 도원마을"
07:30,97,6754229264,"임진왜란: 조선의 반격"
07:30,98,1635712706,"슬레이어 키우기"
07:30,99,6737595599,"파운데이션: 우주 전선"
07:30,100,6736896540,"헬로키티 마이 드림 스토어"
07:30,101,6786589102,"티니핑 매직 매치"
07:30,102,6762203850,"바르디안: Vardian"
07:30,103,6755585789,"템빨용사: 픽셀 아이템 머지 RPG"
07:30,104,1480616748,"전략적 팀 전투: 리그 오브 레전드 전략 게임"
07:30,105,880551258,"컴투스프로야구2026"
07:30,106,6760822948,"더 코지 플로리스트"
07:30,107,6504332779,"Color Block Jam"
07:30,108,6450953550,"탑 히어로즈: 영웅의 시대"
07:30,109,6756641249,"hololive Dreams"
07:30,110,1597760047,"OneState RP: 온라인 롤플레잉"
07:30,111,6449023119,"리버스: 1999"
07:30,112,6444043291,"Domino Dreams™"
07:30,113,6761749975,"토이 삼국"
07:30,114,6756058501,"젤리 버스터즈: 퍼즐 게임"
07:30,115,6478943981,"뮤 모나크2"
07:30,116,6479970832,"포켓몬 카드 게임 Pocket"
07:30,117,6746192853,"변신 키우기"
07:30,118,1533248097,"앙상블스타즈!!"
07:30,119,1660850121,"대항해시대 오리진"
07:30,120,1468063069,"피망 포커"
07:30,121,6767155768,"현상금 해적단 키우기"
07:30,122,6767834940,"탑 로드"
07:30,123,6760754315,"꿈의 여행자: 별빛 여정"
07:30,124,6747957875,"Family Go! - 대를 잇는 인생 시뮬레이션"
07:30,125,955705796,"MARVEL 퓨처파이트"
07:30,126,1166415380,"풀팟 홀덤 포커: 텍사스 홀덤, 오마하, 토너먼트"
07:30,127,6740848451,"RF 온라인 넥스트"
07:30,128,6752672568,"Block Out! - Color Sort Puzzle"
07:30,129,1484442152,"머지 맨션: 퍼즐과 스토리"
07:30,130,6443824730,"트릭컬 리바이브"
07:30,131,6740899070,"플랜티스와 좀비깡패"
07:30,132,6462846417,"MLB 클러치 히트 베이스볼 26"
07:30,133,1323002999,"검은사막 모바일"
07:30,134,6756247787,"디지몬 UP"
07:30,135,1517783697,"원신-스네즈나야 오픈"
07:30,136,6740621218,"갓깨비 키우기"
07:30,137,1448979486,"던전앤파이터 모바일"
07:30,138,6740043080,"Screwdom : 나사와 볼트 퍼즐"
07:30,139,6754373623,"소울 헌터 키우기 : 방치형 RPG"
07:30,140,6740966864,"딸깍 다이스"
07:30,141,1347780764,"Identity V -제5인격"
07:30,142,1473424424,"한게임 신맞고 : 대한민국 원조 고스톱"
07:30,143,6476336847,"피망 쇼다운 홀덤 : 텍사스 홀덤, 포커, 토너먼트"
07:30,144,6752369665,"Haunted Merge: Horror Story"
07:30,145,1616108452,"우마무스메 프리티 더비"
07:30,146,1628970855,"AFK: 새로운 여정"
07:30,147,6444598069,"나이트 크로우"
07:30,148,1528941310,"탕탕특공대"
07:30,149,6751056652,"Pixel Flow!"
07:30,150,1484468651,"Dice Dreams™ 다이스 드림"
07:30,151,1241893973,"페이트/그랜드 오더"
07:30,152,6757722046,"Butcher hero: hook'n'chew RPG"
07:30,153,1473903308,"명일방주"
07:30,154,6754012129,"우와 모험단"
07:30,155,1556357398,"Pikmin Bloom"
07:30,156,6749132002,"빠지냥! (Drop the Cat)"
07:30,157,6747024269,"기어몬: 타워 디펜스"
07:30,158,1297870337,"라그나로크M: ETERNAL LOVE"
07:30,159,6737500275,"I9: 인페르노 나인"
07:30,160,6740189002,"갤럭시 디펜스(Galaxy Defense)"
07:30,161,1478227443,"리니지2M"
07:30,162,880047117,"앵그리버드 2 (Angry Birds 2)"
07:30,163,6444112366,"Limbus Company"
07:30,164,6566177585,"나 혼자 만렙 키우기"
07:30,165,6762268182,"Z 루트: 리뎀션"
07:30,166,1156321059,"프렌즈팝콘"
07:30,167,943690848,"ONE PIECE TREASURE CRUISE"
07:30,168,6472396866,"연운"
07:30,169,6746328263,"Castle Busters"
07:30,170,6761979765,"여전사 키우기 : 듀얼 방치형"
07:30,171,1598881852,"프로젝트 세카이 컬러풀 스테이지! feat.하츠네 미쿠"
07:30,172,6483053853,"로드나인"
07:30,173,6754593077,"이환"
07:30,174,1571873795,"블루 아카이브"
07:30,175,557468499,"아이러브커피"
07:30,176,1554247785,"Yu-Gi-Oh! Master Duel"
07:30,177,646315802,"모두의마블"
07:30,178,6779167923,"Colony Flow!"
07:30,179,1059665257,"MLB 9이닝스 26"
07:30,180,6741889270,"픽셀 법사 키우기 : 방치형 RPG"
07:30,181,6754158504,"라그나로크 오리진 클래식"
07:30,182,6737874398,"Merge Fashion: Romance Story"
07:30,183,1481802531,"이사만루26"
07:30,184,6760125313,"희비전 리버스"
07:30,185,6448719154,"레이븐2"
07:30,186,6738109752,"타일 서바이벌"
07:30,187,6502820653,"궁수의 전설2"
07:30,188,6754965520,"로그 레전드: 로그라이크 RPG"
07:30,189,6741503079,"Pokémon Champions"
07:30,190,6466373096,"동글동글 거위헬스장"
07:30,191,852912420,"서머너즈 워 X 장송의 프리렌"
07:30,192,6467117398,"버섯커 키우기"
07:30,193,1510097347,"더 스파이크 크로스"
07:30,194,6502326151,"카오스 제로 나이트메어"
07:30,195,6758072393,"추락한 아름다움: 머지&스토리"
07:30,196,1252850847,"NBA 2K Mobile 농구 게임"
07:30,197,6740618570,"XP Hero (XP 히어로)"
07:30,198,6474961936,"레이싱 마스터"
07:30,199,6738469826,"랜드 오브 제일"
07:30,200,1311102174,"위 베어 베어스 더 퍼즐 : 퍼즐게임"
08:30,1,6749251466,"쿠키런 키우기 - 쿠키런: 크럼블"
08:30,2,6443575749,"WOS: 화이트아웃 서바이벌"
08:30,3,6739616715,"메이플 키우기"
08:30,4,1623318294,"가십하버: 합성 & 스토리 게임"
08:30,5,1474589366,"리니지M"
08:30,6,6739554056,"킹샷:Kingshot"
08:30,7,6482291732,"운빨존많겜"
08:30,8,1273957743,"EA SPORTS FC Online M"
08:30,9,1482155847,"로얄 매치 (Royal Match)"
08:30,10,1478371252,"FC 모바일"
08:30,11,1366526331,"배틀그라운드"
08:30,12,1458848044,"컴투스프로야구V26"
08:30,13,6448786147,"라스트 워: 서바이벌"
08:30,14,6471045672,"테이스티 트레블: 합성 게임"
08:30,15,1105855019,"Gardenscapes"
08:30,16,1117270703,"eFootball™"
08:30,17,6443755785,"씨사이드 익스케이프: 합성 & 스토리 게임"
08:30,18,1133463693,"메이플스토리M"
08:30,19,6762442041,"열혈강호: 넥스트"
08:30,20,947258826,"마피아42"
08:30,21,1441742921,"마비노기 모바일"
08:30,22,1471942989,"한게임 섯다&맞고"
08:30,23,6756989323,"라스트 어사일럼: 페스트"
08:30,24,1195621598,"Homescapes: Match 3 Games"
08:30,25,1229016807,"브롤스타즈"
08:30,26,6475033368,"명조:워더링 웨이브 - 현방 지계를 향하여"
08:30,27,6503702666,"협타디: 협동 타워 디펜스"
08:30,28,1606356401,"젠레스 존 제로 - 주년 기념"
08:30,29,1094591345,"Pokémon GO"
08:30,30,6618142292,"핫레스토랑: 머지&쿠킹"
08:30,31,898986747,"좀비고등학교"
08:30,32,1585915174,"승리의 여신: 니케"
08:30,33,1128255542,"리니지M(12)"
08:30,34,6499562253,"드래곤빌리지3"
08:30,35,1471486284,"한게임 포커"
08:30,36,1643509748,"머지 쿠킹 테마 레스토랑（Merge Cooking）"
08:30,37,6737408689,"스톤에이지 키우기"
08:30,38,6748004690,"SOL: enchant"
08:30,39,638689075,"꿈의 마을 (Township)"
08:30,40,1507872328,"WPL : 홀덤, 토너먼트, 오마하, 올인폴드, 픽앤고"
08:30,41,1466736988,"카트라이더 러쉬플러스"
08:30,42,6758200096,"라그나로크M: Classic"
08:30,43,553834731,"캔디크러쉬사가"
08:30,44,6740026253,"오피스 퀸 키우기"
08:30,45,1606549505,"로얄 킹덤 (Royal Kingdom)"
08:30,46,6751222389,"NBA 덩크 시티"
08:30,47,6475757306,"Disney Solitaire 디즈니 솔리테어"
08:30,48,1521236603,"Travel Town - 결합 어드벤처"
08:30,49,6503603603,"미스터리 타운: 합성 게임 (Mystery Town)"
08:30,50,1509450845,"쿠키런: 킹덤"
08:30,51,6443477650,"한게임 로얄홀덤"
08:30,52,1599719154,"붕괴: 스타레일"
08:30,53,1520354659,"오딘: 발할라 라이징"
08:30,54,848091833,"냥코 대전쟁"
08:30,55,963067330,"쿠키런: 오븐브레이크"
08:30,56,6450174109,"창세기전 모바일 - 서풍의 광시곡"
08:30,57,6479595079,"세븐나이츠 리버스"
08:30,58,6746465127,"세포 특공대 - 전략형 타워 디펜스"
08:30,59,6755455500,"할리우드 머지"
08:30,60,1480616990,"리그 오브 레전드: 와일드 리프트"
08:30,61,6475925341,"주술회전 팬텀 퍼레이드"
08:30,62,1582390510,"한게임포커 클래식 - 7포커 홀덤 섯다 훌라 슬롯"
08:30,63,1470173983,"AION2"
08:30,64,6738163891,"뱀피르"
08:30,65,6759822089,"오늘의 꽃 : 진짜 꽃을 키우는 게임"
08:30,66,6503272652,"라스트 Z: 서바이벌 슈터"
08:30,67,6752642477,"명일방주: 엔드필드"
08:30,68,6446516059,"캣 히어로 : 방치형 RPG"
08:30,69,6746151928,"두근두근타운"
08:30,70,6751086804,"그놈은 드래곤"
08:30,71,6746636289,"Forge Master – Idle RPG"
08:30,72,6757360957,"삼국지: 천하결전"
08:30,73,1160056295,"모바일 레전드: Bang Bang"
08:30,74,6457256716,"Total Football - 2026 북중미 시즌"
08:30,75,6776989094,"블라이트 워 : 방치형 RPG"
08:30,76,6759914688,"냥찍 히어로즈 : 방치형 RPG"
08:30,77,1483058899,"Project Makeover"
08:30,78,479516143,"Minecraft 온라인으로 친구들과 함께 플레이하세요"
08:30,79,6752886832,"호텔 레거시"
08:30,80,664575829,"피쉬돔 (Fishdom)"
08:30,81,6754679035,"히어로 랜드M"
08:30,82,1053012308,"클래시 로얄 (Clash Royale)"
08:30,83,6753862216,"푸드스타（Foodstars）: 합쳐서 요리하기"
08:30,84,1458568643,"피망 뉴맞고 : 고스톱으로 대한민국 1등"
08:30,85,6757381033,"2026 프로야구GO!"
08:30,86,6756558621,"킹덤2: 타오르는 전장"
08:30,87,1176027022,"Toon Blast"
08:30,88,6670441558,"Dark War:Survival"
08:30,89,6764201639,"총잡이 고양이 - 방치형 키우기"
08:30,90,1580691683,"MLB 9이닝스 라이벌 26"
08:30,91,1376515087,"Age of Origins:Tower Defense"
08:30,92,6749302379,"동방 찻집"
08:30,93,529479190,"클래시 오브 클랜"
08:30,94,608808713,"쿠키런"
08:30,95,1516727770,"마구마구 2026: 풀체인지"
08:30,96,6749759672,"산너머 도원마을"
08:30,97,6754229264,"임진왜란: 조선의 반격"
08:30,98,1635712706,"슬레이어 키우기"
08:30,99,6737595599,"파운데이션: 우주 전선"
08:30,100,6736896540,"헬로키티 마이 드림 스토어"
08:30,101,6786589102,"티니핑 매직 매치"
08:30,102,6762203850,"바르디안: Vardian"
08:30,103,6755585789,"템빨용사: 픽셀 아이템 머지 RPG"
08:30,104,1480616748,"전략적 팀 전투: 리그 오브 레전드 전략 게임"
08:30,105,880551258,"컴투스프로야구2026"
08:30,106,6760822948,"더 코지 플로리스트"
08:30,107,6504332779,"Color Block Jam"
08:30,108,6450953550,"탑 히어로즈: 영웅의 시대"
08:30,109,6756641249,"hololive Dreams"
08:30,110,1597760047,"OneState RP: 온라인 롤플레잉"
08:30,111,6449023119,"리버스: 1999"
08:30,112,6444043291,"Domino Dreams™"
08:30,113,6761749975,"토이 삼국"
08:30,114,6756058501,"젤리 버스터즈: 퍼즐 게임"
08:30,115,6478943981,"뮤 모나크2"
08:30,116,6479970832,"포켓몬 카드 게임 Pocket"
08:30,117,6746192853,"변신 키우기"
08:30,118,1533248097,"앙상블스타즈!!"
08:30,119,1660850121,"대항해시대 오리진"
08:30,120,1468063069,"피망 포커"
08:30,121,6767155768,"현상금 해적단 키우기"
08:30,122,6767834940,"탑 로드"
08:30,123,6760754315,"꿈의 여행자: 별빛 여정"
08:30,124,6747957875,"Family Go! - 대를 잇는 인생 시뮬레이션"
08:30,125,955705796,"MARVEL 퓨처파이트"
08:30,126,1166415380,"풀팟 홀덤 포커: 텍사스 홀덤, 오마하, 토너먼트"
08:30,127,6740848451,"RF 온라인 넥스트"
08:30,128,6752672568,"Block Out! - Color Sort Puzzle"
08:30,129,1484442152,"머지 맨션: 퍼즐과 스토리"
08:30,130,6443824730,"트릭컬 리바이브"
08:30,131,6740899070,"플랜티스와 좀비깡패"
08:30,132,6462846417,"MLB 클러치 히트 베이스볼 26"
08:30,133,1323002999,"검은사막 모바일"
08:30,134,6756247787,"디지몬 UP"
08:30,135,1517783697,"원신-스네즈나야 오픈"
08:30,136,6740621218,"갓깨비 키우기"
08:30,137,1448979486,"던전앤파이터 모바일"
08:30,138,6740043080,"Screwdom : 나사와 볼트 퍼즐"
08:30,139,6754373623,"소울 헌터 키우기 : 방치형 RPG"
08:30,140,6740966864,"딸깍 다이스"
08:30,141,1347780764,"Identity V -제5인격"
08:30,142,1473424424,"한게임 신맞고 : 대한민국 원조 고스톱"
08:30,143,6476336847,"피망 쇼다운 홀덤 : 텍사스 홀덤, 포커, 토너먼트"
08:30,144,6752369665,"Haunted Merge: Horror Story"
08:30,145,1616108452,"우마무스메 프리티 더비"
08:30,146,1628970855,"AFK: 새로운 여정"
08:30,147,6444598069,"나이트 크로우"
08:30,148,1528941310,"탕탕특공대"
08:30,149,6751056652,"Pixel Flow!"
08:30,150,1484468651,"Dice Dreams™ 다이스 드림"
08:30,151,1241893973,"페이트/그랜드 오더"
08:30,152,6757722046,"Butcher hero: hook'n'chew RPG"
08:30,153,1473903308,"명일방주"
08:30,154,6754012129,"우와 모험단"
08:30,155,1556357398,"Pikmin Bloom"
08:30,156,6749132002,"빠지냥! (Drop the Cat)"
08:30,157,6747024269,"기어몬: 타워 디펜스"
08:30,158,1297870337,"라그나로크M: ETERNAL LOVE"
08:30,159,6737500275,"I9: 인페르노 나인"
08:30,160,6740189002,"갤럭시 디펜스(Galaxy Defense)"
08:30,161,1478227443,"리니지2M"
08:30,162,880047117,"앵그리버드 2 (Angry Birds 2)"
08:30,163,6444112366,"Limbus Company"
08:30,164,6566177585,"나 혼자 만렙 키우기"
08:30,165,6762268182,"Z 루트: 리뎀션"
08:30,166,1156321059,"프렌즈팝콘"
08:30,167,943690848,"ONE PIECE TREASURE CRUISE"
08:30,168,6472396866,"연운"
08:30,169,6746328263,"Castle Busters"
08:30,170,6761979765,"여전사 키우기 : 듀얼 방치형"
08:30,171,1598881852,"프로젝트 세카이 컬러풀 스테이지! feat.하츠네 미쿠"
08:30,172,6483053853,"로드나인"
08:30,173,6754593077,"이환"
08:30,174,1571873795,"블루 아카이브"
08:30,175,557468499,"아이러브커피"
08:30,176,1554247785,"Yu-Gi-Oh! Master Duel"
08:30,177,646315802,"모두의마블"
08:30,178,6779167923,"Colony Flow!"
08:30,179,1059665257,"MLB 9이닝스 26"
08:30,180,6741889270,"픽셀 법사 키우기 : 방치형 RPG"
08:30,181,6754158504,"라그나로크 오리진 클래식"
08:30,182,6737874398,"Merge Fashion: Romance Story"
08:30,183,1481802531,"이사만루26"
08:30,184,6760125313,"희비전 리버스"
08:30,185,6448719154,"레이븐2"
08:30,186,6738109752,"타일 서바이벌"
08:30,187,6502820653,"궁수의 전설2"
08:30,188,6754965520,"로그 레전드: 로그라이크 RPG"
08:30,189,6741503079,"Pokémon Champions"
08:30,190,6466373096,"동글동글 거위헬스장"
08:30,191,852912420,"서머너즈 워 X 장송의 프리렌"
08:30,192,6467117398,"버섯커 키우기"
08:30,193,1510097347,"더 스파이크 크로스"
08:30,194,6502326151,"카오스 제로 나이트메어"
08:30,195,6758072393,"추락한 아름다움: 머지&스토리"
08:30,196,1252850847,"NBA 2K Mobile 농구 게임"
08:30,197,6740618570,"XP Hero (XP 히어로)"
08:30,198,6474961936,"레이싱 마스터"
08:30,199,6738469826,"랜드 오브 제일"
08:30,200,1311102174,"위 베어 베어스 더 퍼즐 : 퍼즐게임"
10:00,1,6749251466,"쿠키런 키우기 - 쿠키런: 크럼블"
10:00,2,6443575749,"WOS: 화이트아웃 서바이벌"
10:00,3,6739616715,"메이플 키우기"
10:00,4,1623318294,"가십하버: 합성 & 스토리 게임"
10:00,5,1474589366,"리니지M"
10:00,6,6739554056,"킹샷:Kingshot"
10:00,7,6482291732,"운빨존많겜"
10:00,8,1273957743,"EA SPORTS FC Online M"
10:00,9,1482155847,"로얄 매치 (Royal Match)"
10:00,10,1478371252,"FC 모바일"
10:00,11,1366526331,"배틀그라운드"
10:00,12,1458848044,"컴투스프로야구V26"
10:00,13,6448786147,"라스트 워: 서바이벌"
10:00,14,6471045672,"테이스티 트레블: 합성 게임"
10:00,15,1105855019,"Gardenscapes"
10:00,16,1117270703,"eFootball™"
10:00,17,6443755785,"씨사이드 익스케이프: 합성 & 스토리 게임"
10:00,18,1133463693,"메이플스토리M"
10:00,19,6762442041,"열혈강호: 넥스트"
10:00,20,947258826,"마피아42"
10:00,21,1441742921,"마비노기 모바일"
10:00,22,1471942989,"한게임 섯다&맞고"
10:00,23,6756989323,"라스트 어사일럼: 페스트"
10:00,24,1195621598,"Homescapes: Match 3 Games"
10:00,25,1229016807,"브롤스타즈"
10:00,26,6475033368,"명조:워더링 웨이브 - 현방 지계를 향하여"
10:00,27,6503702666,"협타디: 협동 타워 디펜스"
10:00,28,1606356401,"젠레스 존 제로 - 주년 기념"
10:00,29,1094591345,"Pokémon GO"
10:00,30,6618142292,"핫레스토랑: 머지&쿠킹"
10:00,31,898986747,"좀비고등학교"
10:00,32,1585915174,"승리의 여신: 니케"
10:00,33,1128255542,"리니지M(12)"
10:00,34,6499562253,"드래곤빌리지3"
10:00,35,1471486284,"한게임 포커"
10:00,36,1643509748,"머지 쿠킹 테마 레스토랑（Merge Cooking）"
10:00,37,6737408689,"스톤에이지 키우기"
10:00,38,6748004690,"SOL: enchant"
10:00,39,638689075,"꿈의 마을 (Township)"
10:00,40,1507872328,"WPL : 홀덤, 토너먼트, 오마하, 올인폴드, 픽앤고"
10:00,41,1466736988,"카트라이더 러쉬플러스"
10:00,42,6758200096,"라그나로크M: Classic"
10:00,43,553834731,"캔디크러쉬사가"
10:00,44,6740026253,"오피스 퀸 키우기"
10:00,45,1606549505,"로얄 킹덤 (Royal Kingdom)"
10:00,46,6751222389,"NBA 덩크 시티"
10:00,47,6475757306,"Disney Solitaire 디즈니 솔리테어"
10:00,48,1521236603,"Travel Town - 결합 어드벤처"
10:00,49,6503603603,"미스터리 타운: 합성 게임 (Mystery Town)"
10:00,50,1509450845,"쿠키런: 킹덤"
10:00,51,6443477650,"한게임 로얄홀덤"
10:00,52,1599719154,"붕괴: 스타레일"
10:00,53,1520354659,"오딘: 발할라 라이징"
10:00,54,848091833,"냥코 대전쟁"
10:00,55,963067330,"쿠키런: 오븐브레이크"
10:00,56,6450174109,"창세기전 모바일 - 서풍의 광시곡"
10:00,57,6479595079,"세븐나이츠 리버스"
10:00,58,6746465127,"세포 특공대 - 전략형 타워 디펜스"
10:00,59,6755455500,"할리우드 머지"
10:00,60,1480616990,"리그 오브 레전드: 와일드 리프트"
10:00,61,6475925341,"주술회전 팬텀 퍼레이드"
10:00,62,1582390510,"한게임포커 클래식 - 7포커 홀덤 섯다 훌라 슬롯"
10:00,63,1470173983,"AION2"
10:00,64,6738163891,"뱀피르"
10:00,65,6759822089,"오늘의 꽃 : 진짜 꽃을 키우는 게임"
10:00,66,6503272652,"라스트 Z: 서바이벌 슈터"
10:00,67,6752642477,"명일방주: 엔드필드"
10:00,68,6446516059,"캣 히어로 : 방치형 RPG"
10:00,69,6746151928,"두근두근타운"
10:00,70,6751086804,"그놈은 드래곤"
10:00,71,6746636289,"Forge Master – Idle RPG"
10:00,72,6757360957,"삼국지: 천하결전"
10:00,73,1160056295,"모바일 레전드: Bang Bang"
10:00,74,6457256716,"Total Football - 2026 북중미 시즌"
10:00,75,6776989094,"블라이트 워 : 방치형 RPG"
10:00,76,6759914688,"냥찍 히어로즈 : 방치형 RPG"
10:00,77,1483058899,"Project Makeover"
10:00,78,479516143,"Minecraft 온라인으로 친구들과 함께 플레이하세요"
10:00,79,6752886832,"호텔 레거시"
10:00,80,664575829,"피쉬돔 (Fishdom)"
10:00,81,6754679035,"히어로 랜드M"
10:00,82,1053012308,"클래시 로얄 (Clash Royale)"
10:00,83,6753862216,"푸드스타（Foodstars）: 합쳐서 요리하기"
10:00,84,1458568643,"피망 뉴맞고 : 고스톱으로 대한민국 1등"
10:00,85,6757381033,"2026 프로야구GO!"
10:00,86,6756558621,"킹덤2: 타오르는 전장"
10:00,87,1176027022,"Toon Blast"
10:00,88,6670441558,"Dark War:Survival"
10:00,89,6764201639,"총잡이 고양이 - 방치형 키우기"
10:00,90,1580691683,"MLB 9이닝스 라이벌 26"
10:00,91,1376515087,"Age of Origins:Tower Defense"
10:00,92,6749302379,"동방 찻집"
10:00,93,529479190,"클래시 오브 클랜"
10:00,94,608808713,"쿠키런"
10:00,95,1516727770,"마구마구 2026: 풀체인지"
10:00,96,6749759672,"산너머 도원마을"
10:00,97,6754229264,"임진왜란: 조선의 반격"
10:00,98,1635712706,"슬레이어 키우기"
10:00,99,6737595599,"파운데이션: 우주 전선"
10:00,100,6736896540,"헬로키티 마이 드림 스토어"
10:00,101,6786589102,"티니핑 매직 매치"
10:00,102,6762203850,"바르디안: Vardian"
10:00,103,6755585789,"템빨용사: 픽셀 아이템 머지 RPG"
10:00,104,1480616748,"전략적 팀 전투: 리그 오브 레전드 전략 게임"
10:00,105,880551258,"컴투스프로야구2026"
10:00,106,6760822948,"더 코지 플로리스트"
10:00,107,6504332779,"Color Block Jam"
10:00,108,6450953550,"탑 히어로즈: 영웅의 시대"
10:00,109,6756641249,"hololive Dreams"
10:00,110,1597760047,"OneState RP: 온라인 롤플레잉"
10:00,111,6449023119,"리버스: 1999"
10:00,112,6444043291,"Domino Dreams™"
10:00,113,6761749975,"토이 삼국"
10:00,114,6756058501,"젤리 버스터즈: 퍼즐 게임"
10:00,115,6478943981,"뮤 모나크2"
10:00,116,6479970832,"포켓몬 카드 게임 Pocket"
10:00,117,6746192853,"변신 키우기"
10:00,118,1533248097,"앙상블스타즈!!"
10:00,119,1660850121,"대항해시대 오리진"
10:00,120,1468063069,"피망 포커"
10:00,121,6767155768,"현상금 해적단 키우기"
10:00,122,6767834940,"탑 로드"
10:00,123,6760754315,"꿈의 여행자: 별빛 여정"
10:00,124,6747957875,"Family Go! - 대를 잇는 인생 시뮬레이션"
10:00,125,955705796,"MARVEL 퓨처파이트"
10:00,126,1166415380,"풀팟 홀덤 포커: 텍사스 홀덤, 오마하, 토너먼트"
10:00,127,6740848451,"RF 온라인 넥스트"
10:00,128,6752672568,"Block Out! - Color Sort Puzzle"
10:00,129,1484442152,"머지 맨션: 퍼즐과 스토리"
10:00,130,6443824730,"트릭컬 리바이브"
10:00,131,6740899070,"플랜티스와 좀비깡패"
10:00,132,6462846417,"MLB 클러치 히트 베이스볼 26"
10:00,133,1323002999,"검은사막 모바일"
10:00,134,6756247787,"디지몬 UP"
10:00,135,1517783697,"원신-스네즈나야 오픈"
10:00,136,6740621218,"갓깨비 키우기"
10:00,137,1448979486,"던전앤파이터 모바일"
10:00,138,6740043080,"Screwdom : 나사와 볼트 퍼즐"
10:00,139,6754373623,"소울 헌터 키우기 : 방치형 RPG"
10:00,140,6740966864,"딸깍 다이스"
10:00,141,1347780764,"Identity V -제5인격"
10:00,142,1473424424,"한게임 신맞고 : 대한민국 원조 고스톱"
10:00,143,6476336847,"피망 쇼다운 홀덤 : 텍사스 홀덤, 포커, 토너먼트"
10:00,144,6752369665,"Haunted Merge: Horror Story"
10:00,145,1616108452,"우마무스메 프리티 더비"
10:00,146,1628970855,"AFK: 새로운 여정"
10:00,147,6444598069,"나이트 크로우"
10:00,148,1528941310,"탕탕특공대"
10:00,149,6751056652,"Pixel Flow!"
10:00,150,1484468651,"Dice Dreams™ 다이스 드림"
10:00,151,1241893973,"페이트/그랜드 오더"
10:00,152,6757722046,"Butcher hero: hook'n'chew RPG"
10:00,153,1473903308,"명일방주"
10:00,154,6754012129,"우와 모험단"
10:00,155,1556357398,"Pikmin Bloom"
10:00,156,6749132002,"빠지냥! (Drop the Cat)"
10:00,157,6747024269,"기어몬: 타워 디펜스"
10:00,158,1297870337,"라그나로크M: ETERNAL LOVE"
10:00,159,6737500275,"I9: 인페르노 나인"
10:00,160,6740189002,"갤럭시 디펜스(Galaxy Defense)"
10:00,161,1478227443,"리니지2M"
10:00,162,880047117,"앵그리버드 2 (Angry Birds 2)"
10:00,163,6444112366,"Limbus Company"
10:00,164,6566177585,"나 혼자 만렙 키우기"
10:00,165,6762268182,"Z 루트: 리뎀션"
10:00,166,1156321059,"프렌즈팝콘"
10:00,167,943690848,"ONE PIECE TREASURE CRUISE"
10:00,168,6472396866,"연운"
10:00,169,6746328263,"Castle Busters"
10:00,170,6761979765,"여전사 키우기 : 듀얼 방치형"
10:00,171,1598881852,"프로젝트 세카이 컬러풀 스테이지! feat.하츠네 미쿠"
10:00,172,6483053853,"로드나인"
10:00,173,6754593077,"이환"
10:00,174,1571873795,"블루 아카이브"
10:00,175,557468499,"아이러브커피"
10:00,176,1554247785,"Yu-Gi-Oh! Master Duel"
10:00,177,646315802,"모두의마블"
10:00,178,6779167923,"Colony Flow!"
10:00,179,1059665257,"MLB 9이닝스 26"
10:00,180,6741889270,"픽셀 법사 키우기 : 방치형 RPG"
10:00,181,6754158504,"라그나로크 오리진 클래식"
10:00,182,6737874398,"Merge Fashion: Romance Story"
10:00,183,1481802531,"이사만루26"
10:00,184,6760125313,"희비전 리버스"
10:00,185,6448719154,"레이븐2"
10:00,186,6738109752,"타일 서바이벌"
10:00,187,6502820653,"궁수의 전설2"
10:00,188,6754965520,"로그 레전드: 로그라이크 RPG"
10:00,189,6741503079,"Pokémon Champions"
10:00,190,6466373096,"동글동글 거위헬스장"
10:00,191,852912420,"서머너즈 워 X 장송의 프리렌"
10:00,192,6467117398,"버섯커 키우기"
10:00,193,1510097347,"더 스파이크 크로스"
10:00,194,6502326151,"카오스 제로 나이트메어"
10:00,195,6758072393,"추락한 아름다움: 머지&스토리"
10:00,196,1252850847,"NBA 2K Mobile 농구 게임"
10:00,197,6740618570,"XP Hero (XP 히어로)"
10:00,198,6474961936,"레이싱 마스터"
10:00,199,6738469826,"랜드 오브 제일"
10:00,200,1311102174,"위 베어 베어스 더 퍼즐 : 퍼즐게임"
12:30,1,6749251466,"쿠키런 키우기 - 쿠키런: 크럼블"
12:30,2,6443575749,"WOS: 화이트아웃 서바이벌"
12:30,3,6739616715,"메이플 키우기"
12:30,4,1623318294,"가십하버: 합성 & 스토리 게임"
12:30,5,1474589366,"리니지M"
12:30,6,6739554056,"킹샷:Kingshot"
12:30,7,6482291732,"운빨존많겜"
12:30,8,1273957743,"EA SPORTS FC Online M"
12:30,9,1482155847,"로얄 매치 (Royal Match)"
12:30,10,1478371252,"FC 모바일"
12:30,11,1366526331,"배틀그라운드"
12:30,12,1458848044,"컴투스프로야구V26"
12:30,13,6448786147,"라스트 워: 서바이벌"
12:30,14,6471045672,"테이스티 트레블: 합성 게임"
12:30,15,1105855019,"Gardenscapes"
12:30,16,1117270703,"eFootball™"
12:30,17,6443755785,"씨사이드 익스케이프: 합성 & 스토리 게임"
12:30,18,1133463693,"메이플스토리M"
12:30,19,6762442041,"열혈강호: 넥스트"
12:30,20,947258826,"마피아42"
12:30,21,1441742921,"마비노기 모바일"
12:30,22,1471942989,"한게임 섯다&맞고"
12:30,23,6756989323,"라스트 어사일럼: 페스트"
12:30,24,1195621598,"Homescapes: Match 3 Games"
12:30,25,1229016807,"브롤스타즈"
12:30,26,6475033368,"명조:워더링 웨이브 - 현방 지계를 향하여"
12:30,27,6503702666,"협타디: 협동 타워 디펜스"
12:30,28,1606356401,"젠레스 존 제로 - 주년 기념"
12:30,29,1094591345,"Pokémon GO"
12:30,30,6618142292,"핫레스토랑: 머지&쿠킹"
12:30,31,898986747,"좀비고등학교"
12:30,32,1585915174,"승리의 여신: 니케"
12:30,33,1128255542,"리니지M(12)"
12:30,34,6499562253,"드래곤빌리지3"
12:30,35,1471486284,"한게임 포커"
12:30,36,1643509748,"머지 쿠킹 테마 레스토랑（Merge Cooking）"
12:30,37,6737408689,"스톤에이지 키우기"
12:30,38,6748004690,"SOL: enchant"
12:30,39,638689075,"꿈의 마을 (Township)"
12:30,40,1507872328,"WPL : 홀덤, 토너먼트, 오마하, 올인폴드, 픽앤고"
12:30,41,1466736988,"카트라이더 러쉬플러스"
12:30,42,6758200096,"라그나로크M: Classic"
12:30,43,553834731,"캔디크러쉬사가"
12:30,44,6740026253,"오피스 퀸 키우기"
12:30,45,1606549505,"로얄 킹덤 (Royal Kingdom)"
12:30,46,6751222389,"NBA 덩크 시티"
12:30,47,6475757306,"Disney Solitaire 디즈니 솔리테어"
12:30,48,1521236603,"Travel Town - 결합 어드벤처"
12:30,49,6503603603,"미스터리 타운: 합성 게임 (Mystery Town)"
12:30,50,1509450845,"쿠키런: 킹덤"
12:30,51,6443477650,"한게임 로얄홀덤"
12:30,52,1599719154,"붕괴: 스타레일"
12:30,53,1520354659,"오딘: 발할라 라이징"
12:30,54,848091833,"냥코 대전쟁"
12:30,55,963067330,"쿠키런: 오븐브레이크"
12:30,56,6450174109,"창세기전 모바일 - 서풍의 광시곡"
12:30,57,6479595079,"세븐나이츠 리버스"
12:30,58,6746465127,"세포 특공대 - 전략형 타워 디펜스"
12:30,59,6755455500,"할리우드 머지"
12:30,60,1480616990,"리그 오브 레전드: 와일드 리프트"
12:30,61,6475925341,"주술회전 팬텀 퍼레이드"
12:30,62,1582390510,"한게임포커 클래식 - 7포커 홀덤 섯다 훌라 슬롯"
12:30,63,1470173983,"AION2"
12:30,64,6738163891,"뱀피르"
12:30,65,6759822089,"오늘의 꽃 : 진짜 꽃을 키우는 게임"
12:30,66,6503272652,"라스트 Z: 서바이벌 슈터"
12:30,67,6752642477,"명일방주: 엔드필드"
12:30,68,6446516059,"캣 히어로 : 방치형 RPG"
12:30,69,6746151928,"두근두근타운"
12:30,70,6751086804,"그놈은 드래곤"
12:30,71,6746636289,"Forge Master – Idle RPG"
12:30,72,6757360957,"삼국지: 천하결전"
12:30,73,1160056295,"모바일 레전드: Bang Bang"
12:30,74,6457256716,"Total Football - 2026 북중미 시즌"
12:30,75,6776989094,"블라이트 워 : 방치형 RPG"
12:30,76,6759914688,"냥찍 히어로즈 : 방치형 RPG"
12:30,77,1483058899,"Project Makeover"
12:30,78,479516143,"Minecraft 온라인으로 친구들과 함께 플레이하세요"
12:30,79,6752886832,"호텔 레거시"
12:30,80,664575829,"피쉬돔 (Fishdom)"
12:30,81,6754679035,"히어로 랜드M"
12:30,82,1053012308,"클래시 로얄 (Clash Royale)"
12:30,83,6753862216,"푸드스타（Foodstars）: 합쳐서 요리하기"
12:30,84,1458568643,"피망 뉴맞고 : 고스톱으로 대한민국 1등"
12:30,85,6757381033,"2026 프로야구GO!"
12:30,86,6756558621,"킹덤2: 타오르는 전장"
12:30,87,1176027022,"Toon Blast"
12:30,88,6670441558,"Dark War:Survival"
12:30,89,6764201639,"총잡이 고양이 - 방치형 키우기"
12:30,90,1580691683,"MLB 9이닝스 라이벌 26"
12:30,91,1376515087,"Age of Origins:Tower Defense"
12:30,92,6749302379,"동방 찻집"
12:30,93,529479190,"클래시 오브 클랜"
12:30,94,608808713,"쿠키런"
12:30,95,1516727770,"마구마구 2026: 풀체인지"
12:30,96,6749759672,"산너머 도원마을"
12:30,97,6754229264,"임진왜란: 조선의 반격"
12:30,98,1635712706,"슬레이어 키우기"
12:30,99,6737595599,"파운데이션: 우주 전선"
12:30,100,6736896540,"헬로키티 마이 드림 스토어"
12:30,101,6786589102,"티니핑 매직 매치"
12:30,102,6762203850,"바르디안: Vardian"
12:30,103,6755585789,"템빨용사: 픽셀 아이템 머지 RPG"
12:30,104,1480616748,"전략적 팀 전투: 리그 오브 레전드 전략 게임"
12:30,105,880551258,"컴투스프로야구2026"
12:30,106,6760822948,"더 코지 플로리스트"
12:30,107,6504332779,"Color Block Jam"
12:30,108,6450953550,"탑 히어로즈: 영웅의 시대"
12:30,109,6756641249,"hololive Dreams"
12:30,110,1597760047,"OneState RP: 온라인 롤플레잉"
12:30,111,6449023119,"리버스: 1999"
12:30,112,6444043291,"Domino Dreams™"
12:30,113,6761749975,"토이 삼국"
12:30,114,6756058501,"젤리 버스터즈: 퍼즐 게임"
12:30,115,6478943981,"뮤 모나크2"
12:30,116,6479970832,"포켓몬 카드 게임 Pocket"
12:30,117,6746192853,"변신 키우기"
12:30,118,1533248097,"앙상블스타즈!!"
12:30,119,1660850121,"대항해시대 오리진"
12:30,120,1468063069,"피망 포커"
12:30,121,6767155768,"현상금 해적단 키우기"
12:30,122,6767834940,"탑 로드"
12:30,123,6760754315,"꿈의 여행자: 별빛 여정"
12:30,124,6747957875,"Family Go! - 대를 잇는 인생 시뮬레이션"
12:30,125,955705796,"MARVEL 퓨처파이트"
12:30,126,1166415380,"풀팟 홀덤 포커: 텍사스 홀덤, 오마하, 토너먼트"
12:30,127,6740848451,"RF 온라인 넥스트"
12:30,128,6752672568,"Block Out! - Color Sort Puzzle"
12:30,129,1484442152,"머지 맨션: 퍼즐과 스토리"
12:30,130,6443824730,"트릭컬 리바이브"
12:30,131,6740899070,"플랜티스와 좀비깡패"
12:30,132,6462846417,"MLB 클러치 히트 베이스볼 26"
12:30,133,1323002999,"검은사막 모바일"
12:30,134,6756247787,"디지몬 UP"
12:30,135,1517783697,"원신-스네즈나야 오픈"
12:30,136,6740621218,"갓깨비 키우기"
12:30,137,1448979486,"던전앤파이터 모바일"
12:30,138,6740043080,"Screwdom : 나사와 볼트 퍼즐"
12:30,139,6754373623,"소울 헌터 키우기 : 방치형 RPG"
12:30,140,6740966864,"딸깍 다이스"
12:30,141,1347780764,"Identity V -제5인격"
12:30,142,1473424424,"한게임 신맞고 : 대한민국 원조 고스톱"
12:30,143,6476336847,"피망 쇼다운 홀덤 : 텍사스 홀덤, 포커, 토너먼트"
12:30,144,6752369665,"Haunted Merge: Horror Story"
12:30,145,1616108452,"우마무스메 프리티 더비"
12:30,146,1628970855,"AFK: 새로운 여정"
12:30,147,6444598069,"나이트 크로우"
12:30,148,1528941310,"탕탕특공대"
12:30,149,6751056652,"Pixel Flow!"
12:30,150,1484468651,"Dice Dreams™ 다이스 드림"
12:30,151,1241893973,"페이트/그랜드 오더"
12:30,152,6757722046,"Butcher hero: hook'n'chew RPG"
12:30,153,1473903308,"명일방주"
12:30,154,6754012129,"우와 모험단"
12:30,155,1556357398,"Pikmin Bloom"
12:30,156,6749132002,"빠지냥! (Drop the Cat)"
12:30,157,6747024269,"기어몬: 타워 디펜스"
12:30,158,1297870337,"라그나로크M: ETERNAL LOVE"
12:30,159,6737500275,"I9: 인페르노 나인"
12:30,160,6740189002,"갤럭시 디펜스(Galaxy Defense)"
12:30,161,1478227443,"리니지2M"
12:30,162,880047117,"앵그리버드 2 (Angry Birds 2)"
12:30,163,6444112366,"Limbus Company"
12:30,164,6566177585,"나 혼자 만렙 키우기"
12:30,165,6762268182,"Z 루트: 리뎀션"
12:30,166,1156321059,"프렌즈팝콘"
12:30,167,943690848,"ONE PIECE TREASURE CRUISE"
12:30,168,6472396866,"연운"
12:30,169,6746328263,"Castle Busters"
12:30,170,6761979765,"여전사 키우기 : 듀얼 방치형"
12:30,171,1598881852,"프로젝트 세카이 컬러풀 스테이지! feat.하츠네 미쿠"
12:30,172,6483053853,"로드나인"
12:30,173,6754593077,"이환"
12:30,174,1571873795,"블루 아카이브"
12:30,175,557468499,"아이러브커피"
12:30,176,1554247785,"Yu-Gi-Oh! Master Duel"
12:30,177,646315802,"모두의마블"
12:30,178,6779167923,"Colony Flow!"
12:30,179,1059665257,"MLB 9이닝스 26"
12:30,180,6741889270,"픽셀 법사 키우기 : 방치형 RPG"
12:30,181,6754158504,"라그나로크 오리진 클래식"
12:30,182,6737874398,"Merge Fashion: Romance Story"
12:30,183,1481802531,"이사만루26"
12:30,184,6760125313,"희비전 리버스"
12:30,185,6448719154,"레이븐2"
12:30,186,6738109752,"타일 서바이벌"
12:30,187,6502820653,"궁수의 전설2"
12:30,188,6754965520,"로그 레전드: 로그라이크 RPG"
12:30,189,6741503079,"Pokémon Champions"
12:30,190,6466373096,"동글동글 거위헬스장"
12:30,191,852912420,"서머너즈 워 X 장송의 프리렌"
12:30,192,6467117398,"버섯커 키우기"
12:30,193,1510097347,"더 스파이크 크로스"
12:30,194,6502326151,"카오스 제로 나이트메어"
12:30,195,6758072393,"추락한 아름다움: 머지&스토리"
12:30,196,1252850847,"NBA 2K Mobile 농구 게임"
12:30,197,6740618570,"XP Hero (XP 히어로)"
12:30,198,6474961936,"레이싱 마스터"
12:30,199,6738469826,"랜드 오브 제일"
12:30,200,1311102174,"위 베어 베어스 더 퍼즐 : 퍼즐게임"
14:00,1,6749251466,"쿠키런 키우기 - 쿠키런: 크럼블"
14:00,2,6443575749,"WOS: 화이트아웃 서바이벌"
14:00,3,6739554056,"킹샷:Kingshot"
14:00,4,1623318294,"가십하버: 합성 & 스토리 게임"
14:00,5,6739616715,"메이플 키우기"
14:00,6,6482291732,"운빨존많겜"
14:00,7,1474589366,"리니지M"
14:00,8,1273957743,"EA SPORTS FC Online M"
14:00,9,1482155847,"로얄 매치 (Royal Match)"
14:00,10,1478371252,"FC 모바일"
14:00,11,1366526331,"배틀그라운드"
14:00,12,1458848044,"컴투스프로야구V26"
14:00,13,6448786147,"라스트 워: 서바이벌"
14:00,14,1105855019,"Gardenscapes"
14:00,15,6471045672,"테이스티 트레블: 합성 게임"
14:00,16,6443755785,"씨사이드 익스케이프: 합성 & 스토리 게임"
14:00,17,1117270703,"eFootball™"
14:00,18,6762442041,"열혈강호: 넥스트"
14:00,19,6503702666,"협타디: 협동 타워 디펜스"
14:00,20,1133463693,"메이플스토리M"
14:00,21,6748004690,"SOL: enchant"
14:00,22,947258826,"마피아42"
14:00,23,1441742921,"마비노기 모바일"
14:00,24,1471942989,"한게임 섯다&맞고"
14:00,25,1094591345,"Pokémon GO"
14:00,26,6756989323,"라스트 어사일럼: 페스트"
14:00,27,1195621598,"Homescapes: Match 3 Games"
14:00,28,1229016807,"브롤스타즈"
14:00,29,6475033368,"명조:워더링 웨이브 - 현방 지계를 향하여"
14:00,30,1585915174,"승리의 여신: 니케"
14:00,31,6758200096,"라그나로크M: Classic"
14:00,32,1606356401,"젠레스 존 제로 - 주년 기념"
14:00,33,6618142292,"핫레스토랑: 머지&쿠킹"
14:00,34,6499562253,"드래곤빌리지3"
14:00,35,1643509748,"머지 쿠킹 테마 레스토랑（Merge Cooking）"
14:00,36,1128255542,"리니지M(12)"
14:00,37,1471486284,"한게임 포커"
14:00,38,898986747,"좀비고등학교"
14:00,39,638689075,"꿈의 마을 (Township)"
14:00,40,1507872328,"WPL : 홀덤, 토너먼트, 오마하, 올인폴드, 픽앤고"
14:00,41,1466736988,"카트라이더 러쉬플러스"
14:00,42,6737408689,"스톤에이지 키우기"
14:00,43,553834731,"캔디크러쉬사가"
14:00,44,6740026253,"오피스 퀸 키우기"
14:00,45,6503603603,"미스터리 타운: 합성 게임 (Mystery Town)"
14:00,46,6475757306,"Disney Solitaire 디즈니 솔리테어"
14:00,47,1606549505,"로얄 킹덤 (Royal Kingdom)"
14:00,48,1521236603,"Travel Town - 결합 어드벤처"
14:00,49,6751222389,"NBA 덩크 시티"
14:00,50,6443477650,"한게임 로얄홀덤"
14:00,51,1509450845,"쿠키런: 킹덤"
14:00,52,1599719154,"붕괴: 스타레일"
14:00,53,6746636289,"Forge Master – Idle RPG"
14:00,54,6479595079,"세븐나이츠 리버스"
14:00,55,6755455500,"할리우드 머지"
14:00,56,848091833,"냥코 대전쟁"
14:00,57,1520354659,"오딘: 발할라 라이징"
14:00,58,6746465127,"세포 특공대 - 전략형 타워 디펜스"
14:00,59,963067330,"쿠키런: 오븐브레이크"
14:00,60,6450174109,"창세기전 모바일 - 서풍의 광시곡"
14:00,61,1480616990,"리그 오브 레전드: 와일드 리프트"
14:00,62,6759822089,"오늘의 꽃 : 진짜 꽃을 키우는 게임"
14:00,63,6475925341,"주술회전 팬텀 퍼레이드"
14:00,64,6751086804,"그놈은 드래곤"
14:00,65,1582390510,"한게임포커 클래식 - 7포커 홀덤 섯다 훌라 슬롯"
14:00,66,6759914688,"냥찍 히어로즈 : 방치형 RPG"
14:00,67,6757381033,"2026 프로야구GO!"
14:00,68,6738163891,"뱀피르"
14:00,69,6503272652,"라스트 Z: 서바이벌 슈터"
14:00,70,1470173983,"AION2"
14:00,71,6446516059,"캣 히어로 : 방치형 RPG"
14:00,72,6752642477,"명일방주: 엔드필드"
14:00,73,6746151928,"두근두근타운"
14:00,74,1376515087,"Age of Origins:Tower Defense"
14:00,75,1160056295,"모바일 레전드: Bang Bang"
14:00,76,6776989094,"블라이트 워 : 방치형 RPG"
14:00,77,6754679035,"히어로 랜드M"
14:00,78,6757360957,"삼국지: 천하결전"
14:00,79,1053012308,"클래시 로얄 (Clash Royale)"
14:00,80,6457256716,"Total Football - 2026 북중미 시즌"
14:00,81,1483058899,"Project Makeover"
14:00,82,6753862216,"푸드스타（Foodstars）: 합쳐서 요리하기"
14:00,83,664575829,"피쉬돔 (Fishdom)"
14:00,84,6737595599,"파운데이션: 우주 전선"
14:00,85,6752886832,"호텔 레거시"
14:00,86,6756558621,"킹덤2: 타오르는 전장"
14:00,87,6764201639,"총잡이 고양이 - 방치형 키우기"
14:00,88,1580691683,"MLB 9이닝스 라이벌 26"
14:00,89,479516143,"Minecraft 온라인으로 친구들과 함께 플레이하세요"
14:00,90,1458568643,"피망 뉴맞고 : 고스톱으로 대한민국 1등"
14:00,91,1176027022,"Toon Blast"
14:00,92,6749302379,"동방 찻집"
14:00,93,6746192853,"변신 키우기"
14:00,94,529479190,"클래시 오브 클랜"
14:00,95,1635712706,"슬레이어 키우기"
14:00,96,6670441558,"Dark War:Survival"
14:00,97,1516727770,"마구마구 2026: 풀체인지"
14:00,98,6761749975,"토이 삼국"
14:00,99,6786589102,"티니핑 매직 매치"
14:00,100,6736896540,"헬로키티 마이 드림 스토어"
14:00,101,6754229264,"임진왜란: 조선의 반격"
14:00,102,1478227443,"리니지2M"
14:00,103,608808713,"쿠키런"
14:00,104,6749759672,"산너머 도원마을"
14:00,105,6762203850,"바르디안: Vardian"
14:00,106,880551258,"컴투스프로야구2026"
14:00,107,1480616748,"전략적 팀 전투: 리그 오브 레전드 전략 게임"
14:00,108,6740621218,"갓깨비 키우기"
14:00,109,6443824730,"트릭컬 리바이브"
14:00,110,6756058501,"젤리 버스터즈: 퍼즐 게임"
14:00,111,6755585789,"템빨용사: 픽셀 아이템 머지 RPG"
14:00,112,6760822948,"더 코지 플로리스트"
14:00,113,6767834940,"탑 로드"
14:00,114,6504332779,"Color Block Jam"
14:00,115,6449023119,"리버스: 1999"
14:00,116,6479970832,"포켓몬 카드 게임 Pocket"
14:00,117,1528941310,"탕탕특공대"
14:00,118,1597760047,"OneState RP: 온라인 롤플레잉"
14:00,119,6767155768,"현상금 해적단 키우기"
14:00,120,1484442152,"머지 맨션: 퍼즐과 스토리"
14:00,121,6450953550,"탑 히어로즈: 영웅의 시대"
14:00,122,6444043291,"Domino Dreams™"
14:00,123,6756641249,"hololive Dreams"
14:00,124,6478943981,"뮤 모나크2"
14:00,125,6740966864,"딸깍 다이스"
14:00,126,6747957875,"Family Go! - 대를 잇는 인생 시뮬레이션"
14:00,127,6760754315,"꿈의 여행자: 별빛 여정"
14:00,128,955705796,"MARVEL 퓨처파이트"
14:00,129,1660850121,"대항해시대 오리진"
14:00,130,6752672568,"Block Out! - Color Sort Puzzle"
14:00,131,1323002999,"검은사막 모바일"
14:00,132,1533248097,"앙상블스타즈!!"
14:00,133,6756247787,"디지몬 UP"
14:00,134,1468063069,"피망 포커"
14:00,135,1448979486,"던전앤파이터 모바일"
14:00,136,1166415380,"풀팟 홀덤 포커: 텍사스 홀덤, 오마하, 토너먼트"
14:00,137,6740899070,"플랜티스와 좀비깡패"
14:00,138,6462846417,"MLB 클러치 히트 베이스볼 26"
14:00,139,6747024269,"기어몬: 타워 디펜스"
14:00,140,6566177585,"나 혼자 만렙 키우기"
14:00,141,6740848451,"RF 온라인 넥스트"
14:00,142,1347780764,"Identity V -제5인격"
14:00,143,6754373623,"소울 헌터 키우기 : 방치형 RPG"
14:00,144,1484468651,"Dice Dreams™ 다이스 드림"
14:00,145,6740043080,"Screwdom : 나사와 볼트 퍼즐"
14:00,146,1517783697,"원신-스네즈나야 오픈"
14:00,147,1473424424,"한게임 신맞고 : 대한민국 원조 고스톱"
14:00,148,1628970855,"AFK: 새로운 여정"
14:00,149,6752369665,"Haunted Merge: Horror Story"
14:00,150,6751056652,"Pixel Flow!"
14:00,151,6472396866,"연운"
14:00,152,6476336847,"피망 쇼다운 홀덤 : 텍사스 홀덤, 포커, 토너먼트"
14:00,153,1616108452,"우마무스메 프리티 더비"
14:00,154,6502820653,"궁수의 전설2"
14:00,155,6757722046,"Butcher hero: hook'n'chew RPG"
14:00,156,1473903308,"명일방주"
14:00,157,6444598069,"나이트 크로우"
14:00,158,1556357398,"Pikmin Bloom"
14:00,159,6749132002,"빠지냥! (Drop the Cat)"
14:00,160,1241893973,"페이트/그랜드 오더"
14:00,161,6483053853,"로드나인"
14:00,162,880047117,"앵그리버드 2 (Angry Birds 2)"
14:00,163,6762268182,"Z 루트: 리뎀션"
14:00,164,6450363898,"콜 오브 드래곤즈"
14:00,165,6754012129,"우와 모험단"
14:00,166,6760743106,"천마지만 삼국지에서 무쌍중입니다"
14:00,167,6444112366,"Limbus Company"
14:00,168,6754593077,"이환"
14:00,169,1598881852,"프로젝트 세카이 컬러풀 스테이지! feat.하츠네 미쿠"
14:00,170,1571873795,"블루 아카이브"
14:00,171,6737500275,"I9: 인페르노 나인"
14:00,172,6740189002,"갤럭시 디펜스(Galaxy Defense)"
14:00,173,1492005122,"디아블로 이모탈"
14:00,174,6779167923,"Colony Flow!"
14:00,175,1156321059,"프렌즈팝콘"
14:00,176,6741889270,"픽셀 법사 키우기 : 방치형 RPG"
14:00,177,1554247785,"Yu-Gi-Oh! Master Duel"
14:00,178,943690848,"ONE PIECE TREASURE CRUISE"
14:00,179,6738109752,"타일 서바이벌"
14:00,180,6760125313,"희비전 리버스"
14:00,181,1297870337,"라그나로크M: ETERNAL LOVE"
14:00,182,6761979765,"여전사 키우기 : 듀얼 방치형"
14:00,183,6746328263,"Castle Busters"
14:00,184,6737874398,"Merge Fashion: Romance Story"
14:00,185,557468499,"아이러브커피"
14:00,186,852912420,"서머너즈 워 X 장송의 프리렌"
14:00,187,6466373096,"동글동글 거위헬스장"
14:00,188,6754965520,"로그 레전드: 로그라이크 RPG"
14:00,189,1059665257,"MLB 9이닝스 26"
14:00,190,646315802,"모두의마블"
14:00,191,6474961936,"레이싱 마스터"
14:00,192,1481802531,"이사만루26"
14:00,193,6758072393,"추락한 아름다움: 머지&스토리"
14:00,194,6741503079,"Pokémon Champions"
14:00,195,6443760593,"좀비 웨이브스"
14:00,196,6467117398,"버섯커 키우기"
14:00,197,6502326151,"카오스 제로 나이트메어"
14:00,198,6740618570,"XP Hero (XP 히어로)"
14:00,199,1510097347,"더 스파이크 크로스"
14:00,200,1474599374,"라이즈 오브 킹덤즈"
15:30,1,6749251466,"쿠키런 키우기 - 쿠키런: 크럼블"
15:30,2,6443575749,"WOS: 화이트아웃 서바이벌"
15:30,3,6739554056,"킹샷:Kingshot"
15:30,4,1623318294,"가십하버: 합성 & 스토리 게임"
15:30,5,6739616715,"메이플 키우기"
15:30,6,6482291732,"운빨존많겜"
15:30,7,1474589366,"리니지M"
15:30,8,1273957743,"EA SPORTS FC Online M"
15:30,9,1482155847,"로얄 매치 (Royal Match)"
15:30,10,1478371252,"FC 모바일"
15:30,11,1366526331,"배틀그라운드"
15:30,12,1458848044,"컴투스프로야구V26"
15:30,13,6448786147,"라스트 워: 서바이벌"
15:30,14,1105855019,"Gardenscapes"
15:30,15,6471045672,"테이스티 트레블: 합성 게임"
15:30,16,6443755785,"씨사이드 익스케이프: 합성 & 스토리 게임"
15:30,17,1117270703,"eFootball™"
15:30,18,6762442041,"열혈강호: 넥스트"
15:30,19,6503702666,"협타디: 협동 타워 디펜스"
15:30,20,1133463693,"메이플스토리M"
15:30,21,6748004690,"SOL: enchant"
15:30,22,947258826,"마피아42"
15:30,23,1441742921,"마비노기 모바일"
15:30,24,1471942989,"한게임 섯다&맞고"
15:30,25,1094591345,"Pokémon GO"
15:30,26,6756989323,"라스트 어사일럼: 페스트"
15:30,27,1195621598,"Homescapes: Match 3 Games"
15:30,28,1229016807,"브롤스타즈"
15:30,29,6475033368,"명조:워더링 웨이브 - 현방 지계를 향하여"
15:30,30,1585915174,"승리의 여신: 니케"
15:30,31,6758200096,"라그나로크M: Classic"
15:30,32,1606356401,"젠레스 존 제로 - 주년 기념"
15:30,33,6618142292,"핫레스토랑: 머지&쿠킹"
15:30,34,6499562253,"드래곤빌리지3"
15:30,35,1643509748,"머지 쿠킹 테마 레스토랑（Merge Cooking）"
15:30,36,1128255542,"리니지M(12)"
15:30,37,1471486284,"한게임 포커"
15:30,38,898986747,"좀비고등학교"
15:30,39,638689075,"꿈의 마을 (Township)"
15:30,40,1507872328,"WPL : 홀덤, 토너먼트, 오마하, 올인폴드, 픽앤고"
15:30,41,1466736988,"카트라이더 러쉬플러스"
15:30,42,6737408689,"스톤에이지 키우기"
15:30,43,553834731,"캔디크러쉬사가"
15:30,44,6740026253,"오피스 퀸 키우기"
15:30,45,6503603603,"미스터리 타운: 합성 게임 (Mystery Town)"
15:30,46,6475757306,"Disney Solitaire 디즈니 솔리테어"
15:30,47,1606549505,"로얄 킹덤 (Royal Kingdom)"
15:30,48,1521236603,"Travel Town - 결합 어드벤처"
15:30,49,6751222389,"NBA 덩크 시티"
15:30,50,6443477650,"한게임 로얄홀덤"
15:30,51,1509450845,"쿠키런: 킹덤"
15:30,52,1599719154,"붕괴: 스타레일"
15:30,53,6746636289,"Forge Master – Idle RPG"
15:30,54,6479595079,"세븐나이츠 리버스"
15:30,55,6755455500,"할리우드 머지"
15:30,56,848091833,"냥코 대전쟁"
15:30,57,1520354659,"오딘: 발할라 라이징"
15:30,58,6746465127,"세포 특공대 - 전략형 타워 디펜스"
15:30,59,963067330,"쿠키런: 오븐브레이크"
15:30,60,6450174109,"창세기전 모바일 - 서풍의 광시곡"
15:30,61,1480616990,"리그 오브 레전드: 와일드 리프트"
15:30,62,6759822089,"오늘의 꽃 : 진짜 꽃을 키우는 게임"
15:30,63,6475925341,"주술회전 팬텀 퍼레이드"
15:30,64,6751086804,"그놈은 드래곤"
15:30,65,1582390510,"한게임포커 클래식 - 7포커 홀덤 섯다 훌라 슬롯"
15:30,66,6759914688,"냥찍 히어로즈 : 방치형 RPG"
15:30,67,6757381033,"2026 프로야구GO!"
15:30,68,6738163891,"뱀피르"
15:30,69,6503272652,"라스트 Z: 서바이벌 슈터"
15:30,70,1470173983,"AION2"
15:30,71,6446516059,"캣 히어로 : 방치형 RPG"
15:30,72,6752642477,"명일방주: 엔드필드"
15:30,73,6746151928,"두근두근타운"
15:30,74,1376515087,"Age of Origins:Tower Defense"
15:30,75,1160056295,"모바일 레전드: Bang Bang"
15:30,76,6776989094,"블라이트 워 : 방치형 RPG"
15:30,77,6754679035,"히어로 랜드M"
15:30,78,6757360957,"삼국지: 천하결전"
15:30,79,1053012308,"클래시 로얄 (Clash Royale)"
15:30,80,6457256716,"Total Football - 2026 북중미 시즌"
15:30,81,1483058899,"Project Makeover"
15:30,82,6753862216,"푸드스타（Foodstars）: 합쳐서 요리하기"
15:30,83,664575829,"피쉬돔 (Fishdom)"
15:30,84,6737595599,"파운데이션: 우주 전선"
15:30,85,6752886832,"호텔 레거시"
15:30,86,6756558621,"킹덤2: 타오르는 전장"
15:30,87,6764201639,"총잡이 고양이 - 방치형 키우기"
15:30,88,1580691683,"MLB 9이닝스 라이벌 26"
15:30,89,479516143,"Minecraft 온라인으로 친구들과 함께 플레이하세요"
15:30,90,1458568643,"피망 뉴맞고 : 고스톱으로 대한민국 1등"
15:30,91,1176027022,"Toon Blast"
15:30,92,6749302379,"동방 찻집"
15:30,93,6746192853,"변신 키우기"
15:30,94,529479190,"클래시 오브 클랜"
15:30,95,1635712706,"슬레이어 키우기"
15:30,96,6670441558,"Dark War:Survival"
15:30,97,1516727770,"마구마구 2026: 풀체인지"
15:30,98,6761749975,"토이 삼국"
15:30,99,6786589102,"티니핑 매직 매치"
15:30,100,6736896540,"헬로키티 마이 드림 스토어"
15:30,101,6754229264,"임진왜란: 조선의 반격"
15:30,102,1478227443,"리니지2M"
15:30,103,608808713,"쿠키런"
15:30,104,6749759672,"산너머 도원마을"
15:30,105,6762203850,"바르디안: Vardian"
15:30,106,880551258,"컴투스프로야구2026"
15:30,107,1480616748,"전략적 팀 전투: 리그 오브 레전드 전략 게임"
15:30,108,6740621218,"갓깨비 키우기"
15:30,109,6443824730,"트릭컬 리바이브"
15:30,110,6756058501,"젤리 버스터즈: 퍼즐 게임"
15:30,111,6755585789,"템빨용사: 픽셀 아이템 머지 RPG"
15:30,112,6760822948,"더 코지 플로리스트"
15:30,113,6767834940,"탑 로드"
15:30,114,6504332779,"Color Block Jam"
15:30,115,6449023119,"리버스: 1999"
15:30,116,6479970832,"포켓몬 카드 게임 Pocket"
15:30,117,1528941310,"탕탕특공대"
15:30,118,1597760047,"OneState RP: 온라인 롤플레잉"
15:30,119,6767155768,"현상금 해적단 키우기"
15:30,120,1484442152,"머지 맨션: 퍼즐과 스토리"
15:30,121,6450953550,"탑 히어로즈: 영웅의 시대"
15:30,122,6444043291,"Domino Dreams™"
15:30,123,6756641249,"hololive Dreams"
15:30,124,6478943981,"뮤 모나크2"
15:30,125,6740966864,"딸깍 다이스"
15:30,126,6747957875,"Family Go! - 대를 잇는 인생 시뮬레이션"
15:30,127,6760754315,"꿈의 여행자: 별빛 여정"
15:30,128,955705796,"MARVEL 퓨처파이트"
15:30,129,1660850121,"대항해시대 오리진"
15:30,130,6752672568,"Block Out! - Color Sort Puzzle"
15:30,131,1323002999,"검은사막 모바일"
15:30,132,1533248097,"앙상블스타즈!!"
15:30,133,6756247787,"디지몬 UP"
15:30,134,1468063069,"피망 포커"
15:30,135,1448979486,"던전앤파이터 모바일"
15:30,136,1166415380,"풀팟 홀덤 포커: 텍사스 홀덤, 오마하, 토너먼트"
15:30,137,6740899070,"플랜티스와 좀비깡패"
15:30,138,6462846417,"MLB 클러치 히트 베이스볼 26"
15:30,139,6747024269,"기어몬: 타워 디펜스"
15:30,140,6566177585,"나 혼자 만렙 키우기"
15:30,141,6740848451,"RF 온라인 넥스트"
15:30,142,1347780764,"Identity V -제5인격"
15:30,143,6754373623,"소울 헌터 키우기 : 방치형 RPG"
15:30,144,1484468651,"Dice Dreams™ 다이스 드림"
15:30,145,6740043080,"Screwdom : 나사와 볼트 퍼즐"
15:30,146,1517783697,"원신-스네즈나야 오픈"
15:30,147,1473424424,"한게임 신맞고 : 대한민국 원조 고스톱"
15:30,148,1628970855,"AFK: 새로운 여정"
15:30,149,6752369665,"Haunted Merge: Horror Story"
15:30,150,6751056652,"Pixel Flow!"
15:30,151,6472396866,"연운"
15:30,152,6476336847,"피망 쇼다운 홀덤 : 텍사스 홀덤, 포커, 토너먼트"
15:30,153,1616108452,"우마무스메 프리티 더비"
15:30,154,6502820653,"궁수의 전설2"
15:30,155,6757722046,"Butcher hero: hook'n'chew RPG"
15:30,156,1473903308,"명일방주"
15:30,157,6444598069,"나이트 크로우"
15:30,158,1556357398,"Pikmin Bloom"
15:30,159,6749132002,"빠지냥! (Drop the Cat)"
15:30,160,1241893973,"페이트/그랜드 오더"
15:30,161,6483053853,"로드나인"
15:30,162,880047117,"앵그리버드 2 (Angry Birds 2)"
15:30,163,6762268182,"Z 루트: 리뎀션"
15:30,164,6450363898,"콜 오브 드래곤즈"
15:30,165,6754012129,"우와 모험단"
15:30,166,6760743106,"천마지만 삼국지에서 무쌍중입니다"
15:30,167,6444112366,"Limbus Company"
15:30,168,6754593077,"이환"
15:30,169,1598881852,"프로젝트 세카이 컬러풀 스테이지! feat.하츠네 미쿠"
15:30,170,1571873795,"블루 아카이브"
15:30,171,6737500275,"I9: 인페르노 나인"
15:30,172,6740189002,"갤럭시 디펜스(Galaxy Defense)"
15:30,173,1492005122,"디아블로 이모탈"
15:30,174,6779167923,"Colony Flow!"
15:30,175,1156321059,"프렌즈팝콘"
15:30,176,6741889270,"픽셀 법사 키우기 : 방치형 RPG"
15:30,177,1554247785,"Yu-Gi-Oh! Master Duel"
15:30,178,943690848,"ONE PIECE TREASURE CRUISE"
15:30,179,6738109752,"타일 서바이벌"
15:30,180,6760125313,"희비전 리버스"
15:30,181,1297870337,"라그나로크M: ETERNAL LOVE"
15:30,182,6761979765,"여전사 키우기 : 듀얼 방치형"
15:30,183,6746328263,"Castle Busters"
15:30,184,6737874398,"Merge Fashion: Romance Story"
15:30,185,557468499,"아이러브커피"
15:30,186,852912420,"서머너즈 워 X 장송의 프리렌"
15:30,187,6466373096,"동글동글 거위헬스장"
15:30,188,6754965520,"로그 레전드: 로그라이크 RPG"
15:30,189,1059665257,"MLB 9이닝스 26"
15:30,190,646315802,"모두의마블"
15:30,191,6474961936,"레이싱 마스터"
15:30,192,1481802531,"이사만루26"
15:30,193,6758072393,"추락한 아름다움: 머지&스토리"
15:30,194,6741503079,"Pokémon Champions"
15:30,195,6443760593,"좀비 웨이브스"
15:30,196,6467117398,"버섯커 키우기"
15:30,197,6502326151,"카오스 제로 나이트메어"
15:30,198,6740618570,"XP Hero (XP 히어로)"
15:30,199,1510097347,"더 스파이크 크로스"
15:30,200,1474599374,"라이즈 오브 킹덤즈"
17:00,1,6749251466,"쿠키런 키우기 - 쿠키런: 크럼블"
17:00,2,6443575749,"WOS: 화이트아웃 서바이벌"
17:00,3,6739554056,"킹샷:Kingshot"
17:00,4,1623318294,"가십하버: 합성 & 스토리 게임"
17:00,5,6739616715,"메이플 키우기"
17:00,6,6482291732,"운빨존많겜"
17:00,7,1474589366,"리니지M"
17:00,8,1273957743,"EA SPORTS FC Online M"
17:00,9,1482155847,"로얄 매치 (Royal Match)"
17:00,10,1478371252,"FC 모바일"
17:00,11,1458848044,"컴투스프로야구V26"
17:00,12,1366526331,"배틀그라운드"
17:00,13,6448786147,"라스트 워: 서바이벌"
17:00,14,1105855019,"Gardenscapes"
17:00,15,6471045672,"테이스티 트레블: 합성 게임"
17:00,16,6443755785,"씨사이드 익스케이프: 합성 & 스토리 게임"
17:00,17,6503702666,"협타디: 협동 타워 디펜스"
17:00,18,1117270703,"eFootball™"
17:00,19,6748004690,"SOL: enchant"
17:00,20,6762442041,"열혈강호: 넥스트"
17:00,21,1133463693,"메이플스토리M"
17:00,22,947258826,"마피아42"
17:00,23,1441742921,"마비노기 모바일"
17:00,24,1094591345,"Pokémon GO"
17:00,25,1471942989,"한게임 섯다&맞고"
17:00,26,6756989323,"라스트 어사일럼: 페스트"
17:00,27,1195621598,"Homescapes: Match 3 Games"
17:00,28,1229016807,"브롤스타즈"
17:00,29,6475033368,"명조:워더링 웨이브 - 현방 지계를 향하여"
17:00,30,6758200096,"라그나로크M: Classic"
17:00,31,1606356401,"젠레스 존 제로 - 주년 기념"
17:00,32,1585915174,"승리의 여신: 니케"
17:00,33,6618142292,"핫레스토랑: 머지&쿠킹"
17:00,34,6499562253,"드래곤빌리지3"
17:00,35,1643509748,"머지 쿠킹 테마 레스토랑（Merge Cooking）"
17:00,36,1471486284,"한게임 포커"
17:00,37,1128255542,"리니지M(12)"
17:00,38,1507872328,"WPL : 홀덤, 토너먼트, 오마하, 올인폴드, 픽앤고"
17:00,39,638689075,"꿈의 마을 (Township)"
17:00,40,898986747,"좀비고등학교"
17:00,41,6737408689,"스톤에이지 키우기"
17:00,42,1466736988,"카트라이더 러쉬플러스"
17:00,43,553834731,"캔디크러쉬사가"
17:00,44,6503603603,"미스터리 타운: 합성 게임 (Mystery Town)"
17:00,45,6740026253,"오피스 퀸 키우기"
17:00,46,6475757306,"Disney Solitaire 디즈니 솔리테어"
17:00,47,1606549505,"로얄 킹덤 (Royal Kingdom)"
17:00,48,1521236603,"Travel Town - 결합 어드벤처"
17:00,49,6751222389,"NBA 덩크 시티"
17:00,50,1599719154,"붕괴: 스타레일"
17:00,51,6746636289,"Forge Master – Idle RPG"
17:00,52,6443477650,"한게임 로얄홀덤"
17:00,53,1509450845,"쿠키런: 킹덤"
17:00,54,6479595079,"세븐나이츠 리버스"
17:00,55,6755455500,"할리우드 머지"
17:00,56,963067330,"쿠키런: 오븐브레이크"
17:00,57,848091833,"냥코 대전쟁"
17:00,58,6746465127,"세포 특공대 - 전략형 타워 디펜스"
17:00,59,1520354659,"오딘: 발할라 라이징"
17:00,60,6450174109,"창세기전 모바일 - 서풍의 광시곡"
17:00,61,6757381033,"2026 프로야구GO!"
17:00,62,6751086804,"그놈은 드래곤"
17:00,63,6759822089,"오늘의 꽃 : 진짜 꽃을 키우는 게임"
17:00,64,6759914688,"냥찍 히어로즈 : 방치형 RPG"
17:00,65,1480616990,"리그 오브 레전드: 와일드 리프트"
17:00,66,6475925341,"주술회전 팬텀 퍼레이드"
17:00,67,6446516059,"캣 히어로 : 방치형 RPG"
17:00,68,1582390510,"한게임포커 클래식 - 7포커 홀덤 섯다 훌라 슬롯"
17:00,69,6503272652,"라스트 Z: 서바이벌 슈터"
17:00,70,6738163891,"뱀피르"
17:00,71,6752642477,"명일방주: 엔드필드"
17:00,72,1470173983,"AION2"
17:00,73,6746151928,"두근두근타운"
17:00,74,6776989094,"블라이트 워 : 방치형 RPG"
17:00,75,1376515087,"Age of Origins:Tower Defense"
17:00,76,1160056295,"모바일 레전드: Bang Bang"
17:00,77,6754679035,"히어로 랜드M"
17:00,78,1053012308,"클래시 로얄 (Clash Royale)"
17:00,79,6753862216,"푸드스타（Foodstars）: 합쳐서 요리하기"
17:00,80,6457256716,"Total Football - 2026 북중미 시즌"
17:00,81,6757360957,"삼국지: 천하결전"
17:00,82,6746192853,"변신 키우기"
17:00,83,6737595599,"파운데이션: 우주 전선"
17:00,84,664575829,"피쉬돔 (Fishdom)"
17:00,85,1483058899,"Project Makeover"
17:00,86,6764201639,"총잡이 고양이 - 방치형 키우기"
17:00,87,1478227443,"리니지2M"
17:00,88,6752886832,"호텔 레거시"
17:00,89,6754229264,"임진왜란: 조선의 반격"
17:00,90,6749302379,"동방 찻집"
17:00,91,479516143,"Minecraft 온라인으로 친구들과 함께 플레이하세요"
17:00,92,6756558621,"킹덤2: 타오르는 전장"
17:00,93,1176027022,"Toon Blast"
17:00,94,1458568643,"피망 뉴맞고 : 고스톱으로 대한민국 1등"
17:00,95,1580691683,"MLB 9이닝스 라이벌 26"
17:00,96,529479190,"클래시 오브 클랜"
17:00,97,6761749975,"토이 삼국"
17:00,98,1635712706,"슬레이어 키우기"
17:00,99,6786589102,"티니핑 매직 매치"
17:00,100,6670441558,"Dark War:Survival"
17:00,101,1516727770,"마구마구 2026: 풀체인지"
17:00,102,6760754315,"꿈의 여행자: 별빛 여정"
17:00,103,6736896540,"헬로키티 마이 드림 스토어"
17:00,104,608808713,"쿠키런"
17:00,105,6762203850,"바르디안: Vardian"
17:00,106,6749759672,"산너머 도원마을"
17:00,107,6755585789,"템빨용사: 픽셀 아이템 머지 RPG"
17:00,108,880551258,"컴투스프로야구2026"
17:00,109,1528941310,"탕탕특공대"
17:00,110,1480616748,"전략적 팀 전투: 리그 오브 레전드 전략 게임"
17:00,111,6740621218,"갓깨비 키우기"
17:00,112,6472396866,"연운"
17:00,113,6443824730,"트릭컬 리바이브"
17:00,114,6756058501,"젤리 버스터즈: 퍼즐 게임"
17:00,115,6767834940,"탑 로드"
17:00,116,6760822948,"더 코지 플로리스트"
17:00,117,6444043291,"Domino Dreams™"
17:00,118,6449023119,"리버스: 1999"
17:00,119,6504332779,"Color Block Jam"
17:00,120,6740966864,"딸깍 다이스"
17:00,121,6756641249,"hololive Dreams"
17:00,122,6767155768,"현상금 해적단 키우기"
17:00,123,1484442152,"머지 맨션: 퍼즐과 스토리"
17:00,124,1597760047,"OneState RP: 온라인 롤플레잉"
17:00,125,6479970832,"포켓몬 카드 게임 Pocket"
17:00,126,6478943981,"뮤 모나크2"
17:00,127,6450953550,"탑 히어로즈: 영웅의 시대"
17:00,128,955705796,"MARVEL 퓨처파이트"
17:00,129,6747957875,"Family Go! - 대를 잇는 인생 시뮬레이션"
17:00,130,6747024269,"기어몬: 타워 디펜스"
17:00,131,6756247787,"디지몬 UP"
17:00,132,6752672568,"Block Out! - Color Sort Puzzle"
17:00,133,1533248097,"앙상블스타즈!!"
17:00,134,1660850121,"대항해시대 오리진"
17:00,135,1323002999,"검은사막 모바일"
17:00,136,1166415380,"풀팟 홀덤 포커: 텍사스 홀덤, 오마하, 토너먼트"
17:00,137,1468063069,"피망 포커"
17:00,138,1347780764,"Identity V -제5인격"
17:00,139,6740899070,"플랜티스와 좀비깡패"
17:00,140,6462846417,"MLB 클러치 히트 베이스볼 26"
17:00,141,1448979486,"던전앤파이터 모바일"
17:00,142,6566177585,"나 혼자 만렙 키우기"
17:00,143,6740848451,"RF 온라인 넥스트"
17:00,144,1484468651,"Dice Dreams™ 다이스 드림"
17:00,145,6740043080,"Screwdom : 나사와 볼트 퍼즐"
17:00,146,6754373623,"소울 헌터 키우기 : 방치형 RPG"
17:00,147,1473424424,"한게임 신맞고 : 대한민국 원조 고스톱"
17:00,148,6751056652,"Pixel Flow!"
17:00,149,1616108452,"우마무스메 프리티 더비"
17:00,150,1517783697,"원신-스네즈나야 오픈"
17:00,151,6752369665,"Haunted Merge: Horror Story"
17:00,152,6502820653,"궁수의 전설2"
17:00,153,6476336847,"피망 쇼다운 홀덤 : 텍사스 홀덤, 포커, 토너먼트"
17:00,154,6444598069,"나이트 크로우"
17:00,155,1628970855,"AFK: 새로운 여정"
17:00,156,6757722046,"Butcher hero: hook'n'chew RPG"
17:00,157,1556357398,"Pikmin Bloom"
17:00,158,1473903308,"명일방주"
17:00,159,6749132002,"빠지냥! (Drop the Cat)"
17:00,160,6754593077,"이환"
17:00,161,880047117,"앵그리버드 2 (Angry Birds 2)"
17:00,162,1241893973,"페이트/그랜드 오더"
17:00,163,6760743106,"천마지만 삼국지에서 무쌍중입니다"
17:00,164,6483053853,"로드나인"
17:00,165,6762268182,"Z 루트: 리뎀션"
17:00,166,6450363898,"콜 오브 드래곤즈"
17:00,167,6474961936,"레이싱 마스터"
17:00,168,6754012129,"우와 모험단"
17:00,169,6444112366,"Limbus Company"
17:00,170,1554247785,"Yu-Gi-Oh! Master Duel"
17:00,171,1598881852,"프로젝트 세카이 컬러풀 스테이지! feat.하츠네 미쿠"
17:00,172,6740189002,"갤럭시 디펜스(Galaxy Defense)"
17:00,173,1571873795,"블루 아카이브"
17:00,174,6779167923,"Colony Flow!"
17:00,175,6737500275,"I9: 인페르노 나인"
17:00,176,1156321059,"프렌즈팝콘"
17:00,177,6738109752,"타일 서바이벌"
17:00,178,943690848,"ONE PIECE TREASURE CRUISE"
17:00,179,1492005122,"디아블로 이모탈"
17:00,180,6737874398,"Merge Fashion: Romance Story"
17:00,181,6754965520,"로그 레전드: 로그라이크 RPG"
17:00,182,6741889270,"픽셀 법사 키우기 : 방치형 RPG"
17:00,183,6746328263,"Castle Busters"
17:00,184,6466373096,"동글동글 거위헬스장"
17:00,185,6760125313,"희비전 리버스"
17:00,186,6761979765,"여전사 키우기 : 듀얼 방치형"
17:00,187,1297870337,"라그나로크M: ETERNAL LOVE"
17:00,188,557468499,"아이러브커피"
17:00,189,6467117398,"버섯커 키우기"
17:00,190,852912420,"서머너즈 워 X 장송의 프리렌"
17:00,191,806077016,"War Robots: 멀티플레이어 게임"
17:00,192,6443760593,"좀비 웨이브스"
17:00,193,6758072393,"추락한 아름다움: 머지&스토리"
17:00,194,6733247800,"Voidpet 던전"
17:00,195,6741503079,"Pokémon Champions"
17:00,196,1475474300,"AFK 아레나"
17:00,197,1481802531,"이사만루26"
17:00,198,646315802,"모두의마블"
17:00,199,1059665257,"MLB 9이닝스 26"
17:00,200,1474599374,"라이즈 오브 킹덤즈"
18:30,1,6749251466,"쿠키런 키우기 - 쿠키런: 크럼블"
18:30,2,6443575749,"WOS: 화이트아웃 서바이벌"
18:30,3,6739554056,"킹샷:Kingshot"
18:30,4,1623318294,"가십하버: 합성 & 스토리 게임"
18:30,5,6739616715,"메이플 키우기"
18:30,6,6482291732,"운빨존많겜"
18:30,7,1474589366,"리니지M"
18:30,8,1273957743,"EA SPORTS FC Online M"
18:30,9,1482155847,"로얄 매치 (Royal Match)"
18:30,10,1478371252,"FC 모바일"
18:30,11,1458848044,"컴투스프로야구V26"
18:30,12,1366526331,"배틀그라운드"
18:30,13,6448786147,"라스트 워: 서바이벌"
18:30,14,1105855019,"Gardenscapes"
18:30,15,6471045672,"테이스티 트레블: 합성 게임"
18:30,16,6443755785,"씨사이드 익스케이프: 합성 & 스토리 게임"
18:30,17,6503702666,"협타디: 협동 타워 디펜스"
18:30,18,1117270703,"eFootball™"
18:30,19,6748004690,"SOL: enchant"
18:30,20,6762442041,"열혈강호: 넥스트"
18:30,21,1133463693,"메이플스토리M"
18:30,22,947258826,"마피아42"
18:30,23,1441742921,"마비노기 모바일"
18:30,24,1094591345,"Pokémon GO"
18:30,25,1471942989,"한게임 섯다&맞고"
18:30,26,6756989323,"라스트 어사일럼: 페스트"
18:30,27,1195621598,"Homescapes: Match 3 Games"
18:30,28,1229016807,"브롤스타즈"
18:30,29,6475033368,"명조:워더링 웨이브 - 현방 지계를 향하여"
18:30,30,6758200096,"라그나로크M: Classic"
18:30,31,1606356401,"젠레스 존 제로 - 주년 기념"
18:30,32,1585915174,"승리의 여신: 니케"
18:30,33,6618142292,"핫레스토랑: 머지&쿠킹"
18:30,34,6499562253,"드래곤빌리지3"
18:30,35,1643509748,"머지 쿠킹 테마 레스토랑（Merge Cooking）"
18:30,36,1471486284,"한게임 포커"
18:30,37,1128255542,"리니지M(12)"
18:30,38,1507872328,"WPL : 홀덤, 토너먼트, 오마하, 올인폴드, 픽앤고"
18:30,39,638689075,"꿈의 마을 (Township)"
18:30,40,898986747,"좀비고등학교"
18:30,41,6737408689,"스톤에이지 키우기"
18:30,42,1466736988,"카트라이더 러쉬플러스"
18:30,43,553834731,"캔디크러쉬사가"
18:30,44,6503603603,"미스터리 타운: 합성 게임 (Mystery Town)"
18:30,45,6740026253,"오피스 퀸 키우기"
18:30,46,6475757306,"Disney Solitaire 디즈니 솔리테어"
18:30,47,1606549505,"로얄 킹덤 (Royal Kingdom)"
18:30,48,1521236603,"Travel Town - 결합 어드벤처"
18:30,49,6751222389,"NBA 덩크 시티"
18:30,50,1599719154,"붕괴: 스타레일"
18:30,51,6746636289,"Forge Master – Idle RPG"
18:30,52,6443477650,"한게임 로얄홀덤"
18:30,53,1509450845,"쿠키런: 킹덤"
18:30,54,6479595079,"세븐나이츠 리버스"
18:30,55,6755455500,"할리우드 머지"
18:30,56,963067330,"쿠키런: 오븐브레이크"
18:30,57,848091833,"냥코 대전쟁"
18:30,58,6746465127,"세포 특공대 - 전략형 타워 디펜스"
18:30,59,1520354659,"오딘: 발할라 라이징"
18:30,60,6450174109,"창세기전 모바일 - 서풍의 광시곡"
18:30,61,6757381033,"2026 프로야구GO!"
18:30,62,6751086804,"그놈은 드래곤"
18:30,63,6759822089,"오늘의 꽃 : 진짜 꽃을 키우는 게임"
18:30,64,6759914688,"냥찍 히어로즈 : 방치형 RPG"
18:30,65,1480616990,"리그 오브 레전드: 와일드 리프트"
18:30,66,6475925341,"주술회전 팬텀 퍼레이드"
18:30,67,6446516059,"캣 히어로 : 방치형 RPG"
18:30,68,1582390510,"한게임포커 클래식 - 7포커 홀덤 섯다 훌라 슬롯"
18:30,69,6503272652,"라스트 Z: 서바이벌 슈터"
18:30,70,6738163891,"뱀피르"
18:30,71,6752642477,"명일방주: 엔드필드"
18:30,72,1470173983,"AION2"
18:30,73,6746151928,"두근두근타운"
18:30,74,6776989094,"블라이트 워 : 방치형 RPG"
18:30,75,1376515087,"Age of Origins:Tower Defense"
18:30,76,1160056295,"모바일 레전드: Bang Bang"
18:30,77,6754679035,"히어로 랜드M"
18:30,78,1053012308,"클래시 로얄 (Clash Royale)"
18:30,79,6753862216,"푸드스타（Foodstars）: 합쳐서 요리하기"
18:30,80,6457256716,"Total Football - 2026 북중미 시즌"
18:30,81,6757360957,"삼국지: 천하결전"
18:30,82,6746192853,"변신 키우기"
18:30,83,6737595599,"파운데이션: 우주 전선"
18:30,84,664575829,"피쉬돔 (Fishdom)"
18:30,85,1483058899,"Project Makeover"
18:30,86,6764201639,"총잡이 고양이 - 방치형 키우기"
18:30,87,1478227443,"리니지2M"
18:30,88,6752886832,"호텔 레거시"
18:30,89,6754229264,"임진왜란: 조선의 반격"
18:30,90,6749302379,"동방 찻집"
18:30,91,479516143,"Minecraft 온라인으로 친구들과 함께 플레이하세요"
18:30,92,6756558621,"킹덤2: 타오르는 전장"
18:30,93,1176027022,"Toon Blast"
18:30,94,1458568643,"피망 뉴맞고 : 고스톱으로 대한민국 1등"
18:30,95,1580691683,"MLB 9이닝스 라이벌 26"
18:30,96,529479190,"클래시 오브 클랜"
18:30,97,6761749975,"토이 삼국"
18:30,98,1635712706,"슬레이어 키우기"
18:30,99,6786589102,"티니핑 매직 매치"
18:30,100,6670441558,"Dark War:Survival"
18:30,101,1516727770,"마구마구 2026: 풀체인지"
18:30,102,6760754315,"꿈의 여행자: 별빛 여정"
18:30,103,6736896540,"헬로키티 마이 드림 스토어"
18:30,104,608808713,"쿠키런"
18:30,105,6762203850,"바르디안: Vardian"
18:30,106,6749759672,"산너머 도원마을"
18:30,107,6755585789,"템빨용사: 픽셀 아이템 머지 RPG"
18:30,108,880551258,"컴투스프로야구2026"
18:30,109,1528941310,"탕탕특공대"
18:30,110,1480616748,"전략적 팀 전투: 리그 오브 레전드 전략 게임"
18:30,111,6740621218,"갓깨비 키우기"
18:30,112,6472396866,"연운"
18:30,113,6443824730,"트릭컬 리바이브"
18:30,114,6756058501,"젤리 버스터즈: 퍼즐 게임"
18:30,115,6767834940,"탑 로드"
18:30,116,6760822948,"더 코지 플로리스트"
18:30,117,6444043291,"Domino Dreams™"
18:30,118,6449023119,"리버스: 1999"
18:30,119,6504332779,"Color Block Jam"
18:30,120,6740966864,"딸깍 다이스"
18:30,121,6756641249,"hololive Dreams"
18:30,122,6767155768,"현상금 해적단 키우기"
18:30,123,1484442152,"머지 맨션: 퍼즐과 스토리"
18:30,124,1597760047,"OneState RP: 온라인 롤플레잉"
18:30,125,6479970832,"포켓몬 카드 게임 Pocket"
18:30,126,6478943981,"뮤 모나크2"
18:30,127,6450953550,"탑 히어로즈: 영웅의 시대"
18:30,128,955705796,"MARVEL 퓨처파이트"
18:30,129,6747957875,"Family Go! - 대를 잇는 인생 시뮬레이션"
18:30,130,6747024269,"기어몬: 타워 디펜스"
18:30,131,6756247787,"디지몬 UP"
18:30,132,6752672568,"Block Out! - Color Sort Puzzle"
18:30,133,1533248097,"앙상블스타즈!!"
18:30,134,1660850121,"대항해시대 오리진"
18:30,135,1323002999,"검은사막 모바일"
18:30,136,1166415380,"풀팟 홀덤 포커: 텍사스 홀덤, 오마하, 토너먼트"
18:30,137,1468063069,"피망 포커"
18:30,138,1347780764,"Identity V -제5인격"
18:30,139,6740899070,"플랜티스와 좀비깡패"
18:30,140,6462846417,"MLB 클러치 히트 베이스볼 26"
18:30,141,1448979486,"던전앤파이터 모바일"
18:30,142,6566177585,"나 혼자 만렙 키우기"
18:30,143,6740848451,"RF 온라인 넥스트"
18:30,144,1484468651,"Dice Dreams™ 다이스 드림"
18:30,145,6740043080,"Screwdom : 나사와 볼트 퍼즐"
18:30,146,6754373623,"소울 헌터 키우기 : 방치형 RPG"
18:30,147,1473424424,"한게임 신맞고 : 대한민국 원조 고스톱"
18:30,148,6751056652,"Pixel Flow!"
18:30,149,1616108452,"우마무스메 프리티 더비"
18:30,150,1517783697,"원신-스네즈나야 오픈"
18:30,151,6752369665,"Haunted Merge: Horror Story"
18:30,152,6502820653,"궁수의 전설2"
18:30,153,6476336847,"피망 쇼다운 홀덤 : 텍사스 홀덤, 포커, 토너먼트"
18:30,154,6444598069,"나이트 크로우"
18:30,155,1628970855,"AFK: 새로운 여정"
18:30,156,6757722046,"Butcher hero: hook'n'chew RPG"
18:30,157,1556357398,"Pikmin Bloom"
18:30,158,1473903308,"명일방주"
18:30,159,6749132002,"빠지냥! (Drop the Cat)"
18:30,160,6754593077,"이환"
18:30,161,880047117,"앵그리버드 2 (Angry Birds 2)"
18:30,162,1241893973,"페이트/그랜드 오더"
18:30,163,6760743106,"천마지만 삼국지에서 무쌍중입니다"
18:30,164,6483053853,"로드나인"
18:30,165,6762268182,"Z 루트: 리뎀션"
18:30,166,6450363898,"콜 오브 드래곤즈"
18:30,167,6474961936,"레이싱 마스터"
18:30,168,6754012129,"우와 모험단"
18:30,169,6444112366,"Limbus Company"
18:30,170,1554247785,"Yu-Gi-Oh! Master Duel"
18:30,171,1598881852,"프로젝트 세카이 컬러풀 스테이지! feat.하츠네 미쿠"
18:30,172,6740189002,"갤럭시 디펜스(Galaxy Defense)"
18:30,173,1571873795,"블루 아카이브"
18:30,174,6779167923,"Colony Flow!"
18:30,175,6737500275,"I9: 인페르노 나인"
18:30,176,1156321059,"프렌즈팝콘"
18:30,177,6738109752,"타일 서바이벌"
18:30,178,943690848,"ONE PIECE TREASURE CRUISE"
18:30,179,1492005122,"디아블로 이모탈"
18:30,180,6737874398,"Merge Fashion: Romance Story"
18:30,181,6754965520,"로그 레전드: 로그라이크 RPG"
18:30,182,6741889270,"픽셀 법사 키우기 : 방치형 RPG"
18:30,183,6746328263,"Castle Busters"
18:30,184,6466373096,"동글동글 거위헬스장"
18:30,185,6760125313,"희비전 리버스"
18:30,186,6761979765,"여전사 키우기 : 듀얼 방치형"
18:30,187,1297870337,"라그나로크M: ETERNAL LOVE"
18:30,188,557468499,"아이러브커피"
18:30,189,6467117398,"버섯커 키우기"
18:30,190,852912420,"서머너즈 워 X 장송의 프리렌"
18:30,191,806077016,"War Robots: 멀티플레이어 게임"
18:30,192,6443760593,"좀비 웨이브스"
18:30,193,6758072393,"추락한 아름다움: 머지&스토리"
18:30,194,6733247800,"Voidpet 던전"
18:30,195,6741503079,"Pokémon Champions"
18:30,196,1475474300,"AFK 아레나"
18:30,197,1481802531,"이사만루26"
18:30,198,646315802,"모두의마블"
18:30,199,1059665257,"MLB 9이닝스 26"
18:30,200,1474599374,"라이즈 오브 킹덤즈"
